ISO-10303-21;
HEADER;
/* Generated by software containing ST-Developer
 * from STEP Tools, Inc. (www.steptools.com) 
 */
/* OPTION: using custom renumber hook */

FILE_DESCRIPTION(
/* description */ ('STEP AP214',
'CAx-IF Rec.Pracs.---User Defined Attributes---1.5---2016-08-15'),
/* implementation_level */ '2;1');

FILE_NAME(
/* name */ '6a65b53948685660edb6d79c',
/* time_stamp */ '2026-07-26T07:20:25Z',
/* author */ (''),
/* organization */ (''),
/* preprocessor_version */ 'ST-DEVELOPER v20',
/* originating_system */ 'ONSHAPE BY PTC INC, 1.218',
/* authorisation */ '  ');

FILE_SCHEMA (('AUTOMOTIVE_DESIGN {1 0 10303 214 3 1 1}'));
ENDSEC;

DATA;
#10=PROPERTY_DEFINITION_REPRESENTATION(#14,#12);
#11=PROPERTY_DEFINITION_REPRESENTATION(#15,#13);
#12=REPRESENTATION('',(#16),#11040);
#13=REPRESENTATION('',(#17),#11040);
#14=PROPERTY_DEFINITION('pmi validation property','',#11045);
#15=PROPERTY_DEFINITION('pmi validation property','',#11045);
#16=VALUE_REPRESENTATION_ITEM('number of annotations',COUNT_MEASURE(0.));
#17=VALUE_REPRESENTATION_ITEM('number of views',COUNT_MEASURE(0.));
#18=SHAPE_REPRESENTATION_RELATIONSHIP('','',#1979,#19);
#19=ADVANCED_BREP_SHAPE_REPRESENTATION('',(#1977),#11040);
#20=TOROIDAL_SURFACE('',#2051,0.0071,0.001);
#21=TOROIDAL_SURFACE('',#2115,0.0126,0.001);
#22=CYLINDRICAL_SURFACE('',#2049,0.0062);
#23=CYLINDRICAL_SURFACE('',#2052,0.0185);
#24=CYLINDRICAL_SURFACE('',#2086,0.00075);
#25=CYLINDRICAL_SURFACE('',#2087,0.00075);
#26=CYLINDRICAL_SURFACE('',#2088,0.00075);
#27=CYLINDRICAL_SURFACE('',#2089,0.00075);
#28=CYLINDRICAL_SURFACE('',#2090,0.014);
#29=CYLINDRICAL_SURFACE('',#2097,0.0116);
#30=CYLINDRICAL_SURFACE('',#2137,0.022);
#31=CYLINDRICAL_SURFACE('',#2138,0.022);
#32=CYLINDRICAL_SURFACE('',#2139,0.022);
#33=CYLINDRICAL_SURFACE('',#2140,0.022);
#34=CYLINDRICAL_SURFACE('',#2141,0.022);
#35=CYLINDRICAL_SURFACE('',#2142,0.022);
#36=CYLINDRICAL_SURFACE('',#2143,0.022);
#37=CYLINDRICAL_SURFACE('',#2144,0.022);
#38=CYLINDRICAL_SURFACE('',#2145,0.022);
#39=CYLINDRICAL_SURFACE('',#2146,0.022);
#40=CYLINDRICAL_SURFACE('',#2147,0.022);
#41=CYLINDRICAL_SURFACE('',#2148,0.022);
#42=CYLINDRICAL_SURFACE('',#2149,0.022);
#43=CYLINDRICAL_SURFACE('',#2150,0.022);
#44=CYLINDRICAL_SURFACE('',#2151,0.022);
#45=CYLINDRICAL_SURFACE('',#2152,0.022);
#46=CYLINDRICAL_SURFACE('',#2153,0.022);
#47=CYLINDRICAL_SURFACE('',#2154,0.022);
#48=CYLINDRICAL_SURFACE('',#2155,0.022);
#49=CYLINDRICAL_SURFACE('',#2156,0.022);
#50=LINE('',#10634,#124);
#51=LINE('',#10637,#125);
#52=LINE('',#10639,#126);
#53=LINE('',#10641,#127);
#54=LINE('',#10642,#128);
#55=LINE('',#10645,#129);
#56=LINE('',#10647,#130);
#57=LINE('',#10649,#131);
#58=LINE('',#10650,#132);
#59=LINE('',#10653,#133);
#60=LINE('',#10655,#134);
#61=LINE('',#10657,#135);
#62=LINE('',#10669,#136);
#63=LINE('',#10674,#137);
#64=LINE('',#10677,#138);
#65=LINE('',#10682,#139);
#66=LINE('',#10685,#140);
#67=LINE('',#10690,#141);
#68=LINE('',#10693,#142);
#69=LINE('',#10698,#143);
#70=LINE('',#10750,#144);
#71=LINE('',#10754,#145);
#72=LINE('',#10756,#146);
#73=LINE('',#10758,#147);
#74=LINE('',#10760,#148);
#75=LINE('',#10764,#149);
#76=LINE('',#10766,#150);
#77=LINE('',#10770,#151);
#78=LINE('',#10772,#152);
#79=LINE('',#10774,#153);
#80=LINE('',#10776,#154);
#81=LINE('',#10780,#155);
#82=LINE('',#10782,#156);
#83=LINE('',#10786,#157);
#84=LINE('',#10788,#158);
#85=LINE('',#10790,#159);
#86=LINE('',#10792,#160);
#87=LINE('',#10796,#161);
#88=LINE('',#10798,#162);
#89=LINE('',#10802,#163);
#90=LINE('',#10804,#164);
#91=LINE('',#10806,#165);
#92=LINE('',#10808,#166);
#93=LINE('',#10812,#167);
#94=LINE('',#10882,#168);
#95=LINE('',#10884,#169);
#96=LINE('',#10885,#170);
#97=LINE('',#10887,#171);
#98=LINE('',#10889,#172);
#99=LINE('',#10891,#173);
#100=LINE('',#10893,#174);
#101=LINE('',#10895,#175);
#102=LINE('',#10896,#176);
#103=LINE('',#10898,#177);
#104=LINE('',#10900,#178);
#105=LINE('',#10902,#179);
#106=LINE('',#10903,#180);
#107=LINE('',#10905,#181);
#108=LINE('',#10907,#182);
#109=LINE('',#10909,#183);
#110=LINE('',#10911,#184);
#111=LINE('',#10913,#185);
#112=LINE('',#10914,#186);
#113=LINE('',#10916,#187);
#114=LINE('',#10918,#188);
#115=LINE('',#10920,#189);
#116=LINE('',#10921,#190);
#117=LINE('',#10923,#191);
#118=LINE('',#10925,#192);
#119=LINE('',#10927,#193);
#120=LINE('',#10929,#194);
#121=LINE('',#10931,#195);
#122=LINE('',#10932,#196);
#123=LINE('',#10934,#197);
#124=VECTOR('',#2292,1.);
#125=VECTOR('',#2293,1.);
#126=VECTOR('',#2294,1.);
#127=VECTOR('',#2295,1.);
#128=VECTOR('',#2296,1.);
#129=VECTOR('',#2297,1.);
#130=VECTOR('',#2298,1.);
#131=VECTOR('',#2299,1.);
#132=VECTOR('',#2300,1.);
#133=VECTOR('',#2301,1.);
#134=VECTOR('',#2302,1.);
#135=VECTOR('',#2303,1.);
#136=VECTOR('',#2318,1.);
#137=VECTOR('',#2321,1.);
#138=VECTOR('',#2324,1.);
#139=VECTOR('',#2327,1.);
#140=VECTOR('',#2330,1.);
#141=VECTOR('',#2333,1.);
#142=VECTOR('',#2336,1.);
#143=VECTOR('',#2339,1.);
#144=VECTOR('',#2344,1.);
#145=VECTOR('',#2347,1.);
#146=VECTOR('',#2350,1.);
#147=VECTOR('',#2351,1.);
#148=VECTOR('',#2354,1.);
#149=VECTOR('',#2359,1.);
#150=VECTOR('',#2362,1.);
#151=VECTOR('',#2365,1.);
#152=VECTOR('',#2368,1.);
#153=VECTOR('',#2369,1.);
#154=VECTOR('',#2372,1.);
#155=VECTOR('',#2377,1.);
#156=VECTOR('',#2380,1.);
#157=VECTOR('',#2383,1.);
#158=VECTOR('',#2386,1.);
#159=VECTOR('',#2387,1.);
#160=VECTOR('',#2390,1.);
#161=VECTOR('',#2395,1.);
#162=VECTOR('',#2398,1.);
#163=VECTOR('',#2401,1.);
#164=VECTOR('',#2404,1.);
#165=VECTOR('',#2405,1.);
#166=VECTOR('',#2408,1.);
#167=VECTOR('',#2413,1.);
#168=VECTOR('',#2442,1.);
#169=VECTOR('',#2443,1.);
#170=VECTOR('',#2444,1.);
#171=VECTOR('',#2445,1.);
#172=VECTOR('',#2448,1.);
#173=VECTOR('',#2449,1.);
#174=VECTOR('',#2452,1.);
#175=VECTOR('',#2453,1.);
#176=VECTOR('',#2454,1.);
#177=VECTOR('',#2457,1.);
#178=VECTOR('',#2460,1.);
#179=VECTOR('',#2461,1.);
#180=VECTOR('',#2462,1.);
#181=VECTOR('',#2463,1.);
#182=VECTOR('',#2466,1.);
#183=VECTOR('',#2467,1.);
#184=VECTOR('',#2470,1.);
#185=VECTOR('',#2471,1.);
#186=VECTOR('',#2472,1.);
#187=VECTOR('',#2475,1.);
#188=VECTOR('',#2478,1.);
#189=VECTOR('',#2479,1.);
#190=VECTOR('',#2480,1.);
#191=VECTOR('',#2481,1.);
#192=VECTOR('',#2484,1.);
#193=VECTOR('',#2485,1.);
#194=VECTOR('',#2488,1.);
#195=VECTOR('',#2489,1.);
#196=VECTOR('',#2490,1.);
#197=VECTOR('',#2493,1.);
#198=PLANE('',#2044);
#199=PLANE('',#2046);
#200=PLANE('',#2062);
#201=PLANE('',#2064);
#202=PLANE('',#2065);
#203=PLANE('',#2067);
#204=PLANE('',#2068);
#205=PLANE('',#2070);
#206=PLANE('',#2071);
#207=PLANE('',#2073);
#208=PLANE('',#2074);
#209=PLANE('',#2076);
#210=PLANE('',#2077);
#211=PLANE('',#2079);
#212=PLANE('',#2080);
#213=PLANE('',#2082);
#214=PLANE('',#2083);
#215=PLANE('',#2085);
#216=PLANE('',#2099);
#217=PLANE('',#2100);
#218=PLANE('',#2101);
#219=PLANE('',#2102);
#220=PLANE('',#2103);
#221=PLANE('',#2104);
#222=PLANE('',#2105);
#223=PLANE('',#2106);
#224=PLANE('',#2107);
#225=PLANE('',#2108);
#226=PLANE('',#2109);
#227=PLANE('',#2110);
#228=PLANE('',#2111);
#229=PLANE('',#2112);
#230=PLANE('',#2113);
#231=PLANE('',#2114);
#232=PLANE('',#2157);
#233=B_SPLINE_CURVE_WITH_KNOTS('',3,(#2930,#2931,#2932,#2933,#2934,#2935,
#2936,#2937,#2938,#2939,#2940,#2941,#2942,#2943,#2944,#2945,#2946,#2947,
#2948,#2949,#2950),.UNSPECIFIED.,.F.,.F.,(4,1,1,1,1,1,1,1,1,1,1,1,1,1,1,
1,1,1,4),(4.09133713542521E-18,0.00160232759728986,0.00240349139593479,
0.00320465519457971,0.00400581899322464,0.00480698279186957,0.00520756469119203,
0.0056081465905145,0.00600872848983696,0.00640931038915942,0.00680989228848189,
0.00721047418780435,0.00761105608712682,0.00801163798644928,0.00881280178509421,
0.00961396558373914,0.0104151293823841,0.011216293181029,0.0128186207783188),
 .UNSPECIFIED.);
#234=B_SPLINE_CURVE_WITH_KNOTS('',3,(#2953,#2954,#2955,#2956),
 .UNSPECIFIED.,.F.,.F.,(4,4),(4.92566781269018E-18,0.00121657479236779),
 .UNSPECIFIED.);
#235=B_SPLINE_CURVE_WITH_KNOTS('',3,(#2958,#2959,#2960,#2961),
 .UNSPECIFIED.,.F.,.F.,(4,4),(3.70537096895902E-18,0.00022479568899693),
 .UNSPECIFIED.);
#236=B_SPLINE_CURVE_WITH_KNOTS('',3,(#2963,#2964,#2965,#2966,#2967,#2968,
#2969,#2970,#2971,#2972,#2973,#2974,#2975,#2976,#2977,#2978,#2979,#2980),
 .UNSPECIFIED.,.F.,.F.,(4,1,1,1,1,1,1,1,1,1,1,1,1,1,1,4),(1.30104260698261E-18,
0.00132407960152764,0.00198611940229146,0.00264815920305528,0.00331019900381909,
0.00397223880458291,0.00463427860534673,0.00496529850572864,0.00529631840611055,
0.00595835820687437,0.00662039800763819,0.00728243780840201,0.00794447760916583,
0.00860651740992965,0.00926855721069346,0.0105926368122211),
 .UNSPECIFIED.);
#237=B_SPLINE_CURVE_WITH_KNOTS('',3,(#2982,#2983,#2984,#2985),
 .UNSPECIFIED.,.F.,.F.,(4,4),(0.,0.000224795688996826),.UNSPECIFIED.);
#238=B_SPLINE_CURVE_WITH_KNOTS('',3,(#2987,#2988,#2989,#2990),
 .UNSPECIFIED.,.F.,.F.,(4,4),(4.92566781269018E-18,0.00121657479239244),
 .UNSPECIFIED.);
#239=B_SPLINE_CURVE_WITH_KNOTS('',3,(#3327,#3328,#3329,#3330,#3331,#3332,
#3333,#3334,#3335,#3336,#3337,#3338,#3339,#3340,#3341,#3342,#3343,#3344,
#3345,#3346,#3347),.UNSPECIFIED.,.F.,.F.,(4,1,1,1,1,1,1,1,1,1,1,1,1,1,1,
1,1,1,4),(8.67361737988404E-18,0.00160232759727817,0.00240349139591725,
0.00320465519455633,0.0040058189931954,0.00480698279183448,0.00520756469115402,
0.00560814659047356,0.0060087284897931,0.00640931038911264,0.00680989228843218,
0.00721047418775172,0.00761105608707126,0.0080116379863908,0.00881280178502988,
0.00961396558366896,0.010415129382308,0.0112162931809471,0.0128186207782253),
 .UNSPECIFIED.);
#240=B_SPLINE_CURVE_WITH_KNOTS('',3,(#3350,#3351,#3352,#3353),
 .UNSPECIFIED.,.F.,.F.,(4,4),(0.00140075680690548,0.00261733159911133),
 .UNSPECIFIED.);
#241=B_SPLINE_CURVE_WITH_KNOTS('',3,(#3355,#3356,#3357,#3358),
 .UNSPECIFIED.,.F.,.F.,(4,4),(3.42140949657136E-17,0.000224795689001986),
 .UNSPECIFIED.);
#242=B_SPLINE_CURVE_WITH_KNOTS('',3,(#3360,#3361,#3362,#3363,#3364,#3365,
#3366,#3367,#3368,#3369,#3370,#3371,#3372,#3373,#3374,#3375,#3376,#3377),
 .UNSPECIFIED.,.F.,.F.,(4,1,1,1,1,1,1,1,1,1,1,1,1,1,1,4),(0.00518831042353109,
0.00652151892037861,0.00718812316880237,0.00785472741722613,0.00852133166564989,
0.00918793591407365,0.00985454016249741,0.0101878422867093,0.0105211444109212,
0.0111877486593449,0.0118543529077687,0.0125209571561924,0.0131875614046162,
0.01385416565304,0.0145207699014637,0.0158539783983112),.UNSPECIFIED.);
#243=B_SPLINE_CURVE_WITH_KNOTS('',3,(#3379,#3380,#3381,#3382),
 .UNSPECIFIED.,.F.,.F.,(4,4),(8.67361737988404E-19,0.000224795688996778),
 .UNSPECIFIED.);
#244=B_SPLINE_CURVE_WITH_KNOTS('',3,(#3384,#3385,#3386,#3387),
 .UNSPECIFIED.,.F.,.F.,(4,4),(0.00254601197493573,0.00376258676700228),
 .UNSPECIFIED.);
#245=B_SPLINE_CURVE_WITH_KNOTS('',3,(#3724,#3725,#3726,#3727,#3728,#3729,
#3730,#3731,#3732,#3733,#3734,#3735,#3736,#3737,#3738,#3739,#3740,#3741,
#3742,#3743,#3744),.UNSPECIFIED.,.F.,.F.,(4,1,1,1,1,1,1,1,1,1,1,1,1,1,1,
1,1,1,4),(1.73472347597681E-18,0.00160232759729762,0.00240349139594642,
0.00320465519459523,0.00400581899324404,0.00480698279189285,0.00520756469121725,
0.00560814659054165,0.00600872848986606,0.00640931038919046,0.00680989228851486,
0.00721047418783927,0.00761105608716367,0.00801163798648808,0.00881280178513688,
0.00961396558378569,0.0104151293824345,0.0112162931810833,0.0128186207783809),
 .UNSPECIFIED.);
#246=B_SPLINE_CURVE_WITH_KNOTS('',3,(#3747,#3748,#3749,#3750),
 .UNSPECIFIED.,.F.,.F.,(4,4),(0.00261733159876768,0.00383390639113178),
 .UNSPECIFIED.);
#247=B_SPLINE_CURVE_WITH_KNOTS('',3,(#3752,#3753,#3754,#3755),
 .UNSPECIFIED.,.F.,.F.,(4,4),(2.61937500692045E-17,0.000224795689001988),
 .UNSPECIFIED.);
#248=B_SPLINE_CURVE_WITH_KNOTS('',3,(#3757,#3758,#3759,#3760,#3761,#3762,
#3763,#3764,#3765,#3766,#3767,#3768,#3769,#3770,#3771,#3772,#3773,#3774),
 .UNSPECIFIED.,.F.,.F.,(4,1,1,1,1,1,1,1,1,1,1,1,1,1,1,4),(0.00518831042353187,
0.00652151892037944,0.00718812316880323,0.00785472741722701,0.0085213316656508,
0.00918793591407458,0.00985454016249837,0.0101878422867103,0.0105211444109222,
0.0111877486593459,0.0118543529077697,0.0125209571561935,0.0131875614046173,
0.0138541656530411,0.0145207699014649,0.0158539783983124),.UNSPECIFIED.);
#249=B_SPLINE_CURVE_WITH_KNOTS('',3,(#3776,#3777,#3778,#3779),
 .UNSPECIFIED.,.F.,.F.,(4,4),(0.,0.000224795688996778),.UNSPECIFIED.);
#250=B_SPLINE_CURVE_WITH_KNOTS('',3,(#3781,#3782,#3783,#3784),
 .UNSPECIFIED.,.F.,.F.,(4,4),(0.00254601197494036,0.0037625867670069),
 .UNSPECIFIED.);
#251=B_SPLINE_CURVE_WITH_KNOTS('',3,(#4121,#4122,#4123,#4124,#4125,#4126,
#4127,#4128,#4129,#4130,#4131,#4132,#4133,#4134,#4135,#4136,#4137,#4138,
#4139,#4140,#4141),.UNSPECIFIED.,.F.,.F.,(4,1,1,1,1,1,1,1,1,1,1,1,1,1,1,
1,1,1,4),(3.46944695195361E-18,0.00160232759729047,0.0024034913959357,0.00320465519458094,
0.00400581899322617,0.0048069827918714,0.00520756469119402,0.00560814659051664,
0.00600872848983925,0.00640931038916187,0.00680989228848449,0.0072104741878071,
0.00761105608712972,0.00801163798645234,0.00881280178509757,0.0096139655837428,
0.010415129382388,0.0112162931810333,0.0128186207783237),.UNSPECIFIED.);
#252=B_SPLINE_CURVE_WITH_KNOTS('',3,(#4144,#4145,#4146,#4147),
 .UNSPECIFIED.,.F.,.F.,(4,4),(0.00261733159875931,0.00383390639112344),
 .UNSPECIFIED.);
#253=B_SPLINE_CURVE_WITH_KNOTS('',3,(#4149,#4150,#4151,#4152),
 .UNSPECIFIED.,.F.,.F.,(4,4),(3.87895961444886E-18,0.000224795688996889),
 .UNSPECIFIED.);
#254=B_SPLINE_CURVE_WITH_KNOTS('',3,(#4154,#4155,#4156,#4157,#4158,#4159,
#4160,#4161,#4162,#4163,#4164,#4165,#4166,#4167,#4168,#4169,#4170,#4171),
 .UNSPECIFIED.,.F.,.F.,(4,1,1,1,1,1,1,1,1,1,1,1,1,1,1,4),(0.00518831042352452,
0.00652151892037257,0.0071881231687966,0.00785472741722062,0.00852133166564465,
0.00918793591406867,0.0098545401624927,0.0101878422867047,0.0105211444109167,
0.0111877486593408,0.0118543529077648,0.0125209571561888,0.0131875614046128,
0.0138541656530369,0.0145207699014609,0.0158539783983089),.UNSPECIFIED.);
#255=B_SPLINE_CURVE_WITH_KNOTS('',3,(#4173,#4174,#4175,#4176),
 .UNSPECIFIED.,.F.,.F.,(4,4),(3.87895961444886E-18,0.00022479568899677),
 .UNSPECIFIED.);
#256=B_SPLINE_CURVE_WITH_KNOTS('',3,(#4178,#4179,#4180,#4181),
 .UNSPECIFIED.,.F.,.F.,(4,4),(0.00254601197494019,0.00376258676700677),
 .UNSPECIFIED.);
#257=B_SPLINE_CURVE_WITH_KNOTS('',3,(#4518,#4519,#4520,#4521,#4522,#4523,
#4524,#4525,#4526,#4527,#4528,#4529,#4530,#4531,#4532,#4533,#4534,#4535,
#4536,#4537,#4538),.UNSPECIFIED.,.F.,.F.,(4,1,1,1,1,1,1,1,1,1,1,1,1,1,1,
1,1,1,4),(3.46944695195361E-18,0.00160232759728581,0.00240349139592871,
0.00320465519457162,0.00400581899321452,0.00480698279185742,0.00520756469117888,
0.00560814659050033,0.00600872848982178,0.00640931038914323,0.00680989228846468,
0.00721047418778614,0.00761105608710759,0.00801163798642904,0.00881280178507194,
0.00961396558371485,0.0104151293823578,0.0112162931810007,0.0128186207782865),
 .UNSPECIFIED.);
#258=B_SPLINE_CURVE_WITH_KNOTS('',3,(#4541,#4542,#4543,#4544),
 .UNSPECIFIED.,.F.,.F.,(4,4),(0.00261733159875008,0.00383390639111419),
 .UNSPECIFIED.);
#259=B_SPLINE_CURVE_WITH_KNOTS('',3,(#4546,#4547,#4548,#4549),
 .UNSPECIFIED.,.F.,.F.,(4,4),(2.69998995665901E-17,0.00022479568900199),
 .UNSPECIFIED.);
#260=B_SPLINE_CURVE_WITH_KNOTS('',3,(#4551,#4552,#4553,#4554,#4555,#4556,
#4557,#4558,#4559,#4560,#4561,#4562,#4563,#4564,#4565,#4566,#4567,#4568),
 .UNSPECIFIED.,.F.,.F.,(4,1,1,1,1,1,1,1,1,1,1,1,1,1,1,4),(0.00518831042352365,
0.00652151892037088,0.0071881231687945,0.00785472741721812,0.00852133166564174,
0.00918793591406536,0.00985454016248897,0.0101878422867008,0.0105211444109126,
0.0111877486593362,0.0118543529077598,0.0125209571561834,0.0131875614046071,
0.0138541656530307,0.0145207699014543,0.0158539783983015),.UNSPECIFIED.);
#261=B_SPLINE_CURVE_WITH_KNOTS('',3,(#4570,#4571,#4572,#4573),
 .UNSPECIFIED.,.F.,.F.,(4,4),(0.,0.000224795688996824),.UNSPECIFIED.);
#262=B_SPLINE_CURVE_WITH_KNOTS('',3,(#4575,#4576,#4577,#4578),
 .UNSPECIFIED.,.F.,.F.,(4,4),(0.00254601197492401,0.00376258676699055),
 .UNSPECIFIED.);
#263=B_SPLINE_CURVE_WITH_KNOTS('',3,(#4915,#4916,#4917,#4918,#4919,#4920,
#4921,#4922,#4923,#4924,#4925,#4926,#4927,#4928,#4929,#4930,#4931,#4932,
#4933,#4934,#4935),.UNSPECIFIED.,.F.,.F.,(4,1,1,1,1,1,1,1,1,1,1,1,1,1,1,
1,1,1,4),(0.,0.00160232759729538,0.00240349139594307,0.00320465519459076,
0.00400581899323845,0.00480698279188614,0.00520756469120998,0.00560814659053383,
0.00600872848985767,0.00640931038918151,0.00680989228850536,0.0072104741878292,
0.00761105608715305,0.00801163798647689,0.00881280178512458,0.00961396558377227,
0.01041512938242,0.0112162931810677,0.012818620778363),.UNSPECIFIED.);
#264=B_SPLINE_CURVE_WITH_KNOTS('',3,(#4938,#4939,#4940,#4941),
 .UNSPECIFIED.,.F.,.F.,(4,4),(0.00261733159876595,0.00383390639113005),
 .UNSPECIFIED.);
#265=B_SPLINE_CURVE_WITH_KNOTS('',3,(#4943,#4944,#4945,#4946),
 .UNSPECIFIED.,.F.,.F.,(4,4),(0.,0.000224795688996926),.UNSPECIFIED.);
#266=B_SPLINE_CURVE_WITH_KNOTS('',3,(#4948,#4949,#4950,#4951,#4952,#4953,
#4954,#4955,#4956,#4957,#4958,#4959,#4960,#4961,#4962,#4963,#4964,#4965),
 .UNSPECIFIED.,.F.,.F.,(4,1,1,1,1,1,1,1,1,1,1,1,1,1,1,4),(0.00518831042352682,
0.00652151892037489,0.00718812316879893,0.00785472741722297,0.00852133166564701,
0.00918793591407105,0.00985454016249509,0.0101878422867071,0.0105211444109191,
0.0111877486593432,0.0118543529077672,0.0125209571561913,0.0131875614046153,
0.0138541656530393,0.0145207699014634,0.0158539783983115),.UNSPECIFIED.);
#267=B_SPLINE_CURVE_WITH_KNOTS('',3,(#4967,#4968,#4969,#4970),
 .UNSPECIFIED.,.F.,.F.,(4,4),(3.87895961444886E-18,0.000224795688996831),
 .UNSPECIFIED.);
#268=B_SPLINE_CURVE_WITH_KNOTS('',3,(#4972,#4973,#4974,#4975),
 .UNSPECIFIED.,.F.,.F.,(4,4),(0.00254601197492448,0.00376258676699102),
 .UNSPECIFIED.);
#269=B_SPLINE_CURVE_WITH_KNOTS('',3,(#5312,#5313,#5314,#5315,#5316,#5317,
#5318,#5319,#5320,#5321,#5322,#5323,#5324,#5325,#5326,#5327,#5328,#5329,
#5330,#5331,#5332),.UNSPECIFIED.,.F.,.F.,(4,1,1,1,1,1,1,1,1,1,1,1,1,1,1,
1,1,1,4),(1.73472347597681E-18,0.00160232759729501,0.00240349139594252,
0.00320465519459002,0.00400581899323753,0.00480698279188504,0.00520756469120879,
0.00560814659053254,0.00600872848985629,0.00640931038918005,0.0068098922885038,
0.00721047418782755,0.0076110560871513,0.00801163798647506,0.00881280178512256,
0.00961396558377007,0.0104151293824176,0.0112162931810651,0.0128186207783601),
 .UNSPECIFIED.);
#270=B_SPLINE_CURVE_WITH_KNOTS('',3,(#5335,#5336,#5337,#5338),
 .UNSPECIFIED.,.F.,.F.,(4,4),(0.00140075680690643,0.00261733159911227),
 .UNSPECIFIED.);
#271=B_SPLINE_CURVE_WITH_KNOTS('',3,(#5340,#5341,#5342,#5343),
 .UNSPECIFIED.,.F.,.F.,(4,4),(0.,0.000224795688996938),.UNSPECIFIED.);
#272=B_SPLINE_CURVE_WITH_KNOTS('',3,(#5345,#5346,#5347,#5348,#5349,#5350,
#5351,#5352,#5353,#5354,#5355,#5356,#5357,#5358,#5359,#5360,#5361,#5362),
 .UNSPECIFIED.,.F.,.F.,(4,1,1,1,1,1,1,1,1,1,1,1,1,1,1,4),(0.00518831042353022,
0.00652151892037842,0.00718812316880251,0.00785472741722661,0.00852133166565071,
0.0091879359140748,0.0098545401624989,0.0101878422867109,0.010521144410923,
0.0111877486593471,0.0118543529077712,0.0125209571561953,0.0131875614046194,
0.0138541656530435,0.0145207699014676,0.0158539783983158),.UNSPECIFIED.);
#273=B_SPLINE_CURVE_WITH_KNOTS('',3,(#5364,#5365,#5366,#5367),
 .UNSPECIFIED.,.F.,.F.,(4,4),(8.67361737988404E-19,0.000224795688996824),
 .UNSPECIFIED.);
#274=B_SPLINE_CURVE_WITH_KNOTS('',3,(#5369,#5370,#5371,#5372),
 .UNSPECIFIED.,.F.,.F.,(4,4),(0.00254601197492683,0.00376258676699333),
 .UNSPECIFIED.);
#275=B_SPLINE_CURVE_WITH_KNOTS('',3,(#5709,#5710,#5711,#5712,#5713,#5714,
#5715,#5716,#5717,#5718,#5719,#5720,#5721,#5722,#5723,#5724,#5725,#5726,
#5727,#5728,#5729),.UNSPECIFIED.,.F.,.F.,(4,1,1,1,1,1,1,1,1,1,1,1,1,1,1,
1,1,1,4),(0.,0.00160232759729699,0.00240349139594549,0.00320465519459398,
0.00400581899324248,0.00480698279189097,0.00520756469121522,0.00560814659053947,
0.00600872848986372,0.00640931038918797,0.00680989228851221,0.00721047418783646,
0.00761105608716071,0.00801163798648496,0.00881280178513345,0.00961396558378195,
0.0104151293824304,0.0112162931810789,0.0128186207783759),.UNSPECIFIED.);
#276=B_SPLINE_CURVE_WITH_KNOTS('',3,(#5732,#5733,#5734,#5735),
 .UNSPECIFIED.,.F.,.F.,(4,4),(0.00261733159875057,0.00383390639111472),
 .UNSPECIFIED.);
#277=B_SPLINE_CURVE_WITH_KNOTS('',3,(#5737,#5738,#5739,#5740),
 .UNSPECIFIED.,.F.,.F.,(4,4),(3.46944695195361E-18,0.000224795688996925),
 .UNSPECIFIED.);
#278=B_SPLINE_CURVE_WITH_KNOTS('',3,(#5742,#5743,#5744,#5745,#5746,#5747,
#5748,#5749,#5750,#5751,#5752,#5753,#5754,#5755,#5756,#5757,#5758,#5759),
 .UNSPECIFIED.,.F.,.F.,(4,1,1,1,1,1,1,1,1,1,1,1,1,1,1,4),(0.00518831042351929,
0.00652151892036712,0.00718812316879103,0.00785472741721494,0.00852133166563885,
0.00918793591406276,0.00985454016248667,0.0101878422866986,0.0105211444109106,
0.0111877486593345,0.0118543529077584,0.0125209571561823,0.0131875614046062,
0.0138541656530301,0.014520769901454,0.0158539783983019),.UNSPECIFIED.);
#279=B_SPLINE_CURVE_WITH_KNOTS('',3,(#5761,#5762,#5763,#5764),
 .UNSPECIFIED.,.F.,.F.,(4,4),(3.87895961444886E-18,0.000224795688996832),
 .UNSPECIFIED.);
#280=B_SPLINE_CURVE_WITH_KNOTS('',3,(#5766,#5767,#5768,#5769),
 .UNSPECIFIED.,.F.,.F.,(4,4),(0.00254601197491877,0.00376258676698534),
 .UNSPECIFIED.);
#281=B_SPLINE_CURVE_WITH_KNOTS('',3,(#6106,#6107,#6108,#6109,#6110,#6111,
#6112,#6113,#6114,#6115,#6116,#6117,#6118,#6119,#6120,#6121,#6122,#6123,
#6124,#6125,#6126),.UNSPECIFIED.,.F.,.F.,(4,1,1,1,1,1,1,1,1,1,1,1,1,1,1,
1,1,1,4),(0.,0.00160232759729717,0.00240349139594575,0.00320465519459433,
0.00400581899324292,0.0048069827918915,0.00520756469121579,0.00560814659054008,
0.00600872848986437,0.00640931038918866,0.00680989228851296,0.00721047418783725,
0.00761105608716154,0.00801163798648583,0.00881280178513441,0.009613965583783,
0.0104151293824316,0.0112162931810802,0.0128186207783773),.UNSPECIFIED.);
#282=B_SPLINE_CURVE_WITH_KNOTS('',3,(#6129,#6130,#6131,#6132),
 .UNSPECIFIED.,.F.,.F.,(4,4),(0.00261733159875795,0.00383390639112206),
 .UNSPECIFIED.);
#283=B_SPLINE_CURVE_WITH_KNOTS('',3,(#6134,#6135,#6136,#6137),
 .UNSPECIFIED.,.F.,.F.,(4,4),(3.04442734473391E-17,0.000224795689001976),
 .UNSPECIFIED.);
#284=B_SPLINE_CURVE_WITH_KNOTS('',3,(#6139,#6140,#6141,#6142,#6143,#6144,
#6145,#6146,#6147,#6148,#6149,#6150,#6151,#6152,#6153,#6154,#6155,#6156),
 .UNSPECIFIED.,.F.,.F.,(4,1,1,1,1,1,1,1,1,1,1,1,1,1,1,4),(0.0051883104235455,
0.00652151892039351,0.00718812316881752,0.00785472741724153,0.00852133166566554,
0.00918793591408955,0.00985454016251356,0.0101878422867256,0.0105211444109376,
0.0111877486593616,0.0118543529077856,0.0125209571562096,0.0131875614046336,
0.0138541656530576,0.0145207699014816,0.0158539783983296),.UNSPECIFIED.);
#285=B_SPLINE_CURVE_WITH_KNOTS('',3,(#6158,#6159,#6160,#6161),
 .UNSPECIFIED.,.F.,.F.,(4,4),(3.46944695195361E-18,0.000224795688996824),
 .UNSPECIFIED.);
#286=B_SPLINE_CURVE_WITH_KNOTS('',3,(#6163,#6164,#6165,#6166),
 .UNSPECIFIED.,.F.,.F.,(4,4),(0.00254601197494444,0.00376258676701096),
 .UNSPECIFIED.);
#287=B_SPLINE_CURVE_WITH_KNOTS('',3,(#6503,#6504,#6505,#6506,#6507,#6508,
#6509,#6510,#6511,#6512,#6513,#6514,#6515,#6516,#6517,#6518,#6519,#6520,
#6521,#6522,#6523),.UNSPECIFIED.,.F.,.F.,(4,1,1,1,1,1,1,1,1,1,1,1,1,1,1,
1,1,1,4),(3.5762240613455E-18,0.00160232759728743,0.00240349139593114,0.00320465519457486,
0.00400581899321857,0.00480698279186228,0.00520756469118414,0.005608146590506,
0.00600872848982785,0.00640931038914971,0.00680989228847157,0.00721047418779342,
0.00761105608711528,0.00801163798643714,0.00881280178508085,0.00961396558372456,
0.0104151293823683,0.011216293181012,0.0128186207782994),.UNSPECIFIED.);
#288=B_SPLINE_CURVE_WITH_KNOTS('',3,(#6526,#6527,#6528,#6529),
 .UNSPECIFIED.,.F.,.F.,(4,4),(0.00261733159876117,0.00383390639112528),
 .UNSPECIFIED.);
#289=B_SPLINE_CURVE_WITH_KNOTS('',3,(#6531,#6532,#6533,#6534),
 .UNSPECIFIED.,.F.,.F.,(4,4),(2.69998995665901E-17,0.000224795689001983),
 .UNSPECIFIED.);
#290=B_SPLINE_CURVE_WITH_KNOTS('',3,(#6536,#6537,#6538,#6539,#6540,#6541,
#6542,#6543,#6544,#6545,#6546,#6547,#6548,#6549,#6550,#6551,#6552,#6553),
 .UNSPECIFIED.,.F.,.F.,(4,1,1,1,1,1,1,1,1,1,1,1,1,1,1,4),(0.00518831042352103,
0.00652151892036809,0.00718812316879162,0.00785472741721516,0.00852133166563869,
0.00918793591406222,0.00985454016248576,0.0101878422866975,0.0105211444109093,
0.0111877486593328,0.0118543529077564,0.0125209571561799,0.0131875614046034,
0.013854165653027,0.0145207699014505,0.0158539783982975),.UNSPECIFIED.);
#291=B_SPLINE_CURVE_WITH_KNOTS('',3,(#6555,#6556,#6557,#6558),
 .UNSPECIFIED.,.F.,.F.,(4,4),(3.87895961444886E-18,0.000224795688996831),
 .UNSPECIFIED.);
#292=B_SPLINE_CURVE_WITH_KNOTS('',3,(#6560,#6561,#6562,#6563),
 .UNSPECIFIED.,.F.,.F.,(4,4),(0.00254601197493794,0.00376258676700448),
 .UNSPECIFIED.);
#293=B_SPLINE_CURVE_WITH_KNOTS('',3,(#6900,#6901,#6902,#6903,#6904,#6905,
#6906,#6907,#6908,#6909,#6910,#6911,#6912,#6913,#6914,#6915,#6916,#6917,
#6918,#6919,#6920),.UNSPECIFIED.,.F.,.F.,(4,1,1,1,1,1,1,1,1,1,1,1,1,1,1,
1,1,1,4),(3.70537096895902E-18,0.00160232759727228,0.00240349139590842,
0.00320465519454456,0.0040058189931807,0.00480698279181684,0.00520756469113491,
0.00560814659045298,0.00600872848977105,0.00640931038908912,0.00680989228840719,
0.00721047418772526,0.00761105608704333,0.0080116379863614,0.00881280178499754,
0.00961396558363368,0.0104151293822698,0.011216293180906,0.0128186207781782),
 .UNSPECIFIED.);
#294=B_SPLINE_CURVE_WITH_KNOTS('',3,(#6923,#6924,#6925,#6926),
 .UNSPECIFIED.,.F.,.F.,(4,4),(0.00261733159875888,0.00383390639112905),
 .UNSPECIFIED.);
#295=B_SPLINE_CURVE_WITH_KNOTS('',3,(#6928,#6929,#6930,#6931),
 .UNSPECIFIED.,.F.,.F.,(4,4),(1.92047678328586E-17,0.000224795689000709),
 .UNSPECIFIED.);
#296=B_SPLINE_CURVE_WITH_KNOTS('',3,(#6933,#6934,#6935,#6936,#6937,#6938,
#6939,#6940,#6941,#6942,#6943,#6944,#6945,#6946,#6947,#6948,#6949,#6950),
 .UNSPECIFIED.,.F.,.F.,(4,1,1,1,1,1,1,1,1,1,1,1,1,1,1,4),(0.00518831042353426,
0.00652151892038213,0.00718812316880606,0.00785472741723,0.00852133166565394,
0.00918793591407787,0.00985454016250181,0.0101878422867138,0.0105211444109257,
0.0111877486593497,0.0118543529077736,0.0125209571561976,0.0131875614046215,
0.0138541656530454,0.0145207699014694,0.0158539783983172),.UNSPECIFIED.);
#297=B_SPLINE_CURVE_WITH_KNOTS('',3,(#6952,#6953,#6954,#6955),
 .UNSPECIFIED.,.F.,.F.,(4,4),(8.67361737988404E-19,0.000224795688996824),
 .UNSPECIFIED.);
#298=B_SPLINE_CURVE_WITH_KNOTS('',3,(#6957,#6958,#6959,#6960),
 .UNSPECIFIED.,.F.,.F.,(4,4),(0.00254601197492002,0.00376258676699767),
 .UNSPECIFIED.);
#299=B_SPLINE_CURVE_WITH_KNOTS('',3,(#7297,#7298,#7299,#7300,#7301,#7302,
#7303,#7304,#7305,#7306,#7307,#7308,#7309,#7310,#7311,#7312,#7313,#7314,
#7315,#7316,#7317),.UNSPECIFIED.,.F.,.F.,(4,1,1,1,1,1,1,1,1,1,1,1,1,1,1,
1,1,1,4),(0.,0.00160232759728213,0.00240349139592319,0.00320465519456426,
0.00400581899320532,0.00480698279184638,0.00520756469116691,0.00560814659048745,
0.00600872848980798,0.00640931038912851,0.00680989228844904,0.00721047418776957,
0.00761105608709011,0.00801163798641064,0.0088128017850517,0.00961396558369277,
0.0104151293823338,0.0112162931809749,0.012818620778257),.UNSPECIFIED.);
#300=B_SPLINE_CURVE_WITH_KNOTS('',3,(#7320,#7321,#7322,#7323),
 .UNSPECIFIED.,.F.,.F.,(4,4),(0.00140075680688852,0.00261733159910037),
 .UNSPECIFIED.);
#301=B_SPLINE_CURVE_WITH_KNOTS('',3,(#7325,#7326,#7327,#7328),
 .UNSPECIFIED.,.F.,.F.,(4,4),(3.87895961444886E-18,0.000224795688996928),
 .UNSPECIFIED.);
#302=B_SPLINE_CURVE_WITH_KNOTS('',3,(#7330,#7331,#7332,#7333,#7334,#7335,
#7336,#7337,#7338,#7339,#7340,#7341,#7342,#7343,#7344,#7345,#7346,#7347),
 .UNSPECIFIED.,.F.,.F.,(4,1,1,1,1,1,1,1,1,1,1,1,1,1,1,4),(0.00518831042353244,
0.00652151892038069,0.00718812316880482,0.00785472741722894,0.00852133166565307,
0.0091879359140772,0.00985454016250132,0.0101878422867134,0.0105211444109254,
0.0111877486593496,0.0118543529077737,0.0125209571561978,0.0131875614046219,
0.0138541656530461,0.0145207699014702,0.0158539783983184),.UNSPECIFIED.);
#303=B_SPLINE_CURVE_WITH_KNOTS('',3,(#7349,#7350,#7351,#7352),
 .UNSPECIFIED.,.F.,.F.,(4,4),(0.,0.000224795688996827),.UNSPECIFIED.);
#304=B_SPLINE_CURVE_WITH_KNOTS('',3,(#7354,#7355,#7356,#7357),
 .UNSPECIFIED.,.F.,.F.,(4,4),(0.00254601197493242,0.00376258676698783),
 .UNSPECIFIED.);
#305=B_SPLINE_CURVE_WITH_KNOTS('',3,(#7694,#7695,#7696,#7697,#7698,#7699,
#7700,#7701,#7702,#7703,#7704,#7705,#7706,#7707,#7708,#7709,#7710,#7711,
#7712,#7713,#7714),.UNSPECIFIED.,.F.,.F.,(4,1,1,1,1,1,1,1,1,1,1,1,1,1,1,
1,1,1,4),(0.,0.00160232759729725,0.00240349139594587,0.00320465519459449,
0.00400581899324312,0.00480698279189174,0.00520756469121605,0.00560814659054036,
0.00600872848986468,0.00640931038918899,0.0068098922885133,0.00721047418783761,
0.00761105608716192,0.00801163798648623,0.00881280178513486,0.00961396558378348,
0.0104151293824321,0.0112162931810807,0.012818620778378),.UNSPECIFIED.);
#306=B_SPLINE_CURVE_WITH_KNOTS('',3,(#7717,#7718,#7719,#7720),
 .UNSPECIFIED.,.F.,.F.,(4,4),(0.0026173315987591,0.00383390639112927),
 .UNSPECIFIED.);
#307=B_SPLINE_CURVE_WITH_KNOTS('',3,(#7722,#7723,#7724,#7725),
 .UNSPECIFIED.,.F.,.F.,(4,4),(2.67057284590947E-17,0.000224795689001512),
 .UNSPECIFIED.);
#308=B_SPLINE_CURVE_WITH_KNOTS('',3,(#7727,#7728,#7729,#7730,#7731,#7732,
#7733,#7734,#7735,#7736,#7737,#7738,#7739,#7740,#7741,#7742,#7743,#7744),
 .UNSPECIFIED.,.F.,.F.,(4,1,1,1,1,1,1,1,1,1,1,1,1,1,1,4),(0.00518831042355033,
0.00652151892039863,0.00718812316882277,0.00785472741724692,0.00852133166567107,
0.00918793591409521,0.00985454016251936,0.0101878422867314,0.0105211444109435,
0.0111877486593677,0.0118543529077918,0.0125209571562159,0.0131875614046401,
0.0138541656530642,0.0145207699014884,0.0158539783983367),.UNSPECIFIED.);
#309=B_SPLINE_CURVE_WITH_KNOTS('',3,(#7746,#7747,#7748,#7749),
 .UNSPECIFIED.,.F.,.F.,(4,4),(3.87895961444886E-18,0.000224795688996828),
 .UNSPECIFIED.);
#310=B_SPLINE_CURVE_WITH_KNOTS('',3,(#7751,#7752,#7753,#7754),
 .UNSPECIFIED.,.F.,.F.,(4,4),(0.00254601197491936,0.00376258676697479),
 .UNSPECIFIED.);
#311=B_SPLINE_CURVE_WITH_KNOTS('',3,(#8091,#8092,#8093,#8094,#8095,#8096,
#8097,#8098,#8099,#8100,#8101,#8102,#8103,#8104,#8105,#8106,#8107,#8108,
#8109,#8110,#8111),.UNSPECIFIED.,.F.,.F.,(4,1,1,1,1,1,1,1,1,1,1,1,1,1,1,
1,1,1,4),(3.46944695195361E-18,0.00160232759728506,0.00240349139592758,
0.00320465519457011,0.00400581899321264,0.00480698279185517,0.00520756469117643,
0.00560814659049769,0.00600872848981896,0.00640931038914022,0.00680989228846148,
0.00721047418778275,0.00761105608710401,0.00801163798642527,0.0088128017850678,
0.00961396558371033,0.0104151293823529,0.0112162931809954,0.0128186207782804),
 .UNSPECIFIED.);
#312=B_SPLINE_CURVE_WITH_KNOTS('',3,(#8114,#8115,#8116,#8117),
 .UNSPECIFIED.,.F.,.F.,(4,4),(0.00261733159876193,0.00383390639113207),
 .UNSPECIFIED.);
#313=B_SPLINE_CURVE_WITH_KNOTS('',3,(#8119,#8120,#8121,#8122),
 .UNSPECIFIED.,.F.,.F.,(4,4),(3.04442734473391E-17,0.000224795689001977),
 .UNSPECIFIED.);
#314=B_SPLINE_CURVE_WITH_KNOTS('',3,(#8124,#8125,#8126,#8127,#8128,#8129,
#8130,#8131,#8132,#8133,#8134,#8135,#8136,#8137,#8138,#8139,#8140,#8141),
 .UNSPECIFIED.,.F.,.F.,(4,1,1,1,1,1,1,1,1,1,1,1,1,1,1,4),(0.00518831042355191,
0.0065215189204002,0.00718812316882434,0.00785472741724848,0.00852133166567262,
0.00918793591409677,0.00985454016252091,0.010187842286733,0.0105211444109451,
0.0111877486593692,0.0118543529077933,0.0125209571562175,0.0131875614046416,
0.0138541656530658,0.0145207699014899,0.0158539783983382),.UNSPECIFIED.);
#315=B_SPLINE_CURVE_WITH_KNOTS('',3,(#8143,#8144,#8145,#8146),
 .UNSPECIFIED.,.F.,.F.,(4,4),(3.46944695195361E-18,0.000224795688996825),
 .UNSPECIFIED.);
#316=B_SPLINE_CURVE_WITH_KNOTS('',3,(#8148,#8149,#8150,#8151),
 .UNSPECIFIED.,.F.,.F.,(4,4),(0.00254601197493177,0.0037625867670094),
 .UNSPECIFIED.);
#317=B_SPLINE_CURVE_WITH_KNOTS('',3,(#8488,#8489,#8490,#8491,#8492,#8493,
#8494,#8495,#8496,#8497,#8498,#8499,#8500,#8501,#8502,#8503,#8504,#8505,
#8506,#8507,#8508),.UNSPECIFIED.,.F.,.F.,(4,1,1,1,1,1,1,1,1,1,1,1,1,1,1,
1,1,1,4),(3.46944695195361E-18,0.00160232759728938,0.00240349139593406,
0.00320465519457875,0.00400581899322344,0.00480698279186812,0.00520756469119047,
0.00560814659051281,0.00600872848983515,0.00640931038915749,0.00680989228847984,
0.00721047418780218,0.00761105608712452,0.00801163798644687,0.00881280178509155,
0.00961396558373624,0.0104151293823809,0.0112162931810256,0.012818620778315),
 .UNSPECIFIED.);
#318=B_SPLINE_CURVE_WITH_KNOTS('',3,(#8511,#8512,#8513,#8514),
 .UNSPECIFIED.,.F.,.F.,(4,4),(0.00261733159875969,0.00383390639112981),
 .UNSPECIFIED.);
#319=B_SPLINE_CURVE_WITH_KNOTS('',3,(#8516,#8517,#8518,#8519),
 .UNSPECIFIED.,.F.,.F.,(4,4),(1.93947980722443E-17,0.000224795689000711),
 .UNSPECIFIED.);
#320=B_SPLINE_CURVE_WITH_KNOTS('',3,(#8521,#8522,#8523,#8524,#8525,#8526,
#8527,#8528,#8529,#8530,#8531,#8532,#8533,#8534,#8535,#8536,#8537,#8538),
 .UNSPECIFIED.,.F.,.F.,(4,1,1,1,1,1,1,1,1,1,1,1,1,1,1,4),(0.00518831042354003,
0.00652151892038803,0.00718812316881203,0.00785472741723604,0.00852133166566004,
0.00918793591408404,0.00985454016250804,0.01018784228672,0.010521144410932,
0.011187748659356,0.0118543529077801,0.0125209571562041,0.0131875614046281,
0.0138541656530521,0.0145207699014761,0.0158539783983241),.UNSPECIFIED.);
#321=B_SPLINE_CURVE_WITH_KNOTS('',3,(#8540,#8541,#8542,#8543),
 .UNSPECIFIED.,.F.,.F.,(4,4),(0.,0.000224795688996834),.UNSPECIFIED.);
#322=B_SPLINE_CURVE_WITH_KNOTS('',3,(#8545,#8546,#8547,#8548),
 .UNSPECIFIED.,.F.,.F.,(4,4),(0.00254601197492074,0.00376258676697617),
 .UNSPECIFIED.);
#323=B_SPLINE_CURVE_WITH_KNOTS('',3,(#8885,#8886,#8887,#8888,#8889,#8890,
#8891,#8892,#8893,#8894,#8895,#8896,#8897,#8898,#8899,#8900,#8901,#8902,
#8903,#8904,#8905),.UNSPECIFIED.,.F.,.F.,(4,1,1,1,1,1,1,1,1,1,1,1,1,1,1,
1,1,1,4),(0.,0.0016023275972894,0.0024034913959341,0.0032046551945788,0.0040058189932235,
0.0048069827918682,0.00520756469119055,0.0056081465905129,0.00600872848983524,
0.00640931038915759,0.00680989228847994,0.00721047418780229,0.00761105608712464,
0.00801163798644699,0.00881280178509169,0.00961396558373639,0.0104151293823811,
0.0112162931810258,0.0128186207783152),.UNSPECIFIED.);
#324=B_SPLINE_CURVE_WITH_KNOTS('',3,(#8908,#8909,#8910,#8911),
 .UNSPECIFIED.,.F.,.F.,(4,4),(0.00261733159875629,0.00383390639112642),
 .UNSPECIFIED.);
#325=B_SPLINE_CURVE_WITH_KNOTS('',3,(#8913,#8914,#8915,#8916),
 .UNSPECIFIED.,.F.,.F.,(4,4),(2.67760623403354E-17,0.000224795689001988),
 .UNSPECIFIED.);
#326=B_SPLINE_CURVE_WITH_KNOTS('',3,(#8918,#8919,#8920,#8921,#8922,#8923,
#8924,#8925,#8926,#8927,#8928,#8929,#8930,#8931,#8932,#8933,#8934,#8935),
 .UNSPECIFIED.,.F.,.F.,(4,1,1,1,1,1,1,1,1,1,1,1,1,1,1,4),(0.00518831042353071,
0.00652151892037817,0.00718812316880191,0.00785472741722564,0.00852133166564938,
0.00918793591407311,0.00985454016249685,0.0101878422867087,0.0105211444109206,
0.0111877486593443,0.0118543529077681,0.0125209571561918,0.0131875614046155,
0.0138541656530393,0.014520769901463,0.0158539783983105),.UNSPECIFIED.);
#327=B_SPLINE_CURVE_WITH_KNOTS('',3,(#8937,#8938,#8939,#8940),
 .UNSPECIFIED.,.F.,.F.,(4,4),(3.70537096895902E-18,0.000224795688996779),
 .UNSPECIFIED.);
#328=B_SPLINE_CURVE_WITH_KNOTS('',3,(#8942,#8943,#8944,#8945),
 .UNSPECIFIED.,.F.,.F.,(4,4),(0.00254601197493012,0.00376258676698556),
 .UNSPECIFIED.);
#329=B_SPLINE_CURVE_WITH_KNOTS('',3,(#9282,#9283,#9284,#9285,#9286,#9287,
#9288,#9289,#9290,#9291,#9292,#9293,#9294,#9295,#9296,#9297,#9298,#9299,
#9300,#9301,#9302),.UNSPECIFIED.,.F.,.F.,(4,1,1,1,1,1,1,1,1,1,1,1,1,1,1,
1,1,1,4),(1.73472347597681E-18,0.00160232759727973,0.00240349139591959,
0.00320465519455946,0.00400581899319932,0.00480698279183918,0.00520756469115912,
0.00560814659047905,0.00600872848979898,0.00640931038911891,0.00680989228843885,
0.00721047418775878,0.00761105608707871,0.00801163798639864,0.00881280178503851,
0.00961396558367837,0.0104151293823182,0.0112162931809581,0.0128186207782378),
 .UNSPECIFIED.);
#330=B_SPLINE_CURVE_WITH_KNOTS('',3,(#9305,#9306,#9307,#9308),
 .UNSPECIFIED.,.F.,.F.,(4,4),(0.00140075680688803,0.00261733159909991),
 .UNSPECIFIED.);
#331=B_SPLINE_CURVE_WITH_KNOTS('',3,(#9310,#9311,#9312,#9313),
 .UNSPECIFIED.,.F.,.F.,(4,4),(2.2816724964205E-17,0.000224795689000708),
 .UNSPECIFIED.);
#332=B_SPLINE_CURVE_WITH_KNOTS('',3,(#9315,#9316,#9317,#9318,#9319,#9320,
#9321,#9322,#9323,#9324,#9325,#9326,#9327,#9328,#9329,#9330,#9331,#9332),
 .UNSPECIFIED.,.F.,.F.,(4,1,1,1,1,1,1,1,1,1,1,1,1,1,1,4),(0.0051883104235266,
0.00652151892037414,0.00718812316879791,0.00785472741722168,0.00852133166564545,
0.00918793591406922,0.00985454016249299,0.0101878422867049,0.0105211444109168,
0.0111877486593405,0.0118543529077643,0.0125209571561881,0.0131875614046118,
0.0138541656530356,0.0145207699014594,0.0158539783983069),.UNSPECIFIED.);
#333=B_SPLINE_CURVE_WITH_KNOTS('',3,(#9334,#9335,#9336,#9337),
 .UNSPECIFIED.,.F.,.F.,(4,4),(4.33680868994202E-18,0.000224795688996781),
 .UNSPECIFIED.);
#334=B_SPLINE_CURVE_WITH_KNOTS('',3,(#9339,#9340,#9341,#9342),
 .UNSPECIFIED.,.F.,.F.,(4,4),(0.00254601197493061,0.00376258676699719),
 .UNSPECIFIED.);
#335=B_SPLINE_CURVE_WITH_KNOTS('',3,(#9679,#9680,#9681,#9682,#9683,#9684,
#9685,#9686,#9687,#9688,#9689,#9690,#9691,#9692,#9693,#9694,#9695,#9696,
#9697,#9698,#9699),.UNSPECIFIED.,.F.,.F.,(4,1,1,1,1,1,1,1,1,1,1,1,1,1,1,
1,1,1,4),(3.87895961444886E-18,0.00160232759728327,0.00240349139592491,
0.00320465519456654,0.00400581899320818,0.00480698279184981,0.00520756469117063,
0.00560814659049145,0.00600872848981227,0.00640931038913308,0.0068098922884539,
0.00721047418777472,0.00761105608709554,0.00801163798641635,0.00881280178505799,
0.00961396558369962,0.0104151293823413,0.0112162931809829,0.0128186207782662),
 .UNSPECIFIED.);
#336=B_SPLINE_CURVE_WITH_KNOTS('',3,(#9702,#9703,#9704,#9705),
 .UNSPECIFIED.,.F.,.F.,(4,4),(0.0026173315987581,0.00383390639112828),
 .UNSPECIFIED.);
#337=B_SPLINE_CURVE_WITH_KNOTS('',3,(#9707,#9708,#9709,#9710),
 .UNSPECIFIED.,.F.,.F.,(4,4),(2.30137075393447E-17,0.000224795689001336),
 .UNSPECIFIED.);
#338=B_SPLINE_CURVE_WITH_KNOTS('',3,(#9712,#9713,#9714,#9715,#9716,#9717,
#9718,#9719,#9720,#9721,#9722,#9723,#9724,#9725,#9726,#9727,#9728,#9729),
 .UNSPECIFIED.,.F.,.F.,(4,1,1,1,1,1,1,1,1,1,1,1,1,1,1,4),(0.00518831042353314,
0.00652151892038082,0.00718812316880466,0.0078547274172285,0.00852133166565234,
0.00918793591407618,0.00985454016250002,0.0101878422867119,0.0105211444109239,
0.0111877486593477,0.0118543529077715,0.0125209571561954,0.0131875614046192,
0.013854165653043,0.0145207699014669,0.0158539783983146),.UNSPECIFIED.);
#339=B_SPLINE_CURVE_WITH_KNOTS('',3,(#9731,#9732,#9733,#9734),
 .UNSPECIFIED.,.F.,.F.,(4,4),(3.87895961444886E-18,0.000224795688996841),
 .UNSPECIFIED.);
#340=B_SPLINE_CURVE_WITH_KNOTS('',3,(#9736,#9737,#9738,#9739),
 .UNSPECIFIED.,.F.,.F.,(4,4),(0.00254601197492745,0.00376258676700513),
 .UNSPECIFIED.);
#341=B_SPLINE_CURVE_WITH_KNOTS('',3,(#10076,#10077,#10078,#10079,#10080,
#10081,#10082,#10083,#10084,#10085,#10086,#10087,#10088,#10089,#10090,#10091,
#10092,#10093,#10094,#10095,#10096),.UNSPECIFIED.,.F.,.F.,(4,1,1,1,1,1,
1,1,1,1,1,1,1,1,1,1,1,1,4),(7.152448122691E-18,0.00160232759728563,0.00240349139592844,
0.00320465519457125,0.00400581899321406,0.00480698279185687,0.00520756469117828,
0.00560814659049969,0.00600872848982109,0.0064093103891425,0.0068098922884639,
0.00721047418778531,0.00761105608710671,0.00801163798642812,0.00881280178507093,
0.00961396558371374,0.0104151293823566,0.0112162931809994,0.012818620778285),
 .UNSPECIFIED.);
#342=B_SPLINE_CURVE_WITH_KNOTS('',3,(#10099,#10100,#10101,#10102),
 .UNSPECIFIED.,.F.,.F.,(4,4),(0.00261733159875823,0.00383390639112844),
 .UNSPECIFIED.);
#343=B_SPLINE_CURVE_WITH_KNOTS('',3,(#10104,#10105,#10106,#10107),
 .UNSPECIFIED.,.F.,.F.,(4,4),(2.22152998685417E-17,0.000224795689000664),
 .UNSPECIFIED.);
#344=B_SPLINE_CURVE_WITH_KNOTS('',3,(#10109,#10110,#10111,#10112,#10113,
#10114,#10115,#10116,#10117,#10118,#10119,#10120,#10121,#10122,#10123,#10124,
#10125,#10126),.UNSPECIFIED.,.F.,.F.,(4,1,1,1,1,1,1,1,1,1,1,1,1,1,1,4),
(0.0051883104235355,0.00652151892038339,0.00718812316880733,0.00785472741723127,
0.00852133166565521,0.00918793591407915,0.0098545401625031,0.0101878422867151,
0.010521144410927,0.011187748659351,0.0118543529077749,0.0125209571561989,
0.0131875614046228,0.0138541656530467,0.0145207699014707,0.0158539783983186),
 .UNSPECIFIED.);
#345=B_SPLINE_CURVE_WITH_KNOTS('',3,(#10128,#10129,#10130,#10131),
 .UNSPECIFIED.,.F.,.F.,(4,4),(3.87895961444886E-18,0.000224795688996841),
 .UNSPECIFIED.);
#346=B_SPLINE_CURVE_WITH_KNOTS('',3,(#10133,#10134,#10135,#10136),
 .UNSPECIFIED.,.F.,.F.,(4,4),(0.00254601197493702,0.00376258676700359),
 .UNSPECIFIED.);
#347=B_SPLINE_CURVE_WITH_KNOTS('',3,(#10473,#10474,#10475,#10476,#10477,
#10478,#10479,#10480,#10481,#10482,#10483,#10484,#10485,#10486,#10487,#10488,
#10489,#10490,#10491,#10492,#10493),.UNSPECIFIED.,.F.,.F.,(4,1,1,1,1,1,
1,1,1,1,1,1,1,1,1,1,1,1,4),(6.9928938926747E-18,0.00160232759728854,0.00240349139593281,
0.00320465519457708,0.00400581899322135,0.00480698279186562,0.00520756469118776,
0.00560814659050989,0.00600872848983203,0.00640931038915416,0.00680989228847629,
0.00721047418779843,0.00761105608712056,0.0080116379864427,0.00881280178508697,
0.00961396558373124,0.0104151293823755,0.0112162931810198,0.0128186207783083),
 .UNSPECIFIED.);
#348=B_SPLINE_CURVE_WITH_KNOTS('',3,(#10496,#10497,#10498,#10499),
 .UNSPECIFIED.,.F.,.F.,(4,4),(0.002617331598757,0.00383390639112714),
 .UNSPECIFIED.);
#349=B_SPLINE_CURVE_WITH_KNOTS('',3,(#10501,#10502,#10503,#10504),
 .UNSPECIFIED.,.F.,.F.,(4,4),(3.08493148453207E-17,0.000224795689001982),
 .UNSPECIFIED.);
#350=B_SPLINE_CURVE_WITH_KNOTS('',3,(#10506,#10507,#10508,#10509,#10510,
#10511,#10512,#10513,#10514,#10515,#10516,#10517,#10518,#10519,#10520,#10521,
#10522,#10523),.UNSPECIFIED.,.F.,.F.,(4,1,1,1,1,1,1,1,1,1,1,1,1,1,1,4),
(0.00518831042353696,0.0065215189203847,0.00718812316880858,0.00785472741723245,
0.00852133166565632,0.00918793591408019,0.00985454016250407,0.010187842286716,
0.0105211444109279,0.0111877486593518,0.0118543529077757,0.0125209571561996,
0.0131875614046234,0.0138541656530473,0.0145207699014712,0.0158539783983189),
 .UNSPECIFIED.);
#351=B_SPLINE_CURVE_WITH_KNOTS('',3,(#10525,#10526,#10527,#10528),
 .UNSPECIFIED.,.F.,.F.,(4,4),(3.87895961444886E-18,0.000224795688996779),
 .UNSPECIFIED.);
#352=B_SPLINE_CURVE_WITH_KNOTS('',3,(#10530,#10531,#10532,#10533),
 .UNSPECIFIED.,.F.,.F.,(4,4),(0.00254601197493539,0.00376258676699083),
 .UNSPECIFIED.);
#353=B_SPLINE_CURVE_WITH_KNOTS('',3,(#10595,#10596,#10597,#10598,#10599,
#10600,#10601,#10602,#10603,#10604,#10605,#10606,#10607,#10608,#10609,#10610,
#10611,#10612,#10613,#10614,#10615,#10616,#10617,#10618,#10619,#10620,#10621,
#10622,#10623,#10624,#10625,#10626,#10627,#10628,#10629),.UNSPECIFIED.,
 .T.,.F.,(1,1,1,1,1,1,1,1,1,1,1,1,1,1,1,1,1,1,1,1,1,1,1,1,1,1,1,1,1,1,1,
1,1,1,1,1,1,1,1),(-0.0953947368421053,-0.0641447368421053,-0.0328947368421053,
0.,0.0296875,0.060859375,0.09210546875,0.1233552734375,0.154605263671875,
0.185855263183594,0.21710526315918,0.248355263157959,0.279605263157898,
0.310855263157895,0.342105263157895,0.373355263157895,0.404605263157895,
0.435855263157895,0.467105263157895,0.498355263157895,0.529605263157895,
0.560855263157895,0.592105263157895,0.623355263157895,0.654605263157895,
0.685855263157895,0.717105263157895,0.748355263157895,0.779605263157895,
0.810855263157895,0.842105263157895,0.873355263157895,0.904605263157895,
0.935855263157895,0.967105263157895,1.,1.0296875,1.060859375,1.09210546875),
 .UNSPECIFIED.);
#354=B_SPLINE_CURVE_WITH_KNOTS('',3,(#10701,#10702,#10703,#10704,#10705,
#10706,#10707,#10708,#10709,#10710,#10711),.UNSPECIFIED.,.T.,.F.,(1,1,1,
1,1,1,1,1,1,1,1,1,1,1,1),(-0.00175861232489756,-0.00117240821659838,-0.000586204108299188,
0.,0.000586204108299188,0.00117240821659838,0.00175861232489756,0.00234481643319675,
0.00293102054149594,0.00351722464979513,0.00410342875809431,0.0046896328663935,
0.00527583697469269,0.00586204108299188,0.00644824519129107),
 .UNSPECIFIED.);
#355=B_SPLINE_CURVE_WITH_KNOTS('',3,(#10713,#10714,#10715,#10716,#10717,
#10718,#10719,#10720,#10721,#10722,#10723),.UNSPECIFIED.,.T.,.F.,(1,1,1,
1,1,1,1,1,1,1,1,1,1,1,1),(-0.00175861232489757,-0.00117240821659838,-0.000586204108299188,
0.,0.000586204108299188,0.00117240821659838,0.00175861232489756,0.00234481643319675,
0.00293102054149594,0.00351722464979513,0.00410342875809432,0.00468963286639351,
0.00527583697469269,0.00586204108299188,0.00644824519129107),
 .UNSPECIFIED.);
#356=B_SPLINE_CURVE_WITH_KNOTS('',3,(#10725,#10726,#10727,#10728,#10729,
#10730,#10731,#10732,#10733,#10734,#10735),.UNSPECIFIED.,.T.,.F.,(1,1,1,
1,1,1,1,1,1,1,1,1,1,1,1),(-0.00175861232489756,-0.00117240821659837,-0.000586204108299187,
0.,0.000586204108299187,0.00117240821659837,0.00175861232489756,0.00234481643319675,
0.00293102054149594,0.00351722464979512,0.00410342875809431,0.0046896328663935,
0.00527583697469268,0.00586204108299187,0.00644824519129106),
 .UNSPECIFIED.);
#357=B_SPLINE_CURVE_WITH_KNOTS('',3,(#10737,#10738,#10739,#10740,#10741,
#10742,#10743,#10744,#10745,#10746,#10747),.UNSPECIFIED.,.T.,.F.,(1,1,1,
1,1,1,1,1,1,1,1,1,1,1,1),(-0.00175861232489756,-0.00117240821659838,-0.000586204108299187,
0.,0.000586204108299188,0.00117240821659838,0.00175861232489756,0.00234481643319675,
0.00293102054149594,0.00351722464979513,0.00410342875809431,0.0046896328663935,
0.00527583697469269,0.00586204108299188,0.00644824519129106),
 .UNSPECIFIED.);
#358=B_SPLINE_CURVE_WITH_KNOTS('',3,(#10814,#10815,#10816,#10817,#10818,
#10819,#10820,#10821,#10822,#10823,#10824),.UNSPECIFIED.,.T.,.F.,(1,1,1,
1,1,1,1,1,1,1,1,1,1,1,1),(-0.00175874569050072,-0.00117249712700048,-0.000586248563500241,
0.,0.00058624856350024,0.00117249712700048,0.00175874569050072,0.00234499425400096,
0.0029312428175012,0.00351749138100144,0.00410373994450168,0.00468998850800192,
0.00527623707150216,0.0058624856350024,0.00644873419850264),
 .UNSPECIFIED.);
#359=B_SPLINE_CURVE_WITH_KNOTS('',3,(#10827,#10828,#10829,#10830,#10831,
#10832,#10833,#10834,#10835,#10836,#10837),.UNSPECIFIED.,.T.,.F.,(1,1,1,
1,1,1,1,1,1,1,1,1,1,1,1),(-0.00175874569050072,-0.00117249712700048,-0.000586248563500241,
0.,0.000586248563500241,0.00117249712700048,0.00175874569050072,0.00234499425400096,
0.0029312428175012,0.00351749138100145,0.00410373994450169,0.00468998850800193,
0.00527623707150217,0.00586248563500241,0.00644873419850265),
 .UNSPECIFIED.);
#360=B_SPLINE_CURVE_WITH_KNOTS('',3,(#10840,#10841,#10842,#10843,#10844,
#10845,#10846,#10847,#10848,#10849,#10850),.UNSPECIFIED.,.T.,.F.,(1,1,1,
1,1,1,1,1,1,1,1,1,1,1,1),(-0.00175874569050072,-0.00117249712700048,-0.00058624856350024,
0.,0.00058624856350024,0.00117249712700048,0.00175874569050072,0.00234499425400096,
0.0029312428175012,0.00351749138100144,0.00410373994450168,0.00468998850800192,
0.00527623707150216,0.0058624856350024,0.00644873419850264),
 .UNSPECIFIED.);
#361=B_SPLINE_CURVE_WITH_KNOTS('',3,(#10853,#10854,#10855,#10856,#10857,
#10858,#10859,#10860,#10861,#10862,#10863),.UNSPECIFIED.,.T.,.F.,(1,1,1,
1,1,1,1,1,1,1,1,1,1,1,1),(-0.00175874569050072,-0.00117249712700048,-0.000586248563500241,
0.,0.000586248563500241,0.00117249712700048,0.00175874569050072,0.00234499425400096,
0.0029312428175012,0.00351749138100144,0.00410373994450169,0.00468998850800193,
0.00527623707150217,0.00586248563500241,0.00644873419850265),
 .UNSPECIFIED.);
#362=B_SPLINE_CURVE_WITH_KNOTS('',3,(#10936,#10937,#10938,#10939,#10940,
#10941,#10942,#10943,#10944,#10945,#10946,#10947,#10948,#10949,#10950,#10951,
#10952,#10953,#10954,#10955,#10956,#10957,#10958,#10959,#10960,#10961,#10962,
#10963,#10964,#10965,#10966,#10967,#10968,#10969,#10970,#10971,#10972,#10973,
#10974,#10975,#10976,#10977,#10978,#10979,#10980,#10981,#10982,#10983,#10984,
#10985,#10986,#10987,#10988,#10989,#10990,#10991),.UNSPECIFIED.,.T.,.F.,
(1,1,1,1,1,1,1,1,1,1,1,1,1,1,1,1,1,1,1,1,1,1,1,1,1,1,1,1,1,1,1,1,1,1,1,
1,1,1,1,1,1,1,1,1,1,1,1,1,1,1,1,1,1,1,1,1,1,1,1,1),(-0.0485197368421053,
-0.0328947368421053,-0.0164473684210527,0.,0.01484375,0.0296875,0.0452734375,
0.060859375,0.076482421875,0.09210546875,0.1233552734375,0.154605263671875,
0.170230263427734,0.185855263183594,0.201480263171387,0.21710526315918,
0.248355263157959,0.263980263157928,0.279605263157898,0.295230263157896,
0.310855263157895,0.326480263157895,0.342105263157895,0.373355263157895,
0.404605263157895,0.420230263157895,0.435855263157895,0.451480263157895,
0.467105263157895,0.498355263157895,0.513980263157895,0.529605263157895,
0.545230263157895,0.560855263157895,0.576480263157895,0.592105263157895,
0.623355263157895,0.654605263157895,0.670230263157895,0.685855263157895,
0.701480263157895,0.717105263157895,0.748355263157895,0.763980263157895,
0.779605263157895,0.795230263157895,0.810855263157895,0.826480263157895,
0.842105263157895,0.873355263157895,0.904605263157895,0.920230263157895,
0.935855263157895,0.951480263157895,0.967105263157895,0.983552631578947,
1.,1.01484375,1.0296875,1.0452734375),.UNSPECIFIED.);
#363=B_SPLINE_SURFACE_WITH_KNOTS('',3,3,((#2594,#2595,#2596,#2597,#2598,
#2599),(#2600,#2601,#2602,#2603,#2604,#2605),(#2606,#2607,#2608,#2609,#2610,
#2611),(#2612,#2613,#2614,#2615,#2616,#2617),(#2618,#2619,#2620,#2621,#2622,
#2623),(#2624,#2625,#2626,#2627,#2628,#2629),(#2630,#2631,#2632,#2633,#2634,
#2635),(#2636,#2637,#2638,#2639,#2640,#2641),(#2642,#2643,#2644,#2645,#2646,
#2647),(#2648,#2649,#2650,#2651,#2652,#2653),(#2654,#2655,#2656,#2657,#2658,
#2659),(#2660,#2661,#2662,#2663,#2664,#2665),(#2666,#2667,#2668,#2669,#2670,
#2671),(#2672,#2673,#2674,#2675,#2676,#2677),(#2678,#2679,#2680,#2681,#2682,
#2683),(#2684,#2685,#2686,#2687,#2688,#2689),(#2690,#2691,#2692,#2693,#2694,
#2695),(#2696,#2697,#2698,#2699,#2700,#2701),(#2702,#2703,#2704,#2705,#2706,
#2707),(#2708,#2709,#2710,#2711,#2712,#2713),(#2714,#2715,#2716,#2717,#2718,
#2719),(#2720,#2721,#2722,#2723,#2724,#2725),(#2726,#2727,#2728,#2729,#2730,
#2731),(#2732,#2733,#2734,#2735,#2736,#2737),(#2738,#2739,#2740,#2741,#2742,
#2743),(#2744,#2745,#2746,#2747,#2748,#2749),(#2750,#2751,#2752,#2753,#2754,
#2755),(#2756,#2757,#2758,#2759,#2760,#2761),(#2762,#2763,#2764,#2765,#2766,
#2767),(#2768,#2769,#2770,#2771,#2772,#2773),(#2774,#2775,#2776,#2777,#2778,
#2779),(#2780,#2781,#2782,#2783,#2784,#2785),(#2786,#2787,#2788,#2789,#2790,
#2791),(#2792,#2793,#2794,#2795,#2796,#2797),(#2798,#2799,#2800,#2801,#2802,
#2803),(#2804,#2805,#2806,#2807,#2808,#2809),(#2810,#2811,#2812,#2813,#2814,
#2815),(#2816,#2817,#2818,#2819,#2820,#2821),(#2822,#2823,#2824,#2825,#2826,
#2827),(#2828,#2829,#2830,#2831,#2832,#2833),(#2834,#2835,#2836,#2837,#2838,
#2839),(#2840,#2841,#2842,#2843,#2844,#2845),(#2846,#2847,#2848,#2849,#2850,
#2851),(#2852,#2853,#2854,#2855,#2856,#2857),(#2858,#2859,#2860,#2861,#2862,
#2863),(#2864,#2865,#2866,#2867,#2868,#2869),(#2870,#2871,#2872,#2873,#2874,
#2875),(#2876,#2877,#2878,#2879,#2880,#2881),(#2882,#2883,#2884,#2885,#2886,
#2887),(#2888,#2889,#2890,#2891,#2892,#2893),(#2894,#2895,#2896,#2897,#2898,
#2899),(#2900,#2901,#2902,#2903,#2904,#2905),(#2906,#2907,#2908,#2909,#2910,
#2911),(#2912,#2913,#2914,#2915,#2916,#2917),(#2918,#2919,#2920,#2921,#2922,
#2923),(#2924,#2925,#2926,#2927,#2928,#2929)),.RULED_SURF.,.F.,.F.,.F.,
(4,1,1,1,1,1,1,1,1,1,1,1,1,1,1,1,1,1,1,1,1,1,1,1,1,1,1,1,1,1,1,1,1,1,1,
1,1,1,1,1,1,1,1,1,1,1,1,1,1,1,1,1,1,4),(4,1,1,4),(0.,0.0666709477937893,
0.0971114948097908,0.125670499973543,0.152378892826796,0.177263817057352,
0.200349043204901,0.221655178502722,0.241200126086685,0.258999018348949,
0.275064993287556,0.289409295333864,0.302041443159399,0.312969517725138,
0.322200686893477,0.32974125396557,0.335597080739302,0.339773453839971,
0.346802247860505,0.355914583644771,0.37328937856233,0.389823573263555,
0.406047242306744,0.422810677658761,0.441336412136177,0.462713111172564,
0.479074740167295,0.520925259832705,0.537286888827436,0.558663587863823,
0.577189322341239,0.593952757693255,0.610176426736444,0.62671062143767,
0.644085416355229,0.653197752139495,0.660226546160029,0.664402919260698,
0.67025874603443,0.677799313106523,0.687030482274861,0.697958556840601,
0.710590704666137,0.724935006712444,0.741000981651051,0.758799873913314,
0.778344821497279,0.799650956795099,0.822736182942648,0.847621107173205,
0.874329500026457,0.902888505190209,0.933329052206211,1.),(0.00788455265013094,
0.142857142857143,0.285714285714286,0.396293252658878),.UNSPECIFIED.);
#364=B_SPLINE_SURFACE_WITH_KNOTS('',3,3,((#2991,#2992,#2993,#2994,#2995,
#2996),(#2997,#2998,#2999,#3000,#3001,#3002),(#3003,#3004,#3005,#3006,#3007,
#3008),(#3009,#3010,#3011,#3012,#3013,#3014),(#3015,#3016,#3017,#3018,#3019,
#3020),(#3021,#3022,#3023,#3024,#3025,#3026),(#3027,#3028,#3029,#3030,#3031,
#3032),(#3033,#3034,#3035,#3036,#3037,#3038),(#3039,#3040,#3041,#3042,#3043,
#3044),(#3045,#3046,#3047,#3048,#3049,#3050),(#3051,#3052,#3053,#3054,#3055,
#3056),(#3057,#3058,#3059,#3060,#3061,#3062),(#3063,#3064,#3065,#3066,#3067,
#3068),(#3069,#3070,#3071,#3072,#3073,#3074),(#3075,#3076,#3077,#3078,#3079,
#3080),(#3081,#3082,#3083,#3084,#3085,#3086),(#3087,#3088,#3089,#3090,#3091,
#3092),(#3093,#3094,#3095,#3096,#3097,#3098),(#3099,#3100,#3101,#3102,#3103,
#3104),(#3105,#3106,#3107,#3108,#3109,#3110),(#3111,#3112,#3113,#3114,#3115,
#3116),(#3117,#3118,#3119,#3120,#3121,#3122),(#3123,#3124,#3125,#3126,#3127,
#3128),(#3129,#3130,#3131,#3132,#3133,#3134),(#3135,#3136,#3137,#3138,#3139,
#3140),(#3141,#3142,#3143,#3144,#3145,#3146),(#3147,#3148,#3149,#3150,#3151,
#3152),(#3153,#3154,#3155,#3156,#3157,#3158),(#3159,#3160,#3161,#3162,#3163,
#3164),(#3165,#3166,#3167,#3168,#3169,#3170),(#3171,#3172,#3173,#3174,#3175,
#3176),(#3177,#3178,#3179,#3180,#3181,#3182),(#3183,#3184,#3185,#3186,#3187,
#3188),(#3189,#3190,#3191,#3192,#3193,#3194),(#3195,#3196,#3197,#3198,#3199,
#3200),(#3201,#3202,#3203,#3204,#3205,#3206),(#3207,#3208,#3209,#3210,#3211,
#3212),(#3213,#3214,#3215,#3216,#3217,#3218),(#3219,#3220,#3221,#3222,#3223,
#3224),(#3225,#3226,#3227,#3228,#3229,#3230),(#3231,#3232,#3233,#3234,#3235,
#3236),(#3237,#3238,#3239,#3240,#3241,#3242),(#3243,#3244,#3245,#3246,#3247,
#3248),(#3249,#3250,#3251,#3252,#3253,#3254),(#3255,#3256,#3257,#3258,#3259,
#3260),(#3261,#3262,#3263,#3264,#3265,#3266),(#3267,#3268,#3269,#3270,#3271,
#3272),(#3273,#3274,#3275,#3276,#3277,#3278),(#3279,#3280,#3281,#3282,#3283,
#3284),(#3285,#3286,#3287,#3288,#3289,#3290),(#3291,#3292,#3293,#3294,#3295,
#3296),(#3297,#3298,#3299,#3300,#3301,#3302),(#3303,#3304,#3305,#3306,#3307,
#3308),(#3309,#3310,#3311,#3312,#3313,#3314),(#3315,#3316,#3317,#3318,#3319,
#3320),(#3321,#3322,#3323,#3324,#3325,#3326)),.RULED_SURF.,.F.,.F.,.F.,
(4,1,1,1,1,1,1,1,1,1,1,1,1,1,1,1,1,1,1,1,1,1,1,1,1,1,1,1,1,1,1,1,1,1,1,
1,1,1,1,1,1,1,1,1,1,1,1,1,1,1,1,1,1,4),(4,1,1,4),(0.,0.0666709477937893,
0.0971114948097908,0.125670499973543,0.152378892826796,0.177263817057352,
0.200349043204901,0.221655178502722,0.241200126086685,0.258999018348949,
0.275064993287556,0.289409295333864,0.302041443159399,0.312969517725138,
0.322200686893477,0.32974125396557,0.335597080739302,0.339773453839971,
0.346802247860505,0.355914583644771,0.37328937856233,0.389823573263555,
0.406047242306744,0.422810677658761,0.441336412136177,0.462713111172564,
0.479074740167295,0.520925259832705,0.537286888827436,0.558663587863823,
0.577189322341239,0.593952757693255,0.610176426736444,0.62671062143767,
0.644085416355229,0.653197752139495,0.660226546160029,0.664402919260698,
0.67025874603443,0.677799313106523,0.687030482274861,0.697958556840601,
0.710590704666137,0.724935006712444,0.741000981651051,0.758799873913314,
0.778344821497279,0.799650956795099,0.822736182942648,0.847621107173205,
0.874329500026457,0.902888505190209,0.933329052206211,1.),(0.00788455265010789,
0.142857142857143,0.285714285714286,0.396293252658897),.UNSPECIFIED.);
#365=B_SPLINE_SURFACE_WITH_KNOTS('',3,3,((#3388,#3389,#3390,#3391,#3392,
#3393),(#3394,#3395,#3396,#3397,#3398,#3399),(#3400,#3401,#3402,#3403,#3404,
#3405),(#3406,#3407,#3408,#3409,#3410,#3411),(#3412,#3413,#3414,#3415,#3416,
#3417),(#3418,#3419,#3420,#3421,#3422,#3423),(#3424,#3425,#3426,#3427,#3428,
#3429),(#3430,#3431,#3432,#3433,#3434,#3435),(#3436,#3437,#3438,#3439,#3440,
#3441),(#3442,#3443,#3444,#3445,#3446,#3447),(#3448,#3449,#3450,#3451,#3452,
#3453),(#3454,#3455,#3456,#3457,#3458,#3459),(#3460,#3461,#3462,#3463,#3464,
#3465),(#3466,#3467,#3468,#3469,#3470,#3471),(#3472,#3473,#3474,#3475,#3476,
#3477),(#3478,#3479,#3480,#3481,#3482,#3483),(#3484,#3485,#3486,#3487,#3488,
#3489),(#3490,#3491,#3492,#3493,#3494,#3495),(#3496,#3497,#3498,#3499,#3500,
#3501),(#3502,#3503,#3504,#3505,#3506,#3507),(#3508,#3509,#3510,#3511,#3512,
#3513),(#3514,#3515,#3516,#3517,#3518,#3519),(#3520,#3521,#3522,#3523,#3524,
#3525),(#3526,#3527,#3528,#3529,#3530,#3531),(#3532,#3533,#3534,#3535,#3536,
#3537),(#3538,#3539,#3540,#3541,#3542,#3543),(#3544,#3545,#3546,#3547,#3548,
#3549),(#3550,#3551,#3552,#3553,#3554,#3555),(#3556,#3557,#3558,#3559,#3560,
#3561),(#3562,#3563,#3564,#3565,#3566,#3567),(#3568,#3569,#3570,#3571,#3572,
#3573),(#3574,#3575,#3576,#3577,#3578,#3579),(#3580,#3581,#3582,#3583,#3584,
#3585),(#3586,#3587,#3588,#3589,#3590,#3591),(#3592,#3593,#3594,#3595,#3596,
#3597),(#3598,#3599,#3600,#3601,#3602,#3603),(#3604,#3605,#3606,#3607,#3608,
#3609),(#3610,#3611,#3612,#3613,#3614,#3615),(#3616,#3617,#3618,#3619,#3620,
#3621),(#3622,#3623,#3624,#3625,#3626,#3627),(#3628,#3629,#3630,#3631,#3632,
#3633),(#3634,#3635,#3636,#3637,#3638,#3639),(#3640,#3641,#3642,#3643,#3644,
#3645),(#3646,#3647,#3648,#3649,#3650,#3651),(#3652,#3653,#3654,#3655,#3656,
#3657),(#3658,#3659,#3660,#3661,#3662,#3663),(#3664,#3665,#3666,#3667,#3668,
#3669),(#3670,#3671,#3672,#3673,#3674,#3675),(#3676,#3677,#3678,#3679,#3680,
#3681),(#3682,#3683,#3684,#3685,#3686,#3687),(#3688,#3689,#3690,#3691,#3692,
#3693),(#3694,#3695,#3696,#3697,#3698,#3699),(#3700,#3701,#3702,#3703,#3704,
#3705),(#3706,#3707,#3708,#3709,#3710,#3711),(#3712,#3713,#3714,#3715,#3716,
#3717),(#3718,#3719,#3720,#3721,#3722,#3723)),.RULED_SURF.,.F.,.F.,.F.,
(4,1,1,1,1,1,1,1,1,1,1,1,1,1,1,1,1,1,1,1,1,1,1,1,1,1,1,1,1,1,1,1,1,1,1,
1,1,1,1,1,1,1,1,1,1,1,1,1,1,1,1,1,1,4),(4,1,1,4),(0.,0.0666709477937893,
0.0971114948097908,0.125670499973543,0.152378892826796,0.177263817057352,
0.200349043204901,0.221655178502722,0.241200126086685,0.258999018348949,
0.275064993287556,0.289409295333864,0.302041443159399,0.312969517725138,
0.322200686893477,0.32974125396557,0.335597080739302,0.339773453839971,
0.346802247860505,0.355914583644771,0.37328937856233,0.389823573263555,
0.406047242306744,0.422810677658761,0.441336412136177,0.462713111172564,
0.479074740167295,0.520925259832705,0.537286888827436,0.558663587863823,
0.577189322341239,0.593952757693255,0.610176426736444,0.62671062143767,
0.644085416355229,0.653197752139495,0.660226546160029,0.664402919260698,
0.67025874603443,0.677799313106523,0.687030482274861,0.697958556840601,
0.710590704666137,0.724935006712444,0.741000981651051,0.758799873913314,
0.778344821497279,0.799650956795099,0.822736182942648,0.847621107173205,
0.874329500026457,0.902888505190209,0.933329052206211,1.),(0.00788455265011414,
0.142857142857143,0.285714285714286,0.396293252658871),.UNSPECIFIED.);
#366=B_SPLINE_SURFACE_WITH_KNOTS('',3,3,((#3785,#3786,#3787,#3788,#3789,
#3790),(#3791,#3792,#3793,#3794,#3795,#3796),(#3797,#3798,#3799,#3800,#3801,
#3802),(#3803,#3804,#3805,#3806,#3807,#3808),(#3809,#3810,#3811,#3812,#3813,
#3814),(#3815,#3816,#3817,#3818,#3819,#3820),(#3821,#3822,#3823,#3824,#3825,
#3826),(#3827,#3828,#3829,#3830,#3831,#3832),(#3833,#3834,#3835,#3836,#3837,
#3838),(#3839,#3840,#3841,#3842,#3843,#3844),(#3845,#3846,#3847,#3848,#3849,
#3850),(#3851,#3852,#3853,#3854,#3855,#3856),(#3857,#3858,#3859,#3860,#3861,
#3862),(#3863,#3864,#3865,#3866,#3867,#3868),(#3869,#3870,#3871,#3872,#3873,
#3874),(#3875,#3876,#3877,#3878,#3879,#3880),(#3881,#3882,#3883,#3884,#3885,
#3886),(#3887,#3888,#3889,#3890,#3891,#3892),(#3893,#3894,#3895,#3896,#3897,
#3898),(#3899,#3900,#3901,#3902,#3903,#3904),(#3905,#3906,#3907,#3908,#3909,
#3910),(#3911,#3912,#3913,#3914,#3915,#3916),(#3917,#3918,#3919,#3920,#3921,
#3922),(#3923,#3924,#3925,#3926,#3927,#3928),(#3929,#3930,#3931,#3932,#3933,
#3934),(#3935,#3936,#3937,#3938,#3939,#3940),(#3941,#3942,#3943,#3944,#3945,
#3946),(#3947,#3948,#3949,#3950,#3951,#3952),(#3953,#3954,#3955,#3956,#3957,
#3958),(#3959,#3960,#3961,#3962,#3963,#3964),(#3965,#3966,#3967,#3968,#3969,
#3970),(#3971,#3972,#3973,#3974,#3975,#3976),(#3977,#3978,#3979,#3980,#3981,
#3982),(#3983,#3984,#3985,#3986,#3987,#3988),(#3989,#3990,#3991,#3992,#3993,
#3994),(#3995,#3996,#3997,#3998,#3999,#4000),(#4001,#4002,#4003,#4004,#4005,
#4006),(#4007,#4008,#4009,#4010,#4011,#4012),(#4013,#4014,#4015,#4016,#4017,
#4018),(#4019,#4020,#4021,#4022,#4023,#4024),(#4025,#4026,#4027,#4028,#4029,
#4030),(#4031,#4032,#4033,#4034,#4035,#4036),(#4037,#4038,#4039,#4040,#4041,
#4042),(#4043,#4044,#4045,#4046,#4047,#4048),(#4049,#4050,#4051,#4052,#4053,
#4054),(#4055,#4056,#4057,#4058,#4059,#4060),(#4061,#4062,#4063,#4064,#4065,
#4066),(#4067,#4068,#4069,#4070,#4071,#4072),(#4073,#4074,#4075,#4076,#4077,
#4078),(#4079,#4080,#4081,#4082,#4083,#4084),(#4085,#4086,#4087,#4088,#4089,
#4090),(#4091,#4092,#4093,#4094,#4095,#4096),(#4097,#4098,#4099,#4100,#4101,
#4102),(#4103,#4104,#4105,#4106,#4107,#4108),(#4109,#4110,#4111,#4112,#4113,
#4114),(#4115,#4116,#4117,#4118,#4119,#4120)),.RULED_SURF.,.F.,.F.,.F.,
(4,1,1,1,1,1,1,1,1,1,1,1,1,1,1,1,1,1,1,1,1,1,1,1,1,1,1,1,1,1,1,1,1,1,1,
1,1,1,1,1,1,1,1,1,1,1,1,1,1,1,1,1,1,4),(4,1,1,4),(0.,0.0666709477937893,
0.0971114948097908,0.125670499973543,0.152378892826796,0.177263817057352,
0.200349043204901,0.221655178502722,0.241200126086685,0.258999018348949,
0.275064993287556,0.289409295333864,0.302041443159399,0.312969517725138,
0.322200686893477,0.32974125396557,0.335597080739302,0.339773453839971,
0.346802247860505,0.355914583644771,0.37328937856233,0.389823573263555,
0.406047242306744,0.422810677658761,0.441336412136177,0.462713111172564,
0.479074740167295,0.520925259832705,0.537286888827436,0.558663587863823,
0.577189322341239,0.593952757693255,0.610176426736444,0.62671062143767,
0.644085416355229,0.653197752139495,0.660226546160029,0.664402919260698,
0.67025874603443,0.677799313106523,0.687030482274861,0.697958556840601,
0.710590704666137,0.724935006712444,0.741000981651051,0.758799873913314,
0.778344821497279,0.799650956795099,0.822736182942648,0.847621107173205,
0.874329500026457,0.902888505190209,0.933329052206211,1.),(0.00788455265012717,
0.142857142857143,0.285714285714286,0.396293252658888),.UNSPECIFIED.);
#367=B_SPLINE_SURFACE_WITH_KNOTS('',3,3,((#4182,#4183,#4184,#4185,#4186,
#4187),(#4188,#4189,#4190,#4191,#4192,#4193),(#4194,#4195,#4196,#4197,#4198,
#4199),(#4200,#4201,#4202,#4203,#4204,#4205),(#4206,#4207,#4208,#4209,#4210,
#4211),(#4212,#4213,#4214,#4215,#4216,#4217),(#4218,#4219,#4220,#4221,#4222,
#4223),(#4224,#4225,#4226,#4227,#4228,#4229),(#4230,#4231,#4232,#4233,#4234,
#4235),(#4236,#4237,#4238,#4239,#4240,#4241),(#4242,#4243,#4244,#4245,#4246,
#4247),(#4248,#4249,#4250,#4251,#4252,#4253),(#4254,#4255,#4256,#4257,#4258,
#4259),(#4260,#4261,#4262,#4263,#4264,#4265),(#4266,#4267,#4268,#4269,#4270,
#4271),(#4272,#4273,#4274,#4275,#4276,#4277),(#4278,#4279,#4280,#4281,#4282,
#4283),(#4284,#4285,#4286,#4287,#4288,#4289),(#4290,#4291,#4292,#4293,#4294,
#4295),(#4296,#4297,#4298,#4299,#4300,#4301),(#4302,#4303,#4304,#4305,#4306,
#4307),(#4308,#4309,#4310,#4311,#4312,#4313),(#4314,#4315,#4316,#4317,#4318,
#4319),(#4320,#4321,#4322,#4323,#4324,#4325),(#4326,#4327,#4328,#4329,#4330,
#4331),(#4332,#4333,#4334,#4335,#4336,#4337),(#4338,#4339,#4340,#4341,#4342,
#4343),(#4344,#4345,#4346,#4347,#4348,#4349),(#4350,#4351,#4352,#4353,#4354,
#4355),(#4356,#4357,#4358,#4359,#4360,#4361),(#4362,#4363,#4364,#4365,#4366,
#4367),(#4368,#4369,#4370,#4371,#4372,#4373),(#4374,#4375,#4376,#4377,#4378,
#4379),(#4380,#4381,#4382,#4383,#4384,#4385),(#4386,#4387,#4388,#4389,#4390,
#4391),(#4392,#4393,#4394,#4395,#4396,#4397),(#4398,#4399,#4400,#4401,#4402,
#4403),(#4404,#4405,#4406,#4407,#4408,#4409),(#4410,#4411,#4412,#4413,#4414,
#4415),(#4416,#4417,#4418,#4419,#4420,#4421),(#4422,#4423,#4424,#4425,#4426,
#4427),(#4428,#4429,#4430,#4431,#4432,#4433),(#4434,#4435,#4436,#4437,#4438,
#4439),(#4440,#4441,#4442,#4443,#4444,#4445),(#4446,#4447,#4448,#4449,#4450,
#4451),(#4452,#4453,#4454,#4455,#4456,#4457),(#4458,#4459,#4460,#4461,#4462,
#4463),(#4464,#4465,#4466,#4467,#4468,#4469),(#4470,#4471,#4472,#4473,#4474,
#4475),(#4476,#4477,#4478,#4479,#4480,#4481),(#4482,#4483,#4484,#4485,#4486,
#4487),(#4488,#4489,#4490,#4491,#4492,#4493),(#4494,#4495,#4496,#4497,#4498,
#4499),(#4500,#4501,#4502,#4503,#4504,#4505),(#4506,#4507,#4508,#4509,#4510,
#4511),(#4512,#4513,#4514,#4515,#4516,#4517)),.RULED_SURF.,.F.,.F.,.F.,
(4,1,1,1,1,1,1,1,1,1,1,1,1,1,1,1,1,1,1,1,1,1,1,1,1,1,1,1,1,1,1,1,1,1,1,
1,1,1,1,1,1,1,1,1,1,1,1,1,1,1,1,1,1,4),(4,1,1,4),(0.,0.0666709477937893,
0.0971114948097908,0.125670499973543,0.152378892826796,0.177263817057352,
0.200349043204901,0.221655178502722,0.241200126086685,0.258999018348949,
0.275064993287556,0.289409295333864,0.302041443159399,0.312969517725138,
0.322200686893477,0.32974125396557,0.335597080739302,0.339773453839971,
0.346802247860505,0.355914583644771,0.37328937856233,0.389823573263555,
0.406047242306744,0.422810677658761,0.441336412136177,0.462713111172564,
0.479074740167295,0.520925259832705,0.537286888827436,0.558663587863823,
0.577189322341239,0.593952757693255,0.610176426736444,0.62671062143767,
0.644085416355229,0.653197752139495,0.660226546160029,0.664402919260698,
0.67025874603443,0.677799313106523,0.687030482274861,0.697958556840601,
0.710590704666137,0.724935006712444,0.741000981651051,0.758799873913314,
0.778344821497279,0.799650956795099,0.822736182942648,0.847621107173205,
0.874329500026457,0.902888505190209,0.933329052206211,1.),(0.00788455265011469,
0.142857142857143,0.285714285714286,0.396293252658879),.UNSPECIFIED.);
#368=B_SPLINE_SURFACE_WITH_KNOTS('',3,3,((#4579,#4580,#4581,#4582,#4583,
#4584),(#4585,#4586,#4587,#4588,#4589,#4590),(#4591,#4592,#4593,#4594,#4595,
#4596),(#4597,#4598,#4599,#4600,#4601,#4602),(#4603,#4604,#4605,#4606,#4607,
#4608),(#4609,#4610,#4611,#4612,#4613,#4614),(#4615,#4616,#4617,#4618,#4619,
#4620),(#4621,#4622,#4623,#4624,#4625,#4626),(#4627,#4628,#4629,#4630,#4631,
#4632),(#4633,#4634,#4635,#4636,#4637,#4638),(#4639,#4640,#4641,#4642,#4643,
#4644),(#4645,#4646,#4647,#4648,#4649,#4650),(#4651,#4652,#4653,#4654,#4655,
#4656),(#4657,#4658,#4659,#4660,#4661,#4662),(#4663,#4664,#4665,#4666,#4667,
#4668),(#4669,#4670,#4671,#4672,#4673,#4674),(#4675,#4676,#4677,#4678,#4679,
#4680),(#4681,#4682,#4683,#4684,#4685,#4686),(#4687,#4688,#4689,#4690,#4691,
#4692),(#4693,#4694,#4695,#4696,#4697,#4698),(#4699,#4700,#4701,#4702,#4703,
#4704),(#4705,#4706,#4707,#4708,#4709,#4710),(#4711,#4712,#4713,#4714,#4715,
#4716),(#4717,#4718,#4719,#4720,#4721,#4722),(#4723,#4724,#4725,#4726,#4727,
#4728),(#4729,#4730,#4731,#4732,#4733,#4734),(#4735,#4736,#4737,#4738,#4739,
#4740),(#4741,#4742,#4743,#4744,#4745,#4746),(#4747,#4748,#4749,#4750,#4751,
#4752),(#4753,#4754,#4755,#4756,#4757,#4758),(#4759,#4760,#4761,#4762,#4763,
#4764),(#4765,#4766,#4767,#4768,#4769,#4770),(#4771,#4772,#4773,#4774,#4775,
#4776),(#4777,#4778,#4779,#4780,#4781,#4782),(#4783,#4784,#4785,#4786,#4787,
#4788),(#4789,#4790,#4791,#4792,#4793,#4794),(#4795,#4796,#4797,#4798,#4799,
#4800),(#4801,#4802,#4803,#4804,#4805,#4806),(#4807,#4808,#4809,#4810,#4811,
#4812),(#4813,#4814,#4815,#4816,#4817,#4818),(#4819,#4820,#4821,#4822,#4823,
#4824),(#4825,#4826,#4827,#4828,#4829,#4830),(#4831,#4832,#4833,#4834,#4835,
#4836),(#4837,#4838,#4839,#4840,#4841,#4842),(#4843,#4844,#4845,#4846,#4847,
#4848),(#4849,#4850,#4851,#4852,#4853,#4854),(#4855,#4856,#4857,#4858,#4859,
#4860),(#4861,#4862,#4863,#4864,#4865,#4866),(#4867,#4868,#4869,#4870,#4871,
#4872),(#4873,#4874,#4875,#4876,#4877,#4878),(#4879,#4880,#4881,#4882,#4883,
#4884),(#4885,#4886,#4887,#4888,#4889,#4890),(#4891,#4892,#4893,#4894,#4895,
#4896),(#4897,#4898,#4899,#4900,#4901,#4902),(#4903,#4904,#4905,#4906,#4907,
#4908),(#4909,#4910,#4911,#4912,#4913,#4914)),.RULED_SURF.,.F.,.F.,.F.,
(4,1,1,1,1,1,1,1,1,1,1,1,1,1,1,1,1,1,1,1,1,1,1,1,1,1,1,1,1,1,1,1,1,1,1,
1,1,1,1,1,1,1,1,1,1,1,1,1,1,1,1,1,1,4),(4,1,1,4),(0.,0.0666709477937893,
0.0971114948097908,0.125670499973543,0.152378892826796,0.177263817057352,
0.200349043204901,0.221655178502722,0.241200126086685,0.258999018348949,
0.275064993287556,0.289409295333864,0.302041443159399,0.312969517725138,
0.322200686893477,0.32974125396557,0.335597080739302,0.339773453839971,
0.346802247860505,0.355914583644771,0.37328937856233,0.389823573263555,
0.406047242306744,0.422810677658761,0.441336412136177,0.462713111172564,
0.479074740167295,0.520925259832705,0.537286888827436,0.558663587863823,
0.577189322341239,0.593952757693255,0.610176426736444,0.62671062143767,
0.644085416355229,0.653197752139495,0.660226546160029,0.664402919260698,
0.67025874603443,0.677799313106523,0.687030482274861,0.697958556840601,
0.710590704666137,0.724935006712444,0.741000981651051,0.758799873913314,
0.778344821497279,0.799650956795099,0.822736182942648,0.847621107173205,
0.874329500026457,0.902888505190209,0.933329052206211,1.),(0.0078845526501313,
0.142857142857143,0.285714285714286,0.396293252658879),.UNSPECIFIED.);
#369=B_SPLINE_SURFACE_WITH_KNOTS('',3,3,((#4976,#4977,#4978,#4979,#4980,
#4981),(#4982,#4983,#4984,#4985,#4986,#4987),(#4988,#4989,#4990,#4991,#4992,
#4993),(#4994,#4995,#4996,#4997,#4998,#4999),(#5000,#5001,#5002,#5003,#5004,
#5005),(#5006,#5007,#5008,#5009,#5010,#5011),(#5012,#5013,#5014,#5015,#5016,
#5017),(#5018,#5019,#5020,#5021,#5022,#5023),(#5024,#5025,#5026,#5027,#5028,
#5029),(#5030,#5031,#5032,#5033,#5034,#5035),(#5036,#5037,#5038,#5039,#5040,
#5041),(#5042,#5043,#5044,#5045,#5046,#5047),(#5048,#5049,#5050,#5051,#5052,
#5053),(#5054,#5055,#5056,#5057,#5058,#5059),(#5060,#5061,#5062,#5063,#5064,
#5065),(#5066,#5067,#5068,#5069,#5070,#5071),(#5072,#5073,#5074,#5075,#5076,
#5077),(#5078,#5079,#5080,#5081,#5082,#5083),(#5084,#5085,#5086,#5087,#5088,
#5089),(#5090,#5091,#5092,#5093,#5094,#5095),(#5096,#5097,#5098,#5099,#5100,
#5101),(#5102,#5103,#5104,#5105,#5106,#5107),(#5108,#5109,#5110,#5111,#5112,
#5113),(#5114,#5115,#5116,#5117,#5118,#5119),(#5120,#5121,#5122,#5123,#5124,
#5125),(#5126,#5127,#5128,#5129,#5130,#5131),(#5132,#5133,#5134,#5135,#5136,
#5137),(#5138,#5139,#5140,#5141,#5142,#5143),(#5144,#5145,#5146,#5147,#5148,
#5149),(#5150,#5151,#5152,#5153,#5154,#5155),(#5156,#5157,#5158,#5159,#5160,
#5161),(#5162,#5163,#5164,#5165,#5166,#5167),(#5168,#5169,#5170,#5171,#5172,
#5173),(#5174,#5175,#5176,#5177,#5178,#5179),(#5180,#5181,#5182,#5183,#5184,
#5185),(#5186,#5187,#5188,#5189,#5190,#5191),(#5192,#5193,#5194,#5195,#5196,
#5197),(#5198,#5199,#5200,#5201,#5202,#5203),(#5204,#5205,#5206,#5207,#5208,
#5209),(#5210,#5211,#5212,#5213,#5214,#5215),(#5216,#5217,#5218,#5219,#5220,
#5221),(#5222,#5223,#5224,#5225,#5226,#5227),(#5228,#5229,#5230,#5231,#5232,
#5233),(#5234,#5235,#5236,#5237,#5238,#5239),(#5240,#5241,#5242,#5243,#5244,
#5245),(#5246,#5247,#5248,#5249,#5250,#5251),(#5252,#5253,#5254,#5255,#5256,
#5257),(#5258,#5259,#5260,#5261,#5262,#5263),(#5264,#5265,#5266,#5267,#5268,
#5269),(#5270,#5271,#5272,#5273,#5274,#5275),(#5276,#5277,#5278,#5279,#5280,
#5281),(#5282,#5283,#5284,#5285,#5286,#5287),(#5288,#5289,#5290,#5291,#5292,
#5293),(#5294,#5295,#5296,#5297,#5298,#5299),(#5300,#5301,#5302,#5303,#5304,
#5305),(#5306,#5307,#5308,#5309,#5310,#5311)),.RULED_SURF.,.F.,.F.,.F.,
(4,1,1,1,1,1,1,1,1,1,1,1,1,1,1,1,1,1,1,1,1,1,1,1,1,1,1,1,1,1,1,1,1,1,1,
1,1,1,1,1,1,1,1,1,1,1,1,1,1,1,1,1,1,4),(4,1,1,4),(0.,0.0666709477937893,
0.0971114948097908,0.125670499973543,0.152378892826796,0.177263817057352,
0.200349043204901,0.221655178502722,0.241200126086685,0.258999018348949,
0.275064993287556,0.289409295333864,0.302041443159399,0.312969517725138,
0.322200686893477,0.32974125396557,0.335597080739302,0.339773453839971,
0.346802247860505,0.355914583644771,0.37328937856233,0.389823573263555,
0.406047242306744,0.422810677658761,0.441336412136177,0.462713111172564,
0.479074740167295,0.520925259832705,0.537286888827436,0.558663587863823,
0.577189322341239,0.593952757693255,0.610176426736444,0.62671062143767,
0.644085416355229,0.653197752139495,0.660226546160029,0.664402919260698,
0.67025874603443,0.677799313106523,0.687030482274861,0.697958556840601,
0.710590704666137,0.724935006712444,0.741000981651051,0.758799873913314,
0.778344821497279,0.799650956795099,0.822736182942648,0.847621107173205,
0.874329500026457,0.902888505190209,0.933329052206211,1.),(0.00788455265013339,
0.142857142857143,0.285714285714286,0.39629325265888),.UNSPECIFIED.);
#370=B_SPLINE_SURFACE_WITH_KNOTS('',3,3,((#5373,#5374,#5375,#5376,#5377,
#5378),(#5379,#5380,#5381,#5382,#5383,#5384),(#5385,#5386,#5387,#5388,#5389,
#5390),(#5391,#5392,#5393,#5394,#5395,#5396),(#5397,#5398,#5399,#5400,#5401,
#5402),(#5403,#5404,#5405,#5406,#5407,#5408),(#5409,#5410,#5411,#5412,#5413,
#5414),(#5415,#5416,#5417,#5418,#5419,#5420),(#5421,#5422,#5423,#5424,#5425,
#5426),(#5427,#5428,#5429,#5430,#5431,#5432),(#5433,#5434,#5435,#5436,#5437,
#5438),(#5439,#5440,#5441,#5442,#5443,#5444),(#5445,#5446,#5447,#5448,#5449,
#5450),(#5451,#5452,#5453,#5454,#5455,#5456),(#5457,#5458,#5459,#5460,#5461,
#5462),(#5463,#5464,#5465,#5466,#5467,#5468),(#5469,#5470,#5471,#5472,#5473,
#5474),(#5475,#5476,#5477,#5478,#5479,#5480),(#5481,#5482,#5483,#5484,#5485,
#5486),(#5487,#5488,#5489,#5490,#5491,#5492),(#5493,#5494,#5495,#5496,#5497,
#5498),(#5499,#5500,#5501,#5502,#5503,#5504),(#5505,#5506,#5507,#5508,#5509,
#5510),(#5511,#5512,#5513,#5514,#5515,#5516),(#5517,#5518,#5519,#5520,#5521,
#5522),(#5523,#5524,#5525,#5526,#5527,#5528),(#5529,#5530,#5531,#5532,#5533,
#5534),(#5535,#5536,#5537,#5538,#5539,#5540),(#5541,#5542,#5543,#5544,#5545,
#5546),(#5547,#5548,#5549,#5550,#5551,#5552),(#5553,#5554,#5555,#5556,#5557,
#5558),(#5559,#5560,#5561,#5562,#5563,#5564),(#5565,#5566,#5567,#5568,#5569,
#5570),(#5571,#5572,#5573,#5574,#5575,#5576),(#5577,#5578,#5579,#5580,#5581,
#5582),(#5583,#5584,#5585,#5586,#5587,#5588),(#5589,#5590,#5591,#5592,#5593,
#5594),(#5595,#5596,#5597,#5598,#5599,#5600),(#5601,#5602,#5603,#5604,#5605,
#5606),(#5607,#5608,#5609,#5610,#5611,#5612),(#5613,#5614,#5615,#5616,#5617,
#5618),(#5619,#5620,#5621,#5622,#5623,#5624),(#5625,#5626,#5627,#5628,#5629,
#5630),(#5631,#5632,#5633,#5634,#5635,#5636),(#5637,#5638,#5639,#5640,#5641,
#5642),(#5643,#5644,#5645,#5646,#5647,#5648),(#5649,#5650,#5651,#5652,#5653,
#5654),(#5655,#5656,#5657,#5658,#5659,#5660),(#5661,#5662,#5663,#5664,#5665,
#5666),(#5667,#5668,#5669,#5670,#5671,#5672),(#5673,#5674,#5675,#5676,#5677,
#5678),(#5679,#5680,#5681,#5682,#5683,#5684),(#5685,#5686,#5687,#5688,#5689,
#5690),(#5691,#5692,#5693,#5694,#5695,#5696),(#5697,#5698,#5699,#5700,#5701,
#5702),(#5703,#5704,#5705,#5706,#5707,#5708)),.RULED_SURF.,.F.,.F.,.F.,
(4,1,1,1,1,1,1,1,1,1,1,1,1,1,1,1,1,1,1,1,1,1,1,1,1,1,1,1,1,1,1,1,1,1,1,
1,1,1,1,1,1,1,1,1,1,1,1,1,1,1,1,1,1,4),(4,1,1,4),(0.,0.0666709477937893,
0.0971114948097908,0.125670499973543,0.152378892826796,0.177263817057352,
0.200349043204901,0.221655178502722,0.241200126086685,0.258999018348949,
0.275064993287556,0.289409295333864,0.302041443159399,0.312969517725138,
0.322200686893477,0.32974125396557,0.335597080739302,0.339773453839971,
0.346802247860505,0.355914583644771,0.37328937856233,0.389823573263555,
0.406047242306744,0.422810677658761,0.441336412136177,0.462713111172564,
0.479074740167295,0.520925259832705,0.537286888827436,0.558663587863823,
0.577189322341239,0.593952757693255,0.610176426736444,0.62671062143767,
0.644085416355229,0.653197752139495,0.660226546160029,0.664402919260698,
0.67025874603443,0.677799313106523,0.687030482274861,0.697958556840601,
0.710590704666137,0.724935006712444,0.741000981651051,0.758799873913314,
0.778344821497279,0.799650956795099,0.822736182942648,0.847621107173205,
0.874329500026457,0.902888505190209,0.933329052206211,1.),(0.0078845526501319,
0.142857142857143,0.285714285714286,0.396293252658879),.UNSPECIFIED.);
#371=B_SPLINE_SURFACE_WITH_KNOTS('',3,3,((#5770,#5771,#5772,#5773,#5774,
#5775),(#5776,#5777,#5778,#5779,#5780,#5781),(#5782,#5783,#5784,#5785,#5786,
#5787),(#5788,#5789,#5790,#5791,#5792,#5793),(#5794,#5795,#5796,#5797,#5798,
#5799),(#5800,#5801,#5802,#5803,#5804,#5805),(#5806,#5807,#5808,#5809,#5810,
#5811),(#5812,#5813,#5814,#5815,#5816,#5817),(#5818,#5819,#5820,#5821,#5822,
#5823),(#5824,#5825,#5826,#5827,#5828,#5829),(#5830,#5831,#5832,#5833,#5834,
#5835),(#5836,#5837,#5838,#5839,#5840,#5841),(#5842,#5843,#5844,#5845,#5846,
#5847),(#5848,#5849,#5850,#5851,#5852,#5853),(#5854,#5855,#5856,#5857,#5858,
#5859),(#5860,#5861,#5862,#5863,#5864,#5865),(#5866,#5867,#5868,#5869,#5870,
#5871),(#5872,#5873,#5874,#5875,#5876,#5877),(#5878,#5879,#5880,#5881,#5882,
#5883),(#5884,#5885,#5886,#5887,#5888,#5889),(#5890,#5891,#5892,#5893,#5894,
#5895),(#5896,#5897,#5898,#5899,#5900,#5901),(#5902,#5903,#5904,#5905,#5906,
#5907),(#5908,#5909,#5910,#5911,#5912,#5913),(#5914,#5915,#5916,#5917,#5918,
#5919),(#5920,#5921,#5922,#5923,#5924,#5925),(#5926,#5927,#5928,#5929,#5930,
#5931),(#5932,#5933,#5934,#5935,#5936,#5937),(#5938,#5939,#5940,#5941,#5942,
#5943),(#5944,#5945,#5946,#5947,#5948,#5949),(#5950,#5951,#5952,#5953,#5954,
#5955),(#5956,#5957,#5958,#5959,#5960,#5961),(#5962,#5963,#5964,#5965,#5966,
#5967),(#5968,#5969,#5970,#5971,#5972,#5973),(#5974,#5975,#5976,#5977,#5978,
#5979),(#5980,#5981,#5982,#5983,#5984,#5985),(#5986,#5987,#5988,#5989,#5990,
#5991),(#5992,#5993,#5994,#5995,#5996,#5997),(#5998,#5999,#6000,#6001,#6002,
#6003),(#6004,#6005,#6006,#6007,#6008,#6009),(#6010,#6011,#6012,#6013,#6014,
#6015),(#6016,#6017,#6018,#6019,#6020,#6021),(#6022,#6023,#6024,#6025,#6026,
#6027),(#6028,#6029,#6030,#6031,#6032,#6033),(#6034,#6035,#6036,#6037,#6038,
#6039),(#6040,#6041,#6042,#6043,#6044,#6045),(#6046,#6047,#6048,#6049,#6050,
#6051),(#6052,#6053,#6054,#6055,#6056,#6057),(#6058,#6059,#6060,#6061,#6062,
#6063),(#6064,#6065,#6066,#6067,#6068,#6069),(#6070,#6071,#6072,#6073,#6074,
#6075),(#6076,#6077,#6078,#6079,#6080,#6081),(#6082,#6083,#6084,#6085,#6086,
#6087),(#6088,#6089,#6090,#6091,#6092,#6093),(#6094,#6095,#6096,#6097,#6098,
#6099),(#6100,#6101,#6102,#6103,#6104,#6105)),.RULED_SURF.,.F.,.F.,.F.,
(4,1,1,1,1,1,1,1,1,1,1,1,1,1,1,1,1,1,1,1,1,1,1,1,1,1,1,1,1,1,1,1,1,1,1,
1,1,1,1,1,1,1,1,1,1,1,1,1,1,1,1,1,1,4),(4,1,1,4),(0.,0.0666709477937893,
0.0971114948097908,0.125670499973543,0.152378892826796,0.177263817057352,
0.200349043204901,0.221655178502722,0.241200126086685,0.258999018348949,
0.275064993287556,0.289409295333864,0.302041443159399,0.312969517725138,
0.322200686893477,0.32974125396557,0.335597080739302,0.339773453839971,
0.346802247860505,0.355914583644771,0.37328937856233,0.389823573263555,
0.406047242306744,0.422810677658761,0.441336412136177,0.462713111172564,
0.479074740167295,0.520925259832705,0.537286888827436,0.558663587863823,
0.577189322341239,0.593952757693255,0.610176426736444,0.62671062143767,
0.644085416355229,0.653197752139495,0.660226546160029,0.664402919260698,
0.67025874603443,0.677799313106523,0.687030482274861,0.697958556840601,
0.710590704666137,0.724935006712444,0.741000981651051,0.758799873913314,
0.778344821497279,0.799650956795099,0.822736182942648,0.847621107173205,
0.874329500026457,0.902888505190209,0.933329052206211,1.),(0.00788455265011586,
0.142857142857143,0.285714285714286,0.396293252658872),.UNSPECIFIED.);
#372=B_SPLINE_SURFACE_WITH_KNOTS('',3,3,((#6167,#6168,#6169,#6170,#6171,
#6172),(#6173,#6174,#6175,#6176,#6177,#6178),(#6179,#6180,#6181,#6182,#6183,
#6184),(#6185,#6186,#6187,#6188,#6189,#6190),(#6191,#6192,#6193,#6194,#6195,
#6196),(#6197,#6198,#6199,#6200,#6201,#6202),(#6203,#6204,#6205,#6206,#6207,
#6208),(#6209,#6210,#6211,#6212,#6213,#6214),(#6215,#6216,#6217,#6218,#6219,
#6220),(#6221,#6222,#6223,#6224,#6225,#6226),(#6227,#6228,#6229,#6230,#6231,
#6232),(#6233,#6234,#6235,#6236,#6237,#6238),(#6239,#6240,#6241,#6242,#6243,
#6244),(#6245,#6246,#6247,#6248,#6249,#6250),(#6251,#6252,#6253,#6254,#6255,
#6256),(#6257,#6258,#6259,#6260,#6261,#6262),(#6263,#6264,#6265,#6266,#6267,
#6268),(#6269,#6270,#6271,#6272,#6273,#6274),(#6275,#6276,#6277,#6278,#6279,
#6280),(#6281,#6282,#6283,#6284,#6285,#6286),(#6287,#6288,#6289,#6290,#6291,
#6292),(#6293,#6294,#6295,#6296,#6297,#6298),(#6299,#6300,#6301,#6302,#6303,
#6304),(#6305,#6306,#6307,#6308,#6309,#6310),(#6311,#6312,#6313,#6314,#6315,
#6316),(#6317,#6318,#6319,#6320,#6321,#6322),(#6323,#6324,#6325,#6326,#6327,
#6328),(#6329,#6330,#6331,#6332,#6333,#6334),(#6335,#6336,#6337,#6338,#6339,
#6340),(#6341,#6342,#6343,#6344,#6345,#6346),(#6347,#6348,#6349,#6350,#6351,
#6352),(#6353,#6354,#6355,#6356,#6357,#6358),(#6359,#6360,#6361,#6362,#6363,
#6364),(#6365,#6366,#6367,#6368,#6369,#6370),(#6371,#6372,#6373,#6374,#6375,
#6376),(#6377,#6378,#6379,#6380,#6381,#6382),(#6383,#6384,#6385,#6386,#6387,
#6388),(#6389,#6390,#6391,#6392,#6393,#6394),(#6395,#6396,#6397,#6398,#6399,
#6400),(#6401,#6402,#6403,#6404,#6405,#6406),(#6407,#6408,#6409,#6410,#6411,
#6412),(#6413,#6414,#6415,#6416,#6417,#6418),(#6419,#6420,#6421,#6422,#6423,
#6424),(#6425,#6426,#6427,#6428,#6429,#6430),(#6431,#6432,#6433,#6434,#6435,
#6436),(#6437,#6438,#6439,#6440,#6441,#6442),(#6443,#6444,#6445,#6446,#6447,
#6448),(#6449,#6450,#6451,#6452,#6453,#6454),(#6455,#6456,#6457,#6458,#6459,
#6460),(#6461,#6462,#6463,#6464,#6465,#6466),(#6467,#6468,#6469,#6470,#6471,
#6472),(#6473,#6474,#6475,#6476,#6477,#6478),(#6479,#6480,#6481,#6482,#6483,
#6484),(#6485,#6486,#6487,#6488,#6489,#6490),(#6491,#6492,#6493,#6494,#6495,
#6496),(#6497,#6498,#6499,#6500,#6501,#6502)),.RULED_SURF.,.F.,.F.,.F.,
(4,1,1,1,1,1,1,1,1,1,1,1,1,1,1,1,1,1,1,1,1,1,1,1,1,1,1,1,1,1,1,1,1,1,1,
1,1,1,1,1,1,1,1,1,1,1,1,1,1,1,1,1,1,4),(4,1,1,4),(0.,0.0666709477937893,
0.0971114948097908,0.125670499973543,0.152378892826796,0.177263817057352,
0.200349043204901,0.221655178502722,0.241200126086685,0.258999018348949,
0.275064993287556,0.289409295333864,0.302041443159399,0.312969517725138,
0.322200686893477,0.32974125396557,0.335597080739302,0.339773453839971,
0.346802247860505,0.355914583644771,0.37328937856233,0.389823573263555,
0.406047242306744,0.422810677658761,0.441336412136177,0.462713111172564,
0.479074740167295,0.520925259832705,0.537286888827436,0.558663587863823,
0.577189322341239,0.593952757693255,0.610176426736444,0.62671062143767,
0.644085416355229,0.653197752139495,0.660226546160029,0.664402919260698,
0.67025874603443,0.677799313106523,0.687030482274861,0.697958556840601,
0.710590704666137,0.724935006712444,0.741000981651051,0.758799873913314,
0.778344821497279,0.799650956795099,0.822736182942648,0.847621107173205,
0.874329500026457,0.902888505190209,0.933329052206211,1.),(0.00788455265010918,
0.142857142857143,0.285714285714286,0.396293252658869),.UNSPECIFIED.);
#373=B_SPLINE_SURFACE_WITH_KNOTS('',3,3,((#6564,#6565,#6566,#6567,#6568,
#6569),(#6570,#6571,#6572,#6573,#6574,#6575),(#6576,#6577,#6578,#6579,#6580,
#6581),(#6582,#6583,#6584,#6585,#6586,#6587),(#6588,#6589,#6590,#6591,#6592,
#6593),(#6594,#6595,#6596,#6597,#6598,#6599),(#6600,#6601,#6602,#6603,#6604,
#6605),(#6606,#6607,#6608,#6609,#6610,#6611),(#6612,#6613,#6614,#6615,#6616,
#6617),(#6618,#6619,#6620,#6621,#6622,#6623),(#6624,#6625,#6626,#6627,#6628,
#6629),(#6630,#6631,#6632,#6633,#6634,#6635),(#6636,#6637,#6638,#6639,#6640,
#6641),(#6642,#6643,#6644,#6645,#6646,#6647),(#6648,#6649,#6650,#6651,#6652,
#6653),(#6654,#6655,#6656,#6657,#6658,#6659),(#6660,#6661,#6662,#6663,#6664,
#6665),(#6666,#6667,#6668,#6669,#6670,#6671),(#6672,#6673,#6674,#6675,#6676,
#6677),(#6678,#6679,#6680,#6681,#6682,#6683),(#6684,#6685,#6686,#6687,#6688,
#6689),(#6690,#6691,#6692,#6693,#6694,#6695),(#6696,#6697,#6698,#6699,#6700,
#6701),(#6702,#6703,#6704,#6705,#6706,#6707),(#6708,#6709,#6710,#6711,#6712,
#6713),(#6714,#6715,#6716,#6717,#6718,#6719),(#6720,#6721,#6722,#6723,#6724,
#6725),(#6726,#6727,#6728,#6729,#6730,#6731),(#6732,#6733,#6734,#6735,#6736,
#6737),(#6738,#6739,#6740,#6741,#6742,#6743),(#6744,#6745,#6746,#6747,#6748,
#6749),(#6750,#6751,#6752,#6753,#6754,#6755),(#6756,#6757,#6758,#6759,#6760,
#6761),(#6762,#6763,#6764,#6765,#6766,#6767),(#6768,#6769,#6770,#6771,#6772,
#6773),(#6774,#6775,#6776,#6777,#6778,#6779),(#6780,#6781,#6782,#6783,#6784,
#6785),(#6786,#6787,#6788,#6789,#6790,#6791),(#6792,#6793,#6794,#6795,#6796,
#6797),(#6798,#6799,#6800,#6801,#6802,#6803),(#6804,#6805,#6806,#6807,#6808,
#6809),(#6810,#6811,#6812,#6813,#6814,#6815),(#6816,#6817,#6818,#6819,#6820,
#6821),(#6822,#6823,#6824,#6825,#6826,#6827),(#6828,#6829,#6830,#6831,#6832,
#6833),(#6834,#6835,#6836,#6837,#6838,#6839),(#6840,#6841,#6842,#6843,#6844,
#6845),(#6846,#6847,#6848,#6849,#6850,#6851),(#6852,#6853,#6854,#6855,#6856,
#6857),(#6858,#6859,#6860,#6861,#6862,#6863),(#6864,#6865,#6866,#6867,#6868,
#6869),(#6870,#6871,#6872,#6873,#6874,#6875),(#6876,#6877,#6878,#6879,#6880,
#6881),(#6882,#6883,#6884,#6885,#6886,#6887),(#6888,#6889,#6890,#6891,#6892,
#6893),(#6894,#6895,#6896,#6897,#6898,#6899)),.RULED_SURF.,.F.,.F.,.F.,
(4,1,1,1,1,1,1,1,1,1,1,1,1,1,1,1,1,1,1,1,1,1,1,1,1,1,1,1,1,1,1,1,1,1,1,
1,1,1,1,1,1,1,1,1,1,1,1,1,1,1,1,1,1,4),(4,1,1,4),(0.,0.0666709477937893,
0.0971114948097908,0.125670499973543,0.152378892826796,0.177263817057352,
0.200349043204901,0.221655178502722,0.241200126086685,0.258999018348949,
0.275064993287556,0.289409295333864,0.302041443159399,0.312969517725138,
0.322200686893477,0.32974125396557,0.335597080739302,0.339773453839971,
0.346802247860505,0.355914583644771,0.37328937856233,0.389823573263555,
0.406047242306744,0.422810677658761,0.441336412136177,0.462713111172564,
0.479074740167295,0.520925259832705,0.537286888827436,0.558663587863823,
0.577189322341239,0.593952757693255,0.610176426736444,0.62671062143767,
0.644085416355229,0.653197752139495,0.660226546160029,0.664402919260698,
0.67025874603443,0.677799313106523,0.687030482274861,0.697958556840601,
0.710590704666137,0.724935006712444,0.741000981651051,0.758799873913314,
0.778344821497279,0.799650956795099,0.822736182942648,0.847621107173205,
0.874329500026457,0.902888505190209,0.933329052206211,1.),(0.00788455265011519,
0.142857142857143,0.285714285714286,0.39629325265888),.UNSPECIFIED.);
#374=B_SPLINE_SURFACE_WITH_KNOTS('',3,3,((#6961,#6962,#6963,#6964,#6965,
#6966),(#6967,#6968,#6969,#6970,#6971,#6972),(#6973,#6974,#6975,#6976,#6977,
#6978),(#6979,#6980,#6981,#6982,#6983,#6984),(#6985,#6986,#6987,#6988,#6989,
#6990),(#6991,#6992,#6993,#6994,#6995,#6996),(#6997,#6998,#6999,#7000,#7001,
#7002),(#7003,#7004,#7005,#7006,#7007,#7008),(#7009,#7010,#7011,#7012,#7013,
#7014),(#7015,#7016,#7017,#7018,#7019,#7020),(#7021,#7022,#7023,#7024,#7025,
#7026),(#7027,#7028,#7029,#7030,#7031,#7032),(#7033,#7034,#7035,#7036,#7037,
#7038),(#7039,#7040,#7041,#7042,#7043,#7044),(#7045,#7046,#7047,#7048,#7049,
#7050),(#7051,#7052,#7053,#7054,#7055,#7056),(#7057,#7058,#7059,#7060,#7061,
#7062),(#7063,#7064,#7065,#7066,#7067,#7068),(#7069,#7070,#7071,#7072,#7073,
#7074),(#7075,#7076,#7077,#7078,#7079,#7080),(#7081,#7082,#7083,#7084,#7085,
#7086),(#7087,#7088,#7089,#7090,#7091,#7092),(#7093,#7094,#7095,#7096,#7097,
#7098),(#7099,#7100,#7101,#7102,#7103,#7104),(#7105,#7106,#7107,#7108,#7109,
#7110),(#7111,#7112,#7113,#7114,#7115,#7116),(#7117,#7118,#7119,#7120,#7121,
#7122),(#7123,#7124,#7125,#7126,#7127,#7128),(#7129,#7130,#7131,#7132,#7133,
#7134),(#7135,#7136,#7137,#7138,#7139,#7140),(#7141,#7142,#7143,#7144,#7145,
#7146),(#7147,#7148,#7149,#7150,#7151,#7152),(#7153,#7154,#7155,#7156,#7157,
#7158),(#7159,#7160,#7161,#7162,#7163,#7164),(#7165,#7166,#7167,#7168,#7169,
#7170),(#7171,#7172,#7173,#7174,#7175,#7176),(#7177,#7178,#7179,#7180,#7181,
#7182),(#7183,#7184,#7185,#7186,#7187,#7188),(#7189,#7190,#7191,#7192,#7193,
#7194),(#7195,#7196,#7197,#7198,#7199,#7200),(#7201,#7202,#7203,#7204,#7205,
#7206),(#7207,#7208,#7209,#7210,#7211,#7212),(#7213,#7214,#7215,#7216,#7217,
#7218),(#7219,#7220,#7221,#7222,#7223,#7224),(#7225,#7226,#7227,#7228,#7229,
#7230),(#7231,#7232,#7233,#7234,#7235,#7236),(#7237,#7238,#7239,#7240,#7241,
#7242),(#7243,#7244,#7245,#7246,#7247,#7248),(#7249,#7250,#7251,#7252,#7253,
#7254),(#7255,#7256,#7257,#7258,#7259,#7260),(#7261,#7262,#7263,#7264,#7265,
#7266),(#7267,#7268,#7269,#7270,#7271,#7272),(#7273,#7274,#7275,#7276,#7277,
#7278),(#7279,#7280,#7281,#7282,#7283,#7284),(#7285,#7286,#7287,#7288,#7289,
#7290),(#7291,#7292,#7293,#7294,#7295,#7296)),.RULED_SURF.,.F.,.F.,.F.,
(4,1,1,1,1,1,1,1,1,1,1,1,1,1,1,1,1,1,1,1,1,1,1,1,1,1,1,1,1,1,1,1,1,1,1,
1,1,1,1,1,1,1,1,1,1,1,1,1,1,1,1,1,1,4),(4,1,1,4),(0.,0.0666709477937893,
0.0971114948097908,0.125670499973543,0.152378892826796,0.177263817057352,
0.200349043204901,0.221655178502722,0.241200126086685,0.258999018348949,
0.275064993287556,0.289409295333864,0.302041443159399,0.312969517725138,
0.322200686893477,0.32974125396557,0.335597080739302,0.339773453839971,
0.346802247860505,0.355914583644771,0.37328937856233,0.389823573263555,
0.406047242306744,0.422810677658761,0.441336412136177,0.462713111172564,
0.479074740167295,0.520925259832705,0.537286888827436,0.558663587863823,
0.577189322341239,0.593952757693255,0.610176426736444,0.62671062143767,
0.644085416355229,0.653197752139495,0.660226546160029,0.664402919260698,
0.67025874603443,0.677799313106523,0.687030482274861,0.697958556840601,
0.710590704666137,0.724935006712444,0.741000981651051,0.758799873913314,
0.778344821497279,0.799650956795099,0.822736182942648,0.847621107173205,
0.874329500026457,0.902888505190209,0.933329052206211,1.),(0.00788455265013281,
0.142857142857143,0.285714285714286,0.396293252658881),.UNSPECIFIED.);
#375=B_SPLINE_SURFACE_WITH_KNOTS('',3,3,((#7358,#7359,#7360,#7361,#7362,
#7363),(#7364,#7365,#7366,#7367,#7368,#7369),(#7370,#7371,#7372,#7373,#7374,
#7375),(#7376,#7377,#7378,#7379,#7380,#7381),(#7382,#7383,#7384,#7385,#7386,
#7387),(#7388,#7389,#7390,#7391,#7392,#7393),(#7394,#7395,#7396,#7397,#7398,
#7399),(#7400,#7401,#7402,#7403,#7404,#7405),(#7406,#7407,#7408,#7409,#7410,
#7411),(#7412,#7413,#7414,#7415,#7416,#7417),(#7418,#7419,#7420,#7421,#7422,
#7423),(#7424,#7425,#7426,#7427,#7428,#7429),(#7430,#7431,#7432,#7433,#7434,
#7435),(#7436,#7437,#7438,#7439,#7440,#7441),(#7442,#7443,#7444,#7445,#7446,
#7447),(#7448,#7449,#7450,#7451,#7452,#7453),(#7454,#7455,#7456,#7457,#7458,
#7459),(#7460,#7461,#7462,#7463,#7464,#7465),(#7466,#7467,#7468,#7469,#7470,
#7471),(#7472,#7473,#7474,#7475,#7476,#7477),(#7478,#7479,#7480,#7481,#7482,
#7483),(#7484,#7485,#7486,#7487,#7488,#7489),(#7490,#7491,#7492,#7493,#7494,
#7495),(#7496,#7497,#7498,#7499,#7500,#7501),(#7502,#7503,#7504,#7505,#7506,
#7507),(#7508,#7509,#7510,#7511,#7512,#7513),(#7514,#7515,#7516,#7517,#7518,
#7519),(#7520,#7521,#7522,#7523,#7524,#7525),(#7526,#7527,#7528,#7529,#7530,
#7531),(#7532,#7533,#7534,#7535,#7536,#7537),(#7538,#7539,#7540,#7541,#7542,
#7543),(#7544,#7545,#7546,#7547,#7548,#7549),(#7550,#7551,#7552,#7553,#7554,
#7555),(#7556,#7557,#7558,#7559,#7560,#7561),(#7562,#7563,#7564,#7565,#7566,
#7567),(#7568,#7569,#7570,#7571,#7572,#7573),(#7574,#7575,#7576,#7577,#7578,
#7579),(#7580,#7581,#7582,#7583,#7584,#7585),(#7586,#7587,#7588,#7589,#7590,
#7591),(#7592,#7593,#7594,#7595,#7596,#7597),(#7598,#7599,#7600,#7601,#7602,
#7603),(#7604,#7605,#7606,#7607,#7608,#7609),(#7610,#7611,#7612,#7613,#7614,
#7615),(#7616,#7617,#7618,#7619,#7620,#7621),(#7622,#7623,#7624,#7625,#7626,
#7627),(#7628,#7629,#7630,#7631,#7632,#7633),(#7634,#7635,#7636,#7637,#7638,
#7639),(#7640,#7641,#7642,#7643,#7644,#7645),(#7646,#7647,#7648,#7649,#7650,
#7651),(#7652,#7653,#7654,#7655,#7656,#7657),(#7658,#7659,#7660,#7661,#7662,
#7663),(#7664,#7665,#7666,#7667,#7668,#7669),(#7670,#7671,#7672,#7673,#7674,
#7675),(#7676,#7677,#7678,#7679,#7680,#7681),(#7682,#7683,#7684,#7685,#7686,
#7687),(#7688,#7689,#7690,#7691,#7692,#7693)),.RULED_SURF.,.F.,.F.,.F.,
(4,1,1,1,1,1,1,1,1,1,1,1,1,1,1,1,1,1,1,1,1,1,1,1,1,1,1,1,1,1,1,1,1,1,1,
1,1,1,1,1,1,1,1,1,1,1,1,1,1,1,1,1,1,4),(4,1,1,4),(0.,0.0666709477937893,
0.0971114948097908,0.125670499973543,0.152378892826796,0.177263817057352,
0.200349043204901,0.221655178502722,0.241200126086685,0.258999018348949,
0.275064993287556,0.289409295333864,0.302041443159399,0.312969517725138,
0.322200686893477,0.32974125396557,0.335597080739302,0.339773453839971,
0.346802247860505,0.355914583644771,0.37328937856233,0.389823573263555,
0.406047242306744,0.422810677658761,0.441336412136177,0.462713111172564,
0.479074740167295,0.520925259832705,0.537286888827436,0.558663587863823,
0.577189322341239,0.593952757693255,0.610176426736444,0.62671062143767,
0.644085416355229,0.653197752139495,0.660226546160029,0.664402919260698,
0.67025874603443,0.677799313106523,0.687030482274861,0.697958556840601,
0.710590704666137,0.724935006712444,0.741000981651051,0.758799873913314,
0.778344821497279,0.799650956795099,0.822736182942648,0.847621107173205,
0.874329500026457,0.902888505190209,0.933329052206211,1.),(0.00788455265011354,
0.142857142857143,0.285714285714286,0.39629325265888),.UNSPECIFIED.);
#376=B_SPLINE_SURFACE_WITH_KNOTS('',3,3,((#7755,#7756,#7757,#7758,#7759,
#7760),(#7761,#7762,#7763,#7764,#7765,#7766),(#7767,#7768,#7769,#7770,#7771,
#7772),(#7773,#7774,#7775,#7776,#7777,#7778),(#7779,#7780,#7781,#7782,#7783,
#7784),(#7785,#7786,#7787,#7788,#7789,#7790),(#7791,#7792,#7793,#7794,#7795,
#7796),(#7797,#7798,#7799,#7800,#7801,#7802),(#7803,#7804,#7805,#7806,#7807,
#7808),(#7809,#7810,#7811,#7812,#7813,#7814),(#7815,#7816,#7817,#7818,#7819,
#7820),(#7821,#7822,#7823,#7824,#7825,#7826),(#7827,#7828,#7829,#7830,#7831,
#7832),(#7833,#7834,#7835,#7836,#7837,#7838),(#7839,#7840,#7841,#7842,#7843,
#7844),(#7845,#7846,#7847,#7848,#7849,#7850),(#7851,#7852,#7853,#7854,#7855,
#7856),(#7857,#7858,#7859,#7860,#7861,#7862),(#7863,#7864,#7865,#7866,#7867,
#7868),(#7869,#7870,#7871,#7872,#7873,#7874),(#7875,#7876,#7877,#7878,#7879,
#7880),(#7881,#7882,#7883,#7884,#7885,#7886),(#7887,#7888,#7889,#7890,#7891,
#7892),(#7893,#7894,#7895,#7896,#7897,#7898),(#7899,#7900,#7901,#7902,#7903,
#7904),(#7905,#7906,#7907,#7908,#7909,#7910),(#7911,#7912,#7913,#7914,#7915,
#7916),(#7917,#7918,#7919,#7920,#7921,#7922),(#7923,#7924,#7925,#7926,#7927,
#7928),(#7929,#7930,#7931,#7932,#7933,#7934),(#7935,#7936,#7937,#7938,#7939,
#7940),(#7941,#7942,#7943,#7944,#7945,#7946),(#7947,#7948,#7949,#7950,#7951,
#7952),(#7953,#7954,#7955,#7956,#7957,#7958),(#7959,#7960,#7961,#7962,#7963,
#7964),(#7965,#7966,#7967,#7968,#7969,#7970),(#7971,#7972,#7973,#7974,#7975,
#7976),(#7977,#7978,#7979,#7980,#7981,#7982),(#7983,#7984,#7985,#7986,#7987,
#7988),(#7989,#7990,#7991,#7992,#7993,#7994),(#7995,#7996,#7997,#7998,#7999,
#8000),(#8001,#8002,#8003,#8004,#8005,#8006),(#8007,#8008,#8009,#8010,#8011,
#8012),(#8013,#8014,#8015,#8016,#8017,#8018),(#8019,#8020,#8021,#8022,#8023,
#8024),(#8025,#8026,#8027,#8028,#8029,#8030),(#8031,#8032,#8033,#8034,#8035,
#8036),(#8037,#8038,#8039,#8040,#8041,#8042),(#8043,#8044,#8045,#8046,#8047,
#8048),(#8049,#8050,#8051,#8052,#8053,#8054),(#8055,#8056,#8057,#8058,#8059,
#8060),(#8061,#8062,#8063,#8064,#8065,#8066),(#8067,#8068,#8069,#8070,#8071,
#8072),(#8073,#8074,#8075,#8076,#8077,#8078),(#8079,#8080,#8081,#8082,#8083,
#8084),(#8085,#8086,#8087,#8088,#8089,#8090)),.RULED_SURF.,.F.,.F.,.F.,
(4,1,1,1,1,1,1,1,1,1,1,1,1,1,1,1,1,1,1,1,1,1,1,1,1,1,1,1,1,1,1,1,1,1,1,
1,1,1,1,1,1,1,1,1,1,1,1,1,1,1,1,1,1,4),(4,1,1,4),(0.,0.0666709477937893,
0.0971114948097908,0.125670499973543,0.152378892826796,0.177263817057352,
0.200349043204901,0.221655178502722,0.241200126086685,0.258999018348949,
0.275064993287556,0.289409295333864,0.302041443159399,0.312969517725138,
0.322200686893477,0.32974125396557,0.335597080739302,0.339773453839971,
0.346802247860505,0.355914583644771,0.37328937856233,0.389823573263555,
0.406047242306744,0.422810677658761,0.441336412136177,0.462713111172564,
0.479074740167295,0.520925259832705,0.537286888827436,0.558663587863823,
0.577189322341239,0.593952757693255,0.610176426736444,0.62671062143767,
0.644085416355229,0.653197752139495,0.660226546160029,0.664402919260698,
0.67025874603443,0.677799313106523,0.687030482274861,0.697958556840601,
0.710590704666137,0.724935006712444,0.741000981651051,0.758799873913314,
0.778344821497279,0.799650956795099,0.822736182942648,0.847621107173205,
0.874329500026457,0.902888505190209,0.933329052206211,1.),(0.00788455265011586,
0.142857142857143,0.285714285714286,0.396293252658872),.UNSPECIFIED.);
#377=B_SPLINE_SURFACE_WITH_KNOTS('',3,3,((#8152,#8153,#8154,#8155,#8156,
#8157),(#8158,#8159,#8160,#8161,#8162,#8163),(#8164,#8165,#8166,#8167,#8168,
#8169),(#8170,#8171,#8172,#8173,#8174,#8175),(#8176,#8177,#8178,#8179,#8180,
#8181),(#8182,#8183,#8184,#8185,#8186,#8187),(#8188,#8189,#8190,#8191,#8192,
#8193),(#8194,#8195,#8196,#8197,#8198,#8199),(#8200,#8201,#8202,#8203,#8204,
#8205),(#8206,#8207,#8208,#8209,#8210,#8211),(#8212,#8213,#8214,#8215,#8216,
#8217),(#8218,#8219,#8220,#8221,#8222,#8223),(#8224,#8225,#8226,#8227,#8228,
#8229),(#8230,#8231,#8232,#8233,#8234,#8235),(#8236,#8237,#8238,#8239,#8240,
#8241),(#8242,#8243,#8244,#8245,#8246,#8247),(#8248,#8249,#8250,#8251,#8252,
#8253),(#8254,#8255,#8256,#8257,#8258,#8259),(#8260,#8261,#8262,#8263,#8264,
#8265),(#8266,#8267,#8268,#8269,#8270,#8271),(#8272,#8273,#8274,#8275,#8276,
#8277),(#8278,#8279,#8280,#8281,#8282,#8283),(#8284,#8285,#8286,#8287,#8288,
#8289),(#8290,#8291,#8292,#8293,#8294,#8295),(#8296,#8297,#8298,#8299,#8300,
#8301),(#8302,#8303,#8304,#8305,#8306,#8307),(#8308,#8309,#8310,#8311,#8312,
#8313),(#8314,#8315,#8316,#8317,#8318,#8319),(#8320,#8321,#8322,#8323,#8324,
#8325),(#8326,#8327,#8328,#8329,#8330,#8331),(#8332,#8333,#8334,#8335,#8336,
#8337),(#8338,#8339,#8340,#8341,#8342,#8343),(#8344,#8345,#8346,#8347,#8348,
#8349),(#8350,#8351,#8352,#8353,#8354,#8355),(#8356,#8357,#8358,#8359,#8360,
#8361),(#8362,#8363,#8364,#8365,#8366,#8367),(#8368,#8369,#8370,#8371,#8372,
#8373),(#8374,#8375,#8376,#8377,#8378,#8379),(#8380,#8381,#8382,#8383,#8384,
#8385),(#8386,#8387,#8388,#8389,#8390,#8391),(#8392,#8393,#8394,#8395,#8396,
#8397),(#8398,#8399,#8400,#8401,#8402,#8403),(#8404,#8405,#8406,#8407,#8408,
#8409),(#8410,#8411,#8412,#8413,#8414,#8415),(#8416,#8417,#8418,#8419,#8420,
#8421),(#8422,#8423,#8424,#8425,#8426,#8427),(#8428,#8429,#8430,#8431,#8432,
#8433),(#8434,#8435,#8436,#8437,#8438,#8439),(#8440,#8441,#8442,#8443,#8444,
#8445),(#8446,#8447,#8448,#8449,#8450,#8451),(#8452,#8453,#8454,#8455,#8456,
#8457),(#8458,#8459,#8460,#8461,#8462,#8463),(#8464,#8465,#8466,#8467,#8468,
#8469),(#8470,#8471,#8472,#8473,#8474,#8475),(#8476,#8477,#8478,#8479,#8480,
#8481),(#8482,#8483,#8484,#8485,#8486,#8487)),.RULED_SURF.,.F.,.F.,.F.,
(4,1,1,1,1,1,1,1,1,1,1,1,1,1,1,1,1,1,1,1,1,1,1,1,1,1,1,1,1,1,1,1,1,1,1,
1,1,1,1,1,1,1,1,1,1,1,1,1,1,1,1,1,1,4),(4,1,1,4),(0.,0.0666709477937893,
0.0971114948097908,0.125670499973543,0.152378892826796,0.177263817057352,
0.200349043204901,0.221655178502722,0.241200126086685,0.258999018348949,
0.275064993287556,0.289409295333864,0.302041443159399,0.312969517725138,
0.322200686893477,0.32974125396557,0.335597080739302,0.339773453839971,
0.346802247860505,0.355914583644771,0.37328937856233,0.389823573263555,
0.406047242306744,0.422810677658761,0.441336412136177,0.462713111172564,
0.479074740167295,0.520925259832705,0.537286888827436,0.558663587863823,
0.577189322341239,0.593952757693255,0.610176426736444,0.62671062143767,
0.644085416355229,0.653197752139495,0.660226546160029,0.664402919260698,
0.67025874603443,0.677799313106523,0.687030482274861,0.697958556840601,
0.710590704666137,0.724935006712444,0.741000981651051,0.758799873913314,
0.778344821497279,0.799650956795099,0.822736182942648,0.847621107173205,
0.874329500026457,0.902888505190209,0.933329052206211,1.),(0.00788455265011503,
0.142857142857143,0.285714285714286,0.396293252658881),.UNSPECIFIED.);
#378=B_SPLINE_SURFACE_WITH_KNOTS('',3,3,((#8549,#8550,#8551,#8552,#8553,
#8554),(#8555,#8556,#8557,#8558,#8559,#8560),(#8561,#8562,#8563,#8564,#8565,
#8566),(#8567,#8568,#8569,#8570,#8571,#8572),(#8573,#8574,#8575,#8576,#8577,
#8578),(#8579,#8580,#8581,#8582,#8583,#8584),(#8585,#8586,#8587,#8588,#8589,
#8590),(#8591,#8592,#8593,#8594,#8595,#8596),(#8597,#8598,#8599,#8600,#8601,
#8602),(#8603,#8604,#8605,#8606,#8607,#8608),(#8609,#8610,#8611,#8612,#8613,
#8614),(#8615,#8616,#8617,#8618,#8619,#8620),(#8621,#8622,#8623,#8624,#8625,
#8626),(#8627,#8628,#8629,#8630,#8631,#8632),(#8633,#8634,#8635,#8636,#8637,
#8638),(#8639,#8640,#8641,#8642,#8643,#8644),(#8645,#8646,#8647,#8648,#8649,
#8650),(#8651,#8652,#8653,#8654,#8655,#8656),(#8657,#8658,#8659,#8660,#8661,
#8662),(#8663,#8664,#8665,#8666,#8667,#8668),(#8669,#8670,#8671,#8672,#8673,
#8674),(#8675,#8676,#8677,#8678,#8679,#8680),(#8681,#8682,#8683,#8684,#8685,
#8686),(#8687,#8688,#8689,#8690,#8691,#8692),(#8693,#8694,#8695,#8696,#8697,
#8698),(#8699,#8700,#8701,#8702,#8703,#8704),(#8705,#8706,#8707,#8708,#8709,
#8710),(#8711,#8712,#8713,#8714,#8715,#8716),(#8717,#8718,#8719,#8720,#8721,
#8722),(#8723,#8724,#8725,#8726,#8727,#8728),(#8729,#8730,#8731,#8732,#8733,
#8734),(#8735,#8736,#8737,#8738,#8739,#8740),(#8741,#8742,#8743,#8744,#8745,
#8746),(#8747,#8748,#8749,#8750,#8751,#8752),(#8753,#8754,#8755,#8756,#8757,
#8758),(#8759,#8760,#8761,#8762,#8763,#8764),(#8765,#8766,#8767,#8768,#8769,
#8770),(#8771,#8772,#8773,#8774,#8775,#8776),(#8777,#8778,#8779,#8780,#8781,
#8782),(#8783,#8784,#8785,#8786,#8787,#8788),(#8789,#8790,#8791,#8792,#8793,
#8794),(#8795,#8796,#8797,#8798,#8799,#8800),(#8801,#8802,#8803,#8804,#8805,
#8806),(#8807,#8808,#8809,#8810,#8811,#8812),(#8813,#8814,#8815,#8816,#8817,
#8818),(#8819,#8820,#8821,#8822,#8823,#8824),(#8825,#8826,#8827,#8828,#8829,
#8830),(#8831,#8832,#8833,#8834,#8835,#8836),(#8837,#8838,#8839,#8840,#8841,
#8842),(#8843,#8844,#8845,#8846,#8847,#8848),(#8849,#8850,#8851,#8852,#8853,
#8854),(#8855,#8856,#8857,#8858,#8859,#8860),(#8861,#8862,#8863,#8864,#8865,
#8866),(#8867,#8868,#8869,#8870,#8871,#8872),(#8873,#8874,#8875,#8876,#8877,
#8878),(#8879,#8880,#8881,#8882,#8883,#8884)),.RULED_SURF.,.F.,.F.,.F.,
(4,1,1,1,1,1,1,1,1,1,1,1,1,1,1,1,1,1,1,1,1,1,1,1,1,1,1,1,1,1,1,1,1,1,1,
1,1,1,1,1,1,1,1,1,1,1,1,1,1,1,1,1,1,4),(4,1,1,4),(0.,0.0666709477937893,
0.0971114948097908,0.125670499973543,0.152378892826796,0.177263817057352,
0.200349043204901,0.221655178502722,0.241200126086685,0.258999018348949,
0.275064993287556,0.289409295333864,0.302041443159399,0.312969517725138,
0.322200686893477,0.32974125396557,0.335597080739302,0.339773453839971,
0.346802247860505,0.355914583644771,0.37328937856233,0.389823573263555,
0.406047242306744,0.422810677658761,0.441336412136177,0.462713111172564,
0.479074740167295,0.520925259832705,0.537286888827436,0.558663587863823,
0.577189322341239,0.593952757693255,0.610176426736444,0.62671062143767,
0.644085416355229,0.653197752139495,0.660226546160029,0.664402919260698,
0.67025874603443,0.677799313106523,0.687030482274861,0.697958556840601,
0.710590704666137,0.724935006712444,0.741000981651051,0.758799873913314,
0.778344821497279,0.799650956795099,0.822736182942648,0.847621107173205,
0.874329500026457,0.902888505190209,0.933329052206211,1.),(0.00788455265011146,
0.142857142857143,0.285714285714286,0.396293252658873),.UNSPECIFIED.);
#379=B_SPLINE_SURFACE_WITH_KNOTS('',3,3,((#8946,#8947,#8948,#8949,#8950,
#8951),(#8952,#8953,#8954,#8955,#8956,#8957),(#8958,#8959,#8960,#8961,#8962,
#8963),(#8964,#8965,#8966,#8967,#8968,#8969),(#8970,#8971,#8972,#8973,#8974,
#8975),(#8976,#8977,#8978,#8979,#8980,#8981),(#8982,#8983,#8984,#8985,#8986,
#8987),(#8988,#8989,#8990,#8991,#8992,#8993),(#8994,#8995,#8996,#8997,#8998,
#8999),(#9000,#9001,#9002,#9003,#9004,#9005),(#9006,#9007,#9008,#9009,#9010,
#9011),(#9012,#9013,#9014,#9015,#9016,#9017),(#9018,#9019,#9020,#9021,#9022,
#9023),(#9024,#9025,#9026,#9027,#9028,#9029),(#9030,#9031,#9032,#9033,#9034,
#9035),(#9036,#9037,#9038,#9039,#9040,#9041),(#9042,#9043,#9044,#9045,#9046,
#9047),(#9048,#9049,#9050,#9051,#9052,#9053),(#9054,#9055,#9056,#9057,#9058,
#9059),(#9060,#9061,#9062,#9063,#9064,#9065),(#9066,#9067,#9068,#9069,#9070,
#9071),(#9072,#9073,#9074,#9075,#9076,#9077),(#9078,#9079,#9080,#9081,#9082,
#9083),(#9084,#9085,#9086,#9087,#9088,#9089),(#9090,#9091,#9092,#9093,#9094,
#9095),(#9096,#9097,#9098,#9099,#9100,#9101),(#9102,#9103,#9104,#9105,#9106,
#9107),(#9108,#9109,#9110,#9111,#9112,#9113),(#9114,#9115,#9116,#9117,#9118,
#9119),(#9120,#9121,#9122,#9123,#9124,#9125),(#9126,#9127,#9128,#9129,#9130,
#9131),(#9132,#9133,#9134,#9135,#9136,#9137),(#9138,#9139,#9140,#9141,#9142,
#9143),(#9144,#9145,#9146,#9147,#9148,#9149),(#9150,#9151,#9152,#9153,#9154,
#9155),(#9156,#9157,#9158,#9159,#9160,#9161),(#9162,#9163,#9164,#9165,#9166,
#9167),(#9168,#9169,#9170,#9171,#9172,#9173),(#9174,#9175,#9176,#9177,#9178,
#9179),(#9180,#9181,#9182,#9183,#9184,#9185),(#9186,#9187,#9188,#9189,#9190,
#9191),(#9192,#9193,#9194,#9195,#9196,#9197),(#9198,#9199,#9200,#9201,#9202,
#9203),(#9204,#9205,#9206,#9207,#9208,#9209),(#9210,#9211,#9212,#9213,#9214,
#9215),(#9216,#9217,#9218,#9219,#9220,#9221),(#9222,#9223,#9224,#9225,#9226,
#9227),(#9228,#9229,#9230,#9231,#9232,#9233),(#9234,#9235,#9236,#9237,#9238,
#9239),(#9240,#9241,#9242,#9243,#9244,#9245),(#9246,#9247,#9248,#9249,#9250,
#9251),(#9252,#9253,#9254,#9255,#9256,#9257),(#9258,#9259,#9260,#9261,#9262,
#9263),(#9264,#9265,#9266,#9267,#9268,#9269),(#9270,#9271,#9272,#9273,#9274,
#9275),(#9276,#9277,#9278,#9279,#9280,#9281)),.RULED_SURF.,.F.,.F.,.F.,
(4,1,1,1,1,1,1,1,1,1,1,1,1,1,1,1,1,1,1,1,1,1,1,1,1,1,1,1,1,1,1,1,1,1,1,
1,1,1,1,1,1,1,1,1,1,1,1,1,1,1,1,1,1,4),(4,1,1,4),(0.,0.0666709477937893,
0.0971114948097908,0.125670499973543,0.152378892826796,0.177263817057352,
0.200349043204901,0.221655178502722,0.241200126086685,0.258999018348949,
0.275064993287556,0.289409295333864,0.302041443159399,0.312969517725138,
0.322200686893477,0.32974125396557,0.335597080739302,0.339773453839971,
0.346802247860505,0.355914583644771,0.37328937856233,0.389823573263555,
0.406047242306744,0.422810677658761,0.441336412136177,0.462713111172564,
0.479074740167295,0.520925259832705,0.537286888827436,0.558663587863823,
0.577189322341239,0.593952757693255,0.610176426736444,0.62671062143767,
0.644085416355229,0.653197752139495,0.660226546160029,0.664402919260698,
0.67025874603443,0.677799313106523,0.687030482274861,0.697958556840601,
0.710590704666137,0.724935006712444,0.741000981651051,0.758799873913314,
0.778344821497279,0.799650956795099,0.822736182942648,0.847621107173205,
0.874329500026457,0.902888505190209,0.933329052206211,1.),(0.00788455265011624,
0.142857142857143,0.285714285714286,0.396293252658872),.UNSPECIFIED.);
#380=B_SPLINE_SURFACE_WITH_KNOTS('',3,3,((#9343,#9344,#9345,#9346,#9347,
#9348),(#9349,#9350,#9351,#9352,#9353,#9354),(#9355,#9356,#9357,#9358,#9359,
#9360),(#9361,#9362,#9363,#9364,#9365,#9366),(#9367,#9368,#9369,#9370,#9371,
#9372),(#9373,#9374,#9375,#9376,#9377,#9378),(#9379,#9380,#9381,#9382,#9383,
#9384),(#9385,#9386,#9387,#9388,#9389,#9390),(#9391,#9392,#9393,#9394,#9395,
#9396),(#9397,#9398,#9399,#9400,#9401,#9402),(#9403,#9404,#9405,#9406,#9407,
#9408),(#9409,#9410,#9411,#9412,#9413,#9414),(#9415,#9416,#9417,#9418,#9419,
#9420),(#9421,#9422,#9423,#9424,#9425,#9426),(#9427,#9428,#9429,#9430,#9431,
#9432),(#9433,#9434,#9435,#9436,#9437,#9438),(#9439,#9440,#9441,#9442,#9443,
#9444),(#9445,#9446,#9447,#9448,#9449,#9450),(#9451,#9452,#9453,#9454,#9455,
#9456),(#9457,#9458,#9459,#9460,#9461,#9462),(#9463,#9464,#9465,#9466,#9467,
#9468),(#9469,#9470,#9471,#9472,#9473,#9474),(#9475,#9476,#9477,#9478,#9479,
#9480),(#9481,#9482,#9483,#9484,#9485,#9486),(#9487,#9488,#9489,#9490,#9491,
#9492),(#9493,#9494,#9495,#9496,#9497,#9498),(#9499,#9500,#9501,#9502,#9503,
#9504),(#9505,#9506,#9507,#9508,#9509,#9510),(#9511,#9512,#9513,#9514,#9515,
#9516),(#9517,#9518,#9519,#9520,#9521,#9522),(#9523,#9524,#9525,#9526,#9527,
#9528),(#9529,#9530,#9531,#9532,#9533,#9534),(#9535,#9536,#9537,#9538,#9539,
#9540),(#9541,#9542,#9543,#9544,#9545,#9546),(#9547,#9548,#9549,#9550,#9551,
#9552),(#9553,#9554,#9555,#9556,#9557,#9558),(#9559,#9560,#9561,#9562,#9563,
#9564),(#9565,#9566,#9567,#9568,#9569,#9570),(#9571,#9572,#9573,#9574,#9575,
#9576),(#9577,#9578,#9579,#9580,#9581,#9582),(#9583,#9584,#9585,#9586,#9587,
#9588),(#9589,#9590,#9591,#9592,#9593,#9594),(#9595,#9596,#9597,#9598,#9599,
#9600),(#9601,#9602,#9603,#9604,#9605,#9606),(#9607,#9608,#9609,#9610,#9611,
#9612),(#9613,#9614,#9615,#9616,#9617,#9618),(#9619,#9620,#9621,#9622,#9623,
#9624),(#9625,#9626,#9627,#9628,#9629,#9630),(#9631,#9632,#9633,#9634,#9635,
#9636),(#9637,#9638,#9639,#9640,#9641,#9642),(#9643,#9644,#9645,#9646,#9647,
#9648),(#9649,#9650,#9651,#9652,#9653,#9654),(#9655,#9656,#9657,#9658,#9659,
#9660),(#9661,#9662,#9663,#9664,#9665,#9666),(#9667,#9668,#9669,#9670,#9671,
#9672),(#9673,#9674,#9675,#9676,#9677,#9678)),.RULED_SURF.,.F.,.F.,.F.,
(4,1,1,1,1,1,1,1,1,1,1,1,1,1,1,1,1,1,1,1,1,1,1,1,1,1,1,1,1,1,1,1,1,1,1,
1,1,1,1,1,1,1,1,1,1,1,1,1,1,1,1,1,1,4),(4,1,1,4),(0.,0.0666709477937893,
0.0971114948097908,0.125670499973543,0.152378892826796,0.177263817057352,
0.200349043204901,0.221655178502722,0.241200126086685,0.258999018348949,
0.275064993287556,0.289409295333864,0.302041443159399,0.312969517725138,
0.322200686893477,0.32974125396557,0.335597080739302,0.339773453839971,
0.346802247860505,0.355914583644771,0.37328937856233,0.389823573263555,
0.406047242306744,0.422810677658761,0.441336412136177,0.462713111172564,
0.479074740167295,0.520925259832705,0.537286888827436,0.558663587863823,
0.577189322341239,0.593952757693255,0.610176426736444,0.62671062143767,
0.644085416355229,0.653197752139495,0.660226546160029,0.664402919260698,
0.67025874603443,0.677799313106523,0.687030482274861,0.697958556840601,
0.710590704666137,0.724935006712444,0.741000981651051,0.758799873913314,
0.778344821497279,0.799650956795099,0.822736182942648,0.847621107173205,
0.874329500026457,0.902888505190209,0.933329052206211,1.),(0.0078845526501118,
0.142857142857143,0.285714285714286,0.396293252658891),.UNSPECIFIED.);
#381=B_SPLINE_SURFACE_WITH_KNOTS('',3,3,((#9740,#9741,#9742,#9743,#9744,
#9745),(#9746,#9747,#9748,#9749,#9750,#9751),(#9752,#9753,#9754,#9755,#9756,
#9757),(#9758,#9759,#9760,#9761,#9762,#9763),(#9764,#9765,#9766,#9767,#9768,
#9769),(#9770,#9771,#9772,#9773,#9774,#9775),(#9776,#9777,#9778,#9779,#9780,
#9781),(#9782,#9783,#9784,#9785,#9786,#9787),(#9788,#9789,#9790,#9791,#9792,
#9793),(#9794,#9795,#9796,#9797,#9798,#9799),(#9800,#9801,#9802,#9803,#9804,
#9805),(#9806,#9807,#9808,#9809,#9810,#9811),(#9812,#9813,#9814,#9815,#9816,
#9817),(#9818,#9819,#9820,#9821,#9822,#9823),(#9824,#9825,#9826,#9827,#9828,
#9829),(#9830,#9831,#9832,#9833,#9834,#9835),(#9836,#9837,#9838,#9839,#9840,
#9841),(#9842,#9843,#9844,#9845,#9846,#9847),(#9848,#9849,#9850,#9851,#9852,
#9853),(#9854,#9855,#9856,#9857,#9858,#9859),(#9860,#9861,#9862,#9863,#9864,
#9865),(#9866,#9867,#9868,#9869,#9870,#9871),(#9872,#9873,#9874,#9875,#9876,
#9877),(#9878,#9879,#9880,#9881,#9882,#9883),(#9884,#9885,#9886,#9887,#9888,
#9889),(#9890,#9891,#9892,#9893,#9894,#9895),(#9896,#9897,#9898,#9899,#9900,
#9901),(#9902,#9903,#9904,#9905,#9906,#9907),(#9908,#9909,#9910,#9911,#9912,
#9913),(#9914,#9915,#9916,#9917,#9918,#9919),(#9920,#9921,#9922,#9923,#9924,
#9925),(#9926,#9927,#9928,#9929,#9930,#9931),(#9932,#9933,#9934,#9935,#9936,
#9937),(#9938,#9939,#9940,#9941,#9942,#9943),(#9944,#9945,#9946,#9947,#9948,
#9949),(#9950,#9951,#9952,#9953,#9954,#9955),(#9956,#9957,#9958,#9959,#9960,
#9961),(#9962,#9963,#9964,#9965,#9966,#9967),(#9968,#9969,#9970,#9971,#9972,
#9973),(#9974,#9975,#9976,#9977,#9978,#9979),(#9980,#9981,#9982,#9983,#9984,
#9985),(#9986,#9987,#9988,#9989,#9990,#9991),(#9992,#9993,#9994,#9995,#9996,
#9997),(#9998,#9999,#10000,#10001,#10002,#10003),(#10004,#10005,#10006,
#10007,#10008,#10009),(#10010,#10011,#10012,#10013,#10014,#10015),(#10016,
#10017,#10018,#10019,#10020,#10021),(#10022,#10023,#10024,#10025,#10026,
#10027),(#10028,#10029,#10030,#10031,#10032,#10033),(#10034,#10035,#10036,
#10037,#10038,#10039),(#10040,#10041,#10042,#10043,#10044,#10045),(#10046,
#10047,#10048,#10049,#10050,#10051),(#10052,#10053,#10054,#10055,#10056,
#10057),(#10058,#10059,#10060,#10061,#10062,#10063),(#10064,#10065,#10066,
#10067,#10068,#10069),(#10070,#10071,#10072,#10073,#10074,#10075)),
 .RULED_SURF.,.F.,.F.,.F.,(4,1,1,1,1,1,1,1,1,1,1,1,1,1,1,1,1,1,1,1,1,1,
1,1,1,1,1,1,1,1,1,1,1,1,1,1,1,1,1,1,1,1,1,1,1,1,1,1,1,1,1,1,1,4),(4,1,1,
4),(0.,0.0666709477937893,0.0971114948097908,0.125670499973543,0.152378892826796,
0.177263817057352,0.200349043204901,0.221655178502722,0.241200126086685,
0.258999018348949,0.275064993287556,0.289409295333864,0.302041443159399,
0.312969517725138,0.322200686893477,0.32974125396557,0.335597080739302,
0.339773453839971,0.346802247860505,0.355914583644771,0.37328937856233,
0.389823573263555,0.406047242306744,0.422810677658761,0.441336412136177,
0.462713111172564,0.479074740167295,0.520925259832705,0.537286888827436,
0.558663587863823,0.577189322341239,0.593952757693255,0.610176426736444,
0.62671062143767,0.644085416355229,0.653197752139495,0.660226546160029,
0.664402919260698,0.67025874603443,0.677799313106523,0.687030482274861,
0.697958556840601,0.710590704666137,0.724935006712444,0.741000981651051,
0.758799873913314,0.778344821497279,0.799650956795099,0.822736182942648,
0.847621107173205,0.874329500026457,0.902888505190209,0.933329052206211,
1.),(0.00788455265011489,0.142857142857143,0.285714285714286,0.396293252658878),
 .UNSPECIFIED.);
#382=B_SPLINE_SURFACE_WITH_KNOTS('',3,3,((#10137,#10138,#10139,#10140,#10141,
#10142),(#10143,#10144,#10145,#10146,#10147,#10148),(#10149,#10150,#10151,
#10152,#10153,#10154),(#10155,#10156,#10157,#10158,#10159,#10160),(#10161,
#10162,#10163,#10164,#10165,#10166),(#10167,#10168,#10169,#10170,#10171,
#10172),(#10173,#10174,#10175,#10176,#10177,#10178),(#10179,#10180,#10181,
#10182,#10183,#10184),(#10185,#10186,#10187,#10188,#10189,#10190),(#10191,
#10192,#10193,#10194,#10195,#10196),(#10197,#10198,#10199,#10200,#10201,
#10202),(#10203,#10204,#10205,#10206,#10207,#10208),(#10209,#10210,#10211,
#10212,#10213,#10214),(#10215,#10216,#10217,#10218,#10219,#10220),(#10221,
#10222,#10223,#10224,#10225,#10226),(#10227,#10228,#10229,#10230,#10231,
#10232),(#10233,#10234,#10235,#10236,#10237,#10238),(#10239,#10240,#10241,
#10242,#10243,#10244),(#10245,#10246,#10247,#10248,#10249,#10250),(#10251,
#10252,#10253,#10254,#10255,#10256),(#10257,#10258,#10259,#10260,#10261,
#10262),(#10263,#10264,#10265,#10266,#10267,#10268),(#10269,#10270,#10271,
#10272,#10273,#10274),(#10275,#10276,#10277,#10278,#10279,#10280),(#10281,
#10282,#10283,#10284,#10285,#10286),(#10287,#10288,#10289,#10290,#10291,
#10292),(#10293,#10294,#10295,#10296,#10297,#10298),(#10299,#10300,#10301,
#10302,#10303,#10304),(#10305,#10306,#10307,#10308,#10309,#10310),(#10311,
#10312,#10313,#10314,#10315,#10316),(#10317,#10318,#10319,#10320,#10321,
#10322),(#10323,#10324,#10325,#10326,#10327,#10328),(#10329,#10330,#10331,
#10332,#10333,#10334),(#10335,#10336,#10337,#10338,#10339,#10340),(#10341,
#10342,#10343,#10344,#10345,#10346),(#10347,#10348,#10349,#10350,#10351,
#10352),(#10353,#10354,#10355,#10356,#10357,#10358),(#10359,#10360,#10361,
#10362,#10363,#10364),(#10365,#10366,#10367,#10368,#10369,#10370),(#10371,
#10372,#10373,#10374,#10375,#10376),(#10377,#10378,#10379,#10380,#10381,
#10382),(#10383,#10384,#10385,#10386,#10387,#10388),(#10389,#10390,#10391,
#10392,#10393,#10394),(#10395,#10396,#10397,#10398,#10399,#10400),(#10401,
#10402,#10403,#10404,#10405,#10406),(#10407,#10408,#10409,#10410,#10411,
#10412),(#10413,#10414,#10415,#10416,#10417,#10418),(#10419,#10420,#10421,
#10422,#10423,#10424),(#10425,#10426,#10427,#10428,#10429,#10430),(#10431,
#10432,#10433,#10434,#10435,#10436),(#10437,#10438,#10439,#10440,#10441,
#10442),(#10443,#10444,#10445,#10446,#10447,#10448),(#10449,#10450,#10451,
#10452,#10453,#10454),(#10455,#10456,#10457,#10458,#10459,#10460),(#10461,
#10462,#10463,#10464,#10465,#10466),(#10467,#10468,#10469,#10470,#10471,
#10472)),.RULED_SURF.,.F.,.F.,.F.,(4,1,1,1,1,1,1,1,1,1,1,1,1,1,1,1,1,1,
1,1,1,1,1,1,1,1,1,1,1,1,1,1,1,1,1,1,1,1,1,1,1,1,1,1,1,1,1,1,1,1,1,1,1,4),
(4,1,1,4),(0.,0.0666709477937893,0.0971114948097908,0.125670499973543,0.152378892826796,
0.177263817057352,0.200349043204901,0.221655178502722,0.241200126086685,
0.258999018348949,0.275064993287556,0.289409295333864,0.302041443159399,
0.312969517725138,0.322200686893477,0.32974125396557,0.335597080739302,
0.339773453839971,0.346802247860505,0.355914583644771,0.37328937856233,
0.389823573263555,0.406047242306744,0.422810677658761,0.441336412136177,
0.462713111172564,0.479074740167295,0.520925259832705,0.537286888827436,
0.558663587863823,0.577189322341239,0.593952757693255,0.610176426736444,
0.62671062143767,0.644085416355229,0.653197752139495,0.660226546160029,
0.664402919260698,0.67025874603443,0.677799313106523,0.687030482274861,
0.697958556840601,0.710590704666137,0.724935006712444,0.741000981651051,
0.758799873913314,0.778344821497279,0.799650956795099,0.822736182942648,
0.847621107173205,0.874329500026457,0.902888505190209,0.933329052206211,
1.),(0.0078845526501066,0.142857142857143,0.285714285714286,0.396293252658882),
 .UNSPECIFIED.);
#383=ORIENTED_EDGE('',*,*,#971,.T.);
#384=ORIENTED_EDGE('',*,*,#972,.T.);
#385=ORIENTED_EDGE('',*,*,#973,.F.);
#386=ORIENTED_EDGE('',*,*,#974,.F.);
#387=ORIENTED_EDGE('',*,*,#975,.F.);
#388=ORIENTED_EDGE('',*,*,#976,.F.);
#389=ORIENTED_EDGE('',*,*,#977,.F.);
#390=ORIENTED_EDGE('',*,*,#978,.F.);
#391=ORIENTED_EDGE('',*,*,#979,.F.);
#392=ORIENTED_EDGE('',*,*,#980,.F.);
#393=ORIENTED_EDGE('',*,*,#981,.F.);
#394=ORIENTED_EDGE('',*,*,#982,.F.);
#395=ORIENTED_EDGE('',*,*,#983,.F.);
#396=ORIENTED_EDGE('',*,*,#984,.F.);
#397=ORIENTED_EDGE('',*,*,#985,.F.);
#398=ORIENTED_EDGE('',*,*,#986,.F.);
#399=ORIENTED_EDGE('',*,*,#987,.F.);
#400=ORIENTED_EDGE('',*,*,#988,.F.);
#401=ORIENTED_EDGE('',*,*,#989,.F.);
#402=ORIENTED_EDGE('',*,*,#990,.F.);
#403=ORIENTED_EDGE('',*,*,#991,.F.);
#404=ORIENTED_EDGE('',*,*,#992,.F.);
#405=ORIENTED_EDGE('',*,*,#993,.F.);
#406=ORIENTED_EDGE('',*,*,#994,.F.);
#407=ORIENTED_EDGE('',*,*,#995,.F.);
#408=ORIENTED_EDGE('',*,*,#996,.F.);
#409=ORIENTED_EDGE('',*,*,#997,.F.);
#410=ORIENTED_EDGE('',*,*,#998,.F.);
#411=ORIENTED_EDGE('',*,*,#999,.F.);
#412=ORIENTED_EDGE('',*,*,#1000,.F.);
#413=ORIENTED_EDGE('',*,*,#1001,.F.);
#414=ORIENTED_EDGE('',*,*,#1002,.F.);
#415=ORIENTED_EDGE('',*,*,#1003,.F.);
#416=ORIENTED_EDGE('',*,*,#1004,.F.);
#417=ORIENTED_EDGE('',*,*,#1005,.F.);
#418=ORIENTED_EDGE('',*,*,#1006,.F.);
#419=ORIENTED_EDGE('',*,*,#1007,.F.);
#420=ORIENTED_EDGE('',*,*,#1008,.F.);
#421=ORIENTED_EDGE('',*,*,#1009,.F.);
#422=ORIENTED_EDGE('',*,*,#1010,.F.);
#423=ORIENTED_EDGE('',*,*,#1011,.F.);
#424=ORIENTED_EDGE('',*,*,#1012,.F.);
#425=ORIENTED_EDGE('',*,*,#1013,.F.);
#426=ORIENTED_EDGE('',*,*,#1014,.F.);
#427=ORIENTED_EDGE('',*,*,#1015,.F.);
#428=ORIENTED_EDGE('',*,*,#1016,.F.);
#429=ORIENTED_EDGE('',*,*,#1017,.F.);
#430=ORIENTED_EDGE('',*,*,#1018,.F.);
#431=ORIENTED_EDGE('',*,*,#1019,.F.);
#432=ORIENTED_EDGE('',*,*,#1020,.F.);
#433=ORIENTED_EDGE('',*,*,#1021,.F.);
#434=ORIENTED_EDGE('',*,*,#1022,.F.);
#435=ORIENTED_EDGE('',*,*,#1023,.F.);
#436=ORIENTED_EDGE('',*,*,#1024,.F.);
#437=ORIENTED_EDGE('',*,*,#1025,.F.);
#438=ORIENTED_EDGE('',*,*,#1026,.F.);
#439=ORIENTED_EDGE('',*,*,#1027,.F.);
#440=ORIENTED_EDGE('',*,*,#1028,.F.);
#441=ORIENTED_EDGE('',*,*,#1029,.F.);
#442=ORIENTED_EDGE('',*,*,#1030,.F.);
#443=ORIENTED_EDGE('',*,*,#1031,.F.);
#444=ORIENTED_EDGE('',*,*,#1032,.F.);
#445=ORIENTED_EDGE('',*,*,#1033,.F.);
#446=ORIENTED_EDGE('',*,*,#1034,.F.);
#447=ORIENTED_EDGE('',*,*,#1035,.F.);
#448=ORIENTED_EDGE('',*,*,#1036,.F.);
#449=ORIENTED_EDGE('',*,*,#1037,.F.);
#450=ORIENTED_EDGE('',*,*,#1038,.F.);
#451=ORIENTED_EDGE('',*,*,#1039,.F.);
#452=ORIENTED_EDGE('',*,*,#1040,.F.);
#453=ORIENTED_EDGE('',*,*,#1041,.F.);
#454=ORIENTED_EDGE('',*,*,#1042,.F.);
#455=ORIENTED_EDGE('',*,*,#1043,.F.);
#456=ORIENTED_EDGE('',*,*,#1044,.F.);
#457=ORIENTED_EDGE('',*,*,#1045,.F.);
#458=ORIENTED_EDGE('',*,*,#1046,.F.);
#459=ORIENTED_EDGE('',*,*,#1047,.F.);
#460=ORIENTED_EDGE('',*,*,#1048,.F.);
#461=ORIENTED_EDGE('',*,*,#1049,.F.);
#462=ORIENTED_EDGE('',*,*,#1050,.F.);
#463=ORIENTED_EDGE('',*,*,#1051,.F.);
#464=ORIENTED_EDGE('',*,*,#1052,.F.);
#465=ORIENTED_EDGE('',*,*,#1053,.F.);
#466=ORIENTED_EDGE('',*,*,#1054,.F.);
#467=ORIENTED_EDGE('',*,*,#1055,.F.);
#468=ORIENTED_EDGE('',*,*,#1056,.F.);
#469=ORIENTED_EDGE('',*,*,#1057,.F.);
#470=ORIENTED_EDGE('',*,*,#1058,.F.);
#471=ORIENTED_EDGE('',*,*,#1059,.F.);
#472=ORIENTED_EDGE('',*,*,#1060,.F.);
#473=ORIENTED_EDGE('',*,*,#1061,.F.);
#474=ORIENTED_EDGE('',*,*,#1062,.F.);
#475=ORIENTED_EDGE('',*,*,#1063,.F.);
#476=ORIENTED_EDGE('',*,*,#1064,.F.);
#477=ORIENTED_EDGE('',*,*,#1065,.F.);
#478=ORIENTED_EDGE('',*,*,#1066,.F.);
#479=ORIENTED_EDGE('',*,*,#1067,.F.);
#480=ORIENTED_EDGE('',*,*,#1068,.F.);
#481=ORIENTED_EDGE('',*,*,#1069,.F.);
#482=ORIENTED_EDGE('',*,*,#1070,.F.);
#483=ORIENTED_EDGE('',*,*,#1071,.F.);
#484=ORIENTED_EDGE('',*,*,#1072,.F.);
#485=ORIENTED_EDGE('',*,*,#1073,.F.);
#486=ORIENTED_EDGE('',*,*,#1074,.F.);
#487=ORIENTED_EDGE('',*,*,#1075,.F.);
#488=ORIENTED_EDGE('',*,*,#1076,.F.);
#489=ORIENTED_EDGE('',*,*,#1077,.F.);
#490=ORIENTED_EDGE('',*,*,#1078,.F.);
#491=ORIENTED_EDGE('',*,*,#1079,.F.);
#492=ORIENTED_EDGE('',*,*,#1080,.F.);
#493=ORIENTED_EDGE('',*,*,#1081,.F.);
#494=ORIENTED_EDGE('',*,*,#1082,.F.);
#495=ORIENTED_EDGE('',*,*,#1083,.F.);
#496=ORIENTED_EDGE('',*,*,#1084,.F.);
#497=ORIENTED_EDGE('',*,*,#1085,.F.);
#498=ORIENTED_EDGE('',*,*,#1086,.F.);
#499=ORIENTED_EDGE('',*,*,#1087,.F.);
#500=ORIENTED_EDGE('',*,*,#1088,.F.);
#501=ORIENTED_EDGE('',*,*,#1089,.F.);
#502=ORIENTED_EDGE('',*,*,#1090,.F.);
#503=ORIENTED_EDGE('',*,*,#1091,.F.);
#504=ORIENTED_EDGE('',*,*,#1092,.F.);
#505=ORIENTED_EDGE('',*,*,#1093,.F.);
#506=ORIENTED_EDGE('',*,*,#1092,.T.);
#507=ORIENTED_EDGE('',*,*,#1094,.F.);
#508=ORIENTED_EDGE('',*,*,#1082,.T.);
#509=ORIENTED_EDGE('',*,*,#1095,.F.);
#510=ORIENTED_EDGE('',*,*,#1086,.T.);
#511=ORIENTED_EDGE('',*,*,#1096,.F.);
#512=ORIENTED_EDGE('',*,*,#1076,.T.);
#513=ORIENTED_EDGE('',*,*,#1097,.F.);
#514=ORIENTED_EDGE('',*,*,#1080,.T.);
#515=ORIENTED_EDGE('',*,*,#1098,.F.);
#516=ORIENTED_EDGE('',*,*,#1070,.T.);
#517=ORIENTED_EDGE('',*,*,#1099,.F.);
#518=ORIENTED_EDGE('',*,*,#1074,.T.);
#519=ORIENTED_EDGE('',*,*,#1100,.F.);
#520=ORIENTED_EDGE('',*,*,#1064,.T.);
#521=ORIENTED_EDGE('',*,*,#1101,.F.);
#522=ORIENTED_EDGE('',*,*,#1068,.T.);
#523=ORIENTED_EDGE('',*,*,#1102,.F.);
#524=ORIENTED_EDGE('',*,*,#1058,.T.);
#525=ORIENTED_EDGE('',*,*,#1103,.F.);
#526=ORIENTED_EDGE('',*,*,#1062,.T.);
#527=ORIENTED_EDGE('',*,*,#1104,.F.);
#528=ORIENTED_EDGE('',*,*,#1052,.T.);
#529=ORIENTED_EDGE('',*,*,#1105,.F.);
#530=ORIENTED_EDGE('',*,*,#1056,.T.);
#531=ORIENTED_EDGE('',*,*,#1106,.F.);
#532=ORIENTED_EDGE('',*,*,#1046,.T.);
#533=ORIENTED_EDGE('',*,*,#1107,.F.);
#534=ORIENTED_EDGE('',*,*,#1050,.T.);
#535=ORIENTED_EDGE('',*,*,#1108,.F.);
#536=ORIENTED_EDGE('',*,*,#1040,.T.);
#537=ORIENTED_EDGE('',*,*,#1109,.F.);
#538=ORIENTED_EDGE('',*,*,#1044,.T.);
#539=ORIENTED_EDGE('',*,*,#1110,.F.);
#540=ORIENTED_EDGE('',*,*,#1034,.T.);
#541=ORIENTED_EDGE('',*,*,#1111,.F.);
#542=ORIENTED_EDGE('',*,*,#1038,.T.);
#543=ORIENTED_EDGE('',*,*,#1112,.F.);
#544=ORIENTED_EDGE('',*,*,#1028,.T.);
#545=ORIENTED_EDGE('',*,*,#1113,.F.);
#546=ORIENTED_EDGE('',*,*,#1032,.T.);
#547=ORIENTED_EDGE('',*,*,#1114,.F.);
#548=ORIENTED_EDGE('',*,*,#1022,.T.);
#549=ORIENTED_EDGE('',*,*,#1115,.F.);
#550=ORIENTED_EDGE('',*,*,#1026,.T.);
#551=ORIENTED_EDGE('',*,*,#1116,.F.);
#552=ORIENTED_EDGE('',*,*,#1016,.T.);
#553=ORIENTED_EDGE('',*,*,#1117,.F.);
#554=ORIENTED_EDGE('',*,*,#1020,.T.);
#555=ORIENTED_EDGE('',*,*,#1118,.F.);
#556=ORIENTED_EDGE('',*,*,#1010,.T.);
#557=ORIENTED_EDGE('',*,*,#1119,.F.);
#558=ORIENTED_EDGE('',*,*,#1014,.T.);
#559=ORIENTED_EDGE('',*,*,#1120,.F.);
#560=ORIENTED_EDGE('',*,*,#1004,.T.);
#561=ORIENTED_EDGE('',*,*,#1121,.F.);
#562=ORIENTED_EDGE('',*,*,#1008,.T.);
#563=ORIENTED_EDGE('',*,*,#1122,.F.);
#564=ORIENTED_EDGE('',*,*,#998,.T.);
#565=ORIENTED_EDGE('',*,*,#1123,.F.);
#566=ORIENTED_EDGE('',*,*,#1002,.T.);
#567=ORIENTED_EDGE('',*,*,#1124,.F.);
#568=ORIENTED_EDGE('',*,*,#992,.T.);
#569=ORIENTED_EDGE('',*,*,#1125,.F.);
#570=ORIENTED_EDGE('',*,*,#996,.T.);
#571=ORIENTED_EDGE('',*,*,#1126,.F.);
#572=ORIENTED_EDGE('',*,*,#986,.T.);
#573=ORIENTED_EDGE('',*,*,#1127,.F.);
#574=ORIENTED_EDGE('',*,*,#990,.T.);
#575=ORIENTED_EDGE('',*,*,#1128,.F.);
#576=ORIENTED_EDGE('',*,*,#980,.T.);
#577=ORIENTED_EDGE('',*,*,#1129,.F.);
#578=ORIENTED_EDGE('',*,*,#984,.T.);
#579=ORIENTED_EDGE('',*,*,#1130,.F.);
#580=ORIENTED_EDGE('',*,*,#974,.T.);
#581=ORIENTED_EDGE('',*,*,#1131,.F.);
#582=ORIENTED_EDGE('',*,*,#978,.T.);
#583=ORIENTED_EDGE('',*,*,#1132,.F.);
#584=ORIENTED_EDGE('',*,*,#1088,.T.);
#585=ORIENTED_EDGE('',*,*,#1133,.T.);
#586=ORIENTED_EDGE('',*,*,#1134,.T.);
#587=ORIENTED_EDGE('',*,*,#1135,.T.);
#588=ORIENTED_EDGE('',*,*,#1136,.T.);
#589=ORIENTED_EDGE('',*,*,#1137,.T.);
#590=ORIENTED_EDGE('',*,*,#1138,.T.);
#591=ORIENTED_EDGE('',*,*,#1139,.T.);
#592=ORIENTED_EDGE('',*,*,#1140,.T.);
#593=ORIENTED_EDGE('',*,*,#1141,.T.);
#594=ORIENTED_EDGE('',*,*,#1142,.T.);
#595=ORIENTED_EDGE('',*,*,#1143,.T.);
#596=ORIENTED_EDGE('',*,*,#1144,.T.);
#597=ORIENTED_EDGE('',*,*,#1145,.T.);
#598=ORIENTED_EDGE('',*,*,#1146,.T.);
#599=ORIENTED_EDGE('',*,*,#1147,.T.);
#600=ORIENTED_EDGE('',*,*,#1148,.F.);
#601=ORIENTED_EDGE('',*,*,#1147,.F.);
#602=ORIENTED_EDGE('',*,*,#1149,.F.);
#603=ORIENTED_EDGE('',*,*,#1133,.F.);
#604=ORIENTED_EDGE('',*,*,#1149,.T.);
#605=ORIENTED_EDGE('',*,*,#1150,.T.);
#606=ORIENTED_EDGE('',*,*,#1151,.T.);
#607=ORIENTED_EDGE('',*,*,#1152,.T.);
#608=ORIENTED_EDGE('',*,*,#1153,.T.);
#609=ORIENTED_EDGE('',*,*,#1154,.T.);
#610=ORIENTED_EDGE('',*,*,#1155,.T.);
#611=ORIENTED_EDGE('',*,*,#1156,.T.);
#612=ORIENTED_EDGE('',*,*,#1157,.T.);
#613=ORIENTED_EDGE('',*,*,#1158,.T.);
#614=ORIENTED_EDGE('',*,*,#1159,.T.);
#615=ORIENTED_EDGE('',*,*,#1160,.T.);
#616=ORIENTED_EDGE('',*,*,#1161,.T.);
#617=ORIENTED_EDGE('',*,*,#1162,.T.);
#618=ORIENTED_EDGE('',*,*,#1163,.T.);
#619=ORIENTED_EDGE('',*,*,#1164,.T.);
#620=ORIENTED_EDGE('',*,*,#1165,.T.);
#621=ORIENTED_EDGE('',*,*,#1166,.T.);
#622=ORIENTED_EDGE('',*,*,#1167,.T.);
#623=ORIENTED_EDGE('',*,*,#1168,.T.);
#624=ORIENTED_EDGE('',*,*,#1169,.T.);
#625=ORIENTED_EDGE('',*,*,#1170,.T.);
#626=ORIENTED_EDGE('',*,*,#1148,.T.);
#627=ORIENTED_EDGE('',*,*,#1152,.F.);
#628=ORIENTED_EDGE('',*,*,#1171,.T.);
#629=ORIENTED_EDGE('',*,*,#1172,.T.);
#630=ORIENTED_EDGE('',*,*,#1173,.T.);
#631=ORIENTED_EDGE('',*,*,#1171,.F.);
#632=ORIENTED_EDGE('',*,*,#1151,.F.);
#633=ORIENTED_EDGE('',*,*,#1174,.F.);
#634=ORIENTED_EDGE('',*,*,#1175,.F.);
#635=ORIENTED_EDGE('',*,*,#1174,.T.);
#636=ORIENTED_EDGE('',*,*,#1154,.F.);
#637=ORIENTED_EDGE('',*,*,#1176,.F.);
#638=ORIENTED_EDGE('',*,*,#1177,.F.);
#639=ORIENTED_EDGE('',*,*,#1176,.T.);
#640=ORIENTED_EDGE('',*,*,#1153,.F.);
#641=ORIENTED_EDGE('',*,*,#1173,.F.);
#642=ORIENTED_EDGE('',*,*,#1178,.F.);
#643=ORIENTED_EDGE('',*,*,#1156,.F.);
#644=ORIENTED_EDGE('',*,*,#1179,.T.);
#645=ORIENTED_EDGE('',*,*,#1180,.T.);
#646=ORIENTED_EDGE('',*,*,#1181,.T.);
#647=ORIENTED_EDGE('',*,*,#1179,.F.);
#648=ORIENTED_EDGE('',*,*,#1155,.F.);
#649=ORIENTED_EDGE('',*,*,#1182,.F.);
#650=ORIENTED_EDGE('',*,*,#1183,.F.);
#651=ORIENTED_EDGE('',*,*,#1182,.T.);
#652=ORIENTED_EDGE('',*,*,#1158,.F.);
#653=ORIENTED_EDGE('',*,*,#1184,.F.);
#654=ORIENTED_EDGE('',*,*,#1185,.F.);
#655=ORIENTED_EDGE('',*,*,#1184,.T.);
#656=ORIENTED_EDGE('',*,*,#1157,.F.);
#657=ORIENTED_EDGE('',*,*,#1181,.F.);
#658=ORIENTED_EDGE('',*,*,#1186,.F.);
#659=ORIENTED_EDGE('',*,*,#1160,.F.);
#660=ORIENTED_EDGE('',*,*,#1187,.T.);
#661=ORIENTED_EDGE('',*,*,#1188,.T.);
#662=ORIENTED_EDGE('',*,*,#1189,.T.);
#663=ORIENTED_EDGE('',*,*,#1187,.F.);
#664=ORIENTED_EDGE('',*,*,#1159,.F.);
#665=ORIENTED_EDGE('',*,*,#1190,.F.);
#666=ORIENTED_EDGE('',*,*,#1191,.F.);
#667=ORIENTED_EDGE('',*,*,#1190,.T.);
#668=ORIENTED_EDGE('',*,*,#1162,.F.);
#669=ORIENTED_EDGE('',*,*,#1192,.F.);
#670=ORIENTED_EDGE('',*,*,#1193,.F.);
#671=ORIENTED_EDGE('',*,*,#1192,.T.);
#672=ORIENTED_EDGE('',*,*,#1161,.F.);
#673=ORIENTED_EDGE('',*,*,#1189,.F.);
#674=ORIENTED_EDGE('',*,*,#1194,.F.);
#675=ORIENTED_EDGE('',*,*,#1164,.F.);
#676=ORIENTED_EDGE('',*,*,#1195,.T.);
#677=ORIENTED_EDGE('',*,*,#1196,.T.);
#678=ORIENTED_EDGE('',*,*,#1197,.T.);
#679=ORIENTED_EDGE('',*,*,#1195,.F.);
#680=ORIENTED_EDGE('',*,*,#1163,.F.);
#681=ORIENTED_EDGE('',*,*,#1198,.F.);
#682=ORIENTED_EDGE('',*,*,#1199,.F.);
#683=ORIENTED_EDGE('',*,*,#1198,.T.);
#684=ORIENTED_EDGE('',*,*,#1166,.F.);
#685=ORIENTED_EDGE('',*,*,#1200,.F.);
#686=ORIENTED_EDGE('',*,*,#1201,.F.);
#687=ORIENTED_EDGE('',*,*,#1200,.T.);
#688=ORIENTED_EDGE('',*,*,#1165,.F.);
#689=ORIENTED_EDGE('',*,*,#1197,.F.);
#690=ORIENTED_EDGE('',*,*,#1202,.F.);
#691=ORIENTED_EDGE('',*,*,#1167,.F.);
#692=ORIENTED_EDGE('',*,*,#1203,.F.);
#693=ORIENTED_EDGE('',*,*,#1168,.F.);
#694=ORIENTED_EDGE('',*,*,#1204,.F.);
#695=ORIENTED_EDGE('',*,*,#1169,.F.);
#696=ORIENTED_EDGE('',*,*,#1205,.F.);
#697=ORIENTED_EDGE('',*,*,#1170,.F.);
#698=ORIENTED_EDGE('',*,*,#1206,.F.);
#699=ORIENTED_EDGE('',*,*,#1172,.F.);
#700=ORIENTED_EDGE('',*,*,#1175,.T.);
#701=ORIENTED_EDGE('',*,*,#1177,.T.);
#702=ORIENTED_EDGE('',*,*,#1178,.T.);
#703=ORIENTED_EDGE('',*,*,#1180,.F.);
#704=ORIENTED_EDGE('',*,*,#1183,.T.);
#705=ORIENTED_EDGE('',*,*,#1185,.T.);
#706=ORIENTED_EDGE('',*,*,#1186,.T.);
#707=ORIENTED_EDGE('',*,*,#1188,.F.);
#708=ORIENTED_EDGE('',*,*,#1191,.T.);
#709=ORIENTED_EDGE('',*,*,#1193,.T.);
#710=ORIENTED_EDGE('',*,*,#1194,.T.);
#711=ORIENTED_EDGE('',*,*,#1196,.F.);
#712=ORIENTED_EDGE('',*,*,#1199,.T.);
#713=ORIENTED_EDGE('',*,*,#1201,.T.);
#714=ORIENTED_EDGE('',*,*,#1202,.T.);
#715=ORIENTED_EDGE('',*,*,#1203,.T.);
#716=ORIENTED_EDGE('',*,*,#1204,.T.);
#717=ORIENTED_EDGE('',*,*,#1205,.T.);
#718=ORIENTED_EDGE('',*,*,#1206,.T.);
#719=ORIENTED_EDGE('',*,*,#1207,.F.);
#720=ORIENTED_EDGE('',*,*,#1208,.F.);
#721=ORIENTED_EDGE('',*,*,#1209,.F.);
#722=ORIENTED_EDGE('',*,*,#1210,.F.);
#723=ORIENTED_EDGE('',*,*,#1211,.F.);
#724=ORIENTED_EDGE('',*,*,#1212,.F.);
#725=ORIENTED_EDGE('',*,*,#971,.F.);
#726=ORIENTED_EDGE('',*,*,#1134,.F.);
#727=ORIENTED_EDGE('',*,*,#1213,.F.);
#728=ORIENTED_EDGE('',*,*,#1214,.F.);
#729=ORIENTED_EDGE('',*,*,#1215,.F.);
#730=ORIENTED_EDGE('',*,*,#1216,.F.);
#731=ORIENTED_EDGE('',*,*,#1217,.F.);
#732=ORIENTED_EDGE('',*,*,#1145,.F.);
#733=ORIENTED_EDGE('',*,*,#1144,.F.);
#734=ORIENTED_EDGE('',*,*,#1218,.F.);
#735=ORIENTED_EDGE('',*,*,#1219,.F.);
#736=ORIENTED_EDGE('',*,*,#1214,.T.);
#737=ORIENTED_EDGE('',*,*,#1220,.F.);
#738=ORIENTED_EDGE('',*,*,#1221,.F.);
#739=ORIENTED_EDGE('',*,*,#1222,.F.);
#740=ORIENTED_EDGE('',*,*,#1218,.T.);
#741=ORIENTED_EDGE('',*,*,#1143,.F.);
#742=ORIENTED_EDGE('',*,*,#1217,.T.);
#743=ORIENTED_EDGE('',*,*,#1223,.F.);
#744=ORIENTED_EDGE('',*,*,#1220,.T.);
#745=ORIENTED_EDGE('',*,*,#1146,.F.);
#746=ORIENTED_EDGE('',*,*,#1224,.F.);
#747=ORIENTED_EDGE('',*,*,#1225,.F.);
#748=ORIENTED_EDGE('',*,*,#1226,.F.);
#749=ORIENTED_EDGE('',*,*,#1227,.F.);
#750=ORIENTED_EDGE('',*,*,#1141,.F.);
#751=ORIENTED_EDGE('',*,*,#1140,.F.);
#752=ORIENTED_EDGE('',*,*,#1228,.F.);
#753=ORIENTED_EDGE('',*,*,#1229,.F.);
#754=ORIENTED_EDGE('',*,*,#1224,.T.);
#755=ORIENTED_EDGE('',*,*,#1230,.F.);
#756=ORIENTED_EDGE('',*,*,#1231,.F.);
#757=ORIENTED_EDGE('',*,*,#1232,.F.);
#758=ORIENTED_EDGE('',*,*,#1228,.T.);
#759=ORIENTED_EDGE('',*,*,#1139,.F.);
#760=ORIENTED_EDGE('',*,*,#1227,.T.);
#761=ORIENTED_EDGE('',*,*,#1233,.F.);
#762=ORIENTED_EDGE('',*,*,#1230,.T.);
#763=ORIENTED_EDGE('',*,*,#1142,.F.);
#764=ORIENTED_EDGE('',*,*,#1234,.F.);
#765=ORIENTED_EDGE('',*,*,#1235,.F.);
#766=ORIENTED_EDGE('',*,*,#1236,.F.);
#767=ORIENTED_EDGE('',*,*,#1237,.F.);
#768=ORIENTED_EDGE('',*,*,#1136,.F.);
#769=ORIENTED_EDGE('',*,*,#1234,.T.);
#770=ORIENTED_EDGE('',*,*,#1135,.F.);
#771=ORIENTED_EDGE('',*,*,#1238,.F.);
#772=ORIENTED_EDGE('',*,*,#1239,.F.);
#773=ORIENTED_EDGE('',*,*,#1240,.F.);
#774=ORIENTED_EDGE('',*,*,#1241,.F.);
#775=ORIENTED_EDGE('',*,*,#1242,.F.);
#776=ORIENTED_EDGE('',*,*,#1238,.T.);
#777=ORIENTED_EDGE('',*,*,#1138,.F.);
#778=ORIENTED_EDGE('',*,*,#1237,.T.);
#779=ORIENTED_EDGE('',*,*,#1243,.F.);
#780=ORIENTED_EDGE('',*,*,#1240,.T.);
#781=ORIENTED_EDGE('',*,*,#1137,.F.);
#782=ORIENTED_EDGE('',*,*,#1222,.T.);
#783=ORIENTED_EDGE('',*,*,#1208,.T.);
#784=ORIENTED_EDGE('',*,*,#1235,.T.);
#785=ORIENTED_EDGE('',*,*,#1239,.T.);
#786=ORIENTED_EDGE('',*,*,#1242,.T.);
#787=ORIENTED_EDGE('',*,*,#1212,.T.);
#788=ORIENTED_EDGE('',*,*,#1225,.T.);
#789=ORIENTED_EDGE('',*,*,#1229,.T.);
#790=ORIENTED_EDGE('',*,*,#1232,.T.);
#791=ORIENTED_EDGE('',*,*,#1210,.T.);
#792=ORIENTED_EDGE('',*,*,#1215,.T.);
#793=ORIENTED_EDGE('',*,*,#1219,.T.);
#794=ORIENTED_EDGE('',*,*,#1244,.T.);
#795=ORIENTED_EDGE('',*,*,#1241,.T.);
#796=ORIENTED_EDGE('',*,*,#1243,.T.);
#797=ORIENTED_EDGE('',*,*,#1236,.T.);
#798=ORIENTED_EDGE('',*,*,#1207,.T.);
#799=ORIENTED_EDGE('',*,*,#1221,.T.);
#800=ORIENTED_EDGE('',*,*,#1223,.T.);
#801=ORIENTED_EDGE('',*,*,#1216,.T.);
#802=ORIENTED_EDGE('',*,*,#1209,.T.);
#803=ORIENTED_EDGE('',*,*,#1231,.T.);
#804=ORIENTED_EDGE('',*,*,#1233,.T.);
#805=ORIENTED_EDGE('',*,*,#1226,.T.);
#806=ORIENTED_EDGE('',*,*,#1211,.T.);
#807=ORIENTED_EDGE('',*,*,#1213,.T.);
#808=ORIENTED_EDGE('',*,*,#1244,.F.);
#809=ORIENTED_EDGE('',*,*,#1150,.F.);
#810=ORIENTED_EDGE('',*,*,#1245,.F.);
#811=ORIENTED_EDGE('',*,*,#1006,.T.);
#812=ORIENTED_EDGE('',*,*,#1246,.F.);
#813=ORIENTED_EDGE('',*,*,#1012,.T.);
#814=ORIENTED_EDGE('',*,*,#1247,.F.);
#815=ORIENTED_EDGE('',*,*,#1018,.T.);
#816=ORIENTED_EDGE('',*,*,#1248,.F.);
#817=ORIENTED_EDGE('',*,*,#1024,.T.);
#818=ORIENTED_EDGE('',*,*,#1249,.F.);
#819=ORIENTED_EDGE('',*,*,#1030,.T.);
#820=ORIENTED_EDGE('',*,*,#1250,.F.);
#821=ORIENTED_EDGE('',*,*,#1036,.T.);
#822=ORIENTED_EDGE('',*,*,#1251,.F.);
#823=ORIENTED_EDGE('',*,*,#1042,.T.);
#824=ORIENTED_EDGE('',*,*,#1252,.F.);
#825=ORIENTED_EDGE('',*,*,#1048,.T.);
#826=ORIENTED_EDGE('',*,*,#1253,.F.);
#827=ORIENTED_EDGE('',*,*,#1054,.T.);
#828=ORIENTED_EDGE('',*,*,#1254,.F.);
#829=ORIENTED_EDGE('',*,*,#1060,.T.);
#830=ORIENTED_EDGE('',*,*,#1255,.F.);
#831=ORIENTED_EDGE('',*,*,#1066,.T.);
#832=ORIENTED_EDGE('',*,*,#1256,.F.);
#833=ORIENTED_EDGE('',*,*,#1072,.T.);
#834=ORIENTED_EDGE('',*,*,#1257,.F.);
#835=ORIENTED_EDGE('',*,*,#1078,.T.);
#836=ORIENTED_EDGE('',*,*,#1258,.F.);
#837=ORIENTED_EDGE('',*,*,#1084,.T.);
#838=ORIENTED_EDGE('',*,*,#1259,.F.);
#839=ORIENTED_EDGE('',*,*,#1090,.T.);
#840=ORIENTED_EDGE('',*,*,#1260,.F.);
#841=ORIENTED_EDGE('',*,*,#976,.T.);
#842=ORIENTED_EDGE('',*,*,#1261,.F.);
#843=ORIENTED_EDGE('',*,*,#982,.T.);
#844=ORIENTED_EDGE('',*,*,#1262,.F.);
#845=ORIENTED_EDGE('',*,*,#988,.T.);
#846=ORIENTED_EDGE('',*,*,#1263,.F.);
#847=ORIENTED_EDGE('',*,*,#994,.T.);
#848=ORIENTED_EDGE('',*,*,#1264,.F.);
#849=ORIENTED_EDGE('',*,*,#1000,.T.);
#850=ORIENTED_EDGE('',*,*,#1120,.T.);
#851=ORIENTED_EDGE('',*,*,#1013,.T.);
#852=ORIENTED_EDGE('',*,*,#1246,.T.);
#853=ORIENTED_EDGE('',*,*,#1005,.T.);
#854=ORIENTED_EDGE('',*,*,#1118,.T.);
#855=ORIENTED_EDGE('',*,*,#1019,.T.);
#856=ORIENTED_EDGE('',*,*,#1247,.T.);
#857=ORIENTED_EDGE('',*,*,#1011,.T.);
#858=ORIENTED_EDGE('',*,*,#1116,.T.);
#859=ORIENTED_EDGE('',*,*,#1025,.T.);
#860=ORIENTED_EDGE('',*,*,#1248,.T.);
#861=ORIENTED_EDGE('',*,*,#1017,.T.);
#862=ORIENTED_EDGE('',*,*,#1114,.T.);
#863=ORIENTED_EDGE('',*,*,#1031,.T.);
#864=ORIENTED_EDGE('',*,*,#1249,.T.);
#865=ORIENTED_EDGE('',*,*,#1023,.T.);
#866=ORIENTED_EDGE('',*,*,#1112,.T.);
#867=ORIENTED_EDGE('',*,*,#1037,.T.);
#868=ORIENTED_EDGE('',*,*,#1250,.T.);
#869=ORIENTED_EDGE('',*,*,#1029,.T.);
#870=ORIENTED_EDGE('',*,*,#1110,.T.);
#871=ORIENTED_EDGE('',*,*,#1043,.T.);
#872=ORIENTED_EDGE('',*,*,#1251,.T.);
#873=ORIENTED_EDGE('',*,*,#1035,.T.);
#874=ORIENTED_EDGE('',*,*,#1108,.T.);
#875=ORIENTED_EDGE('',*,*,#1049,.T.);
#876=ORIENTED_EDGE('',*,*,#1252,.T.);
#877=ORIENTED_EDGE('',*,*,#1041,.T.);
#878=ORIENTED_EDGE('',*,*,#1106,.T.);
#879=ORIENTED_EDGE('',*,*,#1055,.T.);
#880=ORIENTED_EDGE('',*,*,#1253,.T.);
#881=ORIENTED_EDGE('',*,*,#1047,.T.);
#882=ORIENTED_EDGE('',*,*,#1104,.T.);
#883=ORIENTED_EDGE('',*,*,#1061,.T.);
#884=ORIENTED_EDGE('',*,*,#1254,.T.);
#885=ORIENTED_EDGE('',*,*,#1053,.T.);
#886=ORIENTED_EDGE('',*,*,#1102,.T.);
#887=ORIENTED_EDGE('',*,*,#1067,.T.);
#888=ORIENTED_EDGE('',*,*,#1255,.T.);
#889=ORIENTED_EDGE('',*,*,#1059,.T.);
#890=ORIENTED_EDGE('',*,*,#1100,.T.);
#891=ORIENTED_EDGE('',*,*,#1073,.T.);
#892=ORIENTED_EDGE('',*,*,#1256,.T.);
#893=ORIENTED_EDGE('',*,*,#1065,.T.);
#894=ORIENTED_EDGE('',*,*,#1098,.T.);
#895=ORIENTED_EDGE('',*,*,#1079,.T.);
#896=ORIENTED_EDGE('',*,*,#1257,.T.);
#897=ORIENTED_EDGE('',*,*,#1071,.T.);
#898=ORIENTED_EDGE('',*,*,#1096,.T.);
#899=ORIENTED_EDGE('',*,*,#1085,.T.);
#900=ORIENTED_EDGE('',*,*,#1258,.T.);
#901=ORIENTED_EDGE('',*,*,#1077,.T.);
#902=ORIENTED_EDGE('',*,*,#1094,.T.);
#903=ORIENTED_EDGE('',*,*,#1091,.T.);
#904=ORIENTED_EDGE('',*,*,#1259,.T.);
#905=ORIENTED_EDGE('',*,*,#1083,.T.);
#906=ORIENTED_EDGE('',*,*,#1132,.T.);
#907=ORIENTED_EDGE('',*,*,#977,.T.);
#908=ORIENTED_EDGE('',*,*,#1260,.T.);
#909=ORIENTED_EDGE('',*,*,#1089,.T.);
#910=ORIENTED_EDGE('',*,*,#1130,.T.);
#911=ORIENTED_EDGE('',*,*,#983,.T.);
#912=ORIENTED_EDGE('',*,*,#1261,.T.);
#913=ORIENTED_EDGE('',*,*,#975,.T.);
#914=ORIENTED_EDGE('',*,*,#1128,.T.);
#915=ORIENTED_EDGE('',*,*,#989,.T.);
#916=ORIENTED_EDGE('',*,*,#1262,.T.);
#917=ORIENTED_EDGE('',*,*,#981,.T.);
#918=ORIENTED_EDGE('',*,*,#1126,.T.);
#919=ORIENTED_EDGE('',*,*,#995,.T.);
#920=ORIENTED_EDGE('',*,*,#1263,.T.);
#921=ORIENTED_EDGE('',*,*,#987,.T.);
#922=ORIENTED_EDGE('',*,*,#1124,.T.);
#923=ORIENTED_EDGE('',*,*,#1001,.T.);
#924=ORIENTED_EDGE('',*,*,#1264,.T.);
#925=ORIENTED_EDGE('',*,*,#993,.T.);
#926=ORIENTED_EDGE('',*,*,#1122,.T.);
#927=ORIENTED_EDGE('',*,*,#1007,.T.);
#928=ORIENTED_EDGE('',*,*,#1245,.T.);
#929=ORIENTED_EDGE('',*,*,#999,.T.);
#930=ORIENTED_EDGE('',*,*,#972,.F.);
#931=ORIENTED_EDGE('',*,*,#1111,.T.);
#932=ORIENTED_EDGE('',*,*,#1027,.T.);
#933=ORIENTED_EDGE('',*,*,#1113,.T.);
#934=ORIENTED_EDGE('',*,*,#1021,.T.);
#935=ORIENTED_EDGE('',*,*,#1115,.T.);
#936=ORIENTED_EDGE('',*,*,#1015,.T.);
#937=ORIENTED_EDGE('',*,*,#1117,.T.);
#938=ORIENTED_EDGE('',*,*,#1009,.T.);
#939=ORIENTED_EDGE('',*,*,#1119,.T.);
#940=ORIENTED_EDGE('',*,*,#1003,.T.);
#941=ORIENTED_EDGE('',*,*,#1121,.T.);
#942=ORIENTED_EDGE('',*,*,#997,.T.);
#943=ORIENTED_EDGE('',*,*,#1123,.T.);
#944=ORIENTED_EDGE('',*,*,#991,.T.);
#945=ORIENTED_EDGE('',*,*,#1125,.T.);
#946=ORIENTED_EDGE('',*,*,#985,.T.);
#947=ORIENTED_EDGE('',*,*,#1127,.T.);
#948=ORIENTED_EDGE('',*,*,#979,.T.);
#949=ORIENTED_EDGE('',*,*,#1129,.T.);
#950=ORIENTED_EDGE('',*,*,#973,.T.);
#951=ORIENTED_EDGE('',*,*,#1131,.T.);
#952=ORIENTED_EDGE('',*,*,#1087,.T.);
#953=ORIENTED_EDGE('',*,*,#1093,.T.);
#954=ORIENTED_EDGE('',*,*,#1081,.T.);
#955=ORIENTED_EDGE('',*,*,#1095,.T.);
#956=ORIENTED_EDGE('',*,*,#1075,.T.);
#957=ORIENTED_EDGE('',*,*,#1097,.T.);
#958=ORIENTED_EDGE('',*,*,#1069,.T.);
#959=ORIENTED_EDGE('',*,*,#1099,.T.);
#960=ORIENTED_EDGE('',*,*,#1063,.T.);
#961=ORIENTED_EDGE('',*,*,#1101,.T.);
#962=ORIENTED_EDGE('',*,*,#1057,.T.);
#963=ORIENTED_EDGE('',*,*,#1103,.T.);
#964=ORIENTED_EDGE('',*,*,#1051,.T.);
#965=ORIENTED_EDGE('',*,*,#1105,.T.);
#966=ORIENTED_EDGE('',*,*,#1045,.T.);
#967=ORIENTED_EDGE('',*,*,#1107,.T.);
#968=ORIENTED_EDGE('',*,*,#1039,.T.);
#969=ORIENTED_EDGE('',*,*,#1109,.T.);
#970=ORIENTED_EDGE('',*,*,#1033,.T.);
#971=EDGE_CURVE('',#1265,#1265,#1465,.F.);
#972=EDGE_CURVE('',#1266,#1266,#1466,.T.);
#973=EDGE_CURVE('',#1267,#1268,#233,.T.);
#974=EDGE_CURVE('',#1269,#1267,#234,.T.);
#975=EDGE_CURVE('',#1270,#1269,#235,.T.);
#976=EDGE_CURVE('',#1271,#1270,#236,.T.);
#977=EDGE_CURVE('',#1272,#1271,#237,.T.);
#978=EDGE_CURVE('',#1268,#1272,#238,.T.);
#979=EDGE_CURVE('',#1273,#1274,#239,.T.);
#980=EDGE_CURVE('',#1275,#1273,#240,.F.);
#981=EDGE_CURVE('',#1276,#1275,#241,.T.);
#982=EDGE_CURVE('',#1277,#1276,#242,.T.);
#983=EDGE_CURVE('',#1278,#1277,#243,.T.);
#984=EDGE_CURVE('',#1274,#1278,#244,.T.);
#985=EDGE_CURVE('',#1279,#1280,#245,.T.);
#986=EDGE_CURVE('',#1281,#1279,#246,.T.);
#987=EDGE_CURVE('',#1282,#1281,#247,.T.);
#988=EDGE_CURVE('',#1283,#1282,#248,.T.);
#989=EDGE_CURVE('',#1284,#1283,#249,.T.);
#990=EDGE_CURVE('',#1280,#1284,#250,.T.);
#991=EDGE_CURVE('',#1285,#1286,#251,.T.);
#992=EDGE_CURVE('',#1287,#1285,#252,.T.);
#993=EDGE_CURVE('',#1288,#1287,#253,.T.);
#994=EDGE_CURVE('',#1289,#1288,#254,.T.);
#995=EDGE_CURVE('',#1290,#1289,#255,.T.);
#996=EDGE_CURVE('',#1286,#1290,#256,.T.);
#997=EDGE_CURVE('',#1291,#1292,#257,.T.);
#998=EDGE_CURVE('',#1293,#1291,#258,.T.);
#999=EDGE_CURVE('',#1294,#1293,#259,.T.);
#1000=EDGE_CURVE('',#1295,#1294,#260,.T.);
#1001=EDGE_CURVE('',#1296,#1295,#261,.T.);
#1002=EDGE_CURVE('',#1292,#1296,#262,.T.);
#1003=EDGE_CURVE('',#1297,#1298,#263,.T.);
#1004=EDGE_CURVE('',#1299,#1297,#264,.T.);
#1005=EDGE_CURVE('',#1300,#1299,#265,.T.);
#1006=EDGE_CURVE('',#1301,#1300,#266,.T.);
#1007=EDGE_CURVE('',#1302,#1301,#267,.T.);
#1008=EDGE_CURVE('',#1298,#1302,#268,.T.);
#1009=EDGE_CURVE('',#1303,#1304,#269,.T.);
#1010=EDGE_CURVE('',#1305,#1303,#270,.F.);
#1011=EDGE_CURVE('',#1306,#1305,#271,.T.);
#1012=EDGE_CURVE('',#1307,#1306,#272,.T.);
#1013=EDGE_CURVE('',#1308,#1307,#273,.T.);
#1014=EDGE_CURVE('',#1304,#1308,#274,.T.);
#1015=EDGE_CURVE('',#1309,#1310,#275,.T.);
#1016=EDGE_CURVE('',#1311,#1309,#276,.T.);
#1017=EDGE_CURVE('',#1312,#1311,#277,.T.);
#1018=EDGE_CURVE('',#1313,#1312,#278,.T.);
#1019=EDGE_CURVE('',#1314,#1313,#279,.T.);
#1020=EDGE_CURVE('',#1310,#1314,#280,.T.);
#1021=EDGE_CURVE('',#1315,#1316,#281,.T.);
#1022=EDGE_CURVE('',#1317,#1315,#282,.T.);
#1023=EDGE_CURVE('',#1318,#1317,#283,.T.);
#1024=EDGE_CURVE('',#1319,#1318,#284,.T.);
#1025=EDGE_CURVE('',#1320,#1319,#285,.T.);
#1026=EDGE_CURVE('',#1316,#1320,#286,.T.);
#1027=EDGE_CURVE('',#1321,#1322,#287,.T.);
#1028=EDGE_CURVE('',#1323,#1321,#288,.T.);
#1029=EDGE_CURVE('',#1324,#1323,#289,.T.);
#1030=EDGE_CURVE('',#1325,#1324,#290,.T.);
#1031=EDGE_CURVE('',#1326,#1325,#291,.T.);
#1032=EDGE_CURVE('',#1322,#1326,#292,.T.);
#1033=EDGE_CURVE('',#1327,#1328,#293,.T.);
#1034=EDGE_CURVE('',#1329,#1327,#294,.T.);
#1035=EDGE_CURVE('',#1330,#1329,#295,.T.);
#1036=EDGE_CURVE('',#1331,#1330,#296,.T.);
#1037=EDGE_CURVE('',#1332,#1331,#297,.T.);
#1038=EDGE_CURVE('',#1328,#1332,#298,.T.);
#1039=EDGE_CURVE('',#1333,#1334,#299,.T.);
#1040=EDGE_CURVE('',#1335,#1333,#300,.F.);
#1041=EDGE_CURVE('',#1336,#1335,#301,.T.);
#1042=EDGE_CURVE('',#1337,#1336,#302,.T.);
#1043=EDGE_CURVE('',#1338,#1337,#303,.T.);
#1044=EDGE_CURVE('',#1334,#1338,#304,.T.);
#1045=EDGE_CURVE('',#1339,#1340,#305,.T.);
#1046=EDGE_CURVE('',#1341,#1339,#306,.T.);
#1047=EDGE_CURVE('',#1342,#1341,#307,.T.);
#1048=EDGE_CURVE('',#1343,#1342,#308,.T.);
#1049=EDGE_CURVE('',#1344,#1343,#309,.T.);
#1050=EDGE_CURVE('',#1340,#1344,#310,.T.);
#1051=EDGE_CURVE('',#1345,#1346,#311,.T.);
#1052=EDGE_CURVE('',#1347,#1345,#312,.T.);
#1053=EDGE_CURVE('',#1348,#1347,#313,.T.);
#1054=EDGE_CURVE('',#1349,#1348,#314,.T.);
#1055=EDGE_CURVE('',#1350,#1349,#315,.T.);
#1056=EDGE_CURVE('',#1346,#1350,#316,.T.);
#1057=EDGE_CURVE('',#1351,#1352,#317,.T.);
#1058=EDGE_CURVE('',#1353,#1351,#318,.T.);
#1059=EDGE_CURVE('',#1354,#1353,#319,.T.);
#1060=EDGE_CURVE('',#1355,#1354,#320,.T.);
#1061=EDGE_CURVE('',#1356,#1355,#321,.T.);
#1062=EDGE_CURVE('',#1352,#1356,#322,.T.);
#1063=EDGE_CURVE('',#1357,#1358,#323,.T.);
#1064=EDGE_CURVE('',#1359,#1357,#324,.T.);
#1065=EDGE_CURVE('',#1360,#1359,#325,.T.);
#1066=EDGE_CURVE('',#1361,#1360,#326,.T.);
#1067=EDGE_CURVE('',#1362,#1361,#327,.T.);
#1068=EDGE_CURVE('',#1358,#1362,#328,.T.);
#1069=EDGE_CURVE('',#1363,#1364,#329,.T.);
#1070=EDGE_CURVE('',#1365,#1363,#330,.F.);
#1071=EDGE_CURVE('',#1366,#1365,#331,.T.);
#1072=EDGE_CURVE('',#1367,#1366,#332,.T.);
#1073=EDGE_CURVE('',#1368,#1367,#333,.T.);
#1074=EDGE_CURVE('',#1364,#1368,#334,.T.);
#1075=EDGE_CURVE('',#1369,#1370,#335,.T.);
#1076=EDGE_CURVE('',#1371,#1369,#336,.T.);
#1077=EDGE_CURVE('',#1372,#1371,#337,.T.);
#1078=EDGE_CURVE('',#1373,#1372,#338,.T.);
#1079=EDGE_CURVE('',#1374,#1373,#339,.T.);
#1080=EDGE_CURVE('',#1370,#1374,#340,.T.);
#1081=EDGE_CURVE('',#1375,#1376,#341,.T.);
#1082=EDGE_CURVE('',#1377,#1375,#342,.T.);
#1083=EDGE_CURVE('',#1378,#1377,#343,.T.);
#1084=EDGE_CURVE('',#1379,#1378,#344,.T.);
#1085=EDGE_CURVE('',#1380,#1379,#345,.T.);
#1086=EDGE_CURVE('',#1376,#1380,#346,.T.);
#1087=EDGE_CURVE('',#1381,#1382,#347,.T.);
#1088=EDGE_CURVE('',#1383,#1381,#348,.T.);
#1089=EDGE_CURVE('',#1384,#1383,#349,.T.);
#1090=EDGE_CURVE('',#1385,#1384,#350,.T.);
#1091=EDGE_CURVE('',#1386,#1385,#351,.T.);
#1092=EDGE_CURVE('',#1382,#1386,#352,.T.);
#1093=EDGE_CURVE('',#1382,#1375,#1467,.T.);
#1094=EDGE_CURVE('',#1377,#1386,#1468,.T.);
#1095=EDGE_CURVE('',#1376,#1369,#1469,.T.);
#1096=EDGE_CURVE('',#1371,#1380,#1470,.T.);
#1097=EDGE_CURVE('',#1370,#1363,#1471,.T.);
#1098=EDGE_CURVE('',#1365,#1374,#1472,.T.);
#1099=EDGE_CURVE('',#1364,#1357,#1473,.T.);
#1100=EDGE_CURVE('',#1359,#1368,#1474,.T.);
#1101=EDGE_CURVE('',#1358,#1351,#1475,.T.);
#1102=EDGE_CURVE('',#1353,#1362,#1476,.T.);
#1103=EDGE_CURVE('',#1352,#1345,#1477,.T.);
#1104=EDGE_CURVE('',#1347,#1356,#1478,.T.);
#1105=EDGE_CURVE('',#1346,#1339,#1479,.T.);
#1106=EDGE_CURVE('',#1341,#1350,#1480,.T.);
#1107=EDGE_CURVE('',#1340,#1333,#1481,.T.);
#1108=EDGE_CURVE('',#1335,#1344,#1482,.T.);
#1109=EDGE_CURVE('',#1334,#1327,#1483,.T.);
#1110=EDGE_CURVE('',#1329,#1338,#1484,.T.);
#1111=EDGE_CURVE('',#1328,#1321,#1485,.T.);
#1112=EDGE_CURVE('',#1323,#1332,#1486,.T.);
#1113=EDGE_CURVE('',#1322,#1315,#1487,.T.);
#1114=EDGE_CURVE('',#1317,#1326,#1488,.T.);
#1115=EDGE_CURVE('',#1316,#1309,#1489,.T.);
#1116=EDGE_CURVE('',#1311,#1320,#1490,.T.);
#1117=EDGE_CURVE('',#1310,#1303,#1491,.T.);
#1118=EDGE_CURVE('',#1305,#1314,#1492,.T.);
#1119=EDGE_CURVE('',#1304,#1297,#1493,.T.);
#1120=EDGE_CURVE('',#1299,#1308,#1494,.T.);
#1121=EDGE_CURVE('',#1298,#1291,#1495,.T.);
#1122=EDGE_CURVE('',#1293,#1302,#1496,.T.);
#1123=EDGE_CURVE('',#1292,#1285,#1497,.T.);
#1124=EDGE_CURVE('',#1287,#1296,#1498,.T.);
#1125=EDGE_CURVE('',#1286,#1279,#1499,.T.);
#1126=EDGE_CURVE('',#1281,#1290,#1500,.T.);
#1127=EDGE_CURVE('',#1280,#1273,#1501,.T.);
#1128=EDGE_CURVE('',#1275,#1284,#1502,.T.);
#1129=EDGE_CURVE('',#1274,#1267,#1503,.T.);
#1130=EDGE_CURVE('',#1269,#1278,#1504,.T.);
#1131=EDGE_CURVE('',#1268,#1381,#1505,.T.);
#1132=EDGE_CURVE('',#1383,#1272,#1506,.T.);
#1133=EDGE_CURVE('',#1387,#1387,#353,.T.);
#1134=EDGE_CURVE('',#1388,#1388,#1507,.T.);
#1135=EDGE_CURVE('',#1389,#1390,#50,.T.);
#1136=EDGE_CURVE('',#1390,#1391,#51,.T.);
#1137=EDGE_CURVE('',#1391,#1392,#52,.T.);
#1138=EDGE_CURVE('',#1392,#1389,#53,.T.);
#1139=EDGE_CURVE('',#1393,#1394,#54,.T.);
#1140=EDGE_CURVE('',#1394,#1395,#55,.T.);
#1141=EDGE_CURVE('',#1395,#1396,#56,.T.);
#1142=EDGE_CURVE('',#1396,#1393,#57,.T.);
#1143=EDGE_CURVE('',#1397,#1398,#58,.F.);
#1144=EDGE_CURVE('',#1398,#1399,#59,.F.);
#1145=EDGE_CURVE('',#1399,#1400,#60,.T.);
#1146=EDGE_CURVE('',#1400,#1397,#61,.T.);
#1147=EDGE_CURVE('',#1401,#1401,#1508,.T.);
#1148=EDGE_CURVE('',#1402,#1402,#1509,.T.);
#1149=EDGE_CURVE('',#1403,#1403,#1510,.F.);
#1150=EDGE_CURVE('',#1404,#1404,#1511,.T.);
#1151=EDGE_CURVE('',#1405,#1406,#62,.F.);
#1152=EDGE_CURVE('',#1406,#1407,#1512,.F.);
#1153=EDGE_CURVE('',#1407,#1408,#63,.T.);
#1154=EDGE_CURVE('',#1408,#1405,#1513,.T.);
#1155=EDGE_CURVE('',#1409,#1410,#64,.F.);
#1156=EDGE_CURVE('',#1410,#1411,#1514,.F.);
#1157=EDGE_CURVE('',#1411,#1412,#65,.T.);
#1158=EDGE_CURVE('',#1412,#1409,#1515,.T.);
#1159=EDGE_CURVE('',#1413,#1414,#66,.F.);
#1160=EDGE_CURVE('',#1414,#1415,#1516,.F.);
#1161=EDGE_CURVE('',#1415,#1416,#67,.T.);
#1162=EDGE_CURVE('',#1416,#1413,#1517,.T.);
#1163=EDGE_CURVE('',#1417,#1418,#68,.F.);
#1164=EDGE_CURVE('',#1418,#1419,#1518,.F.);
#1165=EDGE_CURVE('',#1419,#1420,#69,.T.);
#1166=EDGE_CURVE('',#1420,#1417,#1519,.T.);
#1167=EDGE_CURVE('',#1421,#1421,#354,.T.);
#1168=EDGE_CURVE('',#1422,#1422,#355,.T.);
#1169=EDGE_CURVE('',#1423,#1423,#356,.T.);
#1170=EDGE_CURVE('',#1424,#1424,#357,.T.);
#1171=EDGE_CURVE('',#1406,#1425,#70,.T.);
#1172=EDGE_CURVE('',#1425,#1426,#1520,.F.);
#1173=EDGE_CURVE('',#1426,#1407,#71,.T.);
#1174=EDGE_CURVE('',#1427,#1405,#72,.F.);
#1175=EDGE_CURVE('',#1425,#1427,#73,.T.);
#1176=EDGE_CURVE('',#1428,#1408,#74,.T.);
#1177=EDGE_CURVE('',#1427,#1428,#1521,.F.);
#1178=EDGE_CURVE('',#1428,#1426,#75,.F.);
#1179=EDGE_CURVE('',#1410,#1429,#76,.T.);
#1180=EDGE_CURVE('',#1429,#1430,#1522,.F.);
#1181=EDGE_CURVE('',#1430,#1411,#77,.T.);
#1182=EDGE_CURVE('',#1431,#1409,#78,.F.);
#1183=EDGE_CURVE('',#1429,#1431,#79,.T.);
#1184=EDGE_CURVE('',#1432,#1412,#80,.T.);
#1185=EDGE_CURVE('',#1431,#1432,#1523,.F.);
#1186=EDGE_CURVE('',#1432,#1430,#81,.F.);
#1187=EDGE_CURVE('',#1414,#1433,#82,.T.);
#1188=EDGE_CURVE('',#1433,#1434,#1524,.F.);
#1189=EDGE_CURVE('',#1434,#1415,#83,.T.);
#1190=EDGE_CURVE('',#1435,#1413,#84,.F.);
#1191=EDGE_CURVE('',#1433,#1435,#85,.T.);
#1192=EDGE_CURVE('',#1436,#1416,#86,.T.);
#1193=EDGE_CURVE('',#1435,#1436,#1525,.F.);
#1194=EDGE_CURVE('',#1436,#1434,#87,.F.);
#1195=EDGE_CURVE('',#1418,#1437,#88,.T.);
#1196=EDGE_CURVE('',#1437,#1438,#1526,.F.);
#1197=EDGE_CURVE('',#1438,#1419,#89,.T.);
#1198=EDGE_CURVE('',#1439,#1417,#90,.F.);
#1199=EDGE_CURVE('',#1437,#1439,#91,.T.);
#1200=EDGE_CURVE('',#1440,#1420,#92,.T.);
#1201=EDGE_CURVE('',#1439,#1440,#1527,.F.);
#1202=EDGE_CURVE('',#1440,#1438,#93,.F.);
#1203=EDGE_CURVE('',#1441,#1441,#358,.T.);
#1204=EDGE_CURVE('',#1442,#1442,#359,.T.);
#1205=EDGE_CURVE('',#1443,#1443,#360,.T.);
#1206=EDGE_CURVE('',#1444,#1444,#361,.T.);
#1207=EDGE_CURVE('',#1445,#1446,#1528,.T.);
#1208=EDGE_CURVE('',#1447,#1445,#1529,.T.);
#1209=EDGE_CURVE('',#1448,#1447,#1530,.T.);
#1210=EDGE_CURVE('',#1449,#1448,#1531,.T.);
#1211=EDGE_CURVE('',#1450,#1449,#1532,.T.);
#1212=EDGE_CURVE('',#1446,#1450,#1533,.T.);
#1213=EDGE_CURVE('',#1451,#1451,#1534,.F.);
#1214=EDGE_CURVE('',#1452,#1399,#94,.T.);
#1215=EDGE_CURVE('',#1448,#1452,#95,.F.);
#1216=EDGE_CURVE('',#1453,#1448,#96,.F.);
#1217=EDGE_CURVE('',#1400,#1453,#97,.F.);
#1218=EDGE_CURVE('',#1454,#1398,#98,.T.);
#1219=EDGE_CURVE('',#1452,#1454,#99,.F.);
#1220=EDGE_CURVE('',#1455,#1397,#100,.F.);
#1221=EDGE_CURVE('',#1447,#1455,#101,.T.);
#1222=EDGE_CURVE('',#1454,#1447,#102,.T.);
#1223=EDGE_CURVE('',#1455,#1453,#103,.T.);
#1224=EDGE_CURVE('',#1456,#1395,#104,.F.);
#1225=EDGE_CURVE('',#1450,#1456,#105,.F.);
#1226=EDGE_CURVE('',#1457,#1450,#106,.F.);
#1227=EDGE_CURVE('',#1396,#1457,#107,.T.);
#1228=EDGE_CURVE('',#1458,#1394,#108,.F.);
#1229=EDGE_CURVE('',#1456,#1458,#109,.F.);
#1230=EDGE_CURVE('',#1459,#1393,#110,.F.);
#1231=EDGE_CURVE('',#1449,#1459,#111,.F.);
#1232=EDGE_CURVE('',#1458,#1449,#112,.F.);
#1233=EDGE_CURVE('',#1459,#1457,#113,.F.);
#1234=EDGE_CURVE('',#1460,#1390,#114,.F.);
#1235=EDGE_CURVE('',#1445,#1460,#115,.F.);
#1236=EDGE_CURVE('',#1461,#1445,#116,.F.);
#1237=EDGE_CURVE('',#1391,#1461,#117,.T.);
#1238=EDGE_CURVE('',#1462,#1389,#118,.F.);
#1239=EDGE_CURVE('',#1460,#1462,#119,.F.);
#1240=EDGE_CURVE('',#1463,#1392,#120,.F.);
#1241=EDGE_CURVE('',#1446,#1463,#121,.F.);
#1242=EDGE_CURVE('',#1462,#1446,#122,.F.);
#1243=EDGE_CURVE('',#1463,#1461,#123,.F.);
#1244=EDGE_CURVE('',#1464,#1464,#362,.T.);
#1245=EDGE_CURVE('',#1301,#1294,#1535,.T.);
#1246=EDGE_CURVE('',#1307,#1300,#1536,.T.);
#1247=EDGE_CURVE('',#1313,#1306,#1537,.T.);
#1248=EDGE_CURVE('',#1319,#1312,#1538,.T.);
#1249=EDGE_CURVE('',#1325,#1318,#1539,.T.);
#1250=EDGE_CURVE('',#1331,#1324,#1540,.T.);
#1251=EDGE_CURVE('',#1337,#1330,#1541,.T.);
#1252=EDGE_CURVE('',#1343,#1336,#1542,.T.);
#1253=EDGE_CURVE('',#1349,#1342,#1543,.T.);
#1254=EDGE_CURVE('',#1355,#1348,#1544,.T.);
#1255=EDGE_CURVE('',#1361,#1354,#1545,.T.);
#1256=EDGE_CURVE('',#1367,#1360,#1546,.T.);
#1257=EDGE_CURVE('',#1373,#1366,#1547,.T.);
#1258=EDGE_CURVE('',#1379,#1372,#1548,.T.);
#1259=EDGE_CURVE('',#1385,#1378,#1549,.T.);
#1260=EDGE_CURVE('',#1271,#1384,#1550,.T.);
#1261=EDGE_CURVE('',#1277,#1270,#1551,.T.);
#1262=EDGE_CURVE('',#1283,#1276,#1552,.T.);
#1263=EDGE_CURVE('',#1289,#1282,#1553,.T.);
#1264=EDGE_CURVE('',#1295,#1288,#1554,.T.);
#1265=VERTEX_POINT('',#2591);
#1266=VERTEX_POINT('',#2593);
#1267=VERTEX_POINT('',#2951);
#1268=VERTEX_POINT('',#2952);
#1269=VERTEX_POINT('',#2957);
#1270=VERTEX_POINT('',#2962);
#1271=VERTEX_POINT('',#2981);
#1272=VERTEX_POINT('',#2986);
#1273=VERTEX_POINT('',#3348);
#1274=VERTEX_POINT('',#3349);
#1275=VERTEX_POINT('',#3354);
#1276=VERTEX_POINT('',#3359);
#1277=VERTEX_POINT('',#3378);
#1278=VERTEX_POINT('',#3383);
#1279=VERTEX_POINT('',#3745);
#1280=VERTEX_POINT('',#3746);
#1281=VERTEX_POINT('',#3751);
#1282=VERTEX_POINT('',#3756);
#1283=VERTEX_POINT('',#3775);
#1284=VERTEX_POINT('',#3780);
#1285=VERTEX_POINT('',#4142);
#1286=VERTEX_POINT('',#4143);
#1287=VERTEX_POINT('',#4148);
#1288=VERTEX_POINT('',#4153);
#1289=VERTEX_POINT('',#4172);
#1290=VERTEX_POINT('',#4177);
#1291=VERTEX_POINT('',#4539);
#1292=VERTEX_POINT('',#4540);
#1293=VERTEX_POINT('',#4545);
#1294=VERTEX_POINT('',#4550);
#1295=VERTEX_POINT('',#4569);
#1296=VERTEX_POINT('',#4574);
#1297=VERTEX_POINT('',#4936);
#1298=VERTEX_POINT('',#4937);
#1299=VERTEX_POINT('',#4942);
#1300=VERTEX_POINT('',#4947);
#1301=VERTEX_POINT('',#4966);
#1302=VERTEX_POINT('',#4971);
#1303=VERTEX_POINT('',#5333);
#1304=VERTEX_POINT('',#5334);
#1305=VERTEX_POINT('',#5339);
#1306=VERTEX_POINT('',#5344);
#1307=VERTEX_POINT('',#5363);
#1308=VERTEX_POINT('',#5368);
#1309=VERTEX_POINT('',#5730);
#1310=VERTEX_POINT('',#5731);
#1311=VERTEX_POINT('',#5736);
#1312=VERTEX_POINT('',#5741);
#1313=VERTEX_POINT('',#5760);
#1314=VERTEX_POINT('',#5765);
#1315=VERTEX_POINT('',#6127);
#1316=VERTEX_POINT('',#6128);
#1317=VERTEX_POINT('',#6133);
#1318=VERTEX_POINT('',#6138);
#1319=VERTEX_POINT('',#6157);
#1320=VERTEX_POINT('',#6162);
#1321=VERTEX_POINT('',#6524);
#1322=VERTEX_POINT('',#6525);
#1323=VERTEX_POINT('',#6530);
#1324=VERTEX_POINT('',#6535);
#1325=VERTEX_POINT('',#6554);
#1326=VERTEX_POINT('',#6559);
#1327=VERTEX_POINT('',#6921);
#1328=VERTEX_POINT('',#6922);
#1329=VERTEX_POINT('',#6927);
#1330=VERTEX_POINT('',#6932);
#1331=VERTEX_POINT('',#6951);
#1332=VERTEX_POINT('',#6956);
#1333=VERTEX_POINT('',#7318);
#1334=VERTEX_POINT('',#7319);
#1335=VERTEX_POINT('',#7324);
#1336=VERTEX_POINT('',#7329);
#1337=VERTEX_POINT('',#7348);
#1338=VERTEX_POINT('',#7353);
#1339=VERTEX_POINT('',#7715);
#1340=VERTEX_POINT('',#7716);
#1341=VERTEX_POINT('',#7721);
#1342=VERTEX_POINT('',#7726);
#1343=VERTEX_POINT('',#7745);
#1344=VERTEX_POINT('',#7750);
#1345=VERTEX_POINT('',#8112);
#1346=VERTEX_POINT('',#8113);
#1347=VERTEX_POINT('',#8118);
#1348=VERTEX_POINT('',#8123);
#1349=VERTEX_POINT('',#8142);
#1350=VERTEX_POINT('',#8147);
#1351=VERTEX_POINT('',#8509);
#1352=VERTEX_POINT('',#8510);
#1353=VERTEX_POINT('',#8515);
#1354=VERTEX_POINT('',#8520);
#1355=VERTEX_POINT('',#8539);
#1356=VERTEX_POINT('',#8544);
#1357=VERTEX_POINT('',#8906);
#1358=VERTEX_POINT('',#8907);
#1359=VERTEX_POINT('',#8912);
#1360=VERTEX_POINT('',#8917);
#1361=VERTEX_POINT('',#8936);
#1362=VERTEX_POINT('',#8941);
#1363=VERTEX_POINT('',#9303);
#1364=VERTEX_POINT('',#9304);
#1365=VERTEX_POINT('',#9309);
#1366=VERTEX_POINT('',#9314);
#1367=VERTEX_POINT('',#9333);
#1368=VERTEX_POINT('',#9338);
#1369=VERTEX_POINT('',#9700);
#1370=VERTEX_POINT('',#9701);
#1371=VERTEX_POINT('',#9706);
#1372=VERTEX_POINT('',#9711);
#1373=VERTEX_POINT('',#9730);
#1374=VERTEX_POINT('',#9735);
#1375=VERTEX_POINT('',#10097);
#1376=VERTEX_POINT('',#10098);
#1377=VERTEX_POINT('',#10103);
#1378=VERTEX_POINT('',#10108);
#1379=VERTEX_POINT('',#10127);
#1380=VERTEX_POINT('',#10132);
#1381=VERTEX_POINT('',#10494);
#1382=VERTEX_POINT('',#10495);
#1383=VERTEX_POINT('',#10500);
#1384=VERTEX_POINT('',#10505);
#1385=VERTEX_POINT('',#10524);
#1386=VERTEX_POINT('',#10529);
#1387=VERTEX_POINT('',#10630);
#1388=VERTEX_POINT('',#10632);
#1389=VERTEX_POINT('',#10635);
#1390=VERTEX_POINT('',#10636);
#1391=VERTEX_POINT('',#10638);
#1392=VERTEX_POINT('',#10640);
#1393=VERTEX_POINT('',#10643);
#1394=VERTEX_POINT('',#10644);
#1395=VERTEX_POINT('',#10646);
#1396=VERTEX_POINT('',#10648);
#1397=VERTEX_POINT('',#10651);
#1398=VERTEX_POINT('',#10652);
#1399=VERTEX_POINT('',#10654);
#1400=VERTEX_POINT('',#10656);
#1401=VERTEX_POINT('',#10659);
#1402=VERTEX_POINT('',#10661);
#1403=VERTEX_POINT('',#10664);
#1404=VERTEX_POINT('',#10668);
#1405=VERTEX_POINT('',#10670);
#1406=VERTEX_POINT('',#10671);
#1407=VERTEX_POINT('',#10673);
#1408=VERTEX_POINT('',#10675);
#1409=VERTEX_POINT('',#10678);
#1410=VERTEX_POINT('',#10679);
#1411=VERTEX_POINT('',#10681);
#1412=VERTEX_POINT('',#10683);
#1413=VERTEX_POINT('',#10686);
#1414=VERTEX_POINT('',#10687);
#1415=VERTEX_POINT('',#10689);
#1416=VERTEX_POINT('',#10691);
#1417=VERTEX_POINT('',#10694);
#1418=VERTEX_POINT('',#10695);
#1419=VERTEX_POINT('',#10697);
#1420=VERTEX_POINT('',#10699);
#1421=VERTEX_POINT('',#10712);
#1422=VERTEX_POINT('',#10724);
#1423=VERTEX_POINT('',#10736);
#1424=VERTEX_POINT('',#10748);
#1425=VERTEX_POINT('',#10751);
#1426=VERTEX_POINT('',#10753);
#1427=VERTEX_POINT('',#10757);
#1428=VERTEX_POINT('',#10761);
#1429=VERTEX_POINT('',#10767);
#1430=VERTEX_POINT('',#10769);
#1431=VERTEX_POINT('',#10773);
#1432=VERTEX_POINT('',#10777);
#1433=VERTEX_POINT('',#10783);
#1434=VERTEX_POINT('',#10785);
#1435=VERTEX_POINT('',#10789);
#1436=VERTEX_POINT('',#10793);
#1437=VERTEX_POINT('',#10799);
#1438=VERTEX_POINT('',#10801);
#1439=VERTEX_POINT('',#10805);
#1440=VERTEX_POINT('',#10809);
#1441=VERTEX_POINT('',#10825);
#1442=VERTEX_POINT('',#10838);
#1443=VERTEX_POINT('',#10851);
#1444=VERTEX_POINT('',#10864);
#1445=VERTEX_POINT('',#10867);
#1446=VERTEX_POINT('',#10868);
#1447=VERTEX_POINT('',#10870);
#1448=VERTEX_POINT('',#10872);
#1449=VERTEX_POINT('',#10874);
#1450=VERTEX_POINT('',#10876);
#1451=VERTEX_POINT('',#10880);
#1452=VERTEX_POINT('',#10883);
#1453=VERTEX_POINT('',#10886);
#1454=VERTEX_POINT('',#10890);
#1455=VERTEX_POINT('',#10894);
#1456=VERTEX_POINT('',#10901);
#1457=VERTEX_POINT('',#10904);
#1458=VERTEX_POINT('',#10908);
#1459=VERTEX_POINT('',#10912);
#1460=VERTEX_POINT('',#10919);
#1461=VERTEX_POINT('',#10922);
#1462=VERTEX_POINT('',#10926);
#1463=VERTEX_POINT('',#10930);
#1464=VERTEX_POINT('',#10992);
#1465=CIRCLE('',#1982,0.014);
#1466=CIRCLE('',#1983,0.015263367745691);
#1467=CIRCLE('',#1985,0.0210707929300372);
#1468=CIRCLE('',#1986,0.022);
#1469=CIRCLE('',#1988,0.0210707929300372);
#1470=CIRCLE('',#1989,0.022);
#1471=CIRCLE('',#1991,0.0210707929300372);
#1472=CIRCLE('',#1992,0.022);
#1473=CIRCLE('',#1994,0.0210707929300372);
#1474=CIRCLE('',#1995,0.022);
#1475=CIRCLE('',#1997,0.0210707929300372);
#1476=CIRCLE('',#1998,0.022);
#1477=CIRCLE('',#2000,0.0210707929300372);
#1478=CIRCLE('',#2001,0.022);
#1479=CIRCLE('',#2003,0.0210707929300372);
#1480=CIRCLE('',#2004,0.022);
#1481=CIRCLE('',#2006,0.0210707929300372);
#1482=CIRCLE('',#2007,0.022);
#1483=CIRCLE('',#2009,0.0210707929300372);
#1484=CIRCLE('',#2010,0.022);
#1485=CIRCLE('',#2012,0.0210707929300372);
#1486=CIRCLE('',#2013,0.022);
#1487=CIRCLE('',#2015,0.0210707929300372);
#1488=CIRCLE('',#2016,0.022);
#1489=CIRCLE('',#2018,0.0210707929300372);
#1490=CIRCLE('',#2019,0.022);
#1491=CIRCLE('',#2021,0.0210707929300372);
#1492=CIRCLE('',#2022,0.022);
#1493=CIRCLE('',#2024,0.0210707929300372);
#1494=CIRCLE('',#2025,0.022);
#1495=CIRCLE('',#2027,0.0210707929300372);
#1496=CIRCLE('',#2028,0.022);
#1497=CIRCLE('',#2030,0.0210707929300372);
#1498=CIRCLE('',#2031,0.022);
#1499=CIRCLE('',#2033,0.0210707929300372);
#1500=CIRCLE('',#2034,0.022);
#1501=CIRCLE('',#2036,0.0210707929300372);
#1502=CIRCLE('',#2037,0.022);
#1503=CIRCLE('',#2039,0.0210707929300372);
#1504=CIRCLE('',#2040,0.022);
#1505=CIRCLE('',#2042,0.0210707929300372);
#1506=CIRCLE('',#2043,0.022);
#1507=CIRCLE('',#2045,0.0116);
#1508=CIRCLE('',#2047,0.0062);
#1509=CIRCLE('',#2048,0.0185);
#1510=CIRCLE('',#2050,0.0062);
#1511=CIRCLE('',#2053,0.0185);
#1512=CIRCLE('',#2054,0.0185);
#1513=CIRCLE('',#2055,0.0185);
#1514=CIRCLE('',#2056,0.0185);
#1515=CIRCLE('',#2057,0.0185);
#1516=CIRCLE('',#2058,0.0185);
#1517=CIRCLE('',#2059,0.0185);
#1518=CIRCLE('',#2060,0.0185);
#1519=CIRCLE('',#2061,0.0185);
#1520=CIRCLE('',#2063,0.014);
#1521=CIRCLE('',#2066,0.014);
#1522=CIRCLE('',#2069,0.014);
#1523=CIRCLE('',#2072,0.014);
#1524=CIRCLE('',#2075,0.014);
#1525=CIRCLE('',#2078,0.014);
#1526=CIRCLE('',#2081,0.014);
#1527=CIRCLE('',#2084,0.014);
#1528=CIRCLE('',#2091,0.014);
#1529=CIRCLE('',#2092,0.014);
#1530=CIRCLE('',#2093,0.014);
#1531=CIRCLE('',#2094,0.014);
#1532=CIRCLE('',#2095,0.014);
#1533=CIRCLE('',#2096,0.014);
#1534=CIRCLE('',#2098,0.0116);
#1535=CIRCLE('',#2117,0.022);
#1536=CIRCLE('',#2118,0.022);
#1537=CIRCLE('',#2119,0.022);
#1538=CIRCLE('',#2120,0.022);
#1539=CIRCLE('',#2121,0.022);
#1540=CIRCLE('',#2122,0.022);
#1541=CIRCLE('',#2123,0.022);
#1542=CIRCLE('',#2124,0.022);
#1543=CIRCLE('',#2125,0.022);
#1544=CIRCLE('',#2126,0.022);
#1545=CIRCLE('',#2127,0.022);
#1546=CIRCLE('',#2128,0.022);
#1547=CIRCLE('',#2129,0.022);
#1548=CIRCLE('',#2130,0.022);
#1549=CIRCLE('',#2131,0.022);
#1550=CIRCLE('',#2132,0.022);
#1551=CIRCLE('',#2133,0.022);
#1552=CIRCLE('',#2134,0.022);
#1553=CIRCLE('',#2135,0.022);
#1554=CIRCLE('',#2136,0.022);
#1555=EDGE_LOOP('',(#383));
#1556=EDGE_LOOP('',(#384));
#1557=EDGE_LOOP('',(#385,#386,#387,#388,#389,#390));
#1558=EDGE_LOOP('',(#391,#392,#393,#394,#395,#396));
#1559=EDGE_LOOP('',(#397,#398,#399,#400,#401,#402));
#1560=EDGE_LOOP('',(#403,#404,#405,#406,#407,#408));
#1561=EDGE_LOOP('',(#409,#410,#411,#412,#413,#414));
#1562=EDGE_LOOP('',(#415,#416,#417,#418,#419,#420));
#1563=EDGE_LOOP('',(#421,#422,#423,#424,#425,#426));
#1564=EDGE_LOOP('',(#427,#428,#429,#430,#431,#432));
#1565=EDGE_LOOP('',(#433,#434,#435,#436,#437,#438));
#1566=EDGE_LOOP('',(#439,#440,#441,#442,#443,#444));
#1567=EDGE_LOOP('',(#445,#446,#447,#448,#449,#450));
#1568=EDGE_LOOP('',(#451,#452,#453,#454,#455,#456));
#1569=EDGE_LOOP('',(#457,#458,#459,#460,#461,#462));
#1570=EDGE_LOOP('',(#463,#464,#465,#466,#467,#468));
#1571=EDGE_LOOP('',(#469,#470,#471,#472,#473,#474));
#1572=EDGE_LOOP('',(#475,#476,#477,#478,#479,#480));
#1573=EDGE_LOOP('',(#481,#482,#483,#484,#485,#486));
#1574=EDGE_LOOP('',(#487,#488,#489,#490,#491,#492));
#1575=EDGE_LOOP('',(#493,#494,#495,#496,#497,#498));
#1576=EDGE_LOOP('',(#499,#500,#501,#502,#503,#504));
#1577=EDGE_LOOP('',(#505,#506,#507,#508));
#1578=EDGE_LOOP('',(#509,#510,#511,#512));
#1579=EDGE_LOOP('',(#513,#514,#515,#516));
#1580=EDGE_LOOP('',(#517,#518,#519,#520));
#1581=EDGE_LOOP('',(#521,#522,#523,#524));
#1582=EDGE_LOOP('',(#525,#526,#527,#528));
#1583=EDGE_LOOP('',(#529,#530,#531,#532));
#1584=EDGE_LOOP('',(#533,#534,#535,#536));
#1585=EDGE_LOOP('',(#537,#538,#539,#540));
#1586=EDGE_LOOP('',(#541,#542,#543,#544));
#1587=EDGE_LOOP('',(#545,#546,#547,#548));
#1588=EDGE_LOOP('',(#549,#550,#551,#552));
#1589=EDGE_LOOP('',(#553,#554,#555,#556));
#1590=EDGE_LOOP('',(#557,#558,#559,#560));
#1591=EDGE_LOOP('',(#561,#562,#563,#564));
#1592=EDGE_LOOP('',(#565,#566,#567,#568));
#1593=EDGE_LOOP('',(#569,#570,#571,#572));
#1594=EDGE_LOOP('',(#573,#574,#575,#576));
#1595=EDGE_LOOP('',(#577,#578,#579,#580));
#1596=EDGE_LOOP('',(#581,#582,#583,#584));
#1597=EDGE_LOOP('',(#585));
#1598=EDGE_LOOP('',(#586));
#1599=EDGE_LOOP('',(#587,#588,#589,#590));
#1600=EDGE_LOOP('',(#591,#592,#593,#594));
#1601=EDGE_LOOP('',(#595,#596,#597,#598));
#1602=EDGE_LOOP('',(#599));
#1603=EDGE_LOOP('',(#600));
#1604=EDGE_LOOP('',(#601));
#1605=EDGE_LOOP('',(#602));
#1606=EDGE_LOOP('',(#603));
#1607=EDGE_LOOP('',(#604));
#1608=EDGE_LOOP('',(#605));
#1609=EDGE_LOOP('',(#606,#607,#608,#609));
#1610=EDGE_LOOP('',(#610,#611,#612,#613));
#1611=EDGE_LOOP('',(#614,#615,#616,#617));
#1612=EDGE_LOOP('',(#618,#619,#620,#621));
#1613=EDGE_LOOP('',(#622));
#1614=EDGE_LOOP('',(#623));
#1615=EDGE_LOOP('',(#624));
#1616=EDGE_LOOP('',(#625));
#1617=EDGE_LOOP('',(#626));
#1618=EDGE_LOOP('',(#627,#628,#629,#630));
#1619=EDGE_LOOP('',(#631,#632,#633,#634));
#1620=EDGE_LOOP('',(#635,#636,#637,#638));
#1621=EDGE_LOOP('',(#639,#640,#641,#642));
#1622=EDGE_LOOP('',(#643,#644,#645,#646));
#1623=EDGE_LOOP('',(#647,#648,#649,#650));
#1624=EDGE_LOOP('',(#651,#652,#653,#654));
#1625=EDGE_LOOP('',(#655,#656,#657,#658));
#1626=EDGE_LOOP('',(#659,#660,#661,#662));
#1627=EDGE_LOOP('',(#663,#664,#665,#666));
#1628=EDGE_LOOP('',(#667,#668,#669,#670));
#1629=EDGE_LOOP('',(#671,#672,#673,#674));
#1630=EDGE_LOOP('',(#675,#676,#677,#678));
#1631=EDGE_LOOP('',(#679,#680,#681,#682));
#1632=EDGE_LOOP('',(#683,#684,#685,#686));
#1633=EDGE_LOOP('',(#687,#688,#689,#690));
#1634=EDGE_LOOP('',(#691));
#1635=EDGE_LOOP('',(#692));
#1636=EDGE_LOOP('',(#693));
#1637=EDGE_LOOP('',(#694));
#1638=EDGE_LOOP('',(#695));
#1639=EDGE_LOOP('',(#696));
#1640=EDGE_LOOP('',(#697));
#1641=EDGE_LOOP('',(#698));
#1642=EDGE_LOOP('',(#699,#700,#701,#702));
#1643=EDGE_LOOP('',(#703,#704,#705,#706));
#1644=EDGE_LOOP('',(#707,#708,#709,#710));
#1645=EDGE_LOOP('',(#711,#712,#713,#714));
#1646=EDGE_LOOP('',(#715));
#1647=EDGE_LOOP('',(#716));
#1648=EDGE_LOOP('',(#717));
#1649=EDGE_LOOP('',(#718));
#1650=EDGE_LOOP('',(#719,#720,#721,#722,#723,#724));
#1651=EDGE_LOOP('',(#725));
#1652=EDGE_LOOP('',(#726));
#1653=EDGE_LOOP('',(#727));
#1654=EDGE_LOOP('',(#728,#729,#730,#731,#732));
#1655=EDGE_LOOP('',(#733,#734,#735,#736));
#1656=EDGE_LOOP('',(#737,#738,#739,#740,#741));
#1657=EDGE_LOOP('',(#742,#743,#744,#745));
#1658=EDGE_LOOP('',(#746,#747,#748,#749,#750));
#1659=EDGE_LOOP('',(#751,#752,#753,#754));
#1660=EDGE_LOOP('',(#755,#756,#757,#758,#759));
#1661=EDGE_LOOP('',(#760,#761,#762,#763));
#1662=EDGE_LOOP('',(#764,#765,#766,#767,#768));
#1663=EDGE_LOOP('',(#769,#770,#771,#772));
#1664=EDGE_LOOP('',(#773,#774,#775,#776,#777));
#1665=EDGE_LOOP('',(#778,#779,#780,#781));
#1666=EDGE_LOOP('',(#782,#783,#784,#785,#786,#787,#788,#789,#790,#791,#792,
#793));
#1667=EDGE_LOOP('',(#794));
#1668=EDGE_LOOP('',(#795,#796,#797,#798));
#1669=EDGE_LOOP('',(#799,#800,#801,#802));
#1670=EDGE_LOOP('',(#803,#804,#805,#806));
#1671=EDGE_LOOP('',(#807));
#1672=EDGE_LOOP('',(#808));
#1673=EDGE_LOOP('',(#809));
#1674=EDGE_LOOP('',(#810,#811,#812,#813,#814,#815,#816,#817,#818,#819,#820,
#821,#822,#823,#824,#825,#826,#827,#828,#829,#830,#831,#832,#833,#834,#835,
#836,#837,#838,#839,#840,#841,#842,#843,#844,#845,#846,#847,#848,#849));
#1675=EDGE_LOOP('',(#850,#851,#852,#853));
#1676=EDGE_LOOP('',(#854,#855,#856,#857));
#1677=EDGE_LOOP('',(#858,#859,#860,#861));
#1678=EDGE_LOOP('',(#862,#863,#864,#865));
#1679=EDGE_LOOP('',(#866,#867,#868,#869));
#1680=EDGE_LOOP('',(#870,#871,#872,#873));
#1681=EDGE_LOOP('',(#874,#875,#876,#877));
#1682=EDGE_LOOP('',(#878,#879,#880,#881));
#1683=EDGE_LOOP('',(#882,#883,#884,#885));
#1684=EDGE_LOOP('',(#886,#887,#888,#889));
#1685=EDGE_LOOP('',(#890,#891,#892,#893));
#1686=EDGE_LOOP('',(#894,#895,#896,#897));
#1687=EDGE_LOOP('',(#898,#899,#900,#901));
#1688=EDGE_LOOP('',(#902,#903,#904,#905));
#1689=EDGE_LOOP('',(#906,#907,#908,#909));
#1690=EDGE_LOOP('',(#910,#911,#912,#913));
#1691=EDGE_LOOP('',(#914,#915,#916,#917));
#1692=EDGE_LOOP('',(#918,#919,#920,#921));
#1693=EDGE_LOOP('',(#922,#923,#924,#925));
#1694=EDGE_LOOP('',(#926,#927,#928,#929));
#1695=EDGE_LOOP('',(#930));
#1696=EDGE_LOOP('',(#931,#932,#933,#934,#935,#936,#937,#938,#939,#940,#941,
#942,#943,#944,#945,#946,#947,#948,#949,#950,#951,#952,#953,#954,#955,#956,
#957,#958,#959,#960,#961,#962,#963,#964,#965,#966,#967,#968,#969,#970));
#1697=FACE_BOUND('',#1555,.T.);
#1698=FACE_BOUND('',#1556,.T.);
#1699=FACE_BOUND('',#1557,.T.);
#1700=FACE_BOUND('',#1558,.T.);
#1701=FACE_BOUND('',#1559,.T.);
#1702=FACE_BOUND('',#1560,.T.);
#1703=FACE_BOUND('',#1561,.T.);
#1704=FACE_BOUND('',#1562,.T.);
#1705=FACE_BOUND('',#1563,.T.);
#1706=FACE_BOUND('',#1564,.T.);
#1707=FACE_BOUND('',#1565,.T.);
#1708=FACE_BOUND('',#1566,.T.);
#1709=FACE_BOUND('',#1567,.T.);
#1710=FACE_BOUND('',#1568,.T.);
#1711=FACE_BOUND('',#1569,.T.);
#1712=FACE_BOUND('',#1570,.T.);
#1713=FACE_BOUND('',#1571,.T.);
#1714=FACE_BOUND('',#1572,.T.);
#1715=FACE_BOUND('',#1573,.T.);
#1716=FACE_BOUND('',#1574,.T.);
#1717=FACE_BOUND('',#1575,.T.);
#1718=FACE_BOUND('',#1576,.T.);
#1719=FACE_BOUND('',#1577,.T.);
#1720=FACE_BOUND('',#1578,.T.);
#1721=FACE_BOUND('',#1579,.T.);
#1722=FACE_BOUND('',#1580,.T.);
#1723=FACE_BOUND('',#1581,.T.);
#1724=FACE_BOUND('',#1582,.T.);
#1725=FACE_BOUND('',#1583,.T.);
#1726=FACE_BOUND('',#1584,.T.);
#1727=FACE_BOUND('',#1585,.T.);
#1728=FACE_BOUND('',#1586,.T.);
#1729=FACE_BOUND('',#1587,.T.);
#1730=FACE_BOUND('',#1588,.T.);
#1731=FACE_BOUND('',#1589,.T.);
#1732=FACE_BOUND('',#1590,.T.);
#1733=FACE_BOUND('',#1591,.T.);
#1734=FACE_BOUND('',#1592,.T.);
#1735=FACE_BOUND('',#1593,.T.);
#1736=FACE_BOUND('',#1594,.T.);
#1737=FACE_BOUND('',#1595,.T.);
#1738=FACE_BOUND('',#1596,.T.);
#1739=FACE_BOUND('',#1597,.T.);
#1740=FACE_BOUND('',#1598,.T.);
#1741=FACE_BOUND('',#1599,.T.);
#1742=FACE_BOUND('',#1600,.T.);
#1743=FACE_BOUND('',#1601,.T.);
#1744=FACE_BOUND('',#1602,.T.);
#1745=FACE_BOUND('',#1603,.T.);
#1746=FACE_BOUND('',#1604,.T.);
#1747=FACE_BOUND('',#1605,.T.);
#1748=FACE_BOUND('',#1606,.T.);
#1749=FACE_BOUND('',#1607,.T.);
#1750=FACE_BOUND('',#1608,.T.);
#1751=FACE_BOUND('',#1609,.T.);
#1752=FACE_BOUND('',#1610,.T.);
#1753=FACE_BOUND('',#1611,.T.);
#1754=FACE_BOUND('',#1612,.T.);
#1755=FACE_BOUND('',#1613,.T.);
#1756=FACE_BOUND('',#1614,.T.);
#1757=FACE_BOUND('',#1615,.T.);
#1758=FACE_BOUND('',#1616,.T.);
#1759=FACE_BOUND('',#1617,.T.);
#1760=FACE_BOUND('',#1618,.T.);
#1761=FACE_BOUND('',#1619,.T.);
#1762=FACE_BOUND('',#1620,.T.);
#1763=FACE_BOUND('',#1621,.T.);
#1764=FACE_BOUND('',#1622,.T.);
#1765=FACE_BOUND('',#1623,.T.);
#1766=FACE_BOUND('',#1624,.T.);
#1767=FACE_BOUND('',#1625,.T.);
#1768=FACE_BOUND('',#1626,.T.);
#1769=FACE_BOUND('',#1627,.T.);
#1770=FACE_BOUND('',#1628,.T.);
#1771=FACE_BOUND('',#1629,.T.);
#1772=FACE_BOUND('',#1630,.T.);
#1773=FACE_BOUND('',#1631,.T.);
#1774=FACE_BOUND('',#1632,.T.);
#1775=FACE_BOUND('',#1633,.T.);
#1776=FACE_BOUND('',#1634,.T.);
#1777=FACE_BOUND('',#1635,.T.);
#1778=FACE_BOUND('',#1636,.T.);
#1779=FACE_BOUND('',#1637,.T.);
#1780=FACE_BOUND('',#1638,.T.);
#1781=FACE_BOUND('',#1639,.T.);
#1782=FACE_BOUND('',#1640,.T.);
#1783=FACE_BOUND('',#1641,.T.);
#1784=FACE_BOUND('',#1642,.T.);
#1785=FACE_BOUND('',#1643,.T.);
#1786=FACE_BOUND('',#1644,.T.);
#1787=FACE_BOUND('',#1645,.T.);
#1788=FACE_BOUND('',#1646,.T.);
#1789=FACE_BOUND('',#1647,.T.);
#1790=FACE_BOUND('',#1648,.T.);
#1791=FACE_BOUND('',#1649,.T.);
#1792=FACE_BOUND('',#1650,.T.);
#1793=FACE_BOUND('',#1651,.T.);
#1794=FACE_BOUND('',#1652,.T.);
#1795=FACE_BOUND('',#1653,.T.);
#1796=FACE_BOUND('',#1654,.T.);
#1797=FACE_BOUND('',#1655,.T.);
#1798=FACE_BOUND('',#1656,.T.);
#1799=FACE_BOUND('',#1657,.T.);
#1800=FACE_BOUND('',#1658,.T.);
#1801=FACE_BOUND('',#1659,.T.);
#1802=FACE_BOUND('',#1660,.T.);
#1803=FACE_BOUND('',#1661,.T.);
#1804=FACE_BOUND('',#1662,.T.);
#1805=FACE_BOUND('',#1663,.T.);
#1806=FACE_BOUND('',#1664,.T.);
#1807=FACE_BOUND('',#1665,.T.);
#1808=FACE_BOUND('',#1666,.T.);
#1809=FACE_BOUND('',#1667,.T.);
#1810=FACE_BOUND('',#1668,.T.);
#1811=FACE_BOUND('',#1669,.T.);
#1812=FACE_BOUND('',#1670,.T.);
#1813=FACE_BOUND('',#1671,.T.);
#1814=FACE_BOUND('',#1672,.T.);
#1815=FACE_BOUND('',#1673,.T.);
#1816=FACE_BOUND('',#1674,.T.);
#1817=FACE_BOUND('',#1675,.T.);
#1818=FACE_BOUND('',#1676,.T.);
#1819=FACE_BOUND('',#1677,.T.);
#1820=FACE_BOUND('',#1678,.T.);
#1821=FACE_BOUND('',#1679,.T.);
#1822=FACE_BOUND('',#1680,.T.);
#1823=FACE_BOUND('',#1681,.T.);
#1824=FACE_BOUND('',#1682,.T.);
#1825=FACE_BOUND('',#1683,.T.);
#1826=FACE_BOUND('',#1684,.T.);
#1827=FACE_BOUND('',#1685,.T.);
#1828=FACE_BOUND('',#1686,.T.);
#1829=FACE_BOUND('',#1687,.T.);
#1830=FACE_BOUND('',#1688,.T.);
#1831=FACE_BOUND('',#1689,.T.);
#1832=FACE_BOUND('',#1690,.T.);
#1833=FACE_BOUND('',#1691,.T.);
#1834=FACE_BOUND('',#1692,.T.);
#1835=FACE_BOUND('',#1693,.T.);
#1836=FACE_BOUND('',#1694,.T.);
#1837=FACE_BOUND('',#1695,.T.);
#1838=FACE_BOUND('',#1696,.T.);
#1839=CONICAL_SURFACE('',#1981,0.0115,1.0471975511966);
#1840=CONICAL_SURFACE('',#1984,0.0221106104193253,0.869205683204844);
#1841=CONICAL_SURFACE('',#1987,0.0221106104193253,0.869205683204844);
#1842=CONICAL_SURFACE('',#1990,0.0221106104193253,0.869205683204844);
#1843=CONICAL_SURFACE('',#1993,0.0221106104193253,0.869205683204844);
#1844=CONICAL_SURFACE('',#1996,0.0221106104193253,0.869205683204844);
#1845=CONICAL_SURFACE('',#1999,0.0221106104193253,0.869205683204844);
#1846=CONICAL_SURFACE('',#2002,0.0221106104193253,0.869205683204844);
#1847=CONICAL_SURFACE('',#2005,0.0221106104193253,0.869205683204844);
#1848=CONICAL_SURFACE('',#2008,0.0221106104193253,0.869205683204844);
#1849=CONICAL_SURFACE('',#2011,0.0221106104193253,0.869205683204844);
#1850=CONICAL_SURFACE('',#2014,0.0221106104193253,0.869205683204844);
#1851=CONICAL_SURFACE('',#2017,0.0221106104193253,0.869205683204844);
#1852=CONICAL_SURFACE('',#2020,0.0221106104193253,0.869205683204844);
#1853=CONICAL_SURFACE('',#2023,0.0221106104193253,0.869205683204844);
#1854=CONICAL_SURFACE('',#2026,0.0221106104193253,0.869205683204844);
#1855=CONICAL_SURFACE('',#2029,0.0221106104193253,0.869205683204844);
#1856=CONICAL_SURFACE('',#2032,0.0221106104193253,0.869205683204844);
#1857=CONICAL_SURFACE('',#2035,0.0221106104193253,0.869205683204844);
#1858=CONICAL_SURFACE('',#2038,0.0221106104193253,0.869205683204844);
#1859=CONICAL_SURFACE('',#2041,0.0221106104193253,0.869205683204844);
#1860=CONICAL_SURFACE('',#2116,0.0157606105146927,0.785398163397448);
#1861=ADVANCED_FACE('',(#1697,#1698),#1839,.F.);
#1862=ADVANCED_FACE('',(#1699),#363,.F.);
#1863=ADVANCED_FACE('',(#1700),#364,.F.);
#1864=ADVANCED_FACE('',(#1701),#365,.F.);
#1865=ADVANCED_FACE('',(#1702),#366,.F.);
#1866=ADVANCED_FACE('',(#1703),#367,.F.);
#1867=ADVANCED_FACE('',(#1704),#368,.F.);
#1868=ADVANCED_FACE('',(#1705),#369,.F.);
#1869=ADVANCED_FACE('',(#1706),#370,.F.);
#1870=ADVANCED_FACE('',(#1707),#371,.F.);
#1871=ADVANCED_FACE('',(#1708),#372,.F.);
#1872=ADVANCED_FACE('',(#1709),#373,.F.);
#1873=ADVANCED_FACE('',(#1710),#374,.F.);
#1874=ADVANCED_FACE('',(#1711),#375,.F.);
#1875=ADVANCED_FACE('',(#1712),#376,.F.);
#1876=ADVANCED_FACE('',(#1713),#377,.F.);
#1877=ADVANCED_FACE('',(#1714),#378,.F.);
#1878=ADVANCED_FACE('',(#1715),#379,.F.);
#1879=ADVANCED_FACE('',(#1716),#380,.F.);
#1880=ADVANCED_FACE('',(#1717),#381,.F.);
#1881=ADVANCED_FACE('',(#1718),#382,.F.);
#1882=ADVANCED_FACE('',(#1719),#1840,.T.);
#1883=ADVANCED_FACE('',(#1720),#1841,.T.);
#1884=ADVANCED_FACE('',(#1721),#1842,.T.);
#1885=ADVANCED_FACE('',(#1722),#1843,.T.);
#1886=ADVANCED_FACE('',(#1723),#1844,.T.);
#1887=ADVANCED_FACE('',(#1724),#1845,.T.);
#1888=ADVANCED_FACE('',(#1725),#1846,.T.);
#1889=ADVANCED_FACE('',(#1726),#1847,.T.);
#1890=ADVANCED_FACE('',(#1727),#1848,.T.);
#1891=ADVANCED_FACE('',(#1728),#1849,.T.);
#1892=ADVANCED_FACE('',(#1729),#1850,.T.);
#1893=ADVANCED_FACE('',(#1730),#1851,.T.);
#1894=ADVANCED_FACE('',(#1731),#1852,.T.);
#1895=ADVANCED_FACE('',(#1732),#1853,.T.);
#1896=ADVANCED_FACE('',(#1733),#1854,.T.);
#1897=ADVANCED_FACE('',(#1734),#1855,.T.);
#1898=ADVANCED_FACE('',(#1735),#1856,.T.);
#1899=ADVANCED_FACE('',(#1736),#1857,.T.);
#1900=ADVANCED_FACE('',(#1737),#1858,.T.);
#1901=ADVANCED_FACE('',(#1738),#1859,.T.);
#1902=ADVANCED_FACE('',(#1739,#1740),#198,.T.);
#1903=ADVANCED_FACE('',(#1741,#1742,#1743,#1744,#1745),#199,.T.);
#1904=ADVANCED_FACE('',(#1746,#1747),#22,.F.);
#1905=ADVANCED_FACE('$',(#1748,#1749),#20,.T.);
#1906=ADVANCED_FACE('',(#1750,#1751,#1752,#1753,#1754,#1755,#1756,#1757,
#1758,#1759),#23,.T.);
#1907=ADVANCED_FACE('',(#1760),#200,.T.);
#1908=ADVANCED_FACE('',(#1761),#201,.F.);
#1909=ADVANCED_FACE('',(#1762),#202,.F.);
#1910=ADVANCED_FACE('',(#1763),#203,.F.);
#1911=ADVANCED_FACE('',(#1764),#204,.T.);
#1912=ADVANCED_FACE('',(#1765),#205,.F.);
#1913=ADVANCED_FACE('',(#1766),#206,.F.);
#1914=ADVANCED_FACE('',(#1767),#207,.F.);
#1915=ADVANCED_FACE('',(#1768),#208,.T.);
#1916=ADVANCED_FACE('',(#1769),#209,.F.);
#1917=ADVANCED_FACE('',(#1770),#210,.F.);
#1918=ADVANCED_FACE('',(#1771),#211,.F.);
#1919=ADVANCED_FACE('',(#1772),#212,.T.);
#1920=ADVANCED_FACE('',(#1773),#213,.F.);
#1921=ADVANCED_FACE('',(#1774),#214,.F.);
#1922=ADVANCED_FACE('',(#1775),#215,.F.);
#1923=ADVANCED_FACE('',(#1776,#1777),#24,.F.);
#1924=ADVANCED_FACE('',(#1778,#1779),#25,.F.);
#1925=ADVANCED_FACE('',(#1780,#1781),#26,.F.);
#1926=ADVANCED_FACE('',(#1782,#1783),#27,.F.);
#1927=ADVANCED_FACE('',(#1784,#1785,#1786,#1787,#1788,#1789,#1790,#1791,
#1792,#1793),#28,.F.);
#1928=ADVANCED_FACE('',(#1794,#1795),#29,.F.);
#1929=ADVANCED_FACE('',(#1796),#216,.F.);
#1930=ADVANCED_FACE('',(#1797),#217,.F.);
#1931=ADVANCED_FACE('',(#1798),#218,.F.);
#1932=ADVANCED_FACE('',(#1799),#219,.F.);
#1933=ADVANCED_FACE('',(#1800),#220,.F.);
#1934=ADVANCED_FACE('',(#1801),#221,.F.);
#1935=ADVANCED_FACE('',(#1802),#222,.F.);
#1936=ADVANCED_FACE('',(#1803),#223,.F.);
#1937=ADVANCED_FACE('',(#1804),#224,.F.);
#1938=ADVANCED_FACE('',(#1805),#225,.F.);
#1939=ADVANCED_FACE('',(#1806),#226,.F.);
#1940=ADVANCED_FACE('',(#1807),#227,.F.);
#1941=ADVANCED_FACE('',(#1808,#1809),#228,.T.);
#1942=ADVANCED_FACE('',(#1810),#229,.F.);
#1943=ADVANCED_FACE('',(#1811),#230,.F.);
#1944=ADVANCED_FACE('',(#1812),#231,.F.);
#1945=ADVANCED_FACE('',(#1813,#1814),#21,.T.);
#1946=ADVANCED_FACE('',(#1815,#1816),#1860,.T.);
#1947=ADVANCED_FACE('',(#1817),#30,.T.);
#1948=ADVANCED_FACE('',(#1818),#31,.T.);
#1949=ADVANCED_FACE('',(#1819),#32,.T.);
#1950=ADVANCED_FACE('',(#1820),#33,.T.);
#1951=ADVANCED_FACE('',(#1821),#34,.T.);
#1952=ADVANCED_FACE('',(#1822),#35,.T.);
#1953=ADVANCED_FACE('',(#1823),#36,.T.);
#1954=ADVANCED_FACE('',(#1824),#37,.T.);
#1955=ADVANCED_FACE('',(#1825),#38,.T.);
#1956=ADVANCED_FACE('',(#1826),#39,.T.);
#1957=ADVANCED_FACE('',(#1827),#40,.T.);
#1958=ADVANCED_FACE('',(#1828),#41,.T.);
#1959=ADVANCED_FACE('',(#1829),#42,.T.);
#1960=ADVANCED_FACE('',(#1830),#43,.T.);
#1961=ADVANCED_FACE('',(#1831),#44,.T.);
#1962=ADVANCED_FACE('',(#1832),#45,.T.);
#1963=ADVANCED_FACE('',(#1833),#46,.T.);
#1964=ADVANCED_FACE('',(#1834),#47,.T.);
#1965=ADVANCED_FACE('',(#1835),#48,.T.);
#1966=ADVANCED_FACE('',(#1836),#49,.T.);
#1967=ADVANCED_FACE('',(#1837,#1838),#232,.T.);
#1968=CLOSED_SHELL('',(#1861,#1862,#1863,#1864,#1865,#1866,#1867,#1868,
#1869,#1870,#1871,#1872,#1873,#1874,#1875,#1876,#1877,#1878,#1879,#1880,
#1881,#1882,#1883,#1884,#1885,#1886,#1887,#1888,#1889,#1890,#1891,#1892,
#1893,#1894,#1895,#1896,#1897,#1898,#1899,#1900,#1901,#1902,#1903,#1904,
#1905,#1906,#1907,#1908,#1909,#1910,#1911,#1912,#1913,#1914,#1915,#1916,
#1917,#1918,#1919,#1920,#1921,#1922,#1923,#1924,#1925,#1926,#1927,#1928,
#1929,#1930,#1931,#1932,#1933,#1934,#1935,#1936,#1937,#1938,#1939,#1940,
#1941,#1942,#1943,#1944,#1945,#1946,#1947,#1948,#1949,#1950,#1951,#1952,
#1953,#1954,#1955,#1956,#1957,#1958,#1959,#1960,#1961,#1962,#1963,#1964,
#1965,#1966,#1967));
#1969=STYLED_ITEM('',(#1970),#1977);
#1970=PRESENTATION_STYLE_ASSIGNMENT((#1971));
#1971=SURFACE_STYLE_USAGE(.BOTH.,#1972);
#1972=SURFACE_SIDE_STYLE('',(#1973));
#1973=SURFACE_STYLE_FILL_AREA(#1974);
#1974=FILL_AREA_STYLE('',(#1975));
#1975=FILL_AREA_STYLE_COLOUR('',#1976);
#1976=COLOUR_RGB('',0.792156862745098,0.819607843137255,0.933333333333333);
#1977=MANIFOLD_SOLID_BREP('KP0086-01_OutterFrontDifferentialGear',#1968);
#1978=SHAPE_DEFINITION_REPRESENTATION(#11045,#1979);
#1979=SHAPE_REPRESENTATION('KP0086-01_OutterFrontDifferentialGear',(#1980),
#11040);
#1980=AXIS2_PLACEMENT_3D('',#2588,#2158,#2159);
#1981=AXIS2_PLACEMENT_3D('',#2589,#2160,#2161);
#1982=AXIS2_PLACEMENT_3D('',#2590,#2162,#2163);
#1983=AXIS2_PLACEMENT_3D('',#2592,#2164,#2165);
#1984=AXIS2_PLACEMENT_3D('',#10534,#2166,#2167);
#1985=AXIS2_PLACEMENT_3D('',#10535,#2168,#2169);
#1986=AXIS2_PLACEMENT_3D('',#10536,#2170,#2171);
#1987=AXIS2_PLACEMENT_3D('',#10537,#2172,#2173);
#1988=AXIS2_PLACEMENT_3D('',#10538,#2174,#2175);
#1989=AXIS2_PLACEMENT_3D('',#10539,#2176,#2177);
#1990=AXIS2_PLACEMENT_3D('',#10540,#2178,#2179);
#1991=AXIS2_PLACEMENT_3D('',#10541,#2180,#2181);
#1992=AXIS2_PLACEMENT_3D('',#10542,#2182,#2183);
#1993=AXIS2_PLACEMENT_3D('',#10543,#2184,#2185);
#1994=AXIS2_PLACEMENT_3D('',#10544,#2186,#2187);
#1995=AXIS2_PLACEMENT_3D('',#10545,#2188,#2189);
#1996=AXIS2_PLACEMENT_3D('',#10546,#2190,#2191);
#1997=AXIS2_PLACEMENT_3D('',#10547,#2192,#2193);
#1998=AXIS2_PLACEMENT_3D('',#10548,#2194,#2195);
#1999=AXIS2_PLACEMENT_3D('',#10549,#2196,#2197);
#2000=AXIS2_PLACEMENT_3D('',#10550,#2198,#2199);
#2001=AXIS2_PLACEMENT_3D('',#10551,#2200,#2201);
#2002=AXIS2_PLACEMENT_3D('',#10552,#2202,#2203);
#2003=AXIS2_PLACEMENT_3D('',#10553,#2204,#2205);
#2004=AXIS2_PLACEMENT_3D('',#10554,#2206,#2207);
#2005=AXIS2_PLACEMENT_3D('',#10555,#2208,#2209);
#2006=AXIS2_PLACEMENT_3D('',#10556,#2210,#2211);
#2007=AXIS2_PLACEMENT_3D('',#10557,#2212,#2213);
#2008=AXIS2_PLACEMENT_3D('',#10558,#2214,#2215);
#2009=AXIS2_PLACEMENT_3D('',#10559,#2216,#2217);
#2010=AXIS2_PLACEMENT_3D('',#10560,#2218,#2219);
#2011=AXIS2_PLACEMENT_3D('',#10561,#2220,#2221);
#2012=AXIS2_PLACEMENT_3D('',#10562,#2222,#2223);
#2013=AXIS2_PLACEMENT_3D('',#10563,#2224,#2225);
#2014=AXIS2_PLACEMENT_3D('',#10564,#2226,#2227);
#2015=AXIS2_PLACEMENT_3D('',#10565,#2228,#2229);
#2016=AXIS2_PLACEMENT_3D('',#10566,#2230,#2231);
#2017=AXIS2_PLACEMENT_3D('',#10567,#2232,#2233);
#2018=AXIS2_PLACEMENT_3D('',#10568,#2234,#2235);
#2019=AXIS2_PLACEMENT_3D('',#10569,#2236,#2237);
#2020=AXIS2_PLACEMENT_3D('',#10570,#2238,#2239);
#2021=AXIS2_PLACEMENT_3D('',#10571,#2240,#2241);
#2022=AXIS2_PLACEMENT_3D('',#10572,#2242,#2243);
#2023=AXIS2_PLACEMENT_3D('',#10573,#2244,#2245);
#2024=AXIS2_PLACEMENT_3D('',#10574,#2246,#2247);
#2025=AXIS2_PLACEMENT_3D('',#10575,#2248,#2249);
#2026=AXIS2_PLACEMENT_3D('',#10576,#2250,#2251);
#2027=AXIS2_PLACEMENT_3D('',#10577,#2252,#2253);
#2028=AXIS2_PLACEMENT_3D('',#10578,#2254,#2255);
#2029=AXIS2_PLACEMENT_3D('',#10579,#2256,#2257);
#2030=AXIS2_PLACEMENT_3D('',#10580,#2258,#2259);
#2031=AXIS2_PLACEMENT_3D('',#10581,#2260,#2261);
#2032=AXIS2_PLACEMENT_3D('',#10582,#2262,#2263);
#2033=AXIS2_PLACEMENT_3D('',#10583,#2264,#2265);
#2034=AXIS2_PLACEMENT_3D('',#10584,#2266,#2267);
#2035=AXIS2_PLACEMENT_3D('',#10585,#2268,#2269);
#2036=AXIS2_PLACEMENT_3D('',#10586,#2270,#2271);
#2037=AXIS2_PLACEMENT_3D('',#10587,#2272,#2273);
#2038=AXIS2_PLACEMENT_3D('',#10588,#2274,#2275);
#2039=AXIS2_PLACEMENT_3D('',#10589,#2276,#2277);
#2040=AXIS2_PLACEMENT_3D('',#10590,#2278,#2279);
#2041=AXIS2_PLACEMENT_3D('',#10591,#2280,#2281);
#2042=AXIS2_PLACEMENT_3D('',#10592,#2282,#2283);
#2043=AXIS2_PLACEMENT_3D('',#10593,#2284,#2285);
#2044=AXIS2_PLACEMENT_3D('',#10594,#2286,#2287);
#2045=AXIS2_PLACEMENT_3D('',#10631,#2288,#2289);
#2046=AXIS2_PLACEMENT_3D('',#10633,#2290,#2291);
#2047=AXIS2_PLACEMENT_3D('',#10658,#2304,#2305);
#2048=AXIS2_PLACEMENT_3D('',#10660,#2306,#2307);
#2049=AXIS2_PLACEMENT_3D('',#10662,#2308,#2309);
#2050=AXIS2_PLACEMENT_3D('',#10663,#2310,#2311);
#2051=AXIS2_PLACEMENT_3D('',#10665,#2312,#2313);
#2052=AXIS2_PLACEMENT_3D('',#10666,#2314,#2315);
#2053=AXIS2_PLACEMENT_3D('',#10667,#2316,#2317);
#2054=AXIS2_PLACEMENT_3D('',#10672,#2319,#2320);
#2055=AXIS2_PLACEMENT_3D('',#10676,#2322,#2323);
#2056=AXIS2_PLACEMENT_3D('',#10680,#2325,#2326);
#2057=AXIS2_PLACEMENT_3D('',#10684,#2328,#2329);
#2058=AXIS2_PLACEMENT_3D('',#10688,#2331,#2332);
#2059=AXIS2_PLACEMENT_3D('',#10692,#2334,#2335);
#2060=AXIS2_PLACEMENT_3D('',#10696,#2337,#2338);
#2061=AXIS2_PLACEMENT_3D('',#10700,#2340,#2341);
#2062=AXIS2_PLACEMENT_3D('',#10749,#2342,#2343);
#2063=AXIS2_PLACEMENT_3D('',#10752,#2345,#2346);
#2064=AXIS2_PLACEMENT_3D('',#10755,#2348,#2349);
#2065=AXIS2_PLACEMENT_3D('',#10759,#2352,#2353);
#2066=AXIS2_PLACEMENT_3D('',#10762,#2355,#2356);
#2067=AXIS2_PLACEMENT_3D('',#10763,#2357,#2358);
#2068=AXIS2_PLACEMENT_3D('',#10765,#2360,#2361);
#2069=AXIS2_PLACEMENT_3D('',#10768,#2363,#2364);
#2070=AXIS2_PLACEMENT_3D('',#10771,#2366,#2367);
#2071=AXIS2_PLACEMENT_3D('',#10775,#2370,#2371);
#2072=AXIS2_PLACEMENT_3D('',#10778,#2373,#2374);
#2073=AXIS2_PLACEMENT_3D('',#10779,#2375,#2376);
#2074=AXIS2_PLACEMENT_3D('',#10781,#2378,#2379);
#2075=AXIS2_PLACEMENT_3D('',#10784,#2381,#2382);
#2076=AXIS2_PLACEMENT_3D('',#10787,#2384,#2385);
#2077=AXIS2_PLACEMENT_3D('',#10791,#2388,#2389);
#2078=AXIS2_PLACEMENT_3D('',#10794,#2391,#2392);
#2079=AXIS2_PLACEMENT_3D('',#10795,#2393,#2394);
#2080=AXIS2_PLACEMENT_3D('',#10797,#2396,#2397);
#2081=AXIS2_PLACEMENT_3D('',#10800,#2399,#2400);
#2082=AXIS2_PLACEMENT_3D('',#10803,#2402,#2403);
#2083=AXIS2_PLACEMENT_3D('',#10807,#2406,#2407);
#2084=AXIS2_PLACEMENT_3D('',#10810,#2409,#2410);
#2085=AXIS2_PLACEMENT_3D('',#10811,#2411,#2412);
#2086=AXIS2_PLACEMENT_3D('',#10813,#2414,#2415);
#2087=AXIS2_PLACEMENT_3D('',#10826,#2416,#2417);
#2088=AXIS2_PLACEMENT_3D('',#10839,#2418,#2419);
#2089=AXIS2_PLACEMENT_3D('',#10852,#2420,#2421);
#2090=AXIS2_PLACEMENT_3D('',#10865,#2422,#2423);
#2091=AXIS2_PLACEMENT_3D('',#10866,#2424,#2425);
#2092=AXIS2_PLACEMENT_3D('',#10869,#2426,#2427);
#2093=AXIS2_PLACEMENT_3D('',#10871,#2428,#2429);
#2094=AXIS2_PLACEMENT_3D('',#10873,#2430,#2431);
#2095=AXIS2_PLACEMENT_3D('',#10875,#2432,#2433);
#2096=AXIS2_PLACEMENT_3D('',#10877,#2434,#2435);
#2097=AXIS2_PLACEMENT_3D('',#10878,#2436,#2437);
#2098=AXIS2_PLACEMENT_3D('',#10879,#2438,#2439);
#2099=AXIS2_PLACEMENT_3D('',#10881,#2440,#2441);
#2100=AXIS2_PLACEMENT_3D('',#10888,#2446,#2447);
#2101=AXIS2_PLACEMENT_3D('',#10892,#2450,#2451);
#2102=AXIS2_PLACEMENT_3D('',#10897,#2455,#2456);
#2103=AXIS2_PLACEMENT_3D('',#10899,#2458,#2459);
#2104=AXIS2_PLACEMENT_3D('',#10906,#2464,#2465);
#2105=AXIS2_PLACEMENT_3D('',#10910,#2468,#2469);
#2106=AXIS2_PLACEMENT_3D('',#10915,#2473,#2474);
#2107=AXIS2_PLACEMENT_3D('',#10917,#2476,#2477);
#2108=AXIS2_PLACEMENT_3D('',#10924,#2482,#2483);
#2109=AXIS2_PLACEMENT_3D('',#10928,#2486,#2487);
#2110=AXIS2_PLACEMENT_3D('',#10933,#2491,#2492);
#2111=AXIS2_PLACEMENT_3D('',#10935,#2494,#2495);
#2112=AXIS2_PLACEMENT_3D('',#10993,#2496,#2497);
#2113=AXIS2_PLACEMENT_3D('',#10994,#2498,#2499);
#2114=AXIS2_PLACEMENT_3D('',#10995,#2500,#2501);
#2115=AXIS2_PLACEMENT_3D('',#10996,#2502,#2503);
#2116=AXIS2_PLACEMENT_3D('',#10997,#2504,#2505);
#2117=AXIS2_PLACEMENT_3D('',#10998,#2506,#2507);
#2118=AXIS2_PLACEMENT_3D('',#10999,#2508,#2509);
#2119=AXIS2_PLACEMENT_3D('',#11000,#2510,#2511);
#2120=AXIS2_PLACEMENT_3D('',#11001,#2512,#2513);
#2121=AXIS2_PLACEMENT_3D('',#11002,#2514,#2515);
#2122=AXIS2_PLACEMENT_3D('',#11003,#2516,#2517);
#2123=AXIS2_PLACEMENT_3D('',#11004,#2518,#2519);
#2124=AXIS2_PLACEMENT_3D('',#11005,#2520,#2521);
#2125=AXIS2_PLACEMENT_3D('',#11006,#2522,#2523);
#2126=AXIS2_PLACEMENT_3D('',#11007,#2524,#2525);
#2127=AXIS2_PLACEMENT_3D('',#11008,#2526,#2527);
#2128=AXIS2_PLACEMENT_3D('',#11009,#2528,#2529);
#2129=AXIS2_PLACEMENT_3D('',#11010,#2530,#2531);
#2130=AXIS2_PLACEMENT_3D('',#11011,#2532,#2533);
#2131=AXIS2_PLACEMENT_3D('',#11012,#2534,#2535);
#2132=AXIS2_PLACEMENT_3D('',#11013,#2536,#2537);
#2133=AXIS2_PLACEMENT_3D('',#11014,#2538,#2539);
#2134=AXIS2_PLACEMENT_3D('',#11015,#2540,#2541);
#2135=AXIS2_PLACEMENT_3D('',#11016,#2542,#2543);
#2136=AXIS2_PLACEMENT_3D('',#11017,#2544,#2545);
#2137=AXIS2_PLACEMENT_3D('',#11018,#2546,#2547);
#2138=AXIS2_PLACEMENT_3D('',#11019,#2548,#2549);
#2139=AXIS2_PLACEMENT_3D('',#11020,#2550,#2551);
#2140=AXIS2_PLACEMENT_3D('',#11021,#2552,#2553);
#2141=AXIS2_PLACEMENT_3D('',#11022,#2554,#2555);
#2142=AXIS2_PLACEMENT_3D('',#11023,#2556,#2557);
#2143=AXIS2_PLACEMENT_3D('',#11024,#2558,#2559);
#2144=AXIS2_PLACEMENT_3D('',#11025,#2560,#2561);
#2145=AXIS2_PLACEMENT_3D('',#11026,#2562,#2563);
#2146=AXIS2_PLACEMENT_3D('',#11027,#2564,#2565);
#2147=AXIS2_PLACEMENT_3D('',#11028,#2566,#2567);
#2148=AXIS2_PLACEMENT_3D('',#11029,#2568,#2569);
#2149=AXIS2_PLACEMENT_3D('',#11030,#2570,#2571);
#2150=AXIS2_PLACEMENT_3D('',#11031,#2572,#2573);
#2151=AXIS2_PLACEMENT_3D('',#11032,#2574,#2575);
#2152=AXIS2_PLACEMENT_3D('',#11033,#2576,#2577);
#2153=AXIS2_PLACEMENT_3D('',#11034,#2578,#2579);
#2154=AXIS2_PLACEMENT_3D('',#11035,#2580,#2581);
#2155=AXIS2_PLACEMENT_3D('',#11036,#2582,#2583);
#2156=AXIS2_PLACEMENT_3D('',#11037,#2584,#2585);
#2157=AXIS2_PLACEMENT_3D('',#11038,#2586,#2587);
#2158=DIRECTION('',(0.,0.,1.));
#2159=DIRECTION('',(1.,0.,0.));
#2160=DIRECTION('',(0.,-1.,0.));
#2161=DIRECTION('',(1.,0.,0.));
#2162=DIRECTION('',(0.,-1.,0.));
#2163=DIRECTION('',(1.,0.,0.));
#2164=DIRECTION('',(0.,-1.,0.));
#2165=DIRECTION('',(1.,0.,0.));
#2166=DIRECTION('',(0.,1.,0.));
#2167=DIRECTION('',(-1.,0.,0.));
#2168=DIRECTION('',(0.,-1.,0.));
#2169=DIRECTION('',(1.,0.,0.));
#2170=DIRECTION('',(0.,1.,0.));
#2171=DIRECTION('',(-1.,0.,0.));
#2172=DIRECTION('',(0.,1.,0.));
#2173=DIRECTION('',(-1.,0.,0.));
#2174=DIRECTION('',(0.,-1.,0.));
#2175=DIRECTION('',(1.,0.,0.));
#2176=DIRECTION('',(0.,1.,0.));
#2177=DIRECTION('',(-1.,0.,0.));
#2178=DIRECTION('',(0.,1.,0.));
#2179=DIRECTION('',(-1.,0.,0.));
#2180=DIRECTION('',(0.,-1.,0.));
#2181=DIRECTION('',(1.,0.,0.));
#2182=DIRECTION('',(0.,1.,0.));
#2183=DIRECTION('',(-1.,0.,0.));
#2184=DIRECTION('',(0.,1.,0.));
#2185=DIRECTION('',(-1.,0.,0.));
#2186=DIRECTION('',(0.,-1.,0.));
#2187=DIRECTION('',(1.,0.,0.));
#2188=DIRECTION('',(0.,1.,0.));
#2189=DIRECTION('',(-1.,0.,0.));
#2190=DIRECTION('',(0.,1.,0.));
#2191=DIRECTION('',(-1.,0.,0.));
#2192=DIRECTION('',(0.,-1.,0.));
#2193=DIRECTION('',(1.,0.,0.));
#2194=DIRECTION('',(0.,1.,0.));
#2195=DIRECTION('',(-1.,0.,0.));
#2196=DIRECTION('',(0.,1.,0.));
#2197=DIRECTION('',(-1.,0.,0.));
#2198=DIRECTION('',(0.,-1.,0.));
#2199=DIRECTION('',(1.,0.,0.));
#2200=DIRECTION('',(0.,1.,0.));
#2201=DIRECTION('',(-1.,0.,0.));
#2202=DIRECTION('',(0.,1.,0.));
#2203=DIRECTION('',(-1.,0.,0.));
#2204=DIRECTION('',(0.,-1.,0.));
#2205=DIRECTION('',(1.,0.,0.));
#2206=DIRECTION('',(0.,1.,0.));
#2207=DIRECTION('',(-1.,0.,0.));
#2208=DIRECTION('',(0.,1.,0.));
#2209=DIRECTION('',(-1.,0.,0.));
#2210=DIRECTION('',(0.,-1.,0.));
#2211=DIRECTION('',(1.,0.,0.));
#2212=DIRECTION('',(0.,1.,0.));
#2213=DIRECTION('',(-1.,0.,0.));
#2214=DIRECTION('',(0.,1.,0.));
#2215=DIRECTION('',(-1.,0.,0.));
#2216=DIRECTION('',(0.,-1.,0.));
#2217=DIRECTION('',(1.,0.,0.));
#2218=DIRECTION('',(0.,1.,0.));
#2219=DIRECTION('',(-1.,0.,0.));
#2220=DIRECTION('',(0.,1.,0.));
#2221=DIRECTION('',(-1.,0.,0.));
#2222=DIRECTION('',(0.,-1.,0.));
#2223=DIRECTION('',(1.,0.,0.));
#2224=DIRECTION('',(0.,1.,0.));
#2225=DIRECTION('',(-1.,0.,0.));
#2226=DIRECTION('',(0.,1.,0.));
#2227=DIRECTION('',(-1.,0.,0.));
#2228=DIRECTION('',(0.,-1.,0.));
#2229=DIRECTION('',(1.,0.,0.));
#2230=DIRECTION('',(0.,1.,0.));
#2231=DIRECTION('',(-1.,0.,0.));
#2232=DIRECTION('',(0.,1.,0.));
#2233=DIRECTION('',(-1.,0.,0.));
#2234=DIRECTION('',(0.,-1.,0.));
#2235=DIRECTION('',(1.,0.,0.));
#2236=DIRECTION('',(0.,1.,0.));
#2237=DIRECTION('',(-1.,0.,0.));
#2238=DIRECTION('',(0.,1.,0.));
#2239=DIRECTION('',(-1.,0.,0.));
#2240=DIRECTION('',(0.,-1.,0.));
#2241=DIRECTION('',(1.,0.,0.));
#2242=DIRECTION('',(0.,1.,0.));
#2243=DIRECTION('',(-1.,0.,0.));
#2244=DIRECTION('',(0.,1.,0.));
#2245=DIRECTION('',(-1.,0.,0.));
#2246=DIRECTION('',(0.,-1.,0.));
#2247=DIRECTION('',(1.,0.,0.));
#2248=DIRECTION('',(0.,1.,0.));
#2249=DIRECTION('',(-1.,0.,0.));
#2250=DIRECTION('',(0.,1.,0.));
#2251=DIRECTION('',(-1.,0.,0.));
#2252=DIRECTION('',(0.,-1.,0.));
#2253=DIRECTION('',(1.,0.,0.));
#2254=DIRECTION('',(0.,1.,0.));
#2255=DIRECTION('',(-1.,0.,0.));
#2256=DIRECTION('',(0.,1.,0.));
#2257=DIRECTION('',(-1.,0.,0.));
#2258=DIRECTION('',(0.,-1.,0.));
#2259=DIRECTION('',(1.,0.,0.));
#2260=DIRECTION('',(0.,1.,0.));
#2261=DIRECTION('',(-1.,0.,0.));
#2262=DIRECTION('',(0.,1.,0.));
#2263=DIRECTION('',(-1.,0.,0.));
#2264=DIRECTION('',(0.,-1.,0.));
#2265=DIRECTION('',(1.,0.,0.));
#2266=DIRECTION('',(0.,1.,0.));
#2267=DIRECTION('',(-1.,0.,0.));
#2268=DIRECTION('',(0.,1.,0.));
#2269=DIRECTION('',(-1.,0.,0.));
#2270=DIRECTION('',(0.,-1.,0.));
#2271=DIRECTION('',(1.,0.,0.));
#2272=DIRECTION('',(0.,1.,0.));
#2273=DIRECTION('',(-1.,0.,0.));
#2274=DIRECTION('',(0.,1.,0.));
#2275=DIRECTION('',(-1.,0.,0.));
#2276=DIRECTION('',(0.,-1.,0.));
#2277=DIRECTION('',(1.,0.,0.));
#2278=DIRECTION('',(0.,1.,0.));
#2279=DIRECTION('',(-1.,0.,0.));
#2280=DIRECTION('',(0.,1.,0.));
#2281=DIRECTION('',(-1.,0.,0.));
#2282=DIRECTION('',(0.,-1.,0.));
#2283=DIRECTION('',(1.,0.,0.));
#2284=DIRECTION('',(0.,1.,0.));
#2285=DIRECTION('',(-1.,0.,0.));
#2286=DIRECTION('',(0.,-1.,0.));
#2287=DIRECTION('',(1.,0.,0.));
#2288=DIRECTION('',(0.,-1.,0.));
#2289=DIRECTION('',(1.,0.,0.));
#2290=DIRECTION('',(0.,1.,0.));
#2291=DIRECTION('',(-1.,0.,0.));
#2292=DIRECTION('',(-0.5,0.,0.866025403784439));
#2293=DIRECTION('',(-0.866025403784439,0.,-0.5));
#2294=DIRECTION('',(0.5,0.,-0.866025403784439));
#2295=DIRECTION('',(0.866025403784439,0.,0.5));
#2296=DIRECTION('',(-0.866025403784439,0.,0.5));
#2297=DIRECTION('',(-0.5,0.,-0.866025403784439));
#2298=DIRECTION('',(0.866025403784441,0.,-0.5));
#2299=DIRECTION('',(0.5,0.,0.866025403784438));
#2300=DIRECTION('',(0.,0.,1.));
#2301=DIRECTION('',(-1.,0.,0.));
#2302=DIRECTION('',(0.,0.,1.));
#2303=DIRECTION('',(-1.,0.,0.));
#2304=DIRECTION('',(0.,-1.,0.));
#2305=DIRECTION('',(1.,0.,0.));
#2306=DIRECTION('',(0.,-1.,0.));
#2307=DIRECTION('',(1.,0.,0.));
#2308=DIRECTION('',(0.,-1.,0.));
#2309=DIRECTION('',(1.,0.,0.));
#2310=DIRECTION('',(0.,-1.,0.));
#2311=DIRECTION('',(1.,0.,0.));
#2312=DIRECTION('',(0.,1.,0.));
#2313=DIRECTION('',(-1.,0.,0.));
#2314=DIRECTION('',(0.,-1.,0.));
#2315=DIRECTION('',(1.,0.,0.));
#2316=DIRECTION('',(0.,1.,0.));
#2317=DIRECTION('',(-1.,0.,0.));
#2318=DIRECTION('',(0.,-1.,0.));
#2319=DIRECTION('',(0.,-1.,0.));
#2320=DIRECTION('',(1.,0.,0.));
#2321=DIRECTION('',(0.,-1.,0.));
#2322=DIRECTION('',(0.,-1.,0.));
#2323=DIRECTION('',(1.,0.,0.));
#2324=DIRECTION('',(0.,-1.,0.));
#2325=DIRECTION('',(0.,-1.,0.));
#2326=DIRECTION('',(1.,0.,0.));
#2327=DIRECTION('',(0.,-1.,0.));
#2328=DIRECTION('',(0.,-1.,0.));
#2329=DIRECTION('',(1.,0.,0.));
#2330=DIRECTION('',(0.,-1.,0.));
#2331=DIRECTION('',(0.,-1.,0.));
#2332=DIRECTION('',(1.,0.,0.));
#2333=DIRECTION('',(0.,-1.,0.));
#2334=DIRECTION('',(0.,-1.,0.));
#2335=DIRECTION('',(1.,0.,0.));
#2336=DIRECTION('',(0.,-1.,0.));
#2337=DIRECTION('',(0.,-1.,0.));
#2338=DIRECTION('',(1.,0.,0.));
#2339=DIRECTION('',(0.,-1.,0.));
#2340=DIRECTION('',(0.,-1.,0.));
#2341=DIRECTION('',(1.,0.,0.));
#2342=DIRECTION('',(0.,-1.,0.));
#2343=DIRECTION('',(1.,0.,0.));
#2344=DIRECTION('',(0.707106781186548,0.,-0.707106781186547));
#2345=DIRECTION('',(0.,-1.,0.));
#2346=DIRECTION('',(1.,0.,0.));
#2347=DIRECTION('',(-0.707106781186546,0.,0.70710678118655));
#2348=DIRECTION('',(-0.707106781186547,0.,-0.707106781186548));
#2349=DIRECTION('',(0.707106781186548,0.,-0.707106781186547));
#2350=DIRECTION('',(0.707106781186548,0.,-0.707106781186547));
#2351=DIRECTION('',(0.,-1.,0.));
#2352=DIRECTION('',(0.,-1.,0.));
#2353=DIRECTION('',(1.,0.,0.));
#2354=DIRECTION('',(-0.707106781186546,0.,0.70710678118655));
#2355=DIRECTION('',(0.,-1.,0.));
#2356=DIRECTION('',(1.,0.,0.));
#2357=DIRECTION('',(0.707106781186547,0.,0.707106781186548));
#2358=DIRECTION('',(-0.707106781186548,0.,0.707106781186547));
#2359=DIRECTION('',(0.,-1.,0.));
#2360=DIRECTION('',(0.,-1.,0.));
#2361=DIRECTION('',(1.,0.,0.));
#2362=DIRECTION('',(-0.707106781186548,0.,0.707106781186547));
#2363=DIRECTION('',(0.,-1.,0.));
#2364=DIRECTION('',(1.,0.,0.));
#2365=DIRECTION('',(0.707106781186546,0.,-0.70710678118655));
#2366=DIRECTION('',(0.707106781186548,0.,0.707106781186547));
#2367=DIRECTION('',(-0.707106781186547,0.,0.707106781186548));
#2368=DIRECTION('',(-0.707106781186547,0.,0.707106781186548));
#2369=DIRECTION('',(0.,-1.,0.));
#2370=DIRECTION('',(0.,-1.,0.));
#2371=DIRECTION('',(1.,0.,0.));
#2372=DIRECTION('',(0.707106781186546,0.,-0.70710678118655));
#2373=DIRECTION('',(0.,-1.,0.));
#2374=DIRECTION('',(1.,0.,0.));
#2375=DIRECTION('',(-0.707106781186548,0.,-0.707106781186547));
#2376=DIRECTION('',(0.707106781186547,0.,-0.707106781186548));
#2377=DIRECTION('',(0.,-1.,0.));
#2378=DIRECTION('',(0.,-1.,0.));
#2379=DIRECTION('',(1.,0.,0.));
#2380=DIRECTION('',(0.707106781186547,0.,0.707106781186548));
#2381=DIRECTION('',(0.,-1.,0.));
#2382=DIRECTION('',(1.,0.,0.));
#2383=DIRECTION('',(-0.70710678118655,0.,-0.707106781186546));
#2384=DIRECTION('',(0.707106781186548,0.,-0.707106781186547));
#2385=DIRECTION('',(0.707106781186547,0.,0.707106781186548));
#2386=DIRECTION('',(0.707106781186547,0.,0.707106781186548));
#2387=DIRECTION('',(0.,-1.,0.));
#2388=DIRECTION('',(0.,-1.,0.));
#2389=DIRECTION('',(1.,0.,0.));
#2390=DIRECTION('',(-0.70710678118655,0.,-0.707106781186546));
#2391=DIRECTION('',(0.,-1.,0.));
#2392=DIRECTION('',(1.,0.,0.));
#2393=DIRECTION('',(-0.707106781186548,0.,0.707106781186547));
#2394=DIRECTION('',(-0.707106781186547,0.,-0.707106781186548));
#2395=DIRECTION('',(0.,-1.,0.));
#2396=DIRECTION('',(0.,-1.,0.));
#2397=DIRECTION('',(1.,0.,0.));
#2398=DIRECTION('',(-0.707106781186546,0.,-0.70710678118655));
#2399=DIRECTION('',(0.,-1.,0.));
#2400=DIRECTION('',(1.,0.,0.));
#2401=DIRECTION('',(0.707106781186548,0.,0.707106781186547));
#2402=DIRECTION('',(-0.707106781186547,0.,0.707106781186548));
#2403=DIRECTION('',(-0.707106781186548,0.,-0.707106781186547));
#2404=DIRECTION('',(-0.707106781186548,0.,-0.707106781186547));
#2405=DIRECTION('',(0.,-1.,0.));
#2406=DIRECTION('',(0.,-1.,0.));
#2407=DIRECTION('',(1.,0.,0.));
#2408=DIRECTION('',(0.707106781186548,0.,0.707106781186547));
#2409=DIRECTION('',(0.,-1.,0.));
#2410=DIRECTION('',(1.,0.,0.));
#2411=DIRECTION('',(0.707106781186547,0.,-0.707106781186548));
#2412=DIRECTION('',(0.707106781186548,0.,0.707106781186547));
#2413=DIRECTION('',(0.,-1.,0.));
#2414=DIRECTION('',(-1.,-2.22044604925031E-16,0.));
#2415=DIRECTION('',(2.22044604925031E-16,-1.,0.));
#2416=DIRECTION('',(-6.12323399573677E-17,-2.22044604925031E-16,1.));
#2417=DIRECTION('',(0.,-1.,-2.22044604925031E-16));
#2418=DIRECTION('',(1.,-2.22044604925031E-16,1.22464679914735E-16));
#2419=DIRECTION('',(2.22044604925031E-16,1.,0.));
#2420=DIRECTION('',(1.83697019872103E-16,-2.22044604925031E-16,-1.));
#2421=DIRECTION('',(0.,1.,-2.22044604925031E-16));
#2422=DIRECTION('',(0.,-1.,0.));
#2423=DIRECTION('',(1.,0.,0.));
#2424=DIRECTION('',(0.,-1.,0.));
#2425=DIRECTION('',(1.,0.,0.));
#2426=DIRECTION('',(0.,-1.,0.));
#2427=DIRECTION('',(1.,0.,0.));
#2428=DIRECTION('',(0.,-1.,0.));
#2429=DIRECTION('',(1.,0.,0.));
#2430=DIRECTION('',(0.,-1.,0.));
#2431=DIRECTION('',(1.,0.,0.));
#2432=DIRECTION('',(0.,-1.,0.));
#2433=DIRECTION('',(1.,0.,0.));
#2434=DIRECTION('',(0.,-1.,0.));
#2435=DIRECTION('',(1.,0.,0.));
#2436=DIRECTION('',(0.,-1.,0.));
#2437=DIRECTION('',(1.,0.,0.));
#2438=DIRECTION('',(0.,-1.,0.));
#2439=DIRECTION('',(1.,0.,0.));
#2440=DIRECTION('',(1.,0.,0.));
#2441=DIRECTION('',(0.,1.,0.));
#2442=DIRECTION('',(0.,1.,0.));
#2443=DIRECTION('',(0.,0.,1.));
#2444=DIRECTION('',(0.,0.,1.));
#2445=DIRECTION('',(0.,1.,0.));
#2446=DIRECTION('',(0.,0.,-1.));
#2447=DIRECTION('',(0.,1.,0.));
#2448=DIRECTION('',(0.,1.,0.));
#2449=DIRECTION('',(1.,0.,0.));
#2450=DIRECTION('',(-1.,0.,0.));
#2451=DIRECTION('',(0.,-1.,0.));
#2452=DIRECTION('',(0.,-1.,0.));
#2453=DIRECTION('',(0.,0.,1.));
#2454=DIRECTION('',(0.,0.,1.));
#2455=DIRECTION('',(0.,0.,1.));
#2456=DIRECTION('',(0.,-1.,0.));
#2457=DIRECTION('',(1.,0.,0.));
#2458=DIRECTION('',(-0.5,0.,-0.866025403784439));
#2459=DIRECTION('',(0.866025403784439,0.,-0.5));
#2460=DIRECTION('',(0.,-1.,0.));
#2461=DIRECTION('',(0.866025403784439,0.,-0.5));
#2462=DIRECTION('',(0.866025403784439,0.,-0.5));
#2463=DIRECTION('',(0.,-1.,0.));
#2464=DIRECTION('',(-0.866025403784439,0.,0.5));
#2465=DIRECTION('',(-0.5,0.,-0.866025403784439));
#2466=DIRECTION('',(0.,-1.,0.));
#2467=DIRECTION('',(-0.5,0.,-0.866025403784439));
#2468=DIRECTION('',(0.5,0.,0.866025403784439));
#2469=DIRECTION('',(-0.866025403784439,0.,0.5));
#2470=DIRECTION('',(0.,-1.,0.));
#2471=DIRECTION('',(-0.866025403784439,0.,0.5));
#2472=DIRECTION('',(-0.866025403784439,0.,0.5));
#2473=DIRECTION('',(0.866025403784439,0.,-0.5));
#2474=DIRECTION('',(0.5,0.,0.866025403784439));
#2475=DIRECTION('',(0.5,0.,0.866025403784439));
#2476=DIRECTION('',(-0.5,0.,0.866025403784439));
#2477=DIRECTION('',(-0.866025403784439,0.,-0.5));
#2478=DIRECTION('',(0.,-1.,0.));
#2479=DIRECTION('',(-0.866025403784439,0.,-0.5));
#2480=DIRECTION('',(-0.866025403784439,0.,-0.5));
#2481=DIRECTION('',(0.,-1.,0.));
#2482=DIRECTION('',(0.866025403784439,0.,0.5));
#2483=DIRECTION('',(-0.5,0.,0.866025403784439));
#2484=DIRECTION('',(0.,-1.,0.));
#2485=DIRECTION('',(-0.5,0.,0.866025403784439));
#2486=DIRECTION('',(0.5,0.,-0.866025403784439));
#2487=DIRECTION('',(0.866025403784439,0.,0.5));
#2488=DIRECTION('',(0.,-1.,0.));
#2489=DIRECTION('',(0.866025403784439,0.,0.5));
#2490=DIRECTION('',(0.866025403784439,0.,0.5));
#2491=DIRECTION('',(-0.866025403784439,0.,-0.5));
#2492=DIRECTION('',(0.5,0.,-0.866025403784439));
#2493=DIRECTION('',(0.5,0.,-0.866025403784439));
#2494=DIRECTION('',(0.,-1.,0.));
#2495=DIRECTION('',(1.,0.,0.));
#2496=DIRECTION('',(0.,-1.,0.));
#2497=DIRECTION('',(1.,0.,0.));
#2498=DIRECTION('',(0.,-1.,0.));
#2499=DIRECTION('',(1.,0.,0.));
#2500=DIRECTION('',(0.,-1.,0.));
#2501=DIRECTION('',(1.,0.,0.));
#2502=DIRECTION('',(0.,-1.,0.));
#2503=DIRECTION('',(1.,0.,0.));
#2504=DIRECTION('',(0.,-1.,0.));
#2505=DIRECTION('',(1.,0.,0.));
#2506=DIRECTION('',(0.,-1.,0.));
#2507=DIRECTION('',(1.,0.,0.));
#2508=DIRECTION('',(0.,-1.,0.));
#2509=DIRECTION('',(1.,0.,0.));
#2510=DIRECTION('',(0.,-1.,0.));
#2511=DIRECTION('',(1.,0.,0.));
#2512=DIRECTION('',(0.,-1.,0.));
#2513=DIRECTION('',(1.,0.,0.));
#2514=DIRECTION('',(0.,-1.,0.));
#2515=DIRECTION('',(1.,0.,0.));
#2516=DIRECTION('',(0.,-1.,0.));
#2517=DIRECTION('',(1.,0.,0.));
#2518=DIRECTION('',(0.,-1.,0.));
#2519=DIRECTION('',(1.,0.,0.));
#2520=DIRECTION('',(0.,-1.,0.));
#2521=DIRECTION('',(1.,0.,0.));
#2522=DIRECTION('',(0.,-1.,0.));
#2523=DIRECTION('',(1.,0.,0.));
#2524=DIRECTION('',(0.,-1.,0.));
#2525=DIRECTION('',(1.,0.,0.));
#2526=DIRECTION('',(0.,-1.,0.));
#2527=DIRECTION('',(1.,0.,0.));
#2528=DIRECTION('',(0.,-1.,0.));
#2529=DIRECTION('',(1.,0.,0.));
#2530=DIRECTION('',(0.,-1.,0.));
#2531=DIRECTION('',(1.,0.,0.));
#2532=DIRECTION('',(0.,-1.,0.));
#2533=DIRECTION('',(1.,0.,0.));
#2534=DIRECTION('',(0.,-1.,0.));
#2535=DIRECTION('',(1.,0.,0.));
#2536=DIRECTION('',(0.,-1.,0.));
#2537=DIRECTION('',(1.,0.,0.));
#2538=DIRECTION('',(0.,-1.,0.));
#2539=DIRECTION('',(1.,0.,0.));
#2540=DIRECTION('',(0.,-1.,0.));
#2541=DIRECTION('',(1.,0.,0.));
#2542=DIRECTION('',(0.,-1.,0.));
#2543=DIRECTION('',(1.,0.,0.));
#2544=DIRECTION('',(0.,-1.,0.));
#2545=DIRECTION('',(1.,0.,0.));
#2546=DIRECTION('',(0.,1.,0.));
#2547=DIRECTION('',(-1.,0.,0.));
#2548=DIRECTION('',(0.,1.,0.));
#2549=DIRECTION('',(-1.,0.,0.));
#2550=DIRECTION('',(0.,1.,0.));
#2551=DIRECTION('',(-1.,0.,0.));
#2552=DIRECTION('',(0.,1.,0.));
#2553=DIRECTION('',(-1.,0.,0.));
#2554=DIRECTION('',(0.,1.,0.));
#2555=DIRECTION('',(-1.,0.,0.));
#2556=DIRECTION('',(0.,1.,0.));
#2557=DIRECTION('',(-1.,0.,0.));
#2558=DIRECTION('',(0.,1.,0.));
#2559=DIRECTION('',(-1.,0.,0.));
#2560=DIRECTION('',(0.,1.,0.));
#2561=DIRECTION('',(-1.,0.,0.));
#2562=DIRECTION('',(0.,1.,0.));
#2563=DIRECTION('',(-1.,0.,0.));
#2564=DIRECTION('',(0.,1.,0.));
#2565=DIRECTION('',(-1.,0.,0.));
#2566=DIRECTION('',(0.,1.,0.));
#2567=DIRECTION('',(-1.,0.,0.));
#2568=DIRECTION('',(0.,1.,0.));
#2569=DIRECTION('',(-1.,0.,0.));
#2570=DIRECTION('',(0.,1.,0.));
#2571=DIRECTION('',(-1.,0.,0.));
#2572=DIRECTION('',(0.,1.,0.));
#2573=DIRECTION('',(-1.,0.,0.));
#2574=DIRECTION('',(0.,1.,0.));
#2575=DIRECTION('',(-1.,0.,0.));
#2576=DIRECTION('',(0.,1.,0.));
#2577=DIRECTION('',(-1.,0.,0.));
#2578=DIRECTION('',(0.,1.,0.));
#2579=DIRECTION('',(-1.,0.,0.));
#2580=DIRECTION('',(0.,1.,0.));
#2581=DIRECTION('',(-1.,0.,0.));
#2582=DIRECTION('',(0.,1.,0.));
#2583=DIRECTION('',(-1.,0.,0.));
#2584=DIRECTION('',(0.,1.,0.));
#2585=DIRECTION('',(-1.,0.,0.));
#2586=DIRECTION('',(0.,-1.,0.));
#2587=DIRECTION('',(1.,0.,0.));
#2588=CARTESIAN_POINT('',(0.,0.,0.));
#2589=CARTESIAN_POINT('',(0.,0.0204843259709999,0.));
#2590=CARTESIAN_POINT('',(0.,0.0190409502980259,0.));
#2591=CARTESIAN_POINT('',(0.014,0.0190409502980259,0.));
#2592=CARTESIAN_POINT('',(0.,0.0183115445899656,0.));
#2593=CARTESIAN_POINT('',(0.015263367745691,0.0183115445899656,0.));
#2594=CARTESIAN_POINT('',(-0.00335729776847525,0.0191347345465503,0.0228041381358498));
#2595=CARTESIAN_POINT('',(-0.0032716473569451,0.0186465747223544,0.0222223655465173));
#2596=CARTESIAN_POINT('',(-0.00309534318336615,0.0176417387520216,0.021024835566909));
#2597=CARTESIAN_POINT('',(-0.00284886821428823,0.0162369681802956,0.0193506768745644));
#2598=CARTESIAN_POINT('',(-0.00268804365674046,0.0153203574327656,0.0182582907715522));
#2599=CARTESIAN_POINT('',(-0.00261787286124149,0.0149204228313725,0.0177816620588158));
#2600=CARTESIAN_POINT('',(-0.00317200393823553,0.0192966423508017,0.0226529295908459));
#2601=CARTESIAN_POINT('',(-0.00309108068941434,0.0188043519814411,0.0220750145902648));
#2602=CARTESIAN_POINT('',(-0.00292450698297371,0.0177910136310416,0.020885425132887));
#2603=CARTESIAN_POINT('',(-0.00269163530267986,0.0163743566483392,0.0192223673687364));
#2604=CARTESIAN_POINT('',(-0.00253968687120719,0.0154499900349975,0.018137224605167));
#2605=CARTESIAN_POINT('',(-0.00247338889735396,0.0150466714026946,0.0176637562983943));
#2606=CARTESIAN_POINT('',(-0.00291090950748707,0.0195379082736336,0.0224276071036496));
#2607=CARTESIAN_POINT('',(-0.00283664722441394,0.019039462797695,0.0218554404653187));
#2608=CARTESIAN_POINT('',(-0.00268378455613961,0.0180134546777157,0.0206776835285076));
#2609=CARTESIAN_POINT('',(-0.0024700810420863,0.0165790852325002,0.0190311677445132));
#2610=CARTESIAN_POINT('',(-0.00233063981110611,0.0156431612632232,0.0179568185988496));
#2611=CARTESIAN_POINT('',(-0.00226979896532714,0.0152347999379871,0.0174880597516663));
#2612=CARTESIAN_POINT('',(-0.0025932286998301,0.0198610782110346,0.0221257930172358));
#2613=CARTESIAN_POINT('',(-0.00252707099781813,0.0193543881169414,0.021561326172754));
#2614=CARTESIAN_POINT('',(-0.00239089092850233,0.0183114091434161,0.0203994186144458));
#2615=CARTESIAN_POINT('',(-0.00220050985191022,0.0168533142779903,0.0187750604175187));
#2616=CARTESIAN_POINT('',(-0.00207628647733008,0.0159019095066579,0.0177151690650735));
#2617=CARTESIAN_POINT('',(-0.00202208547005378,0.0154867936147575,0.0172527184264547));
#2618=CARTESIAN_POINT('',(-0.00238577570242898,0.0200861639726173,0.0219155814671047));
#2619=CARTESIAN_POINT('',(-0.00232491048140199,0.0195737315555493,0.0213564774790088));
#2620=CARTESIAN_POINT('',(-0.00219962453938307,0.0185189324927984,0.0202056089098456));
#2621=CARTESIAN_POINT('',(-0.00202447355992433,0.0170443130263537,0.0185966833283406));
#2622=CARTESIAN_POINT('',(-0.0019101878014926,0.016082125976977,0.0175468617349317));
#2623=CARTESIAN_POINT('',(-0.0018603227640528,0.0156623055732833,0.0170888047225899));
#2624=CARTESIAN_POINT('',(-0.00220064465380251,0.0203008872004733,0.0217150476694119));
#2625=CARTESIAN_POINT('',(-0.00214450244264696,0.0197829768263996,0.0211610596416754));
#2626=CARTESIAN_POINT('',(-0.00202893841949932,0.0187169018495517,0.020020721846937));
#2627=CARTESIAN_POINT('',(-0.00186737877826327,0.0172265185442712,0.0184265183916759));
#2628=CARTESIAN_POINT('',(-0.00176196134818277,0.0162540456130643,0.0173863029641513));
#2629=CARTESIAN_POINT('',(-0.00171596573009435,0.0158297372846317,0.0169324373036284));
#2630=CARTESIAN_POINT('',(-0.00203666425740974,0.0205047327367321,0.0215246727391499));
#2631=CARTESIAN_POINT('',(-0.00198470546679132,0.0199816219141808,0.0209755415016794));
#2632=CARTESIAN_POINT('',(-0.00187775266322053,0.0189048422512173,0.0198452010015108));
#2633=CARTESIAN_POINT('',(-0.00172823159166686,0.0173994936894386,0.0182649738624079));
#2634=CARTESIAN_POINT('',(-0.0016306693107316,0.0164172559502113,0.0172338779607755));
#2635=CARTESIAN_POINT('',(-0.00158810104274873,0.015988687051396,0.0167839913218411));
#2636=CARTESIAN_POINT('',(-0.00189265160814175,0.0206971927374551,0.0213449309607019));
#2637=CARTESIAN_POINT('',(-0.00184436682665983,0.020169171930922,0.0208003852435977));
#2638=CARTESIAN_POINT('',(-0.00174497666211157,0.0190822854785957,0.0196794836517096));
#2639=CARTESIAN_POINT('',(-0.0016060282343098,0.0175628075258608,0.0181124521992393));
#2640=CARTESIAN_POINT('',(-0.00151536458798995,0.0165713503796591,0.0170899664638731));
#2641=CARTESIAN_POINT('',(-0.00147580632473645,0.0161387588792506,0.0166438366032908));
#2642=CARTESIAN_POINT('',(-0.00176740687172441,0.0208777694608122,0.0211762871839141));
#2643=CARTESIAN_POINT('',(-0.00172231729780403,0.0203451418330393,0.0206360438581615));
#2644=CARTESIAN_POINT('',(-0.00162950419947744,0.0192487726263746,0.0195239983772728));
#2645=CARTESIAN_POINT('',(-0.00149975057495631,0.017716037689787,0.0179693478551027));
#2646=CARTESIAN_POINT('',(-0.00141508652435556,0.0167159303809723,0.0169549406586853));
#2647=CARTESIAN_POINT('',(-0.00137814599816101,0.0162795646510493,0.0165123356174039));
#2648=CARTESIAN_POINT('',(-0.00165971324821652,0.0210459787603807,0.0210191935616425));
#2649=CARTESIAN_POINT('',(-0.00161737112293153,0.0205090598255136,0.0204829579630336));
#2650=CARTESIAN_POINT('',(-0.00153021341670944,0.0194038573238618,0.0193791620516378));
#2651=CARTESIAN_POINT('',(-0.00140836608598603,0.0178587733539835,0.0178360445087749));
#2652=CARTESIAN_POINT('',(-0.0013288608805476,0.0168506083189723,0.0168291625645209));
#2653=CARTESIAN_POINT('',(-0.00129417125604628,0.0164107268507458,0.0163898409330538));
#2654=CARTESIAN_POINT('',(-0.00156833025367112,0.0212013531069273,0.0208740867276584));
#2655=CARTESIAN_POINT('',(-0.00152831946496378,0.0206604703065825,0.0203415530527107));
#2656=CARTESIAN_POINT('',(-0.00144596061914775,0.0195471085209909,0.0192453772400402));
#2657=CARTESIAN_POINT('',(-0.0013308221424814,0.0179906177918968,0.0177129126701591));
#2658=CARTESIAN_POINT('',(-0.00125569445452241,0.0169750098631476,0.0167129817752256));
#2659=CARTESIAN_POINT('',(-0.00122291482367209,0.0165318809196451,0.0162766930180149));
#2660=CARTESIAN_POINT('',(-0.00149199782183034,0.0213434470454006,0.0207413827002661));
#2661=CARTESIAN_POINT('',(-0.0014539344040895,0.0207989391855152,0.0202122345321579));
#2662=CARTESIAN_POINT('',(-0.00137558405773972,0.0196781155195303,0.0191230275007793));
#2663=CARTESIAN_POINT('',(-0.0012660495027613,0.0181111930082391,0.0176003053557004));
#2664=CARTESIAN_POINT('',(-0.00119457836552373,0.0170887783568334,0.0166067313787296));
#2665=CARTESIAN_POINT('',(-0.0011633941568951,0.0166426795115272,0.0161732162650293));
#2666=CARTESIAN_POINT('',(-0.00142943286424133,0.0214718405597007,0.0206214737398857));
#2667=CARTESIAN_POINT('',(-0.0013929655856381,0.0209240571615414,0.0200953846545611));
#2668=CARTESIAN_POINT('',(-0.00131790075755432,0.0197964910753148,0.0190124744879894));
#2669=CARTESIAN_POINT('',(-0.00121295938943347,0.0182201425941964,0.0174985554218567));
#2670=CARTESIAN_POINT('',(-0.00114448529991587,0.0171915775112373,0.0165107254410486));
#2671=CARTESIAN_POINT('',(-0.0011146087598788,0.0167427951163454,0.0160797165414876));
#2672=CARTESIAN_POINT('',(-0.00137932996815971,0.0215861423036372,0.0205147253316051));
#2673=CARTESIAN_POINT('',(-0.00134414090017829,0.0210354428723817,0.0199913595808579));
#2674=CARTESIAN_POINT('',(-0.0012717071612313,0.0199018743771068,0.0189140551696289));
#2675=CARTESIAN_POINT('',(-0.00117044408160735,0.0183171344690893,0.0174079730046127));
#2676=CARTESIAN_POINT('',(-0.00110437006996482,0.0172830939923275,0.0164252565903436));
#2677=CARTESIAN_POINT('',(-0.00107554072928787,0.016831922579585,0.0159964788365564));
#2678=CARTESIAN_POINT('',(-0.00134036344375618,0.0216859936972074,0.0204214723595933));
#2679=CARTESIAN_POINT('',(-0.00130616847849701,0.0211327468860228,0.019900485651749));
#2680=CARTESIAN_POINT('',(-0.00123578101645363,0.0199939348232606,0.0188280783003873));
#2681=CARTESIAN_POINT('',(-0.00113737865207145,0.0184018643563116,0.0173288422732409));
#2682=CARTESIAN_POINT('',(-0.00107317125294844,0.0173630407005472,0.0163505929539387));
#2683=CARTESIAN_POINT('',(-0.00104515635060964,0.0169097822963604,0.0159237642781541));
#2684=CARTESIAN_POINT('',(-0.00131117931797752,0.0217710720234003,0.0203420162149406));
#2685=CARTESIAN_POINT('',(-0.00127772888971074,0.0212156547185172,0.0198230565693224));
#2686=CARTESIAN_POINT('',(-0.001208873994491,0.0200723748768973,0.018754821755187));
#2687=CARTESIAN_POINT('',(-0.00111261417360508,0.0184740584111529,0.0172614189761308));
#2688=CARTESIAN_POINT('',(-0.00104980478098595,0.0174311592502917,0.0162869758426928));
#2689=CARTESIAN_POINT('',(-0.00102239985531977,0.0169761226261673,0.0158618078777721));
#2690=CARTESIAN_POINT('',(-0.00129043256338333,0.0218410986537428,0.020276617113677));
#2691=CARTESIAN_POINT('',(-0.00125751142033086,0.0212838948496807,0.0197593259110517));
#2692=CARTESIAN_POINT('',(-0.0011897460142406,0.0201369376496486,0.0186945254465915));
#2693=CARTESIAN_POINT('',(-0.00109500930987568,0.0185334802006676,0.0172059239221672));
#2694=CARTESIAN_POINT('',(-0.00103319374856323,0.0174872265557487,0.0162346136003683));
#2695=CARTESIAN_POINT('',(-0.00100622245028857,0.0170307263067997,0.0158108125404042));
#2696=CARTESIAN_POINT('',(-0.0012766849932483,0.021895828143819,0.0202255042806577));
#2697=CARTESIAN_POINT('',(-0.00124411457423666,0.0213372280968046,0.0197095170538738));
#2698=CARTESIAN_POINT('',(-0.00117707110410755,0.0201873968480036,0.0186474007140896));
#2699=CARTESIAN_POINT('',(-0.00108334367331847,0.0185799214505699,0.0171625516223676));
#2700=CARTESIAN_POINT('',(-0.00102218666154102,0.0175310461001505,0.0161936897574296));
#2701=CARTESIAN_POINT('',(-0.000995502700881038,0.0170734019515177,0.015770957005492));
#2702=CARTESIAN_POINT('',(-0.00126578210047297,0.0219492616742941,0.020175601767095));
#2703=CARTESIAN_POINT('',(-0.00123348983291451,0.0213892984464748,0.0196608876388319));
#2704=CARTESIAN_POINT('',(-0.00116701891417433,0.0202366612045562,0.0186013918653543));
#2705=CARTESIAN_POINT('',(-0.00107409191585951,0.0186252630011399,0.0171202063511091));
#2706=CARTESIAN_POINT('',(-0.00101345718510314,0.0175738280255429,0.0161537349651269));
#2707=CARTESIAN_POINT('',(-0.000987001105528498,0.017115067064045,0.0157320452243595));
#2708=CARTESIAN_POINT('',(-0.00125665564261088,0.0220132546794094,0.0201158375745124));
#2709=CARTESIAN_POINT('',(-0.0012245962066109,0.0214516588805161,0.0196026481330786));
#2710=CARTESIAN_POINT('',(-0.00115860455206533,0.0202956611282527,0.0185462907992955));
#2711=CARTESIAN_POINT('',(-0.0010663475698094,0.0186795648983148,0.017069492854618));
#2712=CARTESIAN_POINT('',(-0.00100615002355344,0.0176250644672702,0.0161058843513744));
#2713=CARTESIAN_POINT('',(-0.000979884695843077,0.0171649659895956,0.0156854437404801));
#2714=CARTESIAN_POINT('',(-0.00123448308607443,0.0221181533527143,0.0200178708592165));
#2715=CARTESIAN_POINT('',(-0.00120298930993634,0.0215538814091484,0.0195071807163437));
#2716=CARTESIAN_POINT('',(-0.00113816201867513,0.0203923750379952,0.0184559679785927));
#2717=CARTESIAN_POINT('',(-0.00104753282774531,0.0187685777046574,0.0169863622297788));
#2718=CARTESIAN_POINT('',(-0.000988397412953582,0.0177090523148855,0.0160274466238378));
#2719=CARTESIAN_POINT('',(-0.000962595513284964,0.017246761352701,0.0156090536127749));
#2720=CARTESIAN_POINT('',(-0.00119515001579043,0.0222514794713916,0.0198933552528848));
#2721=CARTESIAN_POINT('',(-0.00116465969358728,0.0216838061503728,0.0193858417162172));
#2722=CARTESIAN_POINT('',(-0.0011018979279151,0.0205152983296041,0.0183411677553594));
#2723=CARTESIAN_POINT('',(-0.00101415636207859,0.0188817129008263,0.0168807032809682));
#2724=CARTESIAN_POINT('',(-0.000956905118445235,0.0178158007930674,0.0159277523432446));
#2725=CARTESIAN_POINT('',(-0.000931925318280915,0.0173507231850583,0.0155119618297113));
#2726=CARTESIAN_POINT('',(-0.00112770155654024,0.022402702494167,0.0197521254131579));
#2727=CARTESIAN_POINT('',(-0.00109893195995938,0.0218311712150441,0.0192482148913931));
#2728=CARTESIAN_POINT('',(-0.00103971216336094,0.0206547221117634,0.0182109574338945));
#2729=CARTESIAN_POINT('',(-0.000956922305134087,0.0190100346919105,0.0167608613041603));
#2730=CARTESIAN_POINT('',(-0.000902902043488103,0.0179368785511804,0.0158146756961908));
#2731=CARTESIAN_POINT('',(-0.000879331981859701,0.0174686402346081,0.0154018370239553));
#2732=CARTESIAN_POINT('',(-0.00103629027124299,0.0225450424410699,0.019619191634168));
#2733=CARTESIAN_POINT('',(-0.00100985273298526,0.0219698798263104,0.0191186724805992));
#2734=CARTESIAN_POINT('',(-0.000955433282445316,0.0207859559238202,0.018088395869502));
#2735=CARTESIAN_POINT('',(-0.000879354355232272,0.019130818661138,0.0166480590317119));
#2736=CARTESIAN_POINT('',(-0.00082971296627695,0.0180508440132153,0.0157082413474906));
#2737=CARTESIAN_POINT('',(-0.000808053489603841,0.0175796306530234,0.0152981811207977));
#2738=CARTESIAN_POINT('',(-0.000909901788794116,0.0226806788134272,0.0194925184413062));
#2739=CARTESIAN_POINT('',(-0.000886688637016511,0.0221020558826899,0.0189952309376674));
#2740=CARTESIAN_POINT('',(-0.000838906315049819,0.020911009210584,0.0179716064063446));
#2741=CARTESIAN_POINT('',(-0.00077210615887575,0.0192459142459081,0.0165405692415197));
#2742=CARTESIAN_POINT('',(-0.000728519154479297,0.0181594422119697,0.0156068195803335));
#2743=CARTESIAN_POINT('',(-0.000709501320271932,0.0176853939193996,0.0151994069468315));
#2744=CARTESIAN_POINT('',(-0.000729872802750077,0.0228046087464358,0.0193767780979714));
#2745=CARTESIAN_POINT('',(-0.000711252498496099,0.0222228241510219,0.0188824433285615));
#2746=CARTESIAN_POINT('',(-0.000672924167147328,0.021025269457904,0.0178648967524837));
#2747=CARTESIAN_POINT('',(-0.000619340782861959,0.0193510762158299,0.0164423566288842));
#2748=CARTESIAN_POINT('',(-0.00058437770283056,0.0182586675691697,0.0155141512746946));
#2749=CARTESIAN_POINT('',(-0.000569122649893953,0.0177820290202134,0.0151091577271728));
#2750=CARTESIAN_POINT('',(-0.000506982573477562,0.022888100318631,0.019298803850775));
#2751=CARTESIAN_POINT('',(-0.000494048580411856,0.0223041857103285,0.018806458337851));
#2752=CARTESIAN_POINT('',(-0.000467425042733672,0.021102246564698,0.0177930064790609));
#2753=CARTESIAN_POINT('',(-0.000430205075147155,0.0194219238148786,0.0163761908105118));
#2754=CARTESIAN_POINT('',(-0.000405919100626346,0.0183255156733617,0.0154517206548867));
#2755=CARTESIAN_POINT('',(-0.000395322670718017,0.0178471320691728,0.0150483568451277));
#2756=CARTESIAN_POINT('',(-0.000160999915127354,0.0229123108396797,0.0192761932195056));
#2757=CARTESIAN_POINT('',(-0.000156892531767897,0.022327778579553,0.0187844245424795));
#2758=CARTESIAN_POINT('',(-0.000148437828330703,0.0211245680495534,0.0177721600519049));
#2759=CARTESIAN_POINT('',(-0.000136618069751295,0.0194424678918785,0.0163570043358019));
#2760=CARTESIAN_POINT('',(-0.000128905694531345,0.0183448999943304,0.0154336172967249));
#2761=CARTESIAN_POINT('',(-0.000125540639389131,0.0178660103666551,0.0150307260711965));
#2762=CARTESIAN_POINT('',(0.000160999915127353,0.0229123108396797,0.0192761932195056));
#2763=CARTESIAN_POINT('',(0.000156892531767896,0.022327778579553,0.0187844245424795));
#2764=CARTESIAN_POINT('',(0.000148437828330703,0.0211245680495534,0.0177721600519049));
#2765=CARTESIAN_POINT('',(0.000136618069751296,0.0194424678918785,0.0163570043358019));
#2766=CARTESIAN_POINT('',(0.000128905694531346,0.0183448999943304,0.0154336172967249));
#2767=CARTESIAN_POINT('',(0.000125540639389131,0.0178660103666551,0.0150307260711965));
#2768=CARTESIAN_POINT('',(0.000506982573477562,0.022888100318631,0.019298803850775));
#2769=CARTESIAN_POINT('',(0.000494048580411856,0.0223041857103285,0.018806458337851));
#2770=CARTESIAN_POINT('',(0.000467425042733672,0.021102246564698,0.0177930064790609));
#2771=CARTESIAN_POINT('',(0.000430205075147155,0.0194219238148786,0.0163761908105118));
#2772=CARTESIAN_POINT('',(0.000405919100626347,0.0183255156733617,0.0154517206548867));
#2773=CARTESIAN_POINT('',(0.000395322670718018,0.0178471320691728,0.0150483568451277));
#2774=CARTESIAN_POINT('',(0.000729872802750078,0.0228046087464358,0.0193767780979714));
#2775=CARTESIAN_POINT('',(0.000711252498496099,0.0222228241510219,0.0188824433285615));
#2776=CARTESIAN_POINT('',(0.000672924167147328,0.021025269457904,0.0178648967524837));
#2777=CARTESIAN_POINT('',(0.00061934078286196,0.0193510762158299,0.0164423566288842));
#2778=CARTESIAN_POINT('',(0.00058437770283056,0.0182586675691697,0.0155141512746946));
#2779=CARTESIAN_POINT('',(0.000569122649893953,0.0177820290202134,0.0151091577271728));
#2780=CARTESIAN_POINT('',(0.000909901788794115,0.0226806788134272,0.0194925184413062));
#2781=CARTESIAN_POINT('',(0.000886688637016511,0.0221020558826899,0.0189952309376674));
#2782=CARTESIAN_POINT('',(0.000838906315049819,0.020911009210584,0.0179716064063446));
#2783=CARTESIAN_POINT('',(0.000772106158875749,0.0192459142459081,0.0165405692415197));
#2784=CARTESIAN_POINT('',(0.000728519154479297,0.0181594422119697,0.0156068195803335));
#2785=CARTESIAN_POINT('',(0.000709501320271931,0.0176853939193996,0.0151994069468315));
#2786=CARTESIAN_POINT('',(0.00103629027124299,0.0225450424410699,0.019619191634168));
#2787=CARTESIAN_POINT('',(0.00100985273298526,0.0219698798263104,0.0191186724805992));
#2788=CARTESIAN_POINT('',(0.000955433282445316,0.0207859559238202,0.018088395869502));
#2789=CARTESIAN_POINT('',(0.000879354355232272,0.019130818661138,0.0166480590317119));
#2790=CARTESIAN_POINT('',(0.00082971296627695,0.0180508440132153,0.0157082413474906));
#2791=CARTESIAN_POINT('',(0.000808053489603841,0.0175796306530234,0.0152981811207977));
#2792=CARTESIAN_POINT('',(0.00112770155654025,0.022402702494167,0.0197521254131579));
#2793=CARTESIAN_POINT('',(0.00109893195995938,0.0218311712150441,0.0192482148913931));
#2794=CARTESIAN_POINT('',(0.00103971216336094,0.0206547221117634,0.0182109574338945));
#2795=CARTESIAN_POINT('',(0.000956922305134087,0.0190100346919105,0.0167608613041603));
#2796=CARTESIAN_POINT('',(0.000902902043488103,0.0179368785511804,0.0158146756961908));
#2797=CARTESIAN_POINT('',(0.0008793319818597,0.0174686402346081,0.0154018370239553));
#2798=CARTESIAN_POINT('',(0.00119515001579043,0.0222514794713916,0.0198933552528848));
#2799=CARTESIAN_POINT('',(0.00116465969358728,0.0216838061503728,0.0193858417162172));
#2800=CARTESIAN_POINT('',(0.0011018979279151,0.0205152983296041,0.0183411677553594));
#2801=CARTESIAN_POINT('',(0.00101415636207859,0.0188817129008263,0.0168807032809682));
#2802=CARTESIAN_POINT('',(0.000956905118445235,0.0178158007930674,0.0159277523432446));
#2803=CARTESIAN_POINT('',(0.000931925318280915,0.0173507231850583,0.0155119618297113));
#2804=CARTESIAN_POINT('',(0.00123448308607443,0.0221181533527143,0.0200178708592165));
#2805=CARTESIAN_POINT('',(0.00120298930993634,0.0215538814091484,0.0195071807163437));
#2806=CARTESIAN_POINT('',(0.00113816201867513,0.0203923750379952,0.0184559679785927));
#2807=CARTESIAN_POINT('',(0.00104753282774531,0.0187685777046574,0.0169863622297788));
#2808=CARTESIAN_POINT('',(0.000988397412953583,0.0177090523148855,0.0160274466238378));
#2809=CARTESIAN_POINT('',(0.000962595513284964,0.017246761352701,0.0156090536127749));
#2810=CARTESIAN_POINT('',(0.00125665564261088,0.0220132546794094,0.0201158375745124));
#2811=CARTESIAN_POINT('',(0.0012245962066109,0.0214516588805161,0.0196026481330786));
#2812=CARTESIAN_POINT('',(0.00115860455206533,0.0202956611282527,0.0185462907992955));
#2813=CARTESIAN_POINT('',(0.0010663475698094,0.0186795648983148,0.017069492854618));
#2814=CARTESIAN_POINT('',(0.00100615002355344,0.0176250644672702,0.0161058843513744));
#2815=CARTESIAN_POINT('',(0.000979884695843076,0.0171649659895956,0.0156854437404801));
#2816=CARTESIAN_POINT('',(0.00126578210047297,0.0219492616742941,0.020175601767095));
#2817=CARTESIAN_POINT('',(0.00123348983291451,0.0213892984464748,0.0196608876388319));
#2818=CARTESIAN_POINT('',(0.00116701891417433,0.0202366612045562,0.0186013918653543));
#2819=CARTESIAN_POINT('',(0.00107409191585951,0.0186252630011399,0.0171202063511091));
#2820=CARTESIAN_POINT('',(0.00101345718510314,0.0175738280255429,0.0161537349651269));
#2821=CARTESIAN_POINT('',(0.000987001105528498,0.017115067064045,0.0157320452243595));
#2822=CARTESIAN_POINT('',(0.0012766849932483,0.021895828143819,0.0202255042806577));
#2823=CARTESIAN_POINT('',(0.00124411457423666,0.0213372280968046,0.0197095170538738));
#2824=CARTESIAN_POINT('',(0.00117707110410755,0.0201873968480036,0.0186474007140896));
#2825=CARTESIAN_POINT('',(0.00108334367331847,0.0185799214505699,0.0171625516223676));
#2826=CARTESIAN_POINT('',(0.00102218666154102,0.0175310461001505,0.0161936897574296));
#2827=CARTESIAN_POINT('',(0.000995502700881038,0.0170734019515177,0.015770957005492));
#2828=CARTESIAN_POINT('',(0.00129043256338333,0.0218410986537428,0.0202766171136769));
#2829=CARTESIAN_POINT('',(0.00125751142033086,0.0212838948496807,0.0197593259110517));
#2830=CARTESIAN_POINT('',(0.0011897460142406,0.0201369376496486,0.0186945254465915));
#2831=CARTESIAN_POINT('',(0.00109500930987568,0.0185334802006676,0.0172059239221672));
#2832=CARTESIAN_POINT('',(0.00103319374856323,0.0174872265557487,0.0162346136003683));
#2833=CARTESIAN_POINT('',(0.00100622245028857,0.0170307263067997,0.0158108125404042));
#2834=CARTESIAN_POINT('',(0.00131117931797752,0.0217710720234003,0.0203420162149406));
#2835=CARTESIAN_POINT('',(0.00127772888971074,0.0212156547185172,0.0198230565693224));
#2836=CARTESIAN_POINT('',(0.001208873994491,0.0200723748768973,0.018754821755187));
#2837=CARTESIAN_POINT('',(0.00111261417360508,0.0184740584111529,0.0172614189761308));
#2838=CARTESIAN_POINT('',(0.00104980478098595,0.0174311592502917,0.0162869758426928));
#2839=CARTESIAN_POINT('',(0.00102239985531977,0.0169761226261673,0.0158618078777721));
#2840=CARTESIAN_POINT('',(0.00134036344375618,0.0216859936972074,0.0204214723595933));
#2841=CARTESIAN_POINT('',(0.00130616847849701,0.0211327468860228,0.019900485651749));
#2842=CARTESIAN_POINT('',(0.00123578101645363,0.0199939348232606,0.0188280783003873));
#2843=CARTESIAN_POINT('',(0.00113737865207145,0.0184018643563116,0.0173288422732409));
#2844=CARTESIAN_POINT('',(0.00107317125294844,0.0173630407005472,0.0163505929539387));
#2845=CARTESIAN_POINT('',(0.00104515635060964,0.0169097822963604,0.0159237642781541));
#2846=CARTESIAN_POINT('',(0.00137932996815971,0.0215861423036372,0.0205147253316051));
#2847=CARTESIAN_POINT('',(0.00134414090017829,0.0210354428723817,0.0199913595808579));
#2848=CARTESIAN_POINT('',(0.0012717071612313,0.0199018743771068,0.0189140551696289));
#2849=CARTESIAN_POINT('',(0.00117044408160735,0.0183171344690893,0.0174079730046127));
#2850=CARTESIAN_POINT('',(0.00110437006996482,0.0172830939923275,0.0164252565903436));
#2851=CARTESIAN_POINT('',(0.00107554072928787,0.016831922579585,0.0159964788365564));
#2852=CARTESIAN_POINT('',(0.00142943286424133,0.0214718405597007,0.0206214737398857));
#2853=CARTESIAN_POINT('',(0.0013929655856381,0.0209240571615414,0.0200953846545611));
#2854=CARTESIAN_POINT('',(0.00131790075755432,0.0197964910753148,0.0190124744879894));
#2855=CARTESIAN_POINT('',(0.00121295938943348,0.0182201425941964,0.0174985554218567));
#2856=CARTESIAN_POINT('',(0.00114448529991587,0.0171915775112373,0.0165107254410486));
#2857=CARTESIAN_POINT('',(0.0011146087598788,0.0167427951163454,0.0160797165414876));
#2858=CARTESIAN_POINT('',(0.00149199782183034,0.0213434470454006,0.0207413827002661));
#2859=CARTESIAN_POINT('',(0.0014539344040895,0.0207989391855152,0.0202122345321579));
#2860=CARTESIAN_POINT('',(0.00137558405773972,0.0196781155195303,0.0191230275007793));
#2861=CARTESIAN_POINT('',(0.0012660495027613,0.0181111930082392,0.0176003053557004));
#2862=CARTESIAN_POINT('',(0.00119457836552373,0.0170887783568335,0.0166067313787296));
#2863=CARTESIAN_POINT('',(0.0011633941568951,0.0166426795115272,0.0161732162650293));
#2864=CARTESIAN_POINT('',(0.00156833025367112,0.0212013531069273,0.0208740867276584));
#2865=CARTESIAN_POINT('',(0.00152831946496378,0.0206604703065825,0.0203415530527107));
#2866=CARTESIAN_POINT('',(0.00144596061914775,0.0195471085209909,0.0192453772400402));
#2867=CARTESIAN_POINT('',(0.0013308221424814,0.0179906177918968,0.0177129126701591));
#2868=CARTESIAN_POINT('',(0.00125569445452241,0.0169750098631476,0.0167129817752256));
#2869=CARTESIAN_POINT('',(0.00122291482367209,0.0165318809196451,0.0162766930180149));
#2870=CARTESIAN_POINT('',(0.00165971324821652,0.0210459787603807,0.0210191935616425));
#2871=CARTESIAN_POINT('',(0.00161737112293153,0.0205090598255136,0.0204829579630336));
#2872=CARTESIAN_POINT('',(0.00153021341670944,0.0194038573238618,0.0193791620516378));
#2873=CARTESIAN_POINT('',(0.00140836608598603,0.0178587733539835,0.0178360445087749));
#2874=CARTESIAN_POINT('',(0.00132886088054761,0.0168506083189723,0.0168291625645209));
#2875=CARTESIAN_POINT('',(0.00129417125604628,0.0164107268507458,0.0163898409330538));
#2876=CARTESIAN_POINT('',(0.00176740687172441,0.0208777694608122,0.0211762871839141));
#2877=CARTESIAN_POINT('',(0.00172231729780403,0.0203451418330393,0.0206360438581615));
#2878=CARTESIAN_POINT('',(0.00162950419947744,0.0192487726263746,0.0195239983772728));
#2879=CARTESIAN_POINT('',(0.00149975057495631,0.017716037689787,0.0179693478551027));
#2880=CARTESIAN_POINT('',(0.00141508652435556,0.0167159303809723,0.0169549406586853));
#2881=CARTESIAN_POINT('',(0.00137814599816101,0.0162795646510493,0.0165123356174039));
#2882=CARTESIAN_POINT('',(0.00189265160814175,0.0206971927374551,0.0213449309607019));
#2883=CARTESIAN_POINT('',(0.00184436682665983,0.020169171930922,0.0208003852435977));
#2884=CARTESIAN_POINT('',(0.00174497666211157,0.0190822854785957,0.0196794836517096));
#2885=CARTESIAN_POINT('',(0.0016060282343098,0.0175628075258608,0.0181124521992393));
#2886=CARTESIAN_POINT('',(0.00151536458798995,0.0165713503796591,0.0170899664638731));
#2887=CARTESIAN_POINT('',(0.00147580632473645,0.0161387588792506,0.0166438366032908));
#2888=CARTESIAN_POINT('',(0.00203666425740974,0.0205047327367321,0.0215246727391499));
#2889=CARTESIAN_POINT('',(0.00198470546679133,0.0199816219141808,0.0209755415016794));
#2890=CARTESIAN_POINT('',(0.00187775266322053,0.0189048422512173,0.0198452010015108));
#2891=CARTESIAN_POINT('',(0.00172823159166686,0.0173994936894386,0.0182649738624079));
#2892=CARTESIAN_POINT('',(0.0016306693107316,0.0164172559502113,0.0172338779607755));
#2893=CARTESIAN_POINT('',(0.00158810104274873,0.015988687051396,0.0167839913218411));
#2894=CARTESIAN_POINT('',(0.00220064465380251,0.0203008872004733,0.0217150476694119));
#2895=CARTESIAN_POINT('',(0.00214450244264696,0.0197829768263996,0.0211610596416754));
#2896=CARTESIAN_POINT('',(0.00202893841949932,0.0187169018495517,0.020020721846937));
#2897=CARTESIAN_POINT('',(0.00186737877826327,0.0172265185442712,0.0184265183916759));
#2898=CARTESIAN_POINT('',(0.00176196134818277,0.0162540456130643,0.0173863029641513));
#2899=CARTESIAN_POINT('',(0.00171596573009435,0.0158297372846317,0.0169324373036284));
#2900=CARTESIAN_POINT('',(0.00238577570242898,0.0200861639726173,0.0219155814671047));
#2901=CARTESIAN_POINT('',(0.00232491048140199,0.0195737315555493,0.0213564774790088));
#2902=CARTESIAN_POINT('',(0.00219962453938306,0.0185189324927984,0.0202056089098456));
#2903=CARTESIAN_POINT('',(0.00202447355992434,0.0170443130263537,0.0185966833283406));
#2904=CARTESIAN_POINT('',(0.0019101878014926,0.016082125976977,0.0175468617349317));
#2905=CARTESIAN_POINT('',(0.00186032276405281,0.0156623055732833,0.0170888047225899));
#2906=CARTESIAN_POINT('',(0.0025932286998301,0.0198610782110346,0.0221257930172358));
#2907=CARTESIAN_POINT('',(0.00252707099781813,0.0193543881169414,0.021561326172754));
#2908=CARTESIAN_POINT('',(0.00239089092850233,0.0183114091434161,0.0203994186144458));
#2909=CARTESIAN_POINT('',(0.00220050985191022,0.0168533142779903,0.0187750604175187));
#2910=CARTESIAN_POINT('',(0.00207628647733008,0.0159019095066579,0.0177151690650735));
#2911=CARTESIAN_POINT('',(0.00202208547005378,0.0154867936147575,0.0172527184264547));
#2912=CARTESIAN_POINT('',(0.00291090950748707,0.0195379082736336,0.0224276071036496));
#2913=CARTESIAN_POINT('',(0.00283664722441394,0.019039462797695,0.0218554404653187));
#2914=CARTESIAN_POINT('',(0.00268378455613961,0.0180134546777157,0.0206776835285076));
#2915=CARTESIAN_POINT('',(0.0024700810420863,0.0165790852325002,0.0190311677445132));
#2916=CARTESIAN_POINT('',(0.00233063981110611,0.0156431612632232,0.0179568185988496));
#2917=CARTESIAN_POINT('',(0.00226979896532714,0.0152347999379871,0.0174880597516663));
#2918=CARTESIAN_POINT('',(0.00317200393823554,0.0192966423508017,0.0226529295908459));
#2919=CARTESIAN_POINT('',(0.00309108068941435,0.0188043519814411,0.0220750145902648));
#2920=CARTESIAN_POINT('',(0.00292450698297371,0.0177910136310416,0.020885425132887));
#2921=CARTESIAN_POINT('',(0.00269163530267986,0.0163743566483392,0.0192223673687365));
#2922=CARTESIAN_POINT('',(0.00253968687120719,0.0154499900349975,0.0181372246051671));
#2923=CARTESIAN_POINT('',(0.00247338889735396,0.0150466714026946,0.0176637562983943));
#2924=CARTESIAN_POINT('',(0.00335729776847525,0.0191347345465503,0.0228041381358498));
#2925=CARTESIAN_POINT('',(0.0032716473569451,0.0186465747223544,0.0222223655465173));
#2926=CARTESIAN_POINT('',(0.00309534318336615,0.0176417387520216,0.021024835566909));
#2927=CARTESIAN_POINT('',(0.00284886821428823,0.0162369681802956,0.0193506768745644));
#2928=CARTESIAN_POINT('',(0.00268804365674046,0.0153203574327656,0.0182582907715522));
#2929=CARTESIAN_POINT('',(0.00261787286124149,0.0149204228313725,0.0177816620588158));
#2930=CARTESIAN_POINT('',(0.00266701005498603,0.0183115445899657,0.0209013246486304));
#2931=CARTESIAN_POINT('',(0.00240454455030101,0.0183115445899657,0.0204348651950601));
#2932=CARTESIAN_POINT('',(0.00203622830567669,0.0183115445899656,0.0197232951674138));
#2933=CARTESIAN_POINT('',(0.00160911831885269,0.0183115445899656,0.0187425669295553));
#2934=CARTESIAN_POINT('',(0.00133514432205075,0.0183115445899656,0.0179878546849714));
#2935=CARTESIAN_POINT('',(0.00110016996169933,0.0183115445899657,0.0172244351905275));
#2936=CARTESIAN_POINT('',(0.00103593897276016,0.0183115445899656,0.0165542179873078));
#2937=CARTESIAN_POINT('',(0.000893895057189474,0.0183115445899657,0.0160403277391572));
#2938=CARTESIAN_POINT('',(0.000719364017752643,0.0183115445899656,0.0156836040823091));
#2939=CARTESIAN_POINT('',(0.00040368833776054,0.0183115445899655,0.0154016875224855));
#2940=CARTESIAN_POINT('',(-7.04764429437E-6,0.0183115445899643,0.0154113349336633));
#2941=CARTESIAN_POINT('',(-0.000417548861108798,0.0183115445899665,0.0154058451337296));
#2942=CARTESIAN_POINT('',(-0.000726636971835739,0.0183115445899636,0.0156952494023563));
#2943=CARTESIAN_POINT('',(-0.000898716576491196,0.0183115445899662,0.0160534834375057));
#2944=CARTESIAN_POINT('',(-0.00103692022235201,0.0183115445899653,0.0165644651027433));
#2945=CARTESIAN_POINT('',(-0.00110273615189526,0.0183115445899658,0.0172350417915812));
#2946=CARTESIAN_POINT('',(-0.00133768673057775,0.0183115445899656,0.0179950935928023));
#2947=CARTESIAN_POINT('',(-0.00161017487490406,0.0183115445899656,0.0187450729292888));
#2948=CARTESIAN_POINT('',(-0.00203739713264234,0.0183115445899656,0.0197257370725728));
#2949=CARTESIAN_POINT('',(-0.00240507114992528,0.0183115445899657,0.0204358010794652));
#2950=CARTESIAN_POINT('',(-0.0026670100549751,0.0183115445899657,0.0209013246486109));
#2951=CARTESIAN_POINT('',(0.00266701005498602,0.0183115445899656,0.0209013246486303));
#2952=CARTESIAN_POINT('',(-0.0026670100549799,0.0183115445899537,0.0209013246486089));
#2953=CARTESIAN_POINT('',(0.00279498825542148,0.0190967349302385,0.021821733218332));
#2954=CARTESIAN_POINT('',(0.00275232374300377,0.0188350044538581,0.0215149313822345));
#2955=CARTESIAN_POINT('',(0.00270966411738896,0.0185732743256998,0.0212081285695872));
#2956=CARTESIAN_POINT('',(0.0026670100549825,0.0183115445899695,0.0209013246486275));
#2957=CARTESIAN_POINT('',(0.00279498825542148,0.0190967349302385,0.021821733218332));
#2958=CARTESIAN_POINT('',(0.00270146373625664,0.0193008123878541,0.0218335085060027));
#2959=CARTESIAN_POINT('',(0.00273227530281257,0.0192326135808408,0.0218296961856106));
#2960=CARTESIAN_POINT('',(0.00276345257849534,0.0191645888026429,0.0218257723955025));
#2961=CARTESIAN_POINT('',(0.00279498825542149,0.0190967349302385,0.021821733218332));
#2962=CARTESIAN_POINT('',(0.00270146373625664,0.0193008123878541,0.0218335085060027));
#2963=CARTESIAN_POINT('',(-0.00270146373625665,0.0193008123878541,0.0218335085060027));
#2964=CARTESIAN_POINT('',(-0.00244012672632514,0.0195699699614515,0.0215946337432756));
#2965=CARTESIAN_POINT('',(-0.00207672780575739,0.0199807772979438,0.0212201096955854));
#2966=CARTESIAN_POINT('',(-0.0016704033086906,0.0205507895349347,0.020683183986308));
#2967=CARTESIAN_POINT('',(-0.00140977929555909,0.0209949736763706,0.0202571575475493));
#2968=CARTESIAN_POINT('',(-0.00123111063683054,0.0214576203042956,0.0198049924532479));
#2969=CARTESIAN_POINT('',(-0.00115709457281973,0.0219303169960366,0.0193360409733712));
#2970=CARTESIAN_POINT('',(-0.000828365431037905,0.0222948000870813,0.0189896577248653));
#2971=CARTESIAN_POINT('',(-0.000402327195636465,0.0224253375242156,0.0188721592169622));
#2972=CARTESIAN_POINT('',(5.03844605984968E-5,0.0224288603139077,0.0188744891919171));
#2973=CARTESIAN_POINT('',(0.000647778370470495,0.0224284879191191,0.0188646047871794));
#2974=CARTESIAN_POINT('',(0.00111681894822775,0.0220117582709589,0.0192570755078471));
#2975=CARTESIAN_POINT('',(0.00122925673800125,0.0215328712168674,0.01972964715605));
#2976=CARTESIAN_POINT('',(0.00137455083570323,0.0210545634515073,0.0201998070392096));
#2977=CARTESIAN_POINT('',(0.00163877638674152,0.0206011335438107,0.0206352446336393));
#2978=CARTESIAN_POINT('',(0.00205487334677487,0.0200044038740091,0.0211985762885651));
#2979=CARTESIAN_POINT('',(0.00243141703234191,0.0195789402948149,0.0215866726585283));
#2980=CARTESIAN_POINT('',(0.00270146373625664,0.0193008123878541,0.0218335085060027));
#2981=CARTESIAN_POINT('',(-0.00270146373625664,0.0193008123878541,0.0218335085060027));
#2982=CARTESIAN_POINT('',(-0.00279498825542144,0.0190967349302386,0.021821733218332));
#2983=CARTESIAN_POINT('',(-0.0027634525784953,0.019164588802643,0.0218257723955025));
#2984=CARTESIAN_POINT('',(-0.00273227530281255,0.0192326135808408,0.0218296961856106));
#2985=CARTESIAN_POINT('',(-0.00270146373625664,0.0193008123878541,0.0218335085060027));
#2986=CARTESIAN_POINT('',(-0.00279498825542143,0.0190967349302386,0.021821733218332));
#2987=CARTESIAN_POINT('',(-0.0026670100549799,0.0183115445899537,0.0209013246486089));
#2988=CARTESIAN_POINT('',(-0.00270966411738722,0.0185732743256892,0.0212081285695748));
#2989=CARTESIAN_POINT('',(-0.00275232374300288,0.0188350044538529,0.0215149313822283));
#2990=CARTESIAN_POINT('',(-0.00279498825542144,0.0190967349302386,0.021821733218332));
#2991=CARTESIAN_POINT('',(0.00385388630619991,0.0191347345465506,0.022725486238231));
#2992=CARTESIAN_POINT('',(0.00375556707124376,0.0186465747223546,0.0221457201934063));
#2993=CARTESIAN_POINT('',(0.00355318518940358,0.0176417387520217,0.0209523205170258));
#2994=CARTESIAN_POINT('',(0.00327025332763371,0.0162369681802956,0.019283936029226));
#2995=CARTESIAN_POINT('',(0.00308564070082,0.0153203574327655,0.0181953175862508));
#2996=CARTESIAN_POINT('',(0.0030050907208903,0.0149204228313723,0.0177203327748314));
#2997=CARTESIAN_POINT('',(0.00398338520077778,0.0192966423508019,0.0225244194236887));
#2998=CARTESIAN_POINT('',(0.00388176222740514,0.0188043519814412,0.0219497829373953));
#2999=CARTESIAN_POINT('',(0.00367257987769991,0.0177910136310417,0.0207669420261339));
#3000=CARTESIAN_POINT('',(0.00338014089495423,0.0163743566483391,0.0191133187958437));
#3001=CARTESIAN_POINT('',(0.0031893248855812,0.0154499900349973,0.0180343320518467));
#3002=CARTESIAN_POINT('',(0.00310606825254075,0.0150466714026944,0.0175635497328179));
#3003=CARTESIAN_POINT('',(0.00416207228275098,0.0195379082736338,0.0222294423877348));
#3004=CARTESIAN_POINT('',(0.004055890696124,0.0190394627976952,0.0216623312704328));
#3005=CARTESIAN_POINT('',(0.00383732482416693,0.0180134546777158,0.0204949806987644));
#3006=CARTESIAN_POINT('',(0.00353176758500161,0.0165790852325001,0.0188630131156134));
#3007=CARTESIAN_POINT('',(0.00333239193246326,0.0156431612632231,0.0177981566497644));
#3008=CARTESIAN_POINT('',(0.00324540056525499,0.0152347999379869,0.0173335396382818));
#3009=CARTESIAN_POINT('',(0.00437093900313144,0.0198610782110348,0.0218442313657886));
#3010=CARTESIAN_POINT('',(0.00425942886902693,0.0193543881169416,0.0212869476408809));
#3011=CARTESIAN_POINT('',(0.00402989462992931,0.0183114091434161,0.0201398259305056));
#3012=CARTESIAN_POINT('',(0.00370900350559878,0.0168533142779903,0.0185361384944461));
#3013=CARTESIAN_POINT('',(0.00349962251537276,0.0159019095066577,0.0174897347832943));
#3014=CARTESIAN_POINT('',(0.00340826563013986,0.0154867936147573,0.0170331690576102));
#3015=CARTESIAN_POINT('',(0.00450327958673034,0.0200861639726176,0.0215802017995049));
#3016=CARTESIAN_POINT('',(0.00438839321785933,0.0195737315555495,0.0210296539206759));
#3017=CARTESIAN_POINT('',(0.00415190928325317,0.0185189324927985,0.0198963973833337));
#3018=CARTESIAN_POINT('',(0.00382130241623322,0.0170443130263536,0.0183120935955751));
#3019=CARTESIAN_POINT('',(0.00360558191808427,0.0160821259769769,0.0172783376866456));
#3020=CARTESIAN_POINT('',(0.00351145898567046,0.015662305573283,0.0168272904362292));
#3021=CARTESIAN_POINT('',(0.00461738132546148,0.0203008872004735,0.0213322741842598));
#3022=CARTESIAN_POINT('',(0.00449958402596931,0.0197829768263998,0.0207880513631825));
#3023=CARTESIAN_POINT('',(0.00425710818533093,0.0187169018495518,0.0196678144256279));
#3024=CARTESIAN_POINT('',(0.00391812457473178,0.0172265185442711,0.0181017121664542));
#3025=CARTESIAN_POINT('',(0.00369693826362481,0.0162540456130642,0.0170798327283579));
#3026=CARTESIAN_POINT('',(0.00360043049366404,0.0158297372846315,0.0166339674067389));
#3027=CARTESIAN_POINT('',(0.00471450686124159,0.0205047327367324,0.0211005441370651));
#3028=CARTESIAN_POINT('',(0.00459423172311747,0.019981621914181,0.0205622331460592));
#3029=CARTESIAN_POINT('',(0.00434665545990713,0.0189048422512174,0.019454165213842));
#3030=CARTESIAN_POINT('',(0.00400054140837634,0.0173994936894386,0.0179050753438443));
#3031=CARTESIAN_POINT('',(0.00377470249496965,0.0164172559502111,0.0168942964648526));
#3032=CARTESIAN_POINT('',(0.00367616470664919,0.0159886870513958,0.016453274527072));
#3033=CARTESIAN_POINT('',(0.00479592776561722,0.0206971927374553,0.0208850971913929));
#3034=CARTESIAN_POINT('',(0.00467357544088417,0.0201691719309222,0.0203522826206726));
#3035=CARTESIAN_POINT('',(0.00442172346361808,0.0190822854785958,0.0192555286076627));
#3036=CARTESIAN_POINT('',(0.00406963192177448,0.0175628075258608,0.0177222557080186));
#3037=CARTESIAN_POINT('',(0.00383989270466392,0.0165713503796589,0.0167217973790949));
#3038=CARTESIAN_POINT('',(0.0037396531400864,0.0161387588792503,0.0162852784924609));
#3039=CARTESIAN_POINT('',(0.00486292879529556,0.0208777694608124,0.0206860046765372));
#3040=CARTESIAN_POINT('',(0.0047388671596343,0.0203451418330395,0.0201582692965846));
#3041=CARTESIAN_POINT('',(0.00448349670948287,0.0192487726263747,0.0190719703708853));
#3042=CARTESIAN_POINT('',(0.00412648630793215,0.0177160376897869,0.0175533137861549));
#3043=CARTESIAN_POINT('',(0.00389353754204268,0.0167159303809721,0.0165623925813771));
#3044=CARTESIAN_POINT('',(0.00379189759064338,0.0162795646510491,0.0161300349223459));
#3045=CARTESIAN_POINT('',(0.00491680691870636,0.021045978760381,0.0205033206035577));
#3046=CARTESIAN_POINT('',(0.00479137075991345,0.0205090598255138,0.0199802458069402));
#3047=CARTESIAN_POINT('',(0.00453317096941839,0.0194038573238619,0.0189035403003338));
#3048=CARTESIAN_POINT('',(0.00417220512223328,0.0178587733539834,0.0173982954098717));
#3049=CARTESIAN_POINT('',(0.00393667543384108,0.0168506083189721,0.0164161253160272));
#3050=CARTESIAN_POINT('',(0.00383390937715101,0.0164107268507455,0.0159875859321715));
#3051=CARTESIAN_POINT('',(0.0049588768334463,0.0212013531069276,0.0203370769052268));
#3052=CARTESIAN_POINT('',(0.00483236739913271,0.0206604703065827,0.0198182432698521));
#3053=CARTESIAN_POINT('',(0.00457195836118263,0.019547108520991,0.0187502678372124));
#3054=CARTESIAN_POINT('',(0.00420790396432164,0.0179906177918968,0.0172572276760389));
#3055=CARTESIAN_POINT('',(0.00397035900177424,0.0169750098631474,0.0162830211502402));
#3056=CARTESIAN_POINT('',(0.00386671364286333,0.0165318809196449,0.0158579564217064));
#3057=CARTESIAN_POINT('',(0.0049904654904669,0.0213434470454009,0.0201872798565759));
#3058=CARTESIAN_POINT('',(0.00486315017545399,0.0207989391855154,0.019672267800265));
#3059=CARTESIAN_POINT('',(0.00460108229981522,0.0196781155195304,0.0186121587669405));
#3060=CARTESIAN_POINT('',(0.00423470883154643,0.0181111930082391,0.0171301159093965));
#3061=CARTESIAN_POINT('',(0.00399565067829054,0.0170887783568333,0.0161630851081633));
#3062=CARTESIAN_POINT('',(0.00389134508566051,0.016642679511527,0.0157411512839437));
#3063=CARTESIAN_POINT('',(0.0050129143945383,0.021471840559701,0.0200539060232966));
#3064=CARTESIAN_POINT('',(0.00488502636956496,0.0209240571615416,0.0195422965617198));
#3065=CARTESIAN_POINT('',(0.00462177961860651,0.0197964910753149,0.0184891914836817));
#3066=CARTESIAN_POINT('',(0.00425375807104347,0.0182201425941963,0.0170169402245302));
#3067=CARTESIAN_POINT('',(0.00401362454845377,0.0171915775112371,0.0160562984269556));
#3068=CARTESIAN_POINT('',(0.00390884975184917,0.0167427951163452,0.0156371522458423));
#3069=CARTESIAN_POINT('',(0.00502757800806079,0.0215861423036375,0.0199368996076406));
#3070=CARTESIAN_POINT('',(0.00489931588921216,0.0210354428723818,0.0194282751799642));
#3071=CARTESIAN_POINT('',(0.00463529909745244,0.0199018743771069,0.0183813145433305));
#3072=CARTESIAN_POINT('',(0.00426620102527384,0.0183171344690893,0.0169176532737092));
#3073=CARTESIAN_POINT('',(0.00402536507194387,0.0172830939923274,0.0159626164317643));
#3074=CARTESIAN_POINT('',(0.00392028379152499,0.0168319225795848,0.0155459157987766));
#3075=CARTESIAN_POINT('',(0.00503582062188453,0.0216859936972077,0.0198361694426924));
#3076=CARTESIAN_POINT('',(0.00490734821985139,0.021132746886023,0.0193301148139068));
#3077=CARTESIAN_POINT('',(0.00464289857782979,0.0199939348232607,0.0182884438923089));
#3078=CARTESIAN_POINT('',(0.00427319537672685,0.0184018643563115,0.0168321776963459));
#3079=CARTESIAN_POINT('',(0.00403196457765704,0.017363040700547,0.0158819661291686));
#3080=CARTESIAN_POINT('',(0.00392671101857571,0.0169097822963602,0.0154673708548035));
#3081=CARTESIAN_POINT('',(0.00503902307587351,0.0217710720234006,0.0197515837677292));
#3082=CARTESIAN_POINT('',(0.00491046897375865,0.0212156547185174,0.0192476870642662));
#3083=CARTESIAN_POINT('',(0.00464585115898535,0.0200723748768974,0.0182104580505804));
#3084=CARTESIAN_POINT('',(0.00427591285072113,0.0184740584111528,0.0167604016855763));
#3085=CARTESIAN_POINT('',(0.00403452864457178,0.0174311592502915,0.0158142420240353));
#3086=CARTESIAN_POINT('',(0.00392920815108085,0.016976122626167,0.015401414672717));
#3087=CARTESIAN_POINT('',(0.00503854497831496,0.0218410986537431,0.0196829744265648));
#3088=CARTESIAN_POINT('',(0.00491000307328701,0.0212838948496809,0.0191808280648084));
#3089=CARTESIAN_POINT('',(0.00464541036519199,0.0201369376496487,0.0181472019824167));
#3090=CARTESIAN_POINT('',(0.00427550715631099,0.0185334802006675,0.0167021825508061));
#3091=CARTESIAN_POINT('',(0.00403414585245795,0.0174872265557485,0.0157593094809521));
#3092=CARTESIAN_POINT('',(0.00392883535167197,0.0170307263067995,0.0153479161317331));
#3093=CARTESIAN_POINT('',(0.00503582496044151,0.0218958281438193,0.0196301150008525));
#3094=CARTESIAN_POINT('',(0.00490735244772436,0.0213372280968048,0.019129317173506));
#3095=CARTESIAN_POINT('',(0.00464290257786901,0.0201873968480037,0.0180984669358588));
#3096=CARTESIAN_POINT('',(0.00427319905825226,0.0185799214505698,0.0166573281625086));
#3097=CARTESIAN_POINT('',(0.00403196805135266,0.0175310461001504,0.015716987216505));
#3098=CARTESIAN_POINT('',(0.00392671440159126,0.0170734019515175,0.015306698680802));
#3099=CARTESIAN_POINT('',(0.00503077350290904,0.0219492616742944,0.0195792857109937));
#3100=CARTESIAN_POINT('',(0.00490242986151828,0.0213892984464749,0.0190797846258174));
#3101=CARTESIAN_POINT('',(0.0046382452624572,0.0202366612045563,0.0180516036229418));
#3102=CARTESIAN_POINT('',(0.00426891259402047,0.0186252630011398,0.0166141964660613));
#3103=CARTESIAN_POINT('',(0.0040279235669745,0.0175738280255427,0.015676290394357));
#3104=CARTESIAN_POINT('',(0.00392277549759885,0.0171150670640448,0.0152670642403521));
#3105=CARTESIAN_POINT('',(0.00502098512896637,0.0220132546794097,0.0195196263556191));
#3106=CARTESIAN_POINT('',(0.00489289120574606,0.0214516588805163,0.0190216472826955));
#3107=CARTESIAN_POINT('',(0.00462922063055109,0.0202956611282528,0.0179965992141233));
#3108=CARTESIAN_POINT('',(0.00426060657253596,0.0186795648983148,0.0165635719302195));
#3109=CARTESIAN_POINT('',(0.00402008643774115,0.0176250644672701,0.0156285237192394));
#3110=CARTESIAN_POINT('',(0.00391514295492098,0.0171649659895954,0.0152205445039079));
#3111=CARTESIAN_POINT('',(0.00501179910343376,0.0221181533527146,0.0194196027758784));
#3112=CARTESIAN_POINT('',(0.00488393953144514,0.0215538814091486,0.0189241754756477));
#3113=CARTESIAN_POINT('',(0.00462075134856437,0.0203923750379953,0.017904380016698));
#3114=CARTESIAN_POINT('',(0.00425281167975009,0.0187685777046573,0.0164786959327199));
#3115=CARTESIAN_POINT('',(0.00401273158292444,0.0177090523148854,0.0155484391489724));
#3116=CARTESIAN_POINT('',(0.00390798009699093,0.0172467613527008,0.0151425505239439));
#3117=CARTESIAN_POINT('',(0.00501072963781185,0.0222514794713919,0.0192890268099375));
#3118=CARTESIAN_POINT('',(0.00488289734972146,0.021683806150373,0.018796930726057));
#3119=CARTESIAN_POINT('',(0.00461976532845209,0.0205152983296042,0.0177839922959895));
#3120=CARTESIAN_POINT('',(0.00425190417412306,0.0188817129008263,0.0163678944058455));
#3121=CARTESIAN_POINT('',(0.00401187530788442,0.0178158007930673,0.015443892599582));
#3122=CARTESIAN_POINT('',(0.00390714617482474,0.0173507231850581,0.0150407331395055));
#3123=CARTESIAN_POINT('',(0.00503123451390736,0.0224027024941673,0.0191338665304172));
#3124=CARTESIAN_POINT('',(0.00490287911133707,0.0218311712150443,0.0186457288507983));
#3125=CARTESIAN_POINT('',(0.00463867030287645,0.0206547221117635,0.017640938463216));
#3126=CARTESIAN_POINT('',(0.004269303789461,0.0190100346919104,0.0162362316166237));
#3127=CARTESIAN_POINT('',(0.00402829267861582,0.0179368785511802,0.0153196624496505));
#3128=CARTESIAN_POINT('',(0.00392313497366099,0.0174686402346079,0.0149197459906404));
#3129=CARTESIAN_POINT('',(0.00507709301561783,0.0225450424410702,0.0189791913530385));
#3130=CARTESIAN_POINT('',(0.00494756768418973,0.0219698798263106,0.0184949997018953));
#3131=CARTESIAN_POINT('',(0.00468095067550286,0.0207859559238203,0.0174983318822833));
#3132=CARTESIAN_POINT('',(0.00430821747448012,0.0191308186611379,0.0161049804656203));
#3133=CARTESIAN_POINT('',(0.0040650096048855,0.0180508440132151,0.0151958207001006));
#3134=CARTESIAN_POINT('',(0.00395889341254964,0.0175796306530231,0.0147991371030495));
#3135=CARTESIAN_POINT('',(0.00515815143610948,0.0226806788134275,0.0188196617985575));
#3136=CARTESIAN_POINT('',(0.00502655816565664,0.0221020558826901,0.0183395400193574));
#3137=CARTESIAN_POINT('',(0.00475568447828889,0.0209110092105841,0.0173512496890847));
#3138=CARTESIAN_POINT('',(0.0043770003985947,0.0192459142459081,0.0159696100849326));
#3139=CARTESIAN_POINT('',(0.00412990958935334,0.0181594422119695,0.0150680922599807));
#3140=CARTESIAN_POINT('',(0.00402209919702689,0.0176853939193994,0.0146747429861013));
#3141=CARTESIAN_POINT('',(0.00529360344338343,0.0228046087464361,0.018653954174663));
#3142=CARTESIAN_POINT('',(0.00515855456042147,0.0222228241510221,0.0181780598805294));
#3143=CARTESIAN_POINT('',(0.00488056778513334,0.0210252694579041,0.017198471472964));
#3144=CARTESIAN_POINT('',(0.00449193953855056,0.0193510762158299,0.0158289972423629));
#3145=CARTESIAN_POINT('',(0.00423836017492974,0.0182586675691695,0.0149354173058953));
#3146=CARTESIAN_POINT('',(0.00412771870363508,0.0177820290202131,0.0145455314828597));
#3147=CARTESIAN_POINT('',(0.0054814892808443,0.0228881003186313,0.0185109193900383));
#3148=CARTESIAN_POINT('',(0.00534164710863336,0.0223041857103287,0.0180386741580407));
#3149=CARTESIAN_POINT('',(0.00505379375028198,0.0211022465646981,0.017066597038194));
#3150=CARTESIAN_POINT('',(0.00465137192351303,0.0194219238148785,0.0157076236617168));
#3151=CARTESIAN_POINT('',(0.004388792268955,0.0183255156733616,0.0148208955172372));
#3152=CARTESIAN_POINT('',(0.0042742238005374,0.0178471320691725,0.0144339992606069));
#3153=CARTESIAN_POINT('',(0.00580355127327759,0.02291231083968,0.0183825008806427));
#3154=CARTESIAN_POINT('',(0.00565549274848418,0.0223277785795532,0.0179135318245868));
#3155=CARTESIAN_POINT('',(0.00535072671889158,0.0211245680495535,0.016948198437567));
#3156=CARTESIAN_POINT('',(0.00492466081134683,0.0194424678918784,0.0155986528659243));
#3157=CARTESIAN_POINT('',(0.00464665342859549,0.0183448999943302,0.0147180763503376));
#3158=CARTESIAN_POINT('',(0.00452535355064335,0.0178660103666549,0.0143338641657146));
#3159=CARTESIAN_POINT('',(0.00610979131008726,0.02291231083968,0.0182829974609082));
#3160=CARTESIAN_POINT('',(0.00595392007787598,0.0223277785795532,0.0178165669073732));
#3161=CARTESIAN_POINT('',(0.00563307224668881,0.0211245680495535,0.0168564588144424));
#3162=CARTESIAN_POINT('',(0.0051845238223081,0.0194424678918784,0.0155142182553406));
#3163=CARTESIAN_POINT('',(0.00489184663013866,0.0183448999943302,0.0146384082497738));
#3164=CARTESIAN_POINT('',(0.00476414603694513,0.0178660103666549,0.0142562757836028));
#3165=CARTESIAN_POINT('',(0.00644582744115214,0.0228881003186313,0.0181975869279253));
#3166=CARTESIAN_POINT('',(0.0062813833521675,0.0223041857103287,0.0177333353432526));
#3167=CARTESIAN_POINT('',(0.00594288901582479,0.0211022465646981,0.0167777124745917));
#3168=CARTESIAN_POINT('',(0.00546967060363692,0.0194219238148785,0.0154417423031432));
#3169=CARTESIAN_POINT('',(0.0051608962804337,0.0183255156733616,0.0145700237163674));
#3170=CARTESIAN_POINT('',(0.00502617220458854,0.0178471320691725,0.0141896764135797));
#3171=CARTESIAN_POINT('',(0.00668190401362758,0.0228046087464361,0.0182028679750993));
#3172=CARTESIAN_POINT('',(0.00651143720727332,0.0222228241510221,0.0177384816618755));
#3173=CARTESIAN_POINT('',(0.00616054561340926,0.0210252694579041,0.0167825814658157));
#3174=CARTESIAN_POINT('',(0.00566999571324697,0.0193510762158299,0.0154462235879352));
#3175=CARTESIAN_POINT('',(0.00534991261943893,0.0182586675691695,0.0145742520232785));
#3176=CARTESIAN_POINT('',(0.00521025431314068,0.0177820290202131,0.0141937943414578));
#3177=CARTESIAN_POINT('',(0.00688888748695202,0.0226806788134275,0.0182573115666584));
#3178=CARTESIAN_POINT('',(0.00671314017797549,0.0221020558826901,0.0177915363042428));
#3179=CARTESIAN_POINT('',(0.00635137911326746,0.0209110092105841,0.0168327770730069));
#3180=CARTESIAN_POINT('',(0.0058456335859355,0.0192459142459081,0.0154924222358243));
#3181=CARTESIAN_POINT('',(0.00551563536758007,0.0181594422119695,0.0146178426610571));
#3182=CARTESIAN_POINT('',(0.00537165090495614,0.0176853939193994,0.0142362470551103));
#3183=CARTESIAN_POINT('',(0.0070482342460957,0.0225450424410702,0.0183387287431995));
#3184=CARTESIAN_POINT('',(0.00686842172859795,0.0219698798263106,0.0178708763892784));
#3185=CARTESIAN_POINT('',(0.00649829277381264,0.0207859559238203,0.0169078416397492));
#3186=CARTESIAN_POINT('',(0.00598084885383247,0.0191308186611379,0.0155615095859315));
#3187=CARTESIAN_POINT('',(0.00564321745135003,0.0180508440132151,0.0146830298860349));
#3188=CARTESIAN_POINT('',(0.00549590248615517,0.0175796306530231,0.0142997325817464));
#3189=CARTESIAN_POINT('',(0.00717625034147496,0.0224027024941673,0.0184369086393092));
#3190=CARTESIAN_POINT('',(0.00699317191430585,0.0218311712150443,0.0179665515482198));
#3191=CARTESIAN_POINT('',(0.00661632035894797,0.0206547221117635,0.0169983610077422));
#3192=CARTESIAN_POINT('',(0.00608947817723289,0.0190100346919104,0.015644821107458));
#3193=CARTESIAN_POINT('',(0.00574571442268694,0.0179368785511802,0.0147616382982631));
#3194=CARTESIAN_POINT('',(0.00559572379632976,0.0174686402346079,0.0143762889384564));
#3195=CARTESIAN_POINT('',(0.00728404005874738,0.0222514794713919,0.0185503834785241));
#3196=CARTESIAN_POINT('',(0.00709821173142649,0.021683806150373,0.018077131450093));
#3197=CARTESIAN_POINT('',(0.00671569973772367,0.0205152983296042,0.0171029819244049));
#3198=CARTESIAN_POINT('',(0.00618094420751712,0.0188817129008263,0.015741111304174));
#3199=CARTESIAN_POINT('',(0.00583201700463146,0.0178158007930673,0.0148524927123741));
#3200=CARTESIAN_POINT('',(0.00567977346812772,0.0173507231850581,0.0144647716178313));
#3201=CARTESIAN_POINT('',(0.00735992546996827,0.0221181533527146,0.0186566502701475));
#3202=CARTESIAN_POINT('',(0.00717216117594189,0.0215538814091486,0.0181806871940043));
#3203=CARTESIAN_POINT('',(0.00678566415748564,0.0203923750379953,0.0172009572044526));
#3204=CARTESIAN_POINT('',(0.00624533752347062,0.0187685777046573,0.015831285040842));
#3205=CARTESIAN_POINT('',(0.00589277518348198,0.0177090523148854,0.0149375759533747));
#3206=CARTESIAN_POINT('',(0.00573894556792319,0.0172467613527008,0.0145476337793157));
#3207=CARTESIAN_POINT('',(0.00741128620425471,0.0220132546794097,0.0187429704563313));
#3208=CARTESIAN_POINT('',(0.00722221161000133,0.0214516588805163,0.0182648052045158));
#3209=CARTESIAN_POINT('',(0.00683301744865302,0.0202956611282528,0.0172805422214266));
#3210=CARTESIAN_POINT('',(0.00628892018234141,0.0186795648983148,0.0159045328882565));
#3211=CARTESIAN_POINT('',(0.00593389751028318,0.0176250644672701,0.0150066888069018));
#3212=CARTESIAN_POINT('',(0.00577899440531987,0.0171649659895954,0.014614942456821));
#3213=CARTESIAN_POINT('',(0.00743843413263824,0.0219492616742944,0.0187969893505502));
#3214=CARTESIAN_POINT('',(0.00724866694827263,0.0213892984464749,0.0183174459842988));
#3215=CARTESIAN_POINT('',(0.0068580471483876,0.0202366612045563,0.0173303462684681));
#3216=CARTESIAN_POINT('',(0.00631195682537672,0.0186252630011398,0.0159503711550186));
#3217=CARTESIAN_POINT('',(0.00595563368673146,0.0175738280255427,0.0150499394078205));
#3218=CARTESIAN_POINT('',(0.00580016316360562,0.0171150670640448,0.0146570640102018));
#3219=CARTESIAN_POINT('',(0.00746422412461159,0.0218958281438193,0.0188410802820981));
#3220=CARTESIAN_POINT('',(0.00727379899341547,0.0213372280968048,0.0183604120807287));
#3221=CARTESIAN_POINT('',(0.00688182486527746,0.0201873968480037,0.0173709969863449));
#3222=CARTESIAN_POINT('',(0.00633384117804556,0.0185799214505698,0.0159877849509007));
#3223=CARTESIAN_POINT('',(0.0059762826220098,0.0175310461001504,0.0150852411168258));
#3224=CARTESIAN_POINT('',(0.00582027306291591,0.0170734019515175,0.0146914441757652));
#3225=CARTESIAN_POINT('',(0.00749309357480535,0.0218410986537431,0.0188854432422043));
#3226=CARTESIAN_POINT('',(0.00730193193452951,0.0212838948496809,0.0184036432658027));
#3227=CARTESIAN_POINT('',(0.00690844176435143,0.0201369376496487,0.0174118985076363));
#3228=CARTESIAN_POINT('',(0.00635833863543323,0.0185334802006675,0.0160254295793054));
#3229=CARTESIAN_POINT('',(0.00599939714679088,0.0174872265557485,0.0151207606273761));
#3230=CARTESIAN_POINT('',(0.00584278418805078,0.0170307263067995,0.0147260364572116));
#3231=CARTESIAN_POINT('',(0.00753303434466144,0.0217710720234006,0.0189412303838732));
#3232=CARTESIAN_POINT('',(0.00734085374699461,0.0212156547185174,0.0184580071820173));
#3233=CARTESIAN_POINT('',(0.0069452661386662,0.0200723748768974,0.0174633328338691));
#3234=CARTESIAN_POINT('',(0.00639223077058006,0.0184740584111528,0.0160727683099235));
#3235=CARTESIAN_POINT('',(0.00603137600016074,0.0174311592502915,0.0151654269878339));
#3236=CARTESIAN_POINT('',(0.00587392824040301,0.016976122626167,0.0147695368120364));
#3237=CARTESIAN_POINT('',(0.00758534339666081,0.0216859936972077,0.0190077792771733));
#3238=CARTESIAN_POINT('',(0.00739182830555924,0.021132746886023,0.0185228582991619));
#3239=CARTESIAN_POINT('',(0.00699349375465396,0.0199939348232607,0.0175246892214886));
#3240=CARTESIAN_POINT('',(0.00643661813382195,0.0184018643563115,0.0161292390312872));
#3241=CARTESIAN_POINT('',(0.00607325760409153,0.017363040700547,0.0152187098190971));
#3242=CARTESIAN_POINT('',(0.0059147165341648,0.0169097822963602,0.0148214287065689));
#3243=CARTESIAN_POINT('',(0.00765121951673979,0.0215861423036375,0.0190844268056165));
#3244=CARTESIAN_POINT('',(0.00745602381307898,0.0210354428723818,0.0185975504179851));
#3245=CARTESIAN_POINT('',(0.00705422986246892,0.0199018743771069,0.0175953562939529));
#3246=CARTESIAN_POINT('',(0.00649251796681736,0.0183171344690893,0.0161942790493447));
#3247=CARTESIAN_POINT('',(0.00612600177482661,0.0172830939923274,0.0152800781923679));
#3248=CARTESIAN_POINT('',(0.0059660838297851,0.0168319225795848,0.0148811950717919));
#3249=CARTESIAN_POINT('',(0.00773185727482465,0.021471840559701,0.0191704679285593));
#3250=CARTESIAN_POINT('',(0.00753460436395699,0.0209240571615416,0.0186813964846366));
#3251=CARTESIAN_POINT('',(0.00712857582521124,0.0197964910753149,0.0176746840217138));
#3252=CARTESIAN_POINT('',(0.00656094393368766,0.0182201425941963,0.016267290094887));
#3253=CARTESIAN_POINT('',(0.00619056495303174,0.0171915775112371,0.015348967611983));
#3254=CARTESIAN_POINT('',(0.00602896160025393,0.0167427951163452,0.0149482861480788));
#3255=CARTESIAN_POINT('',(0.00782841399196678,0.0213434470454009,0.0192651744915439));
#3256=CARTESIAN_POINT('',(0.00762869775400408,0.0207989391855154,0.0187736869211249));
#3257=CARTESIAN_POINT('',(0.00721759866346541,0.0196781155195304,0.0177620010648749));
#3258=CARTESIAN_POINT('',(0.00664287809065318,0.0181111930082391,0.0163476542852501));
#3259=CARTESIAN_POINT('',(0.00626787375580364,0.0170887783568333,0.0154247950760443));
#3260=CARTESIAN_POINT('',(0.00610425227353006,0.016642679511527,0.0150221341526695));
#3261=CARTESIAN_POINT('',(0.00794201824835984,0.0212013531069276,0.0193677955028732));
#3262=CARTESIAN_POINT('',(0.00773940377140178,0.0206604703065827,0.0188736898948364));
#3263=CARTESIAN_POINT('',(0.00732233889947593,0.019547108520991,0.0178566150281852));
#3264=CARTESIAN_POINT('',(0.00673927810559527,0.0179906177918968,0.0164347343590045));
#3265=CARTESIAN_POINT('',(0.00635883178867267,0.0169750098631474,0.0155069592978605));
#3266=CARTESIAN_POINT('',(0.00619283586671786,0.0165318809196449,0.015102153495331));
#3267=CARTESIAN_POINT('',(0.00807376911850184,0.021045978760381,0.0194775614045814));
#3268=CARTESIAN_POINT('',(0.00786779345137677,0.0205090598255138,0.0189806554805459));
#3269=CARTESIAN_POINT('',(0.00744380985198598,0.0194038573238619,0.0179578163987662));
#3270=CARTESIAN_POINT('',(0.0068510766090455,0.0178587733539834,0.0165278773001297));
#3271=CARTESIAN_POINT('',(0.00646431903323009,0.0168506083189721,0.0155948441255286));
#3272=CARTESIAN_POINT('',(0.00629556938968038,0.0164107268507455,0.0151877441086718));
#3273=CARTESIAN_POINT('',(0.00822473643989229,0.0208777694608124,0.0195936871578613));
#3274=CARTESIAN_POINT('',(0.0080149093380431,0.0203451418330395,0.0190938186671298));
#3275=CARTESIAN_POINT('',(0.00758299788396957,0.0192487726263747,0.0180648813907975));
#3276=CARTESIAN_POINT('',(0.00697918142219133,0.0177160376897869,0.0166264169561847));
#3277=CARTESIAN_POINT('',(0.00658519206226229,0.0167159303809721,0.0156878210123033));
#3278=CARTESIAN_POINT('',(0.00641328705455758,0.0162795646510491,0.0152782938540228));
#3279=CARTESIAN_POINT('',(0.0083959650556167,0.0206971927374553,0.0197153741686991));
#3280=CARTESIAN_POINT('',(0.0081817696187511,0.0201691719309222,0.0192124012340741));
#3281=CARTESIAN_POINT('',(0.00774086631418644,0.0190822854785958,0.0181770737209024));
#3282=CARTESIAN_POINT('',(0.00712447915696313,0.0175628075258608,0.0167296756723232));
#3283=CARTESIAN_POINT('',(0.00672228743660542,0.0165713503796589,0.0157852505583691));
#3284=CARTESIAN_POINT('',(0.00654680358394677,0.0161387588792503,0.0153731800229617));
#3285=CARTESIAN_POINT('',(0.00858847248827157,0.0205047327367324,0.0198418164023139));
#3286=CARTESIAN_POINT('',(0.00836936585735451,0.019981621914181,0.0193356177099244));
#3287=CARTESIAN_POINT('',(0.00791835327260008,0.0189048422512174,0.0182936502455061));
#3288=CARTESIAN_POINT('',(0.00728783324222014,0.0173994936894386,0.0168369694797629));
#3289=CARTESIAN_POINT('',(0.00687641984275726,0.0164172559502111,0.0158864874064091));
#3290=CARTESIAN_POINT('',(0.00669691239713177,0.0159886870513958,0.0154717741050842));
#3291=CARTESIAN_POINT('',(0.00880325620155948,0.0203008872004735,0.0199722009910491));
#3292=CARTESIAN_POINT('',(0.00857867007054987,0.0197829768263998,0.0194626759646695));
#3293=CARTESIAN_POINT('',(0.00811637839538378,0.0187169018495518,0.0184138615212968));
#3294=CARTESIAN_POINT('',(0.0074700900856489,0.0172265185442711,0.0169476086116173));
#3295=CARTESIAN_POINT('',(0.00704838790692362,0.0162540456130642,0.0159908807283174));
#3296=CARTESIAN_POINT('',(0.00686439127235481,0.0158297372846315,0.0155734422620106));
#3297=CARTESIAN_POINT('',(0.00904129464315786,0.0200861639726176,0.0201057113258701));
#3298=CARTESIAN_POINT('',(0.00881063574413991,0.0195737315555495,0.0195927802223685));
#3299=CARTESIAN_POINT('',(0.00833584378641917,0.0185189324927985,0.0185369546555066));
#3300=CARTESIAN_POINT('',(0.00767207995869978,0.0170443130263536,0.0170609001262164));
#3301=CARTESIAN_POINT('',(0.00723897502999835,0.0160821259769769,0.0160977767004278));
#3302=CARTESIAN_POINT('',(0.00705000315999968,0.015662305573283,0.0156775477379994));
#3303=CARTESIAN_POINT('',(0.00930355310956557,0.0198610782110348,0.0202415278886919));
#3304=CARTESIAN_POINT('',(0.00906620354825783,0.0193543881169416,0.0197251318722452));
#3305=CARTESIAN_POINT('',(0.00857763942453555,0.0183114091434161,0.0186621740732973));
#3306=CARTESIAN_POINT('',(0.00789462197326056,0.0168533142779903,0.0171761486133866));
#3307=CARTESIAN_POINT('',(0.0074489540832933,0.0159019095066577,0.0162065191699225));
#3308=CARTESIAN_POINT('',(0.0072545007557406,0.0154867936147573,0.0157834515089597));
#3309=CARTESIAN_POINT('',(0.00969895119363324,0.0195379082736338,0.0204304013739326));
#3310=CARTESIAN_POINT('',(0.00945151435054293,0.0190394627976952,0.0199091868716519));
#3311=CARTESIAN_POINT('',(0.0089421864050647,0.0180134546777158,0.0188363106245881));
#3312=CARTESIAN_POINT('',(0.00823014092670818,0.0165790852325001,0.0173364190766373));
#3313=CARTESIAN_POINT('',(0.00776553229144198,0.0156431612632231,0.0163577420309672));
#3314=CARTESIAN_POINT('',(0.00756281475856369,0.0152347999379869,0.0159307267300803));
#3315=CARTESIAN_POINT('',(0.0100168952311234,0.0192966423508019,0.0205640131774106));
#3316=CARTESIAN_POINT('',(0.00976134709152845,0.0188043519814412,0.0200393900093688));
#3317=CARTESIAN_POINT('',(0.00923532272391559,0.0177910136310417,0.0189594973103198));
#3318=CARTESIAN_POINT('',(0.00849993548316172,0.0163743566483391,0.0174497966934684));
#3319=CARTESIAN_POINT('',(0.00802009638200284,0.0154499900349973,0.0164647192446588));
#3320=CARTESIAN_POINT('',(0.00781073350886181,0.0150466714026944,0.0160349113268565));
#3321=CARTESIAN_POINT('',(0.0102398461459031,0.0191347345465506,0.0206505621069591));
#3322=CARTESIAN_POINT('',(0.00997861014692871,0.0186465747223546,0.0201237309276105));
#3323=CARTESIAN_POINT('',(0.00944087779882393,0.0176417387520217,0.0190392932228602));
#3324=CARTESIAN_POINT('',(0.00868912268616361,0.0162369681802956,0.0175232386433267));
#3325=CARTESIAN_POINT('',(0.00819860357247769,0.0153203574327655,0.0165340152431417));
#3326=CARTESIAN_POINT('',(0.00798458080792214,0.0149204228313723,0.0161023983683583));
#3327=CARTESIAN_POINT('',(0.00899534181319388,0.0183115445899657,0.0190541895751209));
#3328=CARTESIAN_POINT('',(0.0086015783863233,0.0183115445899657,0.0186916665736029));
#3329=CARTESIAN_POINT('',(0.00803140159058941,0.0183115445899656,0.018128739240907));
#3330=CARTESIAN_POINT('',(0.00732213416208863,0.0183115445899657,0.0173279955039796));
#3331=CARTESIAN_POINT('',(0.00682835049769792,0.0183115445899657,0.0166948841268741));
#3332=CARTESIAN_POINT('',(0.00636896700350426,0.0183115445899656,0.0160414401126133));
#3333=CARTESIAN_POINT('',(0.00610077119720746,0.0183115445899656,0.0154238741413123));
#3334=CARTESIAN_POINT('',(0.00580687858579053,0.0183115445899657,0.014979029456005));
#3335=CARTESIAN_POINT('',(0.00553065603118478,0.0183115445899656,0.0146936981548725));
#3336=CARTESIAN_POINT('',(0.00514331361072422,0.0183115445899656,0.0145231287234006));
#3337=CARTESIAN_POINT('',(0.00475566169251605,0.0183115445899642,0.014659228355312));
#3338=CARTESIAN_POINT('',(0.00436355539384203,0.0183115445899665,0.0147808590975048));
#3339=CARTESIAN_POINT('',(0.00415902596925024,0.0183115445899636,0.0151516123919739));
#3340=CARTESIAN_POINT('',(0.00410606894473346,0.0183115445899662,0.01554548872768));
#3341=CARTESIAN_POINT('',(0.00413253148512265,0.0183115445899653,0.0160741684453798));
#3342=CARTESIAN_POINT('',(0.00427715640934243,0.0183115445899658,0.0167322630156963));
#3343=CARTESIAN_POINT('',(0.00428857405366722,0.0183115445899656,0.0175277189556379));
#3344=CARTESIAN_POINT('',(0.00426117878879633,0.0183115445899657,0.0183251951580861));
#3345=CARTESIAN_POINT('',(0.00415790816271577,0.0183115445899656,0.0193898811198769));
#3346=CARTESIAN_POINT('',(0.00402765123792945,0.0183115445899657,0.0201788096403528));
#3347=CARTESIAN_POINT('',(0.00392238722955728,0.0183115445899657,0.0207024924374316));
#3348=CARTESIAN_POINT('',(0.00899534181319387,0.0183115445899656,0.0190541895751209));
#3349=CARTESIAN_POINT('',(0.00392238722955744,0.0183115445899656,0.0207024924374316));
#3350=CARTESIAN_POINT('',(0.00899534181318966,0.0183115445899695,0.0190541895751192));
#3351=CARTESIAN_POINT('',(0.00913071586267546,0.0185732743256423,0.0193327966131489));
#3352=CARTESIAN_POINT('',(0.00926609486063041,0.0188350044538031,0.0196114008780488));
#3353=CARTESIAN_POINT('',(0.00940147820446788,0.0190967349302385,0.0198900027041455));
#3354=CARTESIAN_POINT('',(0.00940147820446794,0.0190967349302385,0.0198900027041455));
#3355=CARTESIAN_POINT('',(0.009316169865079,0.0193008123878561,0.0199301023340302));
#3356=CARTESIAN_POINT('',(0.00934429533444074,0.0192326135808412,0.0199169553041897));
#3357=CARTESIAN_POINT('',(0.00937273416781986,0.0191645888026444,0.0199035892500135));
#3358=CARTESIAN_POINT('',(0.00940147820446794,0.0190967349302385,0.0198900027041455));
#3359=CARTESIAN_POINT('',(0.00931616986507574,0.0193008123878541,0.0199301023340337));
#3360=CARTESIAN_POINT('',(0.00417768048528285,0.0193008123878541,0.0215996987424104));
#3361=CARTESIAN_POINT('',(0.00435257309700975,0.0195702205982187,0.0212914710139385));
#3362=CARTESIAN_POINT('',(0.00458265645865314,0.0199814152269911,0.0208225351532972));
#3363=CARTESIAN_POINT('',(0.00480318696940938,0.020552000801911,0.0201857255932059));
#3364=CARTESIAN_POINT('',(0.00491947805231466,0.0209966475116264,0.0196995084890876));
#3365=CARTESIAN_POINT('',(0.00494874163496605,0.0214598628653906,0.0192139078229961));
#3366=CARTESIAN_POINT('',(0.00487497012993851,0.0219328522393401,0.0187445459433327));
#3367=CARTESIAN_POINT('',(0.00508260292085484,0.0222974295047684,0.0183128689712905));
#3368=CARTESIAN_POINT('',(0.0054536939535744,0.0224256349215792,0.0180711482816866));
#3369=CARTESIAN_POINT('',(0.00588528076320456,0.0224290115667116,0.0179333996781929));
#3370=CARTESIAN_POINT('',(0.00645147709892327,0.0224265741287695,0.0177410003327193));
#3371=CARTESIAN_POINT('',(0.00701675518115746,0.0220073883911547,0.0179726248513886));
#3372=CARTESIAN_POINT('',(0.0072673725059172,0.0215277174588028,0.0183891086656298));
#3373=CARTESIAN_POINT('',(0.00755358075784474,0.02104944343315,0.0187902240611398));
#3374=CARTESIAN_POINT('',(0.007939960212604,0.0205957163770436,0.0191227712075191));
#3375=CARTESIAN_POINT('',(0.00851157291419018,0.0199982632001426,0.0195299060157365));
#3376=CARTESIAN_POINT('',(0.00898668289746599,0.0195759184491153,0.0197804404437347));
#3377=CARTESIAN_POINT('',(0.0093161698650821,0.0193008123878579,0.0199301023340265));
#3378=CARTESIAN_POINT('',(0.00417768048528286,0.0193008123878541,0.0215996987424104));
#3379=CARTESIAN_POINT('',(0.00408509461789395,0.0190967349302386,0.0216174004441527));
#3380=CARTESIAN_POINT('',(0.00411633500331929,0.019164588802643,0.0216114968698218));
#3381=CARTESIAN_POINT('',(0.00414719887234345,0.0192326135808408,0.0216055943079484));
#3382=CARTESIAN_POINT('',(0.00417768048528286,0.0193008123878541,0.0215996987424104));
#3383=CARTESIAN_POINT('',(0.00408509461789394,0.0190967349302386,0.0216174004441527));
#3384=CARTESIAN_POINT('',(0.00392238722955728,0.0183115445899657,0.0207024924374316));
#3385=CARTESIAN_POINT('',(0.00397662843108665,0.0185732743257446,0.0210074611359047));
#3386=CARTESIAN_POINT('',(0.00403086399919292,0.0188350044539023,0.0213124304993784));
#3387=CARTESIAN_POINT('',(0.00408509461789394,0.0190967349302386,0.0216174004441527));
#3388=CARTESIAN_POINT('',(0.0106878251376194,0.0191347345465505,0.0204223054098407));
#3389=CARTESIAN_POINT('',(0.0104151604279249,0.0186465747223545,0.019901297449459));
#3390=CARTESIAN_POINT('',(0.00985390303933756,0.0176417387520216,0.018828846351535));
#3391=CARTESIAN_POINT('',(0.00906925968865218,0.0162369681802957,0.0173295491662643));
#3392=CARTESIAN_POINT('',(0.00855728104766135,0.0153203574327657,0.0163512599413754));
#3393=CARTESIAN_POINT('',(0.00833389508556325,0.0149204228313726,0.0159244138540287));
#3394=CARTESIAN_POINT('',(0.0107488528424623,0.0192966423508019,0.0201910621464822));
#3395=CARTESIAN_POINT('',(0.0104746312115784,0.0188043519814412,0.019675953597483));
#3396=CARTESIAN_POINT('',(0.00991016903157563,0.0177910136310416,0.0186156459420696));
#3397=CARTESIAN_POINT('',(0.00912104535096381,0.0163743566483392,0.0171333254088912));
#3398=CARTESIAN_POINT('',(0.00860614330123586,0.0154499900349975,0.016166113424712));
#3399=CARTESIAN_POINT('',(0.00838148180062684,0.0150466714026947,0.0157441005469472));
#3400=CARTESIAN_POINT('',(0.0108276414390906,0.0195379082736338,0.0198553049692759));
#3401=CARTESIAN_POINT('',(0.0105514097762732,0.0190394627976952,0.0193487621604598));
#3402=CARTESIAN_POINT('',(0.00998281011446984,0.0180134546777157,0.0183060863612988));
#3403=CARTESIAN_POINT('',(0.00918790219359789,0.0165790852325002,0.0168484153366171));
#3404=CARTESIAN_POINT('',(0.00866922593554336,0.0156431612632233,0.0158972871207514));
#3405=CARTESIAN_POINT('',(0.00844291767647474,0.0152347999379872,0.0154822918952307));
#3406=CARTESIAN_POINT('',(0.0109072487423437,0.0198610782110348,0.0194244041505482));
#3407=CARTESIAN_POINT('',(0.0106289861609856,0.0193543881169415,0.018928854359033));
#3408=CARTESIAN_POINT('',(0.0100562060240565,0.0183114091434161,0.0179088067620689));
#3409=CARTESIAN_POINT('',(0.00925545375783283,0.0168533142779904,0.0164827701866662));
#3410=CARTESIAN_POINT('',(0.00873296407296718,0.0159019095066579,0.0155522834027788));
#3411=CARTESIAN_POINT('',(0.00850499194367255,0.0154867936147576,0.0151462944243402));
#3412=CARTESIAN_POINT('',(0.0109515224937466,0.0200861639726175,0.019132401621662));
#3413=CARTESIAN_POINT('',(0.0106721304132231,0.0195737315555494,0.0186443013143724));
#3414=CARTESIAN_POINT('',(0.0100970252971916,0.0185189324927984,0.017639587854589));
#3415=CARTESIAN_POINT('',(0.00929302268731042,0.0170443130263537,0.0162349885538164));
#3416=CARTESIAN_POINT('',(0.00876841215795274,0.0160821259769771,0.0153184895603336));
#3417=CARTESIAN_POINT('',(0.00853951466410307,0.0156623055732833,0.0149186037193444));
#3418=CARTESIAN_POINT('',(0.0109834258494019,0.0203008872004735,0.0188613490712579));
#3419=CARTESIAN_POINT('',(0.0107032198596783,0.0197829768263997,0.0183801637783904));
#3420=CARTESIAN_POINT('',(0.0101264393799641,0.0187169018495517,0.0173896842946172));
#3421=CARTESIAN_POINT('',(0.009320094595173,0.0172265185442712,0.0160049842323354));
#3422=CARTESIAN_POINT('',(0.00879395580010539,0.0162540456130644,0.0151014694629211));
#3423=CARTESIAN_POINT('',(0.00856439149502842,0.0158297372846318,0.0147072488844125));
#3424=CARTESIAN_POINT('',(0.0110041892004138,0.0205047327367323,0.0186109472587083));
#3425=CARTESIAN_POINT('',(0.0107234535020729,0.0199816219141809,0.0181361501445999));
#3426=CARTESIAN_POINT('',(0.0101455826616897,0.0189048422512174,0.017158820189903));
#3427=CARTESIAN_POINT('',(0.00933771354195671,0.0173994936894387,0.0157925032986299));
#3428=CARTESIAN_POINT('',(0.00881058012056462,0.0164172559502113,0.0149009835214653));
#3429=CARTESIAN_POINT('',(0.00858058184121482,0.0159886870513961,0.0145119965848892));
#3430=CARTESIAN_POINT('',(0.011015048314484,0.0206971927374553,0.0183808845939614));
#3431=CARTESIAN_POINT('',(0.0107340355815596,0.0201691719309221,0.0179119567721447));
#3432=CARTESIAN_POINT('',(0.0101555944887699,0.0190822854785958,0.0169467082623408));
#3433=CARTESIAN_POINT('',(0.00934692815056261,0.0175628075258609,0.0155972813498811));
#3434=CARTESIAN_POINT('',(0.00881927454527973,0.0165713503796591,0.0147167822592381));
#3435=CARTESIAN_POINT('',(0.00858904929986221,0.0161387588792506,0.0143326038565822));
#3436=CARTESIAN_POINT('',(0.0110172471098148,0.0208777694608124,0.018170831903551));
#3437=CARTESIAN_POINT('',(0.0107361782818586,0.0203451418330394,0.0177072628853369));
#3438=CARTESIAN_POINT('',(0.0101576217221606,0.0192487726263747,0.0167530450223641));
#3439=CARTESIAN_POINT('',(0.00934879396007956,0.017716037689787,0.0154190390626896));
#3440=CARTESIAN_POINT('',(0.00882103502595467,0.0167159303809724,0.0145486021212293));
#3441=CARTESIAN_POINT('',(0.00859076382357171,0.0162795646510494,0.0141688140245275));
#3442=CARTESIAN_POINT('',(0.0110120357670181,0.0210459787603809,0.0179804397697615));
#3443=CARTESIAN_POINT('',(0.010731099889335,0.0205090598255138,0.0175217279807049));
#3444=CARTESIAN_POINT('',(0.0101528169966002,0.0194038573238619,0.016577508315723));
#3445=CARTESIAN_POINT('',(0.00934437182362603,0.0178587733539835,0.0152574799351984));
#3446=CARTESIAN_POINT('',(0.00881686252833492,0.0168506083189723,0.0143961633437304));
#3447=CARTESIAN_POINT('',(0.00858670024809556,0.0164107268507458,0.0140203546281876));
#3448=CARTESIAN_POINT('',(0.0110006745055795,0.0212013531069276,0.0178093322985644));
#3449=CARTESIAN_POINT('',(0.0107200284731186,0.0206604703065826,0.0173549857539199));
#3450=CARTESIAN_POINT('',(0.0101423422024134,0.019547108520991,0.0164197515776801));
#3451=CARTESIAN_POINT('',(0.00933473111290607,0.0179906177918969,0.0151122849988129));
#3452=CARTESIAN_POINT('',(0.00880776605585953,0.0169750098631476,0.0142591649645901));
#3453=CARTESIAN_POINT('',(0.00857784123705732,0.0165318809196452,0.0138869325619625));
#3454=CARTESIAN_POINT('',(0.0109844272699396,0.0213434470454008,0.0176571054074743));
#3455=CARTESIAN_POINT('',(0.0107041957322644,0.0207989391855153,0.0172066424313325));
#3456=CARTESIAN_POINT('',(0.0101273626642388,0.0196781155195304,0.016279402254458));
#3457=CARTESIAN_POINT('',(0.00932094436047109,0.0181111930082392,0.0149831113653454));
#3458=CARTESIAN_POINT('',(0.00879475759437857,0.0170887783568335,0.0141372834523745));
#3459=CARTESIAN_POINT('',(0.00856517235863635,0.0166426795115273,0.0137682327401362));
#3460=CARTESIAN_POINT('',(0.0109645626653521,0.0214718405597009,0.0175233222613677));
#3461=CARTESIAN_POINT('',(0.0106848379077349,0.0209240571615415,0.0170762723222306));
#3462=CARTESIAN_POINT('',(0.010109048003866,0.0197964910753149,0.0161560575951791));
#3463=CARTESIAN_POINT('',(0.00930408805385152,0.0182201425941964,0.0148695883540326));
#3464=CARTESIAN_POINT('',(0.00877885286145427,0.0171915775112373,0.0140301690520232));
#3465=CARTESIAN_POINT('',(0.00854968281530864,0.0167427951163455,0.0136639145379283));
#3466=CARTESIAN_POINT('',(0.0109423516196565,0.0215861423036375,0.0174075112415322));
#3467=CARTESIAN_POINT('',(0.0106631935038255,0.0210354428723818,0.0169634158397025));
#3468=CARTESIAN_POINT('',(0.0100885699844497,0.0199018743771069,0.0160492827793816));
#3469=CARTESIAN_POINT('',(0.0092852406514309,0.0183171344690894,0.0147713157681538));
#3470=CARTESIAN_POINT('',(0.00876106943424317,0.0172830939923276,0.0139374441587557));
#3471=CARTESIAN_POINT('',(0.00853236362060024,0.0168319225795851,0.0135736102078487));
#3472=CARTESIAN_POINT('',(0.0109190634784298,0.0216859936972076,0.0173091640540212));
#3473=CARTESIAN_POINT('',(0.0106404994829352,0.0211327468860229,0.0168675776572497));
#3474=CARTESIAN_POINT('',(0.0100670989103387,0.0199939348232607,0.01595860917297));
#3475=CARTESIAN_POINT('',(0.00926547926894829,0.0184018643563116,0.0146878622898548));
#3476=CARTESIAN_POINT('',(0.00874242362305248,0.0173630407005472,0.013858701803511));
#3477=CARTESIAN_POINT('',(0.00851420455425861,0.0169097822963605,0.0134969234046756));
#3478=CARTESIAN_POINT('',(0.0108959707821198,0.0217710720234006,0.017227728683956));
#3479=CARTESIAN_POINT('',(0.0106179959208274,0.0212156547185173,0.0167882198428379));
#3480=CARTESIAN_POINT('',(0.0100458080314718,0.0200723748768973,0.015883527832261));
#3481=CARTESIAN_POINT('',(0.00924588373318217,0.0184740584111529,0.0146187595014527));
#3482=CARTESIAN_POINT('',(0.00872393429618493,0.0174311592502918,0.0137935000117624));
#3483=CARTESIAN_POINT('',(0.00849619788725087,0.0169761226261674,0.013433423691531));
#3484=CARTESIAN_POINT('',(0.0108743146319286,0.0218410986537431,0.0171626250632334));
#3485=CARTESIAN_POINT('',(0.0105968922560885,0.0212838948496808,0.016724777126894));
#3486=CARTESIAN_POINT('',(0.0100258416116024,0.0201369376496487,0.0158235039492119));
#3487=CARTESIAN_POINT('',(0.009227507192828,0.0185334802006676,0.0145635151804237));
#3488=CARTESIAN_POINT('',(0.00870659514989373,0.0174872265557488,0.0137413743479749));
#3489=CARTESIAN_POINT('',(0.00847931137560549,0.0170307263067998,0.0133826587568689));
#3490=CARTESIAN_POINT('',(0.0108553932803476,0.0218958281438192,0.0171131932937099));
#3491=CARTESIAN_POINT('',(0.0105784536205671,0.0213372280968048,0.0166766064464053));
#3492=CARTESIAN_POINT('',(0.0100083966065193,0.0201873968480037,0.0157779291145121));
#3493=CARTESIAN_POINT('',(0.00921145129287277,0.0185799214505699,0.0145215693636737));
#3494=CARTESIAN_POINT('',(0.00869144563900676,0.0175310461001506,0.01370179646014));
#3495=CARTESIAN_POINT('',(0.00846455733940797,0.0170734019515178,0.0133441140411949));
#3496=CARTESIAN_POINT('',(0.0108348819443662,0.0219492616742944,0.017066412752595));
#3497=CARTESIAN_POINT('',(0.0105584655638683,0.0213892984464749,0.0166310193569513));
#3498=CARTESIAN_POINT('',(0.0099894856762444,0.0202366612045563,0.0157347986449976));
#3499=CARTESIAN_POINT('',(0.00919404619593478,0.0186252630011399,0.014481873273002));
#3500=CARTESIAN_POINT('',(0.00867502309612308,0.0175738280255429,0.01366434129665));
#3501=CARTESIAN_POINT('',(0.00844856350343735,0.0171150670640451,0.0133076366366081));
#3502=CARTESIAN_POINT('',(0.0108071368928599,0.0220132546794096,0.0170126981078037));
#3503=CARTESIAN_POINT('',(0.010531428336107,0.0214516588805162,0.0165786750646723));
#3504=CARTESIAN_POINT('',(0.00996390544417247,0.0202956611282528,0.0156852751081928));
#3505=CARTESIAN_POINT('',(0.00917050285817002,0.0186795648983149,0.0144362931800996));
#3506=CARTESIAN_POINT('',(0.00865280882892052,0.0176250644672703,0.0136213342951379));
#3507=CARTESIAN_POINT('',(0.00842692913485255,0.0171649659895957,0.0132657523235243));
#3508=CARTESIAN_POINT('',(0.0107674914774402,0.0221181533527146,0.0169204086685084));
#3509=CARTESIAN_POINT('',(0.0104927943430811,0.0215538814091486,0.0164887400869115));
#3510=CARTESIAN_POINT('',(0.00992735337913866,0.0203923750379952,0.015600186591618));
#3511=CARTESIAN_POINT('',(0.00913686134895028,0.0187685777046574,0.0143579800639407));
#3512=CARTESIAN_POINT('',(0.00862106645312099,0.0177090523148856,0.0135474421178603));
#3513=CARTESIAN_POINT('',(0.00839601538687508,0.0172467613527011,0.0131937890854765));
#3514=CARTESIAN_POINT('',(0.0107261241626589,0.0222514794713918,0.0167965540282808));
#3515=CARTESIAN_POINT('',(0.0104524823792931,0.0216838061503729,0.0163680451905127));
#3516=CARTESIAN_POINT('',(0.00988921376667267,0.0205152983296042,0.0154859957623277));
#3517=CARTESIAN_POINT('',(0.00910175870500325,0.0188817129008264,0.0142528819844526));
#3518=CARTESIAN_POINT('',(0.00858794542669954,0.0178158007930675,0.0134482770443456));
#3519=CARTESIAN_POINT('',(0.00836375897765057,0.0173507231850584,0.0130972126946555));
#3520=CARTESIAN_POINT('',(0.0106976782954616,0.0224027024941672,0.0166426514781918));
#3521=CARTESIAN_POINT('',(0.0104247622148484,0.0218311712150443,0.016218068957855));
#3522=CARTESIAN_POINT('',(0.00986298740035186,0.0206547221117635,0.0153441015241121));
#3523=CARTESIAN_POINT('',(0.00907762068315509,0.0190100346919105,0.0141222864539747));
#3524=CARTESIAN_POINT('',(0.00856517004657147,0.0179368785511804,0.0133250539041739));
#3525=CARTESIAN_POINT('',(0.00834157814387124,0.0174686402346082,0.0129772062677794));
#3526=CARTESIAN_POINT('',(0.0106934950639229,0.0225450424410701,0.0164813755864716));
#3527=CARTESIAN_POINT('',(0.0104206857047052,0.0219698798263105,0.0160609074901295));
#3528=CARTESIAN_POINT('',(0.00985913056723169,0.0207859559238203,0.0151954092523795));
#3529=CARTESIAN_POINT('',(0.00907407096067426,0.019130818661138,0.013985434201557));
#3530=CARTESIAN_POINT('',(0.00856182071333453,0.0180508440132153,0.0131959272470766));
#3531=CARTESIAN_POINT('',(0.00833831624425058,0.0175796306530235,0.012851450434004));
#3532=CARTESIAN_POINT('',(0.0107212888594923,0.0226806788134275,0.0163046055346716));
#3533=CARTESIAN_POINT('',(0.0104477704329852,0.02210205588269,0.0158886471448635));
#3534=CARTESIAN_POINT('',(0.00988475574009054,0.0209110092105841,0.0150324317589918));
#3535=CARTESIAN_POINT('',(0.00909765566069575,0.0192459142459082,0.0138354342264163));
#3536=CARTESIAN_POINT('',(0.00858407400780808,0.0181594422119697,0.0130543950836491));
#3537=CARTESIAN_POINT('',(0.00835998862130794,0.0176853939193997,0.0127136129369453));
#3538=CARTESIAN_POINT('',(0.0107989049017746,0.022804608746436,0.0161051512469972));
#3539=CARTESIAN_POINT('',(0.0105234063572019,0.022222824151022,0.0156942812774004));
#3540=CARTESIAN_POINT('',(0.00995631575768986,0.0210252694579041,0.0148485399768736));
#3541=CARTESIAN_POINT('',(0.00916351752074671,0.01935107621583,0.0136661853186504));
#3542=CARTESIAN_POINT('',(0.00864621782837626,0.0182586675691697,0.0128947006300241));
#3543=CARTESIAN_POINT('',(0.00842051019094516,0.0177820290202135,0.0125580872723277));
#3544=CARTESIAN_POINT('',(0.0109333947725755,0.0228881003186312,0.0159110571662452));
#3545=CARTESIAN_POINT('',(0.0106544651612417,0.0223041857103286,0.0155051388688081));
#3546=CARTESIAN_POINT('',(0.0100803119991685,0.0211022465646981,0.0146695901692549));
#3547=CARTESIAN_POINT('',(0.00927764023028597,0.0194219238148786,0.0135014848674638));
#3548=CARTESIAN_POINT('',(0.00875389807273733,0.0183255156733618,0.0127392978631098));
#3549=CARTESIAN_POINT('',(0.00852537946592804,0.0178471320691729,0.0124067412608719));
#3550=CARTESIAN_POINT('',(0.0112000104273347,0.02291231083968,0.0156894012771675));
#3551=CARTESIAN_POINT('',(0.0109142789943796,0.0223277785795532,0.0152891378007879));
#3552=CARTESIAN_POINT('',(0.0103261248541635,0.0211245680495535,0.0144652290751178));
#3553=CARTESIAN_POINT('',(0.00950387958010092,0.0194424678918785,0.0133133965713249));
#3554=CARTESIAN_POINT('',(0.00896736573899337,0.0183448999943304,0.0125618275439117));
#3555=CARTESIAN_POINT('',(0.00873327460514683,0.0178660103666552,0.0122339037657889));
#3556=CARTESIAN_POINT('',(0.0114605137621966,0.02291231083968,0.0155001345257031));
#3557=CARTESIAN_POINT('',(0.0111681364433611,0.0223277785795532,0.0151046995680519));
#3558=CARTESIAN_POINT('',(0.0105663023056188,0.0211245680495535,0.0142907299423676));
#3559=CARTESIAN_POINT('',(0.00972493226043591,0.0194424678918785,0.013152792398132));
#3560=CARTESIAN_POINT('',(0.0091759395340885,0.0183448999943304,0.0124102898115476));
#3561=CARTESIAN_POINT('',(0.00893640362664784,0.0178660103666552,0.0120863218929963));
#3562=CARTESIAN_POINT('',(0.0117537098081661,0.0228881003186312,0.0153150634065264));
#3563=CARTESIAN_POINT('',(0.0114538525564417,0.0223041857103286,0.0149243499298438));
#3564=CARTESIAN_POINT('',(0.0108366216055044,0.0211022465646981,0.0141200990759128));
#3565=CARTESIAN_POINT('',(0.00997372666400677,0.0194219238148786,0.012995748470198));
#3566=CARTESIAN_POINT('',(0.00941068897423355,0.0183255156733618,0.0122621113411658));
#3567=CARTESIAN_POINT('',(0.00916502498367318,0.0178471320691729,0.011942011589382));
#3568=CARTESIAN_POINT('',(0.0119798639040884,0.022804608746436,0.0152471343079854));
#3569=CARTESIAN_POINT('',(0.0116742370743519,0.022222824151022,0.014858153818856));
#3570=CARTESIAN_POINT('',(0.0110451299319855,0.0210252694579041,0.0140574701741528));
#3571=CARTESIAN_POINT('',(0.0101656319580363,0.01935107621583,0.0129381065620314));
#3572=CARTESIAN_POINT('',(0.00959176081382369,0.0182586675691697,0.0122077234390394));
#3573=CARTESIAN_POINT('',(0.00934136998224098,0.0177820290202135,0.0118890434716211));
#3574=CARTESIAN_POINT('',(0.0121935408801856,0.0226806788134275,0.0152349518296962));
#3575=CARTESIAN_POINT('',(0.0118824627851162,0.02210205588269,0.0148462821364362));
#3576=CARTESIAN_POINT('',(0.0112421346712181,0.0209110092105841,0.0140462382389092));
#3577=CARTESIAN_POINT('',(0.0103469496686798,0.0192459142459082,0.0129277689996336));
#3578=CARTESIAN_POINT('',(0.00976284276121091,0.0181594422119697,0.0121979694536181));
#3579=CARTESIAN_POINT('',(0.00950798587257085,0.0176853939193997,0.0118795441118695));
#3580=CARTESIAN_POINT('',(0.0123702479450049,0.0225450424410701,0.01526314330941));
#3581=CARTESIAN_POINT('',(0.0120546617503073,0.0219698798263105,0.0148737544032575));
#3582=CARTESIAN_POINT('',(0.0114050540922111,0.0207859559238203,0.014072230066438));
#3583=CARTESIAN_POINT('',(0.0104968961955953,0.019130818661138,0.0129516911584676));
#3584=CARTESIAN_POINT('',(0.00990432449367713,0.0180508440132153,0.0122205411566497));
#3585=CARTESIAN_POINT('',(0.00964577425515756,0.0175796306530235,0.0119015265854988));
#3586=CARTESIAN_POINT('',(0.0125223377431099,0.0224027024941672,0.0153169587903485));
#3587=CARTESIAN_POINT('',(0.0122028714773862,0.0218311712150443,0.0149261969591811));
#3588=CARTESIAN_POINT('',(0.0115452770191865,0.0206547221117635,0.0141218465716068));
#3589=CARTESIAN_POINT('',(0.0106259534974549,0.0190100346919105,0.0129973568168796));
#3590=CARTESIAN_POINT('',(0.010026096241447,0.0179368785511804,0.0122636288933198));
#3591=CARTESIAN_POINT('',(0.00976436717791504,0.0174686402346082,0.0119434895261669));
#3592=CARTESIAN_POINT('',(0.0126599175098628,0.0222514794713918,0.0153915709211633));
#3593=CARTESIAN_POINT('',(0.0123369413488444,0.0216838061503729,0.0149989056068526));
#3594=CARTESIAN_POINT('',(0.0116721220661724,0.0205152983296042,0.0141906370592075));
#3595=CARTESIAN_POINT('',(0.0107426981687533,0.0188817129008264,0.0130606696781559));
#3596=CARTESIAN_POINT('',(0.0101362504323527,0.0178158007930675,0.0123233676114151));
#3597=CARTESIAN_POINT('',(0.00987164581760566,0.0173507231850584,0.0120016687780085));
#3598=CARTESIAN_POINT('',(0.0127649270692455,0.0221181533527146,0.0154691867641103));
#3599=CARTESIAN_POINT('',(0.0124392719346609,0.0215538814091486,0.0150745413368193));
#3600=CARTESIAN_POINT('',(0.0117689382100592,0.0203923750379952,0.0142621968930247));
#3601=CARTESIAN_POINT('',(0.0108318050685735,0.0187685777046574,0.0131265313690589));
#3602=CARTESIAN_POINT('',(0.0102203270616724,0.0177090523148856,0.012385511272384));
#3603=CARTESIAN_POINT('',(0.00995352764478831,0.0172467613527011,0.0120621901922128));
#3604=CARTESIAN_POINT('',(0.0128404484347587,0.0220132546794096,0.01553541079993));
#3605=CARTESIAN_POINT('',(0.0125128666208976,0.0214516588805162,0.0151390758841539));
#3606=CARTESIAN_POINT('',(0.0118385669889345,0.0202956611282528,0.0143232537703069));
#3607=CARTESIAN_POINT('',(0.0108958894699425,0.0186795648983149,0.0131827264293959));
#3608=CARTESIAN_POINT('',(0.0102807937648115,0.0176250644672703,0.012438534004261));
#3609=CARTESIAN_POINT('',(0.0100124158777825,0.0171649659895957,0.0121138287771969));
#3610=CARTESIAN_POINT('',(0.0128829604052827,0.0219492616742944,0.0155783966500474));
#3611=CARTESIAN_POINT('',(0.0125542940383014,0.0213892984464749,0.0151809650916716));
#3612=CARTESIAN_POINT('',(0.0118777619448925,0.0202366612045563,0.0143628856312015));
#3613=CARTESIAN_POINT('',(0.010931963422837,0.0186252630011399,0.0132192024975044));
#3614=CARTESIAN_POINT('',(0.0103148312677628,0.0175738280255429,0.0124729509221831));
#3615=CARTESIAN_POINT('',(0.0100455648391162,0.0171150670640451,0.0121473472489561));
#3616=CARTESIAN_POINT('',(0.0129211129923503,0.0218958281438192,0.015612360072001));
#3617=CARTESIAN_POINT('',(0.0125914732875811,0.0213372280968048,0.0152140620486084));
#3618=CARTESIAN_POINT('',(0.0119129376601407,0.0201873968480037,0.014394199042724));
#3619=CARTESIAN_POINT('',(0.0109643381777992,0.0185799214505699,0.0132480224949918));
#3620=CARTESIAN_POINT('',(0.0103453784002269,0.0175310461001506,0.0125001439706522));
#3621=CARTESIAN_POINT('',(0.0100753145453258,0.0170734019515178,0.0121738304288045));
#3622=CARTESIAN_POINT('',(0.0129622783796725,0.0218410986537431,0.015645630603564));
#3623=CARTESIAN_POINT('',(0.012631588475425,0.0212838948496808,0.0152464837919743));
#3624=CARTESIAN_POINT('',(0.0119508911006234,0.0201369376496487,0.0144248736269231));
#3625=CARTESIAN_POINT('',(0.0109992694742044,0.0185334802006676,0.0132762545334879));
#3626=CARTESIAN_POINT('',(0.0103783377520329,0.0174872265557488,0.0125267822516424));
#3627=CARTESIAN_POINT('',(0.0101074135004156,0.0170307263067998,0.0121997733232584));
#3628=CARTESIAN_POINT('',(0.0130175034839533,0.0217710720234006,0.0156863449515198));
#3629=CARTESIAN_POINT('',(0.0126854046927871,0.0212156547185173,0.0152861594472379));
#3630=CARTESIAN_POINT('',(0.0120018072426741,0.0200723748768973,0.0144624112205776));
#3631=CARTESIAN_POINT('',(0.0110461312824401,0.0184740584111529,0.0133108030959794));
#3632=CARTESIAN_POINT('',(0.0104225541133723,0.0174311592502918,0.0125593804756631));
#3633=CARTESIAN_POINT('',(0.0101504756032512,0.0169761226261674,0.0122315205777252));
#3634=CARTESIAN_POINT('',(0.0130878170877051,0.0216859936972076,0.0157334723241175));
#3635=CARTESIAN_POINT('',(0.0127539244761771,0.0211327468860229,0.0153320845199101));
#3636=CARTESIAN_POINT('',(0.0120666345976126,0.0199939348232607,0.0145058614599011));
#3637=CARTESIAN_POINT('',(0.0111057965860785,0.0184018643563116,0.013350793493935));
#3638=CARTESIAN_POINT('',(0.0104788511860724,0.0173630407005472,0.0125971133321764));
#3639=CARTESIAN_POINT('',(0.0102053030531028,0.0169097822963605,0.0122682684262192));
#3640=CARTESIAN_POINT('',(0.0131741543898403,0.0215861423036375,0.0157860116148736));
#3641=CARTESIAN_POINT('',(0.0128380591659829,0.0210354428723818,0.0153832834434466));
#3642=CARTESIAN_POINT('',(0.0121462353950585,0.0199018743771069,0.0145543013501687));
#3643=CARTESIAN_POINT('',(0.0111790589574027,0.0183171344690894,0.0133953762285502));
#3644=CARTESIAN_POINT('',(0.0105479777436044,0.0172830939923276,0.0126391792783586));
#3645=CARTESIAN_POINT('',(0.0102726250768729,0.0168319225795851,0.0123092362500181));
#3646=CARTESIAN_POINT('',(0.0132774336243307,0.0214718405597009,0.0158429231478812));
#3647=CARTESIAN_POINT('',(0.0129387035704563,0.0209240571615415,0.0154387430658526));
#3648=CARTESIAN_POINT('',(0.0122414562233881,0.0197964910753149,0.0146067723366281));
#3649=CARTESIAN_POINT('',(0.0112666975729282,0.0182201425941964,0.0134436690725553));
#3650=CARTESIAN_POINT('',(0.0106306689763428,0.0171915775112373,0.012684745890511));
#3651=CARTESIAN_POINT('',(0.0103531576729509,0.0167427951163455,0.0123536133556627));
#3652=CARTESIAN_POINT('',(0.0133985304568019,0.0213434470454008,0.0159031567752256));
#3653=CARTESIAN_POINT('',(0.013056711015494,0.0207989391855153,0.0154974400302836));
#3654=CARTESIAN_POINT('',(0.0123531044240442,0.0196781155195304,0.0146623062096019));
#3655=CARTESIAN_POINT('',(0.0113694554873788,0.0181111930082392,0.0134947809125547));
#3656=CARTESIAN_POINT('',(0.0107276259920213,0.0170887783568335,0.0127329723604495));
#3657=CARTESIAN_POINT('',(0.0104475836468056,0.0166426795115273,0.0124005808840839));
#3658=CARTESIAN_POINT('',(0.0135382861616041,0.0212013531069276,0.0159656495109004));
#3659=CARTESIAN_POINT('',(0.0131929013130981,0.0206604703065826,0.0155583384693254));
#3660=CARTESIAN_POINT('',(0.0124819556305883,0.019547108520991,0.0147199229230187));
#3661=CARTESIAN_POINT('',(0.0114880465724219,0.0179906177918969,0.0135478097412632));
#3662=CARTESIAN_POINT('',(0.0108395223627616,0.0169750098631476,0.0127830076010827));
#3663=CARTESIAN_POINT('',(0.0105565589871049,0.0165318809196452,0.0124493099656339));
#3664=CARTESIAN_POINT('',(0.0136975082142109,0.0210459787603809,0.0160293298290893));
#3665=CARTESIAN_POINT('',(0.0133480613386608,0.0205090598255138,0.0156203941936191));
#3666=CARTESIAN_POINT('',(0.0126287543148772,0.0194038573238619,0.0147786345573192));
#3667=CARTESIAN_POINT('',(0.0116231560193541,0.0178587733539835,0.0136018463048554));
#3668=CARTESIAN_POINT('',(0.0109670045993811,0.0168506083189723,0.0128339936878618));
#3669=CARTESIAN_POINT('',(0.0106807133276416,0.0164107268507458,0.0124989650716979));
#3670=CARTESIAN_POINT('',(0.013876971500215,0.0208777694608124,0.016093120515551));
#3671=CARTESIAN_POINT('',(0.0135229462091174,0.0203451418330394,0.015682557470502));
#3672=CARTESIAN_POINT('',(0.0127942149017258,0.0192487726263747,0.0148374479483612));
#3673=CARTESIAN_POINT('',(0.0117754413650061,0.017716037689787,0.0136559765225367));
#3674=CARTESIAN_POINT('',(0.0111106931193839,0.0167159303809724,0.0128850681417612));
#3675=CARTESIAN_POINT('',(0.0108206508900559,0.0162795646510494,0.0125487062380776));
#3676=CARTESIAN_POINT('',(0.0140774229453195,0.0206971927374553,0.0161559391879747));
#3677=CARTESIAN_POINT('',(0.013718283794818,0.0201691719309221,0.0157437735310884));
#3678=CARTESIAN_POINT('',(0.0129790260376417,0.0190822854785958,0.0148953651671734));
#3679=CARTESIAN_POINT('',(0.0119455364205678,0.0175628075258609,0.0137092819280959));
#3680=CARTESIAN_POINT('',(0.0112711859539954,0.0165713503796591,0.0129353643459046));
#3681=CARTESIAN_POINT('',(0.0109769540940979,0.0161387588792506,0.0125976894707421));
#3682=CARTESIAN_POINT('',(0.0142995811925748,0.0205047327367323,0.016216704829955));
#3683=CARTESIAN_POINT('',(0.013934774404999,0.0199816219141809,0.0158029889375515));
#3684=CARTESIAN_POINT('',(0.0131838502932462,0.0189048422512174,0.0149513895441151));
#3685=CARTESIAN_POINT('',(0.012134050997705,0.0173994936894387,0.0137608452143745));
#3686=CARTESIAN_POINT('',(0.0114490584897397,0.0164172559502113,0.0129840167770373));
#3687=CARTESIAN_POINT('',(0.0111501833059514,0.0159886870513961,0.0126450718407332));
#3688=CARTESIAN_POINT('',(0.0145441436964151,0.0203008872004735,0.0162743361251751));
#3689=CARTESIAN_POINT('',(0.0141730977008383,0.0197829768263997,0.0158591499598042));
#3690=CARTESIAN_POINT('',(0.0134093307037945,0.0187169018495517,0.0150045241330346));
#3691=CARTESIAN_POINT('',(0.0123415769282732,0.0172265185442712,0.0138097488197212));
#3692=CARTESIAN_POINT('',(0.0116448691483287,0.0162540456130644,0.0130301596717787));
#3693=CARTESIAN_POINT('',(0.0113408823698511,0.0158297372846318,0.012690010185235));
#3694=CARTESIAN_POINT('',(0.0148117886698104,0.0200861639726175,0.0163277540753311));
#3695=CARTESIAN_POINT('',(0.0144339145929324,0.0195737315555494,0.0159112051266358));
#3696=CARTESIAN_POINT('',(0.0136560925644017,0.0185189324927984,0.015053774124929));
#3697=CARTESIAN_POINT('',(0.0125686897165935,0.0170443130263537,0.0138550771494573));
#3698=CARTESIAN_POINT('',(0.0118591609456632,0.0160821259769771,0.0130729291226809));
#3699=CARTESIAN_POINT('',(0.0115495801263857,0.0156623055732833,0.012731663148916));
#3700=CARTESIAN_POINT('',(0.0151031809192706,0.0198610782110348,0.0163758809793848));
#3701=CARTESIAN_POINT('',(0.0147178729274395,0.0193543881169415,0.0159581042310059));
#3702=CARTESIAN_POINT('',(0.0139247488097671,0.0183114091434161,0.0150981459068418));
#3703=CARTESIAN_POINT('',(0.0128159534908026,0.0168533142779904,0.013895915709712));
#3704=CARTESIAN_POINT('',(0.012092466163669,0.0159019095066579,0.013111462260961));
#3705=CARTESIAN_POINT('',(0.0117767949623769,0.0154867936147576,0.0127691903879952));
#3706=CARTESIAN_POINT('',(0.0155375919603799,0.0195379082736338,0.0164333256107581));
#3707=CARTESIAN_POINT('',(0.015141201399468,0.0190394627976952,0.016014083351526));
#3708=CARTESIAN_POINT('',(0.0143252647447858,0.0180134546777157,0.0151511083964405));
#3709=CARTESIAN_POINT('',(0.0131845772746603,0.0165790852325002,0.013944660919606));
#3710=CARTESIAN_POINT('',(0.0124402803654467,0.0156431612632233,0.0131574557020036));
#3711=CARTESIAN_POINT('',(0.0121155295500034,0.0152347999379872,0.0128139831802546));
#3712=CARTESIAN_POINT('',(0.015881263026976,0.0192966423508019,0.0164621478762652));
#3713=CARTESIAN_POINT('',(0.0154761048290194,0.0188043519814412,0.0160421703117154));
#3714=CARTESIAN_POINT('',(0.0146421207303635,0.0177910136310416,0.015177681792433));
#3715=CARTESIAN_POINT('',(0.0134762027560189,0.0163743566483392,0.0139691183379613));
#3716=CARTESIAN_POINT('',(0.012715442979631,0.0154499900349975,0.0131805324480393));
#3717=CARTESIAN_POINT('',(0.0123835091039422,0.0150466714026947,0.01283645751285));
#3718=CARTESIAN_POINT('',(0.0161200470373666,0.0191347345465505,0.0164755651781123));
#3719=CARTESIAN_POINT('',(0.0157087970506658,0.0186465747223545,0.016055245315231));
#3720=CARTESIAN_POINT('',(0.0148622735168693,0.0176417387520216,0.0151900522036016));
#3721=CARTESIAN_POINT('',(0.0136788252888398,0.0162369681802957,0.0139805037220975));
#3722=CARTESIAN_POINT('',(0.012906627047511,0.0153203574327657,0.0131912751034747));
#3723=CARTESIAN_POINT('',(0.0125697023532779,0.0149204228313726,0.0128469197335998));
#3724=CARTESIAN_POINT('',(0.0144431468404946,0.0183115445899656,0.0153418976676534));
#3725=CARTESIAN_POINT('',(0.0139566297991639,0.0183115445899657,0.0151187973954165));
#3726=CARTESIAN_POINT('',(0.0132404053297313,0.0183115445899656,0.0147596160071309));
#3727=CARTESIAN_POINT('',(0.0123184084971991,0.0183115445899657,0.0142172391471987));
#3728=CARTESIAN_POINT('',(0.0116531501506759,0.0183115445899656,0.0137677019902965));
#3729=CARTESIAN_POINT('',(0.0110143251797606,0.0183115445899657,0.0132881971091322));
#3730=CARTESIAN_POINT('',(0.0105684174302571,0.0183115445899656,0.0127837340298393));
#3731=CARTESIAN_POINT('',(0.010151444379448,0.0183115445899657,0.0124514794045953));
#3732=CARTESIAN_POINT('',(0.00980056889785363,0.0183115445899656,0.012265470674961));
#3733=CARTESIAN_POINT('',(0.00937947551178539,0.0183115445899656,0.0122229448962957));
#3734=CARTESIAN_POINT('',(0.00905285372811911,0.0183115445899642,0.0124721743687343));
#3735=CARTESIAN_POINT('',(0.00871752444406895,0.0183115445899665,0.0127090195885933));
#3736=CARTESIAN_POINT('',(0.00863757447080304,0.0183115445899636,0.0131248299933113));
#3737=CARTESIAN_POINT('',(0.00870892382898994,0.0183115445899662,0.0135157932695476));
#3738=CARTESIAN_POINT('',(0.00889746221782868,0.0183115445899653,0.0140104201853819));
#3739=CARTESIAN_POINT('',(0.00923837110055567,0.0183115445899658,0.0145916137554402));
#3740=CARTESIAN_POINT('',(0.00949503932929372,0.0183115445899656,0.0153446090643954));
#3741=CARTESIAN_POINT('',(0.00971541858327394,0.0183115445899656,0.0161115196056897));
#3742=CARTESIAN_POINT('',(0.0099462084372615,0.0183115445899656,0.0171560085059286));
#3743=CARTESIAN_POINT('',(0.0100661190603239,0.0183115445899657,0.0179465757196088));
#3744=CARTESIAN_POINT('',(0.0101278339231885,0.0183115445899657,0.018477156023718));
#3745=CARTESIAN_POINT('',(0.0144431468404946,0.0183115445899656,0.0153418976676534));
#3746=CARTESIAN_POINT('',(0.0101278339231887,0.0183115445899656,0.0184771560237179));
#3747=CARTESIAN_POINT('',(0.0150876859629106,0.0190967349302385,0.0160113001434795));
#3748=CARTESIAN_POINT('',(0.0148728360526284,0.0188350044538031,0.0157881698153196));
#3749=CARTESIAN_POINT('',(0.0146579895218945,0.0185732743256423,0.0155650358247685));
#3750=CARTESIAN_POINT('',(0.0144431468404901,0.0183115445899695,0.0153418976676532));
#3751=CARTESIAN_POINT('',(0.0150876859629107,0.0190967349302385,0.0160113001434795));
#3752=CARTESIAN_POINT('',(0.0150189443779431,0.0193008123878561,0.0160757988844155));
#3753=CARTESIAN_POINT('',(0.0150416306332072,0.0192326135808412,0.0160546040680082));
#3754=CARTESIAN_POINT('',(0.01506454723312,0.0191645888026444,0.0160331041122724));
#3755=CARTESIAN_POINT('',(0.0150876859629107,0.0190967349302385,0.0160113001434795));
#3756=CARTESIAN_POINT('',(0.0150189443779411,0.0193008123878541,0.0160757988844198));
#3757=CARTESIAN_POINT('',(0.0106478842333114,0.0193008123878541,0.0192515599719607));
#3758=CARTESIAN_POINT('',(0.0107189693851107,0.0195702205982187,0.0189043731930803));
#3759=CARTESIAN_POINT('',(0.0107928825152827,0.0199814152269911,0.0183872890182223));
#3760=CARTESIAN_POINT('',(0.0108058345183307,0.0205520008019111,0.0177134994608564));
#3761=CARTESIAN_POINT('',(0.0107661845623865,0.0209966475116265,0.0172151435947386));
#3762=CARTESIAN_POINT('',(0.010643957025055,0.0214598628653906,0.0167442669725794));
#3763=CARTESIAN_POINT('',(0.0104287553571541,0.0219328522393402,0.0163206739471792));
#3764=CARTESIAN_POINT('',(0.0104928303555102,0.0222974295047685,0.0158459626890011));
#3765=CARTESIAN_POINT('',(0.0107710630993373,0.0224256349215793,0.0155013992164595));
#3766=CARTESIAN_POINT('',(0.0111389598875521,0.0224290115667115,0.0152370248507725));
#3767=CARTESIAN_POINT('',(0.011617989934682,0.0224265741287695,0.0148790779096391));
#3768=CARTESIAN_POINT('',(0.0122271772508923,0.0220073883911546,0.0149246853834952));
#3769=CARTESIAN_POINT('',(0.0125942290671841,0.0215277174588028,0.0152433400165253));
#3770=CARTESIAN_POINT('',(0.0129903807641152,0.0210494434331499,0.0155363802134353));
#3771=CARTESIAN_POINT('',(0.0134606121819886,0.0205957163770435,0.0157332535261768));
#3772=CARTESIAN_POINT('',(0.01413005974137,0.0199982632001426,0.0159438236995518));
#3773=CARTESIAN_POINT('',(0.0146593355828488,0.0195759184491153,0.0160352790408264));
#3774=CARTESIAN_POINT('',(0.0150189443779449,0.0193008123878579,0.016075798884411));
#3775=CARTESIAN_POINT('',(0.0106478842333114,0.0193008123878541,0.0192515599719607));
#3776=CARTESIAN_POINT('',(0.010565299967482,0.0190967349302386,0.0192970058972143));
#3777=CARTESIAN_POINT('',(0.0105931870348166,0.019164588802643,0.0192817374543703));
#3778=CARTESIAN_POINT('',(0.0106207163266408,0.0192326135808408,0.0192665863243971));
#3779=CARTESIAN_POINT('',(0.0106478842333114,0.0193008123878541,0.0192515599719607));
#3780=CARTESIAN_POINT('',(0.010565299967482,0.0190967349302386,0.0192970058972143));
#3781=CARTESIAN_POINT('',(0.0101278339231885,0.0183115445899657,0.018477156023718));
#3782=CARTESIAN_POINT('',(0.0102736608819353,0.0185732743257446,0.018750437038599));
#3783=CARTESIAN_POINT('',(0.0104194826884748,0.0188350044539023,0.0190237204267567));
#3784=CARTESIAN_POINT('',(0.010565299967482,0.0190967349302386,0.0192970058972143));
#3785=CARTESIAN_POINT('',(0.0164755651781122,0.0191347345465503,0.0161200470373665));
#3786=CARTESIAN_POINT('',(0.0160552453152309,0.0186465747223544,0.0157087970506657));
#3787=CARTESIAN_POINT('',(0.0151900522036016,0.0176417387520216,0.0148622735168693));
#3788=CARTESIAN_POINT('',(0.0139805037220974,0.0162369681802956,0.0136788252888397));
#3789=CARTESIAN_POINT('',(0.0131912751034745,0.0153203574327655,0.0129066270475109));
#3790=CARTESIAN_POINT('',(0.0128469197335997,0.0149204228313724,0.0125697023532778));
#3791=CARTESIAN_POINT('',(0.016462147876265,0.0192966423508017,0.0158812630269758));
#3792=CARTESIAN_POINT('',(0.0160421703117153,0.0188043519814411,0.0154761048290192));
#3793=CARTESIAN_POINT('',(0.0151776817924329,0.0177910136310416,0.0146421207303635));
#3794=CARTESIAN_POINT('',(0.0139691183379612,0.0163743566483392,0.0134762027560189));
#3795=CARTESIAN_POINT('',(0.0131805324480391,0.0154499900349974,0.0127154429796309));
#3796=CARTESIAN_POINT('',(0.0128364575128498,0.0150466714026945,0.012383509103942));
#3797=CARTESIAN_POINT('',(0.016433325610758,0.0195379082736336,0.0155375919603798));
#3798=CARTESIAN_POINT('',(0.0160140833515259,0.0190394627976951,0.0151412013994679));
#3799=CARTESIAN_POINT('',(0.0151511083964404,0.0180134546777157,0.0143252647447858));
#3800=CARTESIAN_POINT('',(0.0139446609196059,0.0165790852325001,0.0131845772746602));
#3801=CARTESIAN_POINT('',(0.0131574557020035,0.0156431612632231,0.0124402803654466));
#3802=CARTESIAN_POINT('',(0.0128139831802545,0.015234799937987,0.0121155295500033));
#3803=CARTESIAN_POINT('',(0.0163758809793847,0.0198610782110346,0.0151031809192704));
#3804=CARTESIAN_POINT('',(0.0159581042310058,0.0193543881169414,0.0147178729274394));
#3805=CARTESIAN_POINT('',(0.0150981459068418,0.0183114091434161,0.0139247488097671));
#3806=CARTESIAN_POINT('',(0.0138959157097119,0.0168533142779903,0.0128159534908025));
#3807=CARTESIAN_POINT('',(0.0131114622609609,0.0159019095066578,0.0120924661636689));
#3808=CARTESIAN_POINT('',(0.0127691903879951,0.0154867936147574,0.0117767949623767));
#3809=CARTESIAN_POINT('',(0.0163277540753309,0.0200861639726173,0.0148117886698103));
#3810=CARTESIAN_POINT('',(0.0159112051266357,0.0195737315555493,0.0144339145929324));
#3811=CARTESIAN_POINT('',(0.0150537741249289,0.0185189324927984,0.0136560925644017));
#3812=CARTESIAN_POINT('',(0.0138550771494572,0.0170443130263536,0.0125686897165935));
#3813=CARTESIAN_POINT('',(0.0130729291226808,0.0160821259769769,0.0118591609456631));
#3814=CARTESIAN_POINT('',(0.0127316631489158,0.0156623055732832,0.0115495801263855));
#3815=CARTESIAN_POINT('',(0.016274336125175,0.0203008872004733,0.014544143696415));
#3816=CARTESIAN_POINT('',(0.0158591499598042,0.0197829768263996,0.0141730977008382));
#3817=CARTESIAN_POINT('',(0.0150045241330345,0.0187169018495517,0.0134093307037945));
#3818=CARTESIAN_POINT('',(0.0138097488197212,0.0172265185442711,0.0123415769282732));
#3819=CARTESIAN_POINT('',(0.0130301596717786,0.0162540456130643,0.0116448691483286));
#3820=CARTESIAN_POINT('',(0.0126900101852349,0.0158297372846316,0.011340882369851));
#3821=CARTESIAN_POINT('',(0.0162167048299548,0.0205047327367322,0.0142995811925747));
#3822=CARTESIAN_POINT('',(0.0158029889375515,0.0199816219141808,0.0139347744049989));
#3823=CARTESIAN_POINT('',(0.0149513895441151,0.0189048422512174,0.0131838502932461));
#3824=CARTESIAN_POINT('',(0.0137608452143744,0.0173994936894386,0.012134050997705));
#3825=CARTESIAN_POINT('',(0.0129840167770372,0.0164172559502112,0.0114490584897396));
#3826=CARTESIAN_POINT('',(0.012645071840733,0.0159886870513959,0.0111501833059513));
#3827=CARTESIAN_POINT('',(0.0161559391879746,0.0206971927374551,0.0140774229453194));
#3828=CARTESIAN_POINT('',(0.0157437735310884,0.020169171930922,0.0137182837948179));
#3829=CARTESIAN_POINT('',(0.0148953651671733,0.0190822854785957,0.0129790260376417));
#3830=CARTESIAN_POINT('',(0.0137092819280958,0.0175628075258608,0.0119455364205678));
#3831=CARTESIAN_POINT('',(0.0129353643459045,0.016571350379659,0.0112711859539954));
#3832=CARTESIAN_POINT('',(0.0125976894707419,0.0161387588792505,0.0109769540940977));
#3833=CARTESIAN_POINT('',(0.0160931205155509,0.0208777694608122,0.0138769715002149));
#3834=CARTESIAN_POINT('',(0.0156825574705019,0.0203451418330393,0.0135229462091174));
#3835=CARTESIAN_POINT('',(0.0148374479483611,0.0192487726263746,0.0127942149017257));
#3836=CARTESIAN_POINT('',(0.0136559765225366,0.017716037689787,0.011775441365006));
#3837=CARTESIAN_POINT('',(0.0128850681417611,0.0167159303809722,0.0111106931193838));
#3838=CARTESIAN_POINT('',(0.0125487062380775,0.0162795646510492,0.0108206508900558));
#3839=CARTESIAN_POINT('',(0.0160293298290892,0.0210459787603808,0.0136975082142108));
#3840=CARTESIAN_POINT('',(0.015620394193619,0.0205090598255137,0.0133480613386608));
#3841=CARTESIAN_POINT('',(0.0147786345573192,0.0194038573238618,0.0126287543148772));
#3842=CARTESIAN_POINT('',(0.0136018463048554,0.0178587733539834,0.011623156019354));
#3843=CARTESIAN_POINT('',(0.0128339936878617,0.0168506083189722,0.010967004599381));
#3844=CARTESIAN_POINT('',(0.0124989650716977,0.0164107268507456,0.0106807133276415));
#3845=CARTESIAN_POINT('',(0.0159656495109002,0.0212013531069274,0.013538286161604));
#3846=CARTESIAN_POINT('',(0.0155583384693253,0.0206604703065825,0.013192901313098));
#3847=CARTESIAN_POINT('',(0.0147199229230186,0.019547108520991,0.0124819556305883));
#3848=CARTESIAN_POINT('',(0.0135478097412631,0.0179906177918968,0.0114880465724219));
#3849=CARTESIAN_POINT('',(0.0127830076010826,0.0169750098631475,0.0108395223627615));
#3850=CARTESIAN_POINT('',(0.0124493099656337,0.016531880919645,0.0105565589871047));
#3851=CARTESIAN_POINT('',(0.0159031567752255,0.0213434470454007,0.0133985304568018));
#3852=CARTESIAN_POINT('',(0.0154974400302835,0.0207989391855152,0.0130567110154939));
#3853=CARTESIAN_POINT('',(0.0146623062096019,0.0196781155195303,0.0123531044240442));
#3854=CARTESIAN_POINT('',(0.0134947809125547,0.0181111930082391,0.0113694554873787));
#3855=CARTESIAN_POINT('',(0.0127329723604494,0.0170887783568334,0.0107276259920212));
#3856=CARTESIAN_POINT('',(0.0124005808840837,0.0166426795115271,0.0104475836468055));
#3857=CARTESIAN_POINT('',(0.015842923147881,0.0214718405597008,0.0132774336243307));
#3858=CARTESIAN_POINT('',(0.0154387430658525,0.0209240571615414,0.0129387035704562));
#3859=CARTESIAN_POINT('',(0.014606772336628,0.0197964910753148,0.0122414562233881));
#3860=CARTESIAN_POINT('',(0.0134436690725552,0.0182201425941963,0.0112666975729282));
#3861=CARTESIAN_POINT('',(0.0126847458905109,0.0171915775112372,0.0106306689763427));
#3862=CARTESIAN_POINT('',(0.0123536133556626,0.0167427951163453,0.0103531576729508));
#3863=CARTESIAN_POINT('',(0.0157860116148735,0.0215861423036373,0.0131741543898402));
#3864=CARTESIAN_POINT('',(0.0153832834434465,0.0210354428723817,0.0128380591659828));
#3865=CARTESIAN_POINT('',(0.0145543013501686,0.0199018743771068,0.0121462353950585));
#3866=CARTESIAN_POINT('',(0.0133953762285501,0.0183171344690893,0.0111790589574027));
#3867=CARTESIAN_POINT('',(0.0126391792783585,0.0172830939923274,0.0105479777436043));
#3868=CARTESIAN_POINT('',(0.0123092362500179,0.0168319225795849,0.0102726250768727));
#3869=CARTESIAN_POINT('',(0.0157334723241174,0.0216859936972074,0.013087817087705));
#3870=CARTESIAN_POINT('',(0.01533208451991,0.0211327468860228,0.012753924476177));
#3871=CARTESIAN_POINT('',(0.014505861459901,0.0199939348232606,0.0120666345976125));
#3872=CARTESIAN_POINT('',(0.0133507934939349,0.0184018643563115,0.0111057965860784));
#3873=CARTESIAN_POINT('',(0.0125971133321763,0.0173630407005471,0.0104788511860723));
#3874=CARTESIAN_POINT('',(0.0122682684262191,0.0169097822963603,0.0102053030531027));
#3875=CARTESIAN_POINT('',(0.0156863449515196,0.0217710720234004,0.0130175034839532));
#3876=CARTESIAN_POINT('',(0.0152861594472378,0.0212156547185172,0.012685404692787));
#3877=CARTESIAN_POINT('',(0.0144624112205775,0.0200723748768973,0.0120018072426741));
#3878=CARTESIAN_POINT('',(0.0133108030959793,0.0184740584111528,0.01104613128244));
#3879=CARTESIAN_POINT('',(0.012559380475663,0.0174311592502916,0.0104225541133722));
#3880=CARTESIAN_POINT('',(0.012231520577725,0.0169761226261671,0.0101504756032511));
#3881=CARTESIAN_POINT('',(0.0156456306035639,0.0218410986537429,0.0129622783796725));
#3882=CARTESIAN_POINT('',(0.0152464837919742,0.0212838948496807,0.012631588475425));
#3883=CARTESIAN_POINT('',(0.0144248736269231,0.0201369376496486,0.0119508911006234));
#3884=CARTESIAN_POINT('',(0.0132762545334879,0.0185334802006676,0.0109992694742044));
#3885=CARTESIAN_POINT('',(0.0125267822516423,0.0174872265557486,0.0103783377520329));
#3886=CARTESIAN_POINT('',(0.0121997733232583,0.0170307263067996,0.0101074135004155));
#3887=CARTESIAN_POINT('',(0.0156123600720009,0.0218958281438191,0.0129211129923502));
#3888=CARTESIAN_POINT('',(0.0152140620486084,0.0213372280968047,0.012591473287581));
#3889=CARTESIAN_POINT('',(0.014394199042724,0.0201873968480037,0.0119129376601407));
#3890=CARTESIAN_POINT('',(0.0132480224949918,0.0185799214505699,0.0109643381777992));
#3891=CARTESIAN_POINT('',(0.0125001439706521,0.0175310461001504,0.0103453784002268));
#3892=CARTESIAN_POINT('',(0.0121738304288043,0.0170734019515176,0.0100753145453257));
#3893=CARTESIAN_POINT('',(0.0155783966500473,0.0219492616742942,0.0128829604052826));
#3894=CARTESIAN_POINT('',(0.0151809650916716,0.0213892984464748,0.0125542940383014));
#3895=CARTESIAN_POINT('',(0.0143628856312015,0.0202366612045563,0.0118777619448924));
#3896=CARTESIAN_POINT('',(0.0132192024975043,0.0186252630011398,0.0109319634228369));
#3897=CARTESIAN_POINT('',(0.012472950922183,0.0175738280255428,0.0103148312677627));
#3898=CARTESIAN_POINT('',(0.0121473472489559,0.0171150670640449,0.0100455648391161));
#3899=CARTESIAN_POINT('',(0.0155354107999299,0.0220132546794094,0.0128404484347586));
#3900=CARTESIAN_POINT('',(0.0151390758841538,0.0214516588805161,0.0125128666208975));
#3901=CARTESIAN_POINT('',(0.0143232537703068,0.0202956611282528,0.0118385669889345));
#3902=CARTESIAN_POINT('',(0.0131827264293958,0.0186795648983148,0.0108958894699424));
#3903=CARTESIAN_POINT('',(0.0124385340042609,0.0176250644672701,0.0102807937648114));
#3904=CARTESIAN_POINT('',(0.0121138287771968,0.0171649659895955,0.0100124158777824));
#3905=CARTESIAN_POINT('',(0.0154691867641102,0.0221181533527144,0.0127649270692454));
#3906=CARTESIAN_POINT('',(0.0150745413368192,0.0215538814091485,0.0124392719346608));
#3907=CARTESIAN_POINT('',(0.0142621968930247,0.0203923750379952,0.0117689382100592));
#3908=CARTESIAN_POINT('',(0.0131265313690588,0.0187685777046573,0.0108318050685734));
#3909=CARTESIAN_POINT('',(0.0123855112723839,0.0177090523148854,0.0102203270616723));
#3910=CARTESIAN_POINT('',(0.0120621901922127,0.0172467613527009,0.00995352764478819));
#3911=CARTESIAN_POINT('',(0.0153915709211632,0.0222514794713917,0.0126599175098627));
#3912=CARTESIAN_POINT('',(0.0149989056068525,0.0216838061503728,0.0123369413488443));
#3913=CARTESIAN_POINT('',(0.0141906370592074,0.0205152983296041,0.0116721220661723));
#3914=CARTESIAN_POINT('',(0.0130606696781558,0.0188817129008263,0.0107426981687533));
#3915=CARTESIAN_POINT('',(0.012323367611415,0.0178158007930673,0.0101362504323526));
#3916=CARTESIAN_POINT('',(0.0120016687780084,0.0173507231850582,0.00987164581760554));
#3917=CARTESIAN_POINT('',(0.0153169587903484,0.0224027024941671,0.0125223377431098));
#3918=CARTESIAN_POINT('',(0.014926196959181,0.0218311712150442,0.0122028714773862));
#3919=CARTESIAN_POINT('',(0.0141218465716068,0.0206547221117634,0.0115452770191865));
#3920=CARTESIAN_POINT('',(0.0129973568168795,0.0190100346919104,0.0106259534974549));
#3921=CARTESIAN_POINT('',(0.0122636288933197,0.0179368785511803,0.0100260962414469));
#3922=CARTESIAN_POINT('',(0.0119434895261667,0.017468640234608,0.00976436717791492));
#3923=CARTESIAN_POINT('',(0.0152631433094099,0.0225450424410699,0.0123702479450048));
#3924=CARTESIAN_POINT('',(0.0148737544032574,0.0219698798263104,0.0120546617503073));
#3925=CARTESIAN_POINT('',(0.014072230066438,0.0207859559238202,0.0114050540922111));
#3926=CARTESIAN_POINT('',(0.0129516911584676,0.0191308186611379,0.0104968961955953));
#3927=CARTESIAN_POINT('',(0.0122205411566496,0.0180508440132152,0.00990432449367704));
#3928=CARTESIAN_POINT('',(0.0119015265854986,0.0175796306530232,0.00964577425515744));
#3929=CARTESIAN_POINT('',(0.0152349518296961,0.0226806788134273,0.0121935408801855));
#3930=CARTESIAN_POINT('',(0.0148462821364361,0.0221020558826899,0.0118824627851162));
#3931=CARTESIAN_POINT('',(0.0140462382389091,0.0209110092105841,0.011242134671218));
#3932=CARTESIAN_POINT('',(0.0129277689996336,0.0192459142459081,0.0103469496686798));
#3933=CARTESIAN_POINT('',(0.012197969453618,0.0181594422119696,0.00976284276121083));
#3934=CARTESIAN_POINT('',(0.0118795441118694,0.0176853939193995,0.00950798587257073));
#3935=CARTESIAN_POINT('',(0.0152471343079853,0.0228046087464358,0.0119798639040883));
#3936=CARTESIAN_POINT('',(0.0148581538188559,0.0222228241510219,0.0116742370743518));
#3937=CARTESIAN_POINT('',(0.0140574701741527,0.0210252694579041,0.0110451299319854));
#3938=CARTESIAN_POINT('',(0.0129381065620313,0.0193510762158299,0.0101656319580363));
#3939=CARTESIAN_POINT('',(0.0122077234390393,0.0182586675691696,0.00959176081382361));
#3940=CARTESIAN_POINT('',(0.011889043471621,0.0177820290202132,0.00934136998224087));
#3941=CARTESIAN_POINT('',(0.0153150634065263,0.0228881003186311,0.011753709808166));
#3942=CARTESIAN_POINT('',(0.0149243499298438,0.0223041857103285,0.0114538525564416));
#3943=CARTESIAN_POINT('',(0.0141200990759128,0.021102246564698,0.0108366216055044));
#3944=CARTESIAN_POINT('',(0.012995748470198,0.0194219238148786,0.00997372666400675));
#3945=CARTESIAN_POINT('',(0.0122621113411657,0.0183255156733616,0.00941068897423348));
#3946=CARTESIAN_POINT('',(0.0119420115893819,0.0178471320691727,0.00916502498367307));
#3947=CARTESIAN_POINT('',(0.015500134525703,0.0229123108396798,0.0114605137621965));
#3948=CARTESIAN_POINT('',(0.0151046995680518,0.0223277785795531,0.011168136443361));
#3949=CARTESIAN_POINT('',(0.0142907299423675,0.0211245680495534,0.0105663023056188));
#3950=CARTESIAN_POINT('',(0.0131527923981319,0.0194424678918785,0.00972493226043587));
#3951=CARTESIAN_POINT('',(0.0124102898115475,0.0183448999943303,0.00917593953408843));
#3952=CARTESIAN_POINT('',(0.0120863218929962,0.017866010366655,0.00893640362664773));
#3953=CARTESIAN_POINT('',(0.0156894012771673,0.0229123108396798,0.0112000104273346));
#3954=CARTESIAN_POINT('',(0.0152891378007878,0.0223277785795531,0.0109142789943796));
#3955=CARTESIAN_POINT('',(0.0144652290751177,0.0211245680495534,0.0103261248541635));
#3956=CARTESIAN_POINT('',(0.0133133965713249,0.0194424678918785,0.00950387958010088));
#3957=CARTESIAN_POINT('',(0.0125618275439116,0.0183448999943303,0.0089673657389933));
#3958=CARTESIAN_POINT('',(0.0122339037657888,0.017866010366655,0.00873327460514673));
#3959=CARTESIAN_POINT('',(0.0159110571662451,0.0228881003186311,0.0109333947725754));
#3960=CARTESIAN_POINT('',(0.015505138868808,0.0223041857103285,0.0106544651612416));
#3961=CARTESIAN_POINT('',(0.0146695901692548,0.021102246564698,0.0100803119991684));
#3962=CARTESIAN_POINT('',(0.0135014848674637,0.0194219238148786,0.00927764023028594));
#3963=CARTESIAN_POINT('',(0.0127392978631097,0.0183255156733616,0.00875389807273726));
#3964=CARTESIAN_POINT('',(0.0124067412608717,0.0178471320691727,0.00852537946592793));
#3965=CARTESIAN_POINT('',(0.016105151246997,0.0228046087464358,0.0107989049017745));
#3966=CARTESIAN_POINT('',(0.0156942812774003,0.0222228241510219,0.0105234063572018));
#3967=CARTESIAN_POINT('',(0.0148485399768735,0.0210252694579041,0.00995631575768983));
#3968=CARTESIAN_POINT('',(0.0136661853186504,0.0193510762158299,0.00916351752074667));
#3969=CARTESIAN_POINT('',(0.012894700630024,0.0182586675691696,0.00864621782837618));
#3970=CARTESIAN_POINT('',(0.0125580872723275,0.0177820290202132,0.00842051019094505));
#3971=CARTESIAN_POINT('',(0.0163046055346715,0.0226806788134273,0.0107212888594923));
#3972=CARTESIAN_POINT('',(0.0158886471448634,0.0221020558826899,0.0104477704329852));
#3973=CARTESIAN_POINT('',(0.0150324317589918,0.0209110092105841,0.00988475574009052));
#3974=CARTESIAN_POINT('',(0.0138354342264163,0.0192459142459081,0.00909765566069571));
#3975=CARTESIAN_POINT('',(0.013054395083649,0.0181594422119696,0.00858407400780801));
#3976=CARTESIAN_POINT('',(0.0127136129369451,0.0176853939193995,0.00835998862130784));
#3977=CARTESIAN_POINT('',(0.0164813755864715,0.0225450424410699,0.0106934950639228));
#3978=CARTESIAN_POINT('',(0.0160609074901294,0.0219698798263104,0.0104206857047051));
#3979=CARTESIAN_POINT('',(0.0151954092523795,0.0207859559238202,0.00985913056723166));
#3980=CARTESIAN_POINT('',(0.0139854342015569,0.0191308186611379,0.00907407096067422));
#3981=CARTESIAN_POINT('',(0.0131959272470765,0.0180508440132152,0.00856182071333446));
#3982=CARTESIAN_POINT('',(0.0128514504340038,0.0175796306530232,0.00833831624425048));
#3983=CARTESIAN_POINT('',(0.0166426514781917,0.0224027024941671,0.0106976782954615));
#3984=CARTESIAN_POINT('',(0.016218068957855,0.0218311712150442,0.0104247622148484));
#3985=CARTESIAN_POINT('',(0.0153441015241121,0.0206547221117634,0.00986298740035183));
#3986=CARTESIAN_POINT('',(0.0141222864539746,0.0190100346919104,0.00907762068315505));
#3987=CARTESIAN_POINT('',(0.0133250539041738,0.0179368785511803,0.0085651700465714));
#3988=CARTESIAN_POINT('',(0.0129772062677792,0.017468640234608,0.00834157814387114));
#3989=CARTESIAN_POINT('',(0.0167965540282807,0.0222514794713917,0.0107261241626588));
#3990=CARTESIAN_POINT('',(0.0163680451905126,0.0216838061503728,0.0104524823792931));
#3991=CARTESIAN_POINT('',(0.0154859957623277,0.0205152983296041,0.00988921376667264));
#3992=CARTESIAN_POINT('',(0.0142528819844526,0.0188817129008263,0.00910175870500321));
#3993=CARTESIAN_POINT('',(0.0134482770443455,0.0178158007930673,0.00858794542669947));
#3994=CARTESIAN_POINT('',(0.0130972126946553,0.0173507231850582,0.00836375897765046));
#3995=CARTESIAN_POINT('',(0.0169204086685083,0.0221181533527144,0.0107674914774401));
#3996=CARTESIAN_POINT('',(0.0164887400869114,0.0215538814091485,0.0104927943430811));
#3997=CARTESIAN_POINT('',(0.015600186591618,0.0203923750379952,0.00992735337913863));
#3998=CARTESIAN_POINT('',(0.0143579800639407,0.0187685777046573,0.00913686134895025));
#3999=CARTESIAN_POINT('',(0.0135474421178602,0.0177090523148854,0.00862106645312092));
#4000=CARTESIAN_POINT('',(0.0131937890854763,0.0172467613527009,0.00839601538687498));
#4001=CARTESIAN_POINT('',(0.0170126981078035,0.0220132546794094,0.0108071368928598));
#4002=CARTESIAN_POINT('',(0.0165786750646722,0.0214516588805161,0.0105314283361069));
#4003=CARTESIAN_POINT('',(0.0156852751081927,0.0202956611282528,0.00996390544417245));
#4004=CARTESIAN_POINT('',(0.0144362931800996,0.0186795648983148,0.00917050285816999));
#4005=CARTESIAN_POINT('',(0.0136213342951378,0.0176250644672701,0.00865280882892045));
#4006=CARTESIAN_POINT('',(0.0132657523235241,0.0171649659895955,0.00842692913485245));
#4007=CARTESIAN_POINT('',(0.0170664127525949,0.0219492616742942,0.0108348819443661));
#4008=CARTESIAN_POINT('',(0.0166310193569513,0.0213892984464748,0.0105584655638683));
#4009=CARTESIAN_POINT('',(0.0157347986449976,0.0202366612045563,0.00998948567624437));
#4010=CARTESIAN_POINT('',(0.0144818732730019,0.0186252630011398,0.00919404619593475));
#4011=CARTESIAN_POINT('',(0.0136643412966499,0.0175738280255428,0.00867502309612301));
#4012=CARTESIAN_POINT('',(0.013307636636608,0.0171150670640449,0.00844856350343725));
#4013=CARTESIAN_POINT('',(0.0171131932937098,0.0218958281438191,0.0108553932803475));
#4014=CARTESIAN_POINT('',(0.0166766064464052,0.0213372280968047,0.010578453620567));
#4015=CARTESIAN_POINT('',(0.015777929114512,0.0201873968480037,0.0100083966065193));
#4016=CARTESIAN_POINT('',(0.0145215693636737,0.0185799214505699,0.00921145129287273));
#4017=CARTESIAN_POINT('',(0.0137017964601399,0.0175310461001504,0.00869144563900669));
#4018=CARTESIAN_POINT('',(0.0133441140411947,0.0170734019515176,0.00846455733940786));
#4019=CARTESIAN_POINT('',(0.0171626250632333,0.0218410986537429,0.0108743146319286));
#4020=CARTESIAN_POINT('',(0.0167247771268939,0.0212838948496807,0.0105968922560885));
#4021=CARTESIAN_POINT('',(0.0158235039492118,0.0201369376496486,0.0100258416116024));
#4022=CARTESIAN_POINT('',(0.0145635151804236,0.0185334802006676,0.00922750719282796));
#4023=CARTESIAN_POINT('',(0.0137413743479748,0.0174872265557486,0.00870659514989366));
#4024=CARTESIAN_POINT('',(0.0133826587568687,0.0170307263067996,0.00847931137560539));
#4025=CARTESIAN_POINT('',(0.0172277286839558,0.0217710720234004,0.0108959707821197));
#4026=CARTESIAN_POINT('',(0.0167882198428378,0.0212156547185172,0.0106179959208273));
#4027=CARTESIAN_POINT('',(0.0158835278322609,0.0200723748768973,0.0100458080314718));
#4028=CARTESIAN_POINT('',(0.0146187595014526,0.0184740584111528,0.00924588373318213));
#4029=CARTESIAN_POINT('',(0.0137935000117623,0.0174311592502916,0.00872393429618485));
#4030=CARTESIAN_POINT('',(0.0134334236915309,0.0169761226261671,0.00849619788725076));
#4031=CARTESIAN_POINT('',(0.0173091640540211,0.0216859936972074,0.0109190634784297));
#4032=CARTESIAN_POINT('',(0.0168675776572497,0.0211327468860228,0.0106404994829351));
#4033=CARTESIAN_POINT('',(0.0159586091729699,0.0199939348232606,0.0100670989103386));
#4034=CARTESIAN_POINT('',(0.0146878622898547,0.0184018643563115,0.00926547926894825));
#4035=CARTESIAN_POINT('',(0.0138587018035109,0.0173630407005471,0.0087424236230524));
#4036=CARTESIAN_POINT('',(0.0134969234046754,0.0169097822963603,0.0085142045542585));
#4037=CARTESIAN_POINT('',(0.0174075112415321,0.0215861423036373,0.0109423516196565));
#4038=CARTESIAN_POINT('',(0.0169634158397024,0.0210354428723817,0.0106631935038254));
#4039=CARTESIAN_POINT('',(0.0160492827793816,0.0199018743771068,0.0100885699844496));
#4040=CARTESIAN_POINT('',(0.0147713157681537,0.0183171344690893,0.00928524065143086));
#4041=CARTESIAN_POINT('',(0.0139374441587556,0.0172830939923274,0.0087610694342431));
#4042=CARTESIAN_POINT('',(0.0135736102078485,0.0168319225795849,0.00853236362060014));
#4043=CARTESIAN_POINT('',(0.0175233222613675,0.0214718405597008,0.0109645626653521));
#4044=CARTESIAN_POINT('',(0.0170762723222305,0.0209240571615414,0.0106848379077349));
#4045=CARTESIAN_POINT('',(0.0161560575951791,0.0197964910753148,0.010109048003866));
#4046=CARTESIAN_POINT('',(0.0148695883540326,0.0182201425941963,0.00930408805385149));
#4047=CARTESIAN_POINT('',(0.0140301690520231,0.0171915775112372,0.0087788528614542));
#4048=CARTESIAN_POINT('',(0.0136639145379281,0.0167427951163453,0.00854968281530854));
#4049=CARTESIAN_POINT('',(0.0176571054074742,0.0213434470454007,0.0109844272699395));
#4050=CARTESIAN_POINT('',(0.0172066424313325,0.0207989391855152,0.0107041957322643));
#4051=CARTESIAN_POINT('',(0.016279402254458,0.0196781155195303,0.0101273626642388));
#4052=CARTESIAN_POINT('',(0.0149831113653453,0.0181111930082391,0.00932094436047105));
#4053=CARTESIAN_POINT('',(0.0141372834523743,0.0170887783568334,0.0087947575943785));
#4054=CARTESIAN_POINT('',(0.0137682327401361,0.0166426795115271,0.00856517235863623));
#4055=CARTESIAN_POINT('',(0.0178093322985642,0.0212013531069274,0.0110006745055794));
#4056=CARTESIAN_POINT('',(0.0173549857539198,0.0206604703065825,0.0107200284731186));
#4057=CARTESIAN_POINT('',(0.0164197515776801,0.019547108520991,0.0101423422024134));
#4058=CARTESIAN_POINT('',(0.0151122849988128,0.0179906177918968,0.00933473111290603));
#4059=CARTESIAN_POINT('',(0.01425916496459,0.0169750098631475,0.00880776605585946));
#4060=CARTESIAN_POINT('',(0.0138869325619623,0.016531880919645,0.00857784123705721));
#4061=CARTESIAN_POINT('',(0.0179804397697614,0.0210459787603808,0.011012035767018));
#4062=CARTESIAN_POINT('',(0.0175217279807048,0.0205090598255137,0.010731099889335));
#4063=CARTESIAN_POINT('',(0.016577508315723,0.0194038573238618,0.0101528169966002));
#4064=CARTESIAN_POINT('',(0.0152574799351983,0.0178587733539834,0.009344371823626));
#4065=CARTESIAN_POINT('',(0.0143961633437303,0.0168506083189722,0.00881686252833485));
#4066=CARTESIAN_POINT('',(0.0140203546281874,0.0164107268507456,0.00858670024809545));
#4067=CARTESIAN_POINT('',(0.0181708319035509,0.0208777694608122,0.0110172471098147));
#4068=CARTESIAN_POINT('',(0.0177072628853368,0.0203451418330393,0.0107361782818586));
#4069=CARTESIAN_POINT('',(0.0167530450223641,0.0192487726263746,0.0101576217221605));
#4070=CARTESIAN_POINT('',(0.0154190390626896,0.017716037689787,0.00934879396007952));
#4071=CARTESIAN_POINT('',(0.0145486021212291,0.0167159303809722,0.0088210350259546));
#4072=CARTESIAN_POINT('',(0.0141688140245273,0.0162795646510492,0.00859076382357161));
#4073=CARTESIAN_POINT('',(0.0183808845939612,0.0206971927374551,0.0110150483144839));
#4074=CARTESIAN_POINT('',(0.0179119567721446,0.020169171930922,0.0107340355815595));
#4075=CARTESIAN_POINT('',(0.0169467082623408,0.0190822854785957,0.0101555944887698));
#4076=CARTESIAN_POINT('',(0.015597281349881,0.0175628075258608,0.00934692815056257));
#4077=CARTESIAN_POINT('',(0.0147167822592379,0.016571350379659,0.00881927454527966));
#4078=CARTESIAN_POINT('',(0.014332603856582,0.0161387588792505,0.0085890492998621));
#4079=CARTESIAN_POINT('',(0.0186109472587081,0.0205047327367322,0.0110041892004137));
#4080=CARTESIAN_POINT('',(0.0181361501445999,0.0199816219141808,0.0107234535020728));
#4081=CARTESIAN_POINT('',(0.0171588201899029,0.0189048422512174,0.0101455826616897));
#4082=CARTESIAN_POINT('',(0.0157925032986299,0.0173994936894386,0.00933771354195668));
#4083=CARTESIAN_POINT('',(0.0149009835214652,0.0164172559502112,0.00881058012056454));
#4084=CARTESIAN_POINT('',(0.014511996584889,0.0159886870513959,0.00858058184121472));
#4085=CARTESIAN_POINT('',(0.0188613490712578,0.0203008872004733,0.0109834258494018));
#4086=CARTESIAN_POINT('',(0.0183801637783903,0.0197829768263996,0.0107032198596783));
#4087=CARTESIAN_POINT('',(0.0173896842946172,0.0187169018495517,0.0101264393799641));
#4088=CARTESIAN_POINT('',(0.0160049842323353,0.0172265185442711,0.00932009459517295));
#4089=CARTESIAN_POINT('',(0.015101469462921,0.0162540456130643,0.00879395580010531));
#4090=CARTESIAN_POINT('',(0.0147072488844124,0.0158297372846316,0.00856439149502831));
#4091=CARTESIAN_POINT('',(0.0191324016216619,0.0200861639726173,0.0109515224937466));
#4092=CARTESIAN_POINT('',(0.0186443013143723,0.0195737315555493,0.0106721304132231));
#4093=CARTESIAN_POINT('',(0.017639587854589,0.0185189324927984,0.0100970252971916));
#4094=CARTESIAN_POINT('',(0.0162349885538164,0.0170443130263536,0.00929302268731039));
#4095=CARTESIAN_POINT('',(0.0153184895603334,0.0160821259769769,0.00876841215795267));
#4096=CARTESIAN_POINT('',(0.0149186037193442,0.0156623055732832,0.00853951466410296));
#4097=CARTESIAN_POINT('',(0.0194244041505481,0.0198610782110346,0.0109072487423436));
#4098=CARTESIAN_POINT('',(0.0189288543590329,0.0193543881169414,0.0106289861609856));
#4099=CARTESIAN_POINT('',(0.0179088067620688,0.0183114091434161,0.0100562060240565));
#4100=CARTESIAN_POINT('',(0.0164827701866662,0.0168533142779903,0.0092554537578328));
#4101=CARTESIAN_POINT('',(0.0155522834027787,0.0159019095066578,0.00873296407296711));
#4102=CARTESIAN_POINT('',(0.01514629442434,0.0154867936147574,0.00850499194367244));
#4103=CARTESIAN_POINT('',(0.0198553049692757,0.0195379082736336,0.0108276414390905));
#4104=CARTESIAN_POINT('',(0.0193487621604597,0.0190394627976951,0.0105514097762731));
#4105=CARTESIAN_POINT('',(0.0183060863612988,0.0180134546777157,0.00998281011446981));
#4106=CARTESIAN_POINT('',(0.016848415336617,0.0165790852325001,0.00918790219359785));
#4107=CARTESIAN_POINT('',(0.0158972871207513,0.0156431612632231,0.00866922593554329));
#4108=CARTESIAN_POINT('',(0.0154822918952305,0.015234799937987,0.00844291767647464));
#4109=CARTESIAN_POINT('',(0.020191062146482,0.0192966423508017,0.0107488528424622));
#4110=CARTESIAN_POINT('',(0.0196759535974829,0.0188043519814411,0.0104746312115784));
#4111=CARTESIAN_POINT('',(0.0186156459420695,0.0177910136310416,0.00991016903157561));
#4112=CARTESIAN_POINT('',(0.0171333254088912,0.0163743566483392,0.00912104535096378));
#4113=CARTESIAN_POINT('',(0.0161661134247119,0.0154499900349974,0.00860614330123578));
#4114=CARTESIAN_POINT('',(0.015744100546947,0.0150466714026945,0.00838148180062673));
#4115=CARTESIAN_POINT('',(0.0204223054098405,0.0191347345465503,0.0106878251376193));
#4116=CARTESIAN_POINT('',(0.0199012974494589,0.0186465747223544,0.0104151604279248));
#4117=CARTESIAN_POINT('',(0.0188288463515349,0.0176417387520216,0.00985390303933753));
#4118=CARTESIAN_POINT('',(0.0173295491662643,0.0162369681802956,0.00906925968865215));
#4119=CARTESIAN_POINT('',(0.0163512599413753,0.0153203574327655,0.00855728104766128));
#4120=CARTESIAN_POINT('',(0.0159244138540285,0.0149204228313724,0.00833389508556314));
#4121=CARTESIAN_POINT('',(0.0184771560237265,0.0183115445899657,0.0101278339231895));
#4122=CARTESIAN_POINT('',(0.0179455090457117,0.0183115445899657,0.0100659949893159));
#4123=CARTESIAN_POINT('',(0.0171533459438878,0.0183115445899656,0.00994571872229742));
#4124=CARTESIAN_POINT('',(0.0161088711812345,0.0183115445899657,0.00971480036538516));
#4125=CARTESIAN_POINT('',(0.0153372582746712,0.0183115445899656,0.00949284125772362));
#4126=CARTESIAN_POINT('',(0.0145815244661473,0.0183115445899657,0.0092342127883434));
#4127=CARTESIAN_POINT('',(0.0140015533307812,0.0183115445899656,0.00889223296207509));
#4128=CARTESIAN_POINT('',(0.0135023160680332,0.0183115445899657,0.00870509179455988));
#4129=CARTESIAN_POINT('',(0.0131111337962989,0.0183115445899656,0.00863661346687142));
#4130=CARTESIAN_POINT('',(0.0126975089991994,0.0183115445899655,0.00872629406045632));
#4131=CARTESIAN_POINT('',(0.0124638893659567,0.0183115445899643,0.00906425705615363));
#4132=CARTESIAN_POINT('',(0.0122181614632236,0.0183115445899665,0.00939313269332989));
#4133=CARTESIAN_POINT('',(0.0122706170016451,0.0183115445899636,0.00981329778871613));
#4134=CARTESIAN_POINT('',(0.012459288570208,0.0183115445899662,0.0101630777959973));
#4135=CARTESIAN_POINT('',(0.0127914473563508,0.0183115445899653,0.0105752343812026));
#4136=CARTESIAN_POINT('',(0.0132952696609006,0.0183115445899657,0.0110226356749339));
#4137=CARTESIAN_POINT('',(0.0137720639995276,0.0183115445899656,0.0116594619256644));
#4138=CARTESIAN_POINT('',(0.0142186455155172,0.0183115445899657,0.0123207362587041));
#4139=CARTESIAN_POINT('',(0.0147609045306585,0.0183115445899656,0.0132427862464657));
#4140=CARTESIAN_POINT('',(0.0151192450143187,0.0183115445899657,0.0139576059262742));
#4141=CARTESIAN_POINT('',(0.0153418976676499,0.0183115445899657,0.0144431468404869));
#4142=CARTESIAN_POINT('',(0.0184771560237264,0.0183115445899656,0.0101278339231895));
#4143=CARTESIAN_POINT('',(0.0153418976676498,0.0183115445899656,0.0144431468404869));
#4144=CARTESIAN_POINT('',(0.0192970058972143,0.0190967349302385,0.010565299967482));
#4145=CARTESIAN_POINT('',(0.0190237204266531,0.0188350044538031,0.0104194826884196));
#4146=CARTESIAN_POINT('',(0.0187504370384922,0.0185732743256423,0.0102736608818783));
#4147=CARTESIAN_POINT('',(0.0184771560237221,0.0183115445899696,0.0101278339231907));
#4148=CARTESIAN_POINT('',(0.0192970058972144,0.0190967349302385,0.010565299967482));
#4149=CARTESIAN_POINT('',(0.0192515599719608,0.0193008123878541,0.0106478842333113));
#4150=CARTESIAN_POINT('',(0.0192665863243972,0.0192326135808408,0.0106207163266408));
#4151=CARTESIAN_POINT('',(0.0192817374543703,0.0191645888026429,0.0105931870348165));
#4152=CARTESIAN_POINT('',(0.0192970058972144,0.0190967349302385,0.010565299967482));
#4153=CARTESIAN_POINT('',(0.0192515599719607,0.0193008123878541,0.0106478842333112));
#4154=CARTESIAN_POINT('',(0.0160757988844115,0.0193008123878541,0.0150189443779499));
#4155=CARTESIAN_POINT('',(0.0160361182663458,0.0195702205982188,0.0146667836095703));
#4156=CARTESIAN_POINT('',(0.0159466260328821,0.0199814152269913,0.0141521669222677));
#4157=CARTESIAN_POINT('',(0.0157507316959214,0.0205520008019116,0.0135073525840701));
#4158=CARTESIAN_POINT('',(0.0155590219150729,0.0209966475116271,0.0130456405003776));
#4159=CARTESIAN_POINT('',(0.0152972677407218,0.0214598628653915,0.0126355806067182));
#4160=CARTESIAN_POINT('',(0.0149617013485995,0.0219328522393413,0.0122992206722529));
#4161=CARTESIAN_POINT('',(0.0148759464471203,0.0222974295047698,0.0118279431733964));
#4162=CARTESIAN_POINT('',(0.0150340855425288,0.0224256349215794,0.0114142651913244));
#4163=CARTESIAN_POINT('',(0.0153022800084104,0.0224290115667116,0.0110491438683618));
#4164=CARTESIAN_POINT('',(0.0156472529683406,0.0224265741287684,0.0105606876721298));
#4165=CARTESIAN_POINT('',(0.0162407180195591,0.0220073883911522,0.0104158137238679));
#4166=CARTESIAN_POINT('',(0.0166882747382036,0.0215277174587998,0.01060544704001));
#4167=CARTESIAN_POINT('',(0.0171555917918925,0.021049443433147,0.0107617272221142));
#4168=CARTESIAN_POINT('',(0.0176636456454042,0.0205957163770402,0.0108036553696694));
#4169=CARTESIAN_POINT('',(0.0183653978711537,0.019998263200139,0.0107970488325028));
#4170=CARTESIAN_POINT('',(0.0188970303637903,0.0195759184491116,0.0107204728010426));
#4171=CARTESIAN_POINT('',(0.0192515599719607,0.0193008123878541,0.0106478842333114));
#4172=CARTESIAN_POINT('',(0.0160757988844115,0.0193008123878541,0.0150189443779499));
#4173=CARTESIAN_POINT('',(0.0160113001434796,0.0190967349302386,0.0150876859629107));
#4174=CARTESIAN_POINT('',(0.016033104112272,0.019164588802643,0.0150645472331205));
#4175=CARTESIAN_POINT('',(0.0160546040680048,0.0192326135808408,0.0150416306332135));
#4176=CARTESIAN_POINT('',(0.0160757988844115,0.0193008123878541,0.0150189443779499));
#4177=CARTESIAN_POINT('',(0.0160113001434796,0.0190967349302386,0.0150876859629106));
#4178=CARTESIAN_POINT('',(0.0153418976676499,0.0183115445899656,0.0144431468404869));
#4179=CARTESIAN_POINT('',(0.0155650358248557,0.0185732743257446,0.0146579895219784));
#4180=CARTESIAN_POINT('',(0.0157881698154042,0.0188350044539023,0.0148728360527098));
#4181=CARTESIAN_POINT('',(0.0160113001434795,0.0190967349302386,0.0150876859629107));
#4182=CARTESIAN_POINT('',(0.020650562106959,0.0191347345465505,0.0102398461459031));
#4183=CARTESIAN_POINT('',(0.0201237309276104,0.0186465747223545,0.00997861014692868));
#4184=CARTESIAN_POINT('',(0.0190392932228602,0.0176417387520216,0.00944087779882392));
#4185=CARTESIAN_POINT('',(0.0175232386433267,0.0162369681802956,0.00868912268616365));
#4186=CARTESIAN_POINT('',(0.0165340152431418,0.0153203574327656,0.00819860357247776));
#4187=CARTESIAN_POINT('',(0.0161023983683585,0.0149204228313725,0.00798458080792224));
#4188=CARTESIAN_POINT('',(0.0205640131774105,0.0192966423508019,0.0100168952311234));
#4189=CARTESIAN_POINT('',(0.0200393900093688,0.0188043519814412,0.00976134709152842));
#4190=CARTESIAN_POINT('',(0.0189594973103197,0.0177910136310416,0.00923532272391558));
#4191=CARTESIAN_POINT('',(0.0174497966934685,0.0163743566483392,0.00849993548316175));
#4192=CARTESIAN_POINT('',(0.016464719244659,0.0154499900349975,0.00802009638200291));
#4193=CARTESIAN_POINT('',(0.0160349113268568,0.0150466714026946,0.00781073350886192));
#4194=CARTESIAN_POINT('',(0.0204304013739325,0.0195379082736338,0.0096989511936332));
#4195=CARTESIAN_POINT('',(0.0199091868716519,0.0190394627976952,0.0094515143505429));
#4196=CARTESIAN_POINT('',(0.0188363106245881,0.0180134546777157,0.00894218640506469));
#4197=CARTESIAN_POINT('',(0.0173364190766374,0.0165790852325002,0.00823014092670821));
#4198=CARTESIAN_POINT('',(0.0163577420309673,0.0156431612632232,0.00776553229144204));
#4199=CARTESIAN_POINT('',(0.0159307267300805,0.0152347999379871,0.00756281475856378));
#4200=CARTESIAN_POINT('',(0.0202415278886918,0.0198610782110348,0.00930355310956554));
#4201=CARTESIAN_POINT('',(0.0197251318722452,0.0193543881169415,0.00906620354825781));
#4202=CARTESIAN_POINT('',(0.0186621740732973,0.0183114091434161,0.00857763942453554));
#4203=CARTESIAN_POINT('',(0.0171761486133867,0.0168533142779903,0.00789462197326059));
#4204=CARTESIAN_POINT('',(0.0162065191699227,0.0159019095066578,0.00744895408329337));
#4205=CARTESIAN_POINT('',(0.0157834515089599,0.0154867936147575,0.00725450075574069));
#4206=CARTESIAN_POINT('',(0.0201057113258701,0.0200861639726175,0.00904129464315783));
#4207=CARTESIAN_POINT('',(0.0195927802223685,0.0195737315555494,0.00881063574413988));
#4208=CARTESIAN_POINT('',(0.0185369546555066,0.0185189324927984,0.00833584378641916));
#4209=CARTESIAN_POINT('',(0.0170609001262165,0.0170443130263537,0.00767207995869981));
#4210=CARTESIAN_POINT('',(0.0160977767004279,0.016082125976977,0.00723897502999841));
#4211=CARTESIAN_POINT('',(0.0156775477379996,0.0156623055732833,0.00705000315999977));
#4212=CARTESIAN_POINT('',(0.019972200991049,0.0203008872004734,0.00880325620155945));
#4213=CARTESIAN_POINT('',(0.0194626759646694,0.0197829768263997,0.00857867007054985));
#4214=CARTESIAN_POINT('',(0.0184138615212967,0.0187169018495517,0.00811637839538378));
#4215=CARTESIAN_POINT('',(0.0169476086116174,0.0172265185442712,0.00747009008564893));
#4216=CARTESIAN_POINT('',(0.0159908807283175,0.0162540456130643,0.00704838790692368));
#4217=CARTESIAN_POINT('',(0.0155734422620108,0.0158297372846317,0.0068643912723549));
#4218=CARTESIAN_POINT('',(0.0198418164023138,0.0205047327367323,0.00858847248827154));
#4219=CARTESIAN_POINT('',(0.0193356177099244,0.0199816219141809,0.00836936585735449));
#4220=CARTESIAN_POINT('',(0.0182936502455061,0.0189048422512174,0.00791835327260007));
#4221=CARTESIAN_POINT('',(0.016836969479763,0.0173994936894386,0.00728783324222018));
#4222=CARTESIAN_POINT('',(0.0158864874064093,0.0164172559502113,0.00687641984275732));
#4223=CARTESIAN_POINT('',(0.0154717741050844,0.015988687051396,0.00669691239713186));
#4224=CARTESIAN_POINT('',(0.0197153741686991,0.0206971927374553,0.00839596505561667));
#4225=CARTESIAN_POINT('',(0.019212401234074,0.0201691719309221,0.00818176961875108));
#4226=CARTESIAN_POINT('',(0.0181770737209023,0.0190822854785958,0.00774086631418643));
#4227=CARTESIAN_POINT('',(0.0167296756723233,0.0175628075258608,0.00712447915696316));
#4228=CARTESIAN_POINT('',(0.0157852505583693,0.0165713503796591,0.00672228743660548));
#4229=CARTESIAN_POINT('',(0.0153731800229619,0.0161387588792506,0.00654680358394686));
#4230=CARTESIAN_POINT('',(0.0195936871578613,0.0208777694608124,0.00822473643989226));
#4231=CARTESIAN_POINT('',(0.0190938186671297,0.0203451418330394,0.00801490933804308));
#4232=CARTESIAN_POINT('',(0.0180648813907975,0.0192487726263747,0.00758299788396956));
#4233=CARTESIAN_POINT('',(0.0166264169561847,0.017716037689787,0.00697918142219136));
#4234=CARTESIAN_POINT('',(0.0156878210123035,0.0167159303809723,0.00658519206226235));
#4235=CARTESIAN_POINT('',(0.015278293854023,0.0162795646510493,0.00641328705455766));
#4236=CARTESIAN_POINT('',(0.0194775614045813,0.0210459787603809,0.00807376911850181));
#4237=CARTESIAN_POINT('',(0.0189806554805458,0.0205090598255138,0.00786779345137675));
#4238=CARTESIAN_POINT('',(0.0179578163987662,0.0194038573238619,0.00744380985198598));
#4239=CARTESIAN_POINT('',(0.0165278773001298,0.0178587733539835,0.00685107660904553));
#4240=CARTESIAN_POINT('',(0.0155948441255288,0.0168506083189723,0.00646431903323015));
#4241=CARTESIAN_POINT('',(0.015187744108672,0.0164107268507457,0.00629556938968047));
#4242=CARTESIAN_POINT('',(0.0193677955028731,0.0212013531069275,0.00794201824835982));
#4243=CARTESIAN_POINT('',(0.0188736898948363,0.0206604703065826,0.00773940377140176));
#4244=CARTESIAN_POINT('',(0.0178566150281852,0.019547108520991,0.00732233889947592));
#4245=CARTESIAN_POINT('',(0.0164347343590045,0.0179906177918968,0.00673927810559529));
#4246=CARTESIAN_POINT('',(0.0155069592978607,0.0169750098631476,0.00635883178867273));
#4247=CARTESIAN_POINT('',(0.0151021534953312,0.0165318809196451,0.00619283586671794));
#4248=CARTESIAN_POINT('',(0.0192651744915439,0.0213434470454008,0.00782841399196675));
#4249=CARTESIAN_POINT('',(0.0187736869211248,0.0207989391855153,0.00762869775400406));
#4250=CARTESIAN_POINT('',(0.0177620010648749,0.0196781155195304,0.0072175986634654));
#4251=CARTESIAN_POINT('',(0.0163476542852502,0.0181111930082391,0.00664287809065321));
#4252=CARTESIAN_POINT('',(0.0154247950760445,0.0170887783568334,0.00626787375580369));
#4253=CARTESIAN_POINT('',(0.0150221341526697,0.0166426795115272,0.00610425227353014));
#4254=CARTESIAN_POINT('',(0.0191704679285593,0.0214718405597009,0.00773185727482462));
#4255=CARTESIAN_POINT('',(0.0186813964846365,0.0209240571615415,0.00753460436395697));
#4256=CARTESIAN_POINT('',(0.0176746840217138,0.0197964910753149,0.00712857582521123));
#4257=CARTESIAN_POINT('',(0.0162672900948871,0.0182201425941964,0.00656094393368769));
#4258=CARTESIAN_POINT('',(0.0153489676119831,0.0171915775112373,0.0061905649530318));
#4259=CARTESIAN_POINT('',(0.014948286148079,0.0167427951163454,0.00602896160025401));
#4260=CARTESIAN_POINT('',(0.0190844268056165,0.0215861423036374,0.00765121951673976));
#4261=CARTESIAN_POINT('',(0.018597550417985,0.0210354428723818,0.00745602381307896));
#4262=CARTESIAN_POINT('',(0.0175953562939529,0.0199018743771069,0.00705422986246891));
#4263=CARTESIAN_POINT('',(0.0161942790493448,0.0183171344690893,0.00649251796681739));
#4264=CARTESIAN_POINT('',(0.015280078192368,0.0172830939923275,0.00612600177482666));
#4265=CARTESIAN_POINT('',(0.0148811950717921,0.016831922579585,0.00596608382978518));
#4266=CARTESIAN_POINT('',(0.0190077792771732,0.0216859936972076,0.00758534339666078));
#4267=CARTESIAN_POINT('',(0.0185228582991618,0.0211327468860229,0.00739182830555922));
#4268=CARTESIAN_POINT('',(0.0175246892214886,0.0199939348232607,0.00699349375465395));
#4269=CARTESIAN_POINT('',(0.0161292390312873,0.0184018643563116,0.00643661813382197));
#4270=CARTESIAN_POINT('',(0.0152187098190973,0.0173630407005472,0.00607325760409158));
#4271=CARTESIAN_POINT('',(0.0148214287065691,0.0169097822963604,0.00591471653416488));
#4272=CARTESIAN_POINT('',(0.0189412303838731,0.0217710720234006,0.00753303434466142));
#4273=CARTESIAN_POINT('',(0.0184580071820172,0.0212156547185173,0.00734085374699459));
#4274=CARTESIAN_POINT('',(0.0174633328338691,0.0200723748768973,0.00694526613866619));
#4275=CARTESIAN_POINT('',(0.0160727683099236,0.0184740584111529,0.00639223077058008));
#4276=CARTESIAN_POINT('',(0.015165426987834,0.0174311592502917,0.0060313760001608));
#4277=CARTESIAN_POINT('',(0.0147695368120366,0.0169761226261673,0.00587392824040308));
#4278=CARTESIAN_POINT('',(0.0188854432422042,0.0218410986537431,0.00749309357480532));
#4279=CARTESIAN_POINT('',(0.0184036432658027,0.0212838948496808,0.0073019319345295));
#4280=CARTESIAN_POINT('',(0.0174118985076363,0.0201369376496487,0.00690844176435142));
#4281=CARTESIAN_POINT('',(0.0160254295793055,0.0185334802006676,0.00635833863543326));
#4282=CARTESIAN_POINT('',(0.0151207606273762,0.0174872265557487,0.00599939714679093));
#4283=CARTESIAN_POINT('',(0.0147260364572118,0.0170307263067997,0.00584278418805086));
#4284=CARTESIAN_POINT('',(0.018841080282098,0.0218958281438192,0.00746422412461156));
#4285=CARTESIAN_POINT('',(0.0183604120807286,0.0213372280968048,0.00727379899341544));
#4286=CARTESIAN_POINT('',(0.0173709969863449,0.0201873968480037,0.00688182486527745));
#4287=CARTESIAN_POINT('',(0.0159877849509007,0.0185799214505699,0.00633384117804559));
#4288=CARTESIAN_POINT('',(0.015085241116826,0.0175310461001505,0.00597628262200985));
#4289=CARTESIAN_POINT('',(0.0146914441757654,0.0170734019515177,0.00582027306291598));
#4290=CARTESIAN_POINT('',(0.0187969893505501,0.0219492616742944,0.00743843413263822));
#4291=CARTESIAN_POINT('',(0.0183174459842988,0.0213892984464749,0.00724866694827261));
#4292=CARTESIAN_POINT('',(0.017330346268468,0.0202366612045563,0.00685804714838759));
#4293=CARTESIAN_POINT('',(0.0159503711550186,0.0186252630011399,0.00631195682537674));
#4294=CARTESIAN_POINT('',(0.0150499394078206,0.0175738280255429,0.00595563368673151));
#4295=CARTESIAN_POINT('',(0.0146570640102019,0.017115067064045,0.00580016316360571));
#4296=CARTESIAN_POINT('',(0.0187429704563312,0.0220132546794096,0.00741128620425468));
#4297=CARTESIAN_POINT('',(0.0182648052045157,0.0214516588805162,0.00722221161000131));
#4298=CARTESIAN_POINT('',(0.0172805422214265,0.0202956611282528,0.00683301744865301));
#4299=CARTESIAN_POINT('',(0.0159045328882565,0.0186795648983148,0.00628892018234143));
#4300=CARTESIAN_POINT('',(0.015006688806902,0.0176250644672702,0.00593389751028323));
#4301=CARTESIAN_POINT('',(0.0146149424568212,0.0171649659895956,0.00577899440531994));
#4302=CARTESIAN_POINT('',(0.0186566502701475,0.0221181533527145,0.00735992546996824));
#4303=CARTESIAN_POINT('',(0.0181806871940042,0.0215538814091486,0.00717216117594187));
#4304=CARTESIAN_POINT('',(0.0172009572044526,0.0203923750379952,0.00678566415748563));
#4305=CARTESIAN_POINT('',(0.0158312850408421,0.0187685777046574,0.00624533752347064));
#4306=CARTESIAN_POINT('',(0.0149375759533748,0.0177090523148855,0.00589277518348203));
#4307=CARTESIAN_POINT('',(0.0145476337793159,0.017246761352701,0.00573894556792327));
#4308=CARTESIAN_POINT('',(0.018550383478524,0.0222514794713918,0.00728404005874735));
#4309=CARTESIAN_POINT('',(0.0180771314500929,0.0216838061503729,0.00709821173142647));
#4310=CARTESIAN_POINT('',(0.0171029819244049,0.0205152983296042,0.00671569973772366));
#4311=CARTESIAN_POINT('',(0.015741111304174,0.0188817129008263,0.00618094420751715));
#4312=CARTESIAN_POINT('',(0.0148524927123743,0.0178158007930674,0.00583201700463151));
#4313=CARTESIAN_POINT('',(0.0144647716178315,0.0173507231850583,0.00567977346812779));
#4314=CARTESIAN_POINT('',(0.0184369086393091,0.0224027024941672,0.00717625034147493));
#4315=CARTESIAN_POINT('',(0.0179665515482198,0.0218311712150443,0.00699317191430583));
#4316=CARTESIAN_POINT('',(0.0169983610077422,0.0206547221117635,0.00661632035894796));
#4317=CARTESIAN_POINT('',(0.015644821107458,0.0190100346919105,0.00608947817723293));
#4318=CARTESIAN_POINT('',(0.0147616382982632,0.0179368785511804,0.005745714422687));
#4319=CARTESIAN_POINT('',(0.0143762889384566,0.0174686402346081,0.00559572379632984));
#4320=CARTESIAN_POINT('',(0.0183387287431994,0.0225450424410701,0.00704823424609567));
#4321=CARTESIAN_POINT('',(0.0178708763892784,0.0219698798263105,0.00686842172859794));
#4322=CARTESIAN_POINT('',(0.0169078416397492,0.0207859559238202,0.00649829277381263));
#4323=CARTESIAN_POINT('',(0.0155615095859316,0.019130818661138,0.00598084885383249));
#4324=CARTESIAN_POINT('',(0.014683029886035,0.0180508440132153,0.00564321745135008));
#4325=CARTESIAN_POINT('',(0.0142997325817466,0.0175796306530234,0.00549590248615524));
#4326=CARTESIAN_POINT('',(0.0182573115666583,0.0226806788134275,0.006888887486952));
#4327=CARTESIAN_POINT('',(0.0177915363042428,0.02210205588269,0.00671314017797547));
#4328=CARTESIAN_POINT('',(0.0168327770730069,0.0209110092105841,0.00635137911326746));
#4329=CARTESIAN_POINT('',(0.0154924222358243,0.0192459142459081,0.00584563358593553));
#4330=CARTESIAN_POINT('',(0.0146178426610572,0.0181594422119697,0.00551563536758012));
#4331=CARTESIAN_POINT('',(0.0142362470551105,0.0176853939193996,0.00537165090495621));
#4332=CARTESIAN_POINT('',(0.0182028679750992,0.022804608746436,0.00668190401362756));
#4333=CARTESIAN_POINT('',(0.0177384816618755,0.022222824151022,0.00651143720727331));
#4334=CARTESIAN_POINT('',(0.0167825814658157,0.0210252694579041,0.00616054561340925));
#4335=CARTESIAN_POINT('',(0.0154462235879353,0.0193510762158299,0.00566999571324699));
#4336=CARTESIAN_POINT('',(0.0145742520232786,0.0182586675691697,0.00534991261943897));
#4337=CARTESIAN_POINT('',(0.014193794341458,0.0177820290202133,0.00521025431314075));
#4338=CARTESIAN_POINT('',(0.0181975869279252,0.0228881003186312,0.00644582744115213));
#4339=CARTESIAN_POINT('',(0.0177333353432525,0.0223041857103286,0.00628138335216748));
#4340=CARTESIAN_POINT('',(0.0167777124745916,0.0211022465646981,0.00594288901582478));
#4341=CARTESIAN_POINT('',(0.0154417423031432,0.0194219238148786,0.00546967060363694));
#4342=CARTESIAN_POINT('',(0.0145700237163675,0.0183255156733617,0.00516089628043374));
#4343=CARTESIAN_POINT('',(0.0141896764135799,0.0178471320691728,0.0050261722045886));
#4344=CARTESIAN_POINT('',(0.0182829974609081,0.02291231083968,0.00610979131008724));
#4345=CARTESIAN_POINT('',(0.0178165669073731,0.0223277785795532,0.00595392007787598));
#4346=CARTESIAN_POINT('',(0.0168564588144423,0.0211245680495535,0.0056330722466888));
#4347=CARTESIAN_POINT('',(0.0155142182553406,0.0194424678918785,0.00518452382230813));
#4348=CARTESIAN_POINT('',(0.0146384082497739,0.0183448999943304,0.00489184663013871));
#4349=CARTESIAN_POINT('',(0.0142562757836029,0.0178660103666551,0.0047641460369452));
#4350=CARTESIAN_POINT('',(0.0183825008806427,0.02291231083968,0.00580355127327757));
#4351=CARTESIAN_POINT('',(0.0179135318245867,0.0223277785795532,0.00565549274848417));
#4352=CARTESIAN_POINT('',(0.0169481984375669,0.0211245680495535,0.00535072671889157));
#4353=CARTESIAN_POINT('',(0.0155986528659244,0.0194424678918785,0.00492466081134685));
#4354=CARTESIAN_POINT('',(0.0147180763503377,0.0183448999943304,0.00464665342859553));
#4355=CARTESIAN_POINT('',(0.0143338641657148,0.0178660103666551,0.00452535355064341));
#4356=CARTESIAN_POINT('',(0.0185109193900382,0.0228881003186312,0.00548148928084427));
#4357=CARTESIAN_POINT('',(0.0180386741580407,0.0223041857103286,0.00534164710863335));
#4358=CARTESIAN_POINT('',(0.0170665970381939,0.0211022465646981,0.00505379375028198));
#4359=CARTESIAN_POINT('',(0.0157076236617169,0.0194219238148786,0.00465137192351304));
#4360=CARTESIAN_POINT('',(0.0148208955172374,0.0183255156733617,0.00438879226895503));
#4361=CARTESIAN_POINT('',(0.014433999260607,0.0178471320691728,0.00427422380053746));
#4362=CARTESIAN_POINT('',(0.0186539541746629,0.022804608746436,0.00529360344338341));
#4363=CARTESIAN_POINT('',(0.0181780598805294,0.022222824151022,0.00515855456042145));
#4364=CARTESIAN_POINT('',(0.017198471472964,0.0210252694579041,0.00488056778513334));
#4365=CARTESIAN_POINT('',(0.0158289972423629,0.0193510762158299,0.00449193953855057));
#4366=CARTESIAN_POINT('',(0.0149354173058955,0.0182586675691697,0.00423836017492978));
#4367=CARTESIAN_POINT('',(0.0145455314828599,0.0177820290202133,0.00412771870363513));
#4368=CARTESIAN_POINT('',(0.0188196617985574,0.0226806788134275,0.00515815143610946));
#4369=CARTESIAN_POINT('',(0.0183395400193573,0.02210205588269,0.00502655816565662));
#4370=CARTESIAN_POINT('',(0.0173512496890846,0.0209110092105841,0.00475568447828888));
#4371=CARTESIAN_POINT('',(0.0159696100849327,0.0192459142459081,0.00437700039859472));
#4372=CARTESIAN_POINT('',(0.0150680922599808,0.0181594422119697,0.00412990958935338));
#4373=CARTESIAN_POINT('',(0.0146747429861015,0.0176853939193996,0.00402209919702694));
#4374=CARTESIAN_POINT('',(0.0189791913530385,0.0225450424410701,0.00507709301561782));
#4375=CARTESIAN_POINT('',(0.0184949997018953,0.0219698798263105,0.00494756768418972));
#4376=CARTESIAN_POINT('',(0.0174983318822833,0.0207859559238202,0.00468095067550285));
#4377=CARTESIAN_POINT('',(0.0161049804656204,0.019130818661138,0.00430821747448014));
#4378=CARTESIAN_POINT('',(0.0151958207001007,0.0180508440132153,0.00406500960488553));
#4379=CARTESIAN_POINT('',(0.0147991371030497,0.0175796306530234,0.0039588934125497));
#4380=CARTESIAN_POINT('',(0.0191338665304171,0.0224027024941672,0.00503123451390734));
#4381=CARTESIAN_POINT('',(0.0186457288507982,0.0218311712150443,0.00490287911133706));
#4382=CARTESIAN_POINT('',(0.017640938463216,0.0206547221117635,0.00463867030287644));
#4383=CARTESIAN_POINT('',(0.0162362316166238,0.0190100346919105,0.00426930378946102));
#4384=CARTESIAN_POINT('',(0.0153196624496506,0.0179368785511804,0.00402829267861585));
#4385=CARTESIAN_POINT('',(0.0149197459906406,0.0174686402346081,0.00392313497366104));
#4386=CARTESIAN_POINT('',(0.0192890268099374,0.0222514794713918,0.00501072963781185));
#4387=CARTESIAN_POINT('',(0.0187969307260569,0.0216838061503729,0.00488289734972145));
#4388=CARTESIAN_POINT('',(0.0177839922959895,0.0205152983296042,0.00461976532845209));
#4389=CARTESIAN_POINT('',(0.0163678944058455,0.0188817129008263,0.00425190417412308));
#4390=CARTESIAN_POINT('',(0.0154438925995821,0.0178158007930674,0.00401187530788445));
#4391=CARTESIAN_POINT('',(0.0150407331395057,0.0173507231850583,0.00390714617482479));
#4392=CARTESIAN_POINT('',(0.0194196027758783,0.0221181533527145,0.00501179910343375));
#4393=CARTESIAN_POINT('',(0.0189241754756477,0.0215538814091486,0.00488393953144513));
#4394=CARTESIAN_POINT('',(0.017904380016698,0.0203923750379952,0.00462075134856437));
#4395=CARTESIAN_POINT('',(0.0164786959327199,0.0187685777046574,0.00425281167975011));
#4396=CARTESIAN_POINT('',(0.0155484391489726,0.0177090523148855,0.00401273158292448));
#4397=CARTESIAN_POINT('',(0.0151425505239441,0.017246761352701,0.00390798009699098));
#4398=CARTESIAN_POINT('',(0.0195196263556191,0.0220132546794096,0.00502098512896635));
#4399=CARTESIAN_POINT('',(0.0190216472826955,0.0214516588805162,0.00489289120574604));
#4400=CARTESIAN_POINT('',(0.0179965992141233,0.0202956611282528,0.00462922063055109));
#4401=CARTESIAN_POINT('',(0.0165635719302196,0.0186795648983148,0.00426060657253598));
#4402=CARTESIAN_POINT('',(0.0156285237192395,0.0176250644672702,0.00402008643774118));
#4403=CARTESIAN_POINT('',(0.015220544503908,0.0171649659895956,0.00391514295492104));
#4404=CARTESIAN_POINT('',(0.0195792857109936,0.0219492616742944,0.00503077350290903));
#4405=CARTESIAN_POINT('',(0.0190797846258174,0.0213892984464749,0.00490242986151827));
#4406=CARTESIAN_POINT('',(0.0180516036229417,0.0202366612045563,0.00463824526245719));
#4407=CARTESIAN_POINT('',(0.0166141964660613,0.0186252630011399,0.00426891259402049));
#4408=CARTESIAN_POINT('',(0.0156762903943571,0.0175738280255429,0.00402792356697454));
#4409=CARTESIAN_POINT('',(0.0152670642403523,0.017115067064045,0.00392277549759891));
#4410=CARTESIAN_POINT('',(0.0196301150008524,0.0218958281438192,0.00503582496044149));
#4411=CARTESIAN_POINT('',(0.0191293171735059,0.0213372280968048,0.00490735244772434));
#4412=CARTESIAN_POINT('',(0.0180984669358587,0.0201873968480037,0.004642902577869));
#4413=CARTESIAN_POINT('',(0.0166573281625087,0.0185799214505699,0.00427319905825228));
#4414=CARTESIAN_POINT('',(0.0157169872165051,0.0175310461001505,0.0040319680513527));
#4415=CARTESIAN_POINT('',(0.0153066986808022,0.0170734019515177,0.00392671440159131));
#4416=CARTESIAN_POINT('',(0.0196829744265648,0.0218410986537431,0.00503854497831495));
#4417=CARTESIAN_POINT('',(0.0191808280648083,0.0212838948496808,0.00491000307328699));
#4418=CARTESIAN_POINT('',(0.0181472019824167,0.0201369376496487,0.00464541036519198));
#4419=CARTESIAN_POINT('',(0.0167021825508062,0.0185334802006676,0.00427550715631101));
#4420=CARTESIAN_POINT('',(0.0157593094809522,0.0174872265557487,0.00403414585245799));
#4421=CARTESIAN_POINT('',(0.0153479161317333,0.0170307263067997,0.00392883535167203));
#4422=CARTESIAN_POINT('',(0.0197515837677291,0.0217710720234006,0.00503902307587349));
#4423=CARTESIAN_POINT('',(0.0192476870642661,0.0212156547185173,0.00491046897375863));
#4424=CARTESIAN_POINT('',(0.0182104580505803,0.0200723748768973,0.00464585115898534));
#4425=CARTESIAN_POINT('',(0.0167604016855764,0.0184740584111529,0.00427591285072115));
#4426=CARTESIAN_POINT('',(0.0158142420240355,0.0174311592502917,0.00403452864457181));
#4427=CARTESIAN_POINT('',(0.0154014146727172,0.0169761226261673,0.00392920815108091));
#4428=CARTESIAN_POINT('',(0.0198361694426924,0.0216859936972076,0.00503582062188452));
#4429=CARTESIAN_POINT('',(0.0193301148139067,0.0211327468860229,0.00490734821985138));
#4430=CARTESIAN_POINT('',(0.0182884438923089,0.0199939348232607,0.00464289857782979));
#4431=CARTESIAN_POINT('',(0.016832177696346,0.0184018643563116,0.00427319537672687));
#4432=CARTESIAN_POINT('',(0.0158819661291687,0.0173630407005472,0.00403196457765708));
#4433=CARTESIAN_POINT('',(0.0154673708548037,0.0169097822963604,0.00392671101857576));
#4434=CARTESIAN_POINT('',(0.0199368996076405,0.0215861423036374,0.00502757800806077));
#4435=CARTESIAN_POINT('',(0.0194282751799641,0.0210354428723818,0.00489931588921215));
#4436=CARTESIAN_POINT('',(0.0183813145433304,0.0199018743771069,0.00463529909745243));
#4437=CARTESIAN_POINT('',(0.0169176532737092,0.0183171344690893,0.00426620102527385));
#4438=CARTESIAN_POINT('',(0.0159626164317644,0.0172830939923275,0.00402536507194391));
#4439=CARTESIAN_POINT('',(0.0155459157987768,0.016831922579585,0.00392028379152504));
#4440=CARTESIAN_POINT('',(0.0200539060232965,0.0214718405597009,0.00501291439453828));
#4441=CARTESIAN_POINT('',(0.0195422965617198,0.0209240571615415,0.00488502636956494));
#4442=CARTESIAN_POINT('',(0.0184891914836816,0.0197964910753149,0.00462177961860651));
#4443=CARTESIAN_POINT('',(0.0170169402245303,0.0182201425941964,0.00425375807104349));
#4444=CARTESIAN_POINT('',(0.0160562984269557,0.0171915775112373,0.00401362454845381));
#4445=CARTESIAN_POINT('',(0.0156371522458425,0.0167427951163454,0.00390884975184922));
#4446=CARTESIAN_POINT('',(0.0201872798565758,0.0213434470454008,0.00499046549046688));
#4447=CARTESIAN_POINT('',(0.0196722678002649,0.0207989391855153,0.00486315017545398));
#4448=CARTESIAN_POINT('',(0.0186121587669405,0.0196781155195304,0.00460108229981522));
#4449=CARTESIAN_POINT('',(0.0171301159093966,0.0181111930082392,0.00423470883154645));
#4450=CARTESIAN_POINT('',(0.0161630851081634,0.0170887783568335,0.00399565067829058));
#4451=CARTESIAN_POINT('',(0.0157411512839439,0.0166426795115272,0.00389134508566056));
#4452=CARTESIAN_POINT('',(0.0203370769052266,0.0212013531069275,0.00495887683344628));
#4453=CARTESIAN_POINT('',(0.019818243269852,0.0206604703065826,0.0048323673991327));
#4454=CARTESIAN_POINT('',(0.0187502678372123,0.019547108520991,0.00457195836118262));
#4455=CARTESIAN_POINT('',(0.017257227676039,0.0179906177918968,0.00420790396432166));
#4456=CARTESIAN_POINT('',(0.0162830211502403,0.0169750098631476,0.00397035900177427));
#4457=CARTESIAN_POINT('',(0.0158579564217066,0.0165318809196451,0.00386671364286338));
#4458=CARTESIAN_POINT('',(0.0205033206035576,0.0210459787603809,0.00491680691870635));
#4459=CARTESIAN_POINT('',(0.0199802458069401,0.0205090598255138,0.00479137075991344));
#4460=CARTESIAN_POINT('',(0.0189035403003338,0.0194038573238619,0.00453317096941839));
#4461=CARTESIAN_POINT('',(0.0173982954098718,0.0178587733539835,0.00417220512223329));
#4462=CARTESIAN_POINT('',(0.0164161253160273,0.0168506083189723,0.00393667543384111));
#4463=CARTESIAN_POINT('',(0.0159875859321717,0.0164107268507457,0.00383390937715107));
#4464=CARTESIAN_POINT('',(0.0206860046765371,0.0208777694608124,0.00486292879529554));
#4465=CARTESIAN_POINT('',(0.0201582692965845,0.0203451418330394,0.00473886715963428));
#4466=CARTESIAN_POINT('',(0.0190719703708852,0.0192487726263747,0.00448349670948287));
#4467=CARTESIAN_POINT('',(0.0175533137861549,0.017716037689787,0.00412648630793217));
#4468=CARTESIAN_POINT('',(0.0165623925813772,0.0167159303809723,0.00389353754204272));
#4469=CARTESIAN_POINT('',(0.0161300349223461,0.0162795646510493,0.00379189759064343));
#4470=CARTESIAN_POINT('',(0.0208850971913929,0.0206971927374553,0.00479592776561721));
#4471=CARTESIAN_POINT('',(0.0203522826206726,0.0201691719309221,0.00467357544088415));
#4472=CARTESIAN_POINT('',(0.0192555286076626,0.0190822854785958,0.00442172346361807));
#4473=CARTESIAN_POINT('',(0.0177222557080187,0.0175628075258608,0.00406963192177449));
#4474=CARTESIAN_POINT('',(0.0167217973790951,0.0165713503796591,0.00383989270466396));
#4475=CARTESIAN_POINT('',(0.0162852784924611,0.0161387588792506,0.00373965314008645));
#4476=CARTESIAN_POINT('',(0.021100544137065,0.0205047327367323,0.00471450686124157));
#4477=CARTESIAN_POINT('',(0.0205622331460591,0.0199816219141809,0.00459423172311746));
#4478=CARTESIAN_POINT('',(0.019454165213842,0.0189048422512174,0.00434665545990713));
#4479=CARTESIAN_POINT('',(0.0179050753438444,0.0173994936894386,0.00400054140837635));
#4480=CARTESIAN_POINT('',(0.0168942964648528,0.0164172559502113,0.00377470249496968));
#4481=CARTESIAN_POINT('',(0.0164532745270723,0.015988687051396,0.00367616470664924));
#4482=CARTESIAN_POINT('',(0.0213322741842597,0.0203008872004734,0.00461738132546146));
#4483=CARTESIAN_POINT('',(0.0207880513631824,0.0197829768263997,0.00449958402596929));
#4484=CARTESIAN_POINT('',(0.0196678144256278,0.0187169018495517,0.00425710818533092));
#4485=CARTESIAN_POINT('',(0.0181017121664543,0.0172265185442712,0.0039181245747318));
#4486=CARTESIAN_POINT('',(0.0170798327283581,0.0162540456130643,0.00369693826362484));
#4487=CARTESIAN_POINT('',(0.0166339674067391,0.0158297372846317,0.00360043049366409));
#4488=CARTESIAN_POINT('',(0.0215802017995048,0.0200861639726175,0.00450327958673032));
#4489=CARTESIAN_POINT('',(0.0210296539206758,0.0195737315555494,0.00438839321785932));
#4490=CARTESIAN_POINT('',(0.0198963973833337,0.0185189324927984,0.00415190928325317));
#4491=CARTESIAN_POINT('',(0.0183120935955752,0.0170443130263537,0.00382130241623324));
#4492=CARTESIAN_POINT('',(0.0172783376866458,0.016082125976977,0.0036055819180843));
#4493=CARTESIAN_POINT('',(0.0168272904362294,0.0156623055732833,0.00351145898567051));
#4494=CARTESIAN_POINT('',(0.0218442313657885,0.0198610782110348,0.00437093900313143));
#4495=CARTESIAN_POINT('',(0.0212869476408809,0.0193543881169415,0.00425942886902692));
#4496=CARTESIAN_POINT('',(0.0201398259305055,0.0183114091434161,0.0040298946299293));
#4497=CARTESIAN_POINT('',(0.0185361384944462,0.0168533142779903,0.0037090035055988));
#4498=CARTESIAN_POINT('',(0.0174897347832944,0.0159019095066578,0.00349962251537279));
#4499=CARTESIAN_POINT('',(0.0170331690576105,0.0154867936147575,0.0034082656301399));
#4500=CARTESIAN_POINT('',(0.0222294423877348,0.0195379082736338,0.00416207228275097));
#4501=CARTESIAN_POINT('',(0.0216623312704328,0.0190394627976952,0.00405589069612399));
#4502=CARTESIAN_POINT('',(0.0204949806987644,0.0180134546777157,0.00383732482416693));
#4503=CARTESIAN_POINT('',(0.0188630131156135,0.0165790852325002,0.00353176758500163));
#4504=CARTESIAN_POINT('',(0.0177981566497646,0.0156431612632232,0.00333239193246329));
#4505=CARTESIAN_POINT('',(0.017333539638282,0.0152347999379871,0.00324540056525504));
#4506=CARTESIAN_POINT('',(0.0225244194236886,0.0192966423508019,0.00398338520077776));
#4507=CARTESIAN_POINT('',(0.0219497829373953,0.0188043519814412,0.00388176222740513));
#4508=CARTESIAN_POINT('',(0.0207669420261339,0.0177910136310416,0.00367257987769991));
#4509=CARTESIAN_POINT('',(0.0191133187958437,0.0163743566483392,0.00338014089495425));
#4510=CARTESIAN_POINT('',(0.0180343320518469,0.0154499900349975,0.00318932488558122));
#4511=CARTESIAN_POINT('',(0.0175635497328182,0.0150466714026946,0.00310606825254079));
#4512=CARTESIAN_POINT('',(0.0227254862382309,0.0191347345465505,0.0038538863061999));
#4513=CARTESIAN_POINT('',(0.0221457201934063,0.0186465747223545,0.00375556707124375));
#4514=CARTESIAN_POINT('',(0.0209523205170258,0.0176417387520216,0.00355318518940357));
#4515=CARTESIAN_POINT('',(0.0192839360292261,0.0162369681802956,0.00327025332763373));
#4516=CARTESIAN_POINT('',(0.0181953175862509,0.0153203574327656,0.00308564070082002));
#4517=CARTESIAN_POINT('',(0.0177203327748316,0.0149204228313725,0.00300509072089034));
#4518=CARTESIAN_POINT('',(0.0207024924374399,0.0183115445899657,0.0039223872295556));
#4519=CARTESIAN_POINT('',(0.0201777568331509,0.0183115445899657,0.00402786285974867));
#4520=CARTESIAN_POINT('',(0.0193871975426663,0.0183115445899656,0.00415826519302517));
#4521=CARTESIAN_POINT('',(0.0183224853169433,0.0183115445899657,0.00426140923680727));
#4522=CARTESIAN_POINT('',(0.0175200486977773,0.0183115445899656,0.00428875508232223));
#4523=CARTESIAN_POINT('',(0.0167213825423306,0.0183115445899657,0.00427631938127733));
#4524=CARTESIAN_POINT('',(0.0160641196367293,0.0183115445899656,0.00413029817614018));
#4525=CARTESIAN_POINT('',(0.0155314869837074,0.0183115445899657,0.00410658914771881));
#4526=CARTESIAN_POINT('',(0.0151382895681144,0.0183115445899656,0.00416234435780666));
#4527=CARTESIAN_POINT('',(0.0147726218370089,0.0183115445899655,0.00437545276230845));
#4528=CARTESIAN_POINT('',(0.0146548726716149,0.0183115445899643,0.00476906710852323));
#4529=CARTESIAN_POINT('',(0.0145227997094036,0.0183115445899665,0.00515778052424374));
#4530=CARTESIAN_POINT('',(0.0147025260459382,0.0183115445899636,0.0055411716233118));
#4531=CARTESIAN_POINT('',(0.0149900513371976,0.0183115445899662,0.00581552945746787));
#4532=CARTESIAN_POINT('',(0.015433316504376,0.0183115445899653,0.00610487095381849));
#4533=CARTESIAN_POINT('',(0.0160507345932402,0.0183115445899658,0.006374685215366));
#4534=CARTESIAN_POINT('',(0.0167009830898697,0.0183115445899656,0.00683300541741506));
#4535=CARTESIAN_POINT('',(0.0173300523575711,0.0183115445899657,0.00732391340310342));
#4536=CARTESIAN_POINT('',(0.0181307004433243,0.0183115445899656,0.00803326780128352));
#4537=CARTESIAN_POINT('',(0.0186923939243368,0.0183115445899656,0.00860236841651846));
#4538=CARTESIAN_POINT('',(0.0190541895751151,0.0183115445899656,0.00899534181318765));
#4539=CARTESIAN_POINT('',(0.02070249243744,0.0183115445899656,0.00392238722955561));
#4540=CARTESIAN_POINT('',(0.0190541895751151,0.0183115445899656,0.00899534181318765));
#4541=CARTESIAN_POINT('',(0.0216174004441526,0.0190967349302385,0.00408509461789392));
#4542=CARTESIAN_POINT('',(0.0213124304992629,0.0188350044538031,0.00403086399917236));
#4543=CARTESIAN_POINT('',(0.0210074611357855,0.0185732743256423,0.00397662843106545));
#4544=CARTESIAN_POINT('',(0.0207024924374362,0.0183115445899695,0.00392238722955808));
#4545=CARTESIAN_POINT('',(0.0216174004441527,0.0190967349302385,0.00408509461789389));
#4546=CARTESIAN_POINT('',(0.0215996987424072,0.0193008123878561,0.00417768048529007));
#4547=CARTESIAN_POINT('',(0.0216055943079454,0.0192326135808412,0.00414719887234998));
#4548=CARTESIAN_POINT('',(0.0216114968698217,0.0191645888026444,0.00411633500331994));
#4549=CARTESIAN_POINT('',(0.0216174004441527,0.0190967349302385,0.00408509461789389));
#4550=CARTESIAN_POINT('',(0.0215996987424081,0.0193008123878541,0.00417768048529476));
#4551=CARTESIAN_POINT('',(0.0199301023340285,0.0193008123878541,0.0093161698650867));
#4552=CARTESIAN_POINT('',(0.0197835401614651,0.0195702205982186,0.00899350705686565));
#4553=CARTESIAN_POINT('',(0.0195394026877065,0.019981415226991,0.00853173212401735));
#4554=CARTESIAN_POINT('',(0.0191538375133153,0.0205520008019108,0.00797901192509688));
#4555=CARTESIAN_POINT('',(0.0188288337966327,0.0209966475116261,0.0075991392195192));
#4556=CARTESIAN_POINT('',(0.0184531753075968,0.0214598628653901,0.00729003557380591));
#4557=CARTESIAN_POINT('',(0.0180300917677426,0.0219328522393397,0.00707383398421949));
#4558=CARTESIAN_POINT('',(0.0178029012536729,0.0222974295047681,0.00665212216985808));
#4559=CARTESIAN_POINT('',(0.0178254669441816,0.0224256349215792,0.00620982336140487));
#4560=CARTESIAN_POINT('',(0.0179677063447883,0.0224290115667115,0.00577969570020839));
#4561=CARTESIAN_POINT('',(0.018144853860631,0.0224265741287697,0.00520854374463896));
#4562=CARTESIAN_POINT('',(0.0186645041527297,0.022007388391155,0.00488736964570663));
#4563=CARTESIAN_POINT('',(0.0191487558037958,0.0215277174588031,0.00492941901472056));
#4564=CARTESIAN_POINT('',(0.0196414939650362,0.0210494434331502,0.0049336413889292));
#4565=CARTESIAN_POINT('',(0.0201376384031844,0.0205957163770437,0.00481652015208532));
#4566=CARTESIAN_POINT('',(0.0208030028980493,0.0199982632001426,0.00459338359826663));
#4567=CARTESIAN_POINT('',(0.0212849521493623,0.0195759184491153,0.00435627198956814));
#4568=CARTESIAN_POINT('',(0.021599698742406,0.0193008123878579,0.00417768048528535));
#4569=CARTESIAN_POINT('',(0.0199301023340285,0.0193008123878541,0.00931616986508671));
#4570=CARTESIAN_POINT('',(0.0198900027041455,0.0190967349302386,0.00940147820446789));
#4571=CARTESIAN_POINT('',(0.0199035892500132,0.019164588802643,0.00937273416782047));
#4572=CARTESIAN_POINT('',(0.0199169553041884,0.0192326135808408,0.00934429533444782));
#4573=CARTESIAN_POINT('',(0.0199301023340285,0.0193008123878541,0.00931616986508671));
#4574=CARTESIAN_POINT('',(0.0198900027041455,0.0190967349302386,0.00940147820446788));
#4575=CARTESIAN_POINT('',(0.0190541895751151,0.0183115445899656,0.00899534181318765));
#4576=CARTESIAN_POINT('',(0.0193327966132578,0.0185732743257446,0.00913071586272837));
#4577=CARTESIAN_POINT('',(0.0196114008781543,0.0188350044539023,0.0092660948606817));
#4578=CARTESIAN_POINT('',(0.0198900027041455,0.0190967349302386,0.00940147820446789));
#4579=CARTESIAN_POINT('',(0.0228041381358498,0.0191347345465503,0.00335729776847525));
#4580=CARTESIAN_POINT('',(0.0222223655465173,0.0186465747223544,0.0032716473569451));
#4581=CARTESIAN_POINT('',(0.021024835566909,0.0176417387520216,0.00309534318336616));
#4582=CARTESIAN_POINT('',(0.0193506768745644,0.0162369681802956,0.00284886821428823));
#4583=CARTESIAN_POINT('',(0.0182582907715522,0.0153203574327656,0.00268804365674046));
#4584=CARTESIAN_POINT('',(0.0177816620588158,0.0149204228313725,0.00261787286124149));
#4585=CARTESIAN_POINT('',(0.0226529295908459,0.0192966423508017,0.00317200393823554));
#4586=CARTESIAN_POINT('',(0.0220750145902648,0.0188043519814411,0.00309108068941435));
#4587=CARTESIAN_POINT('',(0.020885425132887,0.0177910136310416,0.00292450698297372));
#4588=CARTESIAN_POINT('',(0.0192223673687364,0.0163743566483392,0.00269163530267986));
#4589=CARTESIAN_POINT('',(0.018137224605167,0.0154499900349975,0.00253968687120719));
#4590=CARTESIAN_POINT('',(0.0176637562983943,0.0150466714026946,0.00247338889735396));
#4591=CARTESIAN_POINT('',(0.0224276071036496,0.0195379082736336,0.00291090950748707));
#4592=CARTESIAN_POINT('',(0.0218554404653187,0.019039462797695,0.00283664722441394));
#4593=CARTESIAN_POINT('',(0.0206776835285076,0.0180134546777157,0.00268378455613961));
#4594=CARTESIAN_POINT('',(0.0190311677445132,0.0165790852325002,0.0024700810420863));
#4595=CARTESIAN_POINT('',(0.0179568185988496,0.0156431612632232,0.00233063981110612));
#4596=CARTESIAN_POINT('',(0.0174880597516663,0.0152347999379871,0.00226979896532714));
#4597=CARTESIAN_POINT('',(0.0221257930172358,0.0198610782110346,0.00259322869983011));
#4598=CARTESIAN_POINT('',(0.021561326172754,0.0193543881169414,0.00252707099781813));
#4599=CARTESIAN_POINT('',(0.0203994186144458,0.0183114091434161,0.00239089092850233));
#4600=CARTESIAN_POINT('',(0.0187750604175187,0.0168533142779903,0.00220050985191022));
#4601=CARTESIAN_POINT('',(0.0177151690650735,0.0159019095066578,0.00207628647733008));
#4602=CARTESIAN_POINT('',(0.0172527184264547,0.0154867936147575,0.00202208547005378));
#4603=CARTESIAN_POINT('',(0.0219155814671047,0.0200861639726173,0.00238577570242898));
#4604=CARTESIAN_POINT('',(0.0213564774790088,0.0195737315555493,0.00232491048140199));
#4605=CARTESIAN_POINT('',(0.0202056089098456,0.0185189324927984,0.00219962453938307));
#4606=CARTESIAN_POINT('',(0.0185966833283406,0.0170443130263537,0.00202447355992434));
#4607=CARTESIAN_POINT('',(0.0175468617349316,0.016082125976977,0.0019101878014926));
#4608=CARTESIAN_POINT('',(0.0170888047225899,0.0156623055732832,0.0018603227640528));
#4609=CARTESIAN_POINT('',(0.0217150476694119,0.0203008872004733,0.00220064465380252));
#4610=CARTESIAN_POINT('',(0.0211610596416754,0.0197829768263996,0.00214450244264696));
#4611=CARTESIAN_POINT('',(0.020020721846937,0.0187169018495517,0.00202893841949932));
#4612=CARTESIAN_POINT('',(0.0184265183916759,0.0172265185442712,0.00186737877826327));
#4613=CARTESIAN_POINT('',(0.0173863029641513,0.0162540456130643,0.00176196134818277));
#4614=CARTESIAN_POINT('',(0.0169324373036284,0.0158297372846317,0.00171596573009435));
#4615=CARTESIAN_POINT('',(0.0215246727391499,0.0205047327367321,0.00203666425740974));
#4616=CARTESIAN_POINT('',(0.0209755415016794,0.0199816219141808,0.00198470546679133));
#4617=CARTESIAN_POINT('',(0.0198452010015108,0.0189048422512173,0.00187775266322053));
#4618=CARTESIAN_POINT('',(0.0182649738624079,0.0173994936894386,0.00172823159166686));
#4619=CARTESIAN_POINT('',(0.0172338779607755,0.0164172559502113,0.00163066931073161));
#4620=CARTESIAN_POINT('',(0.0167839913218411,0.015988687051396,0.00158810104274873));
#4621=CARTESIAN_POINT('',(0.0213449309607019,0.0206971927374551,0.00189265160814175));
#4622=CARTESIAN_POINT('',(0.0208003852435977,0.020169171930922,0.00184436682665984));
#4623=CARTESIAN_POINT('',(0.0196794836517096,0.0190822854785957,0.00174497666211157));
#4624=CARTESIAN_POINT('',(0.0181124521992393,0.0175628075258608,0.0016060282343098));
#4625=CARTESIAN_POINT('',(0.0170899664638731,0.0165713503796591,0.00151536458798995));
#4626=CARTESIAN_POINT('',(0.0166438366032908,0.0161387588792506,0.00147580632473645));
#4627=CARTESIAN_POINT('',(0.0211762871839141,0.0208777694608122,0.00176740687172442));
#4628=CARTESIAN_POINT('',(0.0206360438581615,0.0203451418330393,0.00172231729780403));
#4629=CARTESIAN_POINT('',(0.0195239983772728,0.0192487726263746,0.00162950419947744));
#4630=CARTESIAN_POINT('',(0.0179693478551027,0.017716037689787,0.00149975057495631));
#4631=CARTESIAN_POINT('',(0.0169549406586853,0.0167159303809723,0.00141508652435556));
#4632=CARTESIAN_POINT('',(0.0165123356174039,0.0162795646510493,0.00137814599816101));
#4633=CARTESIAN_POINT('',(0.0210191935616425,0.0210459787603807,0.00165971324821652));
#4634=CARTESIAN_POINT('',(0.0204829579630336,0.0205090598255136,0.00161737112293153));
#4635=CARTESIAN_POINT('',(0.0193791620516378,0.0194038573238618,0.00153021341670945));
#4636=CARTESIAN_POINT('',(0.0178360445087749,0.0178587733539835,0.00140836608598603));
#4637=CARTESIAN_POINT('',(0.0168291625645209,0.0168506083189723,0.00132886088054761));
#4638=CARTESIAN_POINT('',(0.0163898409330538,0.0164107268507457,0.00129417125604628));
#4639=CARTESIAN_POINT('',(0.0208740867276584,0.0212013531069273,0.00156833025367112));
#4640=CARTESIAN_POINT('',(0.0203415530527107,0.0206604703065825,0.00152831946496378));
#4641=CARTESIAN_POINT('',(0.0192453772400402,0.0195471085209909,0.00144596061914775));
#4642=CARTESIAN_POINT('',(0.0177129126701591,0.0179906177918968,0.0013308221424814));
#4643=CARTESIAN_POINT('',(0.0167129817752256,0.0169750098631476,0.00125569445452241));
#4644=CARTESIAN_POINT('',(0.0162766930180149,0.0165318809196451,0.00122291482367209));
#4645=CARTESIAN_POINT('',(0.0207413827002661,0.0213434470454006,0.00149199782183034));
#4646=CARTESIAN_POINT('',(0.0202122345321579,0.0207989391855152,0.0014539344040895));
#4647=CARTESIAN_POINT('',(0.0191230275007793,0.0196781155195303,0.00137558405773972));
#4648=CARTESIAN_POINT('',(0.0176003053557004,0.0181111930082391,0.00126604950276131));
#4649=CARTESIAN_POINT('',(0.0166067313787296,0.0170887783568334,0.00119457836552373));
#4650=CARTESIAN_POINT('',(0.0161732162650292,0.0166426795115272,0.0011633941568951));
#4651=CARTESIAN_POINT('',(0.0206214737398857,0.0214718405597007,0.00142943286424133));
#4652=CARTESIAN_POINT('',(0.0200953846545611,0.0209240571615414,0.0013929655856381));
#4653=CARTESIAN_POINT('',(0.0190124744879894,0.0197964910753148,0.00131790075755432));
#4654=CARTESIAN_POINT('',(0.0174985554218567,0.0182201425941964,0.00121295938943348));
#4655=CARTESIAN_POINT('',(0.0165107254410486,0.0171915775112373,0.00114448529991587));
#4656=CARTESIAN_POINT('',(0.0160797165414876,0.0167427951163454,0.0011146087598788));
#4657=CARTESIAN_POINT('',(0.0205147253316051,0.0215861423036372,0.00137932996815972));
#4658=CARTESIAN_POINT('',(0.0199913595808579,0.0210354428723817,0.00134414090017829));
#4659=CARTESIAN_POINT('',(0.0189140551696289,0.0199018743771068,0.0012717071612313));
#4660=CARTESIAN_POINT('',(0.0174079730046127,0.0183171344690893,0.00117044408160735));
#4661=CARTESIAN_POINT('',(0.0164252565903436,0.0172830939923275,0.00110437006996482));
#4662=CARTESIAN_POINT('',(0.0159964788365564,0.016831922579585,0.00107554072928787));
#4663=CARTESIAN_POINT('',(0.0204214723595933,0.0216859936972074,0.00134036344375618));
#4664=CARTESIAN_POINT('',(0.019900485651749,0.0211327468860228,0.00130616847849701));
#4665=CARTESIAN_POINT('',(0.0188280783003873,0.0199939348232606,0.00123578101645364));
#4666=CARTESIAN_POINT('',(0.0173288422732408,0.0184018643563116,0.00113737865207145));
#4667=CARTESIAN_POINT('',(0.0163505929539387,0.0173630407005472,0.00107317125294844));
#4668=CARTESIAN_POINT('',(0.0159237642781541,0.0169097822963604,0.00104515635060964));
#4669=CARTESIAN_POINT('',(0.0203420162149406,0.0217710720234003,0.00131117931797752));
#4670=CARTESIAN_POINT('',(0.0198230565693224,0.0212156547185172,0.00127772888971074));
#4671=CARTESIAN_POINT('',(0.018754821755187,0.0200723748768973,0.001208873994491));
#4672=CARTESIAN_POINT('',(0.0172614189761308,0.0184740584111529,0.00111261417360509));
#4673=CARTESIAN_POINT('',(0.0162869758426928,0.0174311592502917,0.00104980478098595));
#4674=CARTESIAN_POINT('',(0.0158618078777721,0.0169761226261672,0.00102239985531977));
#4675=CARTESIAN_POINT('',(0.020276617113677,0.0218410986537429,0.00129043256338333));
#4676=CARTESIAN_POINT('',(0.0197593259110517,0.0212838948496807,0.00125751142033087));
#4677=CARTESIAN_POINT('',(0.0186945254465915,0.0201369376496486,0.0011897460142406));
#4678=CARTESIAN_POINT('',(0.0172059239221672,0.0185334802006676,0.00109500930987568));
#4679=CARTESIAN_POINT('',(0.0162346136003683,0.0174872265557487,0.00103319374856323));
#4680=CARTESIAN_POINT('',(0.0158108125404042,0.0170307263067997,0.00100622245028857));
#4681=CARTESIAN_POINT('',(0.0202255042806577,0.021895828143819,0.0012766849932483));
#4682=CARTESIAN_POINT('',(0.0197095170538738,0.0213372280968046,0.00124411457423666));
#4683=CARTESIAN_POINT('',(0.0186474007140895,0.0201873968480036,0.00117707110410755));
#4684=CARTESIAN_POINT('',(0.0171625516223676,0.0185799214505699,0.00108334367331847));
#4685=CARTESIAN_POINT('',(0.0161936897574296,0.0175310461001505,0.00102218666154102));
#4686=CARTESIAN_POINT('',(0.015770957005492,0.0170734019515177,0.000995502700881038));
#4687=CARTESIAN_POINT('',(0.020175601767095,0.0219492616742941,0.00126578210047297));
#4688=CARTESIAN_POINT('',(0.0196608876388319,0.0213892984464747,0.00123348983291451));
#4689=CARTESIAN_POINT('',(0.0186013918653543,0.0202366612045562,0.00116701891417433));
#4690=CARTESIAN_POINT('',(0.0171202063511091,0.0186252630011399,0.00107409191585951));
#4691=CARTESIAN_POINT('',(0.0161537349651269,0.0175738280255429,0.00101345718510314));
#4692=CARTESIAN_POINT('',(0.0157320452243594,0.017115067064045,0.000987001105528499));
#4693=CARTESIAN_POINT('',(0.0201158375745124,0.0220132546794094,0.00125665564261088));
#4694=CARTESIAN_POINT('',(0.0196026481330786,0.0214516588805161,0.0012245962066109));
#4695=CARTESIAN_POINT('',(0.0185462907992955,0.0202956611282527,0.00115860455206533));
#4696=CARTESIAN_POINT('',(0.017069492854618,0.0186795648983148,0.0010663475698094));
#4697=CARTESIAN_POINT('',(0.0161058843513744,0.0176250644672702,0.00100615002355344));
#4698=CARTESIAN_POINT('',(0.0156854437404801,0.0171649659895956,0.000979884695843078));
#4699=CARTESIAN_POINT('',(0.0200178708592165,0.0221181533527143,0.00123448308607443));
#4700=CARTESIAN_POINT('',(0.0195071807163437,0.0215538814091484,0.00120298930993634));
#4701=CARTESIAN_POINT('',(0.0184559679785927,0.0203923750379952,0.00113816201867513));
#4702=CARTESIAN_POINT('',(0.0169863622297788,0.0187685777046574,0.00104753282774531));
#4703=CARTESIAN_POINT('',(0.0160274466238378,0.0177090523148855,0.000988397412953582));
#4704=CARTESIAN_POINT('',(0.0156090536127749,0.017246761352701,0.000962595513284964));
#4705=CARTESIAN_POINT('',(0.0198933552528848,0.0222514794713916,0.00119515001579043));
#4706=CARTESIAN_POINT('',(0.0193858417162172,0.0216838061503728,0.00116465969358728));
#4707=CARTESIAN_POINT('',(0.0183411677553594,0.0205152983296041,0.0011018979279151));
#4708=CARTESIAN_POINT('',(0.0168807032809682,0.0188817129008263,0.00101415636207859));
#4709=CARTESIAN_POINT('',(0.0159277523432446,0.0178158007930674,0.000956905118445235));
#4710=CARTESIAN_POINT('',(0.0155119618297113,0.0173507231850583,0.000931925318280915));
#4711=CARTESIAN_POINT('',(0.0197521254131579,0.022402702494167,0.00112770155654025));
#4712=CARTESIAN_POINT('',(0.0192482148913931,0.0218311712150441,0.00109893195995939));
#4713=CARTESIAN_POINT('',(0.0182109574338945,0.0206547221117634,0.00103971216336094));
#4714=CARTESIAN_POINT('',(0.0167608613041603,0.0190100346919105,0.000956922305134088));
#4715=CARTESIAN_POINT('',(0.0158146756961908,0.0179368785511804,0.000902902043488104));
#4716=CARTESIAN_POINT('',(0.0154018370239552,0.0174686402346081,0.000879331981859701));
#4717=CARTESIAN_POINT('',(0.019619191634168,0.0225450424410699,0.00103629027124299));
#4718=CARTESIAN_POINT('',(0.0191186724805992,0.0219698798263104,0.00100985273298526));
#4719=CARTESIAN_POINT('',(0.018088395869502,0.0207859559238202,0.000955433282445317));
#4720=CARTESIAN_POINT('',(0.0166480590317119,0.019130818661138,0.000879354355232273));
#4721=CARTESIAN_POINT('',(0.0157082413474906,0.0180508440132153,0.000829712966276951));
#4722=CARTESIAN_POINT('',(0.0152981811207977,0.0175796306530234,0.000808053489603841));
#4723=CARTESIAN_POINT('',(0.0194925184413062,0.0226806788134272,0.000909901788794117));
#4724=CARTESIAN_POINT('',(0.0189952309376675,0.0221020558826899,0.000886688637016512));
#4725=CARTESIAN_POINT('',(0.0179716064063446,0.020911009210584,0.00083890631504982));
#4726=CARTESIAN_POINT('',(0.0165405692415197,0.0192459142459081,0.000772106158875751));
#4727=CARTESIAN_POINT('',(0.0156068195803335,0.0181594422119697,0.000728519154479298));
#4728=CARTESIAN_POINT('',(0.0151994069468315,0.0176853939193996,0.000709501320271932));
#4729=CARTESIAN_POINT('',(0.0193767780979714,0.0228046087464358,0.000729872802750078));
#4730=CARTESIAN_POINT('',(0.0188824433285615,0.0222228241510219,0.0007112524984961));
#4731=CARTESIAN_POINT('',(0.0178648967524837,0.021025269457904,0.000672924167147328));
#4732=CARTESIAN_POINT('',(0.0164423566288842,0.0193510762158299,0.00061934078286196));
#4733=CARTESIAN_POINT('',(0.0155141512746946,0.0182586675691697,0.000584377702830561));
#4734=CARTESIAN_POINT('',(0.0151091577271728,0.0177820290202133,0.000569122649893954));
#4735=CARTESIAN_POINT('',(0.019298803850775,0.022888100318631,0.000506982573477563));
#4736=CARTESIAN_POINT('',(0.018806458337851,0.0223041857103285,0.000494048580411857));
#4737=CARTESIAN_POINT('',(0.0177930064790609,0.021102246564698,0.000467425042733673));
#4738=CARTESIAN_POINT('',(0.0163761908105118,0.0194219238148786,0.000430205075147156));
#4739=CARTESIAN_POINT('',(0.0154517206548867,0.0183255156733617,0.000405919100626347));
#4740=CARTESIAN_POINT('',(0.0150483568451277,0.0178471320691728,0.000395322670718018));
#4741=CARTESIAN_POINT('',(0.0192761932195056,0.0229123108396798,0.000160999915127355));
#4742=CARTESIAN_POINT('',(0.0187844245424795,0.022327778579553,0.000156892531767898));
#4743=CARTESIAN_POINT('',(0.0177721600519049,0.0211245680495534,0.000148437828330704));
#4744=CARTESIAN_POINT('',(0.0163570043358019,0.0194424678918785,0.000136618069751296));
#4745=CARTESIAN_POINT('',(0.0154336172967249,0.0183448999943304,0.000128905694531346));
#4746=CARTESIAN_POINT('',(0.0150307260711965,0.0178660103666551,0.000125540639389132));
#4747=CARTESIAN_POINT('',(0.0192761932195056,0.0229123108396798,-0.000160999915127352));
#4748=CARTESIAN_POINT('',(0.0187844245424795,0.022327778579553,-0.000156892531767895));
#4749=CARTESIAN_POINT('',(0.0177721600519049,0.0211245680495534,-0.000148437828330702));
#4750=CARTESIAN_POINT('',(0.0163570043358019,0.0194424678918785,-0.000136618069751295));
#4751=CARTESIAN_POINT('',(0.0154336172967249,0.0183448999943304,-0.000128905694531345));
#4752=CARTESIAN_POINT('',(0.0150307260711965,0.0178660103666551,-0.00012554063938913));
#4753=CARTESIAN_POINT('',(0.019298803850775,0.022888100318631,-0.000506982573477561));
#4754=CARTESIAN_POINT('',(0.018806458337851,0.0223041857103285,-0.000494048580411855));
#4755=CARTESIAN_POINT('',(0.0177930064790609,0.021102246564698,-0.000467425042733671));
#4756=CARTESIAN_POINT('',(0.0163761908105118,0.0194219238148786,-0.000430205075147154));
#4757=CARTESIAN_POINT('',(0.0154517206548867,0.0183255156733617,-0.000405919100626346));
#4758=CARTESIAN_POINT('',(0.0150483568451277,0.0178471320691728,-0.000395322670718016));
#4759=CARTESIAN_POINT('',(0.0193767780979714,0.0228046087464358,-0.000729872802750077));
#4760=CARTESIAN_POINT('',(0.0188824433285615,0.0222228241510219,-0.000711252498496098));
#4761=CARTESIAN_POINT('',(0.0178648967524837,0.021025269457904,-0.000672924167147326));
#4762=CARTESIAN_POINT('',(0.0164423566288842,0.0193510762158299,-0.000619340782861959));
#4763=CARTESIAN_POINT('',(0.0155141512746946,0.0182586675691697,-0.000584377702830559));
#4764=CARTESIAN_POINT('',(0.0151091577271728,0.0177820290202133,-0.000569122649893951));
#4765=CARTESIAN_POINT('',(0.0194925184413062,0.0226806788134272,-0.000909901788794115));
#4766=CARTESIAN_POINT('',(0.0189952309376675,0.0221020558826899,-0.00088668863701651));
#4767=CARTESIAN_POINT('',(0.0179716064063446,0.020911009210584,-0.000838906315049817));
#4768=CARTESIAN_POINT('',(0.0165405692415197,0.0192459142459081,-0.000772106158875748));
#4769=CARTESIAN_POINT('',(0.0156068195803335,0.0181594422119697,-0.000728519154479296));
#4770=CARTESIAN_POINT('',(0.0151994069468315,0.0176853939193996,-0.00070950132027193));
#4771=CARTESIAN_POINT('',(0.019619191634168,0.0225450424410699,-0.00103629027124299));
#4772=CARTESIAN_POINT('',(0.0191186724805992,0.0219698798263104,-0.00100985273298526));
#4773=CARTESIAN_POINT('',(0.018088395869502,0.0207859559238202,-0.000955433282445315));
#4774=CARTESIAN_POINT('',(0.0166480590317119,0.019130818661138,-0.000879354355232271));
#4775=CARTESIAN_POINT('',(0.0157082413474906,0.0180508440132153,-0.000829712966276949));
#4776=CARTESIAN_POINT('',(0.0152981811207977,0.0175796306530234,-0.00080805348960384));
#4777=CARTESIAN_POINT('',(0.0197521254131579,0.022402702494167,-0.00112770155654024));
#4778=CARTESIAN_POINT('',(0.0192482148913931,0.0218311712150441,-0.00109893195995938));
#4779=CARTESIAN_POINT('',(0.0182109574338945,0.0206547221117634,-0.00103971216336094));
#4780=CARTESIAN_POINT('',(0.0167608613041603,0.0190100346919105,-0.000956922305134085));
#4781=CARTESIAN_POINT('',(0.0158146756961908,0.0179368785511804,-0.000902902043488102));
#4782=CARTESIAN_POINT('',(0.0154018370239552,0.0174686402346081,-0.000879331981859699));
#4783=CARTESIAN_POINT('',(0.0198933552528848,0.0222514794713916,-0.00119515001579043));
#4784=CARTESIAN_POINT('',(0.0193858417162172,0.0216838061503728,-0.00116465969358728));
#4785=CARTESIAN_POINT('',(0.0183411677553594,0.0205152983296041,-0.00110189792791509));
#4786=CARTESIAN_POINT('',(0.0168807032809682,0.0188817129008263,-0.00101415636207859));
#4787=CARTESIAN_POINT('',(0.0159277523432446,0.0178158007930674,-0.000956905118445233));
#4788=CARTESIAN_POINT('',(0.0155119618297113,0.0173507231850583,-0.000931925318280913));
#4789=CARTESIAN_POINT('',(0.0200178708592165,0.0221181533527143,-0.00123448308607443));
#4790=CARTESIAN_POINT('',(0.0195071807163437,0.0215538814091484,-0.00120298930993633));
#4791=CARTESIAN_POINT('',(0.0184559679785927,0.0203923750379952,-0.00113816201867513));
#4792=CARTESIAN_POINT('',(0.0169863622297788,0.0187685777046574,-0.00104753282774531));
#4793=CARTESIAN_POINT('',(0.0160274466238378,0.0177090523148855,-0.000988397412953581));
#4794=CARTESIAN_POINT('',(0.0156090536127749,0.017246761352701,-0.000962595513284962));
#4795=CARTESIAN_POINT('',(0.0201158375745124,0.0220132546794094,-0.00125665564261088));
#4796=CARTESIAN_POINT('',(0.0196026481330786,0.0214516588805161,-0.0012245962066109));
#4797=CARTESIAN_POINT('',(0.0185462907992955,0.0202956611282527,-0.00115860455206533));
#4798=CARTESIAN_POINT('',(0.017069492854618,0.0186795648983148,-0.00106634756980939));
#4799=CARTESIAN_POINT('',(0.0161058843513744,0.0176250644672702,-0.00100615002355344));
#4800=CARTESIAN_POINT('',(0.0156854437404801,0.0171649659895956,-0.000979884695843074));
#4801=CARTESIAN_POINT('',(0.020175601767095,0.0219492616742941,-0.00126578210047297));
#4802=CARTESIAN_POINT('',(0.0196608876388319,0.0213892984464747,-0.00123348983291451));
#4803=CARTESIAN_POINT('',(0.0186013918653543,0.0202366612045562,-0.00116701891417433));
#4804=CARTESIAN_POINT('',(0.0171202063511091,0.0186252630011399,-0.00107409191585951));
#4805=CARTESIAN_POINT('',(0.0161537349651269,0.0175738280255429,-0.00101345718510314));
#4806=CARTESIAN_POINT('',(0.0157320452243594,0.017115067064045,-0.000987001105528496));
#4807=CARTESIAN_POINT('',(0.0202255042806577,0.021895828143819,-0.0012766849932483));
#4808=CARTESIAN_POINT('',(0.0197095170538738,0.0213372280968046,-0.00124411457423666));
#4809=CARTESIAN_POINT('',(0.0186474007140895,0.0201873968480036,-0.00117707110410755));
#4810=CARTESIAN_POINT('',(0.0171625516223676,0.0185799214505699,-0.00108334367331846));
#4811=CARTESIAN_POINT('',(0.0161936897574296,0.0175310461001505,-0.00102218666154102));
#4812=CARTESIAN_POINT('',(0.015770957005492,0.0170734019515177,-0.000995502700881036));
#4813=CARTESIAN_POINT('',(0.0202766171136769,0.0218410986537429,-0.00129043256338333));
#4814=CARTESIAN_POINT('',(0.0197593259110517,0.0212838948496807,-0.00125751142033086));
#4815=CARTESIAN_POINT('',(0.0186945254465915,0.0201369376496486,-0.0011897460142406));
#4816=CARTESIAN_POINT('',(0.0172059239221672,0.0185334802006676,-0.00109500930987568));
#4817=CARTESIAN_POINT('',(0.0162346136003683,0.0174872265557487,-0.00103319374856322));
#4818=CARTESIAN_POINT('',(0.0158108125404042,0.0170307263067997,-0.00100622245028857));
#4819=CARTESIAN_POINT('',(0.0203420162149406,0.0217710720234003,-0.00131117931797752));
#4820=CARTESIAN_POINT('',(0.0198230565693224,0.0212156547185172,-0.00127772888971074));
#4821=CARTESIAN_POINT('',(0.018754821755187,0.0200723748768973,-0.001208873994491));
#4822=CARTESIAN_POINT('',(0.0172614189761308,0.0184740584111529,-0.00111261417360508));
#4823=CARTESIAN_POINT('',(0.0162869758426928,0.0174311592502917,-0.00104980478098594));
#4824=CARTESIAN_POINT('',(0.0158618078777721,0.0169761226261672,-0.00102239985531977));
#4825=CARTESIAN_POINT('',(0.0204214723595933,0.0216859936972074,-0.00134036344375617));
#4826=CARTESIAN_POINT('',(0.019900485651749,0.0211327468860228,-0.00130616847849701));
#4827=CARTESIAN_POINT('',(0.0188280783003873,0.0199939348232606,-0.00123578101645363));
#4828=CARTESIAN_POINT('',(0.0173288422732408,0.0184018643563116,-0.00113737865207145));
#4829=CARTESIAN_POINT('',(0.0163505929539387,0.0173630407005472,-0.00107317125294844));
#4830=CARTESIAN_POINT('',(0.0159237642781541,0.0169097822963604,-0.00104515635060964));
#4831=CARTESIAN_POINT('',(0.0205147253316051,0.0215861423036372,-0.00137932996815971));
#4832=CARTESIAN_POINT('',(0.0199913595808579,0.0210354428723817,-0.00134414090017829));
#4833=CARTESIAN_POINT('',(0.0189140551696289,0.0199018743771068,-0.00127170716123129));
#4834=CARTESIAN_POINT('',(0.0174079730046127,0.0183171344690893,-0.00117044408160735));
#4835=CARTESIAN_POINT('',(0.0164252565903436,0.0172830939923275,-0.00110437006996482));
#4836=CARTESIAN_POINT('',(0.0159964788365564,0.016831922579585,-0.00107554072928787));
#4837=CARTESIAN_POINT('',(0.0206214737398857,0.0214718405597007,-0.00142943286424133));
#4838=CARTESIAN_POINT('',(0.0200953846545611,0.0209240571615414,-0.0013929655856381));
#4839=CARTESIAN_POINT('',(0.0190124744879894,0.0197964910753148,-0.00131790075755432));
#4840=CARTESIAN_POINT('',(0.0174985554218567,0.0182201425941964,-0.00121295938943347));
#4841=CARTESIAN_POINT('',(0.0165107254410486,0.0171915775112373,-0.00114448529991586));
#4842=CARTESIAN_POINT('',(0.0160797165414876,0.0167427951163454,-0.0011146087598788));
#4843=CARTESIAN_POINT('',(0.0207413827002661,0.0213434470454006,-0.00149199782183034));
#4844=CARTESIAN_POINT('',(0.0202122345321579,0.0207989391855152,-0.0014539344040895));
#4845=CARTESIAN_POINT('',(0.0191230275007793,0.0196781155195303,-0.00137558405773972));
#4846=CARTESIAN_POINT('',(0.0176003053557004,0.0181111930082392,-0.0012660495027613));
#4847=CARTESIAN_POINT('',(0.0166067313787296,0.0170887783568334,-0.00119457836552373));
#4848=CARTESIAN_POINT('',(0.0161732162650292,0.0166426795115272,-0.0011633941568951));
#4849=CARTESIAN_POINT('',(0.0208740867276584,0.0212013531069273,-0.00156833025367112));
#4850=CARTESIAN_POINT('',(0.0203415530527107,0.0206604703065825,-0.00152831946496377));
#4851=CARTESIAN_POINT('',(0.0192453772400402,0.0195471085209909,-0.00144596061914775));
#4852=CARTESIAN_POINT('',(0.0177129126701591,0.0179906177918968,-0.0013308221424814));
#4853=CARTESIAN_POINT('',(0.0167129817752256,0.0169750098631476,-0.00125569445452241));
#4854=CARTESIAN_POINT('',(0.0162766930180149,0.0165318809196451,-0.00122291482367209));
#4855=CARTESIAN_POINT('',(0.0210191935616425,0.0210459787603807,-0.00165971324821652));
#4856=CARTESIAN_POINT('',(0.0204829579630336,0.0205090598255136,-0.00161737112293153));
#4857=CARTESIAN_POINT('',(0.0193791620516378,0.0194038573238618,-0.00153021341670944));
#4858=CARTESIAN_POINT('',(0.0178360445087749,0.0178587733539835,-0.00140836608598603));
#4859=CARTESIAN_POINT('',(0.0168291625645209,0.0168506083189723,-0.0013288608805476));
#4860=CARTESIAN_POINT('',(0.0163898409330538,0.0164107268507457,-0.00129417125604628));
#4861=CARTESIAN_POINT('',(0.0211762871839141,0.0208777694608122,-0.00176740687172441));
#4862=CARTESIAN_POINT('',(0.0206360438581615,0.0203451418330393,-0.00172231729780403));
#4863=CARTESIAN_POINT('',(0.0195239983772728,0.0192487726263746,-0.00162950419947744));
#4864=CARTESIAN_POINT('',(0.0179693478551027,0.017716037689787,-0.00149975057495631));
#4865=CARTESIAN_POINT('',(0.0169549406586853,0.0167159303809723,-0.00141508652435556));
#4866=CARTESIAN_POINT('',(0.0165123356174039,0.0162795646510493,-0.00137814599816101));
#4867=CARTESIAN_POINT('',(0.0213449309607019,0.0206971927374551,-0.00189265160814175));
#4868=CARTESIAN_POINT('',(0.0208003852435977,0.020169171930922,-0.00184436682665984));
#4869=CARTESIAN_POINT('',(0.0196794836517096,0.0190822854785957,-0.00174497666211157));
#4870=CARTESIAN_POINT('',(0.0181124521992393,0.0175628075258608,-0.0016060282343098));
#4871=CARTESIAN_POINT('',(0.0170899664638731,0.0165713503796591,-0.00151536458798995));
#4872=CARTESIAN_POINT('',(0.0166438366032908,0.0161387588792506,-0.00147580632473645));
#4873=CARTESIAN_POINT('',(0.0215246727391499,0.0205047327367321,-0.00203666425740974));
#4874=CARTESIAN_POINT('',(0.0209755415016794,0.0199816219141808,-0.00198470546679132));
#4875=CARTESIAN_POINT('',(0.0198452010015108,0.0189048422512173,-0.00187775266322053));
#4876=CARTESIAN_POINT('',(0.0182649738624079,0.0173994936894386,-0.00172823159166686));
#4877=CARTESIAN_POINT('',(0.0172338779607755,0.0164172559502113,-0.0016306693107316));
#4878=CARTESIAN_POINT('',(0.0167839913218411,0.015988687051396,-0.00158810104274872));
#4879=CARTESIAN_POINT('',(0.0217150476694119,0.0203008872004733,-0.00220064465380251));
#4880=CARTESIAN_POINT('',(0.0211610596416754,0.0197829768263996,-0.00214450244264696));
#4881=CARTESIAN_POINT('',(0.020020721846937,0.0187169018495517,-0.00202893841949932));
#4882=CARTESIAN_POINT('',(0.0184265183916759,0.0172265185442712,-0.00186737877826327));
#4883=CARTESIAN_POINT('',(0.0173863029641513,0.0162540456130643,-0.00176196134818277));
#4884=CARTESIAN_POINT('',(0.0169324373036284,0.0158297372846317,-0.00171596573009435));
#4885=CARTESIAN_POINT('',(0.0219155814671047,0.0200861639726173,-0.00238577570242898));
#4886=CARTESIAN_POINT('',(0.0213564774790088,0.0195737315555493,-0.00232491048140199));
#4887=CARTESIAN_POINT('',(0.0202056089098456,0.0185189324927984,-0.00219962453938306));
#4888=CARTESIAN_POINT('',(0.0185966833283406,0.0170443130263537,-0.00202447355992433));
#4889=CARTESIAN_POINT('',(0.0175468617349316,0.016082125976977,-0.0019101878014926));
#4890=CARTESIAN_POINT('',(0.0170888047225899,0.0156623055732832,-0.0018603227640528));
#4891=CARTESIAN_POINT('',(0.0221257930172358,0.0198610782110346,-0.0025932286998301));
#4892=CARTESIAN_POINT('',(0.021561326172754,0.0193543881169414,-0.00252707099781813));
#4893=CARTESIAN_POINT('',(0.0203994186144458,0.0183114091434161,-0.00239089092850233));
#4894=CARTESIAN_POINT('',(0.0187750604175187,0.0168533142779903,-0.00220050985191021));
#4895=CARTESIAN_POINT('',(0.0177151690650735,0.0159019095066578,-0.00207628647733008));
#4896=CARTESIAN_POINT('',(0.0172527184264547,0.0154867936147575,-0.00202208547005378));
#4897=CARTESIAN_POINT('',(0.0224276071036496,0.0195379082736336,-0.00291090950748707));
#4898=CARTESIAN_POINT('',(0.0218554404653187,0.019039462797695,-0.00283664722441394));
#4899=CARTESIAN_POINT('',(0.0206776835285076,0.0180134546777157,-0.0026837845561396));
#4900=CARTESIAN_POINT('',(0.0190311677445132,0.0165790852325002,-0.0024700810420863));
#4901=CARTESIAN_POINT('',(0.0179568185988496,0.0156431612632232,-0.00233063981110611));
#4902=CARTESIAN_POINT('',(0.0174880597516663,0.0152347999379871,-0.00226979896532714));
#4903=CARTESIAN_POINT('',(0.0226529295908459,0.0192966423508017,-0.00317200393823553));
#4904=CARTESIAN_POINT('',(0.0220750145902648,0.0188043519814411,-0.00309108068941434));
#4905=CARTESIAN_POINT('',(0.020885425132887,0.0177910136310416,-0.00292450698297371));
#4906=CARTESIAN_POINT('',(0.0192223673687365,0.0163743566483392,-0.00269163530267986));
#4907=CARTESIAN_POINT('',(0.0181372246051671,0.0154499900349975,-0.00253968687120718));
#4908=CARTESIAN_POINT('',(0.0176637562983943,0.0150466714026946,-0.00247338889735396));
#4909=CARTESIAN_POINT('',(0.0228041381358498,0.0191347345465503,-0.00335729776847525));
#4910=CARTESIAN_POINT('',(0.0222223655465173,0.0186465747223544,-0.00327164735694509));
#4911=CARTESIAN_POINT('',(0.021024835566909,0.0176417387520216,-0.00309534318336615));
#4912=CARTESIAN_POINT('',(0.0193506768745644,0.0162369681802956,-0.00284886821428823));
#4913=CARTESIAN_POINT('',(0.0182582907715522,0.0153203574327656,-0.00268804365674046));
#4914=CARTESIAN_POINT('',(0.0177816620588158,0.0149204228313725,-0.00261787286124149));
#4915=CARTESIAN_POINT('',(0.0209013246486304,0.0183115445899657,-0.00266701005498605));
#4916=CARTESIAN_POINT('',(0.0204348651950585,0.0183115445899657,-0.00240454455030012));
#4917=CARTESIAN_POINT('',(0.0197232951674098,0.0183115445899656,-0.00203622830567462));
#4918=CARTESIAN_POINT('',(0.0187425669295477,0.0183115445899657,-0.00160911831884955));
#4919=CARTESIAN_POINT('',(0.017987854684961,0.0183115445899656,-0.00133514432204722));
#4920=CARTESIAN_POINT('',(0.0172244351905144,0.0183115445899657,-0.00110016996169616));
#4921=CARTESIAN_POINT('',(0.0165542179872917,0.0183115445899657,-0.00103593897275826));
#4922=CARTESIAN_POINT('',(0.0160403277391408,0.0183115445899656,-0.000893895057183354));
#4923=CARTESIAN_POINT('',(0.0156836040822924,0.0183115445899656,-0.000719364017742416));
#4924=CARTESIAN_POINT('',(0.0154016875224799,0.0183115445899656,-0.000403688337740139));
#4925=CARTESIAN_POINT('',(0.0154113349336631,0.0183115445899642,7.04764431499092E-6));
#4926=CARTESIAN_POINT('',(0.0154058451337363,0.0183115445899665,0.000417548861131471));
#4927=CARTESIAN_POINT('',(0.015695249402378,0.0183115445899636,0.000726636971849692));
#4928=CARTESIAN_POINT('',(0.0160534834375309,0.0183115445899662,0.000898716576500385));
#4929=CARTESIAN_POINT('',(0.0165644651027677,0.0183115445899653,0.00103692022235485));
#4930=CARTESIAN_POINT('',(0.0172350417916077,0.0183115445899658,0.00110273615190142));
#4931=CARTESIAN_POINT('',(0.0179950935928244,0.0183115445899656,0.00133768673058534));
#4932=CARTESIAN_POINT('',(0.0187450729293026,0.0183115445899656,0.00161017487490973));
#4933=CARTESIAN_POINT('',(0.0197257370725856,0.0183115445899656,0.00203739713264849));
#4934=CARTESIAN_POINT('',(0.0204358010794781,0.0183115445899657,0.0024050711499322));
#4935=CARTESIAN_POINT('',(0.020901324648623,0.0183115445899657,0.00266701005498187));
#4936=CARTESIAN_POINT('',(0.0209013246486304,0.0183115445899656,-0.00266701005498604));
#4937=CARTESIAN_POINT('',(0.0209013246486229,0.0183115445899656,0.00266701005498186));
#4938=CARTESIAN_POINT('',(0.021821733218332,0.0190967349302385,-0.00279498825542144));
#4939=CARTESIAN_POINT('',(0.02151493138217,0.0188350044538031,-0.00275232374299476));
#4940=CARTESIAN_POINT('',(0.0212081285695198,0.0185732743256423,-0.00270966411737959));
#4941=CARTESIAN_POINT('',(0.0209013246486275,0.0183115445899696,-0.0026670100549825));
#4942=CARTESIAN_POINT('',(0.021821733218332,0.0190967349302385,-0.00279498825542148));
#4943=CARTESIAN_POINT('',(0.0218335085060027,0.0193008123878541,-0.00270146373625665));
#4944=CARTESIAN_POINT('',(0.0218296961856106,0.0192326135808408,-0.00273227530281258));
#4945=CARTESIAN_POINT('',(0.0218257723955025,0.0191645888026429,-0.00276345257849534));
#4946=CARTESIAN_POINT('',(0.021821733218332,0.0190967349302385,-0.00279498825542149));
#4947=CARTESIAN_POINT('',(0.0218335085060027,0.0193008123878541,-0.00270146373625666));
#4948=CARTESIAN_POINT('',(0.0218335085060027,0.0193008123878541,0.00270146373625664));
#4949=CARTESIAN_POINT('',(0.0215944113055507,0.0195702205982188,0.00243988337198634));
#4950=CARTESIAN_POINT('',(0.0212195264684339,0.0199814152269914,0.00207615194139419));
#4951=CARTESIAN_POINT('',(0.0206820322622716,0.0205520008019116,0.0016696299858488));
#4952=CARTESIAN_POINT('',(0.0202555482379775,0.0209966475116272,0.0014087812455363));
#4953=CARTESIAN_POINT('',(0.0198027575045292,0.0214598628653916,0.00123089106626387));
#4954=CARTESIAN_POINT('',(0.0193335711816205,0.0219328522393413,0.00115601113950903));
#4955=CARTESIAN_POINT('',(0.0189871840454077,0.0222974295047698,0.000825145100268948));
#4956=CARTESIAN_POINT('',(0.0188719674440083,0.0224256349215794,0.000397520754481925));
#4957=CARTESIAN_POINT('',(0.0188743283957688,0.0224290115667116,-5.55093525951432E-5));
#4958=CARTESIAN_POINT('',(0.0188663100344163,0.0224265741287685,-0.000653448734641221));
#4959=CARTESIAN_POINT('',(0.0192612785761898,0.0220073883911522,-0.0011194842256845));
#4960=CARTESIAN_POINT('',(0.0197348232340916,0.0215277174587998,-0.00122913488900952));
#4961=CARTESIAN_POINT('',(0.0202047498585535,0.021049443433147,-0.00137738363810637));
#4962=CARTESIAN_POINT('',(0.0206404188068911,0.0205957163770402,-0.001642089616656));
#4963=CARTESIAN_POINT('',(0.0212042650582476,0.019998263200139,-0.00205991402655673));
#4964=CARTESIAN_POINT('',(0.0215893545175811,0.0195759184491116,-0.00243435107618109));
#4965=CARTESIAN_POINT('',(0.0218335085060027,0.0193008123878541,-0.00270146373625665));
#4966=CARTESIAN_POINT('',(0.0218335085060027,0.0193008123878541,0.00270146373625664));
#4967=CARTESIAN_POINT('',(0.021821733218332,0.0190967349302386,0.00279498825542144));
#4968=CARTESIAN_POINT('',(0.0218257723955025,0.019164588802643,0.0027634525784953));
#4969=CARTESIAN_POINT('',(0.0218296961856106,0.0192326135808408,0.00273227530281256));
#4970=CARTESIAN_POINT('',(0.0218335085060027,0.0193008123878541,0.00270146373625664));
#4971=CARTESIAN_POINT('',(0.021821733218332,0.0190967349302386,0.00279498825542143));
#4972=CARTESIAN_POINT('',(0.0209013246486229,0.0183115445899657,0.00266701005498187));
#4973=CARTESIAN_POINT('',(0.0212081285696397,0.0185732743257446,0.00270966411739626));
#4974=CARTESIAN_POINT('',(0.0215149313822862,0.0188350044539023,0.00275232374301093));
#4975=CARTESIAN_POINT('',(0.021821733218332,0.0190967349302386,0.00279498825542145));
#4976=CARTESIAN_POINT('',(0.0227254862382307,0.0191347345465503,-0.00385388630619985));
#4977=CARTESIAN_POINT('',(0.0221457201934061,0.0186465747223544,-0.00375556707124372));
#4978=CARTESIAN_POINT('',(0.0209523205170257,0.0176417387520216,-0.00355318518940356));
#4979=CARTESIAN_POINT('',(0.0192839360292261,0.0162369681802956,-0.00327025332763372));
#4980=CARTESIAN_POINT('',(0.0181953175862509,0.0153203574327656,-0.00308564070082002));
#4981=CARTESIAN_POINT('',(0.0177203327748316,0.0149204228313725,-0.00300509072089033));
#4982=CARTESIAN_POINT('',(0.0225244194236883,0.0192966423508017,-0.00398338520077771));
#4983=CARTESIAN_POINT('',(0.0219497829373951,0.0188043519814411,-0.0038817622274051));
#4984=CARTESIAN_POINT('',(0.0207669420261338,0.0177910136310416,-0.00367257987769989));
#4985=CARTESIAN_POINT('',(0.0191133187958437,0.0163743566483392,-0.00338014089495425));
#4986=CARTESIAN_POINT('',(0.0180343320518469,0.0154499900349975,-0.00318932488558122));
#4987=CARTESIAN_POINT('',(0.0175635497328181,0.0150466714026946,-0.00310606825254078));
#4988=CARTESIAN_POINT('',(0.0222294423877345,0.0195379082736335,-0.00416207228275092));
#4989=CARTESIAN_POINT('',(0.0216623312704326,0.019039462797695,-0.00405589069612396));
#4990=CARTESIAN_POINT('',(0.0204949806987643,0.0180134546777157,-0.00383732482416691));
#4991=CARTESIAN_POINT('',(0.0188630131156135,0.0165790852325002,-0.00353176758500162));
#4992=CARTESIAN_POINT('',(0.0177981566497645,0.0156431612632232,-0.00333239193246328));
#4993=CARTESIAN_POINT('',(0.017333539638282,0.0152347999379871,-0.00324540056525503));
#4994=CARTESIAN_POINT('',(0.0218442313657882,0.0198610782110346,-0.00437093900313138));
#4995=CARTESIAN_POINT('',(0.0212869476408807,0.0193543881169414,-0.00425942886902689));
#4996=CARTESIAN_POINT('',(0.0201398259305054,0.0183114091434161,-0.00402989462992928));
#4997=CARTESIAN_POINT('',(0.0185361384944462,0.0168533142779903,-0.00370900350559879));
#4998=CARTESIAN_POINT('',(0.0174897347832944,0.0159019095066578,-0.00349962251537278));
#4999=CARTESIAN_POINT('',(0.0170331690576104,0.0154867936147575,-0.00340826563013989));
#5000=CARTESIAN_POINT('',(0.0215802017995046,0.0200861639726173,-0.00450327958673026));
#5001=CARTESIAN_POINT('',(0.0210296539206757,0.0195737315555493,-0.00438839321785928));
#5002=CARTESIAN_POINT('',(0.0198963973833336,0.0185189324927984,-0.00415190928325315));
#5003=CARTESIAN_POINT('',(0.0183120935955752,0.0170443130263537,-0.00382130241623323));
#5004=CARTESIAN_POINT('',(0.0172783376866458,0.016082125976977,-0.0036055819180843));
#5005=CARTESIAN_POINT('',(0.0168272904362294,0.0156623055732832,-0.00351145898567051));
#5006=CARTESIAN_POINT('',(0.0213322741842595,0.0203008872004732,-0.00461738132546141));
#5007=CARTESIAN_POINT('',(0.0207880513631823,0.0197829768263996,-0.00449958402596926));
#5008=CARTESIAN_POINT('',(0.0196678144256278,0.0187169018495517,-0.0042571081853309));
#5009=CARTESIAN_POINT('',(0.0181017121664543,0.0172265185442712,-0.00391812457473179));
#5010=CARTESIAN_POINT('',(0.017079832728358,0.0162540456130643,-0.00369693826362483));
#5011=CARTESIAN_POINT('',(0.0166339674067391,0.0158297372846317,-0.00360043049366409));
#5012=CARTESIAN_POINT('',(0.0211005441370648,0.0205047327367321,-0.00471450686124151));
#5013=CARTESIAN_POINT('',(0.020562233146059,0.0199816219141808,-0.00459423172311743));
#5014=CARTESIAN_POINT('',(0.0194541652138419,0.0189048422512173,-0.0043466554599071));
#5015=CARTESIAN_POINT('',(0.0179050753438444,0.0173994936894386,-0.00400054140837635));
#5016=CARTESIAN_POINT('',(0.0168942964648527,0.0164172559502113,-0.00377470249496968));
#5017=CARTESIAN_POINT('',(0.0164532745270722,0.015988687051396,-0.00367616470664924));
#5018=CARTESIAN_POINT('',(0.0208850971913926,0.020697192737455,-0.00479592776561715));
#5019=CARTESIAN_POINT('',(0.0203522826206724,0.020169171930922,-0.00467357544088412));
#5020=CARTESIAN_POINT('',(0.0192555286076626,0.0190822854785957,-0.00442172346361805));
#5021=CARTESIAN_POINT('',(0.0177222557080187,0.0175628075258608,-0.00406963192177449));
#5022=CARTESIAN_POINT('',(0.016721797379095,0.016571350379659,-0.00383989270466395));
#5023=CARTESIAN_POINT('',(0.0162852784924611,0.0161387588792505,-0.00373965314008645));
#5024=CARTESIAN_POINT('',(0.0206860046765369,0.0208777694608121,-0.00486292879529549));
#5025=CARTESIAN_POINT('',(0.0201582692965844,0.0203451418330393,-0.00473886715963425));
#5026=CARTESIAN_POINT('',(0.0190719703708852,0.0192487726263746,-0.00448349670948285));
#5027=CARTESIAN_POINT('',(0.0175533137861549,0.017716037689787,-0.00412648630793216));
#5028=CARTESIAN_POINT('',(0.0165623925813772,0.0167159303809723,-0.00389353754204271));
#5029=CARTESIAN_POINT('',(0.0161300349223461,0.0162795646510493,-0.00379189759064342));
#5030=CARTESIAN_POINT('',(0.0205033206035574,0.0210459787603807,-0.00491680691870629));
#5031=CARTESIAN_POINT('',(0.01998024580694,0.0205090598255136,-0.0047913707599134));
#5032=CARTESIAN_POINT('',(0.0189035403003337,0.0194038573238618,-0.00453317096941837));
#5033=CARTESIAN_POINT('',(0.0173982954098718,0.0178587733539835,-0.00417220512223329));
#5034=CARTESIAN_POINT('',(0.0164161253160273,0.0168506083189722,-0.00393667543384111));
#5035=CARTESIAN_POINT('',(0.0159875859321717,0.0164107268507457,-0.00383390937715106));
#5036=CARTESIAN_POINT('',(0.0203370769052264,0.0212013531069273,-0.00495887683344623));
#5037=CARTESIAN_POINT('',(0.0198182432698519,0.0206604703065825,-0.00483236739913266));
#5038=CARTESIAN_POINT('',(0.0187502678372123,0.0195471085209909,-0.0045719583611826));
#5039=CARTESIAN_POINT('',(0.017257227676039,0.0179906177918968,-0.00420790396432165));
#5040=CARTESIAN_POINT('',(0.0162830211502403,0.0169750098631476,-0.00397035900177427));
#5041=CARTESIAN_POINT('',(0.0158579564217066,0.0165318809196451,-0.00386671364286337));
#5042=CARTESIAN_POINT('',(0.0201872798565756,0.0213434470454006,-0.00499046549046683));
#5043=CARTESIAN_POINT('',(0.0196722678002648,0.0207989391855152,-0.00486315017545394));
#5044=CARTESIAN_POINT('',(0.0186121587669404,0.0196781155195303,-0.0046010822998152));
#5045=CARTESIAN_POINT('',(0.0171301159093966,0.0181111930082391,-0.00423470883154644));
#5046=CARTESIAN_POINT('',(0.0161630851081634,0.0170887783568334,-0.00399565067829058));
#5047=CARTESIAN_POINT('',(0.0157411512839439,0.0166426795115272,-0.00389134508566056));
#5048=CARTESIAN_POINT('',(0.0200539060232963,0.0214718405597007,-0.00501291439453822));
#5049=CARTESIAN_POINT('',(0.0195422965617196,0.0209240571615414,-0.00488502636956491));
#5050=CARTESIAN_POINT('',(0.0184891914836816,0.0197964910753148,-0.00462177961860649));
#5051=CARTESIAN_POINT('',(0.0170169402245303,0.0182201425941963,-0.00425375807104349));
#5052=CARTESIAN_POINT('',(0.0160562984269557,0.0171915775112373,-0.0040136245484538));
#5053=CARTESIAN_POINT('',(0.0156371522458425,0.0167427951163454,-0.00390884975184921));
#5054=CARTESIAN_POINT('',(0.0199368996076403,0.0215861423036372,-0.00502757800806072));
#5055=CARTESIAN_POINT('',(0.0194282751799639,0.0210354428723816,-0.00489931588921211));
#5056=CARTESIAN_POINT('',(0.0183813145433304,0.0199018743771068,-0.00463529909745242));
#5057=CARTESIAN_POINT('',(0.0169176532737092,0.0183171344690893,-0.00426620102527385));
#5058=CARTESIAN_POINT('',(0.0159626164317644,0.0172830939923275,-0.0040253650719439));
#5059=CARTESIAN_POINT('',(0.0155459157987768,0.016831922579585,-0.00392028379152503));
#5060=CARTESIAN_POINT('',(0.0198361694426922,0.0216859936972073,-0.00503582062188445));
#5061=CARTESIAN_POINT('',(0.0193301148139066,0.0211327468860228,-0.00490734821985135));
#5062=CARTESIAN_POINT('',(0.0182884438923088,0.0199939348232606,-0.00464289857782976));
#5063=CARTESIAN_POINT('',(0.016832177696346,0.0184018643563115,-0.00427319537672686));
#5064=CARTESIAN_POINT('',(0.0158819661291687,0.0173630407005472,-0.00403196457765707));
#5065=CARTESIAN_POINT('',(0.0154673708548037,0.0169097822963604,-0.00392671101857576));
#5066=CARTESIAN_POINT('',(0.0197515837677289,0.0217710720234003,-0.00503902307587343));
#5067=CARTESIAN_POINT('',(0.019247687064266,0.0212156547185172,-0.00491046897375859));
#5068=CARTESIAN_POINT('',(0.0182104580505803,0.0200723748768973,-0.00464585115898532));
#5069=CARTESIAN_POINT('',(0.0167604016855764,0.0184740584111529,-0.00427591285072115));
#5070=CARTESIAN_POINT('',(0.0158142420240354,0.0174311592502917,-0.00403452864457181));
#5071=CARTESIAN_POINT('',(0.0154014146727172,0.0169761226261672,-0.0039292081510809));
#5072=CARTESIAN_POINT('',(0.0196829744265645,0.0218410986537428,-0.00503854497831489));
#5073=CARTESIAN_POINT('',(0.0191808280648082,0.0212838948496807,-0.00491000307328696));
#5074=CARTESIAN_POINT('',(0.0181472019824166,0.0201369376496486,-0.00464541036519196));
#5075=CARTESIAN_POINT('',(0.0167021825508062,0.0185334802006676,-0.00427550715631101));
#5076=CARTESIAN_POINT('',(0.0157593094809522,0.0174872265557487,-0.00403414585245798));
#5077=CARTESIAN_POINT('',(0.0153479161317333,0.0170307263067997,-0.00392883535167202));
#5078=CARTESIAN_POINT('',(0.0196301150008522,0.021895828143819,-0.00503582496044143));
#5079=CARTESIAN_POINT('',(0.0191293171735058,0.0213372280968046,-0.0049073524477243));
#5080=CARTESIAN_POINT('',(0.0180984669358587,0.0201873968480036,-0.00464290257786897));
#5081=CARTESIAN_POINT('',(0.0166573281625087,0.0185799214505699,-0.00427319905825228));
#5082=CARTESIAN_POINT('',(0.0157169872165051,0.0175310461001505,-0.00403196805135269));
#5083=CARTESIAN_POINT('',(0.0153066986808022,0.0170734019515177,-0.00392671440159131));
#5084=CARTESIAN_POINT('',(0.0195792857109934,0.0219492616742941,-0.00503077350290897));
#5085=CARTESIAN_POINT('',(0.0190797846258172,0.0213892984464747,-0.00490242986151823));
#5086=CARTESIAN_POINT('',(0.0180516036229417,0.0202366612045562,-0.00463824526245718));
#5087=CARTESIAN_POINT('',(0.0166141964660613,0.0186252630011399,-0.00426891259402048));
#5088=CARTESIAN_POINT('',(0.0156762903943571,0.0175738280255429,-0.00402792356697453));
#5089=CARTESIAN_POINT('',(0.0152670642403523,0.017115067064045,-0.0039227754975989));
#5090=CARTESIAN_POINT('',(0.0195196263556189,0.0220132546794093,-0.0050209851289663));
#5091=CARTESIAN_POINT('',(0.0190216472826953,0.0214516588805161,-0.00489289120574601));
#5092=CARTESIAN_POINT('',(0.0179965992141232,0.0202956611282527,-0.00462922063055106));
#5093=CARTESIAN_POINT('',(0.0165635719302196,0.0186795648983148,-0.00426060657253597));
#5094=CARTESIAN_POINT('',(0.0156285237192395,0.0176250644672702,-0.00402008643774118));
#5095=CARTESIAN_POINT('',(0.015220544503908,0.0171649659895956,-0.00391514295492103));
#5096=CARTESIAN_POINT('',(0.0194196027758781,0.0221181533527143,-0.00501179910343369));
#5097=CARTESIAN_POINT('',(0.0189241754756475,0.0215538814091484,-0.00488393953144509));
#5098=CARTESIAN_POINT('',(0.0179043800166979,0.0203923750379952,-0.00462075134856435));
#5099=CARTESIAN_POINT('',(0.0164786959327199,0.0187685777046574,-0.00425281167975011));
#5100=CARTESIAN_POINT('',(0.0155484391489726,0.0177090523148855,-0.00401273158292447));
#5101=CARTESIAN_POINT('',(0.0151425505239441,0.017246761352701,-0.00390798009699097));
#5102=CARTESIAN_POINT('',(0.0192890268099372,0.0222514794713916,-0.00501072963781178));
#5103=CARTESIAN_POINT('',(0.0187969307260568,0.0216838061503728,-0.00488289734972141));
#5104=CARTESIAN_POINT('',(0.0177839922959894,0.0205152983296041,-0.00461976532845207));
#5105=CARTESIAN_POINT('',(0.0163678944058455,0.0188817129008263,-0.00425190417412307));
#5106=CARTESIAN_POINT('',(0.0154438925995821,0.0178158007930674,-0.00401187530788445));
#5107=CARTESIAN_POINT('',(0.0150407331395057,0.0173507231850583,-0.00390714617482479));
#5108=CARTESIAN_POINT('',(0.0191338665304169,0.022402702494167,-0.00503123451390728));
#5109=CARTESIAN_POINT('',(0.0186457288507981,0.0218311712150441,-0.00490287911133703));
#5110=CARTESIAN_POINT('',(0.0176409384632159,0.0206547221117634,-0.00463867030287642));
#5111=CARTESIAN_POINT('',(0.0162362316166238,0.0190100346919105,-0.00426930378946101));
#5112=CARTESIAN_POINT('',(0.0153196624496506,0.0179368785511804,-0.00402829267861585));
#5113=CARTESIAN_POINT('',(0.0149197459906406,0.0174686402346081,-0.00392313497366103));
#5114=CARTESIAN_POINT('',(0.0189791913530383,0.0225450424410698,-0.00507709301561776));
#5115=CARTESIAN_POINT('',(0.0184949997018951,0.0219698798263104,-0.00494756768418968));
#5116=CARTESIAN_POINT('',(0.0174983318822832,0.0207859559238202,-0.00468095067550283));
#5117=CARTESIAN_POINT('',(0.0161049804656204,0.019130818661138,-0.00430821747448013));
#5118=CARTESIAN_POINT('',(0.0151958207001007,0.0180508440132153,-0.00406500960488553));
#5119=CARTESIAN_POINT('',(0.0147991371030497,0.0175796306530233,-0.00395889341254969));
#5120=CARTESIAN_POINT('',(0.0188196617985572,0.0226806788134272,-0.00515815143610941));
#5121=CARTESIAN_POINT('',(0.0183395400193572,0.0221020558826898,-0.00502655816565659));
#5122=CARTESIAN_POINT('',(0.0173512496890846,0.020911009210584,-0.00475568447828886));
#5123=CARTESIAN_POINT('',(0.0159696100849327,0.0192459142459081,-0.00437700039859472));
#5124=CARTESIAN_POINT('',(0.0150680922599808,0.0181594422119696,-0.00412990958935337));
#5125=CARTESIAN_POINT('',(0.0146747429861014,0.0176853939193996,-0.00402209919702694));
#5126=CARTESIAN_POINT('',(0.0186539541746627,0.0228046087464357,-0.00529360344338335));
#5127=CARTESIAN_POINT('',(0.0181780598805292,0.0222228241510219,-0.00515855456042141));
#5128=CARTESIAN_POINT('',(0.0171984714729639,0.021025269457904,-0.00488056778513332));
#5129=CARTESIAN_POINT('',(0.0158289972423629,0.0193510762158299,-0.00449193953855057));
#5130=CARTESIAN_POINT('',(0.0149354173058955,0.0182586675691697,-0.00423836017492977));
#5131=CARTESIAN_POINT('',(0.0145455314828599,0.0177820290202133,-0.00412771870363513));
#5132=CARTESIAN_POINT('',(0.018510919390038,0.022888100318631,-0.00548148928084421));
#5133=CARTESIAN_POINT('',(0.0180386741580406,0.0223041857103284,-0.00534164710863331));
#5134=CARTESIAN_POINT('',(0.0170665970381939,0.021102246564698,-0.00505379375028196));
#5135=CARTESIAN_POINT('',(0.0157076236617169,0.0194219238148786,-0.00465137192351304));
#5136=CARTESIAN_POINT('',(0.0148208955172374,0.0183255156733617,-0.00438879226895503));
#5137=CARTESIAN_POINT('',(0.014433999260607,0.0178471320691727,-0.00427422380053745));
#5138=CARTESIAN_POINT('',(0.0183825008806425,0.0229123108396797,-0.0058035512732775));
#5139=CARTESIAN_POINT('',(0.0179135318245866,0.022327778579553,-0.00565549274848413));
#5140=CARTESIAN_POINT('',(0.0169481984375669,0.0211245680495534,-0.00535072671889155));
#5141=CARTESIAN_POINT('',(0.0155986528659243,0.0194424678918785,-0.00492466081134685));
#5142=CARTESIAN_POINT('',(0.0147180763503377,0.0183448999943303,-0.00464665342859552));
#5143=CARTESIAN_POINT('',(0.0143338641657148,0.0178660103666551,-0.0045253535506434));
#5144=CARTESIAN_POINT('',(0.0182829974609079,0.0229123108396797,-0.00610979131008717));
#5145=CARTESIAN_POINT('',(0.017816566907373,0.022327778579553,-0.00595392007787592));
#5146=CARTESIAN_POINT('',(0.0168564588144423,0.0211245680495534,-0.00563307224668878));
#5147=CARTESIAN_POINT('',(0.0155142182553406,0.0194424678918785,-0.00518452382230812));
#5148=CARTESIAN_POINT('',(0.0146384082497739,0.0183448999943303,-0.0048918466301387));
#5149=CARTESIAN_POINT('',(0.0142562757836029,0.0178660103666551,-0.00476414603694519));
#5150=CARTESIAN_POINT('',(0.018197586927925,0.022888100318631,-0.00644582744115205));
#5151=CARTESIAN_POINT('',(0.0177333353432524,0.0223041857103284,-0.00628138335216743));
#5152=CARTESIAN_POINT('',(0.0167777124745916,0.021102246564698,-0.00594288901582476));
#5153=CARTESIAN_POINT('',(0.0154417423031432,0.0194219238148786,-0.00546967060363693));
#5154=CARTESIAN_POINT('',(0.0145700237163675,0.0183255156733617,-0.00516089628043374));
#5155=CARTESIAN_POINT('',(0.0141896764135799,0.0178471320691727,-0.0050261722045886));
#5156=CARTESIAN_POINT('',(0.018202867975099,0.0228046087464357,-0.00668190401362749));
#5157=CARTESIAN_POINT('',(0.0177384816618754,0.0222228241510219,-0.00651143720727326));
#5158=CARTESIAN_POINT('',(0.0167825814658156,0.021025269457904,-0.00616054561340923));
#5159=CARTESIAN_POINT('',(0.0154462235879353,0.0193510762158299,-0.00566999571324699));
#5160=CARTESIAN_POINT('',(0.0145742520232786,0.0182586675691697,-0.00534991261943897));
#5161=CARTESIAN_POINT('',(0.014193794341458,0.0177820290202133,-0.00521025431314074));
#5162=CARTESIAN_POINT('',(0.0182573115666581,0.0226806788134272,-0.00688888748695192));
#5163=CARTESIAN_POINT('',(0.0177915363042427,0.0221020558826898,-0.00671314017797542));
#5164=CARTESIAN_POINT('',(0.0168327770730069,0.020911009210584,-0.00635137911326743));
#5165=CARTESIAN_POINT('',(0.0154924222358243,0.0192459142459081,-0.00584563358593552));
#5166=CARTESIAN_POINT('',(0.0146178426610572,0.0181594422119696,-0.00551563536758011));
#5167=CARTESIAN_POINT('',(0.0142362470551104,0.0176853939193996,-0.0053716509049562));
#5168=CARTESIAN_POINT('',(0.0183387287431992,0.0225450424410698,-0.0070482342460956));
#5169=CARTESIAN_POINT('',(0.0178708763892783,0.0219698798263104,-0.00686842172859789));
#5170=CARTESIAN_POINT('',(0.0169078416397492,0.0207859559238202,-0.0064982927738126));
#5171=CARTESIAN_POINT('',(0.0155615095859316,0.019130818661138,-0.00598084885383248));
#5172=CARTESIAN_POINT('',(0.014683029886035,0.0180508440132153,-0.00564321745135007));
#5173=CARTESIAN_POINT('',(0.0142997325817466,0.0175796306530233,-0.00549590248615523));
#5174=CARTESIAN_POINT('',(0.0184369086393089,0.022402702494167,-0.00717625034147486));
#5175=CARTESIAN_POINT('',(0.0179665515482196,0.0218311712150441,-0.00699317191430578));
#5176=CARTESIAN_POINT('',(0.0169983610077422,0.0206547221117634,-0.00661632035894793));
#5177=CARTESIAN_POINT('',(0.015644821107458,0.0190100346919105,-0.00608947817723291));
#5178=CARTESIAN_POINT('',(0.0147616382982632,0.0179368785511804,-0.00574571442268699));
#5179=CARTESIAN_POINT('',(0.0143762889384565,0.0174686402346081,-0.00559572379632983));
#5180=CARTESIAN_POINT('',(0.0185503834785238,0.0222514794713916,-0.00728404005874727));
#5181=CARTESIAN_POINT('',(0.0180771314500928,0.0216838061503728,-0.00709821173142641));
#5182=CARTESIAN_POINT('',(0.0171029819244048,0.0205152983296041,-0.00671569973772363));
#5183=CARTESIAN_POINT('',(0.015741111304174,0.0188817129008263,-0.00618094420751714));
#5184=CARTESIAN_POINT('',(0.0148524927123742,0.0178158007930674,-0.0058320170046315));
#5185=CARTESIAN_POINT('',(0.0144647716178315,0.0173507231850583,-0.00567977346812778));
#5186=CARTESIAN_POINT('',(0.0186566502701473,0.0221181533527143,-0.00735992546996816));
#5187=CARTESIAN_POINT('',(0.0181806871940041,0.0215538814091484,-0.00717216117594181));
#5188=CARTESIAN_POINT('',(0.0172009572044525,0.0203923750379952,-0.00678566415748561));
#5189=CARTESIAN_POINT('',(0.0158312850408421,0.0187685777046574,-0.00624533752347064));
#5190=CARTESIAN_POINT('',(0.0149375759533748,0.0177090523148855,-0.00589277518348202));
#5191=CARTESIAN_POINT('',(0.0145476337793159,0.017246761352701,-0.00573894556792325));
#5192=CARTESIAN_POINT('',(0.018742970456331,0.0220132546794093,-0.0074112862042546));
#5193=CARTESIAN_POINT('',(0.0182648052045156,0.0214516588805161,-0.00722221161000126));
#5194=CARTESIAN_POINT('',(0.0172805422214265,0.0202956611282527,-0.00683301744865299));
#5195=CARTESIAN_POINT('',(0.0159045328882565,0.0186795648983148,-0.00628892018234143));
#5196=CARTESIAN_POINT('',(0.015006688806902,0.0176250644672702,-0.00593389751028323));
#5197=CARTESIAN_POINT('',(0.0146149424568212,0.0171649659895956,-0.00577899440531994));
#5198=CARTESIAN_POINT('',(0.0187969893505499,0.0219492616742941,-0.00743843413263813));
#5199=CARTESIAN_POINT('',(0.0183174459842986,0.0213892984464747,-0.00724866694827256));
#5200=CARTESIAN_POINT('',(0.017330346268468,0.0202366612045562,-0.00685804714838756));
#5201=CARTESIAN_POINT('',(0.0159503711550186,0.0186252630011399,-0.00631195682537674));
#5202=CARTESIAN_POINT('',(0.0150499394078206,0.0175738280255429,-0.0059556336867315));
#5203=CARTESIAN_POINT('',(0.0146570640102019,0.017115067064045,-0.00580016316360569));
#5204=CARTESIAN_POINT('',(0.0188410802820978,0.021895828143819,-0.00746422412461148));
#5205=CARTESIAN_POINT('',(0.0183604120807285,0.0213372280968046,-0.00727379899341539));
#5206=CARTESIAN_POINT('',(0.0173709969863449,0.0201873968480036,-0.00688182486527742));
#5207=CARTESIAN_POINT('',(0.0159877849509007,0.0185799214505699,-0.00633384117804558));
#5208=CARTESIAN_POINT('',(0.0150852411168259,0.0175310461001505,-0.00597628262200984));
#5209=CARTESIAN_POINT('',(0.0146914441757654,0.0170734019515177,-0.00582027306291598));
#5210=CARTESIAN_POINT('',(0.018885443242204,0.0218410986537428,-0.00749309357480523));
#5211=CARTESIAN_POINT('',(0.0184036432658025,0.0212838948496807,-0.00730193193452944));
#5212=CARTESIAN_POINT('',(0.0174118985076362,0.0201369376496486,-0.00690844176435139));
#5213=CARTESIAN_POINT('',(0.0160254295793055,0.0185334802006676,-0.00635833863543326));
#5214=CARTESIAN_POINT('',(0.0151207606273762,0.0174872265557487,-0.00599939714679092));
#5215=CARTESIAN_POINT('',(0.0147260364572118,0.0170307263067997,-0.00584278418805085));
#5216=CARTESIAN_POINT('',(0.0189412303838729,0.0217710720234003,-0.00753303434466133));
#5217=CARTESIAN_POINT('',(0.0184580071820171,0.0212156547185172,-0.00734085374699454));
#5218=CARTESIAN_POINT('',(0.017463332833869,0.0200723748768973,-0.00694526613866616));
#5219=CARTESIAN_POINT('',(0.0160727683099236,0.0184740584111529,-0.00639223077058007));
#5220=CARTESIAN_POINT('',(0.015165426987834,0.0174311592502917,-0.00603137600016078));
#5221=CARTESIAN_POINT('',(0.0147695368120366,0.0169761226261672,-0.00587392824040307));
#5222=CARTESIAN_POINT('',(0.019007779277173,0.0216859936972073,-0.0075853433966607));
#5223=CARTESIAN_POINT('',(0.0185228582991617,0.0211327468860228,-0.00739182830555916));
#5224=CARTESIAN_POINT('',(0.0175246892214885,0.0199939348232606,-0.00699349375465391));
#5225=CARTESIAN_POINT('',(0.0161292390312873,0.0184018643563115,-0.00643661813382197));
#5226=CARTESIAN_POINT('',(0.0152187098190973,0.0173630407005472,-0.00607325760409157));
#5227=CARTESIAN_POINT('',(0.0148214287065691,0.0169097822963604,-0.00591471653416487));
#5228=CARTESIAN_POINT('',(0.0190844268056163,0.0215861423036372,-0.00765121951673968));
#5229=CARTESIAN_POINT('',(0.0185975504179849,0.0210354428723816,-0.00745602381307891));
#5230=CARTESIAN_POINT('',(0.0175953562939528,0.0199018743771068,-0.00705422986246888));
#5231=CARTESIAN_POINT('',(0.0161942790493447,0.0183171344690893,-0.00649251796681738));
#5232=CARTESIAN_POINT('',(0.015280078192368,0.0172830939923275,-0.00612600177482665));
#5233=CARTESIAN_POINT('',(0.0148811950717921,0.016831922579585,-0.00596608382978517));
#5234=CARTESIAN_POINT('',(0.0191704679285591,0.0214718405597007,-0.00773185727482454));
#5235=CARTESIAN_POINT('',(0.0186813964846364,0.0209240571615414,-0.00753460436395692));
#5236=CARTESIAN_POINT('',(0.0176746840217137,0.0197964910753148,-0.00712857582521119));
#5237=CARTESIAN_POINT('',(0.0162672900948871,0.0182201425941963,-0.00656094393368769));
#5238=CARTESIAN_POINT('',(0.0153489676119831,0.0171915775112373,-0.00619056495303179));
#5239=CARTESIAN_POINT('',(0.014948286148079,0.0167427951163454,-0.006028961600254));
#5240=CARTESIAN_POINT('',(0.0192651744915436,0.0213434470454006,-0.00782841399196667));
#5241=CARTESIAN_POINT('',(0.0187736869211247,0.0207989391855152,-0.007628697754004));
#5242=CARTESIAN_POINT('',(0.0177620010648748,0.0196781155195303,-0.00721759866346538));
#5243=CARTESIAN_POINT('',(0.0163476542852502,0.0181111930082392,-0.0066428780906532));
#5244=CARTESIAN_POINT('',(0.0154247950760445,0.0170887783568334,-0.00626787375580369));
#5245=CARTESIAN_POINT('',(0.0150221341526697,0.0166426795115272,-0.00610425227353013));
#5246=CARTESIAN_POINT('',(0.0193677955028729,0.0212013531069273,-0.00794201824835973));
#5247=CARTESIAN_POINT('',(0.0188736898948362,0.0206604703065825,-0.0077394037714017));
#5248=CARTESIAN_POINT('',(0.0178566150281851,0.0195471085209909,-0.00732233889947589));
#5249=CARTESIAN_POINT('',(0.0164347343590045,0.0179906177918968,-0.00673927810559528));
#5250=CARTESIAN_POINT('',(0.0155069592978607,0.0169750098631476,-0.00635883178867272));
#5251=CARTESIAN_POINT('',(0.0151021534953312,0.0165318809196451,-0.00619283586671793));
#5252=CARTESIAN_POINT('',(0.0194775614045811,0.0210459787603807,-0.00807376911850172));
#5253=CARTESIAN_POINT('',(0.0189806554805457,0.0205090598255136,-0.00786779345137668));
#5254=CARTESIAN_POINT('',(0.0179578163987662,0.0194038573238618,-0.00744380985198594));
#5255=CARTESIAN_POINT('',(0.0165278773001298,0.0178587733539835,-0.00685107660904552));
#5256=CARTESIAN_POINT('',(0.0155948441255288,0.0168506083189722,-0.00646431903323014));
#5257=CARTESIAN_POINT('',(0.0151877441086719,0.0164107268507457,-0.00629556938968045));
#5258=CARTESIAN_POINT('',(0.0195936871578611,0.0208777694608121,-0.00822473643989216));
#5259=CARTESIAN_POINT('',(0.0190938186671296,0.0203451418330393,-0.00801490933804301));
#5260=CARTESIAN_POINT('',(0.0180648813907974,0.0192487726263746,-0.00758299788396953));
#5261=CARTESIAN_POINT('',(0.0166264169561847,0.017716037689787,-0.00697918142219136));
#5262=CARTESIAN_POINT('',(0.0156878210123035,0.0167159303809723,-0.00658519206226234));
#5263=CARTESIAN_POINT('',(0.0152782938540229,0.0162795646510493,-0.00641328705455766));
#5264=CARTESIAN_POINT('',(0.0197153741686989,0.020697192737455,-0.00839596505561657));
#5265=CARTESIAN_POINT('',(0.0192124012340739,0.020169171930922,-0.00818176961875102));
#5266=CARTESIAN_POINT('',(0.0181770737209023,0.0190822854785957,-0.0077408663141864));
#5267=CARTESIAN_POINT('',(0.0167296756723233,0.0175628075258608,-0.00712447915696316));
#5268=CARTESIAN_POINT('',(0.0157852505583693,0.016571350379659,-0.00672228743660547));
#5269=CARTESIAN_POINT('',(0.0153731800229619,0.0161387588792505,-0.00654680358394685));
#5270=CARTESIAN_POINT('',(0.0198418164023136,0.0205047327367321,-0.00858847248827144));
#5271=CARTESIAN_POINT('',(0.0193356177099242,0.0199816219141808,-0.00836936585735443));
#5272=CARTESIAN_POINT('',(0.018293650245506,0.0189048422512173,-0.00791835327260004));
#5273=CARTESIAN_POINT('',(0.0168369694797629,0.0173994936894386,-0.00728783324222016));
#5274=CARTESIAN_POINT('',(0.0158864874064092,0.0164172559502113,-0.00687641984275731));
#5275=CARTESIAN_POINT('',(0.0154717741050844,0.015988687051396,-0.00669691239713184));
#5276=CARTESIAN_POINT('',(0.0199722009910488,0.0203008872004732,-0.00880325620155934));
#5277=CARTESIAN_POINT('',(0.0194626759646693,0.0197829768263996,-0.00857867007054978));
#5278=CARTESIAN_POINT('',(0.0184138615212967,0.0187169018495517,-0.00811637839538374));
#5279=CARTESIAN_POINT('',(0.0169476086116173,0.0172265185442712,-0.00747009008564892));
#5280=CARTESIAN_POINT('',(0.0159908807283175,0.0162540456130643,-0.00704838790692367));
#5281=CARTESIAN_POINT('',(0.0155734422620107,0.0158297372846317,-0.00686439127235489));
#5282=CARTESIAN_POINT('',(0.0201057113258699,0.0200861639726173,-0.00904129464315772));
#5283=CARTESIAN_POINT('',(0.0195927802223683,0.0195737315555493,-0.00881063574413981));
#5284=CARTESIAN_POINT('',(0.0185369546555065,0.0185189324927984,-0.00833584378641913));
#5285=CARTESIAN_POINT('',(0.0170609001262165,0.0170443130263537,-0.00767207995869981));
#5286=CARTESIAN_POINT('',(0.0160977767004279,0.016082125976977,-0.0072389750299984));
#5287=CARTESIAN_POINT('',(0.0156775477379996,0.0156623055732832,-0.00705000315999977));
#5288=CARTESIAN_POINT('',(0.0202415278886916,0.0198610782110346,-0.00930355310956543));
#5289=CARTESIAN_POINT('',(0.0197251318722451,0.0193543881169414,-0.00906620354825774));
#5290=CARTESIAN_POINT('',(0.0186621740732972,0.0183114091434161,-0.0085776394245355));
#5291=CARTESIAN_POINT('',(0.0171761486133867,0.0168533142779903,-0.00789462197326059));
#5292=CARTESIAN_POINT('',(0.0162065191699226,0.0159019095066578,-0.00744895408329336));
#5293=CARTESIAN_POINT('',(0.0157834515089599,0.0154867936147575,-0.00725450075574068));
#5294=CARTESIAN_POINT('',(0.0204304013739323,0.0195379082736335,-0.00969895119363309));
#5295=CARTESIAN_POINT('',(0.0199091868716517,0.019039462797695,-0.00945151435054283));
#5296=CARTESIAN_POINT('',(0.018836310624588,0.0180134546777157,-0.00894218640506465));
#5297=CARTESIAN_POINT('',(0.0173364190766374,0.0165790852325002,-0.00823014092670821));
#5298=CARTESIAN_POINT('',(0.0163577420309673,0.0156431612632232,-0.00776553229144203));
#5299=CARTESIAN_POINT('',(0.0159307267300804,0.0152347999379871,-0.00756281475856377));
#5300=CARTESIAN_POINT('',(0.0205640131774103,0.0192966423508017,-0.0100168952311233));
#5301=CARTESIAN_POINT('',(0.0200393900093686,0.0188043519814411,-0.00976134709152835));
#5302=CARTESIAN_POINT('',(0.0189594973103197,0.0177910136310416,-0.00923532272391554));
#5303=CARTESIAN_POINT('',(0.0174497966934685,0.0163743566483392,-0.00849993548316175));
#5304=CARTESIAN_POINT('',(0.0164647192446589,0.0154499900349975,-0.0080200963820029));
#5305=CARTESIAN_POINT('',(0.0160349113268567,0.0150466714026946,-0.00781073350886191));
#5306=CARTESIAN_POINT('',(0.0206505621069588,0.0191347345465503,-0.010239846145903));
#5307=CARTESIAN_POINT('',(0.0201237309276103,0.0186465747223544,-0.00997861014692861));
#5308=CARTESIAN_POINT('',(0.0190392932228601,0.0176417387520216,-0.00944087779882388));
#5309=CARTESIAN_POINT('',(0.0175232386433267,0.0162369681802956,-0.00868912268616364));
#5310=CARTESIAN_POINT('',(0.0165340152431418,0.0153203574327656,-0.00819860357247775));
#5311=CARTESIAN_POINT('',(0.0161023983683585,0.0149204228313725,-0.00798458080792224));
#5312=CARTESIAN_POINT('',(0.0190541895751209,0.0183115445899656,-0.00899534181319391));
#5313=CARTESIAN_POINT('',(0.0186916665735991,0.0183115445899656,-0.0086015783863192));
#5314=CARTESIAN_POINT('',(0.0181287392408972,0.0183115445899656,-0.00803140159057957));
#5315=CARTESIAN_POINT('',(0.0173279955039602,0.0183115445899657,-0.00732213416207221));
#5316=CARTESIAN_POINT('',(0.0166948841268472,0.0183115445899656,-0.00682835049767786));
#5317=CARTESIAN_POINT('',(0.016041440112578,0.0183115445899657,-0.0063689670034826));
#5318=CARTESIAN_POINT('',(0.0154238741412675,0.0183115445899656,-0.00610077119718686));
#5319=CARTESIAN_POINT('',(0.0149790294559632,0.0183115445899657,-0.00580687858575734));
#5320=CARTESIAN_POINT('',(0.014693698154834,0.0183115445899656,-0.00553065603113979));
#5321=CARTESIAN_POINT('',(0.0145231287234035,0.0183115445899656,-0.0051433136106603));
#5322=CARTESIAN_POINT('',(0.0146592283553307,0.0183115445899642,-0.00475566169245712));
#5323=CARTESIAN_POINT('',(0.0147808590975446,0.0183115445899665,-0.00436355539378363));
#5324=CARTESIAN_POINT('',(0.0151516123920503,0.0183115445899636,-0.00415902596922982));
#5325=CARTESIAN_POINT('',(0.0155454887277635,0.0183115445899662,-0.00410606894473069));
#5326=CARTESIAN_POINT('',(0.0160741684454482,0.0183115445899653,-0.00413253148513689));
#5327=CARTESIAN_POINT('',(0.0167322630157754,0.0183115445899657,-0.00427715640934901));
#5328=CARTESIAN_POINT('',(0.0175277189556963,0.0183115445899656,-0.00428857405366573));
#5329=CARTESIAN_POINT('',(0.0183251951581035,0.0183115445899657,-0.00426117878879469));
#5330=CARTESIAN_POINT('',(0.0193898811198864,0.0183115445899656,-0.00415790816271447));
#5331=CARTESIAN_POINT('',(0.0201788096403591,0.0183115445899656,-0.00402765123792816));
#5332=CARTESIAN_POINT('',(0.0207024924374317,0.0183115445899656,-0.00392238722955726));
#5333=CARTESIAN_POINT('',(0.0190541895751209,0.0183115445899656,-0.00899534181319391));
#5334=CARTESIAN_POINT('',(0.0207024924374316,0.0183115445899656,-0.00392238722955713));
#5335=CARTESIAN_POINT('',(0.0190541895751192,0.0183115445899696,-0.00899534181318965));
#5336=CARTESIAN_POINT('',(0.0193327966131489,0.0185732743256423,-0.00913071586267546));
#5337=CARTESIAN_POINT('',(0.0196114008780488,0.0188350044538031,-0.00926609486063041));
#5338=CARTESIAN_POINT('',(0.0198900027041455,0.0190967349302385,-0.00940147820446787));
#5339=CARTESIAN_POINT('',(0.0198900027041455,0.0190967349302385,-0.00940147820446795));
#5340=CARTESIAN_POINT('',(0.0199301023340285,0.0193008123878541,-0.00931616986508671));
#5341=CARTESIAN_POINT('',(0.0199169553041884,0.0192326135808408,-0.00934429533444783));
#5342=CARTESIAN_POINT('',(0.0199035892500132,0.0191645888026429,-0.00937273416782051));
#5343=CARTESIAN_POINT('',(0.0198900027041455,0.0190967349302385,-0.00940147820446794));
#5344=CARTESIAN_POINT('',(0.0199301023340285,0.0193008123878541,-0.00931616986508672));
#5345=CARTESIAN_POINT('',(0.0215996987424104,0.0193008123878541,-0.00417768048528285));
#5346=CARTESIAN_POINT('',(0.0212914710139383,0.0195702205982188,-0.00435257309700985));
#5347=CARTESIAN_POINT('',(0.0208225351532969,0.0199814152269914,-0.00458265645865334));
#5348=CARTESIAN_POINT('',(0.0201857255932051,0.0205520008019117,-0.00480318696940958));
#5349=CARTESIAN_POINT('',(0.0196995084890866,0.0209966475116273,-0.00491947805231491));
#5350=CARTESIAN_POINT('',(0.0192139078229949,0.0214598628653918,-0.00494874163496577));
#5351=CARTESIAN_POINT('',(0.0187445459433313,0.0219328522393415,-0.00487497012993865));
#5352=CARTESIAN_POINT('',(0.0183128689712885,0.0222974295047699,-0.00508260292085615));
#5353=CARTESIAN_POINT('',(0.0180711482816857,0.0224256349215794,-0.00545369395357695));
#5354=CARTESIAN_POINT('',(0.0179333996781919,0.0224290115667116,-0.00588528076320731));
#5355=CARTESIAN_POINT('',(0.0177410003327193,0.0224265741287684,-0.00645147709892674));
#5356=CARTESIAN_POINT('',(0.0179726248513905,0.0220073883911521,-0.00701675518115971));
#5357=CARTESIAN_POINT('',(0.0183891086656328,0.0215277174587997,-0.00726737250591811));
#5358=CARTESIAN_POINT('',(0.0187902240611421,0.0210494434331469,-0.00755358075784729));
#5359=CARTESIAN_POINT('',(0.0191227712075215,0.0205957163770402,-0.00793996021260696));
#5360=CARTESIAN_POINT('',(0.0195299060157387,0.019998263200139,-0.00851157291419397));
#5361=CARTESIAN_POINT('',(0.0197804404437368,0.0195759184491116,-0.00898668289747028));
#5362=CARTESIAN_POINT('',(0.0199301023340286,0.0193008123878541,-0.00931616986508671));
#5363=CARTESIAN_POINT('',(0.0215996987424104,0.0193008123878541,-0.00417768048528286));
#5364=CARTESIAN_POINT('',(0.0216174004441527,0.0190967349302386,-0.00408509461789393));
#5365=CARTESIAN_POINT('',(0.0216114968698218,0.019164588802643,-0.00411633500331928));
#5366=CARTESIAN_POINT('',(0.0216055943079484,0.0192326135808408,-0.00414719887234344));
#5367=CARTESIAN_POINT('',(0.0215996987424104,0.0193008123878541,-0.00417768048528286));
#5368=CARTESIAN_POINT('',(0.0216174004441527,0.0190967349302386,-0.00408509461789393));
#5369=CARTESIAN_POINT('',(0.0207024924374316,0.0183115445899657,-0.00392238722955728));
#5370=CARTESIAN_POINT('',(0.0210074611359047,0.0185732743257446,-0.00397662843108665));
#5371=CARTESIAN_POINT('',(0.0213124304993784,0.0188350044539023,-0.00403086399919291));
#5372=CARTESIAN_POINT('',(0.0216174004441527,0.0190967349302386,-0.00408509461789393));
#5373=CARTESIAN_POINT('',(0.0204223054098405,0.0191347345465503,-0.0106878251376193));
#5374=CARTESIAN_POINT('',(0.0199012974494588,0.0186465747223544,-0.0104151604279248));
#5375=CARTESIAN_POINT('',(0.0188288463515349,0.0176417387520216,-0.00985390303933752));
#5376=CARTESIAN_POINT('',(0.0173295491662643,0.0162369681802956,-0.00906925968865217));
#5377=CARTESIAN_POINT('',(0.0163512599413754,0.0153203574327656,-0.00855728104766132));
#5378=CARTESIAN_POINT('',(0.0159244138540286,0.0149204228313725,-0.0083338950855632));
#5379=CARTESIAN_POINT('',(0.0201910621464819,0.0192966423508017,-0.0107488528424622));
#5380=CARTESIAN_POINT('',(0.0196759535974829,0.0188043519814411,-0.0104746312115784));
#5381=CARTESIAN_POINT('',(0.0186156459420695,0.0177910136310416,-0.00991016903157559));
#5382=CARTESIAN_POINT('',(0.0171333254088913,0.0163743566483392,-0.0091210453509638));
#5383=CARTESIAN_POINT('',(0.016166113424712,0.0154499900349975,-0.00860614330123582));
#5384=CARTESIAN_POINT('',(0.0157441005469471,0.0150466714026946,-0.00838148180062679));
#5385=CARTESIAN_POINT('',(0.0198553049692757,0.0195379082736336,-0.0108276414390905));
#5386=CARTESIAN_POINT('',(0.0193487621604597,0.019039462797695,-0.0105514097762731));
#5387=CARTESIAN_POINT('',(0.0183060863612988,0.0180134546777157,-0.0099828101144698));
#5388=CARTESIAN_POINT('',(0.0168484153366171,0.0165790852325002,-0.00918790219359787));
#5389=CARTESIAN_POINT('',(0.0158972871207514,0.0156431612632232,-0.00866922593554333));
#5390=CARTESIAN_POINT('',(0.0154822918952306,0.0152347999379871,-0.00844291767647469));
#5391=CARTESIAN_POINT('',(0.0194244041505481,0.0198610782110346,-0.0109072487423436));
#5392=CARTESIAN_POINT('',(0.0189288543590328,0.0193543881169414,-0.0106289861609856));
#5393=CARTESIAN_POINT('',(0.0179088067620688,0.0183114091434161,-0.0100562060240565));
#5394=CARTESIAN_POINT('',(0.0164827701866662,0.0168533142779903,-0.00925545375783281));
#5395=CARTESIAN_POINT('',(0.0155522834027788,0.0159019095066578,-0.00873296407296714));
#5396=CARTESIAN_POINT('',(0.0151462944243402,0.0154867936147575,-0.0085049919436725));
#5397=CARTESIAN_POINT('',(0.0191324016216619,0.0200861639726173,-0.0109515224937465));
#5398=CARTESIAN_POINT('',(0.0186443013143722,0.0195737315555493,-0.0106721304132231));
#5399=CARTESIAN_POINT('',(0.0176395878545889,0.0185189324927984,-0.0100970252971916));
#5400=CARTESIAN_POINT('',(0.0162349885538164,0.0170443130263537,-0.0092930226873104));
#5401=CARTESIAN_POINT('',(0.0153184895603335,0.016082125976977,-0.0087684121579527));
#5402=CARTESIAN_POINT('',(0.0149186037193443,0.0156623055732833,-0.00853951466410302));
#5403=CARTESIAN_POINT('',(0.0188613490712578,0.0203008872004732,-0.0109834258494018));
#5404=CARTESIAN_POINT('',(0.0183801637783903,0.0197829768263996,-0.0107032198596783));
#5405=CARTESIAN_POINT('',(0.0173896842946171,0.0187169018495517,-0.0101264393799641));
#5406=CARTESIAN_POINT('',(0.0160049842323354,0.0172265185442712,-0.00932009459517298));
#5407=CARTESIAN_POINT('',(0.0151014694629211,0.0162540456130643,-0.00879395580010536));
#5408=CARTESIAN_POINT('',(0.0147072488844125,0.0158297372846317,-0.00856439149502837));
#5409=CARTESIAN_POINT('',(0.0186109472587081,0.0205047327367321,-0.0110041892004137));
#5410=CARTESIAN_POINT('',(0.0181361501445998,0.0199816219141808,-0.0107234535020728));
#5411=CARTESIAN_POINT('',(0.017158820189903,0.0189048422512173,-0.0101455826616897));
#5412=CARTESIAN_POINT('',(0.0157925032986299,0.0173994936894386,-0.0093377135419567));
#5413=CARTESIAN_POINT('',(0.0149009835214652,0.0164172559502113,-0.00881058012056458));
#5414=CARTESIAN_POINT('',(0.0145119965848891,0.015988687051396,-0.00858058184121477));
#5415=CARTESIAN_POINT('',(0.0183808845939612,0.0206971927374551,-0.0110150483144839));
#5416=CARTESIAN_POINT('',(0.0179119567721446,0.020169171930922,-0.0107340355815595));
#5417=CARTESIAN_POINT('',(0.0169467082623408,0.0190822854785957,-0.0101555944887698));
#5418=CARTESIAN_POINT('',(0.0155972813498811,0.0175628075258608,-0.00934692815056259));
#5419=CARTESIAN_POINT('',(0.014716782259238,0.0165713503796591,-0.0088192745452797));
#5420=CARTESIAN_POINT('',(0.0143326038565821,0.0161387588792506,-0.00858904929986216));
#5421=CARTESIAN_POINT('',(0.0181708319035509,0.0208777694608121,-0.0110172471098147));
#5422=CARTESIAN_POINT('',(0.0177072628853368,0.0203451418330393,-0.0107361782818586));
#5423=CARTESIAN_POINT('',(0.0167530450223641,0.0192487726263746,-0.0101576217221605));
#5424=CARTESIAN_POINT('',(0.0154190390626896,0.017716037689787,-0.00934879396007954));
#5425=CARTESIAN_POINT('',(0.0145486021212292,0.0167159303809723,-0.00882103502595464));
#5426=CARTESIAN_POINT('',(0.0141688140245274,0.0162795646510493,-0.00859076382357166));
#5427=CARTESIAN_POINT('',(0.0179804397697614,0.0210459787603807,-0.011012035767018));
#5428=CARTESIAN_POINT('',(0.0175217279807048,0.0205090598255136,-0.0107310998893349));
#5429=CARTESIAN_POINT('',(0.016577508315723,0.0194038573238618,-0.0101528169966002));
#5430=CARTESIAN_POINT('',(0.0152574799351983,0.0178587733539835,-0.00934437182362602));
#5431=CARTESIAN_POINT('',(0.0143961633437303,0.0168506083189723,-0.00881686252833488));
#5432=CARTESIAN_POINT('',(0.0140203546281875,0.0164107268507458,-0.00858670024809551));
#5433=CARTESIAN_POINT('',(0.0178093322985642,0.0212013531069273,-0.0110006745055793));
#5434=CARTESIAN_POINT('',(0.0173549857539198,0.0206604703065825,-0.0107200284731185));
#5435=CARTESIAN_POINT('',(0.0164197515776801,0.0195471085209909,-0.0101423422024134));
#5436=CARTESIAN_POINT('',(0.0151122849988128,0.0179906177918968,-0.00933473111290605));
#5437=CARTESIAN_POINT('',(0.01425916496459,0.0169750098631476,-0.0088077660558595));
#5438=CARTESIAN_POINT('',(0.0138869325619624,0.0165318809196451,-0.00857784123705727));
#5439=CARTESIAN_POINT('',(0.0176571054074742,0.0213434470454006,-0.0109844272699395));
#5440=CARTESIAN_POINT('',(0.0172066424313324,0.0207989391855152,-0.0107041957322643));
#5441=CARTESIAN_POINT('',(0.016279402254458,0.0196781155195303,-0.0101273626642388));
#5442=CARTESIAN_POINT('',(0.0149831113653453,0.0181111930082391,-0.00932094436047107));
#5443=CARTESIAN_POINT('',(0.0141372834523744,0.0170887783568334,-0.00879475759437854));
#5444=CARTESIAN_POINT('',(0.0137682327401361,0.0166426795115272,-0.00856517235863629));
#5445=CARTESIAN_POINT('',(0.0175233222613675,0.0214718405597007,-0.010964562665352));
#5446=CARTESIAN_POINT('',(0.0170762723222305,0.0209240571615414,-0.0106848379077348));
#5447=CARTESIAN_POINT('',(0.016156057595179,0.0197964910753148,-0.010109048003866));
#5448=CARTESIAN_POINT('',(0.0148695883540326,0.0182201425941964,-0.00930408805385151));
#5449=CARTESIAN_POINT('',(0.0140301690520232,0.0171915775112373,-0.00877885286145423));
#5450=CARTESIAN_POINT('',(0.0136639145379282,0.0167427951163454,-0.0085496828153086));
#5451=CARTESIAN_POINT('',(0.0174075112415321,0.0215861423036372,-0.0109423516196564));
#5452=CARTESIAN_POINT('',(0.0169634158397024,0.0210354428723816,-0.0106631935038254));
#5453=CARTESIAN_POINT('',(0.0160492827793816,0.0199018743771068,-0.0100885699844496));
#5454=CARTESIAN_POINT('',(0.0147713157681538,0.0183171344690893,-0.00928524065143088));
#5455=CARTESIAN_POINT('',(0.0139374441587556,0.0172830939923275,-0.00876106943424314));
#5456=CARTESIAN_POINT('',(0.0135736102078486,0.016831922579585,-0.00853236362060019));
#5457=CARTESIAN_POINT('',(0.0173091640540211,0.0216859936972074,-0.0109190634784296));
#5458=CARTESIAN_POINT('',(0.0168675776572496,0.0211327468860228,-0.0106404994829351));
#5459=CARTESIAN_POINT('',(0.0159586091729699,0.0199939348232606,-0.0100670989103386));
#5460=CARTESIAN_POINT('',(0.0146878622898547,0.0184018643563116,-0.00926547926894828));
#5461=CARTESIAN_POINT('',(0.013858701803511,0.0173630407005472,-0.00874242362305244));
#5462=CARTESIAN_POINT('',(0.0134969234046755,0.0169097822963604,-0.00851420455425855));
#5463=CARTESIAN_POINT('',(0.0172277286839558,0.0217710720234003,-0.0108959707821197));
#5464=CARTESIAN_POINT('',(0.0167882198428378,0.0212156547185172,-0.0106179959208273));
#5465=CARTESIAN_POINT('',(0.0158835278322609,0.0200723748768973,-0.0100458080314718));
#5466=CARTESIAN_POINT('',(0.0146187595014527,0.0184740584111529,-0.00924588373318215));
#5467=CARTESIAN_POINT('',(0.0137935000117624,0.0174311592502917,-0.00872393429618489));
#5468=CARTESIAN_POINT('',(0.013433423691531,0.0169761226261673,-0.00849619788725082));
#5469=CARTESIAN_POINT('',(0.0171626250632332,0.0218410986537428,-0.0108743146319285));
#5470=CARTESIAN_POINT('',(0.0167247771268939,0.0212838948496807,-0.0105968922560884));
#5471=CARTESIAN_POINT('',(0.0158235039492118,0.0201369376496486,-0.0100258416116024));
#5472=CARTESIAN_POINT('',(0.0145635151804237,0.0185334802006676,-0.00922750719282798));
#5473=CARTESIAN_POINT('',(0.0137413743479749,0.0174872265557487,-0.0087065951498937));
#5474=CARTESIAN_POINT('',(0.0133826587568688,0.0170307263067997,-0.00847931137560545));
#5475=CARTESIAN_POINT('',(0.0171131932937098,0.021895828143819,-0.0108553932803475));
#5476=CARTESIAN_POINT('',(0.0166766064464052,0.0213372280968046,-0.010578453620567));
#5477=CARTESIAN_POINT('',(0.015777929114512,0.0201873968480036,-0.0100083966065193));
#5478=CARTESIAN_POINT('',(0.0145215693636737,0.0185799214505699,-0.00921145129287275));
#5479=CARTESIAN_POINT('',(0.01370179646014,0.0175310461001505,-0.00869144563900673));
#5480=CARTESIAN_POINT('',(0.0133441140411948,0.0170734019515177,-0.00846455733940792));
#5481=CARTESIAN_POINT('',(0.0170664127525948,0.0219492616742941,-0.0108348819443661));
#5482=CARTESIAN_POINT('',(0.0166310193569512,0.0213892984464747,-0.0105584655638682));
#5483=CARTESIAN_POINT('',(0.0157347986449975,0.0202366612045562,-0.00998948567624437));
#5484=CARTESIAN_POINT('',(0.014481873273002,0.0186252630011399,-0.00919404619593476));
#5485=CARTESIAN_POINT('',(0.01366434129665,0.0175738280255429,-0.00867502309612305));
#5486=CARTESIAN_POINT('',(0.0133076366366081,0.017115067064045,-0.0084485635034373));
#5487=CARTESIAN_POINT('',(0.0170126981078035,0.0220132546794094,-0.0108071368928598));
#5488=CARTESIAN_POINT('',(0.0165786750646722,0.0214516588805161,-0.0105314283361069));
#5489=CARTESIAN_POINT('',(0.0156852751081927,0.0202956611282527,-0.00996390544417244));
#5490=CARTESIAN_POINT('',(0.0144362931800996,0.0186795648983148,-0.00917050285817));
#5491=CARTESIAN_POINT('',(0.0136213342951378,0.0176250644672702,-0.00865280882892049));
#5492=CARTESIAN_POINT('',(0.0132657523235242,0.0171649659895956,-0.0084269291348525));
#5493=CARTESIAN_POINT('',(0.0169204086685082,0.0221181533527143,-0.0107674914774401));
#5494=CARTESIAN_POINT('',(0.0164887400869114,0.0215538814091484,-0.010492794343081));
#5495=CARTESIAN_POINT('',(0.015600186591618,0.0203923750379952,-0.00992735337913862));
#5496=CARTESIAN_POINT('',(0.0143579800639407,0.0187685777046574,-0.00913686134895027));
#5497=CARTESIAN_POINT('',(0.0135474421178603,0.0177090523148855,-0.00862106645312096));
#5498=CARTESIAN_POINT('',(0.0131937890854764,0.017246761352701,-0.00839601538687504));
#5499=CARTESIAN_POINT('',(0.0167965540282807,0.0222514794713916,-0.0107261241626588));
#5500=CARTESIAN_POINT('',(0.0163680451905126,0.0216838061503728,-0.010452482379293));
#5501=CARTESIAN_POINT('',(0.0154859957623277,0.0205152983296041,-0.00988921376667263));
#5502=CARTESIAN_POINT('',(0.0142528819844526,0.0188817129008263,-0.00910175870500323));
#5503=CARTESIAN_POINT('',(0.0134482770443456,0.0178158007930674,-0.00858794542669951));
#5504=CARTESIAN_POINT('',(0.0130972126946554,0.0173507231850583,-0.00836375897765052));
#5505=CARTESIAN_POINT('',(0.0166426514781917,0.022402702494167,-0.0106976782954615));
#5506=CARTESIAN_POINT('',(0.016218068957855,0.0218311712150441,-0.0104247622148483));
#5507=CARTESIAN_POINT('',(0.0153441015241121,0.0206547221117634,-0.00986298740035182));
#5508=CARTESIAN_POINT('',(0.0141222864539746,0.0190100346919105,-0.00907762068315507));
#5509=CARTESIAN_POINT('',(0.0133250539041739,0.0179368785511804,-0.00856517004657143));
#5510=CARTESIAN_POINT('',(0.0129772062677793,0.0174686402346081,-0.00834157814387119));
#5511=CARTESIAN_POINT('',(0.0164813755864715,0.0225450424410699,-0.0106934950639228));
#5512=CARTESIAN_POINT('',(0.0160609074901294,0.0219698798263104,-0.0104206857047051));
#5513=CARTESIAN_POINT('',(0.0151954092523795,0.0207859559238202,-0.00985913056723165));
#5514=CARTESIAN_POINT('',(0.013985434201557,0.019130818661138,-0.00907407096067423));
#5515=CARTESIAN_POINT('',(0.0131959272470765,0.0180508440132153,-0.00856182071333449));
#5516=CARTESIAN_POINT('',(0.0128514504340039,0.0175796306530234,-0.00833831624425053));
#5517=CARTESIAN_POINT('',(0.0163046055346715,0.0226806788134272,-0.0107212888594922));
#5518=CARTESIAN_POINT('',(0.0158886471448634,0.0221020558826899,-0.0104477704329851));
#5519=CARTESIAN_POINT('',(0.0150324317589917,0.020911009210584,-0.00988475574009051));
#5520=CARTESIAN_POINT('',(0.0138354342264163,0.0192459142459081,-0.00909765566069573));
#5521=CARTESIAN_POINT('',(0.013054395083649,0.0181594422119697,-0.00858407400780804));
#5522=CARTESIAN_POINT('',(0.0127136129369452,0.0176853939193996,-0.00835998862130789));
#5523=CARTESIAN_POINT('',(0.016105151246997,0.0228046087464358,-0.0107989049017745));
#5524=CARTESIAN_POINT('',(0.0156942812774002,0.0222228241510219,-0.0105234063572018));
#5525=CARTESIAN_POINT('',(0.0148485399768735,0.021025269457904,-0.00995631575768982));
#5526=CARTESIAN_POINT('',(0.0136661853186504,0.0193510762158299,-0.00916351752074669));
#5527=CARTESIAN_POINT('',(0.012894700630024,0.0182586675691697,-0.00864621782837622));
#5528=CARTESIAN_POINT('',(0.0125580872723276,0.0177820290202134,-0.00842051019094511));
#5529=CARTESIAN_POINT('',(0.015911057166245,0.022888100318631,-0.0109333947725754));
#5530=CARTESIAN_POINT('',(0.015505138868808,0.0223041857103285,-0.0106544651612416));
#5531=CARTESIAN_POINT('',(0.0146695901692548,0.021102246564698,-0.0100803119991684));
#5532=CARTESIAN_POINT('',(0.0135014848674638,0.0194219238148786,-0.00927764023028596));
#5533=CARTESIAN_POINT('',(0.0127392978631097,0.0183255156733617,-0.0087538980727373));
#5534=CARTESIAN_POINT('',(0.0124067412608718,0.0178471320691728,-0.00852537946592799));
#5535=CARTESIAN_POINT('',(0.0156894012771673,0.0229123108396797,-0.0112000104273346));
#5536=CARTESIAN_POINT('',(0.0152891378007878,0.022327778579553,-0.0109142789943795));
#5537=CARTESIAN_POINT('',(0.0144652290751177,0.0211245680495534,-0.0103261248541635));
#5538=CARTESIAN_POINT('',(0.0133133965713249,0.0194424678918785,-0.0095038795801009));
#5539=CARTESIAN_POINT('',(0.0125618275439116,0.0183448999943304,-0.00896736573899334));
#5540=CARTESIAN_POINT('',(0.0122339037657889,0.0178660103666551,-0.00873327460514678));
#5541=CARTESIAN_POINT('',(0.0155001345257029,0.0229123108396797,-0.0114605137621965));
#5542=CARTESIAN_POINT('',(0.0151046995680518,0.022327778579553,-0.011168136443361));
#5543=CARTESIAN_POINT('',(0.0142907299423675,0.0211245680495534,-0.0105663023056188));
#5544=CARTESIAN_POINT('',(0.013152792398132,0.0194424678918785,-0.00972493226043589));
#5545=CARTESIAN_POINT('',(0.0124102898115475,0.0183448999943304,-0.00917593953408847));
#5546=CARTESIAN_POINT('',(0.0120863218929963,0.0178660103666551,-0.00893640362664779));
#5547=CARTESIAN_POINT('',(0.0153150634065262,0.022888100318631,-0.011753709808166));
#5548=CARTESIAN_POINT('',(0.0149243499298437,0.0223041857103285,-0.0114538525564416));
#5549=CARTESIAN_POINT('',(0.0141200990759128,0.021102246564698,-0.0108366216055044));
#5550=CARTESIAN_POINT('',(0.012995748470198,0.0194219238148786,-0.00997372666400677));
#5551=CARTESIAN_POINT('',(0.0122621113411658,0.0183255156733617,-0.00941068897423352));
#5552=CARTESIAN_POINT('',(0.011942011589382,0.0178471320691728,-0.00916502498367313));
#5553=CARTESIAN_POINT('',(0.0152471343079853,0.0228046087464358,-0.0119798639040883));
#5554=CARTESIAN_POINT('',(0.0148581538188559,0.0222228241510219,-0.0116742370743518));
#5555=CARTESIAN_POINT('',(0.0140574701741527,0.021025269457904,-0.0110451299319854));
#5556=CARTESIAN_POINT('',(0.0129381065620313,0.0193510762158299,-0.0101656319580363));
#5557=CARTESIAN_POINT('',(0.0122077234390393,0.0182586675691697,-0.00959176081382365));
#5558=CARTESIAN_POINT('',(0.0118890434716211,0.0177820290202134,-0.00934136998224093));
#5559=CARTESIAN_POINT('',(0.015234951829696,0.0226806788134272,-0.0121935408801854));
#5560=CARTESIAN_POINT('',(0.0148462821364361,0.0221020558826899,-0.0118824627851162));
#5561=CARTESIAN_POINT('',(0.0140462382389091,0.020911009210584,-0.011242134671218));
#5562=CARTESIAN_POINT('',(0.0129277689996336,0.0192459142459081,-0.0103469496686798));
#5563=CARTESIAN_POINT('',(0.012197969453618,0.0181594422119697,-0.00976284276121088));
#5564=CARTESIAN_POINT('',(0.0118795441118695,0.0176853939193996,-0.00950798587257079));
#5565=CARTESIAN_POINT('',(0.0152631433094099,0.0225450424410699,-0.0123702479450048));
#5566=CARTESIAN_POINT('',(0.0148737544032574,0.0219698798263104,-0.0120546617503072));
#5567=CARTESIAN_POINT('',(0.014072230066438,0.0207859559238202,-0.0114050540922111));
#5568=CARTESIAN_POINT('',(0.0129516911584676,0.019130818661138,-0.0104968961955953));
#5569=CARTESIAN_POINT('',(0.0122205411566496,0.0180508440132153,-0.00990432449367709));
#5570=CARTESIAN_POINT('',(0.0119015265854987,0.0175796306530234,-0.00964577425515751));
#5571=CARTESIAN_POINT('',(0.0153169587903484,0.022402702494167,-0.0125223377431097));
#5572=CARTESIAN_POINT('',(0.014926196959181,0.0218311712150441,-0.0122028714773862));
#5573=CARTESIAN_POINT('',(0.0141218465716068,0.0206547221117634,-0.0115452770191865));
#5574=CARTESIAN_POINT('',(0.0129973568168796,0.0190100346919105,-0.0106259534974549));
#5575=CARTESIAN_POINT('',(0.0122636288933198,0.0179368785511804,-0.0100260962414469));
#5576=CARTESIAN_POINT('',(0.0119434895261668,0.0174686402346081,-0.00976436717791499));
#5577=CARTESIAN_POINT('',(0.0153915709211632,0.0222514794713916,-0.0126599175098626));
#5578=CARTESIAN_POINT('',(0.0149989056068525,0.0216838061503728,-0.0123369413488443));
#5579=CARTESIAN_POINT('',(0.0141906370592074,0.0205152983296041,-0.0116721220661723));
#5580=CARTESIAN_POINT('',(0.0130606696781558,0.0188817129008263,-0.0107426981687533));
#5581=CARTESIAN_POINT('',(0.012323367611415,0.0178158007930674,-0.0101362504323526));
#5582=CARTESIAN_POINT('',(0.0120016687780084,0.0173507231850583,-0.0098716458176056));
#5583=CARTESIAN_POINT('',(0.0154691867641101,0.0221181533527143,-0.0127649270692454));
#5584=CARTESIAN_POINT('',(0.0150745413368192,0.0215538814091484,-0.0124392719346608));
#5585=CARTESIAN_POINT('',(0.0142621968930246,0.0203923750379952,-0.0117689382100592));
#5586=CARTESIAN_POINT('',(0.0131265313690588,0.0187685777046574,-0.0108318050685735));
#5587=CARTESIAN_POINT('',(0.012385511272384,0.0177090523148855,-0.0102203270616723));
#5588=CARTESIAN_POINT('',(0.0120621901922128,0.017246761352701,-0.00995352764478826));
#5589=CARTESIAN_POINT('',(0.0155354107999299,0.0220132546794094,-0.0128404484347586));
#5590=CARTESIAN_POINT('',(0.0151390758841538,0.0214516588805161,-0.0125128666208975));
#5591=CARTESIAN_POINT('',(0.0143232537703068,0.0202956611282527,-0.0118385669889345));
#5592=CARTESIAN_POINT('',(0.0131827264293958,0.0186795648983148,-0.0108958894699424));
#5593=CARTESIAN_POINT('',(0.0124385340042609,0.0176250644672702,-0.0102807937648115));
#5594=CARTESIAN_POINT('',(0.0121138287771969,0.0171649659895956,-0.0100124158777825));
#5595=CARTESIAN_POINT('',(0.0155783966500472,0.0219492616742941,-0.0128829604052826));
#5596=CARTESIAN_POINT('',(0.0151809650916715,0.0213892984464747,-0.0125542940383014));
#5597=CARTESIAN_POINT('',(0.0143628856312014,0.0202366612045562,-0.0118777619448924));
#5598=CARTESIAN_POINT('',(0.0132192024975044,0.0186252630011399,-0.0109319634228369));
#5599=CARTESIAN_POINT('',(0.012472950922183,0.0175738280255429,-0.0103148312677627));
#5600=CARTESIAN_POINT('',(0.012147347248956,0.017115067064045,-0.0100455648391161));
#5601=CARTESIAN_POINT('',(0.0156123600720008,0.021895828143819,-0.0129211129923502));
#5602=CARTESIAN_POINT('',(0.0152140620486083,0.0213372280968046,-0.012591473287581));
#5603=CARTESIAN_POINT('',(0.0143941990427239,0.0201873968480036,-0.0119129376601407));
#5604=CARTESIAN_POINT('',(0.0132480224949918,0.0185799214505699,-0.0109643381777992));
#5605=CARTESIAN_POINT('',(0.0125001439706522,0.0175310461001505,-0.0103453784002269));
#5606=CARTESIAN_POINT('',(0.0121738304288044,0.0170734019515177,-0.0100753145453258));
#5607=CARTESIAN_POINT('',(0.0156456306035639,0.0218410986537428,-0.0129622783796724));
#5608=CARTESIAN_POINT('',(0.0152464837919742,0.0212838948496807,-0.012631588475425));
#5609=CARTESIAN_POINT('',(0.0144248736269231,0.0201369376496486,-0.0119508911006234));
#5610=CARTESIAN_POINT('',(0.0132762545334879,0.0185334802006676,-0.0109992694742044));
#5611=CARTESIAN_POINT('',(0.0125267822516424,0.0174872265557487,-0.0103783377520329));
#5612=CARTESIAN_POINT('',(0.0121997733232583,0.0170307263067997,-0.0101074135004155));
#5613=CARTESIAN_POINT('',(0.0156863449515196,0.0217710720234003,-0.0130175034839532));
#5614=CARTESIAN_POINT('',(0.0152861594472378,0.0212156547185172,-0.012685404692787));
#5615=CARTESIAN_POINT('',(0.0144624112205775,0.0200723748768973,-0.0120018072426741));
#5616=CARTESIAN_POINT('',(0.0133108030959793,0.0184740584111529,-0.0110461312824401));
#5617=CARTESIAN_POINT('',(0.012559380475663,0.0174311592502917,-0.0104225541133723));
#5618=CARTESIAN_POINT('',(0.0122315205777251,0.0169761226261673,-0.0101504756032512));
#5619=CARTESIAN_POINT('',(0.0157334723241174,0.0216859936972074,-0.013087817087705));
#5620=CARTESIAN_POINT('',(0.01533208451991,0.0211327468860228,-0.012753924476177));
#5621=CARTESIAN_POINT('',(0.014505861459901,0.0199939348232606,-0.0120666345976125));
#5622=CARTESIAN_POINT('',(0.0133507934939349,0.0184018643563116,-0.0111057965860784));
#5623=CARTESIAN_POINT('',(0.0125971133321763,0.0173630407005472,-0.0104788511860723));
#5624=CARTESIAN_POINT('',(0.0122682684262192,0.0169097822963604,-0.0102053030531028));
#5625=CARTESIAN_POINT('',(0.0157860116148734,0.0215861423036372,-0.0131741543898402));
#5626=CARTESIAN_POINT('',(0.0153832834434465,0.0210354428723816,-0.0128380591659828));
#5627=CARTESIAN_POINT('',(0.0145543013501686,0.0199018743771068,-0.0121462353950585));
#5628=CARTESIAN_POINT('',(0.0133953762285501,0.0183171344690893,-0.0111790589574027));
#5629=CARTESIAN_POINT('',(0.0126391792783586,0.0172830939923275,-0.0105479777436043));
#5630=CARTESIAN_POINT('',(0.012309236250018,0.016831922579585,-0.0102726250768728));
#5631=CARTESIAN_POINT('',(0.015842923147881,0.0214718405597007,-0.0132774336243306));
#5632=CARTESIAN_POINT('',(0.0154387430658525,0.0209240571615414,-0.0129387035704562));
#5633=CARTESIAN_POINT('',(0.014606772336628,0.0197964910753148,-0.0122414562233881));
#5634=CARTESIAN_POINT('',(0.0134436690725552,0.0182201425941964,-0.0112666975729282));
#5635=CARTESIAN_POINT('',(0.012684745890511,0.0171915775112373,-0.0106306689763427));
#5636=CARTESIAN_POINT('',(0.0123536133556626,0.0167427951163454,-0.0103531576729509));
#5637=CARTESIAN_POINT('',(0.0159031567752254,0.0213434470454006,-0.0133985304568018));
#5638=CARTESIAN_POINT('',(0.0154974400302835,0.0207989391855152,-0.0130567110154939));
#5639=CARTESIAN_POINT('',(0.0146623062096019,0.0196781155195303,-0.0123531044240442));
#5640=CARTESIAN_POINT('',(0.0134947809125547,0.0181111930082392,-0.0113694554873788));
#5641=CARTESIAN_POINT('',(0.0127329723604494,0.0170887783568335,-0.0107276259920212));
#5642=CARTESIAN_POINT('',(0.0124005808840838,0.0166426795115272,-0.0104475836468056));
#5643=CARTESIAN_POINT('',(0.0159656495109002,0.0212013531069273,-0.013538286161604));
#5644=CARTESIAN_POINT('',(0.0155583384693253,0.0206604703065825,-0.013192901313098));
#5645=CARTESIAN_POINT('',(0.0147199229230186,0.0195471085209909,-0.0124819556305883));
#5646=CARTESIAN_POINT('',(0.0135478097412632,0.0179906177918968,-0.0114880465724219));
#5647=CARTESIAN_POINT('',(0.0127830076010826,0.0169750098631476,-0.0108395223627615));
#5648=CARTESIAN_POINT('',(0.0124493099656338,0.0165318809196451,-0.0105565589871048));
#5649=CARTESIAN_POINT('',(0.0160293298290892,0.0210459787603807,-0.0136975082142108));
#5650=CARTESIAN_POINT('',(0.015620394193619,0.0205090598255136,-0.0133480613386607));
#5651=CARTESIAN_POINT('',(0.0147786345573192,0.0194038573238618,-0.0126287543148771));
#5652=CARTESIAN_POINT('',(0.0136018463048554,0.0178587733539835,-0.0116231560193541));
#5653=CARTESIAN_POINT('',(0.0128339936878618,0.0168506083189723,-0.010967004599381));
#5654=CARTESIAN_POINT('',(0.0124989650716978,0.0164107268507458,-0.0106807133276415));
#5655=CARTESIAN_POINT('',(0.0160931205155509,0.0208777694608121,-0.0138769715002149));
#5656=CARTESIAN_POINT('',(0.0156825574705019,0.0203451418330393,-0.0135229462091174));
#5657=CARTESIAN_POINT('',(0.0148374479483611,0.0192487726263746,-0.0127942149017257));
#5658=CARTESIAN_POINT('',(0.0136559765225367,0.017716037689787,-0.011775441365006));
#5659=CARTESIAN_POINT('',(0.0128850681417612,0.0167159303809723,-0.0111106931193839));
#5660=CARTESIAN_POINT('',(0.0125487062380776,0.0162795646510493,-0.0108206508900558));
#5661=CARTESIAN_POINT('',(0.0161559391879745,0.0206971927374551,-0.0140774229453194));
#5662=CARTESIAN_POINT('',(0.0157437735310883,0.020169171930922,-0.0137182837948179));
#5663=CARTESIAN_POINT('',(0.0148953651671733,0.0190822854785957,-0.0129790260376417));
#5664=CARTESIAN_POINT('',(0.0137092819280958,0.0175628075258608,-0.0119455364205678));
#5665=CARTESIAN_POINT('',(0.0129353643459045,0.0165713503796591,-0.0112711859539954));
#5666=CARTESIAN_POINT('',(0.012597689470742,0.0161387588792506,-0.0109769540940978));
#5667=CARTESIAN_POINT('',(0.0162167048299548,0.0205047327367321,-0.0142995811925747));
#5668=CARTESIAN_POINT('',(0.0158029889375514,0.0199816219141808,-0.0139347744049989));
#5669=CARTESIAN_POINT('',(0.0149513895441151,0.0189048422512173,-0.0131838502932461));
#5670=CARTESIAN_POINT('',(0.0137608452143745,0.0173994936894386,-0.012134050997705));
#5671=CARTESIAN_POINT('',(0.0129840167770373,0.0164172559502113,-0.0114490584897397));
#5672=CARTESIAN_POINT('',(0.0126450718407331,0.015988687051396,-0.0111501833059514));
#5673=CARTESIAN_POINT('',(0.0162743361251749,0.0203008872004732,-0.014544143696415));
#5674=CARTESIAN_POINT('',(0.0158591499598041,0.0197829768263996,-0.0141730977008382));
#5675=CARTESIAN_POINT('',(0.0150045241330346,0.0187169018495517,-0.0134093307037945));
#5676=CARTESIAN_POINT('',(0.0138097488197212,0.0172265185442712,-0.0123415769282732));
#5677=CARTESIAN_POINT('',(0.0130301596717787,0.0162540456130643,-0.0116448691483287));
#5678=CARTESIAN_POINT('',(0.012690010185235,0.0158297372846317,-0.0113408823698511));
#5679=CARTESIAN_POINT('',(0.0163277540753309,0.0200861639726173,-0.0148117886698103));
#5680=CARTESIAN_POINT('',(0.0159112051266357,0.0195737315555493,-0.0144339145929324));
#5681=CARTESIAN_POINT('',(0.015053774124929,0.0185189324927984,-0.0136560925644017));
#5682=CARTESIAN_POINT('',(0.0138550771494573,0.0170443130263537,-0.0125686897165935));
#5683=CARTESIAN_POINT('',(0.0130729291226808,0.016082125976977,-0.0118591609456632));
#5684=CARTESIAN_POINT('',(0.0127316631489159,0.0156623055732833,-0.0115495801263856));
#5685=CARTESIAN_POINT('',(0.0163758809793846,0.0198610782110346,-0.0151031809192704));
#5686=CARTESIAN_POINT('',(0.0159581042310058,0.0193543881169414,-0.0147178729274394));
#5687=CARTESIAN_POINT('',(0.0150981459068418,0.0183114091434161,-0.0139247488097671));
#5688=CARTESIAN_POINT('',(0.0138959157097119,0.0168533142779903,-0.0128159534908025));
#5689=CARTESIAN_POINT('',(0.0131114622609609,0.0159019095066578,-0.012092466163669));
#5690=CARTESIAN_POINT('',(0.0127691903879951,0.0154867936147575,-0.0117767949623768));
#5691=CARTESIAN_POINT('',(0.016433325610758,0.0195379082736336,-0.0155375919603798));
#5692=CARTESIAN_POINT('',(0.0160140833515259,0.019039462797695,-0.0151412013994679));
#5693=CARTESIAN_POINT('',(0.0151511083964405,0.0180134546777157,-0.0143252647447857));
#5694=CARTESIAN_POINT('',(0.013944660919606,0.0165790852325002,-0.0131845772746603));
#5695=CARTESIAN_POINT('',(0.0131574557020036,0.0156431612632232,-0.0124402803654467));
#5696=CARTESIAN_POINT('',(0.0128139831802545,0.0152347999379871,-0.0121155295500034));
#5697=CARTESIAN_POINT('',(0.016462147876265,0.0192966423508017,-0.0158812630269758));
#5698=CARTESIAN_POINT('',(0.0160421703117153,0.0188043519814411,-0.0154761048290193));
#5699=CARTESIAN_POINT('',(0.0151776817924329,0.0177910136310416,-0.0146421207303635));
#5700=CARTESIAN_POINT('',(0.0139691183379612,0.0163743566483392,-0.0134762027560189));
#5701=CARTESIAN_POINT('',(0.0131805324480392,0.0154499900349975,-0.0127154429796309));
#5702=CARTESIAN_POINT('',(0.0128364575128499,0.0150466714026946,-0.0123835091039421));
#5703=CARTESIAN_POINT('',(0.0164755651781121,0.0191347345465503,-0.0161200470373664));
#5704=CARTESIAN_POINT('',(0.0160552453152309,0.0186465747223544,-0.0157087970506657));
#5705=CARTESIAN_POINT('',(0.0151900522036016,0.0176417387520216,-0.0148622735168693));
#5706=CARTESIAN_POINT('',(0.0139805037220975,0.0162369681802956,-0.0136788252888397));
#5707=CARTESIAN_POINT('',(0.0131912751034746,0.0153203574327656,-0.0129066270475109));
#5708=CARTESIAN_POINT('',(0.0128469197335997,0.0149204228313725,-0.0125697023532779));
#5709=CARTESIAN_POINT('',(0.0153418976676534,0.0183115445899656,-0.0144431468404946));
#5710=CARTESIAN_POINT('',(0.0151187973954166,0.0183115445899656,-0.0139566297991641));
#5711=CARTESIAN_POINT('',(0.0147596160071312,0.0183115445899656,-0.0132404053297317));
#5712=CARTESIAN_POINT('',(0.0142172391471992,0.0183115445899657,-0.0123184084972));
#5713=CARTESIAN_POINT('',(0.0137677019902972,0.0183115445899656,-0.0116531501506769));
#5714=CARTESIAN_POINT('',(0.0132881971091332,0.0183115445899657,-0.0110143251797618));
#5715=CARTESIAN_POINT('',(0.0127837340298406,0.0183115445899656,-0.0105684174302584));
#5716=CARTESIAN_POINT('',(0.0124514794045964,0.0183115445899657,-0.0101514443794496));
#5717=CARTESIAN_POINT('',(0.0122654706749618,0.0183115445899656,-0.00980056889785566));
#5718=CARTESIAN_POINT('',(0.0122229448962949,0.0183115445899656,-0.0093794755117876));
#5719=CARTESIAN_POINT('',(0.012472174368733,0.0183115445899643,-0.00905285372812097));
#5720=CARTESIAN_POINT('',(0.0127090195885913,0.0183115445899665,-0.00871752444407057));
#5721=CARTESIAN_POINT('',(0.0131248299933083,0.0183115445899636,-0.00863757447080288));
#5722=CARTESIAN_POINT('',(0.0135157932695446,0.0183115445899662,-0.00870892382898907));
#5723=CARTESIAN_POINT('',(0.0140104201853796,0.0183115445899653,-0.00889746221782738));
#5724=CARTESIAN_POINT('',(0.0145916137554375,0.0183115445899658,-0.0092383711005545));
#5725=CARTESIAN_POINT('',(0.0153446090643933,0.0183115445899656,-0.00949503932929309));
#5726=CARTESIAN_POINT('',(0.0161115196056891,0.0183115445899657,-0.00971541858327381));
#5727=CARTESIAN_POINT('',(0.0171560085059283,0.0183115445899656,-0.00994620843726144));
#5728=CARTESIAN_POINT('',(0.0179465757196085,0.0183115445899656,-0.0100661190603239));
#5729=CARTESIAN_POINT('',(0.018477156023718,0.0183115445899656,-0.0101278339231885));
#5730=CARTESIAN_POINT('',(0.0153418976676534,0.0183115445899656,-0.0144431468404946));
#5731=CARTESIAN_POINT('',(0.018477156023718,0.0183115445899656,-0.0101278339231885));
#5732=CARTESIAN_POINT('',(0.0160113001434795,0.0190967349302385,-0.0150876859629106));
#5733=CARTESIAN_POINT('',(0.0157881698153196,0.0188350044538031,-0.0148728360526284));
#5734=CARTESIAN_POINT('',(0.0155650358247686,0.0185732743256423,-0.0146579895218945));
#5735=CARTESIAN_POINT('',(0.0153418976676532,0.0183115445899695,-0.0144431468404901));
#5736=CARTESIAN_POINT('',(0.0160113001434796,0.0190967349302385,-0.0150876859629107));
#5737=CARTESIAN_POINT('',(0.0160757988844115,0.0193008123878541,-0.0150189443779499));
#5738=CARTESIAN_POINT('',(0.0160546040680048,0.0192326135808408,-0.0150416306332135));
#5739=CARTESIAN_POINT('',(0.016033104112272,0.0191645888026429,-0.0150645472331205));
#5740=CARTESIAN_POINT('',(0.0160113001434795,0.0190967349302385,-0.0150876859629107));
#5741=CARTESIAN_POINT('',(0.0160757988844115,0.0193008123878541,-0.0150189443779499));
#5742=CARTESIAN_POINT('',(0.0192515599719607,0.0193008123878541,-0.0106478842333114));
#5743=CARTESIAN_POINT('',(0.0189043731930803,0.0195702205982187,-0.0107189693851107));
#5744=CARTESIAN_POINT('',(0.0183872890182221,0.0199814152269912,-0.0107928825152827));
#5745=CARTESIAN_POINT('',(0.0177134994608561,0.0205520008019114,-0.0108058345183307));
#5746=CARTESIAN_POINT('',(0.0172151435947381,0.0209966475116269,-0.0107661845623864));
#5747=CARTESIAN_POINT('',(0.016744266972579,0.0214598628653911,-0.0106439570250548));
#5748=CARTESIAN_POINT('',(0.0163206739471784,0.021932852239341,-0.0104287553571538));
#5749=CARTESIAN_POINT('',(0.0158459626889996,0.0222974295047694,-0.0104928303555106));
#5750=CARTESIAN_POINT('',(0.0155013992164585,0.0224256349215793,-0.0107710630993387));
#5751=CARTESIAN_POINT('',(0.0152370248507712,0.0224290115667116,-0.0111389598875538));
#5752=CARTESIAN_POINT('',(0.0148790779096382,0.0224265741287686,-0.0116179899346844));
#5753=CARTESIAN_POINT('',(0.0149246853834961,0.0220073883911525,-0.0122271772508945));
#5754=CARTESIAN_POINT('',(0.0152433400165275,0.0215277174588001,-0.0125942290671856));
#5755=CARTESIAN_POINT('',(0.0155363802134366,0.0210494434331471,-0.012990380764118));
#5756=CARTESIAN_POINT('',(0.0157332535261781,0.0205957163770404,-0.013460612181992));
#5757=CARTESIAN_POINT('',(0.0159438236995528,0.0199982632001391,-0.0141300597413742));
#5758=CARTESIAN_POINT('',(0.0160352790408271,0.0195759184491116,-0.0146593355828535));
#5759=CARTESIAN_POINT('',(0.0160757988844116,0.0193008123878541,-0.0150189443779499));
#5760=CARTESIAN_POINT('',(0.0192515599719607,0.0193008123878541,-0.0106478842333114));
#5761=CARTESIAN_POINT('',(0.0192970058972143,0.0190967349302386,-0.010565299967482));
#5762=CARTESIAN_POINT('',(0.0192817374543703,0.019164588802643,-0.0105931870348166));
#5763=CARTESIAN_POINT('',(0.0192665863243971,0.0192326135808408,-0.0106207163266408));
#5764=CARTESIAN_POINT('',(0.0192515599719607,0.0193008123878541,-0.0106478842333114));
#5765=CARTESIAN_POINT('',(0.0192970058972144,0.0190967349302386,-0.010565299967482));
#5766=CARTESIAN_POINT('',(0.018477156023718,0.0183115445899656,-0.0101278339231885));
#5767=CARTESIAN_POINT('',(0.018750437038599,0.0185732743257446,-0.0102736608819353));
#5768=CARTESIAN_POINT('',(0.0190237204267566,0.0188350044539023,-0.0104194826884748));
#5769=CARTESIAN_POINT('',(0.0192970058972143,0.0190967349302386,-0.010565299967482));
#5770=CARTESIAN_POINT('',(0.0161200470373666,0.0191347345465505,-0.0164755651781123));
#5771=CARTESIAN_POINT('',(0.0157087970506658,0.0186465747223545,-0.016055245315231));
#5772=CARTESIAN_POINT('',(0.0148622735168693,0.0176417387520216,-0.0151900522036016));
#5773=CARTESIAN_POINT('',(0.0136788252888398,0.0162369681802957,-0.0139805037220975));
#5774=CARTESIAN_POINT('',(0.012906627047511,0.0153203574327656,-0.0131912751034746));
#5775=CARTESIAN_POINT('',(0.0125697023532779,0.0149204228313725,-0.0128469197335998));
#5776=CARTESIAN_POINT('',(0.0158812630269759,0.0192966423508019,-0.0164621478762651));
#5777=CARTESIAN_POINT('',(0.0154761048290193,0.0188043519814412,-0.0160421703117154));
#5778=CARTESIAN_POINT('',(0.0146421207303635,0.0177910136310416,-0.0151776817924329));
#5779=CARTESIAN_POINT('',(0.0134762027560189,0.0163743566483392,-0.0139691183379612));
#5780=CARTESIAN_POINT('',(0.012715442979631,0.0154499900349975,-0.0131805324480392));
#5781=CARTESIAN_POINT('',(0.0123835091039422,0.0150466714026947,-0.01283645751285));
#5782=CARTESIAN_POINT('',(0.0155375919603799,0.0195379082736337,-0.0164333256107581));
#5783=CARTESIAN_POINT('',(0.015141201399468,0.0190394627976952,-0.016014083351526));
#5784=CARTESIAN_POINT('',(0.0143252647447858,0.0180134546777157,-0.0151511083964405));
#5785=CARTESIAN_POINT('',(0.0131845772746603,0.0165790852325002,-0.013944660919606));
#5786=CARTESIAN_POINT('',(0.0124402803654467,0.0156431612632233,-0.0131574557020036));
#5787=CARTESIAN_POINT('',(0.0121155295500034,0.0152347999379871,-0.0128139831802546));
#5788=CARTESIAN_POINT('',(0.0151031809192705,0.0198610782110348,-0.0163758809793848));
#5789=CARTESIAN_POINT('',(0.0147178729274395,0.0193543881169415,-0.0159581042310059));
#5790=CARTESIAN_POINT('',(0.0139247488097671,0.0183114091434161,-0.0150981459068418));
#5791=CARTESIAN_POINT('',(0.0128159534908026,0.0168533142779904,-0.013895915709712));
#5792=CARTESIAN_POINT('',(0.012092466163669,0.0159019095066579,-0.013111462260961));
#5793=CARTESIAN_POINT('',(0.0117767949623769,0.0154867936147576,-0.0127691903879952));
#5794=CARTESIAN_POINT('',(0.0148117886698104,0.0200861639726175,-0.016327754075331));
#5795=CARTESIAN_POINT('',(0.0144339145929325,0.0195737315555494,-0.0159112051266358));
#5796=CARTESIAN_POINT('',(0.0136560925644017,0.0185189324927984,-0.015053774124929));
#5797=CARTESIAN_POINT('',(0.0125686897165935,0.0170443130263537,-0.0138550771494573));
#5798=CARTESIAN_POINT('',(0.0118591609456632,0.0160821259769771,-0.0130729291226809));
#5799=CARTESIAN_POINT('',(0.0115495801263857,0.0156623055732833,-0.0127316631489159));
#5800=CARTESIAN_POINT('',(0.0145441436964151,0.0203008872004734,-0.0162743361251751));
#5801=CARTESIAN_POINT('',(0.0141730977008383,0.0197829768263997,-0.0158591499598042));
#5802=CARTESIAN_POINT('',(0.0134093307037946,0.0187169018495517,-0.0150045241330346));
#5803=CARTESIAN_POINT('',(0.0123415769282732,0.0172265185442712,-0.0138097488197212));
#5804=CARTESIAN_POINT('',(0.0116448691483287,0.0162540456130644,-0.0130301596717787));
#5805=CARTESIAN_POINT('',(0.0113408823698511,0.0158297372846318,-0.012690010185235));
#5806=CARTESIAN_POINT('',(0.0142995811925748,0.0205047327367323,-0.016216704829955));
#5807=CARTESIAN_POINT('',(0.013934774404999,0.0199816219141809,-0.0158029889375515));
#5808=CARTESIAN_POINT('',(0.0131838502932462,0.0189048422512174,-0.0149513895441151));
#5809=CARTESIAN_POINT('',(0.012134050997705,0.0173994936894387,-0.0137608452143745));
#5810=CARTESIAN_POINT('',(0.0114490584897397,0.0164172559502113,-0.0129840167770373));
#5811=CARTESIAN_POINT('',(0.0111501833059514,0.0159886870513961,-0.0126450718407332));
#5812=CARTESIAN_POINT('',(0.0140774229453195,0.0206971927374552,-0.0161559391879746));
#5813=CARTESIAN_POINT('',(0.013718283794818,0.0201691719309221,-0.0157437735310884));
#5814=CARTESIAN_POINT('',(0.0129790260376417,0.0190822854785958,-0.0148953651671734));
#5815=CARTESIAN_POINT('',(0.0119455364205678,0.0175628075258609,-0.0137092819280959));
#5816=CARTESIAN_POINT('',(0.0112711859539954,0.0165713503796591,-0.0129353643459046));
#5817=CARTESIAN_POINT('',(0.0109769540940978,0.0161387588792506,-0.0125976894707421));
#5818=CARTESIAN_POINT('',(0.013876971500215,0.0208777694608123,-0.016093120515551));
#5819=CARTESIAN_POINT('',(0.0135229462091174,0.0203451418330394,-0.015682557470502));
#5820=CARTESIAN_POINT('',(0.0127942149017258,0.0192487726263747,-0.0148374479483611));
#5821=CARTESIAN_POINT('',(0.0117754413650061,0.017716037689787,-0.0136559765225367));
#5822=CARTESIAN_POINT('',(0.0111106931193839,0.0167159303809723,-0.0128850681417612));
#5823=CARTESIAN_POINT('',(0.0108206508900559,0.0162795646510494,-0.0125487062380776));
#5824=CARTESIAN_POINT('',(0.0136975082142109,0.0210459787603809,-0.0160293298290893));
#5825=CARTESIAN_POINT('',(0.0133480613386608,0.0205090598255138,-0.0156203941936191));
#5826=CARTESIAN_POINT('',(0.0126287543148772,0.0194038573238619,-0.0147786345573192));
#5827=CARTESIAN_POINT('',(0.0116231560193541,0.0178587733539835,-0.0136018463048554));
#5828=CARTESIAN_POINT('',(0.0109670045993811,0.0168506083189723,-0.0128339936878618));
#5829=CARTESIAN_POINT('',(0.0106807133276416,0.0164107268507458,-0.0124989650716979));
#5830=CARTESIAN_POINT('',(0.0135382861616041,0.0212013531069275,-0.0159656495109003));
#5831=CARTESIAN_POINT('',(0.0131929013130981,0.0206604703065826,-0.0155583384693254));
#5832=CARTESIAN_POINT('',(0.0124819556305883,0.019547108520991,-0.0147199229230187));
#5833=CARTESIAN_POINT('',(0.0114880465724219,0.0179906177918969,-0.0135478097412632));
#5834=CARTESIAN_POINT('',(0.0108395223627615,0.0169750098631476,-0.0127830076010827));
#5835=CARTESIAN_POINT('',(0.0105565589871048,0.0165318809196452,-0.0124493099656339));
#5836=CARTESIAN_POINT('',(0.0133985304568019,0.0213434470454008,-0.0159031567752256));
#5837=CARTESIAN_POINT('',(0.013056711015494,0.0207989391855153,-0.0154974400302836));
#5838=CARTESIAN_POINT('',(0.0123531044240442,0.0196781155195304,-0.0146623062096019));
#5839=CARTESIAN_POINT('',(0.0113694554873788,0.0181111930082392,-0.0134947809125547));
#5840=CARTESIAN_POINT('',(0.0107276259920213,0.0170887783568335,-0.0127329723604495));
#5841=CARTESIAN_POINT('',(0.0104475836468056,0.0166426795115273,-0.0124005808840839));
#5842=CARTESIAN_POINT('',(0.0132774336243307,0.0214718405597009,-0.0158429231478811));
#5843=CARTESIAN_POINT('',(0.0129387035704562,0.0209240571615415,-0.0154387430658525));
#5844=CARTESIAN_POINT('',(0.0122414562233881,0.0197964910753149,-0.0146067723366281));
#5845=CARTESIAN_POINT('',(0.0112666975729282,0.0182201425941964,-0.0134436690725553));
#5846=CARTESIAN_POINT('',(0.0106306689763428,0.0171915775112373,-0.012684745890511));
#5847=CARTESIAN_POINT('',(0.0103531576729509,0.0167427951163455,-0.0123536133556627));
#5848=CARTESIAN_POINT('',(0.0131741543898403,0.0215861423036374,-0.0157860116148736));
#5849=CARTESIAN_POINT('',(0.0128380591659829,0.0210354428723818,-0.0153832834434466));
#5850=CARTESIAN_POINT('',(0.0121462353950586,0.0199018743771069,-0.0145543013501686));
#5851=CARTESIAN_POINT('',(0.0111790589574027,0.0183171344690894,-0.0133953762285501));
#5852=CARTESIAN_POINT('',(0.0105479777436044,0.0172830939923276,-0.0126391792783586));
#5853=CARTESIAN_POINT('',(0.0102726250768729,0.0168319225795851,-0.012309236250018));
#5854=CARTESIAN_POINT('',(0.0130878170877051,0.0216859936972076,-0.0157334723241175));
#5855=CARTESIAN_POINT('',(0.0127539244761771,0.0211327468860229,-0.01533208451991));
#5856=CARTESIAN_POINT('',(0.0120666345976125,0.0199939348232607,-0.0145058614599011));
#5857=CARTESIAN_POINT('',(0.0111057965860785,0.0184018643563116,-0.013350793493935));
#5858=CARTESIAN_POINT('',(0.0104788511860724,0.0173630407005472,-0.0125971133321764));
#5859=CARTESIAN_POINT('',(0.0102053030531028,0.0169097822963605,-0.0122682684262192));
#5860=CARTESIAN_POINT('',(0.0130175034839533,0.0217710720234005,-0.0156863449515198));
#5861=CARTESIAN_POINT('',(0.012685404692787,0.0212156547185173,-0.0152861594472379));
#5862=CARTESIAN_POINT('',(0.0120018072426741,0.0200723748768973,-0.0144624112205776));
#5863=CARTESIAN_POINT('',(0.0110461312824401,0.0184740584111529,-0.0133108030959794));
#5864=CARTESIAN_POINT('',(0.0104225541133723,0.0174311592502917,-0.0125593804756631));
#5865=CARTESIAN_POINT('',(0.0101504756032512,0.0169761226261673,-0.0122315205777252));
#5866=CARTESIAN_POINT('',(0.0129622783796725,0.021841098653743,-0.015645630603564));
#5867=CARTESIAN_POINT('',(0.012631588475425,0.0212838948496808,-0.0152464837919743));
#5868=CARTESIAN_POINT('',(0.0119508911006234,0.0201369376496487,-0.0144248736269231));
#5869=CARTESIAN_POINT('',(0.0109992694742044,0.0185334802006676,-0.0132762545334879));
#5870=CARTESIAN_POINT('',(0.0103783377520329,0.0174872265557487,-0.0125267822516424));
#5871=CARTESIAN_POINT('',(0.0101074135004156,0.0170307263067998,-0.0121997733232584));
#5872=CARTESIAN_POINT('',(0.0129211129923503,0.0218958281438192,-0.015612360072001));
#5873=CARTESIAN_POINT('',(0.0125914732875811,0.0213372280968048,-0.0152140620486084));
#5874=CARTESIAN_POINT('',(0.0119129376601407,0.0201873968480037,-0.014394199042724));
#5875=CARTESIAN_POINT('',(0.0109643381777992,0.0185799214505699,-0.0132480224949918));
#5876=CARTESIAN_POINT('',(0.0103453784002269,0.0175310461001506,-0.0125001439706522));
#5877=CARTESIAN_POINT('',(0.0100753145453258,0.0170734019515178,-0.0121738304288045));
#5878=CARTESIAN_POINT('',(0.0128829604052827,0.0219492616742943,-0.0155783966500474));
#5879=CARTESIAN_POINT('',(0.0125542940383014,0.0213892984464749,-0.0151809650916716));
#5880=CARTESIAN_POINT('',(0.0118777619448925,0.0202366612045563,-0.0143628856312015));
#5881=CARTESIAN_POINT('',(0.010931963422837,0.0186252630011399,-0.0132192024975044));
#5882=CARTESIAN_POINT('',(0.0103148312677628,0.0175738280255429,-0.0124729509221831));
#5883=CARTESIAN_POINT('',(0.0100455648391162,0.0171150670640451,-0.0121473472489561));
#5884=CARTESIAN_POINT('',(0.0128404484347587,0.0220132546794096,-0.01553541079993));
#5885=CARTESIAN_POINT('',(0.0125128666208976,0.0214516588805162,-0.0151390758841539));
#5886=CARTESIAN_POINT('',(0.0118385669889345,0.0202956611282528,-0.0143232537703069));
#5887=CARTESIAN_POINT('',(0.0108958894699425,0.0186795648983149,-0.0131827264293959));
#5888=CARTESIAN_POINT('',(0.0102807937648115,0.0176250644672703,-0.012438534004261));
#5889=CARTESIAN_POINT('',(0.0100124158777825,0.0171649659895957,-0.0121138287771969));
#5890=CARTESIAN_POINT('',(0.0127649270692455,0.0221181533527145,-0.0154691867641103));
#5891=CARTESIAN_POINT('',(0.0124392719346609,0.0215538814091486,-0.0150745413368193));
#5892=CARTESIAN_POINT('',(0.0117689382100592,0.0203923750379952,-0.0142621968930247));
#5893=CARTESIAN_POINT('',(0.0108318050685735,0.0187685777046574,-0.0131265313690589));
#5894=CARTESIAN_POINT('',(0.0102203270616723,0.0177090523148856,-0.012385511272384));
#5895=CARTESIAN_POINT('',(0.0099535276447883,0.0172467613527011,-0.0120621901922128));
#5896=CARTESIAN_POINT('',(0.0126599175098627,0.0222514794713918,-0.0153915709211633));
#5897=CARTESIAN_POINT('',(0.0123369413488444,0.0216838061503729,-0.0149989056068525));
#5898=CARTESIAN_POINT('',(0.0116721220661724,0.0205152983296042,-0.0141906370592075));
#5899=CARTESIAN_POINT('',(0.0107426981687533,0.0188817129008264,-0.0130606696781559));
#5900=CARTESIAN_POINT('',(0.0101362504323527,0.0178158007930675,-0.012323367611415));
#5901=CARTESIAN_POINT('',(0.00987164581760565,0.0173507231850584,-0.0120016687780085));
#5902=CARTESIAN_POINT('',(0.0125223377431099,0.0224027024941672,-0.0153169587903485));
#5903=CARTESIAN_POINT('',(0.0122028714773862,0.0218311712150443,-0.0149261969591811));
#5904=CARTESIAN_POINT('',(0.0115452770191865,0.0206547221117635,-0.0141218465716068));
#5905=CARTESIAN_POINT('',(0.0106259534974549,0.0190100346919105,-0.0129973568168796));
#5906=CARTESIAN_POINT('',(0.0100260962414469,0.0179368785511804,-0.0122636288933198));
#5907=CARTESIAN_POINT('',(0.00976436717791503,0.0174686402346082,-0.0119434895261669));
#5908=CARTESIAN_POINT('',(0.0123702479450049,0.0225450424410701,-0.01526314330941));
#5909=CARTESIAN_POINT('',(0.0120546617503073,0.0219698798263105,-0.0148737544032575));
#5910=CARTESIAN_POINT('',(0.0114050540922111,0.0207859559238202,-0.014072230066438));
#5911=CARTESIAN_POINT('',(0.0104968961955953,0.019130818661138,-0.0129516911584676));
#5912=CARTESIAN_POINT('',(0.00990432449367712,0.0180508440132153,-0.0122205411566497));
#5913=CARTESIAN_POINT('',(0.00964577425515755,0.0175796306530234,-0.0119015265854988));
#5914=CARTESIAN_POINT('',(0.0121935408801856,0.0226806788134274,-0.0152349518296962));
#5915=CARTESIAN_POINT('',(0.0118824627851162,0.02210205588269,-0.0148462821364362));
#5916=CARTESIAN_POINT('',(0.0112421346712181,0.0209110092105841,-0.0140462382389092));
#5917=CARTESIAN_POINT('',(0.0103469496686798,0.0192459142459082,-0.0129277689996336));
#5918=CARTESIAN_POINT('',(0.0097628427612109,0.0181594422119697,-0.0121979694536181));
#5919=CARTESIAN_POINT('',(0.00950798587257084,0.0176853939193997,-0.0118795441118695));
#5920=CARTESIAN_POINT('',(0.0119798639040884,0.022804608746436,-0.0152471343079854));
#5921=CARTESIAN_POINT('',(0.0116742370743519,0.022222824151022,-0.014858153818856));
#5922=CARTESIAN_POINT('',(0.0110451299319855,0.0210252694579041,-0.0140574701741528));
#5923=CARTESIAN_POINT('',(0.0101656319580363,0.01935107621583,-0.0129381065620314));
#5924=CARTESIAN_POINT('',(0.00959176081382369,0.0182586675691697,-0.0122077234390393));
#5925=CARTESIAN_POINT('',(0.00934136998224098,0.0177820290202134,-0.0118890434716211));
#5926=CARTESIAN_POINT('',(0.0117537098081661,0.0228881003186312,-0.0153150634065264));
#5927=CARTESIAN_POINT('',(0.0114538525564417,0.0223041857103286,-0.0149243499298438));
#5928=CARTESIAN_POINT('',(0.0108366216055044,0.0211022465646981,-0.0141200990759128));
#5929=CARTESIAN_POINT('',(0.00997372666400678,0.0194219238148786,-0.012995748470198));
#5930=CARTESIAN_POINT('',(0.00941068897423355,0.0183255156733618,-0.0122621113411658));
#5931=CARTESIAN_POINT('',(0.00916502498367317,0.0178471320691729,-0.011942011589382));
#5932=CARTESIAN_POINT('',(0.0114605137621966,0.0229123108396799,-0.0155001345257031));
#5933=CARTESIAN_POINT('',(0.0111681364433611,0.0223277785795532,-0.0151046995680519));
#5934=CARTESIAN_POINT('',(0.0105663023056188,0.0211245680495535,-0.0142907299423676));
#5935=CARTESIAN_POINT('',(0.00972493226043592,0.0194424678918785,-0.013152792398132));
#5936=CARTESIAN_POINT('',(0.0091759395340885,0.0183448999943304,-0.0124102898115475));
#5937=CARTESIAN_POINT('',(0.00893640362664784,0.0178660103666552,-0.0120863218929963));
#5938=CARTESIAN_POINT('',(0.0112000104273347,0.0229123108396799,-0.0156894012771674));
#5939=CARTESIAN_POINT('',(0.0109142789943796,0.0223277785795532,-0.0152891378007879));
#5940=CARTESIAN_POINT('',(0.0103261248541635,0.0211245680495535,-0.0144652290751178));
#5941=CARTESIAN_POINT('',(0.00950387958010092,0.0194424678918785,-0.0133133965713249));
#5942=CARTESIAN_POINT('',(0.00896736573899337,0.0183448999943304,-0.0125618275439116));
#5943=CARTESIAN_POINT('',(0.00873327460514682,0.0178660103666552,-0.0122339037657889));
#5944=CARTESIAN_POINT('',(0.0109333947725755,0.0228881003186312,-0.0159110571662452));
#5945=CARTESIAN_POINT('',(0.0106544651612417,0.0223041857103286,-0.0155051388688081));
#5946=CARTESIAN_POINT('',(0.0100803119991685,0.0211022465646981,-0.0146695901692549));
#5947=CARTESIAN_POINT('',(0.00927764023028597,0.0194219238148786,-0.0135014848674638));
#5948=CARTESIAN_POINT('',(0.00875389807273733,0.0183255156733618,-0.0127392978631098));
#5949=CARTESIAN_POINT('',(0.00852537946592803,0.0178471320691729,-0.0124067412608719));
#5950=CARTESIAN_POINT('',(0.0107989049017746,0.022804608746436,-0.0161051512469971));
#5951=CARTESIAN_POINT('',(0.0105234063572019,0.022222824151022,-0.0156942812774003));
#5952=CARTESIAN_POINT('',(0.00995631575768986,0.0210252694579041,-0.0148485399768736));
#5953=CARTESIAN_POINT('',(0.00916351752074671,0.01935107621583,-0.0136661853186504));
#5954=CARTESIAN_POINT('',(0.00864621782837625,0.0182586675691697,-0.012894700630024));
#5955=CARTESIAN_POINT('',(0.00842051019094515,0.0177820290202134,-0.0125580872723277));
#5956=CARTESIAN_POINT('',(0.0107212888594923,0.0226806788134274,-0.0163046055346716));
#5957=CARTESIAN_POINT('',(0.0104477704329852,0.02210205588269,-0.0158886471448635));
#5958=CARTESIAN_POINT('',(0.00988475574009054,0.0209110092105841,-0.0150324317589918));
#5959=CARTESIAN_POINT('',(0.00909765566069575,0.0192459142459082,-0.0138354342264163));
#5960=CARTESIAN_POINT('',(0.00858407400780807,0.0181594422119697,-0.0130543950836491));
#5961=CARTESIAN_POINT('',(0.00835998862130793,0.0176853939193997,-0.0127136129369453));
#5962=CARTESIAN_POINT('',(0.0106934950639229,0.0225450424410701,-0.0164813755864716));
#5963=CARTESIAN_POINT('',(0.0104206857047052,0.0219698798263105,-0.0160609074901295));
#5964=CARTESIAN_POINT('',(0.00985913056723169,0.0207859559238202,-0.0151954092523795));
#5965=CARTESIAN_POINT('',(0.00907407096067426,0.019130818661138,-0.013985434201557));
#5966=CARTESIAN_POINT('',(0.00856182071333452,0.0180508440132153,-0.0131959272470766));
#5967=CARTESIAN_POINT('',(0.00833831624425057,0.0175796306530234,-0.012851450434004));
#5968=CARTESIAN_POINT('',(0.0106976782954616,0.0224027024941672,-0.0166426514781918));
#5969=CARTESIAN_POINT('',(0.0104247622148484,0.0218311712150443,-0.016218068957855));
#5970=CARTESIAN_POINT('',(0.00986298740035185,0.0206547221117635,-0.0153441015241121));
#5971=CARTESIAN_POINT('',(0.00907762068315509,0.0190100346919105,-0.0141222864539747));
#5972=CARTESIAN_POINT('',(0.00856517004657146,0.0179368785511804,-0.0133250539041739));
#5973=CARTESIAN_POINT('',(0.00834157814387123,0.0174686402346082,-0.0129772062677794));
#5974=CARTESIAN_POINT('',(0.0107261241626588,0.0222514794713918,-0.0167965540282808));
#5975=CARTESIAN_POINT('',(0.0104524823792931,0.0216838061503729,-0.0163680451905127));
#5976=CARTESIAN_POINT('',(0.00988921376667266,0.0205152983296042,-0.0154859957623277));
#5977=CARTESIAN_POINT('',(0.00910175870500324,0.0188817129008264,-0.0142528819844526));
#5978=CARTESIAN_POINT('',(0.00858794542669954,0.0178158007930675,-0.0134482770443456));
#5979=CARTESIAN_POINT('',(0.00836375897765057,0.0173507231850584,-0.0130972126946555));
#5980=CARTESIAN_POINT('',(0.0107674914774402,0.0221181533527145,-0.0169204086685084));
#5981=CARTESIAN_POINT('',(0.0104927943430811,0.0215538814091486,-0.0164887400869115));
#5982=CARTESIAN_POINT('',(0.00992735337913865,0.0203923750379952,-0.015600186591618));
#5983=CARTESIAN_POINT('',(0.00913686134895028,0.0187685777046574,-0.0143579800639407));
#5984=CARTESIAN_POINT('',(0.00862106645312099,0.0177090523148856,-0.0135474421178603));
#5985=CARTESIAN_POINT('',(0.00839601538687508,0.0172467613527011,-0.0131937890854764));
#5986=CARTESIAN_POINT('',(0.0108071368928599,0.0220132546794096,-0.0170126981078036));
#5987=CARTESIAN_POINT('',(0.010531428336107,0.0214516588805162,-0.0165786750646723));
#5988=CARTESIAN_POINT('',(0.00996390544417247,0.0202956611282528,-0.0156852751081928));
#5989=CARTESIAN_POINT('',(0.00917050285817002,0.0186795648983149,-0.0144362931800996));
#5990=CARTESIAN_POINT('',(0.00865280882892052,0.0176250644672703,-0.0136213342951379));
#5991=CARTESIAN_POINT('',(0.00842692913485255,0.0171649659895957,-0.0132657523235243));
#5992=CARTESIAN_POINT('',(0.0108348819443662,0.0219492616742943,-0.017066412752595));
#5993=CARTESIAN_POINT('',(0.0105584655638683,0.0213892984464749,-0.0166310193569513));
#5994=CARTESIAN_POINT('',(0.0099894856762444,0.0202366612045563,-0.0157347986449976));
#5995=CARTESIAN_POINT('',(0.00919404619593478,0.0186252630011399,-0.014481873273002));
#5996=CARTESIAN_POINT('',(0.00867502309612308,0.0175738280255429,-0.01366434129665));
#5997=CARTESIAN_POINT('',(0.00844856350343735,0.0171150670640451,-0.0133076366366081));
#5998=CARTESIAN_POINT('',(0.0108553932803476,0.0218958281438192,-0.0171131932937099));
#5999=CARTESIAN_POINT('',(0.0105784536205671,0.0213372280968048,-0.0166766064464053));
#6000=CARTESIAN_POINT('',(0.0100083966065193,0.0201873968480037,-0.0157779291145121));
#6001=CARTESIAN_POINT('',(0.00921145129287276,0.0185799214505699,-0.0145215693636737));
#6002=CARTESIAN_POINT('',(0.00869144563900675,0.0175310461001506,-0.01370179646014));
#6003=CARTESIAN_POINT('',(0.00846455733940796,0.0170734019515178,-0.0133441140411949));
#6004=CARTESIAN_POINT('',(0.0108743146319286,0.021841098653743,-0.0171626250632334));
#6005=CARTESIAN_POINT('',(0.0105968922560885,0.0212838948496808,-0.016724777126894));
#6006=CARTESIAN_POINT('',(0.0100258416116024,0.0201369376496487,-0.0158235039492119));
#6007=CARTESIAN_POINT('',(0.00922750719282799,0.0185334802006676,-0.0145635151804237));
#6008=CARTESIAN_POINT('',(0.00870659514989373,0.0174872265557487,-0.0137413743479749));
#6009=CARTESIAN_POINT('',(0.00847931137560549,0.0170307263067998,-0.0133826587568688));
#6010=CARTESIAN_POINT('',(0.0108959707821198,0.0217710720234005,-0.0172277286839559));
#6011=CARTESIAN_POINT('',(0.0106179959208274,0.0212156547185173,-0.0167882198428379));
#6012=CARTESIAN_POINT('',(0.0100458080314718,0.0200723748768973,-0.015883527832261));
#6013=CARTESIAN_POINT('',(0.00924588373318218,0.0184740584111529,-0.0146187595014527));
#6014=CARTESIAN_POINT('',(0.00872393429618492,0.0174311592502917,-0.0137935000117624));
#6015=CARTESIAN_POINT('',(0.00849619788725086,0.0169761226261673,-0.013433423691531));
#6016=CARTESIAN_POINT('',(0.0109190634784297,0.0216859936972076,-0.0173091640540212));
#6017=CARTESIAN_POINT('',(0.0106404994829352,0.0211327468860229,-0.0168675776572497));
#6018=CARTESIAN_POINT('',(0.0100670989103387,0.0199939348232607,-0.01595860917297));
#6019=CARTESIAN_POINT('',(0.00926547926894829,0.0184018643563116,-0.0146878622898547));
#6020=CARTESIAN_POINT('',(0.00874242362305247,0.0173630407005472,-0.013858701803511));
#6021=CARTESIAN_POINT('',(0.00851420455425859,0.0169097822963605,-0.0134969234046756));
#6022=CARTESIAN_POINT('',(0.0109423516196565,0.0215861423036374,-0.0174075112415322));
#6023=CARTESIAN_POINT('',(0.0106631935038255,0.0210354428723818,-0.0169634158397025));
#6024=CARTESIAN_POINT('',(0.0100885699844497,0.0199018743771069,-0.0160492827793816));
#6025=CARTESIAN_POINT('',(0.0092852406514309,0.0183171344690894,-0.0147713157681538));
#6026=CARTESIAN_POINT('',(0.00876106943424317,0.0172830939923276,-0.0139374441587557));
#6027=CARTESIAN_POINT('',(0.00853236362060023,0.0168319225795851,-0.0135736102078487));
#6028=CARTESIAN_POINT('',(0.0109645626653521,0.0214718405597009,-0.0175233222613677));
#6029=CARTESIAN_POINT('',(0.0106848379077349,0.0209240571615415,-0.0170762723222306));
#6030=CARTESIAN_POINT('',(0.010109048003866,0.0197964910753149,-0.0161560575951791));
#6031=CARTESIAN_POINT('',(0.00930408805385152,0.0182201425941964,-0.0148695883540326));
#6032=CARTESIAN_POINT('',(0.00877885286145426,0.0171915775112373,-0.0140301690520232));
#6033=CARTESIAN_POINT('',(0.00854968281530864,0.0167427951163455,-0.0136639145379282));
#6034=CARTESIAN_POINT('',(0.0109844272699396,0.0213434470454008,-0.0176571054074743));
#6035=CARTESIAN_POINT('',(0.0107041957322644,0.0207989391855153,-0.0172066424313325));
#6036=CARTESIAN_POINT('',(0.0101273626642388,0.0196781155195304,-0.016279402254458));
#6037=CARTESIAN_POINT('',(0.00932094436047108,0.0181111930082392,-0.0149831113653454));
#6038=CARTESIAN_POINT('',(0.00879475759437857,0.0170887783568335,-0.0141372834523745));
#6039=CARTESIAN_POINT('',(0.00856517235863634,0.0166426795115273,-0.0137682327401362));
#6040=CARTESIAN_POINT('',(0.0110006745055795,0.0212013531069275,-0.0178093322985644));
#6041=CARTESIAN_POINT('',(0.0107200284731186,0.0206604703065826,-0.0173549857539199));
#6042=CARTESIAN_POINT('',(0.0101423422024134,0.019547108520991,-0.0164197515776801));
#6043=CARTESIAN_POINT('',(0.00933473111290607,0.0179906177918969,-0.0151122849988129));
#6044=CARTESIAN_POINT('',(0.00880776605585953,0.0169750098631476,-0.0142591649645901));
#6045=CARTESIAN_POINT('',(0.00857784123705731,0.0165318809196452,-0.0138869325619625));
#6046=CARTESIAN_POINT('',(0.0110120357670181,0.0210459787603809,-0.0179804397697615));
#6047=CARTESIAN_POINT('',(0.010731099889335,0.0205090598255138,-0.0175217279807049));
#6048=CARTESIAN_POINT('',(0.0101528169966002,0.0194038573238619,-0.016577508315723));
#6049=CARTESIAN_POINT('',(0.00934437182362603,0.0178587733539835,-0.0152574799351984));
#6050=CARTESIAN_POINT('',(0.00881686252833491,0.0168506083189723,-0.0143961633437304));
#6051=CARTESIAN_POINT('',(0.00858670024809555,0.0164107268507458,-0.0140203546281875));
#6052=CARTESIAN_POINT('',(0.0110172471098148,0.0208777694608123,-0.018170831903551));
#6053=CARTESIAN_POINT('',(0.0107361782818586,0.0203451418330394,-0.0177072628853369));
#6054=CARTESIAN_POINT('',(0.0101576217221606,0.0192487726263747,-0.0167530450223641));
#6055=CARTESIAN_POINT('',(0.00934879396007955,0.017716037689787,-0.0154190390626896));
#6056=CARTESIAN_POINT('',(0.00882103502595467,0.0167159303809723,-0.0145486021212293));
#6057=CARTESIAN_POINT('',(0.0085907638235717,0.0162795646510494,-0.0141688140245275));
#6058=CARTESIAN_POINT('',(0.011015048314484,0.0206971927374552,-0.0183808845939614));
#6059=CARTESIAN_POINT('',(0.0107340355815596,0.0201691719309221,-0.0179119567721447));
#6060=CARTESIAN_POINT('',(0.0101555944887698,0.0190822854785958,-0.0169467082623408));
#6061=CARTESIAN_POINT('',(0.00934692815056261,0.0175628075258609,-0.0155972813498811));
#6062=CARTESIAN_POINT('',(0.00881927454527973,0.0165713503796591,-0.0147167822592381));
#6063=CARTESIAN_POINT('',(0.0085890492998622,0.0161387588792506,-0.0143326038565822));
#6064=CARTESIAN_POINT('',(0.0110041892004138,0.0205047327367323,-0.0186109472587083));
#6065=CARTESIAN_POINT('',(0.0107234535020729,0.0199816219141809,-0.0181361501445999));
#6066=CARTESIAN_POINT('',(0.0101455826616897,0.0189048422512174,-0.017158820189903));
#6067=CARTESIAN_POINT('',(0.00933771354195671,0.0173994936894387,-0.0157925032986299));
#6068=CARTESIAN_POINT('',(0.00881058012056461,0.0164172559502113,-0.0149009835214653));
#6069=CARTESIAN_POINT('',(0.00858058184121481,0.0159886870513961,-0.0145119965848892));
#6070=CARTESIAN_POINT('',(0.0109834258494019,0.0203008872004734,-0.0188613490712579));
#6071=CARTESIAN_POINT('',(0.0107032198596783,0.0197829768263997,-0.0183801637783904));
#6072=CARTESIAN_POINT('',(0.0101264393799641,0.0187169018495517,-0.0173896842946172));
#6073=CARTESIAN_POINT('',(0.00932009459517299,0.0172265185442712,-0.0160049842323354));
#6074=CARTESIAN_POINT('',(0.00879395580010539,0.0162540456130644,-0.0151014694629211));
#6075=CARTESIAN_POINT('',(0.00856439149502841,0.0158297372846318,-0.0147072488844125));
#6076=CARTESIAN_POINT('',(0.0109515224937466,0.0200861639726175,-0.019132401621662));
#6077=CARTESIAN_POINT('',(0.0106721304132231,0.0195737315555494,-0.0186443013143723));
#6078=CARTESIAN_POINT('',(0.0100970252971916,0.0185189324927984,-0.017639587854589));
#6079=CARTESIAN_POINT('',(0.00929302268731042,0.0170443130263537,-0.0162349885538164));
#6080=CARTESIAN_POINT('',(0.00876841215795274,0.0160821259769771,-0.0153184895603335));
#6081=CARTESIAN_POINT('',(0.00853951466410307,0.0156623055732833,-0.0149186037193444));
#6082=CARTESIAN_POINT('',(0.0109072487423437,0.0198610782110348,-0.0194244041505482));
#6083=CARTESIAN_POINT('',(0.0106289861609856,0.0193543881169415,-0.018928854359033));
#6084=CARTESIAN_POINT('',(0.0100562060240565,0.0183114091434161,-0.0179088067620689));
#6085=CARTESIAN_POINT('',(0.00925545375783284,0.0168533142779904,-0.0164827701866662));
#6086=CARTESIAN_POINT('',(0.00873296407296717,0.0159019095066579,-0.0155522834027788));
#6087=CARTESIAN_POINT('',(0.00850499194367254,0.0154867936147576,-0.0151462944243402));
#6088=CARTESIAN_POINT('',(0.0108276414390906,0.0195379082736337,-0.0198553049692758));
#6089=CARTESIAN_POINT('',(0.0105514097762732,0.0190394627976952,-0.0193487621604598));
#6090=CARTESIAN_POINT('',(0.00998281011446984,0.0180134546777157,-0.0183060863612988));
#6091=CARTESIAN_POINT('',(0.0091879021935979,0.0165790852325002,-0.0168484153366171));
#6092=CARTESIAN_POINT('',(0.00866922593554336,0.0156431612632233,-0.0158972871207514));
#6093=CARTESIAN_POINT('',(0.00844291767647474,0.0152347999379871,-0.0154822918952306));
#6094=CARTESIAN_POINT('',(0.0107488528424623,0.0192966423508019,-0.0201910621464821));
#6095=CARTESIAN_POINT('',(0.0104746312115784,0.0188043519814412,-0.019675953597483));
#6096=CARTESIAN_POINT('',(0.00991016903157563,0.0177910136310416,-0.0186156459420696));
#6097=CARTESIAN_POINT('',(0.00912104535096381,0.0163743566483392,-0.0171333254088912));
#6098=CARTESIAN_POINT('',(0.00860614330123585,0.0154499900349975,-0.016166113424712));
#6099=CARTESIAN_POINT('',(0.00838148180062683,0.0150466714026947,-0.0157441005469472));
#6100=CARTESIAN_POINT('',(0.0106878251376194,0.0191347345465505,-0.0204223054098407));
#6101=CARTESIAN_POINT('',(0.0104151604279249,0.0186465747223545,-0.0199012974494589));
#6102=CARTESIAN_POINT('',(0.00985390303933757,0.0176417387520216,-0.018828846351535));
#6103=CARTESIAN_POINT('',(0.00906925968865218,0.0162369681802957,-0.0173295491662643));
#6104=CARTESIAN_POINT('',(0.00855728104766134,0.0153203574327656,-0.0163512599413754));
#6105=CARTESIAN_POINT('',(0.00833389508556324,0.0149204228313725,-0.0159244138540287));
#6106=CARTESIAN_POINT('',(0.0101278339231895,0.0183115445899657,-0.0184771560237264));
#6107=CARTESIAN_POINT('',(0.0100659949893156,0.0183115445899657,-0.0179455090457095));
#6108=CARTESIAN_POINT('',(0.00994571872229658,0.0183115445899656,-0.0171533459438823));
#6109=CARTESIAN_POINT('',(0.00971480036538276,0.0183115445899657,-0.0161088711812247));
#6110=CARTESIAN_POINT('',(0.00949284125771967,0.0183115445899656,-0.0153372582746584));
#6111=CARTESIAN_POINT('',(0.00923421278833712,0.0183115445899657,-0.0145815244661321));
#6112=CARTESIAN_POINT('',(0.00889223296206553,0.0183115445899656,-0.0140015533307642));
#6113=CARTESIAN_POINT('',(0.00870509179455422,0.0183115445899657,-0.0135023160680128));
#6114=CARTESIAN_POINT('',(0.00863661346686953,0.0183115445899656,-0.0131111337962754));
#6115=CARTESIAN_POINT('',(0.00872629406047221,0.0183115445899656,-0.0126975089991795));
#6116=CARTESIAN_POINT('',(0.00906425705617344,0.0183115445899642,-0.0124638893659421));
#6117=CARTESIAN_POINT('',(0.00939313269335641,0.0183115445899665,-0.0122181614632141));
#6118=CARTESIAN_POINT('',(0.00981329778874556,0.0183115445899636,-0.0122706170016564));
#6119=CARTESIAN_POINT('',(0.0101630777960249,0.0183115445899662,-0.0124592885702266));
#6120=CARTESIAN_POINT('',(0.0105752343812214,0.0183115445899653,-0.0127914473563714));
#6121=CARTESIAN_POINT('',(0.0110226356749579,0.0183115445899657,-0.0132952696609213));
#6122=CARTESIAN_POINT('',(0.0116594619256835,0.0183115445899656,-0.0137720639995408));
#6123=CARTESIAN_POINT('',(0.0123207362587101,0.0183115445899657,-0.0142186455155208));
#6124=CARTESIAN_POINT('',(0.0132427862464691,0.0183115445899657,-0.0147609045306604));
#6125=CARTESIAN_POINT('',(0.0139576059262766,0.0183115445899656,-0.0151192450143198));
#6126=CARTESIAN_POINT('',(0.014443146840487,0.0183115445899656,-0.0153418976676499));
#6127=CARTESIAN_POINT('',(0.0101278339231895,0.0183115445899656,-0.0184771560237264));
#6128=CARTESIAN_POINT('',(0.014443146840487,0.0183115445899656,-0.0153418976676497));
#6129=CARTESIAN_POINT('',(0.010565299967482,0.0190967349302385,-0.0192970058972143));
#6130=CARTESIAN_POINT('',(0.0104194826884196,0.0188350044538031,-0.0190237204266531));
#6131=CARTESIAN_POINT('',(0.0102736608818783,0.0185732743256423,-0.0187504370384922));
#6132=CARTESIAN_POINT('',(0.0101278339231907,0.0183115445899696,-0.0184771560237221));
#6133=CARTESIAN_POINT('',(0.010565299967482,0.0190967349302385,-0.0192970058972144));
#6134=CARTESIAN_POINT('',(0.0106478842333172,0.0193008123878561,-0.0192515599719554));
#6135=CARTESIAN_POINT('',(0.0106207163266461,0.0192326135808412,-0.0192665863243922));
#6136=CARTESIAN_POINT('',(0.0105931870348172,0.0191645888026444,-0.01928173745437));
#6137=CARTESIAN_POINT('',(0.010565299967482,0.0190967349302385,-0.0192970058972144));
#6138=CARTESIAN_POINT('',(0.010647884233322,0.0193008123878541,-0.0192515599719548));
#6139=CARTESIAN_POINT('',(0.0150189443779499,0.0193008123878541,-0.0160757988844115));
#6140=CARTESIAN_POINT('',(0.0146667836095704,0.0195702205982188,-0.0160361182663458));
#6141=CARTESIAN_POINT('',(0.0141521669222677,0.0199814152269913,-0.0159466260328822));
#6142=CARTESIAN_POINT('',(0.0135073525840702,0.0205520008019115,-0.0157507316959215));
#6143=CARTESIAN_POINT('',(0.0130456405003778,0.0209966475116269,-0.015559021915073));
#6144=CARTESIAN_POINT('',(0.0126355806067182,0.0214598628653914,-0.0152972677407218));
#6145=CARTESIAN_POINT('',(0.0122992206722533,0.0219328522393409,-0.0149617013485999));
#6146=CARTESIAN_POINT('',(0.0118279431733976,0.022297429504769,-0.0148759464471202));
#6147=CARTESIAN_POINT('',(0.0114142651913255,0.0224256349215793,-0.0150340855425281));
#6148=CARTESIAN_POINT('',(0.0110491438683633,0.0224290115667116,-0.0153022800084094));
#6149=CARTESIAN_POINT('',(0.0105606876721313,0.0224265741287692,-0.0156472529683387));
#6150=CARTESIAN_POINT('',(0.0104158137238678,0.0220073883911541,-0.0162407180195569));
#6151=CARTESIAN_POINT('',(0.0106054470400085,0.0215277174588024,-0.0166882747382016));
#6152=CARTESIAN_POINT('',(0.0107617272221138,0.0210494434331496,-0.0171555917918896));
#6153=CARTESIAN_POINT('',(0.0108036553696692,0.0205957163770434,-0.0176636456454007));
#6154=CARTESIAN_POINT('',(0.0107970488325032,0.0199982632001425,-0.0183653978711494));
#6155=CARTESIAN_POINT('',(0.0107204728010434,0.0195759184491153,-0.0188970303637856));
#6156=CARTESIAN_POINT('',(0.0106478842333124,0.0193008123878579,-0.0192515599719557));
#6157=CARTESIAN_POINT('',(0.0150189443779499,0.0193008123878541,-0.0160757988844115));
#6158=CARTESIAN_POINT('',(0.0150876859629107,0.0190967349302386,-0.0160113001434795));
#6159=CARTESIAN_POINT('',(0.0150645472331205,0.019164588802643,-0.016033104112272));
#6160=CARTESIAN_POINT('',(0.0150416306332135,0.0192326135808408,-0.0160546040680048));
#6161=CARTESIAN_POINT('',(0.0150189443779499,0.0193008123878541,-0.0160757988844115));
#6162=CARTESIAN_POINT('',(0.0150876859629106,0.0190967349302386,-0.0160113001434796));
#6163=CARTESIAN_POINT('',(0.0144431468404869,0.0183115445899657,-0.0153418976676499));
#6164=CARTESIAN_POINT('',(0.0146579895219784,0.0185732743257446,-0.0155650358248557));
#6165=CARTESIAN_POINT('',(0.0148728360527098,0.0188350044539023,-0.0157881698154042));
#6166=CARTESIAN_POINT('',(0.0150876859629107,0.0190967349302386,-0.0160113001434795));
#6167=CARTESIAN_POINT('',(0.0102398461459031,0.0191347345465505,-0.0206505621069591));
#6168=CARTESIAN_POINT('',(0.0099786101469287,0.0186465747223545,-0.0201237309276105));
#6169=CARTESIAN_POINT('',(0.00944087779882393,0.0176417387520216,-0.0190392932228602));
#6170=CARTESIAN_POINT('',(0.00868912268616366,0.0162369681802957,-0.0175232386433268));
#6171=CARTESIAN_POINT('',(0.0081986035724778,0.0153203574327657,-0.0165340152431419));
#6172=CARTESIAN_POINT('',(0.0079845808079223,0.0149204228313726,-0.0161023983683586));
#6173=CARTESIAN_POINT('',(0.0100168952311234,0.0192966423508019,-0.0205640131774105));
#6174=CARTESIAN_POINT('',(0.00976134709152844,0.0188043519814412,-0.0200393900093688));
#6175=CARTESIAN_POINT('',(0.00923532272391559,0.0177910136310417,-0.0189594973103198));
#6176=CARTESIAN_POINT('',(0.00849993548316177,0.0163743566483392,-0.0174497966934685));
#6177=CARTESIAN_POINT('',(0.00802009638200294,0.0154499900349975,-0.016464719244659));
#6178=CARTESIAN_POINT('',(0.00781073350886197,0.0150466714026947,-0.0160349113268569));
#6179=CARTESIAN_POINT('',(0.00969895119363323,0.0195379082736338,-0.0204304013739326));
#6180=CARTESIAN_POINT('',(0.00945151435054292,0.0190394627976952,-0.0199091868716519));
#6181=CARTESIAN_POINT('',(0.0089421864050647,0.0180134546777158,-0.018836310624588));
#6182=CARTESIAN_POINT('',(0.00823014092670823,0.0165790852325002,-0.0173364190766374));
#6183=CARTESIAN_POINT('',(0.00776553229144208,0.0156431612632233,-0.0163577420309674));
#6184=CARTESIAN_POINT('',(0.00756281475856384,0.0152347999379872,-0.0159307267300806));
#6185=CARTESIAN_POINT('',(0.00930355310956556,0.0198610782110348,-0.0202415278886919));
#6186=CARTESIAN_POINT('',(0.00906620354825783,0.0193543881169415,-0.0197251318722452));
#6187=CARTESIAN_POINT('',(0.00857763942453555,0.0183114091434161,-0.0186621740732973));
#6188=CARTESIAN_POINT('',(0.00789462197326061,0.0168533142779904,-0.0171761486133867));
#6189=CARTESIAN_POINT('',(0.0074489540832934,0.0159019095066579,-0.0162065191699227));
#6190=CARTESIAN_POINT('',(0.00725450075574074,0.0154867936147576,-0.01578345150896));
#6191=CARTESIAN_POINT('',(0.00904129464315785,0.0200861639726175,-0.0201057113258701));
#6192=CARTESIAN_POINT('',(0.0088106357441399,0.0195737315555495,-0.0195927802223685));
#6193=CARTESIAN_POINT('',(0.00833584378641917,0.0185189324927984,-0.0185369546555066));
#6194=CARTESIAN_POINT('',(0.00767207995869983,0.0170443130263537,-0.0170609001262165));
#6195=CARTESIAN_POINT('',(0.00723897502999844,0.0160821259769771,-0.016097776700428));
#6196=CARTESIAN_POINT('',(0.00705000315999982,0.0156623055732834,-0.0156775477379997));
#6197=CARTESIAN_POINT('',(0.00880325620155947,0.0203008872004735,-0.019972200991049));
#6198=CARTESIAN_POINT('',(0.00857867007054986,0.0197829768263998,-0.0194626759646694));
#6199=CARTESIAN_POINT('',(0.00811637839538379,0.0187169018495517,-0.0184138615212967));
#6200=CARTESIAN_POINT('',(0.00747009008564894,0.0172265185442712,-0.0169476086116174));
#6201=CARTESIAN_POINT('',(0.00704838790692371,0.0162540456130644,-0.0159908807283176));
#6202=CARTESIAN_POINT('',(0.00686439127235495,0.0158297372846318,-0.0155734422620109));
#6203=CARTESIAN_POINT('',(0.00858847248827156,0.0205047327367324,-0.0198418164023138));
#6204=CARTESIAN_POINT('',(0.00836936585735451,0.0199816219141809,-0.0193356177099244));
#6205=CARTESIAN_POINT('',(0.00791835327260008,0.0189048422512174,-0.0182936502455061));
#6206=CARTESIAN_POINT('',(0.00728783324222019,0.0173994936894387,-0.016836969479763));
#6207=CARTESIAN_POINT('',(0.00687641984275736,0.0164172559502113,-0.0158864874064093));
#6208=CARTESIAN_POINT('',(0.0066969123971319,0.0159886870513961,-0.0154717741050845));
#6209=CARTESIAN_POINT('',(0.0083959650556167,0.0206971927374553,-0.0197153741686991));
#6210=CARTESIAN_POINT('',(0.0081817696187511,0.0201691719309222,-0.0192124012340741));
#6211=CARTESIAN_POINT('',(0.00774086631418644,0.0190822854785958,-0.0181770737209024));
#6212=CARTESIAN_POINT('',(0.00712447915696317,0.0175628075258609,-0.0167296756723233));
#6213=CARTESIAN_POINT('',(0.00672228743660551,0.0165713503796591,-0.0157852505583693));
#6214=CARTESIAN_POINT('',(0.00654680358394691,0.0161387588792507,-0.015373180022962));
#6215=CARTESIAN_POINT('',(0.00822473643989228,0.0208777694608124,-0.0195936871578613));
#6216=CARTESIAN_POINT('',(0.0080149093380431,0.0203451418330395,-0.0190938186671298));
#6217=CARTESIAN_POINT('',(0.00758299788396957,0.0192487726263747,-0.0180648813907975));
#6218=CARTESIAN_POINT('',(0.00697918142219138,0.017716037689787,-0.0166264169561848));
#6219=CARTESIAN_POINT('',(0.00658519206226238,0.0167159303809724,-0.0156878210123036));
#6220=CARTESIAN_POINT('',(0.00641328705455771,0.0162795646510494,-0.0152782938540231));
#6221=CARTESIAN_POINT('',(0.00807376911850183,0.021045978760381,-0.0194775614045813));
#6222=CARTESIAN_POINT('',(0.00786779345137677,0.0205090598255138,-0.0189806554805459));
#6223=CARTESIAN_POINT('',(0.00744380985198599,0.0194038573238619,-0.0179578163987662));
#6224=CARTESIAN_POINT('',(0.00685107660904554,0.0178587733539835,-0.0165278773001298));
#6225=CARTESIAN_POINT('',(0.00646431903323017,0.0168506083189723,-0.0155948441255288));
#6226=CARTESIAN_POINT('',(0.00629556938968051,0.0164107268507459,-0.0151877441086721));
#6227=CARTESIAN_POINT('',(0.00794201824835985,0.0212013531069276,-0.0193677955028732));
#6228=CARTESIAN_POINT('',(0.00773940377140178,0.0206604703065827,-0.0188736898948364));
#6229=CARTESIAN_POINT('',(0.00732233889947593,0.019547108520991,-0.0178566150281852));
#6230=CARTESIAN_POINT('',(0.00673927810559531,0.0179906177918969,-0.0164347343590046));
#6231=CARTESIAN_POINT('',(0.00635883178867276,0.0169750098631477,-0.0155069592978608));
#6232=CARTESIAN_POINT('',(0.00619283586671799,0.0165318809196452,-0.0151021534953313));
#6233=CARTESIAN_POINT('',(0.00782841399196678,0.0213434470454009,-0.0192651744915439));
#6234=CARTESIAN_POINT('',(0.00762869775400407,0.0207989391855154,-0.0187736869211249));
#6235=CARTESIAN_POINT('',(0.00721759866346541,0.0196781155195304,-0.0177620010648748));
#6236=CARTESIAN_POINT('',(0.00664287809065322,0.0181111930082392,-0.0163476542852502));
#6237=CARTESIAN_POINT('',(0.00626787375580372,0.0170887783568335,-0.0154247950760445));
#6238=CARTESIAN_POINT('',(0.00610425227353018,0.0166426795115273,-0.0150221341526698));
#6239=CARTESIAN_POINT('',(0.00773185727482464,0.021471840559701,-0.0191704679285593));
#6240=CARTESIAN_POINT('',(0.00753460436395699,0.0209240571615416,-0.0186813964846365));
#6241=CARTESIAN_POINT('',(0.00712857582521124,0.0197964910753149,-0.0176746840217138));
#6242=CARTESIAN_POINT('',(0.0065609439336877,0.0182201425941964,-0.0162672900948871));
#6243=CARTESIAN_POINT('',(0.00619056495303183,0.0171915775112374,-0.0153489676119831));
#6244=CARTESIAN_POINT('',(0.00602896160025405,0.0167427951163456,-0.0149482861480791));
#6245=CARTESIAN_POINT('',(0.00765121951673979,0.0215861423036375,-0.0190844268056165));
#6246=CARTESIAN_POINT('',(0.00745602381307898,0.0210354428723818,-0.0185975504179851));
#6247=CARTESIAN_POINT('',(0.00705422986246892,0.0199018743771069,-0.0175953562939529));
#6248=CARTESIAN_POINT('',(0.0064925179668174,0.0183171344690894,-0.0161942790493447));
#6249=CARTESIAN_POINT('',(0.00612600177482669,0.0172830939923276,-0.0152800781923681));
#6250=CARTESIAN_POINT('',(0.00596608382978522,0.0168319225795851,-0.0148811950717922));
#6251=CARTESIAN_POINT('',(0.00758534339666081,0.0216859936972076,-0.0190077792771732));
#6252=CARTESIAN_POINT('',(0.00739182830555923,0.021132746886023,-0.0185228582991619));
#6253=CARTESIAN_POINT('',(0.00699349375465396,0.0199939348232607,-0.0175246892214886));
#6254=CARTESIAN_POINT('',(0.00643661813382199,0.0184018643563116,-0.0161292390312873));
#6255=CARTESIAN_POINT('',(0.00607325760409161,0.0173630407005473,-0.0152187098190973));
#6256=CARTESIAN_POINT('',(0.00591471653416492,0.0169097822963605,-0.0148214287065692));
#6257=CARTESIAN_POINT('',(0.00753303434466145,0.0217710720234006,-0.0189412303838732));
#6258=CARTESIAN_POINT('',(0.00734085374699461,0.0212156547185174,-0.0184580071820173));
#6259=CARTESIAN_POINT('',(0.00694526613866619,0.0200723748768974,-0.0174633328338691));
#6260=CARTESIAN_POINT('',(0.0063922307705801,0.0184740584111529,-0.0160727683099236));
#6261=CARTESIAN_POINT('',(0.00603137600016082,0.0174311592502918,-0.0151654269878341));
#6262=CARTESIAN_POINT('',(0.00587392824040312,0.0169761226261674,-0.0147695368120367));
#6263=CARTESIAN_POINT('',(0.00749309357480534,0.0218410986537431,-0.0188854432422043));
#6264=CARTESIAN_POINT('',(0.00730193193452952,0.0212838948496809,-0.0184036432658027));
#6265=CARTESIAN_POINT('',(0.00690844176435142,0.0201369376496487,-0.0174118985076363));
#6266=CARTESIAN_POINT('',(0.00635833863543327,0.0185334802006676,-0.0160254295793055));
#6267=CARTESIAN_POINT('',(0.00599939714679096,0.0174872265557488,-0.0151207606273763));
#6268=CARTESIAN_POINT('',(0.0058427841880509,0.0170307263067998,-0.0147260364572119));
#6269=CARTESIAN_POINT('',(0.00746422412461159,0.0218958281438193,-0.018841080282098));
#6270=CARTESIAN_POINT('',(0.00727379899341546,0.0213372280968048,-0.0183604120807286));
#6271=CARTESIAN_POINT('',(0.00688182486527746,0.0201873968480037,-0.0173709969863449));
#6272=CARTESIAN_POINT('',(0.0063338411780456,0.0185799214505699,-0.0159877849509008));
#6273=CARTESIAN_POINT('',(0.00597628262200987,0.0175310461001506,-0.015085241116826));
#6274=CARTESIAN_POINT('',(0.00582027306291603,0.0170734019515178,-0.0146914441757655));
#6275=CARTESIAN_POINT('',(0.00743843413263824,0.0219492616742944,-0.0187969893505501));
#6276=CARTESIAN_POINT('',(0.00724866694827263,0.0213892984464749,-0.0183174459842988));
#6277=CARTESIAN_POINT('',(0.00685804714838759,0.0202366612045563,-0.0173303462684681));
#6278=CARTESIAN_POINT('',(0.00631195682537676,0.0186252630011399,-0.0159503711550187));
#6279=CARTESIAN_POINT('',(0.00595563368673154,0.017573828025543,-0.0150499394078207));
#6280=CARTESIAN_POINT('',(0.00580016316360575,0.0171150670640451,-0.014657064010202));
#6281=CARTESIAN_POINT('',(0.0074112862042547,0.0220132546794096,-0.0187429704563312));
#6282=CARTESIAN_POINT('',(0.00722221161000132,0.0214516588805163,-0.0182648052045158));
#6283=CARTESIAN_POINT('',(0.00683301744865302,0.0202956611282528,-0.0172805422214265));
#6284=CARTESIAN_POINT('',(0.00628892018234145,0.0186795648983149,-0.0159045328882566));
#6285=CARTESIAN_POINT('',(0.00593389751028326,0.0176250644672703,-0.015006688806902));
#6286=CARTESIAN_POINT('',(0.00577899440531999,0.0171649659895958,-0.0146149424568213));
#6287=CARTESIAN_POINT('',(0.00735992546996827,0.0221181533527146,-0.0186566502701475));
#6288=CARTESIAN_POINT('',(0.00717216117594189,0.0215538814091486,-0.0181806871940042));
#6289=CARTESIAN_POINT('',(0.00678566415748564,0.0203923750379953,-0.0172009572044526));
#6290=CARTESIAN_POINT('',(0.00624533752347065,0.0187685777046574,-0.0158312850408421));
#6291=CARTESIAN_POINT('',(0.00589277518348206,0.0177090523148856,-0.0149375759533749));
#6292=CARTESIAN_POINT('',(0.00573894556792331,0.0172467613527011,-0.014547633779316));
#6293=CARTESIAN_POINT('',(0.00728404005874737,0.0222514794713919,-0.018550383478524));
#6294=CARTESIAN_POINT('',(0.00709821173142648,0.021683806150373,-0.018077131450093));
#6295=CARTESIAN_POINT('',(0.00671569973772367,0.0205152983296042,-0.0171029819244049));
#6296=CARTESIAN_POINT('',(0.00618094420751716,0.0188817129008264,-0.0157411113041741));
#6297=CARTESIAN_POINT('',(0.00583201700463153,0.0178158007930675,-0.0148524927123743));
#6298=CARTESIAN_POINT('',(0.00567977346812783,0.0173507231850585,-0.0144647716178316));
#6299=CARTESIAN_POINT('',(0.00717625034147495,0.0224027024941673,-0.0184369086393091));
#6300=CARTESIAN_POINT('',(0.00699317191430585,0.0218311712150443,-0.0179665515482198));
#6301=CARTESIAN_POINT('',(0.00661632035894796,0.0206547221117635,-0.0169983610077422));
#6302=CARTESIAN_POINT('',(0.00608947817723294,0.0190100346919105,-0.0156448211074581));
#6303=CARTESIAN_POINT('',(0.00574571442268702,0.0179368785511805,-0.0147616382982633));
#6304=CARTESIAN_POINT('',(0.00559572379632988,0.0174686402346083,-0.0143762889384566));
#6305=CARTESIAN_POINT('',(0.00704823424609569,0.0225450424410702,-0.0183387287431995));
#6306=CARTESIAN_POINT('',(0.00686842172859795,0.0219698798263106,-0.0178708763892784));
#6307=CARTESIAN_POINT('',(0.00649829277381263,0.0207859559238203,-0.0169078416397492));
#6308=CARTESIAN_POINT('',(0.00598084885383251,0.019130818661138,-0.0155615095859316));
#6309=CARTESIAN_POINT('',(0.00564321745135011,0.0180508440132154,-0.0146830298860351));
#6310=CARTESIAN_POINT('',(0.00549590248615528,0.0175796306530235,-0.0142997325817467));
#6311=CARTESIAN_POINT('',(0.00688888748695202,0.0226806788134275,-0.0182573115666584));
#6312=CARTESIAN_POINT('',(0.00671314017797549,0.02210205588269,-0.0177915363042428));
#6313=CARTESIAN_POINT('',(0.00635137911326746,0.0209110092105841,-0.0168327770730069));
#6314=CARTESIAN_POINT('',(0.00584563358593554,0.0192459142459082,-0.0154924222358244));
#6315=CARTESIAN_POINT('',(0.00551563536758015,0.0181594422119697,-0.0146178426610573));
#6316=CARTESIAN_POINT('',(0.00537165090495625,0.0176853939193997,-0.0142362470551106));
#6317=CARTESIAN_POINT('',(0.00668190401362758,0.022804608746436,-0.0182028679750992));
#6318=CARTESIAN_POINT('',(0.00651143720727332,0.0222228241510221,-0.0177384816618755));
#6319=CARTESIAN_POINT('',(0.00616054561340926,0.0210252694579041,-0.0167825814658157));
#6320=CARTESIAN_POINT('',(0.005669995713247,0.01935107621583,-0.0154462235879353));
#6321=CARTESIAN_POINT('',(0.00534991261943899,0.0182586675691697,-0.0145742520232787));
#6322=CARTESIAN_POINT('',(0.00521025431314079,0.0177820290202135,-0.0141937943414581));
#6323=CARTESIAN_POINT('',(0.00644582744115215,0.0228881003186313,-0.0181975869279253));
#6324=CARTESIAN_POINT('',(0.00628138335216749,0.0223041857103286,-0.0177333353432526));
#6325=CARTESIAN_POINT('',(0.00594288901582478,0.0211022465646981,-0.0167777124745917));
#6326=CARTESIAN_POINT('',(0.00546967060363696,0.0194219238148787,-0.0154417423031433));
#6327=CARTESIAN_POINT('',(0.00516089628043377,0.0183255156733618,-0.0145700237163676));
#6328=CARTESIAN_POINT('',(0.00502617220458864,0.0178471320691729,-0.01418967641358));
#6329=CARTESIAN_POINT('',(0.00610979131008726,0.02291231083968,-0.0182829974609082));
#6330=CARTESIAN_POINT('',(0.00595392007787599,0.0223277785795532,-0.0178165669073732));
#6331=CARTESIAN_POINT('',(0.00563307224668881,0.0211245680495535,-0.0168564588144424));
#6332=CARTESIAN_POINT('',(0.00518452382230814,0.0194424678918785,-0.0155142182553407));
#6333=CARTESIAN_POINT('',(0.00489184663013873,0.0183448999943304,-0.014638408249774));
#6334=CARTESIAN_POINT('',(0.00476414603694523,0.0178660103666552,-0.014256275783603));
#6335=CARTESIAN_POINT('',(0.00580355127327758,0.02291231083968,-0.0183825008806427));
#6336=CARTESIAN_POINT('',(0.00565549274848418,0.0223277785795532,-0.0179135318245867));
#6337=CARTESIAN_POINT('',(0.00535072671889157,0.0211245680495535,-0.016948198437567));
#6338=CARTESIAN_POINT('',(0.00492466081134686,0.0194424678918785,-0.0155986528659244));
#6339=CARTESIAN_POINT('',(0.00464665342859555,0.0183448999943304,-0.0147180763503378));
#6340=CARTESIAN_POINT('',(0.00452535355064344,0.0178660103666552,-0.0143338641657149));
#6341=CARTESIAN_POINT('',(0.00548148928084429,0.0228881003186313,-0.0185109193900383));
#6342=CARTESIAN_POINT('',(0.00534164710863336,0.0223041857103286,-0.0180386741580407));
#6343=CARTESIAN_POINT('',(0.00505379375028198,0.0211022465646981,-0.0170665970381939));
#6344=CARTESIAN_POINT('',(0.00465137192351305,0.0194219238148787,-0.0157076236617169));
#6345=CARTESIAN_POINT('',(0.00438879226895505,0.0183255156733618,-0.0148208955172374));
#6346=CARTESIAN_POINT('',(0.00427422380053749,0.0178471320691729,-0.0144339992606071));
#6347=CARTESIAN_POINT('',(0.00529360344338342,0.022804608746436,-0.018653954174663));
#6348=CARTESIAN_POINT('',(0.00515855456042146,0.0222228241510221,-0.0181780598805294));
#6349=CARTESIAN_POINT('',(0.00488056778513334,0.0210252694579041,-0.017198471472964));
#6350=CARTESIAN_POINT('',(0.00449193953855058,0.01935107621583,-0.015828997242363));
#6351=CARTESIAN_POINT('',(0.0042383601749298,0.0182586675691697,-0.0149354173058955));
#6352=CARTESIAN_POINT('',(0.00412771870363516,0.0177820290202135,-0.01454553148286));
#6353=CARTESIAN_POINT('',(0.00515815143610948,0.0226806788134275,-0.0188196617985575));
#6354=CARTESIAN_POINT('',(0.00502655816565663,0.02210205588269,-0.0183395400193573));
#6355=CARTESIAN_POINT('',(0.00475568447828889,0.0209110092105841,-0.0173512496890847));
#6356=CARTESIAN_POINT('',(0.00437700039859473,0.0192459142459082,-0.0159696100849327));
#6357=CARTESIAN_POINT('',(0.0041299095893534,0.0181594422119697,-0.0150680922599809));
#6358=CARTESIAN_POINT('',(0.00402209919702697,0.0176853939193997,-0.0146747429861016));
#6359=CARTESIAN_POINT('',(0.00507709301561784,0.0225450424410702,-0.0189791913530385));
#6360=CARTESIAN_POINT('',(0.00494756768418973,0.0219698798263106,-0.0184949997018953));
#6361=CARTESIAN_POINT('',(0.00468095067550286,0.0207859559238203,-0.0174983318822833));
#6362=CARTESIAN_POINT('',(0.00430821747448015,0.019130818661138,-0.0161049804656204));
#6363=CARTESIAN_POINT('',(0.00406500960488555,0.0180508440132154,-0.0151958207001008));
#6364=CARTESIAN_POINT('',(0.00395889341254972,0.0175796306530235,-0.0147991371030498));
#6365=CARTESIAN_POINT('',(0.00503123451390736,0.0224027024941673,-0.0191338665304172));
#6366=CARTESIAN_POINT('',(0.00490287911133708,0.0218311712150443,-0.0186457288507982));
#6367=CARTESIAN_POINT('',(0.00463867030287645,0.0206547221117635,-0.017640938463216));
#6368=CARTESIAN_POINT('',(0.00426930378946103,0.0190100346919105,-0.0162362316166238));
#6369=CARTESIAN_POINT('',(0.00402829267861587,0.0179368785511805,-0.0153196624496507));
#6370=CARTESIAN_POINT('',(0.00392313497366107,0.0174686402346083,-0.0149197459906408));
#6371=CARTESIAN_POINT('',(0.00501072963781186,0.0222514794713919,-0.0192890268099375));
#6372=CARTESIAN_POINT('',(0.00488289734972146,0.021683806150373,-0.018796930726057));
#6373=CARTESIAN_POINT('',(0.00461976532845209,0.0205152983296042,-0.0177839922959895));
#6374=CARTESIAN_POINT('',(0.00425190417412308,0.0188817129008264,-0.0163678944058456));
#6375=CARTESIAN_POINT('',(0.00401187530788447,0.0178158007930675,-0.0154438925995822));
#6376=CARTESIAN_POINT('',(0.00390714617482482,0.0173507231850585,-0.0150407331395058));
#6377=CARTESIAN_POINT('',(0.00501179910343376,0.0221181533527146,-0.0194196027758784));
#6378=CARTESIAN_POINT('',(0.00488393953144514,0.0215538814091486,-0.0189241754756477));
#6379=CARTESIAN_POINT('',(0.00462075134856437,0.0203923750379953,-0.017904380016698));
#6380=CARTESIAN_POINT('',(0.00425281167975012,0.0187685777046574,-0.01647869593272));
#6381=CARTESIAN_POINT('',(0.00401273158292449,0.0177090523148856,-0.0155484391489726));
#6382=CARTESIAN_POINT('',(0.00390798009699101,0.0172467613527011,-0.0151425505239442));
#6383=CARTESIAN_POINT('',(0.00502098512896637,0.0220132546794096,-0.0195196263556191));
#6384=CARTESIAN_POINT('',(0.00489289120574605,0.0214516588805163,-0.0190216472826955));
#6385=CARTESIAN_POINT('',(0.00462922063055109,0.0202956611282528,-0.0179965992141232));
#6386=CARTESIAN_POINT('',(0.00426060657253599,0.0186795648983149,-0.0165635719302196));
#6387=CARTESIAN_POINT('',(0.0040200864377412,0.0176250644672703,-0.0156285237192396));
#6388=CARTESIAN_POINT('',(0.00391514295492107,0.0171649659895958,-0.0152205445039082));
#6389=CARTESIAN_POINT('',(0.00503077350290904,0.0219492616742944,-0.0195792857109937));
#6390=CARTESIAN_POINT('',(0.00490242986151828,0.0213892984464749,-0.0190797846258174));
#6391=CARTESIAN_POINT('',(0.0046382452624572,0.0202366612045563,-0.0180516036229418));
#6392=CARTESIAN_POINT('',(0.0042689125940205,0.0186252630011399,-0.0166141964660614));
#6393=CARTESIAN_POINT('',(0.00402792356697456,0.017573828025543,-0.0156762903943572));
#6394=CARTESIAN_POINT('',(0.00392277549759894,0.0171150670640451,-0.0152670642403524));
#6395=CARTESIAN_POINT('',(0.0050358249604415,0.0218958281438193,-0.0196301150008524));
#6396=CARTESIAN_POINT('',(0.00490735244772436,0.0213372280968048,-0.019129317173506));
#6397=CARTESIAN_POINT('',(0.00464290257786901,0.0201873968480037,-0.0180984669358588));
#6398=CARTESIAN_POINT('',(0.00427319905825229,0.0185799214505699,-0.0166573281625088));
#6399=CARTESIAN_POINT('',(0.00403196805135272,0.0175310461001506,-0.0157169872165052));
#6400=CARTESIAN_POINT('',(0.00392671440159134,0.0170734019515178,-0.0153066986808023));
#6401=CARTESIAN_POINT('',(0.00503854497831496,0.0218410986537431,-0.0196829744265648));
#6402=CARTESIAN_POINT('',(0.004910003073287,0.0212838948496809,-0.0191808280648083));
#6403=CARTESIAN_POINT('',(0.00464541036519199,0.0201369376496487,-0.0181472019824167));
#6404=CARTESIAN_POINT('',(0.00427550715631102,0.0185334802006676,-0.0167021825508062));
#6405=CARTESIAN_POINT('',(0.00403414585245801,0.0174872265557488,-0.0157593094809523));
#6406=CARTESIAN_POINT('',(0.00392883535167205,0.0170307263067998,-0.0153479161317334));
#6407=CARTESIAN_POINT('',(0.0050390230758735,0.0217710720234006,-0.0197515837677292));
#6408=CARTESIAN_POINT('',(0.00491046897375864,0.0212156547185174,-0.0192476870642662));
#6409=CARTESIAN_POINT('',(0.00464585115898535,0.0200723748768974,-0.0182104580505804));
#6410=CARTESIAN_POINT('',(0.00427591285072116,0.0184740584111529,-0.0167604016855764));
#6411=CARTESIAN_POINT('',(0.00403452864457183,0.0174311592502918,-0.0158142420240355));
#6412=CARTESIAN_POINT('',(0.00392920815108094,0.0169761226261674,-0.0154014146727173));
#6413=CARTESIAN_POINT('',(0.00503582062188453,0.0216859936972076,-0.0198361694426924));
#6414=CARTESIAN_POINT('',(0.00490734821985139,0.021132746886023,-0.0193301148139068));
#6415=CARTESIAN_POINT('',(0.00464289857782979,0.0199939348232607,-0.0182884438923089));
#6416=CARTESIAN_POINT('',(0.00427319537672688,0.0184018643563116,-0.016832177696346));
#6417=CARTESIAN_POINT('',(0.0040319645776571,0.0173630407005473,-0.0158819661291688));
#6418=CARTESIAN_POINT('',(0.00392671101857579,0.0169097822963605,-0.0154673708548038));
#6419=CARTESIAN_POINT('',(0.00502757800806079,0.0215861423036375,-0.0199368996076405));
#6420=CARTESIAN_POINT('',(0.00489931588921216,0.0210354428723818,-0.0194282751799641));
#6421=CARTESIAN_POINT('',(0.00463529909745244,0.0199018743771069,-0.0183813145433305));
#6422=CARTESIAN_POINT('',(0.00426620102527386,0.0183171344690894,-0.0169176532737093));
#6423=CARTESIAN_POINT('',(0.00402536507194392,0.0172830939923276,-0.0159626164317645));
#6424=CARTESIAN_POINT('',(0.00392028379152507,0.0168319225795851,-0.0155459157987769));
#6425=CARTESIAN_POINT('',(0.00501291439453829,0.021471840559701,-0.0200539060232966));
#6426=CARTESIAN_POINT('',(0.00488502636956495,0.0209240571615416,-0.0195422965617198));
#6427=CARTESIAN_POINT('',(0.00462177961860651,0.0197964910753149,-0.0184891914836816));
#6428=CARTESIAN_POINT('',(0.0042537580710435,0.0182201425941964,-0.0170169402245303));
#6429=CARTESIAN_POINT('',(0.00401362454845382,0.0171915775112374,-0.0160562984269558));
#6430=CARTESIAN_POINT('',(0.00390884975184925,0.0167427951163456,-0.0156371522458426));
#6431=CARTESIAN_POINT('',(0.0049904654904669,0.0213434470454009,-0.0201872798565758));
#6432=CARTESIAN_POINT('',(0.00486315017545399,0.0207989391855154,-0.019672267800265));
#6433=CARTESIAN_POINT('',(0.00460108229981523,0.0196781155195304,-0.0186121587669405));
#6434=CARTESIAN_POINT('',(0.00423470883154645,0.0181111930082392,-0.0171301159093965));
#6435=CARTESIAN_POINT('',(0.0039956506782906,0.0170887783568335,-0.0161630851081635));
#6436=CARTESIAN_POINT('',(0.00389134508566059,0.0166426795115273,-0.015741151283944));
#6437=CARTESIAN_POINT('',(0.0049588768334463,0.0212013531069276,-0.0203370769052267));
#6438=CARTESIAN_POINT('',(0.00483236739913271,0.0206604703065827,-0.019818243269852));
#6439=CARTESIAN_POINT('',(0.00457195836118263,0.019547108520991,-0.0187502678372124));
#6440=CARTESIAN_POINT('',(0.00420790396432167,0.0179906177918969,-0.017257227676039));
#6441=CARTESIAN_POINT('',(0.00397035900177429,0.0169750098631477,-0.0162830211502404));
#6442=CARTESIAN_POINT('',(0.0038667136428634,0.0165318809196452,-0.0158579564217067));
#6443=CARTESIAN_POINT('',(0.00491680691870636,0.021045978760381,-0.0205033206035577));
#6444=CARTESIAN_POINT('',(0.00479137075991345,0.0205090598255138,-0.0199802458069402));
#6445=CARTESIAN_POINT('',(0.00453317096941839,0.0194038573238619,-0.0189035403003338));
#6446=CARTESIAN_POINT('',(0.0041722051222333,0.0178587733539835,-0.0173982954098718));
#6447=CARTESIAN_POINT('',(0.00393667543384113,0.0168506083189723,-0.0164161253160274));
#6448=CARTESIAN_POINT('',(0.00383390937715109,0.0164107268507459,-0.0159875859321718));
#6449=CARTESIAN_POINT('',(0.00486292879529556,0.0208777694608124,-0.0206860046765371));
#6450=CARTESIAN_POINT('',(0.00473886715963429,0.0203451418330395,-0.0201582692965845));
#6451=CARTESIAN_POINT('',(0.00448349670948287,0.0192487726263747,-0.0190719703708853));
#6452=CARTESIAN_POINT('',(0.00412648630793218,0.017716037689787,-0.017553313786155));
#6453=CARTESIAN_POINT('',(0.00389353754204274,0.0167159303809724,-0.0165623925813773));
#6454=CARTESIAN_POINT('',(0.00379189759064346,0.0162795646510494,-0.0161300349223463));
#6455=CARTESIAN_POINT('',(0.00479592776561723,0.0206971927374553,-0.0208850971913929));
#6456=CARTESIAN_POINT('',(0.00467357544088417,0.0201691719309222,-0.0203522826206726));
#6457=CARTESIAN_POINT('',(0.00442172346361808,0.0190822854785958,-0.0192555286076627));
#6458=CARTESIAN_POINT('',(0.0040696319217745,0.0175628075258609,-0.0177222557080188));
#6459=CARTESIAN_POINT('',(0.00383989270466398,0.0165713503796591,-0.0167217973790951));
#6460=CARTESIAN_POINT('',(0.00373965314008648,0.0161387588792507,-0.0162852784924612));
#6461=CARTESIAN_POINT('',(0.00471450686124159,0.0205047327367324,-0.0211005441370651));
#6462=CARTESIAN_POINT('',(0.00459423172311747,0.0199816219141809,-0.0205622331460592));
#6463=CARTESIAN_POINT('',(0.00434665545990713,0.0189048422512174,-0.019454165213842));
#6464=CARTESIAN_POINT('',(0.00400054140837636,0.0173994936894387,-0.0179050753438445));
#6465=CARTESIAN_POINT('',(0.0037747024949697,0.0164172559502113,-0.0168942964648528));
#6466=CARTESIAN_POINT('',(0.00367616470664927,0.0159886870513961,-0.0164532745270724));
#6467=CARTESIAN_POINT('',(0.00461738132546147,0.0203008872004735,-0.0213322741842598));
#6468=CARTESIAN_POINT('',(0.0044995840259693,0.0197829768263998,-0.0207880513631825));
#6469=CARTESIAN_POINT('',(0.00425710818533093,0.0187169018495517,-0.0196678144256278));
#6470=CARTESIAN_POINT('',(0.00391812457473181,0.0172265185442712,-0.0181017121664543));
#6471=CARTESIAN_POINT('',(0.00369693826362486,0.0162540456130644,-0.0170798327283581));
#6472=CARTESIAN_POINT('',(0.00360043049366412,0.0158297372846318,-0.0166339674067392));
#6473=CARTESIAN_POINT('',(0.00450327958673034,0.0200861639726175,-0.0215802017995049));
#6474=CARTESIAN_POINT('',(0.00438839321785933,0.0195737315555495,-0.0210296539206759));
#6475=CARTESIAN_POINT('',(0.00415190928325317,0.0185189324927984,-0.0198963973833337));
#6476=CARTESIAN_POINT('',(0.00382130241623325,0.0170443130263537,-0.0183120935955752));
#6477=CARTESIAN_POINT('',(0.00360558191808432,0.0160821259769771,-0.0172783376866458));
#6478=CARTESIAN_POINT('',(0.00351145898567054,0.0156623055732834,-0.0168272904362295));
#6479=CARTESIAN_POINT('',(0.00437093900313144,0.0198610782110348,-0.0218442313657885));
#6480=CARTESIAN_POINT('',(0.00425942886902693,0.0193543881169415,-0.0212869476408809));
#6481=CARTESIAN_POINT('',(0.0040298946299293,0.0183114091434161,-0.0201398259305055));
#6482=CARTESIAN_POINT('',(0.00370900350559881,0.0168533142779904,-0.0185361384944462));
#6483=CARTESIAN_POINT('',(0.00349962251537281,0.0159019095066579,-0.0174897347832945));
#6484=CARTESIAN_POINT('',(0.00340826563013993,0.0154867936147576,-0.0170331690576106));
#6485=CARTESIAN_POINT('',(0.00416207228275098,0.0195379082736338,-0.0222294423877348));
#6486=CARTESIAN_POINT('',(0.00405589069612401,0.0190394627976952,-0.0216623312704328));
#6487=CARTESIAN_POINT('',(0.00383732482416693,0.0180134546777158,-0.0204949806987644));
#6488=CARTESIAN_POINT('',(0.00353176758500163,0.0165790852325002,-0.0188630131156135));
#6489=CARTESIAN_POINT('',(0.00333239193246331,0.0156431612632233,-0.0177981566497646));
#6490=CARTESIAN_POINT('',(0.00324540056525506,0.0152347999379872,-0.0173335396382821));
#6491=CARTESIAN_POINT('',(0.00398338520077777,0.0192966423508019,-0.0225244194236886));
#6492=CARTESIAN_POINT('',(0.00388176222740514,0.0188043519814412,-0.0219497829373953));
#6493=CARTESIAN_POINT('',(0.00367257987769991,0.0177910136310417,-0.0207669420261339));
#6494=CARTESIAN_POINT('',(0.00338014089495426,0.0163743566483392,-0.0191133187958438));
#6495=CARTESIAN_POINT('',(0.00318932488558124,0.0154499900349975,-0.018034332051847));
#6496=CARTESIAN_POINT('',(0.00310606825254081,0.0150466714026947,-0.0175635497328183));
#6497=CARTESIAN_POINT('',(0.00385388630619991,0.0191347345465505,-0.022725486238231));
#6498=CARTESIAN_POINT('',(0.00375556707124376,0.0186465747223545,-0.0221457201934063));
#6499=CARTESIAN_POINT('',(0.00355318518940358,0.0176417387520216,-0.0209523205170258));
#6500=CARTESIAN_POINT('',(0.00327025332763374,0.0162369681802957,-0.0192839360292261));
#6501=CARTESIAN_POINT('',(0.00308564070082004,0.0153203574327657,-0.018195317586251));
#6502=CARTESIAN_POINT('',(0.00300509072089036,0.0149204228313726,-0.0177203327748318));
#6503=CARTESIAN_POINT('',(0.00392238722955561,0.0183115445899657,-0.02070249243744));
#6504=CARTESIAN_POINT('',(0.00402786285974877,0.0183115445899657,-0.0201777568331504));
#6505=CARTESIAN_POINT('',(0.00415826519302537,0.0183115445899656,-0.019387197542665));
#6506=CARTESIAN_POINT('',(0.00426140923680745,0.0183115445899657,-0.0183224853169408));
#6507=CARTESIAN_POINT('',(0.00428875508232227,0.0183115445899656,-0.0175200486977741));
#6508=CARTESIAN_POINT('',(0.00427631938127702,0.0183115445899657,-0.0167213825423266));
#6509=CARTESIAN_POINT('',(0.00413029817613926,0.0183115445899656,-0.0160641196367246));
#6510=CARTESIAN_POINT('',(0.00410658914771904,0.0183115445899657,-0.0155314869837023));
#6511=CARTESIAN_POINT('',(0.00416234435780798,0.0183115445899656,-0.0151382895681088));
#6512=CARTESIAN_POINT('',(0.00437545276231361,0.0183115445899655,-0.0147726218370055));
#6513=CARTESIAN_POINT('',(0.00476906710852888,0.0183115445899643,-0.014654872671613));
#6514=CARTESIAN_POINT('',(0.00515778052425055,0.0183115445899665,-0.0145227997094034));
#6515=CARTESIAN_POINT('',(0.00554117162331772,0.0183115445899636,-0.014702526045943));
#6516=CARTESIAN_POINT('',(0.00581552945747282,0.0183115445899662,-0.014990051337204));
#6517=CARTESIAN_POINT('',(0.00610487095382126,0.0183115445899653,-0.0154333165043822));
#6518=CARTESIAN_POINT('',(0.00637468521536996,0.0183115445899658,-0.0160507345932467));
#6519=CARTESIAN_POINT('',(0.00683300541741849,0.0183115445899656,-0.0167009830898742));
#6520=CARTESIAN_POINT('',(0.00732391340310451,0.0183115445899656,-0.0173300523575723));
#6521=CARTESIAN_POINT('',(0.00803326780128417,0.0183115445899657,-0.018130700443325));
#6522=CARTESIAN_POINT('',(0.00860236841651893,0.0183115445899656,-0.0186923939243372));
#6523=CARTESIAN_POINT('',(0.00899534181318767,0.0183115445899657,-0.0190541895751151));
#6524=CARTESIAN_POINT('',(0.00392238722955561,0.0183115445899656,-0.02070249243744));
#6525=CARTESIAN_POINT('',(0.00899534181318766,0.0183115445899656,-0.0190541895751151));
#6526=CARTESIAN_POINT('',(0.00408509461789392,0.0190967349302385,-0.0216174004441527));
#6527=CARTESIAN_POINT('',(0.00403086399917236,0.0188350044538031,-0.0213124304992629));
#6528=CARTESIAN_POINT('',(0.00397662843106546,0.0185732743256423,-0.0210074611357855));
#6529=CARTESIAN_POINT('',(0.00392238722955808,0.0183115445899696,-0.0207024924374362));
#6530=CARTESIAN_POINT('',(0.00408509461789389,0.0190967349302385,-0.0216174004441527));
#6531=CARTESIAN_POINT('',(0.00417768048529006,0.0193008123878561,-0.0215996987424072));
#6532=CARTESIAN_POINT('',(0.00414719887234997,0.0192326135808412,-0.0216055943079454));
#6533=CARTESIAN_POINT('',(0.00411633500331994,0.0191645888026444,-0.0216114968698217));
#6534=CARTESIAN_POINT('',(0.00408509461789389,0.0190967349302385,-0.0216174004441527));
#6535=CARTESIAN_POINT('',(0.00417768048529475,0.0193008123878541,-0.0215996987424081));
#6536=CARTESIAN_POINT('',(0.0093161698650867,0.0193008123878541,-0.0199301023340285));
#6537=CARTESIAN_POINT('',(0.00899350705686569,0.0195702205982186,-0.0197835401614651));
#6538=CARTESIAN_POINT('',(0.00853173212401743,0.0199814152269908,-0.0195394026877065));
#6539=CARTESIAN_POINT('',(0.00797901192509702,0.0205520008019107,-0.0191538375133154));
#6540=CARTESIAN_POINT('',(0.0075991392195194,0.0209966475116259,-0.0188288337966329));
#6541=CARTESIAN_POINT('',(0.00729003557380602,0.0214598628653898,-0.0184531753075971));
#6542=CARTESIAN_POINT('',(0.00707383398421972,0.0219328522393394,-0.0180300917677428));
#6543=CARTESIAN_POINT('',(0.00665212216985844,0.0222974295047678,-0.017802901253673));
#6544=CARTESIAN_POINT('',(0.00620982336140536,0.0224256349215792,-0.0178254669441815));
#6545=CARTESIAN_POINT('',(0.0057796957002088,0.0224290115667115,-0.0179677063447882));
#6546=CARTESIAN_POINT('',(0.00520854374463931,0.0224265741287698,-0.0181448538606307));
#6547=CARTESIAN_POINT('',(0.00488736964570668,0.0220073883911553,-0.0186645041527295));
#6548=CARTESIAN_POINT('',(0.00492941901472048,0.0215277174588033,-0.0191487558037956));
#6549=CARTESIAN_POINT('',(0.00493364138892925,0.0210494434331503,-0.0196414939650361));
#6550=CARTESIAN_POINT('',(0.00481652015208534,0.0205957163770439,-0.0201376384031842));
#6551=CARTESIAN_POINT('',(0.00459338359826666,0.0199982632001427,-0.0208030028980492));
#6552=CARTESIAN_POINT('',(0.00435627198956817,0.0195759184491154,-0.0212849521493623));
#6553=CARTESIAN_POINT('',(0.00417768048528535,0.0193008123878579,-0.021599698742406));
#6554=CARTESIAN_POINT('',(0.0093161698650867,0.0193008123878541,-0.0199301023340285));
#6555=CARTESIAN_POINT('',(0.0094014782044679,0.0190967349302386,-0.0198900027041455));
#6556=CARTESIAN_POINT('',(0.00937273416782048,0.019164588802643,-0.0199035892500132));
#6557=CARTESIAN_POINT('',(0.00934429533444782,0.0192326135808408,-0.0199169553041884));
#6558=CARTESIAN_POINT('',(0.00931616986508671,0.0193008123878541,-0.0199301023340285));
#6559=CARTESIAN_POINT('',(0.0094014782044679,0.0190967349302386,-0.0198900027041455));
#6560=CARTESIAN_POINT('',(0.00899534181318766,0.0183115445899657,-0.0190541895751151));
#6561=CARTESIAN_POINT('',(0.00913071586272837,0.0185732743257446,-0.0193327966132578));
#6562=CARTESIAN_POINT('',(0.00926609486068171,0.0188350044539023,-0.0196114008781543));
#6563=CARTESIAN_POINT('',(0.0094014782044679,0.0190967349302386,-0.0198900027041455));
#6564=CARTESIAN_POINT('',(0.00335729776847528,0.0191347345465505,-0.02280413813585));
#6565=CARTESIAN_POINT('',(0.00327164735694512,0.0186465747223545,-0.0222223655465175));
#6566=CARTESIAN_POINT('',(0.00309534318336617,0.0176417387520216,-0.0210248355669091));
#6567=CARTESIAN_POINT('',(0.00284886821428823,0.0162369681802956,-0.0193506768745644));
#6568=CARTESIAN_POINT('',(0.00268804365674047,0.0153203574327656,-0.0182582907715522));
#6569=CARTESIAN_POINT('',(0.00261787286124149,0.0149204228313725,-0.0177816620588158));
#6570=CARTESIAN_POINT('',(0.00317200393823556,0.0192966423508019,-0.0226529295908461));
#6571=CARTESIAN_POINT('',(0.00309108068941437,0.0188043519814412,-0.0220750145902649));
#6572=CARTESIAN_POINT('',(0.00292450698297373,0.0177910136310416,-0.020885425132887));
#6573=CARTESIAN_POINT('',(0.00269163530267986,0.0163743566483392,-0.0192223673687364));
#6574=CARTESIAN_POINT('',(0.00253968687120719,0.0154499900349975,-0.018137224605167));
#6575=CARTESIAN_POINT('',(0.00247338889735396,0.0150466714026946,-0.0176637562983943));
#6576=CARTESIAN_POINT('',(0.0029109095074871,0.0195379082736338,-0.0224276071036498));
#6577=CARTESIAN_POINT('',(0.00283664722441396,0.0190394627976952,-0.0218554404653189));
#6578=CARTESIAN_POINT('',(0.00268378455613962,0.0180134546777157,-0.0206776835285077));
#6579=CARTESIAN_POINT('',(0.0024700810420863,0.0165790852325002,-0.0190311677445132));
#6580=CARTESIAN_POINT('',(0.00233063981110612,0.0156431612632232,-0.0179568185988496));
#6581=CARTESIAN_POINT('',(0.00226979896532714,0.0152347999379871,-0.0174880597516663));
#6582=CARTESIAN_POINT('',(0.00259322869983013,0.0198610782110348,-0.022125793017236));
#6583=CARTESIAN_POINT('',(0.00252707099781815,0.0193543881169415,-0.0215613261727541));
#6584=CARTESIAN_POINT('',(0.00239089092850234,0.0183114091434161,-0.0203994186144458));
#6585=CARTESIAN_POINT('',(0.00220050985191022,0.0168533142779903,-0.0187750604175187));
#6586=CARTESIAN_POINT('',(0.00207628647733009,0.0159019095066578,-0.0177151690650735));
#6587=CARTESIAN_POINT('',(0.00202208547005378,0.0154867936147575,-0.0172527184264546));
#6588=CARTESIAN_POINT('',(0.002385775702429,0.0200861639726175,-0.0219155814671049));
#6589=CARTESIAN_POINT('',(0.002324910481402,0.0195737315555494,-0.0213564774790089));
#6590=CARTESIAN_POINT('',(0.00219962453938308,0.0185189324927984,-0.0202056089098457));
#6591=CARTESIAN_POINT('',(0.00202447355992434,0.0170443130263537,-0.0185966833283406));
#6592=CARTESIAN_POINT('',(0.0019101878014926,0.016082125976977,-0.0175468617349316));
#6593=CARTESIAN_POINT('',(0.0018603227640528,0.0156623055732832,-0.0170888047225899));
#6594=CARTESIAN_POINT('',(0.00220064465380254,0.0203008872004734,-0.0217150476694121));
#6595=CARTESIAN_POINT('',(0.00214450244264697,0.0197829768263997,-0.0211610596416755));
#6596=CARTESIAN_POINT('',(0.00202893841949933,0.0187169018495517,-0.0200207218469371));
#6597=CARTESIAN_POINT('',(0.00186737877826327,0.0172265185442712,-0.0184265183916759));
#6598=CARTESIAN_POINT('',(0.00176196134818277,0.0162540456130643,-0.0173863029641513));
#6599=CARTESIAN_POINT('',(0.00171596573009435,0.0158297372846317,-0.0169324373036284));
#6600=CARTESIAN_POINT('',(0.00203666425740976,0.0205047327367323,-0.0215246727391501));
#6601=CARTESIAN_POINT('',(0.00198470546679134,0.0199816219141809,-0.0209755415016795));
#6602=CARTESIAN_POINT('',(0.00187775266322054,0.0189048422512174,-0.0198452010015109));
#6603=CARTESIAN_POINT('',(0.00172823159166686,0.0173994936894386,-0.0182649738624079));
#6604=CARTESIAN_POINT('',(0.00163066931073161,0.0164172559502113,-0.0172338779607755));
#6605=CARTESIAN_POINT('',(0.00158810104274873,0.015988687051396,-0.0167839913218411));
#6606=CARTESIAN_POINT('',(0.00189265160814177,0.0206971927374552,-0.0213449309607021));
#6607=CARTESIAN_POINT('',(0.00184436682665985,0.0201691719309221,-0.0208003852435978));
#6608=CARTESIAN_POINT('',(0.00174497666211158,0.0190822854785958,-0.0196794836517097));
#6609=CARTESIAN_POINT('',(0.0016060282343098,0.0175628075258608,-0.0181124521992393));
#6610=CARTESIAN_POINT('',(0.00151536458798995,0.0165713503796591,-0.0170899664638731));
#6611=CARTESIAN_POINT('',(0.00147580632473645,0.0161387588792505,-0.0166438366032908));
#6612=CARTESIAN_POINT('',(0.00176740687172444,0.0208777694608123,-0.0211762871839143));
#6613=CARTESIAN_POINT('',(0.00172231729780404,0.0203451418330394,-0.0206360438581616));
#6614=CARTESIAN_POINT('',(0.00162950419947745,0.0192487726263747,-0.0195239983772729));
#6615=CARTESIAN_POINT('',(0.00149975057495631,0.017716037689787,-0.0179693478551027));
#6616=CARTESIAN_POINT('',(0.00141508652435556,0.0167159303809723,-0.0169549406586853));
#6617=CARTESIAN_POINT('',(0.00137814599816101,0.0162795646510493,-0.0165123356174039));
#6618=CARTESIAN_POINT('',(0.00165971324821653,0.0210459787603809,-0.0210191935616427));
#6619=CARTESIAN_POINT('',(0.00161737112293154,0.0205090598255138,-0.0204829579630338));
#6620=CARTESIAN_POINT('',(0.00153021341670945,0.0194038573238619,-0.0193791620516379));
#6621=CARTESIAN_POINT('',(0.00140836608598603,0.0178587733539835,-0.0178360445087749));
#6622=CARTESIAN_POINT('',(0.00132886088054761,0.0168506083189722,-0.0168291625645209));
#6623=CARTESIAN_POINT('',(0.00129417125604628,0.0164107268507457,-0.0163898409330538));
#6624=CARTESIAN_POINT('',(0.00156833025367114,0.0212013531069275,-0.0208740867276586));
#6625=CARTESIAN_POINT('',(0.00152831946496379,0.0206604703065826,-0.0203415530527108));
#6626=CARTESIAN_POINT('',(0.00144596061914776,0.019547108520991,-0.0192453772400403));
#6627=CARTESIAN_POINT('',(0.0013308221424814,0.0179906177918968,-0.0177129126701591));
#6628=CARTESIAN_POINT('',(0.00125569445452241,0.0169750098631476,-0.0167129817752256));
#6629=CARTESIAN_POINT('',(0.00122291482367209,0.0165318809196451,-0.0162766930180149));
#6630=CARTESIAN_POINT('',(0.00149199782183035,0.0213434470454008,-0.0207413827002663));
#6631=CARTESIAN_POINT('',(0.00145393440408951,0.0207989391855153,-0.0202122345321581));
#6632=CARTESIAN_POINT('',(0.00137558405773973,0.0196781155195304,-0.0191230275007794));
#6633=CARTESIAN_POINT('',(0.00126604950276131,0.0181111930082391,-0.0176003053557004));
#6634=CARTESIAN_POINT('',(0.00119457836552373,0.0170887783568334,-0.0166067313787296));
#6635=CARTESIAN_POINT('',(0.0011633941568951,0.0166426795115272,-0.0161732162650292));
#6636=CARTESIAN_POINT('',(0.00142943286424134,0.0214718405597009,-0.0206214737398859));
#6637=CARTESIAN_POINT('',(0.00139296558563811,0.0209240571615415,-0.0200953846545612));
#6638=CARTESIAN_POINT('',(0.00131790075755433,0.0197964910753149,-0.0190124744879894));
#6639=CARTESIAN_POINT('',(0.00121295938943348,0.0182201425941963,-0.0174985554218567));
#6640=CARTESIAN_POINT('',(0.00114448529991587,0.0171915775112373,-0.0165107254410486));
#6641=CARTESIAN_POINT('',(0.0011146087598788,0.0167427951163454,-0.0160797165414876));
#6642=CARTESIAN_POINT('',(0.00137932996815973,0.0215861423036374,-0.0205147253316053));
#6643=CARTESIAN_POINT('',(0.0013441409001783,0.0210354428723818,-0.019991359580858));
#6644=CARTESIAN_POINT('',(0.0012717071612313,0.0199018743771069,-0.0189140551696289));
#6645=CARTESIAN_POINT('',(0.00117044408160735,0.0183171344690893,-0.0174079730046126));
#6646=CARTESIAN_POINT('',(0.00110437006996482,0.0172830939923275,-0.0164252565903436));
#6647=CARTESIAN_POINT('',(0.00107554072928787,0.016831922579585,-0.0159964788365564));
#6648=CARTESIAN_POINT('',(0.00134036344375619,0.0216859936972076,-0.0204214723595935));
#6649=CARTESIAN_POINT('',(0.00130616847849702,0.0211327468860229,-0.0199004856517492));
#6650=CARTESIAN_POINT('',(0.00123578101645364,0.0199939348232607,-0.0188280783003873));
#6651=CARTESIAN_POINT('',(0.00113737865207146,0.0184018643563115,-0.0173288422732408));
#6652=CARTESIAN_POINT('',(0.00107317125294844,0.0173630407005472,-0.0163505929539387));
#6653=CARTESIAN_POINT('',(0.00104515635060964,0.0169097822963604,-0.0159237642781541));
#6654=CARTESIAN_POINT('',(0.00131117931797753,0.0217710720234005,-0.0203420162149408));
#6655=CARTESIAN_POINT('',(0.00127772888971075,0.0212156547185173,-0.0198230565693225));
#6656=CARTESIAN_POINT('',(0.00120887399449101,0.0200723748768973,-0.018754821755187));
#6657=CARTESIAN_POINT('',(0.00111261417360509,0.0184740584111529,-0.0172614189761308));
#6658=CARTESIAN_POINT('',(0.00104980478098595,0.0174311592502917,-0.0162869758426928));
#6659=CARTESIAN_POINT('',(0.00102239985531977,0.0169761226261672,-0.0158618078777721));
#6660=CARTESIAN_POINT('',(0.00129043256338334,0.021841098653743,-0.0202766171136771));
#6661=CARTESIAN_POINT('',(0.00125751142033088,0.0212838948496808,-0.0197593259110518));
#6662=CARTESIAN_POINT('',(0.00118974601424061,0.0201369376496487,-0.0186945254465916));
#6663=CARTESIAN_POINT('',(0.00109500930987568,0.0185334802006676,-0.0172059239221672));
#6664=CARTESIAN_POINT('',(0.00103319374856323,0.0174872265557487,-0.0162346136003683));
#6665=CARTESIAN_POINT('',(0.00100622245028857,0.0170307263067997,-0.0158108125404042));
#6666=CARTESIAN_POINT('',(0.00127668499324831,0.0218958281438192,-0.0202255042806578));
#6667=CARTESIAN_POINT('',(0.00124411457423667,0.0213372280968048,-0.0197095170538739));
#6668=CARTESIAN_POINT('',(0.00117707110410756,0.0201873968480037,-0.0186474007140896));
#6669=CARTESIAN_POINT('',(0.00108334367331847,0.0185799214505699,-0.0171625516223676));
#6670=CARTESIAN_POINT('',(0.00102218666154102,0.0175310461001505,-0.0161936897574296));
#6671=CARTESIAN_POINT('',(0.000995502700881039,0.0170734019515177,-0.0157709570054919));
#6672=CARTESIAN_POINT('',(0.00126578210047298,0.0219492616742943,-0.0201756017670952));
#6673=CARTESIAN_POINT('',(0.00123348983291452,0.0213892984464749,-0.019660887638832));
#6674=CARTESIAN_POINT('',(0.00116701891417434,0.0202366612045563,-0.0186013918653543));
#6675=CARTESIAN_POINT('',(0.00107409191585951,0.0186252630011399,-0.0171202063511091));
#6676=CARTESIAN_POINT('',(0.00101345718510314,0.0175738280255429,-0.0161537349651269));
#6677=CARTESIAN_POINT('',(0.0009870011055285,0.017115067064045,-0.0157320452243594));
#6678=CARTESIAN_POINT('',(0.00125665564261089,0.0220132546794096,-0.0201158375745126));
#6679=CARTESIAN_POINT('',(0.00122459620661091,0.0214516588805162,-0.0196026481330788));
#6680=CARTESIAN_POINT('',(0.00115860455206534,0.0202956611282528,-0.0185462907992955));
#6681=CARTESIAN_POINT('',(0.0010663475698094,0.0186795648983148,-0.017069492854618));
#6682=CARTESIAN_POINT('',(0.00100615002355344,0.0176250644672702,-0.0161058843513744));
#6683=CARTESIAN_POINT('',(0.000979884695843077,0.0171649659895956,-0.0156854437404801));
#6684=CARTESIAN_POINT('',(0.00123448308607444,0.0221181533527145,-0.0200178708592167));
#6685=CARTESIAN_POINT('',(0.00120298930993635,0.0215538814091486,-0.0195071807163438));
#6686=CARTESIAN_POINT('',(0.00113816201867514,0.0203923750379952,-0.0184559679785927));
#6687=CARTESIAN_POINT('',(0.00104753282774531,0.0187685777046574,-0.0169863622297788));
#6688=CARTESIAN_POINT('',(0.000988397412953583,0.0177090523148855,-0.0160274466238378));
#6689=CARTESIAN_POINT('',(0.000962595513284964,0.017246761352701,-0.0156090536127749));
#6690=CARTESIAN_POINT('',(0.00119515001579044,0.0222514794713918,-0.019893355252885));
#6691=CARTESIAN_POINT('',(0.00116465969358729,0.0216838061503729,-0.0193858417162173));
#6692=CARTESIAN_POINT('',(0.0011018979279151,0.0205152983296042,-0.0183411677553594));
#6693=CARTESIAN_POINT('',(0.00101415636207859,0.0188817129008263,-0.0168807032809682));
#6694=CARTESIAN_POINT('',(0.000956905118445236,0.0178158007930674,-0.0159277523432446));
#6695=CARTESIAN_POINT('',(0.000931925318280916,0.0173507231850583,-0.0155119618297113));
#6696=CARTESIAN_POINT('',(0.00112770155654026,0.0224027024941672,-0.0197521254131581));
#6697=CARTESIAN_POINT('',(0.00109893195995939,0.0218311712150443,-0.0192482148913933));
#6698=CARTESIAN_POINT('',(0.00103971216336095,0.0206547221117635,-0.0182109574338946));
#6699=CARTESIAN_POINT('',(0.000956922305134088,0.0190100346919105,-0.0167608613041603));
#6700=CARTESIAN_POINT('',(0.000902902043488105,0.0179368785511804,-0.0158146756961908));
#6701=CARTESIAN_POINT('',(0.000879331981859702,0.0174686402346081,-0.0154018370239552));
#6702=CARTESIAN_POINT('',(0.001036290271243,0.0225450424410701,-0.0196191916341681));
#6703=CARTESIAN_POINT('',(0.00100985273298527,0.0219698798263105,-0.0191186724805994));
#6704=CARTESIAN_POINT('',(0.000955433282445321,0.0207859559238202,-0.0180883958695021));
#6705=CARTESIAN_POINT('',(0.000879354355232274,0.019130818661138,-0.0166480590317119));
#6706=CARTESIAN_POINT('',(0.000829712966276951,0.0180508440132153,-0.0157082413474906));
#6707=CARTESIAN_POINT('',(0.000808053489603842,0.0175796306530234,-0.0152981811207977));
#6708=CARTESIAN_POINT('',(0.000909901788794127,0.0226806788134274,-0.0194925184413064));
#6709=CARTESIAN_POINT('',(0.000886688637016519,0.02210205588269,-0.0189952309376676));
#6710=CARTESIAN_POINT('',(0.000838906315049823,0.0209110092105841,-0.0179716064063446));
#6711=CARTESIAN_POINT('',(0.000772106158875752,0.0192459142459081,-0.0165405692415197));
#6712=CARTESIAN_POINT('',(0.000728519154479299,0.0181594422119696,-0.0156068195803335));
#6713=CARTESIAN_POINT('',(0.000709501320271933,0.0176853939193996,-0.0151994069468315));
#6714=CARTESIAN_POINT('',(0.000729872802750086,0.022804608746436,-0.0193767780979715));
#6715=CARTESIAN_POINT('',(0.000711252498496105,0.022222824151022,-0.0188824433285616));
#6716=CARTESIAN_POINT('',(0.000672924167147332,0.0210252694579041,-0.0178648967524838));
#6717=CARTESIAN_POINT('',(0.000619340782861961,0.0193510762158299,-0.0164423566288842));
#6718=CARTESIAN_POINT('',(0.000584377702830562,0.0182586675691697,-0.0155141512746946));
#6719=CARTESIAN_POINT('',(0.000569122649893955,0.0177820290202133,-0.0151091577271728));
#6720=CARTESIAN_POINT('',(0.000506982573477568,0.0228881003186312,-0.0192988038507752));
#6721=CARTESIAN_POINT('',(0.000494048580411861,0.0223041857103286,-0.0188064583378511));
#6722=CARTESIAN_POINT('',(0.000467425042733676,0.0211022465646981,-0.0177930064790609));
#6723=CARTESIAN_POINT('',(0.000430205075147157,0.0194219238148786,-0.0163761908105118));
#6724=CARTESIAN_POINT('',(0.000405919100626348,0.0183255156733617,-0.0154517206548867));
#6725=CARTESIAN_POINT('',(0.000395322670718019,0.0178471320691728,-0.0150483568451277));
#6726=CARTESIAN_POINT('',(0.000160999915127358,0.02291231083968,-0.0192761932195057));
#6727=CARTESIAN_POINT('',(0.0001568925317679,0.0223277785795532,-0.0187844245424797));
#6728=CARTESIAN_POINT('',(0.000148437828330706,0.0211245680495535,-0.017772160051905));
#6729=CARTESIAN_POINT('',(0.000136618069751297,0.0194424678918785,-0.0163570043358019));
#6730=CARTESIAN_POINT('',(0.000128905694531347,0.0183448999943304,-0.0154336172967249));
#6731=CARTESIAN_POINT('',(0.000125540639389133,0.0178660103666551,-0.0150307260711965));
#6732=CARTESIAN_POINT('',(-0.000160999915127352,0.02291231083968,-0.0192761932195057));
#6733=CARTESIAN_POINT('',(-0.000156892531767895,0.0223277785795532,-0.0187844245424797));
#6734=CARTESIAN_POINT('',(-0.000148437828330702,0.0211245680495535,-0.017772160051905));
#6735=CARTESIAN_POINT('',(-0.000136618069751294,0.0194424678918785,-0.0163570043358019));
#6736=CARTESIAN_POINT('',(-0.000128905694531344,0.0183448999943304,-0.0154336172967249));
#6737=CARTESIAN_POINT('',(-0.000125540639389129,0.0178660103666551,-0.0150307260711965));
#6738=CARTESIAN_POINT('',(-0.000506982573477564,0.0228881003186312,-0.0192988038507752));
#6739=CARTESIAN_POINT('',(-0.000494048580411857,0.0223041857103286,-0.0188064583378511));
#6740=CARTESIAN_POINT('',(-0.000467425042733672,0.0211022465646981,-0.0177930064790609));
#6741=CARTESIAN_POINT('',(-0.000430205075147153,0.0194219238148786,-0.0163761908105118));
#6742=CARTESIAN_POINT('',(-0.000405919100626345,0.0183255156733617,-0.0154517206548867));
#6743=CARTESIAN_POINT('',(-0.000395322670718016,0.0178471320691728,-0.0150483568451277));
#6744=CARTESIAN_POINT('',(-0.000729872802750081,0.022804608746436,-0.0193767780979715));
#6745=CARTESIAN_POINT('',(-0.000711252498496101,0.022222824151022,-0.0188824433285616));
#6746=CARTESIAN_POINT('',(-0.000672924167147328,0.0210252694579041,-0.0178648967524838));
#6747=CARTESIAN_POINT('',(-0.000619340782861958,0.0193510762158299,-0.0164423566288842));
#6748=CARTESIAN_POINT('',(-0.000584377702830557,0.0182586675691697,-0.0155141512746946));
#6749=CARTESIAN_POINT('',(-0.00056912264989395,0.0177820290202133,-0.0151091577271728));
#6750=CARTESIAN_POINT('',(-0.000909901788794122,0.0226806788134274,-0.0194925184413064));
#6751=CARTESIAN_POINT('',(-0.000886688637016514,0.02210205588269,-0.0189952309376676));
#6752=CARTESIAN_POINT('',(-0.000838906315049819,0.0209110092105841,-0.0179716064063446));
#6753=CARTESIAN_POINT('',(-0.000772106158875747,0.0192459142459081,-0.0165405692415197));
#6754=CARTESIAN_POINT('',(-0.000728519154479295,0.0181594422119696,-0.0156068195803335));
#6755=CARTESIAN_POINT('',(-0.000709501320271929,0.0176853939193996,-0.0151994069468315));
#6756=CARTESIAN_POINT('',(-0.001036290271243,0.0225450424410701,-0.0196191916341681));
#6757=CARTESIAN_POINT('',(-0.00100985273298526,0.0219698798263105,-0.0191186724805994));
#6758=CARTESIAN_POINT('',(-0.000955433282445317,0.0207859559238202,-0.0180883958695021));
#6759=CARTESIAN_POINT('',(-0.00087935435523227,0.019130818661138,-0.0166480590317119));
#6760=CARTESIAN_POINT('',(-0.000829712966276948,0.0180508440132153,-0.0157082413474906));
#6761=CARTESIAN_POINT('',(-0.000808053489603838,0.0175796306530234,-0.0152981811207977));
#6762=CARTESIAN_POINT('',(-0.00112770155654025,0.0224027024941672,-0.0197521254131581));
#6763=CARTESIAN_POINT('',(-0.00109893195995939,0.0218311712150443,-0.0192482148913933));
#6764=CARTESIAN_POINT('',(-0.00103971216336094,0.0206547221117635,-0.0182109574338946));
#6765=CARTESIAN_POINT('',(-0.000956922305134084,0.0190100346919105,-0.0167608613041603));
#6766=CARTESIAN_POINT('',(-0.000902902043488101,0.0179368785511804,-0.0158146756961908));
#6767=CARTESIAN_POINT('',(-0.000879331981859698,0.0174686402346081,-0.0154018370239552));
#6768=CARTESIAN_POINT('',(-0.00119515001579044,0.0222514794713918,-0.019893355252885));
#6769=CARTESIAN_POINT('',(-0.00116465969358729,0.0216838061503729,-0.0193858417162173));
#6770=CARTESIAN_POINT('',(-0.0011018979279151,0.0205152983296042,-0.0183411677553594));
#6771=CARTESIAN_POINT('',(-0.00101415636207859,0.0188817129008263,-0.0168807032809682));
#6772=CARTESIAN_POINT('',(-0.000956905118445232,0.0178158007930674,-0.0159277523432446));
#6773=CARTESIAN_POINT('',(-0.000931925318280912,0.0173507231850583,-0.0155119618297113));
#6774=CARTESIAN_POINT('',(-0.00123448308607444,0.0221181533527145,-0.0200178708592167));
#6775=CARTESIAN_POINT('',(-0.00120298930993634,0.0215538814091486,-0.0195071807163438));
#6776=CARTESIAN_POINT('',(-0.00113816201867513,0.0203923750379952,-0.0184559679785927));
#6777=CARTESIAN_POINT('',(-0.00104753282774531,0.0187685777046574,-0.0169863622297788));
#6778=CARTESIAN_POINT('',(-0.000988397412953579,0.0177090523148855,-0.0160274466238378));
#6779=CARTESIAN_POINT('',(-0.000962595513284961,0.017246761352701,-0.0156090536127749));
#6780=CARTESIAN_POINT('',(-0.00125665564261089,0.0220132546794096,-0.0201158375745126));
#6781=CARTESIAN_POINT('',(-0.00122459620661091,0.0214516588805162,-0.0196026481330788));
#6782=CARTESIAN_POINT('',(-0.00115860455206533,0.0202956611282528,-0.0185462907992955));
#6783=CARTESIAN_POINT('',(-0.00106634756980939,0.0186795648983148,-0.017069492854618));
#6784=CARTESIAN_POINT('',(-0.00100615002355344,0.0176250644672702,-0.0161058843513744));
#6785=CARTESIAN_POINT('',(-0.000979884695843074,0.0171649659895956,-0.0156854437404801));
#6786=CARTESIAN_POINT('',(-0.00126578210047298,0.0219492616742943,-0.0201756017670952));
#6787=CARTESIAN_POINT('',(-0.00123348983291452,0.0213892984464749,-0.019660887638832));
#6788=CARTESIAN_POINT('',(-0.00116701891417433,0.0202366612045563,-0.0186013918653543));
#6789=CARTESIAN_POINT('',(-0.00107409191585951,0.0186252630011399,-0.0171202063511091));
#6790=CARTESIAN_POINT('',(-0.00101345718510314,0.0175738280255429,-0.0161537349651269));
#6791=CARTESIAN_POINT('',(-0.000987001105528495,0.017115067064045,-0.0157320452243594));
#6792=CARTESIAN_POINT('',(-0.00127668499324831,0.0218958281438192,-0.0202255042806578));
#6793=CARTESIAN_POINT('',(-0.00124411457423666,0.0213372280968048,-0.0197095170538739));
#6794=CARTESIAN_POINT('',(-0.00117707110410755,0.0201873968480037,-0.0186474007140896));
#6795=CARTESIAN_POINT('',(-0.00108334367331846,0.0185799214505699,-0.0171625516223676));
#6796=CARTESIAN_POINT('',(-0.00102218666154102,0.0175310461001505,-0.0161936897574296));
#6797=CARTESIAN_POINT('',(-0.000995502700881035,0.0170734019515177,-0.0157709570054919));
#6798=CARTESIAN_POINT('',(-0.00129043256338334,0.021841098653743,-0.0202766171136771));
#6799=CARTESIAN_POINT('',(-0.00125751142033087,0.0212838948496808,-0.0197593259110518));
#6800=CARTESIAN_POINT('',(-0.0011897460142406,0.0201369376496487,-0.0186945254465916));
#6801=CARTESIAN_POINT('',(-0.00109500930987568,0.0185334802006676,-0.0172059239221672));
#6802=CARTESIAN_POINT('',(-0.00103319374856322,0.0174872265557487,-0.0162346136003683));
#6803=CARTESIAN_POINT('',(-0.00100622245028856,0.0170307263067997,-0.0158108125404042));
#6804=CARTESIAN_POINT('',(-0.00131117931797753,0.0217710720234005,-0.0203420162149408));
#6805=CARTESIAN_POINT('',(-0.00127772888971075,0.0212156547185173,-0.0198230565693225));
#6806=CARTESIAN_POINT('',(-0.001208873994491,0.0200723748768973,-0.018754821755187));
#6807=CARTESIAN_POINT('',(-0.00111261417360508,0.0184740584111529,-0.0172614189761308));
#6808=CARTESIAN_POINT('',(-0.00104980478098594,0.0174311592502917,-0.0162869758426928));
#6809=CARTESIAN_POINT('',(-0.00102239985531977,0.0169761226261672,-0.0158618078777721));
#6810=CARTESIAN_POINT('',(-0.00134036344375618,0.0216859936972076,-0.0204214723595935));
#6811=CARTESIAN_POINT('',(-0.00130616847849701,0.0211327468860229,-0.0199004856517492));
#6812=CARTESIAN_POINT('',(-0.00123578101645364,0.0199939348232607,-0.0188280783003873));
#6813=CARTESIAN_POINT('',(-0.00113737865207145,0.0184018643563115,-0.0173288422732408));
#6814=CARTESIAN_POINT('',(-0.00107317125294844,0.0173630407005472,-0.0163505929539387));
#6815=CARTESIAN_POINT('',(-0.00104515635060964,0.0169097822963604,-0.0159237642781541));
#6816=CARTESIAN_POINT('',(-0.00137932996815972,0.0215861423036374,-0.0205147253316053));
#6817=CARTESIAN_POINT('',(-0.0013441409001783,0.0210354428723818,-0.019991359580858));
#6818=CARTESIAN_POINT('',(-0.0012717071612313,0.0199018743771069,-0.0189140551696289));
#6819=CARTESIAN_POINT('',(-0.00117044408160735,0.0183171344690893,-0.0174079730046126));
#6820=CARTESIAN_POINT('',(-0.00110437006996482,0.0172830939923275,-0.0164252565903436));
#6821=CARTESIAN_POINT('',(-0.00107554072928787,0.016831922579585,-0.0159964788365564));
#6822=CARTESIAN_POINT('',(-0.00142943286424134,0.0214718405597009,-0.0206214737398859));
#6823=CARTESIAN_POINT('',(-0.0013929655856381,0.0209240571615415,-0.0200953846545612));
#6824=CARTESIAN_POINT('',(-0.00131790075755432,0.0197964910753149,-0.0190124744879894));
#6825=CARTESIAN_POINT('',(-0.00121295938943347,0.0182201425941963,-0.0174985554218567));
#6826=CARTESIAN_POINT('',(-0.00114448529991586,0.0171915775112373,-0.0165107254410486));
#6827=CARTESIAN_POINT('',(-0.0011146087598788,0.0167427951163454,-0.0160797165414876));
#6828=CARTESIAN_POINT('',(-0.00149199782183035,0.0213434470454008,-0.0207413827002663));
#6829=CARTESIAN_POINT('',(-0.00145393440408951,0.0207989391855153,-0.0202122345321581));
#6830=CARTESIAN_POINT('',(-0.00137558405773972,0.0196781155195304,-0.0191230275007794));
#6831=CARTESIAN_POINT('',(-0.0012660495027613,0.0181111930082392,-0.0176003053557004));
#6832=CARTESIAN_POINT('',(-0.00119457836552373,0.0170887783568334,-0.0166067313787296));
#6833=CARTESIAN_POINT('',(-0.00116339415689509,0.0166426795115272,-0.0161732162650292));
#6834=CARTESIAN_POINT('',(-0.00156833025367113,0.0212013531069275,-0.0208740867276586));
#6835=CARTESIAN_POINT('',(-0.00152831946496378,0.0206604703065826,-0.0203415530527108));
#6836=CARTESIAN_POINT('',(-0.00144596061914775,0.019547108520991,-0.0192453772400403));
#6837=CARTESIAN_POINT('',(-0.0013308221424814,0.0179906177918968,-0.0177129126701591));
#6838=CARTESIAN_POINT('',(-0.00125569445452241,0.0169750098631476,-0.0167129817752256));
#6839=CARTESIAN_POINT('',(-0.00122291482367209,0.0165318809196451,-0.0162766930180149));
#6840=CARTESIAN_POINT('',(-0.00165971324821653,0.0210459787603809,-0.0210191935616427));
#6841=CARTESIAN_POINT('',(-0.00161737112293154,0.0205090598255138,-0.0204829579630338));
#6842=CARTESIAN_POINT('',(-0.00153021341670945,0.0194038573238619,-0.0193791620516379));
#6843=CARTESIAN_POINT('',(-0.00140836608598603,0.0178587733539835,-0.0178360445087749));
#6844=CARTESIAN_POINT('',(-0.0013288608805476,0.0168506083189722,-0.0168291625645209));
#6845=CARTESIAN_POINT('',(-0.00129417125604628,0.0164107268507457,-0.0163898409330538));
#6846=CARTESIAN_POINT('',(-0.00176740687172443,0.0208777694608123,-0.0211762871839143));
#6847=CARTESIAN_POINT('',(-0.00172231729780404,0.0203451418330394,-0.0206360438581616));
#6848=CARTESIAN_POINT('',(-0.00162950419947745,0.0192487726263747,-0.0195239983772729));
#6849=CARTESIAN_POINT('',(-0.00149975057495631,0.017716037689787,-0.0179693478551027));
#6850=CARTESIAN_POINT('',(-0.00141508652435556,0.0167159303809723,-0.0169549406586853));
#6851=CARTESIAN_POINT('',(-0.00137814599816101,0.0162795646510493,-0.0165123356174039));
#6852=CARTESIAN_POINT('',(-0.00189265160814176,0.0206971927374552,-0.0213449309607021));
#6853=CARTESIAN_POINT('',(-0.00184436682665985,0.0201691719309221,-0.0208003852435978));
#6854=CARTESIAN_POINT('',(-0.00174497666211157,0.0190822854785958,-0.0196794836517097));
#6855=CARTESIAN_POINT('',(-0.0016060282343098,0.0175628075258608,-0.0181124521992393));
#6856=CARTESIAN_POINT('',(-0.00151536458798994,0.0165713503796591,-0.0170899664638731));
#6857=CARTESIAN_POINT('',(-0.00147580632473645,0.0161387588792505,-0.0166438366032908));
#6858=CARTESIAN_POINT('',(-0.00203666425740976,0.0205047327367323,-0.0215246727391501));
#6859=CARTESIAN_POINT('',(-0.00198470546679133,0.0199816219141809,-0.0209755415016795));
#6860=CARTESIAN_POINT('',(-0.00187775266322054,0.0189048422512174,-0.0198452010015109));
#6861=CARTESIAN_POINT('',(-0.00172823159166686,0.0173994936894386,-0.0182649738624079));
#6862=CARTESIAN_POINT('',(-0.0016306693107316,0.0164172559502113,-0.0172338779607755));
#6863=CARTESIAN_POINT('',(-0.00158810104274872,0.015988687051396,-0.0167839913218411));
#6864=CARTESIAN_POINT('',(-0.00220064465380253,0.0203008872004734,-0.0217150476694121));
#6865=CARTESIAN_POINT('',(-0.00214450244264697,0.0197829768263997,-0.0211610596416755));
#6866=CARTESIAN_POINT('',(-0.00202893841949933,0.0187169018495517,-0.0200207218469371));
#6867=CARTESIAN_POINT('',(-0.00186737877826327,0.0172265185442712,-0.0184265183916759));
#6868=CARTESIAN_POINT('',(-0.00176196134818277,0.0162540456130643,-0.0173863029641513));
#6869=CARTESIAN_POINT('',(-0.00171596573009435,0.0158297372846317,-0.0169324373036284));
#6870=CARTESIAN_POINT('',(-0.002385775702429,0.0200861639726175,-0.0219155814671049));
#6871=CARTESIAN_POINT('',(-0.002324910481402,0.0195737315555494,-0.0213564774790089));
#6872=CARTESIAN_POINT('',(-0.00219962453938307,0.0185189324927984,-0.0202056089098457));
#6873=CARTESIAN_POINT('',(-0.00202447355992433,0.0170443130263537,-0.0185966833283406));
#6874=CARTESIAN_POINT('',(-0.0019101878014926,0.016082125976977,-0.0175468617349316));
#6875=CARTESIAN_POINT('',(-0.0018603227640528,0.0156623055732832,-0.0170888047225899));
#6876=CARTESIAN_POINT('',(-0.00259322869983013,0.0198610782110348,-0.022125793017236));
#6877=CARTESIAN_POINT('',(-0.00252707099781815,0.0193543881169415,-0.0215613261727541));
#6878=CARTESIAN_POINT('',(-0.00239089092850234,0.0183114091434161,-0.0203994186144458));
#6879=CARTESIAN_POINT('',(-0.00220050985191021,0.0168533142779903,-0.0187750604175187));
#6880=CARTESIAN_POINT('',(-0.00207628647733008,0.0159019095066578,-0.0177151690650735));
#6881=CARTESIAN_POINT('',(-0.00202208547005378,0.0154867936147575,-0.0172527184264546));
#6882=CARTESIAN_POINT('',(-0.00291090950748709,0.0195379082736338,-0.0224276071036498));
#6883=CARTESIAN_POINT('',(-0.00283664722441395,0.0190394627976952,-0.0218554404653189));
#6884=CARTESIAN_POINT('',(-0.00268378455613961,0.0180134546777157,-0.0206776835285077));
#6885=CARTESIAN_POINT('',(-0.00247008104208629,0.0165790852325002,-0.0190311677445132));
#6886=CARTESIAN_POINT('',(-0.00233063981110611,0.0156431612632232,-0.0179568185988496));
#6887=CARTESIAN_POINT('',(-0.00226979896532714,0.0152347999379871,-0.0174880597516663));
#6888=CARTESIAN_POINT('',(-0.00317200393823556,0.0192966423508019,-0.0226529295908461));
#6889=CARTESIAN_POINT('',(-0.00309108068941436,0.0188043519814412,-0.0220750145902649));
#6890=CARTESIAN_POINT('',(-0.00292450698297372,0.0177910136310416,-0.020885425132887));
#6891=CARTESIAN_POINT('',(-0.00269163530267985,0.0163743566483392,-0.0192223673687365));
#6892=CARTESIAN_POINT('',(-0.00253968687120718,0.0154499900349975,-0.0181372246051671));
#6893=CARTESIAN_POINT('',(-0.00247338889735395,0.0150466714026946,-0.0176637562983943));
#6894=CARTESIAN_POINT('',(-0.00335729776847528,0.0191347345465505,-0.02280413813585));
#6895=CARTESIAN_POINT('',(-0.00327164735694511,0.0186465747223545,-0.0222223655465175));
#6896=CARTESIAN_POINT('',(-0.00309534318336616,0.0176417387520216,-0.0210248355669091));
#6897=CARTESIAN_POINT('',(-0.00284886821428823,0.0162369681802956,-0.0193506768745644));
#6898=CARTESIAN_POINT('',(-0.00268804365674046,0.0153203574327656,-0.0182582907715522));
#6899=CARTESIAN_POINT('',(-0.00261787286124148,0.0149204228313725,-0.0177816620588158));
#6900=CARTESIAN_POINT('',(-0.00266701005498193,0.0183115445899656,-0.020901324648623));
#6901=CARTESIAN_POINT('',(-0.00240454455029995,0.0183115445899656,-0.0204348651950577));
#6902=CARTESIAN_POINT('',(-0.00203622830567962,0.0183115445899656,-0.0197232951674192));
#6903=CARTESIAN_POINT('',(-0.00160911831885959,0.0183115445899657,-0.018742566929572));
#6904=CARTESIAN_POINT('',(-0.00133514432205932,0.0183115445899656,-0.0179878546849965));
#6905=CARTESIAN_POINT('',(-0.0011001699617076,0.0183115445899657,-0.0172244351905614));
#6906=CARTESIAN_POINT('',(-0.00103593897276512,0.0183115445899656,-0.0165542179873503));
#6907=CARTESIAN_POINT('',(-0.000893895057206023,0.0183115445899657,-0.0160403277392015));
#6908=CARTESIAN_POINT('',(-0.00071936401778027,0.0183115445899656,-0.0156836040823546));
#6909=CARTESIAN_POINT('',(-0.000403688337816459,0.0183115445899655,-0.015401687522501));
#6910=CARTESIAN_POINT('',(7.04764423781221E-6,0.0183115445899643,-0.0154113349336637));
#6911=CARTESIAN_POINT('',(0.000417548861046167,0.0183115445899665,-0.0154058451337115));
#6912=CARTESIAN_POINT('',(0.000726636971795546,0.0183115445899636,-0.0156952494022945));
#6913=CARTESIAN_POINT('',(0.000898716576464515,0.0183115445899662,-0.016053483437432));
#6914=CARTESIAN_POINT('',(0.00103692022234487,0.0183115445899653,-0.0165644651026781));
#6915=CARTESIAN_POINT('',(0.00110273615187806,0.0183115445899657,-0.0172350417915079));
#6916=CARTESIAN_POINT('',(0.00133768673055917,0.0183115445899656,-0.0179950935927497));
#6917=CARTESIAN_POINT('',(0.00161017487489736,0.0183115445899657,-0.0187450729292733));
#6918=CARTESIAN_POINT('',(0.00203739713263787,0.0183115445899656,-0.0197257370725634));
#6919=CARTESIAN_POINT('',(0.00240507114992161,0.0183115445899656,-0.0204358010794586));
#6920=CARTESIAN_POINT('',(0.00266701005497419,0.0183115445899656,-0.0209013246486093));
#6921=CARTESIAN_POINT('',(-0.00266701005498195,0.0183115445899656,-0.0209013246486229));
#6922=CARTESIAN_POINT('',(0.00266701005497418,0.0183115445899656,-0.0209013246486093));
#6923=CARTESIAN_POINT('',(-0.00279498825542144,0.0190967349302385,-0.021821733218332));
#6924=CARTESIAN_POINT('',(-0.00275232374299455,0.0188350044538018,-0.0215149313821684));
#6925=CARTESIAN_POINT('',(-0.00270966411737917,0.0185732743256397,-0.0212081285695168));
#6926=CARTESIAN_POINT('',(-0.00266701005498186,0.0183115445899657,-0.020901324648623));
#6927=CARTESIAN_POINT('',(-0.00279498825542147,0.0190967349302385,-0.021821733218332));
#6928=CARTESIAN_POINT('',(-0.00270146373625078,0.0193008123878556,-0.021833508506002));
#6929=CARTESIAN_POINT('',(-0.00273227530280721,0.0192326135808411,-0.0218296961856099));
#6930=CARTESIAN_POINT('',(-0.00276345257849481,0.0191645888026441,-0.0218257723955026));
#6931=CARTESIAN_POINT('',(-0.00279498825542149,0.0190967349302385,-0.0218217332183321));
#6932=CARTESIAN_POINT('',(-0.00270146373624766,0.0193008123878541,-0.0218335085060038));
#6933=CARTESIAN_POINT('',(0.00270146373625665,0.0193008123878541,-0.0218335085060027));
#6934=CARTESIAN_POINT('',(0.00243988337198639,0.0195702205982188,-0.0215944113055507));
#6935=CARTESIAN_POINT('',(0.0020761519413943,0.0199814152269912,-0.021219526468434));
#6936=CARTESIAN_POINT('',(0.00166962998584895,0.0205520008019114,-0.0206820322622718));
#6937=CARTESIAN_POINT('',(0.0014087812455365,0.0209966475116268,-0.0202555482379778));
#6938=CARTESIAN_POINT('',(0.0012308910662639,0.0214598628653912,-0.0198027575045296));
#6939=CARTESIAN_POINT('',(0.00115601113950926,0.0219328522393408,-0.0193335711816211));
#6940=CARTESIAN_POINT('',(0.000825145100269863,0.022297429504769,-0.0189871840454084));
#6941=CARTESIAN_POINT('',(0.000397520754483237,0.0224256349215793,-0.0188719674440084));
#6942=CARTESIAN_POINT('',(-5.55093525935281E-5,0.0224290115667115,-0.0188743283957689));
#6943=CARTESIAN_POINT('',(-0.000653448734639262,0.0224265741287691,-0.0188663100344157));
#6944=CARTESIAN_POINT('',(-0.00111948422568349,0.0220073883911538,-0.0192612785761883));
#6945=CARTESIAN_POINT('',(-0.00122913488900957,0.0215277174588019,-0.0197348232340895));
#6946=CARTESIAN_POINT('',(-0.00137738363810522,0.0210494434331491,-0.0202047498585515));
#6947=CARTESIAN_POINT('',(-0.00164208961665454,0.0205957163770427,-0.0206404188068888));
#6948=CARTESIAN_POINT('',(-0.0020599140265546,0.0199982632001416,-0.0212042650582452));
#6949=CARTESIAN_POINT('',(-0.00243435107617858,0.0195759184491144,-0.0215893545175786));
#6950=CARTESIAN_POINT('',(-0.00270146373625384,0.019300812387857,-0.0218335085060001));
#6951=CARTESIAN_POINT('',(0.00270146373625664,0.0193008123878541,-0.0218335085060027));
#6952=CARTESIAN_POINT('',(0.00279498825542144,0.0190967349302386,-0.021821733218332));
#6953=CARTESIAN_POINT('',(0.0027634525784953,0.019164588802643,-0.0218257723955025));
#6954=CARTESIAN_POINT('',(0.00273227530281256,0.0192326135808408,-0.0218296961856106));
#6955=CARTESIAN_POINT('',(0.00270146373625665,0.0193008123878541,-0.0218335085060027));
#6956=CARTESIAN_POINT('',(0.00279498825542143,0.0190967349302386,-0.021821733218332));
#6957=CARTESIAN_POINT('',(0.0026670100549807,0.0183115445899585,-0.0209013246486145));
#6958=CARTESIAN_POINT('',(0.00270966411739548,0.0185732743257398,-0.0212081285696341));
#6959=CARTESIAN_POINT('',(0.00275232374301054,0.0188350044538999,-0.0215149313822834));
#6960=CARTESIAN_POINT('',(0.00279498825542145,0.0190967349302386,-0.021821733218332));
#6961=CARTESIAN_POINT('',(-0.00385388630619985,0.0191347345465503,-0.0227254862382307));
#6962=CARTESIAN_POINT('',(-0.00375556707124372,0.0186465747223544,-0.0221457201934061));
#6963=CARTESIAN_POINT('',(-0.00355318518940356,0.0176417387520216,-0.0209523205170257));
#6964=CARTESIAN_POINT('',(-0.00327025332763372,0.0162369681802956,-0.019283936029226));
#6965=CARTESIAN_POINT('',(-0.00308564070082002,0.0153203574327656,-0.0181953175862509));
#6966=CARTESIAN_POINT('',(-0.00300509072089033,0.0149204228313724,-0.0177203327748316));
#6967=CARTESIAN_POINT('',(-0.00398338520077772,0.0192966423508017,-0.0225244194236883));
#6968=CARTESIAN_POINT('',(-0.00388176222740509,0.0188043519814411,-0.0219497829373951));
#6969=CARTESIAN_POINT('',(-0.00367257987769989,0.0177910136310416,-0.0207669420261338));
#6970=CARTESIAN_POINT('',(-0.00338014089495424,0.0163743566483392,-0.0191133187958437));
#6971=CARTESIAN_POINT('',(-0.00318932488558122,0.0154499900349975,-0.0180343320518469));
#6972=CARTESIAN_POINT('',(-0.00310606825254078,0.0150466714026946,-0.0175635497328181));
#6973=CARTESIAN_POINT('',(-0.00416207228275092,0.0195379082736336,-0.0222294423877345));
#6974=CARTESIAN_POINT('',(-0.00405589069612396,0.019039462797695,-0.0216623312704326));
#6975=CARTESIAN_POINT('',(-0.00383732482416691,0.0180134546777157,-0.0204949806987643));
#6976=CARTESIAN_POINT('',(-0.00353176758500161,0.0165790852325002,-0.0188630131156135));
#6977=CARTESIAN_POINT('',(-0.00333239193246328,0.0156431612632232,-0.0177981566497645));
#6978=CARTESIAN_POINT('',(-0.00324540056525503,0.015234799937987,-0.017333539638282));
#6979=CARTESIAN_POINT('',(-0.00437093900313138,0.0198610782110346,-0.0218442313657882));
#6980=CARTESIAN_POINT('',(-0.00425942886902688,0.0193543881169414,-0.0212869476408807));
#6981=CARTESIAN_POINT('',(-0.00402989462992928,0.0183114091434161,-0.0201398259305054));
#6982=CARTESIAN_POINT('',(-0.00370900350559879,0.0168533142779903,-0.0185361384944462));
#6983=CARTESIAN_POINT('',(-0.00349962251537278,0.0159019095066578,-0.0174897347832944));
#6984=CARTESIAN_POINT('',(-0.00340826563013989,0.0154867936147575,-0.0170331690576104));
#6985=CARTESIAN_POINT('',(-0.00450327958673027,0.0200861639726173,-0.0215802017995046));
#6986=CARTESIAN_POINT('',(-0.00438839321785928,0.0195737315555493,-0.0210296539206757));
#6987=CARTESIAN_POINT('',(-0.00415190928325315,0.0185189324927984,-0.0198963973833336));
#6988=CARTESIAN_POINT('',(-0.00382130241623323,0.0170443130263537,-0.0183120935955752));
#6989=CARTESIAN_POINT('',(-0.00360558191808429,0.016082125976977,-0.0172783376866458));
#6990=CARTESIAN_POINT('',(-0.0035114589856705,0.0156623055732832,-0.0168272904362294));
#6991=CARTESIAN_POINT('',(-0.00461738132546141,0.0203008872004732,-0.0213322741842595));
#6992=CARTESIAN_POINT('',(-0.00449958402596925,0.0197829768263996,-0.0207880513631823));
#6993=CARTESIAN_POINT('',(-0.0042571081853309,0.0187169018495517,-0.0196678144256278));
#6994=CARTESIAN_POINT('',(-0.00391812457473179,0.0172265185442712,-0.0181017121664543));
#6995=CARTESIAN_POINT('',(-0.00369693826362483,0.0162540456130643,-0.017079832728358));
#6996=CARTESIAN_POINT('',(-0.00360043049366408,0.0158297372846317,-0.0166339674067391));
#6997=CARTESIAN_POINT('',(-0.00471450686124152,0.0205047327367321,-0.0211005441370648));
#6998=CARTESIAN_POINT('',(-0.00459423172311743,0.0199816219141808,-0.020562233146059));
#6999=CARTESIAN_POINT('',(-0.00434665545990711,0.0189048422512173,-0.0194541652138419));
#7000=CARTESIAN_POINT('',(-0.00400054140837634,0.0173994936894386,-0.0179050753438444));
#7001=CARTESIAN_POINT('',(-0.00377470249496967,0.0164172559502113,-0.0168942964648527));
#7002=CARTESIAN_POINT('',(-0.00367616470664923,0.015988687051396,-0.0164532745270722));
#7003=CARTESIAN_POINT('',(-0.00479592776561716,0.020697192737455,-0.0208850971913926));
#7004=CARTESIAN_POINT('',(-0.00467357544088412,0.020169171930922,-0.0203522826206724));
#7005=CARTESIAN_POINT('',(-0.00442172346361805,0.0190822854785957,-0.0192555286076626));
#7006=CARTESIAN_POINT('',(-0.00406963192177448,0.0175628075258608,-0.0177222557080187));
#7007=CARTESIAN_POINT('',(-0.00383989270466395,0.016571350379659,-0.016721797379095));
#7008=CARTESIAN_POINT('',(-0.00373965314008644,0.0161387588792505,-0.0162852784924611));
#7009=CARTESIAN_POINT('',(-0.00486292879529549,0.0208777694608121,-0.0206860046765369));
#7010=CARTESIAN_POINT('',(-0.00473886715963425,0.0203451418330393,-0.0201582692965844));
#7011=CARTESIAN_POINT('',(-0.00448349670948285,0.0192487726263746,-0.0190719703708852));
#7012=CARTESIAN_POINT('',(-0.00412648630793216,0.017716037689787,-0.0175533137861549));
#7013=CARTESIAN_POINT('',(-0.00389353754204271,0.0167159303809723,-0.0165623925813772));
#7014=CARTESIAN_POINT('',(-0.00379189759064342,0.0162795646510493,-0.0161300349223461));
#7015=CARTESIAN_POINT('',(-0.00491680691870629,0.0210459787603807,-0.0205033206035574));
#7016=CARTESIAN_POINT('',(-0.0047913707599134,0.0205090598255136,-0.01998024580694));
#7017=CARTESIAN_POINT('',(-0.00453317096941837,0.0194038573238618,-0.0189035403003337));
#7018=CARTESIAN_POINT('',(-0.00417220512223329,0.0178587733539835,-0.0173982954098718));
#7019=CARTESIAN_POINT('',(-0.0039366754338411,0.0168506083189722,-0.0164161253160273));
#7020=CARTESIAN_POINT('',(-0.00383390937715106,0.0164107268507457,-0.0159875859321717));
#7021=CARTESIAN_POINT('',(-0.00495887683344623,0.0212013531069273,-0.0203370769052264));
#7022=CARTESIAN_POINT('',(-0.00483236739913266,0.0206604703065825,-0.0198182432698519));
#7023=CARTESIAN_POINT('',(-0.0045719583611826,0.0195471085209909,-0.0187502678372123));
#7024=CARTESIAN_POINT('',(-0.00420790396432165,0.0179906177918968,-0.017257227676039));
#7025=CARTESIAN_POINT('',(-0.00397035900177427,0.0169750098631476,-0.0162830211502403));
#7026=CARTESIAN_POINT('',(-0.00386671364286337,0.016531880919645,-0.0158579564217066));
#7027=CARTESIAN_POINT('',(-0.00499046549046683,0.0213434470454006,-0.0201872798565756));
#7028=CARTESIAN_POINT('',(-0.00486315017545394,0.0207989391855152,-0.0196722678002648));
#7029=CARTESIAN_POINT('',(-0.0046010822998152,0.0196781155195303,-0.0186121587669404));
#7030=CARTESIAN_POINT('',(-0.00423470883154644,0.0181111930082391,-0.0171301159093965));
#7031=CARTESIAN_POINT('',(-0.00399565067829057,0.0170887783568334,-0.0161630851081634));
#7032=CARTESIAN_POINT('',(-0.00389134508566055,0.0166426795115272,-0.0157411512839439));
#7033=CARTESIAN_POINT('',(-0.00501291439453822,0.0214718405597007,-0.0200539060232963));
#7034=CARTESIAN_POINT('',(-0.00488502636956491,0.0209240571615414,-0.0195422965617196));
#7035=CARTESIAN_POINT('',(-0.00462177961860649,0.0197964910753148,-0.0184891914836816));
#7036=CARTESIAN_POINT('',(-0.00425375807104349,0.0182201425941963,-0.0170169402245303));
#7037=CARTESIAN_POINT('',(-0.0040136245484538,0.0171915775112373,-0.0160562984269557));
#7038=CARTESIAN_POINT('',(-0.00390884975184921,0.0167427951163454,-0.0156371522458425));
#7039=CARTESIAN_POINT('',(-0.00502757800806072,0.0215861423036372,-0.0199368996076403));
#7040=CARTESIAN_POINT('',(-0.00489931588921211,0.0210354428723816,-0.0194282751799639));
#7041=CARTESIAN_POINT('',(-0.00463529909745242,0.0199018743771068,-0.0183813145433304));
#7042=CARTESIAN_POINT('',(-0.00426620102527385,0.0183171344690893,-0.0169176532737092));
#7043=CARTESIAN_POINT('',(-0.0040253650719439,0.0172830939923275,-0.0159626164317644));
#7044=CARTESIAN_POINT('',(-0.00392028379152503,0.0168319225795849,-0.0155459157987768));
#7045=CARTESIAN_POINT('',(-0.00503582062188445,0.0216859936972074,-0.0198361694426922));
#7046=CARTESIAN_POINT('',(-0.00490734821985135,0.0211327468860228,-0.0193301148139066));
#7047=CARTESIAN_POINT('',(-0.00464289857782976,0.0199939348232606,-0.0182884438923088));
#7048=CARTESIAN_POINT('',(-0.00427319537672686,0.0184018643563115,-0.016832177696346));
#7049=CARTESIAN_POINT('',(-0.00403196457765707,0.0173630407005472,-0.0158819661291687));
#7050=CARTESIAN_POINT('',(-0.00392671101857575,0.0169097822963604,-0.0154673708548036));
#7051=CARTESIAN_POINT('',(-0.00503902307587343,0.0217710720234003,-0.0197515837677289));
#7052=CARTESIAN_POINT('',(-0.00491046897375859,0.0212156547185172,-0.019247687064266));
#7053=CARTESIAN_POINT('',(-0.00464585115898532,0.0200723748768973,-0.0182104580505803));
#7054=CARTESIAN_POINT('',(-0.00427591285072114,0.0184740584111529,-0.0167604016855764));
#7055=CARTESIAN_POINT('',(-0.0040345286445718,0.0174311592502917,-0.0158142420240354));
#7056=CARTESIAN_POINT('',(-0.00392920815108089,0.0169761226261672,-0.0154014146727172));
#7057=CARTESIAN_POINT('',(-0.00503854497831489,0.0218410986537428,-0.0196829744265646));
#7058=CARTESIAN_POINT('',(-0.00491000307328696,0.0212838948496807,-0.0191808280648082));
#7059=CARTESIAN_POINT('',(-0.00464541036519196,0.0201369376496486,-0.0181472019824166));
#7060=CARTESIAN_POINT('',(-0.00427550715631101,0.0185334802006676,-0.0167021825508062));
#7061=CARTESIAN_POINT('',(-0.00403414585245798,0.0174872265557487,-0.0157593094809522));
#7062=CARTESIAN_POINT('',(-0.00392883535167201,0.0170307263067997,-0.0153479161317333));
#7063=CARTESIAN_POINT('',(-0.00503582496044143,0.021895828143819,-0.0196301150008522));
#7064=CARTESIAN_POINT('',(-0.0049073524477243,0.0213372280968046,-0.0191293171735058));
#7065=CARTESIAN_POINT('',(-0.00464290257786898,0.0201873968480036,-0.0180984669358587));
#7066=CARTESIAN_POINT('',(-0.00427319905825227,0.0185799214505699,-0.0166573281625087));
#7067=CARTESIAN_POINT('',(-0.00403196805135269,0.0175310461001505,-0.0157169872165051));
#7068=CARTESIAN_POINT('',(-0.0039267144015913,0.0170734019515177,-0.0153066986808022));
#7069=CARTESIAN_POINT('',(-0.00503077350290897,0.0219492616742941,-0.0195792857109934));
#7070=CARTESIAN_POINT('',(-0.00490242986151823,0.0213892984464747,-0.0190797846258172));
#7071=CARTESIAN_POINT('',(-0.00463824526245717,0.0202366612045562,-0.0180516036229417));
#7072=CARTESIAN_POINT('',(-0.00426891259402048,0.0186252630011399,-0.0166141964660613));
#7073=CARTESIAN_POINT('',(-0.00402792356697453,0.0175738280255429,-0.0156762903943571));
#7074=CARTESIAN_POINT('',(-0.0039227754975989,0.017115067064045,-0.0152670642403523));
#7075=CARTESIAN_POINT('',(-0.0050209851289663,0.0220132546794093,-0.0195196263556189));
#7076=CARTESIAN_POINT('',(-0.00489289120574601,0.0214516588805161,-0.0190216472826953));
#7077=CARTESIAN_POINT('',(-0.00462922063055106,0.0202956611282527,-0.0179965992141232));
#7078=CARTESIAN_POINT('',(-0.00426060657253597,0.0186795648983148,-0.0165635719302196));
#7079=CARTESIAN_POINT('',(-0.00402008643774117,0.0176250644672702,-0.0156285237192395));
#7080=CARTESIAN_POINT('',(-0.00391514295492103,0.0171649659895956,-0.015220544503908));
#7081=CARTESIAN_POINT('',(-0.00501179910343369,0.0221181533527143,-0.0194196027758781));
#7082=CARTESIAN_POINT('',(-0.00488393953144509,0.0215538814091484,-0.0189241754756475));
#7083=CARTESIAN_POINT('',(-0.00462075134856435,0.0203923750379952,-0.0179043800166979));
#7084=CARTESIAN_POINT('',(-0.00425281167975011,0.0187685777046574,-0.0164786959327199));
#7085=CARTESIAN_POINT('',(-0.00401273158292447,0.0177090523148855,-0.0155484391489725));
#7086=CARTESIAN_POINT('',(-0.00390798009699097,0.017246761352701,-0.0151425505239441));
#7087=CARTESIAN_POINT('',(-0.00501072963781178,0.0222514794713916,-0.0192890268099372));
#7088=CARTESIAN_POINT('',(-0.00488289734972141,0.0216838061503728,-0.0187969307260568));
#7089=CARTESIAN_POINT('',(-0.00461976532845207,0.0205152983296041,-0.0177839922959894));
#7090=CARTESIAN_POINT('',(-0.00425190417412307,0.0188817129008263,-0.0163678944058455));
#7091=CARTESIAN_POINT('',(-0.00401187530788445,0.0178158007930674,-0.0154438925995821));
#7092=CARTESIAN_POINT('',(-0.00390714617482478,0.0173507231850583,-0.0150407331395057));
#7093=CARTESIAN_POINT('',(-0.00503123451390728,0.022402702494167,-0.0191338665304169));
#7094=CARTESIAN_POINT('',(-0.00490287911133703,0.0218311712150441,-0.0186457288507981));
#7095=CARTESIAN_POINT('',(-0.00463867030287642,0.0206547221117634,-0.0176409384632159));
#7096=CARTESIAN_POINT('',(-0.00426930378946101,0.0190100346919105,-0.0162362316166238));
#7097=CARTESIAN_POINT('',(-0.00402829267861584,0.0179368785511804,-0.0153196624496506));
#7098=CARTESIAN_POINT('',(-0.00392313497366103,0.0174686402346081,-0.0149197459906406));
#7099=CARTESIAN_POINT('',(-0.00507709301561776,0.0225450424410699,-0.0189791913530383));
#7100=CARTESIAN_POINT('',(-0.00494756768418968,0.0219698798263104,-0.0184949997018951));
#7101=CARTESIAN_POINT('',(-0.00468095067550283,0.0207859559238202,-0.0174983318822832));
#7102=CARTESIAN_POINT('',(-0.00430821747448013,0.019130818661138,-0.0161049804656204));
#7103=CARTESIAN_POINT('',(-0.00406500960488552,0.0180508440132153,-0.0151958207001007));
#7104=CARTESIAN_POINT('',(-0.00395889341254969,0.0175796306530233,-0.0147991371030497));
#7105=CARTESIAN_POINT('',(-0.0051581514361094,0.0226806788134272,-0.0188196617985572));
#7106=CARTESIAN_POINT('',(-0.00502655816565659,0.0221020558826898,-0.0183395400193572));
#7107=CARTESIAN_POINT('',(-0.00475568447828886,0.020911009210584,-0.0173512496890846));
#7108=CARTESIAN_POINT('',(-0.00437700039859471,0.0192459142459081,-0.0159696100849327));
#7109=CARTESIAN_POINT('',(-0.00412990958935337,0.0181594422119696,-0.0150680922599808));
#7110=CARTESIAN_POINT('',(-0.00402209919702693,0.0176853939193996,-0.0146747429861014));
#7111=CARTESIAN_POINT('',(-0.00529360344338334,0.0228046087464357,-0.0186539541746627));
#7112=CARTESIAN_POINT('',(-0.00515855456042141,0.0222228241510219,-0.0181780598805292));
#7113=CARTESIAN_POINT('',(-0.00488056778513332,0.021025269457904,-0.0171984714729639));
#7114=CARTESIAN_POINT('',(-0.00449193953855057,0.0193510762158299,-0.0158289972423629));
#7115=CARTESIAN_POINT('',(-0.00423836017492977,0.0182586675691696,-0.0149354173058954));
#7116=CARTESIAN_POINT('',(-0.00412771870363512,0.0177820290202133,-0.0145455314828598));
#7117=CARTESIAN_POINT('',(-0.00548148928084421,0.022888100318631,-0.018510919390038));
#7118=CARTESIAN_POINT('',(-0.0053416471086333,0.0223041857103284,-0.0180386741580406));
#7119=CARTESIAN_POINT('',(-0.00505379375028196,0.021102246564698,-0.0170665970381939));
#7120=CARTESIAN_POINT('',(-0.00465137192351304,0.0194219238148786,-0.0157076236617169));
#7121=CARTESIAN_POINT('',(-0.00438879226895503,0.0183255156733617,-0.0148208955172373));
#7122=CARTESIAN_POINT('',(-0.00427422380053745,0.0178471320691727,-0.014433999260607));
#7123=CARTESIAN_POINT('',(-0.0058035512732775,0.0229123108396797,-0.0183825008806425));
#7124=CARTESIAN_POINT('',(-0.00565549274848413,0.022327778579553,-0.0179135318245866));
#7125=CARTESIAN_POINT('',(-0.00535072671889155,0.0211245680495534,-0.0169481984375669));
#7126=CARTESIAN_POINT('',(-0.00492466081134684,0.0194424678918785,-0.0155986528659243));
#7127=CARTESIAN_POINT('',(-0.00464665342859552,0.0183448999943303,-0.0147180763503377));
#7128=CARTESIAN_POINT('',(-0.0045253535506434,0.0178660103666551,-0.0143338641657148));
#7129=CARTESIAN_POINT('',(-0.00610979131008717,0.0229123108396797,-0.0182829974609079));
#7130=CARTESIAN_POINT('',(-0.00595392007787593,0.022327778579553,-0.017816566907373));
#7131=CARTESIAN_POINT('',(-0.00563307224668878,0.0211245680495534,-0.0168564588144423));
#7132=CARTESIAN_POINT('',(-0.00518452382230812,0.0194424678918785,-0.0155142182553406));
#7133=CARTESIAN_POINT('',(-0.0048918466301387,0.0183448999943303,-0.0146384082497739));
#7134=CARTESIAN_POINT('',(-0.00476414603694519,0.0178660103666551,-0.0142562757836029));
#7135=CARTESIAN_POINT('',(-0.00644582744115205,0.022888100318631,-0.018197586927925));
#7136=CARTESIAN_POINT('',(-0.00628138335216743,0.0223041857103284,-0.0177333353432524));
#7137=CARTESIAN_POINT('',(-0.00594288901582476,0.021102246564698,-0.0167777124745916));
#7138=CARTESIAN_POINT('',(-0.00546967060363693,0.0194219238148786,-0.0154417423031432));
#7139=CARTESIAN_POINT('',(-0.00516089628043373,0.0183255156733617,-0.0145700237163675));
#7140=CARTESIAN_POINT('',(-0.00502617220458859,0.0178471320691727,-0.0141896764135799));
#7141=CARTESIAN_POINT('',(-0.00668190401362748,0.0228046087464357,-0.018202867975099));
#7142=CARTESIAN_POINT('',(-0.00651143720727325,0.0222228241510219,-0.0177384816618754));
#7143=CARTESIAN_POINT('',(-0.00616054561340922,0.021025269457904,-0.0167825814658156));
#7144=CARTESIAN_POINT('',(-0.00566999571324699,0.0193510762158299,-0.0154462235879353));
#7145=CARTESIAN_POINT('',(-0.00534991261943896,0.0182586675691696,-0.0145742520232786));
#7146=CARTESIAN_POINT('',(-0.00521025431314074,0.0177820290202133,-0.014193794341458));
#7147=CARTESIAN_POINT('',(-0.00688888748695193,0.0226806788134272,-0.0182573115666582));
#7148=CARTESIAN_POINT('',(-0.00671314017797542,0.0221020558826898,-0.0177915363042427));
#7149=CARTESIAN_POINT('',(-0.00635137911326743,0.020911009210584,-0.0168327770730069));
#7150=CARTESIAN_POINT('',(-0.00584563358593552,0.0192459142459081,-0.0154924222358243));
#7151=CARTESIAN_POINT('',(-0.00551563536758011,0.0181594422119696,-0.0146178426610572));
#7152=CARTESIAN_POINT('',(-0.0053716509049562,0.0176853939193996,-0.0142362470551104));
#7153=CARTESIAN_POINT('',(-0.0070482342460956,0.0225450424410699,-0.0183387287431992));
#7154=CARTESIAN_POINT('',(-0.00686842172859789,0.0219698798263104,-0.0178708763892783));
#7155=CARTESIAN_POINT('',(-0.0064982927738126,0.0207859559238202,-0.0169078416397492));
#7156=CARTESIAN_POINT('',(-0.00598084885383248,0.019130818661138,-0.0155615095859316));
#7157=CARTESIAN_POINT('',(-0.00564321745135007,0.0180508440132153,-0.014683029886035));
#7158=CARTESIAN_POINT('',(-0.00549590248615522,0.0175796306530233,-0.0142997325817465));
#7159=CARTESIAN_POINT('',(-0.00717625034147486,0.022402702494167,-0.0184369086393089));
#7160=CARTESIAN_POINT('',(-0.00699317191430578,0.0218311712150441,-0.0179665515482196));
#7161=CARTESIAN_POINT('',(-0.00661632035894793,0.0206547221117634,-0.0169983610077422));
#7162=CARTESIAN_POINT('',(-0.00608947817723291,0.0190100346919105,-0.015644821107458));
#7163=CARTESIAN_POINT('',(-0.00574571442268698,0.0179368785511804,-0.0147616382982632));
#7164=CARTESIAN_POINT('',(-0.00559572379632982,0.0174686402346081,-0.0143762889384565));
#7165=CARTESIAN_POINT('',(-0.00728404005874727,0.0222514794713916,-0.0185503834785238));
#7166=CARTESIAN_POINT('',(-0.00709821173142641,0.0216838061503728,-0.0180771314500928));
#7167=CARTESIAN_POINT('',(-0.00671569973772364,0.0205152983296041,-0.0171029819244048));
#7168=CARTESIAN_POINT('',(-0.00618094420751713,0.0188817129008263,-0.015741111304174));
#7169=CARTESIAN_POINT('',(-0.0058320170046315,0.0178158007930674,-0.0148524927123742));
#7170=CARTESIAN_POINT('',(-0.00567977346812778,0.0173507231850583,-0.0144647716178315));
#7171=CARTESIAN_POINT('',(-0.00735992546996817,0.0221181533527143,-0.0186566502701473));
#7172=CARTESIAN_POINT('',(-0.00717216117594181,0.0215538814091484,-0.0181806871940041));
#7173=CARTESIAN_POINT('',(-0.00678566415748561,0.0203923750379952,-0.0172009572044525));
#7174=CARTESIAN_POINT('',(-0.00624533752347064,0.0187685777046574,-0.0158312850408421));
#7175=CARTESIAN_POINT('',(-0.00589277518348202,0.0177090523148855,-0.0149375759533748));
#7176=CARTESIAN_POINT('',(-0.00573894556792325,0.017246761352701,-0.0145476337793158));
#7177=CARTESIAN_POINT('',(-0.0074112862042546,0.0220132546794093,-0.018742970456331));
#7178=CARTESIAN_POINT('',(-0.00722221161000126,0.0214516588805161,-0.0182648052045156));
#7179=CARTESIAN_POINT('',(-0.00683301744865299,0.0202956611282527,-0.0172805422214265));
#7180=CARTESIAN_POINT('',(-0.00628892018234143,0.0186795648983148,-0.0159045328882565));
#7181=CARTESIAN_POINT('',(-0.00593389751028322,0.0176250644672702,-0.015006688806902));
#7182=CARTESIAN_POINT('',(-0.00577899440531993,0.0171649659895956,-0.0146149424568212));
#7183=CARTESIAN_POINT('',(-0.00743843413263813,0.0219492616742941,-0.0187969893505499));
#7184=CARTESIAN_POINT('',(-0.00724866694827256,0.0213892984464747,-0.0183174459842986));
#7185=CARTESIAN_POINT('',(-0.00685804714838756,0.0202366612045562,-0.017330346268468));
#7186=CARTESIAN_POINT('',(-0.00631195682537674,0.0186252630011399,-0.0159503711550186));
#7187=CARTESIAN_POINT('',(-0.0059556336867315,0.0175738280255429,-0.0150499394078206));
#7188=CARTESIAN_POINT('',(-0.00580016316360569,0.017115067064045,-0.0146570640102019));
#7189=CARTESIAN_POINT('',(-0.00746422412461149,0.021895828143819,-0.0188410802820978));
#7190=CARTESIAN_POINT('',(-0.00727379899341539,0.0213372280968046,-0.0183604120807285));
#7191=CARTESIAN_POINT('',(-0.00688182486527741,0.0201873968480036,-0.0173709969863449));
#7192=CARTESIAN_POINT('',(-0.00633384117804558,0.0185799214505699,-0.0159877849509007));
#7193=CARTESIAN_POINT('',(-0.00597628262200984,0.0175310461001505,-0.0150852411168259));
#7194=CARTESIAN_POINT('',(-0.00582027306291597,0.0170734019515177,-0.0146914441757654));
#7195=CARTESIAN_POINT('',(-0.00749309357480523,0.0218410986537428,-0.018885443242204));
#7196=CARTESIAN_POINT('',(-0.00730193193452944,0.0212838948496807,-0.0184036432658026));
#7197=CARTESIAN_POINT('',(-0.00690844176435139,0.0201369376496486,-0.0174118985076362));
#7198=CARTESIAN_POINT('',(-0.00635833863543326,0.0185334802006676,-0.0160254295793055));
#7199=CARTESIAN_POINT('',(-0.00599939714679092,0.0174872265557487,-0.0151207606273762));
#7200=CARTESIAN_POINT('',(-0.00584278418805085,0.0170307263067997,-0.0147260364572118));
#7201=CARTESIAN_POINT('',(-0.00753303434466134,0.0217710720234003,-0.0189412303838729));
#7202=CARTESIAN_POINT('',(-0.00734085374699454,0.0212156547185172,-0.0184580071820171));
#7203=CARTESIAN_POINT('',(-0.00694526613866616,0.0200723748768973,-0.017463332833869));
#7204=CARTESIAN_POINT('',(-0.00639223077058007,0.0184740584111529,-0.0160727683099236));
#7205=CARTESIAN_POINT('',(-0.00603137600016078,0.0174311592502917,-0.015165426987834));
#7206=CARTESIAN_POINT('',(-0.00587392824040306,0.0169761226261672,-0.0147695368120366));
#7207=CARTESIAN_POINT('',(-0.0075853433966607,0.0216859936972074,-0.019007779277173));
#7208=CARTESIAN_POINT('',(-0.00739182830555916,0.0211327468860228,-0.0185228582991617));
#7209=CARTESIAN_POINT('',(-0.00699349375465391,0.0199939348232606,-0.0175246892214886));
#7210=CARTESIAN_POINT('',(-0.00643661813382197,0.0184018643563115,-0.0161292390312873));
#7211=CARTESIAN_POINT('',(-0.00607325760409157,0.0173630407005472,-0.0152187098190973));
#7212=CARTESIAN_POINT('',(-0.00591471653416486,0.0169097822963604,-0.0148214287065691));
#7213=CARTESIAN_POINT('',(-0.00765121951673968,0.0215861423036372,-0.0190844268056163));
#7214=CARTESIAN_POINT('',(-0.00745602381307891,0.0210354428723816,-0.0185975504179849));
#7215=CARTESIAN_POINT('',(-0.00705422986246888,0.0199018743771068,-0.0175953562939528));
#7216=CARTESIAN_POINT('',(-0.00649251796681738,0.0183171344690893,-0.0161942790493447));
#7217=CARTESIAN_POINT('',(-0.00612600177482665,0.0172830939923275,-0.015280078192368));
#7218=CARTESIAN_POINT('',(-0.00596608382978516,0.0168319225795849,-0.0148811950717921));
#7219=CARTESIAN_POINT('',(-0.00773185727482454,0.0214718405597007,-0.0191704679285591));
#7220=CARTESIAN_POINT('',(-0.00753460436395692,0.0209240571615414,-0.0186813964846364));
#7221=CARTESIAN_POINT('',(-0.00712857582521119,0.0197964910753148,-0.0176746840217137));
#7222=CARTESIAN_POINT('',(-0.00656094393368767,0.0182201425941963,-0.0162672900948871));
#7223=CARTESIAN_POINT('',(-0.00619056495303179,0.0171915775112373,-0.0153489676119831));
#7224=CARTESIAN_POINT('',(-0.006028961600254,0.0167427951163454,-0.014948286148079));
#7225=CARTESIAN_POINT('',(-0.00782841399196666,0.0213434470454006,-0.0192651744915436));
#7226=CARTESIAN_POINT('',(-0.00762869775400399,0.0207989391855152,-0.0187736869211247));
#7227=CARTESIAN_POINT('',(-0.00721759866346538,0.0196781155195303,-0.0177620010648748));
#7228=CARTESIAN_POINT('',(-0.0066428780906532,0.0181111930082392,-0.0163476542852501));
#7229=CARTESIAN_POINT('',(-0.00626787375580368,0.0170887783568334,-0.0154247950760444));
#7230=CARTESIAN_POINT('',(-0.00610425227353012,0.0166426795115272,-0.0150221341526697));
#7231=CARTESIAN_POINT('',(-0.00794201824835973,0.0212013531069273,-0.0193677955028729));
#7232=CARTESIAN_POINT('',(-0.0077394037714017,0.0206604703065825,-0.0188736898948362));
#7233=CARTESIAN_POINT('',(-0.00732233889947589,0.0195471085209909,-0.0178566150281851));
#7234=CARTESIAN_POINT('',(-0.00673927810559528,0.0179906177918968,-0.0164347343590045));
#7235=CARTESIAN_POINT('',(-0.00635883178867271,0.0169750098631476,-0.0155069592978607));
#7236=CARTESIAN_POINT('',(-0.00619283586671792,0.016531880919645,-0.0151021534953312));
#7237=CARTESIAN_POINT('',(-0.00807376911850172,0.0210459787603807,-0.0194775614045811));
#7238=CARTESIAN_POINT('',(-0.00786779345137668,0.0205090598255136,-0.0189806554805457));
#7239=CARTESIAN_POINT('',(-0.00744380985198594,0.0194038573238618,-0.0179578163987662));
#7240=CARTESIAN_POINT('',(-0.00685107660904552,0.0178587733539835,-0.0165278773001298));
#7241=CARTESIAN_POINT('',(-0.00646431903323013,0.0168506083189722,-0.0155948441255288));
#7242=CARTESIAN_POINT('',(-0.00629556938968045,0.0164107268507457,-0.0151877441086719));
#7243=CARTESIAN_POINT('',(-0.00822473643989217,0.0208777694608121,-0.0195936871578611));
#7244=CARTESIAN_POINT('',(-0.00801490933804301,0.0203451418330393,-0.0190938186671296));
#7245=CARTESIAN_POINT('',(-0.00758299788396953,0.0192487726263746,-0.0180648813907974));
#7246=CARTESIAN_POINT('',(-0.00697918142219136,0.017716037689787,-0.0166264169561847));
#7247=CARTESIAN_POINT('',(-0.00658519206226234,0.0167159303809723,-0.0156878210123035));
#7248=CARTESIAN_POINT('',(-0.00641328705455765,0.0162795646510493,-0.0152782938540229));
#7249=CARTESIAN_POINT('',(-0.00839596505561658,0.020697192737455,-0.0197153741686989));
#7250=CARTESIAN_POINT('',(-0.00818176961875102,0.020169171930922,-0.0192124012340739));
#7251=CARTESIAN_POINT('',(-0.0077408663141864,0.0190822854785957,-0.0181770737209023));
#7252=CARTESIAN_POINT('',(-0.00712447915696315,0.0175628075258608,-0.0167296756723232));
#7253=CARTESIAN_POINT('',(-0.00672228743660547,0.016571350379659,-0.0157852505583693));
#7254=CARTESIAN_POINT('',(-0.00654680358394685,0.0161387588792505,-0.0153731800229619));
#7255=CARTESIAN_POINT('',(-0.00858847248827145,0.0205047327367321,-0.0198418164023136));
#7256=CARTESIAN_POINT('',(-0.00836936585735443,0.0199816219141808,-0.0193356177099242));
#7257=CARTESIAN_POINT('',(-0.00791835327260003,0.0189048422512173,-0.018293650245506));
#7258=CARTESIAN_POINT('',(-0.00728783324222016,0.0173994936894386,-0.0168369694797629));
#7259=CARTESIAN_POINT('',(-0.00687641984275731,0.0164172559502113,-0.0158864874064092));
#7260=CARTESIAN_POINT('',(-0.00669691239713183,0.015988687051396,-0.0154717741050844));
#7261=CARTESIAN_POINT('',(-0.00880325620155935,0.0203008872004732,-0.0199722009910488));
#7262=CARTESIAN_POINT('',(-0.00857867007054978,0.0197829768263996,-0.0194626759646693));
#7263=CARTESIAN_POINT('',(-0.00811637839538374,0.0187169018495517,-0.0184138615212967));
#7264=CARTESIAN_POINT('',(-0.00747009008564892,0.0172265185442712,-0.0169476086116173));
#7265=CARTESIAN_POINT('',(-0.00704838790692366,0.0162540456130643,-0.0159908807283175));
#7266=CARTESIAN_POINT('',(-0.00686439127235488,0.0158297372846317,-0.0155734422620107));
#7267=CARTESIAN_POINT('',(-0.00904129464315772,0.0200861639726173,-0.0201057113258699));
#7268=CARTESIAN_POINT('',(-0.00881063574413981,0.0195737315555493,-0.0195927802223683));
#7269=CARTESIAN_POINT('',(-0.00833584378641913,0.0185189324927984,-0.0185369546555065));
#7270=CARTESIAN_POINT('',(-0.0076720799586998,0.0170443130263537,-0.0170609001262164));
#7271=CARTESIAN_POINT('',(-0.00723897502999839,0.016082125976977,-0.0160977767004279));
#7272=CARTESIAN_POINT('',(-0.00705000315999975,0.0156623055732832,-0.0156775477379996));
#7273=CARTESIAN_POINT('',(-0.00930355310956543,0.0198610782110346,-0.0202415278886916));
#7274=CARTESIAN_POINT('',(-0.00906620354825774,0.0193543881169414,-0.0197251318722451));
#7275=CARTESIAN_POINT('',(-0.0085776394245355,0.0183114091434161,-0.0186621740732972));
#7276=CARTESIAN_POINT('',(-0.00789462197326057,0.0168533142779903,-0.0171761486133867));
#7277=CARTESIAN_POINT('',(-0.00744895408329335,0.0159019095066578,-0.0162065191699226));
#7278=CARTESIAN_POINT('',(-0.00725450075574067,0.0154867936147575,-0.0157834515089599));
#7279=CARTESIAN_POINT('',(-0.00969895119363309,0.0195379082736336,-0.0204304013739323));
#7280=CARTESIAN_POINT('',(-0.00945151435054284,0.019039462797695,-0.0199091868716517));
#7281=CARTESIAN_POINT('',(-0.00894218640506465,0.0180134546777157,-0.018836310624588));
#7282=CARTESIAN_POINT('',(-0.00823014092670821,0.0165790852325002,-0.0173364190766373));
#7283=CARTESIAN_POINT('',(-0.00776553229144203,0.0156431612632232,-0.0163577420309673));
#7284=CARTESIAN_POINT('',(-0.00756281475856376,0.015234799937987,-0.0159307267300804));
#7285=CARTESIAN_POINT('',(-0.0100168952311233,0.0192966423508017,-0.0205640131774103));
#7286=CARTESIAN_POINT('',(-0.00976134709152835,0.0188043519814411,-0.0200393900093686));
#7287=CARTESIAN_POINT('',(-0.00923532272391555,0.0177910136310416,-0.0189594973103197));
#7288=CARTESIAN_POINT('',(-0.00849993548316175,0.0163743566483392,-0.0174497966934685));
#7289=CARTESIAN_POINT('',(-0.00802009638200289,0.0154499900349975,-0.0164647192446589));
#7290=CARTESIAN_POINT('',(-0.0078107335088619,0.0150466714026946,-0.0160349113268567));
#7291=CARTESIAN_POINT('',(-0.010239846145903,0.0191347345465503,-0.0206505621069588));
#7292=CARTESIAN_POINT('',(-0.00997861014692861,0.0186465747223544,-0.0201237309276103));
#7293=CARTESIAN_POINT('',(-0.00944087779882389,0.0176417387520216,-0.0190392932228601));
#7294=CARTESIAN_POINT('',(-0.00868912268616364,0.0162369681802956,-0.0175232386433267));
#7295=CARTESIAN_POINT('',(-0.00819860357247775,0.0153203574327656,-0.0165340152431418));
#7296=CARTESIAN_POINT('',(-0.00798458080792223,0.0149204228313724,-0.0161023983683584));
#7297=CARTESIAN_POINT('',(-0.00899534181318762,0.0183115445899657,-0.0190541895751151));
#7298=CARTESIAN_POINT('',(-0.0086015783863162,0.0183115445899657,-0.0186916665735961));
#7299=CARTESIAN_POINT('',(-0.00803140159058125,0.0183115445899656,-0.0181287392408986));
#7300=CARTESIAN_POINT('',(-0.00732213416207931,0.0183115445899657,-0.0173279955039685));
#7301=CARTESIAN_POINT('',(-0.00682835049768814,0.0183115445899656,-0.0166948841268609));
#7302=CARTESIAN_POINT('',(-0.00636896700349482,0.0183115445899657,-0.0160414401125977));
#7303=CARTESIAN_POINT('',(-0.00610077119719893,0.0183115445899656,-0.0154238741412939));
#7304=CARTESIAN_POINT('',(-0.00580687858577746,0.0183115445899657,-0.0149790294559885));
#7305=CARTESIAN_POINT('',(-0.00553065603116725,0.0183115445899656,-0.0146936981548577));
#7306=CARTESIAN_POINT('',(-0.00514331361070009,0.0183115445899656,-0.0145231287234018));
#7307=CARTESIAN_POINT('',(-0.004755661692494,0.0183115445899642,-0.0146592283553189));
#7308=CARTESIAN_POINT('',(-0.0043635553938207,0.0183115445899665,-0.0147808590975196));
#7309=CARTESIAN_POINT('',(-0.00415902596924342,0.0183115445899636,-0.0151516123920005));
#7310=CARTESIAN_POINT('',(-0.00410606894473245,0.0183115445899662,-0.0155454887277078));
#7311=CARTESIAN_POINT('',(-0.00413253148512773,0.0183115445899653,-0.0160741684454053));
#7312=CARTESIAN_POINT('',(-0.00427715640934481,0.0183115445899658,-0.0167322630157241));
#7313=CARTESIAN_POINT('',(-0.00428857405366683,0.0183115445899656,-0.0175277189556624));
#7314=CARTESIAN_POINT('',(-0.00426117878879505,0.0183115445899657,-0.0183251951581036));
#7315=CARTESIAN_POINT('',(-0.0041579081627135,0.0183115445899656,-0.0193898811198934));
#7316=CARTESIAN_POINT('',(-0.00402765123792653,0.0183115445899656,-0.020178809640369));
#7317=CARTESIAN_POINT('',(-0.00392238722955419,0.0183115445899656,-0.0207024924374469));
#7318=CARTESIAN_POINT('',(-0.0089953418131876,0.0183115445899656,-0.0190541895751152));
#7319=CARTESIAN_POINT('',(-0.0039223872295542,0.0183115445899656,-0.0207024924374469));
#7320=CARTESIAN_POINT('',(-0.00899534181318765,0.0183115445899657,-0.0190541895751151));
#7321=CARTESIAN_POINT('',(-0.00913071586267412,0.0185732743256397,-0.0193327966131462));
#7322=CARTESIAN_POINT('',(-0.00926609486062974,0.0188350044538018,-0.0196114008780474));
#7323=CARTESIAN_POINT('',(-0.00940147820446787,0.0190967349302385,-0.0198900027041455));
#7324=CARTESIAN_POINT('',(-0.00940147820446793,0.0190967349302385,-0.0198900027041455));
#7325=CARTESIAN_POINT('',(-0.00931616986508671,0.0193008123878541,-0.0199301023340285));
#7326=CARTESIAN_POINT('',(-0.00934429533444782,0.0192326135808408,-0.0199169553041884));
#7327=CARTESIAN_POINT('',(-0.0093727341678205,0.0191645888026429,-0.0199035892500132));
#7328=CARTESIAN_POINT('',(-0.00940147820446794,0.0190967349302385,-0.0198900027041455));
#7329=CARTESIAN_POINT('',(-0.00931616986508671,0.0193008123878541,-0.0199301023340285));
#7330=CARTESIAN_POINT('',(-0.00417768048528285,0.0193008123878541,-0.0215996987424104));
#7331=CARTESIAN_POINT('',(-0.00435257309700985,0.0195702205982188,-0.0212914710139383));
#7332=CARTESIAN_POINT('',(-0.00458265645865336,0.0199814152269914,-0.0208225351532968));
#7333=CARTESIAN_POINT('',(-0.0048031869694096,0.0205520008019117,-0.0201857255932051));
#7334=CARTESIAN_POINT('',(-0.00491947805231493,0.0209966475116274,-0.0196995084890865));
#7335=CARTESIAN_POINT('',(-0.00494874163496574,0.0214598628653919,-0.0192139078229948));
#7336=CARTESIAN_POINT('',(-0.00487497012993867,0.0219328522393416,-0.0187445459433312));
#7337=CARTESIAN_POINT('',(-0.00508260292085618,0.0222974295047699,-0.0183128689712885));
#7338=CARTESIAN_POINT('',(-0.00545369395357704,0.0224256349215794,-0.0180711482816857));
#7339=CARTESIAN_POINT('',(-0.00588528076320738,0.0224290115667116,-0.0179333996781918));
#7340=CARTESIAN_POINT('',(-0.00645147709892679,0.0224265741287684,-0.0177410003327193));
#7341=CARTESIAN_POINT('',(-0.00701675518115974,0.0220073883911521,-0.0179726248513905));
#7342=CARTESIAN_POINT('',(-0.00726737250591813,0.0215277174587997,-0.0183891086656328));
#7343=CARTESIAN_POINT('',(-0.0075535807578473,0.0210494434331468,-0.0187902240611421));
#7344=CARTESIAN_POINT('',(-0.00793996021260697,0.0205957163770402,-0.0191227712075215));
#7345=CARTESIAN_POINT('',(-0.00851157291419397,0.019998263200139,-0.0195299060157387));
#7346=CARTESIAN_POINT('',(-0.00898668289747027,0.0195759184491116,-0.0197804404437368));
#7347=CARTESIAN_POINT('',(-0.00931616986508671,0.0193008123878541,-0.0199301023340285));
#7348=CARTESIAN_POINT('',(-0.00417768048528286,0.0193008123878541,-0.0215996987424104));
#7349=CARTESIAN_POINT('',(-0.00408509461789393,0.0190967349302386,-0.0216174004441527));
#7350=CARTESIAN_POINT('',(-0.00411633500331928,0.019164588802643,-0.0216114968698218));
#7351=CARTESIAN_POINT('',(-0.00414719887234344,0.0192326135808408,-0.0216055943079484));
#7352=CARTESIAN_POINT('',(-0.00417768048528285,0.0193008123878541,-0.0215996987424104));
#7353=CARTESIAN_POINT('',(-0.00408509461789393,0.0190967349302386,-0.0216174004441527));
#7354=CARTESIAN_POINT('',(-0.00392238722955876,0.0183115445899728,-0.02070249243744));
#7355=CARTESIAN_POINT('',(-0.00397662843108764,0.0185732743257494,-0.0210074611359103));
#7356=CARTESIAN_POINT('',(-0.0040308639991934,0.0188350044539047,-0.0213124304993812));
#7357=CARTESIAN_POINT('',(-0.00408509461789393,0.0190967349302386,-0.0216174004441527));
#7358=CARTESIAN_POINT('',(-0.0106878251376194,0.0191347345465505,-0.0204223054098407));
#7359=CARTESIAN_POINT('',(-0.0104151604279249,0.0186465747223545,-0.019901297449459));
#7360=CARTESIAN_POINT('',(-0.00985390303933756,0.0176417387520216,-0.018828846351535));
#7361=CARTESIAN_POINT('',(-0.00906925968865216,0.0162369681802956,-0.0173295491662643));
#7362=CARTESIAN_POINT('',(-0.00855728104766131,0.0153203574327656,-0.0163512599413753));
#7363=CARTESIAN_POINT('',(-0.00833389508556319,0.0149204228313725,-0.0159244138540286));
#7364=CARTESIAN_POINT('',(-0.0107488528424623,0.0192966423508019,-0.0201910621464822));
#7365=CARTESIAN_POINT('',(-0.0104746312115784,0.0188043519814412,-0.019675953597483));
#7366=CARTESIAN_POINT('',(-0.00991016903157563,0.0177910136310417,-0.0186156459420696));
#7367=CARTESIAN_POINT('',(-0.00912104535096379,0.0163743566483392,-0.0171333254088912));
#7368=CARTESIAN_POINT('',(-0.00860614330123582,0.0154499900349975,-0.016166113424712));
#7369=CARTESIAN_POINT('',(-0.00838148180062679,0.0150466714026946,-0.0157441005469471));
#7370=CARTESIAN_POINT('',(-0.0108276414390906,0.0195379082736338,-0.0198553049692759));
#7371=CARTESIAN_POINT('',(-0.0105514097762732,0.0190394627976952,-0.0193487621604598));
#7372=CARTESIAN_POINT('',(-0.00998281011446984,0.0180134546777157,-0.0183060863612988));
#7373=CARTESIAN_POINT('',(-0.00918790219359787,0.0165790852325002,-0.0168484153366171));
#7374=CARTESIAN_POINT('',(-0.00866922593554332,0.0156431612632232,-0.0158972871207514));
#7375=CARTESIAN_POINT('',(-0.00844291767647468,0.0152347999379871,-0.0154822918952306));
#7376=CARTESIAN_POINT('',(-0.0109072487423437,0.0198610782110348,-0.0194244041505483));
#7377=CARTESIAN_POINT('',(-0.0106289861609856,0.0193543881169415,-0.018928854359033));
#7378=CARTESIAN_POINT('',(-0.0100562060240565,0.0183114091434161,-0.0179088067620689));
#7379=CARTESIAN_POINT('',(-0.00925545375783281,0.0168533142779903,-0.0164827701866662));
#7380=CARTESIAN_POINT('',(-0.00873296407296713,0.0159019095066578,-0.0155522834027788));
#7381=CARTESIAN_POINT('',(-0.00850499194367249,0.0154867936147575,-0.0151462944243401));
#7382=CARTESIAN_POINT('',(-0.0109515224937467,0.0200861639726175,-0.0191324016216621));
#7383=CARTESIAN_POINT('',(-0.0106721304132231,0.0195737315555494,-0.0186443013143724));
#7384=CARTESIAN_POINT('',(-0.0100970252971916,0.0185189324927984,-0.017639587854589));
#7385=CARTESIAN_POINT('',(-0.0092930226873104,0.0170443130263537,-0.0162349885538164));
#7386=CARTESIAN_POINT('',(-0.0087684121579527,0.016082125976977,-0.0153184895603335));
#7387=CARTESIAN_POINT('',(-0.00853951466410301,0.0156623055732832,-0.0149186037193443));
#7388=CARTESIAN_POINT('',(-0.0109834258494019,0.0203008872004735,-0.018861349071258));
#7389=CARTESIAN_POINT('',(-0.0107032198596783,0.0197829768263997,-0.0183801637783904));
#7390=CARTESIAN_POINT('',(-0.0101264393799641,0.0187169018495517,-0.0173896842946172));
#7391=CARTESIAN_POINT('',(-0.00932009459517297,0.0172265185442712,-0.0160049842323354));
#7392=CARTESIAN_POINT('',(-0.00879395580010535,0.0162540456130643,-0.0151014694629211));
#7393=CARTESIAN_POINT('',(-0.00856439149502836,0.0158297372846317,-0.0147072488844124));
#7394=CARTESIAN_POINT('',(-0.0110041892004138,0.0205047327367323,-0.0186109472587083));
#7395=CARTESIAN_POINT('',(-0.0107234535020729,0.0199816219141809,-0.0181361501446));
#7396=CARTESIAN_POINT('',(-0.0101455826616897,0.0189048422512174,-0.017158820189903));
#7397=CARTESIAN_POINT('',(-0.00933771354195669,0.0173994936894386,-0.0157925032986299));
#7398=CARTESIAN_POINT('',(-0.00881058012056458,0.0164172559502113,-0.0149009835214652));
#7399=CARTESIAN_POINT('',(-0.00858058184121476,0.015988687051396,-0.0145119965848891));
#7400=CARTESIAN_POINT('',(-0.011015048314484,0.0206971927374553,-0.0183808845939614));
#7401=CARTESIAN_POINT('',(-0.0107340355815596,0.0201691719309221,-0.0179119567721447));
#7402=CARTESIAN_POINT('',(-0.0101555944887699,0.0190822854785958,-0.0169467082623408));
#7403=CARTESIAN_POINT('',(-0.00934692815056259,0.0175628075258608,-0.0155972813498811));
#7404=CARTESIAN_POINT('',(-0.00881927454527969,0.016571350379659,-0.014716782259238));
#7405=CARTESIAN_POINT('',(-0.00858904929986215,0.0161387588792505,-0.0143326038565821));
#7406=CARTESIAN_POINT('',(-0.0110172471098148,0.0208777694608124,-0.018170831903551));
#7407=CARTESIAN_POINT('',(-0.0107361782818586,0.0203451418330394,-0.0177072628853369));
#7408=CARTESIAN_POINT('',(-0.0101576217221606,0.0192487726263747,-0.0167530450223641));
#7409=CARTESIAN_POINT('',(-0.00934879396007953,0.017716037689787,-0.0154190390626896));
#7410=CARTESIAN_POINT('',(-0.00882103502595463,0.0167159303809723,-0.0145486021212292));
#7411=CARTESIAN_POINT('',(-0.00859076382357165,0.0162795646510493,-0.0141688140245274));
#7412=CARTESIAN_POINT('',(-0.0110120357670181,0.0210459787603809,-0.0179804397697616));
#7413=CARTESIAN_POINT('',(-0.010731099889335,0.0205090598255138,-0.0175217279807049));
#7414=CARTESIAN_POINT('',(-0.0101528169966002,0.0194038573238619,-0.016577508315723));
#7415=CARTESIAN_POINT('',(-0.00934437182362601,0.0178587733539835,-0.0152574799351983));
#7416=CARTESIAN_POINT('',(-0.00881686252833488,0.0168506083189722,-0.0143961633437303));
#7417=CARTESIAN_POINT('',(-0.0085867002480955,0.0164107268507457,-0.0140203546281875));
#7418=CARTESIAN_POINT('',(-0.0110006745055795,0.0212013531069276,-0.0178093322985644));
#7419=CARTESIAN_POINT('',(-0.0107200284731186,0.0206604703065826,-0.0173549857539199));
#7420=CARTESIAN_POINT('',(-0.0101423422024134,0.019547108520991,-0.0164197515776801));
#7421=CARTESIAN_POINT('',(-0.00933473111290605,0.0179906177918968,-0.0151122849988128));
#7422=CARTESIAN_POINT('',(-0.00880776605585949,0.0169750098631476,-0.01425916496459));
#7423=CARTESIAN_POINT('',(-0.00857784123705726,0.0165318809196451,-0.0138869325619624));
#7424=CARTESIAN_POINT('',(-0.0109844272699396,0.0213434470454008,-0.0176571054074743));
#7425=CARTESIAN_POINT('',(-0.0107041957322644,0.0207989391855153,-0.0172066424313325));
#7426=CARTESIAN_POINT('',(-0.0101273626642388,0.0196781155195304,-0.016279402254458));
#7427=CARTESIAN_POINT('',(-0.00932094436047106,0.0181111930082391,-0.0149831113653453));
#7428=CARTESIAN_POINT('',(-0.00879475759437853,0.0170887783568334,-0.0141372834523744));
#7429=CARTESIAN_POINT('',(-0.00856517235863628,0.0166426795115272,-0.0137682327401361));
#7430=CARTESIAN_POINT('',(-0.0109645626653521,0.0214718405597009,-0.0175233222613677));
#7431=CARTESIAN_POINT('',(-0.0106848379077349,0.0209240571615415,-0.0170762723222306));
#7432=CARTESIAN_POINT('',(-0.010109048003866,0.0197964910753149,-0.0161560575951791));
#7433=CARTESIAN_POINT('',(-0.0093040880538515,0.0182201425941963,-0.0148695883540326));
#7434=CARTESIAN_POINT('',(-0.00877885286145423,0.0171915775112373,-0.0140301690520231));
#7435=CARTESIAN_POINT('',(-0.00854968281530858,0.0167427951163454,-0.0136639145379282));
#7436=CARTESIAN_POINT('',(-0.0109423516196565,0.0215861423036375,-0.0174075112415323));
#7437=CARTESIAN_POINT('',(-0.0106631935038255,0.0210354428723818,-0.0169634158397025));
#7438=CARTESIAN_POINT('',(-0.0100885699844497,0.0199018743771069,-0.0160492827793816));
#7439=CARTESIAN_POINT('',(-0.00928524065143088,0.0183171344690893,-0.0147713157681538));
#7440=CARTESIAN_POINT('',(-0.00876106943424313,0.0172830939923275,-0.0139374441587556));
#7441=CARTESIAN_POINT('',(-0.00853236362060018,0.016831922579585,-0.0135736102078486));
#7442=CARTESIAN_POINT('',(-0.0109190634784298,0.0216859936972076,-0.0173091640540212));
#7443=CARTESIAN_POINT('',(-0.0106404994829352,0.0211327468860229,-0.0168675776572497));
#7444=CARTESIAN_POINT('',(-0.0100670989103387,0.0199939348232607,-0.01595860917297));
#7445=CARTESIAN_POINT('',(-0.00926547926894827,0.0184018643563115,-0.0146878622898547));
#7446=CARTESIAN_POINT('',(-0.00874242362305244,0.0173630407005472,-0.013858701803511));
#7447=CARTESIAN_POINT('',(-0.00851420455425854,0.0169097822963604,-0.0134969234046755));
#7448=CARTESIAN_POINT('',(-0.0108959707821198,0.0217710720234006,-0.017227728683956));
#7449=CARTESIAN_POINT('',(-0.0106179959208274,0.0212156547185173,-0.0167882198428379));
#7450=CARTESIAN_POINT('',(-0.0100458080314718,0.0200723748768973,-0.015883527832261));
#7451=CARTESIAN_POINT('',(-0.00924588373318215,0.0184740584111529,-0.0146187595014527));
#7452=CARTESIAN_POINT('',(-0.00872393429618488,0.0174311592502917,-0.0137935000117624));
#7453=CARTESIAN_POINT('',(-0.00849619788725081,0.0169761226261672,-0.0134334236915309));
#7454=CARTESIAN_POINT('',(-0.0108743146319287,0.0218410986537431,-0.0171626250632334));
#7455=CARTESIAN_POINT('',(-0.0105968922560885,0.0212838948496808,-0.016724777126894));
#7456=CARTESIAN_POINT('',(-0.0100258416116024,0.0201369376496487,-0.0158235039492119));
#7457=CARTESIAN_POINT('',(-0.00922750719282798,0.0185334802006676,-0.0145635151804237));
#7458=CARTESIAN_POINT('',(-0.00870659514989369,0.0174872265557487,-0.0137413743479748));
#7459=CARTESIAN_POINT('',(-0.00847931137560544,0.0170307263067997,-0.0133826587568688));
#7460=CARTESIAN_POINT('',(-0.0108553932803476,0.0218958281438193,-0.0171131932937099));
#7461=CARTESIAN_POINT('',(-0.0105784536205671,0.0213372280968048,-0.0166766064464053));
#7462=CARTESIAN_POINT('',(-0.0100083966065193,0.0201873968480037,-0.0157779291145121));
#7463=CARTESIAN_POINT('',(-0.00921145129287275,0.0185799214505699,-0.0145215693636737));
#7464=CARTESIAN_POINT('',(-0.00869144563900672,0.0175310461001505,-0.01370179646014));
#7465=CARTESIAN_POINT('',(-0.00846455733940791,0.0170734019515177,-0.0133441140411948));
#7466=CARTESIAN_POINT('',(-0.0108348819443662,0.0219492616742944,-0.017066412752595));
#7467=CARTESIAN_POINT('',(-0.0105584655638683,0.0213892984464749,-0.0166310193569513));
#7468=CARTESIAN_POINT('',(-0.0099894856762444,0.0202366612045563,-0.0157347986449976));
#7469=CARTESIAN_POINT('',(-0.00919404619593476,0.0186252630011399,-0.0144818732730019));
#7470=CARTESIAN_POINT('',(-0.00867502309612304,0.0175738280255429,-0.01366434129665));
#7471=CARTESIAN_POINT('',(-0.00844856350343729,0.017115067064045,-0.013307636636608));
#7472=CARTESIAN_POINT('',(-0.0108071368928599,0.0220132546794096,-0.0170126981078037));
#7473=CARTESIAN_POINT('',(-0.010531428336107,0.0214516588805162,-0.0165786750646723));
#7474=CARTESIAN_POINT('',(-0.00996390544417247,0.0202956611282528,-0.0156852751081928));
#7475=CARTESIAN_POINT('',(-0.00917050285817,0.0186795648983148,-0.0144362931800996));
#7476=CARTESIAN_POINT('',(-0.00865280882892048,0.0176250644672702,-0.0136213342951378));
#7477=CARTESIAN_POINT('',(-0.00842692913485249,0.0171649659895956,-0.0132657523235242));
#7478=CARTESIAN_POINT('',(-0.0107674914774402,0.0221181533527146,-0.0169204086685084));
#7479=CARTESIAN_POINT('',(-0.0104927943430811,0.0215538814091486,-0.0164887400869115));
#7480=CARTESIAN_POINT('',(-0.00992735337913866,0.0203923750379952,-0.0156001865916181));
#7481=CARTESIAN_POINT('',(-0.00913686134895027,0.0187685777046574,-0.0143579800639407));
#7482=CARTESIAN_POINT('',(-0.00862106645312095,0.0177090523148855,-0.0135474421178603));
#7483=CARTESIAN_POINT('',(-0.00839601538687502,0.017246761352701,-0.0131937890854764));
#7484=CARTESIAN_POINT('',(-0.0107261241626589,0.0222514794713918,-0.0167965540282808));
#7485=CARTESIAN_POINT('',(-0.0104524823792931,0.021683806150373,-0.0163680451905127));
#7486=CARTESIAN_POINT('',(-0.00988921376667267,0.0205152983296042,-0.0154859957623277));
#7487=CARTESIAN_POINT('',(-0.00910175870500323,0.0188817129008263,-0.0142528819844526));
#7488=CARTESIAN_POINT('',(-0.0085879454266995,0.0178158007930674,-0.0134482770443456));
#7489=CARTESIAN_POINT('',(-0.00836375897765051,0.0173507231850583,-0.0130972126946554));
#7490=CARTESIAN_POINT('',(-0.0106976782954616,0.0224027024941672,-0.0166426514781918));
#7491=CARTESIAN_POINT('',(-0.0104247622148484,0.0218311712150443,-0.0162180689578551));
#7492=CARTESIAN_POINT('',(-0.00986298740035186,0.0206547221117635,-0.0153441015241122));
#7493=CARTESIAN_POINT('',(-0.00907762068315507,0.0190100346919105,-0.0141222864539746));
#7494=CARTESIAN_POINT('',(-0.00856517004657143,0.0179368785511804,-0.0133250539041739));
#7495=CARTESIAN_POINT('',(-0.00834157814387118,0.0174686402346081,-0.0129772062677793));
#7496=CARTESIAN_POINT('',(-0.0106934950639229,0.0225450424410701,-0.0164813755864716));
#7497=CARTESIAN_POINT('',(-0.0104206857047052,0.0219698798263106,-0.0160609074901295));
#7498=CARTESIAN_POINT('',(-0.00985913056723169,0.0207859559238203,-0.0151954092523795));
#7499=CARTESIAN_POINT('',(-0.00907407096067423,0.019130818661138,-0.013985434201557));
#7500=CARTESIAN_POINT('',(-0.00856182071333449,0.0180508440132153,-0.0131959272470765));
#7501=CARTESIAN_POINT('',(-0.00833831624425052,0.0175796306530233,-0.0128514504340039));
#7502=CARTESIAN_POINT('',(-0.0107212888594923,0.0226806788134275,-0.0163046055346716));
#7503=CARTESIAN_POINT('',(-0.0104477704329852,0.02210205588269,-0.0158886471448635));
#7504=CARTESIAN_POINT('',(-0.00988475574009054,0.0209110092105841,-0.0150324317589918));
#7505=CARTESIAN_POINT('',(-0.00909765566069573,0.0192459142459081,-0.0138354342264163));
#7506=CARTESIAN_POINT('',(-0.00858407400780804,0.0181594422119696,-0.013054395083649));
#7507=CARTESIAN_POINT('',(-0.00835998862130788,0.0176853939193996,-0.0127136129369452));
#7508=CARTESIAN_POINT('',(-0.0107989049017746,0.022804608746436,-0.0161051512469972));
#7509=CARTESIAN_POINT('',(-0.0105234063572019,0.022222824151022,-0.0156942812774004));
#7510=CARTESIAN_POINT('',(-0.00995631575768986,0.0210252694579041,-0.0148485399768736));
#7511=CARTESIAN_POINT('',(-0.00916351752074669,0.0193510762158299,-0.0136661853186504));
#7512=CARTESIAN_POINT('',(-0.00864621782837622,0.0182586675691697,-0.012894700630024));
#7513=CARTESIAN_POINT('',(-0.0084205101909451,0.0177820290202133,-0.0125580872723276));
#7514=CARTESIAN_POINT('',(-0.0109333947725755,0.0228881003186312,-0.0159110571662452));
#7515=CARTESIAN_POINT('',(-0.0106544651612417,0.0223041857103286,-0.0155051388688081));
#7516=CARTESIAN_POINT('',(-0.0100803119991685,0.0211022465646981,-0.0146695901692549));
#7517=CARTESIAN_POINT('',(-0.00927764023028596,0.0194219238148786,-0.0135014848674638));
#7518=CARTESIAN_POINT('',(-0.00875389807273729,0.0183255156733617,-0.0127392978631097));
#7519=CARTESIAN_POINT('',(-0.00852537946592798,0.0178471320691727,-0.0124067412608718));
#7520=CARTESIAN_POINT('',(-0.0112000104273347,0.02291231083968,-0.0156894012771675));
#7521=CARTESIAN_POINT('',(-0.0109142789943796,0.0223277785795532,-0.0152891378007879));
#7522=CARTESIAN_POINT('',(-0.0103261248541635,0.0211245680495535,-0.0144652290751178));
#7523=CARTESIAN_POINT('',(-0.0095038795801009,0.0194424678918785,-0.0133133965713249));
#7524=CARTESIAN_POINT('',(-0.00896736573899334,0.0183448999943304,-0.0125618275439116));
#7525=CARTESIAN_POINT('',(-0.00873327460514677,0.0178660103666551,-0.0122339037657888));
#7526=CARTESIAN_POINT('',(-0.0114605137621966,0.02291231083968,-0.0155001345257031));
#7527=CARTESIAN_POINT('',(-0.0111681364433611,0.0223277785795532,-0.0151046995680519));
#7528=CARTESIAN_POINT('',(-0.0105663023056188,0.0211245680495535,-0.0142907299423676));
#7529=CARTESIAN_POINT('',(-0.00972493226043589,0.0194424678918785,-0.013152792398132));
#7530=CARTESIAN_POINT('',(-0.00917593953408846,0.0183448999943304,-0.0124102898115475));
#7531=CARTESIAN_POINT('',(-0.00893640362664778,0.0178660103666551,-0.0120863218929962));
#7532=CARTESIAN_POINT('',(-0.0117537098081661,0.0228881003186312,-0.0153150634065264));
#7533=CARTESIAN_POINT('',(-0.0114538525564417,0.0223041857103286,-0.0149243499298438));
#7534=CARTESIAN_POINT('',(-0.0108366216055044,0.0211022465646981,-0.0141200990759128));
#7535=CARTESIAN_POINT('',(-0.00997372666400676,0.0194219238148786,-0.012995748470198));
#7536=CARTESIAN_POINT('',(-0.00941068897423351,0.0183255156733617,-0.0122621113411657));
#7537=CARTESIAN_POINT('',(-0.00916502498367311,0.0178471320691727,-0.0119420115893819));
#7538=CARTESIAN_POINT('',(-0.0119798639040884,0.022804608746436,-0.0152471343079854));
#7539=CARTESIAN_POINT('',(-0.0116742370743519,0.022222824151022,-0.014858153818856));
#7540=CARTESIAN_POINT('',(-0.0110451299319855,0.0210252694579041,-0.0140574701741528));
#7541=CARTESIAN_POINT('',(-0.0101656319580363,0.0193510762158299,-0.0129381065620313));
#7542=CARTESIAN_POINT('',(-0.00959176081382365,0.0182586675691697,-0.0122077234390393));
#7543=CARTESIAN_POINT('',(-0.00934136998224092,0.0177820290202133,-0.011889043471621));
#7544=CARTESIAN_POINT('',(-0.0121935408801856,0.0226806788134275,-0.0152349518296962));
#7545=CARTESIAN_POINT('',(-0.0118824627851162,0.02210205588269,-0.0148462821364362));
#7546=CARTESIAN_POINT('',(-0.0112421346712181,0.0209110092105841,-0.0140462382389092));
#7547=CARTESIAN_POINT('',(-0.0103469496686798,0.0192459142459081,-0.0129277689996336));
#7548=CARTESIAN_POINT('',(-0.00976284276121087,0.0181594422119696,-0.012197969453618));
#7549=CARTESIAN_POINT('',(-0.00950798587257078,0.0176853939193996,-0.0118795441118695));
#7550=CARTESIAN_POINT('',(-0.0123702479450049,0.0225450424410701,-0.01526314330941));
#7551=CARTESIAN_POINT('',(-0.0120546617503073,0.0219698798263106,-0.0148737544032575));
#7552=CARTESIAN_POINT('',(-0.0114050540922111,0.0207859559238203,-0.014072230066438));
#7553=CARTESIAN_POINT('',(-0.0104968961955953,0.019130818661138,-0.0129516911584676));
#7554=CARTESIAN_POINT('',(-0.00990432449367708,0.0180508440132153,-0.0122205411566496));
#7555=CARTESIAN_POINT('',(-0.0096457742551575,0.0175796306530233,-0.0119015265854987));
#7556=CARTESIAN_POINT('',(-0.0125223377431099,0.0224027024941672,-0.0153169587903486));
#7557=CARTESIAN_POINT('',(-0.0122028714773862,0.0218311712150443,-0.0149261969591811));
#7558=CARTESIAN_POINT('',(-0.0115452770191865,0.0206547221117635,-0.0141218465716068));
#7559=CARTESIAN_POINT('',(-0.0106259534974549,0.0190100346919105,-0.0129973568168796));
#7560=CARTESIAN_POINT('',(-0.0100260962414469,0.0179368785511804,-0.0122636288933198));
#7561=CARTESIAN_POINT('',(-0.00976436717791498,0.0174686402346081,-0.0119434895261668));
#7562=CARTESIAN_POINT('',(-0.0126599175098628,0.0222514794713918,-0.0153915709211634));
#7563=CARTESIAN_POINT('',(-0.0123369413488444,0.021683806150373,-0.0149989056068526));
#7564=CARTESIAN_POINT('',(-0.0116721220661724,0.0205152983296042,-0.0141906370592075));
#7565=CARTESIAN_POINT('',(-0.0107426981687533,0.0188817129008263,-0.0130606696781558));
#7566=CARTESIAN_POINT('',(-0.0101362504323526,0.0178158007930674,-0.012323367611415));
#7567=CARTESIAN_POINT('',(-0.00987164581760559,0.0173507231850583,-0.0120016687780084));
#7568=CARTESIAN_POINT('',(-0.0127649270692455,0.0221181533527146,-0.0154691867641103));
#7569=CARTESIAN_POINT('',(-0.0124392719346609,0.0215538814091486,-0.0150745413368193));
#7570=CARTESIAN_POINT('',(-0.0117689382100592,0.0203923750379952,-0.0142621968930247));
#7571=CARTESIAN_POINT('',(-0.0108318050685735,0.0187685777046574,-0.0131265313690588));
#7572=CARTESIAN_POINT('',(-0.0102203270616723,0.0177090523148855,-0.012385511272384));
#7573=CARTESIAN_POINT('',(-0.00995352764478825,0.017246761352701,-0.0120621901922128));
#7574=CARTESIAN_POINT('',(-0.0128404484347587,0.0220132546794096,-0.01553541079993));
#7575=CARTESIAN_POINT('',(-0.0125128666208976,0.0214516588805162,-0.0151390758841539));
#7576=CARTESIAN_POINT('',(-0.0118385669889345,0.0202956611282528,-0.0143232537703069));
#7577=CARTESIAN_POINT('',(-0.0108958894699424,0.0186795648983148,-0.0131827264293958));
#7578=CARTESIAN_POINT('',(-0.0102807937648115,0.0176250644672702,-0.0124385340042609));
#7579=CARTESIAN_POINT('',(-0.0100124158777824,0.0171649659895956,-0.0121138287771969));
#7580=CARTESIAN_POINT('',(-0.0128829604052827,0.0219492616742944,-0.0155783966500474));
#7581=CARTESIAN_POINT('',(-0.0125542940383014,0.0213892984464749,-0.0151809650916716));
#7582=CARTESIAN_POINT('',(-0.0118777619448925,0.0202366612045563,-0.0143628856312015));
#7583=CARTESIAN_POINT('',(-0.0109319634228369,0.0186252630011399,-0.0132192024975044));
#7584=CARTESIAN_POINT('',(-0.0103148312677627,0.0175738280255429,-0.012472950922183));
#7585=CARTESIAN_POINT('',(-0.0100455648391161,0.017115067064045,-0.012147347248956));
#7586=CARTESIAN_POINT('',(-0.0129211129923503,0.0218958281438193,-0.015612360072001));
#7587=CARTESIAN_POINT('',(-0.0125914732875811,0.0213372280968048,-0.0152140620486084));
#7588=CARTESIAN_POINT('',(-0.0119129376601407,0.0201873968480037,-0.014394199042724));
#7589=CARTESIAN_POINT('',(-0.0109643381777992,0.0185799214505699,-0.0132480224949918));
#7590=CARTESIAN_POINT('',(-0.0103453784002269,0.0175310461001505,-0.0125001439706522));
#7591=CARTESIAN_POINT('',(-0.0100753145453257,0.0170734019515177,-0.0121738304288044));
#7592=CARTESIAN_POINT('',(-0.0129622783796725,0.0218410986537431,-0.015645630603564));
#7593=CARTESIAN_POINT('',(-0.012631588475425,0.0212838948496808,-0.0152464837919743));
#7594=CARTESIAN_POINT('',(-0.0119508911006234,0.0201369376496487,-0.0144248736269231));
#7595=CARTESIAN_POINT('',(-0.0109992694742044,0.0185334802006676,-0.0132762545334879));
#7596=CARTESIAN_POINT('',(-0.0103783377520329,0.0174872265557487,-0.0125267822516424));
#7597=CARTESIAN_POINT('',(-0.0101074135004155,0.0170307263067997,-0.0121997733232583));
#7598=CARTESIAN_POINT('',(-0.0130175034839533,0.0217710720234006,-0.0156863449515198));
#7599=CARTESIAN_POINT('',(-0.0126854046927871,0.0212156547185173,-0.0152861594472379));
#7600=CARTESIAN_POINT('',(-0.0120018072426741,0.0200723748768973,-0.0144624112205776));
#7601=CARTESIAN_POINT('',(-0.0110461312824401,0.0184740584111529,-0.0133108030959793));
#7602=CARTESIAN_POINT('',(-0.0104225541133723,0.0174311592502917,-0.012559380475663));
#7603=CARTESIAN_POINT('',(-0.0101504756032512,0.0169761226261672,-0.0122315205777251));
#7604=CARTESIAN_POINT('',(-0.0130878170877051,0.0216859936972076,-0.0157334723241176));
#7605=CARTESIAN_POINT('',(-0.0127539244761771,0.0211327468860229,-0.0153320845199101));
#7606=CARTESIAN_POINT('',(-0.0120666345976126,0.0199939348232607,-0.0145058614599011));
#7607=CARTESIAN_POINT('',(-0.0111057965860784,0.0184018643563115,-0.0133507934939349));
#7608=CARTESIAN_POINT('',(-0.0104788511860723,0.0173630407005472,-0.0125971133321763));
#7609=CARTESIAN_POINT('',(-0.0102053030531027,0.0169097822963604,-0.0122682684262192));
#7610=CARTESIAN_POINT('',(-0.0131741543898403,0.0215861423036375,-0.0157860116148736));
#7611=CARTESIAN_POINT('',(-0.0128380591659829,0.0210354428723818,-0.0153832834434466));
#7612=CARTESIAN_POINT('',(-0.0121462353950586,0.0199018743771069,-0.0145543013501687));
#7613=CARTESIAN_POINT('',(-0.0111790589574027,0.0183171344690893,-0.0133953762285501));
#7614=CARTESIAN_POINT('',(-0.0105479777436043,0.0172830939923275,-0.0126391792783586));
#7615=CARTESIAN_POINT('',(-0.0102726250768728,0.016831922579585,-0.012309236250018));
#7616=CARTESIAN_POINT('',(-0.0132774336243308,0.0214718405597009,-0.0158429231478812));
#7617=CARTESIAN_POINT('',(-0.0129387035704563,0.0209240571615415,-0.0154387430658526));
#7618=CARTESIAN_POINT('',(-0.0122414562233882,0.0197964910753149,-0.0146067723366281));
#7619=CARTESIAN_POINT('',(-0.0112666975729282,0.0182201425941963,-0.0134436690725552));
#7620=CARTESIAN_POINT('',(-0.0106306689763427,0.0171915775112373,-0.012684745890511));
#7621=CARTESIAN_POINT('',(-0.0103531576729509,0.0167427951163454,-0.0123536133556626));
#7622=CARTESIAN_POINT('',(-0.0133985304568019,0.0213434470454008,-0.0159031567752256));
#7623=CARTESIAN_POINT('',(-0.013056711015494,0.0207989391855153,-0.0154974400302836));
#7624=CARTESIAN_POINT('',(-0.0123531044240442,0.0196781155195304,-0.014662306209602));
#7625=CARTESIAN_POINT('',(-0.0113694554873788,0.0181111930082392,-0.0134947809125547));
#7626=CARTESIAN_POINT('',(-0.0107276259920212,0.0170887783568334,-0.0127329723604494));
#7627=CARTESIAN_POINT('',(-0.0104475836468056,0.0166426795115272,-0.0124005808840838));
#7628=CARTESIAN_POINT('',(-0.0135382861616041,0.0212013531069276,-0.0159656495109004));
#7629=CARTESIAN_POINT('',(-0.0131929013130981,0.0206604703065826,-0.0155583384693254));
#7630=CARTESIAN_POINT('',(-0.0124819556305884,0.019547108520991,-0.0147199229230187));
#7631=CARTESIAN_POINT('',(-0.0114880465724219,0.0179906177918968,-0.0135478097412632));
#7632=CARTESIAN_POINT('',(-0.0108395223627615,0.0169750098631476,-0.0127830076010826));
#7633=CARTESIAN_POINT('',(-0.0105565589871048,0.0165318809196451,-0.0124493099656338));
#7634=CARTESIAN_POINT('',(-0.0136975082142109,0.0210459787603809,-0.0160293298290893));
#7635=CARTESIAN_POINT('',(-0.0133480613386608,0.0205090598255138,-0.0156203941936191));
#7636=CARTESIAN_POINT('',(-0.0126287543148772,0.0194038573238619,-0.0147786345573192));
#7637=CARTESIAN_POINT('',(-0.0116231560193541,0.0178587733539835,-0.0136018463048554));
#7638=CARTESIAN_POINT('',(-0.010967004599381,0.0168506083189722,-0.0128339936878618));
#7639=CARTESIAN_POINT('',(-0.0106807133276415,0.0164107268507457,-0.0124989650716978));
#7640=CARTESIAN_POINT('',(-0.013876971500215,0.0208777694608124,-0.0160931205155511));
#7641=CARTESIAN_POINT('',(-0.0135229462091174,0.0203451418330394,-0.015682557470502));
#7642=CARTESIAN_POINT('',(-0.0127942149017258,0.0192487726263747,-0.0148374479483612));
#7643=CARTESIAN_POINT('',(-0.011775441365006,0.017716037689787,-0.0136559765225367));
#7644=CARTESIAN_POINT('',(-0.0111106931193839,0.0167159303809723,-0.0128850681417612));
#7645=CARTESIAN_POINT('',(-0.0108206508900558,0.0162795646510493,-0.0125487062380776));
#7646=CARTESIAN_POINT('',(-0.0140774229453195,0.0206971927374553,-0.0161559391879747));
#7647=CARTESIAN_POINT('',(-0.013718283794818,0.0201691719309221,-0.0157437735310884));
#7648=CARTESIAN_POINT('',(-0.0129790260376417,0.0190822854785958,-0.0148953651671734));
#7649=CARTESIAN_POINT('',(-0.0119455364205678,0.0175628075258608,-0.0137092819280958));
#7650=CARTESIAN_POINT('',(-0.0112711859539954,0.016571350379659,-0.0129353643459045));
#7651=CARTESIAN_POINT('',(-0.0109769540940978,0.0161387588792505,-0.012597689470742));
#7652=CARTESIAN_POINT('',(-0.0142995811925748,0.0205047327367323,-0.016216704829955));
#7653=CARTESIAN_POINT('',(-0.013934774404999,0.0199816219141809,-0.0158029889375515));
#7654=CARTESIAN_POINT('',(-0.0131838502932462,0.0189048422512174,-0.0149513895441151));
#7655=CARTESIAN_POINT('',(-0.012134050997705,0.0173994936894386,-0.0137608452143745));
#7656=CARTESIAN_POINT('',(-0.0114490584897397,0.0164172559502113,-0.0129840167770373));
#7657=CARTESIAN_POINT('',(-0.0111501833059513,0.015988687051396,-0.0126450718407331));
#7658=CARTESIAN_POINT('',(-0.0145441436964151,0.0203008872004735,-0.0162743361251751));
#7659=CARTESIAN_POINT('',(-0.0141730977008383,0.0197829768263997,-0.0158591499598042));
#7660=CARTESIAN_POINT('',(-0.0134093307037945,0.0187169018495517,-0.0150045241330346));
#7661=CARTESIAN_POINT('',(-0.0123415769282732,0.0172265185442712,-0.0138097488197212));
#7662=CARTESIAN_POINT('',(-0.0116448691483287,0.0162540456130643,-0.0130301596717787));
#7663=CARTESIAN_POINT('',(-0.011340882369851,0.0158297372846317,-0.0126900101852349));
#7664=CARTESIAN_POINT('',(-0.0148117886698104,0.0200861639726175,-0.0163277540753311));
#7665=CARTESIAN_POINT('',(-0.0144339145929325,0.0195737315555494,-0.0159112051266358));
#7666=CARTESIAN_POINT('',(-0.0136560925644017,0.0185189324927984,-0.015053774124929));
#7667=CARTESIAN_POINT('',(-0.0125686897165935,0.0170443130263537,-0.0138550771494573));
#7668=CARTESIAN_POINT('',(-0.0118591609456632,0.016082125976977,-0.0130729291226808));
#7669=CARTESIAN_POINT('',(-0.0115495801263856,0.0156623055732832,-0.0127316631489159));
#7670=CARTESIAN_POINT('',(-0.0151031809192706,0.0198610782110348,-0.0163758809793848));
#7671=CARTESIAN_POINT('',(-0.0147178729274395,0.0193543881169415,-0.0159581042310059));
#7672=CARTESIAN_POINT('',(-0.0139247488097671,0.0183114091434161,-0.0150981459068418));
#7673=CARTESIAN_POINT('',(-0.0128159534908025,0.0168533142779903,-0.0138959157097119));
#7674=CARTESIAN_POINT('',(-0.012092466163669,0.0159019095066578,-0.0131114622609609));
#7675=CARTESIAN_POINT('',(-0.0117767949623768,0.0154867936147575,-0.0127691903879951));
#7676=CARTESIAN_POINT('',(-0.0155375919603799,0.0195379082736338,-0.0164333256107582));
#7677=CARTESIAN_POINT('',(-0.015141201399468,0.0190394627976952,-0.016014083351526));
#7678=CARTESIAN_POINT('',(-0.0143252647447858,0.0180134546777157,-0.0151511083964405));
#7679=CARTESIAN_POINT('',(-0.0131845772746603,0.0165790852325002,-0.013944660919606));
#7680=CARTESIAN_POINT('',(-0.0124402803654467,0.0156431612632232,-0.0131574557020036));
#7681=CARTESIAN_POINT('',(-0.0121155295500033,0.0152347999379871,-0.0128139831802545));
#7682=CARTESIAN_POINT('',(-0.015881263026976,0.0192966423508019,-0.0164621478762652));
#7683=CARTESIAN_POINT('',(-0.0154761048290194,0.0188043519814412,-0.0160421703117154));
#7684=CARTESIAN_POINT('',(-0.0146421207303635,0.0177910136310417,-0.015177681792433));
#7685=CARTESIAN_POINT('',(-0.0134762027560189,0.0163743566483392,-0.0139691183379612));
#7686=CARTESIAN_POINT('',(-0.0127154429796309,0.0154499900349975,-0.0131805324480392));
#7687=CARTESIAN_POINT('',(-0.0123835091039421,0.0150466714026946,-0.0128364575128499));
#7688=CARTESIAN_POINT('',(-0.0161200470373666,0.0191347345465505,-0.0164755651781123));
#7689=CARTESIAN_POINT('',(-0.0157087970506658,0.0186465747223545,-0.016055245315231));
#7690=CARTESIAN_POINT('',(-0.0148622735168693,0.0176417387520216,-0.0151900522036016));
#7691=CARTESIAN_POINT('',(-0.0136788252888397,0.0162369681802956,-0.0139805037220975));
#7692=CARTESIAN_POINT('',(-0.0129066270475109,0.0153203574327656,-0.0131912751034746));
#7693=CARTESIAN_POINT('',(-0.0125697023532778,0.0149204228313725,-0.0128469197335997));
#7694=CARTESIAN_POINT('',(-0.014443146840487,0.0183115445899656,-0.0153418976676498));
#7695=CARTESIAN_POINT('',(-0.0139566297991564,0.0183115445899656,-0.0151187973954128));
#7696=CARTESIAN_POINT('',(-0.0132404053297241,0.0183115445899656,-0.0147596160071271));
#7697=CARTESIAN_POINT('',(-0.0123184084971924,0.0183115445899656,-0.0142172391471945));
#7698=CARTESIAN_POINT('',(-0.0116531501506696,0.0183115445899657,-0.013767701990292));
#7699=CARTESIAN_POINT('',(-0.011014325179755,0.0183115445899656,-0.0132881971091272));
#7700=CARTESIAN_POINT('',(-0.010568417430252,0.0183115445899657,-0.0127837340298338));
#7701=CARTESIAN_POINT('',(-0.0101514443794419,0.0183115445899657,-0.0124514794045914));
#7702=CARTESIAN_POINT('',(-0.00980056889784647,0.0183115445899656,-0.0122654706749581));
#7703=CARTESIAN_POINT('',(-0.00937947551177824,0.0183115445899656,-0.0122229448962985));
#7704=CARTESIAN_POINT('',(-0.00905285372811324,0.0183115445899642,-0.0124721743687385));
#7705=CARTESIAN_POINT('',(-0.00871752444406441,0.0183115445899665,-0.0127090195885996));
#7706=CARTESIAN_POINT('',(-0.00863757447080369,0.0183115445899636,-0.0131248299933183));
#7707=CARTESIAN_POINT('',(-0.00870892382899158,0.0183115445899662,-0.0135157932695536));
#7708=CARTESIAN_POINT('',(-0.00889746221783245,0.0183115445899654,-0.014010420185389));
#7709=CARTESIAN_POINT('',(-0.00923837110055858,0.0183115445899657,-0.014591613755447));
#7710=CARTESIAN_POINT('',(-0.00949503932929664,0.0183115445899656,-0.0153446090644044));
#7711=CARTESIAN_POINT('',(-0.00971541858327715,0.0183115445899657,-0.0161115196057024));
#7712=CARTESIAN_POINT('',(-0.00994620843726403,0.0183115445899657,-0.0171560085059427));
#7713=CARTESIAN_POINT('',(-0.010066119060326,0.0183115445899656,-0.0179465757196235));
#7714=CARTESIAN_POINT('',(-0.0101278339231903,0.0183115445899656,-0.0184771560237336));
#7715=CARTESIAN_POINT('',(-0.014443146840487,0.0183115445899656,-0.0153418976676498));
#7716=CARTESIAN_POINT('',(-0.0101278339231903,0.0183115445899656,-0.0184771560237336));
#7717=CARTESIAN_POINT('',(-0.0150876859629106,0.0190967349302385,-0.0160113001434795));
#7718=CARTESIAN_POINT('',(-0.0148728360526274,0.0188350044538018,-0.0157881698153185));
#7719=CARTESIAN_POINT('',(-0.0146579895218923,0.0185732743256397,-0.0155650358247663));
#7720=CARTESIAN_POINT('',(-0.0144431468404869,0.0183115445899657,-0.0153418976676499));
#7721=CARTESIAN_POINT('',(-0.0150876859629107,0.0190967349302385,-0.0160113001434796));
#7722=CARTESIAN_POINT('',(-0.0150189443779437,0.0193008123878559,-0.0160757988844151));
#7723=CARTESIAN_POINT('',(-0.0150416306332077,0.0192326135808412,-0.0160546040680079));
#7724=CARTESIAN_POINT('',(-0.01506454723312,0.0191645888026443,-0.0160331041122724));
#7725=CARTESIAN_POINT('',(-0.0150876859629107,0.0190967349302385,-0.0160113001434795));
#7726=CARTESIAN_POINT('',(-0.0150189443779419,0.0193008123878541,-0.016075798884419));
#7727=CARTESIAN_POINT('',(-0.0106478842333114,0.0193008123878541,-0.0192515599719607));
#7728=CARTESIAN_POINT('',(-0.0107189693851107,0.0195702205982188,-0.0189043731930801));
#7729=CARTESIAN_POINT('',(-0.0107928825152828,0.0199814152269915,-0.0183872890182218));
#7730=CARTESIAN_POINT('',(-0.0108058345183307,0.0205520008019118,-0.0177134994608557));
#7731=CARTESIAN_POINT('',(-0.0107661845623864,0.0209966475116273,-0.0172151435947377));
#7732=CARTESIAN_POINT('',(-0.0106439570250544,0.021459862865392,-0.0167442669725783));
#7733=CARTESIAN_POINT('',(-0.0104287553571539,0.0219328522393412,-0.016320673947178));
#7734=CARTESIAN_POINT('',(-0.0104928303555106,0.0222974295047694,-0.0158459626889998));
#7735=CARTESIAN_POINT('',(-0.0107710630993387,0.0224256349215793,-0.0155013992164584));
#7736=CARTESIAN_POINT('',(-0.0111389598875533,0.0224290115667116,-0.0152370248507716));
#7737=CARTESIAN_POINT('',(-0.0116179899346834,0.0224265741287689,-0.0148790779096387));
#7738=CARTESIAN_POINT('',(-0.0122271772508932,0.0220073883911536,-0.0149246853834957));
#7739=CARTESIAN_POINT('',(-0.0125942290671846,0.0215277174588018,-0.0152433400165261));
#7740=CARTESIAN_POINT('',(-0.012990380764116,0.0210494434331491,-0.0155363802134357));
#7741=CARTESIAN_POINT('',(-0.0134606121819893,0.0205957163770429,-0.0157332535261771));
#7742=CARTESIAN_POINT('',(-0.0141300597413706,0.0199982632001421,-0.0159438236995519));
#7743=CARTESIAN_POINT('',(-0.0146593355828493,0.0195759184491149,-0.0160352790408264));
#7744=CARTESIAN_POINT('',(-0.0150189443779453,0.0193008123878576,-0.016075798884411));
#7745=CARTESIAN_POINT('',(-0.0106478842333114,0.0193008123878541,-0.0192515599719607));
#7746=CARTESIAN_POINT('',(-0.010565299967482,0.0190967349302386,-0.0192970058972143));
#7747=CARTESIAN_POINT('',(-0.0105931870348166,0.019164588802643,-0.0192817374543703));
#7748=CARTESIAN_POINT('',(-0.0106207163266408,0.0192326135808408,-0.0192665863243971));
#7749=CARTESIAN_POINT('',(-0.0106478842333114,0.0193008123878541,-0.0192515599719607));
#7750=CARTESIAN_POINT('',(-0.010565299967482,0.0190967349302386,-0.0192970058972144));
#7751=CARTESIAN_POINT('',(-0.0101278339231925,0.0183115445899728,-0.0184771560237255));
#7752=CARTESIAN_POINT('',(-0.010273660881938,0.0185732743257494,-0.018750437038604));
#7753=CARTESIAN_POINT('',(-0.0104194826884762,0.0188350044539047,-0.0190237204267592));
#7754=CARTESIAN_POINT('',(-0.010565299967482,0.0190967349302386,-0.0192970058972143));
#7755=CARTESIAN_POINT('',(-0.0164755651781123,0.0191347345465505,-0.0161200470373666));
#7756=CARTESIAN_POINT('',(-0.016055245315231,0.0186465747223545,-0.0157087970506658));
#7757=CARTESIAN_POINT('',(-0.0151900522036016,0.0176417387520216,-0.0148622735168693));
#7758=CARTESIAN_POINT('',(-0.0139805037220975,0.0162369681802957,-0.0136788252888398));
#7759=CARTESIAN_POINT('',(-0.0131912751034746,0.0153203574327656,-0.012906627047511));
#7760=CARTESIAN_POINT('',(-0.0128469197335998,0.0149204228313725,-0.0125697023532779));
#7761=CARTESIAN_POINT('',(-0.0164621478762651,0.0192966423508019,-0.0158812630269759));
#7762=CARTESIAN_POINT('',(-0.0160421703117154,0.0188043519814412,-0.0154761048290193));
#7763=CARTESIAN_POINT('',(-0.0151776817924329,0.0177910136310416,-0.0146421207303635));
#7764=CARTESIAN_POINT('',(-0.0139691183379612,0.0163743566483392,-0.0134762027560189));
#7765=CARTESIAN_POINT('',(-0.0131805324480392,0.0154499900349975,-0.012715442979631));
#7766=CARTESIAN_POINT('',(-0.01283645751285,0.0150466714026947,-0.0123835091039422));
#7767=CARTESIAN_POINT('',(-0.0164333256107581,0.0195379082736337,-0.0155375919603799));
#7768=CARTESIAN_POINT('',(-0.016014083351526,0.0190394627976952,-0.015141201399468));
#7769=CARTESIAN_POINT('',(-0.0151511083964405,0.0180134546777157,-0.0143252647447858));
#7770=CARTESIAN_POINT('',(-0.013944660919606,0.0165790852325002,-0.0131845772746603));
#7771=CARTESIAN_POINT('',(-0.0131574557020036,0.0156431612632233,-0.0124402803654467));
#7772=CARTESIAN_POINT('',(-0.0128139831802546,0.0152347999379871,-0.0121155295500034));
#7773=CARTESIAN_POINT('',(-0.0163758809793848,0.0198610782110348,-0.0151031809192705));
#7774=CARTESIAN_POINT('',(-0.0159581042310059,0.0193543881169415,-0.0147178729274395));
#7775=CARTESIAN_POINT('',(-0.0150981459068418,0.0183114091434161,-0.0139247488097671));
#7776=CARTESIAN_POINT('',(-0.013895915709712,0.0168533142779904,-0.0128159534908026));
#7777=CARTESIAN_POINT('',(-0.013111462260961,0.0159019095066579,-0.012092466163669));
#7778=CARTESIAN_POINT('',(-0.0127691903879952,0.0154867936147576,-0.0117767949623769));
#7779=CARTESIAN_POINT('',(-0.016327754075331,0.0200861639726175,-0.0148117886698104));
#7780=CARTESIAN_POINT('',(-0.0159112051266358,0.0195737315555494,-0.0144339145929325));
#7781=CARTESIAN_POINT('',(-0.015053774124929,0.0185189324927984,-0.0136560925644017));
#7782=CARTESIAN_POINT('',(-0.0138550771494573,0.0170443130263537,-0.0125686897165935));
#7783=CARTESIAN_POINT('',(-0.0130729291226809,0.0160821259769771,-0.0118591609456632));
#7784=CARTESIAN_POINT('',(-0.0127316631489159,0.0156623055732833,-0.0115495801263857));
#7785=CARTESIAN_POINT('',(-0.0162743361251751,0.0203008872004734,-0.0145441436964151));
#7786=CARTESIAN_POINT('',(-0.0158591499598042,0.0197829768263997,-0.0141730977008383));
#7787=CARTESIAN_POINT('',(-0.0150045241330346,0.0187169018495517,-0.0134093307037946));
#7788=CARTESIAN_POINT('',(-0.0138097488197212,0.0172265185442712,-0.0123415769282732));
#7789=CARTESIAN_POINT('',(-0.0130301596717787,0.0162540456130644,-0.0116448691483287));
#7790=CARTESIAN_POINT('',(-0.012690010185235,0.0158297372846318,-0.0113408823698511));
#7791=CARTESIAN_POINT('',(-0.016216704829955,0.0205047327367323,-0.0142995811925748));
#7792=CARTESIAN_POINT('',(-0.0158029889375515,0.0199816219141809,-0.013934774404999));
#7793=CARTESIAN_POINT('',(-0.0149513895441151,0.0189048422512174,-0.0131838502932462));
#7794=CARTESIAN_POINT('',(-0.0137608452143745,0.0173994936894387,-0.012134050997705));
#7795=CARTESIAN_POINT('',(-0.0129840167770373,0.0164172559502113,-0.0114490584897397));
#7796=CARTESIAN_POINT('',(-0.0126450718407332,0.0159886870513961,-0.0111501833059514));
#7797=CARTESIAN_POINT('',(-0.0161559391879746,0.0206971927374552,-0.0140774229453195));
#7798=CARTESIAN_POINT('',(-0.0157437735310884,0.0201691719309221,-0.013718283794818));
#7799=CARTESIAN_POINT('',(-0.0148953651671734,0.0190822854785958,-0.0129790260376417));
#7800=CARTESIAN_POINT('',(-0.0137092819280959,0.0175628075258609,-0.0119455364205678));
#7801=CARTESIAN_POINT('',(-0.0129353643459046,0.0165713503796591,-0.0112711859539954));
#7802=CARTESIAN_POINT('',(-0.0125976894707421,0.0161387588792506,-0.0109769540940978));
#7803=CARTESIAN_POINT('',(-0.016093120515551,0.0208777694608123,-0.013876971500215));
#7804=CARTESIAN_POINT('',(-0.015682557470502,0.0203451418330394,-0.0135229462091174));
#7805=CARTESIAN_POINT('',(-0.0148374479483611,0.0192487726263747,-0.0127942149017258));
#7806=CARTESIAN_POINT('',(-0.0136559765225367,0.017716037689787,-0.0117754413650061));
#7807=CARTESIAN_POINT('',(-0.0128850681417612,0.0167159303809723,-0.0111106931193839));
#7808=CARTESIAN_POINT('',(-0.0125487062380776,0.0162795646510494,-0.0108206508900559));
#7809=CARTESIAN_POINT('',(-0.0160293298290893,0.0210459787603809,-0.0136975082142109));
#7810=CARTESIAN_POINT('',(-0.0156203941936191,0.0205090598255138,-0.0133480613386608));
#7811=CARTESIAN_POINT('',(-0.0147786345573192,0.0194038573238619,-0.0126287543148772));
#7812=CARTESIAN_POINT('',(-0.0136018463048554,0.0178587733539835,-0.0116231560193541));
#7813=CARTESIAN_POINT('',(-0.0128339936878618,0.0168506083189723,-0.0109670045993811));
#7814=CARTESIAN_POINT('',(-0.0124989650716979,0.0164107268507458,-0.0106807133276416));
#7815=CARTESIAN_POINT('',(-0.0159656495109003,0.0212013531069275,-0.0135382861616041));
#7816=CARTESIAN_POINT('',(-0.0155583384693254,0.0206604703065826,-0.0131929013130981));
#7817=CARTESIAN_POINT('',(-0.0147199229230187,0.019547108520991,-0.0124819556305883));
#7818=CARTESIAN_POINT('',(-0.0135478097412632,0.0179906177918969,-0.0114880465724219));
#7819=CARTESIAN_POINT('',(-0.0127830076010827,0.0169750098631476,-0.0108395223627615));
#7820=CARTESIAN_POINT('',(-0.0124493099656339,0.0165318809196452,-0.0105565589871048));
#7821=CARTESIAN_POINT('',(-0.0159031567752256,0.0213434470454008,-0.0133985304568019));
#7822=CARTESIAN_POINT('',(-0.0154974400302836,0.0207989391855153,-0.013056711015494));
#7823=CARTESIAN_POINT('',(-0.0146623062096019,0.0196781155195304,-0.0123531044240442));
#7824=CARTESIAN_POINT('',(-0.0134947809125547,0.0181111930082392,-0.0113694554873788));
#7825=CARTESIAN_POINT('',(-0.0127329723604495,0.0170887783568335,-0.0107276259920213));
#7826=CARTESIAN_POINT('',(-0.0124005808840839,0.0166426795115273,-0.0104475836468056));
#7827=CARTESIAN_POINT('',(-0.0158429231478811,0.0214718405597009,-0.0132774336243307));
#7828=CARTESIAN_POINT('',(-0.0154387430658525,0.0209240571615415,-0.0129387035704562));
#7829=CARTESIAN_POINT('',(-0.0146067723366281,0.0197964910753149,-0.0122414562233881));
#7830=CARTESIAN_POINT('',(-0.0134436690725553,0.0182201425941964,-0.0112666975729282));
#7831=CARTESIAN_POINT('',(-0.012684745890511,0.0171915775112373,-0.0106306689763428));
#7832=CARTESIAN_POINT('',(-0.0123536133556627,0.0167427951163455,-0.0103531576729509));
#7833=CARTESIAN_POINT('',(-0.0157860116148736,0.0215861423036374,-0.0131741543898403));
#7834=CARTESIAN_POINT('',(-0.0153832834434466,0.0210354428723818,-0.0128380591659829));
#7835=CARTESIAN_POINT('',(-0.0145543013501686,0.0199018743771069,-0.0121462353950586));
#7836=CARTESIAN_POINT('',(-0.0133953762285501,0.0183171344690894,-0.0111790589574027));
#7837=CARTESIAN_POINT('',(-0.0126391792783586,0.0172830939923276,-0.0105479777436044));
#7838=CARTESIAN_POINT('',(-0.012309236250018,0.0168319225795851,-0.0102726250768729));
#7839=CARTESIAN_POINT('',(-0.0157334723241175,0.0216859936972076,-0.0130878170877051));
#7840=CARTESIAN_POINT('',(-0.01533208451991,0.0211327468860229,-0.0127539244761771));
#7841=CARTESIAN_POINT('',(-0.0145058614599011,0.0199939348232607,-0.0120666345976125));
#7842=CARTESIAN_POINT('',(-0.013350793493935,0.0184018643563116,-0.0111057965860785));
#7843=CARTESIAN_POINT('',(-0.0125971133321764,0.0173630407005472,-0.0104788511860724));
#7844=CARTESIAN_POINT('',(-0.0122682684262192,0.0169097822963605,-0.0102053030531028));
#7845=CARTESIAN_POINT('',(-0.0156863449515198,0.0217710720234005,-0.0130175034839533));
#7846=CARTESIAN_POINT('',(-0.0152861594472379,0.0212156547185173,-0.012685404692787));
#7847=CARTESIAN_POINT('',(-0.0144624112205776,0.0200723748768973,-0.0120018072426741));
#7848=CARTESIAN_POINT('',(-0.0133108030959794,0.0184740584111529,-0.0110461312824401));
#7849=CARTESIAN_POINT('',(-0.0125593804756631,0.0174311592502917,-0.0104225541133723));
#7850=CARTESIAN_POINT('',(-0.0122315205777252,0.0169761226261673,-0.0101504756032512));
#7851=CARTESIAN_POINT('',(-0.015645630603564,0.021841098653743,-0.0129622783796725));
#7852=CARTESIAN_POINT('',(-0.0152464837919743,0.0212838948496808,-0.012631588475425));
#7853=CARTESIAN_POINT('',(-0.0144248736269231,0.0201369376496487,-0.0119508911006234));
#7854=CARTESIAN_POINT('',(-0.0132762545334879,0.0185334802006676,-0.0109992694742044));
#7855=CARTESIAN_POINT('',(-0.0125267822516424,0.0174872265557487,-0.0103783377520329));
#7856=CARTESIAN_POINT('',(-0.0121997733232584,0.0170307263067998,-0.0101074135004156));
#7857=CARTESIAN_POINT('',(-0.015612360072001,0.0218958281438192,-0.0129211129923503));
#7858=CARTESIAN_POINT('',(-0.0152140620486084,0.0213372280968048,-0.0125914732875811));
#7859=CARTESIAN_POINT('',(-0.014394199042724,0.0201873968480037,-0.0119129376601407));
#7860=CARTESIAN_POINT('',(-0.0132480224949918,0.0185799214505699,-0.0109643381777992));
#7861=CARTESIAN_POINT('',(-0.0125001439706522,0.0175310461001506,-0.0103453784002269));
#7862=CARTESIAN_POINT('',(-0.0121738304288045,0.0170734019515178,-0.0100753145453258));
#7863=CARTESIAN_POINT('',(-0.0155783966500474,0.0219492616742943,-0.0128829604052827));
#7864=CARTESIAN_POINT('',(-0.0151809650916716,0.0213892984464749,-0.0125542940383014));
#7865=CARTESIAN_POINT('',(-0.0143628856312015,0.0202366612045563,-0.0118777619448925));
#7866=CARTESIAN_POINT('',(-0.0132192024975044,0.0186252630011399,-0.010931963422837));
#7867=CARTESIAN_POINT('',(-0.0124729509221831,0.0175738280255429,-0.0103148312677628));
#7868=CARTESIAN_POINT('',(-0.0121473472489561,0.0171150670640451,-0.0100455648391162));
#7869=CARTESIAN_POINT('',(-0.01553541079993,0.0220132546794096,-0.0128404484347587));
#7870=CARTESIAN_POINT('',(-0.0151390758841539,0.0214516588805162,-0.0125128666208976));
#7871=CARTESIAN_POINT('',(-0.0143232537703069,0.0202956611282528,-0.0118385669889345));
#7872=CARTESIAN_POINT('',(-0.0131827264293959,0.0186795648983149,-0.0108958894699425));
#7873=CARTESIAN_POINT('',(-0.012438534004261,0.0176250644672703,-0.0102807937648115));
#7874=CARTESIAN_POINT('',(-0.0121138287771969,0.0171649659895957,-0.0100124158777825));
#7875=CARTESIAN_POINT('',(-0.0154691867641103,0.0221181533527145,-0.0127649270692455));
#7876=CARTESIAN_POINT('',(-0.0150745413368193,0.0215538814091486,-0.0124392719346609));
#7877=CARTESIAN_POINT('',(-0.0142621968930247,0.0203923750379952,-0.0117689382100592));
#7878=CARTESIAN_POINT('',(-0.0131265313690589,0.0187685777046574,-0.0108318050685735));
#7879=CARTESIAN_POINT('',(-0.012385511272384,0.0177090523148856,-0.0102203270616723));
#7880=CARTESIAN_POINT('',(-0.0120621901922128,0.0172467613527011,-0.0099535276447883));
#7881=CARTESIAN_POINT('',(-0.0153915709211633,0.0222514794713918,-0.0126599175098627));
#7882=CARTESIAN_POINT('',(-0.0149989056068525,0.0216838061503729,-0.0123369413488444));
#7883=CARTESIAN_POINT('',(-0.0141906370592075,0.0205152983296042,-0.0116721220661724));
#7884=CARTESIAN_POINT('',(-0.0130606696781559,0.0188817129008264,-0.0107426981687533));
#7885=CARTESIAN_POINT('',(-0.012323367611415,0.0178158007930675,-0.0101362504323527));
#7886=CARTESIAN_POINT('',(-0.0120016687780085,0.0173507231850584,-0.00987164581760565));
#7887=CARTESIAN_POINT('',(-0.0153169587903485,0.0224027024941672,-0.0125223377431099));
#7888=CARTESIAN_POINT('',(-0.0149261969591811,0.0218311712150443,-0.0122028714773862));
#7889=CARTESIAN_POINT('',(-0.0141218465716068,0.0206547221117635,-0.0115452770191865));
#7890=CARTESIAN_POINT('',(-0.0129973568168796,0.0190100346919105,-0.0106259534974549));
#7891=CARTESIAN_POINT('',(-0.0122636288933198,0.0179368785511804,-0.0100260962414469));
#7892=CARTESIAN_POINT('',(-0.0119434895261669,0.0174686402346082,-0.00976436717791503));
#7893=CARTESIAN_POINT('',(-0.01526314330941,0.0225450424410701,-0.0123702479450049));
#7894=CARTESIAN_POINT('',(-0.0148737544032575,0.0219698798263105,-0.0120546617503073));
#7895=CARTESIAN_POINT('',(-0.014072230066438,0.0207859559238202,-0.0114050540922111));
#7896=CARTESIAN_POINT('',(-0.0129516911584676,0.019130818661138,-0.0104968961955953));
#7897=CARTESIAN_POINT('',(-0.0122205411566497,0.0180508440132153,-0.00990432449367712));
#7898=CARTESIAN_POINT('',(-0.0119015265854988,0.0175796306530234,-0.00964577425515755));
#7899=CARTESIAN_POINT('',(-0.0152349518296962,0.0226806788134274,-0.0121935408801856));
#7900=CARTESIAN_POINT('',(-0.0148462821364362,0.02210205588269,-0.0118824627851162));
#7901=CARTESIAN_POINT('',(-0.0140462382389092,0.0209110092105841,-0.0112421346712181));
#7902=CARTESIAN_POINT('',(-0.0129277689996336,0.0192459142459082,-0.0103469496686798));
#7903=CARTESIAN_POINT('',(-0.0121979694536181,0.0181594422119697,-0.0097628427612109));
#7904=CARTESIAN_POINT('',(-0.0118795441118695,0.0176853939193997,-0.00950798587257084));
#7905=CARTESIAN_POINT('',(-0.0152471343079854,0.022804608746436,-0.0119798639040884));
#7906=CARTESIAN_POINT('',(-0.014858153818856,0.022222824151022,-0.0116742370743519));
#7907=CARTESIAN_POINT('',(-0.0140574701741528,0.0210252694579041,-0.0110451299319855));
#7908=CARTESIAN_POINT('',(-0.0129381065620314,0.01935107621583,-0.0101656319580363));
#7909=CARTESIAN_POINT('',(-0.0122077234390393,0.0182586675691697,-0.00959176081382369));
#7910=CARTESIAN_POINT('',(-0.0118890434716211,0.0177820290202134,-0.00934136998224098));
#7911=CARTESIAN_POINT('',(-0.0153150634065264,0.0228881003186312,-0.0117537098081661));
#7912=CARTESIAN_POINT('',(-0.0149243499298438,0.0223041857103286,-0.0114538525564417));
#7913=CARTESIAN_POINT('',(-0.0141200990759128,0.0211022465646981,-0.0108366216055044));
#7914=CARTESIAN_POINT('',(-0.012995748470198,0.0194219238148786,-0.00997372666400678));
#7915=CARTESIAN_POINT('',(-0.0122621113411658,0.0183255156733618,-0.00941068897423355));
#7916=CARTESIAN_POINT('',(-0.011942011589382,0.0178471320691729,-0.00916502498367317));
#7917=CARTESIAN_POINT('',(-0.0155001345257031,0.0229123108396799,-0.0114605137621966));
#7918=CARTESIAN_POINT('',(-0.0151046995680519,0.0223277785795532,-0.0111681364433611));
#7919=CARTESIAN_POINT('',(-0.0142907299423676,0.0211245680495535,-0.0105663023056188));
#7920=CARTESIAN_POINT('',(-0.013152792398132,0.0194424678918785,-0.00972493226043592));
#7921=CARTESIAN_POINT('',(-0.0124102898115475,0.0183448999943304,-0.0091759395340885));
#7922=CARTESIAN_POINT('',(-0.0120863218929963,0.0178660103666552,-0.00893640362664784));
#7923=CARTESIAN_POINT('',(-0.0156894012771674,0.0229123108396799,-0.0112000104273347));
#7924=CARTESIAN_POINT('',(-0.0152891378007879,0.0223277785795532,-0.0109142789943796));
#7925=CARTESIAN_POINT('',(-0.0144652290751178,0.0211245680495535,-0.0103261248541635));
#7926=CARTESIAN_POINT('',(-0.0133133965713249,0.0194424678918785,-0.00950387958010092));
#7927=CARTESIAN_POINT('',(-0.0125618275439116,0.0183448999943304,-0.00896736573899337));
#7928=CARTESIAN_POINT('',(-0.0122339037657889,0.0178660103666552,-0.00873327460514682));
#7929=CARTESIAN_POINT('',(-0.0159110571662452,0.0228881003186312,-0.0109333947725755));
#7930=CARTESIAN_POINT('',(-0.0155051388688081,0.0223041857103286,-0.0106544651612417));
#7931=CARTESIAN_POINT('',(-0.0146695901692549,0.0211022465646981,-0.0100803119991685));
#7932=CARTESIAN_POINT('',(-0.0135014848674638,0.0194219238148786,-0.00927764023028597));
#7933=CARTESIAN_POINT('',(-0.0127392978631098,0.0183255156733618,-0.00875389807273733));
#7934=CARTESIAN_POINT('',(-0.0124067412608719,0.0178471320691729,-0.00852537946592803));
#7935=CARTESIAN_POINT('',(-0.0161051512469971,0.022804608746436,-0.0107989049017746));
#7936=CARTESIAN_POINT('',(-0.0156942812774003,0.022222824151022,-0.0105234063572019));
#7937=CARTESIAN_POINT('',(-0.0148485399768736,0.0210252694579041,-0.00995631575768986));
#7938=CARTESIAN_POINT('',(-0.0136661853186504,0.01935107621583,-0.00916351752074671));
#7939=CARTESIAN_POINT('',(-0.012894700630024,0.0182586675691697,-0.00864621782837625));
#7940=CARTESIAN_POINT('',(-0.0125580872723277,0.0177820290202134,-0.00842051019094515));
#7941=CARTESIAN_POINT('',(-0.0163046055346716,0.0226806788134274,-0.0107212888594923));
#7942=CARTESIAN_POINT('',(-0.0158886471448635,0.02210205588269,-0.0104477704329852));
#7943=CARTESIAN_POINT('',(-0.0150324317589918,0.0209110092105841,-0.00988475574009054));
#7944=CARTESIAN_POINT('',(-0.0138354342264163,0.0192459142459082,-0.00909765566069575));
#7945=CARTESIAN_POINT('',(-0.0130543950836491,0.0181594422119697,-0.00858407400780807));
#7946=CARTESIAN_POINT('',(-0.0127136129369453,0.0176853939193997,-0.00835998862130793));
#7947=CARTESIAN_POINT('',(-0.0164813755864716,0.0225450424410701,-0.0106934950639229));
#7948=CARTESIAN_POINT('',(-0.0160609074901295,0.0219698798263105,-0.0104206857047052));
#7949=CARTESIAN_POINT('',(-0.0151954092523795,0.0207859559238202,-0.00985913056723169));
#7950=CARTESIAN_POINT('',(-0.013985434201557,0.019130818661138,-0.00907407096067426));
#7951=CARTESIAN_POINT('',(-0.0131959272470766,0.0180508440132153,-0.00856182071333452));
#7952=CARTESIAN_POINT('',(-0.012851450434004,0.0175796306530234,-0.00833831624425057));
#7953=CARTESIAN_POINT('',(-0.0166426514781918,0.0224027024941672,-0.0106976782954616));
#7954=CARTESIAN_POINT('',(-0.016218068957855,0.0218311712150443,-0.0104247622148484));
#7955=CARTESIAN_POINT('',(-0.0153441015241121,0.0206547221117635,-0.00986298740035185));
#7956=CARTESIAN_POINT('',(-0.0141222864539747,0.0190100346919105,-0.00907762068315509));
#7957=CARTESIAN_POINT('',(-0.0133250539041739,0.0179368785511804,-0.00856517004657146));
#7958=CARTESIAN_POINT('',(-0.0129772062677794,0.0174686402346082,-0.00834157814387123));
#7959=CARTESIAN_POINT('',(-0.0167965540282808,0.0222514794713918,-0.0107261241626588));
#7960=CARTESIAN_POINT('',(-0.0163680451905127,0.0216838061503729,-0.0104524823792931));
#7961=CARTESIAN_POINT('',(-0.0154859957623277,0.0205152983296042,-0.00988921376667266));
#7962=CARTESIAN_POINT('',(-0.0142528819844526,0.0188817129008264,-0.00910175870500324));
#7963=CARTESIAN_POINT('',(-0.0134482770443456,0.0178158007930675,-0.00858794542669954));
#7964=CARTESIAN_POINT('',(-0.0130972126946555,0.0173507231850584,-0.00836375897765057));
#7965=CARTESIAN_POINT('',(-0.0169204086685084,0.0221181533527145,-0.0107674914774402));
#7966=CARTESIAN_POINT('',(-0.0164887400869115,0.0215538814091486,-0.0104927943430811));
#7967=CARTESIAN_POINT('',(-0.015600186591618,0.0203923750379952,-0.00992735337913865));
#7968=CARTESIAN_POINT('',(-0.0143579800639407,0.0187685777046574,-0.00913686134895028));
#7969=CARTESIAN_POINT('',(-0.0135474421178603,0.0177090523148856,-0.00862106645312099));
#7970=CARTESIAN_POINT('',(-0.0131937890854764,0.0172467613527011,-0.00839601538687508));
#7971=CARTESIAN_POINT('',(-0.0170126981078036,0.0220132546794096,-0.0108071368928599));
#7972=CARTESIAN_POINT('',(-0.0165786750646723,0.0214516588805162,-0.010531428336107));
#7973=CARTESIAN_POINT('',(-0.0156852751081928,0.0202956611282528,-0.00996390544417247));
#7974=CARTESIAN_POINT('',(-0.0144362931800996,0.0186795648983149,-0.00917050285817002));
#7975=CARTESIAN_POINT('',(-0.0136213342951379,0.0176250644672703,-0.00865280882892052));
#7976=CARTESIAN_POINT('',(-0.0132657523235243,0.0171649659895957,-0.00842692913485255));
#7977=CARTESIAN_POINT('',(-0.017066412752595,0.0219492616742943,-0.0108348819443662));
#7978=CARTESIAN_POINT('',(-0.0166310193569513,0.0213892984464749,-0.0105584655638683));
#7979=CARTESIAN_POINT('',(-0.0157347986449976,0.0202366612045563,-0.0099894856762444));
#7980=CARTESIAN_POINT('',(-0.014481873273002,0.0186252630011399,-0.00919404619593478));
#7981=CARTESIAN_POINT('',(-0.01366434129665,0.0175738280255429,-0.00867502309612308));
#7982=CARTESIAN_POINT('',(-0.0133076366366081,0.0171150670640451,-0.00844856350343735));
#7983=CARTESIAN_POINT('',(-0.0171131932937099,0.0218958281438192,-0.0108553932803476));
#7984=CARTESIAN_POINT('',(-0.0166766064464053,0.0213372280968048,-0.0105784536205671));
#7985=CARTESIAN_POINT('',(-0.0157779291145121,0.0201873968480037,-0.0100083966065193));
#7986=CARTESIAN_POINT('',(-0.0145215693636737,0.0185799214505699,-0.00921145129287276));
#7987=CARTESIAN_POINT('',(-0.01370179646014,0.0175310461001506,-0.00869144563900675));
#7988=CARTESIAN_POINT('',(-0.0133441140411949,0.0170734019515178,-0.00846455733940796));
#7989=CARTESIAN_POINT('',(-0.0171626250632334,0.021841098653743,-0.0108743146319286));
#7990=CARTESIAN_POINT('',(-0.016724777126894,0.0212838948496808,-0.0105968922560885));
#7991=CARTESIAN_POINT('',(-0.0158235039492119,0.0201369376496487,-0.0100258416116024));
#7992=CARTESIAN_POINT('',(-0.0145635151804237,0.0185334802006676,-0.00922750719282799));
#7993=CARTESIAN_POINT('',(-0.0137413743479749,0.0174872265557487,-0.00870659514989373));
#7994=CARTESIAN_POINT('',(-0.0133826587568688,0.0170307263067998,-0.00847931137560549));
#7995=CARTESIAN_POINT('',(-0.0172277286839559,0.0217710720234005,-0.0108959707821198));
#7996=CARTESIAN_POINT('',(-0.0167882198428379,0.0212156547185173,-0.0106179959208274));
#7997=CARTESIAN_POINT('',(-0.015883527832261,0.0200723748768973,-0.0100458080314718));
#7998=CARTESIAN_POINT('',(-0.0146187595014527,0.0184740584111529,-0.00924588373318218));
#7999=CARTESIAN_POINT('',(-0.0137935000117624,0.0174311592502917,-0.00872393429618492));
#8000=CARTESIAN_POINT('',(-0.013433423691531,0.0169761226261673,-0.00849619788725086));
#8001=CARTESIAN_POINT('',(-0.0173091640540212,0.0216859936972076,-0.0109190634784297));
#8002=CARTESIAN_POINT('',(-0.0168675776572497,0.0211327468860229,-0.0106404994829352));
#8003=CARTESIAN_POINT('',(-0.01595860917297,0.0199939348232607,-0.0100670989103387));
#8004=CARTESIAN_POINT('',(-0.0146878622898547,0.0184018643563116,-0.00926547926894829));
#8005=CARTESIAN_POINT('',(-0.013858701803511,0.0173630407005472,-0.00874242362305247));
#8006=CARTESIAN_POINT('',(-0.0134969234046756,0.0169097822963605,-0.00851420455425859));
#8007=CARTESIAN_POINT('',(-0.0174075112415322,0.0215861423036374,-0.0109423516196565));
#8008=CARTESIAN_POINT('',(-0.0169634158397025,0.0210354428723818,-0.0106631935038255));
#8009=CARTESIAN_POINT('',(-0.0160492827793816,0.0199018743771069,-0.0100885699844497));
#8010=CARTESIAN_POINT('',(-0.0147713157681538,0.0183171344690894,-0.0092852406514309));
#8011=CARTESIAN_POINT('',(-0.0139374441587557,0.0172830939923276,-0.00876106943424317));
#8012=CARTESIAN_POINT('',(-0.0135736102078487,0.0168319225795851,-0.00853236362060023));
#8013=CARTESIAN_POINT('',(-0.0175233222613677,0.0214718405597009,-0.0109645626653521));
#8014=CARTESIAN_POINT('',(-0.0170762723222306,0.0209240571615415,-0.0106848379077349));
#8015=CARTESIAN_POINT('',(-0.0161560575951791,0.0197964910753149,-0.010109048003866));
#8016=CARTESIAN_POINT('',(-0.0148695883540326,0.0182201425941964,-0.00930408805385152));
#8017=CARTESIAN_POINT('',(-0.0140301690520232,0.0171915775112373,-0.00877885286145426));
#8018=CARTESIAN_POINT('',(-0.0136639145379282,0.0167427951163455,-0.00854968281530864));
#8019=CARTESIAN_POINT('',(-0.0176571054074743,0.0213434470454008,-0.0109844272699396));
#8020=CARTESIAN_POINT('',(-0.0172066424313325,0.0207989391855153,-0.0107041957322644));
#8021=CARTESIAN_POINT('',(-0.016279402254458,0.0196781155195304,-0.0101273626642388));
#8022=CARTESIAN_POINT('',(-0.0149831113653454,0.0181111930082392,-0.00932094436047108));
#8023=CARTESIAN_POINT('',(-0.0141372834523745,0.0170887783568335,-0.00879475759437857));
#8024=CARTESIAN_POINT('',(-0.0137682327401362,0.0166426795115273,-0.00856517235863634));
#8025=CARTESIAN_POINT('',(-0.0178093322985644,0.0212013531069275,-0.0110006745055795));
#8026=CARTESIAN_POINT('',(-0.0173549857539199,0.0206604703065826,-0.0107200284731186));
#8027=CARTESIAN_POINT('',(-0.0164197515776801,0.019547108520991,-0.0101423422024134));
#8028=CARTESIAN_POINT('',(-0.0151122849988129,0.0179906177918969,-0.00933473111290607));
#8029=CARTESIAN_POINT('',(-0.0142591649645901,0.0169750098631476,-0.00880776605585953));
#8030=CARTESIAN_POINT('',(-0.0138869325619625,0.0165318809196452,-0.00857784123705731));
#8031=CARTESIAN_POINT('',(-0.0179804397697615,0.0210459787603809,-0.0110120357670181));
#8032=CARTESIAN_POINT('',(-0.0175217279807049,0.0205090598255138,-0.010731099889335));
#8033=CARTESIAN_POINT('',(-0.016577508315723,0.0194038573238619,-0.0101528169966002));
#8034=CARTESIAN_POINT('',(-0.0152574799351984,0.0178587733539835,-0.00934437182362603));
#8035=CARTESIAN_POINT('',(-0.0143961633437304,0.0168506083189723,-0.00881686252833491));
#8036=CARTESIAN_POINT('',(-0.0140203546281875,0.0164107268507458,-0.00858670024809555));
#8037=CARTESIAN_POINT('',(-0.018170831903551,0.0208777694608123,-0.0110172471098148));
#8038=CARTESIAN_POINT('',(-0.0177072628853369,0.0203451418330394,-0.0107361782818586));
#8039=CARTESIAN_POINT('',(-0.0167530450223641,0.0192487726263747,-0.0101576217221606));
#8040=CARTESIAN_POINT('',(-0.0154190390626896,0.017716037689787,-0.00934879396007955));
#8041=CARTESIAN_POINT('',(-0.0145486021212293,0.0167159303809723,-0.00882103502595467));
#8042=CARTESIAN_POINT('',(-0.0141688140245275,0.0162795646510494,-0.0085907638235717));
#8043=CARTESIAN_POINT('',(-0.0183808845939614,0.0206971927374552,-0.011015048314484));
#8044=CARTESIAN_POINT('',(-0.0179119567721447,0.0201691719309221,-0.0107340355815596));
#8045=CARTESIAN_POINT('',(-0.0169467082623408,0.0190822854785958,-0.0101555944887698));
#8046=CARTESIAN_POINT('',(-0.0155972813498811,0.0175628075258609,-0.00934692815056261));
#8047=CARTESIAN_POINT('',(-0.0147167822592381,0.0165713503796591,-0.00881927454527973));
#8048=CARTESIAN_POINT('',(-0.0143326038565822,0.0161387588792506,-0.0085890492998622));
#8049=CARTESIAN_POINT('',(-0.0186109472587083,0.0205047327367323,-0.0110041892004138));
#8050=CARTESIAN_POINT('',(-0.0181361501445999,0.0199816219141809,-0.0107234535020729));
#8051=CARTESIAN_POINT('',(-0.017158820189903,0.0189048422512174,-0.0101455826616897));
#8052=CARTESIAN_POINT('',(-0.0157925032986299,0.0173994936894387,-0.00933771354195671));
#8053=CARTESIAN_POINT('',(-0.0149009835214653,0.0164172559502113,-0.00881058012056461));
#8054=CARTESIAN_POINT('',(-0.0145119965848892,0.0159886870513961,-0.00858058184121481));
#8055=CARTESIAN_POINT('',(-0.0188613490712579,0.0203008872004734,-0.0109834258494019));
#8056=CARTESIAN_POINT('',(-0.0183801637783904,0.0197829768263997,-0.0107032198596783));
#8057=CARTESIAN_POINT('',(-0.0173896842946172,0.0187169018495517,-0.0101264393799641));
#8058=CARTESIAN_POINT('',(-0.0160049842323354,0.0172265185442712,-0.00932009459517299));
#8059=CARTESIAN_POINT('',(-0.0151014694629211,0.0162540456130644,-0.00879395580010539));
#8060=CARTESIAN_POINT('',(-0.0147072488844125,0.0158297372846318,-0.00856439149502841));
#8061=CARTESIAN_POINT('',(-0.019132401621662,0.0200861639726175,-0.0109515224937466));
#8062=CARTESIAN_POINT('',(-0.0186443013143723,0.0195737315555494,-0.0106721304132231));
#8063=CARTESIAN_POINT('',(-0.017639587854589,0.0185189324927984,-0.0100970252971916));
#8064=CARTESIAN_POINT('',(-0.0162349885538164,0.0170443130263537,-0.00929302268731042));
#8065=CARTESIAN_POINT('',(-0.0153184895603335,0.0160821259769771,-0.00876841215795274));
#8066=CARTESIAN_POINT('',(-0.0149186037193444,0.0156623055732833,-0.00853951466410307));
#8067=CARTESIAN_POINT('',(-0.0194244041505482,0.0198610782110348,-0.0109072487423437));
#8068=CARTESIAN_POINT('',(-0.018928854359033,0.0193543881169415,-0.0106289861609856));
#8069=CARTESIAN_POINT('',(-0.0179088067620689,0.0183114091434161,-0.0100562060240565));
#8070=CARTESIAN_POINT('',(-0.0164827701866662,0.0168533142779904,-0.00925545375783284));
#8071=CARTESIAN_POINT('',(-0.0155522834027788,0.0159019095066579,-0.00873296407296717));
#8072=CARTESIAN_POINT('',(-0.0151462944243402,0.0154867936147576,-0.00850499194367254));
#8073=CARTESIAN_POINT('',(-0.0198553049692758,0.0195379082736337,-0.0108276414390906));
#8074=CARTESIAN_POINT('',(-0.0193487621604598,0.0190394627976952,-0.0105514097762732));
#8075=CARTESIAN_POINT('',(-0.0183060863612988,0.0180134546777157,-0.00998281011446984));
#8076=CARTESIAN_POINT('',(-0.0168484153366171,0.0165790852325002,-0.0091879021935979));
#8077=CARTESIAN_POINT('',(-0.0158972871207514,0.0156431612632233,-0.00866922593554336));
#8078=CARTESIAN_POINT('',(-0.0154822918952306,0.0152347999379871,-0.00844291767647474));
#8079=CARTESIAN_POINT('',(-0.0201910621464821,0.0192966423508019,-0.0107488528424623));
#8080=CARTESIAN_POINT('',(-0.019675953597483,0.0188043519814412,-0.0104746312115784));
#8081=CARTESIAN_POINT('',(-0.0186156459420696,0.0177910136310416,-0.00991016903157563));
#8082=CARTESIAN_POINT('',(-0.0171333254088912,0.0163743566483392,-0.00912104535096381));
#8083=CARTESIAN_POINT('',(-0.016166113424712,0.0154499900349975,-0.00860614330123585));
#8084=CARTESIAN_POINT('',(-0.0157441005469472,0.0150466714026947,-0.00838148180062683));
#8085=CARTESIAN_POINT('',(-0.0204223054098407,0.0191347345465505,-0.0106878251376194));
#8086=CARTESIAN_POINT('',(-0.0199012974494589,0.0186465747223545,-0.0104151604279249));
#8087=CARTESIAN_POINT('',(-0.018828846351535,0.0176417387520216,-0.00985390303933757));
#8088=CARTESIAN_POINT('',(-0.0173295491662643,0.0162369681802957,-0.00906925968865218));
#8089=CARTESIAN_POINT('',(-0.0163512599413754,0.0153203574327656,-0.00855728104766134));
#8090=CARTESIAN_POINT('',(-0.0159244138540287,0.0149204228313725,-0.00833389508556324));
#8091=CARTESIAN_POINT('',(-0.018477156023718,0.0183115445899656,-0.0101278339231885));
#8092=CARTESIAN_POINT('',(-0.0179455090457051,0.0183115445899656,-0.0100659949893149));
#8093=CARTESIAN_POINT('',(-0.0171533459438839,0.0183115445899656,-0.00994571872229664));
#8094=CARTESIAN_POINT('',(-0.0161088711812342,0.0183115445899657,-0.00971480036538503));
#8095=CARTESIAN_POINT('',(-0.0153372582746734,0.0183115445899656,-0.00949284125772428));
#8096=CARTESIAN_POINT('',(-0.0145815244661519,0.0183115445899657,-0.0092342127883452));
#8097=CARTESIAN_POINT('',(-0.0140015533307876,0.0183115445899656,-0.00889223296207876));
#8098=CARTESIAN_POINT('',(-0.0135023160680418,0.0183115445899657,-0.00870509179456228));
#8099=CARTESIAN_POINT('',(-0.0131111337963095,0.0183115445899656,-0.00863661346687238));
#8100=CARTESIAN_POINT('',(-0.0126975089992089,0.0183115445899656,-0.00872629406044888));
#8101=CARTESIAN_POINT('',(-0.012463889365964,0.0183115445899642,-0.00906425705614379));
#8102=CARTESIAN_POINT('',(-0.0122181614632286,0.0183115445899665,-0.00939313269331619));
#8103=CARTESIAN_POINT('',(-0.0122706170016392,0.0183115445899636,-0.00981329778870075));
#8104=CARTESIAN_POINT('',(-0.0124592885701981,0.0183115445899662,-0.0101630777959828));
#8105=CARTESIAN_POINT('',(-0.0127914473563385,0.0183115445899654,-0.0105752343811912));
#8106=CARTESIAN_POINT('',(-0.0132952696608879,0.0183115445899658,-0.0110226356749194));
#8107=CARTESIAN_POINT('',(-0.0137720639995173,0.0183115445899656,-0.0116594619256498));
#8108=CARTESIAN_POINT('',(-0.0142186455155101,0.0183115445899657,-0.0123207362586926));
#8109=CARTESIAN_POINT('',(-0.0147609045306517,0.0183115445899656,-0.0132427862464529));
#8110=CARTESIAN_POINT('',(-0.0151192450143119,0.0183115445899656,-0.0139576059262603));
#8111=CARTESIAN_POINT('',(-0.0153418976676433,0.0183115445899656,-0.0144431468404727));
#8112=CARTESIAN_POINT('',(-0.018477156023718,0.0183115445899656,-0.0101278339231885));
#8113=CARTESIAN_POINT('',(-0.0153418976676433,0.0183115445899656,-0.0144431468404727));
#8114=CARTESIAN_POINT('',(-0.0192970058972143,0.0190967349302385,-0.010565299967482));
#8115=CARTESIAN_POINT('',(-0.0190237204266517,0.0188350044538018,-0.0104194826884189));
#8116=CARTESIAN_POINT('',(-0.0187504370384895,0.0185732743256397,-0.0102736608818769));
#8117=CARTESIAN_POINT('',(-0.018477156023718,0.0183115445899656,-0.0101278339231885));
#8118=CARTESIAN_POINT('',(-0.0192970058972144,0.0190967349302385,-0.010565299967482));
#8119=CARTESIAN_POINT('',(-0.0192515599719554,0.0193008123878561,-0.0106478842333172));
#8120=CARTESIAN_POINT('',(-0.0192665863243922,0.0192326135808412,-0.0106207163266461));
#8121=CARTESIAN_POINT('',(-0.01928173745437,0.0191645888026444,-0.0105931870348172));
#8122=CARTESIAN_POINT('',(-0.0192970058972144,0.0190967349302385,-0.010565299967482));
#8123=CARTESIAN_POINT('',(-0.0192515599719548,0.0193008123878541,-0.010647884233322));
#8124=CARTESIAN_POINT('',(-0.0160757988844115,0.0193008123878541,-0.0150189443779499));
#8125=CARTESIAN_POINT('',(-0.0160361182663458,0.0195702205982188,-0.0146667836095703));
#8126=CARTESIAN_POINT('',(-0.0159466260328821,0.0199814152269914,-0.0141521669222675));
#8127=CARTESIAN_POINT('',(-0.0157507316959214,0.0205520008019117,-0.0135073525840699));
#8128=CARTESIAN_POINT('',(-0.0155590219150728,0.0209966475116272,-0.0130456405003774));
#8129=CARTESIAN_POINT('',(-0.0152972677407215,0.0214598628653919,-0.0126355806067179));
#8130=CARTESIAN_POINT('',(-0.0149617013485997,0.0219328522393412,-0.0122992206722529));
#8131=CARTESIAN_POINT('',(-0.0148759464471202,0.0222974295047693,-0.0118279431733971));
#8132=CARTESIAN_POINT('',(-0.0150340855425284,0.0224256349215794,-0.011414265191325));
#8133=CARTESIAN_POINT('',(-0.0153022800084097,0.0224290115667115,-0.0110491438683628));
#8134=CARTESIAN_POINT('',(-0.0156472529683392,0.022426574128769,-0.010560687672131));
#8135=CARTESIAN_POINT('',(-0.0162407180195573,0.0220073883911538,-0.0104158137238679));
#8136=CARTESIAN_POINT('',(-0.0166882747382018,0.021527717458802,-0.0106054470400086));
#8137=CARTESIAN_POINT('',(-0.0171555917918898,0.0210494434331494,-0.0107617272221138));
#8138=CARTESIAN_POINT('',(-0.0176636456454008,0.0205957163770432,-0.0108036553696692));
#8139=CARTESIAN_POINT('',(-0.0183653978711495,0.0199982632001424,-0.0107970488325032));
#8140=CARTESIAN_POINT('',(-0.0188970303637856,0.0195759184491152,-0.0107204728010433));
#8141=CARTESIAN_POINT('',(-0.0192515599719557,0.0193008123878579,-0.0106478842333124));
#8142=CARTESIAN_POINT('',(-0.0160757988844115,0.0193008123878541,-0.0150189443779499));
#8143=CARTESIAN_POINT('',(-0.0160113001434795,0.0190967349302386,-0.0150876859629107));
#8144=CARTESIAN_POINT('',(-0.016033104112272,0.019164588802643,-0.0150645472331205));
#8145=CARTESIAN_POINT('',(-0.0160546040680047,0.0192326135808408,-0.0150416306332135));
#8146=CARTESIAN_POINT('',(-0.0160757988844115,0.0193008123878541,-0.0150189443779499));
#8147=CARTESIAN_POINT('',(-0.0160113001434796,0.0190967349302386,-0.0150876859629106));
#8148=CARTESIAN_POINT('',(-0.0153418976676437,0.0183115445899585,-0.014443146840481));
#8149=CARTESIAN_POINT('',(-0.0155650358248517,0.0185732743257398,-0.0146579895219745));
#8150=CARTESIAN_POINT('',(-0.0157881698154021,0.0188350044538999,-0.0148728360527079));
#8151=CARTESIAN_POINT('',(-0.0160113001434795,0.0190967349302385,-0.0150876859629107));
#8152=CARTESIAN_POINT('',(-0.020650562106959,0.0191347345465505,-0.0102398461459031));
#8153=CARTESIAN_POINT('',(-0.0201237309276104,0.0186465747223545,-0.00997861014692868));
#8154=CARTESIAN_POINT('',(-0.0190392932228602,0.0176417387520216,-0.00944087779882393));
#8155=CARTESIAN_POINT('',(-0.0175232386433267,0.0162369681802956,-0.00868912268616364));
#8156=CARTESIAN_POINT('',(-0.0165340152431418,0.0153203574327656,-0.00819860357247775));
#8157=CARTESIAN_POINT('',(-0.0161023983683584,0.0149204228313725,-0.00798458080792223));
#8158=CARTESIAN_POINT('',(-0.0205640131774105,0.0192966423508019,-0.0100168952311234));
#8159=CARTESIAN_POINT('',(-0.0200393900093687,0.0188043519814412,-0.00976134709152842));
#8160=CARTESIAN_POINT('',(-0.0189594973103197,0.0177910136310416,-0.00923532272391559));
#8161=CARTESIAN_POINT('',(-0.0174497966934685,0.0163743566483392,-0.00849993548316175));
#8162=CARTESIAN_POINT('',(-0.0164647192446589,0.0154499900349975,-0.00802009638200291));
#8163=CARTESIAN_POINT('',(-0.0160349113268567,0.0150466714026946,-0.00781073350886191));
#8164=CARTESIAN_POINT('',(-0.0204304013739325,0.0195379082736338,-0.0096989511936332));
#8165=CARTESIAN_POINT('',(-0.0199091868716519,0.0190394627976952,-0.0094515143505429));
#8166=CARTESIAN_POINT('',(-0.018836310624588,0.0180134546777157,-0.00894218640506469));
#8167=CARTESIAN_POINT('',(-0.0173364190766373,0.0165790852325002,-0.00823014092670821));
#8168=CARTESIAN_POINT('',(-0.0163577420309673,0.0156431612632232,-0.00776553229144203));
#8169=CARTESIAN_POINT('',(-0.0159307267300804,0.015234799937987,-0.00756281475856377));
#8170=CARTESIAN_POINT('',(-0.0202415278886918,0.0198610782110348,-0.00930355310956553));
#8171=CARTESIAN_POINT('',(-0.0197251318722452,0.0193543881169415,-0.00906620354825781));
#8172=CARTESIAN_POINT('',(-0.0186621740732973,0.0183114091434161,-0.00857763942453554));
#8173=CARTESIAN_POINT('',(-0.0171761486133866,0.0168533142779903,-0.00789462197326059));
#8174=CARTESIAN_POINT('',(-0.0162065191699226,0.0159019095066578,-0.00744895408329336));
#8175=CARTESIAN_POINT('',(-0.0157834515089599,0.0154867936147575,-0.00725450075574068));
#8176=CARTESIAN_POINT('',(-0.0201057113258701,0.0200861639726175,-0.00904129464315782));
#8177=CARTESIAN_POINT('',(-0.0195927802223685,0.0195737315555494,-0.00881063574413988));
#8178=CARTESIAN_POINT('',(-0.0185369546555066,0.0185189324927984,-0.00833584378641916));
#8179=CARTESIAN_POINT('',(-0.0170609001262165,0.0170443130263537,-0.00767207995869981));
#8180=CARTESIAN_POINT('',(-0.0160977767004279,0.016082125976977,-0.0072389750299984));
#8181=CARTESIAN_POINT('',(-0.0156775477379996,0.0156623055732832,-0.00705000315999976));
#8182=CARTESIAN_POINT('',(-0.0199722009910489,0.0203008872004734,-0.00880325620155945));
#8183=CARTESIAN_POINT('',(-0.0194626759646694,0.0197829768263997,-0.00857867007054985));
#8184=CARTESIAN_POINT('',(-0.0184138615212967,0.0187169018495517,-0.00811637839538378));
#8185=CARTESIAN_POINT('',(-0.0169476086116173,0.0172265185442712,-0.00747009008564892));
#8186=CARTESIAN_POINT('',(-0.0159908807283175,0.0162540456130643,-0.00704838790692367));
#8187=CARTESIAN_POINT('',(-0.0155734422620108,0.0158297372846317,-0.00686439127235489));
#8188=CARTESIAN_POINT('',(-0.0198418164023138,0.0205047327367323,-0.00858847248827153));
#8189=CARTESIAN_POINT('',(-0.0193356177099244,0.0199816219141809,-0.00836936585735449));
#8190=CARTESIAN_POINT('',(-0.0182936502455061,0.0189048422512174,-0.00791835327260007));
#8191=CARTESIAN_POINT('',(-0.0168369694797629,0.0173994936894386,-0.00728783324222017));
#8192=CARTESIAN_POINT('',(-0.0158864874064092,0.0164172559502113,-0.00687641984275732));
#8193=CARTESIAN_POINT('',(-0.0154717741050843,0.015988687051396,-0.00669691239713185));
#8194=CARTESIAN_POINT('',(-0.0197153741686991,0.0206971927374552,-0.00839596505561667));
#8195=CARTESIAN_POINT('',(-0.019212401234074,0.0201691719309221,-0.00818176961875108));
#8196=CARTESIAN_POINT('',(-0.0181770737209023,0.0190822854785958,-0.00774086631418643));
#8197=CARTESIAN_POINT('',(-0.0167296756723233,0.0175628075258608,-0.00712447915696315));
#8198=CARTESIAN_POINT('',(-0.0157852505583693,0.016571350379659,-0.00672228743660547));
#8199=CARTESIAN_POINT('',(-0.0153731800229619,0.0161387588792505,-0.00654680358394685));
#8200=CARTESIAN_POINT('',(-0.0195936871578613,0.0208777694608123,-0.00822473643989225));
#8201=CARTESIAN_POINT('',(-0.0190938186671297,0.0203451418330394,-0.00801490933804308));
#8202=CARTESIAN_POINT('',(-0.0180648813907975,0.0192487726263747,-0.00758299788396956));
#8203=CARTESIAN_POINT('',(-0.0166264169561847,0.017716037689787,-0.00697918142219137));
#8204=CARTESIAN_POINT('',(-0.0156878210123035,0.0167159303809723,-0.00658519206226235));
#8205=CARTESIAN_POINT('',(-0.0152782938540229,0.0162795646510493,-0.00641328705455766));
#8206=CARTESIAN_POINT('',(-0.0194775614045813,0.0210459787603809,-0.00807376911850181));
#8207=CARTESIAN_POINT('',(-0.0189806554805458,0.0205090598255138,-0.00786779345137675));
#8208=CARTESIAN_POINT('',(-0.0179578163987662,0.0194038573238619,-0.00744380985198598));
#8209=CARTESIAN_POINT('',(-0.0165278773001298,0.0178587733539835,-0.00685107660904552));
#8210=CARTESIAN_POINT('',(-0.0155948441255288,0.0168506083189722,-0.00646431903323014));
#8211=CARTESIAN_POINT('',(-0.0151877441086719,0.0164107268507457,-0.00629556938968046));
#8212=CARTESIAN_POINT('',(-0.0193677955028731,0.0212013531069275,-0.00794201824835982));
#8213=CARTESIAN_POINT('',(-0.0188736898948363,0.0206604703065826,-0.00773940377140176));
#8214=CARTESIAN_POINT('',(-0.0178566150281852,0.019547108520991,-0.00732233889947592));
#8215=CARTESIAN_POINT('',(-0.0164347343590045,0.0179906177918968,-0.00673927810559529));
#8216=CARTESIAN_POINT('',(-0.0155069592978607,0.0169750098631476,-0.00635883178867272));
#8217=CARTESIAN_POINT('',(-0.0151021534953312,0.0165318809196451,-0.00619283586671794));
#8218=CARTESIAN_POINT('',(-0.0192651744915438,0.0213434470454008,-0.00782841399196675));
#8219=CARTESIAN_POINT('',(-0.0187736869211248,0.0207989391855153,-0.00762869775400406));
#8220=CARTESIAN_POINT('',(-0.0177620010648748,0.0196781155195304,-0.0072175986634654));
#8221=CARTESIAN_POINT('',(-0.0163476542852501,0.0181111930082391,-0.0066428780906532));
#8222=CARTESIAN_POINT('',(-0.0154247950760445,0.0170887783568334,-0.00626787375580369));
#8223=CARTESIAN_POINT('',(-0.0150221341526697,0.0166426795115272,-0.00610425227353013));
#8224=CARTESIAN_POINT('',(-0.0191704679285593,0.0214718405597009,-0.00773185727482462));
#8225=CARTESIAN_POINT('',(-0.0186813964846365,0.0209240571615415,-0.00753460436395698));
#8226=CARTESIAN_POINT('',(-0.0176746840217138,0.0197964910753149,-0.00712857582521123));
#8227=CARTESIAN_POINT('',(-0.0162672900948871,0.0182201425941963,-0.00656094393368769));
#8228=CARTESIAN_POINT('',(-0.0153489676119831,0.0171915775112373,-0.00619056495303179));
#8229=CARTESIAN_POINT('',(-0.014948286148079,0.0167427951163454,-0.006028961600254));
#8230=CARTESIAN_POINT('',(-0.0190844268056165,0.0215861423036374,-0.00765121951673976));
#8231=CARTESIAN_POINT('',(-0.018597550417985,0.0210354428723818,-0.00745602381307896));
#8232=CARTESIAN_POINT('',(-0.0175953562939529,0.0199018743771069,-0.00705422986246891));
#8233=CARTESIAN_POINT('',(-0.0161942790493447,0.0183171344690893,-0.00649251796681738));
#8234=CARTESIAN_POINT('',(-0.015280078192368,0.0172830939923275,-0.00612600177482665));
#8235=CARTESIAN_POINT('',(-0.0148811950717921,0.016831922579585,-0.00596608382978517));
#8236=CARTESIAN_POINT('',(-0.0190077792771731,0.0216859936972076,-0.00758534339666078));
#8237=CARTESIAN_POINT('',(-0.0185228582991618,0.0211327468860229,-0.00739182830555921));
#8238=CARTESIAN_POINT('',(-0.0175246892214886,0.0199939348232607,-0.00699349375465395));
#8239=CARTESIAN_POINT('',(-0.0161292390312873,0.0184018643563115,-0.00643661813382197));
#8240=CARTESIAN_POINT('',(-0.0152187098190973,0.0173630407005472,-0.00607325760409157));
#8241=CARTESIAN_POINT('',(-0.0148214287065691,0.0169097822963604,-0.00591471653416487));
#8242=CARTESIAN_POINT('',(-0.0189412303838731,0.0217710720234005,-0.00753303434466142));
#8243=CARTESIAN_POINT('',(-0.0184580071820172,0.0212156547185173,-0.00734085374699459));
#8244=CARTESIAN_POINT('',(-0.0174633328338691,0.0200723748768973,-0.00694526613866618));
#8245=CARTESIAN_POINT('',(-0.0160727683099236,0.0184740584111529,-0.00639223077058008));
#8246=CARTESIAN_POINT('',(-0.015165426987834,0.0174311592502917,-0.00603137600016079));
#8247=CARTESIAN_POINT('',(-0.0147695368120366,0.0169761226261672,-0.00587392824040307));
#8248=CARTESIAN_POINT('',(-0.0188854432422042,0.021841098653743,-0.00749309357480532));
#8249=CARTESIAN_POINT('',(-0.0184036432658027,0.0212838948496808,-0.0073019319345295));
#8250=CARTESIAN_POINT('',(-0.0174118985076363,0.0201369376496487,-0.00690844176435142));
#8251=CARTESIAN_POINT('',(-0.0160254295793055,0.0185334802006676,-0.00635833863543326));
#8252=CARTESIAN_POINT('',(-0.0151207606273762,0.0174872265557487,-0.00599939714679093));
#8253=CARTESIAN_POINT('',(-0.0147260364572118,0.0170307263067997,-0.00584278418805086));
#8254=CARTESIAN_POINT('',(-0.018841080282098,0.0218958281438192,-0.00746422412461156));
#8255=CARTESIAN_POINT('',(-0.0183604120807286,0.0213372280968048,-0.00727379899341544));
#8256=CARTESIAN_POINT('',(-0.0173709969863449,0.0201873968480037,-0.00688182486527745));
#8257=CARTESIAN_POINT('',(-0.0159877849509007,0.0185799214505699,-0.00633384117804559));
#8258=CARTESIAN_POINT('',(-0.0150852411168259,0.0175310461001505,-0.00597628262200985));
#8259=CARTESIAN_POINT('',(-0.0146914441757654,0.0170734019515177,-0.00582027306291598));
#8260=CARTESIAN_POINT('',(-0.0187969893505501,0.0219492616742943,-0.00743843413263822));
#8261=CARTESIAN_POINT('',(-0.0183174459842988,0.0213892984464749,-0.00724866694827261));
#8262=CARTESIAN_POINT('',(-0.017330346268468,0.0202366612045563,-0.00685804714838759));
#8263=CARTESIAN_POINT('',(-0.0159503711550186,0.0186252630011399,-0.00631195682537674));
#8264=CARTESIAN_POINT('',(-0.0150499394078206,0.0175738280255429,-0.00595563368673151));
#8265=CARTESIAN_POINT('',(-0.0146570640102019,0.017115067064045,-0.0058001631636057));
#8266=CARTESIAN_POINT('',(-0.0187429704563312,0.0220132546794096,-0.00741128620425468));
#8267=CARTESIAN_POINT('',(-0.0182648052045157,0.0214516588805162,-0.00722221161000131));
#8268=CARTESIAN_POINT('',(-0.0172805422214265,0.0202956611282528,-0.00683301744865301));
#8269=CARTESIAN_POINT('',(-0.0159045328882565,0.0186795648983148,-0.00628892018234143));
#8270=CARTESIAN_POINT('',(-0.015006688806902,0.0176250644672702,-0.00593389751028322));
#8271=CARTESIAN_POINT('',(-0.0146149424568212,0.0171649659895956,-0.00577899440531994));
#8272=CARTESIAN_POINT('',(-0.0186566502701475,0.0221181533527145,-0.00735992546996824));
#8273=CARTESIAN_POINT('',(-0.0181806871940042,0.0215538814091486,-0.00717216117594187));
#8274=CARTESIAN_POINT('',(-0.0172009572044526,0.0203923750379952,-0.00678566415748563));
#8275=CARTESIAN_POINT('',(-0.0158312850408421,0.0187685777046574,-0.00624533752347064));
#8276=CARTESIAN_POINT('',(-0.0149375759533748,0.0177090523148855,-0.00589277518348202));
#8277=CARTESIAN_POINT('',(-0.0145476337793159,0.017246761352701,-0.00573894556792326));
#8278=CARTESIAN_POINT('',(-0.018550383478524,0.0222514794713918,-0.00728404005874734));
#8279=CARTESIAN_POINT('',(-0.0180771314500929,0.0216838061503729,-0.00709821173142647));
#8280=CARTESIAN_POINT('',(-0.0171029819244049,0.0205152983296042,-0.00671569973772366));
#8281=CARTESIAN_POINT('',(-0.015741111304174,0.0188817129008263,-0.00618094420751714));
#8282=CARTESIAN_POINT('',(-0.0148524927123742,0.0178158007930674,-0.0058320170046315));
#8283=CARTESIAN_POINT('',(-0.0144647716178315,0.0173507231850583,-0.00567977346812778));
#8284=CARTESIAN_POINT('',(-0.0184369086393091,0.0224027024941672,-0.00717625034147493));
#8285=CARTESIAN_POINT('',(-0.0179665515482197,0.0218311712150443,-0.00699317191430583));
#8286=CARTESIAN_POINT('',(-0.0169983610077422,0.0206547221117635,-0.00661632035894796));
#8287=CARTESIAN_POINT('',(-0.015644821107458,0.0190100346919105,-0.00608947817723292));
#8288=CARTESIAN_POINT('',(-0.0147616382982632,0.0179368785511804,-0.00574571442268699));
#8289=CARTESIAN_POINT('',(-0.0143762889384565,0.0174686402346081,-0.00559572379632983));
#8290=CARTESIAN_POINT('',(-0.0183387287431994,0.0225450424410701,-0.00704823424609567));
#8291=CARTESIAN_POINT('',(-0.0178708763892784,0.0219698798263105,-0.00686842172859793));
#8292=CARTESIAN_POINT('',(-0.0169078416397492,0.0207859559238202,-0.00649829277381263));
#8293=CARTESIAN_POINT('',(-0.0155615095859316,0.019130818661138,-0.00598084885383249));
#8294=CARTESIAN_POINT('',(-0.014683029886035,0.0180508440132153,-0.00564321745135008));
#8295=CARTESIAN_POINT('',(-0.0142997325817465,0.0175796306530233,-0.00549590248615523));
#8296=CARTESIAN_POINT('',(-0.0182573115666583,0.0226806788134274,-0.006888887486952));
#8297=CARTESIAN_POINT('',(-0.0177915363042428,0.02210205588269,-0.00671314017797548));
#8298=CARTESIAN_POINT('',(-0.0168327770730069,0.0209110092105841,-0.00635137911326746));
#8299=CARTESIAN_POINT('',(-0.0154924222358243,0.0192459142459081,-0.00584563358593553));
#8300=CARTESIAN_POINT('',(-0.0146178426610572,0.0181594422119696,-0.00551563536758012));
#8301=CARTESIAN_POINT('',(-0.0142362470551104,0.0176853939193996,-0.0053716509049562));
#8302=CARTESIAN_POINT('',(-0.0182028679750992,0.022804608746436,-0.00668190401362756));
#8303=CARTESIAN_POINT('',(-0.0177384816618755,0.022222824151022,-0.0065114372072733));
#8304=CARTESIAN_POINT('',(-0.0167825814658157,0.0210252694579041,-0.00616054561340925));
#8305=CARTESIAN_POINT('',(-0.0154462235879353,0.0193510762158299,-0.00566999571324699));
#8306=CARTESIAN_POINT('',(-0.0145742520232786,0.0182586675691696,-0.00534991261943897));
#8307=CARTESIAN_POINT('',(-0.014193794341458,0.0177820290202133,-0.00521025431314075));
#8308=CARTESIAN_POINT('',(-0.0181975869279252,0.0228881003186312,-0.00644582744115213));
#8309=CARTESIAN_POINT('',(-0.0177333353432525,0.0223041857103286,-0.00628138335216749));
#8310=CARTESIAN_POINT('',(-0.0167777124745916,0.0211022465646981,-0.00594288901582478));
#8311=CARTESIAN_POINT('',(-0.0154417423031432,0.0194219238148786,-0.00546967060363694));
#8312=CARTESIAN_POINT('',(-0.0145700237163675,0.0183255156733617,-0.00516089628043374));
#8313=CARTESIAN_POINT('',(-0.0141896764135799,0.0178471320691727,-0.0050261722045886));
#8314=CARTESIAN_POINT('',(-0.0182829974609081,0.02291231083968,-0.00610979131008724));
#8315=CARTESIAN_POINT('',(-0.0178165669073731,0.0223277785795532,-0.00595392007787598));
#8316=CARTESIAN_POINT('',(-0.0168564588144423,0.0211245680495535,-0.0056330722466888));
#8317=CARTESIAN_POINT('',(-0.0155142182553406,0.0194424678918785,-0.00518452382230813));
#8318=CARTESIAN_POINT('',(-0.0146384082497739,0.0183448999943303,-0.00489184663013871));
#8319=CARTESIAN_POINT('',(-0.0142562757836029,0.0178660103666551,-0.00476414603694519));
#8320=CARTESIAN_POINT('',(-0.0183825008806427,0.02291231083968,-0.00580355127327756));
#8321=CARTESIAN_POINT('',(-0.0179135318245867,0.0223277785795532,-0.00565549274848417));
#8322=CARTESIAN_POINT('',(-0.0169481984375669,0.0211245680495535,-0.00535072671889157));
#8323=CARTESIAN_POINT('',(-0.0155986528659243,0.0194424678918785,-0.00492466081134685));
#8324=CARTESIAN_POINT('',(-0.0147180763503377,0.0183448999943303,-0.00464665342859553));
#8325=CARTESIAN_POINT('',(-0.0143338641657148,0.0178660103666551,-0.00452535355064341));
#8326=CARTESIAN_POINT('',(-0.0185109193900382,0.0228881003186312,-0.00548148928084427));
#8327=CARTESIAN_POINT('',(-0.0180386741580407,0.0223041857103286,-0.00534164710863335));
#8328=CARTESIAN_POINT('',(-0.0170665970381939,0.0211022465646981,-0.00505379375028198));
#8329=CARTESIAN_POINT('',(-0.0157076236617169,0.0194219238148786,-0.00465137192351304));
#8330=CARTESIAN_POINT('',(-0.0148208955172374,0.0183255156733617,-0.00438879226895503));
#8331=CARTESIAN_POINT('',(-0.014433999260607,0.0178471320691727,-0.00427422380053745));
#8332=CARTESIAN_POINT('',(-0.0186539541746629,0.022804608746436,-0.00529360344338341));
#8333=CARTESIAN_POINT('',(-0.0181780598805294,0.022222824151022,-0.00515855456042145));
#8334=CARTESIAN_POINT('',(-0.017198471472964,0.0210252694579041,-0.00488056778513333));
#8335=CARTESIAN_POINT('',(-0.0158289972423629,0.0193510762158299,-0.00449193953855057));
#8336=CARTESIAN_POINT('',(-0.0149354173058955,0.0182586675691696,-0.00423836017492978));
#8337=CARTESIAN_POINT('',(-0.0145455314828599,0.0177820290202133,-0.00412771870363513));
#8338=CARTESIAN_POINT('',(-0.0188196617985574,0.0226806788134274,-0.00515815143610946));
#8339=CARTESIAN_POINT('',(-0.0183395400193573,0.02210205588269,-0.00502655816565662));
#8340=CARTESIAN_POINT('',(-0.0173512496890846,0.0209110092105841,-0.00475568447828888));
#8341=CARTESIAN_POINT('',(-0.0159696100849327,0.0192459142459081,-0.00437700039859472));
#8342=CARTESIAN_POINT('',(-0.0150680922599808,0.0181594422119696,-0.00412990958935338));
#8343=CARTESIAN_POINT('',(-0.0146747429861014,0.0176853939193996,-0.00402209919702694));
#8344=CARTESIAN_POINT('',(-0.0189791913530385,0.0225450424410701,-0.00507709301561782));
#8345=CARTESIAN_POINT('',(-0.0184949997018953,0.0219698798263105,-0.00494756768418972));
#8346=CARTESIAN_POINT('',(-0.0174983318822833,0.0207859559238202,-0.00468095067550285));
#8347=CARTESIAN_POINT('',(-0.0161049804656204,0.019130818661138,-0.00430821747448014));
#8348=CARTESIAN_POINT('',(-0.0151958207001007,0.0180508440132153,-0.00406500960488553));
#8349=CARTESIAN_POINT('',(-0.0147991371030497,0.0175796306530233,-0.00395889341254969));
#8350=CARTESIAN_POINT('',(-0.0191338665304171,0.0224027024941672,-0.00503123451390734));
#8351=CARTESIAN_POINT('',(-0.0186457288507982,0.0218311712150443,-0.00490287911133707));
#8352=CARTESIAN_POINT('',(-0.017640938463216,0.0206547221117635,-0.00463867030287645));
#8353=CARTESIAN_POINT('',(-0.0162362316166238,0.0190100346919105,-0.00426930378946102));
#8354=CARTESIAN_POINT('',(-0.0153196624496506,0.0179368785511804,-0.00402829267861585));
#8355=CARTESIAN_POINT('',(-0.0149197459906406,0.0174686402346081,-0.00392313497366103));
#8356=CARTESIAN_POINT('',(-0.0192890268099374,0.0222514794713918,-0.00501072963781184));
#8357=CARTESIAN_POINT('',(-0.0187969307260569,0.0216838061503729,-0.00488289734972145));
#8358=CARTESIAN_POINT('',(-0.0177839922959895,0.0205152983296042,-0.0046197653284521));
#8359=CARTESIAN_POINT('',(-0.0163678944058455,0.0188817129008263,-0.00425190417412308));
#8360=CARTESIAN_POINT('',(-0.0154438925995821,0.0178158007930674,-0.00401187530788445));
#8361=CARTESIAN_POINT('',(-0.0150407331395057,0.0173507231850583,-0.00390714617482479));
#8362=CARTESIAN_POINT('',(-0.0194196027758783,0.0221181533527145,-0.00501179910343374));
#8363=CARTESIAN_POINT('',(-0.0189241754756477,0.0215538814091486,-0.00488393953144513));
#8364=CARTESIAN_POINT('',(-0.017904380016698,0.0203923750379952,-0.00462075134856437));
#8365=CARTESIAN_POINT('',(-0.0164786959327199,0.0187685777046574,-0.00425281167975011));
#8366=CARTESIAN_POINT('',(-0.0155484391489726,0.0177090523148855,-0.00401273158292447));
#8367=CARTESIAN_POINT('',(-0.0151425505239441,0.017246761352701,-0.00390798009699098));
#8368=CARTESIAN_POINT('',(-0.019519626355619,0.0220132546794096,-0.00502098512896636));
#8369=CARTESIAN_POINT('',(-0.0190216472826955,0.0214516588805162,-0.00489289120574604));
#8370=CARTESIAN_POINT('',(-0.0179965992141232,0.0202956611282528,-0.00462922063055109));
#8371=CARTESIAN_POINT('',(-0.0165635719302196,0.0186795648983148,-0.00426060657253598));
#8372=CARTESIAN_POINT('',(-0.0156285237192395,0.0176250644672702,-0.00402008643774118));
#8373=CARTESIAN_POINT('',(-0.015220544503908,0.0171649659895956,-0.00391514295492103));
#8374=CARTESIAN_POINT('',(-0.0195792857109936,0.0219492616742943,-0.00503077350290902));
#8375=CARTESIAN_POINT('',(-0.0190797846258174,0.0213892984464749,-0.00490242986151827));
#8376=CARTESIAN_POINT('',(-0.0180516036229417,0.0202366612045563,-0.00463824526245719));
#8377=CARTESIAN_POINT('',(-0.0166141964660613,0.0186252630011399,-0.00426891259402049));
#8378=CARTESIAN_POINT('',(-0.0156762903943571,0.0175738280255429,-0.00402792356697454));
#8379=CARTESIAN_POINT('',(-0.0152670642403523,0.017115067064045,-0.0039227754975989));
#8380=CARTESIAN_POINT('',(-0.0196301150008524,0.0218958281438192,-0.00503582496044149));
#8381=CARTESIAN_POINT('',(-0.0191293171735059,0.0213372280968048,-0.00490735244772434));
#8382=CARTESIAN_POINT('',(-0.0180984669358587,0.0201873968480037,-0.004642902577869));
#8383=CARTESIAN_POINT('',(-0.0166573281625087,0.0185799214505699,-0.00427319905825228));
#8384=CARTESIAN_POINT('',(-0.0157169872165051,0.0175310461001505,-0.00403196805135269));
#8385=CARTESIAN_POINT('',(-0.0153066986808022,0.0170734019515177,-0.00392671440159131));
#8386=CARTESIAN_POINT('',(-0.0196829744265648,0.021841098653743,-0.00503854497831495));
#8387=CARTESIAN_POINT('',(-0.0191808280648083,0.0212838948496808,-0.00491000307328699));
#8388=CARTESIAN_POINT('',(-0.0181472019824167,0.0201369376496487,-0.00464541036519198));
#8389=CARTESIAN_POINT('',(-0.0167021825508062,0.0185334802006676,-0.00427550715631101));
#8390=CARTESIAN_POINT('',(-0.0157593094809522,0.0174872265557487,-0.00403414585245799));
#8391=CARTESIAN_POINT('',(-0.0153479161317333,0.0170307263067997,-0.00392883535167202));
#8392=CARTESIAN_POINT('',(-0.0197515837677291,0.0217710720234005,-0.00503902307587348));
#8393=CARTESIAN_POINT('',(-0.0192476870642661,0.0212156547185173,-0.00491046897375863));
#8394=CARTESIAN_POINT('',(-0.0182104580505803,0.0200723748768973,-0.00464585115898534));
#8395=CARTESIAN_POINT('',(-0.0167604016855764,0.0184740584111529,-0.00427591285072115));
#8396=CARTESIAN_POINT('',(-0.0158142420240354,0.0174311592502917,-0.00403452864457181));
#8397=CARTESIAN_POINT('',(-0.0154014146727172,0.0169761226261672,-0.0039292081510809));
#8398=CARTESIAN_POINT('',(-0.0198361694426923,0.0216859936972076,-0.00503582062188452));
#8399=CARTESIAN_POINT('',(-0.0193301148139067,0.0211327468860229,-0.00490734821985139));
#8400=CARTESIAN_POINT('',(-0.0182884438923089,0.0199939348232607,-0.00464289857782978));
#8401=CARTESIAN_POINT('',(-0.016832177696346,0.0184018643563115,-0.00427319537672687));
#8402=CARTESIAN_POINT('',(-0.0158819661291687,0.0173630407005472,-0.00403196457765707));
#8403=CARTESIAN_POINT('',(-0.0154673708548037,0.0169097822963604,-0.00392671101857576));
#8404=CARTESIAN_POINT('',(-0.0199368996076405,0.0215861423036374,-0.00502757800806077));
#8405=CARTESIAN_POINT('',(-0.0194282751799641,0.0210354428723818,-0.00489931588921215));
#8406=CARTESIAN_POINT('',(-0.0183813145433304,0.0199018743771069,-0.00463529909745244));
#8407=CARTESIAN_POINT('',(-0.0169176532737092,0.0183171344690893,-0.00426620102527386));
#8408=CARTESIAN_POINT('',(-0.0159626164317644,0.0172830939923275,-0.0040253650719439));
#8409=CARTESIAN_POINT('',(-0.0155459157987768,0.016831922579585,-0.00392028379152504));
#8410=CARTESIAN_POINT('',(-0.0200539060232965,0.0214718405597009,-0.00501291439453828));
#8411=CARTESIAN_POINT('',(-0.0195422965617197,0.0209240571615415,-0.00488502636956494));
#8412=CARTESIAN_POINT('',(-0.0184891914836816,0.0197964910753149,-0.00462177961860651));
#8413=CARTESIAN_POINT('',(-0.0170169402245303,0.0182201425941963,-0.00425375807104349));
#8414=CARTESIAN_POINT('',(-0.0160562984269557,0.0171915775112373,-0.0040136245484538));
#8415=CARTESIAN_POINT('',(-0.0156371522458425,0.0167427951163454,-0.00390884975184922));
#8416=CARTESIAN_POINT('',(-0.0201872798565758,0.0213434470454008,-0.00499046549046688));
#8417=CARTESIAN_POINT('',(-0.0196722678002649,0.0207989391855153,-0.00486315017545398));
#8418=CARTESIAN_POINT('',(-0.0186121587669405,0.0196781155195304,-0.00460108229981522));
#8419=CARTESIAN_POINT('',(-0.0171301159093965,0.0181111930082392,-0.00423470883154644));
#8420=CARTESIAN_POINT('',(-0.0161630851081634,0.0170887783568334,-0.00399565067829057));
#8421=CARTESIAN_POINT('',(-0.0157411512839439,0.0166426795115272,-0.00389134508566056));
#8422=CARTESIAN_POINT('',(-0.0203370769052266,0.0212013531069275,-0.00495887683344628));
#8423=CARTESIAN_POINT('',(-0.019818243269852,0.0206604703065826,-0.0048323673991327));
#8424=CARTESIAN_POINT('',(-0.0187502678372123,0.019547108520991,-0.00457195836118262));
#8425=CARTESIAN_POINT('',(-0.017257227676039,0.0179906177918968,-0.00420790396432166));
#8426=CARTESIAN_POINT('',(-0.0162830211502403,0.0169750098631476,-0.00397035900177427));
#8427=CARTESIAN_POINT('',(-0.0158579564217066,0.0165318809196451,-0.00386671364286338));
#8428=CARTESIAN_POINT('',(-0.0205033206035576,0.0210459787603809,-0.00491680691870635));
#8429=CARTESIAN_POINT('',(-0.0199802458069401,0.0205090598255138,-0.00479137075991344));
#8430=CARTESIAN_POINT('',(-0.0189035403003338,0.0194038573238619,-0.00453317096941839));
#8431=CARTESIAN_POINT('',(-0.0173982954098718,0.0178587733539835,-0.00417220512223329));
#8432=CARTESIAN_POINT('',(-0.0164161253160273,0.0168506083189722,-0.00393667543384111));
#8433=CARTESIAN_POINT('',(-0.0159875859321717,0.0164107268507457,-0.00383390937715106));
#8434=CARTESIAN_POINT('',(-0.0206860046765371,0.0208777694608123,-0.00486292879529555));
#8435=CARTESIAN_POINT('',(-0.0201582692965845,0.0203451418330394,-0.00473886715963428));
#8436=CARTESIAN_POINT('',(-0.0190719703708852,0.0192487726263747,-0.00448349670948287));
#8437=CARTESIAN_POINT('',(-0.0175533137861549,0.017716037689787,-0.00412648630793217));
#8438=CARTESIAN_POINT('',(-0.0165623925813772,0.0167159303809723,-0.00389353754204271));
#8439=CARTESIAN_POINT('',(-0.0161300349223461,0.0162795646510493,-0.00379189759064342));
#8440=CARTESIAN_POINT('',(-0.0208850971913928,0.0206971927374552,-0.00479592776561721));
#8441=CARTESIAN_POINT('',(-0.0203522826206726,0.0201691719309221,-0.00467357544088415));
#8442=CARTESIAN_POINT('',(-0.0192555286076626,0.0190822854785958,-0.00442172346361807));
#8443=CARTESIAN_POINT('',(-0.0177222557080187,0.0175628075258608,-0.00406963192177449));
#8444=CARTESIAN_POINT('',(-0.016721797379095,0.016571350379659,-0.00383989270466395));
#8445=CARTESIAN_POINT('',(-0.0162852784924611,0.0161387588792505,-0.00373965314008645));
#8446=CARTESIAN_POINT('',(-0.021100544137065,0.0205047327367323,-0.00471450686124157));
#8447=CARTESIAN_POINT('',(-0.0205622331460591,0.0199816219141809,-0.00459423172311746));
#8448=CARTESIAN_POINT('',(-0.019454165213842,0.0189048422512174,-0.00434665545990713));
#8449=CARTESIAN_POINT('',(-0.0179050753438444,0.0173994936894386,-0.00400054140837635));
#8450=CARTESIAN_POINT('',(-0.0168942964648527,0.0164172559502113,-0.00377470249496968));
#8451=CARTESIAN_POINT('',(-0.0164532745270722,0.015988687051396,-0.00367616470664924));
#8452=CARTESIAN_POINT('',(-0.0213322741842597,0.0203008872004734,-0.00461738132546146));
#8453=CARTESIAN_POINT('',(-0.0207880513631824,0.0197829768263997,-0.00449958402596929));
#8454=CARTESIAN_POINT('',(-0.0196678144256278,0.0187169018495517,-0.00425710818533092));
#8455=CARTESIAN_POINT('',(-0.0181017121664543,0.0172265185442712,-0.0039181245747318));
#8456=CARTESIAN_POINT('',(-0.017079832728358,0.0162540456130643,-0.00369693826362484));
#8457=CARTESIAN_POINT('',(-0.0166339674067391,0.0158297372846317,-0.00360043049366409));
#8458=CARTESIAN_POINT('',(-0.0215802017995048,0.0200861639726175,-0.00450327958673032));
#8459=CARTESIAN_POINT('',(-0.0210296539206758,0.0195737315555494,-0.00438839321785932));
#8460=CARTESIAN_POINT('',(-0.0198963973833337,0.0185189324927984,-0.00415190928325317));
#8461=CARTESIAN_POINT('',(-0.0183120935955752,0.0170443130263537,-0.00382130241623324));
#8462=CARTESIAN_POINT('',(-0.0172783376866457,0.016082125976977,-0.0036055819180843));
#8463=CARTESIAN_POINT('',(-0.0168272904362294,0.0156623055732832,-0.00351145898567051));
#8464=CARTESIAN_POINT('',(-0.0218442313657885,0.0198610782110348,-0.00437093900313143));
#8465=CARTESIAN_POINT('',(-0.0212869476408809,0.0193543881169415,-0.00425942886902692));
#8466=CARTESIAN_POINT('',(-0.0201398259305055,0.0183114091434161,-0.0040298946299293));
#8467=CARTESIAN_POINT('',(-0.0185361384944462,0.0168533142779903,-0.0037090035055988));
#8468=CARTESIAN_POINT('',(-0.0174897347832944,0.0159019095066578,-0.00349962251537279));
#8469=CARTESIAN_POINT('',(-0.0170331690576104,0.0154867936147575,-0.0034082656301399));
#8470=CARTESIAN_POINT('',(-0.0222294423877348,0.0195379082736338,-0.00416207228275097));
#8471=CARTESIAN_POINT('',(-0.0216623312704328,0.0190394627976952,-0.004055890696124));
#8472=CARTESIAN_POINT('',(-0.0204949806987644,0.0180134546777157,-0.00383732482416693));
#8473=CARTESIAN_POINT('',(-0.0188630131156135,0.0165790852325002,-0.00353176758500162));
#8474=CARTESIAN_POINT('',(-0.0177981566497645,0.0156431612632232,-0.00333239193246329));
#8475=CARTESIAN_POINT('',(-0.017333539638282,0.015234799937987,-0.00324540056525503));
#8476=CARTESIAN_POINT('',(-0.0225244194236886,0.0192966423508019,-0.00398338520077776));
#8477=CARTESIAN_POINT('',(-0.0219497829373953,0.0188043519814412,-0.00388176222740513));
#8478=CARTESIAN_POINT('',(-0.0207669420261339,0.0177910136310416,-0.00367257987769991));
#8479=CARTESIAN_POINT('',(-0.0191133187958437,0.0163743566483392,-0.00338014089495425));
#8480=CARTESIAN_POINT('',(-0.0180343320518469,0.0154499900349975,-0.00318932488558122));
#8481=CARTESIAN_POINT('',(-0.0175635497328181,0.0150466714026946,-0.00310606825254078));
#8482=CARTESIAN_POINT('',(-0.0227254862382309,0.0191347345465505,-0.0038538863061999));
#8483=CARTESIAN_POINT('',(-0.0221457201934063,0.0186465747223545,-0.00375556707124375));
#8484=CARTESIAN_POINT('',(-0.0209523205170258,0.0176417387520216,-0.00355318518940358));
#8485=CARTESIAN_POINT('',(-0.0192839360292261,0.0162369681802956,-0.00327025332763373));
#8486=CARTESIAN_POINT('',(-0.0181953175862509,0.0153203574327656,-0.00308564070082002));
#8487=CARTESIAN_POINT('',(-0.0177203327748316,0.0149204228313725,-0.00300509072089033));
#8488=CARTESIAN_POINT('',(-0.0207024924374317,0.0183115445899656,-0.00392238722955722));
#8489=CARTESIAN_POINT('',(-0.0201777568331414,0.0183115445899656,-0.00402786285975032));
#8490=CARTESIAN_POINT('',(-0.0193871975426551,0.0183115445899656,-0.0041582651930268));
#8491=CARTESIAN_POINT('',(-0.0183224853169295,0.0183115445899657,-0.00426140923680825));
#8492=CARTESIAN_POINT('',(-0.0175200486977617,0.0183115445899656,-0.0042887550823224));
#8493=CARTESIAN_POINT('',(-0.0167213825423134,0.0183115445899657,-0.00427631938127588));
#8494=CARTESIAN_POINT('',(-0.0160641196367106,0.0183115445899656,-0.00413029817613655));
#8495=CARTESIAN_POINT('',(-0.0155314869836877,0.0183115445899657,-0.00410658914771969));
#8496=CARTESIAN_POINT('',(-0.0151382895680935,0.0183115445899656,-0.00416234435781176));
#8497=CARTESIAN_POINT('',(-0.0147726218369965,0.0183115445899656,-0.00437545276232739));
#8498=CARTESIAN_POINT('',(-0.014654872671608,0.0183115445899642,-0.00476906710854374));
#8499=CARTESIAN_POINT('',(-0.0145227997094031,0.0183115445899665,-0.00515778052426798));
#8500=CARTESIAN_POINT('',(-0.0147025260459546,0.0183115445899636,-0.00554117162333151));
#8501=CARTESIAN_POINT('',(-0.0149900513372179,0.0183115445899662,-0.00581552945748379));
#8502=CARTESIAN_POINT('',(-0.0154333165043982,0.0183115445899653,-0.00610487095382869));
#8503=CARTESIAN_POINT('',(-0.0160507345932624,0.0183115445899658,-0.0063746852153794));
#8504=CARTESIAN_POINT('',(-0.0167009830898882,0.0183115445899656,-0.00683300541742893));
#8505=CARTESIAN_POINT('',(-0.0173300523575841,0.0183115445899656,-0.00732391340311442));
#8506=CARTESIAN_POINT('',(-0.0181307004433362,0.0183115445899657,-0.00803326780129491));
#8507=CARTESIAN_POINT('',(-0.0186923939243482,0.0183115445899656,-0.00860236841653027));
#8508=CARTESIAN_POINT('',(-0.0190541895751257,0.0183115445899656,-0.00899534181319918));
#8509=CARTESIAN_POINT('',(-0.0207024924374316,0.0183115445899656,-0.00392238722955719));
#8510=CARTESIAN_POINT('',(-0.0190541895751257,0.0183115445899656,-0.00899534181319917));
#8511=CARTESIAN_POINT('',(-0.0216174004441526,0.0190967349302385,-0.00408509461789392));
#8512=CARTESIAN_POINT('',(-0.0213124304992613,0.0188350044538018,-0.00403086399917209));
#8513=CARTESIAN_POINT('',(-0.0210074611357825,0.0185732743256397,-0.00397662843106492));
#8514=CARTESIAN_POINT('',(-0.0207024924374316,0.0183115445899657,-0.00392238722955728));
#8515=CARTESIAN_POINT('',(-0.0216174004441527,0.0190967349302385,-0.00408509461789389));
#8516=CARTESIAN_POINT('',(-0.021599698742408,0.0193008123878556,-0.00417768048528825));
#8517=CARTESIAN_POINT('',(-0.0216055943079461,0.0192326135808411,-0.00414719887234833));
#8518=CARTESIAN_POINT('',(-0.0216114968698218,0.019164588802644,-0.00411633500331977));
#8519=CARTESIAN_POINT('',(-0.0216174004441527,0.0190967349302385,-0.00408509461789389));
#8520=CARTESIAN_POINT('',(-0.0215996987424087,0.0193008123878541,-0.00417768048529176));
#8521=CARTESIAN_POINT('',(-0.0199301023340285,0.0193008123878541,-0.00931616986508671));
#8522=CARTESIAN_POINT('',(-0.0197835401614651,0.0195702205982188,-0.00899350705686546));
#8523=CARTESIAN_POINT('',(-0.0195394026877062,0.0199814152269913,-0.00853173212401692));
#8524=CARTESIAN_POINT('',(-0.0191538375133148,0.0205520008019115,-0.00797901192509625));
#8525=CARTESIAN_POINT('',(-0.0188288337966321,0.020996647511627,-0.00759913921951845));
#8526=CARTESIAN_POINT('',(-0.0184531753075956,0.0214598628653914,-0.00729003557380533));
#8527=CARTESIAN_POINT('',(-0.0180300917677417,0.0219328522393409,-0.00707383398421858));
#8528=CARTESIAN_POINT('',(-0.0178029012536723,0.0222974295047692,-0.00665212216985652));
#8529=CARTESIAN_POINT('',(-0.0178254669441822,0.0224256349215793,-0.0062098233614029));
#8530=CARTESIAN_POINT('',(-0.0179677063447888,0.0224290115667116,-0.00577969570020658));
#8531=CARTESIAN_POINT('',(-0.0181448538606322,0.022426574128769,-0.00520854374463737));
#8532=CARTESIAN_POINT('',(-0.0186645041527312,0.0220073883911536,-0.00488736964570631));
#8533=CARTESIAN_POINT('',(-0.0191487558037971,0.0215277174588017,-0.00492941901472102));
#8534=CARTESIAN_POINT('',(-0.0196414939650376,0.0210494434331489,-0.00493364138892889));
#8535=CARTESIAN_POINT('',(-0.0201376384031856,0.0205957163770426,-0.00481652015208498));
#8536=CARTESIAN_POINT('',(-0.0208030028980505,0.0199982632001416,-0.0045933835982661));
#8537=CARTESIAN_POINT('',(-0.0212849521493635,0.0195759184491144,-0.00435627198956757));
#8538=CARTESIAN_POINT('',(-0.0215996987424071,0.019300812387857,-0.00417768048528473));
#8539=CARTESIAN_POINT('',(-0.0199301023340285,0.0193008123878541,-0.00931616986508671));
#8540=CARTESIAN_POINT('',(-0.0198900027041455,0.0190967349302386,-0.0094014782044679));
#8541=CARTESIAN_POINT('',(-0.0199035892500132,0.019164588802643,-0.00937273416782048));
#8542=CARTESIAN_POINT('',(-0.0199169553041884,0.0192326135808408,-0.00934429533444782));
#8543=CARTESIAN_POINT('',(-0.0199301023340285,0.0193008123878541,-0.00931616986508672));
#8544=CARTESIAN_POINT('',(-0.0198900027041455,0.0190967349302386,-0.0094014782044679));
#8545=CARTESIAN_POINT('',(-0.0190541895751227,0.0183115445899728,-0.00899534181319137));
#8546=CARTESIAN_POINT('',(-0.0193327966132629,0.0185732743257494,-0.00913071586273085));
#8547=CARTESIAN_POINT('',(-0.0196114008781569,0.0188350044539047,-0.00926609486068295));
#8548=CARTESIAN_POINT('',(-0.0198900027041455,0.0190967349302386,-0.0094014782044679));
#8549=CARTESIAN_POINT('',(-0.0228041381358501,0.0191347345465505,-0.00335729776847529));
#8550=CARTESIAN_POINT('',(-0.0222223655465175,0.0186465747223545,-0.00327164735694512));
#8551=CARTESIAN_POINT('',(-0.0210248355669091,0.0176417387520216,-0.00309534318336617));
#8552=CARTESIAN_POINT('',(-0.0193506768745644,0.0162369681802957,-0.00284886821428824));
#8553=CARTESIAN_POINT('',(-0.0182582907715522,0.0153203574327656,-0.00268804365674047));
#8554=CARTESIAN_POINT('',(-0.0177816620588159,0.0149204228313725,-0.0026178728612415));
#8555=CARTESIAN_POINT('',(-0.0226529295908462,0.0192966423508019,-0.00317200393823557));
#8556=CARTESIAN_POINT('',(-0.0220750145902649,0.0188043519814412,-0.00309108068941437));
#8557=CARTESIAN_POINT('',(-0.0208854251328871,0.0177910136310417,-0.00292450698297373));
#8558=CARTESIAN_POINT('',(-0.0192223673687364,0.0163743566483392,-0.00269163530267986));
#8559=CARTESIAN_POINT('',(-0.0181372246051671,0.0154499900349975,-0.00253968687120719));
#8560=CARTESIAN_POINT('',(-0.0176637562983944,0.0150466714026946,-0.00247338889735397));
#8561=CARTESIAN_POINT('',(-0.0224276071036498,0.0195379082736338,-0.0029109095074871));
#8562=CARTESIAN_POINT('',(-0.0218554404653189,0.0190394627976952,-0.00283664722441396));
#8563=CARTESIAN_POINT('',(-0.0206776835285077,0.0180134546777157,-0.00268378455613962));
#8564=CARTESIAN_POINT('',(-0.0190311677445132,0.0165790852325002,-0.0024700810420863));
#8565=CARTESIAN_POINT('',(-0.0179568185988497,0.0156431612632233,-0.00233063981110612));
#8566=CARTESIAN_POINT('',(-0.0174880597516664,0.0152347999379871,-0.00226979896532715));
#8567=CARTESIAN_POINT('',(-0.0221257930172361,0.0198610782110348,-0.00259322869983014));
#8568=CARTESIAN_POINT('',(-0.0215613261727541,0.0193543881169415,-0.00252707099781815));
#8569=CARTESIAN_POINT('',(-0.0203994186144459,0.0183114091434161,-0.00239089092850234));
#8570=CARTESIAN_POINT('',(-0.0187750604175188,0.0168533142779904,-0.00220050985191023));
#8571=CARTESIAN_POINT('',(-0.0177151690650736,0.0159019095066579,-0.00207628647733009));
#8572=CARTESIAN_POINT('',(-0.0172527184264547,0.0154867936147576,-0.00202208547005379));
#8573=CARTESIAN_POINT('',(-0.021915581467105,0.0200861639726175,-0.00238577570242901));
#8574=CARTESIAN_POINT('',(-0.021356477479009,0.0195737315555494,-0.00232491048140201));
#8575=CARTESIAN_POINT('',(-0.0202056089098457,0.0185189324927984,-0.00219962453938308));
#8576=CARTESIAN_POINT('',(-0.0185966833283407,0.0170443130263537,-0.00202447355992434));
#8577=CARTESIAN_POINT('',(-0.0175468617349317,0.016082125976977,-0.00191018780149261));
#8578=CARTESIAN_POINT('',(-0.01708880472259,0.0156623055732833,-0.00186032276405281));
#8579=CARTESIAN_POINT('',(-0.0217150476694122,0.0203008872004735,-0.00220064465380254));
#8580=CARTESIAN_POINT('',(-0.0211610596416756,0.0197829768263997,-0.00214450244264698));
#8581=CARTESIAN_POINT('',(-0.0200207218469371,0.0187169018495517,-0.00202893841949933));
#8582=CARTESIAN_POINT('',(-0.0184265183916759,0.0172265185442712,-0.00186737877826328));
#8583=CARTESIAN_POINT('',(-0.0173863029641513,0.0162540456130644,-0.00176196134818278));
#8584=CARTESIAN_POINT('',(-0.0169324373036285,0.0158297372846318,-0.00171596573009436));
#8585=CARTESIAN_POINT('',(-0.0215246727391502,0.0205047327367323,-0.00203666425740977));
#8586=CARTESIAN_POINT('',(-0.0209755415016796,0.0199816219141809,-0.00198470546679134));
#8587=CARTESIAN_POINT('',(-0.0198452010015109,0.0189048422512174,-0.00187775266322054));
#8588=CARTESIAN_POINT('',(-0.0182649738624079,0.0173994936894387,-0.00172823159166686));
#8589=CARTESIAN_POINT('',(-0.0172338779607756,0.0164172559502113,-0.00163066931073161));
#8590=CARTESIAN_POINT('',(-0.0167839913218412,0.0159886870513961,-0.00158810104274874));
#8591=CARTESIAN_POINT('',(-0.0213449309607022,0.0206971927374553,-0.00189265160814177));
#8592=CARTESIAN_POINT('',(-0.0208003852435979,0.0201691719309222,-0.00184436682665985));
#8593=CARTESIAN_POINT('',(-0.0196794836517097,0.0190822854785958,-0.00174497666211158));
#8594=CARTESIAN_POINT('',(-0.0181124521992393,0.0175628075258609,-0.00160602823430981));
#8595=CARTESIAN_POINT('',(-0.0170899664638732,0.0165713503796591,-0.00151536458798996));
#8596=CARTESIAN_POINT('',(-0.0166438366032909,0.0161387588792506,-0.00147580632473646));
#8597=CARTESIAN_POINT('',(-0.0211762871839143,0.0208777694608124,-0.00176740687172444));
#8598=CARTESIAN_POINT('',(-0.0206360438581616,0.0203451418330394,-0.00172231729780405));
#8599=CARTESIAN_POINT('',(-0.0195239983772729,0.0192487726263747,-0.00162950419947745));
#8600=CARTESIAN_POINT('',(-0.0179693478551028,0.017716037689787,-0.00149975057495631));
#8601=CARTESIAN_POINT('',(-0.0169549406586854,0.0167159303809723,-0.00141508652435557));
#8602=CARTESIAN_POINT('',(-0.016512335617404,0.0162795646510494,-0.00137814599816102));
#8603=CARTESIAN_POINT('',(-0.0210191935616428,0.0210459787603809,-0.00165971324821654));
#8604=CARTESIAN_POINT('',(-0.0204829579630338,0.0205090598255138,-0.00161737112293155));
#8605=CARTESIAN_POINT('',(-0.0193791620516379,0.0194038573238619,-0.00153021341670945));
#8606=CARTESIAN_POINT('',(-0.0178360445087749,0.0178587733539835,-0.00140836608598604));
#8607=CARTESIAN_POINT('',(-0.0168291625645209,0.0168506083189723,-0.00132886088054761));
#8608=CARTESIAN_POINT('',(-0.0163898409330538,0.0164107268507458,-0.00129417125604629));
#8609=CARTESIAN_POINT('',(-0.0208740867276586,0.0212013531069276,-0.00156833025367115));
#8610=CARTESIAN_POINT('',(-0.0203415530527108,0.0206604703065827,-0.00152831946496379));
#8611=CARTESIAN_POINT('',(-0.0192453772400403,0.019547108520991,-0.00144596061914776));
#8612=CARTESIAN_POINT('',(-0.0177129126701591,0.0179906177918969,-0.00133082214248141));
#8613=CARTESIAN_POINT('',(-0.0167129817752257,0.0169750098631476,-0.00125569445452241));
#8614=CARTESIAN_POINT('',(-0.016276693018015,0.0165318809196451,-0.0012229148236721));
#8615=CARTESIAN_POINT('',(-0.0207413827002663,0.0213434470454009,-0.00149199782183036));
#8616=CARTESIAN_POINT('',(-0.0202122345321581,0.0207989391855153,-0.00145393440408951));
#8617=CARTESIAN_POINT('',(-0.0191230275007794,0.0196781155195304,-0.00137558405773973));
#8618=CARTESIAN_POINT('',(-0.0176003053557004,0.0181111930082392,-0.00126604950276131));
#8619=CARTESIAN_POINT('',(-0.0166067313787296,0.0170887783568335,-0.00119457836552373));
#8620=CARTESIAN_POINT('',(-0.0161732162650293,0.0166426795115273,-0.0011633941568951));
#8621=CARTESIAN_POINT('',(-0.0206214737398859,0.021471840559701,-0.00142943286424135));
#8622=CARTESIAN_POINT('',(-0.0200953846545613,0.0209240571615415,-0.00139296558563811));
#8623=CARTESIAN_POINT('',(-0.0190124744879895,0.0197964910753149,-0.00131790075755433));
#8624=CARTESIAN_POINT('',(-0.0174985554218567,0.0182201425941964,-0.00121295938943348));
#8625=CARTESIAN_POINT('',(-0.0165107254410486,0.0171915775112373,-0.00114448529991587));
#8626=CARTESIAN_POINT('',(-0.0160797165414877,0.0167427951163455,-0.00111460875987881));
#8627=CARTESIAN_POINT('',(-0.0205147253316053,0.0215861423036375,-0.00137932996815973));
#8628=CARTESIAN_POINT('',(-0.019991359580858,0.0210354428723818,-0.00134414090017831));
#8629=CARTESIAN_POINT('',(-0.0189140551696289,0.0199018743771069,-0.0012717071612313));
#8630=CARTESIAN_POINT('',(-0.0174079730046127,0.0183171344690894,-0.00117044408160735));
#8631=CARTESIAN_POINT('',(-0.0164252565903437,0.0172830939923275,-0.00110437006996483));
#8632=CARTESIAN_POINT('',(-0.0159964788365564,0.016831922579585,-0.00107554072928787));
#8633=CARTESIAN_POINT('',(-0.0204214723595935,0.0216859936972076,-0.00134036344375619));
#8634=CARTESIAN_POINT('',(-0.0199004856517492,0.0211327468860229,-0.00130616847849702));
#8635=CARTESIAN_POINT('',(-0.0188280783003873,0.0199939348232607,-0.00123578101645364));
#8636=CARTESIAN_POINT('',(-0.0173288422732409,0.0184018643563116,-0.00113737865207146));
#8637=CARTESIAN_POINT('',(-0.0163505929539387,0.0173630407005472,-0.00107317125294845));
#8638=CARTESIAN_POINT('',(-0.0159237642781541,0.0169097822963605,-0.00104515635060964));
#8639=CARTESIAN_POINT('',(-0.0203420162149409,0.0217710720234006,-0.00131117931797754));
#8640=CARTESIAN_POINT('',(-0.0198230565693226,0.0212156547185173,-0.00127772888971075));
#8641=CARTESIAN_POINT('',(-0.018754821755187,0.0200723748768973,-0.00120887399449101));
#8642=CARTESIAN_POINT('',(-0.0172614189761308,0.0184740584111529,-0.00111261417360509));
#8643=CARTESIAN_POINT('',(-0.0162869758426928,0.0174311592502917,-0.00104980478098595));
#8644=CARTESIAN_POINT('',(-0.0158618078777721,0.0169761226261673,-0.00102239985531977));
#8645=CARTESIAN_POINT('',(-0.0202766171136772,0.0218410986537431,-0.00129043256338335));
#8646=CARTESIAN_POINT('',(-0.0197593259110518,0.0212838948496809,-0.00125751142033088));
#8647=CARTESIAN_POINT('',(-0.0186945254465916,0.0201369376496487,-0.00118974601424061));
#8648=CARTESIAN_POINT('',(-0.0172059239221673,0.0185334802006676,-0.00109500930987568));
#8649=CARTESIAN_POINT('',(-0.0162346136003683,0.0174872265557487,-0.00103319374856323));
#8650=CARTESIAN_POINT('',(-0.0158108125404043,0.0170307263067998,-0.00100622245028857));
#8651=CARTESIAN_POINT('',(-0.0202255042806579,0.0218958281438193,-0.00127668499324832));
#8652=CARTESIAN_POINT('',(-0.019709517053874,0.0213372280968048,-0.00124411457423667));
#8653=CARTESIAN_POINT('',(-0.0186474007140896,0.0201873968480037,-0.00117707110410756));
#8654=CARTESIAN_POINT('',(-0.0171625516223677,0.0185799214505699,-0.00108334367331847));
#8655=CARTESIAN_POINT('',(-0.0161936897574297,0.0175310461001506,-0.00102218666154103));
#8656=CARTESIAN_POINT('',(-0.015770957005492,0.0170734019515178,-0.000995502700881045));
#8657=CARTESIAN_POINT('',(-0.0201756017670952,0.0219492616742944,-0.00126578210047299));
#8658=CARTESIAN_POINT('',(-0.0196608876388321,0.0213892984464749,-0.00123348983291452));
#8659=CARTESIAN_POINT('',(-0.0186013918653543,0.0202366612045563,-0.00116701891417434));
#8660=CARTESIAN_POINT('',(-0.0171202063511091,0.0186252630011399,-0.00107409191585951));
#8661=CARTESIAN_POINT('',(-0.016153734965127,0.0175738280255429,-0.00101345718510315));
#8662=CARTESIAN_POINT('',(-0.0157320452243595,0.0171150670640451,-0.000987001105528505));
#8663=CARTESIAN_POINT('',(-0.0201158375745126,0.0220132546794096,-0.0012566556426109));
#8664=CARTESIAN_POINT('',(-0.0196026481330788,0.0214516588805162,-0.00122459620661091));
#8665=CARTESIAN_POINT('',(-0.0185462907992955,0.0202956611282528,-0.00115860455206534));
#8666=CARTESIAN_POINT('',(-0.017069492854618,0.0186795648983149,-0.0010663475698094));
#8667=CARTESIAN_POINT('',(-0.0161058843513744,0.0176250644672703,-0.00100615002355345));
#8668=CARTESIAN_POINT('',(-0.0156854437404802,0.0171649659895957,-0.000979884695843083));
#8669=CARTESIAN_POINT('',(-0.0200178708592167,0.0221181533527146,-0.00123448308607445));
#8670=CARTESIAN_POINT('',(-0.0195071807163438,0.0215538814091486,-0.00120298930993635));
#8671=CARTESIAN_POINT('',(-0.0184559679785928,0.0203923750379952,-0.00113816201867514));
#8672=CARTESIAN_POINT('',(-0.0169863622297788,0.0187685777046574,-0.00104753282774531));
#8673=CARTESIAN_POINT('',(-0.0160274466238378,0.0177090523148856,-0.000988397412953587));
#8674=CARTESIAN_POINT('',(-0.015609053612775,0.0172467613527011,-0.00096259551328497));
#8675=CARTESIAN_POINT('',(-0.019893355252885,0.0222514794713918,-0.00119515001579045));
#8676=CARTESIAN_POINT('',(-0.0193858417162174,0.021683806150373,-0.0011646596935873));
#8677=CARTESIAN_POINT('',(-0.0183411677553595,0.0205152983296042,-0.0011018979279151));
#8678=CARTESIAN_POINT('',(-0.0168807032809682,0.0188817129008264,-0.0010141563620786));
#8679=CARTESIAN_POINT('',(-0.0159277523432447,0.0178158007930675,-0.000956905118445239));
#8680=CARTESIAN_POINT('',(-0.0155119618297113,0.0173507231850584,-0.000931925318280921));
#8681=CARTESIAN_POINT('',(-0.0197521254131581,0.0224027024941673,-0.00112770155654026));
#8682=CARTESIAN_POINT('',(-0.0192482148913933,0.0218311712150443,-0.0010989319599594));
#8683=CARTESIAN_POINT('',(-0.0182109574338946,0.0206547221117635,-0.00103971216336095));
#8684=CARTESIAN_POINT('',(-0.0167608613041603,0.0190100346919105,-0.000956922305134091));
#8685=CARTESIAN_POINT('',(-0.0158146756961909,0.0179368785511804,-0.000902902043488108));
#8686=CARTESIAN_POINT('',(-0.0154018370239553,0.0174686402346082,-0.000879331981859707));
#8687=CARTESIAN_POINT('',(-0.0196191916341682,0.0225450424410701,-0.00103629027124301));
#8688=CARTESIAN_POINT('',(-0.0191186724805994,0.0219698798263106,-0.00100985273298527));
#8689=CARTESIAN_POINT('',(-0.0180883958695021,0.0207859559238203,-0.000955433282445323));
#8690=CARTESIAN_POINT('',(-0.0166480590317119,0.019130818661138,-0.000879354355232276));
#8691=CARTESIAN_POINT('',(-0.0157082413474906,0.0180508440132153,-0.000829712966276955));
#8692=CARTESIAN_POINT('',(-0.0152981811207977,0.0175796306530234,-0.000808053489603846));
#8693=CARTESIAN_POINT('',(-0.0194925184413064,0.0226806788134275,-0.00090990178879413));
#8694=CARTESIAN_POINT('',(-0.0189952309376676,0.02210205588269,-0.000886688637016521));
#8695=CARTESIAN_POINT('',(-0.0179716064063446,0.0209110092105841,-0.000838906315049825));
#8696=CARTESIAN_POINT('',(-0.0165405692415197,0.0192459142459082,-0.000772106158875754));
#8697=CARTESIAN_POINT('',(-0.0156068195803336,0.0181594422119697,-0.000728519154479302));
#8698=CARTESIAN_POINT('',(-0.0151994069468316,0.0176853939193997,-0.000709501320271937));
#8699=CARTESIAN_POINT('',(-0.0193767780979716,0.022804608746436,-0.000729872802750089));
#8700=CARTESIAN_POINT('',(-0.0188824433285616,0.022222824151022,-0.000711252498496107));
#8701=CARTESIAN_POINT('',(-0.0178648967524838,0.0210252694579041,-0.000672924167147333));
#8702=CARTESIAN_POINT('',(-0.0164423566288842,0.01935107621583,-0.000619340782861963));
#8703=CARTESIAN_POINT('',(-0.0155141512746946,0.0182586675691697,-0.000584377702830564));
#8704=CARTESIAN_POINT('',(-0.0151091577271728,0.0177820290202134,-0.000569122649893958));
#8705=CARTESIAN_POINT('',(-0.0192988038507752,0.0228881003186313,-0.00050698257347757));
#8706=CARTESIAN_POINT('',(-0.0188064583378511,0.0223041857103286,-0.000494048580411863));
#8707=CARTESIAN_POINT('',(-0.0177930064790609,0.0211022465646981,-0.000467425042733677));
#8708=CARTESIAN_POINT('',(-0.0163761908105118,0.0194219238148786,-0.000430205075147159));
#8709=CARTESIAN_POINT('',(-0.0154517206548867,0.0183255156733618,-0.00040591910062635));
#8710=CARTESIAN_POINT('',(-0.0150483568451278,0.0178471320691728,-0.000395322670718021));
#8711=CARTESIAN_POINT('',(-0.0192761932195058,0.02291231083968,-0.000160999915127359));
#8712=CARTESIAN_POINT('',(-0.0187844245424797,0.0223277785795532,-0.000156892531767901));
#8713=CARTESIAN_POINT('',(-0.017772160051905,0.0211245680495535,-0.000148437828330707));
#8714=CARTESIAN_POINT('',(-0.0163570043358019,0.0194424678918785,-0.000136618069751299));
#8715=CARTESIAN_POINT('',(-0.0154336172967249,0.0183448999943304,-0.000128905694531349));
#8716=CARTESIAN_POINT('',(-0.0150307260711965,0.0178660103666552,-0.000125540639389134));
#8717=CARTESIAN_POINT('',(-0.0192761932195058,0.02291231083968,0.000160999915127352));
#8718=CARTESIAN_POINT('',(-0.0187844245424797,0.0223277785795532,0.000156892531767894));
#8719=CARTESIAN_POINT('',(-0.017772160051905,0.0211245680495535,0.000148437828330701));
#8720=CARTESIAN_POINT('',(-0.0163570043358019,0.0194424678918785,0.000136618069751293));
#8721=CARTESIAN_POINT('',(-0.0154336172967249,0.0183448999943304,0.000128905694531343));
#8722=CARTESIAN_POINT('',(-0.0150307260711965,0.0178660103666552,0.000125540639389129));
#8723=CARTESIAN_POINT('',(-0.0192988038507752,0.0228881003186313,0.000506982573477563));
#8724=CARTESIAN_POINT('',(-0.0188064583378511,0.0223041857103286,0.000494048580411856));
#8725=CARTESIAN_POINT('',(-0.0177930064790609,0.0211022465646981,0.000467425042733671));
#8726=CARTESIAN_POINT('',(-0.0163761908105118,0.0194219238148786,0.000430205075147153));
#8727=CARTESIAN_POINT('',(-0.0154517206548867,0.0183255156733618,0.000405919100626345));
#8728=CARTESIAN_POINT('',(-0.0150483568451278,0.0178471320691728,0.000395322670718016));
#8729=CARTESIAN_POINT('',(-0.0193767780979716,0.022804608746436,0.000729872802750082));
#8730=CARTESIAN_POINT('',(-0.0188824433285616,0.022222824151022,0.000711252498496101));
#8731=CARTESIAN_POINT('',(-0.0178648967524838,0.0210252694579041,0.000672924167147326));
#8732=CARTESIAN_POINT('',(-0.0164423566288842,0.01935107621583,0.000619340782861958));
#8733=CARTESIAN_POINT('',(-0.0155141512746946,0.0182586675691697,0.000584377702830558));
#8734=CARTESIAN_POINT('',(-0.0151091577271728,0.0177820290202134,0.000569122649893952));
#8735=CARTESIAN_POINT('',(-0.0194925184413064,0.0226806788134275,0.000909901788794123));
#8736=CARTESIAN_POINT('',(-0.0189952309376676,0.02210205588269,0.000886688637016514));
#8737=CARTESIAN_POINT('',(-0.0179716064063446,0.0209110092105841,0.000838906315049819));
#8738=CARTESIAN_POINT('',(-0.0165405692415197,0.0192459142459082,0.000772106158875747));
#8739=CARTESIAN_POINT('',(-0.0156068195803336,0.0181594422119697,0.000728519154479296));
#8740=CARTESIAN_POINT('',(-0.0151994069468316,0.0176853939193997,0.000709501320271931));
#8741=CARTESIAN_POINT('',(-0.0196191916341682,0.0225450424410701,0.001036290271243));
#8742=CARTESIAN_POINT('',(-0.0191186724805994,0.0219698798263106,0.00100985273298526));
#8743=CARTESIAN_POINT('',(-0.0180883958695021,0.0207859559238203,0.000955433282445316));
#8744=CARTESIAN_POINT('',(-0.0166480590317119,0.019130818661138,0.00087935435523227));
#8745=CARTESIAN_POINT('',(-0.0157082413474906,0.0180508440132153,0.00082971296627695));
#8746=CARTESIAN_POINT('',(-0.0152981811207977,0.0175796306530234,0.000808053489603841));
#8747=CARTESIAN_POINT('',(-0.0197521254131581,0.0224027024941673,0.00112770155654025));
#8748=CARTESIAN_POINT('',(-0.0192482148913933,0.0218311712150443,0.00109893195995939));
#8749=CARTESIAN_POINT('',(-0.0182109574338946,0.0206547221117635,0.00103971216336094));
#8750=CARTESIAN_POINT('',(-0.0167608613041603,0.0190100346919105,0.000956922305134085));
#8751=CARTESIAN_POINT('',(-0.0158146756961909,0.0179368785511804,0.000902902043488102));
#8752=CARTESIAN_POINT('',(-0.0154018370239553,0.0174686402346082,0.000879331981859701));
#8753=CARTESIAN_POINT('',(-0.019893355252885,0.0222514794713918,0.00119515001579044));
#8754=CARTESIAN_POINT('',(-0.0193858417162174,0.021683806150373,0.00116465969358729));
#8755=CARTESIAN_POINT('',(-0.0183411677553595,0.0205152983296042,0.0011018979279151));
#8756=CARTESIAN_POINT('',(-0.0168807032809682,0.0188817129008264,0.00101415636207859));
#8757=CARTESIAN_POINT('',(-0.0159277523432447,0.0178158007930675,0.000956905118445235));
#8758=CARTESIAN_POINT('',(-0.0155119618297113,0.0173507231850584,0.000931925318280916));
#8759=CARTESIAN_POINT('',(-0.0200178708592167,0.0221181533527146,0.00123448308607444));
#8760=CARTESIAN_POINT('',(-0.0195071807163438,0.0215538814091486,0.00120298930993634));
#8761=CARTESIAN_POINT('',(-0.0184559679785928,0.0203923750379952,0.00113816201867513));
#8762=CARTESIAN_POINT('',(-0.0169863622297788,0.0187685777046574,0.00104753282774531));
#8763=CARTESIAN_POINT('',(-0.0160274466238378,0.0177090523148856,0.000988397412953582));
#8764=CARTESIAN_POINT('',(-0.015609053612775,0.0172467613527011,0.000962595513284964));
#8765=CARTESIAN_POINT('',(-0.0201158375745126,0.0220132546794096,0.00125665564261089));
#8766=CARTESIAN_POINT('',(-0.0196026481330788,0.0214516588805162,0.00122459620661091));
#8767=CARTESIAN_POINT('',(-0.0185462907992955,0.0202956611282528,0.00115860455206534));
#8768=CARTESIAN_POINT('',(-0.017069492854618,0.0186795648983149,0.0010663475698094));
#8769=CARTESIAN_POINT('',(-0.0161058843513744,0.0176250644672703,0.00100615002355344));
#8770=CARTESIAN_POINT('',(-0.0156854437404802,0.0171649659895957,0.000979884695843077));
#8771=CARTESIAN_POINT('',(-0.0201756017670952,0.0219492616742944,0.00126578210047298));
#8772=CARTESIAN_POINT('',(-0.0196608876388321,0.0213892984464749,0.00123348983291452));
#8773=CARTESIAN_POINT('',(-0.0186013918653543,0.0202366612045563,0.00116701891417433));
#8774=CARTESIAN_POINT('',(-0.0171202063511091,0.0186252630011399,0.00107409191585951));
#8775=CARTESIAN_POINT('',(-0.016153734965127,0.0175738280255429,0.00101345718510314));
#8776=CARTESIAN_POINT('',(-0.0157320452243595,0.0171150670640451,0.000987001105528498));
#8777=CARTESIAN_POINT('',(-0.0202255042806579,0.0218958281438193,0.00127668499324831));
#8778=CARTESIAN_POINT('',(-0.019709517053874,0.0213372280968048,0.00124411457423666));
#8779=CARTESIAN_POINT('',(-0.0186474007140896,0.0201873968480037,0.00117707110410755));
#8780=CARTESIAN_POINT('',(-0.0171625516223677,0.0185799214505699,0.00108334367331846));
#8781=CARTESIAN_POINT('',(-0.0161936897574297,0.0175310461001506,0.00102218666154102));
#8782=CARTESIAN_POINT('',(-0.015770957005492,0.0170734019515178,0.000995502700881039));
#8783=CARTESIAN_POINT('',(-0.0202766171136772,0.0218410986537431,0.00129043256338334));
#8784=CARTESIAN_POINT('',(-0.0197593259110518,0.0212838948496809,0.00125751142033087));
#8785=CARTESIAN_POINT('',(-0.0186945254465916,0.0201369376496487,0.0011897460142406));
#8786=CARTESIAN_POINT('',(-0.0172059239221673,0.0185334802006676,0.00109500930987568));
#8787=CARTESIAN_POINT('',(-0.0162346136003683,0.0174872265557487,0.00103319374856322));
#8788=CARTESIAN_POINT('',(-0.0158108125404043,0.0170307263067998,0.00100622245028857));
#8789=CARTESIAN_POINT('',(-0.0203420162149409,0.0217710720234006,0.00131117931797753));
#8790=CARTESIAN_POINT('',(-0.0198230565693226,0.0212156547185173,0.00127772888971075));
#8791=CARTESIAN_POINT('',(-0.018754821755187,0.0200723748768973,0.001208873994491));
#8792=CARTESIAN_POINT('',(-0.0172614189761308,0.0184740584111529,0.00111261417360508));
#8793=CARTESIAN_POINT('',(-0.0162869758426928,0.0174311592502917,0.00104980478098594));
#8794=CARTESIAN_POINT('',(-0.0158618078777721,0.0169761226261673,0.00102239985531977));
#8795=CARTESIAN_POINT('',(-0.0204214723595935,0.0216859936972076,0.00134036344375619));
#8796=CARTESIAN_POINT('',(-0.0199004856517492,0.0211327468860229,0.00130616847849701));
#8797=CARTESIAN_POINT('',(-0.0188280783003873,0.0199939348232607,0.00123578101645364));
#8798=CARTESIAN_POINT('',(-0.0173288422732409,0.0184018643563116,0.00113737865207145));
#8799=CARTESIAN_POINT('',(-0.0163505929539387,0.0173630407005472,0.00107317125294844));
#8800=CARTESIAN_POINT('',(-0.0159237642781541,0.0169097822963605,0.00104515635060964));
#8801=CARTESIAN_POINT('',(-0.0205147253316053,0.0215861423036375,0.00137932996815972));
#8802=CARTESIAN_POINT('',(-0.019991359580858,0.0210354428723818,0.0013441409001783));
#8803=CARTESIAN_POINT('',(-0.0189140551696289,0.0199018743771069,0.0012717071612313));
#8804=CARTESIAN_POINT('',(-0.0174079730046127,0.0183171344690894,0.00117044408160735));
#8805=CARTESIAN_POINT('',(-0.0164252565903437,0.0172830939923275,0.00110437006996482));
#8806=CARTESIAN_POINT('',(-0.0159964788365564,0.016831922579585,0.00107554072928787));
#8807=CARTESIAN_POINT('',(-0.0206214737398859,0.021471840559701,0.00142943286424134));
#8808=CARTESIAN_POINT('',(-0.0200953846545613,0.0209240571615415,0.0013929655856381));
#8809=CARTESIAN_POINT('',(-0.0190124744879895,0.0197964910753149,0.00131790075755432));
#8810=CARTESIAN_POINT('',(-0.0174985554218567,0.0182201425941964,0.00121295938943347));
#8811=CARTESIAN_POINT('',(-0.0165107254410486,0.0171915775112373,0.00114448529991586));
#8812=CARTESIAN_POINT('',(-0.0160797165414877,0.0167427951163455,0.0011146087598788));
#8813=CARTESIAN_POINT('',(-0.0207413827002663,0.0213434470454009,0.00149199782183035));
#8814=CARTESIAN_POINT('',(-0.0202122345321581,0.0207989391855153,0.00145393440408951));
#8815=CARTESIAN_POINT('',(-0.0191230275007794,0.0196781155195304,0.00137558405773972));
#8816=CARTESIAN_POINT('',(-0.0176003053557004,0.0181111930082392,0.0012660495027613));
#8817=CARTESIAN_POINT('',(-0.0166067313787296,0.0170887783568335,0.00119457836552373));
#8818=CARTESIAN_POINT('',(-0.0161732162650293,0.0166426795115273,0.0011633941568951));
#8819=CARTESIAN_POINT('',(-0.0208740867276586,0.0212013531069276,0.00156833025367114));
#8820=CARTESIAN_POINT('',(-0.0203415530527108,0.0206604703065827,0.00152831946496378));
#8821=CARTESIAN_POINT('',(-0.0192453772400403,0.019547108520991,0.00144596061914775));
#8822=CARTESIAN_POINT('',(-0.0177129126701591,0.0179906177918969,0.0013308221424814));
#8823=CARTESIAN_POINT('',(-0.0167129817752257,0.0169750098631476,0.00125569445452241));
#8824=CARTESIAN_POINT('',(-0.016276693018015,0.0165318809196451,0.00122291482367209));
#8825=CARTESIAN_POINT('',(-0.0210191935616428,0.0210459787603809,0.00165971324821653));
#8826=CARTESIAN_POINT('',(-0.0204829579630338,0.0205090598255138,0.00161737112293154));
#8827=CARTESIAN_POINT('',(-0.0193791620516379,0.0194038573238619,0.00153021341670944));
#8828=CARTESIAN_POINT('',(-0.0178360445087749,0.0178587733539835,0.00140836608598603));
#8829=CARTESIAN_POINT('',(-0.0168291625645209,0.0168506083189723,0.00132886088054761));
#8830=CARTESIAN_POINT('',(-0.0163898409330538,0.0164107268507458,0.00129417125604628));
#8831=CARTESIAN_POINT('',(-0.0211762871839143,0.0208777694608124,0.00176740687172443));
#8832=CARTESIAN_POINT('',(-0.0206360438581616,0.0203451418330394,0.00172231729780404));
#8833=CARTESIAN_POINT('',(-0.0195239983772729,0.0192487726263747,0.00162950419947745));
#8834=CARTESIAN_POINT('',(-0.0179693478551028,0.017716037689787,0.00149975057495631));
#8835=CARTESIAN_POINT('',(-0.0169549406586854,0.0167159303809723,0.00141508652435556));
#8836=CARTESIAN_POINT('',(-0.016512335617404,0.0162795646510494,0.00137814599816101));
#8837=CARTESIAN_POINT('',(-0.0213449309607022,0.0206971927374553,0.00189265160814177));
#8838=CARTESIAN_POINT('',(-0.0208003852435979,0.0201691719309222,0.00184436682665984));
#8839=CARTESIAN_POINT('',(-0.0196794836517097,0.0190822854785958,0.00174497666211157));
#8840=CARTESIAN_POINT('',(-0.0181124521992393,0.0175628075258609,0.0016060282343098));
#8841=CARTESIAN_POINT('',(-0.0170899664638732,0.0165713503796591,0.00151536458798995));
#8842=CARTESIAN_POINT('',(-0.0166438366032909,0.0161387588792506,0.00147580632473645));
#8843=CARTESIAN_POINT('',(-0.0215246727391502,0.0205047327367323,0.00203666425740976));
#8844=CARTESIAN_POINT('',(-0.0209755415016796,0.0199816219141809,0.00198470546679133));
#8845=CARTESIAN_POINT('',(-0.0198452010015109,0.0189048422512174,0.00187775266322053));
#8846=CARTESIAN_POINT('',(-0.0182649738624079,0.0173994936894387,0.00172823159166685));
#8847=CARTESIAN_POINT('',(-0.0172338779607756,0.0164172559502113,0.00163066931073161));
#8848=CARTESIAN_POINT('',(-0.0167839913218412,0.0159886870513961,0.00158810104274873));
#8849=CARTESIAN_POINT('',(-0.0217150476694122,0.0203008872004735,0.00220064465380254));
#8850=CARTESIAN_POINT('',(-0.0211610596416756,0.0197829768263997,0.00214450244264697));
#8851=CARTESIAN_POINT('',(-0.0200207218469371,0.0187169018495517,0.00202893841949932));
#8852=CARTESIAN_POINT('',(-0.0184265183916759,0.0172265185442712,0.00186737877826327));
#8853=CARTESIAN_POINT('',(-0.0173863029641513,0.0162540456130644,0.00176196134818277));
#8854=CARTESIAN_POINT('',(-0.0169324373036285,0.0158297372846318,0.00171596573009436));
#8855=CARTESIAN_POINT('',(-0.021915581467105,0.0200861639726175,0.002385775702429));
#8856=CARTESIAN_POINT('',(-0.021356477479009,0.0195737315555494,0.002324910481402));
#8857=CARTESIAN_POINT('',(-0.0202056089098457,0.0185189324927984,0.00219962453938307));
#8858=CARTESIAN_POINT('',(-0.0185966833283407,0.0170443130263537,0.00202447355992433));
#8859=CARTESIAN_POINT('',(-0.0175468617349317,0.016082125976977,0.0019101878014926));
#8860=CARTESIAN_POINT('',(-0.01708880472259,0.0156623055732833,0.00186032276405281));
#8861=CARTESIAN_POINT('',(-0.0221257930172361,0.0198610782110348,0.00259322869983013));
#8862=CARTESIAN_POINT('',(-0.0215613261727541,0.0193543881169415,0.00252707099781815));
#8863=CARTESIAN_POINT('',(-0.0203994186144459,0.0183114091434161,0.00239089092850233));
#8864=CARTESIAN_POINT('',(-0.0187750604175188,0.0168533142779904,0.00220050985191022));
#8865=CARTESIAN_POINT('',(-0.0177151690650736,0.0159019095066579,0.00207628647733008));
#8866=CARTESIAN_POINT('',(-0.0172527184264547,0.0154867936147576,0.00202208547005378));
#8867=CARTESIAN_POINT('',(-0.0224276071036498,0.0195379082736338,0.00291090950748709));
#8868=CARTESIAN_POINT('',(-0.0218554404653189,0.0190394627976952,0.00283664722441395));
#8869=CARTESIAN_POINT('',(-0.0206776835285077,0.0180134546777157,0.00268378455613961));
#8870=CARTESIAN_POINT('',(-0.0190311677445132,0.0165790852325002,0.00247008104208629));
#8871=CARTESIAN_POINT('',(-0.0179568185988497,0.0156431612632233,0.00233063981110612));
#8872=CARTESIAN_POINT('',(-0.0174880597516664,0.0152347999379871,0.00226979896532715));
#8873=CARTESIAN_POINT('',(-0.0226529295908462,0.0192966423508019,0.00317200393823556));
#8874=CARTESIAN_POINT('',(-0.0220750145902649,0.0188043519814412,0.00309108068941437));
#8875=CARTESIAN_POINT('',(-0.0208854251328871,0.0177910136310417,0.00292450698297372));
#8876=CARTESIAN_POINT('',(-0.0192223673687365,0.0163743566483392,0.00269163530267985));
#8877=CARTESIAN_POINT('',(-0.0181372246051671,0.0154499900349975,0.00253968687120719));
#8878=CARTESIAN_POINT('',(-0.0176637562983944,0.0150466714026946,0.00247338889735396));
#8879=CARTESIAN_POINT('',(-0.0228041381358501,0.0191347345465505,0.00335729776847528));
#8880=CARTESIAN_POINT('',(-0.0222223655465175,0.0186465747223545,0.00327164735694512));
#8881=CARTESIAN_POINT('',(-0.0210248355669091,0.0176417387520216,0.00309534318336616));
#8882=CARTESIAN_POINT('',(-0.0193506768745644,0.0162369681802957,0.00284886821428823));
#8883=CARTESIAN_POINT('',(-0.0182582907715522,0.0153203574327656,0.00268804365674047));
#8884=CARTESIAN_POINT('',(-0.0177816620588159,0.0149204228313725,0.00261787286124149));
#8885=CARTESIAN_POINT('',(-0.020901324648623,0.0183115445899656,0.00266701005498192));
#8886=CARTESIAN_POINT('',(-0.0204348651950528,0.0183115445899656,0.00240454455029715));
#8887=CARTESIAN_POINT('',(-0.0197232951674066,0.0183115445899656,0.00203622830567316));
#8888=CARTESIAN_POINT('',(-0.0187425669295481,0.0183115445899657,0.00160911831884979));
#8889=CARTESIAN_POINT('',(-0.0179878546849642,0.0183115445899656,0.00133514432204835));
#8890=CARTESIAN_POINT('',(-0.0172244351905204,0.0183115445899657,0.00110016996169771));
#8891=CARTESIAN_POINT('',(-0.0165542179873005,0.0183115445899656,0.00103593897275922));
#8892=CARTESIAN_POINT('',(-0.0160403277391506,0.0183115445899657,0.000893895057187006));
#8893=CARTESIAN_POINT('',(-0.0156836040823027,0.0183115445899656,0.000719364017748577));
#8894=CARTESIAN_POINT('',(-0.0154016875224836,0.0183115445899656,0.000403688337753217));
#8895=CARTESIAN_POINT('',(-0.0154113349336632,0.0183115445899643,-7.04764430163674E-6));
#8896=CARTESIAN_POINT('',(-0.0154058451337321,0.0183115445899665,-0.000417548861116299));
#8897=CARTESIAN_POINT('',(-0.0156952494023621,0.0183115445899636,-0.000726636971839046));
#8898=CARTESIAN_POINT('',(-0.0160534834375107,0.0183115445899662,-0.000898716576493168));
#8899=CARTESIAN_POINT('',(-0.0165644651027526,0.0183115445899653,-0.00103692022235342));
#8900=CARTESIAN_POINT('',(-0.0172350417915893,0.0183115445899658,-0.00110273615189701));
#8901=CARTESIAN_POINT('',(-0.0179950935928151,0.0183115445899656,-0.00133768673058182));
#8902=CARTESIAN_POINT('',(-0.0187450729293095,0.0183115445899657,-0.00161017487491228));
#8903=CARTESIAN_POINT('',(-0.0197257370725955,0.0183115445899656,-0.0020373971326533));
#8904=CARTESIAN_POINT('',(-0.0204358010794894,0.0183115445899657,-0.00240507114993815));
#8905=CARTESIAN_POINT('',(-0.0209013246486366,0.0183115445899657,-0.00266701005498955));
#8906=CARTESIAN_POINT('',(-0.0209013246486229,0.0183115445899656,0.00266701005498195));
#8907=CARTESIAN_POINT('',(-0.0209013246486366,0.0183115445899656,-0.00266701005498953));
#8908=CARTESIAN_POINT('',(-0.021821733218332,0.0190967349302385,0.00279498825542143));
#8909=CARTESIAN_POINT('',(-0.0215149313821684,0.0188350044538018,0.00275232374299454));
#8910=CARTESIAN_POINT('',(-0.0212081285695168,0.0185732743256397,0.00270966411737916));
#8911=CARTESIAN_POINT('',(-0.020901324648623,0.0183115445899657,0.00266701005498186));
#8912=CARTESIAN_POINT('',(-0.021821733218332,0.0190967349302385,0.00279498825542148));
#8913=CARTESIAN_POINT('',(-0.0218335085060018,0.0193008123878561,0.00270146373624881));
#8914=CARTESIAN_POINT('',(-0.0218296961856097,0.0192326135808412,0.0027322753028054));
#8915=CARTESIAN_POINT('',(-0.0218257723955026,0.0191645888026444,0.00276345257849464));
#8916=CARTESIAN_POINT('',(-0.021821733218332,0.0190967349302385,0.00279498825542149));
#8917=CARTESIAN_POINT('',(-0.0218335085060041,0.0193008123878541,0.00270146373624463));
#8918=CARTESIAN_POINT('',(-0.0218335085060026,0.0193008123878541,-0.00270146373625664));
#8919=CARTESIAN_POINT('',(-0.0215944113055508,0.0195702205982187,-0.00243988337198647));
#8920=CARTESIAN_POINT('',(-0.0212195264684342,0.0199814152269911,-0.00207615194139448));
#8921=CARTESIAN_POINT('',(-0.0206820322622721,0.020552000801911,-0.00166962998584919));
#8922=CARTESIAN_POINT('',(-0.0202555482379783,0.0209966475116264,-0.00140878124553681));
#8923=CARTESIAN_POINT('',(-0.0198027575045303,0.0214598628653905,-0.00123089106626397));
#8924=CARTESIAN_POINT('',(-0.0193335711816218,0.0219328522393401,-0.00115601113950959));
#8925=CARTESIAN_POINT('',(-0.018987184045409,0.0222974295047684,-0.00082514510027068));
#8926=CARTESIAN_POINT('',(-0.0188719674440084,0.0224256349215792,-0.000397520754484499));
#8927=CARTESIAN_POINT('',(-0.0188743283957689,0.0224290115667115,5.55093525922854E-5));
#8928=CARTESIAN_POINT('',(-0.0188663100344153,0.0224265741287695,0.000653448734637971));
#8929=CARTESIAN_POINT('',(-0.0192612785761874,0.0220073883911547,0.00111948422568295));
#8930=CARTESIAN_POINT('',(-0.0197348232340885,0.0215277174588029,0.00122913488900959));
#8931=CARTESIAN_POINT('',(-0.0202047498585505,0.02104944343315,0.00137738363810468));
#8932=CARTESIAN_POINT('',(-0.0206404188068879,0.0205957163770436,0.00164208961665394));
#8933=CARTESIAN_POINT('',(-0.0212042650582443,0.0199982632001426,0.00205991402655379));
#8934=CARTESIAN_POINT('',(-0.0215893545175777,0.0195759184491153,0.00243435107617771));
#8935=CARTESIAN_POINT('',(-0.0218335085059992,0.019300812387858,0.00270146373625291));
#8936=CARTESIAN_POINT('',(-0.0218335085060027,0.0193008123878541,-0.00270146373625664));
#8937=CARTESIAN_POINT('',(-0.021821733218332,0.0190967349302386,-0.00279498825542144));
#8938=CARTESIAN_POINT('',(-0.0218257723955025,0.019164588802643,-0.00276345257849531));
#8939=CARTESIAN_POINT('',(-0.0218296961856106,0.0192326135808408,-0.00273227530281255));
#8940=CARTESIAN_POINT('',(-0.0218335085060027,0.0193008123878541,-0.00270146373625665));
#8941=CARTESIAN_POINT('',(-0.021821733218332,0.0190967349302386,-0.00279498825542144));
#8942=CARTESIAN_POINT('',(-0.0209013246486314,0.0183115445899728,-0.00266701005498304));
#8943=CARTESIAN_POINT('',(-0.0212081285696453,0.0185732743257494,-0.00270966411739705));
#8944=CARTESIAN_POINT('',(-0.021514931382289,0.0188350044539047,-0.00275232374301132));
#8945=CARTESIAN_POINT('',(-0.0218217332183321,0.0190967349302386,-0.00279498825542145));
#8946=CARTESIAN_POINT('',(-0.0227254862382309,0.0191347345465505,0.00385388630619989));
#8947=CARTESIAN_POINT('',(-0.0221457201934063,0.0186465747223545,0.00375556707124374));
#8948=CARTESIAN_POINT('',(-0.0209523205170258,0.0176417387520216,0.00355318518940357));
#8949=CARTESIAN_POINT('',(-0.0192839360292261,0.0162369681802957,0.00327025332763373));
#8950=CARTESIAN_POINT('',(-0.018195317586251,0.0153203574327657,0.00308564070082003));
#8951=CARTESIAN_POINT('',(-0.0177203327748317,0.0149204228313726,0.00300509072089035));
#8952=CARTESIAN_POINT('',(-0.0225244194236886,0.0192966423508019,0.00398338520077775));
#8953=CARTESIAN_POINT('',(-0.0219497829373953,0.0188043519814412,0.00388176222740512));
#8954=CARTESIAN_POINT('',(-0.0207669420261339,0.0177910136310416,0.0036725798776999));
#8955=CARTESIAN_POINT('',(-0.0191133187958438,0.0163743566483392,0.00338014089495425));
#8956=CARTESIAN_POINT('',(-0.018034332051847,0.0154499900349975,0.00318932488558123));
#8957=CARTESIAN_POINT('',(-0.0175635497328182,0.0150466714026947,0.0031060682525408));
#8958=CARTESIAN_POINT('',(-0.0222294423877347,0.0195379082736337,0.00416207228275096));
#8959=CARTESIAN_POINT('',(-0.0216623312704327,0.0190394627976952,0.00405589069612398));
#8960=CARTESIAN_POINT('',(-0.0204949806987644,0.0180134546777157,0.00383732482416692));
#8961=CARTESIAN_POINT('',(-0.0188630131156135,0.0165790852325002,0.00353176758500162));
#8962=CARTESIAN_POINT('',(-0.0177981566497646,0.0156431612632233,0.00333239193246329));
#8963=CARTESIAN_POINT('',(-0.0173335396382821,0.0152347999379872,0.00324540056525505));
#8964=CARTESIAN_POINT('',(-0.0218442313657885,0.0198610782110348,0.00437093900313142));
#8965=CARTESIAN_POINT('',(-0.0212869476408809,0.0193543881169415,0.00425942886902691));
#8966=CARTESIAN_POINT('',(-0.0201398259305055,0.0183114091434161,0.0040298946299293));
#8967=CARTESIAN_POINT('',(-0.0185361384944462,0.0168533142779904,0.00370900350559879));
#8968=CARTESIAN_POINT('',(-0.0174897347832945,0.0159019095066579,0.0034996225153728));
#8969=CARTESIAN_POINT('',(-0.0170331690576105,0.0154867936147576,0.00340826563013991));
#8970=CARTESIAN_POINT('',(-0.0215802017995048,0.0200861639726175,0.00450327958673031));
#8971=CARTESIAN_POINT('',(-0.0210296539206758,0.0195737315555494,0.00438839321785931));
#8972=CARTESIAN_POINT('',(-0.0198963973833337,0.0185189324927984,0.00415190928325316));
#8973=CARTESIAN_POINT('',(-0.0183120935955752,0.0170443130263537,0.00382130241623324));
#8974=CARTESIAN_POINT('',(-0.0172783376866458,0.0160821259769771,0.00360558191808431));
#8975=CARTESIAN_POINT('',(-0.0168272904362295,0.0156623055732833,0.00351145898567052));
#8976=CARTESIAN_POINT('',(-0.0213322741842597,0.0203008872004734,0.00461738132546145));
#8977=CARTESIAN_POINT('',(-0.0207880513631824,0.0197829768263997,0.00449958402596928));
#8978=CARTESIAN_POINT('',(-0.0196678144256278,0.0187169018495517,0.00425710818533092));
#8979=CARTESIAN_POINT('',(-0.0181017121664543,0.0172265185442712,0.0039181245747318));
#8980=CARTESIAN_POINT('',(-0.0170798327283581,0.0162540456130644,0.00369693826362485));
#8981=CARTESIAN_POINT('',(-0.0166339674067392,0.0158297372846318,0.00360043049366411));
#8982=CARTESIAN_POINT('',(-0.021100544137065,0.0205047327367323,0.00471450686124156));
#8983=CARTESIAN_POINT('',(-0.0205622331460591,0.0199816219141809,0.00459423172311746));
#8984=CARTESIAN_POINT('',(-0.019454165213842,0.0189048422512174,0.00434665545990712));
#8985=CARTESIAN_POINT('',(-0.0179050753438445,0.0173994936894387,0.00400054140837635));
#8986=CARTESIAN_POINT('',(-0.0168942964648528,0.0164172559502113,0.00377470249496969));
#8987=CARTESIAN_POINT('',(-0.0164532745270723,0.0159886870513961,0.00367616470664926));
#8988=CARTESIAN_POINT('',(-0.0208850971913928,0.0206971927374552,0.0047959277656172));
#8989=CARTESIAN_POINT('',(-0.0203522826206726,0.0201691719309221,0.00467357544088415));
#8990=CARTESIAN_POINT('',(-0.0192555286076626,0.0190822854785958,0.00442172346361807));
#8991=CARTESIAN_POINT('',(-0.0177222557080188,0.0175628075258609,0.00406963192177449));
#8992=CARTESIAN_POINT('',(-0.0167217973790951,0.0165713503796591,0.00383989270466397));
#8993=CARTESIAN_POINT('',(-0.0162852784924612,0.0161387588792506,0.00373965314008647));
#8994=CARTESIAN_POINT('',(-0.0206860046765371,0.0208777694608123,0.00486292879529554));
#8995=CARTESIAN_POINT('',(-0.0201582692965845,0.0203451418330394,0.00473886715963428));
#8996=CARTESIAN_POINT('',(-0.0190719703708852,0.0192487726263747,0.00448349670948286));
#8997=CARTESIAN_POINT('',(-0.017553313786155,0.017716037689787,0.00412648630793216));
#8998=CARTESIAN_POINT('',(-0.0165623925813773,0.0167159303809723,0.00389353754204273));
#8999=CARTESIAN_POINT('',(-0.0161300349223462,0.0162795646510494,0.00379189759064344));
#9000=CARTESIAN_POINT('',(-0.0205033206035576,0.0210459787603809,0.00491680691870634));
#9001=CARTESIAN_POINT('',(-0.0199802458069401,0.0205090598255138,0.00479137075991343));
#9002=CARTESIAN_POINT('',(-0.0189035403003338,0.0194038573238619,0.00453317096941839));
#9003=CARTESIAN_POINT('',(-0.0173982954098718,0.0178587733539835,0.0041722051222333));
#9004=CARTESIAN_POINT('',(-0.0164161253160274,0.0168506083189723,0.00393667543384112));
#9005=CARTESIAN_POINT('',(-0.0159875859321718,0.0164107268507458,0.00383390937715108));
#9006=CARTESIAN_POINT('',(-0.0203370769052266,0.0212013531069275,0.00495887683344627));
#9007=CARTESIAN_POINT('',(-0.019818243269852,0.0206604703065826,0.00483236739913269));
#9008=CARTESIAN_POINT('',(-0.0187502678372123,0.019547108520991,0.00457195836118262));
#9009=CARTESIAN_POINT('',(-0.017257227676039,0.0179906177918969,0.00420790396432166));
#9010=CARTESIAN_POINT('',(-0.0162830211502404,0.0169750098631476,0.00397035900177428));
#9011=CARTESIAN_POINT('',(-0.0158579564217067,0.0165318809196452,0.00386671364286339));
#9012=CARTESIAN_POINT('',(-0.0201872798565758,0.0213434470454008,0.00499046549046688));
#9013=CARTESIAN_POINT('',(-0.0196722678002649,0.0207989391855153,0.00486315017545396));
#9014=CARTESIAN_POINT('',(-0.0186121587669405,0.0196781155195304,0.00460108229981521));
#9015=CARTESIAN_POINT('',(-0.0171301159093966,0.0181111930082392,0.00423470883154645));
#9016=CARTESIAN_POINT('',(-0.0161630851081635,0.0170887783568335,0.00399565067829059));
#9017=CARTESIAN_POINT('',(-0.015741151283944,0.0166426795115273,0.00389134508566058));
#9018=CARTESIAN_POINT('',(-0.0200539060232965,0.0214718405597009,0.00501291439453827));
#9019=CARTESIAN_POINT('',(-0.0195422965617197,0.0209240571615415,0.00488502636956494));
#9020=CARTESIAN_POINT('',(-0.0184891914836816,0.0197964910753149,0.0046217796186065));
#9021=CARTESIAN_POINT('',(-0.0170169402245303,0.0182201425941964,0.0042537580710435));
#9022=CARTESIAN_POINT('',(-0.0160562984269558,0.0171915775112373,0.00401362454845382));
#9023=CARTESIAN_POINT('',(-0.0156371522458426,0.0167427951163455,0.00390884975184924));
#9024=CARTESIAN_POINT('',(-0.0199368996076405,0.0215861423036374,0.00502757800806077));
#9025=CARTESIAN_POINT('',(-0.0194282751799641,0.0210354428723818,0.00489931588921214));
#9026=CARTESIAN_POINT('',(-0.0183813145433304,0.0199018743771069,0.00463529909745243));
#9027=CARTESIAN_POINT('',(-0.0169176532737093,0.0183171344690894,0.00426620102527386));
#9028=CARTESIAN_POINT('',(-0.0159626164317644,0.0172830939923276,0.00402536507194391));
#9029=CARTESIAN_POINT('',(-0.0155459157987769,0.0168319225795851,0.00392028379152506));
#9030=CARTESIAN_POINT('',(-0.0198361694426924,0.0216859936972076,0.0050358206218845));
#9031=CARTESIAN_POINT('',(-0.0193301148139067,0.0211327468860229,0.00490734821985138));
#9032=CARTESIAN_POINT('',(-0.0182884438923089,0.0199939348232607,0.00464289857782977));
#9033=CARTESIAN_POINT('',(-0.016832177696346,0.0184018643563116,0.00427319537672687));
#9034=CARTESIAN_POINT('',(-0.0158819661291688,0.0173630407005472,0.00403196457765709));
#9035=CARTESIAN_POINT('',(-0.0154673708548038,0.0169097822963605,0.00392671101857578));
#9036=CARTESIAN_POINT('',(-0.0197515837677291,0.0217710720234005,0.00503902307587348));
#9037=CARTESIAN_POINT('',(-0.0192476870642661,0.0212156547185173,0.00491046897375862));
#9038=CARTESIAN_POINT('',(-0.0182104580505803,0.0200723748768973,0.00464585115898534));
#9039=CARTESIAN_POINT('',(-0.0167604016855764,0.0184740584111529,0.00427591285072115));
#9040=CARTESIAN_POINT('',(-0.0158142420240355,0.0174311592502917,0.00403452864457182));
#9041=CARTESIAN_POINT('',(-0.0154014146727173,0.0169761226261673,0.00392920815108092));
#9042=CARTESIAN_POINT('',(-0.0196829744265647,0.021841098653743,0.00503854497831494));
#9043=CARTESIAN_POINT('',(-0.0191808280648083,0.0212838948496808,0.00491000307328699));
#9044=CARTESIAN_POINT('',(-0.0181472019824167,0.0201369376496487,0.00464541036519198));
#9045=CARTESIAN_POINT('',(-0.0167021825508062,0.0185334802006676,0.00427550715631102));
#9046=CARTESIAN_POINT('',(-0.0157593094809523,0.0174872265557487,0.004034145852458));
#9047=CARTESIAN_POINT('',(-0.0153479161317334,0.0170307263067998,0.00392883535167204));
#9048=CARTESIAN_POINT('',(-0.0196301150008524,0.0218958281438192,0.00503582496044147));
#9049=CARTESIAN_POINT('',(-0.0191293171735059,0.0213372280968048,0.00490735244772433));
#9050=CARTESIAN_POINT('',(-0.0180984669358587,0.0201873968480037,0.00464290257786899));
#9051=CARTESIAN_POINT('',(-0.0166573281625087,0.0185799214505699,0.00427319905825228));
#9052=CARTESIAN_POINT('',(-0.0157169872165051,0.0175310461001506,0.00403196805135271));
#9053=CARTESIAN_POINT('',(-0.0153066986808023,0.0170734019515178,0.00392671440159133));
#9054=CARTESIAN_POINT('',(-0.0195792857109936,0.0219492616742943,0.00503077350290902));
#9055=CARTESIAN_POINT('',(-0.0190797846258174,0.0213892984464749,0.00490242986151826));
#9056=CARTESIAN_POINT('',(-0.0180516036229417,0.0202366612045563,0.00463824526245718));
#9057=CARTESIAN_POINT('',(-0.0166141964660614,0.0186252630011399,0.00426891259402049));
#9058=CARTESIAN_POINT('',(-0.0156762903943572,0.0175738280255429,0.00402792356697455));
#9059=CARTESIAN_POINT('',(-0.0152670642403524,0.0171150670640451,0.00392277549759892));
#9060=CARTESIAN_POINT('',(-0.0195196263556191,0.0220132546794096,0.00502098512896635));
#9061=CARTESIAN_POINT('',(-0.0190216472826954,0.0214516588805162,0.00489289120574604));
#9062=CARTESIAN_POINT('',(-0.0179965992141233,0.0202956611282528,0.00462922063055108));
#9063=CARTESIAN_POINT('',(-0.0165635719302196,0.0186795648983149,0.00426060657253598));
#9064=CARTESIAN_POINT('',(-0.0156285237192396,0.0176250644672703,0.00402008643774119));
#9065=CARTESIAN_POINT('',(-0.0152205445039081,0.0171649659895957,0.00391514295492105));
#9066=CARTESIAN_POINT('',(-0.0194196027758783,0.0221181533527145,0.00501179910343373));
#9067=CARTESIAN_POINT('',(-0.0189241754756477,0.0215538814091486,0.00488393953144511));
#9068=CARTESIAN_POINT('',(-0.017904380016698,0.0203923750379952,0.00462075134856436));
#9069=CARTESIAN_POINT('',(-0.01647869593272,0.0187685777046574,0.00425281167975011));
#9070=CARTESIAN_POINT('',(-0.0155484391489726,0.0177090523148856,0.00401273158292449));
#9071=CARTESIAN_POINT('',(-0.0151425505239442,0.0172467613527011,0.003907980096991));
#9072=CARTESIAN_POINT('',(-0.0192890268099374,0.0222514794713918,0.00501072963781183));
#9073=CARTESIAN_POINT('',(-0.0187969307260569,0.0216838061503729,0.00488289734972144));
#9074=CARTESIAN_POINT('',(-0.0177839922959895,0.0205152983296042,0.00461976532845209));
#9075=CARTESIAN_POINT('',(-0.0163678944058456,0.0188817129008264,0.00425190417412308));
#9076=CARTESIAN_POINT('',(-0.0154438925995822,0.0178158007930675,0.00401187530788447));
#9077=CARTESIAN_POINT('',(-0.0150407331395058,0.0173507231850584,0.00390714617482481));
#9078=CARTESIAN_POINT('',(-0.0191338665304171,0.0224027024941672,0.00503123451390733));
#9079=CARTESIAN_POINT('',(-0.0186457288507982,0.0218311712150443,0.00490287911133706));
#9080=CARTESIAN_POINT('',(-0.017640938463216,0.0206547221117635,0.00463867030287644));
#9081=CARTESIAN_POINT('',(-0.0162362316166238,0.0190100346919105,0.00426930378946102));
#9082=CARTESIAN_POINT('',(-0.0153196624496506,0.0179368785511804,0.00402829267861586));
#9083=CARTESIAN_POINT('',(-0.0149197459906407,0.0174686402346082,0.00392313497366105));
#9084=CARTESIAN_POINT('',(-0.0189791913530384,0.0225450424410701,0.00507709301561781));
#9085=CARTESIAN_POINT('',(-0.0184949997018952,0.0219698798263105,0.00494756768418972));
#9086=CARTESIAN_POINT('',(-0.0174983318822833,0.0207859559238202,0.00468095067550284));
#9087=CARTESIAN_POINT('',(-0.0161049804656204,0.019130818661138,0.00430821747448014));
#9088=CARTESIAN_POINT('',(-0.0151958207001007,0.0180508440132153,0.00406500960488554));
#9089=CARTESIAN_POINT('',(-0.0147991371030498,0.0175796306530235,0.00395889341254971));
#9090=CARTESIAN_POINT('',(-0.0188196617985574,0.0226806788134274,0.00515815143610945));
#9091=CARTESIAN_POINT('',(-0.0183395400193573,0.02210205588269,0.00502655816565662));
#9092=CARTESIAN_POINT('',(-0.0173512496890846,0.0209110092105841,0.00475568447828888));
#9093=CARTESIAN_POINT('',(-0.0159696100849327,0.0192459142459082,0.00437700039859472));
#9094=CARTESIAN_POINT('',(-0.0150680922599808,0.0181594422119697,0.00412990958935339));
#9095=CARTESIAN_POINT('',(-0.0146747429861015,0.0176853939193997,0.00402209919702696));
#9096=CARTESIAN_POINT('',(-0.0186539541746629,0.022804608746436,0.00529360344338339));
#9097=CARTESIAN_POINT('',(-0.0181780598805293,0.022222824151022,0.00515855456042144));
#9098=CARTESIAN_POINT('',(-0.017198471472964,0.0210252694579041,0.00488056778513333));
#9099=CARTESIAN_POINT('',(-0.015828997242363,0.01935107621583,0.00449193953855058));
#9100=CARTESIAN_POINT('',(-0.0149354173058955,0.0182586675691697,0.00423836017492979));
#9101=CARTESIAN_POINT('',(-0.0145455314828599,0.0177820290202134,0.00412771870363515));
#9102=CARTESIAN_POINT('',(-0.0185109193900382,0.0228881003186312,0.00548148928084426));
#9103=CARTESIAN_POINT('',(-0.0180386741580407,0.0223041857103286,0.00534164710863333));
#9104=CARTESIAN_POINT('',(-0.0170665970381939,0.0211022465646981,0.00505379375028197));
#9105=CARTESIAN_POINT('',(-0.0157076236617169,0.0194219238148786,0.00465137192351305));
#9106=CARTESIAN_POINT('',(-0.0148208955172374,0.0183255156733618,0.00438879226895505));
#9107=CARTESIAN_POINT('',(-0.0144339992606071,0.0178471320691729,0.00427422380053748));
#9108=CARTESIAN_POINT('',(-0.0183825008806426,0.0229123108396799,0.00580355127327755));
#9109=CARTESIAN_POINT('',(-0.0179135318245867,0.0223277785795532,0.00565549274848415));
#9110=CARTESIAN_POINT('',(-0.0169481984375669,0.0211245680495535,0.00535072671889157));
#9111=CARTESIAN_POINT('',(-0.0155986528659244,0.0194424678918785,0.00492466081134686));
#9112=CARTESIAN_POINT('',(-0.0147180763503377,0.0183448999943304,0.00464665342859554));
#9113=CARTESIAN_POINT('',(-0.0143338641657149,0.0178660103666552,0.00452535355064343));
#9114=CARTESIAN_POINT('',(-0.0182829974609081,0.0229123108396799,0.00610979131008723));
#9115=CARTESIAN_POINT('',(-0.0178165669073731,0.0223277785795532,0.00595392007787596));
#9116=CARTESIAN_POINT('',(-0.0168564588144423,0.0211245680495535,0.0056330722466888));
#9117=CARTESIAN_POINT('',(-0.0155142182553407,0.0194424678918785,0.00518452382230813));
#9118=CARTESIAN_POINT('',(-0.0146384082497739,0.0183448999943304,0.00489184663013872));
#9119=CARTESIAN_POINT('',(-0.014256275783603,0.0178660103666552,0.00476414603694522));
#9120=CARTESIAN_POINT('',(-0.0181975869279252,0.0228881003186312,0.00644582744115211));
#9121=CARTESIAN_POINT('',(-0.0177333353432525,0.0223041857103286,0.00628138335216747));
#9122=CARTESIAN_POINT('',(-0.0167777124745916,0.0211022465646981,0.00594288901582477));
#9123=CARTESIAN_POINT('',(-0.0154417423031432,0.0194219238148786,0.00546967060363694));
#9124=CARTESIAN_POINT('',(-0.0145700237163675,0.0183255156733618,0.00516089628043376));
#9125=CARTESIAN_POINT('',(-0.01418967641358,0.0178471320691729,0.00502617220458863));
#9126=CARTESIAN_POINT('',(-0.0182028679750992,0.022804608746436,0.00668190401362754));
#9127=CARTESIAN_POINT('',(-0.0177384816618755,0.022222824151022,0.00651143720727329));
#9128=CARTESIAN_POINT('',(-0.0167825814658157,0.0210252694579041,0.00616054561340924));
#9129=CARTESIAN_POINT('',(-0.0154462235879353,0.01935107621583,0.00566999571324699));
#9130=CARTESIAN_POINT('',(-0.0145742520232786,0.0182586675691697,0.00534991261943898));
#9131=CARTESIAN_POINT('',(-0.0141937943414581,0.0177820290202134,0.00521025431314077));
#9132=CARTESIAN_POINT('',(-0.0182573115666583,0.0226806788134274,0.00688888748695199));
#9133=CARTESIAN_POINT('',(-0.0177915363042428,0.02210205588269,0.00671314017797547));
#9134=CARTESIAN_POINT('',(-0.0168327770730069,0.0209110092105841,0.00635137911326745));
#9135=CARTESIAN_POINT('',(-0.0154924222358244,0.0192459142459082,0.00584563358593553));
#9136=CARTESIAN_POINT('',(-0.0146178426610573,0.0181594422119697,0.00551563536758014));
#9137=CARTESIAN_POINT('',(-0.0142362470551105,0.0176853939193997,0.00537165090495624));
#9138=CARTESIAN_POINT('',(-0.0183387287431994,0.0225450424410701,0.00704823424609567));
#9139=CARTESIAN_POINT('',(-0.0178708763892784,0.0219698798263105,0.00686842172859793));
#9140=CARTESIAN_POINT('',(-0.0169078416397492,0.0207859559238202,0.00649829277381263));
#9141=CARTESIAN_POINT('',(-0.0155615095859316,0.019130818661138,0.00598084885383249));
#9142=CARTESIAN_POINT('',(-0.0146830298860351,0.0180508440132153,0.0056432174513501));
#9143=CARTESIAN_POINT('',(-0.0142997325817466,0.0175796306530235,0.00549590248615526));
#9144=CARTESIAN_POINT('',(-0.0184369086393091,0.0224027024941672,0.00717625034147492));
#9145=CARTESIAN_POINT('',(-0.0179665515482197,0.0218311712150443,0.00699317191430582));
#9146=CARTESIAN_POINT('',(-0.0169983610077422,0.0206547221117635,0.00661632035894795));
#9147=CARTESIAN_POINT('',(-0.015644821107458,0.0190100346919105,0.00608947817723293));
#9148=CARTESIAN_POINT('',(-0.0147616382982632,0.0179368785511804,0.00574571442268701));
#9149=CARTESIAN_POINT('',(-0.0143762889384566,0.0174686402346082,0.00559572379632986));
#9150=CARTESIAN_POINT('',(-0.018550383478524,0.0222514794713918,0.00728404005874734));
#9151=CARTESIAN_POINT('',(-0.0180771314500929,0.0216838061503729,0.00709821173142645));
#9152=CARTESIAN_POINT('',(-0.0171029819244049,0.0205152983296042,0.00671569973772366));
#9153=CARTESIAN_POINT('',(-0.0157411113041741,0.0188817129008264,0.00618094420751715));
#9154=CARTESIAN_POINT('',(-0.0148524927123743,0.0178158007930675,0.00583201700463152));
#9155=CARTESIAN_POINT('',(-0.0144647716178316,0.0173507231850584,0.00567977346812782));
#9156=CARTESIAN_POINT('',(-0.0186566502701474,0.0221181533527145,0.00735992546996824));
#9157=CARTESIAN_POINT('',(-0.0181806871940042,0.0215538814091486,0.00717216117594186));
#9158=CARTESIAN_POINT('',(-0.0172009572044526,0.0203923750379952,0.00678566415748563));
#9159=CARTESIAN_POINT('',(-0.0158312850408421,0.0187685777046574,0.00624533752347065));
#9160=CARTESIAN_POINT('',(-0.0149375759533749,0.0177090523148856,0.00589277518348204));
#9161=CARTESIAN_POINT('',(-0.0145476337793159,0.0172467613527011,0.00573894556792329));
#9162=CARTESIAN_POINT('',(-0.0187429704563312,0.0220132546794096,0.00741128620425467));
#9163=CARTESIAN_POINT('',(-0.0182648052045157,0.0214516588805162,0.00722221161000129));
#9164=CARTESIAN_POINT('',(-0.0172805422214265,0.0202956611282528,0.00683301744865301));
#9165=CARTESIAN_POINT('',(-0.0159045328882566,0.0186795648983149,0.00628892018234144));
#9166=CARTESIAN_POINT('',(-0.015006688806902,0.0176250644672703,0.00593389751028324));
#9167=CARTESIAN_POINT('',(-0.0146149424568213,0.0171649659895957,0.00577899440531997));
#9168=CARTESIAN_POINT('',(-0.0187969893505501,0.0219492616742943,0.0074384341326382));
#9169=CARTESIAN_POINT('',(-0.0183174459842988,0.0213892984464749,0.00724866694827261));
#9170=CARTESIAN_POINT('',(-0.017330346268468,0.0202366612045563,0.00685804714838758));
#9171=CARTESIAN_POINT('',(-0.0159503711550187,0.0186252630011399,0.00631195682537675));
#9172=CARTESIAN_POINT('',(-0.0150499394078206,0.0175738280255429,0.00595563368673153));
#9173=CARTESIAN_POINT('',(-0.014657064010202,0.0171150670640451,0.00580016316360573));
#9174=CARTESIAN_POINT('',(-0.018841080282098,0.0218958281438192,0.00746422412461156));
#9175=CARTESIAN_POINT('',(-0.0183604120807286,0.0213372280968048,0.00727379899341544));
#9176=CARTESIAN_POINT('',(-0.0173709969863449,0.0201873968480037,0.00688182486527744));
#9177=CARTESIAN_POINT('',(-0.0159877849509008,0.0185799214505699,0.0063338411780456));
#9178=CARTESIAN_POINT('',(-0.015085241116826,0.0175310461001506,0.00597628262200986));
#9179=CARTESIAN_POINT('',(-0.0146914441757655,0.0170734019515178,0.00582027306291601));
#9180=CARTESIAN_POINT('',(-0.0188854432422042,0.021841098653743,0.00749309357480531));
#9181=CARTESIAN_POINT('',(-0.0184036432658027,0.0212838948496808,0.00730193193452949));
#9182=CARTESIAN_POINT('',(-0.0174118985076363,0.0201369376496487,0.00690844176435141));
#9183=CARTESIAN_POINT('',(-0.0160254295793055,0.0185334802006676,0.00635833863543327));
#9184=CARTESIAN_POINT('',(-0.0151207606273763,0.0174872265557487,0.00599939714679095));
#9185=CARTESIAN_POINT('',(-0.0147260364572119,0.0170307263067998,0.00584278418805089));
#9186=CARTESIAN_POINT('',(-0.0189412303838731,0.0217710720234005,0.00753303434466141));
#9187=CARTESIAN_POINT('',(-0.0184580071820172,0.0212156547185173,0.00734085374699458));
#9188=CARTESIAN_POINT('',(-0.0174633328338691,0.0200723748768973,0.00694526613866618));
#9189=CARTESIAN_POINT('',(-0.0160727683099236,0.0184740584111529,0.00639223077058008));
#9190=CARTESIAN_POINT('',(-0.015165426987834,0.0174311592502917,0.00603137600016081));
#9191=CARTESIAN_POINT('',(-0.0147695368120367,0.0169761226261673,0.0058739282404031));
#9192=CARTESIAN_POINT('',(-0.0190077792771731,0.0216859936972076,0.00758534339666078));
#9193=CARTESIAN_POINT('',(-0.0185228582991618,0.0211327468860229,0.0073918283055592));
#9194=CARTESIAN_POINT('',(-0.0175246892214886,0.0199939348232607,0.00699349375465393));
#9195=CARTESIAN_POINT('',(-0.0161292390312873,0.0184018643563116,0.00643661813382198));
#9196=CARTESIAN_POINT('',(-0.0152187098190973,0.0173630407005472,0.00607325760409159));
#9197=CARTESIAN_POINT('',(-0.0148214287065692,0.0169097822963605,0.0059147165341649));
#9198=CARTESIAN_POINT('',(-0.0190844268056165,0.0215861423036374,0.00765121951673975));
#9199=CARTESIAN_POINT('',(-0.018597550417985,0.0210354428723818,0.00745602381307896));
#9200=CARTESIAN_POINT('',(-0.0175953562939529,0.0199018743771069,0.00705422986246891));
#9201=CARTESIAN_POINT('',(-0.0161942790493447,0.0183171344690894,0.0064925179668174));
#9202=CARTESIAN_POINT('',(-0.0152800781923681,0.0172830939923276,0.00612600177482668));
#9203=CARTESIAN_POINT('',(-0.0148811950717922,0.0168319225795851,0.00596608382978521));
#9204=CARTESIAN_POINT('',(-0.0191704679285592,0.0214718405597009,0.00773185727482461));
#9205=CARTESIAN_POINT('',(-0.0186813964846365,0.0209240571615415,0.00753460436395697));
#9206=CARTESIAN_POINT('',(-0.0176746840217138,0.0197964910753149,0.00712857582521122));
#9207=CARTESIAN_POINT('',(-0.0162672900948871,0.0182201425941964,0.00656094393368769));
#9208=CARTESIAN_POINT('',(-0.0153489676119831,0.0171915775112373,0.00619056495303181));
#9209=CARTESIAN_POINT('',(-0.0149482861480791,0.0167427951163455,0.00602896160025404));
#9210=CARTESIAN_POINT('',(-0.0192651744915438,0.0213434470454008,0.00782841399196673));
#9211=CARTESIAN_POINT('',(-0.0187736869211248,0.0207989391855153,0.00762869775400404));
#9212=CARTESIAN_POINT('',(-0.0177620010648749,0.0196781155195304,0.0072175986634654));
#9213=CARTESIAN_POINT('',(-0.0163476542852502,0.0181111930082392,0.00664287809065321));
#9214=CARTESIAN_POINT('',(-0.0154247950760445,0.0170887783568335,0.00626787375580371));
#9215=CARTESIAN_POINT('',(-0.0150221341526698,0.0166426795115273,0.00610425227353016));
#9216=CARTESIAN_POINT('',(-0.0193677955028731,0.0212013531069275,0.0079420182483598));
#9217=CARTESIAN_POINT('',(-0.0188736898948363,0.0206604703065826,0.00773940377140175));
#9218=CARTESIAN_POINT('',(-0.0178566150281852,0.019547108520991,0.00732233889947591));
#9219=CARTESIAN_POINT('',(-0.0164347343590046,0.0179906177918969,0.00673927810559529));
#9220=CARTESIAN_POINT('',(-0.0155069592978607,0.0169750098631476,0.00635883178867274));
#9221=CARTESIAN_POINT('',(-0.0151021534953313,0.0165318809196452,0.00619283586671797));
#9222=CARTESIAN_POINT('',(-0.0194775614045813,0.0210459787603809,0.0080737691185018));
#9223=CARTESIAN_POINT('',(-0.0189806554805458,0.0205090598255138,0.00786779345137673));
#9224=CARTESIAN_POINT('',(-0.0179578163987662,0.0194038573238619,0.00744380985198597));
#9225=CARTESIAN_POINT('',(-0.0165278773001298,0.0178587733539835,0.00685107660904554));
#9226=CARTESIAN_POINT('',(-0.0155948441255288,0.0168506083189723,0.00646431903323016));
#9227=CARTESIAN_POINT('',(-0.015187744108672,0.0164107268507458,0.00629556938968049));
#9228=CARTESIAN_POINT('',(-0.0195936871578613,0.0208777694608123,0.00822473643989225));
#9229=CARTESIAN_POINT('',(-0.0190938186671297,0.0203451418330394,0.00801490933804306));
#9230=CARTESIAN_POINT('',(-0.0180648813907975,0.0192487726263747,0.00758299788396955));
#9231=CARTESIAN_POINT('',(-0.0166264169561847,0.017716037689787,0.00697918142219137));
#9232=CARTESIAN_POINT('',(-0.0156878210123035,0.0167159303809723,0.00658519206226237));
#9233=CARTESIAN_POINT('',(-0.015278293854023,0.0162795646510494,0.0064132870545577));
#9234=CARTESIAN_POINT('',(-0.019715374168699,0.0206971927374552,0.00839596505561665));
#9235=CARTESIAN_POINT('',(-0.019212401234074,0.0201691719309221,0.00818176961875107));
#9236=CARTESIAN_POINT('',(-0.0181770737209023,0.0190822854785958,0.00774086631418642));
#9237=CARTESIAN_POINT('',(-0.0167296756723233,0.0175628075258609,0.00712447915696317));
#9238=CARTESIAN_POINT('',(-0.0157852505583693,0.0165713503796591,0.00672228743660549));
#9239=CARTESIAN_POINT('',(-0.015373180022962,0.0161387588792506,0.00654680358394689));
#9240=CARTESIAN_POINT('',(-0.0198418164023138,0.0205047327367323,0.00858847248827152));
#9241=CARTESIAN_POINT('',(-0.0193356177099244,0.0199816219141809,0.00836936585735448));
#9242=CARTESIAN_POINT('',(-0.0182936502455061,0.0189048422512174,0.00791835327260006));
#9243=CARTESIAN_POINT('',(-0.016836969479763,0.0173994936894387,0.00728783324222018));
#9244=CARTESIAN_POINT('',(-0.0158864874064093,0.0164172559502113,0.00687641984275734));
#9245=CARTESIAN_POINT('',(-0.0154717741050845,0.0159886870513961,0.00669691239713188));
#9246=CARTESIAN_POINT('',(-0.019972200991049,0.0203008872004734,0.00880325620155943));
#9247=CARTESIAN_POINT('',(-0.0194626759646694,0.0197829768263997,0.00857867007054983));
#9248=CARTESIAN_POINT('',(-0.0184138615212967,0.0187169018495517,0.00811637839538377));
#9249=CARTESIAN_POINT('',(-0.0169476086116173,0.0172265185442712,0.00747009008564893));
#9250=CARTESIAN_POINT('',(-0.0159908807283175,0.0162540456130644,0.00704838790692369));
#9251=CARTESIAN_POINT('',(-0.0155734422620108,0.0158297372846318,0.00686439127235493));
#9252=CARTESIAN_POINT('',(-0.0201057113258701,0.0200861639726175,0.00904129464315781));
#9253=CARTESIAN_POINT('',(-0.0195927802223685,0.0195737315555494,0.00881063574413987));
#9254=CARTESIAN_POINT('',(-0.0185369546555066,0.0185189324927984,0.00833584378641916));
#9255=CARTESIAN_POINT('',(-0.0170609001262165,0.0170443130263537,0.00767207995869982));
#9256=CARTESIAN_POINT('',(-0.016097776700428,0.0160821259769771,0.00723897502999843));
#9257=CARTESIAN_POINT('',(-0.0156775477379997,0.0156623055732833,0.0070500031599998));
#9258=CARTESIAN_POINT('',(-0.0202415278886918,0.0198610782110348,0.00930355310956552));
#9259=CARTESIAN_POINT('',(-0.0197251318722452,0.0193543881169415,0.0090662035482578));
#9260=CARTESIAN_POINT('',(-0.0186621740732973,0.0183114091434161,0.00857763942453552));
#9261=CARTESIAN_POINT('',(-0.0171761486133867,0.0168533142779904,0.00789462197326059));
#9262=CARTESIAN_POINT('',(-0.0162065191699227,0.0159019095066579,0.00744895408329338));
#9263=CARTESIAN_POINT('',(-0.01578345150896,0.0154867936147576,0.00725450075574072));
#9264=CARTESIAN_POINT('',(-0.0204304013739325,0.0195379082736337,0.00969895119363318));
#9265=CARTESIAN_POINT('',(-0.0199091868716519,0.0190394627976952,0.00945151435054289));
#9266=CARTESIAN_POINT('',(-0.0188363106245881,0.0180134546777157,0.00894218640506468));
#9267=CARTESIAN_POINT('',(-0.0173364190766374,0.0165790852325002,0.00823014092670823));
#9268=CARTESIAN_POINT('',(-0.0163577420309674,0.0156431612632233,0.00776553229144206));
#9269=CARTESIAN_POINT('',(-0.0159307267300805,0.0152347999379872,0.00756281475856382));
#9270=CARTESIAN_POINT('',(-0.0205640131774105,0.0192966423508019,0.0100168952311234));
#9271=CARTESIAN_POINT('',(-0.0200393900093687,0.0188043519814412,0.00976134709152842));
#9272=CARTESIAN_POINT('',(-0.0189594973103197,0.0177910136310416,0.00923532272391558));
#9273=CARTESIAN_POINT('',(-0.0174497966934685,0.0163743566483392,0.00849993548316177));
#9274=CARTESIAN_POINT('',(-0.016464719244659,0.0154499900349975,0.00802009638200293));
#9275=CARTESIAN_POINT('',(-0.0160349113268568,0.0150466714026947,0.00781073350886195));
#9276=CARTESIAN_POINT('',(-0.020650562106959,0.0191347345465505,0.0102398461459031));
#9277=CARTESIAN_POINT('',(-0.0201237309276104,0.0186465747223545,0.00997861014692867));
#9278=CARTESIAN_POINT('',(-0.0190392932228602,0.0176417387520216,0.00944087779882392));
#9279=CARTESIAN_POINT('',(-0.0175232386433268,0.0162369681802957,0.00868912268616366));
#9280=CARTESIAN_POINT('',(-0.0165340152431419,0.0153203574327657,0.00819860357247779));
#9281=CARTESIAN_POINT('',(-0.0161023983683586,0.0149204228313726,0.00798458080792228));
#9282=CARTESIAN_POINT('',(-0.0190541895751151,0.0183115445899656,0.00899534181318772));
#9283=CARTESIAN_POINT('',(-0.0186916665735966,0.0183115445899656,0.00860157838631689));
#9284=CARTESIAN_POINT('',(-0.0181287392409001,0.0183115445899656,0.00803140159058266));
#9285=CARTESIAN_POINT('',(-0.0173279955039713,0.0183115445899657,0.00732213416208167));
#9286=CARTESIAN_POINT('',(-0.0166948841268648,0.0183115445899656,0.00682835049769102));
#9287=CARTESIAN_POINT('',(-0.0160414401126028,0.0183115445899656,0.00636896700349794));
#9288=CARTESIAN_POINT('',(-0.0154238741413004,0.0183115445899657,0.00610077119720192));
#9289=CARTESIAN_POINT('',(-0.0149790294559946,0.0183115445899657,0.00580687858578224));
#9290=CARTESIAN_POINT('',(-0.0146936981548634,0.0183115445899656,0.00553065603117391));
#9291=CARTESIAN_POINT('',(-0.0145231287234014,0.0183115445899656,0.00514331361070949));
#9292=CARTESIAN_POINT('',(-0.0146592283553162,0.0183115445899642,0.00475566169250289));
#9293=CARTESIAN_POINT('',(-0.0147808590975135,0.0183115445899665,0.0043635553938295));
#9294=CARTESIAN_POINT('',(-0.0151516123919896,0.0183115445899636,0.00415902596924619));
#9295=CARTESIAN_POINT('',(-0.0155454887276964,0.0183115445899662,0.0041060689447329));
#9296=CARTESIAN_POINT('',(-0.0160741684453935,0.0183115445899654,0.00413253148512549));
#9297=CARTESIAN_POINT('',(-0.0167322630157113,0.0183115445899657,0.00427715640934365));
#9298=CARTESIAN_POINT('',(-0.0175277189556492,0.0183115445899656,0.00428857405366696));
#9299=CARTESIAN_POINT('',(-0.0183251951580904,0.0183115445899656,0.00426117878879595));
#9300=CARTESIAN_POINT('',(-0.0193898811198792,0.0183115445899657,0.00415790816271542));
#9301=CARTESIAN_POINT('',(-0.0201788096403541,0.0183115445899656,0.00402765123792916));
#9302=CARTESIAN_POINT('',(-0.0207024924374316,0.0183115445899656,0.00392238722955727));
#9303=CARTESIAN_POINT('',(-0.0190541895751151,0.0183115445899656,0.00899534181318775));
#9304=CARTESIAN_POINT('',(-0.0207024924374316,0.0183115445899656,0.00392238722955728));
#9305=CARTESIAN_POINT('',(-0.0190541895751151,0.0183115445899656,0.00899534181318764));
#9306=CARTESIAN_POINT('',(-0.0193327966131462,0.0185732743256397,0.00913071586267411));
#9307=CARTESIAN_POINT('',(-0.0196114008780474,0.0188350044538018,0.00926609486062973));
#9308=CARTESIAN_POINT('',(-0.0198900027041455,0.0190967349302385,0.00940147820446787));
#9309=CARTESIAN_POINT('',(-0.0198900027041455,0.0190967349302385,0.00940147820446793));
#9310=CARTESIAN_POINT('',(-0.0199301023340298,0.0193008123878556,0.00931616986508095));
#9311=CARTESIAN_POINT('',(-0.0199169553041894,0.0192326135808411,0.00934429533444253));
#9312=CARTESIAN_POINT('',(-0.0199035892500134,0.019164588802644,0.00937273416782002));
#9313=CARTESIAN_POINT('',(-0.0198900027041455,0.0190967349302385,0.00940147820446793));
#9314=CARTESIAN_POINT('',(-0.0199301023340324,0.0193008123878541,0.00931616986507851));
#9315=CARTESIAN_POINT('',(-0.0215996987424104,0.0193008123878541,0.00417768048528285));
#9316=CARTESIAN_POINT('',(-0.0212914710139384,0.0195702205982187,0.00435257309700976));
#9317=CARTESIAN_POINT('',(-0.0208225351532972,0.0199814152269911,0.00458265645865316));
#9318=CARTESIAN_POINT('',(-0.0201857255932058,0.0205520008019111,0.00480318696940939));
#9319=CARTESIAN_POINT('',(-0.0196995084890875,0.0209966475116265,0.00491947805231469));
#9320=CARTESIAN_POINT('',(-0.019213907822996,0.0214598628653906,0.00494874163496602));
#9321=CARTESIAN_POINT('',(-0.0187445459433326,0.0219328522393403,0.00487497012993851));
#9322=CARTESIAN_POINT('',(-0.0183128689712901,0.0222974295047686,0.00508260292085502));
#9323=CARTESIAN_POINT('',(-0.0180711482816865,0.0224256349215793,0.00545369395357474));
#9324=CARTESIAN_POINT('',(-0.0179333996781927,0.0224290115667115,0.005885280763205));
#9325=CARTESIAN_POINT('',(-0.0177410003327193,0.0224265741287693,0.00645147709892391));
#9326=CARTESIAN_POINT('',(-0.017972624851389,0.0220073883911542,0.00701675518115791));
#9327=CARTESIAN_POINT('',(-0.0183891086656304,0.0215277174588022,0.0072673725059174));
#9328=CARTESIAN_POINT('',(-0.0187902240611403,0.0210494434331493,0.00755358075784528));
#9329=CARTESIAN_POINT('',(-0.0191227712075197,0.0205957163770428,0.00793996021260471));
#9330=CARTESIAN_POINT('',(-0.019529906015737,0.0199982632001417,0.00851157291419108));
#9331=CARTESIAN_POINT('',(-0.0197804404437352,0.0195759184491144,0.00898668289746705));
#9332=CARTESIAN_POINT('',(-0.019930102334027,0.019300812387857,0.00931616986508327));
#9333=CARTESIAN_POINT('',(-0.0215996987424104,0.0193008123878541,0.00417768048528286));
#9334=CARTESIAN_POINT('',(-0.0216174004441527,0.0190967349302386,0.00408509461789394));
#9335=CARTESIAN_POINT('',(-0.0216114968698218,0.019164588802643,0.00411633500331928));
#9336=CARTESIAN_POINT('',(-0.0216055943079484,0.0192326135808408,0.00414719887234345));
#9337=CARTESIAN_POINT('',(-0.0215996987424104,0.0193008123878541,0.00417768048528285));
#9338=CARTESIAN_POINT('',(-0.0216174004441527,0.0190967349302386,0.00408509461789394));
#9339=CARTESIAN_POINT('',(-0.0207024924374316,0.0183115445899656,0.00392238722955727));
#9340=CARTESIAN_POINT('',(-0.0210074611359047,0.0185732743257446,0.00397662843108665));
#9341=CARTESIAN_POINT('',(-0.0213124304993784,0.0188350044539023,0.00403086399919291));
#9342=CARTESIAN_POINT('',(-0.0216174004441527,0.0190967349302386,0.00408509461789393));
#9343=CARTESIAN_POINT('',(-0.0204223054098407,0.0191347345465505,0.0106878251376194));
#9344=CARTESIAN_POINT('',(-0.019901297449459,0.0186465747223545,0.0104151604279249));
#9345=CARTESIAN_POINT('',(-0.018828846351535,0.0176417387520216,0.00985390303933757));
#9346=CARTESIAN_POINT('',(-0.0173295491662643,0.0162369681802956,0.00906925968865213));
#9347=CARTESIAN_POINT('',(-0.0163512599413753,0.0153203574327655,0.00855728104766126));
#9348=CARTESIAN_POINT('',(-0.0159244138540285,0.0149204228313723,0.00833389508556313));
#9349=CARTESIAN_POINT('',(-0.0201910621464822,0.0192966423508019,0.0107488528424623));
#9350=CARTESIAN_POINT('',(-0.019675953597483,0.0188043519814412,0.0104746312115784));
#9351=CARTESIAN_POINT('',(-0.0186156459420696,0.0177910136310417,0.00991016903157563));
#9352=CARTESIAN_POINT('',(-0.0171333254088912,0.0163743566483392,0.00912104535096376));
#9353=CARTESIAN_POINT('',(-0.0161661134247119,0.0154499900349974,0.00860614330123577));
#9354=CARTESIAN_POINT('',(-0.015744100546947,0.0150466714026945,0.00838148180062671));
#9355=CARTESIAN_POINT('',(-0.0198553049692759,0.0195379082736338,0.0108276414390906));
#9356=CARTESIAN_POINT('',(-0.0193487621604598,0.0190394627976952,0.0105514097762732));
#9357=CARTESIAN_POINT('',(-0.0183060863612988,0.0180134546777157,0.00998281011446983));
#9358=CARTESIAN_POINT('',(-0.016848415336617,0.0165790852325001,0.00918790219359785));
#9359=CARTESIAN_POINT('',(-0.0158972871207513,0.0156431612632231,0.00866922593554328));
#9360=CARTESIAN_POINT('',(-0.0154822918952304,0.0152347999379869,0.00844291767647461));
#9361=CARTESIAN_POINT('',(-0.0194244041505483,0.0198610782110348,0.0109072487423437));
#9362=CARTESIAN_POINT('',(-0.018928854359033,0.0193543881169415,0.0106289861609857));
#9363=CARTESIAN_POINT('',(-0.0179088067620689,0.0183114091434161,0.0100562060240565));
#9364=CARTESIAN_POINT('',(-0.0164827701866662,0.0168533142779903,0.00925545375783279));
#9365=CARTESIAN_POINT('',(-0.0155522834027787,0.0159019095066578,0.00873296407296709));
#9366=CARTESIAN_POINT('',(-0.01514629442434,0.0154867936147574,0.00850499194367242));
#9367=CARTESIAN_POINT('',(-0.019132401621662,0.0200861639726175,0.0109515224937466));
#9368=CARTESIAN_POINT('',(-0.0186443013143724,0.0195737315555494,0.0106721304132231));
#9369=CARTESIAN_POINT('',(-0.017639587854589,0.0185189324927984,0.0100970252971916));
#9370=CARTESIAN_POINT('',(-0.0162349885538164,0.0170443130263536,0.00929302268731038));
#9371=CARTESIAN_POINT('',(-0.0153184895603334,0.0160821259769769,0.00876841215795265));
#9372=CARTESIAN_POINT('',(-0.0149186037193442,0.0156623055732831,0.00853951466410295));
#9373=CARTESIAN_POINT('',(-0.018861349071258,0.0203008872004735,0.0109834258494019));
#9374=CARTESIAN_POINT('',(-0.0183801637783904,0.0197829768263997,0.0107032198596783));
#9375=CARTESIAN_POINT('',(-0.0173896842946172,0.0187169018495517,0.0101264393799641));
#9376=CARTESIAN_POINT('',(-0.0160049842323354,0.0172265185442711,0.00932009459517294));
#9377=CARTESIAN_POINT('',(-0.015101469462921,0.0162540456130642,0.0087939558001053));
#9378=CARTESIAN_POINT('',(-0.0147072488844123,0.0158297372846316,0.00856439149502829));
#9379=CARTESIAN_POINT('',(-0.0186109472587083,0.0205047327367323,0.0110041892004138));
#9380=CARTESIAN_POINT('',(-0.0181361501446,0.0199816219141809,0.0107234535020729));
#9381=CARTESIAN_POINT('',(-0.017158820189903,0.0189048422512174,0.0101455826616897));
#9382=CARTESIAN_POINT('',(-0.0157925032986299,0.0173994936894386,0.00933771354195667));
#9383=CARTESIAN_POINT('',(-0.0149009835214651,0.0164172559502112,0.00881058012056453));
#9384=CARTESIAN_POINT('',(-0.014511996584889,0.0159886870513959,0.0085805818412147));
#9385=CARTESIAN_POINT('',(-0.0183808845939614,0.0206971927374553,0.011015048314484));
#9386=CARTESIAN_POINT('',(-0.0179119567721447,0.0201691719309222,0.0107340355815596));
#9387=CARTESIAN_POINT('',(-0.0169467082623408,0.0190822854785958,0.0101555944887699));
#9388=CARTESIAN_POINT('',(-0.015597281349881,0.0175628075258608,0.00934692815056257));
#9389=CARTESIAN_POINT('',(-0.0147167822592379,0.016571350379659,0.00881927454527965));
#9390=CARTESIAN_POINT('',(-0.014332603856582,0.0161387588792504,0.00858904929986208));
#9391=CARTESIAN_POINT('',(-0.0181708319035511,0.0208777694608124,0.0110172471098148));
#9392=CARTESIAN_POINT('',(-0.0177072628853369,0.0203451418330394,0.0107361782818586));
#9393=CARTESIAN_POINT('',(-0.0167530450223641,0.0192487726263747,0.0101576217221606));
#9394=CARTESIAN_POINT('',(-0.0154190390626896,0.017716037689787,0.0093487939600795));
#9395=CARTESIAN_POINT('',(-0.0145486021212291,0.0167159303809722,0.00882103502595459));
#9396=CARTESIAN_POINT('',(-0.0141688140245273,0.0162795646510492,0.00859076382357159));
#9397=CARTESIAN_POINT('',(-0.0179804397697616,0.0210459787603809,0.0110120357670181));
#9398=CARTESIAN_POINT('',(-0.0175217279807049,0.0205090598255138,0.010731099889335));
#9399=CARTESIAN_POINT('',(-0.016577508315723,0.0194038573238619,0.0101528169966002));
#9400=CARTESIAN_POINT('',(-0.0152574799351983,0.0178587733539834,0.00934437182362599));
#9401=CARTESIAN_POINT('',(-0.0143961633437303,0.0168506083189722,0.00881686252833483));
#9402=CARTESIAN_POINT('',(-0.0140203546281874,0.0164107268507456,0.00858670024809544));
#9403=CARTESIAN_POINT('',(-0.0178093322985644,0.0212013531069276,0.0110006745055795));
#9404=CARTESIAN_POINT('',(-0.0173549857539199,0.0206604703065827,0.0107200284731186));
#9405=CARTESIAN_POINT('',(-0.0164197515776802,0.019547108520991,0.0101423422024134));
#9406=CARTESIAN_POINT('',(-0.0151122849988128,0.0179906177918968,0.00933473111290602));
#9407=CARTESIAN_POINT('',(-0.0142591649645899,0.0169750098631475,0.00880776605585944));
#9408=CARTESIAN_POINT('',(-0.0138869325619623,0.0165318809196449,0.00857784123705718));
#9409=CARTESIAN_POINT('',(-0.0176571054074744,0.0213434470454009,0.0109844272699396));
#9410=CARTESIAN_POINT('',(-0.0172066424313326,0.0207989391855153,0.0107041957322644));
#9411=CARTESIAN_POINT('',(-0.0162794022544581,0.0196781155195304,0.0101273626642388));
#9412=CARTESIAN_POINT('',(-0.0149831113653453,0.0181111930082391,0.00932094436047104));
#9413=CARTESIAN_POINT('',(-0.0141372834523743,0.0170887783568333,0.00879475759437849));
#9414=CARTESIAN_POINT('',(-0.013768232740136,0.0166426795115271,0.00856517235863622));
#9415=CARTESIAN_POINT('',(-0.0175233222613677,0.021471840559701,0.0109645626653522));
#9416=CARTESIAN_POINT('',(-0.0170762723222306,0.0209240571615415,0.0106848379077349));
#9417=CARTESIAN_POINT('',(-0.0161560575951791,0.0197964910753149,0.010109048003866));
#9418=CARTESIAN_POINT('',(-0.0148695883540326,0.0182201425941963,0.00930408805385147));
#9419=CARTESIAN_POINT('',(-0.0140301690520231,0.0171915775112372,0.00877885286145417));
#9420=CARTESIAN_POINT('',(-0.0136639145379281,0.0167427951163453,0.00854968281530851));
#9421=CARTESIAN_POINT('',(-0.0174075112415323,0.0215861423036375,0.0109423516196566));
#9422=CARTESIAN_POINT('',(-0.0169634158397025,0.0210354428723818,0.0106631935038255));
#9423=CARTESIAN_POINT('',(-0.0160492827793816,0.0199018743771069,0.0100885699844497));
#9424=CARTESIAN_POINT('',(-0.0147713157681537,0.0183171344690893,0.00928524065143085));
#9425=CARTESIAN_POINT('',(-0.0139374441587555,0.0172830939923274,0.00876106943424308));
#9426=CARTESIAN_POINT('',(-0.0135736102078485,0.0168319225795848,0.00853236362060011));
#9427=CARTESIAN_POINT('',(-0.0173091640540213,0.0216859936972076,0.0109190634784298));
#9428=CARTESIAN_POINT('',(-0.0168675776572498,0.0211327468860229,0.0106404994829352));
#9429=CARTESIAN_POINT('',(-0.01595860917297,0.0199939348232607,0.0100670989103387));
#9430=CARTESIAN_POINT('',(-0.0146878622898547,0.0184018643563115,0.00926547926894824));
#9431=CARTESIAN_POINT('',(-0.0138587018035109,0.0173630407005471,0.00874242362305239));
#9432=CARTESIAN_POINT('',(-0.0134969234046754,0.0169097822963603,0.00851420455425848));
#9433=CARTESIAN_POINT('',(-0.017227728683956,0.0217710720234006,0.0108959707821198));
#9434=CARTESIAN_POINT('',(-0.0167882198428379,0.0212156547185173,0.0106179959208274));
#9435=CARTESIAN_POINT('',(-0.015883527832261,0.0200723748768973,0.0100458080314718));
#9436=CARTESIAN_POINT('',(-0.0146187595014526,0.0184740584111528,0.00924588373318213));
#9437=CARTESIAN_POINT('',(-0.0137935000117623,0.0174311592502916,0.00872393429618484));
#9438=CARTESIAN_POINT('',(-0.0134334236915308,0.0169761226261671,0.00849619788725075));
#9439=CARTESIAN_POINT('',(-0.0171626250632334,0.0218410986537431,0.0108743146319287));
#9440=CARTESIAN_POINT('',(-0.016724777126894,0.0212838948496808,0.0105968922560885));
#9441=CARTESIAN_POINT('',(-0.0158235039492119,0.0201369376496487,0.0100258416116024));
#9442=CARTESIAN_POINT('',(-0.0145635151804236,0.0185334802006675,0.00922750719282795));
#9443=CARTESIAN_POINT('',(-0.0137413743479748,0.0174872265557486,0.00870659514989365));
#9444=CARTESIAN_POINT('',(-0.0133826587568687,0.0170307263067996,0.00847931137560537));
#9445=CARTESIAN_POINT('',(-0.01711319329371,0.0218958281438193,0.0108553932803476));
#9446=CARTESIAN_POINT('',(-0.0166766064464053,0.0213372280968048,0.0105784536205671));
#9447=CARTESIAN_POINT('',(-0.0157779291145121,0.0201873968480037,0.0100083966065193));
#9448=CARTESIAN_POINT('',(-0.0145215693636737,0.0185799214505698,0.00921145129287273));
#9449=CARTESIAN_POINT('',(-0.0137017964601399,0.0175310461001504,0.00869144563900668));
#9450=CARTESIAN_POINT('',(-0.0133441140411947,0.0170734019515176,0.00846455733940784));
#9451=CARTESIAN_POINT('',(-0.017066412752595,0.0219492616742944,0.0108348819443662));
#9452=CARTESIAN_POINT('',(-0.0166310193569514,0.0213892984464749,0.0105584655638683));
#9453=CARTESIAN_POINT('',(-0.0157347986449976,0.0202366612045563,0.00998948567624441));
#9454=CARTESIAN_POINT('',(-0.0144818732730019,0.0186252630011398,0.00919404619593474));
#9455=CARTESIAN_POINT('',(-0.0136643412966499,0.0175738280255428,0.008675023096123));
#9456=CARTESIAN_POINT('',(-0.0133076366366079,0.0171150670640449,0.00844856350343723));
#9457=CARTESIAN_POINT('',(-0.0170126981078037,0.0220132546794096,0.0108071368928599));
#9458=CARTESIAN_POINT('',(-0.0165786750646723,0.0214516588805162,0.010531428336107));
#9459=CARTESIAN_POINT('',(-0.0156852751081928,0.0202956611282528,0.00996390544417246));
#9460=CARTESIAN_POINT('',(-0.0144362931800996,0.0186795648983148,0.00917050285816997));
#9461=CARTESIAN_POINT('',(-0.0136213342951378,0.0176250644672701,0.00865280882892043));
#9462=CARTESIAN_POINT('',(-0.0132657523235241,0.0171649659895955,0.00842692913485243));
#9463=CARTESIAN_POINT('',(-0.0169204086685084,0.0221181533527146,0.0107674914774402));
#9464=CARTESIAN_POINT('',(-0.0164887400869115,0.0215538814091486,0.0104927943430811));
#9465=CARTESIAN_POINT('',(-0.0156001865916181,0.0203923750379952,0.00992735337913865));
#9466=CARTESIAN_POINT('',(-0.0143579800639407,0.0187685777046573,0.00913686134895025));
#9467=CARTESIAN_POINT('',(-0.0135474421178602,0.0177090523148854,0.00862106645312091));
#9468=CARTESIAN_POINT('',(-0.0131937890854763,0.0172467613527009,0.00839601538687496));
#9469=CARTESIAN_POINT('',(-0.0167965540282809,0.0222514794713918,0.0107261241626589));
#9470=CARTESIAN_POINT('',(-0.0163680451905127,0.021683806150373,0.0104524823792931));
#9471=CARTESIAN_POINT('',(-0.0154859957623277,0.0205152983296042,0.00988921376667266));
#9472=CARTESIAN_POINT('',(-0.0142528819844526,0.0188817129008263,0.00910175870500319));
#9473=CARTESIAN_POINT('',(-0.0134482770443455,0.0178158007930673,0.00858794542669945));
#9474=CARTESIAN_POINT('',(-0.0130972126946553,0.0173507231850582,0.00836375897765044));
#9475=CARTESIAN_POINT('',(-0.0166426514781919,0.0224027024941673,0.0106976782954616));
#9476=CARTESIAN_POINT('',(-0.0162180689578551,0.0218311712150443,0.0104247622148484));
#9477=CARTESIAN_POINT('',(-0.0153441015241121,0.0206547221117635,0.00986298740035185));
#9478=CARTESIAN_POINT('',(-0.0141222864539746,0.0190100346919104,0.00907762068315504));
#9479=CARTESIAN_POINT('',(-0.0133250539041738,0.0179368785511803,0.00856517004657138));
#9480=CARTESIAN_POINT('',(-0.0129772062677792,0.017468640234608,0.00834157814387112));
#9481=CARTESIAN_POINT('',(-0.0164813755864716,0.0225450424410701,0.0106934950639229));
#9482=CARTESIAN_POINT('',(-0.0160609074901295,0.0219698798263106,0.0104206857047052));
#9483=CARTESIAN_POINT('',(-0.0151954092523795,0.0207859559238203,0.00985913056723169));
#9484=CARTESIAN_POINT('',(-0.0139854342015569,0.0191308186611379,0.00907407096067421));
#9485=CARTESIAN_POINT('',(-0.0131959272470764,0.0180508440132152,0.00856182071333444));
#9486=CARTESIAN_POINT('',(-0.0128514504340038,0.0175796306530232,0.00833831624425046));
#9487=CARTESIAN_POINT('',(-0.0163046055346717,0.0226806788134275,0.0107212888594923));
#9488=CARTESIAN_POINT('',(-0.0158886471448635,0.02210205588269,0.0104477704329852));
#9489=CARTESIAN_POINT('',(-0.0150324317589918,0.0209110092105841,0.00988475574009054));
#9490=CARTESIAN_POINT('',(-0.0138354342264163,0.0192459142459081,0.0090976556606957));
#9491=CARTESIAN_POINT('',(-0.013054395083649,0.0181594422119696,0.00858407400780798));
#9492=CARTESIAN_POINT('',(-0.0127136129369451,0.0176853939193995,0.00835998862130781));
#9493=CARTESIAN_POINT('',(-0.0161051512469972,0.022804608746436,0.0107989049017746));
#9494=CARTESIAN_POINT('',(-0.0156942812774004,0.022222824151022,0.0105234063572019));
#9495=CARTESIAN_POINT('',(-0.0148485399768736,0.0210252694579041,0.00995631575768986));
#9496=CARTESIAN_POINT('',(-0.0136661853186504,0.0193510762158299,0.00916351752074667));
#9497=CARTESIAN_POINT('',(-0.0128947006300239,0.0182586675691696,0.00864621782837617));
#9498=CARTESIAN_POINT('',(-0.0125580872723275,0.0177820290202132,0.00842051019094503));
#9499=CARTESIAN_POINT('',(-0.0159110571662452,0.0228881003186313,0.0109333947725755));
#9500=CARTESIAN_POINT('',(-0.0155051388688081,0.0223041857103286,0.0106544651612417));
#9501=CARTESIAN_POINT('',(-0.0146695901692549,0.0211022465646981,0.0100803119991685));
#9502=CARTESIAN_POINT('',(-0.0135014848674637,0.0194219238148786,0.00927764023028593));
#9503=CARTESIAN_POINT('',(-0.0127392978631097,0.0183255156733616,0.00875389807273725));
#9504=CARTESIAN_POINT('',(-0.0124067412608717,0.0178471320691726,0.00852537946592792));
#9505=CARTESIAN_POINT('',(-0.0156894012771675,0.02291231083968,0.0112000104273347));
#9506=CARTESIAN_POINT('',(-0.0152891378007879,0.0223277785795532,0.0109142789943796));
#9507=CARTESIAN_POINT('',(-0.0144652290751178,0.0211245680495535,0.0103261248541635));
#9508=CARTESIAN_POINT('',(-0.0133133965713249,0.0194424678918785,0.00950387958010087));
#9509=CARTESIAN_POINT('',(-0.0125618275439115,0.0183448999943303,0.00896736573899328));
#9510=CARTESIAN_POINT('',(-0.0122339037657888,0.0178660103666549,0.0087332746051467));
#9511=CARTESIAN_POINT('',(-0.0155001345257031,0.02291231083968,0.0114605137621966));
#9512=CARTESIAN_POINT('',(-0.0151046995680519,0.0223277785795532,0.0111681364433611));
#9513=CARTESIAN_POINT('',(-0.0142907299423676,0.0211245680495535,0.0105663023056188));
#9514=CARTESIAN_POINT('',(-0.0131527923981319,0.0194424678918785,0.00972493226043587));
#9515=CARTESIAN_POINT('',(-0.0124102898115474,0.0183448999943303,0.00917593953408841));
#9516=CARTESIAN_POINT('',(-0.0120863218929962,0.0178660103666549,0.0089364036266477));
#9517=CARTESIAN_POINT('',(-0.0153150634065264,0.0228881003186313,0.0117537098081661));
#9518=CARTESIAN_POINT('',(-0.0149243499298439,0.0223041857103286,0.0114538525564417));
#9519=CARTESIAN_POINT('',(-0.0141200990759128,0.0211022465646981,0.0108366216055044));
#9520=CARTESIAN_POINT('',(-0.012995748470198,0.0194219238148786,0.00997372666400673));
#9521=CARTESIAN_POINT('',(-0.0122621113411657,0.0183255156733616,0.00941068897423346));
#9522=CARTESIAN_POINT('',(-0.0119420115893819,0.0178471320691726,0.00916502498367304));
#9523=CARTESIAN_POINT('',(-0.0152471343079854,0.022804608746436,0.0119798639040884));
#9524=CARTESIAN_POINT('',(-0.014858153818856,0.022222824151022,0.0116742370743519));
#9525=CARTESIAN_POINT('',(-0.0140574701741528,0.0210252694579041,0.0110451299319855));
#9526=CARTESIAN_POINT('',(-0.0129381065620313,0.0193510762158299,0.0101656319580363));
#9527=CARTESIAN_POINT('',(-0.0122077234390392,0.0182586675691696,0.0095917608138236));
#9528=CARTESIAN_POINT('',(-0.011889043471621,0.0177820290202132,0.00934136998224085));
#9529=CARTESIAN_POINT('',(-0.0152349518296962,0.0226806788134275,0.0121935408801856));
#9530=CARTESIAN_POINT('',(-0.0148462821364362,0.02210205588269,0.0118824627851162));
#9531=CARTESIAN_POINT('',(-0.0140462382389092,0.0209110092105841,0.0112421346712181));
#9532=CARTESIAN_POINT('',(-0.0129277689996336,0.0192459142459081,0.0103469496686798));
#9533=CARTESIAN_POINT('',(-0.0121979694536179,0.0181594422119696,0.00976284276121082));
#9534=CARTESIAN_POINT('',(-0.0118795441118694,0.0176853939193995,0.00950798587257071));
#9535=CARTESIAN_POINT('',(-0.01526314330941,0.0225450424410701,0.0123702479450049));
#9536=CARTESIAN_POINT('',(-0.0148737544032575,0.0219698798263106,0.0120546617503073));
#9537=CARTESIAN_POINT('',(-0.014072230066438,0.0207859559238203,0.0114050540922111));
#9538=CARTESIAN_POINT('',(-0.0129516911584676,0.0191308186611379,0.0104968961955953));
#9539=CARTESIAN_POINT('',(-0.0122205411566496,0.0180508440132152,0.00990432449367703));
#9540=CARTESIAN_POINT('',(-0.0119015265854986,0.0175796306530232,0.00964577425515742));
#9541=CARTESIAN_POINT('',(-0.0153169587903486,0.0224027024941673,0.0125223377431099));
#9542=CARTESIAN_POINT('',(-0.0149261969591811,0.0218311712150443,0.0122028714773862));
#9543=CARTESIAN_POINT('',(-0.0141218465716068,0.0206547221117635,0.0115452770191865));
#9544=CARTESIAN_POINT('',(-0.0129973568168795,0.0190100346919104,0.0106259534974549));
#9545=CARTESIAN_POINT('',(-0.0122636288933197,0.0179368785511803,0.0100260962414469));
#9546=CARTESIAN_POINT('',(-0.0119434895261667,0.017468640234608,0.0097643671779149));
#9547=CARTESIAN_POINT('',(-0.0153915709211634,0.0222514794713918,0.0126599175098628));
#9548=CARTESIAN_POINT('',(-0.0149989056068526,0.021683806150373,0.0123369413488444));
#9549=CARTESIAN_POINT('',(-0.0141906370592075,0.0205152983296042,0.0116721220661724));
#9550=CARTESIAN_POINT('',(-0.0130606696781558,0.0188817129008263,0.0107426981687533));
#9551=CARTESIAN_POINT('',(-0.0123233676114149,0.0178158007930673,0.0101362504323526));
#9552=CARTESIAN_POINT('',(-0.0120016687780083,0.0173507231850582,0.00987164581760551));
#9553=CARTESIAN_POINT('',(-0.0154691867641103,0.0221181533527146,0.0127649270692455));
#9554=CARTESIAN_POINT('',(-0.0150745413368193,0.0215538814091486,0.0124392719346609));
#9555=CARTESIAN_POINT('',(-0.0142621968930247,0.0203923750379952,0.0117689382100592));
#9556=CARTESIAN_POINT('',(-0.0131265313690588,0.0187685777046573,0.0108318050685734));
#9557=CARTESIAN_POINT('',(-0.0123855112723839,0.0177090523148854,0.0102203270616723));
#9558=CARTESIAN_POINT('',(-0.0120621901922127,0.0172467613527009,0.00995352764478817));
#9559=CARTESIAN_POINT('',(-0.0155354107999301,0.0220132546794096,0.0128404484347587));
#9560=CARTESIAN_POINT('',(-0.0151390758841539,0.0214516588805162,0.0125128666208976));
#9561=CARTESIAN_POINT('',(-0.0143232537703069,0.0202956611282528,0.0118385669889345));
#9562=CARTESIAN_POINT('',(-0.0131827264293958,0.0186795648983148,0.0108958894699424));
#9563=CARTESIAN_POINT('',(-0.0124385340042609,0.0176250644672701,0.0102807937648114));
#9564=CARTESIAN_POINT('',(-0.0121138287771968,0.0171649659895955,0.0100124158777824));
#9565=CARTESIAN_POINT('',(-0.0155783966500474,0.0219492616742944,0.0128829604052828));
#9566=CARTESIAN_POINT('',(-0.0151809650916716,0.0213892984464749,0.0125542940383014));
#9567=CARTESIAN_POINT('',(-0.0143628856312015,0.0202366612045563,0.0118777619448925));
#9568=CARTESIAN_POINT('',(-0.0132192024975043,0.0186252630011398,0.0109319634228369));
#9569=CARTESIAN_POINT('',(-0.0124729509221829,0.0175738280255428,0.0103148312677627));
#9570=CARTESIAN_POINT('',(-0.0121473472489559,0.0171150670640449,0.010045564839116));
#9571=CARTESIAN_POINT('',(-0.015612360072001,0.0218958281438193,0.0129211129923503));
#9572=CARTESIAN_POINT('',(-0.0152140620486084,0.0213372280968048,0.0125914732875811));
#9573=CARTESIAN_POINT('',(-0.014394199042724,0.0201873968480037,0.0119129376601407));
#9574=CARTESIAN_POINT('',(-0.0132480224949918,0.0185799214505698,0.0109643381777992));
#9575=CARTESIAN_POINT('',(-0.0125001439706521,0.0175310461001504,0.0103453784002268));
#9576=CARTESIAN_POINT('',(-0.0121738304288043,0.0170734019515176,0.0100753145453257));
#9577=CARTESIAN_POINT('',(-0.015645630603564,0.0218410986537431,0.0129622783796726));
#9578=CARTESIAN_POINT('',(-0.0152464837919743,0.0212838948496808,0.012631588475425));
#9579=CARTESIAN_POINT('',(-0.0144248736269231,0.0201369376496487,0.0119508911006234));
#9580=CARTESIAN_POINT('',(-0.0132762545334879,0.0185334802006675,0.0109992694742044));
#9581=CARTESIAN_POINT('',(-0.0125267822516423,0.0174872265557486,0.0103783377520328));
#9582=CARTESIAN_POINT('',(-0.0121997733232582,0.0170307263067996,0.0101074135004155));
#9583=CARTESIAN_POINT('',(-0.0156863449515198,0.0217710720234006,0.0130175034839533));
#9584=CARTESIAN_POINT('',(-0.0152861594472379,0.0212156547185173,0.0126854046927871));
#9585=CARTESIAN_POINT('',(-0.0144624112205776,0.0200723748768973,0.0120018072426741));
#9586=CARTESIAN_POINT('',(-0.0133108030959793,0.0184740584111528,0.01104613128244));
#9587=CARTESIAN_POINT('',(-0.012559380475663,0.0174311592502916,0.0104225541133722));
#9588=CARTESIAN_POINT('',(-0.012231520577725,0.0169761226261671,0.0101504756032511));
#9589=CARTESIAN_POINT('',(-0.0157334723241176,0.0216859936972076,0.0130878170877051));
#9590=CARTESIAN_POINT('',(-0.0153320845199101,0.0211327468860229,0.0127539244761771));
#9591=CARTESIAN_POINT('',(-0.0145058614599011,0.0199939348232607,0.0120666345976126));
#9592=CARTESIAN_POINT('',(-0.0133507934939349,0.0184018643563115,0.0111057965860784));
#9593=CARTESIAN_POINT('',(-0.0125971133321763,0.0173630407005471,0.0104788511860723));
#9594=CARTESIAN_POINT('',(-0.0122682684262191,0.0169097822963603,0.0102053030531027));
#9595=CARTESIAN_POINT('',(-0.0157860116148736,0.0215861423036375,0.0131741543898403));
#9596=CARTESIAN_POINT('',(-0.0153832834434466,0.0210354428723818,0.0128380591659829));
#9597=CARTESIAN_POINT('',(-0.0145543013501687,0.0199018743771069,0.0121462353950585));
#9598=CARTESIAN_POINT('',(-0.0133953762285501,0.0183171344690893,0.0111790589574027));
#9599=CARTESIAN_POINT('',(-0.0126391792783585,0.0172830939923274,0.0105479777436043));
#9600=CARTESIAN_POINT('',(-0.0123092362500179,0.0168319225795848,0.0102726250768727));
#9601=CARTESIAN_POINT('',(-0.0158429231478812,0.021471840559701,0.0132774336243307));
#9602=CARTESIAN_POINT('',(-0.0154387430658526,0.0209240571615415,0.0129387035704563));
#9603=CARTESIAN_POINT('',(-0.0146067723366281,0.0197964910753149,0.0122414562233882));
#9604=CARTESIAN_POINT('',(-0.0134436690725552,0.0182201425941963,0.0112666975729282));
#9605=CARTESIAN_POINT('',(-0.0126847458905109,0.0171915775112372,0.0106306689763427));
#9606=CARTESIAN_POINT('',(-0.0123536133556625,0.0167427951163453,0.0103531576729508));
#9607=CARTESIAN_POINT('',(-0.0159031567752256,0.0213434470454009,0.0133985304568019));
#9608=CARTESIAN_POINT('',(-0.0154974400302836,0.0207989391855153,0.013056711015494));
#9609=CARTESIAN_POINT('',(-0.014662306209602,0.0196781155195304,0.0123531044240442));
#9610=CARTESIAN_POINT('',(-0.0134947809125547,0.0181111930082391,0.0113694554873787));
#9611=CARTESIAN_POINT('',(-0.0127329723604493,0.0170887783568334,0.0107276259920212));
#9612=CARTESIAN_POINT('',(-0.0124005808840837,0.0166426795115271,0.0104475836468055));
#9613=CARTESIAN_POINT('',(-0.0159656495109004,0.0212013531069276,0.0135382861616041));
#9614=CARTESIAN_POINT('',(-0.0155583384693254,0.0206604703065827,0.0131929013130981));
#9615=CARTESIAN_POINT('',(-0.0147199229230187,0.019547108520991,0.0124819556305884));
#9616=CARTESIAN_POINT('',(-0.0135478097412631,0.0179906177918968,0.0114880465724219));
#9617=CARTESIAN_POINT('',(-0.0127830076010825,0.0169750098631475,0.0108395223627615));
#9618=CARTESIAN_POINT('',(-0.0124493099656337,0.0165318809196449,0.0105565589871047));
#9619=CARTESIAN_POINT('',(-0.0160293298290894,0.0210459787603809,0.0136975082142109));
#9620=CARTESIAN_POINT('',(-0.0156203941936191,0.0205090598255138,0.0133480613386608));
#9621=CARTESIAN_POINT('',(-0.0147786345573192,0.0194038573238619,0.0126287543148772));
#9622=CARTESIAN_POINT('',(-0.0136018463048554,0.0178587733539834,0.011623156019354));
#9623=CARTESIAN_POINT('',(-0.0128339936878617,0.0168506083189722,0.010967004599381));
#9624=CARTESIAN_POINT('',(-0.0124989650716977,0.0164107268507456,0.0106807133276414));
#9625=CARTESIAN_POINT('',(-0.0160931205155511,0.0208777694608124,0.013876971500215));
#9626=CARTESIAN_POINT('',(-0.015682557470502,0.0203451418330394,0.0135229462091174));
#9627=CARTESIAN_POINT('',(-0.0148374479483612,0.0192487726263747,0.0127942149017258));
#9628=CARTESIAN_POINT('',(-0.0136559765225366,0.017716037689787,0.011775441365006));
#9629=CARTESIAN_POINT('',(-0.0128850681417611,0.0167159303809722,0.0111106931193838));
#9630=CARTESIAN_POINT('',(-0.0125487062380775,0.0162795646510492,0.0108206508900557));
#9631=CARTESIAN_POINT('',(-0.0161559391879747,0.0206971927374553,0.0140774229453195));
#9632=CARTESIAN_POINT('',(-0.0157437735310885,0.0201691719309222,0.013718283794818));
#9633=CARTESIAN_POINT('',(-0.0148953651671734,0.0190822854785958,0.0129790260376417));
#9634=CARTESIAN_POINT('',(-0.0137092819280958,0.0175628075258608,0.0119455364205678));
#9635=CARTESIAN_POINT('',(-0.0129353643459044,0.016571350379659,0.0112711859539953));
#9636=CARTESIAN_POINT('',(-0.0125976894707419,0.0161387588792504,0.0109769540940977));
#9637=CARTESIAN_POINT('',(-0.016216704829955,0.0205047327367323,0.0142995811925748));
#9638=CARTESIAN_POINT('',(-0.0158029889375516,0.0199816219141809,0.013934774404999));
#9639=CARTESIAN_POINT('',(-0.0149513895441151,0.0189048422512174,0.0131838502932462));
#9640=CARTESIAN_POINT('',(-0.0137608452143744,0.0173994936894386,0.012134050997705));
#9641=CARTESIAN_POINT('',(-0.0129840167770372,0.0164172559502112,0.0114490584897396));
#9642=CARTESIAN_POINT('',(-0.012645071840733,0.0159886870513959,0.0111501833059513));
#9643=CARTESIAN_POINT('',(-0.0162743361251751,0.0203008872004735,0.0145441436964151));
#9644=CARTESIAN_POINT('',(-0.0158591499598043,0.0197829768263997,0.0141730977008383));
#9645=CARTESIAN_POINT('',(-0.0150045241330346,0.0187169018495517,0.0134093307037945));
#9646=CARTESIAN_POINT('',(-0.0138097488197212,0.0172265185442711,0.0123415769282732));
#9647=CARTESIAN_POINT('',(-0.0130301596717786,0.0162540456130642,0.0116448691483286));
#9648=CARTESIAN_POINT('',(-0.0126900101852348,0.0158297372846316,0.0113408823698509));
#9649=CARTESIAN_POINT('',(-0.0163277540753311,0.0200861639726175,0.0148117886698104));
#9650=CARTESIAN_POINT('',(-0.0159112051266358,0.0195737315555494,0.0144339145929325));
#9651=CARTESIAN_POINT('',(-0.015053774124929,0.0185189324927984,0.0136560925644017));
#9652=CARTESIAN_POINT('',(-0.0138550771494572,0.0170443130263536,0.0125686897165934));
#9653=CARTESIAN_POINT('',(-0.0130729291226808,0.0160821259769769,0.0118591609456631));
#9654=CARTESIAN_POINT('',(-0.0127316631489158,0.0156623055732831,0.0115495801263855));
#9655=CARTESIAN_POINT('',(-0.0163758809793848,0.0198610782110348,0.0151031809192706));
#9656=CARTESIAN_POINT('',(-0.0159581042310059,0.0193543881169415,0.0147178729274395));
#9657=CARTESIAN_POINT('',(-0.0150981459068418,0.0183114091434161,0.0139247488097671));
#9658=CARTESIAN_POINT('',(-0.0138959157097119,0.0168533142779903,0.0128159534908025));
#9659=CARTESIAN_POINT('',(-0.0131114622609609,0.0159019095066578,0.0120924661636689));
#9660=CARTESIAN_POINT('',(-0.012769190387995,0.0154867936147574,0.0117767949623767));
#9661=CARTESIAN_POINT('',(-0.0164333256107582,0.0195379082736338,0.01553759196038));
#9662=CARTESIAN_POINT('',(-0.016014083351526,0.0190394627976952,0.015141201399468));
#9663=CARTESIAN_POINT('',(-0.0151511083964405,0.0180134546777157,0.0143252647447858));
#9664=CARTESIAN_POINT('',(-0.0139446609196059,0.0165790852325001,0.0131845772746602));
#9665=CARTESIAN_POINT('',(-0.0131574557020035,0.0156431612632231,0.0124402803654466));
#9666=CARTESIAN_POINT('',(-0.0128139831802544,0.0152347999379869,0.0121155295500032));
#9667=CARTESIAN_POINT('',(-0.0164621478762652,0.0192966423508019,0.015881263026976));
#9668=CARTESIAN_POINT('',(-0.0160421703117154,0.0188043519814412,0.0154761048290193));
#9669=CARTESIAN_POINT('',(-0.015177681792433,0.0177910136310417,0.0146421207303635));
#9670=CARTESIAN_POINT('',(-0.0139691183379612,0.0163743566483392,0.0134762027560189));
#9671=CARTESIAN_POINT('',(-0.0131805324480391,0.0154499900349974,0.0127154429796308));
#9672=CARTESIAN_POINT('',(-0.0128364575128498,0.0150466714026945,0.012383509103942));
#9673=CARTESIAN_POINT('',(-0.0164755651781123,0.0191347345465505,0.0161200470373666));
#9674=CARTESIAN_POINT('',(-0.016055245315231,0.0186465747223545,0.0157087970506658));
#9675=CARTESIAN_POINT('',(-0.0151900522036016,0.0176417387520216,0.0148622735168693));
#9676=CARTESIAN_POINT('',(-0.0139805037220974,0.0162369681802956,0.0136788252888397));
#9677=CARTESIAN_POINT('',(-0.0131912751034745,0.0153203574327655,0.0129066270475109));
#9678=CARTESIAN_POINT('',(-0.0128469197335996,0.0149204228313723,0.0125697023532778));
#9679=CARTESIAN_POINT('',(-0.0153418976676498,0.0183115445899656,0.014443146840487));
#9680=CARTESIAN_POINT('',(-0.0151187973954148,0.0183115445899656,0.0139566297991607));
#9681=CARTESIAN_POINT('',(-0.0147596160071323,0.0183115445899656,0.0132404053297344));
#9682=CARTESIAN_POINT('',(-0.0142172391472056,0.0183115445899656,0.0123184084972104));
#9683=CARTESIAN_POINT('',(-0.0137677019903081,0.0183115445899657,0.0116531501506924));
#9684=CARTESIAN_POINT('',(-0.0132881971091496,0.0183115445899657,0.0110143251797812));
#9685=CARTESIAN_POINT('',(-0.0127837340298639,0.0183115445899656,0.0105684174302798));
#9686=CARTESIAN_POINT('',(-0.0124514794046159,0.0183115445899657,0.0101514443794789));
#9687=CARTESIAN_POINT('',(-0.0122654706749772,0.0183115445899656,0.00980056889789244));
#9688=CARTESIAN_POINT('',(-0.0122229448962796,0.0183115445899656,0.00937947551182848));
#9689=CARTESIAN_POINT('',(-0.0124721743687081,0.0183115445899643,0.00905285372815578));
#9690=CARTESIAN_POINT('',(-0.0127090195885522,0.0183115445899665,0.00871752444410088));
#9691=CARTESIAN_POINT('',(-0.0131248299932529,0.0183115445899636,0.00863757447079992));
#9692=CARTESIAN_POINT('',(-0.0135157932694883,0.0183115445899662,0.00870892382897289));
#9693=CARTESIAN_POINT('',(-0.0140104201853351,0.0183115445899653,0.0088974622178021));
#9694=CARTESIAN_POINT('',(-0.0145916137553838,0.0183115445899657,0.00923837110053184));
#9695=CARTESIAN_POINT('',(-0.0153446090643488,0.0183115445899656,0.00949503932927967));
#9696=CARTESIAN_POINT('',(-0.0161115196056675,0.0183115445899656,0.00971541858326865));
#9697=CARTESIAN_POINT('',(-0.0171560085059094,0.0183115445899657,0.00994620843725797));
#9698=CARTESIAN_POINT('',(-0.01794657571959,0.0183115445899656,0.0100661190603214));
#9699=CARTESIAN_POINT('',(-0.0184771560237025,0.0183115445899656,0.0101278339231867));
#9700=CARTESIAN_POINT('',(-0.0153418976676498,0.0183115445899656,0.014443146840487));
#9701=CARTESIAN_POINT('',(-0.0184771560237025,0.0183115445899656,0.0101278339231867));
#9702=CARTESIAN_POINT('',(-0.0160113001434795,0.0190967349302385,0.0150876859629106));
#9703=CARTESIAN_POINT('',(-0.0157881698153185,0.0188350044538018,0.0148728360526274));
#9704=CARTESIAN_POINT('',(-0.0155650358247663,0.0185732743256397,0.0146579895218924));
#9705=CARTESIAN_POINT('',(-0.0153418976676499,0.0183115445899657,0.0144431468404869));
#9706=CARTESIAN_POINT('',(-0.0160113001434796,0.0190967349302385,0.0150876859629107));
#9707=CARTESIAN_POINT('',(-0.016075798884415,0.0193008123878559,0.0150189443779439));
#9708=CARTESIAN_POINT('',(-0.0160546040680078,0.0192326135808412,0.0150416306332079));
#9709=CARTESIAN_POINT('',(-0.0160331041122724,0.0191645888026442,0.0150645472331201));
#9710=CARTESIAN_POINT('',(-0.0160113001434795,0.0190967349302385,0.0150876859629107));
#9711=CARTESIAN_POINT('',(-0.0160757988844187,0.0193008123878541,0.0150189443779422));
#9712=CARTESIAN_POINT('',(-0.0192515599719607,0.0193008123878541,0.0106478842333113));
#9713=CARTESIAN_POINT('',(-0.0189043731930803,0.0195702205982187,0.0107189693851107));
#9714=CARTESIAN_POINT('',(-0.0183872890182222,0.0199814152269912,0.0107928825152827));
#9715=CARTESIAN_POINT('',(-0.0177134994608563,0.0205520008019112,0.0108058345183307));
#9716=CARTESIAN_POINT('',(-0.0172151435947384,0.0209966475116266,0.0107661845623865));
#9717=CARTESIAN_POINT('',(-0.0167442669725793,0.0214598628653909,0.010643957025055));
#9718=CARTESIAN_POINT('',(-0.0163206739471789,0.0219328522393404,0.010428755357154));
#9719=CARTESIAN_POINT('',(-0.0158459626890008,0.0222974295047687,0.0104928303555103));
#9720=CARTESIAN_POINT('',(-0.0155013992164593,0.0224256349215793,0.0107710630993376));
#9721=CARTESIAN_POINT('',(-0.0152370248507723,0.0224290115667116,0.0111389598875524));
#9722=CARTESIAN_POINT('',(-0.014879077909639,0.0224265741287693,0.0116179899346824));
#9723=CARTESIAN_POINT('',(-0.0149246853834954,0.0220073883911542,0.0122271772508926));
#9724=CARTESIAN_POINT('',(-0.0152433400165256,0.0215277174588024,0.0125942290671843));
#9725=CARTESIAN_POINT('',(-0.0155363802134356,0.0210494434331495,0.0129903807641156));
#9726=CARTESIAN_POINT('',(-0.015733253526177,0.0205957163770431,0.0134606121819891));
#9727=CARTESIAN_POINT('',(-0.0159438236995519,0.0199982632001421,0.0141300597413705));
#9728=CARTESIAN_POINT('',(-0.0160352790408265,0.0195759184491148,0.0146593355828494));
#9729=CARTESIAN_POINT('',(-0.016075798884411,0.0193008123878574,0.0150189443779455));
#9730=CARTESIAN_POINT('',(-0.0192515599719607,0.0193008123878541,0.0106478842333114));
#9731=CARTESIAN_POINT('',(-0.0192970058972143,0.0190967349302385,0.010565299967482));
#9732=CARTESIAN_POINT('',(-0.0192817374543703,0.019164588802643,0.0105931870348165));
#9733=CARTESIAN_POINT('',(-0.0192665863243971,0.0192326135808408,0.0106207163266408));
#9734=CARTESIAN_POINT('',(-0.0192515599719607,0.0193008123878541,0.0106478842333114));
#9735=CARTESIAN_POINT('',(-0.0192970058972144,0.0190967349302386,0.010565299967482));
#9736=CARTESIAN_POINT('',(-0.0184771560237105,0.0183115445899585,0.0101278339231845));
#9737=CARTESIAN_POINT('',(-0.018750437038594,0.0185732743257398,0.0102736608819326));
#9738=CARTESIAN_POINT('',(-0.0190237204267542,0.0188350044538999,0.0104194826884735));
#9739=CARTESIAN_POINT('',(-0.0192970058972143,0.0190967349302386,0.010565299967482));
#9740=CARTESIAN_POINT('',(-0.0161200470373666,0.0191347345465505,0.0164755651781123));
#9741=CARTESIAN_POINT('',(-0.0157087970506658,0.0186465747223545,0.016055245315231));
#9742=CARTESIAN_POINT('',(-0.0148622735168693,0.0176417387520216,0.0151900522036016));
#9743=CARTESIAN_POINT('',(-0.0136788252888398,0.0162369681802956,0.0139805037220975));
#9744=CARTESIAN_POINT('',(-0.0129066270475109,0.0153203574327656,0.0131912751034746));
#9745=CARTESIAN_POINT('',(-0.0125697023532779,0.0149204228313725,0.0128469197335997));
#9746=CARTESIAN_POINT('',(-0.0158812630269759,0.0192966423508019,0.0164621478762651));
#9747=CARTESIAN_POINT('',(-0.0154761048290194,0.0188043519814412,0.0160421703117154));
#9748=CARTESIAN_POINT('',(-0.0146421207303635,0.0177910136310416,0.015177681792433));
#9749=CARTESIAN_POINT('',(-0.0134762027560189,0.0163743566483392,0.0139691183379612));
#9750=CARTESIAN_POINT('',(-0.0127154429796309,0.0154499900349975,0.0131805324480392));
#9751=CARTESIAN_POINT('',(-0.0123835091039421,0.0150466714026946,0.0128364575128499));
#9752=CARTESIAN_POINT('',(-0.0155375919603799,0.0195379082736338,0.0164333256107581));
#9753=CARTESIAN_POINT('',(-0.015141201399468,0.0190394627976952,0.016014083351526));
#9754=CARTESIAN_POINT('',(-0.0143252647447858,0.0180134546777157,0.0151511083964405));
#9755=CARTESIAN_POINT('',(-0.0131845772746603,0.0165790852325002,0.013944660919606));
#9756=CARTESIAN_POINT('',(-0.0124402803654467,0.0156431612632232,0.0131574557020036));
#9757=CARTESIAN_POINT('',(-0.0121155295500034,0.0152347999379871,0.0128139831802545));
#9758=CARTESIAN_POINT('',(-0.0151031809192705,0.0198610782110348,0.0163758809793848));
#9759=CARTESIAN_POINT('',(-0.0147178729274395,0.0193543881169415,0.0159581042310059));
#9760=CARTESIAN_POINT('',(-0.0139247488097671,0.0183114091434161,0.0150981459068418));
#9761=CARTESIAN_POINT('',(-0.0128159534908026,0.0168533142779903,0.0138959157097119));
#9762=CARTESIAN_POINT('',(-0.012092466163669,0.0159019095066579,0.0131114622609609));
#9763=CARTESIAN_POINT('',(-0.0117767949623768,0.0154867936147575,0.0127691903879951));
#9764=CARTESIAN_POINT('',(-0.0148117886698104,0.0200861639726175,0.016327754075331));
#9765=CARTESIAN_POINT('',(-0.0144339145929325,0.0195737315555494,0.0159112051266358));
#9766=CARTESIAN_POINT('',(-0.0136560925644017,0.0185189324927984,0.015053774124929));
#9767=CARTESIAN_POINT('',(-0.0125686897165935,0.0170443130263537,0.0138550771494573));
#9768=CARTESIAN_POINT('',(-0.0118591609456632,0.016082125976977,0.0130729291226808));
#9769=CARTESIAN_POINT('',(-0.0115495801263856,0.0156623055732833,0.0127316631489159));
#9770=CARTESIAN_POINT('',(-0.0145441436964151,0.0203008872004734,0.0162743361251751));
#9771=CARTESIAN_POINT('',(-0.0141730977008383,0.0197829768263997,0.0158591499598042));
#9772=CARTESIAN_POINT('',(-0.0134093307037946,0.0187169018495517,0.0150045241330346));
#9773=CARTESIAN_POINT('',(-0.0123415769282732,0.0172265185442712,0.0138097488197212));
#9774=CARTESIAN_POINT('',(-0.0116448691483287,0.0162540456130643,0.0130301596717787));
#9775=CARTESIAN_POINT('',(-0.0113408823698511,0.0158297372846317,0.012690010185235));
#9776=CARTESIAN_POINT('',(-0.0142995811925748,0.0205047327367323,0.016216704829955));
#9777=CARTESIAN_POINT('',(-0.013934774404999,0.0199816219141809,0.0158029889375515));
#9778=CARTESIAN_POINT('',(-0.0131838502932462,0.0189048422512174,0.0149513895441151));
#9779=CARTESIAN_POINT('',(-0.012134050997705,0.0173994936894386,0.0137608452143745));
#9780=CARTESIAN_POINT('',(-0.0114490584897397,0.0164172559502113,0.0129840167770373));
#9781=CARTESIAN_POINT('',(-0.0111501833059514,0.015988687051396,0.0126450718407331));
#9782=CARTESIAN_POINT('',(-0.0140774229453195,0.0206971927374552,0.0161559391879747));
#9783=CARTESIAN_POINT('',(-0.013718283794818,0.0201691719309221,0.0157437735310884));
#9784=CARTESIAN_POINT('',(-0.0129790260376417,0.0190822854785958,0.0148953651671734));
#9785=CARTESIAN_POINT('',(-0.0119455364205678,0.0175628075258608,0.0137092819280958));
#9786=CARTESIAN_POINT('',(-0.0112711859539954,0.0165713503796591,0.0129353643459045));
#9787=CARTESIAN_POINT('',(-0.0109769540940978,0.0161387588792506,0.012597689470742));
#9788=CARTESIAN_POINT('',(-0.013876971500215,0.0208777694608123,0.016093120515551));
#9789=CARTESIAN_POINT('',(-0.0135229462091174,0.0203451418330394,0.015682557470502));
#9790=CARTESIAN_POINT('',(-0.0127942149017258,0.0192487726263747,0.0148374479483612));
#9791=CARTESIAN_POINT('',(-0.011775441365006,0.017716037689787,0.0136559765225367));
#9792=CARTESIAN_POINT('',(-0.0111106931193839,0.0167159303809723,0.0128850681417612));
#9793=CARTESIAN_POINT('',(-0.0108206508900558,0.0162795646510493,0.0125487062380776));
#9794=CARTESIAN_POINT('',(-0.0136975082142109,0.0210459787603809,0.0160293298290893));
#9795=CARTESIAN_POINT('',(-0.0133480613386608,0.0205090598255138,0.0156203941936191));
#9796=CARTESIAN_POINT('',(-0.0126287543148772,0.0194038573238619,0.0147786345573192));
#9797=CARTESIAN_POINT('',(-0.0116231560193541,0.0178587733539835,0.0136018463048554));
#9798=CARTESIAN_POINT('',(-0.010967004599381,0.0168506083189723,0.0128339936878618));
#9799=CARTESIAN_POINT('',(-0.0106807133276415,0.0164107268507458,0.0124989650716978));
#9800=CARTESIAN_POINT('',(-0.0135382861616041,0.0212013531069275,0.0159656495109004));
#9801=CARTESIAN_POINT('',(-0.0131929013130981,0.0206604703065826,0.0155583384693254));
#9802=CARTESIAN_POINT('',(-0.0124819556305883,0.019547108520991,0.0147199229230187));
#9803=CARTESIAN_POINT('',(-0.0114880465724219,0.0179906177918968,0.0135478097412632));
#9804=CARTESIAN_POINT('',(-0.0108395223627615,0.0169750098631476,0.0127830076010826));
#9805=CARTESIAN_POINT('',(-0.0105565589871048,0.0165318809196451,0.0124493099656338));
#9806=CARTESIAN_POINT('',(-0.0133985304568019,0.0213434470454008,0.0159031567752256));
#9807=CARTESIAN_POINT('',(-0.013056711015494,0.0207989391855153,0.0154974400302836));
#9808=CARTESIAN_POINT('',(-0.0123531044240442,0.0196781155195304,0.0146623062096019));
#9809=CARTESIAN_POINT('',(-0.0113694554873788,0.0181111930082391,0.0134947809125547));
#9810=CARTESIAN_POINT('',(-0.0107276259920212,0.0170887783568334,0.0127329723604494));
#9811=CARTESIAN_POINT('',(-0.0104475836468056,0.0166426795115272,0.0124005808840838));
#9812=CARTESIAN_POINT('',(-0.0132774336243307,0.0214718405597009,0.0158429231478812));
#9813=CARTESIAN_POINT('',(-0.0129387035704563,0.0209240571615415,0.0154387430658526));
#9814=CARTESIAN_POINT('',(-0.0122414562233882,0.0197964910753149,0.0146067723366281));
#9815=CARTESIAN_POINT('',(-0.0112666975729282,0.0182201425941964,0.0134436690725552));
#9816=CARTESIAN_POINT('',(-0.0106306689763427,0.0171915775112373,0.012684745890511));
#9817=CARTESIAN_POINT('',(-0.0103531576729509,0.0167427951163454,0.0123536133556626));
#9818=CARTESIAN_POINT('',(-0.0131741543898403,0.0215861423036374,0.0157860116148736));
#9819=CARTESIAN_POINT('',(-0.0128380591659829,0.0210354428723818,0.0153832834434466));
#9820=CARTESIAN_POINT('',(-0.0121462353950586,0.0199018743771069,0.0145543013501687));
#9821=CARTESIAN_POINT('',(-0.0111790589574027,0.0183171344690893,0.0133953762285501));
#9822=CARTESIAN_POINT('',(-0.0105479777436043,0.0172830939923275,0.0126391792783586));
#9823=CARTESIAN_POINT('',(-0.0102726250768728,0.016831922579585,0.012309236250018));
#9824=CARTESIAN_POINT('',(-0.0130878170877051,0.0216859936972076,0.0157334723241175));
#9825=CARTESIAN_POINT('',(-0.0127539244761771,0.0211327468860229,0.01533208451991));
#9826=CARTESIAN_POINT('',(-0.0120666345976125,0.0199939348232607,0.0145058614599011));
#9827=CARTESIAN_POINT('',(-0.0111057965860784,0.0184018643563116,0.013350793493935));
#9828=CARTESIAN_POINT('',(-0.0104788511860723,0.0173630407005472,0.0125971133321763));
#9829=CARTESIAN_POINT('',(-0.0102053030531028,0.0169097822963604,0.0122682684262192));
#9830=CARTESIAN_POINT('',(-0.0130175034839533,0.0217710720234005,0.0156863449515198));
#9831=CARTESIAN_POINT('',(-0.0126854046927871,0.0212156547185173,0.0152861594472379));
#9832=CARTESIAN_POINT('',(-0.0120018072426741,0.0200723748768973,0.0144624112205776));
#9833=CARTESIAN_POINT('',(-0.0110461312824401,0.0184740584111529,0.0133108030959793));
#9834=CARTESIAN_POINT('',(-0.0104225541133723,0.0174311592502917,0.012559380475663));
#9835=CARTESIAN_POINT('',(-0.0101504756032512,0.0169761226261673,0.0122315205777251));
#9836=CARTESIAN_POINT('',(-0.0129622783796726,0.021841098653743,0.015645630603564));
#9837=CARTESIAN_POINT('',(-0.0126315884754251,0.0212838948496808,0.0152464837919743));
#9838=CARTESIAN_POINT('',(-0.0119508911006234,0.0201369376496487,0.0144248736269231));
#9839=CARTESIAN_POINT('',(-0.0109992694742044,0.0185334802006676,0.0132762545334879));
#9840=CARTESIAN_POINT('',(-0.0103783377520329,0.0174872265557487,0.0125267822516424));
#9841=CARTESIAN_POINT('',(-0.0101074135004156,0.0170307263067997,0.0121997733232583));
#9842=CARTESIAN_POINT('',(-0.0129211129923503,0.0218958281438192,0.015612360072001));
#9843=CARTESIAN_POINT('',(-0.0125914732875811,0.0213372280968048,0.0152140620486084));
#9844=CARTESIAN_POINT('',(-0.0119129376601407,0.0201873968480037,0.014394199042724));
#9845=CARTESIAN_POINT('',(-0.0109643381777992,0.0185799214505699,0.0132480224949918));
#9846=CARTESIAN_POINT('',(-0.0103453784002269,0.0175310461001505,0.0125001439706522));
#9847=CARTESIAN_POINT('',(-0.0100753145453258,0.0170734019515177,0.0121738304288044));
#9848=CARTESIAN_POINT('',(-0.0128829604052827,0.0219492616742943,0.0155783966500474));
#9849=CARTESIAN_POINT('',(-0.0125542940383014,0.0213892984464749,0.0151809650916716));
#9850=CARTESIAN_POINT('',(-0.0118777619448925,0.0202366612045563,0.0143628856312015));
#9851=CARTESIAN_POINT('',(-0.0109319634228369,0.0186252630011399,0.0132192024975044));
#9852=CARTESIAN_POINT('',(-0.0103148312677627,0.0175738280255429,0.012472950922183));
#9853=CARTESIAN_POINT('',(-0.0100455648391161,0.017115067064045,0.012147347248956));
#9854=CARTESIAN_POINT('',(-0.0128404484347587,0.0220132546794096,0.01553541079993));
#9855=CARTESIAN_POINT('',(-0.0125128666208976,0.0214516588805162,0.0151390758841539));
#9856=CARTESIAN_POINT('',(-0.0118385669889345,0.0202956611282528,0.0143232537703069));
#9857=CARTESIAN_POINT('',(-0.0108958894699425,0.0186795648983148,0.0131827264293958));
#9858=CARTESIAN_POINT('',(-0.0102807937648115,0.0176250644672702,0.012438534004261));
#9859=CARTESIAN_POINT('',(-0.0100124158777825,0.0171649659895956,0.0121138287771969));
#9860=CARTESIAN_POINT('',(-0.0127649270692455,0.0221181533527145,0.0154691867641103));
#9861=CARTESIAN_POINT('',(-0.0124392719346609,0.0215538814091486,0.0150745413368193));
#9862=CARTESIAN_POINT('',(-0.0117689382100592,0.0203923750379952,0.0142621968930247));
#9863=CARTESIAN_POINT('',(-0.0108318050685735,0.0187685777046574,0.0131265313690588));
#9864=CARTESIAN_POINT('',(-0.0102203270616723,0.0177090523148855,0.012385511272384));
#9865=CARTESIAN_POINT('',(-0.00995352764478826,0.017246761352701,0.0120621901922128));
#9866=CARTESIAN_POINT('',(-0.0126599175098628,0.0222514794713918,0.0153915709211633));
#9867=CARTESIAN_POINT('',(-0.0123369413488444,0.0216838061503729,0.0149989056068526));
#9868=CARTESIAN_POINT('',(-0.0116721220661724,0.0205152983296042,0.0141906370592075));
#9869=CARTESIAN_POINT('',(-0.0107426981687533,0.0188817129008263,0.0130606696781558));
#9870=CARTESIAN_POINT('',(-0.0101362504323526,0.0178158007930674,0.012323367611415));
#9871=CARTESIAN_POINT('',(-0.00987164581760561,0.0173507231850584,0.0120016687780085));
#9872=CARTESIAN_POINT('',(-0.0125223377431099,0.0224027024941672,0.0153169587903485));
#9873=CARTESIAN_POINT('',(-0.0122028714773862,0.0218311712150443,0.0149261969591811));
#9874=CARTESIAN_POINT('',(-0.0115452770191865,0.0206547221117635,0.0141218465716068));
#9875=CARTESIAN_POINT('',(-0.0106259534974549,0.0190100346919105,0.0129973568168796));
#9876=CARTESIAN_POINT('',(-0.0100260962414469,0.0179368785511804,0.0122636288933198));
#9877=CARTESIAN_POINT('',(-0.009764367177915,0.0174686402346081,0.0119434895261668));
#9878=CARTESIAN_POINT('',(-0.0123702479450049,0.0225450424410701,0.01526314330941));
#9879=CARTESIAN_POINT('',(-0.0120546617503073,0.0219698798263105,0.0148737544032575));
#9880=CARTESIAN_POINT('',(-0.0114050540922111,0.0207859559238202,0.014072230066438));
#9881=CARTESIAN_POINT('',(-0.0104968961955953,0.019130818661138,0.0129516911584676));
#9882=CARTESIAN_POINT('',(-0.0099043244936771,0.0180508440132153,0.0122205411566497));
#9883=CARTESIAN_POINT('',(-0.00964577425515751,0.0175796306530234,0.0119015265854987));
#9884=CARTESIAN_POINT('',(-0.0121935408801856,0.0226806788134274,0.0152349518296962));
#9885=CARTESIAN_POINT('',(-0.0118824627851163,0.02210205588269,0.0148462821364362));
#9886=CARTESIAN_POINT('',(-0.0112421346712181,0.0209110092105841,0.0140462382389092));
#9887=CARTESIAN_POINT('',(-0.0103469496686798,0.0192459142459081,0.0129277689996336));
#9888=CARTESIAN_POINT('',(-0.00976284276121088,0.0181594422119697,0.012197969453618));
#9889=CARTESIAN_POINT('',(-0.0095079858725708,0.0176853939193996,0.0118795441118695));
#9890=CARTESIAN_POINT('',(-0.0119798639040884,0.022804608746436,0.0152471343079854));
#9891=CARTESIAN_POINT('',(-0.0116742370743519,0.022222824151022,0.014858153818856));
#9892=CARTESIAN_POINT('',(-0.0110451299319855,0.0210252694579041,0.0140574701741528));
#9893=CARTESIAN_POINT('',(-0.0101656319580363,0.0193510762158299,0.0129381065620313));
#9894=CARTESIAN_POINT('',(-0.00959176081382366,0.0182586675691697,0.0122077234390393));
#9895=CARTESIAN_POINT('',(-0.00934136998224094,0.0177820290202134,0.0118890434716211));
#9896=CARTESIAN_POINT('',(-0.0117537098081661,0.0228881003186312,0.0153150634065264));
#9897=CARTESIAN_POINT('',(-0.0114538525564417,0.0223041857103286,0.0149243499298438));
#9898=CARTESIAN_POINT('',(-0.0108366216055044,0.0211022465646981,0.0141200990759128));
#9899=CARTESIAN_POINT('',(-0.00997372666400677,0.0194219238148786,0.012995748470198));
#9900=CARTESIAN_POINT('',(-0.00941068897423352,0.0183255156733617,0.0122621113411657));
#9901=CARTESIAN_POINT('',(-0.00916502498367313,0.0178471320691728,0.011942011589382));
#9902=CARTESIAN_POINT('',(-0.0114605137621966,0.02291231083968,0.0155001345257031));
#9903=CARTESIAN_POINT('',(-0.0111681364433611,0.0223277785795532,0.0151046995680519));
#9904=CARTESIAN_POINT('',(-0.0105663023056188,0.0211245680495535,0.0142907299423676));
#9905=CARTESIAN_POINT('',(-0.00972493226043591,0.0194424678918785,0.013152792398132));
#9906=CARTESIAN_POINT('',(-0.00917593953408848,0.0183448999943304,0.0124102898115475));
#9907=CARTESIAN_POINT('',(-0.0089364036266478,0.0178660103666551,0.0120863218929962));
#9908=CARTESIAN_POINT('',(-0.0112000104273347,0.02291231083968,0.0156894012771674));
#9909=CARTESIAN_POINT('',(-0.0109142789943796,0.0223277785795532,0.0152891378007879));
#9910=CARTESIAN_POINT('',(-0.0103261248541635,0.0211245680495535,0.0144652290751178));
#9911=CARTESIAN_POINT('',(-0.0095038795801009,0.0194424678918785,0.0133133965713249));
#9912=CARTESIAN_POINT('',(-0.00896736573899334,0.0183448999943304,0.0125618275439116));
#9913=CARTESIAN_POINT('',(-0.00873327460514679,0.0178660103666551,0.0122339037657889));
#9914=CARTESIAN_POINT('',(-0.0109333947725755,0.0228881003186312,0.0159110571662452));
#9915=CARTESIAN_POINT('',(-0.0106544651612417,0.0223041857103286,0.0155051388688081));
#9916=CARTESIAN_POINT('',(-0.0100803119991685,0.0211022465646981,0.0146695901692549));
#9917=CARTESIAN_POINT('',(-0.00927764023028597,0.0194219238148786,0.0135014848674638));
#9918=CARTESIAN_POINT('',(-0.00875389807273731,0.0183255156733617,0.0127392978631097));
#9919=CARTESIAN_POINT('',(-0.008525379465928,0.0178471320691728,0.0124067412608718));
#9920=CARTESIAN_POINT('',(-0.0107989049017746,0.022804608746436,0.0161051512469971));
#9921=CARTESIAN_POINT('',(-0.0105234063572019,0.022222824151022,0.0156942812774003));
#9922=CARTESIAN_POINT('',(-0.00995631575768986,0.0210252694579041,0.0148485399768736));
#9923=CARTESIAN_POINT('',(-0.00916351752074669,0.0193510762158299,0.0136661853186504));
#9924=CARTESIAN_POINT('',(-0.00864621782837623,0.0182586675691697,0.012894700630024));
#9925=CARTESIAN_POINT('',(-0.00842051019094511,0.0177820290202134,0.0125580872723276));
#9926=CARTESIAN_POINT('',(-0.0107212888594923,0.0226806788134274,0.0163046055346716));
#9927=CARTESIAN_POINT('',(-0.0104477704329852,0.02210205588269,0.0158886471448635));
#9928=CARTESIAN_POINT('',(-0.00988475574009054,0.0209110092105841,0.0150324317589918));
#9929=CARTESIAN_POINT('',(-0.00909765566069573,0.0192459142459081,0.0138354342264163));
#9930=CARTESIAN_POINT('',(-0.00858407400780805,0.0181594422119697,0.013054395083649));
#9931=CARTESIAN_POINT('',(-0.00835998862130789,0.0176853939193996,0.0127136129369452));
#9932=CARTESIAN_POINT('',(-0.0106934950639229,0.0225450424410701,0.0164813755864716));
#9933=CARTESIAN_POINT('',(-0.0104206857047052,0.0219698798263105,0.0160609074901295));
#9934=CARTESIAN_POINT('',(-0.0098591305672317,0.0207859559238202,0.0151954092523795));
#9935=CARTESIAN_POINT('',(-0.00907407096067425,0.019130818661138,0.013985434201557));
#9936=CARTESIAN_POINT('',(-0.0085618207133345,0.0180508440132153,0.0131959272470765));
#9937=CARTESIAN_POINT('',(-0.00833831624425054,0.0175796306530234,0.0128514504340039));
#9938=CARTESIAN_POINT('',(-0.0106976782954616,0.0224027024941672,0.0166426514781918));
#9939=CARTESIAN_POINT('',(-0.0104247622148484,0.0218311712150443,0.016218068957855));
#9940=CARTESIAN_POINT('',(-0.00986298740035185,0.0206547221117635,0.0153441015241121));
#9941=CARTESIAN_POINT('',(-0.00907762068315507,0.0190100346919105,0.0141222864539746));
#9942=CARTESIAN_POINT('',(-0.00856517004657144,0.0179368785511804,0.0133250539041739));
#9943=CARTESIAN_POINT('',(-0.0083415781438712,0.0174686402346081,0.0129772062677793));
#9944=CARTESIAN_POINT('',(-0.0107261241626589,0.0222514794713918,0.0167965540282808));
#9945=CARTESIAN_POINT('',(-0.0104524823792931,0.0216838061503729,0.0163680451905127));
#9946=CARTESIAN_POINT('',(-0.00988921376667267,0.0205152983296042,0.0154859957623277));
#9947=CARTESIAN_POINT('',(-0.00910175870500323,0.0188817129008263,0.0142528819844526));
#9948=CARTESIAN_POINT('',(-0.00858794542669951,0.0178158007930674,0.0134482770443456));
#9949=CARTESIAN_POINT('',(-0.00836375897765053,0.0173507231850584,0.0130972126946554));
#9950=CARTESIAN_POINT('',(-0.0107674914774402,0.0221181533527145,0.0169204086685084));
#9951=CARTESIAN_POINT('',(-0.0104927943430811,0.0215538814091486,0.0164887400869115));
#9952=CARTESIAN_POINT('',(-0.00992735337913866,0.0203923750379952,0.015600186591618));
#9953=CARTESIAN_POINT('',(-0.00913686134895027,0.0187685777046574,0.0143579800639407));
#9954=CARTESIAN_POINT('',(-0.00862106645312096,0.0177090523148855,0.0135474421178603));
#9955=CARTESIAN_POINT('',(-0.00839601538687504,0.017246761352701,0.0131937890854764));
#9956=CARTESIAN_POINT('',(-0.0108071368928599,0.0220132546794096,0.0170126981078036));
#9957=CARTESIAN_POINT('',(-0.010531428336107,0.0214516588805162,0.0165786750646723));
#9958=CARTESIAN_POINT('',(-0.00996390544417247,0.0202956611282528,0.0156852751081928));
#9959=CARTESIAN_POINT('',(-0.00917050285817001,0.0186795648983148,0.0144362931800996));
#9960=CARTESIAN_POINT('',(-0.00865280882892049,0.0176250644672702,0.0136213342951378));
#9961=CARTESIAN_POINT('',(-0.00842692913485252,0.0171649659895956,0.0132657523235242));
#9962=CARTESIAN_POINT('',(-0.0108348819443662,0.0219492616742943,0.017066412752595));
#9963=CARTESIAN_POINT('',(-0.0105584655638683,0.0213892984464749,0.0166310193569513));
#9964=CARTESIAN_POINT('',(-0.0099894856762444,0.0202366612045563,0.0157347986449976));
#9965=CARTESIAN_POINT('',(-0.00919404619593478,0.0186252630011399,0.014481873273002));
#9966=CARTESIAN_POINT('',(-0.00867502309612306,0.0175738280255429,0.01366434129665));
#9967=CARTESIAN_POINT('',(-0.00844856350343732,0.017115067064045,0.0133076366366081));
#9968=CARTESIAN_POINT('',(-0.0108553932803476,0.0218958281438192,0.0171131932937099));
#9969=CARTESIAN_POINT('',(-0.0105784536205671,0.0213372280968048,0.0166766064464053));
#9970=CARTESIAN_POINT('',(-0.0100083966065193,0.0201873968480037,0.0157779291145121));
#9971=CARTESIAN_POINT('',(-0.00921145129287276,0.0185799214505699,0.0145215693636737));
#9972=CARTESIAN_POINT('',(-0.00869144563900674,0.0175310461001505,0.01370179646014));
#9973=CARTESIAN_POINT('',(-0.00846455733940793,0.0170734019515177,0.0133441140411948));
#9974=CARTESIAN_POINT('',(-0.0108743146319287,0.021841098653743,0.0171626250632334));
#9975=CARTESIAN_POINT('',(-0.0105968922560885,0.0212838948496808,0.016724777126894));
#9976=CARTESIAN_POINT('',(-0.0100258416116024,0.0201369376496487,0.0158235039492119));
#9977=CARTESIAN_POINT('',(-0.00922750719282799,0.0185334802006676,0.0145635151804237));
#9978=CARTESIAN_POINT('',(-0.00870659514989371,0.0174872265557487,0.0137413743479749));
#9979=CARTESIAN_POINT('',(-0.00847931137560546,0.0170307263067997,0.0133826587568688));
#9980=CARTESIAN_POINT('',(-0.0108959707821198,0.0217710720234005,0.0172277286839559));
#9981=CARTESIAN_POINT('',(-0.0106179959208274,0.0212156547185173,0.0167882198428379));
#9982=CARTESIAN_POINT('',(-0.0100458080314718,0.0200723748768973,0.015883527832261));
#9983=CARTESIAN_POINT('',(-0.00924588373318216,0.0184740584111529,0.0146187595014527));
#9984=CARTESIAN_POINT('',(-0.00872393429618491,0.0174311592502917,0.0137935000117624));
#9985=CARTESIAN_POINT('',(-0.00849619788725083,0.0169761226261673,0.013433423691531));
#9986=CARTESIAN_POINT('',(-0.0109190634784298,0.0216859936972076,0.0173091640540212));
#9987=CARTESIAN_POINT('',(-0.0106404994829352,0.0211327468860229,0.0168675776572497));
#9988=CARTESIAN_POINT('',(-0.0100670989103387,0.0199939348232607,0.01595860917297));
#9989=CARTESIAN_POINT('',(-0.00926547926894828,0.0184018643563116,0.0146878622898547));
#9990=CARTESIAN_POINT('',(-0.00874242362305245,0.0173630407005472,0.013858701803511));
#9991=CARTESIAN_POINT('',(-0.00851420455425856,0.0169097822963604,0.0134969234046755));
#9992=CARTESIAN_POINT('',(-0.0109423516196565,0.0215861423036374,0.0174075112415322));
#9993=CARTESIAN_POINT('',(-0.0106631935038255,0.0210354428723818,0.0169634158397025));
#9994=CARTESIAN_POINT('',(-0.0100885699844497,0.0199018743771069,0.0160492827793816));
#9995=CARTESIAN_POINT('',(-0.00928524065143088,0.0183171344690893,0.0147713157681537));
#9996=CARTESIAN_POINT('',(-0.00876106943424315,0.0172830939923275,0.0139374441587556));
#9997=CARTESIAN_POINT('',(-0.0085323636206002,0.016831922579585,0.0135736102078486));
#9998=CARTESIAN_POINT('',(-0.0109645626653521,0.0214718405597009,0.0175233222613677));
#9999=CARTESIAN_POINT('',(-0.0106848379077349,0.0209240571615415,0.0170762723222306));
#10000=CARTESIAN_POINT('',(-0.010109048003866,0.0197964910753149,0.0161560575951791));
#10001=CARTESIAN_POINT('',(-0.00930408805385151,0.0182201425941964,0.0148695883540326));
#10002=CARTESIAN_POINT('',(-0.00877885286145424,0.0171915775112373,0.0140301690520231));
#10003=CARTESIAN_POINT('',(-0.0085496828153086,0.0167427951163454,0.0136639145379282));
#10004=CARTESIAN_POINT('',(-0.0109844272699396,0.0213434470454008,0.0176571054074743));
#10005=CARTESIAN_POINT('',(-0.0107041957322644,0.0207989391855153,0.0172066424313325));
#10006=CARTESIAN_POINT('',(-0.0101273626642388,0.0196781155195304,0.016279402254458));
#10007=CARTESIAN_POINT('',(-0.00932094436047108,0.0181111930082392,0.0149831113653453));
#10008=CARTESIAN_POINT('',(-0.00879475759437855,0.0170887783568335,0.0141372834523744));
#10009=CARTESIAN_POINT('',(-0.00856517235863631,0.0166426795115272,0.0137682327401361));
#10010=CARTESIAN_POINT('',(-0.0110006745055795,0.0212013531069275,0.0178093322985644));
#10011=CARTESIAN_POINT('',(-0.0107200284731186,0.0206604703065826,0.0173549857539199));
#10012=CARTESIAN_POINT('',(-0.0101423422024134,0.019547108520991,0.0164197515776801));
#10013=CARTESIAN_POINT('',(-0.00933473111290605,0.0179906177918968,0.0151122849988129));
#10014=CARTESIAN_POINT('',(-0.0088077660558595,0.0169750098631476,0.01425916496459));
#10015=CARTESIAN_POINT('',(-0.00857784123705727,0.0165318809196451,0.0138869325619624));
#10016=CARTESIAN_POINT('',(-0.0110120357670181,0.0210459787603809,0.0179804397697615));
#10017=CARTESIAN_POINT('',(-0.010731099889335,0.0205090598255138,0.0175217279807049));
#10018=CARTESIAN_POINT('',(-0.0101528169966002,0.0194038573238619,0.016577508315723));
#10019=CARTESIAN_POINT('',(-0.00934437182362602,0.0178587733539835,0.0152574799351983));
#10020=CARTESIAN_POINT('',(-0.00881686252833489,0.0168506083189723,0.0143961633437303));
#10021=CARTESIAN_POINT('',(-0.00858670024809552,0.0164107268507458,0.0140203546281875));
#10022=CARTESIAN_POINT('',(-0.0110172471098148,0.0208777694608123,0.018170831903551));
#10023=CARTESIAN_POINT('',(-0.0107361782818586,0.0203451418330394,0.0177072628853369));
#10024=CARTESIAN_POINT('',(-0.0101576217221606,0.0192487726263747,0.0167530450223641));
#10025=CARTESIAN_POINT('',(-0.00934879396007954,0.017716037689787,0.0154190390626896));
#10026=CARTESIAN_POINT('',(-0.00882103502595465,0.0167159303809723,0.0145486021212292));
#10027=CARTESIAN_POINT('',(-0.00859076382357167,0.0162795646510493,0.0141688140245274));
#10028=CARTESIAN_POINT('',(-0.011015048314484,0.0206971927374552,0.0183808845939614));
#10029=CARTESIAN_POINT('',(-0.0107340355815596,0.0201691719309221,0.0179119567721447));
#10030=CARTESIAN_POINT('',(-0.0101555944887699,0.0190822854785958,0.0169467082623408));
#10031=CARTESIAN_POINT('',(-0.00934692815056259,0.0175628075258608,0.0155972813498811));
#10032=CARTESIAN_POINT('',(-0.00881927454527971,0.0165713503796591,0.014716782259238));
#10033=CARTESIAN_POINT('',(-0.00858904929986217,0.0161387588792506,0.0143326038565821));
#10034=CARTESIAN_POINT('',(-0.0110041892004138,0.0205047327367323,0.0186109472587083));
#10035=CARTESIAN_POINT('',(-0.0107234535020729,0.0199816219141809,0.0181361501445999));
#10036=CARTESIAN_POINT('',(-0.0101455826616897,0.0189048422512174,0.017158820189903));
#10037=CARTESIAN_POINT('',(-0.00933771354195671,0.0173994936894386,0.0157925032986299));
#10038=CARTESIAN_POINT('',(-0.00881058012056459,0.0164172559502113,0.0149009835214652));
#10039=CARTESIAN_POINT('',(-0.00858058184121479,0.015988687051396,0.0145119965848891));
#10040=CARTESIAN_POINT('',(-0.0109834258494019,0.0203008872004734,0.0188613490712579));
#10041=CARTESIAN_POINT('',(-0.0107032198596783,0.0197829768263997,0.0183801637783904));
#10042=CARTESIAN_POINT('',(-0.0101264393799641,0.0187169018495517,0.0173896842946172));
#10043=CARTESIAN_POINT('',(-0.00932009459517298,0.0172265185442712,0.0160049842323354));
#10044=CARTESIAN_POINT('',(-0.00879395580010537,0.0162540456130643,0.0151014694629211));
#10045=CARTESIAN_POINT('',(-0.00856439149502838,0.0158297372846317,0.0147072488844125));
#10046=CARTESIAN_POINT('',(-0.0109515224937466,0.0200861639726175,0.019132401621662));
#10047=CARTESIAN_POINT('',(-0.0106721304132231,0.0195737315555494,0.0186443013143724));
#10048=CARTESIAN_POINT('',(-0.0100970252971916,0.0185189324927984,0.017639587854589));
#10049=CARTESIAN_POINT('',(-0.00929302268731041,0.0170443130263537,0.0162349885538164));
#10050=CARTESIAN_POINT('',(-0.00876841215795271,0.016082125976977,0.0153184895603335));
#10051=CARTESIAN_POINT('',(-0.00853951466410303,0.0156623055732833,0.0149186037193443));
#10052=CARTESIAN_POINT('',(-0.0109072487423437,0.0198610782110348,0.0194244041505482));
#10053=CARTESIAN_POINT('',(-0.0106289861609856,0.0193543881169415,0.018928854359033));
#10054=CARTESIAN_POINT('',(-0.0100562060240566,0.0183114091434161,0.0179088067620689));
#10055=CARTESIAN_POINT('',(-0.00925545375783282,0.0168533142779903,0.0164827701866662));
#10056=CARTESIAN_POINT('',(-0.00873296407296715,0.0159019095066579,0.0155522834027788));
#10057=CARTESIAN_POINT('',(-0.00850499194367251,0.0154867936147575,0.0151462944243401));
#10058=CARTESIAN_POINT('',(-0.0108276414390906,0.0195379082736338,0.0198553049692758));
#10059=CARTESIAN_POINT('',(-0.0105514097762732,0.0190394627976952,0.0193487621604598));
#10060=CARTESIAN_POINT('',(-0.00998281011446984,0.0180134546777157,0.0183060863612988));
#10061=CARTESIAN_POINT('',(-0.00918790219359788,0.0165790852325002,0.0168484153366171));
#10062=CARTESIAN_POINT('',(-0.00866922593554334,0.0156431612632232,0.0158972871207514));
#10063=CARTESIAN_POINT('',(-0.0084429176764747,0.0152347999379871,0.0154822918952306));
#10064=CARTESIAN_POINT('',(-0.0107488528424623,0.0192966423508019,0.0201910621464821));
#10065=CARTESIAN_POINT('',(-0.0104746312115784,0.0188043519814412,0.019675953597483));
#10066=CARTESIAN_POINT('',(-0.00991016903157563,0.0177910136310416,0.0186156459420696));
#10067=CARTESIAN_POINT('',(-0.0091210453509638,0.0163743566483392,0.0171333254088912));
#10068=CARTESIAN_POINT('',(-0.00860614330123583,0.0154499900349975,0.016166113424712));
#10069=CARTESIAN_POINT('',(-0.0083814818006268,0.0150466714026946,0.0157441005469471));
#10070=CARTESIAN_POINT('',(-0.0106878251376194,0.0191347345465505,0.0204223054098407));
#10071=CARTESIAN_POINT('',(-0.0104151604279249,0.0186465747223545,0.019901297449459));
#10072=CARTESIAN_POINT('',(-0.00985390303933757,0.0176417387520216,0.018828846351535));
#10073=CARTESIAN_POINT('',(-0.00906925968865217,0.0162369681802956,0.0173295491662643));
#10074=CARTESIAN_POINT('',(-0.00855728104766133,0.0153203574327656,0.0163512599413754));
#10075=CARTESIAN_POINT('',(-0.00833389508556321,0.0149204228313725,0.0159244138540286));
#10076=CARTESIAN_POINT('',(-0.0101278339231885,0.0183115445899656,0.018477156023718));
#10077=CARTESIAN_POINT('',(-0.0100659949893148,0.0183115445899656,0.0179455090457049));
#10078=CARTESIAN_POINT('',(-0.00994571872229657,0.0183115445899656,0.0171533459438834));
#10079=CARTESIAN_POINT('',(-0.00971480036538482,0.0183115445899657,0.0161088711812334));
#10080=CARTESIAN_POINT('',(-0.00949284125772394,0.0183115445899656,0.0153372582746723));
#10081=CARTESIAN_POINT('',(-0.00923421278834463,0.0183115445899656,0.0145815244661505));
#10082=CARTESIAN_POINT('',(-0.00889223296207791,0.0183115445899656,0.0140015533307861));
#10083=CARTESIAN_POINT('',(-0.00870509179456177,0.0183115445899657,0.01350231606804));
#10084=CARTESIAN_POINT('',(-0.00863661346687218,0.0183115445899656,0.0131111337963071));
#10085=CARTESIAN_POINT('',(-0.00872629406045044,0.0183115445899655,0.012697508999207));
#10086=CARTESIAN_POINT('',(-0.00906425705614582,0.0183115445899643,0.0124638893659624));
#10087=CARTESIAN_POINT('',(-0.009393132693319,0.0183115445899665,0.0122181614632277));
#10088=CARTESIAN_POINT('',(-0.00981329778870316,0.0183115445899636,0.0122706170016402));
#10089=CARTESIAN_POINT('',(-0.0101630777959847,0.0183115445899662,0.0124592885701994));
#10090=CARTESIAN_POINT('',(-0.0105752343811943,0.0183115445899653,0.0127914473563415));
#10091=CARTESIAN_POINT('',(-0.0110226356749225,0.0183115445899658,0.0132952696608908));
#10092=CARTESIAN_POINT('',(-0.0116594619256553,0.0183115445899656,0.0137720639995214));
#10093=CARTESIAN_POINT('',(-0.0123207362587021,0.0183115445899657,0.0142186455155161));
#10094=CARTESIAN_POINT('',(-0.0132427862464646,0.0183115445899657,0.0147609045306579));
#10095=CARTESIAN_POINT('',(-0.0139576059262732,0.0183115445899656,0.0151192450143182));
#10096=CARTESIAN_POINT('',(-0.0144431468404869,0.0183115445899656,0.0153418976676498));
#10097=CARTESIAN_POINT('',(-0.0101278339231885,0.0183115445899656,0.018477156023718));
#10098=CARTESIAN_POINT('',(-0.0144431468404869,0.0183115445899656,0.0153418976676498));
#10099=CARTESIAN_POINT('',(-0.010565299967482,0.0190967349302386,0.0192970058972143));
#10100=CARTESIAN_POINT('',(-0.0104194826884189,0.0188350044538018,0.0190237204266517));
#10101=CARTESIAN_POINT('',(-0.0102736608818769,0.0185732743256397,0.0187504370384895));
#10102=CARTESIAN_POINT('',(-0.0101278339231885,0.0183115445899656,0.018477156023718));
#10103=CARTESIAN_POINT('',(-0.010565299967482,0.0190967349302385,0.0192970058972144));
#10104=CARTESIAN_POINT('',(-0.0106478842333158,0.0193008123878556,0.0192515599719567));
#10105=CARTESIAN_POINT('',(-0.0106207163266448,0.0192326135808411,0.0192665863243934));
#10106=CARTESIAN_POINT('',(-0.010593187034817,0.0191645888026441,0.01928173745437));
#10107=CARTESIAN_POINT('',(-0.010565299967482,0.0190967349302385,0.0192970058972143));
#10108=CARTESIAN_POINT('',(-0.0106478842333193,0.0193008123878541,0.0192515599719563));
#10109=CARTESIAN_POINT('',(-0.0150189443779499,0.0193008123878541,0.0160757988844115));
#10110=CARTESIAN_POINT('',(-0.0146667836095704,0.0195702205982187,0.0160361182663458));
#10111=CARTESIAN_POINT('',(-0.0141521669222678,0.0199814152269913,0.0159466260328822));
#10112=CARTESIAN_POINT('',(-0.0135073525840703,0.0205520008019114,0.0157507316959215));
#10113=CARTESIAN_POINT('',(-0.0130456405003779,0.0209966475116268,0.015559021915073));
#10114=CARTESIAN_POINT('',(-0.0126355806067184,0.0214598628653912,0.015297267740722));
#10115=CARTESIAN_POINT('',(-0.0122992206722535,0.0219328522393407,0.0149617013485999));
#10116=CARTESIAN_POINT('',(-0.0118279431733977,0.022297429504769,0.0148759464471202));
#10117=CARTESIAN_POINT('',(-0.0114142651913256,0.0224256349215793,0.015034085542528));
#10118=CARTESIAN_POINT('',(-0.0110491438683631,0.0224290115667115,0.0153022800084094));
#10119=CARTESIAN_POINT('',(-0.0105606876721311,0.0224265741287692,0.015647252968339));
#10120=CARTESIAN_POINT('',(-0.0104158137238678,0.0220073883911538,0.0162407180195572));
#10121=CARTESIAN_POINT('',(-0.0106054470400088,0.0215277174588019,0.016688274738202));
#10122=CARTESIAN_POINT('',(-0.0107617272221139,0.021049443433149,0.0171555917918901));
#10123=CARTESIAN_POINT('',(-0.0108036553696693,0.0205957163770427,0.0176636456454014));
#10124=CARTESIAN_POINT('',(-0.0107970488325031,0.0199982632001416,0.0183653978711504));
#10125=CARTESIAN_POINT('',(-0.0107204728010432,0.0195759184491144,0.0188970303637867));
#10126=CARTESIAN_POINT('',(-0.0106478842333121,0.019300812387857,0.019251559971957));
#10127=CARTESIAN_POINT('',(-0.0150189443779499,0.0193008123878541,0.0160757988844115));
#10128=CARTESIAN_POINT('',(-0.0150876859629107,0.0190967349302385,0.0160113001434795));
#10129=CARTESIAN_POINT('',(-0.0150645472331205,0.019164588802643,0.016033104112272));
#10130=CARTESIAN_POINT('',(-0.0150416306332135,0.0192326135808408,0.0160546040680048));
#10131=CARTESIAN_POINT('',(-0.0150189443779499,0.0193008123878541,0.0160757988844115));
#10132=CARTESIAN_POINT('',(-0.0150876859629107,0.0190967349302386,0.0160113001434796));
#10133=CARTESIAN_POINT('',(-0.0144431468404869,0.0183115445899656,0.0153418976676499));
#10134=CARTESIAN_POINT('',(-0.0146579895219784,0.0185732743257446,0.0155650358248557));
#10135=CARTESIAN_POINT('',(-0.0148728360527098,0.0188350044539023,0.0157881698154042));
#10136=CARTESIAN_POINT('',(-0.0150876859629107,0.0190967349302386,0.0160113001434796));
#10137=CARTESIAN_POINT('',(-0.0102398461459031,0.0191347345465506,0.0206505621069591));
#10138=CARTESIAN_POINT('',(-0.00997861014692871,0.0186465747223546,0.0201237309276105));
#10139=CARTESIAN_POINT('',(-0.00944087779882395,0.0176417387520217,0.0190392932228602));
#10140=CARTESIAN_POINT('',(-0.00868912268616365,0.0162369681802956,0.0175232386433267));
#10141=CARTESIAN_POINT('',(-0.00819860357247776,0.0153203574327656,0.0165340152431417));
#10142=CARTESIAN_POINT('',(-0.00798458080792224,0.0149204228313724,0.0161023983683584));
#10143=CARTESIAN_POINT('',(-0.0100168952311235,0.019296642350802,0.0205640131774106));
#10144=CARTESIAN_POINT('',(-0.00976134709152846,0.0188043519814412,0.0200393900093688));
#10145=CARTESIAN_POINT('',(-0.00923532272391561,0.0177910136310417,0.0189594973103198));
#10146=CARTESIAN_POINT('',(-0.00849993548316176,0.0163743566483392,0.0174497966934685));
#10147=CARTESIAN_POINT('',(-0.00802009638200291,0.0154499900349974,0.0164647192446589));
#10148=CARTESIAN_POINT('',(-0.00781073350886191,0.0150466714026946,0.0160349113268567));
#10149=CARTESIAN_POINT('',(-0.00969895119363325,0.0195379082736338,0.0204304013739326));
#10150=CARTESIAN_POINT('',(-0.00945151435054294,0.0190394627976952,0.0199091868716519));
#10151=CARTESIAN_POINT('',(-0.00894218640506471,0.0180134546777158,0.018836310624588));
#10152=CARTESIAN_POINT('',(-0.00823014092670822,0.0165790852325002,0.0173364190766373));
#10153=CARTESIAN_POINT('',(-0.00776553229144203,0.0156431612632232,0.0163577420309673));
#10154=CARTESIAN_POINT('',(-0.00756281475856377,0.015234799937987,0.0159307267300804));
#10155=CARTESIAN_POINT('',(-0.00930355310956558,0.0198610782110349,0.0202415278886919));
#10156=CARTESIAN_POINT('',(-0.00906620354825785,0.0193543881169416,0.0197251318722453));
#10157=CARTESIAN_POINT('',(-0.00857763942453555,0.0183114091434162,0.0186621740732973));
#10158=CARTESIAN_POINT('',(-0.00789462197326058,0.0168533142779903,0.0171761486133866));
#10159=CARTESIAN_POINT('',(-0.00744895408329335,0.0159019095066578,0.0162065191699226));
#10160=CARTESIAN_POINT('',(-0.00725450075574068,0.0154867936147575,0.0157834515089599));
#10161=CARTESIAN_POINT('',(-0.00904129464315787,0.0200861639726176,0.0201057113258702));
#10162=CARTESIAN_POINT('',(-0.00881063574413991,0.0195737315555495,0.0195927802223685));
#10163=CARTESIAN_POINT('',(-0.00833584378641918,0.0185189324927985,0.0185369546555066));
#10164=CARTESIAN_POINT('',(-0.00767207995869981,0.0170443130263537,0.0170609001262164));
#10165=CARTESIAN_POINT('',(-0.0072389750299984,0.016082125976977,0.0160977767004279));
#10166=CARTESIAN_POINT('',(-0.00705000315999976,0.0156623055732832,0.0156775477379996));
#10167=CARTESIAN_POINT('',(-0.00880325620155949,0.0203008872004735,0.019972200991049));
#10168=CARTESIAN_POINT('',(-0.00857867007054988,0.0197829768263998,0.0194626759646695));
#10169=CARTESIAN_POINT('',(-0.00811637839538379,0.0187169018495518,0.0184138615212968));
#10170=CARTESIAN_POINT('',(-0.00747009008564893,0.0172265185442711,0.0169476086116173));
#10171=CARTESIAN_POINT('',(-0.00704838790692367,0.0162540456130643,0.0159908807283175));
#10172=CARTESIAN_POINT('',(-0.00686439127235489,0.0158297372846317,0.0155734422620107));
#10173=CARTESIAN_POINT('',(-0.00858847248827158,0.0205047327367324,0.0198418164023139));
#10174=CARTESIAN_POINT('',(-0.00836936585735452,0.019981621914181,0.0193356177099244));
#10175=CARTESIAN_POINT('',(-0.00791835327260008,0.0189048422512174,0.0182936502455061));
#10176=CARTESIAN_POINT('',(-0.00728783324222017,0.0173994936894386,0.0168369694797629));
#10177=CARTESIAN_POINT('',(-0.00687641984275731,0.0164172559502112,0.0158864874064092));
#10178=CARTESIAN_POINT('',(-0.00669691239713184,0.015988687051396,0.0154717741050843));
#10179=CARTESIAN_POINT('',(-0.00839596505561671,0.0206971927374553,0.0197153741686992));
#10180=CARTESIAN_POINT('',(-0.00818176961875111,0.0201691719309222,0.0192124012340741));
#10181=CARTESIAN_POINT('',(-0.00774086631418644,0.0190822854785958,0.0181770737209024));
#10182=CARTESIAN_POINT('',(-0.00712447915696316,0.0175628075258608,0.0167296756723232));
#10183=CARTESIAN_POINT('',(-0.00672228743660547,0.016571350379659,0.0157852505583693));
#10184=CARTESIAN_POINT('',(-0.00654680358394685,0.0161387588792505,0.0153731800229619));
#10185=CARTESIAN_POINT('',(-0.0082247364398923,0.0208777694608124,0.0195936871578614));
#10186=CARTESIAN_POINT('',(-0.0080149093380431,0.0203451418330395,0.0190938186671298));
#10187=CARTESIAN_POINT('',(-0.00758299788396958,0.0192487726263747,0.0180648813907975));
#10188=CARTESIAN_POINT('',(-0.00697918142219137,0.017716037689787,0.0166264169561847));
#10189=CARTESIAN_POINT('',(-0.00658519206226235,0.0167159303809723,0.0156878210123035));
#10190=CARTESIAN_POINT('',(-0.00641328705455766,0.0162795646510493,0.0152782938540229));
#10191=CARTESIAN_POINT('',(-0.00807376911850185,0.021045978760381,0.0194775614045814));
#10192=CARTESIAN_POINT('',(-0.00786779345137677,0.0205090598255138,0.0189806554805459));
#10193=CARTESIAN_POINT('',(-0.00744380985198599,0.0194038573238619,0.0179578163987662));
#10194=CARTESIAN_POINT('',(-0.00685107660904552,0.0178587733539835,0.0165278773001298));
#10195=CARTESIAN_POINT('',(-0.00646431903323014,0.0168506083189722,0.0155948441255287));
#10196=CARTESIAN_POINT('',(-0.00629556938968045,0.0164107268507457,0.0151877441086719));
#10197=CARTESIAN_POINT('',(-0.00794201824835986,0.0212013531069276,0.0193677955028732));
#10198=CARTESIAN_POINT('',(-0.00773940377140178,0.0206604703065827,0.0188736898948364));
#10199=CARTESIAN_POINT('',(-0.00732233889947593,0.019547108520991,0.0178566150281852));
#10200=CARTESIAN_POINT('',(-0.00673927810559529,0.0179906177918968,0.0164347343590045));
#10201=CARTESIAN_POINT('',(-0.00635883178867272,0.0169750098631476,0.0155069592978607));
#10202=CARTESIAN_POINT('',(-0.00619283586671793,0.016531880919645,0.0151021534953312));
#10203=CARTESIAN_POINT('',(-0.00782841399196679,0.0213434470454009,0.0192651744915439));
#10204=CARTESIAN_POINT('',(-0.00762869775400408,0.0207989391855154,0.0187736869211249));
#10205=CARTESIAN_POINT('',(-0.00721759866346542,0.0196781155195304,0.0177620010648748));
#10206=CARTESIAN_POINT('',(-0.0066428780906532,0.0181111930082391,0.0163476542852501));
#10207=CARTESIAN_POINT('',(-0.00626787375580368,0.0170887783568334,0.0154247950760444));
#10208=CARTESIAN_POINT('',(-0.00610425227353013,0.0166426795115272,0.0150221341526697));
#10209=CARTESIAN_POINT('',(-0.00773185727482466,0.021471840559701,0.0191704679285593));
#10210=CARTESIAN_POINT('',(-0.007534604363957,0.0209240571615416,0.0186813964846365));
#10211=CARTESIAN_POINT('',(-0.00712857582521124,0.0197964910753149,0.0176746840217138));
#10212=CARTESIAN_POINT('',(-0.00656094393368768,0.0182201425941963,0.0162672900948871));
#10213=CARTESIAN_POINT('',(-0.00619056495303179,0.0171915775112373,0.0153489676119831));
#10214=CARTESIAN_POINT('',(-0.006028961600254,0.0167427951163454,0.014948286148079));
#10215=CARTESIAN_POINT('',(-0.0076512195167398,0.0215861423036375,0.0190844268056166));
#10216=CARTESIAN_POINT('',(-0.00745602381307899,0.0210354428723818,0.0185975504179851));
#10217=CARTESIAN_POINT('',(-0.00705422986246893,0.0199018743771069,0.0175953562939529));
#10218=CARTESIAN_POINT('',(-0.00649251796681739,0.0183171344690893,0.0161942790493447));
#10219=CARTESIAN_POINT('',(-0.00612600177482665,0.0172830939923275,0.015280078192368));
#10220=CARTESIAN_POINT('',(-0.00596608382978517,0.0168319225795849,0.014881195071792));
#10221=CARTESIAN_POINT('',(-0.00758534339666082,0.0216859936972077,0.0190077792771732));
#10222=CARTESIAN_POINT('',(-0.00739182830555924,0.021132746886023,0.0185228582991619));
#10223=CARTESIAN_POINT('',(-0.00699349375465396,0.0199939348232607,0.0175246892214886));
#10224=CARTESIAN_POINT('',(-0.00643661813382197,0.0184018643563115,0.0161292390312873));
#10225=CARTESIAN_POINT('',(-0.00607325760409157,0.0173630407005472,0.0152187098190973));
#10226=CARTESIAN_POINT('',(-0.00591471653416487,0.0169097822963604,0.0148214287065691));
#10227=CARTESIAN_POINT('',(-0.00753303434466146,0.0217710720234007,0.0189412303838732));
#10228=CARTESIAN_POINT('',(-0.00734085374699461,0.0212156547185174,0.0184580071820173));
#10229=CARTESIAN_POINT('',(-0.00694526613866621,0.0200723748768974,0.0174633328338691));
#10230=CARTESIAN_POINT('',(-0.00639223077058008,0.0184740584111528,0.0160727683099236));
#10231=CARTESIAN_POINT('',(-0.00603137600016079,0.0174311592502917,0.015165426987834));
#10232=CARTESIAN_POINT('',(-0.00587392824040307,0.0169761226261672,0.0147695368120366));
#10233=CARTESIAN_POINT('',(-0.00749309357480536,0.0218410986537431,0.0188854432422043));
#10234=CARTESIAN_POINT('',(-0.00730193193452953,0.0212838948496809,0.0184036432658027));
#10235=CARTESIAN_POINT('',(-0.00690844176435143,0.0201369376496487,0.0174118985076363));
#10236=CARTESIAN_POINT('',(-0.00635833863543326,0.0185334802006676,0.0160254295793055));
#10237=CARTESIAN_POINT('',(-0.00599939714679093,0.0174872265557487,0.0151207606273762));
#10238=CARTESIAN_POINT('',(-0.00584278418805085,0.0170307263067997,0.0147260364572118));
#10239=CARTESIAN_POINT('',(-0.0074642241246116,0.0218958281438193,0.0188410802820981));
#10240=CARTESIAN_POINT('',(-0.00727379899341547,0.0213372280968048,0.0183604120807287));
#10241=CARTESIAN_POINT('',(-0.00688182486527746,0.0201873968480037,0.017370996986345));
#10242=CARTESIAN_POINT('',(-0.00633384117804559,0.0185799214505699,0.0159877849509007));
#10243=CARTESIAN_POINT('',(-0.00597628262200984,0.0175310461001505,0.0150852411168259));
#10244=CARTESIAN_POINT('',(-0.00582027306291597,0.0170734019515177,0.0146914441757654));
#10245=CARTESIAN_POINT('',(-0.00743843413263826,0.0219492616742944,0.0187969893505502));
#10246=CARTESIAN_POINT('',(-0.00724866694827265,0.0213892984464749,0.0183174459842988));
#10247=CARTESIAN_POINT('',(-0.0068580471483876,0.0202366612045563,0.0173303462684681));
#10248=CARTESIAN_POINT('',(-0.00631195682537675,0.0186252630011399,0.0159503711550186));
#10249=CARTESIAN_POINT('',(-0.00595563368673151,0.0175738280255429,0.0150499394078206));
#10250=CARTESIAN_POINT('',(-0.0058001631636057,0.017115067064045,0.0146570640102019));
#10251=CARTESIAN_POINT('',(-0.00741128620425472,0.0220132546794097,0.0187429704563313));
#10252=CARTESIAN_POINT('',(-0.00722221161000133,0.0214516588805163,0.0182648052045158));
#10253=CARTESIAN_POINT('',(-0.00683301744865302,0.0202956611282528,0.0172805422214266));
#10254=CARTESIAN_POINT('',(-0.00628892018234144,0.0186795648983148,0.0159045328882565));
#10255=CARTESIAN_POINT('',(-0.00593389751028323,0.0176250644672702,0.0150066888069019));
#10256=CARTESIAN_POINT('',(-0.00577899440531993,0.0171649659895956,0.0146149424568211));
#10257=CARTESIAN_POINT('',(-0.00735992546996828,0.0221181533527147,0.0186566502701476));
#10258=CARTESIAN_POINT('',(-0.00717216117594189,0.0215538814091486,0.0181806871940043));
#10259=CARTESIAN_POINT('',(-0.00678566415748565,0.0203923750379953,0.0172009572044526));
#10260=CARTESIAN_POINT('',(-0.00624533752347064,0.0187685777046574,0.0158312850408421));
#10261=CARTESIAN_POINT('',(-0.00589277518348202,0.0177090523148855,0.0149375759533748));
#10262=CARTESIAN_POINT('',(-0.00573894556792325,0.017246761352701,0.0145476337793158));
#10263=CARTESIAN_POINT('',(-0.00728404005874739,0.0222514794713919,0.0185503834785241));
#10264=CARTESIAN_POINT('',(-0.00709821173142649,0.021683806150373,0.018077131450093));
#10265=CARTESIAN_POINT('',(-0.00671569973772367,0.0205152983296042,0.0171029819244049));
#10266=CARTESIAN_POINT('',(-0.00618094420751714,0.0188817129008263,0.015741111304174));
#10267=CARTESIAN_POINT('',(-0.0058320170046315,0.0178158007930674,0.0148524927123742));
#10268=CARTESIAN_POINT('',(-0.00567977346812778,0.0173507231850583,0.0144647716178315));
#10269=CARTESIAN_POINT('',(-0.00717625034147497,0.0224027024941673,0.0184369086393092));
#10270=CARTESIAN_POINT('',(-0.00699317191430586,0.0218311712150444,0.0179665515482198));
#10271=CARTESIAN_POINT('',(-0.00661632035894798,0.0206547221117635,0.0169983610077423));
#10272=CARTESIAN_POINT('',(-0.00608947817723292,0.0190100346919105,0.015644821107458));
#10273=CARTESIAN_POINT('',(-0.00574571442268699,0.0179368785511804,0.0147616382982632));
#10274=CARTESIAN_POINT('',(-0.00559572379632983,0.0174686402346081,0.0143762889384565));
#10275=CARTESIAN_POINT('',(-0.00704823424609572,0.0225450424410702,0.0183387287431995));
#10276=CARTESIAN_POINT('',(-0.00686842172859797,0.0219698798263106,0.0178708763892785));
#10277=CARTESIAN_POINT('',(-0.00649829277381264,0.0207859559238203,0.0169078416397493));
#10278=CARTESIAN_POINT('',(-0.00598084885383249,0.019130818661138,0.0155615095859316));
#10279=CARTESIAN_POINT('',(-0.00564321745135008,0.0180508440132153,0.014683029886035));
#10280=CARTESIAN_POINT('',(-0.00549590248615523,0.0175796306530233,0.0142997325817465));
#10281=CARTESIAN_POINT('',(-0.00688888748695203,0.0226806788134276,0.0182573115666584));
#10282=CARTESIAN_POINT('',(-0.0067131401779755,0.0221020558826901,0.0177915363042428));
#10283=CARTESIAN_POINT('',(-0.00635137911326748,0.0209110092105841,0.0168327770730069));
#10284=CARTESIAN_POINT('',(-0.00584563358593552,0.0192459142459081,0.0154924222358243));
#10285=CARTESIAN_POINT('',(-0.00551563536758011,0.0181594422119696,0.0146178426610572));
#10286=CARTESIAN_POINT('',(-0.0053716509049562,0.0176853939193996,0.0142362470551104));
#10287=CARTESIAN_POINT('',(-0.00668190401362759,0.0228046087464361,0.0182028679750993));
#10288=CARTESIAN_POINT('',(-0.00651143720727333,0.0222228241510221,0.0177384816618755));
#10289=CARTESIAN_POINT('',(-0.00616054561340926,0.0210252694579041,0.0167825814658157));
#10290=CARTESIAN_POINT('',(-0.00566999571324699,0.0193510762158299,0.0154462235879352));
#10291=CARTESIAN_POINT('',(-0.00534991261943897,0.0182586675691696,0.0145742520232786));
#10292=CARTESIAN_POINT('',(-0.00521025431314075,0.0177820290202133,0.014193794341458));
#10293=CARTESIAN_POINT('',(-0.00644582744115216,0.0228881003186313,0.0181975869279253));
#10294=CARTESIAN_POINT('',(-0.00628138335216751,0.0223041857103287,0.0177333353432526));
#10295=CARTESIAN_POINT('',(-0.00594288901582479,0.0211022465646981,0.0167777124745917));
#10296=CARTESIAN_POINT('',(-0.00546967060363694,0.0194219238148786,0.0154417423031432));
#10297=CARTESIAN_POINT('',(-0.00516089628043374,0.0183255156733617,0.0145700237163675));
#10298=CARTESIAN_POINT('',(-0.0050261722045886,0.0178471320691727,0.0141896764135799));
#10299=CARTESIAN_POINT('',(-0.00610979131008727,0.0229123108396801,0.0182829974609082));
#10300=CARTESIAN_POINT('',(-0.005953920077876,0.0223277785795532,0.0178165669073732));
#10301=CARTESIAN_POINT('',(-0.00563307224668881,0.0211245680495535,0.0168564588144424));
#10302=CARTESIAN_POINT('',(-0.00518452382230812,0.0194424678918785,0.0155142182553406));
#10303=CARTESIAN_POINT('',(-0.0048918466301387,0.0183448999943303,0.0146384082497739));
#10304=CARTESIAN_POINT('',(-0.00476414603694519,0.0178660103666551,0.0142562757836029));
#10305=CARTESIAN_POINT('',(-0.00580355127327759,0.0229123108396801,0.0183825008806427));
#10306=CARTESIAN_POINT('',(-0.00565549274848419,0.0223277785795532,0.0179135318245867));
#10307=CARTESIAN_POINT('',(-0.00535072671889159,0.0211245680495535,0.016948198437567));
#10308=CARTESIAN_POINT('',(-0.00492466081134685,0.0194424678918785,0.0155986528659243));
#10309=CARTESIAN_POINT('',(-0.00464665342859553,0.0183448999943303,0.0147180763503377));
#10310=CARTESIAN_POINT('',(-0.00452535355064341,0.0178660103666551,0.0143338641657148));
#10311=CARTESIAN_POINT('',(-0.0054814892808443,0.0228881003186313,0.0185109193900383));
#10312=CARTESIAN_POINT('',(-0.00534164710863336,0.0223041857103287,0.0180386741580408));
#10313=CARTESIAN_POINT('',(-0.00505379375028199,0.0211022465646981,0.017066597038194));
#10314=CARTESIAN_POINT('',(-0.00465137192351304,0.0194219238148786,0.0157076236617169));
#10315=CARTESIAN_POINT('',(-0.00438879226895503,0.0183255156733617,0.0148208955172373));
#10316=CARTESIAN_POINT('',(-0.00427422380053745,0.0178471320691727,0.014433999260607));
#10317=CARTESIAN_POINT('',(-0.00529360344338343,0.0228046087464361,0.018653954174663));
#10318=CARTESIAN_POINT('',(-0.00515855456042147,0.0222228241510221,0.0181780598805294));
#10319=CARTESIAN_POINT('',(-0.00488056778513335,0.0210252694579041,0.017198471472964));
#10320=CARTESIAN_POINT('',(-0.00449193953855057,0.0193510762158299,0.0158289972423629));
#10321=CARTESIAN_POINT('',(-0.00423836017492977,0.0182586675691696,0.0149354173058954));
#10322=CARTESIAN_POINT('',(-0.00412771870363513,0.0177820290202133,0.0145455314828598));
#10323=CARTESIAN_POINT('',(-0.00515815143610949,0.0226806788134276,0.0188196617985575));
#10324=CARTESIAN_POINT('',(-0.00502655816565664,0.0221020558826901,0.0183395400193574));
#10325=CARTESIAN_POINT('',(-0.00475568447828889,0.0209110092105841,0.0173512496890847));
#10326=CARTESIAN_POINT('',(-0.00437700039859472,0.0192459142459081,0.0159696100849327));
#10327=CARTESIAN_POINT('',(-0.00412990958935338,0.0181594422119696,0.0150680922599808));
#10328=CARTESIAN_POINT('',(-0.00402209919702694,0.0176853939193996,0.0146747429861014));
#10329=CARTESIAN_POINT('',(-0.00507709301561785,0.0225450424410702,0.0189791913530385));
#10330=CARTESIAN_POINT('',(-0.00494756768418974,0.0219698798263106,0.0184949997018953));
#10331=CARTESIAN_POINT('',(-0.00468095067550286,0.0207859559238203,0.0174983318822833));
#10332=CARTESIAN_POINT('',(-0.00430821747448014,0.019130818661138,0.0161049804656204));
#10333=CARTESIAN_POINT('',(-0.00406500960488553,0.0180508440132153,0.0151958207001007));
#10334=CARTESIAN_POINT('',(-0.00395889341254969,0.0175796306530233,0.0147991371030497));
#10335=CARTESIAN_POINT('',(-0.00503123451390737,0.0224027024941673,0.0191338665304172));
#10336=CARTESIAN_POINT('',(-0.00490287911133709,0.0218311712150444,0.0186457288507983));
#10337=CARTESIAN_POINT('',(-0.00463867030287646,0.0206547221117635,0.017640938463216));
#10338=CARTESIAN_POINT('',(-0.00426930378946102,0.0190100346919105,0.0162362316166238));
#10339=CARTESIAN_POINT('',(-0.00402829267861585,0.0179368785511804,0.0153196624496506));
#10340=CARTESIAN_POINT('',(-0.00392313497366103,0.0174686402346081,0.0149197459906406));
#10341=CARTESIAN_POINT('',(-0.00501072963781187,0.0222514794713919,0.0192890268099375));
#10342=CARTESIAN_POINT('',(-0.00488289734972146,0.021683806150373,0.018796930726057));
#10343=CARTESIAN_POINT('',(-0.00461976532845211,0.0205152983296042,0.0177839922959895));
#10344=CARTESIAN_POINT('',(-0.00425190417412308,0.0188817129008263,0.0163678944058455));
#10345=CARTESIAN_POINT('',(-0.00401187530788445,0.0178158007930674,0.0154438925995821));
#10346=CARTESIAN_POINT('',(-0.00390714617482479,0.0173507231850583,0.0150407331395057));
#10347=CARTESIAN_POINT('',(-0.00501179910343377,0.0221181533527147,0.0194196027758784));
#10348=CARTESIAN_POINT('',(-0.00488393953144514,0.0215538814091486,0.0189241754756477));
#10349=CARTESIAN_POINT('',(-0.00462075134856438,0.0203923750379953,0.017904380016698));
#10350=CARTESIAN_POINT('',(-0.00425281167975011,0.0187685777046574,0.0164786959327199));
#10351=CARTESIAN_POINT('',(-0.00401273158292447,0.0177090523148855,0.0155484391489725));
#10352=CARTESIAN_POINT('',(-0.00390798009699097,0.017246761352701,0.0151425505239441));
#10353=CARTESIAN_POINT('',(-0.00502098512896638,0.0220132546794097,0.0195196263556191));
#10354=CARTESIAN_POINT('',(-0.00489289120574606,0.0214516588805163,0.0190216472826955));
#10355=CARTESIAN_POINT('',(-0.00462922063055109,0.0202956611282528,0.0179965992141232));
#10356=CARTESIAN_POINT('',(-0.00426060657253598,0.0186795648983148,0.0165635719302196));
#10357=CARTESIAN_POINT('',(-0.00402008643774118,0.0176250644672702,0.0156285237192395));
#10358=CARTESIAN_POINT('',(-0.00391514295492103,0.0171649659895956,0.015220544503908));
#10359=CARTESIAN_POINT('',(-0.00503077350290906,0.0219492616742944,0.0195792857109937));
#10360=CARTESIAN_POINT('',(-0.00490242986151829,0.0213892984464749,0.0190797846258174));
#10361=CARTESIAN_POINT('',(-0.0046382452624572,0.0202366612045563,0.0180516036229418));
#10362=CARTESIAN_POINT('',(-0.00426891259402049,0.0186252630011399,0.0166141964660613));
#10363=CARTESIAN_POINT('',(-0.00402792356697454,0.0175738280255429,0.0156762903943571));
#10364=CARTESIAN_POINT('',(-0.0039227754975989,0.017115067064045,0.0152670642403522));
#10365=CARTESIAN_POINT('',(-0.00503582496044151,0.0218958281438193,0.0196301150008525));
#10366=CARTESIAN_POINT('',(-0.00490735244772436,0.0213372280968048,0.019129317173506));
#10367=CARTESIAN_POINT('',(-0.00464290257786901,0.0201873968480037,0.0180984669358588));
#10368=CARTESIAN_POINT('',(-0.00427319905825228,0.0185799214505699,0.0166573281625087));
#10369=CARTESIAN_POINT('',(-0.00403196805135269,0.0175310461001505,0.0157169872165051));
#10370=CARTESIAN_POINT('',(-0.0039267144015913,0.0170734019515177,0.0153066986808022));
#10371=CARTESIAN_POINT('',(-0.00503854497831498,0.0218410986537431,0.0196829744265648));
#10372=CARTESIAN_POINT('',(-0.00491000307328702,0.0212838948496809,0.0191808280648083));
#10373=CARTESIAN_POINT('',(-0.004645410365192,0.0201369376496487,0.0181472019824167));
#10374=CARTESIAN_POINT('',(-0.00427550715631101,0.0185334802006676,0.0167021825508062));
#10375=CARTESIAN_POINT('',(-0.00403414585245798,0.0174872265557487,0.0157593094809522));
#10376=CARTESIAN_POINT('',(-0.00392883535167202,0.0170307263067997,0.0153479161317333));
#10377=CARTESIAN_POINT('',(-0.00503902307587351,0.0217710720234007,0.0197515837677292));
#10378=CARTESIAN_POINT('',(-0.00491046897375865,0.0212156547185174,0.0192476870642662));
#10379=CARTESIAN_POINT('',(-0.00464585115898536,0.0200723748768974,0.0182104580505804));
#10380=CARTESIAN_POINT('',(-0.00427591285072115,0.0184740584111528,0.0167604016855764));
#10381=CARTESIAN_POINT('',(-0.00403452864457181,0.0174311592502917,0.0158142420240354));
#10382=CARTESIAN_POINT('',(-0.0039292081510809,0.0169761226261672,0.0154014146727172));
#10383=CARTESIAN_POINT('',(-0.00503582062188454,0.0216859936972077,0.0198361694426924));
#10384=CARTESIAN_POINT('',(-0.00490734821985141,0.021132746886023,0.0193301148139068));
#10385=CARTESIAN_POINT('',(-0.00464289857782979,0.0199939348232607,0.0182884438923089));
#10386=CARTESIAN_POINT('',(-0.00427319537672687,0.0184018643563115,0.016832177696346));
#10387=CARTESIAN_POINT('',(-0.00403196457765708,0.0173630407005472,0.0158819661291687));
#10388=CARTESIAN_POINT('',(-0.00392671101857576,0.0169097822963604,0.0154673708548036));
#10389=CARTESIAN_POINT('',(-0.0050275780080608,0.0215861423036375,0.0199368996076406));
#10390=CARTESIAN_POINT('',(-0.00489931588921216,0.0210354428723818,0.0194282751799641));
#10391=CARTESIAN_POINT('',(-0.00463529909745245,0.0199018743771069,0.0183813145433305));
#10392=CARTESIAN_POINT('',(-0.00426620102527386,0.0183171344690893,0.0169176532737092));
#10393=CARTESIAN_POINT('',(-0.0040253650719439,0.0172830939923275,0.0159626164317644));
#10394=CARTESIAN_POINT('',(-0.00392028379152503,0.0168319225795849,0.0155459157987768));
#10395=CARTESIAN_POINT('',(-0.0050129143945383,0.021471840559701,0.0200539060232966));
#10396=CARTESIAN_POINT('',(-0.00488502636956496,0.0209240571615416,0.0195422965617198));
#10397=CARTESIAN_POINT('',(-0.00462177961860652,0.0197964910753149,0.0184891914836817));
#10398=CARTESIAN_POINT('',(-0.00425375807104349,0.0182201425941963,0.0170169402245303));
#10399=CARTESIAN_POINT('',(-0.0040136245484538,0.0171915775112373,0.0160562984269557));
#10400=CARTESIAN_POINT('',(-0.00390884975184921,0.0167427951163454,0.0156371522458424));
#10401=CARTESIAN_POINT('',(-0.00499046549046691,0.0213434470454009,0.0201872798565759));
#10402=CARTESIAN_POINT('',(-0.00486315017545399,0.0207989391855154,0.019672267800265));
#10403=CARTESIAN_POINT('',(-0.00460108229981523,0.0196781155195304,0.0186121587669405));
#10404=CARTESIAN_POINT('',(-0.00423470883154645,0.0181111930082392,0.0171301159093965));
#10405=CARTESIAN_POINT('',(-0.00399565067829057,0.0170887783568334,0.0161630851081634));
#10406=CARTESIAN_POINT('',(-0.00389134508566055,0.0166426795115272,0.0157411512839439));
#10407=CARTESIAN_POINT('',(-0.0049588768334463,0.0212013531069276,0.0203370769052267));
#10408=CARTESIAN_POINT('',(-0.00483236739913272,0.0206604703065827,0.0198182432698521));
#10409=CARTESIAN_POINT('',(-0.00457195836118264,0.019547108520991,0.0187502678372124));
#10410=CARTESIAN_POINT('',(-0.00420790396432166,0.0179906177918968,0.017257227676039));
#10411=CARTESIAN_POINT('',(-0.00397035900177427,0.0169750098631476,0.0162830211502403));
#10412=CARTESIAN_POINT('',(-0.00386671364286337,0.016531880919645,0.0158579564217066));
#10413=CARTESIAN_POINT('',(-0.00491680691870638,0.021045978760381,0.0205033206035577));
#10414=CARTESIAN_POINT('',(-0.00479137075991346,0.0205090598255138,0.0199802458069402));
#10415=CARTESIAN_POINT('',(-0.00453317096941841,0.0194038573238619,0.0189035403003338));
#10416=CARTESIAN_POINT('',(-0.0041722051222333,0.0178587733539835,0.0173982954098718));
#10417=CARTESIAN_POINT('',(-0.00393667543384111,0.0168506083189722,0.0164161253160273));
#10418=CARTESIAN_POINT('',(-0.00383390937715106,0.0164107268507457,0.0159875859321717));
#10419=CARTESIAN_POINT('',(-0.00486292879529557,0.0208777694608124,0.0206860046765372));
#10420=CARTESIAN_POINT('',(-0.00473886715963431,0.0203451418330395,0.0201582692965846));
#10421=CARTESIAN_POINT('',(-0.00448349670948288,0.0192487726263747,0.0190719703708853));
#10422=CARTESIAN_POINT('',(-0.00412648630793216,0.017716037689787,0.0175533137861549));
#10423=CARTESIAN_POINT('',(-0.00389353754204271,0.0167159303809723,0.0165623925813772));
#10424=CARTESIAN_POINT('',(-0.00379189759064342,0.0162795646510493,0.0161300349223461));
#10425=CARTESIAN_POINT('',(-0.00479592776561724,0.0206971927374553,0.0208850971913929));
#10426=CARTESIAN_POINT('',(-0.00467357544088418,0.0201691719309222,0.0203522826206726));
#10427=CARTESIAN_POINT('',(-0.00442172346361808,0.0190822854785958,0.0192555286076627));
#10428=CARTESIAN_POINT('',(-0.00406963192177449,0.0175628075258608,0.0177222557080187));
#10429=CARTESIAN_POINT('',(-0.00383989270466395,0.016571350379659,0.016721797379095));
#10430=CARTESIAN_POINT('',(-0.00373965314008645,0.0161387588792505,0.0162852784924611));
#10431=CARTESIAN_POINT('',(-0.0047145068612416,0.0205047327367324,0.0211005441370651));
#10432=CARTESIAN_POINT('',(-0.00459423172311749,0.019981621914181,0.0205622331460592));
#10433=CARTESIAN_POINT('',(-0.00434665545990714,0.0189048422512174,0.019454165213842));
#10434=CARTESIAN_POINT('',(-0.00400054140837636,0.0173994936894386,0.0179050753438444));
#10435=CARTESIAN_POINT('',(-0.00377470249496968,0.0164172559502112,0.0168942964648527));
#10436=CARTESIAN_POINT('',(-0.00367616470664924,0.015988687051396,0.0164532745270722));
#10437=CARTESIAN_POINT('',(-0.00461738132546149,0.0203008872004735,0.0213322741842598));
#10438=CARTESIAN_POINT('',(-0.00449958402596931,0.0197829768263998,0.0207880513631825));
#10439=CARTESIAN_POINT('',(-0.00425710818533093,0.0187169018495518,0.0196678144256278));
#10440=CARTESIAN_POINT('',(-0.0039181245747318,0.0172265185442711,0.0181017121664543));
#10441=CARTESIAN_POINT('',(-0.00369693826362484,0.0162540456130643,0.017079832728358));
#10442=CARTESIAN_POINT('',(-0.00360043049366409,0.0158297372846317,0.0166339674067391));
#10443=CARTESIAN_POINT('',(-0.00450327958673034,0.0200861639726176,0.0215802017995049));
#10444=CARTESIAN_POINT('',(-0.00438839321785934,0.0195737315555495,0.0210296539206759));
#10445=CARTESIAN_POINT('',(-0.00415190928325318,0.0185189324927985,0.0198963973833337));
#10446=CARTESIAN_POINT('',(-0.00382130241623324,0.0170443130263537,0.0183120935955752));
#10447=CARTESIAN_POINT('',(-0.0036055819180843,0.016082125976977,0.0172783376866457));
#10448=CARTESIAN_POINT('',(-0.00351145898567051,0.0156623055732832,0.0168272904362294));
#10449=CARTESIAN_POINT('',(-0.00437093900313145,0.0198610782110349,0.0218442313657886));
#10450=CARTESIAN_POINT('',(-0.00425942886902694,0.0193543881169416,0.0212869476408809));
#10451=CARTESIAN_POINT('',(-0.00402989462992931,0.0183114091434162,0.0201398259305055));
#10452=CARTESIAN_POINT('',(-0.0037090035055988,0.0168533142779903,0.0185361384944462));
#10453=CARTESIAN_POINT('',(-0.00349962251537279,0.0159019095066578,0.0174897347832944));
#10454=CARTESIAN_POINT('',(-0.0034082656301399,0.0154867936147575,0.0170331690576104));
#10455=CARTESIAN_POINT('',(-0.00416207228275099,0.0195379082736338,0.0222294423877349));
#10456=CARTESIAN_POINT('',(-0.00405589069612401,0.0190394627976952,0.0216623312704328));
#10457=CARTESIAN_POINT('',(-0.00383732482416694,0.0180134546777158,0.0204949806987644));
#10458=CARTESIAN_POINT('',(-0.00353176758500162,0.0165790852325002,0.0188630131156135));
#10459=CARTESIAN_POINT('',(-0.00333239193246328,0.0156431612632232,0.0177981566497645));
#10460=CARTESIAN_POINT('',(-0.00324540056525503,0.015234799937987,0.017333539638282));
#10461=CARTESIAN_POINT('',(-0.00398338520077778,0.019296642350802,0.0225244194236887));
#10462=CARTESIAN_POINT('',(-0.00388176222740514,0.0188043519814412,0.0219497829373954));
#10463=CARTESIAN_POINT('',(-0.00367257987769992,0.0177910136310417,0.0207669420261339));
#10464=CARTESIAN_POINT('',(-0.00338014089495425,0.0163743566483392,0.0191133187958437));
#10465=CARTESIAN_POINT('',(-0.00318932488558122,0.0154499900349974,0.0180343320518469));
#10466=CARTESIAN_POINT('',(-0.00310606825254078,0.0150466714026946,0.0175635497328181));
#10467=CARTESIAN_POINT('',(-0.00385388630619992,0.0191347345465506,0.022725486238231));
#10468=CARTESIAN_POINT('',(-0.00375556707124376,0.0186465747223546,0.0221457201934064));
#10469=CARTESIAN_POINT('',(-0.00355318518940358,0.0176417387520217,0.0209523205170259));
#10470=CARTESIAN_POINT('',(-0.00327025332763373,0.0162369681802956,0.019283936029226));
#10471=CARTESIAN_POINT('',(-0.00308564070082002,0.0153203574327656,0.0181953175862509));
#10472=CARTESIAN_POINT('',(-0.00300509072089034,0.0149204228313724,0.0177203327748316));
#10473=CARTESIAN_POINT('',(-0.00392238722955722,0.0183115445899656,0.0207024924374317));
#10474=CARTESIAN_POINT('',(-0.00402786285975026,0.0183115445899656,0.0201777568331417));
#10475=CARTESIAN_POINT('',(-0.00415826519302669,0.0183115445899656,0.0193871975426557));
#10476=CARTESIAN_POINT('',(-0.00426140923680816,0.0183115445899657,0.0183224853169307));
#10477=CARTESIAN_POINT('',(-0.00428875508232238,0.0183115445899656,0.0175200486977634));
#10478=CARTESIAN_POINT('',(-0.00427631938127605,0.0183115445899656,0.0167213825423155));
#10479=CARTESIAN_POINT('',(-0.00413029817613702,0.0183115445899657,0.016064119636713));
#10480=CARTESIAN_POINT('',(-0.00410658914771958,0.0183115445899657,0.0155314869836904));
#10481=CARTESIAN_POINT('',(-0.00416234435781108,0.0183115445899656,0.0151382895680963));
#10482=CARTESIAN_POINT('',(-0.00437545276232475,0.0183115445899656,0.0147726218369983));
#10483=CARTESIAN_POINT('',(-0.00476906710854082,0.0183115445899642,0.014654872671609));
#10484=CARTESIAN_POINT('',(-0.00515778052426446,0.0183115445899665,0.0145227997094032));
#10485=CARTESIAN_POINT('',(-0.00554117162332838,0.0183115445899636,0.014702526045952));
#10486=CARTESIAN_POINT('',(-0.00581552945748115,0.0183115445899662,0.0149900513372145));
#10487=CARTESIAN_POINT('',(-0.00610487095382723,0.0183115445899653,0.0154333165043949));
#10488=CARTESIAN_POINT('',(-0.00637468521537727,0.0183115445899657,0.0160507345932589));
#10489=CARTESIAN_POINT('',(-0.00683300541742709,0.0183115445899656,0.0167009830898858));
#10490=CARTESIAN_POINT('',(-0.00732391340311388,0.0183115445899656,0.0173300523575835));
#10491=CARTESIAN_POINT('',(-0.0080332678012946,0.0183115445899656,0.0181307004433359));
#10492=CARTESIAN_POINT('',(-0.00860236841653003,0.0183115445899656,0.018692393924348));
#10493=CARTESIAN_POINT('',(-0.00899534181319917,0.0183115445899656,0.0190541895751257));
#10494=CARTESIAN_POINT('',(-0.00392238722955719,0.0183115445899656,0.0207024924374316));
#10495=CARTESIAN_POINT('',(-0.00899534181319917,0.0183115445899656,0.0190541895751257));
#10496=CARTESIAN_POINT('',(-0.00408509461789393,0.0190967349302385,0.0216174004441526));
#10497=CARTESIAN_POINT('',(-0.0040308639991721,0.0188350044538018,0.0213124304992613));
#10498=CARTESIAN_POINT('',(-0.00397662843106492,0.0185732743256397,0.0210074611357825));
#10499=CARTESIAN_POINT('',(-0.00392238722955728,0.0183115445899657,0.0207024924374316));
#10500=CARTESIAN_POINT('',(-0.00408509461789389,0.0190967349302385,0.0216174004441527));
#10501=CARTESIAN_POINT('',(-0.00417768048529006,0.0193008123878561,0.0215996987424072));
#10502=CARTESIAN_POINT('',(-0.00414719887234998,0.0192326135808412,0.0216055943079454));
#10503=CARTESIAN_POINT('',(-0.00411633500331995,0.0191645888026444,0.0216114968698217));
#10504=CARTESIAN_POINT('',(-0.00408509461789389,0.0190967349302385,0.0216174004441527));
#10505=CARTESIAN_POINT('',(-0.00417768048529476,0.0193008123878541,0.0215996987424081));
#10506=CARTESIAN_POINT('',(-0.00931616986508672,0.0193008123878541,0.0199301023340285));
#10507=CARTESIAN_POINT('',(-0.00899350705686553,0.0195702205982187,0.0197835401614651));
#10508=CARTESIAN_POINT('',(-0.00853173212401706,0.0199814152269912,0.0195394026877063));
#10509=CARTESIAN_POINT('',(-0.00797901192509649,0.0205520008019113,0.0191538375133149));
#10510=CARTESIAN_POINT('',(-0.00759913921951873,0.0209966475116266,0.0188288337966323));
#10511=CARTESIAN_POINT('',(-0.00729003557380553,0.021459862865391,0.018453175307596));
#10512=CARTESIAN_POINT('',(-0.00707383398421896,0.0219328522393404,0.0180300917677421));
#10513=CARTESIAN_POINT('',(-0.00665212216985725,0.0222974295047687,0.0178029012536726));
#10514=CARTESIAN_POINT('',(-0.00620982336140378,0.0224256349215793,0.0178254669441819));
#10515=CARTESIAN_POINT('',(-0.0057796957002075,0.0224290115667115,0.0179677063447886));
#10516=CARTESIAN_POINT('',(-0.00520854374463821,0.0224265741287693,0.0181448538606315));
#10517=CARTESIAN_POINT('',(-0.00488736964570654,0.0220073883911544,0.0186645041527303));
#10518=CARTESIAN_POINT('',(-0.00492941901472072,0.0215277174588026,0.0191487558037963));
#10519=CARTESIAN_POINT('',(-0.0049336413889291,0.0210494434331498,0.0196414939650367));
#10520=CARTESIAN_POINT('',(-0.00481652015208525,0.0205957163770435,0.0201376384031846));
#10521=CARTESIAN_POINT('',(-0.00459338359826657,0.0199982632001425,0.0208030028980494));
#10522=CARTESIAN_POINT('',(-0.00435627198956812,0.0195759184491153,0.0212849521493624));
#10523=CARTESIAN_POINT('',(-0.00417768048528536,0.0193008123878579,0.021599698742406));
#10524=CARTESIAN_POINT('',(-0.00931616986508672,0.0193008123878541,0.0199301023340285));
#10525=CARTESIAN_POINT('',(-0.00940147820446789,0.0190967349302386,0.0198900027041455));
#10526=CARTESIAN_POINT('',(-0.00937273416782047,0.019164588802643,0.0199035892500132));
#10527=CARTESIAN_POINT('',(-0.00934429533444782,0.0192326135808408,0.0199169553041884));
#10528=CARTESIAN_POINT('',(-0.00931616986508672,0.0193008123878541,0.0199301023340286));
#10529=CARTESIAN_POINT('',(-0.00940147820446789,0.0190967349302386,0.0198900027041455));
#10530=CARTESIAN_POINT('',(-0.00899534181319138,0.0183115445899728,0.0190541895751227));
#10531=CARTESIAN_POINT('',(-0.00913071586273086,0.0185732743257494,0.0193327966132629));
#10532=CARTESIAN_POINT('',(-0.00926609486068296,0.0188350044539047,0.0196114008781569));
#10533=CARTESIAN_POINT('',(-0.00940147820446791,0.0190967349302386,0.0198900027041455));
#10534=CARTESIAN_POINT('',(0.,0.0191902019685288,0.));
#10535=CARTESIAN_POINT('',(0.,0.0183115445899656,0.));
#10536=CARTESIAN_POINT('',(0.,0.0190967349302386,0.));
#10537=CARTESIAN_POINT('',(0.,0.0191902019685288,0.));
#10538=CARTESIAN_POINT('',(0.,0.0183115445899656,0.));
#10539=CARTESIAN_POINT('',(0.,0.0190967349302386,0.));
#10540=CARTESIAN_POINT('',(0.,0.0191902019685288,0.));
#10541=CARTESIAN_POINT('',(0.,0.0183115445899656,0.));
#10542=CARTESIAN_POINT('',(0.,0.0190967349302386,0.));
#10543=CARTESIAN_POINT('',(0.,0.0191902019685288,0.));
#10544=CARTESIAN_POINT('',(0.,0.0183115445899656,0.));
#10545=CARTESIAN_POINT('',(0.,0.0190967349302386,0.));
#10546=CARTESIAN_POINT('',(0.,0.0191902019685288,0.));
#10547=CARTESIAN_POINT('',(0.,0.0183115445899656,0.));
#10548=CARTESIAN_POINT('',(0.,0.0190967349302386,0.));
#10549=CARTESIAN_POINT('',(0.,0.0191902019685288,0.));
#10550=CARTESIAN_POINT('',(0.,0.0183115445899656,0.));
#10551=CARTESIAN_POINT('',(0.,0.0190967349302386,0.));
#10552=CARTESIAN_POINT('',(0.,0.0191902019685288,0.));
#10553=CARTESIAN_POINT('',(0.,0.0183115445899656,0.));
#10554=CARTESIAN_POINT('',(0.,0.0190967349302386,0.));
#10555=CARTESIAN_POINT('',(0.,0.0191902019685288,0.));
#10556=CARTESIAN_POINT('',(0.,0.0183115445899656,0.));
#10557=CARTESIAN_POINT('',(0.,0.0190967349302386,0.));
#10558=CARTESIAN_POINT('',(0.,0.0191902019685288,0.));
#10559=CARTESIAN_POINT('',(0.,0.0183115445899656,0.));
#10560=CARTESIAN_POINT('',(0.,0.0190967349302386,0.));
#10561=CARTESIAN_POINT('',(0.,0.0191902019685288,0.));
#10562=CARTESIAN_POINT('',(0.,0.0183115445899656,0.));
#10563=CARTESIAN_POINT('',(0.,0.0190967349302386,0.));
#10564=CARTESIAN_POINT('',(0.,0.0191902019685288,0.));
#10565=CARTESIAN_POINT('',(0.,0.0183115445899656,0.));
#10566=CARTESIAN_POINT('',(0.,0.0190967349302386,0.));
#10567=CARTESIAN_POINT('',(0.,0.0191902019685288,0.));
#10568=CARTESIAN_POINT('',(0.,0.0183115445899656,0.));
#10569=CARTESIAN_POINT('',(0.,0.0190967349302386,0.));
#10570=CARTESIAN_POINT('',(0.,0.0191902019685288,0.));
#10571=CARTESIAN_POINT('',(0.,0.0183115445899656,0.));
#10572=CARTESIAN_POINT('',(0.,0.0190967349302386,0.));
#10573=CARTESIAN_POINT('',(0.,0.0191902019685288,0.));
#10574=CARTESIAN_POINT('',(0.,0.0183115445899656,0.));
#10575=CARTESIAN_POINT('',(0.,0.0190967349302386,0.));
#10576=CARTESIAN_POINT('',(0.,0.0191902019685288,0.));
#10577=CARTESIAN_POINT('',(0.,0.0183115445899656,0.));
#10578=CARTESIAN_POINT('',(0.,0.0190967349302386,0.));
#10579=CARTESIAN_POINT('',(0.,0.0191902019685288,0.));
#10580=CARTESIAN_POINT('',(0.,0.0183115445899656,0.));
#10581=CARTESIAN_POINT('',(0.,0.0190967349302386,0.));
#10582=CARTESIAN_POINT('',(0.,0.0191902019685288,0.));
#10583=CARTESIAN_POINT('',(0.,0.0183115445899656,0.));
#10584=CARTESIAN_POINT('',(0.,0.0190967349302386,0.));
#10585=CARTESIAN_POINT('',(0.,0.0191902019685288,0.));
#10586=CARTESIAN_POINT('',(0.,0.0183115445899656,0.));
#10587=CARTESIAN_POINT('',(0.,0.0190967349302386,0.));
#10588=CARTESIAN_POINT('',(0.,0.0191902019685288,0.));
#10589=CARTESIAN_POINT('',(0.,0.0183115445899656,0.));
#10590=CARTESIAN_POINT('',(0.,0.0190967349302386,0.));
#10591=CARTESIAN_POINT('',(0.,0.0191902019685288,0.));
#10592=CARTESIAN_POINT('',(0.,0.0183115445899656,0.));
#10593=CARTESIAN_POINT('',(0.,0.0190967349302386,0.));
#10594=CARTESIAN_POINT('',(0.,0.0369008123878541,0.));
#10595=CARTESIAN_POINT('',(-0.00701915323838857,0.0369008123878541,-0.00133159097898017));
#10596=CARTESIAN_POINT('',(-0.00713738383814474,0.0369008123878541,-4.31337266670682E-5));
#10597=CARTESIAN_POINT('',(-0.0070308944875402,0.0369008123878541,0.00123933569304731));
#10598=CARTESIAN_POINT('',(-0.00667469967122521,0.0369008123878541,0.0025552298758684));
#10599=CARTESIAN_POINT('',(-0.00602888041960675,0.0369008123878541,0.00384357089225471));
#10600=CARTESIAN_POINT('',(-0.00511179308426838,0.0369008123878541,0.00500113888487365));
#10601=CARTESIAN_POINT('',(-0.00397324122107326,0.0369008123878541,0.00594449884242675));
#10602=CARTESIAN_POINT('',(-0.00269370048433693,0.0369008123878541,0.00662062038772672));
#10603=CARTESIAN_POINT('',(-0.00135464834654516,0.0369008123878541,0.0070123759591842));
#10604=CARTESIAN_POINT('',(-6.80206546909521E-5,0.0369008123878541,0.00713707257337358));
#10605=CARTESIAN_POINT('',(0.00121518030947714,0.0369008123878541,0.00703733455079949));
#10606=CARTESIAN_POINT('',(0.00255388171549589,0.0369008123878541,0.00667531919183035));
#10607=CARTESIAN_POINT('',(0.00384355875923929,0.0369008123878541,0.00602891453372811));
#10608=CARTESIAN_POINT('',(0.00500112555624847,0.0369008123878541,0.00511179783254583));
#10609=CARTESIAN_POINT('',(0.00594450174701195,0.0369008123878541,0.00397324079830977));
#10610=CARTESIAN_POINT('',(0.0066206195859925,0.0369008123878541,0.00269370064489015));
#10611=CARTESIAN_POINT('',(0.00701237617335383,0.0369008123878541,0.00135464830597097));
#10612=CARTESIAN_POINT('',(0.00713707251597803,0.0369008123878541,6.80206656808884E-5));
#10613=CARTESIAN_POINT('',(0.00703733456618005,0.0369008123878541,-0.00121518031241979));
#10614=CARTESIAN_POINT('',(0.00667531918770604,0.0369008123878541,-0.0025538817146929));
#10615=CARTESIAN_POINT('',(0.00602891453484482,0.0369008123878541,-0.00384355875950915));
#10616=CARTESIAN_POINT('',(0.00511179783220204,0.0369008123878541,-0.00500112555597429));
#10617=CARTESIAN_POINT('',(0.00397324079856818,0.0369008123878541,-0.00594450174783852));
#10618=CARTESIAN_POINT('',(0.00269370064420096,0.0369008123878541,-0.00662061958296007));
#10619=CARTESIAN_POINT('',(0.00135464830846862,0.0369008123878541,-0.0070123761846573));
#10620=CARTESIAN_POINT('',(6.80206563792237E-5,0.0369008123878541,-0.00713707247379658));
#10621=CARTESIAN_POINT('',(-0.00121518027771071,0.0369008123878541,-0.00703733472360237));
#10622=CARTESIAN_POINT('',(-0.00255388184422758,0.0369008123878541,-0.00667531860019819));
#10623=CARTESIAN_POINT('',(-0.00384355827607886,0.0369008123878541,-0.00602891672745402));
#10624=CARTESIAN_POINT('',(-0.00500112736015978,0.0369008123878541,-0.00511178964927365));
#10625=CARTESIAN_POINT('',(-0.00594449501452648,0.0369008123878541,-0.00397327133767287));
#10626=CARTESIAN_POINT('',(-0.00662064471201982,0.0369008123878541,-0.0026935866707135));
#10627=CARTESIAN_POINT('',(-0.00701915323838857,0.0369008123878541,-0.00133159097898017));
#10628=CARTESIAN_POINT('',(-0.00713738383814474,0.0369008123878541,-4.31337266670682E-5));
#10629=CARTESIAN_POINT('',(-0.0070308944875402,0.0369008123878541,0.00123933569304731));
#10630=CARTESIAN_POINT('',(-0.0071,0.0369008123878541,-8.67361737988404E-19));
#10631=CARTESIAN_POINT('',(0.,0.0369008123878541,0.));
#10632=CARTESIAN_POINT('',(0.0116,0.0369008123878541,0.));
#10633=CARTESIAN_POINT('',(0.,0.0409008123878541,0.));
#10634=CARTESIAN_POINT('',(-0.00988333024919771,0.0409008123878541,-0.0088815698604072));
#10635=CARTESIAN_POINT('',(-0.00988333024919771,0.0409008123878541,-0.0088815698604072));
#10636=CARTESIAN_POINT('',(-0.0126333302491977,0.0409008123878541,-0.00411843013959279));
#10637=CARTESIAN_POINT('',(-0.0126333302491977,0.0409008123878541,-0.00411843013959279));
#10638=CARTESIAN_POINT('',(-0.0147983937586588,0.0409008123878541,-0.00536843013959279));
#10639=CARTESIAN_POINT('',(-0.0147983937586588,0.0409008123878541,-0.00536843013959279));
#10640=CARTESIAN_POINT('',(-0.0120483937586588,0.0409008123878541,-0.0101315698604072));
#10641=CARTESIAN_POINT('',(-0.0120483937586588,0.0409008123878541,-0.0101315698604072));
#10642=CARTESIAN_POINT('',(0.0147983937586588,0.0409008123878541,-0.0053684301395928));
#10643=CARTESIAN_POINT('',(0.0147983937586588,0.0409008123878541,-0.0053684301395928));
#10644=CARTESIAN_POINT('',(0.0126333302491977,0.0409008123878541,-0.0041184301395928));
#10645=CARTESIAN_POINT('',(0.0126333302491977,0.0409008123878541,-0.0041184301395928));
#10646=CARTESIAN_POINT('',(0.0098833302491977,0.0409008123878541,-0.00888156986040721));
#10647=CARTESIAN_POINT('',(0.0098833302491977,0.0409008123878541,-0.00888156986040721));
#10648=CARTESIAN_POINT('',(0.0120483937586588,0.0409008123878541,-0.0101315698604072));
#10649=CARTESIAN_POINT('',(0.0120483937586588,0.0409008123878541,-0.0101315698604072));
#10650=CARTESIAN_POINT('',(-0.00275,0.0409008123878541,0.));
#10651=CARTESIAN_POINT('',(-0.00275,0.0409008123878541,0.0155));
#10652=CARTESIAN_POINT('',(-0.00275,0.0409008123878541,0.013));
#10653=CARTESIAN_POINT('',(0.,0.0409008123878541,0.013));
#10654=CARTESIAN_POINT('',(0.00275,0.0409008123878541,0.013));
#10655=CARTESIAN_POINT('',(0.00275,0.0409008123878541,0.));
#10656=CARTESIAN_POINT('',(0.00275,0.0409008123878541,0.0155));
#10657=CARTESIAN_POINT('',(0.,0.0409008123878541,0.0155));
#10658=CARTESIAN_POINT('',(0.,0.0409008123878541,0.));
#10659=CARTESIAN_POINT('',(0.0062,0.0409008123878541,0.));
#10660=CARTESIAN_POINT('',(0.,0.0409008123878541,0.));
#10661=CARTESIAN_POINT('',(0.0185,0.0409008123878541,0.));
#10662=CARTESIAN_POINT('',(0.,0.0334008123878541,0.));
#10663=CARTESIAN_POINT('',(0.,0.0374649224935001,0.));
#10664=CARTESIAN_POINT('',(-0.0062,0.0374649224935001,8.67361737988404E-19));
#10665=CARTESIAN_POINT('',(0.,0.0379008123878541,0.));
#10666=CARTESIAN_POINT('',(0.,0.0309008123878541,0.));
#10667=CARTESIAN_POINT('',(0.,0.0228008123878541,0.));
#10668=CARTESIAN_POINT('',(-0.0185,0.0228008123878541,0.));
#10669=CARTESIAN_POINT('',(-0.0150296509869852,0.0309008123878541,0.0107870102998659));
#10670=CARTESIAN_POINT('',(-0.0150296509869852,0.0274008123878541,0.0107870102998659));
#10671=CARTESIAN_POINT('',(-0.0150296509869852,0.0294008123878541,0.0107870102998659));
#10672=CARTESIAN_POINT('',(0.,0.0294008123878541,0.));
#10673=CARTESIAN_POINT('',(-0.0107870102998659,0.0294008123878541,0.0150296509869852));
#10674=CARTESIAN_POINT('',(-0.0107870102998659,0.0309008123878541,0.0150296509869852));
#10675=CARTESIAN_POINT('',(-0.0107870102998659,0.0274008123878541,0.0150296509869852));
#10676=CARTESIAN_POINT('',(0.,0.0274008123878541,0.));
#10677=CARTESIAN_POINT('',(0.0150296509869852,0.0309008123878541,-0.0107870102998659));
#10678=CARTESIAN_POINT('',(0.0150296509869852,0.0274008123878541,-0.0107870102998659));
#10679=CARTESIAN_POINT('',(0.0150296509869852,0.0294008123878541,-0.0107870102998659));
#10680=CARTESIAN_POINT('',(0.,0.0294008123878541,0.));
#10681=CARTESIAN_POINT('',(0.0107870102998659,0.0294008123878541,-0.0150296509869852));
#10682=CARTESIAN_POINT('',(0.0107870102998659,0.0309008123878541,-0.0150296509869852));
#10683=CARTESIAN_POINT('',(0.0107870102998659,0.0274008123878541,-0.0150296509869852));
#10684=CARTESIAN_POINT('',(0.,0.0274008123878541,0.));
#10685=CARTESIAN_POINT('',(-0.0107870102998659,0.0309008123878541,-0.0150296509869852));
#10686=CARTESIAN_POINT('',(-0.0107870102998659,0.0274008123878541,-0.0150296509869852));
#10687=CARTESIAN_POINT('',(-0.0107870102998659,0.0294008123878541,-0.0150296509869852));
#10688=CARTESIAN_POINT('',(0.,0.0294008123878541,0.));
#10689=CARTESIAN_POINT('',(-0.0150296509869852,0.0294008123878541,-0.0107870102998659));
#10690=CARTESIAN_POINT('',(-0.0150296509869852,0.0309008123878541,-0.0107870102998659));
#10691=CARTESIAN_POINT('',(-0.0150296509869852,0.0274008123878541,-0.0107870102998659));
#10692=CARTESIAN_POINT('',(0.,0.0274008123878541,0.));
#10693=CARTESIAN_POINT('',(0.0107870102998659,0.0309008123878541,0.0150296509869852));
#10694=CARTESIAN_POINT('',(0.0107870102998659,0.0274008123878541,0.0150296509869852));
#10695=CARTESIAN_POINT('',(0.0107870102998659,0.0294008123878541,0.0150296509869852));
#10696=CARTESIAN_POINT('',(0.,0.0294008123878541,0.));
#10697=CARTESIAN_POINT('',(0.0150296509869852,0.0294008123878541,0.0107870102998659));
#10698=CARTESIAN_POINT('',(0.0150296509869852,0.0309008123878541,0.0107870102998659));
#10699=CARTESIAN_POINT('',(0.0150296509869852,0.0274008123878541,0.0107870102998659));
#10700=CARTESIAN_POINT('',(0.,0.0274008123878541,0.));
#10701=CARTESIAN_POINT('',(-0.0184924181194346,0.0280624372798751,-0.000587248361443198));
#10702=CARTESIAN_POINT('',(-0.0184809812208507,0.0286509629196385,-0.00083132867731378));
#10703=CARTESIAN_POINT('',(-0.0184924032708449,0.0292385853686956,-0.000587436929301681));
#10704=CARTESIAN_POINT('',(-0.0185037965804972,0.0294818421713605,-6.12370753995034E-7));
#10705=CARTESIAN_POINT('',(-0.0184924103812016,0.0292389196325283,0.000587485552752409));
#10706=CARTESIAN_POINT('',(-0.0184809900748278,0.0286509259555931,0.000831058063762659));
#10707=CARTESIAN_POINT('',(-0.0184923756047257,0.0280638519298138,0.000588281907376346));
#10708=CARTESIAN_POINT('',(-0.0185038015456695,0.0278196468538565,8.78547586016245E-7));
#10709=CARTESIAN_POINT('',(-0.0184924181194346,0.0280624372798751,-0.000587248361443198));
#10710=CARTESIAN_POINT('',(-0.0184809812208507,0.0286509629196385,-0.00083132867731378));
#10711=CARTESIAN_POINT('',(-0.0184924032708449,0.0292385853686956,-0.000587436929301681));
#10712=CARTESIAN_POINT('',(-0.0184847910456137,0.0286508123878541,-0.00075));
#10713=CARTESIAN_POINT('',(-0.000587248361443196,0.0280624372798751,0.0184924181194346));
#10714=CARTESIAN_POINT('',(-0.000831328677313781,0.0286509629196385,0.0184809812208507));
#10715=CARTESIAN_POINT('',(-0.000587436929301681,0.0292385853686956,0.0184924032708449));
#10716=CARTESIAN_POINT('',(-6.12370753995793E-7,0.0294818421713605,0.0185037965804972));
#10717=CARTESIAN_POINT('',(0.00058748555275241,0.0292389196325283,0.0184924103812016));
#10718=CARTESIAN_POINT('',(0.000831058063762658,0.0286509259555931,0.0184809900748278));
#10719=CARTESIAN_POINT('',(0.000588281907376348,0.0280638519298138,0.0184923756047257));
#10720=CARTESIAN_POINT('',(8.78547586013053E-7,0.0278196468538565,0.0185038015456695));
#10721=CARTESIAN_POINT('',(-0.000587248361443196,0.0280624372798751,0.0184924181194346));
#10722=CARTESIAN_POINT('',(-0.000831328677313781,0.0286509629196385,0.0184809812208507));
#10723=CARTESIAN_POINT('',(-0.000587436929301681,0.0292385853686956,0.0184924032708449));
#10724=CARTESIAN_POINT('',(-0.00075,0.0286508123878541,0.0184847910456137));
#10725=CARTESIAN_POINT('',(0.0184924181194346,0.0280624372798751,0.0005872483614432));
#10726=CARTESIAN_POINT('',(0.0184809812208507,0.0286509629196385,0.000831328677313779));
#10727=CARTESIAN_POINT('',(0.0184924032708449,0.0292385853686956,0.000587436929301684));
#10728=CARTESIAN_POINT('',(0.0185037965804972,0.0294818421713605,6.12370753996596E-7));
#10729=CARTESIAN_POINT('',(0.0184924103812016,0.0292389196325283,-0.000587485552752407));
#10730=CARTESIAN_POINT('',(0.0184809900748278,0.0286509259555931,-0.000831058063762657));
#10731=CARTESIAN_POINT('',(0.0184923756047257,0.0280638519298138,-0.000588281907376344));
#10732=CARTESIAN_POINT('',(0.0185038015456695,0.0278196468538565,-8.78547586011414E-7));
#10733=CARTESIAN_POINT('',(0.0184924181194346,0.0280624372798751,0.0005872483614432));
#10734=CARTESIAN_POINT('',(0.0184809812208507,0.0286509629196385,0.000831328677313779));
#10735=CARTESIAN_POINT('',(0.0184924032708449,0.0292385853686956,0.000587436929301684));
#10736=CARTESIAN_POINT('',(0.0184847910456137,0.0286508123878541,0.00075));
#10737=CARTESIAN_POINT('',(0.000587248361443201,0.0280624372798751,-0.0184924181194346));
#10738=CARTESIAN_POINT('',(0.000831328677313778,0.0286509629196385,-0.0184809812208507));
#10739=CARTESIAN_POINT('',(0.000587436929301686,0.0292385853686956,-0.0184924032708449));
#10740=CARTESIAN_POINT('',(6.12370753997771E-7,0.0294818421713605,-0.0185037965804972));
#10741=CARTESIAN_POINT('',(-0.000587485552752406,0.0292389196325283,-0.0184924103812016));
#10742=CARTESIAN_POINT('',(-0.000831058063762656,0.0286509259555931,-0.0184809900748278));
#10743=CARTESIAN_POINT('',(-0.000588281907376342,0.0280638519298138,-0.0184923756047257));
#10744=CARTESIAN_POINT('',(-8.7854758601241E-7,0.0278196468538565,-0.0185038015456695));
#10745=CARTESIAN_POINT('',(0.000587248361443201,0.0280624372798751,-0.0184924181194346));
#10746=CARTESIAN_POINT('',(0.000831328677313778,0.0286509629196385,-0.0184809812208507));
#10747=CARTESIAN_POINT('',(0.000587436929301686,0.0292385853686956,-0.0184924032708449));
#10748=CARTESIAN_POINT('',(0.00075,0.0286508123878541,-0.0184847910456137));
#10749=CARTESIAN_POINT('',(-0.0106066017177982,0.0294008123878541,0.0106066017177982));
#10750=CARTESIAN_POINT('',(-0.0150296509869852,0.0294008123878541,0.0107870102998659));
#10751=CARTESIAN_POINT('',(-0.0117908601464665,0.0294008123878541,0.00754821945934721));
#10752=CARTESIAN_POINT('',(0.,0.0294008123878541,0.));
#10753=CARTESIAN_POINT('',(-0.00754821945934722,0.0294008123878541,0.0117908601464665));
#10754=CARTESIAN_POINT('',(-0.00754821945934722,0.0294008123878541,0.0117908601464665));
#10755=CARTESIAN_POINT('',(-0.0162634559672906,0.0294008123878541,0.0120208152801713));
#10756=CARTESIAN_POINT('',(-0.0162634559672906,0.0274008123878541,0.0120208152801713));
#10757=CARTESIAN_POINT('',(-0.0117908601464665,0.0274008123878541,0.00754821945934721));
#10758=CARTESIAN_POINT('',(-0.0117908601464665,0.0294008123878541,0.00754821945934721));
#10759=CARTESIAN_POINT('',(-0.0106066017177982,0.0274008123878541,0.0106066017177982));
#10760=CARTESIAN_POINT('',(-0.00754821945934722,0.0274008123878541,0.0117908601464665));
#10761=CARTESIAN_POINT('',(-0.00754821945934722,0.0274008123878541,0.0117908601464665));
#10762=CARTESIAN_POINT('',(0.,0.0274008123878541,0.));
#10763=CARTESIAN_POINT('',(-0.00494974746830583,0.0294008123878541,0.00919238815542512));
#10764=CARTESIAN_POINT('',(-0.00754821945934722,0.0294008123878541,0.0117908601464665));
#10765=CARTESIAN_POINT('',(0.0106066017177982,0.0294008123878541,-0.0106066017177982));
#10766=CARTESIAN_POINT('',(0.0150296509869852,0.0294008123878541,-0.0107870102998659));
#10767=CARTESIAN_POINT('',(0.0117908601464665,0.0294008123878541,-0.00754821945934721));
#10768=CARTESIAN_POINT('',(0.,0.0294008123878541,0.));
#10769=CARTESIAN_POINT('',(0.00754821945934722,0.0294008123878541,-0.0117908601464665));
#10770=CARTESIAN_POINT('',(0.00754821945934722,0.0294008123878541,-0.0117908601464665));
#10771=CARTESIAN_POINT('',(0.0162634559672906,0.0294008123878541,-0.0120208152801713));
#10772=CARTESIAN_POINT('',(0.0162634559672906,0.0274008123878541,-0.0120208152801713));
#10773=CARTESIAN_POINT('',(0.0117908601464665,0.0274008123878541,-0.0075482194593472));
#10774=CARTESIAN_POINT('',(0.0117908601464665,0.0294008123878541,-0.0075482194593472));
#10775=CARTESIAN_POINT('',(0.0106066017177982,0.0274008123878541,-0.0106066017177982));
#10776=CARTESIAN_POINT('',(0.00754821945934722,0.0274008123878541,-0.0117908601464665));
#10777=CARTESIAN_POINT('',(0.00754821945934722,0.0274008123878541,-0.0117908601464665));
#10778=CARTESIAN_POINT('',(0.,0.0274008123878541,0.));
#10779=CARTESIAN_POINT('',(0.00494974746830583,0.0294008123878541,-0.00919238815542512));
#10780=CARTESIAN_POINT('',(0.00754821945934722,0.0294008123878541,-0.0117908601464665));
#10781=CARTESIAN_POINT('',(-0.0106066017177982,0.0294008123878541,-0.0106066017177982));
#10782=CARTESIAN_POINT('',(-0.0107870102998659,0.0294008123878541,-0.0150296509869852));
#10783=CARTESIAN_POINT('',(-0.00754821945934721,0.0294008123878541,-0.0117908601464665));
#10784=CARTESIAN_POINT('',(0.,0.0294008123878541,0.));
#10785=CARTESIAN_POINT('',(-0.0117908601464665,0.0294008123878541,-0.00754821945934722));
#10786=CARTESIAN_POINT('',(-0.0117908601464665,0.0294008123878541,-0.00754821945934722));
#10787=CARTESIAN_POINT('',(-0.0120208152801713,0.0294008123878541,-0.0162634559672906));
#10788=CARTESIAN_POINT('',(-0.0120208152801713,0.0274008123878541,-0.0162634559672906));
#10789=CARTESIAN_POINT('',(-0.00754821945934721,0.0274008123878541,-0.0117908601464665));
#10790=CARTESIAN_POINT('',(-0.00754821945934721,0.0294008123878541,-0.0117908601464665));
#10791=CARTESIAN_POINT('',(-0.0106066017177982,0.0274008123878541,-0.0106066017177982));
#10792=CARTESIAN_POINT('',(-0.0117908601464665,0.0274008123878541,-0.00754821945934722));
#10793=CARTESIAN_POINT('',(-0.0117908601464665,0.0274008123878541,-0.00754821945934722));
#10794=CARTESIAN_POINT('',(0.,0.0274008123878541,0.));
#10795=CARTESIAN_POINT('',(-0.00919238815542512,0.0294008123878541,-0.00494974746830583));
#10796=CARTESIAN_POINT('',(-0.0117908601464665,0.0294008123878541,-0.00754821945934722));
#10797=CARTESIAN_POINT('',(0.0106066017177982,0.0294008123878541,0.0106066017177982));
#10798=CARTESIAN_POINT('',(0.0107870102998659,0.0294008123878541,0.0150296509869852));
#10799=CARTESIAN_POINT('',(0.00754821945934721,0.0294008123878541,0.0117908601464665));
#10800=CARTESIAN_POINT('',(0.,0.0294008123878541,0.));
#10801=CARTESIAN_POINT('',(0.0117908601464665,0.0294008123878541,0.00754821945934721));
#10802=CARTESIAN_POINT('',(0.0117908601464665,0.0294008123878541,0.00754821945934721));
#10803=CARTESIAN_POINT('',(0.0120208152801713,0.0294008123878541,0.0162634559672906));
#10804=CARTESIAN_POINT('',(0.0120208152801713,0.0274008123878541,0.0162634559672906));
#10805=CARTESIAN_POINT('',(0.0075482194593472,0.0274008123878541,0.0117908601464665));
#10806=CARTESIAN_POINT('',(0.00754821945934721,0.0294008123878541,0.0117908601464665));
#10807=CARTESIAN_POINT('',(0.0106066017177982,0.0274008123878541,0.0106066017177982));
#10808=CARTESIAN_POINT('',(0.0117908601464665,0.0274008123878541,0.00754821945934721));
#10809=CARTESIAN_POINT('',(0.0117908601464665,0.0274008123878541,0.00754821945934721));
#10810=CARTESIAN_POINT('',(0.,0.0274008123878541,0.));
#10811=CARTESIAN_POINT('',(0.00919238815542512,0.0294008123878541,0.00494974746830583));
#10812=CARTESIAN_POINT('',(0.0117908601464665,0.0294008123878541,0.00754821945934721));
#10813=CARTESIAN_POINT('',(-0.02,0.0286508123878541,0.));
#10814=CARTESIAN_POINT('',(-0.0139899810487153,0.0292391862482223,-0.000587246746847696));
#10815=CARTESIAN_POINT('',(-0.0139748587849631,0.0286506623406998,-0.000831329758439124));
#10816=CARTESIAN_POINT('',(-0.0139899614915272,0.0280630387161029,-0.000587434219395808));
#10817=CARTESIAN_POINT('',(-0.0140050169848117,0.0278197804059541,-6.17651022514632E-7));
#10818=CARTESIAN_POINT('',(-0.0139899705346709,0.028062714632234,0.000587495413376304));
#10819=CARTESIAN_POINT('',(-0.0139748705656495,0.028650694051735,0.000831054921704981));
#10820=CARTESIAN_POINT('',(-0.013989924898255,0.0292377746585517,0.000588284612211315));
#10821=CARTESIAN_POINT('',(-0.014005023482963,0.0294819777895923,8.68524865000419E-7));
#10822=CARTESIAN_POINT('',(-0.0139899810487153,0.0292391862482223,-0.000587246746847696));
#10823=CARTESIAN_POINT('',(-0.0139748587849631,0.0286506623406998,-0.000831329758439124));
#10824=CARTESIAN_POINT('',(-0.0139899614915272,0.0280630387161029,-0.000587434219395808));
#10825=CARTESIAN_POINT('',(-0.0139798962800158,0.0286508123878541,-0.00075));
#10826=CARTESIAN_POINT('',(0.,0.0286508123878541,0.02));
#10827=CARTESIAN_POINT('',(-0.000587246746847699,0.0292391862482224,0.0139899810487153));
#10828=CARTESIAN_POINT('',(-0.000831329758439124,0.0286506623406998,0.0139748587849631));
#10829=CARTESIAN_POINT('',(-0.000587434219395807,0.0280630387161029,0.0139899614915272));
#10830=CARTESIAN_POINT('',(-6.17651022513311E-7,0.0278197804059541,0.0140050169848117));
#10831=CARTESIAN_POINT('',(0.000587495413376304,0.028062714632234,0.0139899705346709));
#10832=CARTESIAN_POINT('',(0.000831054921704982,0.028650694051735,0.0139748705656495));
#10833=CARTESIAN_POINT('',(0.000588284612211314,0.0292377746585517,0.013989924898255));
#10834=CARTESIAN_POINT('',(8.68524865003062E-7,0.0294819777895923,0.014005023482963));
#10835=CARTESIAN_POINT('',(-0.000587246746847699,0.0292391862482224,0.0139899810487153));
#10836=CARTESIAN_POINT('',(-0.000831329758439124,0.0286506623406998,0.0139748587849631));
#10837=CARTESIAN_POINT('',(-0.000587434219395807,0.0280630387161029,0.0139899614915272));
#10838=CARTESIAN_POINT('',(-0.00075,0.0286508123878541,0.0139798962800158));
#10839=CARTESIAN_POINT('',(0.02,0.0286508123878541,2.60208521396521E-18));
#10840=CARTESIAN_POINT('',(0.0139899810487153,0.0292391862482224,0.000587246746847698));
#10841=CARTESIAN_POINT('',(0.0139748587849631,0.0286506623406998,0.000831329758439123));
#10842=CARTESIAN_POINT('',(0.0139899614915272,0.0280630387161029,0.000587434219395811));
#10843=CARTESIAN_POINT('',(0.0140050169848117,0.0278197804059541,6.17651022516838E-7));
#10844=CARTESIAN_POINT('',(0.0139899705346709,0.028062714632234,-0.000587495413376305));
#10845=CARTESIAN_POINT('',(0.0139748705656495,0.028650694051735,-0.000831054921704978));
#10846=CARTESIAN_POINT('',(0.013989924898255,0.0292377746585517,-0.000588284612211313));
#10847=CARTESIAN_POINT('',(0.014005023482963,0.0294819777895923,-8.68524864996692E-7));
#10848=CARTESIAN_POINT('',(0.0139899810487153,0.0292391862482224,0.000587246746847698));
#10849=CARTESIAN_POINT('',(0.0139748587849631,0.0286506623406998,0.000831329758439123));
#10850=CARTESIAN_POINT('',(0.0139899614915272,0.0280630387161029,0.000587434219395811));
#10851=CARTESIAN_POINT('',(0.0139798962800158,0.0286508123878541,0.00075));
#10852=CARTESIAN_POINT('',(3.46944695195361E-18,0.0286508123878541,-0.02));
#10853=CARTESIAN_POINT('',(0.000587246746847699,0.0292391862482223,-0.0139899810487153));
#10854=CARTESIAN_POINT('',(0.000831329758439123,0.0286506623406998,-0.0139748587849631));
#10855=CARTESIAN_POINT('',(0.00058743421939581,0.0280630387161029,-0.0139899614915272));
#10856=CARTESIAN_POINT('',(6.17651022516726E-7,0.0278197804059541,-0.0140050169848117));
#10857=CARTESIAN_POINT('',(-0.000587495413376304,0.028062714632234,-0.0139899705346709));
#10858=CARTESIAN_POINT('',(-0.000831054921704978,0.028650694051735,-0.0139748705656495));
#10859=CARTESIAN_POINT('',(-0.000588284612211312,0.0292377746585517,-0.013989924898255));
#10860=CARTESIAN_POINT('',(-8.68524864999423E-7,0.0294819777895923,-0.014005023482963));
#10861=CARTESIAN_POINT('',(0.000587246746847699,0.0292391862482223,-0.0139899810487153));
#10862=CARTESIAN_POINT('',(0.000831329758439123,0.0286506623406998,-0.0139748587849631));
#10863=CARTESIAN_POINT('',(0.00058743421939581,0.0280630387161029,-0.0139899614915272));
#10864=CARTESIAN_POINT('',(0.00075,0.0286508123878541,-0.0139798962800158));
#10865=CARTESIAN_POINT('',(0.,0.0159008123878541,0.));
#10866=CARTESIAN_POINT('',(0.,0.0319008123878541,0.));
#10867=CARTESIAN_POINT('',(-0.0132631506131105,0.0319008123878541,-0.00448205709623896));
#10868=CARTESIAN_POINT('',(-0.0105131506131105,0.0319008123878541,-0.00924519681705337));
#10869=CARTESIAN_POINT('',(0.,0.0319008123878541,0.));
#10870=CARTESIAN_POINT('',(-0.00275,0.0319008123878541,0.0137272539132923));
#10871=CARTESIAN_POINT('',(0.,0.0319008123878541,0.));
#10872=CARTESIAN_POINT('',(0.00275,0.0319008123878541,0.0137272539132923));
#10873=CARTESIAN_POINT('',(0.,0.0319008123878541,0.));
#10874=CARTESIAN_POINT('',(0.0132631506131105,0.0319008123878541,-0.00448205709623897));
#10875=CARTESIAN_POINT('',(0.,0.0319008123878541,0.));
#10876=CARTESIAN_POINT('',(0.0105131506131105,0.0319008123878541,-0.00924519681705338));
#10877=CARTESIAN_POINT('',(0.,0.0319008123878541,0.));
#10878=CARTESIAN_POINT('',(0.,0.0319008121494356,0.));
#10879=CARTESIAN_POINT('',(0.,0.0329008123878541,0.));
#10880=CARTESIAN_POINT('',(-0.0116,0.0329008123878541,1.7347234759768E-18));
#10881=CARTESIAN_POINT('',(0.00275,0.0399008123878541,0.0155));
#10882=CARTESIAN_POINT('',(0.00275,0.0399008123878541,0.013));
#10883=CARTESIAN_POINT('',(0.00275,0.0319008123878541,0.013));
#10884=CARTESIAN_POINT('',(0.00275,0.0319008123878541,0.0155));
#10885=CARTESIAN_POINT('',(0.00275,0.0319008123878541,0.0155));
#10886=CARTESIAN_POINT('',(0.00275,0.0319008123878541,0.0155));
#10887=CARTESIAN_POINT('',(0.00275,0.0399008123878541,0.0155));
#10888=CARTESIAN_POINT('',(0.00275,0.0399008123878541,0.013));
#10889=CARTESIAN_POINT('',(-0.00275,0.0399008123878541,0.013));
#10890=CARTESIAN_POINT('',(-0.00275,0.0319008123878541,0.013));
#10891=CARTESIAN_POINT('',(0.00275,0.0319008123878541,0.013));
#10892=CARTESIAN_POINT('',(-0.00275,0.0399008123878541,0.013));
#10893=CARTESIAN_POINT('',(-0.00275,0.0399008123878541,0.0155));
#10894=CARTESIAN_POINT('',(-0.00275,0.0319008123878541,0.0155));
#10895=CARTESIAN_POINT('',(-0.00275,0.0319008123878541,0.013));
#10896=CARTESIAN_POINT('',(-0.00275,0.0319008123878541,0.013));
#10897=CARTESIAN_POINT('',(-0.00275,0.0399008123878541,0.0155));
#10898=CARTESIAN_POINT('',(-0.00275,0.0319008123878541,0.0155));
#10899=CARTESIAN_POINT('',(0.0120483937586588,0.0399008123878541,-0.0101315698604072));
#10900=CARTESIAN_POINT('',(0.00988333024919771,0.0399008123878541,-0.0088815698604072));
#10901=CARTESIAN_POINT('',(0.00988333024919771,0.0319008123878541,-0.0088815698604072));
#10902=CARTESIAN_POINT('',(0.0120483937586588,0.0319008123878541,-0.0101315698604072));
#10903=CARTESIAN_POINT('',(0.0120483937586588,0.0319008123878541,-0.0101315698604072));
#10904=CARTESIAN_POINT('',(0.0120483937586588,0.0319008123878541,-0.0101315698604072));
#10905=CARTESIAN_POINT('',(0.0120483937586588,0.0399008123878541,-0.0101315698604072));
#10906=CARTESIAN_POINT('',(0.0098833302491977,0.0399008123878541,-0.00888156986040721));
#10907=CARTESIAN_POINT('',(0.0126333302491977,0.0399008123878541,-0.0041184301395928));
#10908=CARTESIAN_POINT('',(0.0126333302491977,0.0319008123878541,-0.0041184301395928));
#10909=CARTESIAN_POINT('',(0.0098833302491977,0.0319008123878541,-0.00888156986040721));
#10910=CARTESIAN_POINT('',(0.0126333302491977,0.0399008123878541,-0.0041184301395928));
#10911=CARTESIAN_POINT('',(0.0147983937586588,0.0399008123878541,-0.0053684301395928));
#10912=CARTESIAN_POINT('',(0.0147983937586588,0.0319008123878541,-0.0053684301395928));
#10913=CARTESIAN_POINT('',(0.0126333302491977,0.0319008123878541,-0.0041184301395928));
#10914=CARTESIAN_POINT('',(0.0126333302491977,0.0319008123878541,-0.0041184301395928));
#10915=CARTESIAN_POINT('',(0.0147983937586588,0.0399008123878541,-0.0053684301395928));
#10916=CARTESIAN_POINT('',(0.0147983937586588,0.0319008123878541,-0.0053684301395928));
#10917=CARTESIAN_POINT('',(-0.0147983937586588,0.0399008123878541,-0.00536843013959279));
#10918=CARTESIAN_POINT('',(-0.0126333302491977,0.0399008123878541,-0.00411843013959279));
#10919=CARTESIAN_POINT('',(-0.0126333302491977,0.0319008123878541,-0.00411843013959279));
#10920=CARTESIAN_POINT('',(-0.0147983937586588,0.0319008123878541,-0.00536843013959279));
#10921=CARTESIAN_POINT('',(-0.0147983937586588,0.0319008123878541,-0.00536843013959279));
#10922=CARTESIAN_POINT('',(-0.0147983937586588,0.0319008123878541,-0.00536843013959279));
#10923=CARTESIAN_POINT('',(-0.0147983937586588,0.0399008123878541,-0.00536843013959279));
#10924=CARTESIAN_POINT('',(-0.0126333302491977,0.0399008123878541,-0.00411843013959279));
#10925=CARTESIAN_POINT('',(-0.0098833302491977,0.0399008123878541,-0.0088815698604072));
#10926=CARTESIAN_POINT('',(-0.00988333024919771,0.0319008123878541,-0.0088815698604072));
#10927=CARTESIAN_POINT('',(-0.0126333302491977,0.0319008123878541,-0.00411843013959279));
#10928=CARTESIAN_POINT('',(-0.00988333024919771,0.0399008123878541,-0.0088815698604072));
#10929=CARTESIAN_POINT('',(-0.0120483937586588,0.0399008123878541,-0.0101315698604072));
#10930=CARTESIAN_POINT('',(-0.0120483937586588,0.0319008123878541,-0.0101315698604072));
#10931=CARTESIAN_POINT('',(-0.00988333024919771,0.0319008123878541,-0.0088815698604072));
#10932=CARTESIAN_POINT('',(-0.00988333024919771,0.0319008123878541,-0.0088815698604072));
#10933=CARTESIAN_POINT('',(-0.0120483937586588,0.0399008123878541,-0.0101315698604072));
#10934=CARTESIAN_POINT('',(-0.0120483937586588,0.0319008123878541,-0.0101315698604072));
#10935=CARTESIAN_POINT('',(0.,0.0319008123878541,0.));
#10936=CARTESIAN_POINT('',(-0.0125601630410341,0.0319008123878541,-0.0012161132117833));
#10937=CARTESIAN_POINT('',(-0.0126180448333122,0.0319008123878541,-4.00644909874078E-5));
#10938=CARTESIAN_POINT('',(-0.0125673097514423,0.0319008123878541,0.00109946171245594));
#10939=CARTESIAN_POINT('',(-0.0124274219322939,0.0319008123878541,0.00218273869740975));
#10940=CARTESIAN_POINT('',(-0.0121609486472286,0.0319008123878541,0.00337280187860372));
#10941=CARTESIAN_POINT('',(-0.0117855846667769,0.0319008123878541,0.00451304728046928));
#10942=CARTESIAN_POINT('',(-0.0112668268097459,0.0319008123878541,0.00568992115705754));
#10943=CARTESIAN_POINT('',(-0.0104309800075914,0.0319008123878541,0.00715597673405011));
#10944=CARTESIAN_POINT('',(-0.00907293701315454,0.0319008123878541,0.00887671666591144));
#10945=CARTESIAN_POINT('',(-0.00738074658106468,0.0319008123878541,0.0102735229305683));
#10946=CARTESIAN_POINT('',(-0.00592818290544313,0.0319008123878541,0.0111434427708958));
#10947=CARTESIAN_POINT('',(-0.00475807750102242,0.0319008123878541,0.0116891128015812));
#10948=CARTESIAN_POINT('',(-0.00361589766507646,0.0319008123878541,0.0120911884083438));
#10949=CARTESIAN_POINT('',(-0.00200795306699963,0.0319008123878541,0.0124845049186542));
#10950=CARTESIAN_POINT('',(-0.000514626045804799,0.0319008123878541,0.0126299539767768));
#10951=CARTESIAN_POINT('',(0.00103752783222432,0.0319008123878541,0.0125746916670422));
#10952=CARTESIAN_POINT('',(0.00215771520072913,0.0319008123878541,0.0124326415830603));
#10953=CARTESIAN_POINT('',(0.00336945358872726,0.0319008123878541,0.0121620149128807));
#10954=CARTESIAN_POINT('',(0.00451186854185737,0.0319008123878541,0.0117860885573821));
#10955=CARTESIAN_POINT('',(0.00568974981843911,0.0319008123878541,0.0112669191029162));
#10956=CARTESIAN_POINT('',(0.00715593481363243,0.0319008123878541,0.0104310156725092));
#10957=CARTESIAN_POINT('',(0.00887670907952685,0.0319008123878541,0.00907294354138289));
#10958=CARTESIAN_POINT('',(0.0102735232312057,0.0319008123878541,0.00738074660824713));
#10959=CARTESIAN_POINT('',(0.0111434426751123,0.0319008123878541,0.00592818296831352));
#10960=CARTESIAN_POINT('',(0.0116891128218072,0.0319008123878541,0.00475807749723225));
#10961=CARTESIAN_POINT('',(0.0120911884020476,0.0319008123878541,0.00361589766907766));
#10962=CARTESIAN_POINT('',(0.0124845049221375,0.0319008123878541,0.00200795306563486));
#10963=CARTESIAN_POINT('',(0.0126299539762143,0.0319008123878541,0.000514626046116162));
#10964=CARTESIAN_POINT('',(0.0125746916671486,0.0319008123878541,-0.00103752783227364));
#10965=CARTESIAN_POINT('',(0.0124326415830318,0.0319008123878541,-0.00215771520071589));
#10966=CARTESIAN_POINT('',(0.0121620149128896,0.0319008123878541,-0.00336945358872443));
#10967=CARTESIAN_POINT('',(0.0117860885573795,0.0319008123878541,-0.00451186854185707));
#10968=CARTESIAN_POINT('',(0.0112669191029186,0.0319008123878541,-0.00568974981843812));
#10969=CARTESIAN_POINT('',(0.0104310156725083,0.0319008123878541,-0.00715593481363272));
#10970=CARTESIAN_POINT('',(0.00907294354138237,0.0319008123878541,-0.00887670907952707));
#10971=CARTESIAN_POINT('',(0.00738074660824756,0.0319008123878541,-0.0102735232312068));
#10972=CARTESIAN_POINT('',(0.00592818296831284,0.0319008123878541,-0.0111434426751103));
#10973=CARTESIAN_POINT('',(0.00475807749723487,0.0319008123878541,-0.0116891128218148));
#10974=CARTESIAN_POINT('',(0.00361589766906786,0.0319008123878541,-0.0120911884020192));
#10975=CARTESIAN_POINT('',(0.00200795306568516,0.0319008123878541,-0.0124845049222891));
#10976=CARTESIAN_POINT('',(0.000514626045802727,0.0319008123878541,-0.0126299539752669));
#10977=CARTESIAN_POINT('',(-0.00103752783173784,0.0319008123878541,-0.0125746916687688));
#10978=CARTESIAN_POINT('',(-0.00215771520275796,0.0319008123878541,-0.0124326415768568));
#10979=CARTESIAN_POINT('',(-0.00336945358109197,0.0319008123878541,-0.0121620149359693));
#10980=CARTESIAN_POINT('',(-0.00451186857033912,0.0319008123878541,-0.0117860884712367));
#10981=CARTESIAN_POINT('',(-0.00568974971214124,0.0319008123878541,-0.0112669194244105));
#10982=CARTESIAN_POINT('',(-0.0071559353779568,0.0319008123878541,-0.0104310139655987));
#10983=CARTESIAN_POINT('',(-0.00887670453207621,0.0319008123878541,-0.00907295729611697));
#10984=CARTESIAN_POINT('',(-0.0102735363092312,0.0319008123878541,-0.00738070705095741));
#10985=CARTESIAN_POINT('',(-0.0111434200441547,0.0319008123878541,-0.00592825142049003));
#10986=CARTESIAN_POINT('',(-0.0116891991948483,0.0319008123878541,-0.00475781624347335));
#10987=CARTESIAN_POINT('',(-0.0120908655408386,0.0319008123878541,-0.0036168742319416));
#10988=CARTESIAN_POINT('',(-0.0123925828871335,0.0319008123878541,-0.00238505597292401));
#10989=CARTESIAN_POINT('',(-0.0125601630410341,0.0319008123878541,-0.0012161132117833));
#10990=CARTESIAN_POINT('',(-0.0126180448333122,0.0319008123878541,-4.00644909874078E-5));
#10991=CARTESIAN_POINT('',(-0.0125673097514423,0.0319008123878541,0.00109946171245594));
#10992=CARTESIAN_POINT('',(-0.0126,0.0319008123878541,-1.7347234759768E-18));
#10993=CARTESIAN_POINT('',(-0.0123408620039283,0.0319008123878541,-0.007125));
#10994=CARTESIAN_POINT('',(0.,0.0319008123878541,0.01425));
#10995=CARTESIAN_POINT('',(0.0123408620039282,0.0319008123878541,-0.007125));
#10996=CARTESIAN_POINT('',(0.,0.0329008123878541,0.));
#10997=CARTESIAN_POINT('',(0.,0.0255402018731613,0.));
#10998=CARTESIAN_POINT('',(0.,0.0193008123878541,0.));
#10999=CARTESIAN_POINT('',(0.,0.0193008123878541,0.));
#11000=CARTESIAN_POINT('',(0.,0.0193008123878541,0.));
#11001=CARTESIAN_POINT('',(0.,0.0193008123878541,0.));
#11002=CARTESIAN_POINT('',(0.,0.0193008123878541,0.));
#11003=CARTESIAN_POINT('',(0.,0.0193008123878541,0.));
#11004=CARTESIAN_POINT('',(0.,0.0193008123878541,0.));
#11005=CARTESIAN_POINT('',(0.,0.0193008123878541,0.));
#11006=CARTESIAN_POINT('',(0.,0.0193008123878541,0.));
#11007=CARTESIAN_POINT('',(0.,0.0193008123878541,0.));
#11008=CARTESIAN_POINT('',(0.,0.0193008123878541,0.));
#11009=CARTESIAN_POINT('',(0.,0.0193008123878541,0.));
#11010=CARTESIAN_POINT('',(0.,0.0193008123878541,0.));
#11011=CARTESIAN_POINT('',(0.,0.0193008123878541,0.));
#11012=CARTESIAN_POINT('',(0.,0.0193008123878541,0.));
#11013=CARTESIAN_POINT('',(0.,0.0193008123878541,0.));
#11014=CARTESIAN_POINT('',(0.,0.0193008123878541,0.));
#11015=CARTESIAN_POINT('',(0.,0.0193008123878541,0.));
#11016=CARTESIAN_POINT('',(0.,0.0193008123878541,0.));
#11017=CARTESIAN_POINT('',(0.,0.0193008123878541,0.));
#11018=CARTESIAN_POINT('',(0.,0.0134017471566875,0.));
#11019=CARTESIAN_POINT('',(0.,0.0134017471566875,0.));
#11020=CARTESIAN_POINT('',(0.,0.0134017471566875,0.));
#11021=CARTESIAN_POINT('',(0.,0.0134017471566875,0.));
#11022=CARTESIAN_POINT('',(0.,0.0134017471566875,0.));
#11023=CARTESIAN_POINT('',(0.,0.0134017471566875,0.));
#11024=CARTESIAN_POINT('',(0.,0.0134017471566875,0.));
#11025=CARTESIAN_POINT('',(0.,0.0134017471566875,0.));
#11026=CARTESIAN_POINT('',(0.,0.0134017471566875,0.));
#11027=CARTESIAN_POINT('',(0.,0.0134017471566875,0.));
#11028=CARTESIAN_POINT('',(0.,0.0134017471566875,0.));
#11029=CARTESIAN_POINT('',(0.,0.0134017471566875,0.));
#11030=CARTESIAN_POINT('',(0.,0.0134017471566875,0.));
#11031=CARTESIAN_POINT('',(0.,0.0134017471566875,0.));
#11032=CARTESIAN_POINT('',(0.,0.0134017471566875,0.));
#11033=CARTESIAN_POINT('',(0.,0.0134017471566875,0.));
#11034=CARTESIAN_POINT('',(0.,0.0134017471566875,0.));
#11035=CARTESIAN_POINT('',(0.,0.0134017471566875,0.));
#11036=CARTESIAN_POINT('',(0.,0.0134017471566875,0.));
#11037=CARTESIAN_POINT('',(0.,0.0134017471566875,0.));
#11038=CARTESIAN_POINT('',(0.,0.0183115445899656,0.0115));
#11039=MECHANICAL_DESIGN_GEOMETRIC_PRESENTATION_REPRESENTATION('',(#1969),
#11040);
#11040=(
GEOMETRIC_REPRESENTATION_CONTEXT(3)
GLOBAL_UNCERTAINTY_ASSIGNED_CONTEXT((#11041))
GLOBAL_UNIT_ASSIGNED_CONTEXT((#11044,#11043,#11042))
REPRESENTATION_CONTEXT('KP0086-01_OutterFrontDifferentialGear',
'TOP_LEVEL_ASSEMBLY_PART')
);
#11041=UNCERTAINTY_MEASURE_WITH_UNIT(LENGTH_MEASURE(2.E-5),#11044,
'DISTANCE_ACCURACY_VALUE','Maximum Tolerance applied to model');
#11042=(
NAMED_UNIT(*)
SI_UNIT($,.STERADIAN.)
SOLID_ANGLE_UNIT()
);
#11043=(
NAMED_UNIT(*)
PLANE_ANGLE_UNIT()
SI_UNIT($,.RADIAN.)
);
#11044=(
LENGTH_UNIT()
NAMED_UNIT(*)
SI_UNIT($,.METRE.)
);
#11045=PRODUCT_DEFINITION_SHAPE('','',#11046);
#11046=PRODUCT_DEFINITION('','',#11048,#11047);
#11047=PRODUCT_DEFINITION_CONTEXT('',#11054,'design');
#11048=PRODUCT_DEFINITION_FORMATION_WITH_SPECIFIED_SOURCE('','',#11050,
 .NOT_KNOWN.);
#11049=PRODUCT_RELATED_PRODUCT_CATEGORY('','',(#11050));
#11050=PRODUCT('KP0086-01_OutterFrontDifferentialGear',
'KP0086-01_OutterFrontDifferentialGear',
'KP0086-01_OutterFrontDifferentialGear',(#11052));
#11051=PRODUCT_CATEGORY('','');
#11052=PRODUCT_CONTEXT('',#11054,'mechanical');
#11053=APPLICATION_PROTOCOL_DEFINITION('international standard',
'automotive_design',2010,#11054);
#11054=APPLICATION_CONTEXT(
'core data for automotive mechanical design processes');
ENDSEC;
END-ISO-10303-21;
