ISO-10303-21;
HEADER;
/* Generated by software containing ST-Developer
 * from STEP Tools, Inc. (www.steptools.com) 
 */
/* OPTION: using custom renumber hook */

FILE_DESCRIPTION(
/* description */ ('STEP AP214',
'CAx-IF Rec.Pracs.---User Defined Attributes---1.5---2016-08-15'),
/* implementation_level */ '2;1');

FILE_NAME(
/* name */ '6a65b530d6769bec3d82b0ef',
/* time_stamp */ '2026-07-26T07:20:16Z',
/* author */ (''),
/* organization */ (''),
/* preprocessor_version */ 'ST-DEVELOPER v20',
/* originating_system */ 'ONSHAPE BY PTC INC, 1.218',
/* authorisation */ '  ');

FILE_SCHEMA (('AUTOMOTIVE_DESIGN {1 0 10303 214 3 1 1}'));
ENDSEC;

DATA;
#10=PROPERTY_DEFINITION_REPRESENTATION(#14,#12);
#11=PROPERTY_DEFINITION_REPRESENTATION(#15,#13);
#12=REPRESENTATION('',(#16),#2595);
#13=REPRESENTATION('',(#17),#2595);
#14=PROPERTY_DEFINITION('pmi validation property','',#2600);
#15=PROPERTY_DEFINITION('pmi validation property','',#2600);
#16=VALUE_REPRESENTATION_ITEM('number of annotations',COUNT_MEASURE(0.));
#17=VALUE_REPRESENTATION_ITEM('number of views',COUNT_MEASURE(0.));
#18=SHAPE_REPRESENTATION_RELATIONSHIP('','',#1407,#19);
#19=ADVANCED_BREP_SHAPE_REPRESENTATION('',(#1405),#2595);
#20=ELLIPSE('',#1501,0.00212132034355965,0.0015);
#21=ELLIPSE('',#1507,0.00212132034355965,0.0015);
#22=TOROIDAL_SURFACE('',#1474,0.003,0.0015);
#23=TOROIDAL_SURFACE('',#1479,0.003,0.0015);
#24=TOROIDAL_SURFACE('',#1484,0.003,0.0015);
#25=TOROIDAL_SURFACE('',#1488,0.003,0.0015);
#26=TOROIDAL_SURFACE('',#1497,0.001,0.0005);
#27=TOROIDAL_SURFACE('',#1510,0.000999999999999997,0.0005);
#28=TOROIDAL_SURFACE('',#1527,0.000999999999999996,0.000500000000000003);
#29=TOROIDAL_SURFACE('',#1530,0.021,0.0005);
#30=TOROIDAL_SURFACE('',#1532,0.000999999999999999,0.000500000000000003);
#31=TOROIDAL_SURFACE('',#1547,0.021,0.0005);
#32=B_SPLINE_SURFACE_WITH_KNOTS('',3,3,((#2150,#2151,#2152,#2153,#2154),
(#2155,#2156,#2157,#2158,#2159),(#2160,#2161,#2162,#2163,#2164),(#2165,
#2166,#2167,#2168,#2169),(#2170,#2171,#2172,#2173,#2174)),.UNSPECIFIED.,
 .F.,.F.,.F.,(4,1,4),(4,1,4),(0.,0.5,1.),(1.1025131425097E-15,0.673198425769242,
1.5707963267949),.UNSPECIFIED.);
#33=B_SPLINE_SURFACE_WITH_KNOTS('',3,3,((#2206,#2207,#2208,#2209,#2210,
#2211),(#2212,#2213,#2214,#2215,#2216,#2217),(#2218,#2219,#2220,#2221,#2222,
#2223),(#2224,#2225,#2226,#2227,#2228,#2229),(#2230,#2231,#2232,#2233,#2234,
#2235)),.UNSPECIFIED.,.F.,.F.,.F.,(4,1,4),(4,1,1,4),(0.,0.5,1.),(-1.5707963267949,
-0.897597901025655,-0.448798950512826,1.48029736616687E-15),
 .UNSPECIFIED.);
#34=B_SPLINE_CURVE_WITH_KNOTS('',3,(#2020,#2021,#2022,#2023),
 .UNSPECIFIED.,.F.,.F.,(4,4),(3.8362989028874E-17,0.00164827132530485),
 .UNSPECIFIED.);
#35=B_SPLINE_CURVE_WITH_KNOTS('',3,(#2175,#2176,#2177,#2178,#2179,#2180,
#2181,#2182,#2183,#2184,#2185,#2186),.UNSPECIFIED.,.F.,.F.,(4,1,1,1,1,1,
1,1,1,4),(0.,0.25,0.375,0.5,0.625,0.6875,0.75,0.8125,0.875,1.),
 .UNSPECIFIED.);
#36=B_SPLINE_CURVE_WITH_KNOTS('',3,(#2189,#2190,#2191,#2192),
 .UNSPECIFIED.,.F.,.F.,(4,4),(0.,1.),.UNSPECIFIED.);
#37=B_SPLINE_CURVE_WITH_KNOTS('',3,(#2194,#2195,#2196,#2197,#2198,#2199,
#2200,#2201,#2202,#2203,#2204,#2205),.UNSPECIFIED.,.F.,.F.,(4,1,1,1,1,1,
1,1,1,4),(0.,0.125,0.1875,0.25,0.3125,0.375,0.5,0.625,0.75,1.),
 .UNSPECIFIED.);
#38=B_SPLINE_CURVE_WITH_KNOTS('',3,(#2236,#2237,#2238,#2239,#2240,#2241,
#2242,#2243,#2244,#2245,#2246,#2247),.UNSPECIFIED.,.F.,.F.,(4,1,1,1,1,1,
1,1,1,4),(0.,0.125,0.1875,0.25,0.3125,0.375,0.5,0.625,0.75,1.),
 .UNSPECIFIED.);
#39=B_SPLINE_CURVE_WITH_KNOTS('',3,(#2250,#2251,#2252,#2253,#2254,#2255,
#2256,#2257,#2258,#2259,#2260,#2261),.UNSPECIFIED.,.F.,.F.,(4,1,1,1,1,1,
1,1,1,4),(0.,0.25,0.375,0.5,0.625,0.6875,0.75,0.8125,0.875,1.),
 .UNSPECIFIED.);
#40=B_SPLINE_CURVE_WITH_KNOTS('',3,(#2263,#2264,#2265,#2266),
 .UNSPECIFIED.,.F.,.F.,(4,4),(0.,1.),.UNSPECIFIED.);
#41=B_SPLINE_CURVE_WITH_KNOTS('',3,(#2274,#2275,#2276,#2277,#2278,#2279,
#2280,#2281,#2282,#2283,#2284,#2285),.UNSPECIFIED.,.F.,.F.,(4,1,1,1,1,1,
1,1,1,4),(0.,0.25,0.375,0.5,0.625,0.6875,0.75,0.8125,0.875,1.),
 .UNSPECIFIED.);
#42=B_SPLINE_CURVE_WITH_KNOTS('',3,(#2287,#2288,#2289,#2290),
 .UNSPECIFIED.,.F.,.F.,(4,4),(0.,1.),.UNSPECIFIED.);
#43=B_SPLINE_CURVE_WITH_KNOTS('',3,(#2300,#2301,#2302,#2303),
 .UNSPECIFIED.,.F.,.F.,(4,4),(0.,1.),.UNSPECIFIED.);
#44=B_SPLINE_CURVE_WITH_KNOTS('',3,(#2305,#2306,#2307,#2308,#2309,#2310,
#2311,#2312,#2313,#2314,#2315,#2316),.UNSPECIFIED.,.F.,.F.,(4,1,1,1,1,1,
1,1,1,4),(0.,0.125,0.1875,0.25,0.3125,0.375,0.5,0.625,0.75,1.),
 .UNSPECIFIED.);
#45=B_SPLINE_CURVE_WITH_KNOTS('',3,(#2333,#2334,#2335,#2336),
 .UNSPECIFIED.,.F.,.F.,(4,4),(0.,1.),.UNSPECIFIED.);
#46=B_SPLINE_CURVE_WITH_KNOTS('',3,(#2341,#2342,#2343,#2344,#2345,#2346,
#2347,#2348,#2349,#2350,#2351,#2352),.UNSPECIFIED.,.F.,.F.,(4,1,1,1,1,1,
1,1,1,4),(0.,0.125,0.1875,0.25,0.3125,0.375,0.5,0.625,0.75,1.),
 .UNSPECIFIED.);
#47=B_SPLINE_CURVE_WITH_KNOTS('',3,(#2358,#2359,#2360,#2361,#2362,#2363,
#2364,#2365,#2366,#2367,#2368,#2369),.UNSPECIFIED.,.F.,.F.,(4,1,1,1,1,1,
1,1,1,4),(0.,0.25,0.375,0.5,0.625,0.6875,0.75,0.8125,0.875,1.),
 .UNSPECIFIED.);
#48=B_SPLINE_CURVE_WITH_KNOTS('',3,(#2371,#2372,#2373,#2374),
 .UNSPECIFIED.,.F.,.F.,(4,4),(0.,1.),.UNSPECIFIED.);
#49=B_SPLINE_CURVE_WITH_KNOTS('',3,(#2397,#2398,#2399,#2400),
 .UNSPECIFIED.,.F.,.F.,(4,4),(0.,1.),.UNSPECIFIED.);
#50=B_SPLINE_CURVE_WITH_KNOTS('',3,(#2427,#2428,#2429,#2430),
 .UNSPECIFIED.,.F.,.F.,(4,4),(0.,1.),.UNSPECIFIED.);
#51=B_SPLINE_CURVE_WITH_KNOTS('',3,(#2473,#2474,#2475,#2476,#2477),
 .UNSPECIFIED.,.F.,.F.,(4,1,4),(0.,0.5,1.),.UNSPECIFIED.);
#52=B_SPLINE_CURVE_WITH_KNOTS('',3,(#2481,#2482,#2483,#2484),
 .UNSPECIFIED.,.F.,.F.,(4,4),(0.,1.),.UNSPECIFIED.);
#53=B_SPLINE_CURVE_WITH_KNOTS('',3,(#2488,#2489,#2490,#2491,#2492),
 .UNSPECIFIED.,.F.,.F.,(4,1,4),(0.,0.5,1.),.UNSPECIFIED.);
#54=B_SPLINE_CURVE_WITH_KNOTS('',3,(#2529,#2530,#2531,#2532),
 .UNSPECIFIED.,.F.,.F.,(4,4),(0.,1.),.UNSPECIFIED.);
#55=CYLINDRICAL_SURFACE('',#1412,0.0015);
#56=CYLINDRICAL_SURFACE('',#1415,0.0021);
#57=CYLINDRICAL_SURFACE('',#1419,0.021675);
#58=CYLINDRICAL_SURFACE('',#1424,0.0021);
#59=CYLINDRICAL_SURFACE('',#1428,0.0021);
#60=CYLINDRICAL_SURFACE('',#1432,0.0015);
#61=CYLINDRICAL_SURFACE('',#1435,0.0016);
#62=CYLINDRICAL_SURFACE('',#1439,0.0016);
#63=CYLINDRICAL_SURFACE('',#1443,0.021675);
#64=CYLINDRICAL_SURFACE('',#1447,0.0021);
#65=CYLINDRICAL_SURFACE('',#1451,0.021675);
#66=CYLINDRICAL_SURFACE('',#1457,0.0001);
#67=CYLINDRICAL_SURFACE('',#1460,0.0001);
#68=CYLINDRICAL_SURFACE('',#1463,0.0001);
#69=CYLINDRICAL_SURFACE('',#1467,0.0001);
#70=CYLINDRICAL_SURFACE('',#1471,0.0015);
#71=CYLINDRICAL_SURFACE('',#1475,0.002);
#72=CYLINDRICAL_SURFACE('',#1486,0.0015);
#73=CYLINDRICAL_SURFACE('',#1491,0.002);
#74=CYLINDRICAL_SURFACE('',#1500,0.0015);
#75=CYLINDRICAL_SURFACE('',#1502,0.0015);
#76=CYLINDRICAL_SURFACE('',#1504,0.0265);
#77=CYLINDRICAL_SURFACE('',#1506,0.0015);
#78=CYLINDRICAL_SURFACE('',#1509,0.0015);
#79=CYLINDRICAL_SURFACE('',#1513,0.0015);
#80=CYLINDRICAL_SURFACE('',#1515,0.0205);
#81=CYLINDRICAL_SURFACE('',#1518,0.0015);
#82=CYLINDRICAL_SURFACE('',#1522,0.0006985);
#83=CYLINDRICAL_SURFACE('',#1524,0.0006985);
#84=CYLINDRICAL_SURFACE('',#1534,0.0005);
#85=CYLINDRICAL_SURFACE('',#1538,0.0005);
#86=CYLINDRICAL_SURFACE('',#1540,0.0021);
#87=CYLINDRICAL_SURFACE('',#1546,0.0021);
#88=CYLINDRICAL_SURFACE('',#1548,0.0015);
#89=CYLINDRICAL_SURFACE('',#1552,0.0015);
#90=CYLINDRICAL_SURFACE('',#1558,0.0016);
#91=CYLINDRICAL_SURFACE('',#1564,0.0015);
#92=CYLINDRICAL_SURFACE('',#1567,0.0015);
#93=CYLINDRICAL_SURFACE('',#1572,0.0016);
#94=CIRCLE('',#1410,0.0016);
#95=CIRCLE('',#1411,0.0021);
#96=CIRCLE('',#1413,0.0015);
#97=CIRCLE('',#1414,0.0015);
#98=CIRCLE('',#1416,0.0021);
#99=CIRCLE('',#1417,0.0021);
#100=CIRCLE('',#1418,0.0021);
#101=CIRCLE('',#1420,0.021675);
#102=CIRCLE('',#1421,0.021675);
#103=CIRCLE('',#1422,0.021675);
#104=CIRCLE('',#1423,0.021675);
#105=CIRCLE('',#1425,0.0021);
#106=CIRCLE('',#1426,0.0021);
#107=CIRCLE('',#1429,0.0021);
#108=CIRCLE('',#1430,0.0021);
#109=CIRCLE('',#1433,0.0015);
#110=CIRCLE('',#1434,0.0015);
#111=CIRCLE('',#1436,0.0016);
#112=CIRCLE('',#1437,0.0016);
#113=CIRCLE('',#1438,0.0016);
#114=CIRCLE('',#1440,0.0016);
#115=CIRCLE('',#1441,0.0016);
#116=CIRCLE('',#1442,0.0016);
#117=CIRCLE('',#1444,0.021675);
#118=CIRCLE('',#1445,0.021675);
#119=CIRCLE('',#1446,0.021675);
#120=CIRCLE('',#1448,0.0021);
#121=CIRCLE('',#1449,0.0021);
#122=CIRCLE('',#1452,0.021675);
#123=CIRCLE('',#1453,0.021675);
#124=CIRCLE('',#1454,0.021675);
#125=CIRCLE('',#1456,0.0001);
#126=CIRCLE('',#1458,0.0001);
#127=CIRCLE('',#1459,0.0001);
#128=CIRCLE('',#1461,0.0001);
#129=CIRCLE('',#1464,0.0001);
#130=CIRCLE('',#1465,0.0001);
#131=CIRCLE('',#1468,0.0001);
#132=CIRCLE('',#1469,0.0001);
#133=CIRCLE('',#1472,0.0015);
#134=CIRCLE('',#1473,0.0015);
#135=CIRCLE('',#1476,0.002);
#136=CIRCLE('',#1477,0.002);
#137=CIRCLE('',#1481,0.0006985);
#138=CIRCLE('',#1482,0.0006985);
#139=CIRCLE('',#1485,0.0015);
#140=CIRCLE('',#1487,0.0015);
#141=CIRCLE('',#1490,0.002);
#142=CIRCLE('',#1492,0.002);
#143=CIRCLE('',#1494,0.0015);
#144=CIRCLE('',#1495,0.0015);
#145=CIRCLE('',#1496,0.0265);
#146=CIRCLE('',#1498,0.0005);
#147=CIRCLE('',#1499,0.0015);
#148=CIRCLE('',#1503,0.0015);
#149=CIRCLE('',#1505,0.0265);
#150=CIRCLE('',#1508,0.0015);
#151=CIRCLE('',#1511,0.0005);
#152=CIRCLE('',#1512,0.0015);
#153=CIRCLE('',#1514,0.0015);
#154=CIRCLE('',#1516,0.0205);
#155=CIRCLE('',#1517,0.0205);
#156=CIRCLE('',#1519,0.0015);
#157=CIRCLE('',#1523,0.0006985);
#158=CIRCLE('',#1525,0.0006985);
#159=CIRCLE('',#1528,0.0005);
#160=CIRCLE('',#1529,0.0005);
#161=CIRCLE('',#1531,0.0005);
#162=CIRCLE('',#1533,0.0005);
#163=CIRCLE('',#1535,0.0005);
#164=CIRCLE('',#1537,0.0005);
#165=CIRCLE('',#1541,0.0021);
#166=CIRCLE('',#1542,0.0021);
#167=CIRCLE('',#1544,0.0021);
#168=CIRCLE('',#1549,0.0015);
#169=CIRCLE('',#1550,0.0015);
#170=CIRCLE('',#1553,0.0015);
#171=CIRCLE('',#1554,0.0015);
#172=CIRCLE('',#1557,0.0016);
#173=CIRCLE('',#1559,0.0016);
#174=CIRCLE('',#1560,0.0016);
#175=CIRCLE('',#1562,0.0015);
#176=CIRCLE('',#1563,0.0015);
#177=CIRCLE('',#1565,0.0015);
#178=CIRCLE('',#1568,0.0015);
#179=CIRCLE('',#1571,0.0016);
#180=ORIENTED_EDGE('',*,*,#584,.F.);
#181=ORIENTED_EDGE('',*,*,#585,.F.);
#182=ORIENTED_EDGE('',*,*,#586,.F.);
#183=ORIENTED_EDGE('',*,*,#587,.F.);
#184=ORIENTED_EDGE('',*,*,#588,.T.);
#185=ORIENTED_EDGE('',*,*,#589,.T.);
#186=ORIENTED_EDGE('',*,*,#590,.F.);
#187=ORIENTED_EDGE('',*,*,#591,.T.);
#188=ORIENTED_EDGE('',*,*,#592,.T.);
#189=ORIENTED_EDGE('',*,*,#593,.F.);
#190=ORIENTED_EDGE('',*,*,#594,.T.);
#191=ORIENTED_EDGE('',*,*,#593,.T.);
#192=ORIENTED_EDGE('',*,*,#595,.T.);
#193=ORIENTED_EDGE('',*,*,#596,.F.);
#194=ORIENTED_EDGE('',*,*,#597,.F.);
#195=ORIENTED_EDGE('',*,*,#598,.F.);
#196=ORIENTED_EDGE('',*,*,#599,.T.);
#197=ORIENTED_EDGE('',*,*,#600,.F.);
#198=ORIENTED_EDGE('',*,*,#601,.T.);
#199=ORIENTED_EDGE('',*,*,#598,.T.);
#200=ORIENTED_EDGE('',*,*,#602,.F.);
#201=ORIENTED_EDGE('',*,*,#603,.F.);
#202=ORIENTED_EDGE('',*,*,#604,.F.);
#203=ORIENTED_EDGE('',*,*,#605,.F.);
#204=ORIENTED_EDGE('',*,*,#606,.F.);
#205=ORIENTED_EDGE('',*,*,#607,.F.);
#206=ORIENTED_EDGE('',*,*,#608,.T.);
#207=ORIENTED_EDGE('',*,*,#600,.T.);
#208=ORIENTED_EDGE('',*,*,#607,.T.);
#209=ORIENTED_EDGE('',*,*,#609,.F.);
#210=ORIENTED_EDGE('',*,*,#610,.T.);
#211=ORIENTED_EDGE('',*,*,#611,.F.);
#212=ORIENTED_EDGE('',*,*,#612,.T.);
#213=ORIENTED_EDGE('',*,*,#613,.T.);
#214=ORIENTED_EDGE('',*,*,#611,.T.);
#215=ORIENTED_EDGE('',*,*,#614,.T.);
#216=ORIENTED_EDGE('',*,*,#615,.F.);
#217=ORIENTED_EDGE('',*,*,#590,.T.);
#218=ORIENTED_EDGE('',*,*,#616,.F.);
#219=ORIENTED_EDGE('',*,*,#617,.T.);
#220=ORIENTED_EDGE('',*,*,#618,.F.);
#221=ORIENTED_EDGE('',*,*,#617,.F.);
#222=ORIENTED_EDGE('',*,*,#619,.T.);
#223=ORIENTED_EDGE('',*,*,#620,.F.);
#224=ORIENTED_EDGE('',*,*,#621,.T.);
#225=ORIENTED_EDGE('',*,*,#622,.F.);
#226=ORIENTED_EDGE('',*,*,#623,.F.);
#227=ORIENTED_EDGE('',*,*,#624,.F.);
#228=ORIENTED_EDGE('',*,*,#625,.F.);
#229=ORIENTED_EDGE('',*,*,#626,.F.);
#230=ORIENTED_EDGE('',*,*,#627,.F.);
#231=ORIENTED_EDGE('',*,*,#628,.F.);
#232=ORIENTED_EDGE('',*,*,#629,.F.);
#233=ORIENTED_EDGE('',*,*,#630,.F.);
#234=ORIENTED_EDGE('',*,*,#631,.F.);
#235=ORIENTED_EDGE('',*,*,#632,.F.);
#236=ORIENTED_EDGE('',*,*,#615,.T.);
#237=ORIENTED_EDGE('',*,*,#633,.F.);
#238=ORIENTED_EDGE('',*,*,#634,.F.);
#239=ORIENTED_EDGE('',*,*,#635,.F.);
#240=ORIENTED_EDGE('',*,*,#636,.F.);
#241=ORIENTED_EDGE('',*,*,#637,.F.);
#242=ORIENTED_EDGE('',*,*,#638,.F.);
#243=ORIENTED_EDGE('',*,*,#639,.T.);
#244=ORIENTED_EDGE('',*,*,#640,.F.);
#245=ORIENTED_EDGE('',*,*,#638,.T.);
#246=ORIENTED_EDGE('',*,*,#641,.F.);
#247=ORIENTED_EDGE('',*,*,#642,.F.);
#248=ORIENTED_EDGE('',*,*,#596,.T.);
#249=ORIENTED_EDGE('',*,*,#643,.T.);
#250=ORIENTED_EDGE('',*,*,#644,.F.);
#251=ORIENTED_EDGE('',*,*,#645,.F.);
#252=ORIENTED_EDGE('',*,*,#646,.F.);
#253=ORIENTED_EDGE('',*,*,#640,.T.);
#254=ORIENTED_EDGE('',*,*,#647,.F.);
#255=ORIENTED_EDGE('',*,*,#648,.F.);
#256=ORIENTED_EDGE('',*,*,#602,.T.);
#257=ORIENTED_EDGE('',*,*,#597,.T.);
#258=ORIENTED_EDGE('',*,*,#642,.T.);
#259=ORIENTED_EDGE('',*,*,#624,.T.);
#260=ORIENTED_EDGE('',*,*,#649,.F.);
#261=ORIENTED_EDGE('',*,*,#650,.T.);
#262=ORIENTED_EDGE('',*,*,#605,.T.);
#263=ORIENTED_EDGE('',*,*,#651,.T.);
#264=ORIENTED_EDGE('',*,*,#629,.T.);
#265=ORIENTED_EDGE('',*,*,#652,.T.);
#266=ORIENTED_EDGE('',*,*,#603,.T.);
#267=ORIENTED_EDGE('',*,*,#649,.T.);
#268=ORIENTED_EDGE('',*,*,#623,.T.);
#269=ORIENTED_EDGE('',*,*,#628,.T.);
#270=ORIENTED_EDGE('',*,*,#609,.T.);
#271=ORIENTED_EDGE('',*,*,#606,.T.);
#272=ORIENTED_EDGE('',*,*,#599,.F.);
#273=ORIENTED_EDGE('',*,*,#650,.F.);
#274=ORIENTED_EDGE('',*,*,#653,.T.);
#275=ORIENTED_EDGE('',*,*,#645,.T.);
#276=ORIENTED_EDGE('',*,*,#654,.T.);
#277=ORIENTED_EDGE('',*,*,#626,.T.);
#278=ORIENTED_EDGE('',*,*,#625,.T.);
#279=ORIENTED_EDGE('',*,*,#641,.T.);
#280=ORIENTED_EDGE('',*,*,#637,.T.);
#281=ORIENTED_EDGE('',*,*,#646,.T.);
#282=ORIENTED_EDGE('',*,*,#653,.F.);
#283=ORIENTED_EDGE('',*,*,#655,.T.);
#284=ORIENTED_EDGE('',*,*,#634,.T.);
#285=ORIENTED_EDGE('',*,*,#656,.T.);
#286=ORIENTED_EDGE('',*,*,#631,.T.);
#287=ORIENTED_EDGE('',*,*,#633,.T.);
#288=ORIENTED_EDGE('',*,*,#614,.F.);
#289=ORIENTED_EDGE('',*,*,#610,.F.);
#290=ORIENTED_EDGE('',*,*,#627,.T.);
#291=ORIENTED_EDGE('',*,*,#656,.F.);
#292=ORIENTED_EDGE('',*,*,#657,.F.);
#293=ORIENTED_EDGE('',*,*,#658,.F.);
#294=ORIENTED_EDGE('',*,*,#659,.F.);
#295=ORIENTED_EDGE('',*,*,#660,.F.);
#296=ORIENTED_EDGE('',*,*,#661,.F.);
#297=ORIENTED_EDGE('',*,*,#662,.F.);
#298=ORIENTED_EDGE('',*,*,#663,.T.);
#299=ORIENTED_EDGE('',*,*,#664,.F.);
#300=ORIENTED_EDGE('',*,*,#665,.T.);
#301=ORIENTED_EDGE('',*,*,#616,.T.);
#302=ORIENTED_EDGE('',*,*,#665,.F.);
#303=ORIENTED_EDGE('',*,*,#666,.F.);
#304=ORIENTED_EDGE('',*,*,#667,.F.);
#305=ORIENTED_EDGE('',*,*,#619,.F.);
#306=ORIENTED_EDGE('',*,*,#668,.T.);
#307=ORIENTED_EDGE('',*,*,#636,.T.);
#308=ORIENTED_EDGE('',*,*,#669,.F.);
#309=ORIENTED_EDGE('',*,*,#670,.F.);
#310=ORIENTED_EDGE('',*,*,#671,.F.);
#311=ORIENTED_EDGE('',*,*,#672,.F.);
#312=ORIENTED_EDGE('',*,*,#588,.F.);
#313=ORIENTED_EDGE('',*,*,#594,.F.);
#314=ORIENTED_EDGE('',*,*,#601,.F.);
#315=ORIENTED_EDGE('',*,*,#608,.F.);
#316=ORIENTED_EDGE('',*,*,#612,.F.);
#317=ORIENTED_EDGE('',*,*,#613,.F.);
#318=ORIENTED_EDGE('',*,*,#632,.T.);
#319=ORIENTED_EDGE('',*,*,#668,.F.);
#320=ORIENTED_EDGE('',*,*,#663,.F.);
#321=ORIENTED_EDGE('',*,*,#589,.F.);
#322=ORIENTED_EDGE('',*,*,#672,.T.);
#323=ORIENTED_EDGE('',*,*,#673,.F.);
#324=ORIENTED_EDGE('',*,*,#674,.T.);
#325=ORIENTED_EDGE('',*,*,#675,.T.);
#326=ORIENTED_EDGE('',*,*,#676,.T.);
#327=ORIENTED_EDGE('',*,*,#677,.F.);
#328=ORIENTED_EDGE('',*,*,#678,.F.);
#329=ORIENTED_EDGE('',*,*,#679,.F.);
#330=ORIENTED_EDGE('',*,*,#678,.T.);
#331=ORIENTED_EDGE('',*,*,#680,.F.);
#332=ORIENTED_EDGE('',*,*,#681,.T.);
#333=ORIENTED_EDGE('',*,*,#620,.T.);
#334=ORIENTED_EDGE('',*,*,#667,.T.);
#335=ORIENTED_EDGE('',*,*,#682,.F.);
#336=ORIENTED_EDGE('',*,*,#683,.F.);
#337=ORIENTED_EDGE('',*,*,#621,.F.);
#338=ORIENTED_EDGE('',*,*,#681,.F.);
#339=ORIENTED_EDGE('',*,*,#684,.F.);
#340=ORIENTED_EDGE('',*,*,#685,.T.);
#341=ORIENTED_EDGE('',*,*,#618,.T.);
#342=ORIENTED_EDGE('',*,*,#683,.T.);
#343=ORIENTED_EDGE('',*,*,#686,.F.);
#344=ORIENTED_EDGE('',*,*,#685,.F.);
#345=ORIENTED_EDGE('',*,*,#687,.F.);
#346=ORIENTED_EDGE('',*,*,#688,.F.);
#347=ORIENTED_EDGE('',*,*,#591,.F.);
#348=ORIENTED_EDGE('',*,*,#647,.T.);
#349=ORIENTED_EDGE('',*,*,#639,.F.);
#350=ORIENTED_EDGE('',*,*,#643,.F.);
#351=ORIENTED_EDGE('',*,*,#595,.F.);
#352=ORIENTED_EDGE('',*,*,#592,.F.);
#353=ORIENTED_EDGE('',*,*,#688,.T.);
#354=ORIENTED_EDGE('',*,*,#689,.F.);
#355=ORIENTED_EDGE('',*,*,#690,.F.);
#356=ORIENTED_EDGE('',*,*,#691,.F.);
#357=ORIENTED_EDGE('',*,*,#648,.T.);
#358=ORIENTED_EDGE('',*,*,#690,.T.);
#359=ORIENTED_EDGE('',*,*,#692,.F.);
#360=ORIENTED_EDGE('',*,*,#693,.F.);
#361=ORIENTED_EDGE('',*,*,#694,.F.);
#362=ORIENTED_EDGE('',*,*,#669,.T.);
#363=ORIENTED_EDGE('',*,*,#635,.T.);
#364=ORIENTED_EDGE('',*,*,#655,.F.);
#365=ORIENTED_EDGE('',*,*,#630,.T.);
#366=ORIENTED_EDGE('',*,*,#651,.F.);
#367=ORIENTED_EDGE('',*,*,#604,.T.);
#368=ORIENTED_EDGE('',*,*,#652,.F.);
#369=ORIENTED_EDGE('',*,*,#622,.T.);
#370=ORIENTED_EDGE('',*,*,#654,.F.);
#371=ORIENTED_EDGE('',*,*,#644,.T.);
#372=ORIENTED_EDGE('',*,*,#691,.T.);
#373=ORIENTED_EDGE('',*,*,#695,.F.);
#374=ORIENTED_EDGE('',*,*,#696,.T.);
#375=ORIENTED_EDGE('',*,*,#697,.T.);
#376=ORIENTED_EDGE('',*,*,#698,.T.);
#377=ORIENTED_EDGE('',*,*,#699,.T.);
#378=ORIENTED_EDGE('',*,*,#658,.T.);
#379=ORIENTED_EDGE('',*,*,#700,.F.);
#380=ORIENTED_EDGE('',*,*,#701,.F.);
#381=ORIENTED_EDGE('',*,*,#702,.F.);
#382=ORIENTED_EDGE('',*,*,#659,.T.);
#383=ORIENTED_EDGE('',*,*,#703,.T.);
#384=ORIENTED_EDGE('',*,*,#704,.T.);
#385=ORIENTED_EDGE('',*,*,#705,.T.);
#386=ORIENTED_EDGE('',*,*,#696,.F.);
#387=ORIENTED_EDGE('',*,*,#706,.F.);
#388=ORIENTED_EDGE('',*,*,#701,.T.);
#389=ORIENTED_EDGE('',*,*,#707,.T.);
#390=ORIENTED_EDGE('',*,*,#708,.F.);
#391=ORIENTED_EDGE('',*,*,#697,.F.);
#392=ORIENTED_EDGE('',*,*,#705,.F.);
#393=ORIENTED_EDGE('',*,*,#709,.F.);
#394=ORIENTED_EDGE('',*,*,#710,.F.);
#395=ORIENTED_EDGE('',*,*,#693,.T.);
#396=ORIENTED_EDGE('',*,*,#708,.T.);
#397=ORIENTED_EDGE('',*,*,#711,.T.);
#398=ORIENTED_EDGE('',*,*,#709,.T.);
#399=ORIENTED_EDGE('',*,*,#712,.T.);
#400=ORIENTED_EDGE('',*,*,#661,.T.);
#401=ORIENTED_EDGE('',*,*,#713,.F.);
#402=ORIENTED_EDGE('',*,*,#662,.T.);
#403=ORIENTED_EDGE('',*,*,#714,.T.);
#404=ORIENTED_EDGE('',*,*,#715,.T.);
#405=ORIENTED_EDGE('',*,*,#716,.F.);
#406=ORIENTED_EDGE('',*,*,#657,.T.);
#407=ORIENTED_EDGE('',*,*,#717,.F.);
#408=ORIENTED_EDGE('',*,*,#718,.T.);
#409=ORIENTED_EDGE('',*,*,#719,.T.);
#410=ORIENTED_EDGE('',*,*,#700,.T.);
#411=ORIENTED_EDGE('',*,*,#720,.F.);
#412=ORIENTED_EDGE('',*,*,#721,.F.);
#413=ORIENTED_EDGE('',*,*,#719,.F.);
#414=ORIENTED_EDGE('',*,*,#722,.F.);
#415=ORIENTED_EDGE('',*,*,#716,.T.);
#416=ORIENTED_EDGE('',*,*,#720,.T.);
#417=ORIENTED_EDGE('',*,*,#723,.T.);
#418=ORIENTED_EDGE('',*,*,#724,.F.);
#419=ORIENTED_EDGE('',*,*,#660,.T.);
#420=ORIENTED_EDGE('',*,*,#673,.T.);
#421=ORIENTED_EDGE('',*,*,#671,.T.);
#422=ORIENTED_EDGE('',*,*,#670,.T.);
#423=ORIENTED_EDGE('',*,*,#694,.T.);
#424=ORIENTED_EDGE('',*,*,#710,.T.);
#425=ORIENTED_EDGE('',*,*,#713,.T.);
#426=ORIENTED_EDGE('',*,*,#724,.T.);
#427=ORIENTED_EDGE('',*,*,#725,.T.);
#428=ORIENTED_EDGE('',*,*,#726,.F.);
#429=ORIENTED_EDGE('',*,*,#727,.T.);
#430=ORIENTED_EDGE('',*,*,#679,.T.);
#431=ORIENTED_EDGE('',*,*,#682,.T.);
#432=ORIENTED_EDGE('',*,*,#666,.T.);
#433=ORIENTED_EDGE('',*,*,#664,.T.);
#434=ORIENTED_EDGE('',*,*,#676,.F.);
#435=ORIENTED_EDGE('',*,*,#727,.F.);
#436=ORIENTED_EDGE('',*,*,#728,.F.);
#437=ORIENTED_EDGE('',*,*,#729,.F.);
#438=ORIENTED_EDGE('',*,*,#674,.F.);
#439=ORIENTED_EDGE('',*,*,#730,.F.);
#440=ORIENTED_EDGE('',*,*,#675,.F.);
#441=ORIENTED_EDGE('',*,*,#731,.F.);
#442=ORIENTED_EDGE('',*,*,#706,.T.);
#443=ORIENTED_EDGE('',*,*,#695,.T.);
#444=ORIENTED_EDGE('',*,*,#692,.T.);
#445=ORIENTED_EDGE('',*,*,#689,.T.);
#446=ORIENTED_EDGE('',*,*,#687,.T.);
#447=ORIENTED_EDGE('',*,*,#686,.T.);
#448=ORIENTED_EDGE('',*,*,#684,.T.);
#449=ORIENTED_EDGE('',*,*,#680,.T.);
#450=ORIENTED_EDGE('',*,*,#677,.T.);
#451=ORIENTED_EDGE('',*,*,#729,.T.);
#452=ORIENTED_EDGE('',*,*,#732,.F.);
#453=ORIENTED_EDGE('',*,*,#733,.T.);
#454=ORIENTED_EDGE('',*,*,#717,.T.);
#455=ORIENTED_EDGE('',*,*,#702,.T.);
#456=ORIENTED_EDGE('',*,*,#734,.F.);
#457=ORIENTED_EDGE('',*,*,#735,.T.);
#458=ORIENTED_EDGE('',*,*,#736,.F.);
#459=ORIENTED_EDGE('',*,*,#718,.F.);
#460=ORIENTED_EDGE('',*,*,#736,.T.);
#461=ORIENTED_EDGE('',*,*,#737,.F.);
#462=ORIENTED_EDGE('',*,*,#738,.T.);
#463=ORIENTED_EDGE('',*,*,#722,.T.);
#464=ORIENTED_EDGE('',*,*,#738,.F.);
#465=ORIENTED_EDGE('',*,*,#739,.F.);
#466=ORIENTED_EDGE('',*,*,#740,.F.);
#467=ORIENTED_EDGE('',*,*,#723,.F.);
#468=ORIENTED_EDGE('',*,*,#740,.T.);
#469=ORIENTED_EDGE('',*,*,#741,.F.);
#470=ORIENTED_EDGE('',*,*,#742,.T.);
#471=ORIENTED_EDGE('',*,*,#725,.F.);
#472=ORIENTED_EDGE('',*,*,#731,.T.);
#473=ORIENTED_EDGE('',*,*,#730,.T.);
#474=ORIENTED_EDGE('',*,*,#728,.T.);
#475=ORIENTED_EDGE('',*,*,#726,.T.);
#476=ORIENTED_EDGE('',*,*,#742,.F.);
#477=ORIENTED_EDGE('',*,*,#743,.T.);
#478=ORIENTED_EDGE('',*,*,#744,.F.);
#479=ORIENTED_EDGE('',*,*,#732,.T.);
#480=ORIENTED_EDGE('',*,*,#734,.T.);
#481=ORIENTED_EDGE('',*,*,#733,.F.);
#482=ORIENTED_EDGE('',*,*,#744,.T.);
#483=ORIENTED_EDGE('',*,*,#745,.F.);
#484=ORIENTED_EDGE('',*,*,#746,.T.);
#485=ORIENTED_EDGE('',*,*,#747,.F.);
#486=ORIENTED_EDGE('',*,*,#748,.F.);
#487=ORIENTED_EDGE('',*,*,#749,.T.);
#488=ORIENTED_EDGE('',*,*,#750,.F.);
#489=ORIENTED_EDGE('',*,*,#746,.F.);
#490=ORIENTED_EDGE('',*,*,#751,.F.);
#491=ORIENTED_EDGE('',*,*,#749,.F.);
#492=ORIENTED_EDGE('',*,*,#752,.F.);
#493=ORIENTED_EDGE('',*,*,#750,.T.);
#494=ORIENTED_EDGE('',*,*,#751,.T.);
#495=ORIENTED_EDGE('',*,*,#753,.T.);
#496=ORIENTED_EDGE('',*,*,#754,.T.);
#497=ORIENTED_EDGE('',*,*,#745,.T.);
#498=ORIENTED_EDGE('',*,*,#743,.F.);
#499=ORIENTED_EDGE('',*,*,#741,.T.);
#500=ORIENTED_EDGE('',*,*,#739,.T.);
#501=ORIENTED_EDGE('',*,*,#737,.T.);
#502=ORIENTED_EDGE('',*,*,#735,.F.);
#503=ORIENTED_EDGE('',*,*,#755,.T.);
#504=ORIENTED_EDGE('',*,*,#586,.T.);
#505=ORIENTED_EDGE('',*,*,#584,.T.);
#506=ORIENTED_EDGE('',*,*,#756,.T.);
#507=ORIENTED_EDGE('',*,*,#753,.F.);
#508=ORIENTED_EDGE('',*,*,#755,.F.);
#509=ORIENTED_EDGE('',*,*,#754,.F.);
#510=ORIENTED_EDGE('',*,*,#756,.F.);
#511=ORIENTED_EDGE('',*,*,#587,.T.);
#512=ORIENTED_EDGE('',*,*,#715,.F.);
#513=ORIENTED_EDGE('',*,*,#757,.T.);
#514=ORIENTED_EDGE('',*,*,#698,.F.);
#515=ORIENTED_EDGE('',*,*,#721,.T.);
#516=ORIENTED_EDGE('',*,*,#758,.T.);
#517=ORIENTED_EDGE('',*,*,#759,.F.);
#518=ORIENTED_EDGE('',*,*,#760,.T.);
#519=ORIENTED_EDGE('',*,*,#761,.T.);
#520=ORIENTED_EDGE('',*,*,#760,.F.);
#521=ORIENTED_EDGE('',*,*,#762,.F.);
#522=ORIENTED_EDGE('',*,*,#763,.F.);
#523=ORIENTED_EDGE('',*,*,#764,.T.);
#524=ORIENTED_EDGE('',*,*,#763,.T.);
#525=ORIENTED_EDGE('',*,*,#765,.F.);
#526=ORIENTED_EDGE('',*,*,#766,.F.);
#527=ORIENTED_EDGE('',*,*,#767,.T.);
#528=ORIENTED_EDGE('',*,*,#766,.T.);
#529=ORIENTED_EDGE('',*,*,#768,.F.);
#530=ORIENTED_EDGE('',*,*,#758,.F.);
#531=ORIENTED_EDGE('',*,*,#769,.T.);
#532=ORIENTED_EDGE('',*,*,#768,.T.);
#533=ORIENTED_EDGE('',*,*,#765,.T.);
#534=ORIENTED_EDGE('',*,*,#762,.T.);
#535=ORIENTED_EDGE('',*,*,#759,.T.);
#536=ORIENTED_EDGE('',*,*,#770,.T.);
#537=ORIENTED_EDGE('',*,*,#770,.F.);
#538=ORIENTED_EDGE('',*,*,#771,.F.);
#539=ORIENTED_EDGE('',*,*,#772,.F.);
#540=ORIENTED_EDGE('',*,*,#773,.F.);
#541=ORIENTED_EDGE('',*,*,#774,.F.);
#542=ORIENTED_EDGE('',*,*,#775,.F.);
#543=ORIENTED_EDGE('',*,*,#776,.F.);
#544=ORIENTED_EDGE('',*,*,#767,.F.);
#545=ORIENTED_EDGE('',*,*,#769,.F.);
#546=ORIENTED_EDGE('',*,*,#761,.F.);
#547=ORIENTED_EDGE('',*,*,#764,.F.);
#548=ORIENTED_EDGE('',*,*,#757,.F.);
#549=ORIENTED_EDGE('',*,*,#714,.F.);
#550=ORIENTED_EDGE('',*,*,#712,.F.);
#551=ORIENTED_EDGE('',*,*,#711,.F.);
#552=ORIENTED_EDGE('',*,*,#707,.F.);
#553=ORIENTED_EDGE('',*,*,#704,.F.);
#554=ORIENTED_EDGE('',*,*,#703,.F.);
#555=ORIENTED_EDGE('',*,*,#699,.F.);
#556=ORIENTED_EDGE('',*,*,#777,.T.);
#557=ORIENTED_EDGE('',*,*,#778,.F.);
#558=ORIENTED_EDGE('',*,*,#779,.T.);
#559=ORIENTED_EDGE('',*,*,#775,.T.);
#560=ORIENTED_EDGE('',*,*,#779,.F.);
#561=ORIENTED_EDGE('',*,*,#780,.F.);
#562=ORIENTED_EDGE('',*,*,#781,.F.);
#563=ORIENTED_EDGE('',*,*,#776,.T.);
#564=ORIENTED_EDGE('',*,*,#781,.T.);
#565=ORIENTED_EDGE('',*,*,#782,.F.);
#566=ORIENTED_EDGE('',*,*,#783,.F.);
#567=ORIENTED_EDGE('',*,*,#773,.T.);
#568=ORIENTED_EDGE('',*,*,#783,.T.);
#569=ORIENTED_EDGE('',*,*,#784,.F.);
#570=ORIENTED_EDGE('',*,*,#777,.F.);
#571=ORIENTED_EDGE('',*,*,#774,.T.);
#572=ORIENTED_EDGE('',*,*,#784,.T.);
#573=ORIENTED_EDGE('',*,*,#782,.T.);
#574=ORIENTED_EDGE('',*,*,#780,.T.);
#575=ORIENTED_EDGE('',*,*,#778,.T.);
#576=ORIENTED_EDGE('',*,*,#785,.T.);
#577=ORIENTED_EDGE('',*,*,#785,.F.);
#578=ORIENTED_EDGE('',*,*,#585,.T.);
#579=ORIENTED_EDGE('',*,*,#748,.T.);
#580=ORIENTED_EDGE('',*,*,#771,.T.);
#581=ORIENTED_EDGE('',*,*,#772,.T.);
#582=ORIENTED_EDGE('',*,*,#747,.T.);
#583=ORIENTED_EDGE('',*,*,#752,.T.);
#584=EDGE_CURVE('',#786,#787,#917,.T.);
#585=EDGE_CURVE('',#786,#786,#94,.T.);
#586=EDGE_CURVE('',#788,#786,#918,.T.);
#587=EDGE_CURVE('',#787,#788,#95,.T.);
#588=EDGE_CURVE('',#789,#790,#919,.T.);
#589=EDGE_CURVE('',#790,#791,#96,.T.);
#590=EDGE_CURVE('',#792,#791,#920,.F.);
#591=EDGE_CURVE('',#792,#793,#97,.F.);
#592=EDGE_CURVE('',#793,#794,#921,.T.);
#593=EDGE_CURVE('',#789,#794,#34,.T.);
#594=EDGE_CURVE('',#795,#789,#98,.F.);
#595=EDGE_CURVE('',#794,#796,#99,.F.);
#596=EDGE_CURVE('',#797,#796,#922,.F.);
#597=EDGE_CURVE('',#798,#797,#100,.F.);
#598=EDGE_CURVE('',#795,#798,#923,.T.);
#599=EDGE_CURVE('',#799,#800,#101,.F.);
#600=EDGE_CURVE('',#801,#800,#924,.T.);
#601=EDGE_CURVE('',#801,#795,#102,.F.);
#602=EDGE_CURVE('',#802,#798,#103,.T.);
#603=EDGE_CURVE('',#803,#802,#925,.F.);
#604=EDGE_CURVE('',#804,#803,#104,.F.);
#605=EDGE_CURVE('',#799,#804,#926,.T.);
#606=EDGE_CURVE('',#805,#800,#105,.F.);
#607=EDGE_CURVE('',#806,#805,#927,.T.);
#608=EDGE_CURVE('',#806,#801,#106,.F.);
#609=EDGE_CURVE('',#807,#805,#928,.F.);
#610=EDGE_CURVE('',#807,#808,#929,.F.);
#611=EDGE_CURVE('',#809,#808,#930,.T.);
#612=EDGE_CURVE('',#809,#806,#931,.T.);
#613=EDGE_CURVE('',#810,#809,#107,.F.);
#614=EDGE_CURVE('',#808,#811,#108,.T.);
#615=EDGE_CURVE('',#810,#811,#932,.T.);
#616=EDGE_CURVE('',#812,#791,#933,.F.);
#617=EDGE_CURVE('',#812,#813,#934,.F.);
#618=EDGE_CURVE('',#792,#813,#935,.T.);
#619=EDGE_CURVE('',#812,#814,#109,.F.);
#620=EDGE_CURVE('',#815,#814,#936,.T.);
#621=EDGE_CURVE('',#815,#813,#110,.T.);
#622=EDGE_CURVE('',#816,#817,#111,.T.);
#623=EDGE_CURVE('',#818,#816,#937,.F.);
#624=EDGE_CURVE('',#819,#818,#112,.F.);
#625=EDGE_CURVE('',#820,#819,#113,.F.);
#626=EDGE_CURVE('',#817,#820,#938,.T.);
#627=EDGE_CURVE('',#807,#821,#114,.F.);
#628=EDGE_CURVE('',#822,#807,#115,.F.);
#629=EDGE_CURVE('',#823,#822,#939,.T.);
#630=EDGE_CURVE('',#824,#823,#116,.T.);
#631=EDGE_CURVE('',#821,#824,#940,.F.);
#632=EDGE_CURVE('',#810,#825,#117,.T.);
#633=EDGE_CURVE('',#826,#811,#118,.T.);
#634=EDGE_CURVE('',#827,#826,#941,.F.);
#635=EDGE_CURVE('',#828,#827,#119,.F.);
#636=EDGE_CURVE('',#825,#828,#942,.T.);
#637=EDGE_CURVE('',#829,#830,#120,.F.);
#638=EDGE_CURVE('',#831,#829,#943,.T.);
#639=EDGE_CURVE('',#831,#832,#121,.F.);
#640=EDGE_CURVE('',#830,#832,#944,.F.);
#641=EDGE_CURVE('',#819,#829,#945,.F.);
#642=EDGE_CURVE('',#797,#819,#946,.F.);
#643=EDGE_CURVE('',#796,#831,#947,.F.);
#644=EDGE_CURVE('',#833,#834,#122,.F.);
#645=EDGE_CURVE('',#835,#833,#948,.T.);
#646=EDGE_CURVE('',#830,#835,#123,.T.);
#647=EDGE_CURVE('',#836,#832,#124,.T.);
#648=EDGE_CURVE('',#834,#836,#949,.T.);
#649=EDGE_CURVE('',#802,#818,#125,.F.);
#650=EDGE_CURVE('',#822,#799,#126,.T.);
#651=EDGE_CURVE('',#804,#823,#127,.F.);
#652=EDGE_CURVE('',#816,#803,#128,.T.);
#653=EDGE_CURVE('',#820,#835,#129,.T.);
#654=EDGE_CURVE('',#833,#817,#130,.F.);
#655=EDGE_CURVE('',#824,#827,#131,.T.);
#656=EDGE_CURVE('',#826,#821,#132,.F.);
#657=EDGE_CURVE('',#837,#838,#35,.T.);
#658=EDGE_CURVE('',#839,#837,#36,.T.);
#659=EDGE_CURVE('',#838,#839,#37,.T.);
#660=EDGE_CURVE('',#840,#841,#38,.T.);
#661=EDGE_CURVE('',#842,#840,#39,.T.);
#662=EDGE_CURVE('',#841,#842,#40,.T.);
#663=EDGE_CURVE('',#791,#843,#133,.T.);
#664=EDGE_CURVE('',#844,#843,#950,.T.);
#665=EDGE_CURVE('',#844,#812,#134,.F.);
#666=EDGE_CURVE('',#845,#844,#41,.T.);
#667=EDGE_CURVE('',#814,#845,#42,.T.);
#668=EDGE_CURVE('',#846,#825,#135,.T.);
#669=EDGE_CURVE('',#847,#828,#136,.T.);
#670=EDGE_CURVE('',#846,#847,#951,.T.);
#671=EDGE_CURVE('',#848,#846,#952,.F.);
#672=EDGE_CURVE('',#790,#848,#43,.T.);
#673=EDGE_CURVE('',#843,#848,#44,.T.);
#674=EDGE_CURVE('',#849,#849,#137,.T.);
#675=EDGE_CURVE('',#850,#850,#138,.T.);
#676=EDGE_CURVE('',#851,#852,#953,.F.);
#677=EDGE_CURVE('',#853,#852,#954,.T.);
#678=EDGE_CURVE('',#854,#853,#955,.F.);
#679=EDGE_CURVE('',#851,#854,#956,.T.);
#680=EDGE_CURVE('',#855,#853,#957,.F.);
#681=EDGE_CURVE('',#855,#815,#45,.T.);
#682=EDGE_CURVE('',#854,#845,#958,.T.);
#683=EDGE_CURVE('',#813,#856,#139,.T.);
#684=EDGE_CURVE('',#856,#855,#46,.T.);
#685=EDGE_CURVE('',#857,#792,#140,.T.);
#686=EDGE_CURVE('',#857,#856,#959,.T.);
#687=EDGE_CURVE('',#858,#857,#47,.T.);
#688=EDGE_CURVE('',#793,#858,#48,.F.);
#689=EDGE_CURVE('',#859,#858,#960,.T.);
#690=EDGE_CURVE('',#836,#859,#141,.F.);
#691=EDGE_CURVE('',#834,#860,#142,.F.);
#692=EDGE_CURVE('',#860,#859,#961,.T.);
#693=EDGE_CURVE('',#861,#862,#143,.F.);
#694=EDGE_CURVE('',#847,#861,#962,.T.);
#695=EDGE_CURVE('',#863,#860,#963,.F.);
#696=EDGE_CURVE('',#863,#864,#144,.F.);
#697=EDGE_CURVE('',#864,#862,#145,.F.);
#698=EDGE_CURVE('',#865,#866,#146,.T.);
#699=EDGE_CURVE('',#866,#839,#49,.T.);
#700=EDGE_CURVE('',#865,#837,#147,.T.);
#701=EDGE_CURVE('',#867,#868,#20,.T.);
#702=EDGE_CURVE('',#838,#867,#964,.T.);
#703=EDGE_CURVE('',#839,#868,#965,.T.);
#704=EDGE_CURVE('',#868,#869,#148,.F.);
#705=EDGE_CURVE('',#869,#864,#966,.F.);
#706=EDGE_CURVE('',#867,#863,#967,.T.);
#707=EDGE_CURVE('',#869,#870,#149,.F.);
#708=EDGE_CURVE('',#862,#870,#968,.F.);
#709=EDGE_CURVE('',#871,#872,#21,.F.);
#710=EDGE_CURVE('',#861,#871,#969,.T.);
#711=EDGE_CURVE('',#870,#872,#150,.T.);
#712=EDGE_CURVE('',#872,#842,#970,.T.);
#713=EDGE_CURVE('',#871,#840,#971,.F.);
#714=EDGE_CURVE('',#842,#873,#50,.T.);
#715=EDGE_CURVE('',#873,#874,#151,.F.);
#716=EDGE_CURVE('',#841,#874,#152,.F.);
#717=EDGE_CURVE('',#875,#838,#972,.T.);
#718=EDGE_CURVE('',#875,#876,#153,.F.);
#719=EDGE_CURVE('',#876,#865,#973,.F.);
#720=EDGE_CURVE('',#874,#877,#974,.F.);
#721=EDGE_CURVE('',#865,#874,#154,.T.);
#722=EDGE_CURVE('',#877,#876,#155,.F.);
#723=EDGE_CURVE('',#877,#878,#156,.T.);
#724=EDGE_CURVE('',#840,#878,#975,.T.);
#725=EDGE_CURVE('',#878,#879,#976,.T.);
#726=EDGE_CURVE('',#880,#879,#977,.F.);
#727=EDGE_CURVE('',#880,#851,#978,.F.);
#728=EDGE_CURVE('',#881,#880,#979,.T.);
#729=EDGE_CURVE('',#852,#881,#980,.T.);
#730=EDGE_CURVE('',#882,#882,#157,.F.);
#731=EDGE_CURVE('',#883,#883,#158,.F.);
#732=EDGE_CURVE('',#884,#881,#981,.T.);
#733=EDGE_CURVE('',#884,#875,#982,.F.);
#734=EDGE_CURVE('',#885,#875,#159,.F.);
#735=EDGE_CURVE('',#885,#886,#51,.F.);
#736=EDGE_CURVE('',#876,#886,#160,.T.);
#737=EDGE_CURVE('',#887,#886,#52,.T.);
#738=EDGE_CURVE('',#887,#877,#161,.F.);
#739=EDGE_CURVE('',#888,#887,#53,.T.);
#740=EDGE_CURVE('',#878,#888,#162,.F.);
#741=EDGE_CURVE('',#889,#888,#983,.F.);
#742=EDGE_CURVE('',#889,#879,#163,.T.);
#743=EDGE_CURVE('',#889,#890,#984,.F.);
#744=EDGE_CURVE('',#884,#890,#164,.T.);
#745=EDGE_CURVE('',#885,#890,#985,.T.);
#746=EDGE_CURVE('',#891,#892,#986,.T.);
#747=EDGE_CURVE('',#893,#892,#987,.T.);
#748=EDGE_CURVE('',#894,#893,#988,.T.);
#749=EDGE_CURVE('',#894,#895,#989,.F.);
#750=EDGE_CURVE('',#891,#895,#990,.F.);
#751=EDGE_CURVE('',#895,#891,#165,.T.);
#752=EDGE_CURVE('',#892,#894,#166,.F.);
#753=EDGE_CURVE('',#896,#897,#991,.T.);
#754=EDGE_CURVE('',#897,#896,#167,.T.);
#755=EDGE_CURVE('',#896,#788,#992,.T.);
#756=EDGE_CURVE('',#787,#897,#993,.F.);
#757=EDGE_CURVE('',#873,#866,#54,.T.);
#758=EDGE_CURVE('',#898,#899,#994,.T.);
#759=EDGE_CURVE('',#900,#899,#168,.T.);
#760=EDGE_CURVE('',#900,#901,#995,.T.);
#761=EDGE_CURVE('',#901,#898,#169,.T.);
#762=EDGE_CURVE('',#902,#900,#996,.F.);
#763=EDGE_CURVE('',#903,#902,#997,.F.);
#764=EDGE_CURVE('',#903,#901,#998,.F.);
#765=EDGE_CURVE('',#904,#902,#170,.T.);
#766=EDGE_CURVE('',#905,#904,#999,.F.);
#767=EDGE_CURVE('',#905,#903,#171,.T.);
#768=EDGE_CURVE('',#899,#904,#1000,.T.);
#769=EDGE_CURVE('',#898,#905,#1001,.T.);
#770=EDGE_CURVE('',#906,#906,#172,.T.);
#771=EDGE_CURVE('',#893,#907,#173,.F.);
#772=EDGE_CURVE('',#907,#893,#174,.F.);
#773=EDGE_CURVE('',#908,#909,#175,.T.);
#774=EDGE_CURVE('',#910,#908,#1002,.T.);
#775=EDGE_CURVE('',#911,#910,#176,.T.);
#776=EDGE_CURVE('',#909,#911,#1003,.T.);
#777=EDGE_CURVE('',#910,#912,#1004,.T.);
#778=EDGE_CURVE('',#913,#912,#177,.T.);
#779=EDGE_CURVE('',#913,#911,#1005,.F.);
#780=EDGE_CURVE('',#914,#913,#1006,.F.);
#781=EDGE_CURVE('',#909,#914,#1007,.T.);
#782=EDGE_CURVE('',#915,#914,#178,.T.);
#783=EDGE_CURVE('',#908,#915,#1008,.F.);
#784=EDGE_CURVE('',#912,#915,#1009,.F.);
#785=EDGE_CURVE('',#916,#916,#179,.T.);
#786=VERTEX_POINT('',#2002);
#787=VERTEX_POINT('',#2003);
#788=VERTEX_POINT('',#2006);
#789=VERTEX_POINT('',#2010);
#790=VERTEX_POINT('',#2011);
#791=VERTEX_POINT('',#2013);
#792=VERTEX_POINT('',#2015);
#793=VERTEX_POINT('',#2017);
#794=VERTEX_POINT('',#2019);
#795=VERTEX_POINT('',#2026);
#796=VERTEX_POINT('',#2028);
#797=VERTEX_POINT('',#2030);
#798=VERTEX_POINT('',#2032);
#799=VERTEX_POINT('',#2036);
#800=VERTEX_POINT('',#2037);
#801=VERTEX_POINT('',#2039);
#802=VERTEX_POINT('',#2042);
#803=VERTEX_POINT('',#2044);
#804=VERTEX_POINT('',#2046);
#805=VERTEX_POINT('',#2050);
#806=VERTEX_POINT('',#2052);
#807=VERTEX_POINT('',#2056);
#808=VERTEX_POINT('',#2058);
#809=VERTEX_POINT('',#2060);
#810=VERTEX_POINT('',#2064);
#811=VERTEX_POINT('',#2066);
#812=VERTEX_POINT('',#2070);
#813=VERTEX_POINT('',#2072);
#814=VERTEX_POINT('',#2076);
#815=VERTEX_POINT('',#2078);
#816=VERTEX_POINT('',#2082);
#817=VERTEX_POINT('',#2083);
#818=VERTEX_POINT('',#2085);
#819=VERTEX_POINT('',#2087);
#820=VERTEX_POINT('',#2089);
#821=VERTEX_POINT('',#2093);
#822=VERTEX_POINT('',#2095);
#823=VERTEX_POINT('',#2097);
#824=VERTEX_POINT('',#2099);
#825=VERTEX_POINT('',#2103);
#826=VERTEX_POINT('',#2105);
#827=VERTEX_POINT('',#2107);
#828=VERTEX_POINT('',#2109);
#829=VERTEX_POINT('',#2113);
#830=VERTEX_POINT('',#2114);
#831=VERTEX_POINT('',#2116);
#832=VERTEX_POINT('',#2118);
#833=VERTEX_POINT('',#2126);
#834=VERTEX_POINT('',#2127);
#835=VERTEX_POINT('',#2129);
#836=VERTEX_POINT('',#2132);
#837=VERTEX_POINT('',#2187);
#838=VERTEX_POINT('',#2188);
#839=VERTEX_POINT('',#2193);
#840=VERTEX_POINT('',#2248);
#841=VERTEX_POINT('',#2249);
#842=VERTEX_POINT('',#2262);
#843=VERTEX_POINT('',#2269);
#844=VERTEX_POINT('',#2271);
#845=VERTEX_POINT('',#2286);
#846=VERTEX_POINT('',#2293);
#847=VERTEX_POINT('',#2295);
#848=VERTEX_POINT('',#2299);
#849=VERTEX_POINT('',#2319);
#850=VERTEX_POINT('',#2321);
#851=VERTEX_POINT('',#2323);
#852=VERTEX_POINT('',#2324);
#853=VERTEX_POINT('',#2326);
#854=VERTEX_POINT('',#2328);
#855=VERTEX_POINT('',#2332);
#856=VERTEX_POINT('',#2340);
#857=VERTEX_POINT('',#2355);
#858=VERTEX_POINT('',#2370);
#859=VERTEX_POINT('',#2377);
#860=VERTEX_POINT('',#2381);
#861=VERTEX_POINT('',#2385);
#862=VERTEX_POINT('',#2386);
#863=VERTEX_POINT('',#2389);
#864=VERTEX_POINT('',#2391);
#865=VERTEX_POINT('',#2395);
#866=VERTEX_POINT('',#2396);
#867=VERTEX_POINT('',#2404);
#868=VERTEX_POINT('',#2405);
#869=VERTEX_POINT('',#2410);
#870=VERTEX_POINT('',#2415);
#871=VERTEX_POINT('',#2419);
#872=VERTEX_POINT('',#2420);
#873=VERTEX_POINT('',#2431);
#874=VERTEX_POINT('',#2433);
#875=VERTEX_POINT('',#2437);
#876=VERTEX_POINT('',#2439);
#877=VERTEX_POINT('',#2443);
#878=VERTEX_POINT('',#2448);
#879=VERTEX_POINT('',#2452);
#880=VERTEX_POINT('',#2454);
#881=VERTEX_POINT('',#2458);
#882=VERTEX_POINT('',#2462);
#883=VERTEX_POINT('',#2465);
#884=VERTEX_POINT('',#2468);
#885=VERTEX_POINT('',#2472);
#886=VERTEX_POINT('',#2478);
#887=VERTEX_POINT('',#2485);
#888=VERTEX_POINT('',#2493);
#889=VERTEX_POINT('',#2497);
#890=VERTEX_POINT('',#2501);
#891=VERTEX_POINT('',#2507);
#892=VERTEX_POINT('',#2508);
#893=VERTEX_POINT('',#2510);
#894=VERTEX_POINT('',#2512);
#895=VERTEX_POINT('',#2514);
#896=VERTEX_POINT('',#2521);
#897=VERTEX_POINT('',#2522);
#898=VERTEX_POINT('',#2535);
#899=VERTEX_POINT('',#2536);
#900=VERTEX_POINT('',#2538);
#901=VERTEX_POINT('',#2540);
#902=VERTEX_POINT('',#2544);
#903=VERTEX_POINT('',#2546);
#904=VERTEX_POINT('',#2550);
#905=VERTEX_POINT('',#2552);
#906=VERTEX_POINT('',#2559);
#907=VERTEX_POINT('',#2562);
#908=VERTEX_POINT('',#2566);
#909=VERTEX_POINT('',#2567);
#910=VERTEX_POINT('',#2569);
#911=VERTEX_POINT('',#2571);
#912=VERTEX_POINT('',#2575);
#913=VERTEX_POINT('',#2577);
#914=VERTEX_POINT('',#2581);
#915=VERTEX_POINT('',#2585);
#916=VERTEX_POINT('',#2591);
#917=LINE('',#2001,#1010);
#918=LINE('',#2005,#1011);
#919=LINE('',#2009,#1012);
#920=LINE('',#2014,#1013);
#921=LINE('',#2018,#1014);
#922=LINE('',#2029,#1015);
#923=LINE('',#2033,#1016);
#924=LINE('',#2038,#1017);
#925=LINE('',#2043,#1018);
#926=LINE('',#2047,#1019);
#927=LINE('',#2051,#1020);
#928=LINE('',#2055,#1021);
#929=LINE('',#2057,#1022);
#930=LINE('',#2059,#1023);
#931=LINE('',#2061,#1024);
#932=LINE('',#2067,#1025);
#933=LINE('',#2069,#1026);
#934=LINE('',#2071,#1027);
#935=LINE('',#2073,#1028);
#936=LINE('',#2077,#1029);
#937=LINE('',#2084,#1030);
#938=LINE('',#2090,#1031);
#939=LINE('',#2096,#1032);
#940=LINE('',#2100,#1033);
#941=LINE('',#2106,#1034);
#942=LINE('',#2110,#1035);
#943=LINE('',#2115,#1036);
#944=LINE('',#2119,#1037);
#945=LINE('',#2121,#1038);
#946=LINE('',#2122,#1039);
#947=LINE('',#2123,#1040);
#948=LINE('',#2128,#1041);
#949=LINE('',#2133,#1042);
#950=LINE('',#2270,#1043);
#951=LINE('',#2296,#1044);
#952=LINE('',#2298,#1045);
#953=LINE('',#2322,#1046);
#954=LINE('',#2325,#1047);
#955=LINE('',#2327,#1048);
#956=LINE('',#2329,#1049);
#957=LINE('',#2331,#1050);
#958=LINE('',#2337,#1051);
#959=LINE('',#2356,#1052);
#960=LINE('',#2376,#1053);
#961=LINE('',#2382,#1054);
#962=LINE('',#2387,#1055);
#963=LINE('',#2388,#1056);
#964=LINE('',#2406,#1057);
#965=LINE('',#2407,#1058);
#966=LINE('',#2411,#1059);
#967=LINE('',#2412,#1060);
#968=LINE('',#2416,#1061);
#969=LINE('',#2421,#1062);
#970=LINE('',#2424,#1063);
#971=LINE('',#2425,#1064);
#972=LINE('',#2436,#1065);
#973=LINE('',#2440,#1066);
#974=LINE('',#2442,#1067);
#975=LINE('',#2449,#1068);
#976=LINE('',#2451,#1069);
#977=LINE('',#2453,#1070);
#978=LINE('',#2455,#1071);
#979=LINE('',#2457,#1072);
#980=LINE('',#2459,#1073);
#981=LINE('',#2467,#1074);
#982=LINE('',#2469,#1075);
#983=LINE('',#2496,#1076);
#984=LINE('',#2500,#1077);
#985=LINE('',#2504,#1078);
#986=LINE('',#2506,#1079);
#987=LINE('',#2509,#1080);
#988=LINE('',#2511,#1081);
#989=LINE('',#2513,#1082);
#990=LINE('',#2515,#1083);
#991=LINE('',#2520,#1084);
#992=LINE('',#2525,#1085);
#993=LINE('',#2526,#1086);
#994=LINE('',#2534,#1087);
#995=LINE('',#2539,#1088);
#996=LINE('',#2543,#1089);
#997=LINE('',#2545,#1090);
#998=LINE('',#2547,#1091);
#999=LINE('',#2551,#1092);
#1000=LINE('',#2555,#1093);
#1001=LINE('',#2556,#1094);
#1002=LINE('',#2568,#1095);
#1003=LINE('',#2572,#1096);
#1004=LINE('',#2574,#1097);
#1005=LINE('',#2578,#1098);
#1006=LINE('',#2580,#1099);
#1007=LINE('',#2582,#1100);
#1008=LINE('',#2586,#1101);
#1009=LINE('',#2588,#1102);
#1010=VECTOR('',#1578,1.);
#1011=VECTOR('',#1581,1.);
#1012=VECTOR('',#1586,1.);
#1013=VECTOR('',#1589,1.);
#1014=VECTOR('',#1592,1.);
#1015=VECTOR('',#1599,1.);
#1016=VECTOR('',#1602,1.);
#1017=VECTOR('',#1607,1.);
#1018=VECTOR('',#1612,1.);
#1019=VECTOR('',#1615,1.);
#1020=VECTOR('',#1620,1.);
#1021=VECTOR('',#1625,1.);
#1022=VECTOR('',#1626,1.);
#1023=VECTOR('',#1627,1.);
#1024=VECTOR('',#1628,1.);
#1025=VECTOR('',#1635,1.);
#1026=VECTOR('',#1638,1.);
#1027=VECTOR('',#1639,1.);
#1028=VECTOR('',#1640,1.);
#1029=VECTOR('',#1645,1.);
#1030=VECTOR('',#1652,1.);
#1031=VECTOR('',#1657,1.);
#1032=VECTOR('',#1664,1.);
#1033=VECTOR('',#1667,1.);
#1034=VECTOR('',#1674,1.);
#1035=VECTOR('',#1677,1.);
#1036=VECTOR('',#1682,1.);
#1037=VECTOR('',#1685,1.);
#1038=VECTOR('',#1688,1.);
#1039=VECTOR('',#1689,1.);
#1040=VECTOR('',#1690,1.);
#1041=VECTOR('',#1695,1.);
#1042=VECTOR('',#1700,1.);
#1043=VECTOR('',#1737,1.);
#1044=VECTOR('',#1748,1.);
#1045=VECTOR('',#1751,1.);
#1046=VECTOR('',#1760,1.);
#1047=VECTOR('',#1761,1.);
#1048=VECTOR('',#1762,1.);
#1049=VECTOR('',#1763,1.);
#1050=VECTOR('',#1766,1.);
#1051=VECTOR('',#1767,1.);
#1052=VECTOR('',#1776,1.);
#1053=VECTOR('',#1781,1.);
#1054=VECTOR('',#1788,1.);
#1055=VECTOR('',#1793,1.);
#1056=VECTOR('',#1794,1.);
#1057=VECTOR('',#1809,1.);
#1058=VECTOR('',#1810,1.);
#1059=VECTOR('',#1815,1.);
#1060=VECTOR('',#1816,1.);
#1061=VECTOR('',#1821,1.);
#1062=VECTOR('',#1826,1.);
#1063=VECTOR('',#1831,1.);
#1064=VECTOR('',#1832,1.);
#1065=VECTOR('',#1841,1.);
#1066=VECTOR('',#1844,1.);
#1067=VECTOR('',#1847,1.);
#1068=VECTOR('',#1856,1.);
#1069=VECTOR('',#1859,1.);
#1070=VECTOR('',#1860,1.);
#1071=VECTOR('',#1861,1.);
#1072=VECTOR('',#1864,1.);
#1073=VECTOR('',#1865,1.);
#1074=VECTOR('',#1876,1.);
#1075=VECTOR('',#1877,1.);
#1076=VECTOR('',#1894,1.);
#1077=VECTOR('',#1899,1.);
#1078=VECTOR('',#1904,1.);
#1079=VECTOR('',#1907,1.);
#1080=VECTOR('',#1908,1.);
#1081=VECTOR('',#1909,1.);
#1082=VECTOR('',#1910,1.);
#1083=VECTOR('',#1911,1.);
#1084=VECTOR('',#1920,1.);
#1085=VECTOR('',#1925,1.);
#1086=VECTOR('',#1926,1.);
#1087=VECTOR('',#1933,1.);
#1088=VECTOR('',#1936,1.);
#1089=VECTOR('',#1941,1.);
#1090=VECTOR('',#1942,1.);
#1091=VECTOR('',#1943,1.);
#1092=VECTOR('',#1948,1.);
#1093=VECTOR('',#1953,1.);
#1094=VECTOR('',#1954,1.);
#1095=VECTOR('',#1969,1.);
#1096=VECTOR('',#1972,1.);
#1097=VECTOR('',#1975,1.);
#1098=VECTOR('',#1978,1.);
#1099=VECTOR('',#1981,1.);
#1100=VECTOR('',#1982,1.);
#1101=VECTOR('',#1987,1.);
#1102=VECTOR('',#1990,1.);
#1103=EDGE_LOOP('',(#180,#181,#182,#183));
#1104=EDGE_LOOP('',(#184,#185,#186,#187,#188,#189));
#1105=EDGE_LOOP('',(#190,#191,#192,#193,#194,#195));
#1106=EDGE_LOOP('',(#196,#197,#198,#199,#200,#201,#202,#203));
#1107=EDGE_LOOP('',(#204,#205,#206,#207));
#1108=EDGE_LOOP('',(#208,#209,#210,#211,#212));
#1109=EDGE_LOOP('',(#213,#214,#215,#216));
#1110=EDGE_LOOP('',(#217,#218,#219,#220));
#1111=EDGE_LOOP('',(#221,#222,#223,#224));
#1112=EDGE_LOOP('',(#225,#226,#227,#228,#229));
#1113=EDGE_LOOP('',(#230,#231,#232,#233,#234));
#1114=EDGE_LOOP('',(#235,#236,#237,#238,#239,#240));
#1115=EDGE_LOOP('',(#241,#242,#243,#244));
#1116=EDGE_LOOP('',(#245,#246,#247,#248,#249));
#1117=EDGE_LOOP('',(#250,#251,#252,#253,#254,#255));
#1118=EDGE_LOOP('',(#256,#257,#258,#259,#260));
#1119=EDGE_LOOP('',(#261,#262,#263,#264));
#1120=EDGE_LOOP('',(#265,#266,#267,#268));
#1121=EDGE_LOOP('',(#269,#270,#271,#272,#273));
#1122=EDGE_LOOP('',(#274,#275,#276,#277));
#1123=EDGE_LOOP('',(#278,#279,#280,#281,#282));
#1124=EDGE_LOOP('',(#283,#284,#285,#286));
#1125=EDGE_LOOP('',(#287,#288,#289,#290,#291));
#1126=EDGE_LOOP('',(#292,#293,#294));
#1127=EDGE_LOOP('',(#295,#296,#297));
#1128=EDGE_LOOP('',(#298,#299,#300,#301));
#1129=EDGE_LOOP('',(#302,#303,#304,#305));
#1130=EDGE_LOOP('',(#306,#307,#308,#309));
#1131=EDGE_LOOP('',(#310,#311,#312,#313,#314,#315,#316,#317,#318,#319));
#1132=EDGE_LOOP('',(#320,#321,#322,#323));
#1133=EDGE_LOOP('',(#324));
#1134=EDGE_LOOP('',(#325));
#1135=EDGE_LOOP('',(#326,#327,#328,#329));
#1136=EDGE_LOOP('',(#330,#331,#332,#333,#334,#335));
#1137=EDGE_LOOP('',(#336,#337,#338,#339));
#1138=EDGE_LOOP('',(#340,#341,#342,#343));
#1139=EDGE_LOOP('',(#344,#345,#346,#347));
#1140=EDGE_LOOP('',(#348,#349,#350,#351,#352,#353,#354,#355));
#1141=EDGE_LOOP('',(#356,#357,#358,#359));
#1142=EDGE_LOOP('',(#360,#361,#362,#363,#364,#365,#366,#367,#368,#369,#370,
#371,#372,#373,#374,#375));
#1143=EDGE_LOOP('',(#376,#377,#378,#379));
#1144=EDGE_LOOP('',(#380,#381,#382,#383));
#1145=EDGE_LOOP('',(#384,#385,#386,#387,#388));
#1146=EDGE_LOOP('',(#389,#390,#391,#392));
#1147=EDGE_LOOP('',(#393,#394,#395,#396,#397));
#1148=EDGE_LOOP('',(#398,#399,#400,#401));
#1149=EDGE_LOOP('',(#402,#403,#404,#405));
#1150=EDGE_LOOP('',(#406,#407,#408,#409,#410));
#1151=EDGE_LOOP('',(#411,#412,#413,#414));
#1152=EDGE_LOOP('',(#415,#416,#417,#418,#419));
#1153=EDGE_LOOP('',(#420,#421,#422,#423,#424,#425,#426,#427,#428,#429,#430,
#431,#432,#433));
#1154=EDGE_LOOP('',(#434,#435,#436,#437));
#1155=EDGE_LOOP('',(#438));
#1156=EDGE_LOOP('',(#439));
#1157=EDGE_LOOP('',(#440));
#1158=EDGE_LOOP('',(#441));
#1159=EDGE_LOOP('',(#442,#443,#444,#445,#446,#447,#448,#449,#450,#451,#452,
#453,#454,#455));
#1160=EDGE_LOOP('',(#456,#457,#458,#459));
#1161=EDGE_LOOP('',(#460,#461,#462,#463));
#1162=EDGE_LOOP('',(#464,#465,#466,#467));
#1163=EDGE_LOOP('',(#468,#469,#470,#471));
#1164=EDGE_LOOP('',(#472));
#1165=EDGE_LOOP('',(#473));
#1166=EDGE_LOOP('',(#474,#475,#476,#477,#478,#479));
#1167=EDGE_LOOP('',(#480,#481,#482,#483));
#1168=EDGE_LOOP('',(#484,#485,#486,#487,#488));
#1169=EDGE_LOOP('',(#489,#490,#491,#492));
#1170=EDGE_LOOP('',(#493,#494));
#1171=EDGE_LOOP('',(#495,#496));
#1172=EDGE_LOOP('',(#497,#498,#499,#500,#501,#502));
#1173=EDGE_LOOP('',(#503,#504,#505,#506,#507));
#1174=EDGE_LOOP('',(#508,#509,#510,#511));
#1175=EDGE_LOOP('',(#512,#513,#514,#515));
#1176=EDGE_LOOP('',(#516,#517,#518,#519));
#1177=EDGE_LOOP('',(#520,#521,#522,#523));
#1178=EDGE_LOOP('',(#524,#525,#526,#527));
#1179=EDGE_LOOP('',(#528,#529,#530,#531));
#1180=EDGE_LOOP('',(#532,#533,#534,#535));
#1181=EDGE_LOOP('',(#536));
#1182=EDGE_LOOP('',(#537));
#1183=EDGE_LOOP('',(#538,#539));
#1184=EDGE_LOOP('',(#540,#541,#542,#543));
#1185=EDGE_LOOP('',(#544,#545,#546,#547));
#1186=EDGE_LOOP('',(#548,#549,#550,#551,#552,#553,#554,#555));
#1187=EDGE_LOOP('',(#556,#557,#558,#559));
#1188=EDGE_LOOP('',(#560,#561,#562,#563));
#1189=EDGE_LOOP('',(#564,#565,#566,#567));
#1190=EDGE_LOOP('',(#568,#569,#570,#571));
#1191=EDGE_LOOP('',(#572,#573,#574,#575));
#1192=EDGE_LOOP('',(#576));
#1193=EDGE_LOOP('',(#577));
#1194=EDGE_LOOP('',(#578));
#1195=EDGE_LOOP('',(#579,#580,#581,#582,#583));
#1196=FACE_BOUND('',#1103,.T.);
#1197=FACE_BOUND('',#1104,.T.);
#1198=FACE_BOUND('',#1105,.T.);
#1199=FACE_BOUND('',#1106,.T.);
#1200=FACE_BOUND('',#1107,.T.);
#1201=FACE_BOUND('',#1108,.T.);
#1202=FACE_BOUND('',#1109,.T.);
#1203=FACE_BOUND('',#1110,.T.);
#1204=FACE_BOUND('',#1111,.T.);
#1205=FACE_BOUND('',#1112,.T.);
#1206=FACE_BOUND('',#1113,.T.);
#1207=FACE_BOUND('',#1114,.T.);
#1208=FACE_BOUND('',#1115,.T.);
#1209=FACE_BOUND('',#1116,.T.);
#1210=FACE_BOUND('',#1117,.T.);
#1211=FACE_BOUND('',#1118,.T.);
#1212=FACE_BOUND('',#1119,.T.);
#1213=FACE_BOUND('',#1120,.T.);
#1214=FACE_BOUND('',#1121,.T.);
#1215=FACE_BOUND('',#1122,.T.);
#1216=FACE_BOUND('',#1123,.T.);
#1217=FACE_BOUND('',#1124,.T.);
#1218=FACE_BOUND('',#1125,.T.);
#1219=FACE_BOUND('',#1126,.T.);
#1220=FACE_BOUND('',#1127,.T.);
#1221=FACE_BOUND('',#1128,.T.);
#1222=FACE_BOUND('',#1129,.T.);
#1223=FACE_BOUND('',#1130,.T.);
#1224=FACE_BOUND('',#1131,.T.);
#1225=FACE_BOUND('',#1132,.T.);
#1226=FACE_BOUND('',#1133,.T.);
#1227=FACE_BOUND('',#1134,.T.);
#1228=FACE_BOUND('',#1135,.T.);
#1229=FACE_BOUND('',#1136,.T.);
#1230=FACE_BOUND('',#1137,.T.);
#1231=FACE_BOUND('',#1138,.T.);
#1232=FACE_BOUND('',#1139,.T.);
#1233=FACE_BOUND('',#1140,.T.);
#1234=FACE_BOUND('',#1141,.T.);
#1235=FACE_BOUND('',#1142,.T.);
#1236=FACE_BOUND('',#1143,.T.);
#1237=FACE_BOUND('',#1144,.T.);
#1238=FACE_BOUND('',#1145,.T.);
#1239=FACE_BOUND('',#1146,.T.);
#1240=FACE_BOUND('',#1147,.T.);
#1241=FACE_BOUND('',#1148,.T.);
#1242=FACE_BOUND('',#1149,.T.);
#1243=FACE_BOUND('',#1150,.T.);
#1244=FACE_BOUND('',#1151,.T.);
#1245=FACE_BOUND('',#1152,.T.);
#1246=FACE_BOUND('',#1153,.T.);
#1247=FACE_BOUND('',#1154,.T.);
#1248=FACE_BOUND('',#1155,.T.);
#1249=FACE_BOUND('',#1156,.T.);
#1250=FACE_BOUND('',#1157,.T.);
#1251=FACE_BOUND('',#1158,.T.);
#1252=FACE_BOUND('',#1159,.T.);
#1253=FACE_BOUND('',#1160,.T.);
#1254=FACE_BOUND('',#1161,.T.);
#1255=FACE_BOUND('',#1162,.T.);
#1256=FACE_BOUND('',#1163,.T.);
#1257=FACE_BOUND('',#1164,.T.);
#1258=FACE_BOUND('',#1165,.T.);
#1259=FACE_BOUND('',#1166,.T.);
#1260=FACE_BOUND('',#1167,.T.);
#1261=FACE_BOUND('',#1168,.T.);
#1262=FACE_BOUND('',#1169,.T.);
#1263=FACE_BOUND('',#1170,.T.);
#1264=FACE_BOUND('',#1171,.T.);
#1265=FACE_BOUND('',#1172,.T.);
#1266=FACE_BOUND('',#1173,.T.);
#1267=FACE_BOUND('',#1174,.T.);
#1268=FACE_BOUND('',#1175,.T.);
#1269=FACE_BOUND('',#1176,.T.);
#1270=FACE_BOUND('',#1177,.T.);
#1271=FACE_BOUND('',#1178,.T.);
#1272=FACE_BOUND('',#1179,.T.);
#1273=FACE_BOUND('',#1180,.T.);
#1274=FACE_BOUND('',#1181,.T.);
#1275=FACE_BOUND('',#1182,.T.);
#1276=FACE_BOUND('',#1183,.T.);
#1277=FACE_BOUND('',#1184,.T.);
#1278=FACE_BOUND('',#1185,.T.);
#1279=FACE_BOUND('',#1186,.T.);
#1280=FACE_BOUND('',#1187,.T.);
#1281=FACE_BOUND('',#1188,.T.);
#1282=FACE_BOUND('',#1189,.T.);
#1283=FACE_BOUND('',#1190,.T.);
#1284=FACE_BOUND('',#1191,.T.);
#1285=FACE_BOUND('',#1192,.T.);
#1286=FACE_BOUND('',#1193,.T.);
#1287=FACE_BOUND('',#1194,.T.);
#1288=FACE_BOUND('',#1195,.T.);
#1289=PLANE('',#1409);
#1290=PLANE('',#1427);
#1291=PLANE('',#1431);
#1292=PLANE('',#1450);
#1293=PLANE('',#1455);
#1294=PLANE('',#1462);
#1295=PLANE('',#1466);
#1296=PLANE('',#1470);
#1297=PLANE('',#1478);
#1298=PLANE('',#1480);
#1299=PLANE('',#1483);
#1300=PLANE('',#1489);
#1301=PLANE('',#1493);
#1302=PLANE('',#1520);
#1303=PLANE('',#1521);
#1304=PLANE('',#1526);
#1305=PLANE('',#1536);
#1306=PLANE('',#1539);
#1307=PLANE('',#1543);
#1308=PLANE('',#1545);
#1309=PLANE('',#1551);
#1310=PLANE('',#1555);
#1311=PLANE('',#1556);
#1312=PLANE('',#1561);
#1313=PLANE('',#1566);
#1314=PLANE('',#1569);
#1315=PLANE('',#1570);
#1316=PLANE('',#1573);
#1317=ADVANCED_FACE('',(#1196),#1289,.T.);
#1318=ADVANCED_FACE('',(#1197),#55,.F.);
#1319=ADVANCED_FACE('',(#1198),#56,.F.);
#1320=ADVANCED_FACE('',(#1199),#57,.F.);
#1321=ADVANCED_FACE('',(#1200),#58,.F.);
#1322=ADVANCED_FACE('',(#1201),#1290,.F.);
#1323=ADVANCED_FACE('',(#1202),#59,.F.);
#1324=ADVANCED_FACE('',(#1203),#1291,.T.);
#1325=ADVANCED_FACE('',(#1204),#60,.F.);
#1326=ADVANCED_FACE('',(#1205),#61,.F.);
#1327=ADVANCED_FACE('',(#1206),#62,.F.);
#1328=ADVANCED_FACE('',(#1207),#63,.F.);
#1329=ADVANCED_FACE('',(#1208),#64,.F.);
#1330=ADVANCED_FACE('',(#1209),#1292,.F.);
#1331=ADVANCED_FACE('',(#1210),#65,.F.);
#1332=ADVANCED_FACE('',(#1211),#1293,.F.);
#1333=ADVANCED_FACE('',(#1212),#66,.T.);
#1334=ADVANCED_FACE('',(#1213),#67,.T.);
#1335=ADVANCED_FACE('',(#1214),#1294,.F.);
#1336=ADVANCED_FACE('',(#1215),#68,.T.);
#1337=ADVANCED_FACE('',(#1216),#1295,.F.);
#1338=ADVANCED_FACE('',(#1217),#69,.T.);
#1339=ADVANCED_FACE('',(#1218),#1296,.F.);
#1340=ADVANCED_FACE('',(#1219),#32,.F.);
#1341=ADVANCED_FACE('',(#1220),#33,.F.);
#1342=ADVANCED_FACE('',(#1221),#70,.T.);
#1343=ADVANCED_FACE('',(#1222),#22,.F.);
#1344=ADVANCED_FACE('',(#1223),#71,.T.);
#1345=ADVANCED_FACE('',(#1224),#1297,.F.);
#1346=ADVANCED_FACE('',(#1225),#23,.F.);
#1347=ADVANCED_FACE('',(#1226,#1227,#1228),#1298,.F.);
#1348=ADVANCED_FACE('',(#1229),#1299,.T.);
#1349=ADVANCED_FACE('',(#1230),#24,.F.);
#1350=ADVANCED_FACE('',(#1231),#72,.T.);
#1351=ADVANCED_FACE('',(#1232),#25,.F.);
#1352=ADVANCED_FACE('',(#1233),#1300,.F.);
#1353=ADVANCED_FACE('',(#1234),#73,.T.);
#1354=ADVANCED_FACE('',(#1235),#1301,.T.);
#1355=ADVANCED_FACE('',(#1236),#26,.T.);
#1356=ADVANCED_FACE('',(#1237),#74,.T.);
#1357=ADVANCED_FACE('',(#1238),#75,.T.);
#1358=ADVANCED_FACE('',(#1239),#76,.F.);
#1359=ADVANCED_FACE('',(#1240),#77,.T.);
#1360=ADVANCED_FACE('',(#1241),#78,.T.);
#1361=ADVANCED_FACE('',(#1242),#27,.T.);
#1362=ADVANCED_FACE('',(#1243),#79,.T.);
#1363=ADVANCED_FACE('',(#1244),#80,.F.);
#1364=ADVANCED_FACE('',(#1245),#81,.T.);
#1365=ADVANCED_FACE('',(#1246),#1302,.T.);
#1366=ADVANCED_FACE('',(#1247),#1303,.F.);
#1367=ADVANCED_FACE('',(#1248,#1249),#82,.F.);
#1368=ADVANCED_FACE('',(#1250,#1251),#83,.F.);
#1369=ADVANCED_FACE('',(#1252),#1304,.T.);
#1370=ADVANCED_FACE('',(#1253),#28,.T.);
#1371=ADVANCED_FACE('',(#1254),#29,.T.);
#1372=ADVANCED_FACE('',(#1255),#30,.T.);
#1373=ADVANCED_FACE('',(#1256),#84,.T.);
#1374=ADVANCED_FACE('',(#1257,#1258,#1259),#1305,.T.);
#1375=ADVANCED_FACE('',(#1260),#85,.T.);
#1376=ADVANCED_FACE('',(#1261),#1306,.F.);
#1377=ADVANCED_FACE('',(#1262),#86,.F.);
#1378=ADVANCED_FACE('',(#1263,#1264,#1265),#1307,.T.);
#1379=ADVANCED_FACE('',(#1266),#1308,.F.);
#1380=ADVANCED_FACE('',(#1267),#87,.F.);
#1381=ADVANCED_FACE('',(#1268),#31,.T.);
#1382=ADVANCED_FACE('',(#1269),#88,.F.);
#1383=ADVANCED_FACE('',(#1270),#1309,.F.);
#1384=ADVANCED_FACE('',(#1271),#89,.F.);
#1385=ADVANCED_FACE('',(#1272),#1310,.F.);
#1386=ADVANCED_FACE('',(#1273,#1274),#1311,.T.);
#1387=ADVANCED_FACE('',(#1275,#1276),#90,.F.);
#1388=ADVANCED_FACE('',(#1277,#1278,#1279),#1312,.F.);
#1389=ADVANCED_FACE('',(#1280),#91,.F.);
#1390=ADVANCED_FACE('',(#1281),#1313,.F.);
#1391=ADVANCED_FACE('',(#1282),#92,.F.);
#1392=ADVANCED_FACE('',(#1283),#1314,.F.);
#1393=ADVANCED_FACE('',(#1284,#1285),#1315,.T.);
#1394=ADVANCED_FACE('',(#1286,#1287),#93,.F.);
#1395=ADVANCED_FACE('',(#1288),#1316,.T.);
#1396=CLOSED_SHELL('',(#1317,#1318,#1319,#1320,#1321,#1322,#1323,#1324,
#1325,#1326,#1327,#1328,#1329,#1330,#1331,#1332,#1333,#1334,#1335,#1336,
#1337,#1338,#1339,#1340,#1341,#1342,#1343,#1344,#1345,#1346,#1347,#1348,
#1349,#1350,#1351,#1352,#1353,#1354,#1355,#1356,#1357,#1358,#1359,#1360,
#1361,#1362,#1363,#1364,#1365,#1366,#1367,#1368,#1369,#1370,#1371,#1372,
#1373,#1374,#1375,#1376,#1377,#1378,#1379,#1380,#1381,#1382,#1383,#1384,
#1385,#1386,#1387,#1388,#1389,#1390,#1391,#1392,#1393,#1394,#1395));
#1397=STYLED_ITEM('',(#1398),#1405);
#1398=PRESENTATION_STYLE_ASSIGNMENT((#1399));
#1399=SURFACE_STYLE_USAGE(.BOTH.,#1400);
#1400=SURFACE_SIDE_STYLE('',(#1401));
#1401=SURFACE_STYLE_FILL_AREA(#1402);
#1402=FILL_AREA_STYLE('',(#1403));
#1403=FILL_AREA_STYLE_COLOUR('',#1404);
#1404=COLOUR_RGB('',0.745098039215686,0.745098039215686,0.745098039215686);
#1405=MANIFOLD_SOLID_BREP('KP0090-01_PhotoDDiffA1',#1396);
#1406=SHAPE_DEFINITION_REPRESENTATION(#2600,#1407);
#1407=SHAPE_REPRESENTATION('KP0090-01_PhotoDDiffA1',(#1408),#2595);
#1408=AXIS2_PLACEMENT_3D('',#1999,#1574,#1575);
#1409=AXIS2_PLACEMENT_3D('',#2000,#1576,#1577);
#1410=AXIS2_PLACEMENT_3D('',#2004,#1579,#1580);
#1411=AXIS2_PLACEMENT_3D('',#2007,#1582,#1583);
#1412=AXIS2_PLACEMENT_3D('',#2008,#1584,#1585);
#1413=AXIS2_PLACEMENT_3D('',#2012,#1587,#1588);
#1414=AXIS2_PLACEMENT_3D('',#2016,#1590,#1591);
#1415=AXIS2_PLACEMENT_3D('',#2024,#1593,#1594);
#1416=AXIS2_PLACEMENT_3D('',#2025,#1595,#1596);
#1417=AXIS2_PLACEMENT_3D('',#2027,#1597,#1598);
#1418=AXIS2_PLACEMENT_3D('',#2031,#1600,#1601);
#1419=AXIS2_PLACEMENT_3D('',#2034,#1603,#1604);
#1420=AXIS2_PLACEMENT_3D('',#2035,#1605,#1606);
#1421=AXIS2_PLACEMENT_3D('',#2040,#1608,#1609);
#1422=AXIS2_PLACEMENT_3D('',#2041,#1610,#1611);
#1423=AXIS2_PLACEMENT_3D('',#2045,#1613,#1614);
#1424=AXIS2_PLACEMENT_3D('',#2048,#1616,#1617);
#1425=AXIS2_PLACEMENT_3D('',#2049,#1618,#1619);
#1426=AXIS2_PLACEMENT_3D('',#2053,#1621,#1622);
#1427=AXIS2_PLACEMENT_3D('',#2054,#1623,#1624);
#1428=AXIS2_PLACEMENT_3D('',#2062,#1629,#1630);
#1429=AXIS2_PLACEMENT_3D('',#2063,#1631,#1632);
#1430=AXIS2_PLACEMENT_3D('',#2065,#1633,#1634);
#1431=AXIS2_PLACEMENT_3D('',#2068,#1636,#1637);
#1432=AXIS2_PLACEMENT_3D('',#2074,#1641,#1642);
#1433=AXIS2_PLACEMENT_3D('',#2075,#1643,#1644);
#1434=AXIS2_PLACEMENT_3D('',#2079,#1646,#1647);
#1435=AXIS2_PLACEMENT_3D('',#2080,#1648,#1649);
#1436=AXIS2_PLACEMENT_3D('',#2081,#1650,#1651);
#1437=AXIS2_PLACEMENT_3D('',#2086,#1653,#1654);
#1438=AXIS2_PLACEMENT_3D('',#2088,#1655,#1656);
#1439=AXIS2_PLACEMENT_3D('',#2091,#1658,#1659);
#1440=AXIS2_PLACEMENT_3D('',#2092,#1660,#1661);
#1441=AXIS2_PLACEMENT_3D('',#2094,#1662,#1663);
#1442=AXIS2_PLACEMENT_3D('',#2098,#1665,#1666);
#1443=AXIS2_PLACEMENT_3D('',#2101,#1668,#1669);
#1444=AXIS2_PLACEMENT_3D('',#2102,#1670,#1671);
#1445=AXIS2_PLACEMENT_3D('',#2104,#1672,#1673);
#1446=AXIS2_PLACEMENT_3D('',#2108,#1675,#1676);
#1447=AXIS2_PLACEMENT_3D('',#2111,#1678,#1679);
#1448=AXIS2_PLACEMENT_3D('',#2112,#1680,#1681);
#1449=AXIS2_PLACEMENT_3D('',#2117,#1683,#1684);
#1450=AXIS2_PLACEMENT_3D('',#2120,#1686,#1687);
#1451=AXIS2_PLACEMENT_3D('',#2124,#1691,#1692);
#1452=AXIS2_PLACEMENT_3D('',#2125,#1693,#1694);
#1453=AXIS2_PLACEMENT_3D('',#2130,#1696,#1697);
#1454=AXIS2_PLACEMENT_3D('',#2131,#1698,#1699);
#1455=AXIS2_PLACEMENT_3D('',#2134,#1701,#1702);
#1456=AXIS2_PLACEMENT_3D('',#2135,#1703,#1704);
#1457=AXIS2_PLACEMENT_3D('',#2136,#1705,#1706);
#1458=AXIS2_PLACEMENT_3D('',#2137,#1707,#1708);
#1459=AXIS2_PLACEMENT_3D('',#2138,#1709,#1710);
#1460=AXIS2_PLACEMENT_3D('',#2139,#1711,#1712);
#1461=AXIS2_PLACEMENT_3D('',#2140,#1713,#1714);
#1462=AXIS2_PLACEMENT_3D('',#2141,#1715,#1716);
#1463=AXIS2_PLACEMENT_3D('',#2142,#1717,#1718);
#1464=AXIS2_PLACEMENT_3D('',#2143,#1719,#1720);
#1465=AXIS2_PLACEMENT_3D('',#2144,#1721,#1722);
#1466=AXIS2_PLACEMENT_3D('',#2145,#1723,#1724);
#1467=AXIS2_PLACEMENT_3D('',#2146,#1725,#1726);
#1468=AXIS2_PLACEMENT_3D('',#2147,#1727,#1728);
#1469=AXIS2_PLACEMENT_3D('',#2148,#1729,#1730);
#1470=AXIS2_PLACEMENT_3D('',#2149,#1731,#1732);
#1471=AXIS2_PLACEMENT_3D('',#2267,#1733,#1734);
#1472=AXIS2_PLACEMENT_3D('',#2268,#1735,#1736);
#1473=AXIS2_PLACEMENT_3D('',#2272,#1738,#1739);
#1474=AXIS2_PLACEMENT_3D('',#2273,#1740,#1741);
#1475=AXIS2_PLACEMENT_3D('',#2291,#1742,#1743);
#1476=AXIS2_PLACEMENT_3D('',#2292,#1744,#1745);
#1477=AXIS2_PLACEMENT_3D('',#2294,#1746,#1747);
#1478=AXIS2_PLACEMENT_3D('',#2297,#1749,#1750);
#1479=AXIS2_PLACEMENT_3D('',#2304,#1752,#1753);
#1480=AXIS2_PLACEMENT_3D('',#2317,#1754,#1755);
#1481=AXIS2_PLACEMENT_3D('',#2318,#1756,#1757);
#1482=AXIS2_PLACEMENT_3D('',#2320,#1758,#1759);
#1483=AXIS2_PLACEMENT_3D('',#2330,#1764,#1765);
#1484=AXIS2_PLACEMENT_3D('',#2338,#1768,#1769);
#1485=AXIS2_PLACEMENT_3D('',#2339,#1770,#1771);
#1486=AXIS2_PLACEMENT_3D('',#2353,#1772,#1773);
#1487=AXIS2_PLACEMENT_3D('',#2354,#1774,#1775);
#1488=AXIS2_PLACEMENT_3D('',#2357,#1777,#1778);
#1489=AXIS2_PLACEMENT_3D('',#2375,#1779,#1780);
#1490=AXIS2_PLACEMENT_3D('',#2378,#1782,#1783);
#1491=AXIS2_PLACEMENT_3D('',#2379,#1784,#1785);
#1492=AXIS2_PLACEMENT_3D('',#2380,#1786,#1787);
#1493=AXIS2_PLACEMENT_3D('',#2383,#1789,#1790);
#1494=AXIS2_PLACEMENT_3D('',#2384,#1791,#1792);
#1495=AXIS2_PLACEMENT_3D('',#2390,#1795,#1796);
#1496=AXIS2_PLACEMENT_3D('',#2392,#1797,#1798);
#1497=AXIS2_PLACEMENT_3D('',#2393,#1799,#1800);
#1498=AXIS2_PLACEMENT_3D('',#2394,#1801,#1802);
#1499=AXIS2_PLACEMENT_3D('',#2401,#1803,#1804);
#1500=AXIS2_PLACEMENT_3D('',#2402,#1805,#1806);
#1501=AXIS2_PLACEMENT_3D('',#2403,#1807,#1808);
#1502=AXIS2_PLACEMENT_3D('',#2408,#1811,#1812);
#1503=AXIS2_PLACEMENT_3D('',#2409,#1813,#1814);
#1504=AXIS2_PLACEMENT_3D('',#2413,#1817,#1818);
#1505=AXIS2_PLACEMENT_3D('',#2414,#1819,#1820);
#1506=AXIS2_PLACEMENT_3D('',#2417,#1822,#1823);
#1507=AXIS2_PLACEMENT_3D('',#2418,#1824,#1825);
#1508=AXIS2_PLACEMENT_3D('',#2422,#1827,#1828);
#1509=AXIS2_PLACEMENT_3D('',#2423,#1829,#1830);
#1510=AXIS2_PLACEMENT_3D('',#2426,#1833,#1834);
#1511=AXIS2_PLACEMENT_3D('',#2432,#1835,#1836);
#1512=AXIS2_PLACEMENT_3D('',#2434,#1837,#1838);
#1513=AXIS2_PLACEMENT_3D('',#2435,#1839,#1840);
#1514=AXIS2_PLACEMENT_3D('',#2438,#1842,#1843);
#1515=AXIS2_PLACEMENT_3D('',#2441,#1845,#1846);
#1516=AXIS2_PLACEMENT_3D('',#2444,#1848,#1849);
#1517=AXIS2_PLACEMENT_3D('',#2445,#1850,#1851);
#1518=AXIS2_PLACEMENT_3D('',#2446,#1852,#1853);
#1519=AXIS2_PLACEMENT_3D('',#2447,#1854,#1855);
#1520=AXIS2_PLACEMENT_3D('',#2450,#1857,#1858);
#1521=AXIS2_PLACEMENT_3D('',#2456,#1862,#1863);
#1522=AXIS2_PLACEMENT_3D('',#2460,#1866,#1867);
#1523=AXIS2_PLACEMENT_3D('',#2461,#1868,#1869);
#1524=AXIS2_PLACEMENT_3D('',#2463,#1870,#1871);
#1525=AXIS2_PLACEMENT_3D('',#2464,#1872,#1873);
#1526=AXIS2_PLACEMENT_3D('',#2466,#1874,#1875);
#1527=AXIS2_PLACEMENT_3D('',#2470,#1878,#1879);
#1528=AXIS2_PLACEMENT_3D('',#2471,#1880,#1881);
#1529=AXIS2_PLACEMENT_3D('',#2479,#1882,#1883);
#1530=AXIS2_PLACEMENT_3D('',#2480,#1884,#1885);
#1531=AXIS2_PLACEMENT_3D('',#2486,#1886,#1887);
#1532=AXIS2_PLACEMENT_3D('',#2487,#1888,#1889);
#1533=AXIS2_PLACEMENT_3D('',#2494,#1890,#1891);
#1534=AXIS2_PLACEMENT_3D('',#2495,#1892,#1893);
#1535=AXIS2_PLACEMENT_3D('',#2498,#1895,#1896);
#1536=AXIS2_PLACEMENT_3D('',#2499,#1897,#1898);
#1537=AXIS2_PLACEMENT_3D('',#2502,#1900,#1901);
#1538=AXIS2_PLACEMENT_3D('',#2503,#1902,#1903);
#1539=AXIS2_PLACEMENT_3D('',#2505,#1905,#1906);
#1540=AXIS2_PLACEMENT_3D('',#2516,#1912,#1913);
#1541=AXIS2_PLACEMENT_3D('',#2517,#1914,#1915);
#1542=AXIS2_PLACEMENT_3D('',#2518,#1916,#1917);
#1543=AXIS2_PLACEMENT_3D('',#2519,#1918,#1919);
#1544=AXIS2_PLACEMENT_3D('',#2523,#1921,#1922);
#1545=AXIS2_PLACEMENT_3D('',#2524,#1923,#1924);
#1546=AXIS2_PLACEMENT_3D('',#2527,#1927,#1928);
#1547=AXIS2_PLACEMENT_3D('',#2528,#1929,#1930);
#1548=AXIS2_PLACEMENT_3D('',#2533,#1931,#1932);
#1549=AXIS2_PLACEMENT_3D('',#2537,#1934,#1935);
#1550=AXIS2_PLACEMENT_3D('',#2541,#1937,#1938);
#1551=AXIS2_PLACEMENT_3D('',#2542,#1939,#1940);
#1552=AXIS2_PLACEMENT_3D('',#2548,#1944,#1945);
#1553=AXIS2_PLACEMENT_3D('',#2549,#1946,#1947);
#1554=AXIS2_PLACEMENT_3D('',#2553,#1949,#1950);
#1555=AXIS2_PLACEMENT_3D('',#2554,#1951,#1952);
#1556=AXIS2_PLACEMENT_3D('',#2557,#1955,#1956);
#1557=AXIS2_PLACEMENT_3D('',#2558,#1957,#1958);
#1558=AXIS2_PLACEMENT_3D('',#2560,#1959,#1960);
#1559=AXIS2_PLACEMENT_3D('',#2561,#1961,#1962);
#1560=AXIS2_PLACEMENT_3D('',#2563,#1963,#1964);
#1561=AXIS2_PLACEMENT_3D('',#2564,#1965,#1966);
#1562=AXIS2_PLACEMENT_3D('',#2565,#1967,#1968);
#1563=AXIS2_PLACEMENT_3D('',#2570,#1970,#1971);
#1564=AXIS2_PLACEMENT_3D('',#2573,#1973,#1974);
#1565=AXIS2_PLACEMENT_3D('',#2576,#1976,#1977);
#1566=AXIS2_PLACEMENT_3D('',#2579,#1979,#1980);
#1567=AXIS2_PLACEMENT_3D('',#2583,#1983,#1984);
#1568=AXIS2_PLACEMENT_3D('',#2584,#1985,#1986);
#1569=AXIS2_PLACEMENT_3D('',#2587,#1988,#1989);
#1570=AXIS2_PLACEMENT_3D('',#2589,#1991,#1992);
#1571=AXIS2_PLACEMENT_3D('',#2590,#1993,#1994);
#1572=AXIS2_PLACEMENT_3D('',#2592,#1995,#1996);
#1573=AXIS2_PLACEMENT_3D('',#2593,#1997,#1998);
#1574=DIRECTION('',(0.,0.,1.));
#1575=DIRECTION('',(1.,0.,0.));
#1576=DIRECTION('',(5.47050091074251E-30,-1.,-2.91926112236892E-30));
#1577=DIRECTION('',(1.,5.47050091074251E-30,0.));
#1578=DIRECTION('',(1.,0.,0.));
#1579=DIRECTION('',(0.,-1.,0.));
#1580=DIRECTION('',(1.,0.,0.));
#1581=DIRECTION('',(1.,0.,0.));
#1582=DIRECTION('',(0.,1.,0.));
#1583=DIRECTION('',(-1.,0.,0.));
#1584=DIRECTION('',(0.,1.65047674443728E-30,-1.));
#1585=DIRECTION('',(0.,1.,1.65047674443728E-30));
#1586=DIRECTION('',(-2.35334151480487E-59,-1.65047674443728E-30,1.));
#1587=DIRECTION('',(0.,-1.65047674443728E-30,1.));
#1588=DIRECTION('',(-1.,0.,0.));
#1589=DIRECTION('',(0.,1.65047674443728E-30,-1.));
#1590=DIRECTION('',(0.,-1.65047674443728E-30,1.));
#1591=DIRECTION('',(-1.,0.,0.));
#1592=DIRECTION('',(-2.35334151480487E-59,-1.65047674443728E-30,1.));
#1593=DIRECTION('',(0.,-1.,0.));
#1594=DIRECTION('',(1.,0.,0.));
#1595=DIRECTION('',(0.,-1.,0.));
#1596=DIRECTION('',(1.,0.,0.));
#1597=DIRECTION('',(0.,-1.,0.));
#1598=DIRECTION('',(1.,0.,0.));
#1599=DIRECTION('',(0.,-1.,0.));
#1600=DIRECTION('',(0.,-1.,0.));
#1601=DIRECTION('',(1.,0.,0.));
#1602=DIRECTION('',(0.,-1.,0.));
#1603=DIRECTION('',(0.,-1.,-1.64346021921044E-30));
#1604=DIRECTION('',(0.,1.64346021921044E-30,-1.));
#1605=DIRECTION('',(0.,-1.,-1.64346021921044E-30));
#1606=DIRECTION('',(0.,1.64346021921044E-30,-1.));
#1607=DIRECTION('',(0.,-1.,-1.64346021921044E-30));
#1608=DIRECTION('',(0.,-1.,-1.64346021921044E-30));
#1609=DIRECTION('',(0.,1.64346021921044E-30,-1.));
#1610=DIRECTION('',(0.,-1.,-1.64346021921044E-30));
#1611=DIRECTION('',(0.,1.64346021921044E-30,-1.));
#1612=DIRECTION('',(0.,-1.,-1.64346021921044E-30));
#1613=DIRECTION('',(0.,-1.,-1.64346021921044E-30));
#1614=DIRECTION('',(0.,1.64346021921044E-30,-1.));
#1615=DIRECTION('',(0.,-1.,-1.64346021921044E-30));
#1616=DIRECTION('',(0.,-1.,0.));
#1617=DIRECTION('',(1.,0.,0.));
#1618=DIRECTION('',(0.,-1.,0.));
#1619=DIRECTION('',(1.,0.,0.));
#1620=DIRECTION('',(0.,-1.,0.));
#1621=DIRECTION('',(0.,-1.,0.));
#1622=DIRECTION('',(1.,0.,0.));
#1623=DIRECTION('',(2.08752265514595E-59,0.,1.));
#1624=DIRECTION('',(-1.,0.,2.08752265514595E-59));
#1625=DIRECTION('',(-1.,0.,2.08752265514595E-59));
#1626=DIRECTION('',(1.,7.59791793158681E-31,-2.144096288101E-60));
#1627=DIRECTION('',(0.,-1.,0.));
#1628=DIRECTION('',(1.,-1.4258556036833E-29,0.));
#1629=DIRECTION('',(0.,-1.,0.));
#1630=DIRECTION('',(1.,0.,0.));
#1631=DIRECTION('',(0.,-1.,0.));
#1632=DIRECTION('',(1.,0.,0.));
#1633=DIRECTION('',(0.,-1.,0.));
#1634=DIRECTION('',(1.,0.,0.));
#1635=DIRECTION('',(0.,-1.,0.));
#1636=DIRECTION('',(-1.,0.,0.));
#1637=DIRECTION('',(0.,-1.,0.));
#1638=DIRECTION('',(0.,1.,0.));
#1639=DIRECTION('',(0.,0.,1.));
#1640=DIRECTION('',(0.,1.,0.));
#1641=DIRECTION('',(0.,0.,-1.));
#1642=DIRECTION('',(0.,1.,0.));
#1643=DIRECTION('',(-1.22464679914735E-16,0.,-1.));
#1644=DIRECTION('',(-1.,0.,1.22464679914735E-16));
#1645=DIRECTION('',(0.,0.,1.));
#1646=DIRECTION('',(-1.22464679914735E-16,0.,-1.));
#1647=DIRECTION('',(-1.,0.,1.22464679914735E-16));
#1648=DIRECTION('',(0.,1.,2.25975780141436E-31));
#1649=DIRECTION('',(0.,-2.25975780141436E-31,1.));
#1650=DIRECTION('',(0.,1.,2.25975780141436E-31));
#1651=DIRECTION('',(0.,-2.25975780141436E-31,1.));
#1652=DIRECTION('',(0.,1.,2.25975780141436E-31));
#1653=DIRECTION('',(0.,1.,2.25975780141436E-31));
#1654=DIRECTION('',(0.,-2.25975780141436E-31,1.));
#1655=DIRECTION('',(0.,1.,2.25975780141436E-31));
#1656=DIRECTION('',(0.,-2.25975780141436E-31,1.));
#1657=DIRECTION('',(0.,1.,2.25975780141436E-31));
#1658=DIRECTION('',(0.,1.,0.));
#1659=DIRECTION('',(-1.,0.,0.));
#1660=DIRECTION('',(0.,1.,0.));
#1661=DIRECTION('',(-1.,0.,0.));
#1662=DIRECTION('',(0.,1.,0.));
#1663=DIRECTION('',(-1.,0.,0.));
#1664=DIRECTION('',(0.,1.,0.));
#1665=DIRECTION('',(0.,1.,0.));
#1666=DIRECTION('',(-1.,0.,0.));
#1667=DIRECTION('',(0.,1.,0.));
#1668=DIRECTION('',(0.,-1.,-1.64346021921044E-30));
#1669=DIRECTION('',(0.,1.64346021921044E-30,-1.));
#1670=DIRECTION('',(-1.4258556036833E-29,-1.,-1.65047674443728E-30));
#1671=DIRECTION('',(1.,-1.4258556036833E-29,0.));
#1672=DIRECTION('',(0.,-1.,-1.64346021921044E-30));
#1673=DIRECTION('',(0.,1.64346021921044E-30,-1.));
#1674=DIRECTION('',(0.,-1.,-1.64346021921044E-30));
#1675=DIRECTION('',(0.,-1.,-1.64346021921044E-30));
#1676=DIRECTION('',(0.,1.64346021921044E-30,-1.));
#1677=DIRECTION('',(0.,-1.,-1.64346021921044E-30));
#1678=DIRECTION('',(0.,-1.,0.));
#1679=DIRECTION('',(1.,0.,0.));
#1680=DIRECTION('',(0.,-1.,0.));
#1681=DIRECTION('',(1.,0.,0.));
#1682=DIRECTION('',(0.,-1.,0.));
#1683=DIRECTION('',(0.,-1.,0.));
#1684=DIRECTION('',(1.,0.,0.));
#1685=DIRECTION('',(0.,-1.,0.));
#1686=DIRECTION('',(-2.08752265514595E-59,0.,-1.));
#1687=DIRECTION('',(1.,0.,-2.08752265514595E-59));
#1688=DIRECTION('',(1.,0.,-2.08752265514595E-59));
#1689=DIRECTION('',(1.,0.,-2.08752265514595E-59));
#1690=DIRECTION('',(1.,-1.4258556036833E-29,0.));
#1691=DIRECTION('',(0.,-1.,-1.64346021921044E-30));
#1692=DIRECTION('',(0.,1.64346021921044E-30,-1.));
#1693=DIRECTION('',(0.,-1.,-1.64346021921044E-30));
#1694=DIRECTION('',(0.,1.64346021921044E-30,-1.));
#1695=DIRECTION('',(0.,-1.,-1.64346021921044E-30));
#1696=DIRECTION('',(0.,-1.,-1.64346021921044E-30));
#1697=DIRECTION('',(0.,1.64346021921044E-30,-1.));
#1698=DIRECTION('',(0.,-1.,-1.64346021921044E-30));
#1699=DIRECTION('',(0.,1.64346021921044E-30,-1.));
#1700=DIRECTION('',(0.,1.,1.64346021921044E-30));
#1701=DIRECTION('',(-1.51958358631736E-30,-1.,2.27053642850917E-31));
#1702=DIRECTION('',(1.,-1.51958358631736E-30,0.));
#1703=DIRECTION('',(0.,1.,2.25975780141436E-31));
#1704=DIRECTION('',(0.,-2.25975780141436E-31,1.));
#1705=DIRECTION('',(0.,-1.,0.));
#1706=DIRECTION('',(1.,0.,0.));
#1707=DIRECTION('',(0.,-1.,0.));
#1708=DIRECTION('',(1.,0.,0.));
#1709=DIRECTION('',(0.,-1.,0.));
#1710=DIRECTION('',(1.,0.,0.));
#1711=DIRECTION('',(0.,1.,2.25975780141436E-31));
#1712=DIRECTION('',(0.,-2.25975780141436E-31,1.));
#1713=DIRECTION('',(0.,1.,2.25975780141436E-31));
#1714=DIRECTION('',(0.,-2.25975780141436E-31,1.));
#1715=DIRECTION('',(7.59791793158681E-31,-1.,2.82195241828996E-30));
#1716=DIRECTION('',(0.,-2.82195241828996E-30,-1.));
#1717=DIRECTION('',(0.,-1.,-2.25975780141436E-31));
#1718=DIRECTION('',(0.,2.25975780141436E-31,-1.));
#1719=DIRECTION('',(0.,-1.,-2.25975780141436E-31));
#1720=DIRECTION('',(0.,2.25975780141436E-31,-1.));
#1721=DIRECTION('',(0.,-1.,-2.25975780141436E-31));
#1722=DIRECTION('',(0.,2.25975780141436E-31,-1.));
#1723=DIRECTION('',(-1.51958358631736E-30,-1.,2.27053642850917E-31));
#1724=DIRECTION('',(1.,-1.51958358631736E-30,0.));
#1725=DIRECTION('',(0.,1.,0.));
#1726=DIRECTION('',(-1.,0.,0.));
#1727=DIRECTION('',(0.,1.,0.));
#1728=DIRECTION('',(-1.,0.,0.));
#1729=DIRECTION('',(0.,1.,0.));
#1730=DIRECTION('',(-1.,0.,0.));
#1731=DIRECTION('',(7.59791793158681E-31,-1.,2.82195241828996E-30));
#1732=DIRECTION('',(0.,-2.82195241828996E-30,-1.));
#1733=DIRECTION('',(0.,1.,0.));
#1734=DIRECTION('',(-1.,0.,0.));
#1735=DIRECTION('',(1.4258556036833E-29,1.,1.65047674443728E-30));
#1736=DIRECTION('',(-1.,0.,0.));
#1737=DIRECTION('',(0.,-1.,0.));
#1738=DIRECTION('',(0.,1.,0.));
#1739=DIRECTION('',(-1.,0.,0.));
#1740=DIRECTION('',(0.,-1.,0.));
#1741=DIRECTION('',(1.,0.,0.));
#1742=DIRECTION('',(0.,-1.,-1.64346021921044E-30));
#1743=DIRECTION('',(0.,1.64346021921044E-30,-1.));
#1744=DIRECTION('',(0.,-1.,-1.64346021921044E-30));
#1745=DIRECTION('',(0.,1.64346021921044E-30,-1.));
#1746=DIRECTION('',(0.,-1.,-1.64346021921044E-30));
#1747=DIRECTION('',(0.,1.64346021921044E-30,-1.));
#1748=DIRECTION('',(0.,-1.,0.));
#1749=DIRECTION('',(-1.4258556036833E-29,-1.,-1.65047674443728E-30));
#1750=DIRECTION('',(1.,-1.4258556036833E-29,0.));
#1751=DIRECTION('',(1.,0.,0.));
#1752=DIRECTION('',(1.4258556036833E-29,1.,1.65047674443728E-30));
#1753=DIRECTION('',(-1.,0.,0.));
#1754=DIRECTION('',(1.,5.88702168075381E-30,9.01074747054156E-32));
#1755=DIRECTION('',(-5.88702168075381E-30,1.,0.));
#1756=DIRECTION('',(1.,0.,0.));
#1757=DIRECTION('',(0.,1.,0.));
#1758=DIRECTION('',(1.,0.,0.));
#1759=DIRECTION('',(0.,1.,0.));
#1760=DIRECTION('',(-7.36756468317719E-62,3.00358249018052E-32,1.));
#1761=DIRECTION('',(0.,1.,0.));
#1762=DIRECTION('',(-9.01074747054156E-32,-5.30464657188757E-61,1.));
#1763=DIRECTION('',(0.,-1.,0.));
#1764=DIRECTION('',(0.,-1.,0.));
#1765=DIRECTION('',(1.,0.,0.));
#1766=DIRECTION('',(1.,0.,0.));
#1767=DIRECTION('',(1.,0.,0.));
#1768=DIRECTION('',(0.,-1.,0.));
#1769=DIRECTION('',(1.,0.,0.));
#1770=DIRECTION('',(0.,-1.,0.));
#1771=DIRECTION('',(1.,0.,0.));
#1772=DIRECTION('',(0.,1.,0.));
#1773=DIRECTION('',(-1.,0.,0.));
#1774=DIRECTION('',(0.,1.,0.));
#1775=DIRECTION('',(-1.,0.,0.));
#1776=DIRECTION('',(0.,1.,0.));
#1777=DIRECTION('',(1.4258556036833E-29,1.,1.65047674443728E-30));
#1778=DIRECTION('',(-1.,0.,0.));
#1779=DIRECTION('',(-1.4258556036833E-29,-1.,-1.65047674443728E-30));
#1780=DIRECTION('',(1.,-1.4258556036833E-29,0.));
#1781=DIRECTION('',(1.,0.,0.));
#1782=DIRECTION('',(0.,1.,1.64346021921044E-30));
#1783=DIRECTION('',(0.,-1.64346021921044E-30,1.));
#1784=DIRECTION('',(0.,1.,1.64346021921044E-30));
#1785=DIRECTION('',(0.,-1.64346021921044E-30,1.));
#1786=DIRECTION('',(0.,1.,1.64346021921044E-30));
#1787=DIRECTION('',(0.,-1.64346021921044E-30,1.));
#1788=DIRECTION('',(0.,1.,0.));
#1789=DIRECTION('',(-1.38813067417376E-29,-1.,-1.58896969258321E-30));
#1790=DIRECTION('',(1.,-1.38813067417376E-29,0.));
#1791=DIRECTION('',(0.,1.,0.));
#1792=DIRECTION('',(-1.,0.,0.));
#1793=DIRECTION('',(1.,0.,0.));
#1794=DIRECTION('',(1.,0.,0.));
#1795=DIRECTION('',(0.,-1.,0.));
#1796=DIRECTION('',(1.,0.,0.));
#1797=DIRECTION('',(0.,1.,0.));
#1798=DIRECTION('',(-1.,0.,0.));
#1799=DIRECTION('',(0.,-1.,0.));
#1800=DIRECTION('',(1.,0.,0.));
#1801=DIRECTION('',(-0.113636363636357,0.,-0.99352240883611));
#1802=DIRECTION('',(-0.99352240883611,0.,0.113636363636357));
#1803=DIRECTION('',(0.,-1.,0.));
#1804=DIRECTION('',(1.,0.,0.));
#1805=DIRECTION('',(1.,0.,0.));
#1806=DIRECTION('',(0.,1.,0.));
#1807=DIRECTION('',(0.707106781186548,0.707106781186548,0.));
#1808=DIRECTION('',(0.707106781186548,-0.707106781186548,0.));
#1809=DIRECTION('',(1.,0.,0.));
#1810=DIRECTION('',(1.,0.,0.));
#1811=DIRECTION('',(0.,-1.,0.));
#1812=DIRECTION('',(1.,0.,0.));
#1813=DIRECTION('',(0.,-1.,0.));
#1814=DIRECTION('',(1.,0.,0.));
#1815=DIRECTION('',(0.,-1.,0.));
#1816=DIRECTION('',(0.,1.,0.));
#1817=DIRECTION('',(0.,1.,0.));
#1818=DIRECTION('',(-1.,0.,0.));
#1819=DIRECTION('',(0.,1.,0.));
#1820=DIRECTION('',(-1.,0.,0.));
#1821=DIRECTION('',(0.,1.,0.));
#1822=DIRECTION('',(0.,1.,0.));
#1823=DIRECTION('',(-1.,0.,0.));
#1824=DIRECTION('',(0.707106781186548,0.707106781186548,0.));
#1825=DIRECTION('',(-0.707106781186548,0.707106781186548,0.));
#1826=DIRECTION('',(0.,-1.,0.));
#1827=DIRECTION('',(0.,1.,0.));
#1828=DIRECTION('',(-1.,0.,0.));
#1829=DIRECTION('',(-1.,0.,0.));
#1830=DIRECTION('',(0.,-1.,0.));
#1831=DIRECTION('',(-1.,0.,0.));
#1832=DIRECTION('',(1.,0.,0.));
#1833=DIRECTION('',(0.,-1.,0.));
#1834=DIRECTION('',(1.,0.,0.));
#1835=DIRECTION('',(0.386363636363654,0.,-0.92234654035013));
#1836=DIRECTION('',(-0.92234654035013,0.,-0.386363636363654));
#1837=DIRECTION('',(0.,1.,0.));
#1838=DIRECTION('',(-1.,0.,0.));
#1839=DIRECTION('',(0.,-1.,0.));
#1840=DIRECTION('',(1.,0.,0.));
#1841=DIRECTION('',(0.,1.,0.));
#1842=DIRECTION('',(0.,-1.,0.));
#1843=DIRECTION('',(1.,0.,0.));
#1844=DIRECTION('',(0.,-1.,0.));
#1845=DIRECTION('',(0.,-1.,0.));
#1846=DIRECTION('',(1.,0.,0.));
#1847=DIRECTION('',(0.,1.,0.));
#1848=DIRECTION('',(0.,-1.,0.));
#1849=DIRECTION('',(1.,0.,0.));
#1850=DIRECTION('',(0.,-1.,0.));
#1851=DIRECTION('',(1.,0.,0.));
#1852=DIRECTION('',(0.,1.,0.));
#1853=DIRECTION('',(-1.,0.,0.));
#1854=DIRECTION('',(0.,1.,0.));
#1855=DIRECTION('',(-1.,0.,0.));
#1856=DIRECTION('',(0.,-1.,0.));
#1857=DIRECTION('',(0.,0.,1.));
#1858=DIRECTION('',(0.,-1.,0.));
#1859=DIRECTION('',(1.,0.,0.));
#1860=DIRECTION('',(0.,1.,0.));
#1861=DIRECTION('',(1.,0.,0.));
#1862=DIRECTION('',(2.45292570031409E-30,-1.,3.00358249018052E-32));
#1863=DIRECTION('',(1.,2.45292570031409E-30,0.));
#1864=DIRECTION('',(0.,0.,1.));
#1865=DIRECTION('',(1.,2.45292570031409E-30,0.));
#1866=DIRECTION('',(1.,0.,0.));
#1867=DIRECTION('',(0.,1.,0.));
#1868=DIRECTION('',(1.,0.,0.));
#1869=DIRECTION('',(0.,1.,0.));
#1870=DIRECTION('',(1.,0.,0.));
#1871=DIRECTION('',(0.,1.,0.));
#1872=DIRECTION('',(1.,0.,0.));
#1873=DIRECTION('',(0.,1.,0.));
#1874=DIRECTION('',(0.,0.,-1.));
#1875=DIRECTION('',(0.,1.,0.));
#1876=DIRECTION('',(0.,1.,0.));
#1877=DIRECTION('',(1.,0.,0.));
#1878=DIRECTION('',(0.,1.,0.));
#1879=DIRECTION('',(-1.,0.,0.));
#1880=DIRECTION('',(-1.,0.,0.));
#1881=DIRECTION('',(0.,-1.,0.));
#1882=DIRECTION('',(0.113636363636364,0.,0.993522408836109));
#1883=DIRECTION('',(0.993522408836109,0.,-0.113636363636364));
#1884=DIRECTION('',(0.,-1.,0.));
#1885=DIRECTION('',(1.,0.,0.));
#1886=DIRECTION('',(-0.386363636363637,0.,0.922346540350137));
#1887=DIRECTION('',(0.922346540350137,0.,0.386363636363637));
#1888=DIRECTION('',(0.,1.,0.));
#1889=DIRECTION('',(-1.,0.,0.));
#1890=DIRECTION('',(-1.,0.,0.));
#1891=DIRECTION('',(0.,-1.,0.));
#1892=DIRECTION('',(-1.,0.,0.));
#1893=DIRECTION('',(0.,-1.,0.));
#1894=DIRECTION('',(1.,0.,0.));
#1895=DIRECTION('',(-1.,0.,0.));
#1896=DIRECTION('',(0.,-1.,0.));
#1897=DIRECTION('',(1.,0.,0.));
#1898=DIRECTION('',(0.,1.,0.));
#1899=DIRECTION('',(0.,0.,1.));
#1900=DIRECTION('',(-1.,0.,0.));
#1901=DIRECTION('',(0.,-1.,0.));
#1902=DIRECTION('',(-1.,0.,0.));
#1903=DIRECTION('',(0.,-1.,0.));
#1904=DIRECTION('',(1.,0.,0.));
#1905=DIRECTION('',(0.,0.,-1.));
#1906=DIRECTION('',(0.,1.,0.));
#1907=DIRECTION('',(0.,1.,0.));
#1908=DIRECTION('',(1.,1.18527519732754E-29,0.));
#1909=DIRECTION('',(1.,1.18527519732754E-29,0.));
#1910=DIRECTION('',(0.,1.,0.));
#1911=DIRECTION('',(1.,0.,0.));
#1912=DIRECTION('',(0.,1.,0.));
#1913=DIRECTION('',(-1.,0.,0.));
#1914=DIRECTION('',(0.,1.,0.));
#1915=DIRECTION('',(-1.,0.,0.));
#1916=DIRECTION('',(0.,1.,0.));
#1917=DIRECTION('',(-1.,0.,0.));
#1918=DIRECTION('',(0.,-1.,0.));
#1919=DIRECTION('',(1.,0.,0.));
#1920=DIRECTION('',(1.,0.,0.));
#1921=DIRECTION('',(0.,1.,0.));
#1922=DIRECTION('',(-1.,0.,0.));
#1923=DIRECTION('',(0.,0.,1.));
#1924=DIRECTION('',(0.,-1.,0.));
#1925=DIRECTION('',(0.,1.,0.));
#1926=DIRECTION('',(0.,1.,0.));
#1927=DIRECTION('',(0.,1.,0.));
#1928=DIRECTION('',(-1.,0.,0.));
#1929=DIRECTION('',(0.,1.,0.));
#1930=DIRECTION('',(-1.,0.,0.));
#1931=DIRECTION('',(0.,1.,0.));
#1932=DIRECTION('',(-1.,0.,0.));
#1933=DIRECTION('',(0.,-1.,0.));
#1934=DIRECTION('',(0.,1.,0.));
#1935=DIRECTION('',(-1.,0.,0.));
#1936=DIRECTION('',(0.,1.,0.));
#1937=DIRECTION('',(0.,1.,0.));
#1938=DIRECTION('',(-1.,0.,0.));
#1939=DIRECTION('',(0.,0.,-1.));
#1940=DIRECTION('',(0.,1.,0.));
#1941=DIRECTION('',(1.,0.,0.));
#1942=DIRECTION('',(0.,1.,0.));
#1943=DIRECTION('',(1.,0.,0.));
#1944=DIRECTION('',(0.,1.,0.));
#1945=DIRECTION('',(-1.,0.,0.));
#1946=DIRECTION('',(0.,1.,0.));
#1947=DIRECTION('',(-1.,0.,0.));
#1948=DIRECTION('',(0.,1.,0.));
#1949=DIRECTION('',(0.,1.,0.));
#1950=DIRECTION('',(-1.,0.,0.));
#1951=DIRECTION('',(0.,0.,1.));
#1952=DIRECTION('',(0.,-1.,0.));
#1953=DIRECTION('',(1.,0.,0.));
#1954=DIRECTION('',(1.,0.,0.));
#1955=DIRECTION('',(0.,-1.,0.));
#1956=DIRECTION('',(1.,0.,0.));
#1957=DIRECTION('',(0.,-1.,0.));
#1958=DIRECTION('',(1.,0.,0.));
#1959=DIRECTION('',(0.,-1.,0.));
#1960=DIRECTION('',(1.,0.,0.));
#1961=DIRECTION('',(0.,-1.,0.));
#1962=DIRECTION('',(1.,0.,0.));
#1963=DIRECTION('',(0.,-1.,0.));
#1964=DIRECTION('',(1.,0.,0.));
#1965=DIRECTION('',(0.,-1.,0.));
#1966=DIRECTION('',(1.,0.,0.));
#1967=DIRECTION('',(0.,1.,0.));
#1968=DIRECTION('',(-1.,0.,0.));
#1969=DIRECTION('',(0.964558441418039,0.,0.263869310624033));
#1970=DIRECTION('',(0.,1.,0.));
#1971=DIRECTION('',(-1.,0.,0.));
#1972=DIRECTION('',(-0.964558441418038,0.,-0.263869310624038));
#1973=DIRECTION('',(0.,1.,0.));
#1974=DIRECTION('',(-1.,0.,0.));
#1975=DIRECTION('',(0.,-1.,0.));
#1976=DIRECTION('',(0.,1.,0.));
#1977=DIRECTION('',(-1.,0.,0.));
#1978=DIRECTION('',(0.,-1.,0.));
#1979=DIRECTION('',(0.263869310624034,0.,-0.964558441418039));
#1980=DIRECTION('',(0.964558441418039,0.,0.263869310624034));
#1981=DIRECTION('',(0.964558441418039,0.,0.263869310624034));
#1982=DIRECTION('',(0.,-1.,0.));
#1983=DIRECTION('',(0.,1.,0.));
#1984=DIRECTION('',(-1.,0.,0.));
#1985=DIRECTION('',(0.,1.,0.));
#1986=DIRECTION('',(-1.,0.,0.));
#1987=DIRECTION('',(0.,1.,0.));
#1988=DIRECTION('',(-0.263869310624035,0.,0.964558441418039));
#1989=DIRECTION('',(-0.964558441418039,0.,-0.263869310624035));
#1990=DIRECTION('',(-0.964558441418039,0.,-0.263869310624035));
#1991=DIRECTION('',(0.,-1.,0.));
#1992=DIRECTION('',(1.,0.,0.));
#1993=DIRECTION('',(0.,-1.,0.));
#1994=DIRECTION('',(1.,0.,0.));
#1995=DIRECTION('',(0.,-1.,0.));
#1996=DIRECTION('',(1.,0.,0.));
#1997=DIRECTION('',(1.18527519732754E-29,-1.,-8.10905867324706E-32));
#1998=DIRECTION('',(1.,1.18527519732754E-29,0.));
#1999=CARTESIAN_POINT('',(0.,0.,0.));
#2000=CARTESIAN_POINT('',(0.0224176848731461,-0.005,0.00619067390720067));
#2001=CARTESIAN_POINT('',(0.0224176848731461,-0.005,0.00773269118724154));
#2002=CARTESIAN_POINT('',(0.0224176848731461,-0.005,0.00773269118724154));
#2003=CARTESIAN_POINT('',(0.0237778319240197,-0.005,0.00773269118724155));
#2004=CARTESIAN_POINT('',(0.0224176848731461,-0.005,0.00613269118724154));
#2005=CARTESIAN_POINT('',(0.0224176848731461,-0.005,0.00773269118724154));
#2006=CARTESIAN_POINT('',(0.0210575378222725,-0.005,0.00773269118724152));
#2007=CARTESIAN_POINT('',(0.0224176848731461,-0.005,0.00613269118724154));
#2008=CARTESIAN_POINT('',(0.025188012290165,0.011,0.00654067221772597));
#2009=CARTESIAN_POINT('',(0.025188012290165,0.0095,0.00308134443545194));
#2010=CARTESIAN_POINT('',(0.025188012290165,0.0095,0.000808769660143956));
#2011=CARTESIAN_POINT('',(0.025188012290165,0.0095,0.0085));
#2012=CARTESIAN_POINT('',(0.025188012290165,0.011,0.0085));
#2013=CARTESIAN_POINT('',(0.026688012290165,0.011,0.0085));
#2014=CARTESIAN_POINT('',(0.026688012290165,0.011,0.00654067221772597));
#2015=CARTESIAN_POINT('',(0.026688012290165,0.011,-0.0025));
#2016=CARTESIAN_POINT('',(0.025188012290165,0.011,-0.0025));
#2017=CARTESIAN_POINT('',(0.025188012290165,0.0095,-0.0025));
#2018=CARTESIAN_POINT('',(0.025188012290165,0.0095,0.00308134443545194));
#2019=CARTESIAN_POINT('',(0.025188012290165,0.0095,-0.000808769660143956));
#2020=CARTESIAN_POINT('',(0.025188012290165,0.0095,0.000808769660143927));
#2021=CARTESIAN_POINT('',(0.0254032023629934,0.00950000000000001,0.000293120982387442));
#2022=CARTESIAN_POINT('',(0.025403178079218,0.00950000000000001,-0.000293179172323853));
#2023=CARTESIAN_POINT('',(0.025188012290165,0.0095,-0.000808769660143927));
#2024=CARTESIAN_POINT('',(0.02325,0.0095,3.28262147248032E-33));
#2025=CARTESIAN_POINT('',(0.02325,0.0095,3.28262147248032E-33));
#2026=CARTESIAN_POINT('',(0.0216335080645161,0.0095,0.00134050506247293));
#2027=CARTESIAN_POINT('',(0.02325,0.0095,3.28262147248032E-33));
#2028=CARTESIAN_POINT('',(0.0246101470508735,0.0095,-0.0016));
#2029=CARTESIAN_POINT('',(0.0246101470508735,0.0095,-0.0016));
#2030=CARTESIAN_POINT('',(0.0246101470508735,0.0085,-0.0016));
#2031=CARTESIAN_POINT('',(0.02325,0.0085,3.28262147248032E-33));
#2032=CARTESIAN_POINT('',(0.0216335080645161,0.0085,0.00134050506247293));
#2033=CARTESIAN_POINT('',(0.0216335080645161,0.0095,0.00134050506247294));
#2034=CARTESIAN_POINT('',(4.66742480245534E-33,0.0095,5.66696115185797E-34));
#2035=CARTESIAN_POINT('',(4.66742480245534E-33,0.0085,-1.07676410402464E-33));
#2036=CARTESIAN_POINT('',(0.0211101412006008,0.0085,0.00491605161595133));
#2037=CARTESIAN_POINT('',(0.0212224577128832,0.0085,0.0044060088089884));
#2038=CARTESIAN_POINT('',(0.0212224577128832,0.0095,0.00440600880898838));
#2039=CARTESIAN_POINT('',(0.0212224577128832,0.0095,0.00440600880898839));
#2040=CARTESIAN_POINT('',(4.66742480245534E-33,0.0095,5.66696115185797E-34));
#2041=CARTESIAN_POINT('',(4.66742480245534E-33,0.0085,-1.07676410402464E-33));
#2042=CARTESIAN_POINT('',(0.0216597076497167,0.0085,0.000814057448098622));
#2043=CARTESIAN_POINT('',(0.0216597076497167,0.0095,0.000814057448098621));
#2044=CARTESIAN_POINT('',(0.0216597076497167,0.0035,0.000814057448098622));
#2045=CARTESIAN_POINT('',(4.66742480245534E-33,0.0035,-9.29406520007684E-33));
#2046=CARTESIAN_POINT('',(0.0211101412006008,0.0035,0.00491605161595134));
#2047=CARTESIAN_POINT('',(0.0211101412006008,0.0095,0.00491605161595133));
#2048=CARTESIAN_POINT('',(0.0224176848731461,0.0095,0.00613269118724154));
#2049=CARTESIAN_POINT('',(0.0224176848731461,0.0085,0.00613269118724154));
#2050=CARTESIAN_POINT('',(0.0237778319240197,0.0085,0.00773269118724155));
#2051=CARTESIAN_POINT('',(0.0237778319240196,0.0095,0.00773269118724156));
#2052=CARTESIAN_POINT('',(0.0237778319240197,0.0095,0.00773269118724155));
#2053=CARTESIAN_POINT('',(0.0224176848731461,0.0095,0.00613269118724154));
#2054=CARTESIAN_POINT('',(0.0210575378222725,0.0095,0.00773269118724154));
#2055=CARTESIAN_POINT('',(0.0210575378222725,0.0085,0.00773269118724154));
#2056=CARTESIAN_POINT('',(0.0224176848731461,0.0085,0.00773269118724154));
#2057=CARTESIAN_POINT('',(0.0224176848731461,0.0085,0.00773269118724154));
#2058=CARTESIAN_POINT('',(0.0210575378222725,0.0085,0.00773269118724154));
#2059=CARTESIAN_POINT('',(0.0210575378222725,0.0095,0.00773269118724154));
#2060=CARTESIAN_POINT('',(0.0210575378222725,0.0095,0.00773269118724154));
#2061=CARTESIAN_POINT('',(0.0268839880354837,0.0095,0.00773269118724154));
#2062=CARTESIAN_POINT('',(0.0224176848731461,0.0095,0.00613269118724154));
#2063=CARTESIAN_POINT('',(0.0224176848731461,0.0095,0.00613269118724154));
#2064=CARTESIAN_POINT('',(0.0205099565882398,0.0095,0.0070105139432512));
#2065=CARTESIAN_POINT('',(0.0224176848731461,0.0085,0.00613269118724154));
#2066=CARTESIAN_POINT('',(0.0205099565882398,0.0085,0.00701051394325121));
#2067=CARTESIAN_POINT('',(0.0205099565882398,0.0095,0.00701051394325122));
#2068=CARTESIAN_POINT('',(0.026688012290165,-0.006,0.01));
#2069=CARTESIAN_POINT('',(0.026688012290165,-0.003,0.0085));
#2070=CARTESIAN_POINT('',(0.026688012290165,0.01325,0.0085));
#2071=CARTESIAN_POINT('',(0.026688012290165,0.01325,0.01));
#2072=CARTESIAN_POINT('',(0.026688012290165,0.01325,-0.0025));
#2073=CARTESIAN_POINT('',(0.026688012290165,-0.003,-0.0025));
#2074=CARTESIAN_POINT('',(0.025188012290165,0.01325,0.01));
#2075=CARTESIAN_POINT('',(0.025188012290165,0.01325,0.0085));
#2076=CARTESIAN_POINT('',(0.025188012290165,0.01475,0.0085));
#2077=CARTESIAN_POINT('',(0.025188012290165,0.01475,0.01));
#2078=CARTESIAN_POINT('',(0.025188012290165,0.01475,-0.0025));
#2079=CARTESIAN_POINT('',(0.025188012290165,0.01325,-0.0025));
#2080=CARTESIAN_POINT('',(0.02325,0.0035,1.9267667916317E-33));
#2081=CARTESIAN_POINT('',(0.02325,0.0035,1.9267667916317E-33));
#2082=CARTESIAN_POINT('',(0.0218473055028463,0.0035,0.000769706533462408));
#2083=CARTESIAN_POINT('',(0.0218473055028463,0.0035,-0.000769706533462408));
#2084=CARTESIAN_POINT('',(0.0218473055028463,0.0035,0.00076970653346241));
#2085=CARTESIAN_POINT('',(0.0218473055028463,0.0085,0.000769706533462408));
#2086=CARTESIAN_POINT('',(0.02325,0.0085,3.05664569233888E-33));
#2087=CARTESIAN_POINT('',(0.02325,0.0085,-0.0016));
#2088=CARTESIAN_POINT('',(0.02325,0.0085,3.05664569233888E-33));
#2089=CARTESIAN_POINT('',(0.0218473055028463,0.0085,-0.000769706533462408));
#2090=CARTESIAN_POINT('',(0.0218473055028463,0.0035,-0.000769706533462409));
#2091=CARTESIAN_POINT('',(0.0224176848731461,0.0035,0.00613269118724154));
#2092=CARTESIAN_POINT('',(0.0224176848731461,0.0085,0.00613269118724154));
#2093=CARTESIAN_POINT('',(0.0208653102716546,0.0085,0.00652016131079188));
#2094=CARTESIAN_POINT('',(0.0224176848731461,0.0085,0.00613269118724154));
#2095=CARTESIAN_POINT('',(0.0212787204394185,0.0085,0.00500896523368183));
#2096=CARTESIAN_POINT('',(0.0212787204394185,0.0035,0.00500896523368185));
#2097=CARTESIAN_POINT('',(0.0212787204394185,0.0035,0.00500896523368183));
#2098=CARTESIAN_POINT('',(0.0224176848731461,0.0035,0.00613269118724154));
#2099=CARTESIAN_POINT('',(0.0208653102716546,0.0035,0.00652016131079188));
#2100=CARTESIAN_POINT('',(0.0208653102716546,0.0035,0.00652016131079188));
#2101=CARTESIAN_POINT('',(4.66742480245534E-33,0.0095,5.66696115185797E-34));
#2102=CARTESIAN_POINT('',(4.66742480245534E-33,0.0095,5.66696115185797E-34));
#2103=CARTESIAN_POINT('',(0.0204000487378489,0.0095,0.00732418162618796));
#2104=CARTESIAN_POINT('',(4.66742480245534E-33,0.0085,-1.07676410402464E-33));
#2105=CARTESIAN_POINT('',(0.0206729101111437,0.0085,0.00651432364383058));
#2106=CARTESIAN_POINT('',(0.0206729101111437,0.0095,0.00651432364383058));
#2107=CARTESIAN_POINT('',(0.0206729101111437,0.0035,0.00651432364383058));
#2108=CARTESIAN_POINT('',(4.66742480245534E-33,0.0035,-9.29406520007684E-33));
#2109=CARTESIAN_POINT('',(0.0204000487378489,0.0035,0.00732418162618796));
#2110=CARTESIAN_POINT('',(0.0204000487378489,0.0095,0.00732418162618798));
#2111=CARTESIAN_POINT('',(0.02325,0.0095,3.28262147248032E-33));
#2112=CARTESIAN_POINT('',(0.02325,0.0085,3.28262147248032E-33));
#2113=CARTESIAN_POINT('',(0.0218898529491264,0.0085,-0.0016));
#2114=CARTESIAN_POINT('',(0.0216335080645161,0.0085,-0.00134050506247294));
#2115=CARTESIAN_POINT('',(0.0218898529491265,0.0095,-0.0016));
#2116=CARTESIAN_POINT('',(0.0218898529491264,0.0095,-0.0016));
#2117=CARTESIAN_POINT('',(0.02325,0.0095,3.28262147248032E-33));
#2118=CARTESIAN_POINT('',(0.0216335080645161,0.0095,-0.00134050506247293));
#2119=CARTESIAN_POINT('',(0.0216335080645161,0.0095,-0.00134050506247294));
#2120=CARTESIAN_POINT('',(0.0246101470508735,0.0095,-0.0016));
#2121=CARTESIAN_POINT('',(0.0246101470508735,0.0085,-0.0016));
#2122=CARTESIAN_POINT('',(0.0246101470508735,0.0085,-0.0016));
#2123=CARTESIAN_POINT('',(0.0268839880354837,0.0095,-0.0016));
#2124=CARTESIAN_POINT('',(4.66742480245534E-33,0.0095,5.66696115185797E-34));
#2125=CARTESIAN_POINT('',(4.66742480245534E-33,0.0035,-9.29406520007684E-33));
#2126=CARTESIAN_POINT('',(0.0216597076497167,0.0035,-0.000814057448098623));
#2127=CARTESIAN_POINT('',(0.0215975206382391,0.0035,-0.00183104540654699));
#2128=CARTESIAN_POINT('',(0.0216597076497167,0.0095,-0.000814057448098623));
#2129=CARTESIAN_POINT('',(0.0216597076497167,0.0085,-0.000814057448098623));
#2130=CARTESIAN_POINT('',(4.66742480245534E-33,0.0085,-1.07676410402464E-33));
#2131=CARTESIAN_POINT('',(4.66742480245534E-33,0.0095,5.66696115185797E-34));
#2132=CARTESIAN_POINT('',(0.0215975206382391,0.0095,-0.00183104540654699));
#2133=CARTESIAN_POINT('',(0.0215975206382391,0.0095,-0.00183104540654699));
#2134=CARTESIAN_POINT('',(0.02325,0.0085,-5.7982719959135E-5));
#2135=CARTESIAN_POINT('',(0.0217596370967742,0.0085,0.000817813191803807));
#2136=CARTESIAN_POINT('',(0.0212075351623106,0.0035,0.00493873236158433));
#2137=CARTESIAN_POINT('',(0.0212075351623106,0.0085,0.00493873236158433));
#2138=CARTESIAN_POINT('',(0.0212075351623106,0.0035,0.00493873236158433));
#2139=CARTESIAN_POINT('',(0.0217596370967742,0.0035,0.000817813191803807));
#2140=CARTESIAN_POINT('',(0.0217596370967742,0.0035,0.000817813191803807));
#2141=CARTESIAN_POINT('',(0.0224176848731461,0.0085,0.00619067390720067));
#2142=CARTESIAN_POINT('',(0.0217596370967742,0.0035,-0.000817813191803807));
#2143=CARTESIAN_POINT('',(0.0217596370967742,0.0085,-0.000817813191803807));
#2144=CARTESIAN_POINT('',(0.0217596370967742,0.0035,-0.000817813191803807));
#2145=CARTESIAN_POINT('',(0.02325,0.0085,-5.7982719959135E-5));
#2146=CARTESIAN_POINT('',(0.0207682868590614,0.0035,0.00654437819351377));
#2147=CARTESIAN_POINT('',(0.0207682868590614,0.0035,0.00654437819351377));
#2148=CARTESIAN_POINT('',(0.0207682868590614,0.0085,0.00654437819351377));
#2149=CARTESIAN_POINT('',(0.0224176848731461,0.0085,0.00619067390720067));
#2150=CARTESIAN_POINT('',(0.0208574929943944,0.001,-0.0025));
#2151=CARTESIAN_POINT('',(0.0208574929943944,0.001,-0.00283659921288462));
#2152=CARTESIAN_POINT('',(0.0210399842037843,0.000726263185915148,-0.00362369235167383));
#2153=CARTESIAN_POINT('',(0.0215582936940525,-5.12010494871724E-5,-0.004));
#2154=CARTESIAN_POINT('',(0.0218574929943944,-0.0005,-0.004));
#2155=CARTESIAN_POINT('',(0.0207265933004948,0.001,-0.0025));
#2156=CARTESIAN_POINT('',(0.0207265933004948,0.001,-0.0028662632034));
#2157=CARTESIAN_POINT('',(0.0209679313917573,0.000668434903052141,-0.00368410449075211));
#2158=CARTESIAN_POINT('',(0.021533360419024,-7.6134324515663E-5,-0.004));
#2159=CARTESIAN_POINT('',(0.0218574929943944,-0.0005,-0.004));
#2160=CARTESIAN_POINT('',(0.0204658311188217,0.000891661875572664,-0.0025));
#2161=CARTESIAN_POINT('',(0.0204658311188217,0.000891661875572664,-0.00289993521578701));
#2162=CARTESIAN_POINT('',(0.0208229988591952,0.000534494135199159,-0.0037478820261385));
#2163=CARTESIAN_POINT('',(0.021483493868967,-0.000126000874572644,-0.004));
#2164=CARTESIAN_POINT('',(0.0218574929943944,-0.0005,-0.004));
#2165=CARTESIAN_POINT('',(0.0203574929943944,0.000630899693899575,-0.0025));
#2166=CARTESIAN_POINT('',(0.0203574929943944,0.000630899693899574,-0.0028662632034));
#2167=CARTESIAN_POINT('',(0.0206890580913422,0.00038956160263712,-0.00368410449075211));
#2168=CARTESIAN_POINT('',(0.0214336273189101,-0.000175867424629625,-0.004));
#2169=CARTESIAN_POINT('',(0.0218574929943944,-0.0005,-0.004));
#2170=CARTESIAN_POINT('',(0.0203574929943944,0.0005,-0.0025));
#2171=CARTESIAN_POINT('',(0.0203574929943944,0.0005,-0.00283659921288462));
#2172=CARTESIAN_POINT('',(0.0206312298084792,0.000317508790610098,-0.00362369235167383));
#2173=CARTESIAN_POINT('',(0.0214086940438816,-0.000200800699658116,-0.004));
#2174=CARTESIAN_POINT('',(0.0218574929943944,-0.0005,-0.004));
#2175=CARTESIAN_POINT('',(0.0203574929943944,0.0005,-0.0025));
#2176=CARTESIAN_POINT('',(0.0203574929943944,0.0005,-0.00268620483617679));
#2177=CARTESIAN_POINT('',(0.0204089488243085,0.000465815790610127,-0.00296478714728812));
#2178=CARTESIAN_POINT('',(0.02058768592309,0.000346338585503743,-0.00331971266882264));
#2179=CARTESIAN_POINT('',(0.0207956377953944,0.000208038485345938,-0.00357413967795359));
#2180=CARTESIAN_POINT('',(0.0209749061584155,8.812988108414E-5,-0.00371876465469388));
#2181=CARTESIAN_POINT('',(0.0211481651571251,-2.72496086434299E-5,-0.00382611346124843));
#2182=CARTESIAN_POINT('',(0.0213220017458822,-0.00014291575188841,-0.00390346093330317));
#2183=CARTESIAN_POINT('',(0.0213959334396558,-0.000192519126431696,-0.00392813751510076));
#2184=CARTESIAN_POINT('',(0.0215713324931407,-0.000309910577978161,-0.0039782755216831));
#2185=CARTESIAN_POINT('',(0.0217321317982784,-0.000416425869256009,-0.004));
#2186=CARTESIAN_POINT('',(0.0218574929943944,-0.0005,-0.004));
#2187=CARTESIAN_POINT('',(0.0203574929943944,0.0005,-0.0025));
#2188=CARTESIAN_POINT('',(0.0218574929943944,-0.0005,-0.004));
#2189=CARTESIAN_POINT('',(0.0208574929943944,0.001,-0.0025));
#2190=CARTESIAN_POINT('',(0.0205956936065952,0.001,-0.0025));
#2191=CARTESIAN_POINT('',(0.0203574929943944,0.000761799387799151,-0.0025));
#2192=CARTESIAN_POINT('',(0.0203574929943944,0.0005,-0.0025));
#2193=CARTESIAN_POINT('',(0.0208574929943944,0.001,-0.0025));
#2194=CARTESIAN_POINT('',(0.0218574929943944,-0.0005,-0.004));
#2195=CARTESIAN_POINT('',(0.021773928585267,-0.000374653386308915,-0.004));
#2196=CARTESIAN_POINT('',(0.0216674191379097,-0.000213862483342452,-0.00397827963466469));
#2197=CARTESIAN_POINT('',(0.021550026685,-3.84613218871316E-5,-0.00392814495453548));
#2198=CARTESIAN_POINT('',(0.0215004007953027,3.55033553910802E-5,-0.00390345588826193));
#2199=CARTESIAN_POINT('',(0.0213847598427842,0.000209300286379668,-0.00382612620197868));
#2200=CARTESIAN_POINT('',(0.0212693853394379,0.00038255532390594,-0.00371879000162536));
#2201=CARTESIAN_POINT('',(0.0211494415669601,0.000561873926740079,-0.00357411848394483));
#2202=CARTESIAN_POINT('',(0.0210111769174733,0.00076977372037951,-0.00331976278973813));
#2203=CARTESIAN_POINT('',(0.0208916636986347,0.00094856418064086,-0.00296475282875916));
#2204=CARTESIAN_POINT('',(0.0208574929943944,0.001,-0.00268622606607505));
#2205=CARTESIAN_POINT('',(0.0208574929943944,0.001,-0.00249999999999999));
#2206=CARTESIAN_POINT('',(0.020291623887703,-0.0005,0.01));
#2207=CARTESIAN_POINT('',(0.0200672244124466,-0.000163400787115379,0.01));
#2208=CARTESIAN_POINT('',(0.0196945331388717,0.000395636123246959,0.00980352712280746));
#2209=CARTESIAN_POINT('',(0.0193600093756782,0.000897421768037183,0.0091724867905859));
#2210=CARTESIAN_POINT('',(0.019291623887703,0.001,0.00872439947525641));
#2211=CARTESIAN_POINT('',(0.019291623887703,0.001,0.0085));
#2212=CARTESIAN_POINT('',(0.020291623887703,-0.0005,0.01));
#2213=CARTESIAN_POINT('',(0.0200485244561752,-0.000182100743386747,0.01));
#2214=CARTESIAN_POINT('',(0.0196448126058253,0.000346679822457616,0.00982966912936336));
#2215=CARTESIAN_POINT('',(0.0192521157683659,0.000875533747333203,0.00922646945347893));
#2216=CARTESIAN_POINT('',(0.0191607241938034,0.001,0.00874417546893333));
#2217=CARTESIAN_POINT('',(0.0191607241938034,0.001,0.0085));
#2218=CARTESIAN_POINT('',(0.020291623887703,-0.0005,0.01));
#2219=CARTESIAN_POINT('',(0.0200111245436325,-0.000219500655929483,0.01));
#2220=CARTESIAN_POINT('',(0.0195447902788584,0.000246833608844644,0.00985542414433266));
#2221=CARTESIAN_POINT('',(0.0190365812887713,0.000755042598931757,0.00928669582216026));
#2222=CARTESIAN_POINT('',(0.0188999822605339,0.00089164162716912,0.00876662347719134));
#2223=CARTESIAN_POINT('',(0.0188999822605339,0.00089164162716912,0.0085));
#2224=CARTESIAN_POINT('',(0.020291623887703,-0.0005,0.01));
#2225=CARTESIAN_POINT('',(0.0199737246310898,-0.000256900568472219,0.01));
#2226=CARTESIAN_POINT('',(0.0194449440652454,0.000146811281877764,0.00982966912936336));
#2227=CARTESIAN_POINT('',(0.0189160901403698,0.000539508119337105,0.00922646945347893));
#2228=CARTESIAN_POINT('',(0.018791623887703,0.000630899693899575,0.00874417546893333));
#2229=CARTESIAN_POINT('',(0.018791623887703,0.000630899693899575,0.0085));
#2230=CARTESIAN_POINT('',(0.020291623887703,-0.0005,0.01));
#2231=CARTESIAN_POINT('',(0.0199550246748184,-0.000275600524743587,0.01));
#2232=CARTESIAN_POINT('',(0.0193959877644561,9.70907488313056E-5,0.00980352712280746));
#2233=CARTESIAN_POINT('',(0.0188942021196658,0.000431614512024789,0.0091724867905859));
#2234=CARTESIAN_POINT('',(0.018791623887703,0.0005,0.00872439947525641));
#2235=CARTESIAN_POINT('',(0.018791623887703,0.0005,0.0085));
#2236=CARTESIAN_POINT('',(0.020291623887703,-0.0005,0.01));
#2237=CARTESIAN_POINT('',(0.0201662772738693,-0.000416435590777559,0.01));
#2238=CARTESIAN_POINT('',(0.0200054863708129,-0.000309926143357763,0.00997827963462085));
#2239=CARTESIAN_POINT('',(0.019830085209399,-0.000192533690472153,0.00992814495446879));
#2240=CARTESIAN_POINT('',(0.0197561205323809,-0.000142907800952234,0.00990345588828828));
#2241=CARTESIAN_POINT('',(0.0195823236012386,-2.72668483476799E-5,0.00982612620193999));
#2242=CARTESIAN_POINT('',(0.0194090685637199,8.81076549956897E-5,0.00971879000156297));
#2243=CARTESIAN_POINT('',(0.0192297499609884,0.000208051427419166,0.00957411848396512));
#2244=CARTESIAN_POINT('',(0.0190218501673195,0.000346316076931622,0.00931976278973593));
#2245=CARTESIAN_POINT('',(0.0188430597070645,0.0004658292957534,0.00896475282876573));
#2246=CARTESIAN_POINT('',(0.018791623887703,0.0005,0.0086862260660489));
#2247=CARTESIAN_POINT('',(0.018791623887703,0.0005,0.0085));
#2248=CARTESIAN_POINT('',(0.020291623887703,-0.0005,0.01));
#2249=CARTESIAN_POINT('',(0.018791623887703,0.000500000001444803,0.0085));
#2250=CARTESIAN_POINT('',(0.019291623887703,0.001,0.0085));
#2251=CARTESIAN_POINT('',(0.019291623887703,0.001,0.0086862048361609));
#2252=CARTESIAN_POINT('',(0.0193258080970949,0.000948544170088846,0.00896478714728349));
#2253=CARTESIAN_POINT('',(0.0194452853021958,0.00076980707129953,0.00931971266883564));
#2254=CARTESIAN_POINT('',(0.0195835854023732,0.000561855198971625,0.009574139677974));
#2255=CARTESIAN_POINT('',(0.0197034940065707,0.000382586836072684,0.00971876465461842));
#2256=CARTESIAN_POINT('',(0.0198188734962949,0.00020932783737206,0.00982611346120138));
#2257=CARTESIAN_POINT('',(0.0199345396396439,3.54912484298152E-5,0.00990346093333473));
#2258=CARTESIAN_POINT('',(0.0199841430139762,-3.84404450344411E-5,0.00992813751502156));
#2259=CARTESIAN_POINT('',(0.0201015344654943,-0.000213839498470498,0.00997827552163113));
#2260=CARTESIAN_POINT('',(0.0202080497568462,-0.000374638803714857,0.01));
#2261=CARTESIAN_POINT('',(0.020291623887703,-0.000500000000000002,0.01));
#2262=CARTESIAN_POINT('',(0.019291623887703,0.001,0.0085));
#2263=CARTESIAN_POINT('',(0.018791623887703,0.0005,0.0085));
#2264=CARTESIAN_POINT('',(0.018791623887703,0.000761799387799148,0.0085));
#2265=CARTESIAN_POINT('',(0.0190298244999039,0.000999999999999998,0.0085));
#2266=CARTESIAN_POINT('',(0.019291623887703,0.001,0.0085));
#2267=CARTESIAN_POINT('',(0.028188012290165,-0.003,0.0085));
#2268=CARTESIAN_POINT('',(0.028188012290165,0.011,0.0085));
#2269=CARTESIAN_POINT('',(0.028188012290165,0.011,0.01));
#2270=CARTESIAN_POINT('',(0.028188012290165,0.,0.01));
#2271=CARTESIAN_POINT('',(0.028188012290165,0.01325,0.01));
#2272=CARTESIAN_POINT('',(0.028188012290165,0.01325,0.0085));
#2273=CARTESIAN_POINT('',(0.028188012290165,0.01325,0.0085));
#2274=CARTESIAN_POINT('',(0.0255899360788117,0.01475,0.01));
#2275=CARTESIAN_POINT('',(0.0258387505606303,0.01475,0.01));
#2276=CARTESIAN_POINT('',(0.0262463813548808,0.0146679470287116,0.01));
#2277=CARTESIAN_POINT('',(0.0266814797669766,0.0144776275574999,0.01));
#2278=CARTESIAN_POINT('',(0.0270296394473726,0.0142705402487269,0.01));
#2279=CARTESIAN_POINT('',(0.0272596378769132,0.0140977317190866,0.01));
#2280=CARTESIAN_POINT('',(0.0274650469770001,0.0139302750638273,0.01));
#2281=CARTESIAN_POINT('',(0.0276461540515997,0.0137711742911164,0.01));
#2282=CARTESIAN_POINT('',(0.0277451553074505,0.013679858733041,0.01));
#2283=CARTESIAN_POINT('',(0.0279282173091117,0.0135072121091969,0.01));
#2284=CARTESIAN_POINT('',(0.0280778062793964,0.0133602060107686,0.01));
#2285=CARTESIAN_POINT('',(0.028188012290165,0.01325,0.01));
#2286=CARTESIAN_POINT('',(0.0255899360788117,0.01475,0.01));
#2287=CARTESIAN_POINT('',(0.025188012290165,0.01475,0.0085));
#2288=CARTESIAN_POINT('',(0.025188012290165,0.01475,0.00902624318720709));
#2289=CARTESIAN_POINT('',(0.0253264479285202,0.01475,0.00954362513650274));
#2290=CARTESIAN_POINT('',(0.0255899360788117,0.01475,0.01));
#2291=CARTESIAN_POINT('',(0.0222824061761741,0.0095,0.008));
#2292=CARTESIAN_POINT('',(0.0222824061761741,0.0095,0.008));
#2293=CARTESIAN_POINT('',(0.0222824061761741,0.0095,0.01));
#2294=CARTESIAN_POINT('',(0.0222824061761741,0.0035,0.008));
#2295=CARTESIAN_POINT('',(0.0222824061761741,0.0035,0.01));
#2296=CARTESIAN_POINT('',(0.0222824061761741,0.,0.01));
#2297=CARTESIAN_POINT('',(0.0268839880354837,0.0095,0.00308134443545194));
#2298=CARTESIAN_POINT('',(0.0178955301681733,0.0095,0.01));
#2299=CARTESIAN_POINT('',(0.0255899360788117,0.0095,0.01));
#2300=CARTESIAN_POINT('',(0.025188012290165,0.0095,0.0085));
#2301=CARTESIAN_POINT('',(0.025188012290165,0.0095,0.00902624318721339));
#2302=CARTESIAN_POINT('',(0.0253264479285233,0.0095,0.00954362513650821));
#2303=CARTESIAN_POINT('',(0.0255899360788117,0.0095,0.01));
#2304=CARTESIAN_POINT('',(0.028188012290165,0.011,0.0085));
#2305=CARTESIAN_POINT('',(0.028188012290165,0.011,0.01));
#2306=CARTESIAN_POINT('',(0.0280779588323286,0.0108899465421636,0.01));
#2307=CARTESIAN_POINT('',(0.0279284572842812,0.010743030647309,0.01));
#2308=CARTESIAN_POINT('',(0.0277453909860522,0.01057037231,0.01));
#2309=CARTESIAN_POINT('',(0.0276460021684577,0.0104786914408725,0.01));
#2310=CARTESIAN_POINT('',(0.0274654188309665,0.0103200309651762,0.01));
#2311=CARTESIAN_POINT('',(0.0272601425834777,0.0101526684567041,0.01));
#2312=CARTESIAN_POINT('',(0.0270292612389219,0.00997921631446149,0.01));
#2313=CARTESIAN_POINT('',(0.026682311311212,0.00977281729143526,0.01));
#2314=CARTESIAN_POINT('',(0.0262458164883948,0.00958178606192718,0.01));
#2315=CARTESIAN_POINT('',(0.0258390802603543,0.0095,0.01));
#2316=CARTESIAN_POINT('',(0.0255899360788117,0.0095,0.01));
#2317=CARTESIAN_POINT('',(0.021000012290165,0.01525,0.003));
#2318=CARTESIAN_POINT('',(0.021000012290165,0.01725,0.006));
#2319=CARTESIAN_POINT('',(0.021000012290165,0.0179485,0.006));
#2320=CARTESIAN_POINT('',(0.021000012290165,0.01725,-0.002));
#2321=CARTESIAN_POINT('',(0.021000012290165,0.0179485,-0.002));
#2322=CARTESIAN_POINT('',(0.021000012290165,0.022,0.003));
#2323=CARTESIAN_POINT('',(0.021000012290165,0.022,0.01));
#2324=CARTESIAN_POINT('',(0.021000012290165,0.022,-0.004));
#2325=CARTESIAN_POINT('',(0.021000012290165,0.,-0.004));
#2326=CARTESIAN_POINT('',(0.021000012290165,0.01475,-0.004));
#2327=CARTESIAN_POINT('',(0.021000012290165,0.01475,0.003));
#2328=CARTESIAN_POINT('',(0.021000012290165,0.01475,0.01));
#2329=CARTESIAN_POINT('',(0.021000012290165,0.,0.01));
#2330=CARTESIAN_POINT('',(0.026688012290165,0.01475,0.01));
#2331=CARTESIAN_POINT('',(0.0261963737948595,0.01475,-0.004));
#2332=CARTESIAN_POINT('',(0.0255899360788117,0.01475,-0.004));
#2333=CARTESIAN_POINT('',(0.0255899360788117,0.01475,-0.004));
#2334=CARTESIAN_POINT('',(0.0253268144852033,0.01475,-0.00354426003130173));
#2335=CARTESIAN_POINT('',(0.025188012290165,0.01475,-0.00302697630057331));
#2336=CARTESIAN_POINT('',(0.025188012290165,0.01475,-0.0025));
#2337=CARTESIAN_POINT('',(0.0178955301681733,0.01475,0.01));
#2338=CARTESIAN_POINT('',(0.028188012290165,0.01325,-0.0025));
#2339=CARTESIAN_POINT('',(0.028188012290165,0.01325,-0.0025));
#2340=CARTESIAN_POINT('',(0.028188012290165,0.01325,-0.004));
#2341=CARTESIAN_POINT('',(0.028188012290165,0.01325,-0.004));
#2342=CARTESIAN_POINT('',(0.0280779588323334,0.0133600534578316,-0.004));
#2343=CARTESIAN_POINT('',(0.027928457284289,0.0135069693526831,-0.004));
#2344=CARTESIAN_POINT('',(0.0277453909860591,0.0136796276899932,-0.004));
#2345=CARTESIAN_POINT('',(0.0276460021684548,0.0137713085591301,-0.004));
#2346=CARTESIAN_POINT('',(0.0274654188309713,0.0139299690348204,-0.004));
#2347=CARTESIAN_POINT('',(0.0272601425834833,0.0140973315432922,-0.004));
#2348=CARTESIAN_POINT('',(0.02702926123892,0.0142707836855398,-0.004));
#2349=CARTESIAN_POINT('',(0.0266823113112125,0.0144771827085644,-0.004));
#2350=CARTESIAN_POINT('',(0.0262458164883944,0.014668213938073,-0.004));
#2351=CARTESIAN_POINT('',(0.0258390802603543,0.01475,-0.004));
#2352=CARTESIAN_POINT('',(0.0255899360788117,0.01475,-0.004));
#2353=CARTESIAN_POINT('',(0.028188012290165,-0.003,-0.0025));
#2354=CARTESIAN_POINT('',(0.028188012290165,0.011,-0.0025));
#2355=CARTESIAN_POINT('',(0.028188012290165,0.011,-0.004));
#2356=CARTESIAN_POINT('',(0.028188012290165,0.,-0.004));
#2357=CARTESIAN_POINT('',(0.028188012290165,0.011,-0.0025));
#2358=CARTESIAN_POINT('',(0.0255899360788117,0.0095,-0.004));
#2359=CARTESIAN_POINT('',(0.0258387505606279,0.0095,-0.004));
#2360=CARTESIAN_POINT('',(0.0262463813548833,0.00958205297128961,-0.004));
#2361=CARTESIAN_POINT('',(0.0266814797669733,0.0097723724424979,-0.004));
#2362=CARTESIAN_POINT('',(0.0270296394473736,0.0099794597512737,-0.004));
#2363=CARTESIAN_POINT('',(0.027259637876913,0.0101522682809133,-0.004));
#2364=CARTESIAN_POINT('',(0.0274650469770001,0.0103197249361727,-0.004));
#2365=CARTESIAN_POINT('',(0.0276461540515997,0.0104788257088836,-0.004));
#2366=CARTESIAN_POINT('',(0.0277451553074505,0.010570141266959,-0.004));
#2367=CARTESIAN_POINT('',(0.0279282173091117,0.0107427878908031,-0.004));
#2368=CARTESIAN_POINT('',(0.0280778062793964,0.0108897939892314,-0.004));
#2369=CARTESIAN_POINT('',(0.028188012290165,0.011,-0.004));
#2370=CARTESIAN_POINT('',(0.0255899360788117,0.0095,-0.004));
#2371=CARTESIAN_POINT('',(0.0255899360788117,0.0095,-0.004));
#2372=CARTESIAN_POINT('',(0.0253268144852022,0.0095,-0.00354426003129991));
#2373=CARTESIAN_POINT('',(0.025188012290165,0.0095,-0.0030269763005712));
#2374=CARTESIAN_POINT('',(0.025188012290165,0.0095,-0.0025));
#2375=CARTESIAN_POINT('',(0.0268839880354837,0.0095,0.00308134443545194));
#2376=CARTESIAN_POINT('',(0.0261963737948595,0.0095,-0.004));
#2377=CARTESIAN_POINT('',(0.0235903714468425,0.0095,-0.004));
#2378=CARTESIAN_POINT('',(0.0235903714468425,0.0095,-0.002));
#2379=CARTESIAN_POINT('',(0.0235903714468425,0.0095,-0.002));
#2380=CARTESIAN_POINT('',(0.0235903714468425,0.0035,-0.002));
#2381=CARTESIAN_POINT('',(0.0235903714468425,0.0035,-0.004));
#2382=CARTESIAN_POINT('',(0.0235903714468425,0.,-0.004));
#2383=CARTESIAN_POINT('',(0.0268839880354837,0.0035,0.00308134443545194));
#2384=CARTESIAN_POINT('',(0.0266786431439082,0.0035,0.0085));
#2385=CARTESIAN_POINT('',(0.0266786431439082,0.0035,0.01));
#2386=CARTESIAN_POINT('',(0.0252494301183417,0.0035,0.00804464285714286));
#2387=CARTESIAN_POINT('',(0.0178955301681733,0.0035,0.01));
#2388=CARTESIAN_POINT('',(0.0261963737948595,0.0035,-0.004));
#2389=CARTESIAN_POINT('',(0.0278881695347687,0.0035,-0.004));
#2390=CARTESIAN_POINT('',(0.0278881695347687,0.0035,-0.0025));
#2391=CARTESIAN_POINT('',(0.026394160452549,0.0035,-0.00236607142857142));
#2392=CARTESIAN_POINT('',(0.,0.0035,0.));
#2393=CARTESIAN_POINT('',(0.0218574929943944,0.0005,-0.0025));
#2394=CARTESIAN_POINT('',(0.0208639705855583,0.0005,-0.00238636363636364));
#2395=CARTESIAN_POINT('',(0.0203672093811403,0.0005,-0.00232954545454547));
#2396=CARTESIAN_POINT('',(0.0208639705855583,0.001,-0.00238636363636364));
#2397=CARTESIAN_POINT('',(0.0208639705855583,0.001,-0.00238636363636364));
#2398=CARTESIAN_POINT('',(0.020859652191449,0.001,-0.00242411934395971));
#2399=CARTESIAN_POINT('',(0.0208574929943944,0.001,-0.0024619981318385));
#2400=CARTESIAN_POINT('',(0.0208574929943944,0.001,-0.0025));
#2401=CARTESIAN_POINT('',(0.0218574929943944,0.0005,-0.0025));
#2402=CARTESIAN_POINT('',(0.0244044208583756,-0.0005,-0.0025));
#2403=CARTESIAN_POINT('',(0.0278881695347687,-0.0005,-0.0025));
#2404=CARTESIAN_POINT('',(0.0278881695347687,-0.0005,-0.004));
#2405=CARTESIAN_POINT('',(0.0263881695347687,0.001,-0.0025));
#2406=CARTESIAN_POINT('',(0.0261963737948595,-0.0005,-0.004));
#2407=CARTESIAN_POINT('',(0.0244044208583756,0.001,-0.0025));
#2408=CARTESIAN_POINT('',(0.0278881695347687,0.001,-0.0025));
#2409=CARTESIAN_POINT('',(0.0278881695347687,0.001,-0.0025));
#2410=CARTESIAN_POINT('',(0.026394160452549,0.001,-0.00236607142857142));
#2411=CARTESIAN_POINT('',(0.026394160452549,0.001,-0.00236607142857142));
#2412=CARTESIAN_POINT('',(0.0278881695347687,0.,-0.004));
#2413=CARTESIAN_POINT('',(0.,0.001,0.));
#2414=CARTESIAN_POINT('',(0.,0.001,0.));
#2415=CARTESIAN_POINT('',(0.0252494301183417,0.001,0.00804464285714286));
#2416=CARTESIAN_POINT('',(0.0252494301183417,0.001,0.00804464285714286));
#2417=CARTESIAN_POINT('',(0.0266786431439082,0.001,0.0085));
#2418=CARTESIAN_POINT('',(0.0266786431439082,-0.0005,0.0085));
#2419=CARTESIAN_POINT('',(0.0266786431439082,-0.0005,0.01));
#2420=CARTESIAN_POINT('',(0.0251786431439082,0.001,0.0085));
#2421=CARTESIAN_POINT('',(0.0266786431439082,0.,0.01));
#2422=CARTESIAN_POINT('',(0.0266786431439082,0.001,0.0085));
#2423=CARTESIAN_POINT('',(0.0202539990450325,-0.0005,0.0085));
#2424=CARTESIAN_POINT('',(0.0202539990450325,0.001,0.0085));
#2425=CARTESIAN_POINT('',(0.0178955301681733,-0.0005,0.01));
#2426=CARTESIAN_POINT('',(0.020291623887703,0.0005,0.0085));
#2427=CARTESIAN_POINT('',(0.019291623887703,0.001,0.0085));
#2428=CARTESIAN_POINT('',(0.019291623887703,0.001,0.00836600971668259));
#2429=CARTESIAN_POINT('',(0.019317508374253,0.001,0.00823722183789471));
#2430=CARTESIAN_POINT('',(0.0193692773473529,0.001,0.00811363636363636));
#2431=CARTESIAN_POINT('',(0.0193692773473529,0.001,0.00811363636363636));
#2432=CARTESIAN_POINT('',(0.0193692773473529,0.0005,0.00811363636363635));
#2433=CARTESIAN_POINT('',(0.0189081040771778,0.0005,0.00792045454545454));
#2434=CARTESIAN_POINT('',(0.020291623887703,0.0005,0.0085));
#2435=CARTESIAN_POINT('',(0.0218574929943944,0.,-0.0025));
#2436=CARTESIAN_POINT('',(0.0218574929943944,0.,-0.004));
#2437=CARTESIAN_POINT('',(0.0218574929943944,-0.0055,-0.004));
#2438=CARTESIAN_POINT('',(0.0218574929943944,-0.0055,-0.0025));
#2439=CARTESIAN_POINT('',(0.0203672093811403,-0.0055,-0.00232954545454547));
#2440=CARTESIAN_POINT('',(0.0203672093811403,0.,-0.00232954545454547));
#2441=CARTESIAN_POINT('',(0.,0.,0.));
#2442=CARTESIAN_POINT('',(0.0189081040771778,0.,0.00792045454545455));
#2443=CARTESIAN_POINT('',(0.0189081040771778,-0.0055,0.00792045454545455));
#2444=CARTESIAN_POINT('',(0.,0.0005,0.));
#2445=CARTESIAN_POINT('',(0.,-0.0055,0.));
#2446=CARTESIAN_POINT('',(0.020291623887703,0.,0.0085));
#2447=CARTESIAN_POINT('',(0.020291623887703,-0.0055,0.0085));
#2448=CARTESIAN_POINT('',(0.020291623887703,-0.0055,0.01));
#2449=CARTESIAN_POINT('',(0.020291623887703,0.,0.01));
#2450=CARTESIAN_POINT('',(0.0178955301681733,0.,0.01));
#2451=CARTESIAN_POINT('',(0.0178955301681733,-0.0055,0.01));
#2452=CARTESIAN_POINT('',(0.032688012290165,-0.0055,0.01));
#2453=CARTESIAN_POINT('',(0.032688012290165,-0.006,0.01));
#2454=CARTESIAN_POINT('',(0.032688012290165,0.022,0.01));
#2455=CARTESIAN_POINT('',(0.0178955301681733,0.022,0.01));
#2456=CARTESIAN_POINT('',(0.029688012290165,0.022,0.003));
#2457=CARTESIAN_POINT('',(0.032688012290165,0.022,-0.004));
#2458=CARTESIAN_POINT('',(0.032688012290165,0.022,-0.004));
#2459=CARTESIAN_POINT('',(0.029688012290165,0.022,-0.004));
#2460=CARTESIAN_POINT('',(0.021000012290165,0.01725,0.006));
#2461=CARTESIAN_POINT('',(0.032688012290165,0.01725,0.006));
#2462=CARTESIAN_POINT('',(0.032688012290165,0.0179485,0.006));
#2463=CARTESIAN_POINT('',(0.021000012290165,0.01725,-0.002));
#2464=CARTESIAN_POINT('',(0.032688012290165,0.01725,-0.002));
#2465=CARTESIAN_POINT('',(0.032688012290165,0.0179485,-0.002));
#2466=CARTESIAN_POINT('',(0.0261963737948595,0.,-0.004));
#2467=CARTESIAN_POINT('',(0.032688012290165,-0.006,-0.004));
#2468=CARTESIAN_POINT('',(0.032688012290165,-0.0055,-0.004));
#2469=CARTESIAN_POINT('',(0.0261963737948595,-0.0055,-0.004));
#2470=CARTESIAN_POINT('',(0.0218574929943944,-0.0055,-0.0025));
#2471=CARTESIAN_POINT('',(0.0218574929943944,-0.0055,-0.0035));
#2472=CARTESIAN_POINT('',(0.0218574929943944,-0.006,-0.0035));
#2473=CARTESIAN_POINT('',(0.0208639705855583,-0.006,-0.00238636363636364));
#2474=CARTESIAN_POINT('',(0.020831625255525,-0.006,-0.00266915876620517));
#2475=CARTESIAN_POINT('',(0.0210207072031861,-0.006,-0.00324685866379531));
#2476=CARTESIAN_POINT('',(0.0215721222867019,-0.006,-0.0035));
#2477=CARTESIAN_POINT('',(0.0218574929943944,-0.006,-0.0035));
#2478=CARTESIAN_POINT('',(0.0208639705855583,-0.006,-0.00238636363636364));
#2479=CARTESIAN_POINT('',(0.0208639705855583,-0.0055,-0.00238636363636365));
#2480=CARTESIAN_POINT('',(0.,-0.0055,0.));
#2481=CARTESIAN_POINT('',(0.0193692773473529,-0.006,0.00811363636363637));
#2482=CARTESIAN_POINT('',(0.0207575389205095,-0.006,0.00479950910478413));
#2483=CARTESIAN_POINT('',(0.0212723661236675,-0.006,0.00118423740890192));
#2484=CARTESIAN_POINT('',(0.0208639705855583,-0.006,-0.00238636363636364));
#2485=CARTESIAN_POINT('',(0.0193692773473529,-0.006,0.00811363636363637));
#2486=CARTESIAN_POINT('',(0.0193692773473529,-0.0055,0.00811363636363637));
#2487=CARTESIAN_POINT('',(0.020291623887703,-0.0055,0.0085));
#2488=CARTESIAN_POINT('',(0.020291623887703,-0.006,0.0095));
#2489=CARTESIAN_POINT('',(0.0199573006037025,-0.006,0.0095));
#2490=CARTESIAN_POINT('',(0.0193195342582778,-0.006,0.00914648742346413));
#2491=CARTESIAN_POINT('',(0.019239824778915,-0.006,0.00842267199069969));
#2492=CARTESIAN_POINT('',(0.0193692773473529,-0.006,0.00811363636363637));
#2493=CARTESIAN_POINT('',(0.020291623887703,-0.006,0.0095));
#2494=CARTESIAN_POINT('',(0.020291623887703,-0.0055,0.0095));
#2495=CARTESIAN_POINT('',(0.0202539990450325,-0.0055,0.0095));
#2496=CARTESIAN_POINT('',(0.0226124679218917,-0.006,0.0095));
#2497=CARTESIAN_POINT('',(0.032688012290165,-0.006,0.0095));
#2498=CARTESIAN_POINT('',(0.032688012290165,-0.0055,0.0095));
#2499=CARTESIAN_POINT('',(0.032688012290165,-0.006,-0.004));
#2500=CARTESIAN_POINT('',(0.032688012290165,-0.006,-0.004));
#2501=CARTESIAN_POINT('',(0.032688012290165,-0.006,-0.0035));
#2502=CARTESIAN_POINT('',(0.032688012290165,-0.0055,-0.0035));
#2503=CARTESIAN_POINT('',(0.0244044208583756,-0.0055,-0.0035));
#2504=CARTESIAN_POINT('',(0.0226124679218917,-0.006,-0.0035));
#2505=CARTESIAN_POINT('',(0.0218898529491265,-0.006,-0.0016));
#2506=CARTESIAN_POINT('',(0.0246101470508735,-0.006,-0.0016));
#2507=CARTESIAN_POINT('',(0.0246101470508735,-0.006,-0.0016));
#2508=CARTESIAN_POINT('',(0.0246101470508735,-0.005,-0.0016));
#2509=CARTESIAN_POINT('',(0.02325,-0.005,-0.0016));
#2510=CARTESIAN_POINT('',(0.02325,-0.005,-0.0016));
#2511=CARTESIAN_POINT('',(0.02325,-0.005,-0.0016));
#2512=CARTESIAN_POINT('',(0.0218898529491264,-0.005,-0.0016));
#2513=CARTESIAN_POINT('',(0.0218898529491265,-0.006,-0.0016));
#2514=CARTESIAN_POINT('',(0.0218898529491264,-0.006,-0.0016));
#2515=CARTESIAN_POINT('',(0.0226124679218917,-0.006,-0.0016));
#2516=CARTESIAN_POINT('',(0.02325,-0.006,0.));
#2517=CARTESIAN_POINT('',(0.02325,-0.006,0.));
#2518=CARTESIAN_POINT('',(0.02325,-0.005,0.));
#2519=CARTESIAN_POINT('',(0.0226124679218917,-0.006,0.00315793806240283));
#2520=CARTESIAN_POINT('',(0.0226124679218917,-0.006,0.00773269118724154));
#2521=CARTESIAN_POINT('',(0.0210575378222725,-0.006,0.00773269118724153));
#2522=CARTESIAN_POINT('',(0.0237778319240197,-0.006,0.00773269118724155));
#2523=CARTESIAN_POINT('',(0.0224176848731461,-0.006,0.00613269118724154));
#2524=CARTESIAN_POINT('',(0.0237778319240196,-0.006,0.00773269118724154));
#2525=CARTESIAN_POINT('',(0.0210575378222725,-0.006,0.00773269118724151));
#2526=CARTESIAN_POINT('',(0.0237778319240196,-0.006,0.00773269118724156));
#2527=CARTESIAN_POINT('',(0.0224176848731461,-0.006,0.00613269118724154));
#2528=CARTESIAN_POINT('',(0.,0.0005,0.));
#2529=CARTESIAN_POINT('',(0.0193692773473529,0.001,0.00811363636363636));
#2530=CARTESIAN_POINT('',(0.0207575389204577,0.001,0.00479950910490767));
#2531=CARTESIAN_POINT('',(0.0212723661236827,0.001,0.00118423740903497));
#2532=CARTESIAN_POINT('',(0.0208639705855583,0.001,-0.00238636363636364));
#2533=CARTESIAN_POINT('',(0.02325,0.,0.));
#2534=CARTESIAN_POINT('',(0.0217914047854185,0.,0.00035));
#2535=CARTESIAN_POINT('',(0.0217914047854185,0.001,0.00035));
#2536=CARTESIAN_POINT('',(0.0217914047854185,0.,0.00035));
#2537=CARTESIAN_POINT('',(0.02325,0.,0.));
#2538=CARTESIAN_POINT('',(0.0217914047854185,0.,-0.00035));
#2539=CARTESIAN_POINT('',(0.0217914047854185,0.,-0.00035));
#2540=CARTESIAN_POINT('',(0.0217914047854185,0.001,-0.00035));
#2541=CARTESIAN_POINT('',(0.02325,0.001,0.));
#2542=CARTESIAN_POINT('',(0.0217914047854185,0.,-0.00035));
#2543=CARTESIAN_POINT('',(0.0217914047854185,0.,-0.00035));
#2544=CARTESIAN_POINT('',(0.0247085952145815,0.,-0.00035));
#2545=CARTESIAN_POINT('',(0.0247085952145815,0.,-0.00035));
#2546=CARTESIAN_POINT('',(0.0247085952145815,0.001,-0.00035));
#2547=CARTESIAN_POINT('',(0.0226124679218917,0.001,-0.00035));
#2548=CARTESIAN_POINT('',(0.02325,0.,0.));
#2549=CARTESIAN_POINT('',(0.02325,0.,0.));
#2550=CARTESIAN_POINT('',(0.0247085952145815,0.,0.00035));
#2551=CARTESIAN_POINT('',(0.0247085952145815,0.,0.000349999999999995));
#2552=CARTESIAN_POINT('',(0.0247085952145815,0.001,0.00035));
#2553=CARTESIAN_POINT('',(0.02325,0.001,0.));
#2554=CARTESIAN_POINT('',(0.0247085952145815,0.,0.00035));
#2555=CARTESIAN_POINT('',(0.0247085952145815,0.,0.00035));
#2556=CARTESIAN_POINT('',(0.0226124679218917,0.001,0.00035));
#2557=CARTESIAN_POINT('',(0.0226124679218917,0.,0.00315793806240283));
#2558=CARTESIAN_POINT('',(0.02325,0.,0.));
#2559=CARTESIAN_POINT('',(0.02485,0.,0.));
#2560=CARTESIAN_POINT('',(0.02325,0.,0.));
#2561=CARTESIAN_POINT('',(0.02325,-0.005,0.));
#2562=CARTESIAN_POINT('',(0.02485,-0.005,7.68726651525477E-64));
#2563=CARTESIAN_POINT('',(0.02325,-0.005,0.));
#2564=CARTESIAN_POINT('',(0.0226124679218917,0.001,0.00315793806240283));
#2565=CARTESIAN_POINT('',(0.0224176848731461,0.001,0.00613269118724154));
#2566=CARTESIAN_POINT('',(0.0237322309412642,0.001,0.006855165155489));
#2567=CARTESIAN_POINT('',(0.023916939458701,0.001,0.00617997424649636));
#2568=CARTESIAN_POINT('',(0.0209184302875911,0.001,0.00608540812798672));
#2569=CARTESIAN_POINT('',(0.0209184302875912,0.001,0.00608540812798673));
#2570=CARTESIAN_POINT('',(0.0224176848731461,0.001,0.00613269118724154));
#2571=CARTESIAN_POINT('',(0.021103138805028,0.001,0.0054102172189941));
#2572=CARTESIAN_POINT('',(0.023916939458701,0.001,0.00617997424649636));
#2573=CARTESIAN_POINT('',(0.0224176848731461,0.,0.00613269118724154));
#2574=CARTESIAN_POINT('',(0.0209184302875911,0.,0.00608540812798671));
#2575=CARTESIAN_POINT('',(0.0209184302875912,0.,0.00608540812798672));
#2576=CARTESIAN_POINT('',(0.0224176848731461,0.,0.00613269118724154));
#2577=CARTESIAN_POINT('',(0.021103138805028,0.,0.0054102172189941));
#2578=CARTESIAN_POINT('',(0.021103138805028,0.,0.0054102172189941));
#2579=CARTESIAN_POINT('',(0.021103138805028,0.,0.0054102172189941));
#2580=CARTESIAN_POINT('',(0.021103138805028,0.,0.0054102172189941));
#2581=CARTESIAN_POINT('',(0.023916939458701,0.,0.00617997424649635));
#2582=CARTESIAN_POINT('',(0.023916939458701,0.,0.00617997424649635));
#2583=CARTESIAN_POINT('',(0.0224176848731461,0.,0.00613269118724154));
#2584=CARTESIAN_POINT('',(0.0224176848731461,0.,0.00613269118724154));
#2585=CARTESIAN_POINT('',(0.0237322309412642,0.,0.006855165155489));
#2586=CARTESIAN_POINT('',(0.0237322309412642,0.,0.006855165155489));
#2587=CARTESIAN_POINT('',(0.0237322309412642,0.,0.00685516515548899));
#2588=CARTESIAN_POINT('',(0.0237322309412642,0.,0.00685516515548899));
#2589=CARTESIAN_POINT('',(0.0226124679218917,0.,0.00315793806240283));
#2590=CARTESIAN_POINT('',(0.0224176848731461,0.,0.00613269118724154));
#2591=CARTESIAN_POINT('',(0.0240176848731461,0.,0.00613269118724154));
#2592=CARTESIAN_POINT('',(0.0224176848731461,0.,0.00613269118724154));
#2593=CARTESIAN_POINT('',(0.02325,-0.005,-5.7982719959136E-5));
#2594=MECHANICAL_DESIGN_GEOMETRIC_PRESENTATION_REPRESENTATION('',(#1397),
#2595);
#2595=(
GEOMETRIC_REPRESENTATION_CONTEXT(3)
GLOBAL_UNCERTAINTY_ASSIGNED_CONTEXT((#2596))
GLOBAL_UNIT_ASSIGNED_CONTEXT((#2599,#2598,#2597))
REPRESENTATION_CONTEXT('KP0090-01_PhotoDDiffA1',
'TOP_LEVEL_ASSEMBLY_PART')
);
#2596=UNCERTAINTY_MEASURE_WITH_UNIT(LENGTH_MEASURE(2.E-5),#2599,
'DISTANCE_ACCURACY_VALUE','Maximum Tolerance applied to model');
#2597=(
NAMED_UNIT(*)
SI_UNIT($,.STERADIAN.)
SOLID_ANGLE_UNIT()
);
#2598=(
NAMED_UNIT(*)
PLANE_ANGLE_UNIT()
SI_UNIT($,.RADIAN.)
);
#2599=(
LENGTH_UNIT()
NAMED_UNIT(*)
SI_UNIT($,.METRE.)
);
#2600=PRODUCT_DEFINITION_SHAPE('','',#2601);
#2601=PRODUCT_DEFINITION('','',#2603,#2602);
#2602=PRODUCT_DEFINITION_CONTEXT('',#2609,'design');
#2603=PRODUCT_DEFINITION_FORMATION_WITH_SPECIFIED_SOURCE('','',#2605,
 .NOT_KNOWN.);
#2604=PRODUCT_RELATED_PRODUCT_CATEGORY('','',(#2605));
#2605=PRODUCT('KP0090-01_PhotoDDiffA1','KP0090-01_PhotoDDiffA1',
'KP0090-01_PhotoDDiffA1',(#2607));
#2606=PRODUCT_CATEGORY('','');
#2607=PRODUCT_CONTEXT('',#2609,'mechanical');
#2608=APPLICATION_PROTOCOL_DEFINITION('international standard',
'automotive_design',2010,#2609);
#2609=APPLICATION_CONTEXT(
'core data for automotive mechanical design processes');
ENDSEC;
END-ISO-10303-21;
