ISO-10303-21;
HEADER;
/* Generated by software containing ST-Developer
 * from STEP Tools, Inc. (www.steptools.com) 
 */
/* OPTION: using custom renumber hook */

FILE_DESCRIPTION(
/* description */ ('STEP AP214',
'CAx-IF Rec.Pracs.---User Defined Attributes---1.5---2016-08-15'),
/* implementation_level */ '2;1');

FILE_NAME(
/* name */ '6a65b54c8755df13821c69ba',
/* time_stamp */ '2026-07-26T07:20:44Z',
/* author */ (''),
/* organization */ (''),
/* preprocessor_version */ 'ST-DEVELOPER v20',
/* originating_system */ 'ONSHAPE BY PTC INC, 1.218',
/* authorisation */ '  ');

FILE_SCHEMA (('AUTOMOTIVE_DESIGN {1 0 10303 214 3 1 1}'));
ENDSEC;

DATA;
#10=PROPERTY_DEFINITION_REPRESENTATION(#14,#12);
#11=PROPERTY_DEFINITION_REPRESENTATION(#15,#13);
#12=REPRESENTATION('',(#16),#9355);
#13=REPRESENTATION('',(#17),#9355);
#14=PROPERTY_DEFINITION('pmi validation property','',#9360);
#15=PROPERTY_DEFINITION('pmi validation property','',#9360);
#16=VALUE_REPRESENTATION_ITEM('number of annotations',COUNT_MEASURE(0.));
#17=VALUE_REPRESENTATION_ITEM('number of views',COUNT_MEASURE(0.));
#18=SHAPE_REPRESENTATION_RELATIONSHIP('','',#5083,#19);
#19=ADVANCED_BREP_SHAPE_REPRESENTATION('',(#5081),#9355);
#20=CONICAL_SURFACE('',#5142,0.0130000000000005,0.785398163400002);
#21=CONICAL_SURFACE('',#5144,0.0130000000000006,0.785398163400002);
#22=CONICAL_SURFACE('',#5389,0.0127500000000003,0.785398163399999);
#23=ELLIPSE('',#5107,0.0183847763108502,0.013);
#24=ELLIPSE('',#5108,0.0183847763108502,0.013);
#25=ELLIPSE('',#5110,0.0183847763108503,0.013);
#26=ELLIPSE('',#5111,0.0183847763108503,0.013);
#27=ELLIPSE('',#5113,0.0183847763108503,0.013);
#28=ELLIPSE('',#5114,0.0183847763108503,0.013);
#29=ELLIPSE('',#5116,0.0183847763108503,0.013);
#30=ELLIPSE('',#5117,0.0183847763108503,0.013);
#31=ELLIPSE('',#5119,0.0183847763108502,0.013);
#32=ELLIPSE('',#5120,0.0183847763108502,0.013);
#33=ELLIPSE('',#5122,0.0183847763108503,0.013);
#34=ELLIPSE('',#5123,0.0183847763108503,0.013);
#35=TOROIDAL_SURFACE('',#5096,0.0045,0.0005);
#36=LINE('',#7801,#300);
#37=LINE('',#7804,#301);
#38=LINE('',#7806,#302);
#39=LINE('',#7808,#303);
#40=LINE('',#7810,#304);
#41=LINE('',#7812,#305);
#42=LINE('',#7817,#306);
#43=LINE('',#7819,#307);
#44=LINE('',#7821,#308);
#45=LINE('',#7823,#309);
#46=LINE('',#7825,#310);
#47=LINE('',#7827,#311);
#48=LINE('',#7829,#312);
#49=LINE('',#7831,#313);
#50=LINE('',#7833,#314);
#51=LINE('',#7835,#315);
#52=LINE('',#7837,#316);
#53=LINE('',#7839,#317);
#54=LINE('',#7848,#318);
#55=LINE('',#7854,#319);
#56=LINE('',#7860,#320);
#57=LINE('',#7866,#321);
#58=LINE('',#7870,#322);
#59=LINE('',#7878,#323);
#60=LINE('',#8394,#324);
#61=LINE('',#8398,#325);
#62=LINE('',#8878,#326);
#63=LINE('',#8880,#327);
#64=LINE('',#8882,#328);
#65=LINE('',#8884,#329);
#66=LINE('',#8886,#330);
#67=LINE('',#8888,#331);
#68=LINE('',#8890,#332);
#69=LINE('',#8892,#333);
#70=LINE('',#8894,#334);
#71=LINE('',#8896,#335);
#72=LINE('',#8898,#336);
#73=LINE('',#8900,#337);
#74=LINE('',#8902,#338);
#75=LINE('',#8904,#339);
#76=LINE('',#8906,#340);
#77=LINE('',#8908,#341);
#78=LINE('',#8910,#342);
#79=LINE('',#8912,#343);
#80=LINE('',#8914,#344);
#81=LINE('',#8916,#345);
#82=LINE('',#8918,#346);
#83=LINE('',#8920,#347);
#84=LINE('',#8922,#348);
#85=LINE('',#8924,#349);
#86=LINE('',#8926,#350);
#87=LINE('',#8928,#351);
#88=LINE('',#8930,#352);
#89=LINE('',#8932,#353);
#90=LINE('',#8934,#354);
#91=LINE('',#8936,#355);
#92=LINE('',#8938,#356);
#93=LINE('',#8940,#357);
#94=LINE('',#8942,#358);
#95=LINE('',#8944,#359);
#96=LINE('',#8946,#360);
#97=LINE('',#8948,#361);
#98=LINE('',#8950,#362);
#99=LINE('',#8952,#363);
#100=LINE('',#8954,#364);
#101=LINE('',#8956,#365);
#102=LINE('',#8958,#366);
#103=LINE('',#8960,#367);
#104=LINE('',#8962,#368);
#105=LINE('',#8964,#369);
#106=LINE('',#8966,#370);
#107=LINE('',#8968,#371);
#108=LINE('',#8970,#372);
#109=LINE('',#8972,#373);
#110=LINE('',#8974,#374);
#111=LINE('',#8976,#375);
#112=LINE('',#8978,#376);
#113=LINE('',#8980,#377);
#114=LINE('',#8982,#378);
#115=LINE('',#8984,#379);
#116=LINE('',#8986,#380);
#117=LINE('',#8988,#381);
#118=LINE('',#8990,#382);
#119=LINE('',#8992,#383);
#120=LINE('',#8994,#384);
#121=LINE('',#8996,#385);
#122=LINE('',#8998,#386);
#123=LINE('',#9000,#387);
#124=LINE('',#9002,#388);
#125=LINE('',#9004,#389);
#126=LINE('',#9006,#390);
#127=LINE('',#9008,#391);
#128=LINE('',#9010,#392);
#129=LINE('',#9012,#393);
#130=LINE('',#9014,#394);
#131=LINE('',#9016,#395);
#132=LINE('',#9018,#396);
#133=LINE('',#9020,#397);
#134=LINE('',#9022,#398);
#135=LINE('',#9024,#399);
#136=LINE('',#9026,#400);
#137=LINE('',#9028,#401);
#138=LINE('',#9030,#402);
#139=LINE('',#9032,#403);
#140=LINE('',#9034,#404);
#141=LINE('',#9036,#405);
#142=LINE('',#9038,#406);
#143=LINE('',#9040,#407);
#144=LINE('',#9042,#408);
#145=LINE('',#9044,#409);
#146=LINE('',#9046,#410);
#147=LINE('',#9048,#411);
#148=LINE('',#9050,#412);
#149=LINE('',#9052,#413);
#150=LINE('',#9054,#414);
#151=LINE('',#9056,#415);
#152=LINE('',#9058,#416);
#153=LINE('',#9060,#417);
#154=LINE('',#9062,#418);
#155=LINE('',#9064,#419);
#156=LINE('',#9066,#420);
#157=LINE('',#9068,#421);
#158=LINE('',#9070,#422);
#159=LINE('',#9072,#423);
#160=LINE('',#9074,#424);
#161=LINE('',#9076,#425);
#162=LINE('',#9078,#426);
#163=LINE('',#9080,#427);
#164=LINE('',#9082,#428);
#165=LINE('',#9084,#429);
#166=LINE('',#9086,#430);
#167=LINE('',#9088,#431);
#168=LINE('',#9090,#432);
#169=LINE('',#9092,#433);
#170=LINE('',#9094,#434);
#171=LINE('',#9096,#435);
#172=LINE('',#9098,#436);
#173=LINE('',#9100,#437);
#174=LINE('',#9102,#438);
#175=LINE('',#9104,#439);
#176=LINE('',#9106,#440);
#177=LINE('',#9108,#441);
#178=LINE('',#9110,#442);
#179=LINE('',#9112,#443);
#180=LINE('',#9114,#444);
#181=LINE('',#9116,#445);
#182=LINE('',#9118,#446);
#183=LINE('',#9120,#447);
#184=LINE('',#9122,#448);
#185=LINE('',#9124,#449);
#186=LINE('',#9126,#450);
#187=LINE('',#9128,#451);
#188=LINE('',#9130,#452);
#189=LINE('',#9132,#453);
#190=LINE('',#9134,#454);
#191=LINE('',#9136,#455);
#192=LINE('',#9138,#456);
#193=LINE('',#9140,#457);
#194=LINE('',#9142,#458);
#195=LINE('',#9144,#459);
#196=LINE('',#9146,#460);
#197=LINE('',#9148,#461);
#198=LINE('',#9150,#462);
#199=LINE('',#9152,#463);
#200=LINE('',#9154,#464);
#201=LINE('',#9156,#465);
#202=LINE('',#9158,#466);
#203=LINE('',#9160,#467);
#204=LINE('',#9162,#468);
#205=LINE('',#9164,#469);
#206=LINE('',#9166,#470);
#207=LINE('',#9168,#471);
#208=LINE('',#9170,#472);
#209=LINE('',#9172,#473);
#210=LINE('',#9174,#474);
#211=LINE('',#9176,#475);
#212=LINE('',#9178,#476);
#213=LINE('',#9180,#477);
#214=LINE('',#9182,#478);
#215=LINE('',#9184,#479);
#216=LINE('',#9186,#480);
#217=LINE('',#9188,#481);
#218=LINE('',#9190,#482);
#219=LINE('',#9192,#483);
#220=LINE('',#9194,#484);
#221=LINE('',#9196,#485);
#222=LINE('',#9198,#486);
#223=LINE('',#9200,#487);
#224=LINE('',#9202,#488);
#225=LINE('',#9204,#489);
#226=LINE('',#9206,#490);
#227=LINE('',#9208,#491);
#228=LINE('',#9210,#492);
#229=LINE('',#9212,#493);
#230=LINE('',#9214,#494);
#231=LINE('',#9216,#495);
#232=LINE('',#9218,#496);
#233=LINE('',#9220,#497);
#234=LINE('',#9222,#498);
#235=LINE('',#9224,#499);
#236=LINE('',#9226,#500);
#237=LINE('',#9228,#501);
#238=LINE('',#9230,#502);
#239=LINE('',#9232,#503);
#240=LINE('',#9234,#504);
#241=LINE('',#9236,#505);
#242=LINE('',#9238,#506);
#243=LINE('',#9240,#507);
#244=LINE('',#9242,#508);
#245=LINE('',#9244,#509);
#246=LINE('',#9246,#510);
#247=LINE('',#9248,#511);
#248=LINE('',#9250,#512);
#249=LINE('',#9252,#513);
#250=LINE('',#9254,#514);
#251=LINE('',#9256,#515);
#252=LINE('',#9258,#516);
#253=LINE('',#9260,#517);
#254=LINE('',#9262,#518);
#255=LINE('',#9264,#519);
#256=LINE('',#9266,#520);
#257=LINE('',#9268,#521);
#258=LINE('',#9270,#522);
#259=LINE('',#9272,#523);
#260=LINE('',#9274,#524);
#261=LINE('',#9276,#525);
#262=LINE('',#9278,#526);
#263=LINE('',#9280,#527);
#264=LINE('',#9282,#528);
#265=LINE('',#9284,#529);
#266=LINE('',#9286,#530);
#267=LINE('',#9288,#531);
#268=LINE('',#9290,#532);
#269=LINE('',#9292,#533);
#270=LINE('',#9294,#534);
#271=LINE('',#9296,#535);
#272=LINE('',#9298,#536);
#273=LINE('',#9300,#537);
#274=LINE('',#9302,#538);
#275=LINE('',#9304,#539);
#276=LINE('',#9306,#540);
#277=LINE('',#9308,#541);
#278=LINE('',#9310,#542);
#279=LINE('',#9312,#543);
#280=LINE('',#9314,#544);
#281=LINE('',#9316,#545);
#282=LINE('',#9318,#546);
#283=LINE('',#9320,#547);
#284=LINE('',#9322,#548);
#285=LINE('',#9324,#549);
#286=LINE('',#9326,#550);
#287=LINE('',#9328,#551);
#288=LINE('',#9330,#552);
#289=LINE('',#9332,#553);
#290=LINE('',#9334,#554);
#291=LINE('',#9336,#555);
#292=LINE('',#9338,#556);
#293=LINE('',#9340,#557);
#294=LINE('',#9342,#558);
#295=LINE('',#9344,#559);
#296=LINE('',#9346,#560);
#297=LINE('',#9348,#561);
#298=LINE('',#9350,#562);
#299=LINE('',#9352,#563);
#300=VECTOR('',#5896,1.);
#301=VECTOR('',#5897,1.);
#302=VECTOR('',#5898,1.);
#303=VECTOR('',#5899,1.);
#304=VECTOR('',#5900,1.);
#305=VECTOR('',#5901,1.);
#306=VECTOR('',#5908,1.);
#307=VECTOR('',#5909,1.);
#308=VECTOR('',#5910,1.);
#309=VECTOR('',#5913,1.);
#310=VECTOR('',#5914,1.);
#311=VECTOR('',#5915,1.);
#312=VECTOR('',#5918,1.);
#313=VECTOR('',#5919,1.);
#314=VECTOR('',#5920,1.);
#315=VECTOR('',#5923,1.);
#316=VECTOR('',#5926,1.);
#317=VECTOR('',#5929,1.);
#318=VECTOR('',#5940,1.);
#319=VECTOR('',#5947,1.);
#320=VECTOR('',#5954,1.);
#321=VECTOR('',#5961,1.);
#322=VECTOR('',#5966,1.);
#323=VECTOR('',#5975,1.);
#324=VECTOR('',#6512,1.);
#325=VECTOR('',#6515,1.);
#326=VECTOR('',#6998,1.);
#327=VECTOR('',#7001,1.);
#328=VECTOR('',#7004,1.);
#329=VECTOR('',#7007,1.);
#330=VECTOR('',#7010,1.);
#331=VECTOR('',#7013,1.);
#332=VECTOR('',#7016,1.);
#333=VECTOR('',#7019,1.);
#334=VECTOR('',#7022,1.);
#335=VECTOR('',#7025,1.);
#336=VECTOR('',#7028,1.);
#337=VECTOR('',#7031,1.);
#338=VECTOR('',#7034,1.);
#339=VECTOR('',#7037,1.);
#340=VECTOR('',#7040,1.);
#341=VECTOR('',#7043,1.);
#342=VECTOR('',#7046,1.);
#343=VECTOR('',#7049,1.);
#344=VECTOR('',#7052,1.);
#345=VECTOR('',#7055,1.);
#346=VECTOR('',#7058,1.);
#347=VECTOR('',#7061,1.);
#348=VECTOR('',#7064,1.);
#349=VECTOR('',#7067,1.);
#350=VECTOR('',#7070,1.);
#351=VECTOR('',#7073,1.);
#352=VECTOR('',#7076,1.);
#353=VECTOR('',#7079,1.);
#354=VECTOR('',#7082,1.);
#355=VECTOR('',#7085,1.);
#356=VECTOR('',#7088,1.);
#357=VECTOR('',#7091,1.);
#358=VECTOR('',#7094,1.);
#359=VECTOR('',#7097,1.);
#360=VECTOR('',#7100,1.);
#361=VECTOR('',#7103,1.);
#362=VECTOR('',#7106,1.);
#363=VECTOR('',#7109,1.);
#364=VECTOR('',#7112,1.);
#365=VECTOR('',#7115,1.);
#366=VECTOR('',#7118,1.);
#367=VECTOR('',#7121,1.);
#368=VECTOR('',#7124,1.);
#369=VECTOR('',#7127,1.);
#370=VECTOR('',#7130,1.);
#371=VECTOR('',#7133,1.);
#372=VECTOR('',#7136,1.);
#373=VECTOR('',#7139,1.);
#374=VECTOR('',#7142,1.);
#375=VECTOR('',#7145,1.);
#376=VECTOR('',#7148,1.);
#377=VECTOR('',#7151,1.);
#378=VECTOR('',#7154,1.);
#379=VECTOR('',#7157,1.);
#380=VECTOR('',#7160,1.);
#381=VECTOR('',#7163,1.);
#382=VECTOR('',#7166,1.);
#383=VECTOR('',#7169,1.);
#384=VECTOR('',#7172,1.);
#385=VECTOR('',#7175,1.);
#386=VECTOR('',#7178,1.);
#387=VECTOR('',#7181,1.);
#388=VECTOR('',#7184,1.);
#389=VECTOR('',#7187,1.);
#390=VECTOR('',#7190,1.);
#391=VECTOR('',#7193,1.);
#392=VECTOR('',#7196,1.);
#393=VECTOR('',#7199,1.);
#394=VECTOR('',#7202,1.);
#395=VECTOR('',#7205,1.);
#396=VECTOR('',#7208,1.);
#397=VECTOR('',#7211,1.);
#398=VECTOR('',#7214,1.);
#399=VECTOR('',#7217,1.);
#400=VECTOR('',#7220,1.);
#401=VECTOR('',#7223,1.);
#402=VECTOR('',#7226,1.);
#403=VECTOR('',#7229,1.);
#404=VECTOR('',#7232,1.);
#405=VECTOR('',#7235,1.);
#406=VECTOR('',#7238,1.);
#407=VECTOR('',#7241,1.);
#408=VECTOR('',#7244,1.);
#409=VECTOR('',#7247,1.);
#410=VECTOR('',#7250,1.);
#411=VECTOR('',#7253,1.);
#412=VECTOR('',#7256,1.);
#413=VECTOR('',#7259,1.);
#414=VECTOR('',#7262,1.);
#415=VECTOR('',#7265,1.);
#416=VECTOR('',#7268,1.);
#417=VECTOR('',#7271,1.);
#418=VECTOR('',#7274,1.);
#419=VECTOR('',#7277,1.);
#420=VECTOR('',#7280,1.);
#421=VECTOR('',#7283,1.);
#422=VECTOR('',#7286,1.);
#423=VECTOR('',#7289,1.);
#424=VECTOR('',#7292,1.);
#425=VECTOR('',#7295,1.);
#426=VECTOR('',#7298,1.);
#427=VECTOR('',#7301,1.);
#428=VECTOR('',#7304,1.);
#429=VECTOR('',#7307,1.);
#430=VECTOR('',#7310,1.);
#431=VECTOR('',#7313,1.);
#432=VECTOR('',#7316,1.);
#433=VECTOR('',#7319,1.);
#434=VECTOR('',#7322,1.);
#435=VECTOR('',#7325,1.);
#436=VECTOR('',#7328,1.);
#437=VECTOR('',#7331,1.);
#438=VECTOR('',#7334,1.);
#439=VECTOR('',#7337,1.);
#440=VECTOR('',#7340,1.);
#441=VECTOR('',#7343,1.);
#442=VECTOR('',#7346,1.);
#443=VECTOR('',#7349,1.);
#444=VECTOR('',#7352,1.);
#445=VECTOR('',#7355,1.);
#446=VECTOR('',#7358,1.);
#447=VECTOR('',#7361,1.);
#448=VECTOR('',#7364,1.);
#449=VECTOR('',#7367,1.);
#450=VECTOR('',#7370,1.);
#451=VECTOR('',#7373,1.);
#452=VECTOR('',#7376,1.);
#453=VECTOR('',#7379,1.);
#454=VECTOR('',#7382,1.);
#455=VECTOR('',#7385,1.);
#456=VECTOR('',#7388,1.);
#457=VECTOR('',#7391,1.);
#458=VECTOR('',#7394,1.);
#459=VECTOR('',#7397,1.);
#460=VECTOR('',#7400,1.);
#461=VECTOR('',#7403,1.);
#462=VECTOR('',#7406,1.);
#463=VECTOR('',#7409,1.);
#464=VECTOR('',#7412,1.);
#465=VECTOR('',#7415,1.);
#466=VECTOR('',#7418,1.);
#467=VECTOR('',#7421,1.);
#468=VECTOR('',#7424,1.);
#469=VECTOR('',#7427,1.);
#470=VECTOR('',#7430,1.);
#471=VECTOR('',#7433,1.);
#472=VECTOR('',#7436,1.);
#473=VECTOR('',#7439,1.);
#474=VECTOR('',#7442,1.);
#475=VECTOR('',#7445,1.);
#476=VECTOR('',#7448,1.);
#477=VECTOR('',#7451,1.);
#478=VECTOR('',#7454,1.);
#479=VECTOR('',#7457,1.);
#480=VECTOR('',#7460,1.);
#481=VECTOR('',#7463,1.);
#482=VECTOR('',#7466,1.);
#483=VECTOR('',#7469,1.);
#484=VECTOR('',#7472,1.);
#485=VECTOR('',#7475,1.);
#486=VECTOR('',#7478,1.);
#487=VECTOR('',#7481,1.);
#488=VECTOR('',#7484,1.);
#489=VECTOR('',#7487,1.);
#490=VECTOR('',#7490,1.);
#491=VECTOR('',#7493,1.);
#492=VECTOR('',#7496,1.);
#493=VECTOR('',#7499,1.);
#494=VECTOR('',#7502,1.);
#495=VECTOR('',#7505,1.);
#496=VECTOR('',#7508,1.);
#497=VECTOR('',#7511,1.);
#498=VECTOR('',#7514,1.);
#499=VECTOR('',#7517,1.);
#500=VECTOR('',#7520,1.);
#501=VECTOR('',#7523,1.);
#502=VECTOR('',#7526,1.);
#503=VECTOR('',#7529,1.);
#504=VECTOR('',#7532,1.);
#505=VECTOR('',#7535,1.);
#506=VECTOR('',#7538,1.);
#507=VECTOR('',#7541,1.);
#508=VECTOR('',#7544,1.);
#509=VECTOR('',#7547,1.);
#510=VECTOR('',#7550,1.);
#511=VECTOR('',#7553,1.);
#512=VECTOR('',#7556,1.);
#513=VECTOR('',#7559,1.);
#514=VECTOR('',#7562,1.);
#515=VECTOR('',#7565,1.);
#516=VECTOR('',#7568,1.);
#517=VECTOR('',#7571,1.);
#518=VECTOR('',#7574,1.);
#519=VECTOR('',#7577,1.);
#520=VECTOR('',#7580,1.);
#521=VECTOR('',#7583,1.);
#522=VECTOR('',#7586,1.);
#523=VECTOR('',#7589,1.);
#524=VECTOR('',#7592,1.);
#525=VECTOR('',#7595,1.);
#526=VECTOR('',#7598,1.);
#527=VECTOR('',#7601,1.);
#528=VECTOR('',#7604,1.);
#529=VECTOR('',#7607,1.);
#530=VECTOR('',#7610,1.);
#531=VECTOR('',#7613,1.);
#532=VECTOR('',#7616,1.);
#533=VECTOR('',#7619,1.);
#534=VECTOR('',#7622,1.);
#535=VECTOR('',#7625,1.);
#536=VECTOR('',#7628,1.);
#537=VECTOR('',#7631,1.);
#538=VECTOR('',#7634,1.);
#539=VECTOR('',#7637,1.);
#540=VECTOR('',#7640,1.);
#541=VECTOR('',#7643,1.);
#542=VECTOR('',#7646,1.);
#543=VECTOR('',#7649,1.);
#544=VECTOR('',#7652,1.);
#545=VECTOR('',#7655,1.);
#546=VECTOR('',#7658,1.);
#547=VECTOR('',#7661,1.);
#548=VECTOR('',#7664,1.);
#549=VECTOR('',#7667,1.);
#550=VECTOR('',#7670,1.);
#551=VECTOR('',#7673,1.);
#552=VECTOR('',#7676,1.);
#553=VECTOR('',#7679,1.);
#554=VECTOR('',#7682,1.);
#555=VECTOR('',#7685,1.);
#556=VECTOR('',#7688,1.);
#557=VECTOR('',#7691,1.);
#558=VECTOR('',#7694,1.);
#559=VECTOR('',#7697,1.);
#560=VECTOR('',#7700,1.);
#561=VECTOR('',#7703,1.);
#562=VECTOR('',#7706,1.);
#563=VECTOR('',#7709,1.);
#564=PLANE('',#5088);
#565=PLANE('',#5095);
#566=PLANE('',#5098);
#567=PLANE('',#5099);
#568=PLANE('',#5100);
#569=PLANE('',#5101);
#570=PLANE('',#5102);
#571=PLANE('',#5103);
#572=PLANE('',#5106);
#573=PLANE('',#5109);
#574=PLANE('',#5112);
#575=PLANE('',#5115);
#576=PLANE('',#5118);
#577=PLANE('',#5121);
#578=PLANE('',#5124);
#579=PLANE('',#5134);
#580=PLANE('',#5135);
#581=PLANE('',#5136);
#582=PLANE('',#5137);
#583=PLANE('',#5138);
#584=PLANE('',#5139);
#585=PLANE('',#5148);
#586=PLANE('',#5393);
#587=B_SPLINE_CURVE_WITH_KNOTS('',3,(#7716,#7717,#7718,#7719,#7720,#7721,
#7722,#7723,#7724,#7725,#7726),.UNSPECIFIED.,.T.,.F.,(1,1,1,1,1,1,1,1,1,
1,1,1,1,1,1),(-0.00355068168024675,-0.0023671211201645,-0.00118356056008225,
0.,0.00118356056008225,0.0023671211201645,0.00355068168024675,0.004734242240329,
0.00591780280041125,0.0071013633604935,0.00828492392057575,0.009468484480658,
0.0106520450407403,0.0118356056008225,0.0130191661609048),.UNSPECIFIED.);
#588=B_SPLINE_CURVE_WITH_KNOTS('',3,(#7728,#7729,#7730,#7731,#7732,#7733,
#7734,#7735,#7736,#7737,#7738),.UNSPECIFIED.,.T.,.F.,(1,1,1,1,1,1,1,1,1,
1,1,1,1,1,1),(-0.00355068168024675,-0.0023671211201645,-0.00118356056008225,
0.,0.00118356056008225,0.0023671211201645,0.00355068168024675,0.004734242240329,
0.00591780280041125,0.0071013633604935,0.00828492392057575,0.009468484480658,
0.0106520450407403,0.0118356056008225,0.0130191661609048),.UNSPECIFIED.);
#589=B_SPLINE_CURVE_WITH_KNOTS('',3,(#7740,#7741,#7742,#7743,#7744,#7745,
#7746,#7747,#7748,#7749,#7750),.UNSPECIFIED.,.T.,.F.,(1,1,1,1,1,1,1,1,1,
1,1,1,1,1,1),(-0.00355068168024675,-0.0023671211201645,-0.00118356056008225,
0.,0.00118356056008225,0.0023671211201645,0.00355068168024675,0.004734242240329,
0.00591780280041125,0.0071013633604935,0.00828492392057575,0.009468484480658,
0.0106520450407403,0.0118356056008225,0.0130191661609048),.UNSPECIFIED.);
#590=B_SPLINE_CURVE_WITH_KNOTS('',3,(#7755,#7756,#7757,#7758,#7759,#7760,
#7761,#7762,#7763,#7764,#7765,#7766,#7767,#7768,#7769,#7770,#7771,#7772,
#7773,#7774,#7775,#7776,#7777,#7778,#7779,#7780,#7781,#7782,#7783,#7784,
#7785,#7786,#7787,#7788,#7789),.UNSPECIFIED.,.T.,.F.,(1,1,1,1,1,1,1,1,1,
1,1,1,1,1,1,1,1,1,1,1,1,1,1,1,1,1,1,1,1,1,1,1,1,1,1,1,1,1,1),(-0.0953949419202336,
-0.0641447470960117,-0.0320723735480059,0.,0.0296875,0.059375,0.09203125,
0.1233515625,0.154605078125,0.18585525390625,0.216324008300781,0.246792762695313,
0.278003700415039,0.309214638134766,0.342023231906738,0.373351161595337,
0.404605058079767,0.435855252903988,0.466324007774594,0.496792762645199,
0.52800370038873,0.55921463813226,0.592023231906613,0.623351161595331,0.654605058079767,
0.685855252903988,0.716324007774594,0.746792762645199,0.77800370038873,
0.80921463813226,0.842023231906613,0.873351161595331,0.904605058079766,
0.935855252903988,0.967927626451994,1.,1.0296875,1.059375,1.09203125),
 .UNSPECIFIED.);
#591=ORIENTED_EDGE('',*,*,#2151,.F.);
#592=ORIENTED_EDGE('',*,*,#2152,.F.);
#593=ORIENTED_EDGE('',*,*,#2153,.F.);
#594=ORIENTED_EDGE('',*,*,#2154,.F.);
#595=ORIENTED_EDGE('',*,*,#2155,.F.);
#596=ORIENTED_EDGE('',*,*,#2151,.T.);
#597=ORIENTED_EDGE('',*,*,#2156,.F.);
#598=ORIENTED_EDGE('',*,*,#2157,.F.);
#599=ORIENTED_EDGE('',*,*,#2152,.T.);
#600=ORIENTED_EDGE('',*,*,#2158,.F.);
#601=ORIENTED_EDGE('',*,*,#2153,.T.);
#602=ORIENTED_EDGE('',*,*,#2159,.F.);
#603=ORIENTED_EDGE('',*,*,#2154,.T.);
#604=ORIENTED_EDGE('',*,*,#2155,.T.);
#605=ORIENTED_EDGE('',*,*,#2160,.T.);
#606=ORIENTED_EDGE('',*,*,#2161,.T.);
#607=ORIENTED_EDGE('',*,*,#2162,.T.);
#608=ORIENTED_EDGE('',*,*,#2163,.T.);
#609=ORIENTED_EDGE('',*,*,#2164,.T.);
#610=ORIENTED_EDGE('',*,*,#2165,.T.);
#611=ORIENTED_EDGE('',*,*,#2166,.T.);
#612=ORIENTED_EDGE('',*,*,#2156,.T.);
#613=ORIENTED_EDGE('',*,*,#2157,.T.);
#614=ORIENTED_EDGE('',*,*,#2163,.F.);
#615=ORIENTED_EDGE('',*,*,#2167,.T.);
#616=ORIENTED_EDGE('',*,*,#2168,.T.);
#617=ORIENTED_EDGE('',*,*,#2169,.T.);
#618=ORIENTED_EDGE('',*,*,#2158,.T.);
#619=ORIENTED_EDGE('',*,*,#2165,.F.);
#620=ORIENTED_EDGE('',*,*,#2170,.T.);
#621=ORIENTED_EDGE('',*,*,#2171,.T.);
#622=ORIENTED_EDGE('',*,*,#2172,.T.);
#623=ORIENTED_EDGE('',*,*,#2159,.T.);
#624=ORIENTED_EDGE('',*,*,#2161,.F.);
#625=ORIENTED_EDGE('',*,*,#2173,.T.);
#626=ORIENTED_EDGE('',*,*,#2174,.T.);
#627=ORIENTED_EDGE('',*,*,#2175,.T.);
#628=ORIENTED_EDGE('',*,*,#2160,.F.);
#629=ORIENTED_EDGE('',*,*,#2172,.F.);
#630=ORIENTED_EDGE('',*,*,#2176,.T.);
#631=ORIENTED_EDGE('',*,*,#2173,.F.);
#632=ORIENTED_EDGE('',*,*,#2164,.F.);
#633=ORIENTED_EDGE('',*,*,#2169,.F.);
#634=ORIENTED_EDGE('',*,*,#2177,.T.);
#635=ORIENTED_EDGE('',*,*,#2170,.F.);
#636=ORIENTED_EDGE('',*,*,#2162,.F.);
#637=ORIENTED_EDGE('',*,*,#2175,.F.);
#638=ORIENTED_EDGE('',*,*,#2178,.T.);
#639=ORIENTED_EDGE('',*,*,#2167,.F.);
#640=ORIENTED_EDGE('',*,*,#2166,.F.);
#641=ORIENTED_EDGE('',*,*,#2179,.T.);
#642=ORIENTED_EDGE('',*,*,#2180,.T.);
#643=ORIENTED_EDGE('',*,*,#2168,.F.);
#644=ORIENTED_EDGE('',*,*,#2181,.T.);
#645=ORIENTED_EDGE('',*,*,#2182,.T.);
#646=ORIENTED_EDGE('',*,*,#2183,.T.);
#647=ORIENTED_EDGE('',*,*,#2171,.F.);
#648=ORIENTED_EDGE('',*,*,#2184,.T.);
#649=ORIENTED_EDGE('',*,*,#2185,.T.);
#650=ORIENTED_EDGE('',*,*,#2186,.T.);
#651=ORIENTED_EDGE('',*,*,#2174,.F.);
#652=ORIENTED_EDGE('',*,*,#2187,.T.);
#653=ORIENTED_EDGE('',*,*,#2188,.T.);
#654=ORIENTED_EDGE('',*,*,#2189,.T.);
#655=ORIENTED_EDGE('',*,*,#2176,.F.);
#656=ORIENTED_EDGE('',*,*,#2190,.T.);
#657=ORIENTED_EDGE('',*,*,#2191,.T.);
#658=ORIENTED_EDGE('',*,*,#2192,.T.);
#659=ORIENTED_EDGE('',*,*,#2193,.T.);
#660=ORIENTED_EDGE('',*,*,#2194,.T.);
#661=ORIENTED_EDGE('',*,*,#2177,.F.);
#662=ORIENTED_EDGE('',*,*,#2195,.T.);
#663=ORIENTED_EDGE('',*,*,#2178,.F.);
#664=ORIENTED_EDGE('',*,*,#2196,.T.);
#665=ORIENTED_EDGE('',*,*,#2197,.T.);
#666=ORIENTED_EDGE('',*,*,#2179,.F.);
#667=ORIENTED_EDGE('',*,*,#2198,.F.);
#668=ORIENTED_EDGE('',*,*,#2199,.T.);
#669=ORIENTED_EDGE('',*,*,#2187,.F.);
#670=ORIENTED_EDGE('',*,*,#2189,.F.);
#671=ORIENTED_EDGE('',*,*,#2200,.T.);
#672=ORIENTED_EDGE('',*,*,#2190,.F.);
#673=ORIENTED_EDGE('',*,*,#2183,.F.);
#674=ORIENTED_EDGE('',*,*,#2201,.T.);
#675=ORIENTED_EDGE('',*,*,#2184,.F.);
#676=ORIENTED_EDGE('',*,*,#2194,.F.);
#677=ORIENTED_EDGE('',*,*,#2202,.T.);
#678=ORIENTED_EDGE('',*,*,#2192,.F.);
#679=ORIENTED_EDGE('',*,*,#2180,.F.);
#680=ORIENTED_EDGE('',*,*,#2203,.T.);
#681=ORIENTED_EDGE('',*,*,#2181,.F.);
#682=ORIENTED_EDGE('',*,*,#2195,.F.);
#683=ORIENTED_EDGE('',*,*,#2204,.T.);
#684=ORIENTED_EDGE('',*,*,#2196,.F.);
#685=ORIENTED_EDGE('',*,*,#2186,.F.);
#686=ORIENTED_EDGE('',*,*,#2205,.T.);
#687=ORIENTED_EDGE('',*,*,#2203,.F.);
#688=ORIENTED_EDGE('',*,*,#2182,.F.);
#689=ORIENTED_EDGE('',*,*,#2201,.F.);
#690=ORIENTED_EDGE('',*,*,#2185,.F.);
#691=ORIENTED_EDGE('',*,*,#2205,.F.);
#692=ORIENTED_EDGE('',*,*,#2188,.F.);
#693=ORIENTED_EDGE('',*,*,#2200,.F.);
#694=ORIENTED_EDGE('',*,*,#2191,.F.);
#695=ORIENTED_EDGE('',*,*,#2202,.F.);
#696=ORIENTED_EDGE('',*,*,#2193,.F.);
#697=ORIENTED_EDGE('',*,*,#2204,.F.);
#698=ORIENTED_EDGE('',*,*,#2197,.F.);
#699=ORIENTED_EDGE('',*,*,#2206,.T.);
#700=ORIENTED_EDGE('',*,*,#2198,.T.);
#701=ORIENTED_EDGE('',*,*,#2199,.F.);
#702=ORIENTED_EDGE('',*,*,#2207,.T.);
#703=ORIENTED_EDGE('',*,*,#2208,.T.);
#704=ORIENTED_EDGE('',*,*,#2206,.F.);
#705=ORIENTED_EDGE('',*,*,#2209,.T.);
#706=ORIENTED_EDGE('',*,*,#2207,.F.);
#707=ORIENTED_EDGE('',*,*,#2210,.F.);
#708=ORIENTED_EDGE('',*,*,#2211,.F.);
#709=ORIENTED_EDGE('',*,*,#2212,.F.);
#710=ORIENTED_EDGE('',*,*,#2213,.F.);
#711=ORIENTED_EDGE('',*,*,#2214,.F.);
#712=ORIENTED_EDGE('',*,*,#2215,.T.);
#713=ORIENTED_EDGE('',*,*,#2216,.F.);
#714=ORIENTED_EDGE('',*,*,#2217,.F.);
#715=ORIENTED_EDGE('',*,*,#2218,.F.);
#716=ORIENTED_EDGE('',*,*,#2219,.F.);
#717=ORIENTED_EDGE('',*,*,#2220,.F.);
#718=ORIENTED_EDGE('',*,*,#2221,.T.);
#719=ORIENTED_EDGE('',*,*,#2222,.F.);
#720=ORIENTED_EDGE('',*,*,#2223,.F.);
#721=ORIENTED_EDGE('',*,*,#2224,.F.);
#722=ORIENTED_EDGE('',*,*,#2225,.F.);
#723=ORIENTED_EDGE('',*,*,#2226,.F.);
#724=ORIENTED_EDGE('',*,*,#2227,.T.);
#725=ORIENTED_EDGE('',*,*,#2228,.F.);
#726=ORIENTED_EDGE('',*,*,#2229,.F.);
#727=ORIENTED_EDGE('',*,*,#2230,.F.);
#728=ORIENTED_EDGE('',*,*,#2231,.F.);
#729=ORIENTED_EDGE('',*,*,#2232,.F.);
#730=ORIENTED_EDGE('',*,*,#2233,.T.);
#731=ORIENTED_EDGE('',*,*,#2234,.F.);
#732=ORIENTED_EDGE('',*,*,#2235,.F.);
#733=ORIENTED_EDGE('',*,*,#2236,.F.);
#734=ORIENTED_EDGE('',*,*,#2237,.F.);
#735=ORIENTED_EDGE('',*,*,#2238,.F.);
#736=ORIENTED_EDGE('',*,*,#2239,.T.);
#737=ORIENTED_EDGE('',*,*,#2240,.F.);
#738=ORIENTED_EDGE('',*,*,#2241,.F.);
#739=ORIENTED_EDGE('',*,*,#2242,.F.);
#740=ORIENTED_EDGE('',*,*,#2243,.F.);
#741=ORIENTED_EDGE('',*,*,#2244,.F.);
#742=ORIENTED_EDGE('',*,*,#2245,.T.);
#743=ORIENTED_EDGE('',*,*,#2246,.F.);
#744=ORIENTED_EDGE('',*,*,#2247,.F.);
#745=ORIENTED_EDGE('',*,*,#2248,.F.);
#746=ORIENTED_EDGE('',*,*,#2249,.F.);
#747=ORIENTED_EDGE('',*,*,#2250,.F.);
#748=ORIENTED_EDGE('',*,*,#2251,.T.);
#749=ORIENTED_EDGE('',*,*,#2252,.F.);
#750=ORIENTED_EDGE('',*,*,#2253,.F.);
#751=ORIENTED_EDGE('',*,*,#2254,.F.);
#752=ORIENTED_EDGE('',*,*,#2255,.F.);
#753=ORIENTED_EDGE('',*,*,#2256,.F.);
#754=ORIENTED_EDGE('',*,*,#2257,.T.);
#755=ORIENTED_EDGE('',*,*,#2258,.F.);
#756=ORIENTED_EDGE('',*,*,#2259,.F.);
#757=ORIENTED_EDGE('',*,*,#2260,.F.);
#758=ORIENTED_EDGE('',*,*,#2261,.F.);
#759=ORIENTED_EDGE('',*,*,#2262,.F.);
#760=ORIENTED_EDGE('',*,*,#2263,.T.);
#761=ORIENTED_EDGE('',*,*,#2264,.F.);
#762=ORIENTED_EDGE('',*,*,#2265,.F.);
#763=ORIENTED_EDGE('',*,*,#2266,.F.);
#764=ORIENTED_EDGE('',*,*,#2267,.F.);
#765=ORIENTED_EDGE('',*,*,#2268,.F.);
#766=ORIENTED_EDGE('',*,*,#2269,.T.);
#767=ORIENTED_EDGE('',*,*,#2270,.F.);
#768=ORIENTED_EDGE('',*,*,#2271,.F.);
#769=ORIENTED_EDGE('',*,*,#2272,.F.);
#770=ORIENTED_EDGE('',*,*,#2273,.F.);
#771=ORIENTED_EDGE('',*,*,#2274,.F.);
#772=ORIENTED_EDGE('',*,*,#2275,.T.);
#773=ORIENTED_EDGE('',*,*,#2276,.F.);
#774=ORIENTED_EDGE('',*,*,#2277,.F.);
#775=ORIENTED_EDGE('',*,*,#2278,.F.);
#776=ORIENTED_EDGE('',*,*,#2279,.F.);
#777=ORIENTED_EDGE('',*,*,#2280,.F.);
#778=ORIENTED_EDGE('',*,*,#2281,.T.);
#779=ORIENTED_EDGE('',*,*,#2282,.F.);
#780=ORIENTED_EDGE('',*,*,#2283,.F.);
#781=ORIENTED_EDGE('',*,*,#2284,.F.);
#782=ORIENTED_EDGE('',*,*,#2285,.F.);
#783=ORIENTED_EDGE('',*,*,#2286,.F.);
#784=ORIENTED_EDGE('',*,*,#2287,.T.);
#785=ORIENTED_EDGE('',*,*,#2288,.F.);
#786=ORIENTED_EDGE('',*,*,#2289,.F.);
#787=ORIENTED_EDGE('',*,*,#2290,.F.);
#788=ORIENTED_EDGE('',*,*,#2291,.F.);
#789=ORIENTED_EDGE('',*,*,#2292,.F.);
#790=ORIENTED_EDGE('',*,*,#2293,.T.);
#791=ORIENTED_EDGE('',*,*,#2294,.F.);
#792=ORIENTED_EDGE('',*,*,#2295,.F.);
#793=ORIENTED_EDGE('',*,*,#2296,.F.);
#794=ORIENTED_EDGE('',*,*,#2297,.F.);
#795=ORIENTED_EDGE('',*,*,#2298,.F.);
#796=ORIENTED_EDGE('',*,*,#2299,.T.);
#797=ORIENTED_EDGE('',*,*,#2300,.F.);
#798=ORIENTED_EDGE('',*,*,#2301,.F.);
#799=ORIENTED_EDGE('',*,*,#2302,.F.);
#800=ORIENTED_EDGE('',*,*,#2303,.F.);
#801=ORIENTED_EDGE('',*,*,#2304,.F.);
#802=ORIENTED_EDGE('',*,*,#2305,.T.);
#803=ORIENTED_EDGE('',*,*,#2306,.F.);
#804=ORIENTED_EDGE('',*,*,#2307,.F.);
#805=ORIENTED_EDGE('',*,*,#2308,.F.);
#806=ORIENTED_EDGE('',*,*,#2309,.F.);
#807=ORIENTED_EDGE('',*,*,#2310,.F.);
#808=ORIENTED_EDGE('',*,*,#2311,.T.);
#809=ORIENTED_EDGE('',*,*,#2312,.F.);
#810=ORIENTED_EDGE('',*,*,#2313,.F.);
#811=ORIENTED_EDGE('',*,*,#2314,.F.);
#812=ORIENTED_EDGE('',*,*,#2315,.F.);
#813=ORIENTED_EDGE('',*,*,#2316,.F.);
#814=ORIENTED_EDGE('',*,*,#2317,.T.);
#815=ORIENTED_EDGE('',*,*,#2318,.F.);
#816=ORIENTED_EDGE('',*,*,#2319,.F.);
#817=ORIENTED_EDGE('',*,*,#2320,.F.);
#818=ORIENTED_EDGE('',*,*,#2321,.F.);
#819=ORIENTED_EDGE('',*,*,#2322,.F.);
#820=ORIENTED_EDGE('',*,*,#2323,.T.);
#821=ORIENTED_EDGE('',*,*,#2324,.F.);
#822=ORIENTED_EDGE('',*,*,#2325,.F.);
#823=ORIENTED_EDGE('',*,*,#2326,.F.);
#824=ORIENTED_EDGE('',*,*,#2327,.F.);
#825=ORIENTED_EDGE('',*,*,#2328,.F.);
#826=ORIENTED_EDGE('',*,*,#2329,.T.);
#827=ORIENTED_EDGE('',*,*,#2330,.F.);
#828=ORIENTED_EDGE('',*,*,#2331,.F.);
#829=ORIENTED_EDGE('',*,*,#2332,.F.);
#830=ORIENTED_EDGE('',*,*,#2333,.F.);
#831=ORIENTED_EDGE('',*,*,#2334,.F.);
#832=ORIENTED_EDGE('',*,*,#2335,.T.);
#833=ORIENTED_EDGE('',*,*,#2336,.F.);
#834=ORIENTED_EDGE('',*,*,#2337,.F.);
#835=ORIENTED_EDGE('',*,*,#2338,.F.);
#836=ORIENTED_EDGE('',*,*,#2339,.F.);
#837=ORIENTED_EDGE('',*,*,#2340,.F.);
#838=ORIENTED_EDGE('',*,*,#2341,.T.);
#839=ORIENTED_EDGE('',*,*,#2342,.F.);
#840=ORIENTED_EDGE('',*,*,#2343,.F.);
#841=ORIENTED_EDGE('',*,*,#2344,.F.);
#842=ORIENTED_EDGE('',*,*,#2345,.F.);
#843=ORIENTED_EDGE('',*,*,#2346,.F.);
#844=ORIENTED_EDGE('',*,*,#2347,.T.);
#845=ORIENTED_EDGE('',*,*,#2348,.F.);
#846=ORIENTED_EDGE('',*,*,#2349,.F.);
#847=ORIENTED_EDGE('',*,*,#2350,.F.);
#848=ORIENTED_EDGE('',*,*,#2351,.F.);
#849=ORIENTED_EDGE('',*,*,#2352,.F.);
#850=ORIENTED_EDGE('',*,*,#2353,.T.);
#851=ORIENTED_EDGE('',*,*,#2354,.F.);
#852=ORIENTED_EDGE('',*,*,#2355,.F.);
#853=ORIENTED_EDGE('',*,*,#2356,.F.);
#854=ORIENTED_EDGE('',*,*,#2357,.F.);
#855=ORIENTED_EDGE('',*,*,#2358,.F.);
#856=ORIENTED_EDGE('',*,*,#2359,.T.);
#857=ORIENTED_EDGE('',*,*,#2360,.F.);
#858=ORIENTED_EDGE('',*,*,#2361,.F.);
#859=ORIENTED_EDGE('',*,*,#2362,.F.);
#860=ORIENTED_EDGE('',*,*,#2363,.F.);
#861=ORIENTED_EDGE('',*,*,#2364,.F.);
#862=ORIENTED_EDGE('',*,*,#2365,.T.);
#863=ORIENTED_EDGE('',*,*,#2366,.F.);
#864=ORIENTED_EDGE('',*,*,#2367,.F.);
#865=ORIENTED_EDGE('',*,*,#2368,.F.);
#866=ORIENTED_EDGE('',*,*,#2369,.F.);
#867=ORIENTED_EDGE('',*,*,#2370,.F.);
#868=ORIENTED_EDGE('',*,*,#2371,.T.);
#869=ORIENTED_EDGE('',*,*,#2372,.F.);
#870=ORIENTED_EDGE('',*,*,#2373,.F.);
#871=ORIENTED_EDGE('',*,*,#2374,.F.);
#872=ORIENTED_EDGE('',*,*,#2375,.F.);
#873=ORIENTED_EDGE('',*,*,#2376,.F.);
#874=ORIENTED_EDGE('',*,*,#2377,.T.);
#875=ORIENTED_EDGE('',*,*,#2378,.F.);
#876=ORIENTED_EDGE('',*,*,#2379,.F.);
#877=ORIENTED_EDGE('',*,*,#2380,.F.);
#878=ORIENTED_EDGE('',*,*,#2381,.F.);
#879=ORIENTED_EDGE('',*,*,#2382,.F.);
#880=ORIENTED_EDGE('',*,*,#2383,.T.);
#881=ORIENTED_EDGE('',*,*,#2384,.F.);
#882=ORIENTED_EDGE('',*,*,#2385,.F.);
#883=ORIENTED_EDGE('',*,*,#2386,.F.);
#884=ORIENTED_EDGE('',*,*,#2387,.F.);
#885=ORIENTED_EDGE('',*,*,#2388,.F.);
#886=ORIENTED_EDGE('',*,*,#2389,.T.);
#887=ORIENTED_EDGE('',*,*,#2390,.F.);
#888=ORIENTED_EDGE('',*,*,#2391,.F.);
#889=ORIENTED_EDGE('',*,*,#2392,.F.);
#890=ORIENTED_EDGE('',*,*,#2393,.F.);
#891=ORIENTED_EDGE('',*,*,#2394,.F.);
#892=ORIENTED_EDGE('',*,*,#2395,.T.);
#893=ORIENTED_EDGE('',*,*,#2396,.F.);
#894=ORIENTED_EDGE('',*,*,#2397,.F.);
#895=ORIENTED_EDGE('',*,*,#2398,.F.);
#896=ORIENTED_EDGE('',*,*,#2399,.F.);
#897=ORIENTED_EDGE('',*,*,#2400,.F.);
#898=ORIENTED_EDGE('',*,*,#2401,.T.);
#899=ORIENTED_EDGE('',*,*,#2402,.F.);
#900=ORIENTED_EDGE('',*,*,#2403,.F.);
#901=ORIENTED_EDGE('',*,*,#2404,.F.);
#902=ORIENTED_EDGE('',*,*,#2405,.F.);
#903=ORIENTED_EDGE('',*,*,#2406,.F.);
#904=ORIENTED_EDGE('',*,*,#2407,.T.);
#905=ORIENTED_EDGE('',*,*,#2408,.F.);
#906=ORIENTED_EDGE('',*,*,#2409,.F.);
#907=ORIENTED_EDGE('',*,*,#2410,.F.);
#908=ORIENTED_EDGE('',*,*,#2411,.F.);
#909=ORIENTED_EDGE('',*,*,#2412,.F.);
#910=ORIENTED_EDGE('',*,*,#2413,.T.);
#911=ORIENTED_EDGE('',*,*,#2414,.F.);
#912=ORIENTED_EDGE('',*,*,#2415,.F.);
#913=ORIENTED_EDGE('',*,*,#2416,.F.);
#914=ORIENTED_EDGE('',*,*,#2417,.F.);
#915=ORIENTED_EDGE('',*,*,#2418,.F.);
#916=ORIENTED_EDGE('',*,*,#2419,.T.);
#917=ORIENTED_EDGE('',*,*,#2420,.F.);
#918=ORIENTED_EDGE('',*,*,#2421,.F.);
#919=ORIENTED_EDGE('',*,*,#2422,.F.);
#920=ORIENTED_EDGE('',*,*,#2423,.F.);
#921=ORIENTED_EDGE('',*,*,#2424,.F.);
#922=ORIENTED_EDGE('',*,*,#2425,.T.);
#923=ORIENTED_EDGE('',*,*,#2426,.F.);
#924=ORIENTED_EDGE('',*,*,#2427,.F.);
#925=ORIENTED_EDGE('',*,*,#2428,.F.);
#926=ORIENTED_EDGE('',*,*,#2429,.F.);
#927=ORIENTED_EDGE('',*,*,#2430,.F.);
#928=ORIENTED_EDGE('',*,*,#2431,.T.);
#929=ORIENTED_EDGE('',*,*,#2432,.F.);
#930=ORIENTED_EDGE('',*,*,#2433,.F.);
#931=ORIENTED_EDGE('',*,*,#2434,.F.);
#932=ORIENTED_EDGE('',*,*,#2435,.F.);
#933=ORIENTED_EDGE('',*,*,#2436,.F.);
#934=ORIENTED_EDGE('',*,*,#2437,.T.);
#935=ORIENTED_EDGE('',*,*,#2438,.F.);
#936=ORIENTED_EDGE('',*,*,#2439,.F.);
#937=ORIENTED_EDGE('',*,*,#2440,.F.);
#938=ORIENTED_EDGE('',*,*,#2441,.F.);
#939=ORIENTED_EDGE('',*,*,#2442,.F.);
#940=ORIENTED_EDGE('',*,*,#2443,.T.);
#941=ORIENTED_EDGE('',*,*,#2444,.F.);
#942=ORIENTED_EDGE('',*,*,#2445,.F.);
#943=ORIENTED_EDGE('',*,*,#2446,.F.);
#944=ORIENTED_EDGE('',*,*,#2447,.F.);
#945=ORIENTED_EDGE('',*,*,#2448,.F.);
#946=ORIENTED_EDGE('',*,*,#2449,.T.);
#947=ORIENTED_EDGE('',*,*,#2208,.F.);
#948=ORIENTED_EDGE('',*,*,#2209,.F.);
#949=ORIENTED_EDGE('',*,*,#2450,.T.);
#950=ORIENTED_EDGE('',*,*,#2451,.F.);
#951=ORIENTED_EDGE('',*,*,#2452,.F.);
#952=ORIENTED_EDGE('',*,*,#2453,.F.);
#953=ORIENTED_EDGE('',*,*,#2449,.F.);
#954=ORIENTED_EDGE('',*,*,#2454,.F.);
#955=ORIENTED_EDGE('',*,*,#2455,.F.);
#956=ORIENTED_EDGE('',*,*,#2452,.T.);
#957=ORIENTED_EDGE('',*,*,#2456,.F.);
#958=ORIENTED_EDGE('',*,*,#2457,.F.);
#959=ORIENTED_EDGE('',*,*,#2458,.F.);
#960=ORIENTED_EDGE('',*,*,#2459,.F.);
#961=ORIENTED_EDGE('',*,*,#2460,.F.);
#962=ORIENTED_EDGE('',*,*,#2461,.T.);
#963=ORIENTED_EDGE('',*,*,#2462,.F.);
#964=ORIENTED_EDGE('',*,*,#2463,.F.);
#965=ORIENTED_EDGE('',*,*,#2464,.F.);
#966=ORIENTED_EDGE('',*,*,#2465,.F.);
#967=ORIENTED_EDGE('',*,*,#2466,.F.);
#968=ORIENTED_EDGE('',*,*,#2467,.T.);
#969=ORIENTED_EDGE('',*,*,#2468,.F.);
#970=ORIENTED_EDGE('',*,*,#2469,.F.);
#971=ORIENTED_EDGE('',*,*,#2470,.F.);
#972=ORIENTED_EDGE('',*,*,#2471,.F.);
#973=ORIENTED_EDGE('',*,*,#2472,.F.);
#974=ORIENTED_EDGE('',*,*,#2473,.T.);
#975=ORIENTED_EDGE('',*,*,#2474,.F.);
#976=ORIENTED_EDGE('',*,*,#2475,.F.);
#977=ORIENTED_EDGE('',*,*,#2476,.F.);
#978=ORIENTED_EDGE('',*,*,#2477,.F.);
#979=ORIENTED_EDGE('',*,*,#2478,.F.);
#980=ORIENTED_EDGE('',*,*,#2479,.T.);
#981=ORIENTED_EDGE('',*,*,#2480,.F.);
#982=ORIENTED_EDGE('',*,*,#2481,.F.);
#983=ORIENTED_EDGE('',*,*,#2482,.F.);
#984=ORIENTED_EDGE('',*,*,#2483,.F.);
#985=ORIENTED_EDGE('',*,*,#2484,.F.);
#986=ORIENTED_EDGE('',*,*,#2485,.T.);
#987=ORIENTED_EDGE('',*,*,#2486,.F.);
#988=ORIENTED_EDGE('',*,*,#2487,.F.);
#989=ORIENTED_EDGE('',*,*,#2488,.F.);
#990=ORIENTED_EDGE('',*,*,#2489,.F.);
#991=ORIENTED_EDGE('',*,*,#2490,.F.);
#992=ORIENTED_EDGE('',*,*,#2491,.T.);
#993=ORIENTED_EDGE('',*,*,#2492,.F.);
#994=ORIENTED_EDGE('',*,*,#2493,.F.);
#995=ORIENTED_EDGE('',*,*,#2494,.F.);
#996=ORIENTED_EDGE('',*,*,#2495,.F.);
#997=ORIENTED_EDGE('',*,*,#2496,.F.);
#998=ORIENTED_EDGE('',*,*,#2497,.T.);
#999=ORIENTED_EDGE('',*,*,#2498,.F.);
#1000=ORIENTED_EDGE('',*,*,#2499,.F.);
#1001=ORIENTED_EDGE('',*,*,#2500,.F.);
#1002=ORIENTED_EDGE('',*,*,#2501,.F.);
#1003=ORIENTED_EDGE('',*,*,#2502,.F.);
#1004=ORIENTED_EDGE('',*,*,#2503,.T.);
#1005=ORIENTED_EDGE('',*,*,#2504,.F.);
#1006=ORIENTED_EDGE('',*,*,#2505,.F.);
#1007=ORIENTED_EDGE('',*,*,#2506,.F.);
#1008=ORIENTED_EDGE('',*,*,#2507,.F.);
#1009=ORIENTED_EDGE('',*,*,#2508,.F.);
#1010=ORIENTED_EDGE('',*,*,#2509,.T.);
#1011=ORIENTED_EDGE('',*,*,#2510,.F.);
#1012=ORIENTED_EDGE('',*,*,#2511,.F.);
#1013=ORIENTED_EDGE('',*,*,#2512,.F.);
#1014=ORIENTED_EDGE('',*,*,#2513,.F.);
#1015=ORIENTED_EDGE('',*,*,#2514,.F.);
#1016=ORIENTED_EDGE('',*,*,#2515,.T.);
#1017=ORIENTED_EDGE('',*,*,#2516,.F.);
#1018=ORIENTED_EDGE('',*,*,#2517,.F.);
#1019=ORIENTED_EDGE('',*,*,#2518,.F.);
#1020=ORIENTED_EDGE('',*,*,#2519,.F.);
#1021=ORIENTED_EDGE('',*,*,#2520,.F.);
#1022=ORIENTED_EDGE('',*,*,#2521,.T.);
#1023=ORIENTED_EDGE('',*,*,#2522,.F.);
#1024=ORIENTED_EDGE('',*,*,#2523,.F.);
#1025=ORIENTED_EDGE('',*,*,#2524,.F.);
#1026=ORIENTED_EDGE('',*,*,#2525,.F.);
#1027=ORIENTED_EDGE('',*,*,#2526,.F.);
#1028=ORIENTED_EDGE('',*,*,#2527,.T.);
#1029=ORIENTED_EDGE('',*,*,#2528,.F.);
#1030=ORIENTED_EDGE('',*,*,#2529,.F.);
#1031=ORIENTED_EDGE('',*,*,#2530,.F.);
#1032=ORIENTED_EDGE('',*,*,#2531,.F.);
#1033=ORIENTED_EDGE('',*,*,#2532,.F.);
#1034=ORIENTED_EDGE('',*,*,#2533,.T.);
#1035=ORIENTED_EDGE('',*,*,#2534,.F.);
#1036=ORIENTED_EDGE('',*,*,#2535,.F.);
#1037=ORIENTED_EDGE('',*,*,#2536,.F.);
#1038=ORIENTED_EDGE('',*,*,#2537,.F.);
#1039=ORIENTED_EDGE('',*,*,#2538,.F.);
#1040=ORIENTED_EDGE('',*,*,#2539,.T.);
#1041=ORIENTED_EDGE('',*,*,#2540,.F.);
#1042=ORIENTED_EDGE('',*,*,#2541,.F.);
#1043=ORIENTED_EDGE('',*,*,#2542,.F.);
#1044=ORIENTED_EDGE('',*,*,#2543,.F.);
#1045=ORIENTED_EDGE('',*,*,#2544,.F.);
#1046=ORIENTED_EDGE('',*,*,#2545,.T.);
#1047=ORIENTED_EDGE('',*,*,#2546,.F.);
#1048=ORIENTED_EDGE('',*,*,#2547,.F.);
#1049=ORIENTED_EDGE('',*,*,#2548,.F.);
#1050=ORIENTED_EDGE('',*,*,#2549,.F.);
#1051=ORIENTED_EDGE('',*,*,#2550,.F.);
#1052=ORIENTED_EDGE('',*,*,#2551,.T.);
#1053=ORIENTED_EDGE('',*,*,#2552,.F.);
#1054=ORIENTED_EDGE('',*,*,#2553,.F.);
#1055=ORIENTED_EDGE('',*,*,#2554,.F.);
#1056=ORIENTED_EDGE('',*,*,#2555,.F.);
#1057=ORIENTED_EDGE('',*,*,#2556,.F.);
#1058=ORIENTED_EDGE('',*,*,#2557,.T.);
#1059=ORIENTED_EDGE('',*,*,#2558,.F.);
#1060=ORIENTED_EDGE('',*,*,#2559,.F.);
#1061=ORIENTED_EDGE('',*,*,#2560,.F.);
#1062=ORIENTED_EDGE('',*,*,#2561,.F.);
#1063=ORIENTED_EDGE('',*,*,#2562,.F.);
#1064=ORIENTED_EDGE('',*,*,#2563,.T.);
#1065=ORIENTED_EDGE('',*,*,#2564,.F.);
#1066=ORIENTED_EDGE('',*,*,#2565,.F.);
#1067=ORIENTED_EDGE('',*,*,#2566,.F.);
#1068=ORIENTED_EDGE('',*,*,#2567,.F.);
#1069=ORIENTED_EDGE('',*,*,#2568,.F.);
#1070=ORIENTED_EDGE('',*,*,#2569,.T.);
#1071=ORIENTED_EDGE('',*,*,#2570,.F.);
#1072=ORIENTED_EDGE('',*,*,#2571,.F.);
#1073=ORIENTED_EDGE('',*,*,#2572,.F.);
#1074=ORIENTED_EDGE('',*,*,#2573,.F.);
#1075=ORIENTED_EDGE('',*,*,#2574,.F.);
#1076=ORIENTED_EDGE('',*,*,#2575,.T.);
#1077=ORIENTED_EDGE('',*,*,#2576,.F.);
#1078=ORIENTED_EDGE('',*,*,#2577,.F.);
#1079=ORIENTED_EDGE('',*,*,#2578,.F.);
#1080=ORIENTED_EDGE('',*,*,#2579,.F.);
#1081=ORIENTED_EDGE('',*,*,#2580,.F.);
#1082=ORIENTED_EDGE('',*,*,#2581,.T.);
#1083=ORIENTED_EDGE('',*,*,#2582,.F.);
#1084=ORIENTED_EDGE('',*,*,#2583,.F.);
#1085=ORIENTED_EDGE('',*,*,#2584,.F.);
#1086=ORIENTED_EDGE('',*,*,#2585,.F.);
#1087=ORIENTED_EDGE('',*,*,#2586,.F.);
#1088=ORIENTED_EDGE('',*,*,#2587,.T.);
#1089=ORIENTED_EDGE('',*,*,#2588,.F.);
#1090=ORIENTED_EDGE('',*,*,#2589,.F.);
#1091=ORIENTED_EDGE('',*,*,#2590,.F.);
#1092=ORIENTED_EDGE('',*,*,#2591,.F.);
#1093=ORIENTED_EDGE('',*,*,#2592,.F.);
#1094=ORIENTED_EDGE('',*,*,#2593,.T.);
#1095=ORIENTED_EDGE('',*,*,#2594,.F.);
#1096=ORIENTED_EDGE('',*,*,#2595,.F.);
#1097=ORIENTED_EDGE('',*,*,#2596,.F.);
#1098=ORIENTED_EDGE('',*,*,#2597,.F.);
#1099=ORIENTED_EDGE('',*,*,#2598,.F.);
#1100=ORIENTED_EDGE('',*,*,#2599,.T.);
#1101=ORIENTED_EDGE('',*,*,#2600,.F.);
#1102=ORIENTED_EDGE('',*,*,#2601,.F.);
#1103=ORIENTED_EDGE('',*,*,#2602,.F.);
#1104=ORIENTED_EDGE('',*,*,#2603,.F.);
#1105=ORIENTED_EDGE('',*,*,#2604,.F.);
#1106=ORIENTED_EDGE('',*,*,#2605,.T.);
#1107=ORIENTED_EDGE('',*,*,#2606,.F.);
#1108=ORIENTED_EDGE('',*,*,#2607,.F.);
#1109=ORIENTED_EDGE('',*,*,#2608,.F.);
#1110=ORIENTED_EDGE('',*,*,#2609,.F.);
#1111=ORIENTED_EDGE('',*,*,#2610,.F.);
#1112=ORIENTED_EDGE('',*,*,#2611,.T.);
#1113=ORIENTED_EDGE('',*,*,#2612,.F.);
#1114=ORIENTED_EDGE('',*,*,#2613,.F.);
#1115=ORIENTED_EDGE('',*,*,#2614,.F.);
#1116=ORIENTED_EDGE('',*,*,#2615,.F.);
#1117=ORIENTED_EDGE('',*,*,#2616,.F.);
#1118=ORIENTED_EDGE('',*,*,#2617,.T.);
#1119=ORIENTED_EDGE('',*,*,#2618,.F.);
#1120=ORIENTED_EDGE('',*,*,#2619,.F.);
#1121=ORIENTED_EDGE('',*,*,#2620,.F.);
#1122=ORIENTED_EDGE('',*,*,#2621,.F.);
#1123=ORIENTED_EDGE('',*,*,#2622,.F.);
#1124=ORIENTED_EDGE('',*,*,#2623,.T.);
#1125=ORIENTED_EDGE('',*,*,#2624,.F.);
#1126=ORIENTED_EDGE('',*,*,#2625,.F.);
#1127=ORIENTED_EDGE('',*,*,#2626,.F.);
#1128=ORIENTED_EDGE('',*,*,#2627,.F.);
#1129=ORIENTED_EDGE('',*,*,#2628,.F.);
#1130=ORIENTED_EDGE('',*,*,#2629,.T.);
#1131=ORIENTED_EDGE('',*,*,#2630,.F.);
#1132=ORIENTED_EDGE('',*,*,#2631,.F.);
#1133=ORIENTED_EDGE('',*,*,#2632,.F.);
#1134=ORIENTED_EDGE('',*,*,#2633,.F.);
#1135=ORIENTED_EDGE('',*,*,#2634,.F.);
#1136=ORIENTED_EDGE('',*,*,#2635,.T.);
#1137=ORIENTED_EDGE('',*,*,#2636,.F.);
#1138=ORIENTED_EDGE('',*,*,#2637,.F.);
#1139=ORIENTED_EDGE('',*,*,#2638,.F.);
#1140=ORIENTED_EDGE('',*,*,#2639,.F.);
#1141=ORIENTED_EDGE('',*,*,#2640,.F.);
#1142=ORIENTED_EDGE('',*,*,#2641,.T.);
#1143=ORIENTED_EDGE('',*,*,#2642,.F.);
#1144=ORIENTED_EDGE('',*,*,#2643,.F.);
#1145=ORIENTED_EDGE('',*,*,#2644,.F.);
#1146=ORIENTED_EDGE('',*,*,#2645,.F.);
#1147=ORIENTED_EDGE('',*,*,#2646,.F.);
#1148=ORIENTED_EDGE('',*,*,#2647,.T.);
#1149=ORIENTED_EDGE('',*,*,#2648,.F.);
#1150=ORIENTED_EDGE('',*,*,#2649,.F.);
#1151=ORIENTED_EDGE('',*,*,#2650,.F.);
#1152=ORIENTED_EDGE('',*,*,#2651,.F.);
#1153=ORIENTED_EDGE('',*,*,#2652,.F.);
#1154=ORIENTED_EDGE('',*,*,#2653,.T.);
#1155=ORIENTED_EDGE('',*,*,#2654,.F.);
#1156=ORIENTED_EDGE('',*,*,#2655,.F.);
#1157=ORIENTED_EDGE('',*,*,#2656,.F.);
#1158=ORIENTED_EDGE('',*,*,#2657,.F.);
#1159=ORIENTED_EDGE('',*,*,#2658,.F.);
#1160=ORIENTED_EDGE('',*,*,#2659,.T.);
#1161=ORIENTED_EDGE('',*,*,#2660,.F.);
#1162=ORIENTED_EDGE('',*,*,#2661,.F.);
#1163=ORIENTED_EDGE('',*,*,#2662,.F.);
#1164=ORIENTED_EDGE('',*,*,#2663,.F.);
#1165=ORIENTED_EDGE('',*,*,#2664,.F.);
#1166=ORIENTED_EDGE('',*,*,#2665,.T.);
#1167=ORIENTED_EDGE('',*,*,#2666,.F.);
#1168=ORIENTED_EDGE('',*,*,#2667,.F.);
#1169=ORIENTED_EDGE('',*,*,#2668,.F.);
#1170=ORIENTED_EDGE('',*,*,#2669,.F.);
#1171=ORIENTED_EDGE('',*,*,#2670,.F.);
#1172=ORIENTED_EDGE('',*,*,#2671,.T.);
#1173=ORIENTED_EDGE('',*,*,#2672,.F.);
#1174=ORIENTED_EDGE('',*,*,#2673,.F.);
#1175=ORIENTED_EDGE('',*,*,#2674,.F.);
#1176=ORIENTED_EDGE('',*,*,#2675,.F.);
#1177=ORIENTED_EDGE('',*,*,#2676,.F.);
#1178=ORIENTED_EDGE('',*,*,#2677,.T.);
#1179=ORIENTED_EDGE('',*,*,#2678,.F.);
#1180=ORIENTED_EDGE('',*,*,#2679,.F.);
#1181=ORIENTED_EDGE('',*,*,#2680,.F.);
#1182=ORIENTED_EDGE('',*,*,#2681,.F.);
#1183=ORIENTED_EDGE('',*,*,#2682,.F.);
#1184=ORIENTED_EDGE('',*,*,#2683,.T.);
#1185=ORIENTED_EDGE('',*,*,#2684,.F.);
#1186=ORIENTED_EDGE('',*,*,#2685,.F.);
#1187=ORIENTED_EDGE('',*,*,#2686,.F.);
#1188=ORIENTED_EDGE('',*,*,#2687,.F.);
#1189=ORIENTED_EDGE('',*,*,#2688,.F.);
#1190=ORIENTED_EDGE('',*,*,#2689,.T.);
#1191=ORIENTED_EDGE('',*,*,#2690,.F.);
#1192=ORIENTED_EDGE('',*,*,#2691,.F.);
#1193=ORIENTED_EDGE('',*,*,#2692,.F.);
#1194=ORIENTED_EDGE('',*,*,#2450,.F.);
#1195=ORIENTED_EDGE('',*,*,#2456,.T.);
#1196=ORIENTED_EDGE('',*,*,#2451,.T.);
#1197=ORIENTED_EDGE('',*,*,#2448,.T.);
#1198=ORIENTED_EDGE('',*,*,#2693,.T.);
#1199=ORIENTED_EDGE('',*,*,#2455,.T.);
#1200=ORIENTED_EDGE('',*,*,#2694,.T.);
#1201=ORIENTED_EDGE('',*,*,#2210,.T.);
#1202=ORIENTED_EDGE('',*,*,#2453,.T.);
#1203=ORIENTED_EDGE('',*,*,#2457,.T.);
#1204=ORIENTED_EDGE('',*,*,#2693,.F.);
#1205=ORIENTED_EDGE('',*,*,#2447,.T.);
#1206=ORIENTED_EDGE('',*,*,#2695,.T.);
#1207=ORIENTED_EDGE('',*,*,#2454,.T.);
#1208=ORIENTED_EDGE('',*,*,#2696,.T.);
#1209=ORIENTED_EDGE('',*,*,#2211,.T.);
#1210=ORIENTED_EDGE('',*,*,#2694,.F.);
#1211=ORIENTED_EDGE('',*,*,#2458,.T.);
#1212=ORIENTED_EDGE('',*,*,#2695,.F.);
#1213=ORIENTED_EDGE('',*,*,#2446,.T.);
#1214=ORIENTED_EDGE('',*,*,#2697,.T.);
#1215=ORIENTED_EDGE('',*,*,#2692,.T.);
#1216=ORIENTED_EDGE('',*,*,#2698,.T.);
#1217=ORIENTED_EDGE('',*,*,#2212,.T.);
#1218=ORIENTED_EDGE('',*,*,#2696,.F.);
#1219=ORIENTED_EDGE('',*,*,#2459,.T.);
#1220=ORIENTED_EDGE('',*,*,#2697,.F.);
#1221=ORIENTED_EDGE('',*,*,#2445,.T.);
#1222=ORIENTED_EDGE('',*,*,#2699,.T.);
#1223=ORIENTED_EDGE('',*,*,#2691,.T.);
#1224=ORIENTED_EDGE('',*,*,#2700,.T.);
#1225=ORIENTED_EDGE('',*,*,#2213,.T.);
#1226=ORIENTED_EDGE('',*,*,#2698,.F.);
#1227=ORIENTED_EDGE('',*,*,#2460,.T.);
#1228=ORIENTED_EDGE('',*,*,#2699,.F.);
#1229=ORIENTED_EDGE('',*,*,#2444,.T.);
#1230=ORIENTED_EDGE('',*,*,#2701,.T.);
#1231=ORIENTED_EDGE('',*,*,#2690,.T.);
#1232=ORIENTED_EDGE('',*,*,#2702,.T.);
#1233=ORIENTED_EDGE('',*,*,#2214,.T.);
#1234=ORIENTED_EDGE('',*,*,#2700,.F.);
#1235=ORIENTED_EDGE('',*,*,#2703,.F.);
#1236=ORIENTED_EDGE('',*,*,#2461,.F.);
#1237=ORIENTED_EDGE('',*,*,#2701,.F.);
#1238=ORIENTED_EDGE('',*,*,#2443,.F.);
#1239=ORIENTED_EDGE('',*,*,#2702,.F.);
#1240=ORIENTED_EDGE('',*,*,#2689,.F.);
#1241=ORIENTED_EDGE('',*,*,#2704,.F.);
#1242=ORIENTED_EDGE('',*,*,#2215,.F.);
#1243=ORIENTED_EDGE('',*,*,#2462,.T.);
#1244=ORIENTED_EDGE('',*,*,#2703,.T.);
#1245=ORIENTED_EDGE('',*,*,#2442,.T.);
#1246=ORIENTED_EDGE('',*,*,#2705,.T.);
#1247=ORIENTED_EDGE('',*,*,#2688,.T.);
#1248=ORIENTED_EDGE('',*,*,#2706,.T.);
#1249=ORIENTED_EDGE('',*,*,#2216,.T.);
#1250=ORIENTED_EDGE('',*,*,#2704,.T.);
#1251=ORIENTED_EDGE('',*,*,#2463,.T.);
#1252=ORIENTED_EDGE('',*,*,#2705,.F.);
#1253=ORIENTED_EDGE('',*,*,#2441,.T.);
#1254=ORIENTED_EDGE('',*,*,#2707,.T.);
#1255=ORIENTED_EDGE('',*,*,#2687,.T.);
#1256=ORIENTED_EDGE('',*,*,#2708,.T.);
#1257=ORIENTED_EDGE('',*,*,#2217,.T.);
#1258=ORIENTED_EDGE('',*,*,#2706,.F.);
#1259=ORIENTED_EDGE('',*,*,#2464,.T.);
#1260=ORIENTED_EDGE('',*,*,#2707,.F.);
#1261=ORIENTED_EDGE('',*,*,#2440,.T.);
#1262=ORIENTED_EDGE('',*,*,#2709,.T.);
#1263=ORIENTED_EDGE('',*,*,#2686,.T.);
#1264=ORIENTED_EDGE('',*,*,#2710,.T.);
#1265=ORIENTED_EDGE('',*,*,#2218,.T.);
#1266=ORIENTED_EDGE('',*,*,#2708,.F.);
#1267=ORIENTED_EDGE('',*,*,#2465,.T.);
#1268=ORIENTED_EDGE('',*,*,#2709,.F.);
#1269=ORIENTED_EDGE('',*,*,#2439,.T.);
#1270=ORIENTED_EDGE('',*,*,#2711,.T.);
#1271=ORIENTED_EDGE('',*,*,#2685,.T.);
#1272=ORIENTED_EDGE('',*,*,#2712,.T.);
#1273=ORIENTED_EDGE('',*,*,#2219,.T.);
#1274=ORIENTED_EDGE('',*,*,#2710,.F.);
#1275=ORIENTED_EDGE('',*,*,#2466,.T.);
#1276=ORIENTED_EDGE('',*,*,#2711,.F.);
#1277=ORIENTED_EDGE('',*,*,#2438,.T.);
#1278=ORIENTED_EDGE('',*,*,#2713,.T.);
#1279=ORIENTED_EDGE('',*,*,#2684,.T.);
#1280=ORIENTED_EDGE('',*,*,#2714,.T.);
#1281=ORIENTED_EDGE('',*,*,#2220,.T.);
#1282=ORIENTED_EDGE('',*,*,#2712,.F.);
#1283=ORIENTED_EDGE('',*,*,#2715,.F.);
#1284=ORIENTED_EDGE('',*,*,#2467,.F.);
#1285=ORIENTED_EDGE('',*,*,#2713,.F.);
#1286=ORIENTED_EDGE('',*,*,#2437,.F.);
#1287=ORIENTED_EDGE('',*,*,#2714,.F.);
#1288=ORIENTED_EDGE('',*,*,#2683,.F.);
#1289=ORIENTED_EDGE('',*,*,#2716,.F.);
#1290=ORIENTED_EDGE('',*,*,#2221,.F.);
#1291=ORIENTED_EDGE('',*,*,#2468,.T.);
#1292=ORIENTED_EDGE('',*,*,#2715,.T.);
#1293=ORIENTED_EDGE('',*,*,#2436,.T.);
#1294=ORIENTED_EDGE('',*,*,#2717,.T.);
#1295=ORIENTED_EDGE('',*,*,#2682,.T.);
#1296=ORIENTED_EDGE('',*,*,#2718,.T.);
#1297=ORIENTED_EDGE('',*,*,#2222,.T.);
#1298=ORIENTED_EDGE('',*,*,#2716,.T.);
#1299=ORIENTED_EDGE('',*,*,#2469,.T.);
#1300=ORIENTED_EDGE('',*,*,#2717,.F.);
#1301=ORIENTED_EDGE('',*,*,#2435,.T.);
#1302=ORIENTED_EDGE('',*,*,#2719,.T.);
#1303=ORIENTED_EDGE('',*,*,#2681,.T.);
#1304=ORIENTED_EDGE('',*,*,#2720,.T.);
#1305=ORIENTED_EDGE('',*,*,#2223,.T.);
#1306=ORIENTED_EDGE('',*,*,#2718,.F.);
#1307=ORIENTED_EDGE('',*,*,#2470,.T.);
#1308=ORIENTED_EDGE('',*,*,#2719,.F.);
#1309=ORIENTED_EDGE('',*,*,#2434,.T.);
#1310=ORIENTED_EDGE('',*,*,#2721,.T.);
#1311=ORIENTED_EDGE('',*,*,#2680,.T.);
#1312=ORIENTED_EDGE('',*,*,#2722,.T.);
#1313=ORIENTED_EDGE('',*,*,#2224,.T.);
#1314=ORIENTED_EDGE('',*,*,#2720,.F.);
#1315=ORIENTED_EDGE('',*,*,#2471,.T.);
#1316=ORIENTED_EDGE('',*,*,#2721,.F.);
#1317=ORIENTED_EDGE('',*,*,#2433,.T.);
#1318=ORIENTED_EDGE('',*,*,#2723,.T.);
#1319=ORIENTED_EDGE('',*,*,#2679,.T.);
#1320=ORIENTED_EDGE('',*,*,#2724,.T.);
#1321=ORIENTED_EDGE('',*,*,#2225,.T.);
#1322=ORIENTED_EDGE('',*,*,#2722,.F.);
#1323=ORIENTED_EDGE('',*,*,#2472,.T.);
#1324=ORIENTED_EDGE('',*,*,#2723,.F.);
#1325=ORIENTED_EDGE('',*,*,#2432,.T.);
#1326=ORIENTED_EDGE('',*,*,#2725,.T.);
#1327=ORIENTED_EDGE('',*,*,#2678,.T.);
#1328=ORIENTED_EDGE('',*,*,#2726,.T.);
#1329=ORIENTED_EDGE('',*,*,#2226,.T.);
#1330=ORIENTED_EDGE('',*,*,#2724,.F.);
#1331=ORIENTED_EDGE('',*,*,#2727,.F.);
#1332=ORIENTED_EDGE('',*,*,#2473,.F.);
#1333=ORIENTED_EDGE('',*,*,#2725,.F.);
#1334=ORIENTED_EDGE('',*,*,#2431,.F.);
#1335=ORIENTED_EDGE('',*,*,#2726,.F.);
#1336=ORIENTED_EDGE('',*,*,#2677,.F.);
#1337=ORIENTED_EDGE('',*,*,#2728,.F.);
#1338=ORIENTED_EDGE('',*,*,#2227,.F.);
#1339=ORIENTED_EDGE('',*,*,#2474,.T.);
#1340=ORIENTED_EDGE('',*,*,#2727,.T.);
#1341=ORIENTED_EDGE('',*,*,#2430,.T.);
#1342=ORIENTED_EDGE('',*,*,#2729,.T.);
#1343=ORIENTED_EDGE('',*,*,#2676,.T.);
#1344=ORIENTED_EDGE('',*,*,#2730,.T.);
#1345=ORIENTED_EDGE('',*,*,#2228,.T.);
#1346=ORIENTED_EDGE('',*,*,#2728,.T.);
#1347=ORIENTED_EDGE('',*,*,#2475,.T.);
#1348=ORIENTED_EDGE('',*,*,#2729,.F.);
#1349=ORIENTED_EDGE('',*,*,#2429,.T.);
#1350=ORIENTED_EDGE('',*,*,#2731,.T.);
#1351=ORIENTED_EDGE('',*,*,#2675,.T.);
#1352=ORIENTED_EDGE('',*,*,#2732,.T.);
#1353=ORIENTED_EDGE('',*,*,#2229,.T.);
#1354=ORIENTED_EDGE('',*,*,#2730,.F.);
#1355=ORIENTED_EDGE('',*,*,#2476,.T.);
#1356=ORIENTED_EDGE('',*,*,#2731,.F.);
#1357=ORIENTED_EDGE('',*,*,#2428,.T.);
#1358=ORIENTED_EDGE('',*,*,#2733,.T.);
#1359=ORIENTED_EDGE('',*,*,#2674,.T.);
#1360=ORIENTED_EDGE('',*,*,#2734,.T.);
#1361=ORIENTED_EDGE('',*,*,#2230,.T.);
#1362=ORIENTED_EDGE('',*,*,#2732,.F.);
#1363=ORIENTED_EDGE('',*,*,#2477,.T.);
#1364=ORIENTED_EDGE('',*,*,#2733,.F.);
#1365=ORIENTED_EDGE('',*,*,#2427,.T.);
#1366=ORIENTED_EDGE('',*,*,#2735,.T.);
#1367=ORIENTED_EDGE('',*,*,#2673,.T.);
#1368=ORIENTED_EDGE('',*,*,#2736,.T.);
#1369=ORIENTED_EDGE('',*,*,#2231,.T.);
#1370=ORIENTED_EDGE('',*,*,#2734,.F.);
#1371=ORIENTED_EDGE('',*,*,#2478,.T.);
#1372=ORIENTED_EDGE('',*,*,#2735,.F.);
#1373=ORIENTED_EDGE('',*,*,#2426,.T.);
#1374=ORIENTED_EDGE('',*,*,#2737,.T.);
#1375=ORIENTED_EDGE('',*,*,#2672,.T.);
#1376=ORIENTED_EDGE('',*,*,#2738,.T.);
#1377=ORIENTED_EDGE('',*,*,#2232,.T.);
#1378=ORIENTED_EDGE('',*,*,#2736,.F.);
#1379=ORIENTED_EDGE('',*,*,#2739,.F.);
#1380=ORIENTED_EDGE('',*,*,#2479,.F.);
#1381=ORIENTED_EDGE('',*,*,#2737,.F.);
#1382=ORIENTED_EDGE('',*,*,#2425,.F.);
#1383=ORIENTED_EDGE('',*,*,#2738,.F.);
#1384=ORIENTED_EDGE('',*,*,#2671,.F.);
#1385=ORIENTED_EDGE('',*,*,#2740,.F.);
#1386=ORIENTED_EDGE('',*,*,#2233,.F.);
#1387=ORIENTED_EDGE('',*,*,#2480,.T.);
#1388=ORIENTED_EDGE('',*,*,#2739,.T.);
#1389=ORIENTED_EDGE('',*,*,#2424,.T.);
#1390=ORIENTED_EDGE('',*,*,#2741,.T.);
#1391=ORIENTED_EDGE('',*,*,#2670,.T.);
#1392=ORIENTED_EDGE('',*,*,#2742,.T.);
#1393=ORIENTED_EDGE('',*,*,#2234,.T.);
#1394=ORIENTED_EDGE('',*,*,#2740,.T.);
#1395=ORIENTED_EDGE('',*,*,#2481,.T.);
#1396=ORIENTED_EDGE('',*,*,#2741,.F.);
#1397=ORIENTED_EDGE('',*,*,#2423,.T.);
#1398=ORIENTED_EDGE('',*,*,#2743,.T.);
#1399=ORIENTED_EDGE('',*,*,#2669,.T.);
#1400=ORIENTED_EDGE('',*,*,#2744,.T.);
#1401=ORIENTED_EDGE('',*,*,#2235,.T.);
#1402=ORIENTED_EDGE('',*,*,#2742,.F.);
#1403=ORIENTED_EDGE('',*,*,#2482,.T.);
#1404=ORIENTED_EDGE('',*,*,#2743,.F.);
#1405=ORIENTED_EDGE('',*,*,#2422,.T.);
#1406=ORIENTED_EDGE('',*,*,#2745,.T.);
#1407=ORIENTED_EDGE('',*,*,#2668,.T.);
#1408=ORIENTED_EDGE('',*,*,#2746,.T.);
#1409=ORIENTED_EDGE('',*,*,#2236,.T.);
#1410=ORIENTED_EDGE('',*,*,#2744,.F.);
#1411=ORIENTED_EDGE('',*,*,#2483,.T.);
#1412=ORIENTED_EDGE('',*,*,#2745,.F.);
#1413=ORIENTED_EDGE('',*,*,#2421,.T.);
#1414=ORIENTED_EDGE('',*,*,#2747,.T.);
#1415=ORIENTED_EDGE('',*,*,#2667,.T.);
#1416=ORIENTED_EDGE('',*,*,#2748,.T.);
#1417=ORIENTED_EDGE('',*,*,#2237,.T.);
#1418=ORIENTED_EDGE('',*,*,#2746,.F.);
#1419=ORIENTED_EDGE('',*,*,#2484,.T.);
#1420=ORIENTED_EDGE('',*,*,#2747,.F.);
#1421=ORIENTED_EDGE('',*,*,#2420,.T.);
#1422=ORIENTED_EDGE('',*,*,#2749,.T.);
#1423=ORIENTED_EDGE('',*,*,#2666,.T.);
#1424=ORIENTED_EDGE('',*,*,#2750,.T.);
#1425=ORIENTED_EDGE('',*,*,#2238,.T.);
#1426=ORIENTED_EDGE('',*,*,#2748,.F.);
#1427=ORIENTED_EDGE('',*,*,#2751,.F.);
#1428=ORIENTED_EDGE('',*,*,#2485,.F.);
#1429=ORIENTED_EDGE('',*,*,#2749,.F.);
#1430=ORIENTED_EDGE('',*,*,#2419,.F.);
#1431=ORIENTED_EDGE('',*,*,#2750,.F.);
#1432=ORIENTED_EDGE('',*,*,#2665,.F.);
#1433=ORIENTED_EDGE('',*,*,#2752,.F.);
#1434=ORIENTED_EDGE('',*,*,#2239,.F.);
#1435=ORIENTED_EDGE('',*,*,#2486,.T.);
#1436=ORIENTED_EDGE('',*,*,#2751,.T.);
#1437=ORIENTED_EDGE('',*,*,#2418,.T.);
#1438=ORIENTED_EDGE('',*,*,#2753,.T.);
#1439=ORIENTED_EDGE('',*,*,#2664,.T.);
#1440=ORIENTED_EDGE('',*,*,#2754,.T.);
#1441=ORIENTED_EDGE('',*,*,#2240,.T.);
#1442=ORIENTED_EDGE('',*,*,#2752,.T.);
#1443=ORIENTED_EDGE('',*,*,#2487,.T.);
#1444=ORIENTED_EDGE('',*,*,#2753,.F.);
#1445=ORIENTED_EDGE('',*,*,#2417,.T.);
#1446=ORIENTED_EDGE('',*,*,#2755,.T.);
#1447=ORIENTED_EDGE('',*,*,#2663,.T.);
#1448=ORIENTED_EDGE('',*,*,#2756,.T.);
#1449=ORIENTED_EDGE('',*,*,#2241,.T.);
#1450=ORIENTED_EDGE('',*,*,#2754,.F.);
#1451=ORIENTED_EDGE('',*,*,#2488,.T.);
#1452=ORIENTED_EDGE('',*,*,#2755,.F.);
#1453=ORIENTED_EDGE('',*,*,#2416,.T.);
#1454=ORIENTED_EDGE('',*,*,#2757,.T.);
#1455=ORIENTED_EDGE('',*,*,#2662,.T.);
#1456=ORIENTED_EDGE('',*,*,#2758,.T.);
#1457=ORIENTED_EDGE('',*,*,#2242,.T.);
#1458=ORIENTED_EDGE('',*,*,#2756,.F.);
#1459=ORIENTED_EDGE('',*,*,#2489,.T.);
#1460=ORIENTED_EDGE('',*,*,#2757,.F.);
#1461=ORIENTED_EDGE('',*,*,#2415,.T.);
#1462=ORIENTED_EDGE('',*,*,#2759,.T.);
#1463=ORIENTED_EDGE('',*,*,#2661,.T.);
#1464=ORIENTED_EDGE('',*,*,#2760,.T.);
#1465=ORIENTED_EDGE('',*,*,#2243,.T.);
#1466=ORIENTED_EDGE('',*,*,#2758,.F.);
#1467=ORIENTED_EDGE('',*,*,#2490,.T.);
#1468=ORIENTED_EDGE('',*,*,#2759,.F.);
#1469=ORIENTED_EDGE('',*,*,#2414,.T.);
#1470=ORIENTED_EDGE('',*,*,#2761,.T.);
#1471=ORIENTED_EDGE('',*,*,#2660,.T.);
#1472=ORIENTED_EDGE('',*,*,#2762,.T.);
#1473=ORIENTED_EDGE('',*,*,#2244,.T.);
#1474=ORIENTED_EDGE('',*,*,#2760,.F.);
#1475=ORIENTED_EDGE('',*,*,#2763,.F.);
#1476=ORIENTED_EDGE('',*,*,#2491,.F.);
#1477=ORIENTED_EDGE('',*,*,#2761,.F.);
#1478=ORIENTED_EDGE('',*,*,#2413,.F.);
#1479=ORIENTED_EDGE('',*,*,#2762,.F.);
#1480=ORIENTED_EDGE('',*,*,#2659,.F.);
#1481=ORIENTED_EDGE('',*,*,#2764,.F.);
#1482=ORIENTED_EDGE('',*,*,#2245,.F.);
#1483=ORIENTED_EDGE('',*,*,#2492,.T.);
#1484=ORIENTED_EDGE('',*,*,#2763,.T.);
#1485=ORIENTED_EDGE('',*,*,#2412,.T.);
#1486=ORIENTED_EDGE('',*,*,#2765,.T.);
#1487=ORIENTED_EDGE('',*,*,#2658,.T.);
#1488=ORIENTED_EDGE('',*,*,#2766,.T.);
#1489=ORIENTED_EDGE('',*,*,#2246,.T.);
#1490=ORIENTED_EDGE('',*,*,#2764,.T.);
#1491=ORIENTED_EDGE('',*,*,#2493,.T.);
#1492=ORIENTED_EDGE('',*,*,#2765,.F.);
#1493=ORIENTED_EDGE('',*,*,#2411,.T.);
#1494=ORIENTED_EDGE('',*,*,#2767,.T.);
#1495=ORIENTED_EDGE('',*,*,#2657,.T.);
#1496=ORIENTED_EDGE('',*,*,#2768,.T.);
#1497=ORIENTED_EDGE('',*,*,#2247,.T.);
#1498=ORIENTED_EDGE('',*,*,#2766,.F.);
#1499=ORIENTED_EDGE('',*,*,#2494,.T.);
#1500=ORIENTED_EDGE('',*,*,#2767,.F.);
#1501=ORIENTED_EDGE('',*,*,#2410,.T.);
#1502=ORIENTED_EDGE('',*,*,#2769,.T.);
#1503=ORIENTED_EDGE('',*,*,#2656,.T.);
#1504=ORIENTED_EDGE('',*,*,#2770,.T.);
#1505=ORIENTED_EDGE('',*,*,#2248,.T.);
#1506=ORIENTED_EDGE('',*,*,#2768,.F.);
#1507=ORIENTED_EDGE('',*,*,#2495,.T.);
#1508=ORIENTED_EDGE('',*,*,#2769,.F.);
#1509=ORIENTED_EDGE('',*,*,#2409,.T.);
#1510=ORIENTED_EDGE('',*,*,#2771,.T.);
#1511=ORIENTED_EDGE('',*,*,#2655,.T.);
#1512=ORIENTED_EDGE('',*,*,#2772,.T.);
#1513=ORIENTED_EDGE('',*,*,#2249,.T.);
#1514=ORIENTED_EDGE('',*,*,#2770,.F.);
#1515=ORIENTED_EDGE('',*,*,#2496,.T.);
#1516=ORIENTED_EDGE('',*,*,#2771,.F.);
#1517=ORIENTED_EDGE('',*,*,#2408,.T.);
#1518=ORIENTED_EDGE('',*,*,#2773,.T.);
#1519=ORIENTED_EDGE('',*,*,#2654,.T.);
#1520=ORIENTED_EDGE('',*,*,#2774,.T.);
#1521=ORIENTED_EDGE('',*,*,#2250,.T.);
#1522=ORIENTED_EDGE('',*,*,#2772,.F.);
#1523=ORIENTED_EDGE('',*,*,#2775,.F.);
#1524=ORIENTED_EDGE('',*,*,#2497,.F.);
#1525=ORIENTED_EDGE('',*,*,#2773,.F.);
#1526=ORIENTED_EDGE('',*,*,#2407,.F.);
#1527=ORIENTED_EDGE('',*,*,#2774,.F.);
#1528=ORIENTED_EDGE('',*,*,#2653,.F.);
#1529=ORIENTED_EDGE('',*,*,#2776,.F.);
#1530=ORIENTED_EDGE('',*,*,#2251,.F.);
#1531=ORIENTED_EDGE('',*,*,#2498,.T.);
#1532=ORIENTED_EDGE('',*,*,#2775,.T.);
#1533=ORIENTED_EDGE('',*,*,#2406,.T.);
#1534=ORIENTED_EDGE('',*,*,#2777,.T.);
#1535=ORIENTED_EDGE('',*,*,#2652,.T.);
#1536=ORIENTED_EDGE('',*,*,#2778,.T.);
#1537=ORIENTED_EDGE('',*,*,#2252,.T.);
#1538=ORIENTED_EDGE('',*,*,#2776,.T.);
#1539=ORIENTED_EDGE('',*,*,#2499,.T.);
#1540=ORIENTED_EDGE('',*,*,#2777,.F.);
#1541=ORIENTED_EDGE('',*,*,#2405,.T.);
#1542=ORIENTED_EDGE('',*,*,#2779,.T.);
#1543=ORIENTED_EDGE('',*,*,#2651,.T.);
#1544=ORIENTED_EDGE('',*,*,#2780,.T.);
#1545=ORIENTED_EDGE('',*,*,#2253,.T.);
#1546=ORIENTED_EDGE('',*,*,#2778,.F.);
#1547=ORIENTED_EDGE('',*,*,#2500,.T.);
#1548=ORIENTED_EDGE('',*,*,#2779,.F.);
#1549=ORIENTED_EDGE('',*,*,#2404,.T.);
#1550=ORIENTED_EDGE('',*,*,#2781,.T.);
#1551=ORIENTED_EDGE('',*,*,#2650,.T.);
#1552=ORIENTED_EDGE('',*,*,#2782,.T.);
#1553=ORIENTED_EDGE('',*,*,#2254,.T.);
#1554=ORIENTED_EDGE('',*,*,#2780,.F.);
#1555=ORIENTED_EDGE('',*,*,#2501,.T.);
#1556=ORIENTED_EDGE('',*,*,#2781,.F.);
#1557=ORIENTED_EDGE('',*,*,#2403,.T.);
#1558=ORIENTED_EDGE('',*,*,#2783,.T.);
#1559=ORIENTED_EDGE('',*,*,#2649,.T.);
#1560=ORIENTED_EDGE('',*,*,#2784,.T.);
#1561=ORIENTED_EDGE('',*,*,#2255,.T.);
#1562=ORIENTED_EDGE('',*,*,#2782,.F.);
#1563=ORIENTED_EDGE('',*,*,#2502,.T.);
#1564=ORIENTED_EDGE('',*,*,#2783,.F.);
#1565=ORIENTED_EDGE('',*,*,#2402,.T.);
#1566=ORIENTED_EDGE('',*,*,#2785,.T.);
#1567=ORIENTED_EDGE('',*,*,#2648,.T.);
#1568=ORIENTED_EDGE('',*,*,#2786,.T.);
#1569=ORIENTED_EDGE('',*,*,#2256,.T.);
#1570=ORIENTED_EDGE('',*,*,#2784,.F.);
#1571=ORIENTED_EDGE('',*,*,#2787,.F.);
#1572=ORIENTED_EDGE('',*,*,#2503,.F.);
#1573=ORIENTED_EDGE('',*,*,#2785,.F.);
#1574=ORIENTED_EDGE('',*,*,#2401,.F.);
#1575=ORIENTED_EDGE('',*,*,#2786,.F.);
#1576=ORIENTED_EDGE('',*,*,#2647,.F.);
#1577=ORIENTED_EDGE('',*,*,#2788,.F.);
#1578=ORIENTED_EDGE('',*,*,#2257,.F.);
#1579=ORIENTED_EDGE('',*,*,#2504,.T.);
#1580=ORIENTED_EDGE('',*,*,#2787,.T.);
#1581=ORIENTED_EDGE('',*,*,#2400,.T.);
#1582=ORIENTED_EDGE('',*,*,#2789,.T.);
#1583=ORIENTED_EDGE('',*,*,#2646,.T.);
#1584=ORIENTED_EDGE('',*,*,#2790,.T.);
#1585=ORIENTED_EDGE('',*,*,#2258,.T.);
#1586=ORIENTED_EDGE('',*,*,#2788,.T.);
#1587=ORIENTED_EDGE('',*,*,#2505,.T.);
#1588=ORIENTED_EDGE('',*,*,#2789,.F.);
#1589=ORIENTED_EDGE('',*,*,#2399,.T.);
#1590=ORIENTED_EDGE('',*,*,#2791,.T.);
#1591=ORIENTED_EDGE('',*,*,#2645,.T.);
#1592=ORIENTED_EDGE('',*,*,#2792,.T.);
#1593=ORIENTED_EDGE('',*,*,#2259,.T.);
#1594=ORIENTED_EDGE('',*,*,#2790,.F.);
#1595=ORIENTED_EDGE('',*,*,#2506,.T.);
#1596=ORIENTED_EDGE('',*,*,#2791,.F.);
#1597=ORIENTED_EDGE('',*,*,#2398,.T.);
#1598=ORIENTED_EDGE('',*,*,#2793,.T.);
#1599=ORIENTED_EDGE('',*,*,#2644,.T.);
#1600=ORIENTED_EDGE('',*,*,#2794,.T.);
#1601=ORIENTED_EDGE('',*,*,#2260,.T.);
#1602=ORIENTED_EDGE('',*,*,#2792,.F.);
#1603=ORIENTED_EDGE('',*,*,#2507,.T.);
#1604=ORIENTED_EDGE('',*,*,#2793,.F.);
#1605=ORIENTED_EDGE('',*,*,#2397,.T.);
#1606=ORIENTED_EDGE('',*,*,#2795,.T.);
#1607=ORIENTED_EDGE('',*,*,#2643,.T.);
#1608=ORIENTED_EDGE('',*,*,#2796,.T.);
#1609=ORIENTED_EDGE('',*,*,#2261,.T.);
#1610=ORIENTED_EDGE('',*,*,#2794,.F.);
#1611=ORIENTED_EDGE('',*,*,#2508,.T.);
#1612=ORIENTED_EDGE('',*,*,#2795,.F.);
#1613=ORIENTED_EDGE('',*,*,#2396,.T.);
#1614=ORIENTED_EDGE('',*,*,#2797,.T.);
#1615=ORIENTED_EDGE('',*,*,#2642,.T.);
#1616=ORIENTED_EDGE('',*,*,#2798,.T.);
#1617=ORIENTED_EDGE('',*,*,#2262,.T.);
#1618=ORIENTED_EDGE('',*,*,#2796,.F.);
#1619=ORIENTED_EDGE('',*,*,#2799,.F.);
#1620=ORIENTED_EDGE('',*,*,#2509,.F.);
#1621=ORIENTED_EDGE('',*,*,#2797,.F.);
#1622=ORIENTED_EDGE('',*,*,#2395,.F.);
#1623=ORIENTED_EDGE('',*,*,#2798,.F.);
#1624=ORIENTED_EDGE('',*,*,#2641,.F.);
#1625=ORIENTED_EDGE('',*,*,#2800,.F.);
#1626=ORIENTED_EDGE('',*,*,#2263,.F.);
#1627=ORIENTED_EDGE('',*,*,#2510,.T.);
#1628=ORIENTED_EDGE('',*,*,#2799,.T.);
#1629=ORIENTED_EDGE('',*,*,#2394,.T.);
#1630=ORIENTED_EDGE('',*,*,#2801,.T.);
#1631=ORIENTED_EDGE('',*,*,#2640,.T.);
#1632=ORIENTED_EDGE('',*,*,#2802,.T.);
#1633=ORIENTED_EDGE('',*,*,#2264,.T.);
#1634=ORIENTED_EDGE('',*,*,#2800,.T.);
#1635=ORIENTED_EDGE('',*,*,#2511,.T.);
#1636=ORIENTED_EDGE('',*,*,#2801,.F.);
#1637=ORIENTED_EDGE('',*,*,#2393,.T.);
#1638=ORIENTED_EDGE('',*,*,#2803,.T.);
#1639=ORIENTED_EDGE('',*,*,#2639,.T.);
#1640=ORIENTED_EDGE('',*,*,#2804,.T.);
#1641=ORIENTED_EDGE('',*,*,#2265,.T.);
#1642=ORIENTED_EDGE('',*,*,#2802,.F.);
#1643=ORIENTED_EDGE('',*,*,#2512,.T.);
#1644=ORIENTED_EDGE('',*,*,#2803,.F.);
#1645=ORIENTED_EDGE('',*,*,#2392,.T.);
#1646=ORIENTED_EDGE('',*,*,#2805,.T.);
#1647=ORIENTED_EDGE('',*,*,#2638,.T.);
#1648=ORIENTED_EDGE('',*,*,#2806,.T.);
#1649=ORIENTED_EDGE('',*,*,#2266,.T.);
#1650=ORIENTED_EDGE('',*,*,#2804,.F.);
#1651=ORIENTED_EDGE('',*,*,#2513,.T.);
#1652=ORIENTED_EDGE('',*,*,#2805,.F.);
#1653=ORIENTED_EDGE('',*,*,#2391,.T.);
#1654=ORIENTED_EDGE('',*,*,#2807,.T.);
#1655=ORIENTED_EDGE('',*,*,#2637,.T.);
#1656=ORIENTED_EDGE('',*,*,#2808,.T.);
#1657=ORIENTED_EDGE('',*,*,#2267,.T.);
#1658=ORIENTED_EDGE('',*,*,#2806,.F.);
#1659=ORIENTED_EDGE('',*,*,#2514,.T.);
#1660=ORIENTED_EDGE('',*,*,#2807,.F.);
#1661=ORIENTED_EDGE('',*,*,#2390,.T.);
#1662=ORIENTED_EDGE('',*,*,#2809,.T.);
#1663=ORIENTED_EDGE('',*,*,#2636,.T.);
#1664=ORIENTED_EDGE('',*,*,#2810,.T.);
#1665=ORIENTED_EDGE('',*,*,#2268,.T.);
#1666=ORIENTED_EDGE('',*,*,#2808,.F.);
#1667=ORIENTED_EDGE('',*,*,#2811,.F.);
#1668=ORIENTED_EDGE('',*,*,#2515,.F.);
#1669=ORIENTED_EDGE('',*,*,#2809,.F.);
#1670=ORIENTED_EDGE('',*,*,#2389,.F.);
#1671=ORIENTED_EDGE('',*,*,#2810,.F.);
#1672=ORIENTED_EDGE('',*,*,#2635,.F.);
#1673=ORIENTED_EDGE('',*,*,#2812,.F.);
#1674=ORIENTED_EDGE('',*,*,#2269,.F.);
#1675=ORIENTED_EDGE('',*,*,#2516,.T.);
#1676=ORIENTED_EDGE('',*,*,#2811,.T.);
#1677=ORIENTED_EDGE('',*,*,#2388,.T.);
#1678=ORIENTED_EDGE('',*,*,#2813,.T.);
#1679=ORIENTED_EDGE('',*,*,#2634,.T.);
#1680=ORIENTED_EDGE('',*,*,#2814,.T.);
#1681=ORIENTED_EDGE('',*,*,#2270,.T.);
#1682=ORIENTED_EDGE('',*,*,#2812,.T.);
#1683=ORIENTED_EDGE('',*,*,#2517,.T.);
#1684=ORIENTED_EDGE('',*,*,#2813,.F.);
#1685=ORIENTED_EDGE('',*,*,#2387,.T.);
#1686=ORIENTED_EDGE('',*,*,#2815,.T.);
#1687=ORIENTED_EDGE('',*,*,#2633,.T.);
#1688=ORIENTED_EDGE('',*,*,#2816,.T.);
#1689=ORIENTED_EDGE('',*,*,#2271,.T.);
#1690=ORIENTED_EDGE('',*,*,#2814,.F.);
#1691=ORIENTED_EDGE('',*,*,#2518,.T.);
#1692=ORIENTED_EDGE('',*,*,#2815,.F.);
#1693=ORIENTED_EDGE('',*,*,#2386,.T.);
#1694=ORIENTED_EDGE('',*,*,#2817,.T.);
#1695=ORIENTED_EDGE('',*,*,#2632,.T.);
#1696=ORIENTED_EDGE('',*,*,#2818,.T.);
#1697=ORIENTED_EDGE('',*,*,#2272,.T.);
#1698=ORIENTED_EDGE('',*,*,#2816,.F.);
#1699=ORIENTED_EDGE('',*,*,#2519,.T.);
#1700=ORIENTED_EDGE('',*,*,#2817,.F.);
#1701=ORIENTED_EDGE('',*,*,#2385,.T.);
#1702=ORIENTED_EDGE('',*,*,#2819,.T.);
#1703=ORIENTED_EDGE('',*,*,#2631,.T.);
#1704=ORIENTED_EDGE('',*,*,#2820,.T.);
#1705=ORIENTED_EDGE('',*,*,#2273,.T.);
#1706=ORIENTED_EDGE('',*,*,#2818,.F.);
#1707=ORIENTED_EDGE('',*,*,#2520,.T.);
#1708=ORIENTED_EDGE('',*,*,#2819,.F.);
#1709=ORIENTED_EDGE('',*,*,#2384,.T.);
#1710=ORIENTED_EDGE('',*,*,#2821,.T.);
#1711=ORIENTED_EDGE('',*,*,#2630,.T.);
#1712=ORIENTED_EDGE('',*,*,#2822,.T.);
#1713=ORIENTED_EDGE('',*,*,#2274,.T.);
#1714=ORIENTED_EDGE('',*,*,#2820,.F.);
#1715=ORIENTED_EDGE('',*,*,#2823,.F.);
#1716=ORIENTED_EDGE('',*,*,#2521,.F.);
#1717=ORIENTED_EDGE('',*,*,#2821,.F.);
#1718=ORIENTED_EDGE('',*,*,#2383,.F.);
#1719=ORIENTED_EDGE('',*,*,#2822,.F.);
#1720=ORIENTED_EDGE('',*,*,#2629,.F.);
#1721=ORIENTED_EDGE('',*,*,#2824,.F.);
#1722=ORIENTED_EDGE('',*,*,#2275,.F.);
#1723=ORIENTED_EDGE('',*,*,#2522,.T.);
#1724=ORIENTED_EDGE('',*,*,#2823,.T.);
#1725=ORIENTED_EDGE('',*,*,#2382,.T.);
#1726=ORIENTED_EDGE('',*,*,#2825,.T.);
#1727=ORIENTED_EDGE('',*,*,#2628,.T.);
#1728=ORIENTED_EDGE('',*,*,#2826,.T.);
#1729=ORIENTED_EDGE('',*,*,#2276,.T.);
#1730=ORIENTED_EDGE('',*,*,#2824,.T.);
#1731=ORIENTED_EDGE('',*,*,#2523,.T.);
#1732=ORIENTED_EDGE('',*,*,#2825,.F.);
#1733=ORIENTED_EDGE('',*,*,#2381,.T.);
#1734=ORIENTED_EDGE('',*,*,#2827,.T.);
#1735=ORIENTED_EDGE('',*,*,#2627,.T.);
#1736=ORIENTED_EDGE('',*,*,#2828,.T.);
#1737=ORIENTED_EDGE('',*,*,#2277,.T.);
#1738=ORIENTED_EDGE('',*,*,#2826,.F.);
#1739=ORIENTED_EDGE('',*,*,#2524,.T.);
#1740=ORIENTED_EDGE('',*,*,#2827,.F.);
#1741=ORIENTED_EDGE('',*,*,#2380,.T.);
#1742=ORIENTED_EDGE('',*,*,#2829,.T.);
#1743=ORIENTED_EDGE('',*,*,#2626,.T.);
#1744=ORIENTED_EDGE('',*,*,#2830,.T.);
#1745=ORIENTED_EDGE('',*,*,#2278,.T.);
#1746=ORIENTED_EDGE('',*,*,#2828,.F.);
#1747=ORIENTED_EDGE('',*,*,#2525,.T.);
#1748=ORIENTED_EDGE('',*,*,#2829,.F.);
#1749=ORIENTED_EDGE('',*,*,#2379,.T.);
#1750=ORIENTED_EDGE('',*,*,#2831,.T.);
#1751=ORIENTED_EDGE('',*,*,#2625,.T.);
#1752=ORIENTED_EDGE('',*,*,#2832,.T.);
#1753=ORIENTED_EDGE('',*,*,#2279,.T.);
#1754=ORIENTED_EDGE('',*,*,#2830,.F.);
#1755=ORIENTED_EDGE('',*,*,#2526,.T.);
#1756=ORIENTED_EDGE('',*,*,#2831,.F.);
#1757=ORIENTED_EDGE('',*,*,#2378,.T.);
#1758=ORIENTED_EDGE('',*,*,#2833,.T.);
#1759=ORIENTED_EDGE('',*,*,#2624,.T.);
#1760=ORIENTED_EDGE('',*,*,#2834,.T.);
#1761=ORIENTED_EDGE('',*,*,#2280,.T.);
#1762=ORIENTED_EDGE('',*,*,#2832,.F.);
#1763=ORIENTED_EDGE('',*,*,#2835,.F.);
#1764=ORIENTED_EDGE('',*,*,#2527,.F.);
#1765=ORIENTED_EDGE('',*,*,#2833,.F.);
#1766=ORIENTED_EDGE('',*,*,#2377,.F.);
#1767=ORIENTED_EDGE('',*,*,#2834,.F.);
#1768=ORIENTED_EDGE('',*,*,#2623,.F.);
#1769=ORIENTED_EDGE('',*,*,#2836,.F.);
#1770=ORIENTED_EDGE('',*,*,#2281,.F.);
#1771=ORIENTED_EDGE('',*,*,#2528,.T.);
#1772=ORIENTED_EDGE('',*,*,#2835,.T.);
#1773=ORIENTED_EDGE('',*,*,#2376,.T.);
#1774=ORIENTED_EDGE('',*,*,#2837,.T.);
#1775=ORIENTED_EDGE('',*,*,#2622,.T.);
#1776=ORIENTED_EDGE('',*,*,#2838,.T.);
#1777=ORIENTED_EDGE('',*,*,#2282,.T.);
#1778=ORIENTED_EDGE('',*,*,#2836,.T.);
#1779=ORIENTED_EDGE('',*,*,#2529,.T.);
#1780=ORIENTED_EDGE('',*,*,#2837,.F.);
#1781=ORIENTED_EDGE('',*,*,#2375,.T.);
#1782=ORIENTED_EDGE('',*,*,#2839,.T.);
#1783=ORIENTED_EDGE('',*,*,#2621,.T.);
#1784=ORIENTED_EDGE('',*,*,#2840,.T.);
#1785=ORIENTED_EDGE('',*,*,#2283,.T.);
#1786=ORIENTED_EDGE('',*,*,#2838,.F.);
#1787=ORIENTED_EDGE('',*,*,#2530,.T.);
#1788=ORIENTED_EDGE('',*,*,#2839,.F.);
#1789=ORIENTED_EDGE('',*,*,#2374,.T.);
#1790=ORIENTED_EDGE('',*,*,#2841,.T.);
#1791=ORIENTED_EDGE('',*,*,#2620,.T.);
#1792=ORIENTED_EDGE('',*,*,#2842,.T.);
#1793=ORIENTED_EDGE('',*,*,#2284,.T.);
#1794=ORIENTED_EDGE('',*,*,#2840,.F.);
#1795=ORIENTED_EDGE('',*,*,#2531,.T.);
#1796=ORIENTED_EDGE('',*,*,#2841,.F.);
#1797=ORIENTED_EDGE('',*,*,#2373,.T.);
#1798=ORIENTED_EDGE('',*,*,#2843,.T.);
#1799=ORIENTED_EDGE('',*,*,#2619,.T.);
#1800=ORIENTED_EDGE('',*,*,#2844,.T.);
#1801=ORIENTED_EDGE('',*,*,#2285,.T.);
#1802=ORIENTED_EDGE('',*,*,#2842,.F.);
#1803=ORIENTED_EDGE('',*,*,#2532,.T.);
#1804=ORIENTED_EDGE('',*,*,#2843,.F.);
#1805=ORIENTED_EDGE('',*,*,#2372,.T.);
#1806=ORIENTED_EDGE('',*,*,#2845,.T.);
#1807=ORIENTED_EDGE('',*,*,#2618,.T.);
#1808=ORIENTED_EDGE('',*,*,#2846,.T.);
#1809=ORIENTED_EDGE('',*,*,#2286,.T.);
#1810=ORIENTED_EDGE('',*,*,#2844,.F.);
#1811=ORIENTED_EDGE('',*,*,#2847,.F.);
#1812=ORIENTED_EDGE('',*,*,#2533,.F.);
#1813=ORIENTED_EDGE('',*,*,#2845,.F.);
#1814=ORIENTED_EDGE('',*,*,#2371,.F.);
#1815=ORIENTED_EDGE('',*,*,#2846,.F.);
#1816=ORIENTED_EDGE('',*,*,#2617,.F.);
#1817=ORIENTED_EDGE('',*,*,#2848,.F.);
#1818=ORIENTED_EDGE('',*,*,#2287,.F.);
#1819=ORIENTED_EDGE('',*,*,#2534,.T.);
#1820=ORIENTED_EDGE('',*,*,#2847,.T.);
#1821=ORIENTED_EDGE('',*,*,#2370,.T.);
#1822=ORIENTED_EDGE('',*,*,#2849,.T.);
#1823=ORIENTED_EDGE('',*,*,#2616,.T.);
#1824=ORIENTED_EDGE('',*,*,#2850,.T.);
#1825=ORIENTED_EDGE('',*,*,#2288,.T.);
#1826=ORIENTED_EDGE('',*,*,#2848,.T.);
#1827=ORIENTED_EDGE('',*,*,#2535,.T.);
#1828=ORIENTED_EDGE('',*,*,#2849,.F.);
#1829=ORIENTED_EDGE('',*,*,#2369,.T.);
#1830=ORIENTED_EDGE('',*,*,#2851,.T.);
#1831=ORIENTED_EDGE('',*,*,#2615,.T.);
#1832=ORIENTED_EDGE('',*,*,#2852,.T.);
#1833=ORIENTED_EDGE('',*,*,#2289,.T.);
#1834=ORIENTED_EDGE('',*,*,#2850,.F.);
#1835=ORIENTED_EDGE('',*,*,#2536,.T.);
#1836=ORIENTED_EDGE('',*,*,#2851,.F.);
#1837=ORIENTED_EDGE('',*,*,#2368,.T.);
#1838=ORIENTED_EDGE('',*,*,#2853,.T.);
#1839=ORIENTED_EDGE('',*,*,#2614,.T.);
#1840=ORIENTED_EDGE('',*,*,#2854,.T.);
#1841=ORIENTED_EDGE('',*,*,#2290,.T.);
#1842=ORIENTED_EDGE('',*,*,#2852,.F.);
#1843=ORIENTED_EDGE('',*,*,#2537,.T.);
#1844=ORIENTED_EDGE('',*,*,#2853,.F.);
#1845=ORIENTED_EDGE('',*,*,#2367,.T.);
#1846=ORIENTED_EDGE('',*,*,#2855,.T.);
#1847=ORIENTED_EDGE('',*,*,#2613,.T.);
#1848=ORIENTED_EDGE('',*,*,#2856,.T.);
#1849=ORIENTED_EDGE('',*,*,#2291,.T.);
#1850=ORIENTED_EDGE('',*,*,#2854,.F.);
#1851=ORIENTED_EDGE('',*,*,#2538,.T.);
#1852=ORIENTED_EDGE('',*,*,#2855,.F.);
#1853=ORIENTED_EDGE('',*,*,#2366,.T.);
#1854=ORIENTED_EDGE('',*,*,#2857,.T.);
#1855=ORIENTED_EDGE('',*,*,#2612,.T.);
#1856=ORIENTED_EDGE('',*,*,#2858,.T.);
#1857=ORIENTED_EDGE('',*,*,#2292,.T.);
#1858=ORIENTED_EDGE('',*,*,#2856,.F.);
#1859=ORIENTED_EDGE('',*,*,#2859,.F.);
#1860=ORIENTED_EDGE('',*,*,#2539,.F.);
#1861=ORIENTED_EDGE('',*,*,#2857,.F.);
#1862=ORIENTED_EDGE('',*,*,#2365,.F.);
#1863=ORIENTED_EDGE('',*,*,#2858,.F.);
#1864=ORIENTED_EDGE('',*,*,#2611,.F.);
#1865=ORIENTED_EDGE('',*,*,#2860,.F.);
#1866=ORIENTED_EDGE('',*,*,#2293,.F.);
#1867=ORIENTED_EDGE('',*,*,#2540,.T.);
#1868=ORIENTED_EDGE('',*,*,#2859,.T.);
#1869=ORIENTED_EDGE('',*,*,#2364,.T.);
#1870=ORIENTED_EDGE('',*,*,#2861,.T.);
#1871=ORIENTED_EDGE('',*,*,#2610,.T.);
#1872=ORIENTED_EDGE('',*,*,#2862,.T.);
#1873=ORIENTED_EDGE('',*,*,#2294,.T.);
#1874=ORIENTED_EDGE('',*,*,#2860,.T.);
#1875=ORIENTED_EDGE('',*,*,#2541,.T.);
#1876=ORIENTED_EDGE('',*,*,#2861,.F.);
#1877=ORIENTED_EDGE('',*,*,#2363,.T.);
#1878=ORIENTED_EDGE('',*,*,#2863,.T.);
#1879=ORIENTED_EDGE('',*,*,#2609,.T.);
#1880=ORIENTED_EDGE('',*,*,#2864,.T.);
#1881=ORIENTED_EDGE('',*,*,#2295,.T.);
#1882=ORIENTED_EDGE('',*,*,#2862,.F.);
#1883=ORIENTED_EDGE('',*,*,#2542,.T.);
#1884=ORIENTED_EDGE('',*,*,#2863,.F.);
#1885=ORIENTED_EDGE('',*,*,#2362,.T.);
#1886=ORIENTED_EDGE('',*,*,#2865,.T.);
#1887=ORIENTED_EDGE('',*,*,#2608,.T.);
#1888=ORIENTED_EDGE('',*,*,#2866,.T.);
#1889=ORIENTED_EDGE('',*,*,#2296,.T.);
#1890=ORIENTED_EDGE('',*,*,#2864,.F.);
#1891=ORIENTED_EDGE('',*,*,#2543,.T.);
#1892=ORIENTED_EDGE('',*,*,#2865,.F.);
#1893=ORIENTED_EDGE('',*,*,#2361,.T.);
#1894=ORIENTED_EDGE('',*,*,#2867,.T.);
#1895=ORIENTED_EDGE('',*,*,#2607,.T.);
#1896=ORIENTED_EDGE('',*,*,#2868,.T.);
#1897=ORIENTED_EDGE('',*,*,#2297,.T.);
#1898=ORIENTED_EDGE('',*,*,#2866,.F.);
#1899=ORIENTED_EDGE('',*,*,#2544,.T.);
#1900=ORIENTED_EDGE('',*,*,#2867,.F.);
#1901=ORIENTED_EDGE('',*,*,#2360,.T.);
#1902=ORIENTED_EDGE('',*,*,#2869,.T.);
#1903=ORIENTED_EDGE('',*,*,#2606,.T.);
#1904=ORIENTED_EDGE('',*,*,#2870,.T.);
#1905=ORIENTED_EDGE('',*,*,#2298,.T.);
#1906=ORIENTED_EDGE('',*,*,#2868,.F.);
#1907=ORIENTED_EDGE('',*,*,#2871,.F.);
#1908=ORIENTED_EDGE('',*,*,#2545,.F.);
#1909=ORIENTED_EDGE('',*,*,#2869,.F.);
#1910=ORIENTED_EDGE('',*,*,#2359,.F.);
#1911=ORIENTED_EDGE('',*,*,#2870,.F.);
#1912=ORIENTED_EDGE('',*,*,#2605,.F.);
#1913=ORIENTED_EDGE('',*,*,#2872,.F.);
#1914=ORIENTED_EDGE('',*,*,#2299,.F.);
#1915=ORIENTED_EDGE('',*,*,#2546,.T.);
#1916=ORIENTED_EDGE('',*,*,#2871,.T.);
#1917=ORIENTED_EDGE('',*,*,#2358,.T.);
#1918=ORIENTED_EDGE('',*,*,#2873,.T.);
#1919=ORIENTED_EDGE('',*,*,#2604,.T.);
#1920=ORIENTED_EDGE('',*,*,#2874,.T.);
#1921=ORIENTED_EDGE('',*,*,#2300,.T.);
#1922=ORIENTED_EDGE('',*,*,#2872,.T.);
#1923=ORIENTED_EDGE('',*,*,#2547,.T.);
#1924=ORIENTED_EDGE('',*,*,#2873,.F.);
#1925=ORIENTED_EDGE('',*,*,#2357,.T.);
#1926=ORIENTED_EDGE('',*,*,#2875,.T.);
#1927=ORIENTED_EDGE('',*,*,#2603,.T.);
#1928=ORIENTED_EDGE('',*,*,#2876,.T.);
#1929=ORIENTED_EDGE('',*,*,#2301,.T.);
#1930=ORIENTED_EDGE('',*,*,#2874,.F.);
#1931=ORIENTED_EDGE('',*,*,#2548,.T.);
#1932=ORIENTED_EDGE('',*,*,#2875,.F.);
#1933=ORIENTED_EDGE('',*,*,#2356,.T.);
#1934=ORIENTED_EDGE('',*,*,#2877,.T.);
#1935=ORIENTED_EDGE('',*,*,#2602,.T.);
#1936=ORIENTED_EDGE('',*,*,#2878,.T.);
#1937=ORIENTED_EDGE('',*,*,#2302,.T.);
#1938=ORIENTED_EDGE('',*,*,#2876,.F.);
#1939=ORIENTED_EDGE('',*,*,#2549,.T.);
#1940=ORIENTED_EDGE('',*,*,#2877,.F.);
#1941=ORIENTED_EDGE('',*,*,#2355,.T.);
#1942=ORIENTED_EDGE('',*,*,#2879,.T.);
#1943=ORIENTED_EDGE('',*,*,#2601,.T.);
#1944=ORIENTED_EDGE('',*,*,#2880,.T.);
#1945=ORIENTED_EDGE('',*,*,#2303,.T.);
#1946=ORIENTED_EDGE('',*,*,#2878,.F.);
#1947=ORIENTED_EDGE('',*,*,#2550,.T.);
#1948=ORIENTED_EDGE('',*,*,#2879,.F.);
#1949=ORIENTED_EDGE('',*,*,#2354,.T.);
#1950=ORIENTED_EDGE('',*,*,#2881,.T.);
#1951=ORIENTED_EDGE('',*,*,#2600,.T.);
#1952=ORIENTED_EDGE('',*,*,#2882,.T.);
#1953=ORIENTED_EDGE('',*,*,#2304,.T.);
#1954=ORIENTED_EDGE('',*,*,#2880,.F.);
#1955=ORIENTED_EDGE('',*,*,#2883,.F.);
#1956=ORIENTED_EDGE('',*,*,#2551,.F.);
#1957=ORIENTED_EDGE('',*,*,#2881,.F.);
#1958=ORIENTED_EDGE('',*,*,#2353,.F.);
#1959=ORIENTED_EDGE('',*,*,#2882,.F.);
#1960=ORIENTED_EDGE('',*,*,#2599,.F.);
#1961=ORIENTED_EDGE('',*,*,#2884,.F.);
#1962=ORIENTED_EDGE('',*,*,#2305,.F.);
#1963=ORIENTED_EDGE('',*,*,#2552,.T.);
#1964=ORIENTED_EDGE('',*,*,#2883,.T.);
#1965=ORIENTED_EDGE('',*,*,#2352,.T.);
#1966=ORIENTED_EDGE('',*,*,#2885,.T.);
#1967=ORIENTED_EDGE('',*,*,#2598,.T.);
#1968=ORIENTED_EDGE('',*,*,#2886,.T.);
#1969=ORIENTED_EDGE('',*,*,#2306,.T.);
#1970=ORIENTED_EDGE('',*,*,#2884,.T.);
#1971=ORIENTED_EDGE('',*,*,#2553,.T.);
#1972=ORIENTED_EDGE('',*,*,#2885,.F.);
#1973=ORIENTED_EDGE('',*,*,#2351,.T.);
#1974=ORIENTED_EDGE('',*,*,#2887,.T.);
#1975=ORIENTED_EDGE('',*,*,#2597,.T.);
#1976=ORIENTED_EDGE('',*,*,#2888,.T.);
#1977=ORIENTED_EDGE('',*,*,#2307,.T.);
#1978=ORIENTED_EDGE('',*,*,#2886,.F.);
#1979=ORIENTED_EDGE('',*,*,#2554,.T.);
#1980=ORIENTED_EDGE('',*,*,#2887,.F.);
#1981=ORIENTED_EDGE('',*,*,#2350,.T.);
#1982=ORIENTED_EDGE('',*,*,#2889,.T.);
#1983=ORIENTED_EDGE('',*,*,#2596,.T.);
#1984=ORIENTED_EDGE('',*,*,#2890,.T.);
#1985=ORIENTED_EDGE('',*,*,#2308,.T.);
#1986=ORIENTED_EDGE('',*,*,#2888,.F.);
#1987=ORIENTED_EDGE('',*,*,#2555,.T.);
#1988=ORIENTED_EDGE('',*,*,#2889,.F.);
#1989=ORIENTED_EDGE('',*,*,#2349,.T.);
#1990=ORIENTED_EDGE('',*,*,#2891,.T.);
#1991=ORIENTED_EDGE('',*,*,#2595,.T.);
#1992=ORIENTED_EDGE('',*,*,#2892,.T.);
#1993=ORIENTED_EDGE('',*,*,#2309,.T.);
#1994=ORIENTED_EDGE('',*,*,#2890,.F.);
#1995=ORIENTED_EDGE('',*,*,#2556,.T.);
#1996=ORIENTED_EDGE('',*,*,#2891,.F.);
#1997=ORIENTED_EDGE('',*,*,#2348,.T.);
#1998=ORIENTED_EDGE('',*,*,#2893,.T.);
#1999=ORIENTED_EDGE('',*,*,#2594,.T.);
#2000=ORIENTED_EDGE('',*,*,#2894,.T.);
#2001=ORIENTED_EDGE('',*,*,#2310,.T.);
#2002=ORIENTED_EDGE('',*,*,#2892,.F.);
#2003=ORIENTED_EDGE('',*,*,#2895,.F.);
#2004=ORIENTED_EDGE('',*,*,#2557,.F.);
#2005=ORIENTED_EDGE('',*,*,#2893,.F.);
#2006=ORIENTED_EDGE('',*,*,#2347,.F.);
#2007=ORIENTED_EDGE('',*,*,#2894,.F.);
#2008=ORIENTED_EDGE('',*,*,#2593,.F.);
#2009=ORIENTED_EDGE('',*,*,#2896,.F.);
#2010=ORIENTED_EDGE('',*,*,#2311,.F.);
#2011=ORIENTED_EDGE('',*,*,#2558,.T.);
#2012=ORIENTED_EDGE('',*,*,#2895,.T.);
#2013=ORIENTED_EDGE('',*,*,#2346,.T.);
#2014=ORIENTED_EDGE('',*,*,#2897,.T.);
#2015=ORIENTED_EDGE('',*,*,#2592,.T.);
#2016=ORIENTED_EDGE('',*,*,#2898,.T.);
#2017=ORIENTED_EDGE('',*,*,#2312,.T.);
#2018=ORIENTED_EDGE('',*,*,#2896,.T.);
#2019=ORIENTED_EDGE('',*,*,#2559,.T.);
#2020=ORIENTED_EDGE('',*,*,#2897,.F.);
#2021=ORIENTED_EDGE('',*,*,#2345,.T.);
#2022=ORIENTED_EDGE('',*,*,#2899,.T.);
#2023=ORIENTED_EDGE('',*,*,#2591,.T.);
#2024=ORIENTED_EDGE('',*,*,#2900,.T.);
#2025=ORIENTED_EDGE('',*,*,#2313,.T.);
#2026=ORIENTED_EDGE('',*,*,#2898,.F.);
#2027=ORIENTED_EDGE('',*,*,#2560,.T.);
#2028=ORIENTED_EDGE('',*,*,#2899,.F.);
#2029=ORIENTED_EDGE('',*,*,#2344,.T.);
#2030=ORIENTED_EDGE('',*,*,#2901,.T.);
#2031=ORIENTED_EDGE('',*,*,#2590,.T.);
#2032=ORIENTED_EDGE('',*,*,#2902,.T.);
#2033=ORIENTED_EDGE('',*,*,#2314,.T.);
#2034=ORIENTED_EDGE('',*,*,#2900,.F.);
#2035=ORIENTED_EDGE('',*,*,#2561,.T.);
#2036=ORIENTED_EDGE('',*,*,#2901,.F.);
#2037=ORIENTED_EDGE('',*,*,#2343,.T.);
#2038=ORIENTED_EDGE('',*,*,#2903,.T.);
#2039=ORIENTED_EDGE('',*,*,#2589,.T.);
#2040=ORIENTED_EDGE('',*,*,#2904,.T.);
#2041=ORIENTED_EDGE('',*,*,#2315,.T.);
#2042=ORIENTED_EDGE('',*,*,#2902,.F.);
#2043=ORIENTED_EDGE('',*,*,#2562,.T.);
#2044=ORIENTED_EDGE('',*,*,#2903,.F.);
#2045=ORIENTED_EDGE('',*,*,#2342,.T.);
#2046=ORIENTED_EDGE('',*,*,#2905,.T.);
#2047=ORIENTED_EDGE('',*,*,#2588,.T.);
#2048=ORIENTED_EDGE('',*,*,#2906,.T.);
#2049=ORIENTED_EDGE('',*,*,#2316,.T.);
#2050=ORIENTED_EDGE('',*,*,#2904,.F.);
#2051=ORIENTED_EDGE('',*,*,#2907,.F.);
#2052=ORIENTED_EDGE('',*,*,#2563,.F.);
#2053=ORIENTED_EDGE('',*,*,#2905,.F.);
#2054=ORIENTED_EDGE('',*,*,#2341,.F.);
#2055=ORIENTED_EDGE('',*,*,#2906,.F.);
#2056=ORIENTED_EDGE('',*,*,#2587,.F.);
#2057=ORIENTED_EDGE('',*,*,#2908,.F.);
#2058=ORIENTED_EDGE('',*,*,#2317,.F.);
#2059=ORIENTED_EDGE('',*,*,#2564,.T.);
#2060=ORIENTED_EDGE('',*,*,#2907,.T.);
#2061=ORIENTED_EDGE('',*,*,#2340,.T.);
#2062=ORIENTED_EDGE('',*,*,#2909,.T.);
#2063=ORIENTED_EDGE('',*,*,#2586,.T.);
#2064=ORIENTED_EDGE('',*,*,#2910,.T.);
#2065=ORIENTED_EDGE('',*,*,#2318,.T.);
#2066=ORIENTED_EDGE('',*,*,#2908,.T.);
#2067=ORIENTED_EDGE('',*,*,#2565,.T.);
#2068=ORIENTED_EDGE('',*,*,#2909,.F.);
#2069=ORIENTED_EDGE('',*,*,#2339,.T.);
#2070=ORIENTED_EDGE('',*,*,#2911,.T.);
#2071=ORIENTED_EDGE('',*,*,#2585,.T.);
#2072=ORIENTED_EDGE('',*,*,#2912,.T.);
#2073=ORIENTED_EDGE('',*,*,#2319,.T.);
#2074=ORIENTED_EDGE('',*,*,#2910,.F.);
#2075=ORIENTED_EDGE('',*,*,#2566,.T.);
#2076=ORIENTED_EDGE('',*,*,#2911,.F.);
#2077=ORIENTED_EDGE('',*,*,#2338,.T.);
#2078=ORIENTED_EDGE('',*,*,#2913,.T.);
#2079=ORIENTED_EDGE('',*,*,#2584,.T.);
#2080=ORIENTED_EDGE('',*,*,#2914,.T.);
#2081=ORIENTED_EDGE('',*,*,#2320,.T.);
#2082=ORIENTED_EDGE('',*,*,#2912,.F.);
#2083=ORIENTED_EDGE('',*,*,#2567,.T.);
#2084=ORIENTED_EDGE('',*,*,#2913,.F.);
#2085=ORIENTED_EDGE('',*,*,#2337,.T.);
#2086=ORIENTED_EDGE('',*,*,#2915,.T.);
#2087=ORIENTED_EDGE('',*,*,#2583,.T.);
#2088=ORIENTED_EDGE('',*,*,#2916,.T.);
#2089=ORIENTED_EDGE('',*,*,#2321,.T.);
#2090=ORIENTED_EDGE('',*,*,#2914,.F.);
#2091=ORIENTED_EDGE('',*,*,#2568,.T.);
#2092=ORIENTED_EDGE('',*,*,#2915,.F.);
#2093=ORIENTED_EDGE('',*,*,#2336,.T.);
#2094=ORIENTED_EDGE('',*,*,#2917,.T.);
#2095=ORIENTED_EDGE('',*,*,#2582,.T.);
#2096=ORIENTED_EDGE('',*,*,#2918,.T.);
#2097=ORIENTED_EDGE('',*,*,#2322,.T.);
#2098=ORIENTED_EDGE('',*,*,#2916,.F.);
#2099=ORIENTED_EDGE('',*,*,#2919,.F.);
#2100=ORIENTED_EDGE('',*,*,#2569,.F.);
#2101=ORIENTED_EDGE('',*,*,#2917,.F.);
#2102=ORIENTED_EDGE('',*,*,#2335,.F.);
#2103=ORIENTED_EDGE('',*,*,#2918,.F.);
#2104=ORIENTED_EDGE('',*,*,#2581,.F.);
#2105=ORIENTED_EDGE('',*,*,#2920,.F.);
#2106=ORIENTED_EDGE('',*,*,#2323,.F.);
#2107=ORIENTED_EDGE('',*,*,#2570,.T.);
#2108=ORIENTED_EDGE('',*,*,#2919,.T.);
#2109=ORIENTED_EDGE('',*,*,#2334,.T.);
#2110=ORIENTED_EDGE('',*,*,#2921,.T.);
#2111=ORIENTED_EDGE('',*,*,#2580,.T.);
#2112=ORIENTED_EDGE('',*,*,#2922,.T.);
#2113=ORIENTED_EDGE('',*,*,#2324,.T.);
#2114=ORIENTED_EDGE('',*,*,#2920,.T.);
#2115=ORIENTED_EDGE('',*,*,#2571,.T.);
#2116=ORIENTED_EDGE('',*,*,#2921,.F.);
#2117=ORIENTED_EDGE('',*,*,#2333,.T.);
#2118=ORIENTED_EDGE('',*,*,#2923,.T.);
#2119=ORIENTED_EDGE('',*,*,#2579,.T.);
#2120=ORIENTED_EDGE('',*,*,#2924,.T.);
#2121=ORIENTED_EDGE('',*,*,#2325,.T.);
#2122=ORIENTED_EDGE('',*,*,#2922,.F.);
#2123=ORIENTED_EDGE('',*,*,#2572,.T.);
#2124=ORIENTED_EDGE('',*,*,#2923,.F.);
#2125=ORIENTED_EDGE('',*,*,#2332,.T.);
#2126=ORIENTED_EDGE('',*,*,#2925,.T.);
#2127=ORIENTED_EDGE('',*,*,#2578,.T.);
#2128=ORIENTED_EDGE('',*,*,#2926,.T.);
#2129=ORIENTED_EDGE('',*,*,#2326,.T.);
#2130=ORIENTED_EDGE('',*,*,#2924,.F.);
#2131=ORIENTED_EDGE('',*,*,#2573,.T.);
#2132=ORIENTED_EDGE('',*,*,#2925,.F.);
#2133=ORIENTED_EDGE('',*,*,#2331,.T.);
#2134=ORIENTED_EDGE('',*,*,#2927,.T.);
#2135=ORIENTED_EDGE('',*,*,#2577,.T.);
#2136=ORIENTED_EDGE('',*,*,#2928,.T.);
#2137=ORIENTED_EDGE('',*,*,#2327,.T.);
#2138=ORIENTED_EDGE('',*,*,#2926,.F.);
#2139=ORIENTED_EDGE('',*,*,#2574,.T.);
#2140=ORIENTED_EDGE('',*,*,#2927,.F.);
#2141=ORIENTED_EDGE('',*,*,#2330,.T.);
#2142=ORIENTED_EDGE('',*,*,#2929,.T.);
#2143=ORIENTED_EDGE('',*,*,#2576,.T.);
#2144=ORIENTED_EDGE('',*,*,#2930,.T.);
#2145=ORIENTED_EDGE('',*,*,#2328,.T.);
#2146=ORIENTED_EDGE('',*,*,#2928,.F.);
#2147=ORIENTED_EDGE('',*,*,#2930,.F.);
#2148=ORIENTED_EDGE('',*,*,#2575,.F.);
#2149=ORIENTED_EDGE('',*,*,#2929,.F.);
#2150=ORIENTED_EDGE('',*,*,#2329,.F.);
#2151=EDGE_CURVE('',#2931,#2931,#3453,.F.);
#2152=EDGE_CURVE('',#2932,#2932,#587,.T.);
#2153=EDGE_CURVE('',#2933,#2933,#588,.T.);
#2154=EDGE_CURVE('',#2934,#2934,#589,.T.);
#2155=EDGE_CURVE('',#2935,#2935,#3454,.T.);
#2156=EDGE_CURVE('',#2936,#2936,#590,.T.);
#2157=EDGE_CURVE('',#2937,#2937,#3455,.T.);
#2158=EDGE_CURVE('',#2938,#2938,#3456,.T.);
#2159=EDGE_CURVE('',#2939,#2939,#3457,.T.);
#2160=EDGE_CURVE('',#2940,#2941,#36,.T.);
#2161=EDGE_CURVE('',#2941,#2942,#37,.T.);
#2162=EDGE_CURVE('',#2942,#2943,#38,.F.);
#2163=EDGE_CURVE('',#2943,#2944,#39,.T.);
#2164=EDGE_CURVE('',#2944,#2945,#40,.T.);
#2165=EDGE_CURVE('',#2945,#2940,#41,.T.);
#2166=EDGE_CURVE('',#2946,#2946,#3458,.F.);
#2167=EDGE_CURVE('',#2943,#2947,#42,.F.);
#2168=EDGE_CURVE('',#2947,#2948,#43,.T.);
#2169=EDGE_CURVE('',#2948,#2944,#44,.T.);
#2170=EDGE_CURVE('',#2945,#2949,#45,.F.);
#2171=EDGE_CURVE('',#2949,#2950,#46,.T.);
#2172=EDGE_CURVE('',#2950,#2940,#47,.T.);
#2173=EDGE_CURVE('',#2941,#2951,#48,.F.);
#2174=EDGE_CURVE('',#2951,#2952,#49,.T.);
#2175=EDGE_CURVE('',#2952,#2942,#50,.T.);
#2176=EDGE_CURVE('',#2950,#2951,#51,.T.);
#2177=EDGE_CURVE('',#2948,#2949,#52,.T.);
#2178=EDGE_CURVE('',#2952,#2947,#53,.T.);
#2179=EDGE_CURVE('',#2953,#2953,#3459,.T.);
#2180=EDGE_CURVE('',#2954,#2948,#23,.T.);
#2181=EDGE_CURVE('',#2947,#2955,#24,.T.);
#2182=EDGE_CURVE('',#2955,#2954,#54,.T.);
#2183=EDGE_CURVE('',#2956,#2950,#25,.T.);
#2184=EDGE_CURVE('',#2949,#2957,#26,.T.);
#2185=EDGE_CURVE('',#2957,#2956,#55,.T.);
#2186=EDGE_CURVE('',#2958,#2952,#27,.T.);
#2187=EDGE_CURVE('',#2951,#2959,#28,.T.);
#2188=EDGE_CURVE('',#2959,#2958,#56,.T.);
#2189=EDGE_CURVE('',#2960,#2951,#29,.T.);
#2190=EDGE_CURVE('',#2950,#2961,#30,.T.);
#2191=EDGE_CURVE('',#2961,#2960,#57,.T.);
#2192=EDGE_CURVE('',#2948,#2962,#31,.T.);
#2193=EDGE_CURVE('',#2962,#2963,#58,.T.);
#2194=EDGE_CURVE('',#2963,#2949,#32,.T.);
#2195=EDGE_CURVE('',#2964,#2947,#33,.T.);
#2196=EDGE_CURVE('',#2952,#2965,#34,.T.);
#2197=EDGE_CURVE('',#2965,#2964,#59,.F.);
#2198=EDGE_CURVE('',#2966,#2966,#3460,.F.);
#2199=EDGE_CURVE('',#2967,#2967,#3461,.F.);
#2200=EDGE_CURVE('',#2960,#2961,#3462,.T.);
#2201=EDGE_CURVE('',#2956,#2957,#3463,.T.);
#2202=EDGE_CURVE('',#2963,#2962,#3464,.T.);
#2203=EDGE_CURVE('',#2954,#2955,#3465,.T.);
#2204=EDGE_CURVE('',#2964,#2965,#3466,.T.);
#2205=EDGE_CURVE('',#2958,#2959,#3467,.T.);
#2206=EDGE_CURVE('',#2968,#2968,#3468,.T.);
#2207=EDGE_CURVE('',#2969,#2969,#3469,.T.);
#2208=EDGE_CURVE('',#2970,#2970,#3470,.T.);
#2209=EDGE_CURVE('',#2971,#2971,#3471,.T.);
#2210=EDGE_CURVE('',#2972,#2973,#3472,.T.);
#2211=EDGE_CURVE('',#2974,#2972,#3473,.T.);
#2212=EDGE_CURVE('',#2975,#2974,#3474,.T.);
#2213=EDGE_CURVE('',#2976,#2975,#3475,.T.);
#2214=EDGE_CURVE('',#2977,#2976,#3476,.T.);
#2215=EDGE_CURVE('',#2977,#2978,#3477,.T.);
#2216=EDGE_CURVE('',#2979,#2978,#3478,.T.);
#2217=EDGE_CURVE('',#2980,#2979,#3479,.T.);
#2218=EDGE_CURVE('',#2981,#2980,#3480,.T.);
#2219=EDGE_CURVE('',#2982,#2981,#3481,.T.);
#2220=EDGE_CURVE('',#2983,#2982,#3482,.T.);
#2221=EDGE_CURVE('',#2983,#2984,#3483,.T.);
#2222=EDGE_CURVE('',#2985,#2984,#3484,.T.);
#2223=EDGE_CURVE('',#2986,#2985,#3485,.T.);
#2224=EDGE_CURVE('',#2987,#2986,#3486,.T.);
#2225=EDGE_CURVE('',#2988,#2987,#3487,.T.);
#2226=EDGE_CURVE('',#2989,#2988,#3488,.T.);
#2227=EDGE_CURVE('',#2989,#2990,#3489,.T.);
#2228=EDGE_CURVE('',#2991,#2990,#3490,.T.);
#2229=EDGE_CURVE('',#2992,#2991,#3491,.T.);
#2230=EDGE_CURVE('',#2993,#2992,#3492,.T.);
#2231=EDGE_CURVE('',#2994,#2993,#3493,.T.);
#2232=EDGE_CURVE('',#2995,#2994,#3494,.T.);
#2233=EDGE_CURVE('',#2995,#2996,#3495,.T.);
#2234=EDGE_CURVE('',#2997,#2996,#3496,.T.);
#2235=EDGE_CURVE('',#2998,#2997,#3497,.T.);
#2236=EDGE_CURVE('',#2999,#2998,#3498,.T.);
#2237=EDGE_CURVE('',#3000,#2999,#3499,.T.);
#2238=EDGE_CURVE('',#3001,#3000,#3500,.T.);
#2239=EDGE_CURVE('',#3001,#3002,#3501,.T.);
#2240=EDGE_CURVE('',#3003,#3002,#3502,.T.);
#2241=EDGE_CURVE('',#3004,#3003,#3503,.T.);
#2242=EDGE_CURVE('',#3005,#3004,#3504,.T.);
#2243=EDGE_CURVE('',#3006,#3005,#3505,.T.);
#2244=EDGE_CURVE('',#3007,#3006,#3506,.T.);
#2245=EDGE_CURVE('',#3007,#3008,#3507,.T.);
#2246=EDGE_CURVE('',#3009,#3008,#3508,.T.);
#2247=EDGE_CURVE('',#3010,#3009,#3509,.T.);
#2248=EDGE_CURVE('',#3011,#3010,#3510,.T.);
#2249=EDGE_CURVE('',#3012,#3011,#3511,.T.);
#2250=EDGE_CURVE('',#3013,#3012,#3512,.T.);
#2251=EDGE_CURVE('',#3013,#3014,#3513,.T.);
#2252=EDGE_CURVE('',#3015,#3014,#3514,.T.);
#2253=EDGE_CURVE('',#3016,#3015,#3515,.T.);
#2254=EDGE_CURVE('',#3017,#3016,#3516,.T.);
#2255=EDGE_CURVE('',#3018,#3017,#3517,.T.);
#2256=EDGE_CURVE('',#3019,#3018,#3518,.T.);
#2257=EDGE_CURVE('',#3019,#3020,#3519,.T.);
#2258=EDGE_CURVE('',#3021,#3020,#3520,.T.);
#2259=EDGE_CURVE('',#3022,#3021,#3521,.T.);
#2260=EDGE_CURVE('',#3023,#3022,#3522,.T.);
#2261=EDGE_CURVE('',#3024,#3023,#3523,.T.);
#2262=EDGE_CURVE('',#3025,#3024,#3524,.T.);
#2263=EDGE_CURVE('',#3025,#3026,#3525,.T.);
#2264=EDGE_CURVE('',#3027,#3026,#3526,.T.);
#2265=EDGE_CURVE('',#3028,#3027,#3527,.T.);
#2266=EDGE_CURVE('',#3029,#3028,#3528,.T.);
#2267=EDGE_CURVE('',#3030,#3029,#3529,.T.);
#2268=EDGE_CURVE('',#3031,#3030,#3530,.T.);
#2269=EDGE_CURVE('',#3031,#3032,#3531,.T.);
#2270=EDGE_CURVE('',#3033,#3032,#3532,.T.);
#2271=EDGE_CURVE('',#3034,#3033,#3533,.T.);
#2272=EDGE_CURVE('',#3035,#3034,#3534,.T.);
#2273=EDGE_CURVE('',#3036,#3035,#3535,.T.);
#2274=EDGE_CURVE('',#3037,#3036,#3536,.T.);
#2275=EDGE_CURVE('',#3037,#3038,#3537,.T.);
#2276=EDGE_CURVE('',#3039,#3038,#3538,.T.);
#2277=EDGE_CURVE('',#3040,#3039,#3539,.T.);
#2278=EDGE_CURVE('',#3041,#3040,#3540,.T.);
#2279=EDGE_CURVE('',#3042,#3041,#3541,.T.);
#2280=EDGE_CURVE('',#3043,#3042,#3542,.T.);
#2281=EDGE_CURVE('',#3043,#3044,#3543,.T.);
#2282=EDGE_CURVE('',#3045,#3044,#3544,.T.);
#2283=EDGE_CURVE('',#3046,#3045,#3545,.T.);
#2284=EDGE_CURVE('',#3047,#3046,#3546,.T.);
#2285=EDGE_CURVE('',#3048,#3047,#3547,.T.);
#2286=EDGE_CURVE('',#3049,#3048,#3548,.T.);
#2287=EDGE_CURVE('',#3049,#3050,#3549,.T.);
#2288=EDGE_CURVE('',#3051,#3050,#3550,.T.);
#2289=EDGE_CURVE('',#3052,#3051,#3551,.T.);
#2290=EDGE_CURVE('',#3053,#3052,#3552,.T.);
#2291=EDGE_CURVE('',#3054,#3053,#3553,.T.);
#2292=EDGE_CURVE('',#3055,#3054,#3554,.T.);
#2293=EDGE_CURVE('',#3055,#3056,#3555,.T.);
#2294=EDGE_CURVE('',#3057,#3056,#3556,.T.);
#2295=EDGE_CURVE('',#3058,#3057,#3557,.T.);
#2296=EDGE_CURVE('',#3059,#3058,#3558,.T.);
#2297=EDGE_CURVE('',#3060,#3059,#3559,.T.);
#2298=EDGE_CURVE('',#3061,#3060,#3560,.T.);
#2299=EDGE_CURVE('',#3061,#3062,#3561,.T.);
#2300=EDGE_CURVE('',#3063,#3062,#3562,.T.);
#2301=EDGE_CURVE('',#3064,#3063,#3563,.T.);
#2302=EDGE_CURVE('',#3065,#3064,#3564,.T.);
#2303=EDGE_CURVE('',#3066,#3065,#3565,.T.);
#2304=EDGE_CURVE('',#3067,#3066,#3566,.T.);
#2305=EDGE_CURVE('',#3067,#3068,#3567,.T.);
#2306=EDGE_CURVE('',#3069,#3068,#3568,.T.);
#2307=EDGE_CURVE('',#3070,#3069,#3569,.T.);
#2308=EDGE_CURVE('',#3071,#3070,#3570,.T.);
#2309=EDGE_CURVE('',#3072,#3071,#3571,.T.);
#2310=EDGE_CURVE('',#3073,#3072,#3572,.T.);
#2311=EDGE_CURVE('',#3073,#3074,#3573,.T.);
#2312=EDGE_CURVE('',#3075,#3074,#3574,.T.);
#2313=EDGE_CURVE('',#3076,#3075,#3575,.T.);
#2314=EDGE_CURVE('',#3077,#3076,#3576,.T.);
#2315=EDGE_CURVE('',#3078,#3077,#3577,.T.);
#2316=EDGE_CURVE('',#3079,#3078,#3578,.T.);
#2317=EDGE_CURVE('',#3079,#3080,#3579,.T.);
#2318=EDGE_CURVE('',#3081,#3080,#3580,.T.);
#2319=EDGE_CURVE('',#3082,#3081,#3581,.T.);
#2320=EDGE_CURVE('',#3083,#3082,#3582,.T.);
#2321=EDGE_CURVE('',#3084,#3083,#3583,.T.);
#2322=EDGE_CURVE('',#3085,#3084,#3584,.T.);
#2323=EDGE_CURVE('',#3085,#3086,#3585,.T.);
#2324=EDGE_CURVE('',#3087,#3086,#3586,.T.);
#2325=EDGE_CURVE('',#3088,#3087,#3587,.T.);
#2326=EDGE_CURVE('',#3089,#3088,#3588,.T.);
#2327=EDGE_CURVE('',#3090,#3089,#3589,.T.);
#2328=EDGE_CURVE('',#3091,#3090,#3590,.T.);
#2329=EDGE_CURVE('',#3091,#3092,#3591,.T.);
#2330=EDGE_CURVE('',#3093,#3092,#3592,.T.);
#2331=EDGE_CURVE('',#3094,#3093,#3593,.T.);
#2332=EDGE_CURVE('',#3095,#3094,#3594,.T.);
#2333=EDGE_CURVE('',#3096,#3095,#3595,.T.);
#2334=EDGE_CURVE('',#3097,#3096,#3596,.T.);
#2335=EDGE_CURVE('',#3097,#3098,#3597,.T.);
#2336=EDGE_CURVE('',#3099,#3098,#3598,.T.);
#2337=EDGE_CURVE('',#3100,#3099,#3599,.T.);
#2338=EDGE_CURVE('',#3101,#3100,#3600,.T.);
#2339=EDGE_CURVE('',#3102,#3101,#3601,.T.);
#2340=EDGE_CURVE('',#3103,#3102,#3602,.T.);
#2341=EDGE_CURVE('',#3103,#3104,#3603,.T.);
#2342=EDGE_CURVE('',#3105,#3104,#3604,.T.);
#2343=EDGE_CURVE('',#3106,#3105,#3605,.T.);
#2344=EDGE_CURVE('',#3107,#3106,#3606,.T.);
#2345=EDGE_CURVE('',#3108,#3107,#3607,.T.);
#2346=EDGE_CURVE('',#3109,#3108,#3608,.T.);
#2347=EDGE_CURVE('',#3109,#3110,#3609,.T.);
#2348=EDGE_CURVE('',#3111,#3110,#3610,.T.);
#2349=EDGE_CURVE('',#3112,#3111,#3611,.T.);
#2350=EDGE_CURVE('',#3113,#3112,#3612,.T.);
#2351=EDGE_CURVE('',#3114,#3113,#3613,.T.);
#2352=EDGE_CURVE('',#3115,#3114,#3614,.T.);
#2353=EDGE_CURVE('',#3115,#3116,#3615,.T.);
#2354=EDGE_CURVE('',#3117,#3116,#3616,.T.);
#2355=EDGE_CURVE('',#3118,#3117,#3617,.T.);
#2356=EDGE_CURVE('',#3119,#3118,#3618,.T.);
#2357=EDGE_CURVE('',#3120,#3119,#3619,.T.);
#2358=EDGE_CURVE('',#3121,#3120,#3620,.T.);
#2359=EDGE_CURVE('',#3121,#3122,#3621,.T.);
#2360=EDGE_CURVE('',#3123,#3122,#3622,.T.);
#2361=EDGE_CURVE('',#3124,#3123,#3623,.T.);
#2362=EDGE_CURVE('',#3125,#3124,#3624,.T.);
#2363=EDGE_CURVE('',#3126,#3125,#3625,.T.);
#2364=EDGE_CURVE('',#3127,#3126,#3626,.T.);
#2365=EDGE_CURVE('',#3127,#3128,#3627,.T.);
#2366=EDGE_CURVE('',#3129,#3128,#3628,.T.);
#2367=EDGE_CURVE('',#3130,#3129,#3629,.T.);
#2368=EDGE_CURVE('',#3131,#3130,#3630,.T.);
#2369=EDGE_CURVE('',#3132,#3131,#3631,.T.);
#2370=EDGE_CURVE('',#3133,#3132,#3632,.T.);
#2371=EDGE_CURVE('',#3133,#3134,#3633,.T.);
#2372=EDGE_CURVE('',#3135,#3134,#3634,.T.);
#2373=EDGE_CURVE('',#3136,#3135,#3635,.T.);
#2374=EDGE_CURVE('',#3137,#3136,#3636,.T.);
#2375=EDGE_CURVE('',#3138,#3137,#3637,.T.);
#2376=EDGE_CURVE('',#3139,#3138,#3638,.T.);
#2377=EDGE_CURVE('',#3139,#3140,#3639,.T.);
#2378=EDGE_CURVE('',#3141,#3140,#3640,.T.);
#2379=EDGE_CURVE('',#3142,#3141,#3641,.T.);
#2380=EDGE_CURVE('',#3143,#3142,#3642,.T.);
#2381=EDGE_CURVE('',#3144,#3143,#3643,.T.);
#2382=EDGE_CURVE('',#3145,#3144,#3644,.T.);
#2383=EDGE_CURVE('',#3145,#3146,#3645,.T.);
#2384=EDGE_CURVE('',#3147,#3146,#3646,.T.);
#2385=EDGE_CURVE('',#3148,#3147,#3647,.T.);
#2386=EDGE_CURVE('',#3149,#3148,#3648,.T.);
#2387=EDGE_CURVE('',#3150,#3149,#3649,.T.);
#2388=EDGE_CURVE('',#3151,#3150,#3650,.T.);
#2389=EDGE_CURVE('',#3151,#3152,#3651,.T.);
#2390=EDGE_CURVE('',#3153,#3152,#3652,.T.);
#2391=EDGE_CURVE('',#3154,#3153,#3653,.T.);
#2392=EDGE_CURVE('',#3155,#3154,#3654,.T.);
#2393=EDGE_CURVE('',#3156,#3155,#3655,.T.);
#2394=EDGE_CURVE('',#3157,#3156,#3656,.T.);
#2395=EDGE_CURVE('',#3157,#3158,#3657,.T.);
#2396=EDGE_CURVE('',#3159,#3158,#3658,.T.);
#2397=EDGE_CURVE('',#3160,#3159,#3659,.T.);
#2398=EDGE_CURVE('',#3161,#3160,#3660,.T.);
#2399=EDGE_CURVE('',#3162,#3161,#3661,.T.);
#2400=EDGE_CURVE('',#3163,#3162,#3662,.T.);
#2401=EDGE_CURVE('',#3163,#3164,#3663,.T.);
#2402=EDGE_CURVE('',#3165,#3164,#3664,.T.);
#2403=EDGE_CURVE('',#3166,#3165,#3665,.T.);
#2404=EDGE_CURVE('',#3167,#3166,#3666,.T.);
#2405=EDGE_CURVE('',#3168,#3167,#3667,.T.);
#2406=EDGE_CURVE('',#3169,#3168,#3668,.T.);
#2407=EDGE_CURVE('',#3169,#3170,#3669,.T.);
#2408=EDGE_CURVE('',#3171,#3170,#3670,.T.);
#2409=EDGE_CURVE('',#3172,#3171,#3671,.T.);
#2410=EDGE_CURVE('',#3173,#3172,#3672,.T.);
#2411=EDGE_CURVE('',#3174,#3173,#3673,.T.);
#2412=EDGE_CURVE('',#3175,#3174,#3674,.T.);
#2413=EDGE_CURVE('',#3175,#3176,#3675,.T.);
#2414=EDGE_CURVE('',#3177,#3176,#3676,.T.);
#2415=EDGE_CURVE('',#3178,#3177,#3677,.T.);
#2416=EDGE_CURVE('',#3179,#3178,#3678,.T.);
#2417=EDGE_CURVE('',#3180,#3179,#3679,.T.);
#2418=EDGE_CURVE('',#3181,#3180,#3680,.T.);
#2419=EDGE_CURVE('',#3181,#3182,#3681,.T.);
#2420=EDGE_CURVE('',#3183,#3182,#3682,.T.);
#2421=EDGE_CURVE('',#3184,#3183,#3683,.T.);
#2422=EDGE_CURVE('',#3185,#3184,#3684,.T.);
#2423=EDGE_CURVE('',#3186,#3185,#3685,.T.);
#2424=EDGE_CURVE('',#3187,#3186,#3686,.T.);
#2425=EDGE_CURVE('',#3187,#3188,#3687,.T.);
#2426=EDGE_CURVE('',#3189,#3188,#3688,.T.);
#2427=EDGE_CURVE('',#3190,#3189,#3689,.T.);
#2428=EDGE_CURVE('',#3191,#3190,#3690,.T.);
#2429=EDGE_CURVE('',#3192,#3191,#3691,.T.);
#2430=EDGE_CURVE('',#3193,#3192,#3692,.T.);
#2431=EDGE_CURVE('',#3193,#3194,#3693,.T.);
#2432=EDGE_CURVE('',#3195,#3194,#3694,.T.);
#2433=EDGE_CURVE('',#3196,#3195,#3695,.T.);
#2434=EDGE_CURVE('',#3197,#3196,#3696,.T.);
#2435=EDGE_CURVE('',#3198,#3197,#3697,.T.);
#2436=EDGE_CURVE('',#3199,#3198,#3698,.T.);
#2437=EDGE_CURVE('',#3199,#3200,#3699,.T.);
#2438=EDGE_CURVE('',#3201,#3200,#3700,.T.);
#2439=EDGE_CURVE('',#3202,#3201,#3701,.T.);
#2440=EDGE_CURVE('',#3203,#3202,#3702,.T.);
#2441=EDGE_CURVE('',#3204,#3203,#3703,.T.);
#2442=EDGE_CURVE('',#3205,#3204,#3704,.T.);
#2443=EDGE_CURVE('',#3205,#3206,#3705,.T.);
#2444=EDGE_CURVE('',#3207,#3206,#3706,.T.);
#2445=EDGE_CURVE('',#3208,#3207,#3707,.T.);
#2446=EDGE_CURVE('',#3209,#3208,#3708,.T.);
#2447=EDGE_CURVE('',#3210,#3209,#3709,.T.);
#2448=EDGE_CURVE('',#3211,#3210,#3710,.T.);
#2449=EDGE_CURVE('',#3211,#2973,#3711,.T.);
#2450=EDGE_CURVE('',#3212,#3212,#3712,.T.);
#2451=EDGE_CURVE('',#3213,#3211,#60,.F.);
#2452=EDGE_CURVE('',#3214,#3213,#3713,.F.);
#2453=EDGE_CURVE('',#2973,#3214,#61,.T.);
#2454=EDGE_CURVE('',#3215,#3216,#3714,.F.);
#2455=EDGE_CURVE('',#3214,#3215,#3715,.F.);
#2456=EDGE_CURVE('',#3217,#3213,#3716,.F.);
#2457=EDGE_CURVE('',#3218,#3217,#3717,.F.);
#2458=EDGE_CURVE('',#3219,#3218,#3718,.F.);
#2459=EDGE_CURVE('',#3220,#3219,#3719,.F.);
#2460=EDGE_CURVE('',#3221,#3220,#3720,.F.);
#2461=EDGE_CURVE('',#3221,#3222,#3721,.F.);
#2462=EDGE_CURVE('',#3223,#3222,#3722,.F.);
#2463=EDGE_CURVE('',#3224,#3223,#3723,.F.);
#2464=EDGE_CURVE('',#3225,#3224,#3724,.F.);
#2465=EDGE_CURVE('',#3226,#3225,#3725,.F.);
#2466=EDGE_CURVE('',#3227,#3226,#3726,.F.);
#2467=EDGE_CURVE('',#3227,#3228,#3727,.F.);
#2468=EDGE_CURVE('',#3229,#3228,#3728,.F.);
#2469=EDGE_CURVE('',#3230,#3229,#3729,.F.);
#2470=EDGE_CURVE('',#3231,#3230,#3730,.F.);
#2471=EDGE_CURVE('',#3232,#3231,#3731,.F.);
#2472=EDGE_CURVE('',#3233,#3232,#3732,.F.);
#2473=EDGE_CURVE('',#3233,#3234,#3733,.F.);
#2474=EDGE_CURVE('',#3235,#3234,#3734,.F.);
#2475=EDGE_CURVE('',#3236,#3235,#3735,.F.);
#2476=EDGE_CURVE('',#3237,#3236,#3736,.F.);
#2477=EDGE_CURVE('',#3238,#3237,#3737,.F.);
#2478=EDGE_CURVE('',#3239,#3238,#3738,.F.);
#2479=EDGE_CURVE('',#3239,#3240,#3739,.F.);
#2480=EDGE_CURVE('',#3241,#3240,#3740,.F.);
#2481=EDGE_CURVE('',#3242,#3241,#3741,.F.);
#2482=EDGE_CURVE('',#3243,#3242,#3742,.F.);
#2483=EDGE_CURVE('',#3244,#3243,#3743,.F.);
#2484=EDGE_CURVE('',#3245,#3244,#3744,.F.);
#2485=EDGE_CURVE('',#3245,#3246,#3745,.F.);
#2486=EDGE_CURVE('',#3247,#3246,#3746,.F.);
#2487=EDGE_CURVE('',#3248,#3247,#3747,.F.);
#2488=EDGE_CURVE('',#3249,#3248,#3748,.F.);
#2489=EDGE_CURVE('',#3250,#3249,#3749,.F.);
#2490=EDGE_CURVE('',#3251,#3250,#3750,.F.);
#2491=EDGE_CURVE('',#3251,#3252,#3751,.F.);
#2492=EDGE_CURVE('',#3253,#3252,#3752,.F.);
#2493=EDGE_CURVE('',#3254,#3253,#3753,.F.);
#2494=EDGE_CURVE('',#3255,#3254,#3754,.F.);
#2495=EDGE_CURVE('',#3256,#3255,#3755,.F.);
#2496=EDGE_CURVE('',#3257,#3256,#3756,.F.);
#2497=EDGE_CURVE('',#3257,#3258,#3757,.F.);
#2498=EDGE_CURVE('',#3259,#3258,#3758,.F.);
#2499=EDGE_CURVE('',#3260,#3259,#3759,.F.);
#2500=EDGE_CURVE('',#3261,#3260,#3760,.F.);
#2501=EDGE_CURVE('',#3262,#3261,#3761,.F.);
#2502=EDGE_CURVE('',#3263,#3262,#3762,.F.);
#2503=EDGE_CURVE('',#3263,#3264,#3763,.F.);
#2504=EDGE_CURVE('',#3265,#3264,#3764,.F.);
#2505=EDGE_CURVE('',#3266,#3265,#3765,.F.);
#2506=EDGE_CURVE('',#3267,#3266,#3766,.F.);
#2507=EDGE_CURVE('',#3268,#3267,#3767,.F.);
#2508=EDGE_CURVE('',#3269,#3268,#3768,.F.);
#2509=EDGE_CURVE('',#3269,#3270,#3769,.F.);
#2510=EDGE_CURVE('',#3271,#3270,#3770,.F.);
#2511=EDGE_CURVE('',#3272,#3271,#3771,.F.);
#2512=EDGE_CURVE('',#3273,#3272,#3772,.F.);
#2513=EDGE_CURVE('',#3274,#3273,#3773,.F.);
#2514=EDGE_CURVE('',#3275,#3274,#3774,.F.);
#2515=EDGE_CURVE('',#3275,#3276,#3775,.F.);
#2516=EDGE_CURVE('',#3277,#3276,#3776,.F.);
#2517=EDGE_CURVE('',#3278,#3277,#3777,.F.);
#2518=EDGE_CURVE('',#3279,#3278,#3778,.F.);
#2519=EDGE_CURVE('',#3280,#3279,#3779,.F.);
#2520=EDGE_CURVE('',#3281,#3280,#3780,.F.);
#2521=EDGE_CURVE('',#3281,#3282,#3781,.F.);
#2522=EDGE_CURVE('',#3283,#3282,#3782,.F.);
#2523=EDGE_CURVE('',#3284,#3283,#3783,.F.);
#2524=EDGE_CURVE('',#3285,#3284,#3784,.F.);
#2525=EDGE_CURVE('',#3286,#3285,#3785,.F.);
#2526=EDGE_CURVE('',#3287,#3286,#3786,.F.);
#2527=EDGE_CURVE('',#3287,#3288,#3787,.F.);
#2528=EDGE_CURVE('',#3289,#3288,#3788,.F.);
#2529=EDGE_CURVE('',#3290,#3289,#3789,.F.);
#2530=EDGE_CURVE('',#3291,#3290,#3790,.F.);
#2531=EDGE_CURVE('',#3292,#3291,#3791,.F.);
#2532=EDGE_CURVE('',#3293,#3292,#3792,.F.);
#2533=EDGE_CURVE('',#3293,#3294,#3793,.F.);
#2534=EDGE_CURVE('',#3295,#3294,#3794,.F.);
#2535=EDGE_CURVE('',#3296,#3295,#3795,.F.);
#2536=EDGE_CURVE('',#3297,#3296,#3796,.F.);
#2537=EDGE_CURVE('',#3298,#3297,#3797,.F.);
#2538=EDGE_CURVE('',#3299,#3298,#3798,.F.);
#2539=EDGE_CURVE('',#3299,#3300,#3799,.F.);
#2540=EDGE_CURVE('',#3301,#3300,#3800,.F.);
#2541=EDGE_CURVE('',#3302,#3301,#3801,.F.);
#2542=EDGE_CURVE('',#3303,#3302,#3802,.F.);
#2543=EDGE_CURVE('',#3304,#3303,#3803,.F.);
#2544=EDGE_CURVE('',#3305,#3304,#3804,.F.);
#2545=EDGE_CURVE('',#3305,#3306,#3805,.F.);
#2546=EDGE_CURVE('',#3307,#3306,#3806,.F.);
#2547=EDGE_CURVE('',#3308,#3307,#3807,.F.);
#2548=EDGE_CURVE('',#3309,#3308,#3808,.F.);
#2549=EDGE_CURVE('',#3310,#3309,#3809,.F.);
#2550=EDGE_CURVE('',#3311,#3310,#3810,.F.);
#2551=EDGE_CURVE('',#3311,#3312,#3811,.F.);
#2552=EDGE_CURVE('',#3313,#3312,#3812,.F.);
#2553=EDGE_CURVE('',#3314,#3313,#3813,.F.);
#2554=EDGE_CURVE('',#3315,#3314,#3814,.F.);
#2555=EDGE_CURVE('',#3316,#3315,#3815,.F.);
#2556=EDGE_CURVE('',#3317,#3316,#3816,.F.);
#2557=EDGE_CURVE('',#3317,#3318,#3817,.F.);
#2558=EDGE_CURVE('',#3319,#3318,#3818,.F.);
#2559=EDGE_CURVE('',#3320,#3319,#3819,.F.);
#2560=EDGE_CURVE('',#3321,#3320,#3820,.F.);
#2561=EDGE_CURVE('',#3322,#3321,#3821,.F.);
#2562=EDGE_CURVE('',#3323,#3322,#3822,.F.);
#2563=EDGE_CURVE('',#3323,#3324,#3823,.F.);
#2564=EDGE_CURVE('',#3325,#3324,#3824,.F.);
#2565=EDGE_CURVE('',#3326,#3325,#3825,.F.);
#2566=EDGE_CURVE('',#3327,#3326,#3826,.F.);
#2567=EDGE_CURVE('',#3328,#3327,#3827,.F.);
#2568=EDGE_CURVE('',#3329,#3328,#3828,.F.);
#2569=EDGE_CURVE('',#3329,#3330,#3829,.F.);
#2570=EDGE_CURVE('',#3331,#3330,#3830,.F.);
#2571=EDGE_CURVE('',#3332,#3331,#3831,.F.);
#2572=EDGE_CURVE('',#3333,#3332,#3832,.F.);
#2573=EDGE_CURVE('',#3334,#3333,#3833,.F.);
#2574=EDGE_CURVE('',#3335,#3334,#3834,.F.);
#2575=EDGE_CURVE('',#3335,#3336,#3835,.F.);
#2576=EDGE_CURVE('',#3337,#3336,#3836,.F.);
#2577=EDGE_CURVE('',#3338,#3337,#3837,.F.);
#2578=EDGE_CURVE('',#3339,#3338,#3838,.F.);
#2579=EDGE_CURVE('',#3340,#3339,#3839,.F.);
#2580=EDGE_CURVE('',#3341,#3340,#3840,.F.);
#2581=EDGE_CURVE('',#3341,#3342,#3841,.F.);
#2582=EDGE_CURVE('',#3343,#3342,#3842,.F.);
#2583=EDGE_CURVE('',#3344,#3343,#3843,.F.);
#2584=EDGE_CURVE('',#3345,#3344,#3844,.F.);
#2585=EDGE_CURVE('',#3346,#3345,#3845,.F.);
#2586=EDGE_CURVE('',#3347,#3346,#3846,.F.);
#2587=EDGE_CURVE('',#3347,#3348,#3847,.F.);
#2588=EDGE_CURVE('',#3349,#3348,#3848,.F.);
#2589=EDGE_CURVE('',#3350,#3349,#3849,.F.);
#2590=EDGE_CURVE('',#3351,#3350,#3850,.F.);
#2591=EDGE_CURVE('',#3352,#3351,#3851,.F.);
#2592=EDGE_CURVE('',#3353,#3352,#3852,.F.);
#2593=EDGE_CURVE('',#3353,#3354,#3853,.F.);
#2594=EDGE_CURVE('',#3355,#3354,#3854,.F.);
#2595=EDGE_CURVE('',#3356,#3355,#3855,.F.);
#2596=EDGE_CURVE('',#3357,#3356,#3856,.F.);
#2597=EDGE_CURVE('',#3358,#3357,#3857,.F.);
#2598=EDGE_CURVE('',#3359,#3358,#3858,.F.);
#2599=EDGE_CURVE('',#3359,#3360,#3859,.F.);
#2600=EDGE_CURVE('',#3361,#3360,#3860,.F.);
#2601=EDGE_CURVE('',#3362,#3361,#3861,.F.);
#2602=EDGE_CURVE('',#3363,#3362,#3862,.F.);
#2603=EDGE_CURVE('',#3364,#3363,#3863,.F.);
#2604=EDGE_CURVE('',#3365,#3364,#3864,.F.);
#2605=EDGE_CURVE('',#3365,#3366,#3865,.F.);
#2606=EDGE_CURVE('',#3367,#3366,#3866,.F.);
#2607=EDGE_CURVE('',#3368,#3367,#3867,.F.);
#2608=EDGE_CURVE('',#3369,#3368,#3868,.F.);
#2609=EDGE_CURVE('',#3370,#3369,#3869,.F.);
#2610=EDGE_CURVE('',#3371,#3370,#3870,.F.);
#2611=EDGE_CURVE('',#3371,#3372,#3871,.F.);
#2612=EDGE_CURVE('',#3373,#3372,#3872,.F.);
#2613=EDGE_CURVE('',#3374,#3373,#3873,.F.);
#2614=EDGE_CURVE('',#3375,#3374,#3874,.F.);
#2615=EDGE_CURVE('',#3376,#3375,#3875,.F.);
#2616=EDGE_CURVE('',#3377,#3376,#3876,.F.);
#2617=EDGE_CURVE('',#3377,#3378,#3877,.F.);
#2618=EDGE_CURVE('',#3379,#3378,#3878,.F.);
#2619=EDGE_CURVE('',#3380,#3379,#3879,.F.);
#2620=EDGE_CURVE('',#3381,#3380,#3880,.F.);
#2621=EDGE_CURVE('',#3382,#3381,#3881,.F.);
#2622=EDGE_CURVE('',#3383,#3382,#3882,.F.);
#2623=EDGE_CURVE('',#3383,#3384,#3883,.F.);
#2624=EDGE_CURVE('',#3385,#3384,#3884,.F.);
#2625=EDGE_CURVE('',#3386,#3385,#3885,.F.);
#2626=EDGE_CURVE('',#3387,#3386,#3886,.F.);
#2627=EDGE_CURVE('',#3388,#3387,#3887,.F.);
#2628=EDGE_CURVE('',#3389,#3388,#3888,.F.);
#2629=EDGE_CURVE('',#3389,#3390,#3889,.F.);
#2630=EDGE_CURVE('',#3391,#3390,#3890,.F.);
#2631=EDGE_CURVE('',#3392,#3391,#3891,.F.);
#2632=EDGE_CURVE('',#3393,#3392,#3892,.F.);
#2633=EDGE_CURVE('',#3394,#3393,#3893,.F.);
#2634=EDGE_CURVE('',#3395,#3394,#3894,.F.);
#2635=EDGE_CURVE('',#3395,#3396,#3895,.F.);
#2636=EDGE_CURVE('',#3397,#3396,#3896,.F.);
#2637=EDGE_CURVE('',#3398,#3397,#3897,.F.);
#2638=EDGE_CURVE('',#3399,#3398,#3898,.F.);
#2639=EDGE_CURVE('',#3400,#3399,#3899,.F.);
#2640=EDGE_CURVE('',#3401,#3400,#3900,.F.);
#2641=EDGE_CURVE('',#3401,#3402,#3901,.F.);
#2642=EDGE_CURVE('',#3403,#3402,#3902,.F.);
#2643=EDGE_CURVE('',#3404,#3403,#3903,.F.);
#2644=EDGE_CURVE('',#3405,#3404,#3904,.F.);
#2645=EDGE_CURVE('',#3406,#3405,#3905,.F.);
#2646=EDGE_CURVE('',#3407,#3406,#3906,.F.);
#2647=EDGE_CURVE('',#3407,#3408,#3907,.F.);
#2648=EDGE_CURVE('',#3409,#3408,#3908,.F.);
#2649=EDGE_CURVE('',#3410,#3409,#3909,.F.);
#2650=EDGE_CURVE('',#3411,#3410,#3910,.F.);
#2651=EDGE_CURVE('',#3412,#3411,#3911,.F.);
#2652=EDGE_CURVE('',#3413,#3412,#3912,.F.);
#2653=EDGE_CURVE('',#3413,#3414,#3913,.F.);
#2654=EDGE_CURVE('',#3415,#3414,#3914,.F.);
#2655=EDGE_CURVE('',#3416,#3415,#3915,.F.);
#2656=EDGE_CURVE('',#3417,#3416,#3916,.F.);
#2657=EDGE_CURVE('',#3418,#3417,#3917,.F.);
#2658=EDGE_CURVE('',#3419,#3418,#3918,.F.);
#2659=EDGE_CURVE('',#3419,#3420,#3919,.F.);
#2660=EDGE_CURVE('',#3421,#3420,#3920,.F.);
#2661=EDGE_CURVE('',#3422,#3421,#3921,.F.);
#2662=EDGE_CURVE('',#3423,#3422,#3922,.F.);
#2663=EDGE_CURVE('',#3424,#3423,#3923,.F.);
#2664=EDGE_CURVE('',#3425,#3424,#3924,.F.);
#2665=EDGE_CURVE('',#3425,#3426,#3925,.F.);
#2666=EDGE_CURVE('',#3427,#3426,#3926,.F.);
#2667=EDGE_CURVE('',#3428,#3427,#3927,.F.);
#2668=EDGE_CURVE('',#3429,#3428,#3928,.F.);
#2669=EDGE_CURVE('',#3430,#3429,#3929,.F.);
#2670=EDGE_CURVE('',#3431,#3430,#3930,.F.);
#2671=EDGE_CURVE('',#3431,#3432,#3931,.F.);
#2672=EDGE_CURVE('',#3433,#3432,#3932,.F.);
#2673=EDGE_CURVE('',#3434,#3433,#3933,.F.);
#2674=EDGE_CURVE('',#3435,#3434,#3934,.F.);
#2675=EDGE_CURVE('',#3436,#3435,#3935,.F.);
#2676=EDGE_CURVE('',#3437,#3436,#3936,.F.);
#2677=EDGE_CURVE('',#3437,#3438,#3937,.F.);
#2678=EDGE_CURVE('',#3439,#3438,#3938,.F.);
#2679=EDGE_CURVE('',#3440,#3439,#3939,.F.);
#2680=EDGE_CURVE('',#3441,#3440,#3940,.F.);
#2681=EDGE_CURVE('',#3442,#3441,#3941,.F.);
#2682=EDGE_CURVE('',#3443,#3442,#3942,.F.);
#2683=EDGE_CURVE('',#3443,#3444,#3943,.F.);
#2684=EDGE_CURVE('',#3445,#3444,#3944,.F.);
#2685=EDGE_CURVE('',#3446,#3445,#3945,.F.);
#2686=EDGE_CURVE('',#3447,#3446,#3946,.F.);
#2687=EDGE_CURVE('',#3448,#3447,#3947,.F.);
#2688=EDGE_CURVE('',#3449,#3448,#3948,.F.);
#2689=EDGE_CURVE('',#3449,#3450,#3949,.F.);
#2690=EDGE_CURVE('',#3451,#3450,#3950,.F.);
#2691=EDGE_CURVE('',#3452,#3451,#3951,.F.);
#2692=EDGE_CURVE('',#3216,#3452,#3952,.F.);
#2693=EDGE_CURVE('',#3210,#3217,#62,.T.);
#2694=EDGE_CURVE('',#3215,#2972,#63,.F.);
#2695=EDGE_CURVE('',#3209,#3218,#64,.T.);
#2696=EDGE_CURVE('',#3216,#2974,#65,.F.);
#2697=EDGE_CURVE('',#3208,#3219,#66,.T.);
#2698=EDGE_CURVE('',#3452,#2975,#67,.F.);
#2699=EDGE_CURVE('',#3207,#3220,#68,.T.);
#2700=EDGE_CURVE('',#3451,#2976,#69,.F.);
#2701=EDGE_CURVE('',#3206,#3221,#70,.T.);
#2702=EDGE_CURVE('',#3450,#2977,#71,.F.);
#2703=EDGE_CURVE('',#3222,#3205,#72,.F.);
#2704=EDGE_CURVE('',#2978,#3449,#73,.T.);
#2705=EDGE_CURVE('',#3204,#3223,#74,.T.);
#2706=EDGE_CURVE('',#3448,#2979,#75,.F.);
#2707=EDGE_CURVE('',#3203,#3224,#76,.T.);
#2708=EDGE_CURVE('',#3447,#2980,#77,.F.);
#2709=EDGE_CURVE('',#3202,#3225,#78,.T.);
#2710=EDGE_CURVE('',#3446,#2981,#79,.F.);
#2711=EDGE_CURVE('',#3201,#3226,#80,.T.);
#2712=EDGE_CURVE('',#3445,#2982,#81,.F.);
#2713=EDGE_CURVE('',#3200,#3227,#82,.T.);
#2714=EDGE_CURVE('',#3444,#2983,#83,.F.);
#2715=EDGE_CURVE('',#3228,#3199,#84,.F.);
#2716=EDGE_CURVE('',#2984,#3443,#85,.T.);
#2717=EDGE_CURVE('',#3198,#3229,#86,.T.);
#2718=EDGE_CURVE('',#3442,#2985,#87,.F.);
#2719=EDGE_CURVE('',#3197,#3230,#88,.T.);
#2720=EDGE_CURVE('',#3441,#2986,#89,.F.);
#2721=EDGE_CURVE('',#3196,#3231,#90,.T.);
#2722=EDGE_CURVE('',#3440,#2987,#91,.F.);
#2723=EDGE_CURVE('',#3195,#3232,#92,.T.);
#2724=EDGE_CURVE('',#3439,#2988,#93,.F.);
#2725=EDGE_CURVE('',#3194,#3233,#94,.T.);
#2726=EDGE_CURVE('',#3438,#2989,#95,.F.);
#2727=EDGE_CURVE('',#3234,#3193,#96,.F.);
#2728=EDGE_CURVE('',#2990,#3437,#97,.T.);
#2729=EDGE_CURVE('',#3192,#3235,#98,.T.);
#2730=EDGE_CURVE('',#3436,#2991,#99,.F.);
#2731=EDGE_CURVE('',#3191,#3236,#100,.T.);
#2732=EDGE_CURVE('',#3435,#2992,#101,.F.);
#2733=EDGE_CURVE('',#3190,#3237,#102,.T.);
#2734=EDGE_CURVE('',#3434,#2993,#103,.F.);
#2735=EDGE_CURVE('',#3189,#3238,#104,.T.);
#2736=EDGE_CURVE('',#3433,#2994,#105,.F.);
#2737=EDGE_CURVE('',#3188,#3239,#106,.T.);
#2738=EDGE_CURVE('',#3432,#2995,#107,.F.);
#2739=EDGE_CURVE('',#3240,#3187,#108,.F.);
#2740=EDGE_CURVE('',#2996,#3431,#109,.T.);
#2741=EDGE_CURVE('',#3186,#3241,#110,.T.);
#2742=EDGE_CURVE('',#3430,#2997,#111,.F.);
#2743=EDGE_CURVE('',#3185,#3242,#112,.T.);
#2744=EDGE_CURVE('',#3429,#2998,#113,.F.);
#2745=EDGE_CURVE('',#3184,#3243,#114,.T.);
#2746=EDGE_CURVE('',#3428,#2999,#115,.F.);
#2747=EDGE_CURVE('',#3183,#3244,#116,.T.);
#2748=EDGE_CURVE('',#3427,#3000,#117,.F.);
#2749=EDGE_CURVE('',#3182,#3245,#118,.T.);
#2750=EDGE_CURVE('',#3426,#3001,#119,.F.);
#2751=EDGE_CURVE('',#3246,#3181,#120,.F.);
#2752=EDGE_CURVE('',#3002,#3425,#121,.T.);
#2753=EDGE_CURVE('',#3180,#3247,#122,.T.);
#2754=EDGE_CURVE('',#3424,#3003,#123,.F.);
#2755=EDGE_CURVE('',#3179,#3248,#124,.T.);
#2756=EDGE_CURVE('',#3423,#3004,#125,.F.);
#2757=EDGE_CURVE('',#3178,#3249,#126,.T.);
#2758=EDGE_CURVE('',#3422,#3005,#127,.F.);
#2759=EDGE_CURVE('',#3177,#3250,#128,.T.);
#2760=EDGE_CURVE('',#3421,#3006,#129,.F.);
#2761=EDGE_CURVE('',#3176,#3251,#130,.T.);
#2762=EDGE_CURVE('',#3420,#3007,#131,.F.);
#2763=EDGE_CURVE('',#3252,#3175,#132,.F.);
#2764=EDGE_CURVE('',#3008,#3419,#133,.T.);
#2765=EDGE_CURVE('',#3174,#3253,#134,.T.);
#2766=EDGE_CURVE('',#3418,#3009,#135,.F.);
#2767=EDGE_CURVE('',#3173,#3254,#136,.T.);
#2768=EDGE_CURVE('',#3417,#3010,#137,.F.);
#2769=EDGE_CURVE('',#3172,#3255,#138,.T.);
#2770=EDGE_CURVE('',#3416,#3011,#139,.F.);
#2771=EDGE_CURVE('',#3171,#3256,#140,.T.);
#2772=EDGE_CURVE('',#3415,#3012,#141,.F.);
#2773=EDGE_CURVE('',#3170,#3257,#142,.T.);
#2774=EDGE_CURVE('',#3414,#3013,#143,.F.);
#2775=EDGE_CURVE('',#3258,#3169,#144,.F.);
#2776=EDGE_CURVE('',#3014,#3413,#145,.T.);
#2777=EDGE_CURVE('',#3168,#3259,#146,.T.);
#2778=EDGE_CURVE('',#3412,#3015,#147,.F.);
#2779=EDGE_CURVE('',#3167,#3260,#148,.T.);
#2780=EDGE_CURVE('',#3411,#3016,#149,.F.);
#2781=EDGE_CURVE('',#3166,#3261,#150,.T.);
#2782=EDGE_CURVE('',#3410,#3017,#151,.F.);
#2783=EDGE_CURVE('',#3165,#3262,#152,.T.);
#2784=EDGE_CURVE('',#3409,#3018,#153,.F.);
#2785=EDGE_CURVE('',#3164,#3263,#154,.T.);
#2786=EDGE_CURVE('',#3408,#3019,#155,.F.);
#2787=EDGE_CURVE('',#3264,#3163,#156,.F.);
#2788=EDGE_CURVE('',#3020,#3407,#157,.T.);
#2789=EDGE_CURVE('',#3162,#3265,#158,.T.);
#2790=EDGE_CURVE('',#3406,#3021,#159,.F.);
#2791=EDGE_CURVE('',#3161,#3266,#160,.T.);
#2792=EDGE_CURVE('',#3405,#3022,#161,.F.);
#2793=EDGE_CURVE('',#3160,#3267,#162,.T.);
#2794=EDGE_CURVE('',#3404,#3023,#163,.F.);
#2795=EDGE_CURVE('',#3159,#3268,#164,.T.);
#2796=EDGE_CURVE('',#3403,#3024,#165,.F.);
#2797=EDGE_CURVE('',#3158,#3269,#166,.T.);
#2798=EDGE_CURVE('',#3402,#3025,#167,.F.);
#2799=EDGE_CURVE('',#3270,#3157,#168,.F.);
#2800=EDGE_CURVE('',#3026,#3401,#169,.T.);
#2801=EDGE_CURVE('',#3156,#3271,#170,.T.);
#2802=EDGE_CURVE('',#3400,#3027,#171,.F.);
#2803=EDGE_CURVE('',#3155,#3272,#172,.T.);
#2804=EDGE_CURVE('',#3399,#3028,#173,.F.);
#2805=EDGE_CURVE('',#3154,#3273,#174,.T.);
#2806=EDGE_CURVE('',#3398,#3029,#175,.F.);
#2807=EDGE_CURVE('',#3153,#3274,#176,.T.);
#2808=EDGE_CURVE('',#3397,#3030,#177,.F.);
#2809=EDGE_CURVE('',#3152,#3275,#178,.T.);
#2810=EDGE_CURVE('',#3396,#3031,#179,.F.);
#2811=EDGE_CURVE('',#3276,#3151,#180,.F.);
#2812=EDGE_CURVE('',#3032,#3395,#181,.T.);
#2813=EDGE_CURVE('',#3150,#3277,#182,.T.);
#2814=EDGE_CURVE('',#3394,#3033,#183,.F.);
#2815=EDGE_CURVE('',#3149,#3278,#184,.T.);
#2816=EDGE_CURVE('',#3393,#3034,#185,.F.);
#2817=EDGE_CURVE('',#3148,#3279,#186,.T.);
#2818=EDGE_CURVE('',#3392,#3035,#187,.F.);
#2819=EDGE_CURVE('',#3147,#3280,#188,.T.);
#2820=EDGE_CURVE('',#3391,#3036,#189,.F.);
#2821=EDGE_CURVE('',#3146,#3281,#190,.T.);
#2822=EDGE_CURVE('',#3390,#3037,#191,.F.);
#2823=EDGE_CURVE('',#3282,#3145,#192,.F.);
#2824=EDGE_CURVE('',#3038,#3389,#193,.T.);
#2825=EDGE_CURVE('',#3144,#3283,#194,.T.);
#2826=EDGE_CURVE('',#3388,#3039,#195,.F.);
#2827=EDGE_CURVE('',#3143,#3284,#196,.T.);
#2828=EDGE_CURVE('',#3387,#3040,#197,.F.);
#2829=EDGE_CURVE('',#3142,#3285,#198,.T.);
#2830=EDGE_CURVE('',#3386,#3041,#199,.F.);
#2831=EDGE_CURVE('',#3141,#3286,#200,.T.);
#2832=EDGE_CURVE('',#3385,#3042,#201,.F.);
#2833=EDGE_CURVE('',#3140,#3287,#202,.T.);
#2834=EDGE_CURVE('',#3384,#3043,#203,.F.);
#2835=EDGE_CURVE('',#3288,#3139,#204,.F.);
#2836=EDGE_CURVE('',#3044,#3383,#205,.T.);
#2837=EDGE_CURVE('',#3138,#3289,#206,.T.);
#2838=EDGE_CURVE('',#3382,#3045,#207,.F.);
#2839=EDGE_CURVE('',#3137,#3290,#208,.T.);
#2840=EDGE_CURVE('',#3381,#3046,#209,.F.);
#2841=EDGE_CURVE('',#3136,#3291,#210,.T.);
#2842=EDGE_CURVE('',#3380,#3047,#211,.F.);
#2843=EDGE_CURVE('',#3135,#3292,#212,.T.);
#2844=EDGE_CURVE('',#3379,#3048,#213,.F.);
#2845=EDGE_CURVE('',#3134,#3293,#214,.T.);
#2846=EDGE_CURVE('',#3378,#3049,#215,.F.);
#2847=EDGE_CURVE('',#3294,#3133,#216,.F.);
#2848=EDGE_CURVE('',#3050,#3377,#217,.T.);
#2849=EDGE_CURVE('',#3132,#3295,#218,.T.);
#2850=EDGE_CURVE('',#3376,#3051,#219,.F.);
#2851=EDGE_CURVE('',#3131,#3296,#220,.T.);
#2852=EDGE_CURVE('',#3375,#3052,#221,.F.);
#2853=EDGE_CURVE('',#3130,#3297,#222,.T.);
#2854=EDGE_CURVE('',#3374,#3053,#223,.F.);
#2855=EDGE_CURVE('',#3129,#3298,#224,.T.);
#2856=EDGE_CURVE('',#3373,#3054,#225,.F.);
#2857=EDGE_CURVE('',#3128,#3299,#226,.T.);
#2858=EDGE_CURVE('',#3372,#3055,#227,.F.);
#2859=EDGE_CURVE('',#3300,#3127,#228,.F.);
#2860=EDGE_CURVE('',#3056,#3371,#229,.T.);
#2861=EDGE_CURVE('',#3126,#3301,#230,.T.);
#2862=EDGE_CURVE('',#3370,#3057,#231,.F.);
#2863=EDGE_CURVE('',#3125,#3302,#232,.T.);
#2864=EDGE_CURVE('',#3369,#3058,#233,.F.);
#2865=EDGE_CURVE('',#3124,#3303,#234,.T.);
#2866=EDGE_CURVE('',#3368,#3059,#235,.F.);
#2867=EDGE_CURVE('',#3123,#3304,#236,.T.);
#2868=EDGE_CURVE('',#3367,#3060,#237,.F.);
#2869=EDGE_CURVE('',#3122,#3305,#238,.T.);
#2870=EDGE_CURVE('',#3366,#3061,#239,.F.);
#2871=EDGE_CURVE('',#3306,#3121,#240,.F.);
#2872=EDGE_CURVE('',#3062,#3365,#241,.T.);
#2873=EDGE_CURVE('',#3120,#3307,#242,.T.);
#2874=EDGE_CURVE('',#3364,#3063,#243,.F.);
#2875=EDGE_CURVE('',#3119,#3308,#244,.T.);
#2876=EDGE_CURVE('',#3363,#3064,#245,.F.);
#2877=EDGE_CURVE('',#3118,#3309,#246,.T.);
#2878=EDGE_CURVE('',#3362,#3065,#247,.F.);
#2879=EDGE_CURVE('',#3117,#3310,#248,.T.);
#2880=EDGE_CURVE('',#3361,#3066,#249,.F.);
#2881=EDGE_CURVE('',#3116,#3311,#250,.T.);
#2882=EDGE_CURVE('',#3360,#3067,#251,.F.);
#2883=EDGE_CURVE('',#3312,#3115,#252,.F.);
#2884=EDGE_CURVE('',#3068,#3359,#253,.T.);
#2885=EDGE_CURVE('',#3114,#3313,#254,.T.);
#2886=EDGE_CURVE('',#3358,#3069,#255,.F.);
#2887=EDGE_CURVE('',#3113,#3314,#256,.T.);
#2888=EDGE_CURVE('',#3357,#3070,#257,.F.);
#2889=EDGE_CURVE('',#3112,#3315,#258,.T.);
#2890=EDGE_CURVE('',#3356,#3071,#259,.F.);
#2891=EDGE_CURVE('',#3111,#3316,#260,.T.);
#2892=EDGE_CURVE('',#3355,#3072,#261,.F.);
#2893=EDGE_CURVE('',#3110,#3317,#262,.T.);
#2894=EDGE_CURVE('',#3354,#3073,#263,.F.);
#2895=EDGE_CURVE('',#3318,#3109,#264,.F.);
#2896=EDGE_CURVE('',#3074,#3353,#265,.T.);
#2897=EDGE_CURVE('',#3108,#3319,#266,.T.);
#2898=EDGE_CURVE('',#3352,#3075,#267,.F.);
#2899=EDGE_CURVE('',#3107,#3320,#268,.T.);
#2900=EDGE_CURVE('',#3351,#3076,#269,.F.);
#2901=EDGE_CURVE('',#3106,#3321,#270,.T.);
#2902=EDGE_CURVE('',#3350,#3077,#271,.F.);
#2903=EDGE_CURVE('',#3105,#3322,#272,.T.);
#2904=EDGE_CURVE('',#3349,#3078,#273,.F.);
#2905=EDGE_CURVE('',#3104,#3323,#274,.T.);
#2906=EDGE_CURVE('',#3348,#3079,#275,.F.);
#2907=EDGE_CURVE('',#3324,#3103,#276,.F.);
#2908=EDGE_CURVE('',#3080,#3347,#277,.T.);
#2909=EDGE_CURVE('',#3102,#3325,#278,.T.);
#2910=EDGE_CURVE('',#3346,#3081,#279,.F.);
#2911=EDGE_CURVE('',#3101,#3326,#280,.T.);
#2912=EDGE_CURVE('',#3345,#3082,#281,.F.);
#2913=EDGE_CURVE('',#3100,#3327,#282,.T.);
#2914=EDGE_CURVE('',#3344,#3083,#283,.F.);
#2915=EDGE_CURVE('',#3099,#3328,#284,.T.);
#2916=EDGE_CURVE('',#3343,#3084,#285,.F.);
#2917=EDGE_CURVE('',#3098,#3329,#286,.T.);
#2918=EDGE_CURVE('',#3342,#3085,#287,.F.);
#2919=EDGE_CURVE('',#3330,#3097,#288,.F.);
#2920=EDGE_CURVE('',#3086,#3341,#289,.T.);
#2921=EDGE_CURVE('',#3096,#3331,#290,.T.);
#2922=EDGE_CURVE('',#3340,#3087,#291,.F.);
#2923=EDGE_CURVE('',#3095,#3332,#292,.T.);
#2924=EDGE_CURVE('',#3339,#3088,#293,.F.);
#2925=EDGE_CURVE('',#3094,#3333,#294,.T.);
#2926=EDGE_CURVE('',#3338,#3089,#295,.F.);
#2927=EDGE_CURVE('',#3093,#3334,#296,.T.);
#2928=EDGE_CURVE('',#3337,#3090,#297,.F.);
#2929=EDGE_CURVE('',#3092,#3335,#298,.T.);
#2930=EDGE_CURVE('',#3336,#3091,#299,.F.);
#2931=VERTEX_POINT('',#7715);
#2932=VERTEX_POINT('',#7727);
#2933=VERTEX_POINT('',#7739);
#2934=VERTEX_POINT('',#7751);
#2935=VERTEX_POINT('',#7753);
#2936=VERTEX_POINT('',#7790);
#2937=VERTEX_POINT('',#7793);
#2938=VERTEX_POINT('',#7796);
#2939=VERTEX_POINT('',#7799);
#2940=VERTEX_POINT('',#7802);
#2941=VERTEX_POINT('',#7803);
#2942=VERTEX_POINT('',#7805);
#2943=VERTEX_POINT('',#7807);
#2944=VERTEX_POINT('',#7809);
#2945=VERTEX_POINT('',#7811);
#2946=VERTEX_POINT('',#7815);
#2947=VERTEX_POINT('',#7818);
#2948=VERTEX_POINT('',#7820);
#2949=VERTEX_POINT('',#7824);
#2950=VERTEX_POINT('',#7826);
#2951=VERTEX_POINT('',#7830);
#2952=VERTEX_POINT('',#7832);
#2953=VERTEX_POINT('',#7842);
#2954=VERTEX_POINT('',#7845);
#2955=VERTEX_POINT('',#7847);
#2956=VERTEX_POINT('',#7851);
#2957=VERTEX_POINT('',#7853);
#2958=VERTEX_POINT('',#7857);
#2959=VERTEX_POINT('',#7859);
#2960=VERTEX_POINT('',#7863);
#2961=VERTEX_POINT('',#7865);
#2962=VERTEX_POINT('',#7869);
#2963=VERTEX_POINT('',#7871);
#2964=VERTEX_POINT('',#7875);
#2965=VERTEX_POINT('',#7877);
#2966=VERTEX_POINT('',#7881);
#2967=VERTEX_POINT('',#7884);
#2968=VERTEX_POINT('',#7899);
#2969=VERTEX_POINT('',#7902);
#2970=VERTEX_POINT('',#7905);
#2971=VERTEX_POINT('',#7908);
#2972=VERTEX_POINT('',#7911);
#2973=VERTEX_POINT('',#7912);
#2974=VERTEX_POINT('',#7914);
#2975=VERTEX_POINT('',#7916);
#2976=VERTEX_POINT('',#7918);
#2977=VERTEX_POINT('',#7920);
#2978=VERTEX_POINT('',#7922);
#2979=VERTEX_POINT('',#7924);
#2980=VERTEX_POINT('',#7926);
#2981=VERTEX_POINT('',#7928);
#2982=VERTEX_POINT('',#7930);
#2983=VERTEX_POINT('',#7932);
#2984=VERTEX_POINT('',#7934);
#2985=VERTEX_POINT('',#7936);
#2986=VERTEX_POINT('',#7938);
#2987=VERTEX_POINT('',#7940);
#2988=VERTEX_POINT('',#7942);
#2989=VERTEX_POINT('',#7944);
#2990=VERTEX_POINT('',#7946);
#2991=VERTEX_POINT('',#7948);
#2992=VERTEX_POINT('',#7950);
#2993=VERTEX_POINT('',#7952);
#2994=VERTEX_POINT('',#7954);
#2995=VERTEX_POINT('',#7956);
#2996=VERTEX_POINT('',#7958);
#2997=VERTEX_POINT('',#7960);
#2998=VERTEX_POINT('',#7962);
#2999=VERTEX_POINT('',#7964);
#3000=VERTEX_POINT('',#7966);
#3001=VERTEX_POINT('',#7968);
#3002=VERTEX_POINT('',#7970);
#3003=VERTEX_POINT('',#7972);
#3004=VERTEX_POINT('',#7974);
#3005=VERTEX_POINT('',#7976);
#3006=VERTEX_POINT('',#7978);
#3007=VERTEX_POINT('',#7980);
#3008=VERTEX_POINT('',#7982);
#3009=VERTEX_POINT('',#7984);
#3010=VERTEX_POINT('',#7986);
#3011=VERTEX_POINT('',#7988);
#3012=VERTEX_POINT('',#7990);
#3013=VERTEX_POINT('',#7992);
#3014=VERTEX_POINT('',#7994);
#3015=VERTEX_POINT('',#7996);
#3016=VERTEX_POINT('',#7998);
#3017=VERTEX_POINT('',#8000);
#3018=VERTEX_POINT('',#8002);
#3019=VERTEX_POINT('',#8004);
#3020=VERTEX_POINT('',#8006);
#3021=VERTEX_POINT('',#8008);
#3022=VERTEX_POINT('',#8010);
#3023=VERTEX_POINT('',#8012);
#3024=VERTEX_POINT('',#8014);
#3025=VERTEX_POINT('',#8016);
#3026=VERTEX_POINT('',#8018);
#3027=VERTEX_POINT('',#8020);
#3028=VERTEX_POINT('',#8022);
#3029=VERTEX_POINT('',#8024);
#3030=VERTEX_POINT('',#8026);
#3031=VERTEX_POINT('',#8028);
#3032=VERTEX_POINT('',#8030);
#3033=VERTEX_POINT('',#8032);
#3034=VERTEX_POINT('',#8034);
#3035=VERTEX_POINT('',#8036);
#3036=VERTEX_POINT('',#8038);
#3037=VERTEX_POINT('',#8040);
#3038=VERTEX_POINT('',#8042);
#3039=VERTEX_POINT('',#8044);
#3040=VERTEX_POINT('',#8046);
#3041=VERTEX_POINT('',#8048);
#3042=VERTEX_POINT('',#8050);
#3043=VERTEX_POINT('',#8052);
#3044=VERTEX_POINT('',#8054);
#3045=VERTEX_POINT('',#8056);
#3046=VERTEX_POINT('',#8058);
#3047=VERTEX_POINT('',#8060);
#3048=VERTEX_POINT('',#8062);
#3049=VERTEX_POINT('',#8064);
#3050=VERTEX_POINT('',#8066);
#3051=VERTEX_POINT('',#8068);
#3052=VERTEX_POINT('',#8070);
#3053=VERTEX_POINT('',#8072);
#3054=VERTEX_POINT('',#8074);
#3055=VERTEX_POINT('',#8076);
#3056=VERTEX_POINT('',#8078);
#3057=VERTEX_POINT('',#8080);
#3058=VERTEX_POINT('',#8082);
#3059=VERTEX_POINT('',#8084);
#3060=VERTEX_POINT('',#8086);
#3061=VERTEX_POINT('',#8088);
#3062=VERTEX_POINT('',#8090);
#3063=VERTEX_POINT('',#8092);
#3064=VERTEX_POINT('',#8094);
#3065=VERTEX_POINT('',#8096);
#3066=VERTEX_POINT('',#8098);
#3067=VERTEX_POINT('',#8100);
#3068=VERTEX_POINT('',#8102);
#3069=VERTEX_POINT('',#8104);
#3070=VERTEX_POINT('',#8106);
#3071=VERTEX_POINT('',#8108);
#3072=VERTEX_POINT('',#8110);
#3073=VERTEX_POINT('',#8112);
#3074=VERTEX_POINT('',#8114);
#3075=VERTEX_POINT('',#8116);
#3076=VERTEX_POINT('',#8118);
#3077=VERTEX_POINT('',#8120);
#3078=VERTEX_POINT('',#8122);
#3079=VERTEX_POINT('',#8124);
#3080=VERTEX_POINT('',#8126);
#3081=VERTEX_POINT('',#8128);
#3082=VERTEX_POINT('',#8130);
#3083=VERTEX_POINT('',#8132);
#3084=VERTEX_POINT('',#8134);
#3085=VERTEX_POINT('',#8136);
#3086=VERTEX_POINT('',#8138);
#3087=VERTEX_POINT('',#8140);
#3088=VERTEX_POINT('',#8142);
#3089=VERTEX_POINT('',#8144);
#3090=VERTEX_POINT('',#8146);
#3091=VERTEX_POINT('',#8148);
#3092=VERTEX_POINT('',#8150);
#3093=VERTEX_POINT('',#8152);
#3094=VERTEX_POINT('',#8154);
#3095=VERTEX_POINT('',#8156);
#3096=VERTEX_POINT('',#8158);
#3097=VERTEX_POINT('',#8160);
#3098=VERTEX_POINT('',#8162);
#3099=VERTEX_POINT('',#8164);
#3100=VERTEX_POINT('',#8166);
#3101=VERTEX_POINT('',#8168);
#3102=VERTEX_POINT('',#8170);
#3103=VERTEX_POINT('',#8172);
#3104=VERTEX_POINT('',#8174);
#3105=VERTEX_POINT('',#8176);
#3106=VERTEX_POINT('',#8178);
#3107=VERTEX_POINT('',#8180);
#3108=VERTEX_POINT('',#8182);
#3109=VERTEX_POINT('',#8184);
#3110=VERTEX_POINT('',#8186);
#3111=VERTEX_POINT('',#8188);
#3112=VERTEX_POINT('',#8190);
#3113=VERTEX_POINT('',#8192);
#3114=VERTEX_POINT('',#8194);
#3115=VERTEX_POINT('',#8196);
#3116=VERTEX_POINT('',#8198);
#3117=VERTEX_POINT('',#8200);
#3118=VERTEX_POINT('',#8202);
#3119=VERTEX_POINT('',#8204);
#3120=VERTEX_POINT('',#8206);
#3121=VERTEX_POINT('',#8208);
#3122=VERTEX_POINT('',#8210);
#3123=VERTEX_POINT('',#8212);
#3124=VERTEX_POINT('',#8214);
#3125=VERTEX_POINT('',#8216);
#3126=VERTEX_POINT('',#8218);
#3127=VERTEX_POINT('',#8220);
#3128=VERTEX_POINT('',#8222);
#3129=VERTEX_POINT('',#8224);
#3130=VERTEX_POINT('',#8226);
#3131=VERTEX_POINT('',#8228);
#3132=VERTEX_POINT('',#8230);
#3133=VERTEX_POINT('',#8232);
#3134=VERTEX_POINT('',#8234);
#3135=VERTEX_POINT('',#8236);
#3136=VERTEX_POINT('',#8238);
#3137=VERTEX_POINT('',#8240);
#3138=VERTEX_POINT('',#8242);
#3139=VERTEX_POINT('',#8244);
#3140=VERTEX_POINT('',#8246);
#3141=VERTEX_POINT('',#8248);
#3142=VERTEX_POINT('',#8250);
#3143=VERTEX_POINT('',#8252);
#3144=VERTEX_POINT('',#8254);
#3145=VERTEX_POINT('',#8256);
#3146=VERTEX_POINT('',#8258);
#3147=VERTEX_POINT('',#8260);
#3148=VERTEX_POINT('',#8262);
#3149=VERTEX_POINT('',#8264);
#3150=VERTEX_POINT('',#8266);
#3151=VERTEX_POINT('',#8268);
#3152=VERTEX_POINT('',#8270);
#3153=VERTEX_POINT('',#8272);
#3154=VERTEX_POINT('',#8274);
#3155=VERTEX_POINT('',#8276);
#3156=VERTEX_POINT('',#8278);
#3157=VERTEX_POINT('',#8280);
#3158=VERTEX_POINT('',#8282);
#3159=VERTEX_POINT('',#8284);
#3160=VERTEX_POINT('',#8286);
#3161=VERTEX_POINT('',#8288);
#3162=VERTEX_POINT('',#8290);
#3163=VERTEX_POINT('',#8292);
#3164=VERTEX_POINT('',#8294);
#3165=VERTEX_POINT('',#8296);
#3166=VERTEX_POINT('',#8298);
#3167=VERTEX_POINT('',#8300);
#3168=VERTEX_POINT('',#8302);
#3169=VERTEX_POINT('',#8304);
#3170=VERTEX_POINT('',#8306);
#3171=VERTEX_POINT('',#8308);
#3172=VERTEX_POINT('',#8310);
#3173=VERTEX_POINT('',#8312);
#3174=VERTEX_POINT('',#8314);
#3175=VERTEX_POINT('',#8316);
#3176=VERTEX_POINT('',#8318);
#3177=VERTEX_POINT('',#8320);
#3178=VERTEX_POINT('',#8322);
#3179=VERTEX_POINT('',#8324);
#3180=VERTEX_POINT('',#8326);
#3181=VERTEX_POINT('',#8328);
#3182=VERTEX_POINT('',#8330);
#3183=VERTEX_POINT('',#8332);
#3184=VERTEX_POINT('',#8334);
#3185=VERTEX_POINT('',#8336);
#3186=VERTEX_POINT('',#8338);
#3187=VERTEX_POINT('',#8340);
#3188=VERTEX_POINT('',#8342);
#3189=VERTEX_POINT('',#8344);
#3190=VERTEX_POINT('',#8346);
#3191=VERTEX_POINT('',#8348);
#3192=VERTEX_POINT('',#8350);
#3193=VERTEX_POINT('',#8352);
#3194=VERTEX_POINT('',#8354);
#3195=VERTEX_POINT('',#8356);
#3196=VERTEX_POINT('',#8358);
#3197=VERTEX_POINT('',#8360);
#3198=VERTEX_POINT('',#8362);
#3199=VERTEX_POINT('',#8364);
#3200=VERTEX_POINT('',#8366);
#3201=VERTEX_POINT('',#8368);
#3202=VERTEX_POINT('',#8370);
#3203=VERTEX_POINT('',#8372);
#3204=VERTEX_POINT('',#8374);
#3205=VERTEX_POINT('',#8376);
#3206=VERTEX_POINT('',#8378);
#3207=VERTEX_POINT('',#8380);
#3208=VERTEX_POINT('',#8382);
#3209=VERTEX_POINT('',#8384);
#3210=VERTEX_POINT('',#8386);
#3211=VERTEX_POINT('',#8388);
#3212=VERTEX_POINT('',#8392);
#3213=VERTEX_POINT('',#8395);
#3214=VERTEX_POINT('',#8397);
#3215=VERTEX_POINT('',#8401);
#3216=VERTEX_POINT('',#8402);
#3217=VERTEX_POINT('',#8405);
#3218=VERTEX_POINT('',#8407);
#3219=VERTEX_POINT('',#8409);
#3220=VERTEX_POINT('',#8411);
#3221=VERTEX_POINT('',#8413);
#3222=VERTEX_POINT('',#8415);
#3223=VERTEX_POINT('',#8417);
#3224=VERTEX_POINT('',#8419);
#3225=VERTEX_POINT('',#8421);
#3226=VERTEX_POINT('',#8423);
#3227=VERTEX_POINT('',#8425);
#3228=VERTEX_POINT('',#8427);
#3229=VERTEX_POINT('',#8429);
#3230=VERTEX_POINT('',#8431);
#3231=VERTEX_POINT('',#8433);
#3232=VERTEX_POINT('',#8435);
#3233=VERTEX_POINT('',#8437);
#3234=VERTEX_POINT('',#8439);
#3235=VERTEX_POINT('',#8441);
#3236=VERTEX_POINT('',#8443);
#3237=VERTEX_POINT('',#8445);
#3238=VERTEX_POINT('',#8447);
#3239=VERTEX_POINT('',#8449);
#3240=VERTEX_POINT('',#8451);
#3241=VERTEX_POINT('',#8453);
#3242=VERTEX_POINT('',#8455);
#3243=VERTEX_POINT('',#8457);
#3244=VERTEX_POINT('',#8459);
#3245=VERTEX_POINT('',#8461);
#3246=VERTEX_POINT('',#8463);
#3247=VERTEX_POINT('',#8465);
#3248=VERTEX_POINT('',#8467);
#3249=VERTEX_POINT('',#8469);
#3250=VERTEX_POINT('',#8471);
#3251=VERTEX_POINT('',#8473);
#3252=VERTEX_POINT('',#8475);
#3253=VERTEX_POINT('',#8477);
#3254=VERTEX_POINT('',#8479);
#3255=VERTEX_POINT('',#8481);
#3256=VERTEX_POINT('',#8483);
#3257=VERTEX_POINT('',#8485);
#3258=VERTEX_POINT('',#8487);
#3259=VERTEX_POINT('',#8489);
#3260=VERTEX_POINT('',#8491);
#3261=VERTEX_POINT('',#8493);
#3262=VERTEX_POINT('',#8495);
#3263=VERTEX_POINT('',#8497);
#3264=VERTEX_POINT('',#8499);
#3265=VERTEX_POINT('',#8501);
#3266=VERTEX_POINT('',#8503);
#3267=VERTEX_POINT('',#8505);
#3268=VERTEX_POINT('',#8507);
#3269=VERTEX_POINT('',#8509);
#3270=VERTEX_POINT('',#8511);
#3271=VERTEX_POINT('',#8513);
#3272=VERTEX_POINT('',#8515);
#3273=VERTEX_POINT('',#8517);
#3274=VERTEX_POINT('',#8519);
#3275=VERTEX_POINT('',#8521);
#3276=VERTEX_POINT('',#8523);
#3277=VERTEX_POINT('',#8525);
#3278=VERTEX_POINT('',#8527);
#3279=VERTEX_POINT('',#8529);
#3280=VERTEX_POINT('',#8531);
#3281=VERTEX_POINT('',#8533);
#3282=VERTEX_POINT('',#8535);
#3283=VERTEX_POINT('',#8537);
#3284=VERTEX_POINT('',#8539);
#3285=VERTEX_POINT('',#8541);
#3286=VERTEX_POINT('',#8543);
#3287=VERTEX_POINT('',#8545);
#3288=VERTEX_POINT('',#8547);
#3289=VERTEX_POINT('',#8549);
#3290=VERTEX_POINT('',#8551);
#3291=VERTEX_POINT('',#8553);
#3292=VERTEX_POINT('',#8555);
#3293=VERTEX_POINT('',#8557);
#3294=VERTEX_POINT('',#8559);
#3295=VERTEX_POINT('',#8561);
#3296=VERTEX_POINT('',#8563);
#3297=VERTEX_POINT('',#8565);
#3298=VERTEX_POINT('',#8567);
#3299=VERTEX_POINT('',#8569);
#3300=VERTEX_POINT('',#8571);
#3301=VERTEX_POINT('',#8573);
#3302=VERTEX_POINT('',#8575);
#3303=VERTEX_POINT('',#8577);
#3304=VERTEX_POINT('',#8579);
#3305=VERTEX_POINT('',#8581);
#3306=VERTEX_POINT('',#8583);
#3307=VERTEX_POINT('',#8585);
#3308=VERTEX_POINT('',#8587);
#3309=VERTEX_POINT('',#8589);
#3310=VERTEX_POINT('',#8591);
#3311=VERTEX_POINT('',#8593);
#3312=VERTEX_POINT('',#8595);
#3313=VERTEX_POINT('',#8597);
#3314=VERTEX_POINT('',#8599);
#3315=VERTEX_POINT('',#8601);
#3316=VERTEX_POINT('',#8603);
#3317=VERTEX_POINT('',#8605);
#3318=VERTEX_POINT('',#8607);
#3319=VERTEX_POINT('',#8609);
#3320=VERTEX_POINT('',#8611);
#3321=VERTEX_POINT('',#8613);
#3322=VERTEX_POINT('',#8615);
#3323=VERTEX_POINT('',#8617);
#3324=VERTEX_POINT('',#8619);
#3325=VERTEX_POINT('',#8621);
#3326=VERTEX_POINT('',#8623);
#3327=VERTEX_POINT('',#8625);
#3328=VERTEX_POINT('',#8627);
#3329=VERTEX_POINT('',#8629);
#3330=VERTEX_POINT('',#8631);
#3331=VERTEX_POINT('',#8633);
#3332=VERTEX_POINT('',#8635);
#3333=VERTEX_POINT('',#8637);
#3334=VERTEX_POINT('',#8639);
#3335=VERTEX_POINT('',#8641);
#3336=VERTEX_POINT('',#8643);
#3337=VERTEX_POINT('',#8645);
#3338=VERTEX_POINT('',#8647);
#3339=VERTEX_POINT('',#8649);
#3340=VERTEX_POINT('',#8651);
#3341=VERTEX_POINT('',#8653);
#3342=VERTEX_POINT('',#8655);
#3343=VERTEX_POINT('',#8657);
#3344=VERTEX_POINT('',#8659);
#3345=VERTEX_POINT('',#8661);
#3346=VERTEX_POINT('',#8663);
#3347=VERTEX_POINT('',#8665);
#3348=VERTEX_POINT('',#8667);
#3349=VERTEX_POINT('',#8669);
#3350=VERTEX_POINT('',#8671);
#3351=VERTEX_POINT('',#8673);
#3352=VERTEX_POINT('',#8675);
#3353=VERTEX_POINT('',#8677);
#3354=VERTEX_POINT('',#8679);
#3355=VERTEX_POINT('',#8681);
#3356=VERTEX_POINT('',#8683);
#3357=VERTEX_POINT('',#8685);
#3358=VERTEX_POINT('',#8687);
#3359=VERTEX_POINT('',#8689);
#3360=VERTEX_POINT('',#8691);
#3361=VERTEX_POINT('',#8693);
#3362=VERTEX_POINT('',#8695);
#3363=VERTEX_POINT('',#8697);
#3364=VERTEX_POINT('',#8699);
#3365=VERTEX_POINT('',#8701);
#3366=VERTEX_POINT('',#8703);
#3367=VERTEX_POINT('',#8705);
#3368=VERTEX_POINT('',#8707);
#3369=VERTEX_POINT('',#8709);
#3370=VERTEX_POINT('',#8711);
#3371=VERTEX_POINT('',#8713);
#3372=VERTEX_POINT('',#8715);
#3373=VERTEX_POINT('',#8717);
#3374=VERTEX_POINT('',#8719);
#3375=VERTEX_POINT('',#8721);
#3376=VERTEX_POINT('',#8723);
#3377=VERTEX_POINT('',#8725);
#3378=VERTEX_POINT('',#8727);
#3379=VERTEX_POINT('',#8729);
#3380=VERTEX_POINT('',#8731);
#3381=VERTEX_POINT('',#8733);
#3382=VERTEX_POINT('',#8735);
#3383=VERTEX_POINT('',#8737);
#3384=VERTEX_POINT('',#8739);
#3385=VERTEX_POINT('',#8741);
#3386=VERTEX_POINT('',#8743);
#3387=VERTEX_POINT('',#8745);
#3388=VERTEX_POINT('',#8747);
#3389=VERTEX_POINT('',#8749);
#3390=VERTEX_POINT('',#8751);
#3391=VERTEX_POINT('',#8753);
#3392=VERTEX_POINT('',#8755);
#3393=VERTEX_POINT('',#8757);
#3394=VERTEX_POINT('',#8759);
#3395=VERTEX_POINT('',#8761);
#3396=VERTEX_POINT('',#8763);
#3397=VERTEX_POINT('',#8765);
#3398=VERTEX_POINT('',#8767);
#3399=VERTEX_POINT('',#8769);
#3400=VERTEX_POINT('',#8771);
#3401=VERTEX_POINT('',#8773);
#3402=VERTEX_POINT('',#8775);
#3403=VERTEX_POINT('',#8777);
#3404=VERTEX_POINT('',#8779);
#3405=VERTEX_POINT('',#8781);
#3406=VERTEX_POINT('',#8783);
#3407=VERTEX_POINT('',#8785);
#3408=VERTEX_POINT('',#8787);
#3409=VERTEX_POINT('',#8789);
#3410=VERTEX_POINT('',#8791);
#3411=VERTEX_POINT('',#8793);
#3412=VERTEX_POINT('',#8795);
#3413=VERTEX_POINT('',#8797);
#3414=VERTEX_POINT('',#8799);
#3415=VERTEX_POINT('',#8801);
#3416=VERTEX_POINT('',#8803);
#3417=VERTEX_POINT('',#8805);
#3418=VERTEX_POINT('',#8807);
#3419=VERTEX_POINT('',#8809);
#3420=VERTEX_POINT('',#8811);
#3421=VERTEX_POINT('',#8813);
#3422=VERTEX_POINT('',#8815);
#3423=VERTEX_POINT('',#8817);
#3424=VERTEX_POINT('',#8819);
#3425=VERTEX_POINT('',#8821);
#3426=VERTEX_POINT('',#8823);
#3427=VERTEX_POINT('',#8825);
#3428=VERTEX_POINT('',#8827);
#3429=VERTEX_POINT('',#8829);
#3430=VERTEX_POINT('',#8831);
#3431=VERTEX_POINT('',#8833);
#3432=VERTEX_POINT('',#8835);
#3433=VERTEX_POINT('',#8837);
#3434=VERTEX_POINT('',#8839);
#3435=VERTEX_POINT('',#8841);
#3436=VERTEX_POINT('',#8843);
#3437=VERTEX_POINT('',#8845);
#3438=VERTEX_POINT('',#8847);
#3439=VERTEX_POINT('',#8849);
#3440=VERTEX_POINT('',#8851);
#3441=VERTEX_POINT('',#8853);
#3442=VERTEX_POINT('',#8855);
#3443=VERTEX_POINT('',#8857);
#3444=VERTEX_POINT('',#8859);
#3445=VERTEX_POINT('',#8861);
#3446=VERTEX_POINT('',#8863);
#3447=VERTEX_POINT('',#8865);
#3448=VERTEX_POINT('',#8867);
#3449=VERTEX_POINT('',#8869);
#3450=VERTEX_POINT('',#8871);
#3451=VERTEX_POINT('',#8873);
#3452=VERTEX_POINT('',#8875);
#3453=CIRCLE('',#5086,0.00415);
#3454=CIRCLE('',#5087,0.00415);
#3455=CIRCLE('',#5090,0.0015);
#3456=CIRCLE('',#5092,0.0015);
#3457=CIRCLE('',#5094,0.0015);
#3458=CIRCLE('',#5097,0.005);
#3459=CIRCLE('',#5105,0.005);
#3460=CIRCLE('',#5125,0.013);
#3461=CIRCLE('',#5127,0.013);
#3462=CIRCLE('',#5128,0.013);
#3463=CIRCLE('',#5129,0.013);
#3464=CIRCLE('',#5130,0.013);
#3465=CIRCLE('',#5131,0.013);
#3466=CIRCLE('',#5132,0.013);
#3467=CIRCLE('',#5133,0.013);
#3468=CIRCLE('',#5141,0.013);
#3469=CIRCLE('',#5143,0.0127499999999999);
#3470=CIRCLE('',#5145,0.0124999999999994);
#3471=CIRCLE('',#5147,0.01275);
#3472=CIRCLE('',#5149,0.0006604);
#3473=CIRCLE('',#5150,0.000228600000000025);
#3474=CIRCLE('',#5151,0.0124841000000006);
#3475=CIRCLE('',#5152,0.0002286);
#3476=CIRCLE('',#5153,0.0006604);
#3477=CIRCLE('',#5154,0.0006096);
#3478=CIRCLE('',#5155,0.0006604);
#3479=CIRCLE('',#5156,0.000228600000000026);
#3480=CIRCLE('',#5157,0.0124841);
#3481=CIRCLE('',#5158,0.0002286);
#3482=CIRCLE('',#5159,0.0006604);
#3483=CIRCLE('',#5160,0.0006096);
#3484=CIRCLE('',#5161,0.0006604);
#3485=CIRCLE('',#5162,0.000228600000000025);
#3486=CIRCLE('',#5163,0.0124841000000002);
#3487=CIRCLE('',#5164,0.0002286);
#3488=CIRCLE('',#5165,0.0006604);
#3489=CIRCLE('',#5166,0.0006096);
#3490=CIRCLE('',#5167,0.0006604);
#3491=CIRCLE('',#5168,0.000228600000000025);
#3492=CIRCLE('',#5169,0.0124841000000015);
#3493=CIRCLE('',#5170,0.0002286);
#3494=CIRCLE('',#5171,0.000660400000000718);
#3495=CIRCLE('',#5172,0.0006096);
#3496=CIRCLE('',#5173,0.000660400000001773);
#3497=CIRCLE('',#5174,0.000228600000000025);
#3498=CIRCLE('',#5175,0.0124840999999993);
#3499=CIRCLE('',#5176,0.0002286);
#3500=CIRCLE('',#5177,0.0006604);
#3501=CIRCLE('',#5178,0.000609600000000657);
#3502=CIRCLE('',#5179,0.000660399999998925);
#3503=CIRCLE('',#5180,0.000228599999999713);
#3504=CIRCLE('',#5181,0.0124841);
#3505=CIRCLE('',#5182,0.00022859999999936);
#3506=CIRCLE('',#5183,0.0006604);
#3507=CIRCLE('',#5184,0.000609600000000701);
#3508=CIRCLE('',#5185,0.0006604);
#3509=CIRCLE('',#5186,0.000228600000000025);
#3510=CIRCLE('',#5187,0.0124841);
#3511=CIRCLE('',#5188,0.0002286);
#3512=CIRCLE('',#5189,0.0006604);
#3513=CIRCLE('',#5190,0.0006096);
#3514=CIRCLE('',#5191,0.0006604);
#3515=CIRCLE('',#5192,0.000228600000000025);
#3516=CIRCLE('',#5193,0.0124840999999996);
#3517=CIRCLE('',#5194,0.0002286);
#3518=CIRCLE('',#5195,0.0006604);
#3519=CIRCLE('',#5196,0.0006096);
#3520=CIRCLE('',#5197,0.00066039999999936);
#3521=CIRCLE('',#5198,0.000228599999999876);
#3522=CIRCLE('',#5199,0.0124840999999997);
#3523=CIRCLE('',#5200,0.0002286);
#3524=CIRCLE('',#5201,0.0006604);
#3525=CIRCLE('',#5202,0.0006096);
#3526=CIRCLE('',#5203,0.0006604);
#3527=CIRCLE('',#5204,0.000228600000000025);
#3528=CIRCLE('',#5205,0.0124841000000006);
#3529=CIRCLE('',#5206,0.0002286);
#3530=CIRCLE('',#5207,0.0006604);
#3531=CIRCLE('',#5208,0.0006096);
#3532=CIRCLE('',#5209,0.0006604);
#3533=CIRCLE('',#5210,0.000228600000000025);
#3534=CIRCLE('',#5211,0.0124840999999992);
#3535=CIRCLE('',#5212,0.0002286);
#3536=CIRCLE('',#5213,0.0006604);
#3537=CIRCLE('',#5214,0.0006096);
#3538=CIRCLE('',#5215,0.0006604);
#3539=CIRCLE('',#5216,0.000228600000000025);
#3540=CIRCLE('',#5217,0.0124841);
#3541=CIRCLE('',#5218,0.0002286);
#3542=CIRCLE('',#5219,0.0006604);
#3543=CIRCLE('',#5220,0.0006096);
#3544=CIRCLE('',#5221,0.0006604);
#3545=CIRCLE('',#5222,0.000228600000000026);
#3546=CIRCLE('',#5223,0.0124841000000002);
#3547=CIRCLE('',#5224,0.0002286);
#3548=CIRCLE('',#5225,0.0006604);
#3549=CIRCLE('',#5226,0.0006096);
#3550=CIRCLE('',#5227,0.0006604);
#3551=CIRCLE('',#5228,0.000228600000000025);
#3552=CIRCLE('',#5229,0.0124840999999994);
#3553=CIRCLE('',#5230,0.0002286);
#3554=CIRCLE('',#5231,0.0006604);
#3555=CIRCLE('',#5232,0.0006096);
#3556=CIRCLE('',#5233,0.0006604);
#3557=CIRCLE('',#5234,0.000228600000000025);
#3558=CIRCLE('',#5235,0.0124840999999993);
#3559=CIRCLE('',#5236,0.0002286);
#3560=CIRCLE('',#5237,0.0006604);
#3561=CIRCLE('',#5238,0.0006096);
#3562=CIRCLE('',#5239,0.0006604);
#3563=CIRCLE('',#5240,0.000228600000000025);
#3564=CIRCLE('',#5241,0.0124840999999996);
#3565=CIRCLE('',#5242,0.0002286);
#3566=CIRCLE('',#5243,0.0006604);
#3567=CIRCLE('',#5244,0.0006096);
#3568=CIRCLE('',#5245,0.0006604);
#3569=CIRCLE('',#5246,0.000228600000000025);
#3570=CIRCLE('',#5247,0.0124841);
#3571=CIRCLE('',#5248,0.0002286);
#3572=CIRCLE('',#5249,0.0006604);
#3573=CIRCLE('',#5250,0.0006096);
#3574=CIRCLE('',#5251,0.0006604);
#3575=CIRCLE('',#5252,0.000228600000000025);
#3576=CIRCLE('',#5253,0.0124840999999996);
#3577=CIRCLE('',#5254,0.0002286);
#3578=CIRCLE('',#5255,0.0006604);
#3579=CIRCLE('',#5256,0.0006096);
#3580=CIRCLE('',#5257,0.0006604);
#3581=CIRCLE('',#5258,0.000228600000000025);
#3582=CIRCLE('',#5259,0.0124841);
#3583=CIRCLE('',#5260,0.0002286);
#3584=CIRCLE('',#5261,0.0006604);
#3585=CIRCLE('',#5262,0.0006096);
#3586=CIRCLE('',#5263,0.0006604);
#3587=CIRCLE('',#5264,0.000228600000000025);
#3588=CIRCLE('',#5265,0.0124841000000006);
#3589=CIRCLE('',#5266,0.0002286);
#3590=CIRCLE('',#5267,0.0006604);
#3591=CIRCLE('',#5268,0.0006096);
#3592=CIRCLE('',#5269,0.0006604);
#3593=CIRCLE('',#5270,0.000228600000000025);
#3594=CIRCLE('',#5271,0.0124841);
#3595=CIRCLE('',#5272,0.0002286);
#3596=CIRCLE('',#5273,0.0006604);
#3597=CIRCLE('',#5274,0.0006096);
#3598=CIRCLE('',#5275,0.0006604);
#3599=CIRCLE('',#5276,0.000228600000000025);
#3600=CIRCLE('',#5277,0.0124841);
#3601=CIRCLE('',#5278,0.0002286);
#3602=CIRCLE('',#5279,0.0006604);
#3603=CIRCLE('',#5280,0.0006096);
#3604=CIRCLE('',#5281,0.0006604);
#3605=CIRCLE('',#5282,0.000228600000000026);
#3606=CIRCLE('',#5283,0.0124841);
#3607=CIRCLE('',#5284,0.0002286);
#3608=CIRCLE('',#5285,0.0006604);
#3609=CIRCLE('',#5286,0.0006096);
#3610=CIRCLE('',#5287,0.0006604);
#3611=CIRCLE('',#5288,0.000228600000000026);
#3612=CIRCLE('',#5289,0.0124841000000015);
#3613=CIRCLE('',#5290,0.0002286);
#3614=CIRCLE('',#5291,0.0006604);
#3615=CIRCLE('',#5292,0.0006096);
#3616=CIRCLE('',#5293,0.000660400000001772);
#3617=CIRCLE('',#5294,0.000228600000000025);
#3618=CIRCLE('',#5295,0.0124841);
#3619=CIRCLE('',#5296,0.0002286);
#3620=CIRCLE('',#5297,0.0006604);
#3621=CIRCLE('',#5298,0.0006096);
#3622=CIRCLE('',#5299,0.0006604);
#3623=CIRCLE('',#5300,0.000228600000000025);
#3624=CIRCLE('',#5301,0.0124840999999996);
#3625=CIRCLE('',#5302,0.0002286);
#3626=CIRCLE('',#5303,0.0006604);
#3627=CIRCLE('',#5304,0.0006096);
#3628=CIRCLE('',#5305,0.0006604);
#3629=CIRCLE('',#5306,0.000228600000000025);
#3630=CIRCLE('',#5307,0.0124841);
#3631=CIRCLE('',#5308,0.0002286);
#3632=CIRCLE('',#5309,0.0006604);
#3633=CIRCLE('',#5310,0.0006096);
#3634=CIRCLE('',#5311,0.000660400000002195);
#3635=CIRCLE('',#5312,0.000228600000000025);
#3636=CIRCLE('',#5313,0.0124840999999996);
#3637=CIRCLE('',#5314,0.0002286);
#3638=CIRCLE('',#5315,0.0006604);
#3639=CIRCLE('',#5316,0.0006096);
#3640=CIRCLE('',#5317,0.0006604);
#3641=CIRCLE('',#5318,0.000228600000000025);
#3642=CIRCLE('',#5319,0.0124841);
#3643=CIRCLE('',#5320,0.0002286);
#3644=CIRCLE('',#5321,0.0006604);
#3645=CIRCLE('',#5322,0.0006096);
#3646=CIRCLE('',#5323,0.000660400000000491);
#3647=CIRCLE('',#5324,0.000228600000000836);
#3648=CIRCLE('',#5325,0.0124841000000006);
#3649=CIRCLE('',#5326,0.0002286);
#3650=CIRCLE('',#5327,0.0006604);
#3651=CIRCLE('',#5328,0.0006096);
#3652=CIRCLE('',#5329,0.0006604);
#3653=CIRCLE('',#5330,0.000228600000000025);
#3654=CIRCLE('',#5331,0.0124841);
#3655=CIRCLE('',#5332,0.0002286);
#3656=CIRCLE('',#5333,0.0006604);
#3657=CIRCLE('',#5334,0.0006096);
#3658=CIRCLE('',#5335,0.0006604);
#3659=CIRCLE('',#5336,0.000228600000000025);
#3660=CIRCLE('',#5337,0.0124841);
#3661=CIRCLE('',#5338,0.0002286);
#3662=CIRCLE('',#5339,0.0006604);
#3663=CIRCLE('',#5340,0.0006096);
#3664=CIRCLE('',#5341,0.0006604);
#3665=CIRCLE('',#5342,0.000228600000000025);
#3666=CIRCLE('',#5343,0.0124841);
#3667=CIRCLE('',#5344,0.0002286);
#3668=CIRCLE('',#5345,0.0006604);
#3669=CIRCLE('',#5346,0.0006096);
#3670=CIRCLE('',#5347,0.0006604);
#3671=CIRCLE('',#5348,0.000228600000000025);
#3672=CIRCLE('',#5349,0.0124841);
#3673=CIRCLE('',#5350,0.0002286);
#3674=CIRCLE('',#5351,0.0006604);
#3675=CIRCLE('',#5352,0.0006096);
#3676=CIRCLE('',#5353,0.0006604);
#3677=CIRCLE('',#5354,0.000228600000000025);
#3678=CIRCLE('',#5355,0.0124841);
#3679=CIRCLE('',#5356,0.0002286);
#3680=CIRCLE('',#5357,0.0006604);
#3681=CIRCLE('',#5358,0.0006096);
#3682=CIRCLE('',#5359,0.0006604);
#3683=CIRCLE('',#5360,0.000228600000000025);
#3684=CIRCLE('',#5361,0.0124841);
#3685=CIRCLE('',#5362,0.0002286);
#3686=CIRCLE('',#5363,0.0006604);
#3687=CIRCLE('',#5364,0.0006096);
#3688=CIRCLE('',#5365,0.0006604);
#3689=CIRCLE('',#5366,0.000228600000000025);
#3690=CIRCLE('',#5367,0.0124841);
#3691=CIRCLE('',#5368,0.0002286);
#3692=CIRCLE('',#5369,0.0006604);
#3693=CIRCLE('',#5370,0.0006096);
#3694=CIRCLE('',#5371,0.0006604);
#3695=CIRCLE('',#5372,0.000228600000000025);
#3696=CIRCLE('',#5373,0.0124841);
#3697=CIRCLE('',#5374,0.0002286);
#3698=CIRCLE('',#5375,0.0006604);
#3699=CIRCLE('',#5376,0.0006096);
#3700=CIRCLE('',#5377,0.000660399999999289);
#3701=CIRCLE('',#5378,0.000228599999999877);
#3702=CIRCLE('',#5379,0.0124840999999997);
#3703=CIRCLE('',#5380,0.0002286);
#3704=CIRCLE('',#5381,0.0006604);
#3705=CIRCLE('',#5382,0.000609599999999795);
#3706=CIRCLE('',#5383,0.0006604);
#3707=CIRCLE('',#5384,0.000228600000000025);
#3708=CIRCLE('',#5385,0.0124841);
#3709=CIRCLE('',#5386,0.000228599999999915);
#3710=CIRCLE('',#5387,0.0006604);
#3711=CIRCLE('',#5388,0.0006096);
#3712=CIRCLE('',#5390,0.0124999999999997);
#3713=CIRCLE('',#5392,0.0006096);
#3714=CIRCLE('',#5394,0.000228600000000025);
#3715=CIRCLE('',#5395,0.0006604);
#3716=CIRCLE('',#5396,0.0006604);
#3717=CIRCLE('',#5397,0.000228599999999915);
#3718=CIRCLE('',#5398,0.0124841);
#3719=CIRCLE('',#5399,0.000228600000000025);
#3720=CIRCLE('',#5400,0.0006604);
#3721=CIRCLE('',#5401,0.000609599999999795);
#3722=CIRCLE('',#5402,0.0006604);
#3723=CIRCLE('',#5403,0.0002286);
#3724=CIRCLE('',#5404,0.0124840999999997);
#3725=CIRCLE('',#5405,0.000228599999999877);
#3726=CIRCLE('',#5406,0.000660399999999289);
#3727=CIRCLE('',#5407,0.0006096);
#3728=CIRCLE('',#5408,0.0006604);
#3729=CIRCLE('',#5409,0.0002286);
#3730=CIRCLE('',#5410,0.0124841);
#3731=CIRCLE('',#5411,0.000228600000000025);
#3732=CIRCLE('',#5412,0.0006604);
#3733=CIRCLE('',#5413,0.0006096);
#3734=CIRCLE('',#5414,0.0006604);
#3735=CIRCLE('',#5415,0.0002286);
#3736=CIRCLE('',#5416,0.0124841);
#3737=CIRCLE('',#5417,0.000228600000000025);
#3738=CIRCLE('',#5418,0.0006604);
#3739=CIRCLE('',#5419,0.0006096);
#3740=CIRCLE('',#5420,0.0006604);
#3741=CIRCLE('',#5421,0.0002286);
#3742=CIRCLE('',#5422,0.0124841);
#3743=CIRCLE('',#5423,0.000228600000000025);
#3744=CIRCLE('',#5424,0.0006604);
#3745=CIRCLE('',#5425,0.0006096);
#3746=CIRCLE('',#5426,0.0006604);
#3747=CIRCLE('',#5427,0.0002286);
#3748=CIRCLE('',#5428,0.0124841);
#3749=CIRCLE('',#5429,0.000228600000000025);
#3750=CIRCLE('',#5430,0.0006604);
#3751=CIRCLE('',#5431,0.0006096);
#3752=CIRCLE('',#5432,0.0006604);
#3753=CIRCLE('',#5433,0.0002286);
#3754=CIRCLE('',#5434,0.0124841);
#3755=CIRCLE('',#5435,0.000228600000000025);
#3756=CIRCLE('',#5436,0.0006604);
#3757=CIRCLE('',#5437,0.0006096);
#3758=CIRCLE('',#5438,0.0006604);
#3759=CIRCLE('',#5439,0.0002286);
#3760=CIRCLE('',#5440,0.0124841);
#3761=CIRCLE('',#5441,0.000228600000000025);
#3762=CIRCLE('',#5442,0.0006604);
#3763=CIRCLE('',#5443,0.0006096);
#3764=CIRCLE('',#5444,0.0006604);
#3765=CIRCLE('',#5445,0.0002286);
#3766=CIRCLE('',#5446,0.0124841);
#3767=CIRCLE('',#5447,0.000228600000000025);
#3768=CIRCLE('',#5448,0.0006604);
#3769=CIRCLE('',#5449,0.0006096);
#3770=CIRCLE('',#5450,0.0006604);
#3771=CIRCLE('',#5451,0.0002286);
#3772=CIRCLE('',#5452,0.0124841);
#3773=CIRCLE('',#5453,0.000228600000000025);
#3774=CIRCLE('',#5454,0.0006604);
#3775=CIRCLE('',#5455,0.0006096);
#3776=CIRCLE('',#5456,0.0006604);
#3777=CIRCLE('',#5457,0.0002286);
#3778=CIRCLE('',#5458,0.0124841000000006);
#3779=CIRCLE('',#5459,0.000228600000000836);
#3780=CIRCLE('',#5460,0.000660400000000491);
#3781=CIRCLE('',#5461,0.0006096);
#3782=CIRCLE('',#5462,0.0006604);
#3783=CIRCLE('',#5463,0.0002286);
#3784=CIRCLE('',#5464,0.0124841);
#3785=CIRCLE('',#5465,0.000228600000000025);
#3786=CIRCLE('',#5466,0.0006604);
#3787=CIRCLE('',#5467,0.0006096);
#3788=CIRCLE('',#5468,0.0006604);
#3789=CIRCLE('',#5469,0.0002286);
#3790=CIRCLE('',#5470,0.0124840999999996);
#3791=CIRCLE('',#5471,0.000228600000000025);
#3792=CIRCLE('',#5472,0.000660400000002195);
#3793=CIRCLE('',#5473,0.0006096);
#3794=CIRCLE('',#5474,0.0006604);
#3795=CIRCLE('',#5475,0.0002286);
#3796=CIRCLE('',#5476,0.0124841);
#3797=CIRCLE('',#5477,0.000228600000000025);
#3798=CIRCLE('',#5478,0.0006604);
#3799=CIRCLE('',#5479,0.0006096);
#3800=CIRCLE('',#5480,0.0006604);
#3801=CIRCLE('',#5481,0.0002286);
#3802=CIRCLE('',#5482,0.0124840999999996);
#3803=CIRCLE('',#5483,0.000228600000000025);
#3804=CIRCLE('',#5484,0.0006604);
#3805=CIRCLE('',#5485,0.0006096);
#3806=CIRCLE('',#5486,0.0006604);
#3807=CIRCLE('',#5487,0.0002286);
#3808=CIRCLE('',#5488,0.0124841);
#3809=CIRCLE('',#5489,0.000228600000000025);
#3810=CIRCLE('',#5490,0.000660400000001772);
#3811=CIRCLE('',#5491,0.0006096);
#3812=CIRCLE('',#5492,0.0006604);
#3813=CIRCLE('',#5493,0.0002286);
#3814=CIRCLE('',#5494,0.0124841000000015);
#3815=CIRCLE('',#5495,0.000228600000000026);
#3816=CIRCLE('',#5496,0.0006604);
#3817=CIRCLE('',#5497,0.0006096);
#3818=CIRCLE('',#5498,0.0006604);
#3819=CIRCLE('',#5499,0.0002286);
#3820=CIRCLE('',#5500,0.0124841);
#3821=CIRCLE('',#5501,0.000228600000000026);
#3822=CIRCLE('',#5502,0.0006604);
#3823=CIRCLE('',#5503,0.0006096);
#3824=CIRCLE('',#5504,0.0006604);
#3825=CIRCLE('',#5505,0.0002286);
#3826=CIRCLE('',#5506,0.0124841);
#3827=CIRCLE('',#5507,0.000228600000000025);
#3828=CIRCLE('',#5508,0.0006604);
#3829=CIRCLE('',#5509,0.0006096);
#3830=CIRCLE('',#5510,0.0006604);
#3831=CIRCLE('',#5511,0.0002286);
#3832=CIRCLE('',#5512,0.0124841);
#3833=CIRCLE('',#5513,0.000228600000000025);
#3834=CIRCLE('',#5514,0.0006604);
#3835=CIRCLE('',#5515,0.0006096);
#3836=CIRCLE('',#5516,0.0006604);
#3837=CIRCLE('',#5517,0.0002286);
#3838=CIRCLE('',#5518,0.0124841000000006);
#3839=CIRCLE('',#5519,0.000228600000000025);
#3840=CIRCLE('',#5520,0.0006604);
#3841=CIRCLE('',#5521,0.0006096);
#3842=CIRCLE('',#5522,0.0006604);
#3843=CIRCLE('',#5523,0.0002286);
#3844=CIRCLE('',#5524,0.0124841);
#3845=CIRCLE('',#5525,0.000228600000000025);
#3846=CIRCLE('',#5526,0.0006604);
#3847=CIRCLE('',#5527,0.0006096);
#3848=CIRCLE('',#5528,0.0006604);
#3849=CIRCLE('',#5529,0.0002286);
#3850=CIRCLE('',#5530,0.0124840999999996);
#3851=CIRCLE('',#5531,0.000228600000000025);
#3852=CIRCLE('',#5532,0.0006604);
#3853=CIRCLE('',#5533,0.0006096);
#3854=CIRCLE('',#5534,0.0006604);
#3855=CIRCLE('',#5535,0.0002286);
#3856=CIRCLE('',#5536,0.0124841);
#3857=CIRCLE('',#5537,0.000228600000000025);
#3858=CIRCLE('',#5538,0.0006604);
#3859=CIRCLE('',#5539,0.0006096);
#3860=CIRCLE('',#5540,0.0006604);
#3861=CIRCLE('',#5541,0.0002286);
#3862=CIRCLE('',#5542,0.0124840999999996);
#3863=CIRCLE('',#5543,0.000228600000000025);
#3864=CIRCLE('',#5544,0.0006604);
#3865=CIRCLE('',#5545,0.0006096);
#3866=CIRCLE('',#5546,0.0006604);
#3867=CIRCLE('',#5547,0.0002286);
#3868=CIRCLE('',#5548,0.0124840999999993);
#3869=CIRCLE('',#5549,0.000228600000000025);
#3870=CIRCLE('',#5550,0.0006604);
#3871=CIRCLE('',#5551,0.0006096);
#3872=CIRCLE('',#5552,0.0006604);
#3873=CIRCLE('',#5553,0.0002286);
#3874=CIRCLE('',#5554,0.0124840999999994);
#3875=CIRCLE('',#5555,0.000228600000000025);
#3876=CIRCLE('',#5556,0.0006604);
#3877=CIRCLE('',#5557,0.0006096);
#3878=CIRCLE('',#5558,0.0006604);
#3879=CIRCLE('',#5559,0.0002286);
#3880=CIRCLE('',#5560,0.0124841000000002);
#3881=CIRCLE('',#5561,0.000228600000000026);
#3882=CIRCLE('',#5562,0.0006604);
#3883=CIRCLE('',#5563,0.0006096);
#3884=CIRCLE('',#5564,0.0006604);
#3885=CIRCLE('',#5565,0.0002286);
#3886=CIRCLE('',#5566,0.0124841);
#3887=CIRCLE('',#5567,0.000228600000000025);
#3888=CIRCLE('',#5568,0.0006604);
#3889=CIRCLE('',#5569,0.0006096);
#3890=CIRCLE('',#5570,0.0006604);
#3891=CIRCLE('',#5571,0.0002286);
#3892=CIRCLE('',#5572,0.0124840999999992);
#3893=CIRCLE('',#5573,0.000228600000000025);
#3894=CIRCLE('',#5574,0.0006604);
#3895=CIRCLE('',#5575,0.0006096);
#3896=CIRCLE('',#5576,0.0006604);
#3897=CIRCLE('',#5577,0.0002286);
#3898=CIRCLE('',#5578,0.0124841000000006);
#3899=CIRCLE('',#5579,0.000228600000000025);
#3900=CIRCLE('',#5580,0.0006604);
#3901=CIRCLE('',#5581,0.0006096);
#3902=CIRCLE('',#5582,0.0006604);
#3903=CIRCLE('',#5583,0.0002286);
#3904=CIRCLE('',#5584,0.0124840999999997);
#3905=CIRCLE('',#5585,0.000228599999999876);
#3906=CIRCLE('',#5586,0.00066039999999936);
#3907=CIRCLE('',#5587,0.0006096);
#3908=CIRCLE('',#5588,0.0006604);
#3909=CIRCLE('',#5589,0.0002286);
#3910=CIRCLE('',#5590,0.0124840999999996);
#3911=CIRCLE('',#5591,0.000228600000000025);
#3912=CIRCLE('',#5592,0.0006604);
#3913=CIRCLE('',#5593,0.0006096);
#3914=CIRCLE('',#5594,0.0006604);
#3915=CIRCLE('',#5595,0.0002286);
#3916=CIRCLE('',#5596,0.0124841);
#3917=CIRCLE('',#5597,0.000228600000000025);
#3918=CIRCLE('',#5598,0.0006604);
#3919=CIRCLE('',#5599,0.000609600000000701);
#3920=CIRCLE('',#5600,0.0006604);
#3921=CIRCLE('',#5601,0.00022859999999936);
#3922=CIRCLE('',#5602,0.0124841);
#3923=CIRCLE('',#5603,0.000228599999999713);
#3924=CIRCLE('',#5604,0.000660399999998925);
#3925=CIRCLE('',#5605,0.000609600000000657);
#3926=CIRCLE('',#5606,0.0006604);
#3927=CIRCLE('',#5607,0.0002286);
#3928=CIRCLE('',#5608,0.0124840999999993);
#3929=CIRCLE('',#5609,0.000228600000000025);
#3930=CIRCLE('',#5610,0.000660400000001773);
#3931=CIRCLE('',#5611,0.0006096);
#3932=CIRCLE('',#5612,0.000660400000000718);
#3933=CIRCLE('',#5613,0.0002286);
#3934=CIRCLE('',#5614,0.0124841000000015);
#3935=CIRCLE('',#5615,0.000228600000000025);
#3936=CIRCLE('',#5616,0.0006604);
#3937=CIRCLE('',#5617,0.0006096);
#3938=CIRCLE('',#5618,0.0006604);
#3939=CIRCLE('',#5619,0.0002286);
#3940=CIRCLE('',#5620,0.0124841000000002);
#3941=CIRCLE('',#5621,0.000228600000000025);
#3942=CIRCLE('',#5622,0.0006604);
#3943=CIRCLE('',#5623,0.0006096);
#3944=CIRCLE('',#5624,0.0006604);
#3945=CIRCLE('',#5625,0.0002286);
#3946=CIRCLE('',#5626,0.0124841);
#3947=CIRCLE('',#5627,0.000228600000000026);
#3948=CIRCLE('',#5628,0.0006604);
#3949=CIRCLE('',#5629,0.0006096);
#3950=CIRCLE('',#5630,0.0006604);
#3951=CIRCLE('',#5631,0.0002286);
#3952=CIRCLE('',#5632,0.0124841000000006);
#3953=EDGE_LOOP('',(#591));
#3954=EDGE_LOOP('',(#592));
#3955=EDGE_LOOP('',(#593));
#3956=EDGE_LOOP('',(#594));
#3957=EDGE_LOOP('',(#595));
#3958=EDGE_LOOP('',(#596));
#3959=EDGE_LOOP('',(#597));
#3960=EDGE_LOOP('',(#598));
#3961=EDGE_LOOP('',(#599));
#3962=EDGE_LOOP('',(#600));
#3963=EDGE_LOOP('',(#601));
#3964=EDGE_LOOP('',(#602));
#3965=EDGE_LOOP('',(#603));
#3966=EDGE_LOOP('',(#604));
#3967=EDGE_LOOP('',(#605,#606,#607,#608,#609,#610));
#3968=EDGE_LOOP('',(#611));
#3969=EDGE_LOOP('',(#612));
#3970=EDGE_LOOP('',(#613));
#3971=EDGE_LOOP('',(#614,#615,#616,#617));
#3972=EDGE_LOOP('',(#618));
#3973=EDGE_LOOP('',(#619,#620,#621,#622));
#3974=EDGE_LOOP('',(#623));
#3975=EDGE_LOOP('',(#624,#625,#626,#627));
#3976=EDGE_LOOP('',(#628,#629,#630,#631));
#3977=EDGE_LOOP('',(#632,#633,#634,#635));
#3978=EDGE_LOOP('',(#636,#637,#638,#639));
#3979=EDGE_LOOP('',(#640));
#3980=EDGE_LOOP('',(#641));
#3981=EDGE_LOOP('',(#642,#643,#644,#645));
#3982=EDGE_LOOP('',(#646,#647,#648,#649));
#3983=EDGE_LOOP('',(#650,#651,#652,#653));
#3984=EDGE_LOOP('',(#654,#655,#656,#657));
#3985=EDGE_LOOP('',(#658,#659,#660,#661));
#3986=EDGE_LOOP('',(#662,#663,#664,#665));
#3987=EDGE_LOOP('',(#666));
#3988=EDGE_LOOP('',(#667));
#3989=EDGE_LOOP('',(#668));
#3990=EDGE_LOOP('',(#669,#670,#671,#672,#673,#674,#675,#676,#677,#678,#679,
#680,#681,#682,#683,#684,#685,#686));
#3991=EDGE_LOOP('',(#687,#688));
#3992=EDGE_LOOP('',(#689,#690));
#3993=EDGE_LOOP('',(#691,#692));
#3994=EDGE_LOOP('',(#693,#694));
#3995=EDGE_LOOP('',(#695,#696));
#3996=EDGE_LOOP('',(#697,#698));
#3997=EDGE_LOOP('',(#699));
#3998=EDGE_LOOP('',(#700));
#3999=EDGE_LOOP('',(#701));
#4000=EDGE_LOOP('',(#702));
#4001=EDGE_LOOP('',(#703));
#4002=EDGE_LOOP('',(#704));
#4003=EDGE_LOOP('',(#705));
#4004=EDGE_LOOP('',(#706));
#4005=EDGE_LOOP('',(#707,#708,#709,#710,#711,#712,#713,#714,#715,#716,#717,
#718,#719,#720,#721,#722,#723,#724,#725,#726,#727,#728,#729,#730,#731,#732,
#733,#734,#735,#736,#737,#738,#739,#740,#741,#742,#743,#744,#745,#746,#747,
#748,#749,#750,#751,#752,#753,#754,#755,#756,#757,#758,#759,#760,#761,#762,
#763,#764,#765,#766,#767,#768,#769,#770,#771,#772,#773,#774,#775,#776,#777,
#778,#779,#780,#781,#782,#783,#784,#785,#786,#787,#788,#789,#790,#791,#792,
#793,#794,#795,#796,#797,#798,#799,#800,#801,#802,#803,#804,#805,#806,#807,
#808,#809,#810,#811,#812,#813,#814,#815,#816,#817,#818,#819,#820,#821,#822,
#823,#824,#825,#826,#827,#828,#829,#830,#831,#832,#833,#834,#835,#836,#837,
#838,#839,#840,#841,#842,#843,#844,#845,#846,#847,#848,#849,#850,#851,#852,
#853,#854,#855,#856,#857,#858,#859,#860,#861,#862,#863,#864,#865,#866,#867,
#868,#869,#870,#871,#872,#873,#874,#875,#876,#877,#878,#879,#880,#881,#882,
#883,#884,#885,#886,#887,#888,#889,#890,#891,#892,#893,#894,#895,#896,#897,
#898,#899,#900,#901,#902,#903,#904,#905,#906,#907,#908,#909,#910,#911,#912,
#913,#914,#915,#916,#917,#918,#919,#920,#921,#922,#923,#924,#925,#926,#927,
#928,#929,#930,#931,#932,#933,#934,#935,#936,#937,#938,#939,#940,#941,#942,
#943,#944,#945,#946));
#4006=EDGE_LOOP('',(#947));
#4007=EDGE_LOOP('',(#948));
#4008=EDGE_LOOP('',(#949));
#4009=EDGE_LOOP('',(#950,#951,#952,#953));
#4010=EDGE_LOOP('',(#954,#955,#956,#957,#958,#959,#960,#961,#962,#963,#964,
#965,#966,#967,#968,#969,#970,#971,#972,#973,#974,#975,#976,#977,#978,#979,
#980,#981,#982,#983,#984,#985,#986,#987,#988,#989,#990,#991,#992,#993,#994,
#995,#996,#997,#998,#999,#1000,#1001,#1002,#1003,#1004,#1005,#1006,#1007,
#1008,#1009,#1010,#1011,#1012,#1013,#1014,#1015,#1016,#1017,#1018,#1019,
#1020,#1021,#1022,#1023,#1024,#1025,#1026,#1027,#1028,#1029,#1030,#1031,
#1032,#1033,#1034,#1035,#1036,#1037,#1038,#1039,#1040,#1041,#1042,#1043,
#1044,#1045,#1046,#1047,#1048,#1049,#1050,#1051,#1052,#1053,#1054,#1055,
#1056,#1057,#1058,#1059,#1060,#1061,#1062,#1063,#1064,#1065,#1066,#1067,
#1068,#1069,#1070,#1071,#1072,#1073,#1074,#1075,#1076,#1077,#1078,#1079,
#1080,#1081,#1082,#1083,#1084,#1085,#1086,#1087,#1088,#1089,#1090,#1091,
#1092,#1093,#1094,#1095,#1096,#1097,#1098,#1099,#1100,#1101,#1102,#1103,
#1104,#1105,#1106,#1107,#1108,#1109,#1110,#1111,#1112,#1113,#1114,#1115,
#1116,#1117,#1118,#1119,#1120,#1121,#1122,#1123,#1124,#1125,#1126,#1127,
#1128,#1129,#1130,#1131,#1132,#1133,#1134,#1135,#1136,#1137,#1138,#1139,
#1140,#1141,#1142,#1143,#1144,#1145,#1146,#1147,#1148,#1149,#1150,#1151,
#1152,#1153,#1154,#1155,#1156,#1157,#1158,#1159,#1160,#1161,#1162,#1163,
#1164,#1165,#1166,#1167,#1168,#1169,#1170,#1171,#1172,#1173,#1174,#1175,
#1176,#1177,#1178,#1179,#1180,#1181,#1182,#1183,#1184,#1185,#1186,#1187,
#1188,#1189,#1190,#1191,#1192,#1193));
#4011=EDGE_LOOP('',(#1194));
#4012=EDGE_LOOP('',(#1195,#1196,#1197,#1198));
#4013=EDGE_LOOP('',(#1199,#1200,#1201,#1202));
#4014=EDGE_LOOP('',(#1203,#1204,#1205,#1206));
#4015=EDGE_LOOP('',(#1207,#1208,#1209,#1210));
#4016=EDGE_LOOP('',(#1211,#1212,#1213,#1214));
#4017=EDGE_LOOP('',(#1215,#1216,#1217,#1218));
#4018=EDGE_LOOP('',(#1219,#1220,#1221,#1222));
#4019=EDGE_LOOP('',(#1223,#1224,#1225,#1226));
#4020=EDGE_LOOP('',(#1227,#1228,#1229,#1230));
#4021=EDGE_LOOP('',(#1231,#1232,#1233,#1234));
#4022=EDGE_LOOP('',(#1235,#1236,#1237,#1238));
#4023=EDGE_LOOP('',(#1239,#1240,#1241,#1242));
#4024=EDGE_LOOP('',(#1243,#1244,#1245,#1246));
#4025=EDGE_LOOP('',(#1247,#1248,#1249,#1250));
#4026=EDGE_LOOP('',(#1251,#1252,#1253,#1254));
#4027=EDGE_LOOP('',(#1255,#1256,#1257,#1258));
#4028=EDGE_LOOP('',(#1259,#1260,#1261,#1262));
#4029=EDGE_LOOP('',(#1263,#1264,#1265,#1266));
#4030=EDGE_LOOP('',(#1267,#1268,#1269,#1270));
#4031=EDGE_LOOP('',(#1271,#1272,#1273,#1274));
#4032=EDGE_LOOP('',(#1275,#1276,#1277,#1278));
#4033=EDGE_LOOP('',(#1279,#1280,#1281,#1282));
#4034=EDGE_LOOP('',(#1283,#1284,#1285,#1286));
#4035=EDGE_LOOP('',(#1287,#1288,#1289,#1290));
#4036=EDGE_LOOP('',(#1291,#1292,#1293,#1294));
#4037=EDGE_LOOP('',(#1295,#1296,#1297,#1298));
#4038=EDGE_LOOP('',(#1299,#1300,#1301,#1302));
#4039=EDGE_LOOP('',(#1303,#1304,#1305,#1306));
#4040=EDGE_LOOP('',(#1307,#1308,#1309,#1310));
#4041=EDGE_LOOP('',(#1311,#1312,#1313,#1314));
#4042=EDGE_LOOP('',(#1315,#1316,#1317,#1318));
#4043=EDGE_LOOP('',(#1319,#1320,#1321,#1322));
#4044=EDGE_LOOP('',(#1323,#1324,#1325,#1326));
#4045=EDGE_LOOP('',(#1327,#1328,#1329,#1330));
#4046=EDGE_LOOP('',(#1331,#1332,#1333,#1334));
#4047=EDGE_LOOP('',(#1335,#1336,#1337,#1338));
#4048=EDGE_LOOP('',(#1339,#1340,#1341,#1342));
#4049=EDGE_LOOP('',(#1343,#1344,#1345,#1346));
#4050=EDGE_LOOP('',(#1347,#1348,#1349,#1350));
#4051=EDGE_LOOP('',(#1351,#1352,#1353,#1354));
#4052=EDGE_LOOP('',(#1355,#1356,#1357,#1358));
#4053=EDGE_LOOP('',(#1359,#1360,#1361,#1362));
#4054=EDGE_LOOP('',(#1363,#1364,#1365,#1366));
#4055=EDGE_LOOP('',(#1367,#1368,#1369,#1370));
#4056=EDGE_LOOP('',(#1371,#1372,#1373,#1374));
#4057=EDGE_LOOP('',(#1375,#1376,#1377,#1378));
#4058=EDGE_LOOP('',(#1379,#1380,#1381,#1382));
#4059=EDGE_LOOP('',(#1383,#1384,#1385,#1386));
#4060=EDGE_LOOP('',(#1387,#1388,#1389,#1390));
#4061=EDGE_LOOP('',(#1391,#1392,#1393,#1394));
#4062=EDGE_LOOP('',(#1395,#1396,#1397,#1398));
#4063=EDGE_LOOP('',(#1399,#1400,#1401,#1402));
#4064=EDGE_LOOP('',(#1403,#1404,#1405,#1406));
#4065=EDGE_LOOP('',(#1407,#1408,#1409,#1410));
#4066=EDGE_LOOP('',(#1411,#1412,#1413,#1414));
#4067=EDGE_LOOP('',(#1415,#1416,#1417,#1418));
#4068=EDGE_LOOP('',(#1419,#1420,#1421,#1422));
#4069=EDGE_LOOP('',(#1423,#1424,#1425,#1426));
#4070=EDGE_LOOP('',(#1427,#1428,#1429,#1430));
#4071=EDGE_LOOP('',(#1431,#1432,#1433,#1434));
#4072=EDGE_LOOP('',(#1435,#1436,#1437,#1438));
#4073=EDGE_LOOP('',(#1439,#1440,#1441,#1442));
#4074=EDGE_LOOP('',(#1443,#1444,#1445,#1446));
#4075=EDGE_LOOP('',(#1447,#1448,#1449,#1450));
#4076=EDGE_LOOP('',(#1451,#1452,#1453,#1454));
#4077=EDGE_LOOP('',(#1455,#1456,#1457,#1458));
#4078=EDGE_LOOP('',(#1459,#1460,#1461,#1462));
#4079=EDGE_LOOP('',(#1463,#1464,#1465,#1466));
#4080=EDGE_LOOP('',(#1467,#1468,#1469,#1470));
#4081=EDGE_LOOP('',(#1471,#1472,#1473,#1474));
#4082=EDGE_LOOP('',(#1475,#1476,#1477,#1478));
#4083=EDGE_LOOP('',(#1479,#1480,#1481,#1482));
#4084=EDGE_LOOP('',(#1483,#1484,#1485,#1486));
#4085=EDGE_LOOP('',(#1487,#1488,#1489,#1490));
#4086=EDGE_LOOP('',(#1491,#1492,#1493,#1494));
#4087=EDGE_LOOP('',(#1495,#1496,#1497,#1498));
#4088=EDGE_LOOP('',(#1499,#1500,#1501,#1502));
#4089=EDGE_LOOP('',(#1503,#1504,#1505,#1506));
#4090=EDGE_LOOP('',(#1507,#1508,#1509,#1510));
#4091=EDGE_LOOP('',(#1511,#1512,#1513,#1514));
#4092=EDGE_LOOP('',(#1515,#1516,#1517,#1518));
#4093=EDGE_LOOP('',(#1519,#1520,#1521,#1522));
#4094=EDGE_LOOP('',(#1523,#1524,#1525,#1526));
#4095=EDGE_LOOP('',(#1527,#1528,#1529,#1530));
#4096=EDGE_LOOP('',(#1531,#1532,#1533,#1534));
#4097=EDGE_LOOP('',(#1535,#1536,#1537,#1538));
#4098=EDGE_LOOP('',(#1539,#1540,#1541,#1542));
#4099=EDGE_LOOP('',(#1543,#1544,#1545,#1546));
#4100=EDGE_LOOP('',(#1547,#1548,#1549,#1550));
#4101=EDGE_LOOP('',(#1551,#1552,#1553,#1554));
#4102=EDGE_LOOP('',(#1555,#1556,#1557,#1558));
#4103=EDGE_LOOP('',(#1559,#1560,#1561,#1562));
#4104=EDGE_LOOP('',(#1563,#1564,#1565,#1566));
#4105=EDGE_LOOP('',(#1567,#1568,#1569,#1570));
#4106=EDGE_LOOP('',(#1571,#1572,#1573,#1574));
#4107=EDGE_LOOP('',(#1575,#1576,#1577,#1578));
#4108=EDGE_LOOP('',(#1579,#1580,#1581,#1582));
#4109=EDGE_LOOP('',(#1583,#1584,#1585,#1586));
#4110=EDGE_LOOP('',(#1587,#1588,#1589,#1590));
#4111=EDGE_LOOP('',(#1591,#1592,#1593,#1594));
#4112=EDGE_LOOP('',(#1595,#1596,#1597,#1598));
#4113=EDGE_LOOP('',(#1599,#1600,#1601,#1602));
#4114=EDGE_LOOP('',(#1603,#1604,#1605,#1606));
#4115=EDGE_LOOP('',(#1607,#1608,#1609,#1610));
#4116=EDGE_LOOP('',(#1611,#1612,#1613,#1614));
#4117=EDGE_LOOP('',(#1615,#1616,#1617,#1618));
#4118=EDGE_LOOP('',(#1619,#1620,#1621,#1622));
#4119=EDGE_LOOP('',(#1623,#1624,#1625,#1626));
#4120=EDGE_LOOP('',(#1627,#1628,#1629,#1630));
#4121=EDGE_LOOP('',(#1631,#1632,#1633,#1634));
#4122=EDGE_LOOP('',(#1635,#1636,#1637,#1638));
#4123=EDGE_LOOP('',(#1639,#1640,#1641,#1642));
#4124=EDGE_LOOP('',(#1643,#1644,#1645,#1646));
#4125=EDGE_LOOP('',(#1647,#1648,#1649,#1650));
#4126=EDGE_LOOP('',(#1651,#1652,#1653,#1654));
#4127=EDGE_LOOP('',(#1655,#1656,#1657,#1658));
#4128=EDGE_LOOP('',(#1659,#1660,#1661,#1662));
#4129=EDGE_LOOP('',(#1663,#1664,#1665,#1666));
#4130=EDGE_LOOP('',(#1667,#1668,#1669,#1670));
#4131=EDGE_LOOP('',(#1671,#1672,#1673,#1674));
#4132=EDGE_LOOP('',(#1675,#1676,#1677,#1678));
#4133=EDGE_LOOP('',(#1679,#1680,#1681,#1682));
#4134=EDGE_LOOP('',(#1683,#1684,#1685,#1686));
#4135=EDGE_LOOP('',(#1687,#1688,#1689,#1690));
#4136=EDGE_LOOP('',(#1691,#1692,#1693,#1694));
#4137=EDGE_LOOP('',(#1695,#1696,#1697,#1698));
#4138=EDGE_LOOP('',(#1699,#1700,#1701,#1702));
#4139=EDGE_LOOP('',(#1703,#1704,#1705,#1706));
#4140=EDGE_LOOP('',(#1707,#1708,#1709,#1710));
#4141=EDGE_LOOP('',(#1711,#1712,#1713,#1714));
#4142=EDGE_LOOP('',(#1715,#1716,#1717,#1718));
#4143=EDGE_LOOP('',(#1719,#1720,#1721,#1722));
#4144=EDGE_LOOP('',(#1723,#1724,#1725,#1726));
#4145=EDGE_LOOP('',(#1727,#1728,#1729,#1730));
#4146=EDGE_LOOP('',(#1731,#1732,#1733,#1734));
#4147=EDGE_LOOP('',(#1735,#1736,#1737,#1738));
#4148=EDGE_LOOP('',(#1739,#1740,#1741,#1742));
#4149=EDGE_LOOP('',(#1743,#1744,#1745,#1746));
#4150=EDGE_LOOP('',(#1747,#1748,#1749,#1750));
#4151=EDGE_LOOP('',(#1751,#1752,#1753,#1754));
#4152=EDGE_LOOP('',(#1755,#1756,#1757,#1758));
#4153=EDGE_LOOP('',(#1759,#1760,#1761,#1762));
#4154=EDGE_LOOP('',(#1763,#1764,#1765,#1766));
#4155=EDGE_LOOP('',(#1767,#1768,#1769,#1770));
#4156=EDGE_LOOP('',(#1771,#1772,#1773,#1774));
#4157=EDGE_LOOP('',(#1775,#1776,#1777,#1778));
#4158=EDGE_LOOP('',(#1779,#1780,#1781,#1782));
#4159=EDGE_LOOP('',(#1783,#1784,#1785,#1786));
#4160=EDGE_LOOP('',(#1787,#1788,#1789,#1790));
#4161=EDGE_LOOP('',(#1791,#1792,#1793,#1794));
#4162=EDGE_LOOP('',(#1795,#1796,#1797,#1798));
#4163=EDGE_LOOP('',(#1799,#1800,#1801,#1802));
#4164=EDGE_LOOP('',(#1803,#1804,#1805,#1806));
#4165=EDGE_LOOP('',(#1807,#1808,#1809,#1810));
#4166=EDGE_LOOP('',(#1811,#1812,#1813,#1814));
#4167=EDGE_LOOP('',(#1815,#1816,#1817,#1818));
#4168=EDGE_LOOP('',(#1819,#1820,#1821,#1822));
#4169=EDGE_LOOP('',(#1823,#1824,#1825,#1826));
#4170=EDGE_LOOP('',(#1827,#1828,#1829,#1830));
#4171=EDGE_LOOP('',(#1831,#1832,#1833,#1834));
#4172=EDGE_LOOP('',(#1835,#1836,#1837,#1838));
#4173=EDGE_LOOP('',(#1839,#1840,#1841,#1842));
#4174=EDGE_LOOP('',(#1843,#1844,#1845,#1846));
#4175=EDGE_LOOP('',(#1847,#1848,#1849,#1850));
#4176=EDGE_LOOP('',(#1851,#1852,#1853,#1854));
#4177=EDGE_LOOP('',(#1855,#1856,#1857,#1858));
#4178=EDGE_LOOP('',(#1859,#1860,#1861,#1862));
#4179=EDGE_LOOP('',(#1863,#1864,#1865,#1866));
#4180=EDGE_LOOP('',(#1867,#1868,#1869,#1870));
#4181=EDGE_LOOP('',(#1871,#1872,#1873,#1874));
#4182=EDGE_LOOP('',(#1875,#1876,#1877,#1878));
#4183=EDGE_LOOP('',(#1879,#1880,#1881,#1882));
#4184=EDGE_LOOP('',(#1883,#1884,#1885,#1886));
#4185=EDGE_LOOP('',(#1887,#1888,#1889,#1890));
#4186=EDGE_LOOP('',(#1891,#1892,#1893,#1894));
#4187=EDGE_LOOP('',(#1895,#1896,#1897,#1898));
#4188=EDGE_LOOP('',(#1899,#1900,#1901,#1902));
#4189=EDGE_LOOP('',(#1903,#1904,#1905,#1906));
#4190=EDGE_LOOP('',(#1907,#1908,#1909,#1910));
#4191=EDGE_LOOP('',(#1911,#1912,#1913,#1914));
#4192=EDGE_LOOP('',(#1915,#1916,#1917,#1918));
#4193=EDGE_LOOP('',(#1919,#1920,#1921,#1922));
#4194=EDGE_LOOP('',(#1923,#1924,#1925,#1926));
#4195=EDGE_LOOP('',(#1927,#1928,#1929,#1930));
#4196=EDGE_LOOP('',(#1931,#1932,#1933,#1934));
#4197=EDGE_LOOP('',(#1935,#1936,#1937,#1938));
#4198=EDGE_LOOP('',(#1939,#1940,#1941,#1942));
#4199=EDGE_LOOP('',(#1943,#1944,#1945,#1946));
#4200=EDGE_LOOP('',(#1947,#1948,#1949,#1950));
#4201=EDGE_LOOP('',(#1951,#1952,#1953,#1954));
#4202=EDGE_LOOP('',(#1955,#1956,#1957,#1958));
#4203=EDGE_LOOP('',(#1959,#1960,#1961,#1962));
#4204=EDGE_LOOP('',(#1963,#1964,#1965,#1966));
#4205=EDGE_LOOP('',(#1967,#1968,#1969,#1970));
#4206=EDGE_LOOP('',(#1971,#1972,#1973,#1974));
#4207=EDGE_LOOP('',(#1975,#1976,#1977,#1978));
#4208=EDGE_LOOP('',(#1979,#1980,#1981,#1982));
#4209=EDGE_LOOP('',(#1983,#1984,#1985,#1986));
#4210=EDGE_LOOP('',(#1987,#1988,#1989,#1990));
#4211=EDGE_LOOP('',(#1991,#1992,#1993,#1994));
#4212=EDGE_LOOP('',(#1995,#1996,#1997,#1998));
#4213=EDGE_LOOP('',(#1999,#2000,#2001,#2002));
#4214=EDGE_LOOP('',(#2003,#2004,#2005,#2006));
#4215=EDGE_LOOP('',(#2007,#2008,#2009,#2010));
#4216=EDGE_LOOP('',(#2011,#2012,#2013,#2014));
#4217=EDGE_LOOP('',(#2015,#2016,#2017,#2018));
#4218=EDGE_LOOP('',(#2019,#2020,#2021,#2022));
#4219=EDGE_LOOP('',(#2023,#2024,#2025,#2026));
#4220=EDGE_LOOP('',(#2027,#2028,#2029,#2030));
#4221=EDGE_LOOP('',(#2031,#2032,#2033,#2034));
#4222=EDGE_LOOP('',(#2035,#2036,#2037,#2038));
#4223=EDGE_LOOP('',(#2039,#2040,#2041,#2042));
#4224=EDGE_LOOP('',(#2043,#2044,#2045,#2046));
#4225=EDGE_LOOP('',(#2047,#2048,#2049,#2050));
#4226=EDGE_LOOP('',(#2051,#2052,#2053,#2054));
#4227=EDGE_LOOP('',(#2055,#2056,#2057,#2058));
#4228=EDGE_LOOP('',(#2059,#2060,#2061,#2062));
#4229=EDGE_LOOP('',(#2063,#2064,#2065,#2066));
#4230=EDGE_LOOP('',(#2067,#2068,#2069,#2070));
#4231=EDGE_LOOP('',(#2071,#2072,#2073,#2074));
#4232=EDGE_LOOP('',(#2075,#2076,#2077,#2078));
#4233=EDGE_LOOP('',(#2079,#2080,#2081,#2082));
#4234=EDGE_LOOP('',(#2083,#2084,#2085,#2086));
#4235=EDGE_LOOP('',(#2087,#2088,#2089,#2090));
#4236=EDGE_LOOP('',(#2091,#2092,#2093,#2094));
#4237=EDGE_LOOP('',(#2095,#2096,#2097,#2098));
#4238=EDGE_LOOP('',(#2099,#2100,#2101,#2102));
#4239=EDGE_LOOP('',(#2103,#2104,#2105,#2106));
#4240=EDGE_LOOP('',(#2107,#2108,#2109,#2110));
#4241=EDGE_LOOP('',(#2111,#2112,#2113,#2114));
#4242=EDGE_LOOP('',(#2115,#2116,#2117,#2118));
#4243=EDGE_LOOP('',(#2119,#2120,#2121,#2122));
#4244=EDGE_LOOP('',(#2123,#2124,#2125,#2126));
#4245=EDGE_LOOP('',(#2127,#2128,#2129,#2130));
#4246=EDGE_LOOP('',(#2131,#2132,#2133,#2134));
#4247=EDGE_LOOP('',(#2135,#2136,#2137,#2138));
#4248=EDGE_LOOP('',(#2139,#2140,#2141,#2142));
#4249=EDGE_LOOP('',(#2143,#2144,#2145,#2146));
#4250=EDGE_LOOP('',(#2147,#2148,#2149,#2150));
#4251=FACE_BOUND('',#3953,.T.);
#4252=FACE_BOUND('',#3954,.T.);
#4253=FACE_BOUND('',#3955,.T.);
#4254=FACE_BOUND('',#3956,.T.);
#4255=FACE_BOUND('',#3957,.T.);
#4256=FACE_BOUND('',#3958,.T.);
#4257=FACE_BOUND('',#3959,.T.);
#4258=FACE_BOUND('',#3960,.T.);
#4259=FACE_BOUND('',#3961,.T.);
#4260=FACE_BOUND('',#3962,.T.);
#4261=FACE_BOUND('',#3963,.T.);
#4262=FACE_BOUND('',#3964,.T.);
#4263=FACE_BOUND('',#3965,.T.);
#4264=FACE_BOUND('',#3966,.T.);
#4265=FACE_BOUND('',#3967,.T.);
#4266=FACE_BOUND('',#3968,.T.);
#4267=FACE_BOUND('',#3969,.T.);
#4268=FACE_BOUND('',#3970,.T.);
#4269=FACE_BOUND('',#3971,.T.);
#4270=FACE_BOUND('',#3972,.T.);
#4271=FACE_BOUND('',#3973,.T.);
#4272=FACE_BOUND('',#3974,.T.);
#4273=FACE_BOUND('',#3975,.T.);
#4274=FACE_BOUND('',#3976,.T.);
#4275=FACE_BOUND('',#3977,.T.);
#4276=FACE_BOUND('',#3978,.T.);
#4277=FACE_BOUND('',#3979,.T.);
#4278=FACE_BOUND('',#3980,.T.);
#4279=FACE_BOUND('',#3981,.T.);
#4280=FACE_BOUND('',#3982,.T.);
#4281=FACE_BOUND('',#3983,.T.);
#4282=FACE_BOUND('',#3984,.T.);
#4283=FACE_BOUND('',#3985,.T.);
#4284=FACE_BOUND('',#3986,.T.);
#4285=FACE_BOUND('',#3987,.T.);
#4286=FACE_BOUND('',#3988,.T.);
#4287=FACE_BOUND('',#3989,.T.);
#4288=FACE_BOUND('',#3990,.T.);
#4289=FACE_BOUND('',#3991,.T.);
#4290=FACE_BOUND('',#3992,.T.);
#4291=FACE_BOUND('',#3993,.T.);
#4292=FACE_BOUND('',#3994,.T.);
#4293=FACE_BOUND('',#3995,.T.);
#4294=FACE_BOUND('',#3996,.T.);
#4295=FACE_BOUND('',#3997,.T.);
#4296=FACE_BOUND('',#3998,.T.);
#4297=FACE_BOUND('',#3999,.T.);
#4298=FACE_BOUND('',#4000,.T.);
#4299=FACE_BOUND('',#4001,.T.);
#4300=FACE_BOUND('',#4002,.T.);
#4301=FACE_BOUND('',#4003,.T.);
#4302=FACE_BOUND('',#4004,.T.);
#4303=FACE_BOUND('',#4005,.T.);
#4304=FACE_BOUND('',#4006,.T.);
#4305=FACE_BOUND('',#4007,.T.);
#4306=FACE_BOUND('',#4008,.T.);
#4307=FACE_BOUND('',#4009,.T.);
#4308=FACE_BOUND('',#4010,.T.);
#4309=FACE_BOUND('',#4011,.T.);
#4310=FACE_BOUND('',#4012,.T.);
#4311=FACE_BOUND('',#4013,.T.);
#4312=FACE_BOUND('',#4014,.T.);
#4313=FACE_BOUND('',#4015,.T.);
#4314=FACE_BOUND('',#4016,.T.);
#4315=FACE_BOUND('',#4017,.T.);
#4316=FACE_BOUND('',#4018,.T.);
#4317=FACE_BOUND('',#4019,.T.);
#4318=FACE_BOUND('',#4020,.T.);
#4319=FACE_BOUND('',#4021,.T.);
#4320=FACE_BOUND('',#4022,.T.);
#4321=FACE_BOUND('',#4023,.T.);
#4322=FACE_BOUND('',#4024,.T.);
#4323=FACE_BOUND('',#4025,.T.);
#4324=FACE_BOUND('',#4026,.T.);
#4325=FACE_BOUND('',#4027,.T.);
#4326=FACE_BOUND('',#4028,.T.);
#4327=FACE_BOUND('',#4029,.T.);
#4328=FACE_BOUND('',#4030,.T.);
#4329=FACE_BOUND('',#4031,.T.);
#4330=FACE_BOUND('',#4032,.T.);
#4331=FACE_BOUND('',#4033,.T.);
#4332=FACE_BOUND('',#4034,.T.);
#4333=FACE_BOUND('',#4035,.T.);
#4334=FACE_BOUND('',#4036,.T.);
#4335=FACE_BOUND('',#4037,.T.);
#4336=FACE_BOUND('',#4038,.T.);
#4337=FACE_BOUND('',#4039,.T.);
#4338=FACE_BOUND('',#4040,.T.);
#4339=FACE_BOUND('',#4041,.T.);
#4340=FACE_BOUND('',#4042,.T.);
#4341=FACE_BOUND('',#4043,.T.);
#4342=FACE_BOUND('',#4044,.T.);
#4343=FACE_BOUND('',#4045,.T.);
#4344=FACE_BOUND('',#4046,.T.);
#4345=FACE_BOUND('',#4047,.T.);
#4346=FACE_BOUND('',#4048,.T.);
#4347=FACE_BOUND('',#4049,.T.);
#4348=FACE_BOUND('',#4050,.T.);
#4349=FACE_BOUND('',#4051,.T.);
#4350=FACE_BOUND('',#4052,.T.);
#4351=FACE_BOUND('',#4053,.T.);
#4352=FACE_BOUND('',#4054,.T.);
#4353=FACE_BOUND('',#4055,.T.);
#4354=FACE_BOUND('',#4056,.T.);
#4355=FACE_BOUND('',#4057,.T.);
#4356=FACE_BOUND('',#4058,.T.);
#4357=FACE_BOUND('',#4059,.T.);
#4358=FACE_BOUND('',#4060,.T.);
#4359=FACE_BOUND('',#4061,.T.);
#4360=FACE_BOUND('',#4062,.T.);
#4361=FACE_BOUND('',#4063,.T.);
#4362=FACE_BOUND('',#4064,.T.);
#4363=FACE_BOUND('',#4065,.T.);
#4364=FACE_BOUND('',#4066,.T.);
#4365=FACE_BOUND('',#4067,.T.);
#4366=FACE_BOUND('',#4068,.T.);
#4367=FACE_BOUND('',#4069,.T.);
#4368=FACE_BOUND('',#4070,.T.);
#4369=FACE_BOUND('',#4071,.T.);
#4370=FACE_BOUND('',#4072,.T.);
#4371=FACE_BOUND('',#4073,.T.);
#4372=FACE_BOUND('',#4074,.T.);
#4373=FACE_BOUND('',#4075,.T.);
#4374=FACE_BOUND('',#4076,.T.);
#4375=FACE_BOUND('',#4077,.T.);
#4376=FACE_BOUND('',#4078,.T.);
#4377=FACE_BOUND('',#4079,.T.);
#4378=FACE_BOUND('',#4080,.T.);
#4379=FACE_BOUND('',#4081,.T.);
#4380=FACE_BOUND('',#4082,.T.);
#4381=FACE_BOUND('',#4083,.T.);
#4382=FACE_BOUND('',#4084,.T.);
#4383=FACE_BOUND('',#4085,.T.);
#4384=FACE_BOUND('',#4086,.T.);
#4385=FACE_BOUND('',#4087,.T.);
#4386=FACE_BOUND('',#4088,.T.);
#4387=FACE_BOUND('',#4089,.T.);
#4388=FACE_BOUND('',#4090,.T.);
#4389=FACE_BOUND('',#4091,.T.);
#4390=FACE_BOUND('',#4092,.T.);
#4391=FACE_BOUND('',#4093,.T.);
#4392=FACE_BOUND('',#4094,.T.);
#4393=FACE_BOUND('',#4095,.T.);
#4394=FACE_BOUND('',#4096,.T.);
#4395=FACE_BOUND('',#4097,.T.);
#4396=FACE_BOUND('',#4098,.T.);
#4397=FACE_BOUND('',#4099,.T.);
#4398=FACE_BOUND('',#4100,.T.);
#4399=FACE_BOUND('',#4101,.T.);
#4400=FACE_BOUND('',#4102,.T.);
#4401=FACE_BOUND('',#4103,.T.);
#4402=FACE_BOUND('',#4104,.T.);
#4403=FACE_BOUND('',#4105,.T.);
#4404=FACE_BOUND('',#4106,.T.);
#4405=FACE_BOUND('',#4107,.T.);
#4406=FACE_BOUND('',#4108,.T.);
#4407=FACE_BOUND('',#4109,.T.);
#4408=FACE_BOUND('',#4110,.T.);
#4409=FACE_BOUND('',#4111,.T.);
#4410=FACE_BOUND('',#4112,.T.);
#4411=FACE_BOUND('',#4113,.T.);
#4412=FACE_BOUND('',#4114,.T.);
#4413=FACE_BOUND('',#4115,.T.);
#4414=FACE_BOUND('',#4116,.T.);
#4415=FACE_BOUND('',#4117,.T.);
#4416=FACE_BOUND('',#4118,.T.);
#4417=FACE_BOUND('',#4119,.T.);
#4418=FACE_BOUND('',#4120,.T.);
#4419=FACE_BOUND('',#4121,.T.);
#4420=FACE_BOUND('',#4122,.T.);
#4421=FACE_BOUND('',#4123,.T.);
#4422=FACE_BOUND('',#4124,.T.);
#4423=FACE_BOUND('',#4125,.T.);
#4424=FACE_BOUND('',#4126,.T.);
#4425=FACE_BOUND('',#4127,.T.);
#4426=FACE_BOUND('',#4128,.T.);
#4427=FACE_BOUND('',#4129,.T.);
#4428=FACE_BOUND('',#4130,.T.);
#4429=FACE_BOUND('',#4131,.T.);
#4430=FACE_BOUND('',#4132,.T.);
#4431=FACE_BOUND('',#4133,.T.);
#4432=FACE_BOUND('',#4134,.T.);
#4433=FACE_BOUND('',#4135,.T.);
#4434=FACE_BOUND('',#4136,.T.);
#4435=FACE_BOUND('',#4137,.T.);
#4436=FACE_BOUND('',#4138,.T.);
#4437=FACE_BOUND('',#4139,.T.);
#4438=FACE_BOUND('',#4140,.T.);
#4439=FACE_BOUND('',#4141,.T.);
#4440=FACE_BOUND('',#4142,.T.);
#4441=FACE_BOUND('',#4143,.T.);
#4442=FACE_BOUND('',#4144,.T.);
#4443=FACE_BOUND('',#4145,.T.);
#4444=FACE_BOUND('',#4146,.T.);
#4445=FACE_BOUND('',#4147,.T.);
#4446=FACE_BOUND('',#4148,.T.);
#4447=FACE_BOUND('',#4149,.T.);
#4448=FACE_BOUND('',#4150,.T.);
#4449=FACE_BOUND('',#4151,.T.);
#4450=FACE_BOUND('',#4152,.T.);
#4451=FACE_BOUND('',#4153,.T.);
#4452=FACE_BOUND('',#4154,.T.);
#4453=FACE_BOUND('',#4155,.T.);
#4454=FACE_BOUND('',#4156,.T.);
#4455=FACE_BOUND('',#4157,.T.);
#4456=FACE_BOUND('',#4158,.T.);
#4457=FACE_BOUND('',#4159,.T.);
#4458=FACE_BOUND('',#4160,.T.);
#4459=FACE_BOUND('',#4161,.T.);
#4460=FACE_BOUND('',#4162,.T.);
#4461=FACE_BOUND('',#4163,.T.);
#4462=FACE_BOUND('',#4164,.T.);
#4463=FACE_BOUND('',#4165,.T.);
#4464=FACE_BOUND('',#4166,.T.);
#4465=FACE_BOUND('',#4167,.T.);
#4466=FACE_BOUND('',#4168,.T.);
#4467=FACE_BOUND('',#4169,.T.);
#4468=FACE_BOUND('',#4170,.T.);
#4469=FACE_BOUND('',#4171,.T.);
#4470=FACE_BOUND('',#4172,.T.);
#4471=FACE_BOUND('',#4173,.T.);
#4472=FACE_BOUND('',#4174,.T.);
#4473=FACE_BOUND('',#4175,.T.);
#4474=FACE_BOUND('',#4176,.T.);
#4475=FACE_BOUND('',#4177,.T.);
#4476=FACE_BOUND('',#4178,.T.);
#4477=FACE_BOUND('',#4179,.T.);
#4478=FACE_BOUND('',#4180,.T.);
#4479=FACE_BOUND('',#4181,.T.);
#4480=FACE_BOUND('',#4182,.T.);
#4481=FACE_BOUND('',#4183,.T.);
#4482=FACE_BOUND('',#4184,.T.);
#4483=FACE_BOUND('',#4185,.T.);
#4484=FACE_BOUND('',#4186,.T.);
#4485=FACE_BOUND('',#4187,.T.);
#4486=FACE_BOUND('',#4188,.T.);
#4487=FACE_BOUND('',#4189,.T.);
#4488=FACE_BOUND('',#4190,.T.);
#4489=FACE_BOUND('',#4191,.T.);
#4490=FACE_BOUND('',#4192,.T.);
#4491=FACE_BOUND('',#4193,.T.);
#4492=FACE_BOUND('',#4194,.T.);
#4493=FACE_BOUND('',#4195,.T.);
#4494=FACE_BOUND('',#4196,.T.);
#4495=FACE_BOUND('',#4197,.T.);
#4496=FACE_BOUND('',#4198,.T.);
#4497=FACE_BOUND('',#4199,.T.);
#4498=FACE_BOUND('',#4200,.T.);
#4499=FACE_BOUND('',#4201,.T.);
#4500=FACE_BOUND('',#4202,.T.);
#4501=FACE_BOUND('',#4203,.T.);
#4502=FACE_BOUND('',#4204,.T.);
#4503=FACE_BOUND('',#4205,.T.);
#4504=FACE_BOUND('',#4206,.T.);
#4505=FACE_BOUND('',#4207,.T.);
#4506=FACE_BOUND('',#4208,.T.);
#4507=FACE_BOUND('',#4209,.T.);
#4508=FACE_BOUND('',#4210,.T.);
#4509=FACE_BOUND('',#4211,.T.);
#4510=FACE_BOUND('',#4212,.T.);
#4511=FACE_BOUND('',#4213,.T.);
#4512=FACE_BOUND('',#4214,.T.);
#4513=FACE_BOUND('',#4215,.T.);
#4514=FACE_BOUND('',#4216,.T.);
#4515=FACE_BOUND('',#4217,.T.);
#4516=FACE_BOUND('',#4218,.T.);
#4517=FACE_BOUND('',#4219,.T.);
#4518=FACE_BOUND('',#4220,.T.);
#4519=FACE_BOUND('',#4221,.T.);
#4520=FACE_BOUND('',#4222,.T.);
#4521=FACE_BOUND('',#4223,.T.);
#4522=FACE_BOUND('',#4224,.T.);
#4523=FACE_BOUND('',#4225,.T.);
#4524=FACE_BOUND('',#4226,.T.);
#4525=FACE_BOUND('',#4227,.T.);
#4526=FACE_BOUND('',#4228,.T.);
#4527=FACE_BOUND('',#4229,.T.);
#4528=FACE_BOUND('',#4230,.T.);
#4529=FACE_BOUND('',#4231,.T.);
#4530=FACE_BOUND('',#4232,.T.);
#4531=FACE_BOUND('',#4233,.T.);
#4532=FACE_BOUND('',#4234,.T.);
#4533=FACE_BOUND('',#4235,.T.);
#4534=FACE_BOUND('',#4236,.T.);
#4535=FACE_BOUND('',#4237,.T.);
#4536=FACE_BOUND('',#4238,.T.);
#4537=FACE_BOUND('',#4239,.T.);
#4538=FACE_BOUND('',#4240,.T.);
#4539=FACE_BOUND('',#4241,.T.);
#4540=FACE_BOUND('',#4242,.T.);
#4541=FACE_BOUND('',#4243,.T.);
#4542=FACE_BOUND('',#4244,.T.);
#4543=FACE_BOUND('',#4245,.T.);
#4544=FACE_BOUND('',#4246,.T.);
#4545=FACE_BOUND('',#4247,.T.);
#4546=FACE_BOUND('',#4248,.T.);
#4547=FACE_BOUND('',#4249,.T.);
#4548=FACE_BOUND('',#4250,.T.);
#4549=CYLINDRICAL_SURFACE('',#5085,0.00415);
#4550=CYLINDRICAL_SURFACE('',#5089,0.0015);
#4551=CYLINDRICAL_SURFACE('',#5091,0.0015);
#4552=CYLINDRICAL_SURFACE('',#5093,0.0015);
#4553=CYLINDRICAL_SURFACE('',#5104,0.005);
#4554=CYLINDRICAL_SURFACE('',#5126,0.013);
#4555=CYLINDRICAL_SURFACE('',#5140,0.013);
#4556=CYLINDRICAL_SURFACE('',#5146,0.01275);
#4557=CYLINDRICAL_SURFACE('',#5391,0.0006096);
#4558=CYLINDRICAL_SURFACE('',#5633,0.0006604);
#4559=CYLINDRICAL_SURFACE('',#5634,0.0006604);
#4560=CYLINDRICAL_SURFACE('',#5635,0.000228599999999915);
#4561=CYLINDRICAL_SURFACE('',#5636,0.000228600000000025);
#4562=CYLINDRICAL_SURFACE('',#5637,0.0124841);
#4563=CYLINDRICAL_SURFACE('',#5638,0.0124841000000006);
#4564=CYLINDRICAL_SURFACE('',#5639,0.000228600000000025);
#4565=CYLINDRICAL_SURFACE('',#5640,0.0002286);
#4566=CYLINDRICAL_SURFACE('',#5641,0.0006604);
#4567=CYLINDRICAL_SURFACE('',#5642,0.0006604);
#4568=CYLINDRICAL_SURFACE('',#5643,0.000609599999999795);
#4569=CYLINDRICAL_SURFACE('',#5644,0.0006096);
#4570=CYLINDRICAL_SURFACE('',#5645,0.0006604);
#4571=CYLINDRICAL_SURFACE('',#5646,0.0006604);
#4572=CYLINDRICAL_SURFACE('',#5647,0.0002286);
#4573=CYLINDRICAL_SURFACE('',#5648,0.000228600000000026);
#4574=CYLINDRICAL_SURFACE('',#5649,0.0124840999999997);
#4575=CYLINDRICAL_SURFACE('',#5650,0.0124841);
#4576=CYLINDRICAL_SURFACE('',#5651,0.000228599999999877);
#4577=CYLINDRICAL_SURFACE('',#5652,0.0002286);
#4578=CYLINDRICAL_SURFACE('',#5653,0.000660399999999289);
#4579=CYLINDRICAL_SURFACE('',#5654,0.0006604);
#4580=CYLINDRICAL_SURFACE('',#5655,0.0006096);
#4581=CYLINDRICAL_SURFACE('',#5656,0.0006096);
#4582=CYLINDRICAL_SURFACE('',#5657,0.0006604);
#4583=CYLINDRICAL_SURFACE('',#5658,0.0006604);
#4584=CYLINDRICAL_SURFACE('',#5659,0.0002286);
#4585=CYLINDRICAL_SURFACE('',#5660,0.000228600000000025);
#4586=CYLINDRICAL_SURFACE('',#5661,0.0124841);
#4587=CYLINDRICAL_SURFACE('',#5662,0.0124841000000002);
#4588=CYLINDRICAL_SURFACE('',#5663,0.000228600000000025);
#4589=CYLINDRICAL_SURFACE('',#5664,0.0002286);
#4590=CYLINDRICAL_SURFACE('',#5665,0.0006604);
#4591=CYLINDRICAL_SURFACE('',#5666,0.0006604);
#4592=CYLINDRICAL_SURFACE('',#5667,0.0006096);
#4593=CYLINDRICAL_SURFACE('',#5668,0.0006096);
#4594=CYLINDRICAL_SURFACE('',#5669,0.0006604);
#4595=CYLINDRICAL_SURFACE('',#5670,0.0006604);
#4596=CYLINDRICAL_SURFACE('',#5671,0.0002286);
#4597=CYLINDRICAL_SURFACE('',#5672,0.000228600000000025);
#4598=CYLINDRICAL_SURFACE('',#5673,0.0124841);
#4599=CYLINDRICAL_SURFACE('',#5674,0.0124841000000015);
#4600=CYLINDRICAL_SURFACE('',#5675,0.000228600000000025);
#4601=CYLINDRICAL_SURFACE('',#5676,0.0002286);
#4602=CYLINDRICAL_SURFACE('',#5677,0.0006604);
#4603=CYLINDRICAL_SURFACE('',#5678,0.000660400000000718);
#4604=CYLINDRICAL_SURFACE('',#5679,0.0006096);
#4605=CYLINDRICAL_SURFACE('',#5680,0.0006096);
#4606=CYLINDRICAL_SURFACE('',#5681,0.0006604);
#4607=CYLINDRICAL_SURFACE('',#5682,0.000660400000001773);
#4608=CYLINDRICAL_SURFACE('',#5683,0.0002286);
#4609=CYLINDRICAL_SURFACE('',#5684,0.000228600000000025);
#4610=CYLINDRICAL_SURFACE('',#5685,0.0124841);
#4611=CYLINDRICAL_SURFACE('',#5686,0.0124840999999993);
#4612=CYLINDRICAL_SURFACE('',#5687,0.000228600000000025);
#4613=CYLINDRICAL_SURFACE('',#5688,0.0002286);
#4614=CYLINDRICAL_SURFACE('',#5689,0.0006604);
#4615=CYLINDRICAL_SURFACE('',#5690,0.0006604);
#4616=CYLINDRICAL_SURFACE('',#5691,0.0006096);
#4617=CYLINDRICAL_SURFACE('',#5692,0.000609600000000657);
#4618=CYLINDRICAL_SURFACE('',#5693,0.0006604);
#4619=CYLINDRICAL_SURFACE('',#5694,0.000660399999998925);
#4620=CYLINDRICAL_SURFACE('',#5695,0.0002286);
#4621=CYLINDRICAL_SURFACE('',#5696,0.000228599999999713);
#4622=CYLINDRICAL_SURFACE('',#5697,0.0124841);
#4623=CYLINDRICAL_SURFACE('',#5698,0.0124841);
#4624=CYLINDRICAL_SURFACE('',#5699,0.000228600000000025);
#4625=CYLINDRICAL_SURFACE('',#5700,0.00022859999999936);
#4626=CYLINDRICAL_SURFACE('',#5701,0.0006604);
#4627=CYLINDRICAL_SURFACE('',#5702,0.0006604);
#4628=CYLINDRICAL_SURFACE('',#5703,0.0006096);
#4629=CYLINDRICAL_SURFACE('',#5704,0.000609600000000701);
#4630=CYLINDRICAL_SURFACE('',#5705,0.0006604);
#4631=CYLINDRICAL_SURFACE('',#5706,0.0006604);
#4632=CYLINDRICAL_SURFACE('',#5707,0.0002286);
#4633=CYLINDRICAL_SURFACE('',#5708,0.000228600000000025);
#4634=CYLINDRICAL_SURFACE('',#5709,0.0124841);
#4635=CYLINDRICAL_SURFACE('',#5710,0.0124841);
#4636=CYLINDRICAL_SURFACE('',#5711,0.000228600000000025);
#4637=CYLINDRICAL_SURFACE('',#5712,0.0002286);
#4638=CYLINDRICAL_SURFACE('',#5713,0.0006604);
#4639=CYLINDRICAL_SURFACE('',#5714,0.0006604);
#4640=CYLINDRICAL_SURFACE('',#5715,0.0006096);
#4641=CYLINDRICAL_SURFACE('',#5716,0.0006096);
#4642=CYLINDRICAL_SURFACE('',#5717,0.0006604);
#4643=CYLINDRICAL_SURFACE('',#5718,0.0006604);
#4644=CYLINDRICAL_SURFACE('',#5719,0.0002286);
#4645=CYLINDRICAL_SURFACE('',#5720,0.000228600000000025);
#4646=CYLINDRICAL_SURFACE('',#5721,0.0124841);
#4647=CYLINDRICAL_SURFACE('',#5722,0.0124840999999996);
#4648=CYLINDRICAL_SURFACE('',#5723,0.000228600000000025);
#4649=CYLINDRICAL_SURFACE('',#5724,0.0002286);
#4650=CYLINDRICAL_SURFACE('',#5725,0.0006604);
#4651=CYLINDRICAL_SURFACE('',#5726,0.0006604);
#4652=CYLINDRICAL_SURFACE('',#5727,0.0006096);
#4653=CYLINDRICAL_SURFACE('',#5728,0.0006096);
#4654=CYLINDRICAL_SURFACE('',#5729,0.0006604);
#4655=CYLINDRICAL_SURFACE('',#5730,0.00066039999999936);
#4656=CYLINDRICAL_SURFACE('',#5731,0.0002286);
#4657=CYLINDRICAL_SURFACE('',#5732,0.000228599999999876);
#4658=CYLINDRICAL_SURFACE('',#5733,0.0124841);
#4659=CYLINDRICAL_SURFACE('',#5734,0.0124840999999997);
#4660=CYLINDRICAL_SURFACE('',#5735,0.000228600000000025);
#4661=CYLINDRICAL_SURFACE('',#5736,0.0002286);
#4662=CYLINDRICAL_SURFACE('',#5737,0.0006604);
#4663=CYLINDRICAL_SURFACE('',#5738,0.0006604);
#4664=CYLINDRICAL_SURFACE('',#5739,0.0006096);
#4665=CYLINDRICAL_SURFACE('',#5740,0.0006096);
#4666=CYLINDRICAL_SURFACE('',#5741,0.0006604);
#4667=CYLINDRICAL_SURFACE('',#5742,0.0006604);
#4668=CYLINDRICAL_SURFACE('',#5743,0.0002286);
#4669=CYLINDRICAL_SURFACE('',#5744,0.000228600000000025);
#4670=CYLINDRICAL_SURFACE('',#5745,0.0124841);
#4671=CYLINDRICAL_SURFACE('',#5746,0.0124841000000006);
#4672=CYLINDRICAL_SURFACE('',#5747,0.000228600000000025);
#4673=CYLINDRICAL_SURFACE('',#5748,0.0002286);
#4674=CYLINDRICAL_SURFACE('',#5749,0.0006604);
#4675=CYLINDRICAL_SURFACE('',#5750,0.0006604);
#4676=CYLINDRICAL_SURFACE('',#5751,0.0006096);
#4677=CYLINDRICAL_SURFACE('',#5752,0.0006096);
#4678=CYLINDRICAL_SURFACE('',#5753,0.0006604);
#4679=CYLINDRICAL_SURFACE('',#5754,0.0006604);
#4680=CYLINDRICAL_SURFACE('',#5755,0.0002286);
#4681=CYLINDRICAL_SURFACE('',#5756,0.000228600000000025);
#4682=CYLINDRICAL_SURFACE('',#5757,0.0124841000000006);
#4683=CYLINDRICAL_SURFACE('',#5758,0.0124840999999992);
#4684=CYLINDRICAL_SURFACE('',#5759,0.000228600000000836);
#4685=CYLINDRICAL_SURFACE('',#5760,0.0002286);
#4686=CYLINDRICAL_SURFACE('',#5761,0.000660400000000491);
#4687=CYLINDRICAL_SURFACE('',#5762,0.0006604);
#4688=CYLINDRICAL_SURFACE('',#5763,0.0006096);
#4689=CYLINDRICAL_SURFACE('',#5764,0.0006096);
#4690=CYLINDRICAL_SURFACE('',#5765,0.0006604);
#4691=CYLINDRICAL_SURFACE('',#5766,0.0006604);
#4692=CYLINDRICAL_SURFACE('',#5767,0.0002286);
#4693=CYLINDRICAL_SURFACE('',#5768,0.000228600000000025);
#4694=CYLINDRICAL_SURFACE('',#5769,0.0124841);
#4695=CYLINDRICAL_SURFACE('',#5770,0.0124841);
#4696=CYLINDRICAL_SURFACE('',#5771,0.000228600000000025);
#4697=CYLINDRICAL_SURFACE('',#5772,0.0002286);
#4698=CYLINDRICAL_SURFACE('',#5773,0.0006604);
#4699=CYLINDRICAL_SURFACE('',#5774,0.0006604);
#4700=CYLINDRICAL_SURFACE('',#5775,0.0006096);
#4701=CYLINDRICAL_SURFACE('',#5776,0.0006096);
#4702=CYLINDRICAL_SURFACE('',#5777,0.0006604);
#4703=CYLINDRICAL_SURFACE('',#5778,0.0006604);
#4704=CYLINDRICAL_SURFACE('',#5779,0.0002286);
#4705=CYLINDRICAL_SURFACE('',#5780,0.000228600000000026);
#4706=CYLINDRICAL_SURFACE('',#5781,0.0124840999999996);
#4707=CYLINDRICAL_SURFACE('',#5782,0.0124841000000002);
#4708=CYLINDRICAL_SURFACE('',#5783,0.000228600000000025);
#4709=CYLINDRICAL_SURFACE('',#5784,0.0002286);
#4710=CYLINDRICAL_SURFACE('',#5785,0.000660400000002195);
#4711=CYLINDRICAL_SURFACE('',#5786,0.0006604);
#4712=CYLINDRICAL_SURFACE('',#5787,0.0006096);
#4713=CYLINDRICAL_SURFACE('',#5788,0.0006096);
#4714=CYLINDRICAL_SURFACE('',#5789,0.0006604);
#4715=CYLINDRICAL_SURFACE('',#5790,0.0006604);
#4716=CYLINDRICAL_SURFACE('',#5791,0.0002286);
#4717=CYLINDRICAL_SURFACE('',#5792,0.000228600000000025);
#4718=CYLINDRICAL_SURFACE('',#5793,0.0124841);
#4719=CYLINDRICAL_SURFACE('',#5794,0.0124840999999994);
#4720=CYLINDRICAL_SURFACE('',#5795,0.000228600000000025);
#4721=CYLINDRICAL_SURFACE('',#5796,0.0002286);
#4722=CYLINDRICAL_SURFACE('',#5797,0.0006604);
#4723=CYLINDRICAL_SURFACE('',#5798,0.0006604);
#4724=CYLINDRICAL_SURFACE('',#5799,0.0006096);
#4725=CYLINDRICAL_SURFACE('',#5800,0.0006096);
#4726=CYLINDRICAL_SURFACE('',#5801,0.0006604);
#4727=CYLINDRICAL_SURFACE('',#5802,0.0006604);
#4728=CYLINDRICAL_SURFACE('',#5803,0.0002286);
#4729=CYLINDRICAL_SURFACE('',#5804,0.000228600000000025);
#4730=CYLINDRICAL_SURFACE('',#5805,0.0124840999999996);
#4731=CYLINDRICAL_SURFACE('',#5806,0.0124840999999993);
#4732=CYLINDRICAL_SURFACE('',#5807,0.000228600000000025);
#4733=CYLINDRICAL_SURFACE('',#5808,0.0002286);
#4734=CYLINDRICAL_SURFACE('',#5809,0.0006604);
#4735=CYLINDRICAL_SURFACE('',#5810,0.0006604);
#4736=CYLINDRICAL_SURFACE('',#5811,0.0006096);
#4737=CYLINDRICAL_SURFACE('',#5812,0.0006096);
#4738=CYLINDRICAL_SURFACE('',#5813,0.0006604);
#4739=CYLINDRICAL_SURFACE('',#5814,0.0006604);
#4740=CYLINDRICAL_SURFACE('',#5815,0.0002286);
#4741=CYLINDRICAL_SURFACE('',#5816,0.000228600000000025);
#4742=CYLINDRICAL_SURFACE('',#5817,0.0124841);
#4743=CYLINDRICAL_SURFACE('',#5818,0.0124840999999996);
#4744=CYLINDRICAL_SURFACE('',#5819,0.000228600000000025);
#4745=CYLINDRICAL_SURFACE('',#5820,0.0002286);
#4746=CYLINDRICAL_SURFACE('',#5821,0.000660400000001772);
#4747=CYLINDRICAL_SURFACE('',#5822,0.0006604);
#4748=CYLINDRICAL_SURFACE('',#5823,0.0006096);
#4749=CYLINDRICAL_SURFACE('',#5824,0.0006096);
#4750=CYLINDRICAL_SURFACE('',#5825,0.0006604);
#4751=CYLINDRICAL_SURFACE('',#5826,0.0006604);
#4752=CYLINDRICAL_SURFACE('',#5827,0.0002286);
#4753=CYLINDRICAL_SURFACE('',#5828,0.000228600000000025);
#4754=CYLINDRICAL_SURFACE('',#5829,0.0124841000000015);
#4755=CYLINDRICAL_SURFACE('',#5830,0.0124841);
#4756=CYLINDRICAL_SURFACE('',#5831,0.000228600000000026);
#4757=CYLINDRICAL_SURFACE('',#5832,0.0002286);
#4758=CYLINDRICAL_SURFACE('',#5833,0.0006604);
#4759=CYLINDRICAL_SURFACE('',#5834,0.0006604);
#4760=CYLINDRICAL_SURFACE('',#5835,0.0006096);
#4761=CYLINDRICAL_SURFACE('',#5836,0.0006096);
#4762=CYLINDRICAL_SURFACE('',#5837,0.0006604);
#4763=CYLINDRICAL_SURFACE('',#5838,0.0006604);
#4764=CYLINDRICAL_SURFACE('',#5839,0.0002286);
#4765=CYLINDRICAL_SURFACE('',#5840,0.000228600000000025);
#4766=CYLINDRICAL_SURFACE('',#5841,0.0124841);
#4767=CYLINDRICAL_SURFACE('',#5842,0.0124840999999996);
#4768=CYLINDRICAL_SURFACE('',#5843,0.000228600000000026);
#4769=CYLINDRICAL_SURFACE('',#5844,0.0002286);
#4770=CYLINDRICAL_SURFACE('',#5845,0.0006604);
#4771=CYLINDRICAL_SURFACE('',#5846,0.0006604);
#4772=CYLINDRICAL_SURFACE('',#5847,0.0006096);
#4773=CYLINDRICAL_SURFACE('',#5848,0.0006096);
#4774=CYLINDRICAL_SURFACE('',#5849,0.0006604);
#4775=CYLINDRICAL_SURFACE('',#5850,0.0006604);
#4776=CYLINDRICAL_SURFACE('',#5851,0.0002286);
#4777=CYLINDRICAL_SURFACE('',#5852,0.000228600000000025);
#4778=CYLINDRICAL_SURFACE('',#5853,0.0124841);
#4779=CYLINDRICAL_SURFACE('',#5854,0.0124841);
#4780=CYLINDRICAL_SURFACE('',#5855,0.000228600000000025);
#4781=CYLINDRICAL_SURFACE('',#5856,0.0002286);
#4782=CYLINDRICAL_SURFACE('',#5857,0.0006604);
#4783=CYLINDRICAL_SURFACE('',#5858,0.0006604);
#4784=CYLINDRICAL_SURFACE('',#5859,0.0006096);
#4785=CYLINDRICAL_SURFACE('',#5860,0.0006096);
#4786=CYLINDRICAL_SURFACE('',#5861,0.0006604);
#4787=CYLINDRICAL_SURFACE('',#5862,0.0006604);
#4788=CYLINDRICAL_SURFACE('',#5863,0.0002286);
#4789=CYLINDRICAL_SURFACE('',#5864,0.000228600000000025);
#4790=CYLINDRICAL_SURFACE('',#5865,0.0124841);
#4791=CYLINDRICAL_SURFACE('',#5866,0.0124841000000006);
#4792=CYLINDRICAL_SURFACE('',#5867,0.000228600000000025);
#4793=CYLINDRICAL_SURFACE('',#5868,0.0002286);
#4794=CYLINDRICAL_SURFACE('',#5869,0.0006604);
#4795=CYLINDRICAL_SURFACE('',#5870,0.0006604);
#4796=CYLINDRICAL_SURFACE('',#5871,0.0006096);
#4797=ADVANCED_FACE('',(#4251,#4252,#4253,#4254,#4255),#4549,.F.);
#4798=ADVANCED_FACE('',(#4256,#4257),#564,.F.);
#4799=ADVANCED_FACE('',(#4258,#4259),#4550,.F.);
#4800=ADVANCED_FACE('',(#4260,#4261),#4551,.F.);
#4801=ADVANCED_FACE('',(#4262,#4263),#4552,.F.);
#4802=ADVANCED_FACE('',(#4264,#4265),#565,.T.);
#4803=ADVANCED_FACE('',(#4266,#4267),#35,.T.);
#4804=ADVANCED_FACE('',(#4268,#4269),#566,.T.);
#4805=ADVANCED_FACE('',(#4270,#4271),#567,.T.);
#4806=ADVANCED_FACE('',(#4272,#4273),#568,.T.);
#4807=ADVANCED_FACE('',(#4274),#569,.T.);
#4808=ADVANCED_FACE('',(#4275),#570,.T.);
#4809=ADVANCED_FACE('',(#4276),#571,.T.);
#4810=ADVANCED_FACE('',(#4277,#4278),#4553,.T.);
#4811=ADVANCED_FACE('',(#4279),#572,.T.);
#4812=ADVANCED_FACE('',(#4280),#573,.T.);
#4813=ADVANCED_FACE('',(#4281),#574,.T.);
#4814=ADVANCED_FACE('',(#4282),#575,.T.);
#4815=ADVANCED_FACE('',(#4283),#576,.T.);
#4816=ADVANCED_FACE('',(#4284),#577,.T.);
#4817=ADVANCED_FACE('',(#4285,#4286),#578,.F.);
#4818=ADVANCED_FACE('',(#4287,#4288),#4554,.T.);
#4819=ADVANCED_FACE('',(#4289),#579,.F.);
#4820=ADVANCED_FACE('',(#4290),#580,.F.);
#4821=ADVANCED_FACE('',(#4291),#581,.F.);
#4822=ADVANCED_FACE('',(#4292),#582,.F.);
#4823=ADVANCED_FACE('',(#4293),#583,.F.);
#4824=ADVANCED_FACE('',(#4294),#584,.F.);
#4825=ADVANCED_FACE('',(#4295,#4296),#4555,.T.);
#4826=ADVANCED_FACE('',(#4297,#4298),#20,.T.);
#4827=ADVANCED_FACE('',(#4299,#4300),#21,.T.);
#4828=ADVANCED_FACE('',(#4301,#4302),#4556,.T.);
#4829=ADVANCED_FACE('',(#4303,#4304),#585,.T.);
#4830=ADVANCED_FACE('',(#4305,#4306),#22,.T.);
#4831=ADVANCED_FACE('',(#4307),#4557,.F.);
#4832=ADVANCED_FACE('',(#4308,#4309),#586,.F.);
#4833=ADVANCED_FACE('',(#4310),#4558,.T.);
#4834=ADVANCED_FACE('',(#4311),#4559,.T.);
#4835=ADVANCED_FACE('',(#4312),#4560,.T.);
#4836=ADVANCED_FACE('',(#4313),#4561,.T.);
#4837=ADVANCED_FACE('',(#4314),#4562,.T.);
#4838=ADVANCED_FACE('',(#4315),#4563,.T.);
#4839=ADVANCED_FACE('',(#4316),#4564,.T.);
#4840=ADVANCED_FACE('',(#4317),#4565,.T.);
#4841=ADVANCED_FACE('',(#4318),#4566,.T.);
#4842=ADVANCED_FACE('',(#4319),#4567,.T.);
#4843=ADVANCED_FACE('',(#4320),#4568,.F.);
#4844=ADVANCED_FACE('',(#4321),#4569,.F.);
#4845=ADVANCED_FACE('',(#4322),#4570,.T.);
#4846=ADVANCED_FACE('',(#4323),#4571,.T.);
#4847=ADVANCED_FACE('',(#4324),#4572,.T.);
#4848=ADVANCED_FACE('',(#4325),#4573,.T.);
#4849=ADVANCED_FACE('',(#4326),#4574,.T.);
#4850=ADVANCED_FACE('',(#4327),#4575,.T.);
#4851=ADVANCED_FACE('',(#4328),#4576,.T.);
#4852=ADVANCED_FACE('',(#4329),#4577,.T.);
#4853=ADVANCED_FACE('',(#4330),#4578,.T.);
#4854=ADVANCED_FACE('',(#4331),#4579,.T.);
#4855=ADVANCED_FACE('',(#4332),#4580,.F.);
#4856=ADVANCED_FACE('',(#4333),#4581,.F.);
#4857=ADVANCED_FACE('',(#4334),#4582,.T.);
#4858=ADVANCED_FACE('',(#4335),#4583,.T.);
#4859=ADVANCED_FACE('',(#4336),#4584,.T.);
#4860=ADVANCED_FACE('',(#4337),#4585,.T.);
#4861=ADVANCED_FACE('',(#4338),#4586,.T.);
#4862=ADVANCED_FACE('',(#4339),#4587,.T.);
#4863=ADVANCED_FACE('',(#4340),#4588,.T.);
#4864=ADVANCED_FACE('',(#4341),#4589,.T.);
#4865=ADVANCED_FACE('',(#4342),#4590,.T.);
#4866=ADVANCED_FACE('',(#4343),#4591,.T.);
#4867=ADVANCED_FACE('',(#4344),#4592,.F.);
#4868=ADVANCED_FACE('',(#4345),#4593,.F.);
#4869=ADVANCED_FACE('',(#4346),#4594,.T.);
#4870=ADVANCED_FACE('',(#4347),#4595,.T.);
#4871=ADVANCED_FACE('',(#4348),#4596,.T.);
#4872=ADVANCED_FACE('',(#4349),#4597,.T.);
#4873=ADVANCED_FACE('',(#4350),#4598,.T.);
#4874=ADVANCED_FACE('',(#4351),#4599,.T.);
#4875=ADVANCED_FACE('',(#4352),#4600,.T.);
#4876=ADVANCED_FACE('',(#4353),#4601,.T.);
#4877=ADVANCED_FACE('',(#4354),#4602,.T.);
#4878=ADVANCED_FACE('',(#4355),#4603,.T.);
#4879=ADVANCED_FACE('',(#4356),#4604,.F.);
#4880=ADVANCED_FACE('',(#4357),#4605,.F.);
#4881=ADVANCED_FACE('',(#4358),#4606,.T.);
#4882=ADVANCED_FACE('',(#4359),#4607,.T.);
#4883=ADVANCED_FACE('',(#4360),#4608,.T.);
#4884=ADVANCED_FACE('',(#4361),#4609,.T.);
#4885=ADVANCED_FACE('',(#4362),#4610,.T.);
#4886=ADVANCED_FACE('',(#4363),#4611,.T.);
#4887=ADVANCED_FACE('',(#4364),#4612,.T.);
#4888=ADVANCED_FACE('',(#4365),#4613,.T.);
#4889=ADVANCED_FACE('',(#4366),#4614,.T.);
#4890=ADVANCED_FACE('',(#4367),#4615,.T.);
#4891=ADVANCED_FACE('',(#4368),#4616,.F.);
#4892=ADVANCED_FACE('',(#4369),#4617,.F.);
#4893=ADVANCED_FACE('',(#4370),#4618,.T.);
#4894=ADVANCED_FACE('',(#4371),#4619,.T.);
#4895=ADVANCED_FACE('',(#4372),#4620,.T.);
#4896=ADVANCED_FACE('',(#4373),#4621,.T.);
#4897=ADVANCED_FACE('',(#4374),#4622,.T.);
#4898=ADVANCED_FACE('',(#4375),#4623,.T.);
#4899=ADVANCED_FACE('',(#4376),#4624,.T.);
#4900=ADVANCED_FACE('',(#4377),#4625,.T.);
#4901=ADVANCED_FACE('',(#4378),#4626,.T.);
#4902=ADVANCED_FACE('',(#4379),#4627,.T.);
#4903=ADVANCED_FACE('',(#4380),#4628,.F.);
#4904=ADVANCED_FACE('',(#4381),#4629,.F.);
#4905=ADVANCED_FACE('',(#4382),#4630,.T.);
#4906=ADVANCED_FACE('',(#4383),#4631,.T.);
#4907=ADVANCED_FACE('',(#4384),#4632,.T.);
#4908=ADVANCED_FACE('',(#4385),#4633,.T.);
#4909=ADVANCED_FACE('',(#4386),#4634,.T.);
#4910=ADVANCED_FACE('',(#4387),#4635,.T.);
#4911=ADVANCED_FACE('',(#4388),#4636,.T.);
#4912=ADVANCED_FACE('',(#4389),#4637,.T.);
#4913=ADVANCED_FACE('',(#4390),#4638,.T.);
#4914=ADVANCED_FACE('',(#4391),#4639,.T.);
#4915=ADVANCED_FACE('',(#4392),#4640,.F.);
#4916=ADVANCED_FACE('',(#4393),#4641,.F.);
#4917=ADVANCED_FACE('',(#4394),#4642,.T.);
#4918=ADVANCED_FACE('',(#4395),#4643,.T.);
#4919=ADVANCED_FACE('',(#4396),#4644,.T.);
#4920=ADVANCED_FACE('',(#4397),#4645,.T.);
#4921=ADVANCED_FACE('',(#4398),#4646,.T.);
#4922=ADVANCED_FACE('',(#4399),#4647,.T.);
#4923=ADVANCED_FACE('',(#4400),#4648,.T.);
#4924=ADVANCED_FACE('',(#4401),#4649,.T.);
#4925=ADVANCED_FACE('',(#4402),#4650,.T.);
#4926=ADVANCED_FACE('',(#4403),#4651,.T.);
#4927=ADVANCED_FACE('',(#4404),#4652,.F.);
#4928=ADVANCED_FACE('',(#4405),#4653,.F.);
#4929=ADVANCED_FACE('',(#4406),#4654,.T.);
#4930=ADVANCED_FACE('',(#4407),#4655,.T.);
#4931=ADVANCED_FACE('',(#4408),#4656,.T.);
#4932=ADVANCED_FACE('',(#4409),#4657,.T.);
#4933=ADVANCED_FACE('',(#4410),#4658,.T.);
#4934=ADVANCED_FACE('',(#4411),#4659,.T.);
#4935=ADVANCED_FACE('',(#4412),#4660,.T.);
#4936=ADVANCED_FACE('',(#4413),#4661,.T.);
#4937=ADVANCED_FACE('',(#4414),#4662,.T.);
#4938=ADVANCED_FACE('',(#4415),#4663,.T.);
#4939=ADVANCED_FACE('',(#4416),#4664,.F.);
#4940=ADVANCED_FACE('',(#4417),#4665,.F.);
#4941=ADVANCED_FACE('',(#4418),#4666,.T.);
#4942=ADVANCED_FACE('',(#4419),#4667,.T.);
#4943=ADVANCED_FACE('',(#4420),#4668,.T.);
#4944=ADVANCED_FACE('',(#4421),#4669,.T.);
#4945=ADVANCED_FACE('',(#4422),#4670,.T.);
#4946=ADVANCED_FACE('',(#4423),#4671,.T.);
#4947=ADVANCED_FACE('',(#4424),#4672,.T.);
#4948=ADVANCED_FACE('',(#4425),#4673,.T.);
#4949=ADVANCED_FACE('',(#4426),#4674,.T.);
#4950=ADVANCED_FACE('',(#4427),#4675,.T.);
#4951=ADVANCED_FACE('',(#4428),#4676,.F.);
#4952=ADVANCED_FACE('',(#4429),#4677,.F.);
#4953=ADVANCED_FACE('',(#4430),#4678,.T.);
#4954=ADVANCED_FACE('',(#4431),#4679,.T.);
#4955=ADVANCED_FACE('',(#4432),#4680,.T.);
#4956=ADVANCED_FACE('',(#4433),#4681,.T.);
#4957=ADVANCED_FACE('',(#4434),#4682,.T.);
#4958=ADVANCED_FACE('',(#4435),#4683,.T.);
#4959=ADVANCED_FACE('',(#4436),#4684,.T.);
#4960=ADVANCED_FACE('',(#4437),#4685,.T.);
#4961=ADVANCED_FACE('',(#4438),#4686,.T.);
#4962=ADVANCED_FACE('',(#4439),#4687,.T.);
#4963=ADVANCED_FACE('',(#4440),#4688,.F.);
#4964=ADVANCED_FACE('',(#4441),#4689,.F.);
#4965=ADVANCED_FACE('',(#4442),#4690,.T.);
#4966=ADVANCED_FACE('',(#4443),#4691,.T.);
#4967=ADVANCED_FACE('',(#4444),#4692,.T.);
#4968=ADVANCED_FACE('',(#4445),#4693,.T.);
#4969=ADVANCED_FACE('',(#4446),#4694,.T.);
#4970=ADVANCED_FACE('',(#4447),#4695,.T.);
#4971=ADVANCED_FACE('',(#4448),#4696,.T.);
#4972=ADVANCED_FACE('',(#4449),#4697,.T.);
#4973=ADVANCED_FACE('',(#4450),#4698,.T.);
#4974=ADVANCED_FACE('',(#4451),#4699,.T.);
#4975=ADVANCED_FACE('',(#4452),#4700,.F.);
#4976=ADVANCED_FACE('',(#4453),#4701,.F.);
#4977=ADVANCED_FACE('',(#4454),#4702,.T.);
#4978=ADVANCED_FACE('',(#4455),#4703,.T.);
#4979=ADVANCED_FACE('',(#4456),#4704,.T.);
#4980=ADVANCED_FACE('',(#4457),#4705,.T.);
#4981=ADVANCED_FACE('',(#4458),#4706,.T.);
#4982=ADVANCED_FACE('',(#4459),#4707,.T.);
#4983=ADVANCED_FACE('',(#4460),#4708,.T.);
#4984=ADVANCED_FACE('',(#4461),#4709,.T.);
#4985=ADVANCED_FACE('',(#4462),#4710,.T.);
#4986=ADVANCED_FACE('',(#4463),#4711,.T.);
#4987=ADVANCED_FACE('',(#4464),#4712,.F.);
#4988=ADVANCED_FACE('',(#4465),#4713,.F.);
#4989=ADVANCED_FACE('',(#4466),#4714,.T.);
#4990=ADVANCED_FACE('',(#4467),#4715,.T.);
#4991=ADVANCED_FACE('',(#4468),#4716,.T.);
#4992=ADVANCED_FACE('',(#4469),#4717,.T.);
#4993=ADVANCED_FACE('',(#4470),#4718,.T.);
#4994=ADVANCED_FACE('',(#4471),#4719,.T.);
#4995=ADVANCED_FACE('',(#4472),#4720,.T.);
#4996=ADVANCED_FACE('',(#4473),#4721,.T.);
#4997=ADVANCED_FACE('',(#4474),#4722,.T.);
#4998=ADVANCED_FACE('',(#4475),#4723,.T.);
#4999=ADVANCED_FACE('',(#4476),#4724,.F.);
#5000=ADVANCED_FACE('',(#4477),#4725,.F.);
#5001=ADVANCED_FACE('',(#4478),#4726,.T.);
#5002=ADVANCED_FACE('',(#4479),#4727,.T.);
#5003=ADVANCED_FACE('',(#4480),#4728,.T.);
#5004=ADVANCED_FACE('',(#4481),#4729,.T.);
#5005=ADVANCED_FACE('',(#4482),#4730,.T.);
#5006=ADVANCED_FACE('',(#4483),#4731,.T.);
#5007=ADVANCED_FACE('',(#4484),#4732,.T.);
#5008=ADVANCED_FACE('',(#4485),#4733,.T.);
#5009=ADVANCED_FACE('',(#4486),#4734,.T.);
#5010=ADVANCED_FACE('',(#4487),#4735,.T.);
#5011=ADVANCED_FACE('',(#4488),#4736,.F.);
#5012=ADVANCED_FACE('',(#4489),#4737,.F.);
#5013=ADVANCED_FACE('',(#4490),#4738,.T.);
#5014=ADVANCED_FACE('',(#4491),#4739,.T.);
#5015=ADVANCED_FACE('',(#4492),#4740,.T.);
#5016=ADVANCED_FACE('',(#4493),#4741,.T.);
#5017=ADVANCED_FACE('',(#4494),#4742,.T.);
#5018=ADVANCED_FACE('',(#4495),#4743,.T.);
#5019=ADVANCED_FACE('',(#4496),#4744,.T.);
#5020=ADVANCED_FACE('',(#4497),#4745,.T.);
#5021=ADVANCED_FACE('',(#4498),#4746,.T.);
#5022=ADVANCED_FACE('',(#4499),#4747,.T.);
#5023=ADVANCED_FACE('',(#4500),#4748,.F.);
#5024=ADVANCED_FACE('',(#4501),#4749,.F.);
#5025=ADVANCED_FACE('',(#4502),#4750,.T.);
#5026=ADVANCED_FACE('',(#4503),#4751,.T.);
#5027=ADVANCED_FACE('',(#4504),#4752,.T.);
#5028=ADVANCED_FACE('',(#4505),#4753,.T.);
#5029=ADVANCED_FACE('',(#4506),#4754,.T.);
#5030=ADVANCED_FACE('',(#4507),#4755,.T.);
#5031=ADVANCED_FACE('',(#4508),#4756,.T.);
#5032=ADVANCED_FACE('',(#4509),#4757,.T.);
#5033=ADVANCED_FACE('',(#4510),#4758,.T.);
#5034=ADVANCED_FACE('',(#4511),#4759,.T.);
#5035=ADVANCED_FACE('',(#4512),#4760,.F.);
#5036=ADVANCED_FACE('',(#4513),#4761,.F.);
#5037=ADVANCED_FACE('',(#4514),#4762,.T.);
#5038=ADVANCED_FACE('',(#4515),#4763,.T.);
#5039=ADVANCED_FACE('',(#4516),#4764,.T.);
#5040=ADVANCED_FACE('',(#4517),#4765,.T.);
#5041=ADVANCED_FACE('',(#4518),#4766,.T.);
#5042=ADVANCED_FACE('',(#4519),#4767,.T.);
#5043=ADVANCED_FACE('',(#4520),#4768,.T.);
#5044=ADVANCED_FACE('',(#4521),#4769,.T.);
#5045=ADVANCED_FACE('',(#4522),#4770,.T.);
#5046=ADVANCED_FACE('',(#4523),#4771,.T.);
#5047=ADVANCED_FACE('',(#4524),#4772,.F.);
#5048=ADVANCED_FACE('',(#4525),#4773,.F.);
#5049=ADVANCED_FACE('',(#4526),#4774,.T.);
#5050=ADVANCED_FACE('',(#4527),#4775,.T.);
#5051=ADVANCED_FACE('',(#4528),#4776,.T.);
#5052=ADVANCED_FACE('',(#4529),#4777,.T.);
#5053=ADVANCED_FACE('',(#4530),#4778,.T.);
#5054=ADVANCED_FACE('',(#4531),#4779,.T.);
#5055=ADVANCED_FACE('',(#4532),#4780,.T.);
#5056=ADVANCED_FACE('',(#4533),#4781,.T.);
#5057=ADVANCED_FACE('',(#4534),#4782,.T.);
#5058=ADVANCED_FACE('',(#4535),#4783,.T.);
#5059=ADVANCED_FACE('',(#4536),#4784,.F.);
#5060=ADVANCED_FACE('',(#4537),#4785,.F.);
#5061=ADVANCED_FACE('',(#4538),#4786,.T.);
#5062=ADVANCED_FACE('',(#4539),#4787,.T.);
#5063=ADVANCED_FACE('',(#4540),#4788,.T.);
#5064=ADVANCED_FACE('',(#4541),#4789,.T.);
#5065=ADVANCED_FACE('',(#4542),#4790,.T.);
#5066=ADVANCED_FACE('',(#4543),#4791,.T.);
#5067=ADVANCED_FACE('',(#4544),#4792,.T.);
#5068=ADVANCED_FACE('',(#4545),#4793,.T.);
#5069=ADVANCED_FACE('',(#4546),#4794,.T.);
#5070=ADVANCED_FACE('',(#4547),#4795,.T.);
#5071=ADVANCED_FACE('',(#4548),#4796,.F.);
#5072=CLOSED_SHELL('',(#4797,#4798,#4799,#4800,#4801,#4802,#4803,#4804,
#4805,#4806,#4807,#4808,#4809,#4810,#4811,#4812,#4813,#4814,#4815,#4816,
#4817,#4818,#4819,#4820,#4821,#4822,#4823,#4824,#4825,#4826,#4827,#4828,
#4829,#4830,#4831,#4832,#4833,#4834,#4835,#4836,#4837,#4838,#4839,#4840,
#4841,#4842,#4843,#4844,#4845,#4846,#4847,#4848,#4849,#4850,#4851,#4852,
#4853,#4854,#4855,#4856,#4857,#4858,#4859,#4860,#4861,#4862,#4863,#4864,
#4865,#4866,#4867,#4868,#4869,#4870,#4871,#4872,#4873,#4874,#4875,#4876,
#4877,#4878,#4879,#4880,#4881,#4882,#4883,#4884,#4885,#4886,#4887,#4888,
#4889,#4890,#4891,#4892,#4893,#4894,#4895,#4896,#4897,#4898,#4899,#4900,
#4901,#4902,#4903,#4904,#4905,#4906,#4907,#4908,#4909,#4910,#4911,#4912,
#4913,#4914,#4915,#4916,#4917,#4918,#4919,#4920,#4921,#4922,#4923,#4924,
#4925,#4926,#4927,#4928,#4929,#4930,#4931,#4932,#4933,#4934,#4935,#4936,
#4937,#4938,#4939,#4940,#4941,#4942,#4943,#4944,#4945,#4946,#4947,#4948,
#4949,#4950,#4951,#4952,#4953,#4954,#4955,#4956,#4957,#4958,#4959,#4960,
#4961,#4962,#4963,#4964,#4965,#4966,#4967,#4968,#4969,#4970,#4971,#4972,
#4973,#4974,#4975,#4976,#4977,#4978,#4979,#4980,#4981,#4982,#4983,#4984,
#4985,#4986,#4987,#4988,#4989,#4990,#4991,#4992,#4993,#4994,#4995,#4996,
#4997,#4998,#4999,#5000,#5001,#5002,#5003,#5004,#5005,#5006,#5007,#5008,
#5009,#5010,#5011,#5012,#5013,#5014,#5015,#5016,#5017,#5018,#5019,#5020,
#5021,#5022,#5023,#5024,#5025,#5026,#5027,#5028,#5029,#5030,#5031,#5032,
#5033,#5034,#5035,#5036,#5037,#5038,#5039,#5040,#5041,#5042,#5043,#5044,
#5045,#5046,#5047,#5048,#5049,#5050,#5051,#5052,#5053,#5054,#5055,#5056,
#5057,#5058,#5059,#5060,#5061,#5062,#5063,#5064,#5065,#5066,#5067,#5068,
#5069,#5070,#5071));
#5073=STYLED_ITEM('',(#5074),#5081);
#5074=PRESENTATION_STYLE_ASSIGNMENT((#5075));
#5075=SURFACE_STYLE_USAGE(.BOTH.,#5076);
#5076=SURFACE_SIDE_STYLE('',(#5077));
#5077=SURFACE_STYLE_FILL_AREA(#5078);
#5078=FILL_AREA_STYLE('',(#5079));
#5079=FILL_AREA_STYLE_COLOUR('',#5080);
#5080=COLOUR_RGB('',0.745098039215686,0.745098039215686,0.745098039215686);
#5081=MANIFOLD_SOLID_BREP('KP0072-01_8mmShaftEndPullyBelt',#5072);
#5082=SHAPE_DEFINITION_REPRESENTATION(#9360,#5083);
#5083=SHAPE_REPRESENTATION('KP0072-01_8mmShaftEndPullyBelt',(#5084),#9355);
#5084=AXIS2_PLACEMENT_3D('',#7712,#5872,#5873);
#5085=AXIS2_PLACEMENT_3D('',#7713,#5874,#5875);
#5086=AXIS2_PLACEMENT_3D('',#7714,#5876,#5877);
#5087=AXIS2_PLACEMENT_3D('',#7752,#5878,#5879);
#5088=AXIS2_PLACEMENT_3D('',#7754,#5880,#5881);
#5089=AXIS2_PLACEMENT_3D('',#7791,#5882,#5883);
#5090=AXIS2_PLACEMENT_3D('',#7792,#5884,#5885);
#5091=AXIS2_PLACEMENT_3D('',#7794,#5886,#5887);
#5092=AXIS2_PLACEMENT_3D('',#7795,#5888,#5889);
#5093=AXIS2_PLACEMENT_3D('',#7797,#5890,#5891);
#5094=AXIS2_PLACEMENT_3D('',#7798,#5892,#5893);
#5095=AXIS2_PLACEMENT_3D('',#7800,#5894,#5895);
#5096=AXIS2_PLACEMENT_3D('',#7813,#5902,#5903);
#5097=AXIS2_PLACEMENT_3D('',#7814,#5904,#5905);
#5098=AXIS2_PLACEMENT_3D('',#7816,#5906,#5907);
#5099=AXIS2_PLACEMENT_3D('',#7822,#5911,#5912);
#5100=AXIS2_PLACEMENT_3D('',#7828,#5916,#5917);
#5101=AXIS2_PLACEMENT_3D('',#7834,#5921,#5922);
#5102=AXIS2_PLACEMENT_3D('',#7836,#5924,#5925);
#5103=AXIS2_PLACEMENT_3D('',#7838,#5927,#5928);
#5104=AXIS2_PLACEMENT_3D('',#7840,#5930,#5931);
#5105=AXIS2_PLACEMENT_3D('',#7841,#5932,#5933);
#5106=AXIS2_PLACEMENT_3D('',#7843,#5934,#5935);
#5107=AXIS2_PLACEMENT_3D('',#7844,#5936,#5937);
#5108=AXIS2_PLACEMENT_3D('',#7846,#5938,#5939);
#5109=AXIS2_PLACEMENT_3D('',#7849,#5941,#5942);
#5110=AXIS2_PLACEMENT_3D('',#7850,#5943,#5944);
#5111=AXIS2_PLACEMENT_3D('',#7852,#5945,#5946);
#5112=AXIS2_PLACEMENT_3D('',#7855,#5948,#5949);
#5113=AXIS2_PLACEMENT_3D('',#7856,#5950,#5951);
#5114=AXIS2_PLACEMENT_3D('',#7858,#5952,#5953);
#5115=AXIS2_PLACEMENT_3D('',#7861,#5955,#5956);
#5116=AXIS2_PLACEMENT_3D('',#7862,#5957,#5958);
#5117=AXIS2_PLACEMENT_3D('',#7864,#5959,#5960);
#5118=AXIS2_PLACEMENT_3D('',#7867,#5962,#5963);
#5119=AXIS2_PLACEMENT_3D('',#7868,#5964,#5965);
#5120=AXIS2_PLACEMENT_3D('',#7872,#5967,#5968);
#5121=AXIS2_PLACEMENT_3D('',#7873,#5969,#5970);
#5122=AXIS2_PLACEMENT_3D('',#7874,#5971,#5972);
#5123=AXIS2_PLACEMENT_3D('',#7876,#5973,#5974);
#5124=AXIS2_PLACEMENT_3D('',#7879,#5976,#5977);
#5125=AXIS2_PLACEMENT_3D('',#7880,#5978,#5979);
#5126=AXIS2_PLACEMENT_3D('',#7882,#5980,#5981);
#5127=AXIS2_PLACEMENT_3D('',#7883,#5982,#5983);
#5128=AXIS2_PLACEMENT_3D('',#7885,#5984,#5985);
#5129=AXIS2_PLACEMENT_3D('',#7886,#5986,#5987);
#5130=AXIS2_PLACEMENT_3D('',#7887,#5988,#5989);
#5131=AXIS2_PLACEMENT_3D('',#7888,#5990,#5991);
#5132=AXIS2_PLACEMENT_3D('',#7889,#5992,#5993);
#5133=AXIS2_PLACEMENT_3D('',#7890,#5994,#5995);
#5134=AXIS2_PLACEMENT_3D('',#7891,#5996,#5997);
#5135=AXIS2_PLACEMENT_3D('',#7892,#5998,#5999);
#5136=AXIS2_PLACEMENT_3D('',#7893,#6000,#6001);
#5137=AXIS2_PLACEMENT_3D('',#7894,#6002,#6003);
#5138=AXIS2_PLACEMENT_3D('',#7895,#6004,#6005);
#5139=AXIS2_PLACEMENT_3D('',#7896,#6006,#6007);
#5140=AXIS2_PLACEMENT_3D('',#7897,#6008,#6009);
#5141=AXIS2_PLACEMENT_3D('',#7898,#6010,#6011);
#5142=AXIS2_PLACEMENT_3D('',#7900,#6012,#6013);
#5143=AXIS2_PLACEMENT_3D('',#7901,#6014,#6015);
#5144=AXIS2_PLACEMENT_3D('',#7903,#6016,#6017);
#5145=AXIS2_PLACEMENT_3D('',#7904,#6018,#6019);
#5146=AXIS2_PLACEMENT_3D('',#7906,#6020,#6021);
#5147=AXIS2_PLACEMENT_3D('',#7907,#6022,#6023);
#5148=AXIS2_PLACEMENT_3D('',#7909,#6024,#6025);
#5149=AXIS2_PLACEMENT_3D('',#7910,#6026,#6027);
#5150=AXIS2_PLACEMENT_3D('',#7913,#6028,#6029);
#5151=AXIS2_PLACEMENT_3D('',#7915,#6030,#6031);
#5152=AXIS2_PLACEMENT_3D('',#7917,#6032,#6033);
#5153=AXIS2_PLACEMENT_3D('',#7919,#6034,#6035);
#5154=AXIS2_PLACEMENT_3D('',#7921,#6036,#6037);
#5155=AXIS2_PLACEMENT_3D('',#7923,#6038,#6039);
#5156=AXIS2_PLACEMENT_3D('',#7925,#6040,#6041);
#5157=AXIS2_PLACEMENT_3D('',#7927,#6042,#6043);
#5158=AXIS2_PLACEMENT_3D('',#7929,#6044,#6045);
#5159=AXIS2_PLACEMENT_3D('',#7931,#6046,#6047);
#5160=AXIS2_PLACEMENT_3D('',#7933,#6048,#6049);
#5161=AXIS2_PLACEMENT_3D('',#7935,#6050,#6051);
#5162=AXIS2_PLACEMENT_3D('',#7937,#6052,#6053);
#5163=AXIS2_PLACEMENT_3D('',#7939,#6054,#6055);
#5164=AXIS2_PLACEMENT_3D('',#7941,#6056,#6057);
#5165=AXIS2_PLACEMENT_3D('',#7943,#6058,#6059);
#5166=AXIS2_PLACEMENT_3D('',#7945,#6060,#6061);
#5167=AXIS2_PLACEMENT_3D('',#7947,#6062,#6063);
#5168=AXIS2_PLACEMENT_3D('',#7949,#6064,#6065);
#5169=AXIS2_PLACEMENT_3D('',#7951,#6066,#6067);
#5170=AXIS2_PLACEMENT_3D('',#7953,#6068,#6069);
#5171=AXIS2_PLACEMENT_3D('',#7955,#6070,#6071);
#5172=AXIS2_PLACEMENT_3D('',#7957,#6072,#6073);
#5173=AXIS2_PLACEMENT_3D('',#7959,#6074,#6075);
#5174=AXIS2_PLACEMENT_3D('',#7961,#6076,#6077);
#5175=AXIS2_PLACEMENT_3D('',#7963,#6078,#6079);
#5176=AXIS2_PLACEMENT_3D('',#7965,#6080,#6081);
#5177=AXIS2_PLACEMENT_3D('',#7967,#6082,#6083);
#5178=AXIS2_PLACEMENT_3D('',#7969,#6084,#6085);
#5179=AXIS2_PLACEMENT_3D('',#7971,#6086,#6087);
#5180=AXIS2_PLACEMENT_3D('',#7973,#6088,#6089);
#5181=AXIS2_PLACEMENT_3D('',#7975,#6090,#6091);
#5182=AXIS2_PLACEMENT_3D('',#7977,#6092,#6093);
#5183=AXIS2_PLACEMENT_3D('',#7979,#6094,#6095);
#5184=AXIS2_PLACEMENT_3D('',#7981,#6096,#6097);
#5185=AXIS2_PLACEMENT_3D('',#7983,#6098,#6099);
#5186=AXIS2_PLACEMENT_3D('',#7985,#6100,#6101);
#5187=AXIS2_PLACEMENT_3D('',#7987,#6102,#6103);
#5188=AXIS2_PLACEMENT_3D('',#7989,#6104,#6105);
#5189=AXIS2_PLACEMENT_3D('',#7991,#6106,#6107);
#5190=AXIS2_PLACEMENT_3D('',#7993,#6108,#6109);
#5191=AXIS2_PLACEMENT_3D('',#7995,#6110,#6111);
#5192=AXIS2_PLACEMENT_3D('',#7997,#6112,#6113);
#5193=AXIS2_PLACEMENT_3D('',#7999,#6114,#6115);
#5194=AXIS2_PLACEMENT_3D('',#8001,#6116,#6117);
#5195=AXIS2_PLACEMENT_3D('',#8003,#6118,#6119);
#5196=AXIS2_PLACEMENT_3D('',#8005,#6120,#6121);
#5197=AXIS2_PLACEMENT_3D('',#8007,#6122,#6123);
#5198=AXIS2_PLACEMENT_3D('',#8009,#6124,#6125);
#5199=AXIS2_PLACEMENT_3D('',#8011,#6126,#6127);
#5200=AXIS2_PLACEMENT_3D('',#8013,#6128,#6129);
#5201=AXIS2_PLACEMENT_3D('',#8015,#6130,#6131);
#5202=AXIS2_PLACEMENT_3D('',#8017,#6132,#6133);
#5203=AXIS2_PLACEMENT_3D('',#8019,#6134,#6135);
#5204=AXIS2_PLACEMENT_3D('',#8021,#6136,#6137);
#5205=AXIS2_PLACEMENT_3D('',#8023,#6138,#6139);
#5206=AXIS2_PLACEMENT_3D('',#8025,#6140,#6141);
#5207=AXIS2_PLACEMENT_3D('',#8027,#6142,#6143);
#5208=AXIS2_PLACEMENT_3D('',#8029,#6144,#6145);
#5209=AXIS2_PLACEMENT_3D('',#8031,#6146,#6147);
#5210=AXIS2_PLACEMENT_3D('',#8033,#6148,#6149);
#5211=AXIS2_PLACEMENT_3D('',#8035,#6150,#6151);
#5212=AXIS2_PLACEMENT_3D('',#8037,#6152,#6153);
#5213=AXIS2_PLACEMENT_3D('',#8039,#6154,#6155);
#5214=AXIS2_PLACEMENT_3D('',#8041,#6156,#6157);
#5215=AXIS2_PLACEMENT_3D('',#8043,#6158,#6159);
#5216=AXIS2_PLACEMENT_3D('',#8045,#6160,#6161);
#5217=AXIS2_PLACEMENT_3D('',#8047,#6162,#6163);
#5218=AXIS2_PLACEMENT_3D('',#8049,#6164,#6165);
#5219=AXIS2_PLACEMENT_3D('',#8051,#6166,#6167);
#5220=AXIS2_PLACEMENT_3D('',#8053,#6168,#6169);
#5221=AXIS2_PLACEMENT_3D('',#8055,#6170,#6171);
#5222=AXIS2_PLACEMENT_3D('',#8057,#6172,#6173);
#5223=AXIS2_PLACEMENT_3D('',#8059,#6174,#6175);
#5224=AXIS2_PLACEMENT_3D('',#8061,#6176,#6177);
#5225=AXIS2_PLACEMENT_3D('',#8063,#6178,#6179);
#5226=AXIS2_PLACEMENT_3D('',#8065,#6180,#6181);
#5227=AXIS2_PLACEMENT_3D('',#8067,#6182,#6183);
#5228=AXIS2_PLACEMENT_3D('',#8069,#6184,#6185);
#5229=AXIS2_PLACEMENT_3D('',#8071,#6186,#6187);
#5230=AXIS2_PLACEMENT_3D('',#8073,#6188,#6189);
#5231=AXIS2_PLACEMENT_3D('',#8075,#6190,#6191);
#5232=AXIS2_PLACEMENT_3D('',#8077,#6192,#6193);
#5233=AXIS2_PLACEMENT_3D('',#8079,#6194,#6195);
#5234=AXIS2_PLACEMENT_3D('',#8081,#6196,#6197);
#5235=AXIS2_PLACEMENT_3D('',#8083,#6198,#6199);
#5236=AXIS2_PLACEMENT_3D('',#8085,#6200,#6201);
#5237=AXIS2_PLACEMENT_3D('',#8087,#6202,#6203);
#5238=AXIS2_PLACEMENT_3D('',#8089,#6204,#6205);
#5239=AXIS2_PLACEMENT_3D('',#8091,#6206,#6207);
#5240=AXIS2_PLACEMENT_3D('',#8093,#6208,#6209);
#5241=AXIS2_PLACEMENT_3D('',#8095,#6210,#6211);
#5242=AXIS2_PLACEMENT_3D('',#8097,#6212,#6213);
#5243=AXIS2_PLACEMENT_3D('',#8099,#6214,#6215);
#5244=AXIS2_PLACEMENT_3D('',#8101,#6216,#6217);
#5245=AXIS2_PLACEMENT_3D('',#8103,#6218,#6219);
#5246=AXIS2_PLACEMENT_3D('',#8105,#6220,#6221);
#5247=AXIS2_PLACEMENT_3D('',#8107,#6222,#6223);
#5248=AXIS2_PLACEMENT_3D('',#8109,#6224,#6225);
#5249=AXIS2_PLACEMENT_3D('',#8111,#6226,#6227);
#5250=AXIS2_PLACEMENT_3D('',#8113,#6228,#6229);
#5251=AXIS2_PLACEMENT_3D('',#8115,#6230,#6231);
#5252=AXIS2_PLACEMENT_3D('',#8117,#6232,#6233);
#5253=AXIS2_PLACEMENT_3D('',#8119,#6234,#6235);
#5254=AXIS2_PLACEMENT_3D('',#8121,#6236,#6237);
#5255=AXIS2_PLACEMENT_3D('',#8123,#6238,#6239);
#5256=AXIS2_PLACEMENT_3D('',#8125,#6240,#6241);
#5257=AXIS2_PLACEMENT_3D('',#8127,#6242,#6243);
#5258=AXIS2_PLACEMENT_3D('',#8129,#6244,#6245);
#5259=AXIS2_PLACEMENT_3D('',#8131,#6246,#6247);
#5260=AXIS2_PLACEMENT_3D('',#8133,#6248,#6249);
#5261=AXIS2_PLACEMENT_3D('',#8135,#6250,#6251);
#5262=AXIS2_PLACEMENT_3D('',#8137,#6252,#6253);
#5263=AXIS2_PLACEMENT_3D('',#8139,#6254,#6255);
#5264=AXIS2_PLACEMENT_3D('',#8141,#6256,#6257);
#5265=AXIS2_PLACEMENT_3D('',#8143,#6258,#6259);
#5266=AXIS2_PLACEMENT_3D('',#8145,#6260,#6261);
#5267=AXIS2_PLACEMENT_3D('',#8147,#6262,#6263);
#5268=AXIS2_PLACEMENT_3D('',#8149,#6264,#6265);
#5269=AXIS2_PLACEMENT_3D('',#8151,#6266,#6267);
#5270=AXIS2_PLACEMENT_3D('',#8153,#6268,#6269);
#5271=AXIS2_PLACEMENT_3D('',#8155,#6270,#6271);
#5272=AXIS2_PLACEMENT_3D('',#8157,#6272,#6273);
#5273=AXIS2_PLACEMENT_3D('',#8159,#6274,#6275);
#5274=AXIS2_PLACEMENT_3D('',#8161,#6276,#6277);
#5275=AXIS2_PLACEMENT_3D('',#8163,#6278,#6279);
#5276=AXIS2_PLACEMENT_3D('',#8165,#6280,#6281);
#5277=AXIS2_PLACEMENT_3D('',#8167,#6282,#6283);
#5278=AXIS2_PLACEMENT_3D('',#8169,#6284,#6285);
#5279=AXIS2_PLACEMENT_3D('',#8171,#6286,#6287);
#5280=AXIS2_PLACEMENT_3D('',#8173,#6288,#6289);
#5281=AXIS2_PLACEMENT_3D('',#8175,#6290,#6291);
#5282=AXIS2_PLACEMENT_3D('',#8177,#6292,#6293);
#5283=AXIS2_PLACEMENT_3D('',#8179,#6294,#6295);
#5284=AXIS2_PLACEMENT_3D('',#8181,#6296,#6297);
#5285=AXIS2_PLACEMENT_3D('',#8183,#6298,#6299);
#5286=AXIS2_PLACEMENT_3D('',#8185,#6300,#6301);
#5287=AXIS2_PLACEMENT_3D('',#8187,#6302,#6303);
#5288=AXIS2_PLACEMENT_3D('',#8189,#6304,#6305);
#5289=AXIS2_PLACEMENT_3D('',#8191,#6306,#6307);
#5290=AXIS2_PLACEMENT_3D('',#8193,#6308,#6309);
#5291=AXIS2_PLACEMENT_3D('',#8195,#6310,#6311);
#5292=AXIS2_PLACEMENT_3D('',#8197,#6312,#6313);
#5293=AXIS2_PLACEMENT_3D('',#8199,#6314,#6315);
#5294=AXIS2_PLACEMENT_3D('',#8201,#6316,#6317);
#5295=AXIS2_PLACEMENT_3D('',#8203,#6318,#6319);
#5296=AXIS2_PLACEMENT_3D('',#8205,#6320,#6321);
#5297=AXIS2_PLACEMENT_3D('',#8207,#6322,#6323);
#5298=AXIS2_PLACEMENT_3D('',#8209,#6324,#6325);
#5299=AXIS2_PLACEMENT_3D('',#8211,#6326,#6327);
#5300=AXIS2_PLACEMENT_3D('',#8213,#6328,#6329);
#5301=AXIS2_PLACEMENT_3D('',#8215,#6330,#6331);
#5302=AXIS2_PLACEMENT_3D('',#8217,#6332,#6333);
#5303=AXIS2_PLACEMENT_3D('',#8219,#6334,#6335);
#5304=AXIS2_PLACEMENT_3D('',#8221,#6336,#6337);
#5305=AXIS2_PLACEMENT_3D('',#8223,#6338,#6339);
#5306=AXIS2_PLACEMENT_3D('',#8225,#6340,#6341);
#5307=AXIS2_PLACEMENT_3D('',#8227,#6342,#6343);
#5308=AXIS2_PLACEMENT_3D('',#8229,#6344,#6345);
#5309=AXIS2_PLACEMENT_3D('',#8231,#6346,#6347);
#5310=AXIS2_PLACEMENT_3D('',#8233,#6348,#6349);
#5311=AXIS2_PLACEMENT_3D('',#8235,#6350,#6351);
#5312=AXIS2_PLACEMENT_3D('',#8237,#6352,#6353);
#5313=AXIS2_PLACEMENT_3D('',#8239,#6354,#6355);
#5314=AXIS2_PLACEMENT_3D('',#8241,#6356,#6357);
#5315=AXIS2_PLACEMENT_3D('',#8243,#6358,#6359);
#5316=AXIS2_PLACEMENT_3D('',#8245,#6360,#6361);
#5317=AXIS2_PLACEMENT_3D('',#8247,#6362,#6363);
#5318=AXIS2_PLACEMENT_3D('',#8249,#6364,#6365);
#5319=AXIS2_PLACEMENT_3D('',#8251,#6366,#6367);
#5320=AXIS2_PLACEMENT_3D('',#8253,#6368,#6369);
#5321=AXIS2_PLACEMENT_3D('',#8255,#6370,#6371);
#5322=AXIS2_PLACEMENT_3D('',#8257,#6372,#6373);
#5323=AXIS2_PLACEMENT_3D('',#8259,#6374,#6375);
#5324=AXIS2_PLACEMENT_3D('',#8261,#6376,#6377);
#5325=AXIS2_PLACEMENT_3D('',#8263,#6378,#6379);
#5326=AXIS2_PLACEMENT_3D('',#8265,#6380,#6381);
#5327=AXIS2_PLACEMENT_3D('',#8267,#6382,#6383);
#5328=AXIS2_PLACEMENT_3D('',#8269,#6384,#6385);
#5329=AXIS2_PLACEMENT_3D('',#8271,#6386,#6387);
#5330=AXIS2_PLACEMENT_3D('',#8273,#6388,#6389);
#5331=AXIS2_PLACEMENT_3D('',#8275,#6390,#6391);
#5332=AXIS2_PLACEMENT_3D('',#8277,#6392,#6393);
#5333=AXIS2_PLACEMENT_3D('',#8279,#6394,#6395);
#5334=AXIS2_PLACEMENT_3D('',#8281,#6396,#6397);
#5335=AXIS2_PLACEMENT_3D('',#8283,#6398,#6399);
#5336=AXIS2_PLACEMENT_3D('',#8285,#6400,#6401);
#5337=AXIS2_PLACEMENT_3D('',#8287,#6402,#6403);
#5338=AXIS2_PLACEMENT_3D('',#8289,#6404,#6405);
#5339=AXIS2_PLACEMENT_3D('',#8291,#6406,#6407);
#5340=AXIS2_PLACEMENT_3D('',#8293,#6408,#6409);
#5341=AXIS2_PLACEMENT_3D('',#8295,#6410,#6411);
#5342=AXIS2_PLACEMENT_3D('',#8297,#6412,#6413);
#5343=AXIS2_PLACEMENT_3D('',#8299,#6414,#6415);
#5344=AXIS2_PLACEMENT_3D('',#8301,#6416,#6417);
#5345=AXIS2_PLACEMENT_3D('',#8303,#6418,#6419);
#5346=AXIS2_PLACEMENT_3D('',#8305,#6420,#6421);
#5347=AXIS2_PLACEMENT_3D('',#8307,#6422,#6423);
#5348=AXIS2_PLACEMENT_3D('',#8309,#6424,#6425);
#5349=AXIS2_PLACEMENT_3D('',#8311,#6426,#6427);
#5350=AXIS2_PLACEMENT_3D('',#8313,#6428,#6429);
#5351=AXIS2_PLACEMENT_3D('',#8315,#6430,#6431);
#5352=AXIS2_PLACEMENT_3D('',#8317,#6432,#6433);
#5353=AXIS2_PLACEMENT_3D('',#8319,#6434,#6435);
#5354=AXIS2_PLACEMENT_3D('',#8321,#6436,#6437);
#5355=AXIS2_PLACEMENT_3D('',#8323,#6438,#6439);
#5356=AXIS2_PLACEMENT_3D('',#8325,#6440,#6441);
#5357=AXIS2_PLACEMENT_3D('',#8327,#6442,#6443);
#5358=AXIS2_PLACEMENT_3D('',#8329,#6444,#6445);
#5359=AXIS2_PLACEMENT_3D('',#8331,#6446,#6447);
#5360=AXIS2_PLACEMENT_3D('',#8333,#6448,#6449);
#5361=AXIS2_PLACEMENT_3D('',#8335,#6450,#6451);
#5362=AXIS2_PLACEMENT_3D('',#8337,#6452,#6453);
#5363=AXIS2_PLACEMENT_3D('',#8339,#6454,#6455);
#5364=AXIS2_PLACEMENT_3D('',#8341,#6456,#6457);
#5365=AXIS2_PLACEMENT_3D('',#8343,#6458,#6459);
#5366=AXIS2_PLACEMENT_3D('',#8345,#6460,#6461);
#5367=AXIS2_PLACEMENT_3D('',#8347,#6462,#6463);
#5368=AXIS2_PLACEMENT_3D('',#8349,#6464,#6465);
#5369=AXIS2_PLACEMENT_3D('',#8351,#6466,#6467);
#5370=AXIS2_PLACEMENT_3D('',#8353,#6468,#6469);
#5371=AXIS2_PLACEMENT_3D('',#8355,#6470,#6471);
#5372=AXIS2_PLACEMENT_3D('',#8357,#6472,#6473);
#5373=AXIS2_PLACEMENT_3D('',#8359,#6474,#6475);
#5374=AXIS2_PLACEMENT_3D('',#8361,#6476,#6477);
#5375=AXIS2_PLACEMENT_3D('',#8363,#6478,#6479);
#5376=AXIS2_PLACEMENT_3D('',#8365,#6480,#6481);
#5377=AXIS2_PLACEMENT_3D('',#8367,#6482,#6483);
#5378=AXIS2_PLACEMENT_3D('',#8369,#6484,#6485);
#5379=AXIS2_PLACEMENT_3D('',#8371,#6486,#6487);
#5380=AXIS2_PLACEMENT_3D('',#8373,#6488,#6489);
#5381=AXIS2_PLACEMENT_3D('',#8375,#6490,#6491);
#5382=AXIS2_PLACEMENT_3D('',#8377,#6492,#6493);
#5383=AXIS2_PLACEMENT_3D('',#8379,#6494,#6495);
#5384=AXIS2_PLACEMENT_3D('',#8381,#6496,#6497);
#5385=AXIS2_PLACEMENT_3D('',#8383,#6498,#6499);
#5386=AXIS2_PLACEMENT_3D('',#8385,#6500,#6501);
#5387=AXIS2_PLACEMENT_3D('',#8387,#6502,#6503);
#5388=AXIS2_PLACEMENT_3D('',#8389,#6504,#6505);
#5389=AXIS2_PLACEMENT_3D('',#8390,#6506,#6507);
#5390=AXIS2_PLACEMENT_3D('',#8391,#6508,#6509);
#5391=AXIS2_PLACEMENT_3D('',#8393,#6510,#6511);
#5392=AXIS2_PLACEMENT_3D('',#8396,#6513,#6514);
#5393=AXIS2_PLACEMENT_3D('',#8399,#6516,#6517);
#5394=AXIS2_PLACEMENT_3D('',#8400,#6518,#6519);
#5395=AXIS2_PLACEMENT_3D('',#8403,#6520,#6521);
#5396=AXIS2_PLACEMENT_3D('',#8404,#6522,#6523);
#5397=AXIS2_PLACEMENT_3D('',#8406,#6524,#6525);
#5398=AXIS2_PLACEMENT_3D('',#8408,#6526,#6527);
#5399=AXIS2_PLACEMENT_3D('',#8410,#6528,#6529);
#5400=AXIS2_PLACEMENT_3D('',#8412,#6530,#6531);
#5401=AXIS2_PLACEMENT_3D('',#8414,#6532,#6533);
#5402=AXIS2_PLACEMENT_3D('',#8416,#6534,#6535);
#5403=AXIS2_PLACEMENT_3D('',#8418,#6536,#6537);
#5404=AXIS2_PLACEMENT_3D('',#8420,#6538,#6539);
#5405=AXIS2_PLACEMENT_3D('',#8422,#6540,#6541);
#5406=AXIS2_PLACEMENT_3D('',#8424,#6542,#6543);
#5407=AXIS2_PLACEMENT_3D('',#8426,#6544,#6545);
#5408=AXIS2_PLACEMENT_3D('',#8428,#6546,#6547);
#5409=AXIS2_PLACEMENT_3D('',#8430,#6548,#6549);
#5410=AXIS2_PLACEMENT_3D('',#8432,#6550,#6551);
#5411=AXIS2_PLACEMENT_3D('',#8434,#6552,#6553);
#5412=AXIS2_PLACEMENT_3D('',#8436,#6554,#6555);
#5413=AXIS2_PLACEMENT_3D('',#8438,#6556,#6557);
#5414=AXIS2_PLACEMENT_3D('',#8440,#6558,#6559);
#5415=AXIS2_PLACEMENT_3D('',#8442,#6560,#6561);
#5416=AXIS2_PLACEMENT_3D('',#8444,#6562,#6563);
#5417=AXIS2_PLACEMENT_3D('',#8446,#6564,#6565);
#5418=AXIS2_PLACEMENT_3D('',#8448,#6566,#6567);
#5419=AXIS2_PLACEMENT_3D('',#8450,#6568,#6569);
#5420=AXIS2_PLACEMENT_3D('',#8452,#6570,#6571);
#5421=AXIS2_PLACEMENT_3D('',#8454,#6572,#6573);
#5422=AXIS2_PLACEMENT_3D('',#8456,#6574,#6575);
#5423=AXIS2_PLACEMENT_3D('',#8458,#6576,#6577);
#5424=AXIS2_PLACEMENT_3D('',#8460,#6578,#6579);
#5425=AXIS2_PLACEMENT_3D('',#8462,#6580,#6581);
#5426=AXIS2_PLACEMENT_3D('',#8464,#6582,#6583);
#5427=AXIS2_PLACEMENT_3D('',#8466,#6584,#6585);
#5428=AXIS2_PLACEMENT_3D('',#8468,#6586,#6587);
#5429=AXIS2_PLACEMENT_3D('',#8470,#6588,#6589);
#5430=AXIS2_PLACEMENT_3D('',#8472,#6590,#6591);
#5431=AXIS2_PLACEMENT_3D('',#8474,#6592,#6593);
#5432=AXIS2_PLACEMENT_3D('',#8476,#6594,#6595);
#5433=AXIS2_PLACEMENT_3D('',#8478,#6596,#6597);
#5434=AXIS2_PLACEMENT_3D('',#8480,#6598,#6599);
#5435=AXIS2_PLACEMENT_3D('',#8482,#6600,#6601);
#5436=AXIS2_PLACEMENT_3D('',#8484,#6602,#6603);
#5437=AXIS2_PLACEMENT_3D('',#8486,#6604,#6605);
#5438=AXIS2_PLACEMENT_3D('',#8488,#6606,#6607);
#5439=AXIS2_PLACEMENT_3D('',#8490,#6608,#6609);
#5440=AXIS2_PLACEMENT_3D('',#8492,#6610,#6611);
#5441=AXIS2_PLACEMENT_3D('',#8494,#6612,#6613);
#5442=AXIS2_PLACEMENT_3D('',#8496,#6614,#6615);
#5443=AXIS2_PLACEMENT_3D('',#8498,#6616,#6617);
#5444=AXIS2_PLACEMENT_3D('',#8500,#6618,#6619);
#5445=AXIS2_PLACEMENT_3D('',#8502,#6620,#6621);
#5446=AXIS2_PLACEMENT_3D('',#8504,#6622,#6623);
#5447=AXIS2_PLACEMENT_3D('',#8506,#6624,#6625);
#5448=AXIS2_PLACEMENT_3D('',#8508,#6626,#6627);
#5449=AXIS2_PLACEMENT_3D('',#8510,#6628,#6629);
#5450=AXIS2_PLACEMENT_3D('',#8512,#6630,#6631);
#5451=AXIS2_PLACEMENT_3D('',#8514,#6632,#6633);
#5452=AXIS2_PLACEMENT_3D('',#8516,#6634,#6635);
#5453=AXIS2_PLACEMENT_3D('',#8518,#6636,#6637);
#5454=AXIS2_PLACEMENT_3D('',#8520,#6638,#6639);
#5455=AXIS2_PLACEMENT_3D('',#8522,#6640,#6641);
#5456=AXIS2_PLACEMENT_3D('',#8524,#6642,#6643);
#5457=AXIS2_PLACEMENT_3D('',#8526,#6644,#6645);
#5458=AXIS2_PLACEMENT_3D('',#8528,#6646,#6647);
#5459=AXIS2_PLACEMENT_3D('',#8530,#6648,#6649);
#5460=AXIS2_PLACEMENT_3D('',#8532,#6650,#6651);
#5461=AXIS2_PLACEMENT_3D('',#8534,#6652,#6653);
#5462=AXIS2_PLACEMENT_3D('',#8536,#6654,#6655);
#5463=AXIS2_PLACEMENT_3D('',#8538,#6656,#6657);
#5464=AXIS2_PLACEMENT_3D('',#8540,#6658,#6659);
#5465=AXIS2_PLACEMENT_3D('',#8542,#6660,#6661);
#5466=AXIS2_PLACEMENT_3D('',#8544,#6662,#6663);
#5467=AXIS2_PLACEMENT_3D('',#8546,#6664,#6665);
#5468=AXIS2_PLACEMENT_3D('',#8548,#6666,#6667);
#5469=AXIS2_PLACEMENT_3D('',#8550,#6668,#6669);
#5470=AXIS2_PLACEMENT_3D('',#8552,#6670,#6671);
#5471=AXIS2_PLACEMENT_3D('',#8554,#6672,#6673);
#5472=AXIS2_PLACEMENT_3D('',#8556,#6674,#6675);
#5473=AXIS2_PLACEMENT_3D('',#8558,#6676,#6677);
#5474=AXIS2_PLACEMENT_3D('',#8560,#6678,#6679);
#5475=AXIS2_PLACEMENT_3D('',#8562,#6680,#6681);
#5476=AXIS2_PLACEMENT_3D('',#8564,#6682,#6683);
#5477=AXIS2_PLACEMENT_3D('',#8566,#6684,#6685);
#5478=AXIS2_PLACEMENT_3D('',#8568,#6686,#6687);
#5479=AXIS2_PLACEMENT_3D('',#8570,#6688,#6689);
#5480=AXIS2_PLACEMENT_3D('',#8572,#6690,#6691);
#5481=AXIS2_PLACEMENT_3D('',#8574,#6692,#6693);
#5482=AXIS2_PLACEMENT_3D('',#8576,#6694,#6695);
#5483=AXIS2_PLACEMENT_3D('',#8578,#6696,#6697);
#5484=AXIS2_PLACEMENT_3D('',#8580,#6698,#6699);
#5485=AXIS2_PLACEMENT_3D('',#8582,#6700,#6701);
#5486=AXIS2_PLACEMENT_3D('',#8584,#6702,#6703);
#5487=AXIS2_PLACEMENT_3D('',#8586,#6704,#6705);
#5488=AXIS2_PLACEMENT_3D('',#8588,#6706,#6707);
#5489=AXIS2_PLACEMENT_3D('',#8590,#6708,#6709);
#5490=AXIS2_PLACEMENT_3D('',#8592,#6710,#6711);
#5491=AXIS2_PLACEMENT_3D('',#8594,#6712,#6713);
#5492=AXIS2_PLACEMENT_3D('',#8596,#6714,#6715);
#5493=AXIS2_PLACEMENT_3D('',#8598,#6716,#6717);
#5494=AXIS2_PLACEMENT_3D('',#8600,#6718,#6719);
#5495=AXIS2_PLACEMENT_3D('',#8602,#6720,#6721);
#5496=AXIS2_PLACEMENT_3D('',#8604,#6722,#6723);
#5497=AXIS2_PLACEMENT_3D('',#8606,#6724,#6725);
#5498=AXIS2_PLACEMENT_3D('',#8608,#6726,#6727);
#5499=AXIS2_PLACEMENT_3D('',#8610,#6728,#6729);
#5500=AXIS2_PLACEMENT_3D('',#8612,#6730,#6731);
#5501=AXIS2_PLACEMENT_3D('',#8614,#6732,#6733);
#5502=AXIS2_PLACEMENT_3D('',#8616,#6734,#6735);
#5503=AXIS2_PLACEMENT_3D('',#8618,#6736,#6737);
#5504=AXIS2_PLACEMENT_3D('',#8620,#6738,#6739);
#5505=AXIS2_PLACEMENT_3D('',#8622,#6740,#6741);
#5506=AXIS2_PLACEMENT_3D('',#8624,#6742,#6743);
#5507=AXIS2_PLACEMENT_3D('',#8626,#6744,#6745);
#5508=AXIS2_PLACEMENT_3D('',#8628,#6746,#6747);
#5509=AXIS2_PLACEMENT_3D('',#8630,#6748,#6749);
#5510=AXIS2_PLACEMENT_3D('',#8632,#6750,#6751);
#5511=AXIS2_PLACEMENT_3D('',#8634,#6752,#6753);
#5512=AXIS2_PLACEMENT_3D('',#8636,#6754,#6755);
#5513=AXIS2_PLACEMENT_3D('',#8638,#6756,#6757);
#5514=AXIS2_PLACEMENT_3D('',#8640,#6758,#6759);
#5515=AXIS2_PLACEMENT_3D('',#8642,#6760,#6761);
#5516=AXIS2_PLACEMENT_3D('',#8644,#6762,#6763);
#5517=AXIS2_PLACEMENT_3D('',#8646,#6764,#6765);
#5518=AXIS2_PLACEMENT_3D('',#8648,#6766,#6767);
#5519=AXIS2_PLACEMENT_3D('',#8650,#6768,#6769);
#5520=AXIS2_PLACEMENT_3D('',#8652,#6770,#6771);
#5521=AXIS2_PLACEMENT_3D('',#8654,#6772,#6773);
#5522=AXIS2_PLACEMENT_3D('',#8656,#6774,#6775);
#5523=AXIS2_PLACEMENT_3D('',#8658,#6776,#6777);
#5524=AXIS2_PLACEMENT_3D('',#8660,#6778,#6779);
#5525=AXIS2_PLACEMENT_3D('',#8662,#6780,#6781);
#5526=AXIS2_PLACEMENT_3D('',#8664,#6782,#6783);
#5527=AXIS2_PLACEMENT_3D('',#8666,#6784,#6785);
#5528=AXIS2_PLACEMENT_3D('',#8668,#6786,#6787);
#5529=AXIS2_PLACEMENT_3D('',#8670,#6788,#6789);
#5530=AXIS2_PLACEMENT_3D('',#8672,#6790,#6791);
#5531=AXIS2_PLACEMENT_3D('',#8674,#6792,#6793);
#5532=AXIS2_PLACEMENT_3D('',#8676,#6794,#6795);
#5533=AXIS2_PLACEMENT_3D('',#8678,#6796,#6797);
#5534=AXIS2_PLACEMENT_3D('',#8680,#6798,#6799);
#5535=AXIS2_PLACEMENT_3D('',#8682,#6800,#6801);
#5536=AXIS2_PLACEMENT_3D('',#8684,#6802,#6803);
#5537=AXIS2_PLACEMENT_3D('',#8686,#6804,#6805);
#5538=AXIS2_PLACEMENT_3D('',#8688,#6806,#6807);
#5539=AXIS2_PLACEMENT_3D('',#8690,#6808,#6809);
#5540=AXIS2_PLACEMENT_3D('',#8692,#6810,#6811);
#5541=AXIS2_PLACEMENT_3D('',#8694,#6812,#6813);
#5542=AXIS2_PLACEMENT_3D('',#8696,#6814,#6815);
#5543=AXIS2_PLACEMENT_3D('',#8698,#6816,#6817);
#5544=AXIS2_PLACEMENT_3D('',#8700,#6818,#6819);
#5545=AXIS2_PLACEMENT_3D('',#8702,#6820,#6821);
#5546=AXIS2_PLACEMENT_3D('',#8704,#6822,#6823);
#5547=AXIS2_PLACEMENT_3D('',#8706,#6824,#6825);
#5548=AXIS2_PLACEMENT_3D('',#8708,#6826,#6827);
#5549=AXIS2_PLACEMENT_3D('',#8710,#6828,#6829);
#5550=AXIS2_PLACEMENT_3D('',#8712,#6830,#6831);
#5551=AXIS2_PLACEMENT_3D('',#8714,#6832,#6833);
#5552=AXIS2_PLACEMENT_3D('',#8716,#6834,#6835);
#5553=AXIS2_PLACEMENT_3D('',#8718,#6836,#6837);
#5554=AXIS2_PLACEMENT_3D('',#8720,#6838,#6839);
#5555=AXIS2_PLACEMENT_3D('',#8722,#6840,#6841);
#5556=AXIS2_PLACEMENT_3D('',#8724,#6842,#6843);
#5557=AXIS2_PLACEMENT_3D('',#8726,#6844,#6845);
#5558=AXIS2_PLACEMENT_3D('',#8728,#6846,#6847);
#5559=AXIS2_PLACEMENT_3D('',#8730,#6848,#6849);
#5560=AXIS2_PLACEMENT_3D('',#8732,#6850,#6851);
#5561=AXIS2_PLACEMENT_3D('',#8734,#6852,#6853);
#5562=AXIS2_PLACEMENT_3D('',#8736,#6854,#6855);
#5563=AXIS2_PLACEMENT_3D('',#8738,#6856,#6857);
#5564=AXIS2_PLACEMENT_3D('',#8740,#6858,#6859);
#5565=AXIS2_PLACEMENT_3D('',#8742,#6860,#6861);
#5566=AXIS2_PLACEMENT_3D('',#8744,#6862,#6863);
#5567=AXIS2_PLACEMENT_3D('',#8746,#6864,#6865);
#5568=AXIS2_PLACEMENT_3D('',#8748,#6866,#6867);
#5569=AXIS2_PLACEMENT_3D('',#8750,#6868,#6869);
#5570=AXIS2_PLACEMENT_3D('',#8752,#6870,#6871);
#5571=AXIS2_PLACEMENT_3D('',#8754,#6872,#6873);
#5572=AXIS2_PLACEMENT_3D('',#8756,#6874,#6875);
#5573=AXIS2_PLACEMENT_3D('',#8758,#6876,#6877);
#5574=AXIS2_PLACEMENT_3D('',#8760,#6878,#6879);
#5575=AXIS2_PLACEMENT_3D('',#8762,#6880,#6881);
#5576=AXIS2_PLACEMENT_3D('',#8764,#6882,#6883);
#5577=AXIS2_PLACEMENT_3D('',#8766,#6884,#6885);
#5578=AXIS2_PLACEMENT_3D('',#8768,#6886,#6887);
#5579=AXIS2_PLACEMENT_3D('',#8770,#6888,#6889);
#5580=AXIS2_PLACEMENT_3D('',#8772,#6890,#6891);
#5581=AXIS2_PLACEMENT_3D('',#8774,#6892,#6893);
#5582=AXIS2_PLACEMENT_3D('',#8776,#6894,#6895);
#5583=AXIS2_PLACEMENT_3D('',#8778,#6896,#6897);
#5584=AXIS2_PLACEMENT_3D('',#8780,#6898,#6899);
#5585=AXIS2_PLACEMENT_3D('',#8782,#6900,#6901);
#5586=AXIS2_PLACEMENT_3D('',#8784,#6902,#6903);
#5587=AXIS2_PLACEMENT_3D('',#8786,#6904,#6905);
#5588=AXIS2_PLACEMENT_3D('',#8788,#6906,#6907);
#5589=AXIS2_PLACEMENT_3D('',#8790,#6908,#6909);
#5590=AXIS2_PLACEMENT_3D('',#8792,#6910,#6911);
#5591=AXIS2_PLACEMENT_3D('',#8794,#6912,#6913);
#5592=AXIS2_PLACEMENT_3D('',#8796,#6914,#6915);
#5593=AXIS2_PLACEMENT_3D('',#8798,#6916,#6917);
#5594=AXIS2_PLACEMENT_3D('',#8800,#6918,#6919);
#5595=AXIS2_PLACEMENT_3D('',#8802,#6920,#6921);
#5596=AXIS2_PLACEMENT_3D('',#8804,#6922,#6923);
#5597=AXIS2_PLACEMENT_3D('',#8806,#6924,#6925);
#5598=AXIS2_PLACEMENT_3D('',#8808,#6926,#6927);
#5599=AXIS2_PLACEMENT_3D('',#8810,#6928,#6929);
#5600=AXIS2_PLACEMENT_3D('',#8812,#6930,#6931);
#5601=AXIS2_PLACEMENT_3D('',#8814,#6932,#6933);
#5602=AXIS2_PLACEMENT_3D('',#8816,#6934,#6935);
#5603=AXIS2_PLACEMENT_3D('',#8818,#6936,#6937);
#5604=AXIS2_PLACEMENT_3D('',#8820,#6938,#6939);
#5605=AXIS2_PLACEMENT_3D('',#8822,#6940,#6941);
#5606=AXIS2_PLACEMENT_3D('',#8824,#6942,#6943);
#5607=AXIS2_PLACEMENT_3D('',#8826,#6944,#6945);
#5608=AXIS2_PLACEMENT_3D('',#8828,#6946,#6947);
#5609=AXIS2_PLACEMENT_3D('',#8830,#6948,#6949);
#5610=AXIS2_PLACEMENT_3D('',#8832,#6950,#6951);
#5611=AXIS2_PLACEMENT_3D('',#8834,#6952,#6953);
#5612=AXIS2_PLACEMENT_3D('',#8836,#6954,#6955);
#5613=AXIS2_PLACEMENT_3D('',#8838,#6956,#6957);
#5614=AXIS2_PLACEMENT_3D('',#8840,#6958,#6959);
#5615=AXIS2_PLACEMENT_3D('',#8842,#6960,#6961);
#5616=AXIS2_PLACEMENT_3D('',#8844,#6962,#6963);
#5617=AXIS2_PLACEMENT_3D('',#8846,#6964,#6965);
#5618=AXIS2_PLACEMENT_3D('',#8848,#6966,#6967);
#5619=AXIS2_PLACEMENT_3D('',#8850,#6968,#6969);
#5620=AXIS2_PLACEMENT_3D('',#8852,#6970,#6971);
#5621=AXIS2_PLACEMENT_3D('',#8854,#6972,#6973);
#5622=AXIS2_PLACEMENT_3D('',#8856,#6974,#6975);
#5623=AXIS2_PLACEMENT_3D('',#8858,#6976,#6977);
#5624=AXIS2_PLACEMENT_3D('',#8860,#6978,#6979);
#5625=AXIS2_PLACEMENT_3D('',#8862,#6980,#6981);
#5626=AXIS2_PLACEMENT_3D('',#8864,#6982,#6983);
#5627=AXIS2_PLACEMENT_3D('',#8866,#6984,#6985);
#5628=AXIS2_PLACEMENT_3D('',#8868,#6986,#6987);
#5629=AXIS2_PLACEMENT_3D('',#8870,#6988,#6989);
#5630=AXIS2_PLACEMENT_3D('',#8872,#6990,#6991);
#5631=AXIS2_PLACEMENT_3D('',#8874,#6992,#6993);
#5632=AXIS2_PLACEMENT_3D('',#8876,#6994,#6995);
#5633=AXIS2_PLACEMENT_3D('',#8877,#6996,#6997);
#5634=AXIS2_PLACEMENT_3D('',#8879,#6999,#7000);
#5635=AXIS2_PLACEMENT_3D('',#8881,#7002,#7003);
#5636=AXIS2_PLACEMENT_3D('',#8883,#7005,#7006);
#5637=AXIS2_PLACEMENT_3D('',#8885,#7008,#7009);
#5638=AXIS2_PLACEMENT_3D('',#8887,#7011,#7012);
#5639=AXIS2_PLACEMENT_3D('',#8889,#7014,#7015);
#5640=AXIS2_PLACEMENT_3D('',#8891,#7017,#7018);
#5641=AXIS2_PLACEMENT_3D('',#8893,#7020,#7021);
#5642=AXIS2_PLACEMENT_3D('',#8895,#7023,#7024);
#5643=AXIS2_PLACEMENT_3D('',#8897,#7026,#7027);
#5644=AXIS2_PLACEMENT_3D('',#8899,#7029,#7030);
#5645=AXIS2_PLACEMENT_3D('',#8901,#7032,#7033);
#5646=AXIS2_PLACEMENT_3D('',#8903,#7035,#7036);
#5647=AXIS2_PLACEMENT_3D('',#8905,#7038,#7039);
#5648=AXIS2_PLACEMENT_3D('',#8907,#7041,#7042);
#5649=AXIS2_PLACEMENT_3D('',#8909,#7044,#7045);
#5650=AXIS2_PLACEMENT_3D('',#8911,#7047,#7048);
#5651=AXIS2_PLACEMENT_3D('',#8913,#7050,#7051);
#5652=AXIS2_PLACEMENT_3D('',#8915,#7053,#7054);
#5653=AXIS2_PLACEMENT_3D('',#8917,#7056,#7057);
#5654=AXIS2_PLACEMENT_3D('',#8919,#7059,#7060);
#5655=AXIS2_PLACEMENT_3D('',#8921,#7062,#7063);
#5656=AXIS2_PLACEMENT_3D('',#8923,#7065,#7066);
#5657=AXIS2_PLACEMENT_3D('',#8925,#7068,#7069);
#5658=AXIS2_PLACEMENT_3D('',#8927,#7071,#7072);
#5659=AXIS2_PLACEMENT_3D('',#8929,#7074,#7075);
#5660=AXIS2_PLACEMENT_3D('',#8931,#7077,#7078);
#5661=AXIS2_PLACEMENT_3D('',#8933,#7080,#7081);
#5662=AXIS2_PLACEMENT_3D('',#8935,#7083,#7084);
#5663=AXIS2_PLACEMENT_3D('',#8937,#7086,#7087);
#5664=AXIS2_PLACEMENT_3D('',#8939,#7089,#7090);
#5665=AXIS2_PLACEMENT_3D('',#8941,#7092,#7093);
#5666=AXIS2_PLACEMENT_3D('',#8943,#7095,#7096);
#5667=AXIS2_PLACEMENT_3D('',#8945,#7098,#7099);
#5668=AXIS2_PLACEMENT_3D('',#8947,#7101,#7102);
#5669=AXIS2_PLACEMENT_3D('',#8949,#7104,#7105);
#5670=AXIS2_PLACEMENT_3D('',#8951,#7107,#7108);
#5671=AXIS2_PLACEMENT_3D('',#8953,#7110,#7111);
#5672=AXIS2_PLACEMENT_3D('',#8955,#7113,#7114);
#5673=AXIS2_PLACEMENT_3D('',#8957,#7116,#7117);
#5674=AXIS2_PLACEMENT_3D('',#8959,#7119,#7120);
#5675=AXIS2_PLACEMENT_3D('',#8961,#7122,#7123);
#5676=AXIS2_PLACEMENT_3D('',#8963,#7125,#7126);
#5677=AXIS2_PLACEMENT_3D('',#8965,#7128,#7129);
#5678=AXIS2_PLACEMENT_3D('',#8967,#7131,#7132);
#5679=AXIS2_PLACEMENT_3D('',#8969,#7134,#7135);
#5680=AXIS2_PLACEMENT_3D('',#8971,#7137,#7138);
#5681=AXIS2_PLACEMENT_3D('',#8973,#7140,#7141);
#5682=AXIS2_PLACEMENT_3D('',#8975,#7143,#7144);
#5683=AXIS2_PLACEMENT_3D('',#8977,#7146,#7147);
#5684=AXIS2_PLACEMENT_3D('',#8979,#7149,#7150);
#5685=AXIS2_PLACEMENT_3D('',#8981,#7152,#7153);
#5686=AXIS2_PLACEMENT_3D('',#8983,#7155,#7156);
#5687=AXIS2_PLACEMENT_3D('',#8985,#7158,#7159);
#5688=AXIS2_PLACEMENT_3D('',#8987,#7161,#7162);
#5689=AXIS2_PLACEMENT_3D('',#8989,#7164,#7165);
#5690=AXIS2_PLACEMENT_3D('',#8991,#7167,#7168);
#5691=AXIS2_PLACEMENT_3D('',#8993,#7170,#7171);
#5692=AXIS2_PLACEMENT_3D('',#8995,#7173,#7174);
#5693=AXIS2_PLACEMENT_3D('',#8997,#7176,#7177);
#5694=AXIS2_PLACEMENT_3D('',#8999,#7179,#7180);
#5695=AXIS2_PLACEMENT_3D('',#9001,#7182,#7183);
#5696=AXIS2_PLACEMENT_3D('',#9003,#7185,#7186);
#5697=AXIS2_PLACEMENT_3D('',#9005,#7188,#7189);
#5698=AXIS2_PLACEMENT_3D('',#9007,#7191,#7192);
#5699=AXIS2_PLACEMENT_3D('',#9009,#7194,#7195);
#5700=AXIS2_PLACEMENT_3D('',#9011,#7197,#7198);
#5701=AXIS2_PLACEMENT_3D('',#9013,#7200,#7201);
#5702=AXIS2_PLACEMENT_3D('',#9015,#7203,#7204);
#5703=AXIS2_PLACEMENT_3D('',#9017,#7206,#7207);
#5704=AXIS2_PLACEMENT_3D('',#9019,#7209,#7210);
#5705=AXIS2_PLACEMENT_3D('',#9021,#7212,#7213);
#5706=AXIS2_PLACEMENT_3D('',#9023,#7215,#7216);
#5707=AXIS2_PLACEMENT_3D('',#9025,#7218,#7219);
#5708=AXIS2_PLACEMENT_3D('',#9027,#7221,#7222);
#5709=AXIS2_PLACEMENT_3D('',#9029,#7224,#7225);
#5710=AXIS2_PLACEMENT_3D('',#9031,#7227,#7228);
#5711=AXIS2_PLACEMENT_3D('',#9033,#7230,#7231);
#5712=AXIS2_PLACEMENT_3D('',#9035,#7233,#7234);
#5713=AXIS2_PLACEMENT_3D('',#9037,#7236,#7237);
#5714=AXIS2_PLACEMENT_3D('',#9039,#7239,#7240);
#5715=AXIS2_PLACEMENT_3D('',#9041,#7242,#7243);
#5716=AXIS2_PLACEMENT_3D('',#9043,#7245,#7246);
#5717=AXIS2_PLACEMENT_3D('',#9045,#7248,#7249);
#5718=AXIS2_PLACEMENT_3D('',#9047,#7251,#7252);
#5719=AXIS2_PLACEMENT_3D('',#9049,#7254,#7255);
#5720=AXIS2_PLACEMENT_3D('',#9051,#7257,#7258);
#5721=AXIS2_PLACEMENT_3D('',#9053,#7260,#7261);
#5722=AXIS2_PLACEMENT_3D('',#9055,#7263,#7264);
#5723=AXIS2_PLACEMENT_3D('',#9057,#7266,#7267);
#5724=AXIS2_PLACEMENT_3D('',#9059,#7269,#7270);
#5725=AXIS2_PLACEMENT_3D('',#9061,#7272,#7273);
#5726=AXIS2_PLACEMENT_3D('',#9063,#7275,#7276);
#5727=AXIS2_PLACEMENT_3D('',#9065,#7278,#7279);
#5728=AXIS2_PLACEMENT_3D('',#9067,#7281,#7282);
#5729=AXIS2_PLACEMENT_3D('',#9069,#7284,#7285);
#5730=AXIS2_PLACEMENT_3D('',#9071,#7287,#7288);
#5731=AXIS2_PLACEMENT_3D('',#9073,#7290,#7291);
#5732=AXIS2_PLACEMENT_3D('',#9075,#7293,#7294);
#5733=AXIS2_PLACEMENT_3D('',#9077,#7296,#7297);
#5734=AXIS2_PLACEMENT_3D('',#9079,#7299,#7300);
#5735=AXIS2_PLACEMENT_3D('',#9081,#7302,#7303);
#5736=AXIS2_PLACEMENT_3D('',#9083,#7305,#7306);
#5737=AXIS2_PLACEMENT_3D('',#9085,#7308,#7309);
#5738=AXIS2_PLACEMENT_3D('',#9087,#7311,#7312);
#5739=AXIS2_PLACEMENT_3D('',#9089,#7314,#7315);
#5740=AXIS2_PLACEMENT_3D('',#9091,#7317,#7318);
#5741=AXIS2_PLACEMENT_3D('',#9093,#7320,#7321);
#5742=AXIS2_PLACEMENT_3D('',#9095,#7323,#7324);
#5743=AXIS2_PLACEMENT_3D('',#9097,#7326,#7327);
#5744=AXIS2_PLACEMENT_3D('',#9099,#7329,#7330);
#5745=AXIS2_PLACEMENT_3D('',#9101,#7332,#7333);
#5746=AXIS2_PLACEMENT_3D('',#9103,#7335,#7336);
#5747=AXIS2_PLACEMENT_3D('',#9105,#7338,#7339);
#5748=AXIS2_PLACEMENT_3D('',#9107,#7341,#7342);
#5749=AXIS2_PLACEMENT_3D('',#9109,#7344,#7345);
#5750=AXIS2_PLACEMENT_3D('',#9111,#7347,#7348);
#5751=AXIS2_PLACEMENT_3D('',#9113,#7350,#7351);
#5752=AXIS2_PLACEMENT_3D('',#9115,#7353,#7354);
#5753=AXIS2_PLACEMENT_3D('',#9117,#7356,#7357);
#5754=AXIS2_PLACEMENT_3D('',#9119,#7359,#7360);
#5755=AXIS2_PLACEMENT_3D('',#9121,#7362,#7363);
#5756=AXIS2_PLACEMENT_3D('',#9123,#7365,#7366);
#5757=AXIS2_PLACEMENT_3D('',#9125,#7368,#7369);
#5758=AXIS2_PLACEMENT_3D('',#9127,#7371,#7372);
#5759=AXIS2_PLACEMENT_3D('',#9129,#7374,#7375);
#5760=AXIS2_PLACEMENT_3D('',#9131,#7377,#7378);
#5761=AXIS2_PLACEMENT_3D('',#9133,#7380,#7381);
#5762=AXIS2_PLACEMENT_3D('',#9135,#7383,#7384);
#5763=AXIS2_PLACEMENT_3D('',#9137,#7386,#7387);
#5764=AXIS2_PLACEMENT_3D('',#9139,#7389,#7390);
#5765=AXIS2_PLACEMENT_3D('',#9141,#7392,#7393);
#5766=AXIS2_PLACEMENT_3D('',#9143,#7395,#7396);
#5767=AXIS2_PLACEMENT_3D('',#9145,#7398,#7399);
#5768=AXIS2_PLACEMENT_3D('',#9147,#7401,#7402);
#5769=AXIS2_PLACEMENT_3D('',#9149,#7404,#7405);
#5770=AXIS2_PLACEMENT_3D('',#9151,#7407,#7408);
#5771=AXIS2_PLACEMENT_3D('',#9153,#7410,#7411);
#5772=AXIS2_PLACEMENT_3D('',#9155,#7413,#7414);
#5773=AXIS2_PLACEMENT_3D('',#9157,#7416,#7417);
#5774=AXIS2_PLACEMENT_3D('',#9159,#7419,#7420);
#5775=AXIS2_PLACEMENT_3D('',#9161,#7422,#7423);
#5776=AXIS2_PLACEMENT_3D('',#9163,#7425,#7426);
#5777=AXIS2_PLACEMENT_3D('',#9165,#7428,#7429);
#5778=AXIS2_PLACEMENT_3D('',#9167,#7431,#7432);
#5779=AXIS2_PLACEMENT_3D('',#9169,#7434,#7435);
#5780=AXIS2_PLACEMENT_3D('',#9171,#7437,#7438);
#5781=AXIS2_PLACEMENT_3D('',#9173,#7440,#7441);
#5782=AXIS2_PLACEMENT_3D('',#9175,#7443,#7444);
#5783=AXIS2_PLACEMENT_3D('',#9177,#7446,#7447);
#5784=AXIS2_PLACEMENT_3D('',#9179,#7449,#7450);
#5785=AXIS2_PLACEMENT_3D('',#9181,#7452,#7453);
#5786=AXIS2_PLACEMENT_3D('',#9183,#7455,#7456);
#5787=AXIS2_PLACEMENT_3D('',#9185,#7458,#7459);
#5788=AXIS2_PLACEMENT_3D('',#9187,#7461,#7462);
#5789=AXIS2_PLACEMENT_3D('',#9189,#7464,#7465);
#5790=AXIS2_PLACEMENT_3D('',#9191,#7467,#7468);
#5791=AXIS2_PLACEMENT_3D('',#9193,#7470,#7471);
#5792=AXIS2_PLACEMENT_3D('',#9195,#7473,#7474);
#5793=AXIS2_PLACEMENT_3D('',#9197,#7476,#7477);
#5794=AXIS2_PLACEMENT_3D('',#9199,#7479,#7480);
#5795=AXIS2_PLACEMENT_3D('',#9201,#7482,#7483);
#5796=AXIS2_PLACEMENT_3D('',#9203,#7485,#7486);
#5797=AXIS2_PLACEMENT_3D('',#9205,#7488,#7489);
#5798=AXIS2_PLACEMENT_3D('',#9207,#7491,#7492);
#5799=AXIS2_PLACEMENT_3D('',#9209,#7494,#7495);
#5800=AXIS2_PLACEMENT_3D('',#9211,#7497,#7498);
#5801=AXIS2_PLACEMENT_3D('',#9213,#7500,#7501);
#5802=AXIS2_PLACEMENT_3D('',#9215,#7503,#7504);
#5803=AXIS2_PLACEMENT_3D('',#9217,#7506,#7507);
#5804=AXIS2_PLACEMENT_3D('',#9219,#7509,#7510);
#5805=AXIS2_PLACEMENT_3D('',#9221,#7512,#7513);
#5806=AXIS2_PLACEMENT_3D('',#9223,#7515,#7516);
#5807=AXIS2_PLACEMENT_3D('',#9225,#7518,#7519);
#5808=AXIS2_PLACEMENT_3D('',#9227,#7521,#7522);
#5809=AXIS2_PLACEMENT_3D('',#9229,#7524,#7525);
#5810=AXIS2_PLACEMENT_3D('',#9231,#7527,#7528);
#5811=AXIS2_PLACEMENT_3D('',#9233,#7530,#7531);
#5812=AXIS2_PLACEMENT_3D('',#9235,#7533,#7534);
#5813=AXIS2_PLACEMENT_3D('',#9237,#7536,#7537);
#5814=AXIS2_PLACEMENT_3D('',#9239,#7539,#7540);
#5815=AXIS2_PLACEMENT_3D('',#9241,#7542,#7543);
#5816=AXIS2_PLACEMENT_3D('',#9243,#7545,#7546);
#5817=AXIS2_PLACEMENT_3D('',#9245,#7548,#7549);
#5818=AXIS2_PLACEMENT_3D('',#9247,#7551,#7552);
#5819=AXIS2_PLACEMENT_3D('',#9249,#7554,#7555);
#5820=AXIS2_PLACEMENT_3D('',#9251,#7557,#7558);
#5821=AXIS2_PLACEMENT_3D('',#9253,#7560,#7561);
#5822=AXIS2_PLACEMENT_3D('',#9255,#7563,#7564);
#5823=AXIS2_PLACEMENT_3D('',#9257,#7566,#7567);
#5824=AXIS2_PLACEMENT_3D('',#9259,#7569,#7570);
#5825=AXIS2_PLACEMENT_3D('',#9261,#7572,#7573);
#5826=AXIS2_PLACEMENT_3D('',#9263,#7575,#7576);
#5827=AXIS2_PLACEMENT_3D('',#9265,#7578,#7579);
#5828=AXIS2_PLACEMENT_3D('',#9267,#7581,#7582);
#5829=AXIS2_PLACEMENT_3D('',#9269,#7584,#7585);
#5830=AXIS2_PLACEMENT_3D('',#9271,#7587,#7588);
#5831=AXIS2_PLACEMENT_3D('',#9273,#7590,#7591);
#5832=AXIS2_PLACEMENT_3D('',#9275,#7593,#7594);
#5833=AXIS2_PLACEMENT_3D('',#9277,#7596,#7597);
#5834=AXIS2_PLACEMENT_3D('',#9279,#7599,#7600);
#5835=AXIS2_PLACEMENT_3D('',#9281,#7602,#7603);
#5836=AXIS2_PLACEMENT_3D('',#9283,#7605,#7606);
#5837=AXIS2_PLACEMENT_3D('',#9285,#7608,#7609);
#5838=AXIS2_PLACEMENT_3D('',#9287,#7611,#7612);
#5839=AXIS2_PLACEMENT_3D('',#9289,#7614,#7615);
#5840=AXIS2_PLACEMENT_3D('',#9291,#7617,#7618);
#5841=AXIS2_PLACEMENT_3D('',#9293,#7620,#7621);
#5842=AXIS2_PLACEMENT_3D('',#9295,#7623,#7624);
#5843=AXIS2_PLACEMENT_3D('',#9297,#7626,#7627);
#5844=AXIS2_PLACEMENT_3D('',#9299,#7629,#7630);
#5845=AXIS2_PLACEMENT_3D('',#9301,#7632,#7633);
#5846=AXIS2_PLACEMENT_3D('',#9303,#7635,#7636);
#5847=AXIS2_PLACEMENT_3D('',#9305,#7638,#7639);
#5848=AXIS2_PLACEMENT_3D('',#9307,#7641,#7642);
#5849=AXIS2_PLACEMENT_3D('',#9309,#7644,#7645);
#5850=AXIS2_PLACEMENT_3D('',#9311,#7647,#7648);
#5851=AXIS2_PLACEMENT_3D('',#9313,#7650,#7651);
#5852=AXIS2_PLACEMENT_3D('',#9315,#7653,#7654);
#5853=AXIS2_PLACEMENT_3D('',#9317,#7656,#7657);
#5854=AXIS2_PLACEMENT_3D('',#9319,#7659,#7660);
#5855=AXIS2_PLACEMENT_3D('',#9321,#7662,#7663);
#5856=AXIS2_PLACEMENT_3D('',#9323,#7665,#7666);
#5857=AXIS2_PLACEMENT_3D('',#9325,#7668,#7669);
#5858=AXIS2_PLACEMENT_3D('',#9327,#7671,#7672);
#5859=AXIS2_PLACEMENT_3D('',#9329,#7674,#7675);
#5860=AXIS2_PLACEMENT_3D('',#9331,#7677,#7678);
#5861=AXIS2_PLACEMENT_3D('',#9333,#7680,#7681);
#5862=AXIS2_PLACEMENT_3D('',#9335,#7683,#7684);
#5863=AXIS2_PLACEMENT_3D('',#9337,#7686,#7687);
#5864=AXIS2_PLACEMENT_3D('',#9339,#7689,#7690);
#5865=AXIS2_PLACEMENT_3D('',#9341,#7692,#7693);
#5866=AXIS2_PLACEMENT_3D('',#9343,#7695,#7696);
#5867=AXIS2_PLACEMENT_3D('',#9345,#7698,#7699);
#5868=AXIS2_PLACEMENT_3D('',#9347,#7701,#7702);
#5869=AXIS2_PLACEMENT_3D('',#9349,#7704,#7705);
#5870=AXIS2_PLACEMENT_3D('',#9351,#7707,#7708);
#5871=AXIS2_PLACEMENT_3D('',#9353,#7710,#7711);
#5872=DIRECTION('',(0.,0.,1.));
#5873=DIRECTION('',(1.,0.,0.));
#5874=DIRECTION('',(0.,1.,0.));
#5875=DIRECTION('',(-1.,0.,0.));
#5876=DIRECTION('',(0.,1.,0.));
#5877=DIRECTION('',(-1.,0.,0.));
#5878=DIRECTION('',(0.,1.,0.));
#5879=DIRECTION('',(-1.,0.,0.));
#5880=DIRECTION('',(0.,-1.,0.));
#5881=DIRECTION('',(1.,0.,0.));
#5882=DIRECTION('',(0.866025403784439,0.,-0.5));
#5883=DIRECTION('',(0.5,0.,0.866025403784439));
#5884=DIRECTION('',(0.866025403784439,0.,-0.5));
#5885=DIRECTION('',(0.5,0.,0.866025403784439));
#5886=DIRECTION('',(-7.21644966006352E-16,0.,1.));
#5887=DIRECTION('',(-1.,0.,-7.21644966006352E-16));
#5888=DIRECTION('',(-7.21644966006352E-16,0.,1.));
#5889=DIRECTION('',(-1.,0.,-7.21644966006352E-16));
#5890=DIRECTION('',(-0.866025403784439,0.,-0.5));
#5891=DIRECTION('',(0.5,0.,-0.866025403784439));
#5892=DIRECTION('',(-0.866025403784439,0.,-0.5));
#5893=DIRECTION('',(0.5,0.,-0.866025403784439));
#5894=DIRECTION('',(0.,-1.,0.));
#5895=DIRECTION('',(1.,0.,0.));
#5896=DIRECTION('',(0.5,0.,0.866025403784439));
#5897=DIRECTION('',(-0.5,0.,0.866025403784438));
#5898=DIRECTION('',(1.,0.,0.));
#5899=DIRECTION('',(-0.5,0.,-0.866025403784439));
#5900=DIRECTION('',(0.5,0.,-0.866025403784438));
#5901=DIRECTION('',(1.,0.,0.));
#5902=DIRECTION('',(0.,-1.,0.));
#5903=DIRECTION('',(1.,0.,0.));
#5904=DIRECTION('',(0.,-1.,0.));
#5905=DIRECTION('',(1.,0.,0.));
#5906=DIRECTION('',(-0.866025403784439,0.,0.5));
#5907=DIRECTION('',(-0.5,0.,-0.866025403784439));
#5908=DIRECTION('',(0.,-1.,0.));
#5909=DIRECTION('',(-0.5,0.,-0.866025403784439));
#5910=DIRECTION('',(0.,-1.,0.));
#5911=DIRECTION('',(6.83214169000096E-16,0.,-1.));
#5912=DIRECTION('',(1.,0.,6.83214169000096E-16));
#5913=DIRECTION('',(0.,-1.,0.));
#5914=DIRECTION('',(1.,0.,6.83214169000096E-16));
#5915=DIRECTION('',(0.,-1.,0.));
#5916=DIRECTION('',(0.866025403784439,0.,0.5));
#5917=DIRECTION('',(-0.5,0.,0.866025403784439));
#5918=DIRECTION('',(0.,-1.,0.));
#5919=DIRECTION('',(-0.5,0.,0.866025403784439));
#5920=DIRECTION('',(0.,-1.,0.));
#5921=DIRECTION('',(0.866025403784439,0.,-0.5));
#5922=DIRECTION('',(0.5,0.,0.866025403784439));
#5923=DIRECTION('',(0.5,0.,0.866025403784439));
#5924=DIRECTION('',(-0.866025403784438,0.,-0.5));
#5925=DIRECTION('',(0.5,0.,-0.866025403784438));
#5926=DIRECTION('',(0.5,0.,-0.866025403784438));
#5927=DIRECTION('',(-1.19562479575017E-15,0.,1.));
#5928=DIRECTION('',(-1.,0.,-1.19562479575017E-15));
#5929=DIRECTION('',(-1.,0.,-1.19562479575017E-15));
#5930=DIRECTION('',(0.,1.,0.));
#5931=DIRECTION('',(-1.,0.,0.));
#5932=DIRECTION('',(0.,1.,0.));
#5933=DIRECTION('',(-1.,0.,0.));
#5934=DIRECTION('',(-0.612372435695794,-0.707106781186549,0.353553390593273));
#5935=DIRECTION('',(0.755928946018455,-0.654653670707976,0.));
#5936=DIRECTION('',(-0.612372435695794,-0.707106781186549,0.353553390593273));
#5937=DIRECTION('',(-0.612372435695796,0.707106781186547,0.353553390593274));
#5938=DIRECTION('',(-0.612372435695794,-0.707106781186549,0.353553390593273));
#5939=DIRECTION('',(-0.612372435695796,0.707106781186547,0.353553390593274));
#5940=DIRECTION('',(-0.5,-5.0902020920337E-15,-0.866025403784442));
#5941=DIRECTION('',(4.831053719027E-16,-0.707106781186548,-0.707106781186547));
#5942=DIRECTION('',(0.,0.707106781186547,-0.707106781186548));
#5943=DIRECTION('',(4.831053719027E-16,-0.707106781186548,-0.707106781186547));
#5944=DIRECTION('',(4.83105371902701E-16,0.707106781186547,-0.707106781186548));
#5945=DIRECTION('',(4.831053719027E-16,-0.707106781186548,-0.707106781186547));
#5946=DIRECTION('',(4.83105371902701E-16,0.707106781186547,-0.707106781186548));
#5947=DIRECTION('',(1.,3.41607084500048E-16,3.41607084500048E-16));
#5948=DIRECTION('',(0.612372435695794,-0.707106781186548,0.353553390593274));
#5949=DIRECTION('',(0.755928946018455,0.654653670707977,0.));
#5950=DIRECTION('',(0.612372435695794,-0.707106781186548,0.353553390593274));
#5951=DIRECTION('',(0.612372435695795,0.707106781186547,0.353553390593275));
#5952=DIRECTION('',(0.612372435695794,-0.707106781186548,0.353553390593274));
#5953=DIRECTION('',(0.612372435695795,0.707106781186547,0.353553390593275));
#5954=DIRECTION('',(-0.5,1.27255052300835E-15,0.866025403784439));
#5955=DIRECTION('',(0.612372435695795,-0.707106781186548,-0.353553390593273));
#5956=DIRECTION('',(0.755928946018455,0.654653670707977,0.));
#5957=DIRECTION('',(0.612372435695795,-0.707106781186548,-0.353553390593273));
#5958=DIRECTION('',(0.612372435695795,0.707106781186547,-0.353553390593273));
#5959=DIRECTION('',(0.612372435695795,-0.707106781186548,-0.353553390593273));
#5960=DIRECTION('',(0.612372435695795,0.707106781186547,-0.353553390593273));
#5961=DIRECTION('',(0.5,0.,0.86602540378444));
#5962=DIRECTION('',(-0.612372435695793,-0.707106781186548,-0.353553390593275));
#5963=DIRECTION('',(0.755928946018455,-0.654653670707976,0.));
#5964=DIRECTION('',(-0.612372435695793,-0.707106781186548,-0.353553390593275));
#5965=DIRECTION('',(-0.612372435695795,0.707106781186547,-0.353553390593275));
#5966=DIRECTION('',(0.5,-2.54510104601674E-15,-0.866025403784437));
#5967=DIRECTION('',(-0.612372435695793,-0.707106781186548,-0.353553390593275));
#5968=DIRECTION('',(-0.612372435695795,0.707106781186547,-0.353553390593275));
#5969=DIRECTION('',(-8.45434400829724E-16,-0.707106781186548,0.707106781186547));
#5970=DIRECTION('',(0.,-0.707106781186547,-0.707106781186548));
#5971=DIRECTION('',(-8.45434400829724E-16,-0.707106781186548,0.707106781186547));
#5972=DIRECTION('',(-8.45434400829725E-16,0.707106781186547,0.707106781186548));
#5973=DIRECTION('',(-8.45434400829724E-16,-0.707106781186548,0.707106781186547));
#5974=DIRECTION('',(-8.45434400829725E-16,0.707106781186547,0.707106781186548));
#5975=DIRECTION('',(1.,-5.97812397875084E-16,5.97812397875083E-16));
#5976=DIRECTION('',(0.,-1.,0.));
#5977=DIRECTION('',(1.,0.,0.));
#5978=DIRECTION('',(0.,1.,0.));
#5979=DIRECTION('',(-1.,0.,0.));
#5980=DIRECTION('',(0.,1.,0.));
#5981=DIRECTION('',(-1.,0.,0.));
#5982=DIRECTION('',(0.,1.,0.));
#5983=DIRECTION('',(-1.,0.,0.));
#5984=DIRECTION('',(0.,1.,0.));
#5985=DIRECTION('',(-1.,0.,0.));
#5986=DIRECTION('',(0.,1.,0.));
#5987=DIRECTION('',(-1.,0.,0.));
#5988=DIRECTION('',(0.,1.,0.));
#5989=DIRECTION('',(-1.,0.,0.));
#5990=DIRECTION('',(0.,1.,0.));
#5991=DIRECTION('',(-1.,0.,0.));
#5992=DIRECTION('',(0.,1.,0.));
#5993=DIRECTION('',(-1.,0.,0.));
#5994=DIRECTION('',(0.,1.,0.));
#5995=DIRECTION('',(-1.,0.,0.));
#5996=DIRECTION('',(0.,1.,0.));
#5997=DIRECTION('',(-1.,0.,0.));
#5998=DIRECTION('',(0.,1.,0.));
#5999=DIRECTION('',(-1.,0.,0.));
#6000=DIRECTION('',(0.,1.,0.));
#6001=DIRECTION('',(-1.,0.,0.));
#6002=DIRECTION('',(0.,1.,0.));
#6003=DIRECTION('',(-1.,0.,0.));
#6004=DIRECTION('',(0.,1.,0.));
#6005=DIRECTION('',(-1.,0.,0.));
#6006=DIRECTION('',(0.,1.,0.));
#6007=DIRECTION('',(-1.,0.,0.));
#6008=DIRECTION('',(0.,1.,0.));
#6009=DIRECTION('',(-1.,0.,0.));
#6010=DIRECTION('',(0.,1.,0.));
#6011=DIRECTION('',(-1.,0.,0.));
#6012=DIRECTION('',(0.,-1.,0.));
#6013=DIRECTION('',(1.,0.,0.));
#6014=DIRECTION('',(0.,-1.,0.));
#6015=DIRECTION('',(-1.,0.,0.));
#6016=DIRECTION('',(0.,1.,0.));
#6017=DIRECTION('',(-1.,0.,0.));
#6018=DIRECTION('',(0.,1.,0.));
#6019=DIRECTION('',(-1.,0.,0.));
#6020=DIRECTION('',(0.,-1.,0.));
#6021=DIRECTION('',(1.,0.,0.));
#6022=DIRECTION('',(0.,-1.,0.));
#6023=DIRECTION('',(1.,0.,0.));
#6024=DIRECTION('',(0.,-1.,0.));
#6025=DIRECTION('',(1.,0.,0.));
#6026=DIRECTION('',(0.,-1.,0.));
#6027=DIRECTION('',(1.,0.,0.));
#6028=DIRECTION('',(0.,-1.,0.));
#6029=DIRECTION('',(1.,0.,0.));
#6030=DIRECTION('',(0.,-1.,0.));
#6031=DIRECTION('',(1.,0.,0.));
#6032=DIRECTION('',(0.,-1.,0.));
#6033=DIRECTION('',(1.,0.,0.));
#6034=DIRECTION('',(0.,-1.,0.));
#6035=DIRECTION('',(1.,0.,0.));
#6036=DIRECTION('',(0.,-1.,0.));
#6037=DIRECTION('',(1.,0.,0.));
#6038=DIRECTION('',(0.,-1.,0.));
#6039=DIRECTION('',(1.,0.,0.));
#6040=DIRECTION('',(0.,-1.,0.));
#6041=DIRECTION('',(1.,0.,0.));
#6042=DIRECTION('',(0.,-1.,0.));
#6043=DIRECTION('',(1.,0.,0.));
#6044=DIRECTION('',(0.,-1.,0.));
#6045=DIRECTION('',(1.,0.,0.));
#6046=DIRECTION('',(0.,-1.,0.));
#6047=DIRECTION('',(1.,0.,0.));
#6048=DIRECTION('',(0.,-1.,0.));
#6049=DIRECTION('',(1.,0.,0.));
#6050=DIRECTION('',(0.,-1.,0.));
#6051=DIRECTION('',(1.,0.,0.));
#6052=DIRECTION('',(0.,-1.,0.));
#6053=DIRECTION('',(1.,0.,0.));
#6054=DIRECTION('',(0.,-1.,0.));
#6055=DIRECTION('',(1.,0.,0.));
#6056=DIRECTION('',(0.,-1.,0.));
#6057=DIRECTION('',(1.,0.,0.));
#6058=DIRECTION('',(0.,-1.,0.));
#6059=DIRECTION('',(1.,0.,0.));
#6060=DIRECTION('',(0.,-1.,0.));
#6061=DIRECTION('',(1.,0.,0.));
#6062=DIRECTION('',(0.,-1.,0.));
#6063=DIRECTION('',(1.,0.,0.));
#6064=DIRECTION('',(0.,-1.,0.));
#6065=DIRECTION('',(1.,0.,0.));
#6066=DIRECTION('',(0.,-1.,0.));
#6067=DIRECTION('',(1.,0.,0.));
#6068=DIRECTION('',(0.,-1.,0.));
#6069=DIRECTION('',(1.,0.,0.));
#6070=DIRECTION('',(0.,-1.,0.));
#6071=DIRECTION('',(1.,0.,0.));
#6072=DIRECTION('',(0.,-1.,0.));
#6073=DIRECTION('',(1.,0.,0.));
#6074=DIRECTION('',(0.,-1.,0.));
#6075=DIRECTION('',(1.,0.,0.));
#6076=DIRECTION('',(0.,-1.,0.));
#6077=DIRECTION('',(1.,0.,0.));
#6078=DIRECTION('',(0.,-1.,0.));
#6079=DIRECTION('',(1.,0.,0.));
#6080=DIRECTION('',(0.,-1.,0.));
#6081=DIRECTION('',(1.,0.,0.));
#6082=DIRECTION('',(0.,-1.,0.));
#6083=DIRECTION('',(1.,0.,0.));
#6084=DIRECTION('',(0.,-1.,0.));
#6085=DIRECTION('',(1.,0.,0.));
#6086=DIRECTION('',(0.,-1.,0.));
#6087=DIRECTION('',(1.,0.,0.));
#6088=DIRECTION('',(0.,-1.,0.));
#6089=DIRECTION('',(1.,0.,0.));
#6090=DIRECTION('',(0.,-1.,0.));
#6091=DIRECTION('',(1.,0.,0.));
#6092=DIRECTION('',(0.,-1.,0.));
#6093=DIRECTION('',(1.,0.,0.));
#6094=DIRECTION('',(0.,-1.,0.));
#6095=DIRECTION('',(1.,0.,0.));
#6096=DIRECTION('',(0.,-1.,0.));
#6097=DIRECTION('',(1.,0.,0.));
#6098=DIRECTION('',(0.,-1.,0.));
#6099=DIRECTION('',(1.,0.,0.));
#6100=DIRECTION('',(0.,-1.,0.));
#6101=DIRECTION('',(1.,0.,0.));
#6102=DIRECTION('',(0.,-1.,0.));
#6103=DIRECTION('',(1.,0.,0.));
#6104=DIRECTION('',(0.,-1.,0.));
#6105=DIRECTION('',(1.,0.,0.));
#6106=DIRECTION('',(0.,-1.,0.));
#6107=DIRECTION('',(1.,0.,0.));
#6108=DIRECTION('',(0.,-1.,0.));
#6109=DIRECTION('',(1.,0.,0.));
#6110=DIRECTION('',(0.,-1.,0.));
#6111=DIRECTION('',(1.,0.,0.));
#6112=DIRECTION('',(0.,-1.,0.));
#6113=DIRECTION('',(1.,0.,0.));
#6114=DIRECTION('',(0.,-1.,0.));
#6115=DIRECTION('',(1.,0.,0.));
#6116=DIRECTION('',(0.,-1.,0.));
#6117=DIRECTION('',(1.,0.,0.));
#6118=DIRECTION('',(0.,-1.,0.));
#6119=DIRECTION('',(1.,0.,0.));
#6120=DIRECTION('',(0.,-1.,0.));
#6121=DIRECTION('',(1.,0.,0.));
#6122=DIRECTION('',(0.,-1.,0.));
#6123=DIRECTION('',(1.,0.,0.));
#6124=DIRECTION('',(0.,-1.,0.));
#6125=DIRECTION('',(1.,0.,0.));
#6126=DIRECTION('',(0.,-1.,0.));
#6127=DIRECTION('',(1.,0.,0.));
#6128=DIRECTION('',(0.,-1.,0.));
#6129=DIRECTION('',(1.,0.,0.));
#6130=DIRECTION('',(0.,-1.,0.));
#6131=DIRECTION('',(1.,0.,0.));
#6132=DIRECTION('',(0.,-1.,0.));
#6133=DIRECTION('',(1.,0.,0.));
#6134=DIRECTION('',(0.,-1.,0.));
#6135=DIRECTION('',(1.,0.,0.));
#6136=DIRECTION('',(0.,-1.,0.));
#6137=DIRECTION('',(1.,0.,0.));
#6138=DIRECTION('',(0.,-1.,0.));
#6139=DIRECTION('',(1.,0.,0.));
#6140=DIRECTION('',(0.,-1.,0.));
#6141=DIRECTION('',(1.,0.,0.));
#6142=DIRECTION('',(0.,-1.,0.));
#6143=DIRECTION('',(1.,0.,0.));
#6144=DIRECTION('',(0.,-1.,0.));
#6145=DIRECTION('',(1.,0.,0.));
#6146=DIRECTION('',(0.,-1.,0.));
#6147=DIRECTION('',(1.,0.,0.));
#6148=DIRECTION('',(0.,-1.,0.));
#6149=DIRECTION('',(1.,0.,0.));
#6150=DIRECTION('',(0.,-1.,0.));
#6151=DIRECTION('',(1.,0.,0.));
#6152=DIRECTION('',(0.,-1.,0.));
#6153=DIRECTION('',(1.,0.,0.));
#6154=DIRECTION('',(0.,-1.,0.));
#6155=DIRECTION('',(1.,0.,0.));
#6156=DIRECTION('',(0.,-1.,0.));
#6157=DIRECTION('',(1.,0.,0.));
#6158=DIRECTION('',(0.,-1.,0.));
#6159=DIRECTION('',(1.,0.,0.));
#6160=DIRECTION('',(0.,-1.,0.));
#6161=DIRECTION('',(1.,0.,0.));
#6162=DIRECTION('',(0.,-1.,0.));
#6163=DIRECTION('',(1.,0.,0.));
#6164=DIRECTION('',(0.,-1.,0.));
#6165=DIRECTION('',(1.,0.,0.));
#6166=DIRECTION('',(0.,-1.,0.));
#6167=DIRECTION('',(1.,0.,0.));
#6168=DIRECTION('',(0.,-1.,0.));
#6169=DIRECTION('',(1.,0.,0.));
#6170=DIRECTION('',(0.,-1.,0.));
#6171=DIRECTION('',(1.,0.,0.));
#6172=DIRECTION('',(0.,-1.,0.));
#6173=DIRECTION('',(1.,0.,0.));
#6174=DIRECTION('',(0.,-1.,0.));
#6175=DIRECTION('',(1.,0.,0.));
#6176=DIRECTION('',(0.,-1.,0.));
#6177=DIRECTION('',(1.,0.,0.));
#6178=DIRECTION('',(0.,-1.,0.));
#6179=DIRECTION('',(1.,0.,0.));
#6180=DIRECTION('',(0.,-1.,0.));
#6181=DIRECTION('',(1.,0.,0.));
#6182=DIRECTION('',(0.,-1.,0.));
#6183=DIRECTION('',(1.,0.,0.));
#6184=DIRECTION('',(0.,-1.,0.));
#6185=DIRECTION('',(1.,0.,0.));
#6186=DIRECTION('',(0.,-1.,0.));
#6187=DIRECTION('',(1.,0.,0.));
#6188=DIRECTION('',(0.,-1.,0.));
#6189=DIRECTION('',(1.,0.,0.));
#6190=DIRECTION('',(0.,-1.,0.));
#6191=DIRECTION('',(1.,0.,0.));
#6192=DIRECTION('',(0.,-1.,0.));
#6193=DIRECTION('',(1.,0.,0.));
#6194=DIRECTION('',(0.,-1.,0.));
#6195=DIRECTION('',(1.,0.,0.));
#6196=DIRECTION('',(0.,-1.,0.));
#6197=DIRECTION('',(1.,0.,0.));
#6198=DIRECTION('',(0.,-1.,0.));
#6199=DIRECTION('',(1.,0.,0.));
#6200=DIRECTION('',(0.,-1.,0.));
#6201=DIRECTION('',(1.,0.,0.));
#6202=DIRECTION('',(0.,-1.,0.));
#6203=DIRECTION('',(1.,0.,0.));
#6204=DIRECTION('',(0.,-1.,0.));
#6205=DIRECTION('',(1.,0.,0.));
#6206=DIRECTION('',(0.,-1.,0.));
#6207=DIRECTION('',(1.,0.,0.));
#6208=DIRECTION('',(0.,-1.,0.));
#6209=DIRECTION('',(1.,0.,0.));
#6210=DIRECTION('',(0.,-1.,0.));
#6211=DIRECTION('',(1.,0.,0.));
#6212=DIRECTION('',(0.,-1.,0.));
#6213=DIRECTION('',(1.,0.,0.));
#6214=DIRECTION('',(0.,-1.,0.));
#6215=DIRECTION('',(1.,0.,0.));
#6216=DIRECTION('',(0.,-1.,0.));
#6217=DIRECTION('',(1.,0.,0.));
#6218=DIRECTION('',(0.,-1.,0.));
#6219=DIRECTION('',(1.,0.,0.));
#6220=DIRECTION('',(0.,-1.,0.));
#6221=DIRECTION('',(1.,0.,0.));
#6222=DIRECTION('',(0.,-1.,0.));
#6223=DIRECTION('',(1.,0.,0.));
#6224=DIRECTION('',(0.,-1.,0.));
#6225=DIRECTION('',(1.,0.,0.));
#6226=DIRECTION('',(0.,-1.,0.));
#6227=DIRECTION('',(1.,0.,0.));
#6228=DIRECTION('',(0.,-1.,0.));
#6229=DIRECTION('',(1.,0.,0.));
#6230=DIRECTION('',(0.,-1.,0.));
#6231=DIRECTION('',(1.,0.,0.));
#6232=DIRECTION('',(0.,-1.,0.));
#6233=DIRECTION('',(1.,0.,0.));
#6234=DIRECTION('',(0.,-1.,0.));
#6235=DIRECTION('',(1.,0.,0.));
#6236=DIRECTION('',(0.,-1.,0.));
#6237=DIRECTION('',(1.,0.,0.));
#6238=DIRECTION('',(0.,-1.,0.));
#6239=DIRECTION('',(1.,0.,0.));
#6240=DIRECTION('',(0.,-1.,0.));
#6241=DIRECTION('',(1.,0.,0.));
#6242=DIRECTION('',(0.,-1.,0.));
#6243=DIRECTION('',(1.,0.,0.));
#6244=DIRECTION('',(0.,-1.,0.));
#6245=DIRECTION('',(1.,0.,0.));
#6246=DIRECTION('',(0.,-1.,0.));
#6247=DIRECTION('',(1.,0.,0.));
#6248=DIRECTION('',(0.,-1.,0.));
#6249=DIRECTION('',(1.,0.,0.));
#6250=DIRECTION('',(0.,-1.,0.));
#6251=DIRECTION('',(1.,0.,0.));
#6252=DIRECTION('',(0.,-1.,0.));
#6253=DIRECTION('',(1.,0.,0.));
#6254=DIRECTION('',(0.,-1.,0.));
#6255=DIRECTION('',(1.,0.,0.));
#6256=DIRECTION('',(0.,-1.,0.));
#6257=DIRECTION('',(1.,0.,0.));
#6258=DIRECTION('',(0.,-1.,0.));
#6259=DIRECTION('',(1.,0.,0.));
#6260=DIRECTION('',(0.,-1.,0.));
#6261=DIRECTION('',(1.,0.,0.));
#6262=DIRECTION('',(0.,-1.,0.));
#6263=DIRECTION('',(1.,0.,0.));
#6264=DIRECTION('',(0.,-1.,0.));
#6265=DIRECTION('',(1.,0.,0.));
#6266=DIRECTION('',(0.,-1.,0.));
#6267=DIRECTION('',(1.,0.,0.));
#6268=DIRECTION('',(0.,-1.,0.));
#6269=DIRECTION('',(1.,0.,0.));
#6270=DIRECTION('',(0.,-1.,0.));
#6271=DIRECTION('',(1.,0.,0.));
#6272=DIRECTION('',(0.,-1.,0.));
#6273=DIRECTION('',(1.,0.,0.));
#6274=DIRECTION('',(0.,-1.,0.));
#6275=DIRECTION('',(1.,0.,0.));
#6276=DIRECTION('',(0.,-1.,0.));
#6277=DIRECTION('',(1.,0.,0.));
#6278=DIRECTION('',(0.,-1.,0.));
#6279=DIRECTION('',(1.,0.,0.));
#6280=DIRECTION('',(0.,-1.,0.));
#6281=DIRECTION('',(1.,0.,0.));
#6282=DIRECTION('',(0.,-1.,0.));
#6283=DIRECTION('',(1.,0.,0.));
#6284=DIRECTION('',(0.,-1.,0.));
#6285=DIRECTION('',(1.,0.,0.));
#6286=DIRECTION('',(0.,-1.,0.));
#6287=DIRECTION('',(1.,0.,0.));
#6288=DIRECTION('',(0.,-1.,0.));
#6289=DIRECTION('',(1.,0.,0.));
#6290=DIRECTION('',(0.,-1.,0.));
#6291=DIRECTION('',(1.,0.,0.));
#6292=DIRECTION('',(0.,-1.,0.));
#6293=DIRECTION('',(1.,0.,0.));
#6294=DIRECTION('',(0.,-1.,0.));
#6295=DIRECTION('',(1.,0.,0.));
#6296=DIRECTION('',(0.,-1.,0.));
#6297=DIRECTION('',(1.,0.,0.));
#6298=DIRECTION('',(0.,-1.,0.));
#6299=DIRECTION('',(1.,0.,0.));
#6300=DIRECTION('',(0.,-1.,0.));
#6301=DIRECTION('',(1.,0.,0.));
#6302=DIRECTION('',(0.,-1.,0.));
#6303=DIRECTION('',(1.,0.,0.));
#6304=DIRECTION('',(0.,-1.,0.));
#6305=DIRECTION('',(1.,0.,0.));
#6306=DIRECTION('',(0.,-1.,0.));
#6307=DIRECTION('',(1.,0.,0.));
#6308=DIRECTION('',(0.,-1.,0.));
#6309=DIRECTION('',(1.,0.,0.));
#6310=DIRECTION('',(0.,-1.,0.));
#6311=DIRECTION('',(1.,0.,0.));
#6312=DIRECTION('',(0.,-1.,0.));
#6313=DIRECTION('',(1.,0.,0.));
#6314=DIRECTION('',(0.,-1.,0.));
#6315=DIRECTION('',(1.,0.,0.));
#6316=DIRECTION('',(0.,-1.,0.));
#6317=DIRECTION('',(1.,0.,0.));
#6318=DIRECTION('',(0.,-1.,0.));
#6319=DIRECTION('',(1.,0.,0.));
#6320=DIRECTION('',(0.,-1.,0.));
#6321=DIRECTION('',(1.,0.,0.));
#6322=DIRECTION('',(0.,-1.,0.));
#6323=DIRECTION('',(1.,0.,0.));
#6324=DIRECTION('',(0.,-1.,0.));
#6325=DIRECTION('',(1.,0.,0.));
#6326=DIRECTION('',(0.,-1.,0.));
#6327=DIRECTION('',(1.,0.,0.));
#6328=DIRECTION('',(0.,-1.,0.));
#6329=DIRECTION('',(1.,0.,0.));
#6330=DIRECTION('',(0.,-1.,0.));
#6331=DIRECTION('',(1.,0.,0.));
#6332=DIRECTION('',(0.,-1.,0.));
#6333=DIRECTION('',(1.,0.,0.));
#6334=DIRECTION('',(0.,-1.,0.));
#6335=DIRECTION('',(1.,0.,0.));
#6336=DIRECTION('',(0.,-1.,0.));
#6337=DIRECTION('',(1.,0.,0.));
#6338=DIRECTION('',(0.,-1.,0.));
#6339=DIRECTION('',(1.,0.,0.));
#6340=DIRECTION('',(0.,-1.,0.));
#6341=DIRECTION('',(1.,0.,0.));
#6342=DIRECTION('',(0.,-1.,0.));
#6343=DIRECTION('',(1.,0.,0.));
#6344=DIRECTION('',(0.,-1.,0.));
#6345=DIRECTION('',(1.,0.,0.));
#6346=DIRECTION('',(0.,-1.,0.));
#6347=DIRECTION('',(1.,0.,0.));
#6348=DIRECTION('',(0.,-1.,0.));
#6349=DIRECTION('',(1.,0.,0.));
#6350=DIRECTION('',(0.,-1.,0.));
#6351=DIRECTION('',(1.,0.,0.));
#6352=DIRECTION('',(0.,-1.,0.));
#6353=DIRECTION('',(1.,0.,0.));
#6354=DIRECTION('',(0.,-1.,0.));
#6355=DIRECTION('',(1.,0.,0.));
#6356=DIRECTION('',(0.,-1.,0.));
#6357=DIRECTION('',(1.,0.,0.));
#6358=DIRECTION('',(0.,-1.,0.));
#6359=DIRECTION('',(1.,0.,0.));
#6360=DIRECTION('',(0.,-1.,0.));
#6361=DIRECTION('',(1.,0.,0.));
#6362=DIRECTION('',(0.,-1.,0.));
#6363=DIRECTION('',(1.,0.,0.));
#6364=DIRECTION('',(0.,-1.,0.));
#6365=DIRECTION('',(1.,0.,0.));
#6366=DIRECTION('',(0.,-1.,0.));
#6367=DIRECTION('',(1.,0.,0.));
#6368=DIRECTION('',(0.,-1.,0.));
#6369=DIRECTION('',(1.,0.,0.));
#6370=DIRECTION('',(0.,-1.,0.));
#6371=DIRECTION('',(1.,0.,0.));
#6372=DIRECTION('',(0.,-1.,0.));
#6373=DIRECTION('',(1.,0.,0.));
#6374=DIRECTION('',(0.,-1.,0.));
#6375=DIRECTION('',(1.,0.,0.));
#6376=DIRECTION('',(0.,-1.,0.));
#6377=DIRECTION('',(1.,0.,0.));
#6378=DIRECTION('',(0.,-1.,0.));
#6379=DIRECTION('',(1.,0.,0.));
#6380=DIRECTION('',(0.,-1.,0.));
#6381=DIRECTION('',(1.,0.,0.));
#6382=DIRECTION('',(0.,-1.,0.));
#6383=DIRECTION('',(1.,0.,0.));
#6384=DIRECTION('',(0.,-1.,0.));
#6385=DIRECTION('',(1.,0.,0.));
#6386=DIRECTION('',(0.,-1.,0.));
#6387=DIRECTION('',(1.,0.,0.));
#6388=DIRECTION('',(0.,-1.,0.));
#6389=DIRECTION('',(1.,0.,0.));
#6390=DIRECTION('',(0.,-1.,0.));
#6391=DIRECTION('',(1.,0.,0.));
#6392=DIRECTION('',(0.,-1.,0.));
#6393=DIRECTION('',(1.,0.,0.));
#6394=DIRECTION('',(0.,-1.,0.));
#6395=DIRECTION('',(1.,0.,0.));
#6396=DIRECTION('',(0.,-1.,0.));
#6397=DIRECTION('',(1.,0.,0.));
#6398=DIRECTION('',(0.,-1.,0.));
#6399=DIRECTION('',(1.,0.,0.));
#6400=DIRECTION('',(0.,-1.,0.));
#6401=DIRECTION('',(1.,0.,0.));
#6402=DIRECTION('',(0.,-1.,0.));
#6403=DIRECTION('',(1.,0.,0.));
#6404=DIRECTION('',(0.,-1.,0.));
#6405=DIRECTION('',(1.,0.,0.));
#6406=DIRECTION('',(0.,-1.,0.));
#6407=DIRECTION('',(1.,0.,0.));
#6408=DIRECTION('',(0.,-1.,0.));
#6409=DIRECTION('',(1.,0.,0.));
#6410=DIRECTION('',(0.,-1.,0.));
#6411=DIRECTION('',(1.,0.,0.));
#6412=DIRECTION('',(0.,-1.,0.));
#6413=DIRECTION('',(1.,0.,0.));
#6414=DIRECTION('',(0.,-1.,0.));
#6415=DIRECTION('',(1.,0.,0.));
#6416=DIRECTION('',(0.,-1.,0.));
#6417=DIRECTION('',(1.,0.,0.));
#6418=DIRECTION('',(0.,-1.,0.));
#6419=DIRECTION('',(1.,0.,0.));
#6420=DIRECTION('',(0.,-1.,0.));
#6421=DIRECTION('',(1.,0.,0.));
#6422=DIRECTION('',(0.,-1.,0.));
#6423=DIRECTION('',(1.,0.,0.));
#6424=DIRECTION('',(0.,-1.,0.));
#6425=DIRECTION('',(1.,0.,0.));
#6426=DIRECTION('',(0.,-1.,0.));
#6427=DIRECTION('',(1.,0.,0.));
#6428=DIRECTION('',(0.,-1.,0.));
#6429=DIRECTION('',(1.,0.,0.));
#6430=DIRECTION('',(0.,-1.,0.));
#6431=DIRECTION('',(1.,0.,0.));
#6432=DIRECTION('',(0.,-1.,0.));
#6433=DIRECTION('',(1.,0.,0.));
#6434=DIRECTION('',(0.,-1.,0.));
#6435=DIRECTION('',(1.,0.,0.));
#6436=DIRECTION('',(0.,-1.,0.));
#6437=DIRECTION('',(1.,0.,0.));
#6438=DIRECTION('',(0.,-1.,0.));
#6439=DIRECTION('',(1.,0.,0.));
#6440=DIRECTION('',(0.,-1.,0.));
#6441=DIRECTION('',(1.,0.,0.));
#6442=DIRECTION('',(0.,-1.,0.));
#6443=DIRECTION('',(1.,0.,0.));
#6444=DIRECTION('',(0.,-1.,0.));
#6445=DIRECTION('',(1.,0.,0.));
#6446=DIRECTION('',(0.,-1.,0.));
#6447=DIRECTION('',(1.,0.,0.));
#6448=DIRECTION('',(0.,-1.,0.));
#6449=DIRECTION('',(1.,0.,0.));
#6450=DIRECTION('',(0.,-1.,0.));
#6451=DIRECTION('',(1.,0.,0.));
#6452=DIRECTION('',(0.,-1.,0.));
#6453=DIRECTION('',(1.,0.,0.));
#6454=DIRECTION('',(0.,-1.,0.));
#6455=DIRECTION('',(1.,0.,0.));
#6456=DIRECTION('',(0.,-1.,0.));
#6457=DIRECTION('',(1.,0.,0.));
#6458=DIRECTION('',(0.,-1.,0.));
#6459=DIRECTION('',(1.,0.,0.));
#6460=DIRECTION('',(0.,-1.,0.));
#6461=DIRECTION('',(1.,0.,0.));
#6462=DIRECTION('',(0.,-1.,0.));
#6463=DIRECTION('',(1.,0.,0.));
#6464=DIRECTION('',(0.,-1.,0.));
#6465=DIRECTION('',(1.,0.,0.));
#6466=DIRECTION('',(0.,-1.,0.));
#6467=DIRECTION('',(1.,0.,0.));
#6468=DIRECTION('',(0.,-1.,0.));
#6469=DIRECTION('',(1.,0.,0.));
#6470=DIRECTION('',(0.,-1.,0.));
#6471=DIRECTION('',(1.,0.,0.));
#6472=DIRECTION('',(0.,-1.,0.));
#6473=DIRECTION('',(1.,0.,0.));
#6474=DIRECTION('',(0.,-1.,0.));
#6475=DIRECTION('',(1.,0.,0.));
#6476=DIRECTION('',(0.,-1.,0.));
#6477=DIRECTION('',(1.,0.,0.));
#6478=DIRECTION('',(0.,-1.,0.));
#6479=DIRECTION('',(1.,0.,0.));
#6480=DIRECTION('',(0.,-1.,0.));
#6481=DIRECTION('',(1.,0.,0.));
#6482=DIRECTION('',(0.,-1.,0.));
#6483=DIRECTION('',(1.,0.,0.));
#6484=DIRECTION('',(0.,-1.,0.));
#6485=DIRECTION('',(1.,0.,0.));
#6486=DIRECTION('',(0.,-1.,0.));
#6487=DIRECTION('',(1.,0.,0.));
#6488=DIRECTION('',(0.,-1.,0.));
#6489=DIRECTION('',(1.,0.,0.));
#6490=DIRECTION('',(0.,-1.,0.));
#6491=DIRECTION('',(1.,0.,0.));
#6492=DIRECTION('',(0.,-1.,0.));
#6493=DIRECTION('',(1.,0.,0.));
#6494=DIRECTION('',(0.,-1.,0.));
#6495=DIRECTION('',(1.,0.,0.));
#6496=DIRECTION('',(0.,-1.,0.));
#6497=DIRECTION('',(1.,0.,0.));
#6498=DIRECTION('',(0.,-1.,0.));
#6499=DIRECTION('',(1.,0.,0.));
#6500=DIRECTION('',(0.,-1.,0.));
#6501=DIRECTION('',(1.,0.,0.));
#6502=DIRECTION('',(0.,-1.,0.));
#6503=DIRECTION('',(1.,0.,0.));
#6504=DIRECTION('',(0.,-1.,0.));
#6505=DIRECTION('',(1.,0.,0.));
#6506=DIRECTION('',(0.,-1.,0.));
#6507=DIRECTION('',(1.,0.,0.));
#6508=DIRECTION('',(0.,-1.,0.));
#6509=DIRECTION('',(1.,0.,0.));
#6510=DIRECTION('',(0.,-1.,0.));
#6511=DIRECTION('',(1.,0.,0.));
#6512=DIRECTION('',(0.,-1.,0.));
#6513=DIRECTION('',(0.,-1.,0.));
#6514=DIRECTION('',(1.,0.,0.));
#6515=DIRECTION('',(0.,-1.,0.));
#6516=DIRECTION('',(0.,-1.,0.));
#6517=DIRECTION('',(1.,0.,0.));
#6518=DIRECTION('',(0.,-1.,0.));
#6519=DIRECTION('',(1.,0.,0.));
#6520=DIRECTION('',(0.,-1.,0.));
#6521=DIRECTION('',(1.,0.,0.));
#6522=DIRECTION('',(0.,-1.,0.));
#6523=DIRECTION('',(1.,0.,0.));
#6524=DIRECTION('',(0.,-1.,0.));
#6525=DIRECTION('',(1.,0.,0.));
#6526=DIRECTION('',(0.,-1.,0.));
#6527=DIRECTION('',(1.,0.,0.));
#6528=DIRECTION('',(0.,-1.,0.));
#6529=DIRECTION('',(1.,0.,0.));
#6530=DIRECTION('',(0.,-1.,0.));
#6531=DIRECTION('',(1.,0.,0.));
#6532=DIRECTION('',(0.,-1.,0.));
#6533=DIRECTION('',(1.,0.,0.));
#6534=DIRECTION('',(0.,-1.,0.));
#6535=DIRECTION('',(1.,0.,0.));
#6536=DIRECTION('',(0.,-1.,0.));
#6537=DIRECTION('',(1.,0.,0.));
#6538=DIRECTION('',(0.,-1.,0.));
#6539=DIRECTION('',(1.,0.,0.));
#6540=DIRECTION('',(0.,-1.,0.));
#6541=DIRECTION('',(1.,0.,0.));
#6542=DIRECTION('',(0.,-1.,0.));
#6543=DIRECTION('',(1.,0.,0.));
#6544=DIRECTION('',(0.,-1.,0.));
#6545=DIRECTION('',(1.,0.,0.));
#6546=DIRECTION('',(0.,-1.,0.));
#6547=DIRECTION('',(1.,0.,0.));
#6548=DIRECTION('',(0.,-1.,0.));
#6549=DIRECTION('',(1.,0.,0.));
#6550=DIRECTION('',(0.,-1.,0.));
#6551=DIRECTION('',(1.,0.,0.));
#6552=DIRECTION('',(0.,-1.,0.));
#6553=DIRECTION('',(1.,0.,0.));
#6554=DIRECTION('',(0.,-1.,0.));
#6555=DIRECTION('',(1.,0.,0.));
#6556=DIRECTION('',(0.,-1.,0.));
#6557=DIRECTION('',(1.,0.,0.));
#6558=DIRECTION('',(0.,-1.,0.));
#6559=DIRECTION('',(1.,0.,0.));
#6560=DIRECTION('',(0.,-1.,0.));
#6561=DIRECTION('',(1.,0.,0.));
#6562=DIRECTION('',(0.,-1.,0.));
#6563=DIRECTION('',(1.,0.,0.));
#6564=DIRECTION('',(0.,-1.,0.));
#6565=DIRECTION('',(1.,0.,0.));
#6566=DIRECTION('',(0.,-1.,0.));
#6567=DIRECTION('',(1.,0.,0.));
#6568=DIRECTION('',(0.,-1.,0.));
#6569=DIRECTION('',(1.,0.,0.));
#6570=DIRECTION('',(0.,-1.,0.));
#6571=DIRECTION('',(1.,0.,0.));
#6572=DIRECTION('',(0.,-1.,0.));
#6573=DIRECTION('',(1.,0.,0.));
#6574=DIRECTION('',(0.,-1.,0.));
#6575=DIRECTION('',(1.,0.,0.));
#6576=DIRECTION('',(0.,-1.,0.));
#6577=DIRECTION('',(1.,0.,0.));
#6578=DIRECTION('',(0.,-1.,0.));
#6579=DIRECTION('',(1.,0.,0.));
#6580=DIRECTION('',(0.,-1.,0.));
#6581=DIRECTION('',(1.,0.,0.));
#6582=DIRECTION('',(0.,-1.,0.));
#6583=DIRECTION('',(1.,0.,0.));
#6584=DIRECTION('',(0.,-1.,0.));
#6585=DIRECTION('',(1.,0.,0.));
#6586=DIRECTION('',(0.,-1.,0.));
#6587=DIRECTION('',(1.,0.,0.));
#6588=DIRECTION('',(0.,-1.,0.));
#6589=DIRECTION('',(1.,0.,0.));
#6590=DIRECTION('',(0.,-1.,0.));
#6591=DIRECTION('',(1.,0.,0.));
#6592=DIRECTION('',(0.,-1.,0.));
#6593=DIRECTION('',(1.,0.,0.));
#6594=DIRECTION('',(0.,-1.,0.));
#6595=DIRECTION('',(1.,0.,0.));
#6596=DIRECTION('',(0.,-1.,0.));
#6597=DIRECTION('',(1.,0.,0.));
#6598=DIRECTION('',(0.,-1.,0.));
#6599=DIRECTION('',(1.,0.,0.));
#6600=DIRECTION('',(0.,-1.,0.));
#6601=DIRECTION('',(1.,0.,0.));
#6602=DIRECTION('',(0.,-1.,0.));
#6603=DIRECTION('',(1.,0.,0.));
#6604=DIRECTION('',(0.,-1.,0.));
#6605=DIRECTION('',(1.,0.,0.));
#6606=DIRECTION('',(0.,-1.,0.));
#6607=DIRECTION('',(1.,0.,0.));
#6608=DIRECTION('',(0.,-1.,0.));
#6609=DIRECTION('',(1.,0.,0.));
#6610=DIRECTION('',(0.,-1.,0.));
#6611=DIRECTION('',(1.,0.,0.));
#6612=DIRECTION('',(0.,-1.,0.));
#6613=DIRECTION('',(1.,0.,0.));
#6614=DIRECTION('',(0.,-1.,0.));
#6615=DIRECTION('',(1.,0.,0.));
#6616=DIRECTION('',(0.,-1.,0.));
#6617=DIRECTION('',(1.,0.,0.));
#6618=DIRECTION('',(0.,-1.,0.));
#6619=DIRECTION('',(1.,0.,0.));
#6620=DIRECTION('',(0.,-1.,0.));
#6621=DIRECTION('',(1.,0.,0.));
#6622=DIRECTION('',(0.,-1.,0.));
#6623=DIRECTION('',(1.,0.,0.));
#6624=DIRECTION('',(0.,-1.,0.));
#6625=DIRECTION('',(1.,0.,0.));
#6626=DIRECTION('',(0.,-1.,0.));
#6627=DIRECTION('',(1.,0.,0.));
#6628=DIRECTION('',(0.,-1.,0.));
#6629=DIRECTION('',(1.,0.,0.));
#6630=DIRECTION('',(0.,-1.,0.));
#6631=DIRECTION('',(1.,0.,0.));
#6632=DIRECTION('',(0.,-1.,0.));
#6633=DIRECTION('',(1.,0.,0.));
#6634=DIRECTION('',(0.,-1.,0.));
#6635=DIRECTION('',(1.,0.,0.));
#6636=DIRECTION('',(0.,-1.,0.));
#6637=DIRECTION('',(1.,0.,0.));
#6638=DIRECTION('',(0.,-1.,0.));
#6639=DIRECTION('',(1.,0.,0.));
#6640=DIRECTION('',(0.,-1.,0.));
#6641=DIRECTION('',(1.,0.,0.));
#6642=DIRECTION('',(0.,-1.,0.));
#6643=DIRECTION('',(1.,0.,0.));
#6644=DIRECTION('',(0.,-1.,0.));
#6645=DIRECTION('',(1.,0.,0.));
#6646=DIRECTION('',(0.,-1.,0.));
#6647=DIRECTION('',(1.,0.,0.));
#6648=DIRECTION('',(0.,-1.,0.));
#6649=DIRECTION('',(1.,0.,0.));
#6650=DIRECTION('',(0.,-1.,0.));
#6651=DIRECTION('',(1.,0.,0.));
#6652=DIRECTION('',(0.,-1.,0.));
#6653=DIRECTION('',(1.,0.,0.));
#6654=DIRECTION('',(0.,-1.,0.));
#6655=DIRECTION('',(1.,0.,0.));
#6656=DIRECTION('',(0.,-1.,0.));
#6657=DIRECTION('',(1.,0.,0.));
#6658=DIRECTION('',(0.,-1.,0.));
#6659=DIRECTION('',(1.,0.,0.));
#6660=DIRECTION('',(0.,-1.,0.));
#6661=DIRECTION('',(1.,0.,0.));
#6662=DIRECTION('',(0.,-1.,0.));
#6663=DIRECTION('',(1.,0.,0.));
#6664=DIRECTION('',(0.,-1.,0.));
#6665=DIRECTION('',(1.,0.,0.));
#6666=DIRECTION('',(0.,-1.,0.));
#6667=DIRECTION('',(1.,0.,0.));
#6668=DIRECTION('',(0.,-1.,0.));
#6669=DIRECTION('',(1.,0.,0.));
#6670=DIRECTION('',(0.,-1.,0.));
#6671=DIRECTION('',(1.,0.,0.));
#6672=DIRECTION('',(0.,-1.,0.));
#6673=DIRECTION('',(1.,0.,0.));
#6674=DIRECTION('',(0.,-1.,0.));
#6675=DIRECTION('',(1.,0.,0.));
#6676=DIRECTION('',(0.,-1.,0.));
#6677=DIRECTION('',(1.,0.,0.));
#6678=DIRECTION('',(0.,-1.,0.));
#6679=DIRECTION('',(1.,0.,0.));
#6680=DIRECTION('',(0.,-1.,0.));
#6681=DIRECTION('',(1.,0.,0.));
#6682=DIRECTION('',(0.,-1.,0.));
#6683=DIRECTION('',(1.,0.,0.));
#6684=DIRECTION('',(0.,-1.,0.));
#6685=DIRECTION('',(1.,0.,0.));
#6686=DIRECTION('',(0.,-1.,0.));
#6687=DIRECTION('',(1.,0.,0.));
#6688=DIRECTION('',(0.,-1.,0.));
#6689=DIRECTION('',(1.,0.,0.));
#6690=DIRECTION('',(0.,-1.,0.));
#6691=DIRECTION('',(1.,0.,0.));
#6692=DIRECTION('',(0.,-1.,0.));
#6693=DIRECTION('',(1.,0.,0.));
#6694=DIRECTION('',(0.,-1.,0.));
#6695=DIRECTION('',(1.,0.,0.));
#6696=DIRECTION('',(0.,-1.,0.));
#6697=DIRECTION('',(1.,0.,0.));
#6698=DIRECTION('',(0.,-1.,0.));
#6699=DIRECTION('',(1.,0.,0.));
#6700=DIRECTION('',(0.,-1.,0.));
#6701=DIRECTION('',(1.,0.,0.));
#6702=DIRECTION('',(0.,-1.,0.));
#6703=DIRECTION('',(1.,0.,0.));
#6704=DIRECTION('',(0.,-1.,0.));
#6705=DIRECTION('',(1.,0.,0.));
#6706=DIRECTION('',(0.,-1.,0.));
#6707=DIRECTION('',(1.,0.,0.));
#6708=DIRECTION('',(0.,-1.,0.));
#6709=DIRECTION('',(1.,0.,0.));
#6710=DIRECTION('',(0.,-1.,0.));
#6711=DIRECTION('',(1.,0.,0.));
#6712=DIRECTION('',(0.,-1.,0.));
#6713=DIRECTION('',(1.,0.,0.));
#6714=DIRECTION('',(0.,-1.,0.));
#6715=DIRECTION('',(1.,0.,0.));
#6716=DIRECTION('',(0.,-1.,0.));
#6717=DIRECTION('',(1.,0.,0.));
#6718=DIRECTION('',(0.,-1.,0.));
#6719=DIRECTION('',(1.,0.,0.));
#6720=DIRECTION('',(0.,-1.,0.));
#6721=DIRECTION('',(1.,0.,0.));
#6722=DIRECTION('',(0.,-1.,0.));
#6723=DIRECTION('',(1.,0.,0.));
#6724=DIRECTION('',(0.,-1.,0.));
#6725=DIRECTION('',(1.,0.,0.));
#6726=DIRECTION('',(0.,-1.,0.));
#6727=DIRECTION('',(1.,0.,0.));
#6728=DIRECTION('',(0.,-1.,0.));
#6729=DIRECTION('',(1.,0.,0.));
#6730=DIRECTION('',(0.,-1.,0.));
#6731=DIRECTION('',(1.,0.,0.));
#6732=DIRECTION('',(0.,-1.,0.));
#6733=DIRECTION('',(1.,0.,0.));
#6734=DIRECTION('',(0.,-1.,0.));
#6735=DIRECTION('',(1.,0.,0.));
#6736=DIRECTION('',(0.,-1.,0.));
#6737=DIRECTION('',(1.,0.,0.));
#6738=DIRECTION('',(0.,-1.,0.));
#6739=DIRECTION('',(1.,0.,0.));
#6740=DIRECTION('',(0.,-1.,0.));
#6741=DIRECTION('',(1.,0.,0.));
#6742=DIRECTION('',(0.,-1.,0.));
#6743=DIRECTION('',(1.,0.,0.));
#6744=DIRECTION('',(0.,-1.,0.));
#6745=DIRECTION('',(1.,0.,0.));
#6746=DIRECTION('',(0.,-1.,0.));
#6747=DIRECTION('',(1.,0.,0.));
#6748=DIRECTION('',(0.,-1.,0.));
#6749=DIRECTION('',(1.,0.,0.));
#6750=DIRECTION('',(0.,-1.,0.));
#6751=DIRECTION('',(1.,0.,0.));
#6752=DIRECTION('',(0.,-1.,0.));
#6753=DIRECTION('',(1.,0.,0.));
#6754=DIRECTION('',(0.,-1.,0.));
#6755=DIRECTION('',(1.,0.,0.));
#6756=DIRECTION('',(0.,-1.,0.));
#6757=DIRECTION('',(1.,0.,0.));
#6758=DIRECTION('',(0.,-1.,0.));
#6759=DIRECTION('',(1.,0.,0.));
#6760=DIRECTION('',(0.,-1.,0.));
#6761=DIRECTION('',(1.,0.,0.));
#6762=DIRECTION('',(0.,-1.,0.));
#6763=DIRECTION('',(1.,0.,0.));
#6764=DIRECTION('',(0.,-1.,0.));
#6765=DIRECTION('',(1.,0.,0.));
#6766=DIRECTION('',(0.,-1.,0.));
#6767=DIRECTION('',(1.,0.,0.));
#6768=DIRECTION('',(0.,-1.,0.));
#6769=DIRECTION('',(1.,0.,0.));
#6770=DIRECTION('',(0.,-1.,0.));
#6771=DIRECTION('',(1.,0.,0.));
#6772=DIRECTION('',(0.,-1.,0.));
#6773=DIRECTION('',(1.,0.,0.));
#6774=DIRECTION('',(0.,-1.,0.));
#6775=DIRECTION('',(1.,0.,0.));
#6776=DIRECTION('',(0.,-1.,0.));
#6777=DIRECTION('',(1.,0.,0.));
#6778=DIRECTION('',(0.,-1.,0.));
#6779=DIRECTION('',(1.,0.,0.));
#6780=DIRECTION('',(0.,-1.,0.));
#6781=DIRECTION('',(1.,0.,0.));
#6782=DIRECTION('',(0.,-1.,0.));
#6783=DIRECTION('',(1.,0.,0.));
#6784=DIRECTION('',(0.,-1.,0.));
#6785=DIRECTION('',(1.,0.,0.));
#6786=DIRECTION('',(0.,-1.,0.));
#6787=DIRECTION('',(1.,0.,0.));
#6788=DIRECTION('',(0.,-1.,0.));
#6789=DIRECTION('',(1.,0.,0.));
#6790=DIRECTION('',(0.,-1.,0.));
#6791=DIRECTION('',(1.,0.,0.));
#6792=DIRECTION('',(0.,-1.,0.));
#6793=DIRECTION('',(1.,0.,0.));
#6794=DIRECTION('',(0.,-1.,0.));
#6795=DIRECTION('',(1.,0.,0.));
#6796=DIRECTION('',(0.,-1.,0.));
#6797=DIRECTION('',(1.,0.,0.));
#6798=DIRECTION('',(0.,-1.,0.));
#6799=DIRECTION('',(1.,0.,0.));
#6800=DIRECTION('',(0.,-1.,0.));
#6801=DIRECTION('',(1.,0.,0.));
#6802=DIRECTION('',(0.,-1.,0.));
#6803=DIRECTION('',(1.,0.,0.));
#6804=DIRECTION('',(0.,-1.,0.));
#6805=DIRECTION('',(1.,0.,0.));
#6806=DIRECTION('',(0.,-1.,0.));
#6807=DIRECTION('',(1.,0.,0.));
#6808=DIRECTION('',(0.,-1.,0.));
#6809=DIRECTION('',(1.,0.,0.));
#6810=DIRECTION('',(0.,-1.,0.));
#6811=DIRECTION('',(1.,0.,0.));
#6812=DIRECTION('',(0.,-1.,0.));
#6813=DIRECTION('',(1.,0.,0.));
#6814=DIRECTION('',(0.,-1.,0.));
#6815=DIRECTION('',(1.,0.,0.));
#6816=DIRECTION('',(0.,-1.,0.));
#6817=DIRECTION('',(1.,0.,0.));
#6818=DIRECTION('',(0.,-1.,0.));
#6819=DIRECTION('',(1.,0.,0.));
#6820=DIRECTION('',(0.,-1.,0.));
#6821=DIRECTION('',(1.,0.,0.));
#6822=DIRECTION('',(0.,-1.,0.));
#6823=DIRECTION('',(1.,0.,0.));
#6824=DIRECTION('',(0.,-1.,0.));
#6825=DIRECTION('',(1.,0.,0.));
#6826=DIRECTION('',(0.,-1.,0.));
#6827=DIRECTION('',(1.,0.,0.));
#6828=DIRECTION('',(0.,-1.,0.));
#6829=DIRECTION('',(1.,0.,0.));
#6830=DIRECTION('',(0.,-1.,0.));
#6831=DIRECTION('',(1.,0.,0.));
#6832=DIRECTION('',(0.,-1.,0.));
#6833=DIRECTION('',(1.,0.,0.));
#6834=DIRECTION('',(0.,-1.,0.));
#6835=DIRECTION('',(1.,0.,0.));
#6836=DIRECTION('',(0.,-1.,0.));
#6837=DIRECTION('',(1.,0.,0.));
#6838=DIRECTION('',(0.,-1.,0.));
#6839=DIRECTION('',(1.,0.,0.));
#6840=DIRECTION('',(0.,-1.,0.));
#6841=DIRECTION('',(1.,0.,0.));
#6842=DIRECTION('',(0.,-1.,0.));
#6843=DIRECTION('',(1.,0.,0.));
#6844=DIRECTION('',(0.,-1.,0.));
#6845=DIRECTION('',(1.,0.,0.));
#6846=DIRECTION('',(0.,-1.,0.));
#6847=DIRECTION('',(1.,0.,0.));
#6848=DIRECTION('',(0.,-1.,0.));
#6849=DIRECTION('',(1.,0.,0.));
#6850=DIRECTION('',(0.,-1.,0.));
#6851=DIRECTION('',(1.,0.,0.));
#6852=DIRECTION('',(0.,-1.,0.));
#6853=DIRECTION('',(1.,0.,0.));
#6854=DIRECTION('',(0.,-1.,0.));
#6855=DIRECTION('',(1.,0.,0.));
#6856=DIRECTION('',(0.,-1.,0.));
#6857=DIRECTION('',(1.,0.,0.));
#6858=DIRECTION('',(0.,-1.,0.));
#6859=DIRECTION('',(1.,0.,0.));
#6860=DIRECTION('',(0.,-1.,0.));
#6861=DIRECTION('',(1.,0.,0.));
#6862=DIRECTION('',(0.,-1.,0.));
#6863=DIRECTION('',(1.,0.,0.));
#6864=DIRECTION('',(0.,-1.,0.));
#6865=DIRECTION('',(1.,0.,0.));
#6866=DIRECTION('',(0.,-1.,0.));
#6867=DIRECTION('',(1.,0.,0.));
#6868=DIRECTION('',(0.,-1.,0.));
#6869=DIRECTION('',(1.,0.,0.));
#6870=DIRECTION('',(0.,-1.,0.));
#6871=DIRECTION('',(1.,0.,0.));
#6872=DIRECTION('',(0.,-1.,0.));
#6873=DIRECTION('',(1.,0.,0.));
#6874=DIRECTION('',(0.,-1.,0.));
#6875=DIRECTION('',(1.,0.,0.));
#6876=DIRECTION('',(0.,-1.,0.));
#6877=DIRECTION('',(1.,0.,0.));
#6878=DIRECTION('',(0.,-1.,0.));
#6879=DIRECTION('',(1.,0.,0.));
#6880=DIRECTION('',(0.,-1.,0.));
#6881=DIRECTION('',(1.,0.,0.));
#6882=DIRECTION('',(0.,-1.,0.));
#6883=DIRECTION('',(1.,0.,0.));
#6884=DIRECTION('',(0.,-1.,0.));
#6885=DIRECTION('',(1.,0.,0.));
#6886=DIRECTION('',(0.,-1.,0.));
#6887=DIRECTION('',(1.,0.,0.));
#6888=DIRECTION('',(0.,-1.,0.));
#6889=DIRECTION('',(1.,0.,0.));
#6890=DIRECTION('',(0.,-1.,0.));
#6891=DIRECTION('',(1.,0.,0.));
#6892=DIRECTION('',(0.,-1.,0.));
#6893=DIRECTION('',(1.,0.,0.));
#6894=DIRECTION('',(0.,-1.,0.));
#6895=DIRECTION('',(1.,0.,0.));
#6896=DIRECTION('',(0.,-1.,0.));
#6897=DIRECTION('',(1.,0.,0.));
#6898=DIRECTION('',(0.,-1.,0.));
#6899=DIRECTION('',(1.,0.,0.));
#6900=DIRECTION('',(0.,-1.,0.));
#6901=DIRECTION('',(1.,0.,0.));
#6902=DIRECTION('',(0.,-1.,0.));
#6903=DIRECTION('',(1.,0.,0.));
#6904=DIRECTION('',(0.,-1.,0.));
#6905=DIRECTION('',(1.,0.,0.));
#6906=DIRECTION('',(0.,-1.,0.));
#6907=DIRECTION('',(1.,0.,0.));
#6908=DIRECTION('',(0.,-1.,0.));
#6909=DIRECTION('',(1.,0.,0.));
#6910=DIRECTION('',(0.,-1.,0.));
#6911=DIRECTION('',(1.,0.,0.));
#6912=DIRECTION('',(0.,-1.,0.));
#6913=DIRECTION('',(1.,0.,0.));
#6914=DIRECTION('',(0.,-1.,0.));
#6915=DIRECTION('',(1.,0.,0.));
#6916=DIRECTION('',(0.,-1.,0.));
#6917=DIRECTION('',(1.,0.,0.));
#6918=DIRECTION('',(0.,-1.,0.));
#6919=DIRECTION('',(1.,0.,0.));
#6920=DIRECTION('',(0.,-1.,0.));
#6921=DIRECTION('',(1.,0.,0.));
#6922=DIRECTION('',(0.,-1.,0.));
#6923=DIRECTION('',(1.,0.,0.));
#6924=DIRECTION('',(0.,-1.,0.));
#6925=DIRECTION('',(1.,0.,0.));
#6926=DIRECTION('',(0.,-1.,0.));
#6927=DIRECTION('',(1.,0.,0.));
#6928=DIRECTION('',(0.,-1.,0.));
#6929=DIRECTION('',(1.,0.,0.));
#6930=DIRECTION('',(0.,-1.,0.));
#6931=DIRECTION('',(1.,0.,0.));
#6932=DIRECTION('',(0.,-1.,0.));
#6933=DIRECTION('',(1.,0.,0.));
#6934=DIRECTION('',(0.,-1.,0.));
#6935=DIRECTION('',(1.,0.,0.));
#6936=DIRECTION('',(0.,-1.,0.));
#6937=DIRECTION('',(1.,0.,0.));
#6938=DIRECTION('',(0.,-1.,0.));
#6939=DIRECTION('',(1.,0.,0.));
#6940=DIRECTION('',(0.,-1.,0.));
#6941=DIRECTION('',(1.,0.,0.));
#6942=DIRECTION('',(0.,-1.,0.));
#6943=DIRECTION('',(1.,0.,0.));
#6944=DIRECTION('',(0.,-1.,0.));
#6945=DIRECTION('',(1.,0.,0.));
#6946=DIRECTION('',(0.,-1.,0.));
#6947=DIRECTION('',(1.,0.,0.));
#6948=DIRECTION('',(0.,-1.,0.));
#6949=DIRECTION('',(1.,0.,0.));
#6950=DIRECTION('',(0.,-1.,0.));
#6951=DIRECTION('',(1.,0.,0.));
#6952=DIRECTION('',(0.,-1.,0.));
#6953=DIRECTION('',(1.,0.,0.));
#6954=DIRECTION('',(0.,-1.,0.));
#6955=DIRECTION('',(1.,0.,0.));
#6956=DIRECTION('',(0.,-1.,0.));
#6957=DIRECTION('',(1.,0.,0.));
#6958=DIRECTION('',(0.,-1.,0.));
#6959=DIRECTION('',(1.,0.,0.));
#6960=DIRECTION('',(0.,-1.,0.));
#6961=DIRECTION('',(1.,0.,0.));
#6962=DIRECTION('',(0.,-1.,0.));
#6963=DIRECTION('',(1.,0.,0.));
#6964=DIRECTION('',(0.,-1.,0.));
#6965=DIRECTION('',(1.,0.,0.));
#6966=DIRECTION('',(0.,-1.,0.));
#6967=DIRECTION('',(1.,0.,0.));
#6968=DIRECTION('',(0.,-1.,0.));
#6969=DIRECTION('',(1.,0.,0.));
#6970=DIRECTION('',(0.,-1.,0.));
#6971=DIRECTION('',(1.,0.,0.));
#6972=DIRECTION('',(0.,-1.,0.));
#6973=DIRECTION('',(1.,0.,0.));
#6974=DIRECTION('',(0.,-1.,0.));
#6975=DIRECTION('',(1.,0.,0.));
#6976=DIRECTION('',(0.,-1.,0.));
#6977=DIRECTION('',(1.,0.,0.));
#6978=DIRECTION('',(0.,-1.,0.));
#6979=DIRECTION('',(1.,0.,0.));
#6980=DIRECTION('',(0.,-1.,0.));
#6981=DIRECTION('',(1.,0.,0.));
#6982=DIRECTION('',(0.,-1.,0.));
#6983=DIRECTION('',(1.,0.,0.));
#6984=DIRECTION('',(0.,-1.,0.));
#6985=DIRECTION('',(1.,0.,0.));
#6986=DIRECTION('',(0.,-1.,0.));
#6987=DIRECTION('',(1.,0.,0.));
#6988=DIRECTION('',(0.,-1.,0.));
#6989=DIRECTION('',(1.,0.,0.));
#6990=DIRECTION('',(0.,-1.,0.));
#6991=DIRECTION('',(1.,0.,0.));
#6992=DIRECTION('',(0.,-1.,0.));
#6993=DIRECTION('',(1.,0.,0.));
#6994=DIRECTION('',(0.,-1.,0.));
#6995=DIRECTION('',(1.,0.,0.));
#6996=DIRECTION('',(0.,-1.,0.));
#6997=DIRECTION('',(1.,0.,0.));
#6998=DIRECTION('',(0.,-1.,0.));
#6999=DIRECTION('',(0.,-1.,0.));
#7000=DIRECTION('',(1.,0.,0.));
#7001=DIRECTION('',(0.,-1.,0.));
#7002=DIRECTION('',(0.,-1.,0.));
#7003=DIRECTION('',(1.,0.,0.));
#7004=DIRECTION('',(0.,-1.,0.));
#7005=DIRECTION('',(0.,-1.,0.));
#7006=DIRECTION('',(1.,0.,0.));
#7007=DIRECTION('',(0.,-1.,0.));
#7008=DIRECTION('',(0.,-1.,0.));
#7009=DIRECTION('',(1.,0.,0.));
#7010=DIRECTION('',(0.,-1.,0.));
#7011=DIRECTION('',(0.,-1.,0.));
#7012=DIRECTION('',(1.,0.,0.));
#7013=DIRECTION('',(0.,-1.,0.));
#7014=DIRECTION('',(0.,-1.,0.));
#7015=DIRECTION('',(1.,0.,0.));
#7016=DIRECTION('',(0.,-1.,0.));
#7017=DIRECTION('',(0.,-1.,0.));
#7018=DIRECTION('',(1.,0.,0.));
#7019=DIRECTION('',(0.,-1.,0.));
#7020=DIRECTION('',(0.,-1.,0.));
#7021=DIRECTION('',(1.,0.,0.));
#7022=DIRECTION('',(0.,-1.,0.));
#7023=DIRECTION('',(0.,-1.,0.));
#7024=DIRECTION('',(1.,0.,0.));
#7025=DIRECTION('',(0.,-1.,0.));
#7026=DIRECTION('',(0.,-1.,0.));
#7027=DIRECTION('',(1.,0.,0.));
#7028=DIRECTION('',(0.,-1.,0.));
#7029=DIRECTION('',(0.,-1.,0.));
#7030=DIRECTION('',(1.,0.,0.));
#7031=DIRECTION('',(0.,-1.,0.));
#7032=DIRECTION('',(0.,-1.,0.));
#7033=DIRECTION('',(1.,0.,0.));
#7034=DIRECTION('',(0.,-1.,0.));
#7035=DIRECTION('',(0.,-1.,0.));
#7036=DIRECTION('',(1.,0.,0.));
#7037=DIRECTION('',(0.,-1.,0.));
#7038=DIRECTION('',(0.,-1.,0.));
#7039=DIRECTION('',(1.,0.,0.));
#7040=DIRECTION('',(0.,-1.,0.));
#7041=DIRECTION('',(0.,-1.,0.));
#7042=DIRECTION('',(1.,0.,0.));
#7043=DIRECTION('',(0.,-1.,0.));
#7044=DIRECTION('',(0.,-1.,0.));
#7045=DIRECTION('',(1.,0.,0.));
#7046=DIRECTION('',(0.,-1.,0.));
#7047=DIRECTION('',(0.,-1.,0.));
#7048=DIRECTION('',(1.,0.,0.));
#7049=DIRECTION('',(0.,-1.,0.));
#7050=DIRECTION('',(0.,-1.,0.));
#7051=DIRECTION('',(1.,0.,0.));
#7052=DIRECTION('',(0.,-1.,0.));
#7053=DIRECTION('',(0.,-1.,0.));
#7054=DIRECTION('',(1.,0.,0.));
#7055=DIRECTION('',(0.,-1.,0.));
#7056=DIRECTION('',(0.,-1.,0.));
#7057=DIRECTION('',(1.,0.,0.));
#7058=DIRECTION('',(0.,-1.,0.));
#7059=DIRECTION('',(0.,-1.,0.));
#7060=DIRECTION('',(1.,0.,0.));
#7061=DIRECTION('',(0.,-1.,0.));
#7062=DIRECTION('',(0.,-1.,0.));
#7063=DIRECTION('',(1.,0.,0.));
#7064=DIRECTION('',(0.,-1.,0.));
#7065=DIRECTION('',(0.,-1.,0.));
#7066=DIRECTION('',(1.,0.,0.));
#7067=DIRECTION('',(0.,-1.,0.));
#7068=DIRECTION('',(0.,-1.,0.));
#7069=DIRECTION('',(1.,0.,0.));
#7070=DIRECTION('',(0.,-1.,0.));
#7071=DIRECTION('',(0.,-1.,0.));
#7072=DIRECTION('',(1.,0.,0.));
#7073=DIRECTION('',(0.,-1.,0.));
#7074=DIRECTION('',(0.,-1.,0.));
#7075=DIRECTION('',(1.,0.,0.));
#7076=DIRECTION('',(0.,-1.,0.));
#7077=DIRECTION('',(0.,-1.,0.));
#7078=DIRECTION('',(1.,0.,0.));
#7079=DIRECTION('',(0.,-1.,0.));
#7080=DIRECTION('',(0.,-1.,0.));
#7081=DIRECTION('',(1.,0.,0.));
#7082=DIRECTION('',(0.,-1.,0.));
#7083=DIRECTION('',(0.,-1.,0.));
#7084=DIRECTION('',(1.,0.,0.));
#7085=DIRECTION('',(0.,-1.,0.));
#7086=DIRECTION('',(0.,-1.,0.));
#7087=DIRECTION('',(1.,0.,0.));
#7088=DIRECTION('',(0.,-1.,0.));
#7089=DIRECTION('',(0.,-1.,0.));
#7090=DIRECTION('',(1.,0.,0.));
#7091=DIRECTION('',(0.,-1.,0.));
#7092=DIRECTION('',(0.,-1.,0.));
#7093=DIRECTION('',(1.,0.,0.));
#7094=DIRECTION('',(0.,-1.,0.));
#7095=DIRECTION('',(0.,-1.,0.));
#7096=DIRECTION('',(1.,0.,0.));
#7097=DIRECTION('',(0.,-1.,0.));
#7098=DIRECTION('',(0.,-1.,0.));
#7099=DIRECTION('',(1.,0.,0.));
#7100=DIRECTION('',(0.,-1.,0.));
#7101=DIRECTION('',(0.,-1.,0.));
#7102=DIRECTION('',(1.,0.,0.));
#7103=DIRECTION('',(0.,-1.,0.));
#7104=DIRECTION('',(0.,-1.,0.));
#7105=DIRECTION('',(1.,0.,0.));
#7106=DIRECTION('',(0.,-1.,0.));
#7107=DIRECTION('',(0.,-1.,0.));
#7108=DIRECTION('',(1.,0.,0.));
#7109=DIRECTION('',(0.,-1.,0.));
#7110=DIRECTION('',(0.,-1.,0.));
#7111=DIRECTION('',(1.,0.,0.));
#7112=DIRECTION('',(0.,-1.,0.));
#7113=DIRECTION('',(0.,-1.,0.));
#7114=DIRECTION('',(1.,0.,0.));
#7115=DIRECTION('',(0.,-1.,0.));
#7116=DIRECTION('',(0.,-1.,0.));
#7117=DIRECTION('',(1.,0.,0.));
#7118=DIRECTION('',(0.,-1.,0.));
#7119=DIRECTION('',(0.,-1.,0.));
#7120=DIRECTION('',(1.,0.,0.));
#7121=DIRECTION('',(0.,-1.,0.));
#7122=DIRECTION('',(0.,-1.,0.));
#7123=DIRECTION('',(1.,0.,0.));
#7124=DIRECTION('',(0.,-1.,0.));
#7125=DIRECTION('',(0.,-1.,0.));
#7126=DIRECTION('',(1.,0.,0.));
#7127=DIRECTION('',(0.,-1.,0.));
#7128=DIRECTION('',(0.,-1.,0.));
#7129=DIRECTION('',(1.,0.,0.));
#7130=DIRECTION('',(0.,-1.,0.));
#7131=DIRECTION('',(0.,-1.,0.));
#7132=DIRECTION('',(1.,0.,0.));
#7133=DIRECTION('',(0.,-1.,0.));
#7134=DIRECTION('',(0.,-1.,0.));
#7135=DIRECTION('',(1.,0.,0.));
#7136=DIRECTION('',(0.,-1.,0.));
#7137=DIRECTION('',(0.,-1.,0.));
#7138=DIRECTION('',(1.,0.,0.));
#7139=DIRECTION('',(0.,-1.,0.));
#7140=DIRECTION('',(0.,-1.,0.));
#7141=DIRECTION('',(1.,0.,0.));
#7142=DIRECTION('',(0.,-1.,0.));
#7143=DIRECTION('',(0.,-1.,0.));
#7144=DIRECTION('',(1.,0.,0.));
#7145=DIRECTION('',(0.,-1.,0.));
#7146=DIRECTION('',(0.,-1.,0.));
#7147=DIRECTION('',(1.,0.,0.));
#7148=DIRECTION('',(0.,-1.,0.));
#7149=DIRECTION('',(0.,-1.,0.));
#7150=DIRECTION('',(1.,0.,0.));
#7151=DIRECTION('',(0.,-1.,0.));
#7152=DIRECTION('',(0.,-1.,0.));
#7153=DIRECTION('',(1.,0.,0.));
#7154=DIRECTION('',(0.,-1.,0.));
#7155=DIRECTION('',(0.,-1.,0.));
#7156=DIRECTION('',(1.,0.,0.));
#7157=DIRECTION('',(0.,-1.,0.));
#7158=DIRECTION('',(0.,-1.,0.));
#7159=DIRECTION('',(1.,0.,0.));
#7160=DIRECTION('',(0.,-1.,0.));
#7161=DIRECTION('',(0.,-1.,0.));
#7162=DIRECTION('',(1.,0.,0.));
#7163=DIRECTION('',(0.,-1.,0.));
#7164=DIRECTION('',(0.,-1.,0.));
#7165=DIRECTION('',(1.,0.,0.));
#7166=DIRECTION('',(0.,-1.,0.));
#7167=DIRECTION('',(0.,-1.,0.));
#7168=DIRECTION('',(1.,0.,0.));
#7169=DIRECTION('',(0.,-1.,0.));
#7170=DIRECTION('',(0.,-1.,0.));
#7171=DIRECTION('',(1.,0.,0.));
#7172=DIRECTION('',(0.,-1.,0.));
#7173=DIRECTION('',(0.,-1.,0.));
#7174=DIRECTION('',(1.,0.,0.));
#7175=DIRECTION('',(0.,-1.,0.));
#7176=DIRECTION('',(0.,-1.,0.));
#7177=DIRECTION('',(1.,0.,0.));
#7178=DIRECTION('',(0.,-1.,0.));
#7179=DIRECTION('',(0.,-1.,0.));
#7180=DIRECTION('',(1.,0.,0.));
#7181=DIRECTION('',(0.,-1.,0.));
#7182=DIRECTION('',(0.,-1.,0.));
#7183=DIRECTION('',(1.,0.,0.));
#7184=DIRECTION('',(0.,-1.,0.));
#7185=DIRECTION('',(0.,-1.,0.));
#7186=DIRECTION('',(1.,0.,0.));
#7187=DIRECTION('',(0.,-1.,0.));
#7188=DIRECTION('',(0.,-1.,0.));
#7189=DIRECTION('',(1.,0.,0.));
#7190=DIRECTION('',(0.,-1.,0.));
#7191=DIRECTION('',(0.,-1.,0.));
#7192=DIRECTION('',(1.,0.,0.));
#7193=DIRECTION('',(0.,-1.,0.));
#7194=DIRECTION('',(0.,-1.,0.));
#7195=DIRECTION('',(1.,0.,0.));
#7196=DIRECTION('',(0.,-1.,0.));
#7197=DIRECTION('',(0.,-1.,0.));
#7198=DIRECTION('',(1.,0.,0.));
#7199=DIRECTION('',(0.,-1.,0.));
#7200=DIRECTION('',(0.,-1.,0.));
#7201=DIRECTION('',(1.,0.,0.));
#7202=DIRECTION('',(0.,-1.,0.));
#7203=DIRECTION('',(0.,-1.,0.));
#7204=DIRECTION('',(1.,0.,0.));
#7205=DIRECTION('',(0.,-1.,0.));
#7206=DIRECTION('',(0.,-1.,0.));
#7207=DIRECTION('',(1.,0.,0.));
#7208=DIRECTION('',(0.,-1.,0.));
#7209=DIRECTION('',(0.,-1.,0.));
#7210=DIRECTION('',(1.,0.,0.));
#7211=DIRECTION('',(0.,-1.,0.));
#7212=DIRECTION('',(0.,-1.,0.));
#7213=DIRECTION('',(1.,0.,0.));
#7214=DIRECTION('',(0.,-1.,0.));
#7215=DIRECTION('',(0.,-1.,0.));
#7216=DIRECTION('',(1.,0.,0.));
#7217=DIRECTION('',(0.,-1.,0.));
#7218=DIRECTION('',(0.,-1.,0.));
#7219=DIRECTION('',(1.,0.,0.));
#7220=DIRECTION('',(0.,-1.,0.));
#7221=DIRECTION('',(0.,-1.,0.));
#7222=DIRECTION('',(1.,0.,0.));
#7223=DIRECTION('',(0.,-1.,0.));
#7224=DIRECTION('',(0.,-1.,0.));
#7225=DIRECTION('',(1.,0.,0.));
#7226=DIRECTION('',(0.,-1.,0.));
#7227=DIRECTION('',(0.,-1.,0.));
#7228=DIRECTION('',(1.,0.,0.));
#7229=DIRECTION('',(0.,-1.,0.));
#7230=DIRECTION('',(0.,-1.,0.));
#7231=DIRECTION('',(1.,0.,0.));
#7232=DIRECTION('',(0.,-1.,0.));
#7233=DIRECTION('',(0.,-1.,0.));
#7234=DIRECTION('',(1.,0.,0.));
#7235=DIRECTION('',(0.,-1.,0.));
#7236=DIRECTION('',(0.,-1.,0.));
#7237=DIRECTION('',(1.,0.,0.));
#7238=DIRECTION('',(0.,-1.,0.));
#7239=DIRECTION('',(0.,-1.,0.));
#7240=DIRECTION('',(1.,0.,0.));
#7241=DIRECTION('',(0.,-1.,0.));
#7242=DIRECTION('',(0.,-1.,0.));
#7243=DIRECTION('',(1.,0.,0.));
#7244=DIRECTION('',(0.,-1.,0.));
#7245=DIRECTION('',(0.,-1.,0.));
#7246=DIRECTION('',(1.,0.,0.));
#7247=DIRECTION('',(0.,-1.,0.));
#7248=DIRECTION('',(0.,-1.,0.));
#7249=DIRECTION('',(1.,0.,0.));
#7250=DIRECTION('',(0.,-1.,0.));
#7251=DIRECTION('',(0.,-1.,0.));
#7252=DIRECTION('',(1.,0.,0.));
#7253=DIRECTION('',(0.,-1.,0.));
#7254=DIRECTION('',(0.,-1.,0.));
#7255=DIRECTION('',(1.,0.,0.));
#7256=DIRECTION('',(0.,-1.,0.));
#7257=DIRECTION('',(0.,-1.,0.));
#7258=DIRECTION('',(1.,0.,0.));
#7259=DIRECTION('',(0.,-1.,0.));
#7260=DIRECTION('',(0.,-1.,0.));
#7261=DIRECTION('',(1.,0.,0.));
#7262=DIRECTION('',(0.,-1.,0.));
#7263=DIRECTION('',(0.,-1.,0.));
#7264=DIRECTION('',(1.,0.,0.));
#7265=DIRECTION('',(0.,-1.,0.));
#7266=DIRECTION('',(0.,-1.,0.));
#7267=DIRECTION('',(1.,0.,0.));
#7268=DIRECTION('',(0.,-1.,0.));
#7269=DIRECTION('',(0.,-1.,0.));
#7270=DIRECTION('',(1.,0.,0.));
#7271=DIRECTION('',(0.,-1.,0.));
#7272=DIRECTION('',(0.,-1.,0.));
#7273=DIRECTION('',(1.,0.,0.));
#7274=DIRECTION('',(0.,-1.,0.));
#7275=DIRECTION('',(0.,-1.,0.));
#7276=DIRECTION('',(1.,0.,0.));
#7277=DIRECTION('',(0.,-1.,0.));
#7278=DIRECTION('',(0.,-1.,0.));
#7279=DIRECTION('',(1.,0.,0.));
#7280=DIRECTION('',(0.,-1.,0.));
#7281=DIRECTION('',(0.,-1.,0.));
#7282=DIRECTION('',(1.,0.,0.));
#7283=DIRECTION('',(0.,-1.,0.));
#7284=DIRECTION('',(0.,-1.,0.));
#7285=DIRECTION('',(1.,0.,0.));
#7286=DIRECTION('',(0.,-1.,0.));
#7287=DIRECTION('',(0.,-1.,0.));
#7288=DIRECTION('',(1.,0.,0.));
#7289=DIRECTION('',(0.,-1.,0.));
#7290=DIRECTION('',(0.,-1.,0.));
#7291=DIRECTION('',(1.,0.,0.));
#7292=DIRECTION('',(0.,-1.,0.));
#7293=DIRECTION('',(0.,-1.,0.));
#7294=DIRECTION('',(1.,0.,0.));
#7295=DIRECTION('',(0.,-1.,0.));
#7296=DIRECTION('',(0.,-1.,0.));
#7297=DIRECTION('',(1.,0.,0.));
#7298=DIRECTION('',(0.,-1.,0.));
#7299=DIRECTION('',(0.,-1.,0.));
#7300=DIRECTION('',(1.,0.,0.));
#7301=DIRECTION('',(0.,-1.,0.));
#7302=DIRECTION('',(0.,-1.,0.));
#7303=DIRECTION('',(1.,0.,0.));
#7304=DIRECTION('',(0.,-1.,0.));
#7305=DIRECTION('',(0.,-1.,0.));
#7306=DIRECTION('',(1.,0.,0.));
#7307=DIRECTION('',(0.,-1.,0.));
#7308=DIRECTION('',(0.,-1.,0.));
#7309=DIRECTION('',(1.,0.,0.));
#7310=DIRECTION('',(0.,-1.,0.));
#7311=DIRECTION('',(0.,-1.,0.));
#7312=DIRECTION('',(1.,0.,0.));
#7313=DIRECTION('',(0.,-1.,0.));
#7314=DIRECTION('',(0.,-1.,0.));
#7315=DIRECTION('',(1.,0.,0.));
#7316=DIRECTION('',(0.,-1.,0.));
#7317=DIRECTION('',(0.,-1.,0.));
#7318=DIRECTION('',(1.,0.,0.));
#7319=DIRECTION('',(0.,-1.,0.));
#7320=DIRECTION('',(0.,-1.,0.));
#7321=DIRECTION('',(1.,0.,0.));
#7322=DIRECTION('',(0.,-1.,0.));
#7323=DIRECTION('',(0.,-1.,0.));
#7324=DIRECTION('',(1.,0.,0.));
#7325=DIRECTION('',(0.,-1.,0.));
#7326=DIRECTION('',(0.,-1.,0.));
#7327=DIRECTION('',(1.,0.,0.));
#7328=DIRECTION('',(0.,-1.,0.));
#7329=DIRECTION('',(0.,-1.,0.));
#7330=DIRECTION('',(1.,0.,0.));
#7331=DIRECTION('',(0.,-1.,0.));
#7332=DIRECTION('',(0.,-1.,0.));
#7333=DIRECTION('',(1.,0.,0.));
#7334=DIRECTION('',(0.,-1.,0.));
#7335=DIRECTION('',(0.,-1.,0.));
#7336=DIRECTION('',(1.,0.,0.));
#7337=DIRECTION('',(0.,-1.,0.));
#7338=DIRECTION('',(0.,-1.,0.));
#7339=DIRECTION('',(1.,0.,0.));
#7340=DIRECTION('',(0.,-1.,0.));
#7341=DIRECTION('',(0.,-1.,0.));
#7342=DIRECTION('',(1.,0.,0.));
#7343=DIRECTION('',(0.,-1.,0.));
#7344=DIRECTION('',(0.,-1.,0.));
#7345=DIRECTION('',(1.,0.,0.));
#7346=DIRECTION('',(0.,-1.,0.));
#7347=DIRECTION('',(0.,-1.,0.));
#7348=DIRECTION('',(1.,0.,0.));
#7349=DIRECTION('',(0.,-1.,0.));
#7350=DIRECTION('',(0.,-1.,0.));
#7351=DIRECTION('',(1.,0.,0.));
#7352=DIRECTION('',(0.,-1.,0.));
#7353=DIRECTION('',(0.,-1.,0.));
#7354=DIRECTION('',(1.,0.,0.));
#7355=DIRECTION('',(0.,-1.,0.));
#7356=DIRECTION('',(0.,-1.,0.));
#7357=DIRECTION('',(1.,0.,0.));
#7358=DIRECTION('',(0.,-1.,0.));
#7359=DIRECTION('',(0.,-1.,0.));
#7360=DIRECTION('',(1.,0.,0.));
#7361=DIRECTION('',(0.,-1.,0.));
#7362=DIRECTION('',(0.,-1.,0.));
#7363=DIRECTION('',(1.,0.,0.));
#7364=DIRECTION('',(0.,-1.,0.));
#7365=DIRECTION('',(0.,-1.,0.));
#7366=DIRECTION('',(1.,0.,0.));
#7367=DIRECTION('',(0.,-1.,0.));
#7368=DIRECTION('',(0.,-1.,0.));
#7369=DIRECTION('',(1.,0.,0.));
#7370=DIRECTION('',(0.,-1.,0.));
#7371=DIRECTION('',(0.,-1.,0.));
#7372=DIRECTION('',(1.,0.,0.));
#7373=DIRECTION('',(0.,-1.,0.));
#7374=DIRECTION('',(0.,-1.,0.));
#7375=DIRECTION('',(1.,0.,0.));
#7376=DIRECTION('',(0.,-1.,0.));
#7377=DIRECTION('',(0.,-1.,0.));
#7378=DIRECTION('',(1.,0.,0.));
#7379=DIRECTION('',(0.,-1.,0.));
#7380=DIRECTION('',(0.,-1.,0.));
#7381=DIRECTION('',(1.,0.,0.));
#7382=DIRECTION('',(0.,-1.,0.));
#7383=DIRECTION('',(0.,-1.,0.));
#7384=DIRECTION('',(1.,0.,0.));
#7385=DIRECTION('',(0.,-1.,0.));
#7386=DIRECTION('',(0.,-1.,0.));
#7387=DIRECTION('',(1.,0.,0.));
#7388=DIRECTION('',(0.,-1.,0.));
#7389=DIRECTION('',(0.,-1.,0.));
#7390=DIRECTION('',(1.,0.,0.));
#7391=DIRECTION('',(0.,-1.,0.));
#7392=DIRECTION('',(0.,-1.,0.));
#7393=DIRECTION('',(1.,0.,0.));
#7394=DIRECTION('',(0.,-1.,0.));
#7395=DIRECTION('',(0.,-1.,0.));
#7396=DIRECTION('',(1.,0.,0.));
#7397=DIRECTION('',(0.,-1.,0.));
#7398=DIRECTION('',(0.,-1.,0.));
#7399=DIRECTION('',(1.,0.,0.));
#7400=DIRECTION('',(0.,-1.,0.));
#7401=DIRECTION('',(0.,-1.,0.));
#7402=DIRECTION('',(1.,0.,0.));
#7403=DIRECTION('',(0.,-1.,0.));
#7404=DIRECTION('',(0.,-1.,0.));
#7405=DIRECTION('',(1.,0.,0.));
#7406=DIRECTION('',(0.,-1.,0.));
#7407=DIRECTION('',(0.,-1.,0.));
#7408=DIRECTION('',(1.,0.,0.));
#7409=DIRECTION('',(0.,-1.,0.));
#7410=DIRECTION('',(0.,-1.,0.));
#7411=DIRECTION('',(1.,0.,0.));
#7412=DIRECTION('',(0.,-1.,0.));
#7413=DIRECTION('',(0.,-1.,0.));
#7414=DIRECTION('',(1.,0.,0.));
#7415=DIRECTION('',(0.,-1.,0.));
#7416=DIRECTION('',(0.,-1.,0.));
#7417=DIRECTION('',(1.,0.,0.));
#7418=DIRECTION('',(0.,-1.,0.));
#7419=DIRECTION('',(0.,-1.,0.));
#7420=DIRECTION('',(1.,0.,0.));
#7421=DIRECTION('',(0.,-1.,0.));
#7422=DIRECTION('',(0.,-1.,0.));
#7423=DIRECTION('',(1.,0.,0.));
#7424=DIRECTION('',(0.,-1.,0.));
#7425=DIRECTION('',(0.,-1.,0.));
#7426=DIRECTION('',(1.,0.,0.));
#7427=DIRECTION('',(0.,-1.,0.));
#7428=DIRECTION('',(0.,-1.,0.));
#7429=DIRECTION('',(1.,0.,0.));
#7430=DIRECTION('',(0.,-1.,0.));
#7431=DIRECTION('',(0.,-1.,0.));
#7432=DIRECTION('',(1.,0.,0.));
#7433=DIRECTION('',(0.,-1.,0.));
#7434=DIRECTION('',(0.,-1.,0.));
#7435=DIRECTION('',(1.,0.,0.));
#7436=DIRECTION('',(0.,-1.,0.));
#7437=DIRECTION('',(0.,-1.,0.));
#7438=DIRECTION('',(1.,0.,0.));
#7439=DIRECTION('',(0.,-1.,0.));
#7440=DIRECTION('',(0.,-1.,0.));
#7441=DIRECTION('',(1.,0.,0.));
#7442=DIRECTION('',(0.,-1.,0.));
#7443=DIRECTION('',(0.,-1.,0.));
#7444=DIRECTION('',(1.,0.,0.));
#7445=DIRECTION('',(0.,-1.,0.));
#7446=DIRECTION('',(0.,-1.,0.));
#7447=DIRECTION('',(1.,0.,0.));
#7448=DIRECTION('',(0.,-1.,0.));
#7449=DIRECTION('',(0.,-1.,0.));
#7450=DIRECTION('',(1.,0.,0.));
#7451=DIRECTION('',(0.,-1.,0.));
#7452=DIRECTION('',(0.,-1.,0.));
#7453=DIRECTION('',(1.,0.,0.));
#7454=DIRECTION('',(0.,-1.,0.));
#7455=DIRECTION('',(0.,-1.,0.));
#7456=DIRECTION('',(1.,0.,0.));
#7457=DIRECTION('',(0.,-1.,0.));
#7458=DIRECTION('',(0.,-1.,0.));
#7459=DIRECTION('',(1.,0.,0.));
#7460=DIRECTION('',(0.,-1.,0.));
#7461=DIRECTION('',(0.,-1.,0.));
#7462=DIRECTION('',(1.,0.,0.));
#7463=DIRECTION('',(0.,-1.,0.));
#7464=DIRECTION('',(0.,-1.,0.));
#7465=DIRECTION('',(1.,0.,0.));
#7466=DIRECTION('',(0.,-1.,0.));
#7467=DIRECTION('',(0.,-1.,0.));
#7468=DIRECTION('',(1.,0.,0.));
#7469=DIRECTION('',(0.,-1.,0.));
#7470=DIRECTION('',(0.,-1.,0.));
#7471=DIRECTION('',(1.,0.,0.));
#7472=DIRECTION('',(0.,-1.,0.));
#7473=DIRECTION('',(0.,-1.,0.));
#7474=DIRECTION('',(1.,0.,0.));
#7475=DIRECTION('',(0.,-1.,0.));
#7476=DIRECTION('',(0.,-1.,0.));
#7477=DIRECTION('',(1.,0.,0.));
#7478=DIRECTION('',(0.,-1.,0.));
#7479=DIRECTION('',(0.,-1.,0.));
#7480=DIRECTION('',(1.,0.,0.));
#7481=DIRECTION('',(0.,-1.,0.));
#7482=DIRECTION('',(0.,-1.,0.));
#7483=DIRECTION('',(1.,0.,0.));
#7484=DIRECTION('',(0.,-1.,0.));
#7485=DIRECTION('',(0.,-1.,0.));
#7486=DIRECTION('',(1.,0.,0.));
#7487=DIRECTION('',(0.,-1.,0.));
#7488=DIRECTION('',(0.,-1.,0.));
#7489=DIRECTION('',(1.,0.,0.));
#7490=DIRECTION('',(0.,-1.,0.));
#7491=DIRECTION('',(0.,-1.,0.));
#7492=DIRECTION('',(1.,0.,0.));
#7493=DIRECTION('',(0.,-1.,0.));
#7494=DIRECTION('',(0.,-1.,0.));
#7495=DIRECTION('',(1.,0.,0.));
#7496=DIRECTION('',(0.,-1.,0.));
#7497=DIRECTION('',(0.,-1.,0.));
#7498=DIRECTION('',(1.,0.,0.));
#7499=DIRECTION('',(0.,-1.,0.));
#7500=DIRECTION('',(0.,-1.,0.));
#7501=DIRECTION('',(1.,0.,0.));
#7502=DIRECTION('',(0.,-1.,0.));
#7503=DIRECTION('',(0.,-1.,0.));
#7504=DIRECTION('',(1.,0.,0.));
#7505=DIRECTION('',(0.,-1.,0.));
#7506=DIRECTION('',(0.,-1.,0.));
#7507=DIRECTION('',(1.,0.,0.));
#7508=DIRECTION('',(0.,-1.,0.));
#7509=DIRECTION('',(0.,-1.,0.));
#7510=DIRECTION('',(1.,0.,0.));
#7511=DIRECTION('',(0.,-1.,0.));
#7512=DIRECTION('',(0.,-1.,0.));
#7513=DIRECTION('',(1.,0.,0.));
#7514=DIRECTION('',(0.,-1.,0.));
#7515=DIRECTION('',(0.,-1.,0.));
#7516=DIRECTION('',(1.,0.,0.));
#7517=DIRECTION('',(0.,-1.,0.));
#7518=DIRECTION('',(0.,-1.,0.));
#7519=DIRECTION('',(1.,0.,0.));
#7520=DIRECTION('',(0.,-1.,0.));
#7521=DIRECTION('',(0.,-1.,0.));
#7522=DIRECTION('',(1.,0.,0.));
#7523=DIRECTION('',(0.,-1.,0.));
#7524=DIRECTION('',(0.,-1.,0.));
#7525=DIRECTION('',(1.,0.,0.));
#7526=DIRECTION('',(0.,-1.,0.));
#7527=DIRECTION('',(0.,-1.,0.));
#7528=DIRECTION('',(1.,0.,0.));
#7529=DIRECTION('',(0.,-1.,0.));
#7530=DIRECTION('',(0.,-1.,0.));
#7531=DIRECTION('',(1.,0.,0.));
#7532=DIRECTION('',(0.,-1.,0.));
#7533=DIRECTION('',(0.,-1.,0.));
#7534=DIRECTION('',(1.,0.,0.));
#7535=DIRECTION('',(0.,-1.,0.));
#7536=DIRECTION('',(0.,-1.,0.));
#7537=DIRECTION('',(1.,0.,0.));
#7538=DIRECTION('',(0.,-1.,0.));
#7539=DIRECTION('',(0.,-1.,0.));
#7540=DIRECTION('',(1.,0.,0.));
#7541=DIRECTION('',(0.,-1.,0.));
#7542=DIRECTION('',(0.,-1.,0.));
#7543=DIRECTION('',(1.,0.,0.));
#7544=DIRECTION('',(0.,-1.,0.));
#7545=DIRECTION('',(0.,-1.,0.));
#7546=DIRECTION('',(1.,0.,0.));
#7547=DIRECTION('',(0.,-1.,0.));
#7548=DIRECTION('',(0.,-1.,0.));
#7549=DIRECTION('',(1.,0.,0.));
#7550=DIRECTION('',(0.,-1.,0.));
#7551=DIRECTION('',(0.,-1.,0.));
#7552=DIRECTION('',(1.,0.,0.));
#7553=DIRECTION('',(0.,-1.,0.));
#7554=DIRECTION('',(0.,-1.,0.));
#7555=DIRECTION('',(1.,0.,0.));
#7556=DIRECTION('',(0.,-1.,0.));
#7557=DIRECTION('',(0.,-1.,0.));
#7558=DIRECTION('',(1.,0.,0.));
#7559=DIRECTION('',(0.,-1.,0.));
#7560=DIRECTION('',(0.,-1.,0.));
#7561=DIRECTION('',(1.,0.,0.));
#7562=DIRECTION('',(0.,-1.,0.));
#7563=DIRECTION('',(0.,-1.,0.));
#7564=DIRECTION('',(1.,0.,0.));
#7565=DIRECTION('',(0.,-1.,0.));
#7566=DIRECTION('',(0.,-1.,0.));
#7567=DIRECTION('',(1.,0.,0.));
#7568=DIRECTION('',(0.,-1.,0.));
#7569=DIRECTION('',(0.,-1.,0.));
#7570=DIRECTION('',(1.,0.,0.));
#7571=DIRECTION('',(0.,-1.,0.));
#7572=DIRECTION('',(0.,-1.,0.));
#7573=DIRECTION('',(1.,0.,0.));
#7574=DIRECTION('',(0.,-1.,0.));
#7575=DIRECTION('',(0.,-1.,0.));
#7576=DIRECTION('',(1.,0.,0.));
#7577=DIRECTION('',(0.,-1.,0.));
#7578=DIRECTION('',(0.,-1.,0.));
#7579=DIRECTION('',(1.,0.,0.));
#7580=DIRECTION('',(0.,-1.,0.));
#7581=DIRECTION('',(0.,-1.,0.));
#7582=DIRECTION('',(1.,0.,0.));
#7583=DIRECTION('',(0.,-1.,0.));
#7584=DIRECTION('',(0.,-1.,0.));
#7585=DIRECTION('',(1.,0.,0.));
#7586=DIRECTION('',(0.,-1.,0.));
#7587=DIRECTION('',(0.,-1.,0.));
#7588=DIRECTION('',(1.,0.,0.));
#7589=DIRECTION('',(0.,-1.,0.));
#7590=DIRECTION('',(0.,-1.,0.));
#7591=DIRECTION('',(1.,0.,0.));
#7592=DIRECTION('',(0.,-1.,0.));
#7593=DIRECTION('',(0.,-1.,0.));
#7594=DIRECTION('',(1.,0.,0.));
#7595=DIRECTION('',(0.,-1.,0.));
#7596=DIRECTION('',(0.,-1.,0.));
#7597=DIRECTION('',(1.,0.,0.));
#7598=DIRECTION('',(0.,-1.,0.));
#7599=DIRECTION('',(0.,-1.,0.));
#7600=DIRECTION('',(1.,0.,0.));
#7601=DIRECTION('',(0.,-1.,0.));
#7602=DIRECTION('',(0.,-1.,0.));
#7603=DIRECTION('',(1.,0.,0.));
#7604=DIRECTION('',(0.,-1.,0.));
#7605=DIRECTION('',(0.,-1.,0.));
#7606=DIRECTION('',(1.,0.,0.));
#7607=DIRECTION('',(0.,-1.,0.));
#7608=DIRECTION('',(0.,-1.,0.));
#7609=DIRECTION('',(1.,0.,0.));
#7610=DIRECTION('',(0.,-1.,0.));
#7611=DIRECTION('',(0.,-1.,0.));
#7612=DIRECTION('',(1.,0.,0.));
#7613=DIRECTION('',(0.,-1.,0.));
#7614=DIRECTION('',(0.,-1.,0.));
#7615=DIRECTION('',(1.,0.,0.));
#7616=DIRECTION('',(0.,-1.,0.));
#7617=DIRECTION('',(0.,-1.,0.));
#7618=DIRECTION('',(1.,0.,0.));
#7619=DIRECTION('',(0.,-1.,0.));
#7620=DIRECTION('',(0.,-1.,0.));
#7621=DIRECTION('',(1.,0.,0.));
#7622=DIRECTION('',(0.,-1.,0.));
#7623=DIRECTION('',(0.,-1.,0.));
#7624=DIRECTION('',(1.,0.,0.));
#7625=DIRECTION('',(0.,-1.,0.));
#7626=DIRECTION('',(0.,-1.,0.));
#7627=DIRECTION('',(1.,0.,0.));
#7628=DIRECTION('',(0.,-1.,0.));
#7629=DIRECTION('',(0.,-1.,0.));
#7630=DIRECTION('',(1.,0.,0.));
#7631=DIRECTION('',(0.,-1.,0.));
#7632=DIRECTION('',(0.,-1.,0.));
#7633=DIRECTION('',(1.,0.,0.));
#7634=DIRECTION('',(0.,-1.,0.));
#7635=DIRECTION('',(0.,-1.,0.));
#7636=DIRECTION('',(1.,0.,0.));
#7637=DIRECTION('',(0.,-1.,0.));
#7638=DIRECTION('',(0.,-1.,0.));
#7639=DIRECTION('',(1.,0.,0.));
#7640=DIRECTION('',(0.,-1.,0.));
#7641=DIRECTION('',(0.,-1.,0.));
#7642=DIRECTION('',(1.,0.,0.));
#7643=DIRECTION('',(0.,-1.,0.));
#7644=DIRECTION('',(0.,-1.,0.));
#7645=DIRECTION('',(1.,0.,0.));
#7646=DIRECTION('',(0.,-1.,0.));
#7647=DIRECTION('',(0.,-1.,0.));
#7648=DIRECTION('',(1.,0.,0.));
#7649=DIRECTION('',(0.,-1.,0.));
#7650=DIRECTION('',(0.,-1.,0.));
#7651=DIRECTION('',(1.,0.,0.));
#7652=DIRECTION('',(0.,-1.,0.));
#7653=DIRECTION('',(0.,-1.,0.));
#7654=DIRECTION('',(1.,0.,0.));
#7655=DIRECTION('',(0.,-1.,0.));
#7656=DIRECTION('',(0.,-1.,0.));
#7657=DIRECTION('',(1.,0.,0.));
#7658=DIRECTION('',(0.,-1.,0.));
#7659=DIRECTION('',(0.,-1.,0.));
#7660=DIRECTION('',(1.,0.,0.));
#7661=DIRECTION('',(0.,-1.,0.));
#7662=DIRECTION('',(0.,-1.,0.));
#7663=DIRECTION('',(1.,0.,0.));
#7664=DIRECTION('',(0.,-1.,0.));
#7665=DIRECTION('',(0.,-1.,0.));
#7666=DIRECTION('',(1.,0.,0.));
#7667=DIRECTION('',(0.,-1.,0.));
#7668=DIRECTION('',(0.,-1.,0.));
#7669=DIRECTION('',(1.,0.,0.));
#7670=DIRECTION('',(0.,-1.,0.));
#7671=DIRECTION('',(0.,-1.,0.));
#7672=DIRECTION('',(1.,0.,0.));
#7673=DIRECTION('',(0.,-1.,0.));
#7674=DIRECTION('',(0.,-1.,0.));
#7675=DIRECTION('',(1.,0.,0.));
#7676=DIRECTION('',(0.,-1.,0.));
#7677=DIRECTION('',(0.,-1.,0.));
#7678=DIRECTION('',(1.,0.,0.));
#7679=DIRECTION('',(0.,-1.,0.));
#7680=DIRECTION('',(0.,-1.,0.));
#7681=DIRECTION('',(1.,0.,0.));
#7682=DIRECTION('',(0.,-1.,0.));
#7683=DIRECTION('',(0.,-1.,0.));
#7684=DIRECTION('',(1.,0.,0.));
#7685=DIRECTION('',(0.,-1.,0.));
#7686=DIRECTION('',(0.,-1.,0.));
#7687=DIRECTION('',(1.,0.,0.));
#7688=DIRECTION('',(0.,-1.,0.));
#7689=DIRECTION('',(0.,-1.,0.));
#7690=DIRECTION('',(1.,0.,0.));
#7691=DIRECTION('',(0.,-1.,0.));
#7692=DIRECTION('',(0.,-1.,0.));
#7693=DIRECTION('',(1.,0.,0.));
#7694=DIRECTION('',(0.,-1.,0.));
#7695=DIRECTION('',(0.,-1.,0.));
#7696=DIRECTION('',(1.,0.,0.));
#7697=DIRECTION('',(0.,-1.,0.));
#7698=DIRECTION('',(0.,-1.,0.));
#7699=DIRECTION('',(1.,0.,0.));
#7700=DIRECTION('',(0.,-1.,0.));
#7701=DIRECTION('',(0.,-1.,0.));
#7702=DIRECTION('',(1.,0.,0.));
#7703=DIRECTION('',(0.,-1.,0.));
#7704=DIRECTION('',(0.,-1.,0.));
#7705=DIRECTION('',(1.,0.,0.));
#7706=DIRECTION('',(0.,-1.,0.));
#7707=DIRECTION('',(0.,-1.,0.));
#7708=DIRECTION('',(1.,0.,0.));
#7709=DIRECTION('',(0.,-1.,0.));
#7710=DIRECTION('',(0.,-1.,0.));
#7711=DIRECTION('',(1.,0.,0.));
#7712=CARTESIAN_POINT('',(0.,0.,0.));
#7713=CARTESIAN_POINT('',(0.,-0.037,0.));
#7714=CARTESIAN_POINT('',(0.,-0.0165,0.));
#7715=CARTESIAN_POINT('',(-0.00415,-0.0165,0.));
#7716=CARTESIAN_POINT('',(-0.00399543231732961,-0.0346807655798335,0.00123927210922797));
#7717=CARTESIAN_POINT('',(-0.00408052136719581,-0.0335000308411691,0.000724362145831416));
#7718=CARTESIAN_POINT('',(-0.00399506959971973,-0.0323191110554902,0.00123990414150866));
#7719=CARTESIAN_POINT('',(-0.00351264536135154,-0.0318378326984834,0.00233491677468462));
#7720=CARTESIAN_POINT('',(-0.00269290668641977,-0.0323297973312719,0.00320165596255841));
#7721=CARTESIAN_POINT('',(-0.00222917899178976,-0.0334979948911973,0.00349487353679395));
#7722=CARTESIAN_POINT('',(-0.00269338449260697,-0.0346715072555178,0.00320104767598456));
#7723=CARTESIAN_POINT('',(-0.00351143936382845,-0.0351618581902323,0.00233672500573956));
#7724=CARTESIAN_POINT('',(-0.00399543231732961,-0.0346807655798335,0.00123927210922797));
#7725=CARTESIAN_POINT('',(-0.00408052136719581,-0.0335000308411691,0.000724362145831416));
#7726=CARTESIAN_POINT('',(-0.00399506959971973,-0.0323191110554902,0.00123990414150866));
#7727=CARTESIAN_POINT('',(-0.00405209789763876,-0.0335,0.000896104139010383));
#7728=CARTESIAN_POINT('',(0.000924475029871862,-0.0346807655798335,-0.00407978194052276));
#7729=CARTESIAN_POINT('',(0.00141294466376808,-0.0335000308411691,-0.00389601623759249));
#7730=CARTESIAN_POINT('',(0.000923746315055822,-0.0323191110554902,-0.00407978383399855));
#7731=CARTESIAN_POINT('',(-0.000265774561923547,-0.0318378326984834,-0.00420949850475831));
#7732=CARTESIAN_POINT('',(-0.00142626205454362,-0.0323297973312719,-0.0039329535817397));
#7733=CARTESIAN_POINT('',(-0.00191205976998266,-0.0334979948911973,-0.00367796240486948));
#7734=CARTESIAN_POINT('',(-0.00142549635982429,-0.0346715072555178,-0.00393306323074897));
#7735=CARTESIAN_POINT('',(-0.000267943534714579,-0.0351618581902323,-0.00420935819579389));
#7736=CARTESIAN_POINT('',(0.000924475029871862,-0.0346807655798335,-0.00407978194052276));
#7737=CARTESIAN_POINT('',(0.00141294466376808,-0.0335000308411691,-0.00389601623759249));
#7738=CARTESIAN_POINT('',(0.000923746315055822,-0.0323191110554902,-0.00407978383399855));
#7739=CARTESIAN_POINT('',(0.00125,-0.0335,-0.00395727178748188));
#7740=CARTESIAN_POINT('',(0.00307095728745775,-0.0346807655798335,0.00284050983129479));
#7741=CARTESIAN_POINT('',(0.00266757670342772,-0.0335000308411691,0.00317165409176107));
#7742=CARTESIAN_POINT('',(0.0030713232846639,-0.0323191110554902,0.00283987969248988));
#7743=CARTESIAN_POINT('',(0.00377841992327508,-0.0318378326984834,0.00187458173007369));
#7744=CARTESIAN_POINT('',(0.00411916874096339,-0.0323297973312719,0.000731297619181294));
#7745=CARTESIAN_POINT('',(0.00414123876177241,-0.0334979948911973,0.000183088868075539));
#7746=CARTESIAN_POINT('',(0.00411888085243125,-0.0346715072555178,0.000732015554764424));
#7747=CARTESIAN_POINT('',(0.00377938289854302,-0.0351618581902323,0.00187263319005433));
#7748=CARTESIAN_POINT('',(0.00307095728745775,-0.0346807655798335,0.00284050983129479));
#7749=CARTESIAN_POINT('',(0.00266757670342772,-0.0335000308411691,0.00317165409176107));
#7750=CARTESIAN_POINT('',(0.0030713232846639,-0.0323191110554902,0.00283987969248988));
#7751=CARTESIAN_POINT('',(0.00280209789763875,-0.0335,0.00306116764847149));
#7752=CARTESIAN_POINT('',(0.,-0.037,0.));
#7753=CARTESIAN_POINT('',(-0.00415,-0.037,0.));
#7754=CARTESIAN_POINT('',(0.,-0.0165,0.));
#7755=CARTESIAN_POINT('',(-0.00444318832400123,-0.0165,0.000873343080612701));
#7756=CARTESIAN_POINT('',(-0.00452631458692747,-0.0165,2.1929159086165E-5));
#7757=CARTESIAN_POINT('',(-0.00445124642879074,-0.0165,-0.000809433460779204));
#7758=CARTESIAN_POINT('',(-0.0042359928577173,-0.0165,-0.00159814296858777));
#7759=CARTESIAN_POINT('',(-0.00383085116336175,-0.0165,-0.00242563411759343));
#7760=CARTESIAN_POINT('',(-0.003239808763104,-0.0165,-0.00316885592315396));
#7761=CARTESIAN_POINT('',(-0.00252089247891707,-0.0165,-0.00376722436847093));
#7762=CARTESIAN_POINT('',(-0.00170445827101646,-0.0165,-0.00419447121934742));
#7763=CARTESIAN_POINT('',(-0.000914780876156148,-0.0165,-0.00443201129934817));
#7764=CARTESIAN_POINT('',(-8.28777288444819E-5,-0.0165,-0.00452555261063803));
#7765=CARTESIAN_POINT('',(0.000765553551288973,-0.0165,-0.0044615983934261));
#7766=CARTESIAN_POINT('',(0.00158207399338863,-0.0165,-0.00424360734997509));
#7767=CARTESIAN_POINT('',(0.00242421572749958,-0.0165,-0.00383194978428068));
#7768=CARTESIAN_POINT('',(0.00316882650205794,-0.0165,-0.00323985801902955));
#7769=CARTESIAN_POINT('',(0.00376721576302952,-0.0165,-0.00252090024250983));
#7770=CARTESIAN_POINT('',(0.00419447289183486,-0.0165,-0.00170445740104271));
#7771=CARTESIAN_POINT('',(0.0044320108390563,-0.0165,-0.000914781169572852));
#7772=CARTESIAN_POINT('',(0.00452555273705236,-0.0165,-8.28776575290765E-5));
#7773=CARTESIAN_POINT('',(0.00446159835950448,-0.0165,0.000765553529834886));
#7774=CARTESIAN_POINT('',(0.00424360735978003,-0.0165,0.00158207399904351));
#7775=CARTESIAN_POINT('',(0.00383194978170921,-0.0165,0.0024242157258884));
#7776=CARTESIAN_POINT('',(0.00323985801995779,-0.0165,0.00316882650266374));
#7777=CARTESIAN_POINT('',(0.0025209002413301,-0.0165,0.00376721576215788));
#7778=CARTESIAN_POINT('',(0.00170445740479479,-0.0165,0.00419447289468392));
#7779=CARTESIAN_POINT('',(0.000914781156113782,-0.0165,0.00443201082881298));
#7780=CARTESIAN_POINT('',(8.28777082767795E-5,-0.0165,0.00452555277568117));
#7781=CARTESIAN_POINT('',(-0.00076555372437108,-0.0165,0.00446159821142303));
#7782=CARTESIAN_POINT('',(-0.00158207325790872,-0.0165,0.00424360792393423));
#7783=CARTESIAN_POINT('',(-0.00242421859370744,-0.0165,0.00383194759871593));
#7784=CARTESIAN_POINT('',(-0.00316881636255726,-0.0165,0.00323986573864019));
#7785=CARTESIAN_POINT('',(-0.00376725355766028,-0.0165,0.00252087147126937));
#7786=CARTESIAN_POINT('',(-0.00420169970140917,-0.0165,0.00169048376705525));
#7787=CARTESIAN_POINT('',(-0.00444318832400123,-0.0165,0.000873343080612701));
#7788=CARTESIAN_POINT('',(-0.00452631458692747,-0.0165,2.1929159086165E-5));
#7789=CARTESIAN_POINT('',(-0.00445124642879074,-0.0165,-0.000809433460779204));
#7790=CARTESIAN_POINT('',(-0.0045,-0.0165,5.51091059616309E-19));
#7791=CARTESIAN_POINT('',(-0.009625,-0.0335,0.00584567147554495));
#7792=CARTESIAN_POINT('',(-0.009625,-0.0335,0.00584567147554495));
#7793=CARTESIAN_POINT('',(-0.008875,-0.0335,0.00714470958122161));
#7794=CARTESIAN_POINT('',(-0.000249999999999993,-0.0335,-0.0112583302491977));
#7795=CARTESIAN_POINT('',(-0.000249999999999993,-0.0335,-0.0112583302491977));
#7796=CARTESIAN_POINT('',(-0.00174999999999999,-0.0335,-0.0112583302491977));
#7797=CARTESIAN_POINT('',(0.009875,-0.0335,0.00541265877365275));
#7798=CARTESIAN_POINT('',(0.009875,-0.0335,0.00541265877365275));
#7799=CARTESIAN_POINT('',(0.010625,-0.0335,0.00411362066797609));
#7800=CARTESIAN_POINT('',(-3.95306683010472E-19,-0.037,1.66533453693773E-18));
#7801=CARTESIAN_POINT('',(0.0065,-0.037,-0.0112583302491977));
#7802=CARTESIAN_POINT('',(0.0065,-0.037,-0.0112583302491977));
#7803=CARTESIAN_POINT('',(0.013,-0.037,5.90174335142377E-18));
#7804=CARTESIAN_POINT('',(0.013,-0.037,6.59194920871187E-18));
#7805=CARTESIAN_POINT('',(0.0065,-0.037,0.0112583302491977));
#7806=CARTESIAN_POINT('',(-3.95306683010472E-19,-0.037,0.0112583302491977));
#7807=CARTESIAN_POINT('',(-0.0065,-0.037,0.0112583302491977));
#7808=CARTESIAN_POINT('',(-0.0065,-0.037,0.0112583302491977));
#7809=CARTESIAN_POINT('',(-0.013,-0.037,-1.07205910815366E-17));
#7810=CARTESIAN_POINT('',(-0.013,-0.037,-1.08940634291343E-17));
#7811=CARTESIAN_POINT('',(-0.0065,-0.037,-0.0112583302491977));
#7812=CARTESIAN_POINT('',(-3.95306683010472E-19,-0.037,-0.0112583302491977));
#7813=CARTESIAN_POINT('',(0.,-0.017,0.));
#7814=CARTESIAN_POINT('',(0.,-0.017,0.));
#7815=CARTESIAN_POINT('',(-0.005,-0.017,6.12323399573677E-19));
#7816=CARTESIAN_POINT('',(-0.013,-0.03,-1.08940634291343E-17));
#7817=CARTESIAN_POINT('',(-0.0065,-0.03,0.0112583302491977));
#7818=CARTESIAN_POINT('',(-0.0065,-0.03167,0.0112583302491977));
#7819=CARTESIAN_POINT('',(-0.013,-0.03167,-1.08940634291343E-17));
#7820=CARTESIAN_POINT('',(-0.013,-0.03167,-1.82406173498961E-17));
#7821=CARTESIAN_POINT('',(-0.013,-0.03,-1.08940634291343E-17));
#7822=CARTESIAN_POINT('',(0.0065,-0.03,-0.0112583302491977));
#7823=CARTESIAN_POINT('',(-0.0065,-0.03,-0.0112583302491977));
#7824=CARTESIAN_POINT('',(-0.0065,-0.03167,-0.0112583302491977));
#7825=CARTESIAN_POINT('',(0.0065,-0.03167,-0.0112583302491977));
#7826=CARTESIAN_POINT('',(0.0065,-0.03167,-0.0112583302491977));
#7827=CARTESIAN_POINT('',(0.0065,-0.03,-0.0112583302491977));
#7828=CARTESIAN_POINT('',(0.0065,-0.03,0.0112583302491977));
#7829=CARTESIAN_POINT('',(0.013,-0.03,1.7347234759768E-18));
#7830=CARTESIAN_POINT('',(0.013,-0.03167,1.04083408558608E-17));
#7831=CARTESIAN_POINT('',(0.0065,-0.03167,0.0112583302491977));
#7832=CARTESIAN_POINT('',(0.0065,-0.03167,0.0112583302491977));
#7833=CARTESIAN_POINT('',(0.0065,-0.03,0.0112583302491977));
#7834=CARTESIAN_POINT('',(0.013,-0.03,6.59194920871187E-18));
#7835=CARTESIAN_POINT('',(0.013,-0.03167,6.59194920871187E-18));
#7836=CARTESIAN_POINT('',(-0.0065,-0.03,-0.0112583302491977));
#7837=CARTESIAN_POINT('',(-0.0065,-0.03167,-0.0112583302491977));
#7838=CARTESIAN_POINT('',(-0.0065,-0.03,0.0112583302491977));
#7839=CARTESIAN_POINT('',(-0.0065,-0.03167,0.0112583302491977));
#7840=CARTESIAN_POINT('',(0.,-0.019,0.));
#7841=CARTESIAN_POINT('',(0.,-0.01825,0.));
#7842=CARTESIAN_POINT('',(-0.005,-0.01825,0.));
#7843=CARTESIAN_POINT('',(-0.01209813121216,-0.030835,0.00323208256229942));
#7844=CARTESIAN_POINT('',(0.,-0.0429283302491977,0.));
#7845=CARTESIAN_POINT('',(-0.0118778555888397,-0.03,0.00528361113355909));
#7846=CARTESIAN_POINT('',(0.,-0.0429283302491977,0.));
#7847=CARTESIAN_POINT('',(-0.0105146692598004,-0.03,0.00764471911563854));
#7848=CARTESIAN_POINT('',(-0.0105146692598004,-0.03,0.00764471911563848));
#7849=CARTESIAN_POINT('',(0.00325,-0.030835,-0.0120933302491977));
#7850=CARTESIAN_POINT('',(0.,-0.0429283302491977,0.));
#7851=CARTESIAN_POINT('',(0.00136318632903932,-0.03,-0.0129283302491977));
#7852=CARTESIAN_POINT('',(0.,-0.0429283302491977,0.));
#7853=CARTESIAN_POINT('',(-0.00136318632903931,-0.03,-0.0129283302491977));
#7854=CARTESIAN_POINT('',(0.00325,-0.03,-0.0129283302491977));
#7855=CARTESIAN_POINT('',(0.00884813121216,-0.030835,0.00886124768689829));
#7856=CARTESIAN_POINT('',(0.,-0.0429283302491977,0.));
#7857=CARTESIAN_POINT('',(0.0105146692598004,-0.03,0.00764471911563845));
#7858=CARTESIAN_POINT('',(0.,-0.0429283302491977,0.));
#7859=CARTESIAN_POINT('',(0.0118778555888396,-0.03,0.00528361113355927));
#7860=CARTESIAN_POINT('',(0.0118778555888397,-0.03,0.00528361113355915));
#7861=CARTESIAN_POINT('',(0.01209813121216,-0.030835,-0.00323208256229942));
#7862=CARTESIAN_POINT('',(0.,-0.0429283302491977,0.));
#7863=CARTESIAN_POINT('',(0.0118778555888396,-0.03,-0.0052836111335592));
#7864=CARTESIAN_POINT('',(0.,-0.0429283302491977,0.));
#7865=CARTESIAN_POINT('',(0.0105146692598004,-0.03,-0.00764471911563848));
#7866=CARTESIAN_POINT('',(0.0105146692598004,-0.03,-0.00764471911563854));
#7867=CARTESIAN_POINT('',(-0.00884813121216,-0.030835,-0.00886124768689829));
#7868=CARTESIAN_POINT('',(0.,-0.0429283302491977,0.));
#7869=CARTESIAN_POINT('',(-0.0118778555888396,-0.03,-0.00528361113355934));
#7870=CARTESIAN_POINT('',(-0.0118778555888397,-0.03,-0.00528361113355918));
#7871=CARTESIAN_POINT('',(-0.0105146692598004,-0.03,-0.00764471911563843));
#7872=CARTESIAN_POINT('',(0.,-0.0429283302491977,0.));
#7873=CARTESIAN_POINT('',(-0.00325,-0.030835,0.0120933302491977));
#7874=CARTESIAN_POINT('',(0.,-0.0429283302491977,0.));
#7875=CARTESIAN_POINT('',(-0.00136318632903929,-0.03,0.0129283302491977));
#7876=CARTESIAN_POINT('',(0.,-0.0429283302491977,0.));
#7877=CARTESIAN_POINT('',(0.00136318632903927,-0.03,0.0129283302491977));
#7878=CARTESIAN_POINT('',(-0.00325,-0.03,0.0129283302491977));
#7879=CARTESIAN_POINT('',(0.,-0.01825,0.));
#7880=CARTESIAN_POINT('',(0.,-0.01825,0.));
#7881=CARTESIAN_POINT('',(-0.013,-0.01825,0.));
#7882=CARTESIAN_POINT('',(0.,-0.03,0.));
#7883=CARTESIAN_POINT('',(0.,-0.02965,0.));
#7884=CARTESIAN_POINT('',(0.013,-0.02965,1.59204083889156E-18));
#7885=CARTESIAN_POINT('',(0.,-0.03,0.));
#7886=CARTESIAN_POINT('',(0.,-0.03,0.));
#7887=CARTESIAN_POINT('',(0.,-0.03,0.));
#7888=CARTESIAN_POINT('',(0.,-0.03,0.));
#7889=CARTESIAN_POINT('',(0.,-0.03,0.));
#7890=CARTESIAN_POINT('',(0.,-0.03,0.));
#7891=CARTESIAN_POINT('',(0.,-0.03,0.));
#7892=CARTESIAN_POINT('',(0.,-0.03,0.));
#7893=CARTESIAN_POINT('',(0.,-0.03,0.));
#7894=CARTESIAN_POINT('',(0.,-0.03,0.));
#7895=CARTESIAN_POINT('',(0.,-0.03,0.));
#7896=CARTESIAN_POINT('',(0.,-0.03,0.));
#7897=CARTESIAN_POINT('',(0.,-0.019,0.));
#7898=CARTESIAN_POINT('',(0.,-0.0185,0.));
#7899=CARTESIAN_POINT('',(-0.013,-0.0185,0.));
#7900=CARTESIAN_POINT('',(0.,-0.0296499999999995,0.));
#7901=CARTESIAN_POINT('',(0.,-0.0294,0.));
#7902=CARTESIAN_POINT('',(0.0127499999999999,-0.0294,-1.56142466891286E-18));
#7903=CARTESIAN_POINT('',(0.,-0.0185000000000006,0.));
#7904=CARTESIAN_POINT('',(0.,-0.0189999999999993,0.));
#7905=CARTESIAN_POINT('',(-0.0124999999999994,-0.0189999999999993,0.));
#7906=CARTESIAN_POINT('',(0.,-0.019,0.));
#7907=CARTESIAN_POINT('',(0.,-0.02925,0.));
#7908=CARTESIAN_POINT('',(0.01275,-0.02925,0.));
#7909=CARTESIAN_POINT('',(0.,-0.019,0.));
#7910=CARTESIAN_POINT('',(-0.012041716666665,-0.019,0.00124213351123029));
#7911=CARTESIAN_POINT('',(-0.0123594650585204,-0.019,0.000663199905820045));
#7912=CARTESIAN_POINT('',(-0.0121792999999996,-0.019,0.000596224085390619));
#7913=CARTESIAN_POINT('',(-0.0122494752305717,-0.019,0.000863600000001212));
#7914=CARTESIAN_POINT('',(-0.0124600451058899,-0.019,0.000774615239460538));
#7915=CARTESIAN_POINT('',(2.22044604925031E-18,-0.019,-2.22044604925031E-17));
#7916=CARTESIAN_POINT('',(-0.012427817794974,-0.019,0.00118410205005452));
#7917=CARTESIAN_POINT('',(-0.012233760667653,-0.019,0.00106327245377977));
#7918=CARTESIAN_POINT('',(-0.0123110468567753,-0.019,0.00127841149015149));
#7919=CARTESIAN_POINT('',(-0.0120877756437549,-0.019,0.000656898718411094));
#7920=CARTESIAN_POINT('',(-0.0121226226024533,-0.019,0.00131637870254213));
#7921=CARTESIAN_POINT('',(-0.0121547890258671,-0.019,0.00192512945712463));
#7922=CARTESIAN_POINT('',(-0.0119360826107678,-0.019,0.00249414585758636));
#7923=CARTESIAN_POINT('',(-0.0116991506610746,-0.019,0.00311058029141898));
#7924=CARTESIAN_POINT('',(-0.012103552211813,-0.019,0.00258848111907681));
#7925=CARTESIAN_POINT('',(-0.0119635670596357,-0.019,0.00276920775565792));
#7926=CARTESIAN_POINT('',(-0.0121854647537796,-0.019,0.00271425893097863));
#7927=CARTESIAN_POINT('',(-1.33226762955019E-17,-0.019,-7.99360577730113E-17));
#7928=CARTESIAN_POINT('',(-0.0120895763643829,-0.019,0.00311366281728724));
#7929=CARTESIAN_POINT('',(-0.011916810315571,-0.019,0.00296396361095022));
#7930=CARTESIAN_POINT('',(-0.0119594898233877,-0.019,0.00318854415243261));
#7931=CARTESIAN_POINT('',(-0.0118361934674727,-0.019,0.0025397559214835));
#7932=CARTESIAN_POINT('',(-0.0117674460037573,-0.019,0.00319656787800736));
#7933=CARTESIAN_POINT('',(-0.0117039868064851,-0.019,0.00380285583787591));
#7934=CARTESIAN_POINT('',(-0.011398959254072,-0.019,0.00433065348117199));
#7935=CARTESIAN_POINT('',(-0.0110685127389558,-0.019,0.00490243426140824));
#7936=CARTESIAN_POINT('',(-0.0115496097402626,-0.019,0.00445002533650326));
#7937=CARTESIAN_POINT('',(-0.0113830761628876,-0.019,0.0046066284258939));
#7938=CARTESIAN_POINT('',(-0.0116108378181921,-0.019,0.00458706855951005));
#7939=CARTESIAN_POINT('',(0.,-0.019,0.));
#7940=CARTESIAN_POINT('',(-0.011453649440697,-0.019,0.00496655487230599));
#7941=CARTESIAN_POINT('',(-0.0113064285438969,-0.019,0.00479167214718605));
#7942=CARTESIAN_POINT('',(-0.0113134504592872,-0.019,0.00502016427550616));
#7943=CARTESIAN_POINT('',(-0.0112931649259418,-0.019,0.0043600759048035));
#7944=CARTESIAN_POINT('',(-0.0111225158305311,-0.019,0.00499804694351568));
#7945=CARTESIAN_POINT('',(-0.0109649935886164,-0.019,0.00558694328694307));
#7946=CARTESIAN_POINT('',(-0.0105811556895634,-0.019,0.00606052604343936));
#7947=CARTESIAN_POINT('',(-0.0101653312989216,-0.019,0.00657357402964275));
#7948=CARTESIAN_POINT('',(-0.01071127754595,-0.019,0.0062019951613582));
#7949=CARTESIAN_POINT('',(-0.0105222961527484,-0.019,0.00633061861576518));
#7950=CARTESIAN_POINT('',(-0.0107503135213615,-0.019,0.00634692933649566));
#7951=CARTESIAN_POINT('',(0.,-0.019,0.));
#7952=CARTESIAN_POINT('',(-0.0105356956553001,-0.019,0.00669715386331596));
#7953=CARTESIAN_POINT('',(-0.0104176449775884,-0.019,0.00650139381250934));
#7954=CARTESIAN_POINT('',(-0.0103888363976898,-0.019,0.00672817129314669));
#7955=CARTESIAN_POINT('',(-0.0104720611840603,-0.019,0.00607303634908208));
#7956=CARTESIAN_POINT('',(-0.0102037124040462,-0.019,0.00667645750570976));
#7957=CARTESIAN_POINT('',(-0.00995600583788051,-0.019,0.00723346165028897));
#7958=CARTESIAN_POINT('',(-0.00950280895513822,-0.019,0.00764116834078187));
#7959=CARTESIAN_POINT('',(-0.00901184566550046,-0.019,0.00808285058881818));
#7960=CARTESIAN_POINT('',(-0.00960919814976397,-0.019,0.00780125128209576));
#7961=CARTESIAN_POINT('',(-0.00940242228982686,-0.019,0.00789872796519114));
#7962=CARTESIAN_POINT('',(-0.00962508082738667,-0.019,0.00795050764896534));
#7963=CARTESIAN_POINT('',(0.,-0.019,0.));
#7964=CARTESIAN_POINT('',(-0.00935831807689764,-0.019,0.00826284669963042));
#7965=CARTESIAN_POINT('',(-0.00927234441774482,-0.019,0.00805102958527969));
#7966=CARTESIAN_POINT('',(-0.00920841470540354,-0.019,0.00827050840402984));
#7967=CARTESIAN_POINT('',(-0.00939310054105798,-0.019,0.00763645848319661));
#7968=CARTESIAN_POINT('',(-0.00903365971399163,-0.019,0.00819047152621804));
#7969=CARTESIAN_POINT('',(-0.00870186818131646,-0.019,0.00870186818131647));
#7970=CARTESIAN_POINT('',(-0.00819047152621823,-0.019,0.00903365971399194));
#7971=CARTESIAN_POINT('',(-0.00763645848319676,-0.019,0.00939310054105625));
#7972=CARTESIAN_POINT('',(-0.00827050840402967,-0.019,0.00920841470540457));
#7973=CARTESIAN_POINT('',(-0.00805102958527972,-0.019,0.0092723444177455));
#7974=CARTESIAN_POINT('',(-0.00826284669963044,-0.019,0.00935831807689764));
#7975=CARTESIAN_POINT('',(7.20867809889114E-15,-0.019,5.44897460486027E-15));
#7976=CARTESIAN_POINT('',(-0.0079505076489656,-0.019,0.00962508082738684));
#7977=CARTESIAN_POINT('',(-0.00789872796519472,-0.019,0.00940242228982698));
#7978=CARTESIAN_POINT('',(-0.00780125128209934,-0.019,0.00960919814976336));
#7979=CARTESIAN_POINT('',(-0.00808285058881672,-0.019,0.00901184566549943));
#7980=CARTESIAN_POINT('',(-0.00764116834078188,-0.019,0.00950280895513613));
#7981=CARTESIAN_POINT('',(-0.00723346165028678,-0.019,0.00995600583787738));
#7982=CARTESIAN_POINT('',(-0.00667645750570815,-0.019,0.0102037124040461));
#7983=CARTESIAN_POINT('',(-0.00607303634908182,-0.019,0.0104720611840615));
#7984=CARTESIAN_POINT('',(-0.00672817129314547,-0.019,0.0103888363976892));
#7985=CARTESIAN_POINT('',(-0.00650139381250811,-0.019,0.0104176449775879));
#7986=CARTESIAN_POINT('',(-0.00669715386331599,-0.019,0.0105356956552976));
#7987=CARTESIAN_POINT('',(-7.52620188393394E-15,-0.019,-5.54223333892878E-15));
#7988=CARTESIAN_POINT('',(-0.00634692933649442,-0.019,0.0107503135213594));
#7989=CARTESIAN_POINT('',(-0.00633061861576224,-0.019,0.0105222961527464));
#7990=CARTESIAN_POINT('',(-0.00620199516135596,-0.019,0.0107112775459485));
#7991=CARTESIAN_POINT('',(-0.00657357402964275,-0.019,0.0101653312989216));
#7992=CARTESIAN_POINT('',(-0.00606052604343936,-0.019,0.0105811556895634));
#7993=CARTESIAN_POINT('',(-0.00558694328694307,-0.019,0.0109649935886164));
#7994=CARTESIAN_POINT('',(-0.00499804694351567,-0.019,0.0111225158305311));
#7995=CARTESIAN_POINT('',(-0.00436007590480349,-0.019,0.0112931649259418));
#7996=CARTESIAN_POINT('',(-0.00502016427550617,-0.019,0.0113134504592866));
#7997=CARTESIAN_POINT('',(-0.00479167214718605,-0.019,0.0113064285438961));
#7998=CARTESIAN_POINT('',(-0.00496655487230591,-0.019,0.0114536494406964));
#7999=CARTESIAN_POINT('',(0.,-0.019,0.));
#8000=CARTESIAN_POINT('',(-0.00458706855950977,-0.019,0.0116108378181915));
#8001=CARTESIAN_POINT('',(-0.0046066284258933,-0.019,0.011383076162887));
#8002=CARTESIAN_POINT('',(-0.0044500253365028,-0.019,0.0115496097402621));
#8003=CARTESIAN_POINT('',(-0.00490243426140824,-0.019,0.0110685127389558));
#8004=CARTESIAN_POINT('',(-0.00433065348117201,-0.019,0.0113989592540721));
#8005=CARTESIAN_POINT('',(-0.003802855837876,-0.019,0.0117039868064853));
#8006=CARTESIAN_POINT('',(-0.00319656787800728,-0.019,0.0117674460037559));
#8007=CARTESIAN_POINT('',(-0.00253975592148359,-0.019,0.0118361934674667));
#8008=CARTESIAN_POINT('',(-0.00318854415242994,-0.019,0.0119594898233928));
#8009=CARTESIAN_POINT('',(-0.0029639636109484,-0.019,0.0119168103155722));
#8010=CARTESIAN_POINT('',(-0.00311366281728714,-0.019,0.0120895763643825));
#8011=CARTESIAN_POINT('',(0.,-0.019,0.));
#8012=CARTESIAN_POINT('',(-0.00271425893097862,-0.019,0.0121854647537792));
#8013=CARTESIAN_POINT('',(-0.00276920775565753,-0.019,0.0119635670596352));
#8014=CARTESIAN_POINT('',(-0.00258848111907653,-0.019,0.0121035522118126));
#8015=CARTESIAN_POINT('',(-0.00311058029141898,-0.019,0.0116991506610746));
#8016=CARTESIAN_POINT('',(-0.00249414585758636,-0.019,0.0119360826107678));
#8017=CARTESIAN_POINT('',(-0.00192512945712463,-0.019,0.0121547890258671));
#8018=CARTESIAN_POINT('',(-0.00131637870254213,-0.019,0.0121226226024533));
#8019=CARTESIAN_POINT('',(-0.000656898718411092,-0.019,0.0120877756437549));
#8020=CARTESIAN_POINT('',(-0.0012784114901515,-0.019,0.0123110468567752));
#8021=CARTESIAN_POINT('',(-0.00106327245377975,-0.019,0.0122337606676529));
#8022=CARTESIAN_POINT('',(-0.00118410205005446,-0.019,0.012427817794974));
#8023=CARTESIAN_POINT('',(0.,-0.019,0.));
#8024=CARTESIAN_POINT('',(-0.000774615239460558,-0.019,0.0124600451058899));
#8025=CARTESIAN_POINT('',(-0.000863600000001199,-0.019,0.0122494752305717));
#8026=CARTESIAN_POINT('',(-0.000663199905820045,-0.019,0.0123594650585204));
#8027=CARTESIAN_POINT('',(-0.00124213351123028,-0.019,0.012041716666665));
#8028=CARTESIAN_POINT('',(-0.000596224085390614,-0.019,0.0121792999999996));
#8029=CARTESIAN_POINT('',(0.,-0.019,0.0123063));
#8030=CARTESIAN_POINT('',(0.000596224085390614,-0.019,0.0121792999999996));
#8031=CARTESIAN_POINT('',(0.00124213351123028,-0.019,0.012041716666665));
#8032=CARTESIAN_POINT('',(0.000663199905819261,-0.019,0.012359465058519));
#8033=CARTESIAN_POINT('',(0.000863600000000199,-0.019,0.0122494752305698));
#8034=CARTESIAN_POINT('',(0.000774615239460605,-0.019,0.0124600451058885));
#8035=CARTESIAN_POINT('',(0.,-0.019,0.));
#8036=CARTESIAN_POINT('',(0.00118410205005431,-0.019,0.0124278177949726));
#8037=CARTESIAN_POINT('',(0.00106327245378049,-0.019,0.012233760667651));
#8038=CARTESIAN_POINT('',(0.00127841149015204,-0.019,0.0123110468567737));
#8039=CARTESIAN_POINT('',(0.000656898718411097,-0.019,0.0120877756437549));
#8040=CARTESIAN_POINT('',(0.00131637870254213,-0.019,0.0121226226024533));
#8041=CARTESIAN_POINT('',(0.00192512945712463,-0.019,0.0121547890258671));
#8042=CARTESIAN_POINT('',(0.00249414585758636,-0.019,0.0119360826107678));
#8043=CARTESIAN_POINT('',(0.00311058029141897,-0.019,0.0116991506610746));
#8044=CARTESIAN_POINT('',(0.00258848111907681,-0.019,0.012103552211813));
#8045=CARTESIAN_POINT('',(0.00276920775565793,-0.019,0.0119635670596357));
#8046=CARTESIAN_POINT('',(0.00271425893097863,-0.019,0.0121854647537796));
#8047=CARTESIAN_POINT('',(0.,-0.019,0.));
#8048=CARTESIAN_POINT('',(0.00311366281728723,-0.019,0.0120895763643829));
#8049=CARTESIAN_POINT('',(0.00296396361095022,-0.019,0.011916810315571));
#8050=CARTESIAN_POINT('',(0.00318854415243209,-0.019,0.0119594898233904));
#8051=CARTESIAN_POINT('',(0.0025397559214835,-0.019,0.0118361934674727));
#8052=CARTESIAN_POINT('',(0.00319656787800736,-0.019,0.0117674460037573));
#8053=CARTESIAN_POINT('',(0.00380285583787591,-0.019,0.0117039868064851));
#8054=CARTESIAN_POINT('',(0.00433065348117199,-0.019,0.011398959254072));
#8055=CARTESIAN_POINT('',(0.00490243426140823,-0.019,0.0110685127389558));
#8056=CARTESIAN_POINT('',(0.00445002533650326,-0.019,0.0115496097402626));
#8057=CARTESIAN_POINT('',(0.0046066284258939,-0.019,0.0113830761628876));
#8058=CARTESIAN_POINT('',(0.00458706855951005,-0.019,0.0116108378181921));
#8059=CARTESIAN_POINT('',(0.,-0.019,0.));
#8060=CARTESIAN_POINT('',(0.00496655487230599,-0.019,0.011453649440697));
#8061=CARTESIAN_POINT('',(0.00479167214718605,-0.019,0.0113064285438969));
#8062=CARTESIAN_POINT('',(0.00502016427550615,-0.019,0.0113134504592872));
#8063=CARTESIAN_POINT('',(0.00436007590480349,-0.019,0.0112931649259418));
#8064=CARTESIAN_POINT('',(0.00499804694351567,-0.019,0.0111225158305311));
#8065=CARTESIAN_POINT('',(0.00558694328694307,-0.019,0.0109649935886164));
#8066=CARTESIAN_POINT('',(0.00606052604343936,-0.019,0.0105811556895634));
#8067=CARTESIAN_POINT('',(0.00657357402964275,-0.019,0.0101653312989216));
#8068=CARTESIAN_POINT('',(0.00620199516135624,-0.019,0.0107112775459486));
#8069=CARTESIAN_POINT('',(0.00633061861576262,-0.019,0.0105222961527466));
#8070=CARTESIAN_POINT('',(0.00634692933649464,-0.019,0.0107503135213596));
#8071=CARTESIAN_POINT('',(0.,-0.019,0.));
#8072=CARTESIAN_POINT('',(0.00669715386331596,-0.019,0.0105356956552976));
#8073=CARTESIAN_POINT('',(0.00650139381250814,-0.019,0.0104176449775879));
#8074=CARTESIAN_POINT('',(0.00672817129314565,-0.019,0.0103888363976905));
#8075=CARTESIAN_POINT('',(0.0060730363490812,-0.019,0.0104720611840565));
#8076=CARTESIAN_POINT('',(0.00667645750570899,-0.019,0.0102037124040444));
#8077=CARTESIAN_POINT('',(0.00723346165028741,-0.019,0.009956005837877));
#8078=CARTESIAN_POINT('',(0.00764116834078321,-0.019,0.00950280895513732));
#8079=CARTESIAN_POINT('',(0.0080828505888221,-0.019,0.00901184566550427));
#8080=CARTESIAN_POINT('',(0.00780125128209452,-0.019,0.00960919814976339));
#8081=CARTESIAN_POINT('',(0.00789872796519114,-0.019,0.00940242228982686));
#8082=CARTESIAN_POINT('',(0.00795050764896534,-0.019,0.00962508082738667));
#8083=CARTESIAN_POINT('',(0.,-0.019,0.));
#8084=CARTESIAN_POINT('',(0.00826284669963042,-0.019,0.00935831807689764));
#8085=CARTESIAN_POINT('',(0.00805102958527969,-0.019,0.00927234441774482));
#8086=CARTESIAN_POINT('',(0.00827050840402986,-0.019,0.00920841470540361));
#8087=CARTESIAN_POINT('',(0.00763645848319654,-0.019,0.00939310054105774));
#8088=CARTESIAN_POINT('',(0.00819047152621842,-0.019,0.00903365971399209));
#8089=CARTESIAN_POINT('',(0.00870186818131734,-0.019,0.00870186818131888));
#8090=CARTESIAN_POINT('',(0.00903365971398998,-0.019,0.00819047152621959));
#8091=CARTESIAN_POINT('',(0.00939310054105062,-0.019,0.00763645848319447));
#8092=CARTESIAN_POINT('',(0.0092084147054058,-0.019,0.0082705084040305));
#8093=CARTESIAN_POINT('',(0.00927234441774524,-0.019,0.00805102958527978));
#8094=CARTESIAN_POINT('',(0.00935831807689784,-0.019,0.00826284669963066));
#8095=CARTESIAN_POINT('',(0.,-0.019,0.));
#8096=CARTESIAN_POINT('',(0.00962508082738684,-0.019,0.00795050764896559));
#8097=CARTESIAN_POINT('',(0.00940242228982707,-0.019,0.00789872796519153));
#8098=CARTESIAN_POINT('',(0.00960919814976354,-0.019,0.00780125128209483));
#8099=CARTESIAN_POINT('',(0.00901184566550426,-0.019,0.00808285058882209));
#8100=CARTESIAN_POINT('',(0.00950280895513732,-0.019,0.00764116834078321));
#8101=CARTESIAN_POINT('',(0.009956005837877,-0.019,0.00723346165028741));
#8102=CARTESIAN_POINT('',(0.0102037124040444,-0.019,0.00667645750570899));
#8103=CARTESIAN_POINT('',(0.0104720611840565,-0.019,0.0060730363490812));
#8104=CARTESIAN_POINT('',(0.0103888363976905,-0.019,0.00672817129314565));
#8105=CARTESIAN_POINT('',(0.0104176449775879,-0.019,0.00650139381250812));
#8106=CARTESIAN_POINT('',(0.0105356956552976,-0.019,0.006697153863316));
#8107=CARTESIAN_POINT('',(-5.54112311590416E-15,-0.019,7.52731210695856E-15));
#8108=CARTESIAN_POINT('',(0.0107503135213594,-0.019,0.00634692933649442));
#8109=CARTESIAN_POINT('',(0.0105222961527464,-0.019,0.00633061861576225));
#8110=CARTESIAN_POINT('',(0.0107112775459485,-0.019,0.00620199516135597));
#8111=CARTESIAN_POINT('',(0.0101653312989216,-0.019,0.00657357402964275));
#8112=CARTESIAN_POINT('',(0.0105811556895634,-0.019,0.00606052604343936));
#8113=CARTESIAN_POINT('',(0.0109649935886164,-0.019,0.00558694328694307));
#8114=CARTESIAN_POINT('',(0.0111225158305311,-0.019,0.00499804694351567));
#8115=CARTESIAN_POINT('',(0.0112931649259419,-0.019,0.0043600759048035));
#8116=CARTESIAN_POINT('',(0.0113134504592866,-0.019,0.00502016427550618));
#8117=CARTESIAN_POINT('',(0.0113064285438961,-0.019,0.00479167214718605));
#8118=CARTESIAN_POINT('',(0.0114536494406964,-0.019,0.00496655487230591));
#8119=CARTESIAN_POINT('',(0.,-0.019,0.));
#8120=CARTESIAN_POINT('',(0.0116108378181915,-0.019,0.00458706855950977));
#8121=CARTESIAN_POINT('',(0.011383076162887,-0.019,0.0046066284258933));
#8122=CARTESIAN_POINT('',(0.0115496097402621,-0.019,0.00445002533650277));
#8123=CARTESIAN_POINT('',(0.0110685127389559,-0.019,0.00490243426140824));
#8124=CARTESIAN_POINT('',(0.011398959254072,-0.019,0.00433065348117199));
#8125=CARTESIAN_POINT('',(0.0117039868064851,-0.019,0.00380285583787591));
#8126=CARTESIAN_POINT('',(0.0117674460037573,-0.019,0.00319656787800736));
#8127=CARTESIAN_POINT('',(0.0118361934674727,-0.019,0.0025397559214835));
#8128=CARTESIAN_POINT('',(0.0119594898233904,-0.019,0.0031885441524321));
#8129=CARTESIAN_POINT('',(0.011916810315571,-0.019,0.00296396361095021));
#8130=CARTESIAN_POINT('',(0.0120895763643829,-0.019,0.00311366281728731));
#8131=CARTESIAN_POINT('',(-3.10196313080269E-15,-0.019,1.23723253864227E-14));
#8132=CARTESIAN_POINT('',(0.0121854647537792,-0.019,0.00271425893097847));
#8133=CARTESIAN_POINT('',(0.0119635670596353,-0.019,0.00276920775565753));
#8134=CARTESIAN_POINT('',(0.0121035522118127,-0.019,0.00258848111907654));
#8135=CARTESIAN_POINT('',(0.0116991506610746,-0.019,0.00311058029141898));
#8136=CARTESIAN_POINT('',(0.0119360826107678,-0.019,0.00249414585758636));
#8137=CARTESIAN_POINT('',(0.0121547890258671,-0.019,0.00192512945712463));
#8138=CARTESIAN_POINT('',(0.0121226226024533,-0.019,0.00131637870254213));
#8139=CARTESIAN_POINT('',(0.0120877756437549,-0.019,0.000656898718411094));
#8140=CARTESIAN_POINT('',(0.0123110468567753,-0.019,0.00127841149015149));
#8141=CARTESIAN_POINT('',(0.012233760667653,-0.019,0.00106327245377975));
#8142=CARTESIAN_POINT('',(0.012427817794974,-0.019,0.00118410205005454));
#8143=CARTESIAN_POINT('',(0.,-0.019,0.));
#8144=CARTESIAN_POINT('',(0.0124600451058899,-0.019,0.000774615239460557));
#8145=CARTESIAN_POINT('',(0.0122494752305717,-0.019,0.000863600000001195));
#8146=CARTESIAN_POINT('',(0.0123594650585204,-0.019,0.000663199905820047));
#8147=CARTESIAN_POINT('',(0.012041716666665,-0.019,0.00124213351123029));
#8148=CARTESIAN_POINT('',(0.0121792999999996,-0.019,0.000596224085390619));
#8149=CARTESIAN_POINT('',(0.0123063,-0.019,0.));
#8150=CARTESIAN_POINT('',(0.0121792999999996,-0.019,-0.000596224085390609));
#8151=CARTESIAN_POINT('',(0.012041716666665,-0.019,-0.00124213351123028));
#8152=CARTESIAN_POINT('',(0.0123594650585204,-0.019,-0.00066319990582004));
#8153=CARTESIAN_POINT('',(0.0122494752305717,-0.019,-0.000863600000001212));
#8154=CARTESIAN_POINT('',(0.0124600451058899,-0.019,-0.000774615239460527));
#8155=CARTESIAN_POINT('',(3.41282557769773E-15,-0.019,4.44844161506808E-14));
#8156=CARTESIAN_POINT('',(0.0124278177949726,-0.019,-0.00118410205005432));
#8157=CARTESIAN_POINT('',(0.012233760667651,-0.019,-0.00106327245378048));
#8158=CARTESIAN_POINT('',(0.0123110468567737,-0.019,-0.00127841149015203));
#8159=CARTESIAN_POINT('',(0.0120877756437549,-0.019,-0.00065689871841109));
#8160=CARTESIAN_POINT('',(0.0121226226024533,-0.019,-0.00131637870254213));
#8161=CARTESIAN_POINT('',(0.0121547890258671,-0.019,-0.00192512945712463));
#8162=CARTESIAN_POINT('',(0.0119360826107678,-0.019,-0.00249414585758635));
#8163=CARTESIAN_POINT('',(0.0116991506610746,-0.019,-0.00311058029141898));
#8164=CARTESIAN_POINT('',(0.012103552211813,-0.019,-0.00258848111907682));
#8165=CARTESIAN_POINT('',(0.0119635670596357,-0.019,-0.00276920775565792));
#8166=CARTESIAN_POINT('',(0.0121854647537796,-0.019,-0.00271425893097863));
#8167=CARTESIAN_POINT('',(0.,-0.019,0.));
#8168=CARTESIAN_POINT('',(0.0120895763643829,-0.019,-0.00311366281728722));
#8169=CARTESIAN_POINT('',(0.011916810315571,-0.019,-0.00296396361095022));
#8170=CARTESIAN_POINT('',(0.0119594898233904,-0.019,-0.00318854415243209));
#8171=CARTESIAN_POINT('',(0.0118361934674727,-0.019,-0.0025397559214835));
#8172=CARTESIAN_POINT('',(0.0117674460037573,-0.019,-0.00319656787800735));
#8173=CARTESIAN_POINT('',(0.0117039868064851,-0.019,-0.0038028558378759));
#8174=CARTESIAN_POINT('',(0.011398959254072,-0.019,-0.00433065348117197));
#8175=CARTESIAN_POINT('',(0.0110685127389559,-0.019,-0.00490243426140823));
#8176=CARTESIAN_POINT('',(0.0115496097402621,-0.019,-0.00445002533650278));
#8177=CARTESIAN_POINT('',(0.011383076162887,-0.019,-0.00460662842589331));
#8178=CARTESIAN_POINT('',(0.0116108378181915,-0.019,-0.00458706855950979));
#8179=CARTESIAN_POINT('',(-6.62692123398756E-15,-0.019,-1.57074353523967E-14));
#8180=CARTESIAN_POINT('',(0.011453649440697,-0.019,-0.004966554872306));
#8181=CARTESIAN_POINT('',(0.0113064285438969,-0.019,-0.00479167214718604));
#8182=CARTESIAN_POINT('',(0.0113134504592872,-0.019,-0.00502016427550615));
#8183=CARTESIAN_POINT('',(0.0112931649259418,-0.019,-0.00436007590480349));
#8184=CARTESIAN_POINT('',(0.0111225158305311,-0.019,-0.00499804694351567));
#8185=CARTESIAN_POINT('',(0.0109649935886164,-0.019,-0.00558694328694307));
#8186=CARTESIAN_POINT('',(0.0105811556895634,-0.019,-0.00606052604343936));
#8187=CARTESIAN_POINT('',(0.0101653312989216,-0.019,-0.00657357402964274));
#8188=CARTESIAN_POINT('',(0.01071127754595,-0.019,-0.00620199516135819));
#8189=CARTESIAN_POINT('',(0.0105222961527484,-0.019,-0.00633061861576518));
#8190=CARTESIAN_POINT('',(0.0107503135213615,-0.019,-0.00634692933649567));
#8191=CARTESIAN_POINT('',(3.99680288865056E-17,-0.019,6.21724893790088E-17));
#8192=CARTESIAN_POINT('',(0.0105356956553001,-0.019,-0.00669715386331598));
#8193=CARTESIAN_POINT('',(0.01041764497759,-0.019,-0.0065013938125084));
#8194=CARTESIAN_POINT('',(0.0103888363976921,-0.019,-0.00672817129314584));
#8195=CARTESIAN_POINT('',(0.0104720611840565,-0.019,-0.00607303634908119));
#8196=CARTESIAN_POINT('',(0.0102037124040453,-0.019,-0.00667645750570939));
#8197=CARTESIAN_POINT('',(0.00995600583788051,-0.019,-0.00723346165028897));
#8198=CARTESIAN_POINT('',(0.00950280895513822,-0.019,-0.00764116834078187));
#8199=CARTESIAN_POINT('',(0.00901184566550046,-0.019,-0.00808285058881818));
#8200=CARTESIAN_POINT('',(0.00960919814976411,-0.019,-0.00780125128209606));
#8201=CARTESIAN_POINT('',(0.00940242228982704,-0.019,-0.00789872796519153));
#8202=CARTESIAN_POINT('',(0.00962508082738687,-0.019,-0.00795050764896556));
#8203=CARTESIAN_POINT('',(5.37569988523501E-15,-0.019,7.1276318180935E-15));
#8204=CARTESIAN_POINT('',(0.00935831807689766,-0.019,-0.00826284669963042));
#8205=CARTESIAN_POINT('',(0.00927234441774483,-0.019,-0.00805102958527968));
#8206=CARTESIAN_POINT('',(0.00920841470540361,-0.019,-0.00827050840402986));
#8207=CARTESIAN_POINT('',(0.00939310054105773,-0.019,-0.00763645848319654));
#8208=CARTESIAN_POINT('',(0.00903365971399208,-0.019,-0.00819047152621842));
#8209=CARTESIAN_POINT('',(0.00870186818131888,-0.019,-0.00870186818131734));
#8210=CARTESIAN_POINT('',(0.00819047152621959,-0.019,-0.00903365971398998));
#8211=CARTESIAN_POINT('',(0.00763645848319447,-0.019,-0.00939310054105063));
#8212=CARTESIAN_POINT('',(0.00827050840403049,-0.019,-0.00920841470540579));
#8213=CARTESIAN_POINT('',(0.00805102958527978,-0.019,-0.00927234441774523));
#8214=CARTESIAN_POINT('',(0.00826284669963066,-0.019,-0.00935831807689783));
#8215=CARTESIAN_POINT('',(0.,-0.019,0.));
#8216=CARTESIAN_POINT('',(0.00795050764896559,-0.019,-0.00962508082738685));
#8217=CARTESIAN_POINT('',(0.00789872796519153,-0.019,-0.00940242228982707));
#8218=CARTESIAN_POINT('',(0.00780125128209483,-0.019,-0.00960919814976354));
#8219=CARTESIAN_POINT('',(0.0080828505888221,-0.019,-0.00901184566550427));
#8220=CARTESIAN_POINT('',(0.00764116834078321,-0.019,-0.00950280895513732));
#8221=CARTESIAN_POINT('',(0.00723346165028741,-0.019,-0.009956005837877));
#8222=CARTESIAN_POINT('',(0.006676457505709,-0.019,-0.0102037124040444));
#8223=CARTESIAN_POINT('',(0.0060730363490812,-0.019,-0.0104720611840565));
#8224=CARTESIAN_POINT('',(0.00672817129314564,-0.019,-0.0103888363976905));
#8225=CARTESIAN_POINT('',(0.00650139381250811,-0.019,-0.0104176449775879));
#8226=CARTESIAN_POINT('',(0.00669715386331599,-0.019,-0.0105356956552975));
#8227=CARTESIAN_POINT('',(7.52731210695856E-15,-0.019,5.54223333892878E-15));
#8228=CARTESIAN_POINT('',(0.00634692933649442,-0.019,-0.0107503135213594));
#8229=CARTESIAN_POINT('',(0.00633061861576224,-0.019,-0.0105222961527464));
#8230=CARTESIAN_POINT('',(0.00620199516135596,-0.019,-0.0107112775459485));
#8231=CARTESIAN_POINT('',(0.00657357402964275,-0.019,-0.0101653312989216));
#8232=CARTESIAN_POINT('',(0.00606052604344032,-0.019,-0.0105811556895646));
#8233=CARTESIAN_POINT('',(0.00558694328694675,-0.019,-0.0109649935886209));
#8234=CARTESIAN_POINT('',(0.00499804694351782,-0.019,-0.0111225158305299));
#8235=CARTESIAN_POINT('',(0.00436007590480154,-0.019,-0.0112931649259338));
#8236=CARTESIAN_POINT('',(0.00502016427550611,-0.019,-0.0113134504592887));
#8237=CARTESIAN_POINT('',(0.00479167214718605,-0.019,-0.0113064285438961));
#8238=CARTESIAN_POINT('',(0.0049665548723059,-0.019,-0.0114536494406964));
#8239=CARTESIAN_POINT('',(0.,-0.019,0.));
#8240=CARTESIAN_POINT('',(0.00458706855950979,-0.019,-0.0116108378181915));
#8241=CARTESIAN_POINT('',(0.0046066284258933,-0.019,-0.011383076162887));
#8242=CARTESIAN_POINT('',(0.00445002533650281,-0.019,-0.0115496097402621));
#8243=CARTESIAN_POINT('',(0.00490243426140824,-0.019,-0.0110685127389558));
#8244=CARTESIAN_POINT('',(0.00433065348117199,-0.019,-0.011398959254072));
#8245=CARTESIAN_POINT('',(0.00380285583787591,-0.019,-0.0117039868064851));
#8246=CARTESIAN_POINT('',(0.00319656787800736,-0.019,-0.0117674460037573));
#8247=CARTESIAN_POINT('',(0.0025397559214835,-0.019,-0.0118361934674727));
#8248=CARTESIAN_POINT('',(0.0031885441524321,-0.019,-0.0119594898233904));
#8249=CARTESIAN_POINT('',(0.0029639636109502,-0.019,-0.011916810315571));
#8250=CARTESIAN_POINT('',(0.00311366281728731,-0.019,-0.0120895763643828));
#8251=CARTESIAN_POINT('',(1.241007296926E-14,-0.019,3.11750625314744E-15));
#8252=CARTESIAN_POINT('',(0.00271425893097858,-0.019,-0.0121854647537791));
#8253=CARTESIAN_POINT('',(0.00276920775565753,-0.019,-0.0119635670596352));
#8254=CARTESIAN_POINT('',(0.0025884811190765,-0.019,-0.0121035522118126));
#8255=CARTESIAN_POINT('',(0.00311058029141897,-0.019,-0.0116991506610746));
#8256=CARTESIAN_POINT('',(0.00249414585758645,-0.019,-0.0119360826107681));
#8257=CARTESIAN_POINT('',(0.001925129457125,-0.019,-0.0121547890258681));
#8258=CARTESIAN_POINT('',(0.00131637870254254,-0.019,-0.0121226226024536));
#8259=CARTESIAN_POINT('',(0.00065689871841101,-0.019,-0.0120877756437552));
#8260=CARTESIAN_POINT('',(0.00127841149015224,-0.019,-0.0123110468567747));
#8261=CARTESIAN_POINT('',(0.00106327245377977,-0.019,-0.012233760667652));
#8262=CARTESIAN_POINT('',(0.00118410205005458,-0.019,-0.012427817794974));
#8263=CARTESIAN_POINT('',(0.,-0.019,0.));
#8264=CARTESIAN_POINT('',(0.00077461523946055,-0.019,-0.0124600451058899));
#8265=CARTESIAN_POINT('',(0.000863600000001193,-0.019,-0.0122494752305717));
#8266=CARTESIAN_POINT('',(0.00066319990582004,-0.019,-0.0123594650585204));
#8267=CARTESIAN_POINT('',(0.00124213351123028,-0.019,-0.012041716666665));
#8268=CARTESIAN_POINT('',(0.000596224085390614,-0.019,-0.0121792999999996));
#8269=CARTESIAN_POINT('',(0.,-0.019,-0.0123063));
#8270=CARTESIAN_POINT('',(-0.00059622408539061,-0.019,-0.0121792999999996));
#8271=CARTESIAN_POINT('',(-0.00124213351123028,-0.019,-0.012041716666665));
#8272=CARTESIAN_POINT('',(-0.000663199905820039,-0.019,-0.0123594650585204));
#8273=CARTESIAN_POINT('',(-0.00086360000000121,-0.019,-0.0122494752305717));
#8274=CARTESIAN_POINT('',(-0.000774615239460521,-0.019,-0.0124600451058899));
#8275=CARTESIAN_POINT('',(4.42224035168692E-14,-0.019,-3.38395977905748E-15));
#8276=CARTESIAN_POINT('',(-0.00118410205005432,-0.019,-0.0124278177949726));
#8277=CARTESIAN_POINT('',(-0.00106327245378048,-0.019,-0.012233760667651));
#8278=CARTESIAN_POINT('',(-0.00127841149015203,-0.019,-0.0123110468567737));
#8279=CARTESIAN_POINT('',(-0.000656898718411093,-0.019,-0.0120877756437549));
#8280=CARTESIAN_POINT('',(-0.00131637870254213,-0.019,-0.0121226226024533));
#8281=CARTESIAN_POINT('',(-0.00192512945712463,-0.019,-0.0121547890258671));
#8282=CARTESIAN_POINT('',(-0.00249414585758635,-0.019,-0.0119360826107678));
#8283=CARTESIAN_POINT('',(-0.00311058029141898,-0.019,-0.0116991506610746));
#8284=CARTESIAN_POINT('',(-0.00258848111907654,-0.019,-0.0121035522118126));
#8285=CARTESIAN_POINT('',(-0.00276920775565755,-0.019,-0.0119635670596352));
#8286=CARTESIAN_POINT('',(-0.0027142589309785,-0.019,-0.0121854647537792));
#8287=CARTESIAN_POINT('',(-1.23878685087675E-14,-0.019,3.10862446895044E-15));
#8288=CARTESIAN_POINT('',(-0.00311366281728724,-0.019,-0.0120895763643829));
#8289=CARTESIAN_POINT('',(-0.00296396361095022,-0.019,-0.011916810315571));
#8290=CARTESIAN_POINT('',(-0.00318854415243209,-0.019,-0.0119594898233904));
#8291=CARTESIAN_POINT('',(-0.0025397559214835,-0.019,-0.0118361934674727));
#8292=CARTESIAN_POINT('',(-0.00319656787800736,-0.019,-0.0117674460037573));
#8293=CARTESIAN_POINT('',(-0.00380285583787591,-0.019,-0.0117039868064851));
#8294=CARTESIAN_POINT('',(-0.00433065348117197,-0.019,-0.011398959254072));
#8295=CARTESIAN_POINT('',(-0.00490243426140824,-0.019,-0.0110685127389559));
#8296=CARTESIAN_POINT('',(-0.00445002533650278,-0.019,-0.0115496097402621));
#8297=CARTESIAN_POINT('',(-0.00460662842589331,-0.019,-0.011383076162887));
#8298=CARTESIAN_POINT('',(-0.00458706855950967,-0.019,-0.0116108378181916));
#8299=CARTESIAN_POINT('',(-1.57618362806033E-14,-0.019,6.65245636355394E-15));
#8300=CARTESIAN_POINT('',(-0.00496655487230601,-0.019,-0.011453649440697));
#8301=CARTESIAN_POINT('',(-0.00479167214718605,-0.019,-0.0113064285438969));
#8302=CARTESIAN_POINT('',(-0.00502016427550615,-0.019,-0.0113134504592872));
#8303=CARTESIAN_POINT('',(-0.00436007590480349,-0.019,-0.0112931649259418));
#8304=CARTESIAN_POINT('',(-0.00499804694351568,-0.019,-0.0111225158305311));
#8305=CARTESIAN_POINT('',(-0.00558694328694308,-0.019,-0.0109649935886164));
#8306=CARTESIAN_POINT('',(-0.00606052604343937,-0.019,-0.0105811556895634));
#8307=CARTESIAN_POINT('',(-0.00657357402964275,-0.019,-0.0101653312989216));
#8308=CARTESIAN_POINT('',(-0.00620199516135595,-0.019,-0.0107112775459485));
#8309=CARTESIAN_POINT('',(-0.00633061861576225,-0.019,-0.0105222961527464));
#8310=CARTESIAN_POINT('',(-0.00634692933649443,-0.019,-0.0107503135213594));
#8311=CARTESIAN_POINT('',(-7.52731210695856E-15,-0.019,5.54223333892878E-15));
#8312=CARTESIAN_POINT('',(-0.00669715386331598,-0.019,-0.0105356956552976));
#8313=CARTESIAN_POINT('',(-0.00650139381250814,-0.019,-0.0104176449775879));
#8314=CARTESIAN_POINT('',(-0.00672817129314565,-0.019,-0.0103888363976905));
#8315=CARTESIAN_POINT('',(-0.0060730363490812,-0.019,-0.0104720611840565));
#8316=CARTESIAN_POINT('',(-0.00667645750570899,-0.019,-0.0102037124040444));
#8317=CARTESIAN_POINT('',(-0.00723346165028741,-0.019,-0.009956005837877));
#8318=CARTESIAN_POINT('',(-0.00764116834078321,-0.019,-0.00950280895513732));
#8319=CARTESIAN_POINT('',(-0.0080828505888221,-0.019,-0.00901184566550426));
#8320=CARTESIAN_POINT('',(-0.00780125128209482,-0.019,-0.00960919814976353));
#8321=CARTESIAN_POINT('',(-0.00789872796519153,-0.019,-0.00940242228982704));
#8322=CARTESIAN_POINT('',(-0.00795050764896561,-0.019,-0.00962508082738683));
#8323=CARTESIAN_POINT('',(7.20090653771877E-15,-0.019,-5.44009282066327E-15));
#8324=CARTESIAN_POINT('',(-0.00826284669963043,-0.019,-0.00935831807689766));
#8325=CARTESIAN_POINT('',(-0.00805102958527969,-0.019,-0.00927234441774483));
#8326=CARTESIAN_POINT('',(-0.00827050840402985,-0.019,-0.00920841470540362));
#8327=CARTESIAN_POINT('',(-0.00763645848319653,-0.019,-0.00939310054105772));
#8328=CARTESIAN_POINT('',(-0.00819047152621794,-0.019,-0.00903365971399134));
#8329=CARTESIAN_POINT('',(-0.00870186818131549,-0.019,-0.00870186818131603));
#8330=CARTESIAN_POINT('',(-0.00903365971399187,-0.019,-0.00819047152621918));
#8331=CARTESIAN_POINT('',(-0.00939310054105523,-0.019,-0.00763645848319581));
#8332=CARTESIAN_POINT('',(-0.00920841470540426,-0.019,-0.00827050840403005));
#8333=CARTESIAN_POINT('',(-0.00927234441774482,-0.019,-0.00805102958527966));
#8334=CARTESIAN_POINT('',(-0.00935831807689764,-0.019,-0.00826284669963045));
#8335=CARTESIAN_POINT('',(-5.44231326671252E-15,-0.019,7.20312698376802E-15));
#8336=CARTESIAN_POINT('',(-0.00962508082738684,-0.019,-0.0079505076489656));
#8337=CARTESIAN_POINT('',(-0.00940242228982707,-0.019,-0.00789872796519152));
#8338=CARTESIAN_POINT('',(-0.00960919814976353,-0.019,-0.00780125128209482));
#8339=CARTESIAN_POINT('',(-0.00901184566550427,-0.019,-0.0080828505888221));
#8340=CARTESIAN_POINT('',(-0.00950280895513733,-0.019,-0.00764116834078321));
#8341=CARTESIAN_POINT('',(-0.00995600583787701,-0.019,-0.00723346165028741));
#8342=CARTESIAN_POINT('',(-0.0102037124040444,-0.019,-0.00667645750570899));
#8343=CARTESIAN_POINT('',(-0.0104720611840565,-0.019,-0.00607303634908119));
#8344=CARTESIAN_POINT('',(-0.0103888363976905,-0.019,-0.00672817129314564));
#8345=CARTESIAN_POINT('',(-0.0104176449775879,-0.019,-0.00650139381250811));
#8346=CARTESIAN_POINT('',(-0.0105356956552975,-0.019,-0.00669715386331599));
#8347=CARTESIAN_POINT('',(5.54112311590416E-15,-0.019,-7.52287121486006E-15));
#8348=CARTESIAN_POINT('',(-0.0107503135213594,-0.019,-0.00634692933649442));
#8349=CARTESIAN_POINT('',(-0.0105222961527464,-0.019,-0.00633061861576225));
#8350=CARTESIAN_POINT('',(-0.0107112775459485,-0.019,-0.00620199516135597));
#8351=CARTESIAN_POINT('',(-0.0101653312989216,-0.019,-0.00657357402964275));
#8352=CARTESIAN_POINT('',(-0.0105811556895634,-0.019,-0.00606052604343936));
#8353=CARTESIAN_POINT('',(-0.0109649935886164,-0.019,-0.00558694328694307));
#8354=CARTESIAN_POINT('',(-0.0111225158305311,-0.019,-0.00499804694351568));
#8355=CARTESIAN_POINT('',(-0.0112931649259418,-0.019,-0.00436007590480349));
#8356=CARTESIAN_POINT('',(-0.0113134504592872,-0.019,-0.00502016427550615));
#8357=CARTESIAN_POINT('',(-0.0113064285438969,-0.019,-0.00479167214718602));
#8358=CARTESIAN_POINT('',(-0.0114536494406969,-0.019,-0.00496655487230605));
#8359=CARTESIAN_POINT('',(6.60582699651968E-15,-0.019,-1.56497037551162E-14));
#8360=CARTESIAN_POINT('',(-0.0116108378181915,-0.019,-0.00458706855950979));
#8361=CARTESIAN_POINT('',(-0.011383076162887,-0.019,-0.0046066284258933));
#8362=CARTESIAN_POINT('',(-0.0115496097402622,-0.019,-0.0044500253365028));
#8363=CARTESIAN_POINT('',(-0.0110685127389557,-0.019,-0.00490243426140804));
#8364=CARTESIAN_POINT('',(-0.011398959254072,-0.019,-0.0043306534811719));
#8365=CARTESIAN_POINT('',(-0.0117039868064851,-0.019,-0.0038028558378759));
#8366=CARTESIAN_POINT('',(-0.0117674460037558,-0.019,-0.0031965678780072));
#8367=CARTESIAN_POINT('',(-0.0118361934674667,-0.019,-0.00253975592148358));
#8368=CARTESIAN_POINT('',(-0.0119594898233928,-0.019,-0.00318854415242992));
#8369=CARTESIAN_POINT('',(-0.0119168103155722,-0.019,-0.0029639636109484));
#8370=CARTESIAN_POINT('',(-0.0120895763643825,-0.019,-0.00311366281728708));
#8371=CARTESIAN_POINT('',(2.44249065417534E-17,-0.019,-7.99360577730113E-17));
#8372=CARTESIAN_POINT('',(-0.0121854647537792,-0.019,-0.00271425893097862));
#8373=CARTESIAN_POINT('',(-0.0119635670596352,-0.019,-0.00276920775565753));
#8374=CARTESIAN_POINT('',(-0.0121035522118122,-0.019,-0.00258848111907619));
#8375=CARTESIAN_POINT('',(-0.0116991506610761,-0.019,-0.00311058029142013));
#8376=CARTESIAN_POINT('',(-0.0119360826107675,-0.019,-0.00249414585758681));
#8377=CARTESIAN_POINT('',(-0.0121547890258648,-0.019,-0.00192512945712454));
#8378=CARTESIAN_POINT('',(-0.0121226226024527,-0.019,-0.00131637870254216));
#8379=CARTESIAN_POINT('',(-0.0120877756437549,-0.019,-0.00065689871841109));
#8380=CARTESIAN_POINT('',(-0.0123110468567737,-0.019,-0.00127841149015205));
#8381=CARTESIAN_POINT('',(-0.012233760667651,-0.019,-0.00106327245378046));
#8382=CARTESIAN_POINT('',(-0.0124278177949725,-0.019,-0.00118410205005436));
#8383=CARTESIAN_POINT('',(-3.39284156325448E-15,-0.019,4.43511893877258E-14));
#8384=CARTESIAN_POINT('',(-0.0124600451058899,-0.019,-0.000774615239460572));
#8385=CARTESIAN_POINT('',(-0.0122494752305713,-0.019,-0.0008636));
#8386=CARTESIAN_POINT('',(-0.0123594650585196,-0.019,-0.000663199905818708));
#8387=CARTESIAN_POINT('',(-0.0120417166666676,-0.019,-0.00124213351123083));
#8388=CARTESIAN_POINT('',(-0.0121793000000002,-0.019,-0.000596224085390745));
#8389=CARTESIAN_POINT('',(-0.0123063,-0.019,0.));
#8390=CARTESIAN_POINT('',(0.,-0.02925,0.));
#8391=CARTESIAN_POINT('',(0.,-0.029,0.));
#8392=CARTESIAN_POINT('',(0.0124999999999997,-0.029,0.));
#8393=CARTESIAN_POINT('',(-0.0123063,-0.019,0.));
#8394=CARTESIAN_POINT('',(-0.0121793,-0.019,-0.000596224085390698));
#8395=CARTESIAN_POINT('',(-0.0121793000000002,-0.029,-0.000596224085390745));
#8396=CARTESIAN_POINT('',(-0.0123063,-0.029,0.));
#8397=CARTESIAN_POINT('',(-0.0121792999999996,-0.029,0.000596224085390619));
#8398=CARTESIAN_POINT('',(-0.0121793,-0.019,0.000596224085390698));
#8399=CARTESIAN_POINT('',(1.45779286248857E-18,-0.029,-2.26779702688478E-17));
#8400=CARTESIAN_POINT('',(-0.0122494752305717,-0.029,0.000863600000001212));
#8401=CARTESIAN_POINT('',(-0.0123594650585204,-0.029,0.000663199905820045));
#8402=CARTESIAN_POINT('',(-0.0124600451058899,-0.029,0.000774615239460525));
#8403=CARTESIAN_POINT('',(-0.012041716666665,-0.029,0.00124213351123029));
#8404=CARTESIAN_POINT('',(-0.0120417166666676,-0.029,-0.00124213351123083));
#8405=CARTESIAN_POINT('',(-0.0123594650585196,-0.029,-0.000663199905818711));
#8406=CARTESIAN_POINT('',(-0.0122494752305713,-0.029,-0.0008636));
#8407=CARTESIAN_POINT('',(-0.0124600451058899,-0.029,-0.000774615239460569));
#8408=CARTESIAN_POINT('',(-3.39284156325448E-15,-0.029,4.43511893877258E-14));
#8409=CARTESIAN_POINT('',(-0.0124278177949725,-0.029,-0.00118410205005435));
#8410=CARTESIAN_POINT('',(-0.012233760667651,-0.029,-0.00106327245378046));
#8411=CARTESIAN_POINT('',(-0.0123110468567737,-0.029,-0.00127841149015204));
#8412=CARTESIAN_POINT('',(-0.0120877756437549,-0.029,-0.00065689871841109));
#8413=CARTESIAN_POINT('',(-0.0121226226024527,-0.029,-0.00131637870254216));
#8414=CARTESIAN_POINT('',(-0.0121547890258648,-0.029,-0.00192512945712454));
#8415=CARTESIAN_POINT('',(-0.0119360826107675,-0.029,-0.00249414585758681));
#8416=CARTESIAN_POINT('',(-0.0116991506610761,-0.029,-0.00311058029142013));
#8417=CARTESIAN_POINT('',(-0.0121035522118122,-0.029,-0.00258848111907622));
#8418=CARTESIAN_POINT('',(-0.0119635670596352,-0.029,-0.00276920775565753));
#8419=CARTESIAN_POINT('',(-0.0121854647537791,-0.029,-0.00271425893097866));
#8420=CARTESIAN_POINT('',(2.44249065417534E-17,-0.029,-7.99360577730113E-17));
#8421=CARTESIAN_POINT('',(-0.0120895763643825,-0.029,-0.00311366281728709));
#8422=CARTESIAN_POINT('',(-0.0119168103155722,-0.029,-0.0029639636109484));
#8423=CARTESIAN_POINT('',(-0.0119594898233928,-0.029,-0.00318854415242988));
#8424=CARTESIAN_POINT('',(-0.0118361934674667,-0.029,-0.00253975592148358));
#8425=CARTESIAN_POINT('',(-0.0117674460037558,-0.029,-0.0031965678780072));
#8426=CARTESIAN_POINT('',(-0.0117039868064851,-0.029,-0.0038028558378759));
#8427=CARTESIAN_POINT('',(-0.011398959254072,-0.029,-0.0043306534811719));
#8428=CARTESIAN_POINT('',(-0.0110685127389557,-0.029,-0.00490243426140804));
#8429=CARTESIAN_POINT('',(-0.0115496097402622,-0.029,-0.00445002533650282));
#8430=CARTESIAN_POINT('',(-0.011383076162887,-0.029,-0.0046066284258933));
#8431=CARTESIAN_POINT('',(-0.0116108378181915,-0.029,-0.0045870685595098));
#8432=CARTESIAN_POINT('',(6.60582699651968E-15,-0.029,-1.56497037551162E-14));
#8433=CARTESIAN_POINT('',(-0.011453649440697,-0.029,-0.00496655487230601));
#8434=CARTESIAN_POINT('',(-0.0113064285438969,-0.029,-0.00479167214718602));
#8435=CARTESIAN_POINT('',(-0.0113134504592872,-0.029,-0.00502016427550615));
#8436=CARTESIAN_POINT('',(-0.0112931649259418,-0.029,-0.00436007590480349));
#8437=CARTESIAN_POINT('',(-0.0111225158305311,-0.029,-0.00499804694351567));
#8438=CARTESIAN_POINT('',(-0.0109649935886164,-0.029,-0.00558694328694307));
#8439=CARTESIAN_POINT('',(-0.0105811556895634,-0.029,-0.00606052604343936));
#8440=CARTESIAN_POINT('',(-0.0101653312989216,-0.029,-0.00657357402964275));
#8441=CARTESIAN_POINT('',(-0.0107112775459485,-0.029,-0.00620199516135597));
#8442=CARTESIAN_POINT('',(-0.0105222961527464,-0.029,-0.00633061861576225));
#8443=CARTESIAN_POINT('',(-0.0107503135213595,-0.029,-0.00634692933649432));
#8444=CARTESIAN_POINT('',(5.54112311590416E-15,-0.029,-7.52287121486006E-15));
#8445=CARTESIAN_POINT('',(-0.0105356956552976,-0.029,-0.00669715386331597));
#8446=CARTESIAN_POINT('',(-0.0104176449775879,-0.029,-0.00650139381250811));
#8447=CARTESIAN_POINT('',(-0.0103888363976905,-0.029,-0.00672817129314564));
#8448=CARTESIAN_POINT('',(-0.0104720611840565,-0.029,-0.00607303634908119));
#8449=CARTESIAN_POINT('',(-0.0102037124040444,-0.029,-0.00667645750570899));
#8450=CARTESIAN_POINT('',(-0.00995600583787701,-0.029,-0.00723346165028741));
#8451=CARTESIAN_POINT('',(-0.00950280895513733,-0.029,-0.00764116834078321));
#8452=CARTESIAN_POINT('',(-0.00901184566550427,-0.029,-0.0080828505888221));
#8453=CARTESIAN_POINT('',(-0.00960919814976354,-0.029,-0.00780125128209482));
#8454=CARTESIAN_POINT('',(-0.00940242228982707,-0.029,-0.00789872796519152));
#8455=CARTESIAN_POINT('',(-0.00962508082738688,-0.029,-0.00795050764896555));
#8456=CARTESIAN_POINT('',(-5.44231326671252E-15,-0.029,7.20312698376802E-15));
#8457=CARTESIAN_POINT('',(-0.00935831807689766,-0.029,-0.00826284669963042));
#8458=CARTESIAN_POINT('',(-0.00927234441774482,-0.029,-0.00805102958527966));
#8459=CARTESIAN_POINT('',(-0.00920841470540426,-0.029,-0.00827050840403005));
#8460=CARTESIAN_POINT('',(-0.00939310054105523,-0.029,-0.00763645848319581));
#8461=CARTESIAN_POINT('',(-0.00903365971399187,-0.029,-0.00819047152621917));
#8462=CARTESIAN_POINT('',(-0.00870186818131549,-0.029,-0.00870186818131603));
#8463=CARTESIAN_POINT('',(-0.00819047152621794,-0.029,-0.00903365971399134));
#8464=CARTESIAN_POINT('',(-0.00763645848319653,-0.029,-0.00939310054105772));
#8465=CARTESIAN_POINT('',(-0.00827050840402986,-0.029,-0.00920841470540362));
#8466=CARTESIAN_POINT('',(-0.00805102958527969,-0.029,-0.00927234441774483));
#8467=CARTESIAN_POINT('',(-0.00826284669963046,-0.029,-0.00935831807689763));
#8468=CARTESIAN_POINT('',(7.20090653771877E-15,-0.029,-5.44009282066327E-15));
#8469=CARTESIAN_POINT('',(-0.0079505076489656,-0.029,-0.00962508082738684));
#8470=CARTESIAN_POINT('',(-0.00789872796519153,-0.029,-0.00940242228982704));
#8471=CARTESIAN_POINT('',(-0.00780125128209482,-0.029,-0.00960919814976353));
#8472=CARTESIAN_POINT('',(-0.0080828505888221,-0.029,-0.00901184566550426));
#8473=CARTESIAN_POINT('',(-0.00764116834078321,-0.029,-0.00950280895513732));
#8474=CARTESIAN_POINT('',(-0.00723346165028741,-0.029,-0.009956005837877));
#8475=CARTESIAN_POINT('',(-0.00667645750570899,-0.029,-0.0102037124040444));
#8476=CARTESIAN_POINT('',(-0.0060730363490812,-0.029,-0.0104720611840565));
#8477=CARTESIAN_POINT('',(-0.00672817129314565,-0.029,-0.0103888363976905));
#8478=CARTESIAN_POINT('',(-0.00650139381250814,-0.029,-0.0104176449775879));
#8479=CARTESIAN_POINT('',(-0.006697153863316,-0.029,-0.0105356956552976));
#8480=CARTESIAN_POINT('',(-7.52731210695856E-15,-0.029,5.54223333892878E-15));
#8481=CARTESIAN_POINT('',(-0.0063469293364944,-0.029,-0.0107503135213594));
#8482=CARTESIAN_POINT('',(-0.00633061861576225,-0.029,-0.0105222961527464));
#8483=CARTESIAN_POINT('',(-0.00620199516135596,-0.029,-0.0107112775459485));
#8484=CARTESIAN_POINT('',(-0.00657357402964275,-0.029,-0.0101653312989216));
#8485=CARTESIAN_POINT('',(-0.00606052604343937,-0.029,-0.0105811556895634));
#8486=CARTESIAN_POINT('',(-0.00558694328694308,-0.029,-0.0109649935886164));
#8487=CARTESIAN_POINT('',(-0.00499804694351568,-0.029,-0.0111225158305311));
#8488=CARTESIAN_POINT('',(-0.00436007590480349,-0.029,-0.0112931649259418));
#8489=CARTESIAN_POINT('',(-0.00502016427550615,-0.029,-0.0113134504592872));
#8490=CARTESIAN_POINT('',(-0.00479167214718605,-0.029,-0.0113064285438969));
#8491=CARTESIAN_POINT('',(-0.00496655487230595,-0.029,-0.011453649440697));
#8492=CARTESIAN_POINT('',(-1.57618362806033E-14,-0.029,6.65245636355394E-15));
#8493=CARTESIAN_POINT('',(-0.00458706855950975,-0.029,-0.0116108378181916));
#8494=CARTESIAN_POINT('',(-0.00460662842589331,-0.029,-0.011383076162887));
#8495=CARTESIAN_POINT('',(-0.00445002533650276,-0.029,-0.0115496097402621));
#8496=CARTESIAN_POINT('',(-0.00490243426140824,-0.029,-0.0110685127389559));
#8497=CARTESIAN_POINT('',(-0.00433065348117199,-0.029,-0.011398959254072));
#8498=CARTESIAN_POINT('',(-0.00380285583787591,-0.029,-0.0117039868064851));
#8499=CARTESIAN_POINT('',(-0.00319656787800736,-0.029,-0.0117674460037573));
#8500=CARTESIAN_POINT('',(-0.0025397559214835,-0.029,-0.0118361934674727));
#8501=CARTESIAN_POINT('',(-0.00318854415243209,-0.029,-0.0119594898233904));
#8502=CARTESIAN_POINT('',(-0.00296396361095022,-0.029,-0.011916810315571));
#8503=CARTESIAN_POINT('',(-0.00311366281728731,-0.029,-0.0120895763643828));
#8504=CARTESIAN_POINT('',(-1.23878685087675E-14,-0.029,3.10862446895044E-15));
#8505=CARTESIAN_POINT('',(-0.00271425893097855,-0.029,-0.0121854647537792));
#8506=CARTESIAN_POINT('',(-0.00276920775565755,-0.029,-0.0119635670596352));
#8507=CARTESIAN_POINT('',(-0.00258848111907653,-0.029,-0.0121035522118126));
#8508=CARTESIAN_POINT('',(-0.00311058029141898,-0.029,-0.0116991506610746));
#8509=CARTESIAN_POINT('',(-0.00249414585758636,-0.029,-0.0119360826107678));
#8510=CARTESIAN_POINT('',(-0.00192512945712463,-0.029,-0.0121547890258671));
#8511=CARTESIAN_POINT('',(-0.00131637870254213,-0.029,-0.0121226226024533));
#8512=CARTESIAN_POINT('',(-0.000656898718411093,-0.029,-0.0120877756437549));
#8513=CARTESIAN_POINT('',(-0.00127841149015204,-0.029,-0.0123110468567737));
#8514=CARTESIAN_POINT('',(-0.00106327245378048,-0.029,-0.012233760667651));
#8515=CARTESIAN_POINT('',(-0.00118410205005443,-0.029,-0.0124278177949726));
#8516=CARTESIAN_POINT('',(4.42224035168692E-14,-0.029,-3.38395977905748E-15));
#8517=CARTESIAN_POINT('',(-0.000774615239460571,-0.029,-0.0124600451058899));
#8518=CARTESIAN_POINT('',(-0.00086360000000121,-0.029,-0.0122494752305717));
#8519=CARTESIAN_POINT('',(-0.000663199905820041,-0.029,-0.0123594650585204));
#8520=CARTESIAN_POINT('',(-0.00124213351123028,-0.029,-0.012041716666665));
#8521=CARTESIAN_POINT('',(-0.000596224085390614,-0.029,-0.0121792999999996));
#8522=CARTESIAN_POINT('',(0.,-0.029,-0.0123063));
#8523=CARTESIAN_POINT('',(0.000596224085390614,-0.029,-0.0121792999999996));
#8524=CARTESIAN_POINT('',(0.00124213351123028,-0.029,-0.012041716666665));
#8525=CARTESIAN_POINT('',(0.000663199905820042,-0.029,-0.0123594650585204));
#8526=CARTESIAN_POINT('',(0.000863600000001193,-0.029,-0.0122494752305717));
#8527=CARTESIAN_POINT('',(0.00077461523946053,-0.029,-0.0124600451058899));
#8528=CARTESIAN_POINT('',(0.,-0.029,0.));
#8529=CARTESIAN_POINT('',(0.0011841020500545,-0.029,-0.012427817794974));
#8530=CARTESIAN_POINT('',(0.00106327245377977,-0.029,-0.012233760667652));
#8531=CARTESIAN_POINT('',(0.00127841149015223,-0.029,-0.0123110468567747));
#8532=CARTESIAN_POINT('',(0.00065689871841101,-0.029,-0.0120877756437552));
#8533=CARTESIAN_POINT('',(0.00131637870254254,-0.029,-0.0121226226024536));
#8534=CARTESIAN_POINT('',(0.001925129457125,-0.029,-0.0121547890258681));
#8535=CARTESIAN_POINT('',(0.00249414585758645,-0.029,-0.0119360826107681));
#8536=CARTESIAN_POINT('',(0.00311058029141897,-0.029,-0.0116991506610746));
#8537=CARTESIAN_POINT('',(0.00258848111907652,-0.029,-0.0121035522118126));
#8538=CARTESIAN_POINT('',(0.00276920775565753,-0.029,-0.0119635670596352));
#8539=CARTESIAN_POINT('',(0.00271425893097849,-0.029,-0.0121854647537792));
#8540=CARTESIAN_POINT('',(1.241007296926E-14,-0.029,3.11750625314744E-15));
#8541=CARTESIAN_POINT('',(0.00311366281728726,-0.029,-0.0120895763643829));
#8542=CARTESIAN_POINT('',(0.0029639636109502,-0.029,-0.011916810315571));
#8543=CARTESIAN_POINT('',(0.0031885441524321,-0.029,-0.0119594898233904));
#8544=CARTESIAN_POINT('',(0.0025397559214835,-0.029,-0.0118361934674727));
#8545=CARTESIAN_POINT('',(0.00319656787800736,-0.029,-0.0117674460037573));
#8546=CARTESIAN_POINT('',(0.00380285583787591,-0.029,-0.0117039868064851));
#8547=CARTESIAN_POINT('',(0.00433065348117199,-0.029,-0.011398959254072));
#8548=CARTESIAN_POINT('',(0.00490243426140824,-0.029,-0.0110685127389558));
#8549=CARTESIAN_POINT('',(0.0044500253365028,-0.029,-0.0115496097402621));
#8550=CARTESIAN_POINT('',(0.0046066284258933,-0.029,-0.011383076162887));
#8551=CARTESIAN_POINT('',(0.00458706855950981,-0.029,-0.0116108378181915));
#8552=CARTESIAN_POINT('',(0.,-0.029,0.));
#8553=CARTESIAN_POINT('',(0.00496655487230582,-0.029,-0.0114536494406964));
#8554=CARTESIAN_POINT('',(0.00479167214718605,-0.029,-0.0113064285438961));
#8555=CARTESIAN_POINT('',(0.00502016427550611,-0.029,-0.0113134504592887));
#8556=CARTESIAN_POINT('',(0.00436007590480154,-0.029,-0.0112931649259338));
#8557=CARTESIAN_POINT('',(0.00499804694351782,-0.029,-0.0111225158305299));
#8558=CARTESIAN_POINT('',(0.00558694328694675,-0.029,-0.0109649935886209));
#8559=CARTESIAN_POINT('',(0.00606052604344032,-0.029,-0.0105811556895646));
#8560=CARTESIAN_POINT('',(0.00657357402964275,-0.029,-0.0101653312989216));
#8561=CARTESIAN_POINT('',(0.00620199516135596,-0.029,-0.0107112775459485));
#8562=CARTESIAN_POINT('',(0.00633061861576224,-0.029,-0.0105222961527464));
#8563=CARTESIAN_POINT('',(0.00634692933649437,-0.029,-0.0107503135213594));
#8564=CARTESIAN_POINT('',(7.52731210695856E-15,-0.029,5.54223333892878E-15));
#8565=CARTESIAN_POINT('',(0.00669715386331598,-0.029,-0.0105356956552976));
#8566=CARTESIAN_POINT('',(0.00650139381250811,-0.029,-0.0104176449775879));
#8567=CARTESIAN_POINT('',(0.00672817129314565,-0.029,-0.0103888363976905));
#8568=CARTESIAN_POINT('',(0.0060730363490812,-0.029,-0.0104720611840565));
#8569=CARTESIAN_POINT('',(0.00667645750570899,-0.029,-0.0102037124040444));
#8570=CARTESIAN_POINT('',(0.00723346165028741,-0.029,-0.009956005837877));
#8571=CARTESIAN_POINT('',(0.00764116834078321,-0.029,-0.00950280895513732));
#8572=CARTESIAN_POINT('',(0.0080828505888221,-0.029,-0.00901184566550427));
#8573=CARTESIAN_POINT('',(0.00780125128209483,-0.029,-0.00960919814976354));
#8574=CARTESIAN_POINT('',(0.00789872796519153,-0.029,-0.00940242228982707));
#8575=CARTESIAN_POINT('',(0.00795050764896554,-0.029,-0.00962508082738688));
#8576=CARTESIAN_POINT('',(0.,-0.029,0.));
#8577=CARTESIAN_POINT('',(0.00826284669963062,-0.029,-0.00935831807689787));
#8578=CARTESIAN_POINT('',(0.00805102958527978,-0.029,-0.00927234441774523));
#8579=CARTESIAN_POINT('',(0.00827050840403049,-0.029,-0.00920841470540579));
#8580=CARTESIAN_POINT('',(0.00763645848319447,-0.029,-0.00939310054105063));
#8581=CARTESIAN_POINT('',(0.00819047152621959,-0.029,-0.00903365971398998));
#8582=CARTESIAN_POINT('',(0.00870186818131888,-0.029,-0.00870186818131734));
#8583=CARTESIAN_POINT('',(0.00903365971399208,-0.029,-0.00819047152621842));
#8584=CARTESIAN_POINT('',(0.00939310054105773,-0.029,-0.00763645848319654));
#8585=CARTESIAN_POINT('',(0.00920841470540361,-0.029,-0.00827050840402985));
#8586=CARTESIAN_POINT('',(0.00927234441774483,-0.029,-0.00805102958527968));
#8587=CARTESIAN_POINT('',(0.00935831807689763,-0.029,-0.00826284669963045));
#8588=CARTESIAN_POINT('',(5.37569988523501E-15,-0.029,7.1276318180935E-15));
#8589=CARTESIAN_POINT('',(0.00962508082738684,-0.029,-0.0079505076489656));
#8590=CARTESIAN_POINT('',(0.00940242228982704,-0.029,-0.00789872796519153));
#8591=CARTESIAN_POINT('',(0.00960919814976411,-0.029,-0.00780125128209606));
#8592=CARTESIAN_POINT('',(0.00901184566550046,-0.029,-0.00808285058881818));
#8593=CARTESIAN_POINT('',(0.00950280895513822,-0.029,-0.00764116834078187));
#8594=CARTESIAN_POINT('',(0.00995600583788051,-0.029,-0.00723346165028897));
#8595=CARTESIAN_POINT('',(0.0102037124040453,-0.029,-0.00667645750570939));
#8596=CARTESIAN_POINT('',(0.0104720611840565,-0.029,-0.00607303634908119));
#8597=CARTESIAN_POINT('',(0.0103888363976921,-0.029,-0.00672817129314584));
#8598=CARTESIAN_POINT('',(0.01041764497759,-0.029,-0.0065013938125084));
#8599=CARTESIAN_POINT('',(0.0105356956553002,-0.029,-0.00669715386331587));
#8600=CARTESIAN_POINT('',(3.99680288865056E-17,-0.029,6.21724893790088E-17));
#8601=CARTESIAN_POINT('',(0.0107503135213615,-0.029,-0.00634692933649563));
#8602=CARTESIAN_POINT('',(0.0105222961527484,-0.029,-0.00633061861576518));
#8603=CARTESIAN_POINT('',(0.01071127754595,-0.029,-0.0062019951613582));
#8604=CARTESIAN_POINT('',(0.0101653312989216,-0.029,-0.00657357402964274));
#8605=CARTESIAN_POINT('',(0.0105811556895634,-0.029,-0.00606052604343936));
#8606=CARTESIAN_POINT('',(0.0109649935886164,-0.029,-0.00558694328694307));
#8607=CARTESIAN_POINT('',(0.0111225158305311,-0.029,-0.00499804694351567));
#8608=CARTESIAN_POINT('',(0.0112931649259418,-0.029,-0.00436007590480349));
#8609=CARTESIAN_POINT('',(0.0113134504592872,-0.029,-0.00502016427550615));
#8610=CARTESIAN_POINT('',(0.0113064285438969,-0.029,-0.00479167214718604));
#8611=CARTESIAN_POINT('',(0.0114536494406969,-0.029,-0.00496655487230607));
#8612=CARTESIAN_POINT('',(-6.62692123398756E-15,-0.029,-1.57074353523967E-14));
#8613=CARTESIAN_POINT('',(0.0116108378181916,-0.029,-0.00458706855950976));
#8614=CARTESIAN_POINT('',(0.011383076162887,-0.029,-0.00460662842589331));
#8615=CARTESIAN_POINT('',(0.0115496097402621,-0.029,-0.00445002533650276));
#8616=CARTESIAN_POINT('',(0.0110685127389559,-0.029,-0.00490243426140823));
#8617=CARTESIAN_POINT('',(0.011398959254072,-0.029,-0.00433065348117197));
#8618=CARTESIAN_POINT('',(0.0117039868064851,-0.029,-0.0038028558378759));
#8619=CARTESIAN_POINT('',(0.0117674460037573,-0.029,-0.00319656787800735));
#8620=CARTESIAN_POINT('',(0.0118361934674727,-0.029,-0.0025397559214835));
#8621=CARTESIAN_POINT('',(0.0119594898233904,-0.029,-0.00318854415243209));
#8622=CARTESIAN_POINT('',(0.011916810315571,-0.029,-0.00296396361095022));
#8623=CARTESIAN_POINT('',(0.0120895763643829,-0.029,-0.00311366281728729));
#8624=CARTESIAN_POINT('',(0.,-0.029,0.));
#8625=CARTESIAN_POINT('',(0.0121854647537796,-0.029,-0.00271425893097865));
#8626=CARTESIAN_POINT('',(0.0119635670596357,-0.029,-0.00276920775565792));
#8627=CARTESIAN_POINT('',(0.012103552211813,-0.029,-0.00258848111907681));
#8628=CARTESIAN_POINT('',(0.0116991506610746,-0.029,-0.00311058029141898));
#8629=CARTESIAN_POINT('',(0.0119360826107678,-0.029,-0.00249414585758636));
#8630=CARTESIAN_POINT('',(0.0121547890258671,-0.029,-0.00192512945712463));
#8631=CARTESIAN_POINT('',(0.0121226226024533,-0.029,-0.00131637870254213));
#8632=CARTESIAN_POINT('',(0.0120877756437549,-0.029,-0.00065689871841109));
#8633=CARTESIAN_POINT('',(0.0123110468567737,-0.029,-0.00127841149015204));
#8634=CARTESIAN_POINT('',(0.012233760667651,-0.029,-0.00106327245378048));
#8635=CARTESIAN_POINT('',(0.0124278177949726,-0.029,-0.00118410205005443));
#8636=CARTESIAN_POINT('',(3.41282557769773E-15,-0.029,4.44844161506808E-14));
#8637=CARTESIAN_POINT('',(0.0124600451058899,-0.029,-0.000774615239460585));
#8638=CARTESIAN_POINT('',(0.0122494752305717,-0.029,-0.000863600000001212));
#8639=CARTESIAN_POINT('',(0.0123594650585204,-0.029,-0.000663199905820041));
#8640=CARTESIAN_POINT('',(0.012041716666665,-0.029,-0.00124213351123028));
#8641=CARTESIAN_POINT('',(0.0121792999999996,-0.029,-0.000596224085390614));
#8642=CARTESIAN_POINT('',(0.0123063,-0.029,0.));
#8643=CARTESIAN_POINT('',(0.0121792999999996,-0.029,0.000596224085390619));
#8644=CARTESIAN_POINT('',(0.012041716666665,-0.029,0.00124213351123029));
#8645=CARTESIAN_POINT('',(0.0123594650585204,-0.029,0.000663199905820045));
#8646=CARTESIAN_POINT('',(0.0122494752305717,-0.029,0.000863600000001195));
#8647=CARTESIAN_POINT('',(0.0124600451058899,-0.029,0.000774615239460538));
#8648=CARTESIAN_POINT('',(0.,-0.029,0.));
#8649=CARTESIAN_POINT('',(0.012427817794974,-0.029,0.00118410205005455));
#8650=CARTESIAN_POINT('',(0.012233760667653,-0.029,0.00106327245377975));
#8651=CARTESIAN_POINT('',(0.0123110468567753,-0.029,0.00127841149015148));
#8652=CARTESIAN_POINT('',(0.0120877756437549,-0.029,0.000656898718411094));
#8653=CARTESIAN_POINT('',(0.0121226226024533,-0.029,0.00131637870254213));
#8654=CARTESIAN_POINT('',(0.0121547890258671,-0.029,0.00192512945712463));
#8655=CARTESIAN_POINT('',(0.0119360826107678,-0.029,0.00249414585758635));
#8656=CARTESIAN_POINT('',(0.0116991506610746,-0.029,0.00311058029141898));
#8657=CARTESIAN_POINT('',(0.0121035522118127,-0.029,0.00258848111907653));
#8658=CARTESIAN_POINT('',(0.0119635670596353,-0.029,0.00276920775565753));
#8659=CARTESIAN_POINT('',(0.0121854647537792,-0.029,0.00271425893097841));
#8660=CARTESIAN_POINT('',(-3.10196313080269E-15,-0.029,1.23723253864227E-14));
#8661=CARTESIAN_POINT('',(0.0120895763643829,-0.029,0.00311366281728726));
#8662=CARTESIAN_POINT('',(0.011916810315571,-0.029,0.00296396361095021));
#8663=CARTESIAN_POINT('',(0.0119594898233904,-0.029,0.00318854415243209));
#8664=CARTESIAN_POINT('',(0.0118361934674727,-0.029,0.0025397559214835));
#8665=CARTESIAN_POINT('',(0.0117674460037573,-0.029,0.00319656787800736));
#8666=CARTESIAN_POINT('',(0.0117039868064851,-0.029,0.00380285583787591));
#8667=CARTESIAN_POINT('',(0.011398959254072,-0.029,0.00433065348117197));
#8668=CARTESIAN_POINT('',(0.0110685127389559,-0.029,0.00490243426140824));
#8669=CARTESIAN_POINT('',(0.0115496097402621,-0.029,0.00445002533650278));
#8670=CARTESIAN_POINT('',(0.011383076162887,-0.029,0.0046066284258933));
#8671=CARTESIAN_POINT('',(0.0116108378181915,-0.029,0.00458706855950979));
#8672=CARTESIAN_POINT('',(0.,-0.029,0.));
#8673=CARTESIAN_POINT('',(0.0114536494406964,-0.029,0.00496655487230583));
#8674=CARTESIAN_POINT('',(0.0113064285438961,-0.029,0.00479167214718605));
#8675=CARTESIAN_POINT('',(0.0113134504592866,-0.029,0.00502016427550618));
#8676=CARTESIAN_POINT('',(0.0112931649259419,-0.029,0.0043600759048035));
#8677=CARTESIAN_POINT('',(0.0111225158305311,-0.029,0.00499804694351567));
#8678=CARTESIAN_POINT('',(0.0109649935886164,-0.029,0.00558694328694307));
#8679=CARTESIAN_POINT('',(0.0105811556895634,-0.029,0.00606052604343937));
#8680=CARTESIAN_POINT('',(0.0101653312989216,-0.029,0.00657357402964275));
#8681=CARTESIAN_POINT('',(0.0107112775459485,-0.029,0.00620199516135596));
#8682=CARTESIAN_POINT('',(0.0105222961527464,-0.029,0.00633061861576225));
#8683=CARTESIAN_POINT('',(0.0107503135213595,-0.029,0.00634692933649432));
#8684=CARTESIAN_POINT('',(-5.54112311590416E-15,-0.029,7.52731210695856E-15));
#8685=CARTESIAN_POINT('',(0.0105356956552976,-0.029,0.00669715386331599));
#8686=CARTESIAN_POINT('',(0.0104176449775879,-0.029,0.00650139381250812));
#8687=CARTESIAN_POINT('',(0.0103888363976905,-0.029,0.00672817129314565));
#8688=CARTESIAN_POINT('',(0.0104720611840565,-0.029,0.0060730363490812));
#8689=CARTESIAN_POINT('',(0.0102037124040444,-0.029,0.00667645750570899));
#8690=CARTESIAN_POINT('',(0.009956005837877,-0.029,0.00723346165028741));
#8691=CARTESIAN_POINT('',(0.00950280895513732,-0.029,0.00764116834078321));
#8692=CARTESIAN_POINT('',(0.00901184566550426,-0.029,0.00808285058882209));
#8693=CARTESIAN_POINT('',(0.00960919814976354,-0.029,0.00780125128209483));
#8694=CARTESIAN_POINT('',(0.00940242228982707,-0.029,0.00789872796519153));
#8695=CARTESIAN_POINT('',(0.00962508082738688,-0.029,0.00795050764896554));
#8696=CARTESIAN_POINT('',(0.,-0.029,0.));
#8697=CARTESIAN_POINT('',(0.00935831807689787,-0.029,0.00826284669963062));
#8698=CARTESIAN_POINT('',(0.00927234441774524,-0.029,0.00805102958527978));
#8699=CARTESIAN_POINT('',(0.0092084147054058,-0.029,0.0082705084040305));
#8700=CARTESIAN_POINT('',(0.00939310054105062,-0.029,0.00763645848319447));
#8701=CARTESIAN_POINT('',(0.00903365971398998,-0.029,0.00819047152621959));
#8702=CARTESIAN_POINT('',(0.00870186818131734,-0.029,0.00870186818131888));
#8703=CARTESIAN_POINT('',(0.00819047152621842,-0.029,0.00903365971399209));
#8704=CARTESIAN_POINT('',(0.00763645848319654,-0.029,0.00939310054105774));
#8705=CARTESIAN_POINT('',(0.00827050840402986,-0.029,0.00920841470540361));
#8706=CARTESIAN_POINT('',(0.00805102958527969,-0.029,0.00927234441774482));
#8707=CARTESIAN_POINT('',(0.00826284669963044,-0.029,0.00935831807689763));
#8708=CARTESIAN_POINT('',(0.,-0.029,0.));
#8709=CARTESIAN_POINT('',(0.0079505076489654,-0.029,0.00962508082738662));
#8710=CARTESIAN_POINT('',(0.00789872796519114,-0.029,0.00940242228982686));
#8711=CARTESIAN_POINT('',(0.00780125128209452,-0.029,0.00960919814976339));
#8712=CARTESIAN_POINT('',(0.0080828505888221,-0.029,0.00901184566550427));
#8713=CARTESIAN_POINT('',(0.00764116834078321,-0.029,0.00950280895513732));
#8714=CARTESIAN_POINT('',(0.00723346165028741,-0.029,0.009956005837877));
#8715=CARTESIAN_POINT('',(0.006676457505709,-0.029,0.0102037124040444));
#8716=CARTESIAN_POINT('',(0.0060730363490812,-0.029,0.0104720611840565));
#8717=CARTESIAN_POINT('',(0.00672817129314565,-0.029,0.0103888363976905));
#8718=CARTESIAN_POINT('',(0.00650139381250814,-0.029,0.0104176449775879));
#8719=CARTESIAN_POINT('',(0.00669715386331598,-0.029,0.0105356956552976));
#8720=CARTESIAN_POINT('',(0.,-0.029,0.));
#8721=CARTESIAN_POINT('',(0.00634692933649463,-0.029,0.0107503135213596));
#8722=CARTESIAN_POINT('',(0.00633061861576262,-0.029,0.0105222961527466));
#8723=CARTESIAN_POINT('',(0.00620199516135623,-0.029,0.0107112775459486));
#8724=CARTESIAN_POINT('',(0.00657357402964275,-0.029,0.0101653312989216));
#8725=CARTESIAN_POINT('',(0.00606052604343936,-0.029,0.0105811556895634));
#8726=CARTESIAN_POINT('',(0.00558694328694307,-0.029,0.0109649935886164));
#8727=CARTESIAN_POINT('',(0.00499804694351568,-0.029,0.0111225158305311));
#8728=CARTESIAN_POINT('',(0.00436007590480349,-0.029,0.0112931649259418));
#8729=CARTESIAN_POINT('',(0.00502016427550616,-0.029,0.0113134504592872));
#8730=CARTESIAN_POINT('',(0.00479167214718605,-0.029,0.0113064285438969));
#8731=CARTESIAN_POINT('',(0.00496655487230597,-0.029,0.011453649440697));
#8732=CARTESIAN_POINT('',(0.,-0.029,0.));
#8733=CARTESIAN_POINT('',(0.00458706855950996,-0.029,0.0116108378181921));
#8734=CARTESIAN_POINT('',(0.0046066284258939,-0.029,0.0113830761628876));
#8735=CARTESIAN_POINT('',(0.00445002533650328,-0.029,0.0115496097402625));
#8736=CARTESIAN_POINT('',(0.00490243426140823,-0.029,0.0110685127389558));
#8737=CARTESIAN_POINT('',(0.00433065348117199,-0.029,0.011398959254072));
#8738=CARTESIAN_POINT('',(0.00380285583787591,-0.029,0.0117039868064851));
#8739=CARTESIAN_POINT('',(0.00319656787800736,-0.029,0.0117674460037573));
#8740=CARTESIAN_POINT('',(0.0025397559214835,-0.029,0.0118361934674727));
#8741=CARTESIAN_POINT('',(0.00318854415243209,-0.029,0.0119594898233904));
#8742=CARTESIAN_POINT('',(0.00296396361095022,-0.029,0.011916810315571));
#8743=CARTESIAN_POINT('',(0.0031136628172873,-0.029,0.0120895763643829));
#8744=CARTESIAN_POINT('',(0.,-0.029,0.));
#8745=CARTESIAN_POINT('',(0.00271425893097865,-0.029,0.0121854647537796));
#8746=CARTESIAN_POINT('',(0.00276920775565793,-0.029,0.0119635670596357));
#8747=CARTESIAN_POINT('',(0.0025884811190768,-0.029,0.012103552211813));
#8748=CARTESIAN_POINT('',(0.00311058029141897,-0.029,0.0116991506610746));
#8749=CARTESIAN_POINT('',(0.00249414585758636,-0.029,0.0119360826107678));
#8750=CARTESIAN_POINT('',(0.00192512945712463,-0.029,0.0121547890258671));
#8751=CARTESIAN_POINT('',(0.00131637870254213,-0.029,0.0121226226024533));
#8752=CARTESIAN_POINT('',(0.000656898718411097,-0.029,0.0120877756437549));
#8753=CARTESIAN_POINT('',(0.00127841149015205,-0.029,0.0123110468567737));
#8754=CARTESIAN_POINT('',(0.00106327245378049,-0.029,0.012233760667651));
#8755=CARTESIAN_POINT('',(0.00118410205005434,-0.029,0.0124278177949726));
#8756=CARTESIAN_POINT('',(0.,-0.029,0.));
#8757=CARTESIAN_POINT('',(0.000774615239460573,-0.029,0.0124600451058885));
#8758=CARTESIAN_POINT('',(0.000863600000000199,-0.029,0.0122494752305698));
#8759=CARTESIAN_POINT('',(0.000663199905819251,-0.029,0.012359465058519));
#8760=CARTESIAN_POINT('',(0.00124213351123028,-0.029,0.012041716666665));
#8761=CARTESIAN_POINT('',(0.000596224085390614,-0.029,0.0121792999999996));
#8762=CARTESIAN_POINT('',(0.,-0.029,0.0123063));
#8763=CARTESIAN_POINT('',(-0.000596224085390609,-0.029,0.0121792999999996));
#8764=CARTESIAN_POINT('',(-0.00124213351123028,-0.029,0.012041716666665));
#8765=CARTESIAN_POINT('',(-0.00066319990582005,-0.029,0.0123594650585204));
#8766=CARTESIAN_POINT('',(-0.000863600000001199,-0.029,0.0122494752305717));
#8767=CARTESIAN_POINT('',(-0.000774615239460538,-0.029,0.0124600451058899));
#8768=CARTESIAN_POINT('',(0.,-0.029,0.));
#8769=CARTESIAN_POINT('',(-0.00118410205005443,-0.029,0.012427817794974));
#8770=CARTESIAN_POINT('',(-0.00106327245377975,-0.029,0.0122337606676529));
#8771=CARTESIAN_POINT('',(-0.0012784114901515,-0.029,0.0123110468567752));
#8772=CARTESIAN_POINT('',(-0.000656898718411092,-0.029,0.0120877756437549));
#8773=CARTESIAN_POINT('',(-0.00131637870254213,-0.029,0.0121226226024533));
#8774=CARTESIAN_POINT('',(-0.00192512945712463,-0.029,0.0121547890258671));
#8775=CARTESIAN_POINT('',(-0.00249414585758635,-0.029,0.0119360826107678));
#8776=CARTESIAN_POINT('',(-0.00311058029141898,-0.029,0.0116991506610746));
#8777=CARTESIAN_POINT('',(-0.00258848111907654,-0.029,0.0121035522118126));
#8778=CARTESIAN_POINT('',(-0.00276920775565753,-0.029,0.0119635670596352));
#8779=CARTESIAN_POINT('',(-0.00271425893097853,-0.029,0.0121854647537792));
#8780=CARTESIAN_POINT('',(0.,-0.029,0.));
#8781=CARTESIAN_POINT('',(-0.00311366281728708,-0.029,0.0120895763643825));
#8782=CARTESIAN_POINT('',(-0.0029639636109484,-0.029,0.0119168103155722));
#8783=CARTESIAN_POINT('',(-0.00318854415242995,-0.029,0.0119594898233928));
#8784=CARTESIAN_POINT('',(-0.00253975592148359,-0.029,0.0118361934674667));
#8785=CARTESIAN_POINT('',(-0.00319656787800728,-0.029,0.0117674460037559));
#8786=CARTESIAN_POINT('',(-0.003802855837876,-0.029,0.0117039868064853));
#8787=CARTESIAN_POINT('',(-0.00433065348117203,-0.029,0.0113989592540721));
#8788=CARTESIAN_POINT('',(-0.00490243426140824,-0.029,0.0110685127389558));
#8789=CARTESIAN_POINT('',(-0.0044500253365028,-0.029,0.0115496097402621));
#8790=CARTESIAN_POINT('',(-0.0046066284258933,-0.029,0.011383076162887));
#8791=CARTESIAN_POINT('',(-0.0045870685595098,-0.029,0.0116108378181915));
#8792=CARTESIAN_POINT('',(0.,-0.029,0.));
#8793=CARTESIAN_POINT('',(-0.00496655487230583,-0.029,0.0114536494406964));
#8794=CARTESIAN_POINT('',(-0.00479167214718605,-0.029,0.0113064285438961));
#8795=CARTESIAN_POINT('',(-0.00502016427550617,-0.029,0.0113134504592866));
#8796=CARTESIAN_POINT('',(-0.00436007590480349,-0.029,0.0112931649259418));
#8797=CARTESIAN_POINT('',(-0.00499804694351567,-0.029,0.0111225158305311));
#8798=CARTESIAN_POINT('',(-0.00558694328694307,-0.029,0.0109649935886164));
#8799=CARTESIAN_POINT('',(-0.00606052604343937,-0.029,0.0105811556895634));
#8800=CARTESIAN_POINT('',(-0.00657357402964275,-0.029,0.0101653312989216));
#8801=CARTESIAN_POINT('',(-0.00620199516135596,-0.029,0.0107112775459485));
#8802=CARTESIAN_POINT('',(-0.00633061861576224,-0.029,0.0105222961527464));
#8803=CARTESIAN_POINT('',(-0.00634692933649438,-0.029,0.0107503135213594));
#8804=CARTESIAN_POINT('',(-7.52620188393394E-15,-0.029,-5.54223333892878E-15));
#8805=CARTESIAN_POINT('',(-0.00669715386331598,-0.029,0.0105356956552976));
#8806=CARTESIAN_POINT('',(-0.00650139381250811,-0.029,0.0104176449775879));
#8807=CARTESIAN_POINT('',(-0.00672817129314547,-0.029,0.0103888363976892));
#8808=CARTESIAN_POINT('',(-0.00607303634908182,-0.029,0.0104720611840615));
#8809=CARTESIAN_POINT('',(-0.00667645750570815,-0.029,0.0102037124040461));
#8810=CARTESIAN_POINT('',(-0.00723346165028678,-0.029,0.00995600583787738));
#8811=CARTESIAN_POINT('',(-0.00764116834078188,-0.029,0.00950280895513613));
#8812=CARTESIAN_POINT('',(-0.00808285058881672,-0.029,0.00901184566549943));
#8813=CARTESIAN_POINT('',(-0.00780125128209934,-0.029,0.00960919814976336));
#8814=CARTESIAN_POINT('',(-0.00789872796519472,-0.029,0.00940242228982698));
#8815=CARTESIAN_POINT('',(-0.00795050764896558,-0.029,0.00962508082738686));
#8816=CARTESIAN_POINT('',(7.20867809889114E-15,-0.029,5.44897460486027E-15));
#8817=CARTESIAN_POINT('',(-0.00826284669963042,-0.029,0.00935831807689766));
#8818=CARTESIAN_POINT('',(-0.00805102958527972,-0.029,0.0092723444177455));
#8819=CARTESIAN_POINT('',(-0.00827050840402967,-0.029,0.00920841470540457));
#8820=CARTESIAN_POINT('',(-0.00763645848319676,-0.029,0.00939310054105625));
#8821=CARTESIAN_POINT('',(-0.00819047152621823,-0.029,0.00903365971399194));
#8822=CARTESIAN_POINT('',(-0.00870186818131646,-0.029,0.00870186818131647));
#8823=CARTESIAN_POINT('',(-0.00903365971399163,-0.029,0.00819047152621803));
#8824=CARTESIAN_POINT('',(-0.00939310054105798,-0.029,0.00763645848319661));
#8825=CARTESIAN_POINT('',(-0.00920841470540354,-0.029,0.00827050840402984));
#8826=CARTESIAN_POINT('',(-0.00927234441774482,-0.029,0.00805102958527969));
#8827=CARTESIAN_POINT('',(-0.00935831807689763,-0.029,0.00826284669963044));
#8828=CARTESIAN_POINT('',(0.,-0.029,0.));
#8829=CARTESIAN_POINT('',(-0.00962508082738662,-0.029,0.00795050764896539));
#8830=CARTESIAN_POINT('',(-0.00940242228982686,-0.029,0.00789872796519114));
#8831=CARTESIAN_POINT('',(-0.00960919814976397,-0.029,0.00780125128209576));
#8832=CARTESIAN_POINT('',(-0.00901184566550046,-0.029,0.00808285058881818));
#8833=CARTESIAN_POINT('',(-0.00950280895513822,-0.029,0.00764116834078187));
#8834=CARTESIAN_POINT('',(-0.00995600583788051,-0.029,0.00723346165028897));
#8835=CARTESIAN_POINT('',(-0.0102037124040462,-0.029,0.00667645750570976));
#8836=CARTESIAN_POINT('',(-0.0104720611840603,-0.029,0.00607303634908208));
#8837=CARTESIAN_POINT('',(-0.0103888363976898,-0.029,0.0067281712931467));
#8838=CARTESIAN_POINT('',(-0.0104176449775884,-0.029,0.00650139381250934));
#8839=CARTESIAN_POINT('',(-0.0105356956553001,-0.029,0.00669715386331597));
#8840=CARTESIAN_POINT('',(0.,-0.029,0.));
#8841=CARTESIAN_POINT('',(-0.0107503135213615,-0.029,0.00634692933649562));
#8842=CARTESIAN_POINT('',(-0.0105222961527484,-0.029,0.00633061861576518));
#8843=CARTESIAN_POINT('',(-0.01071127754595,-0.029,0.00620199516135821));
#8844=CARTESIAN_POINT('',(-0.0101653312989216,-0.029,0.00657357402964275));
#8845=CARTESIAN_POINT('',(-0.0105811556895634,-0.029,0.00606052604343936));
#8846=CARTESIAN_POINT('',(-0.0109649935886164,-0.029,0.00558694328694307));
#8847=CARTESIAN_POINT('',(-0.0111225158305311,-0.029,0.00499804694351569));
#8848=CARTESIAN_POINT('',(-0.0112931649259418,-0.029,0.0043600759048035));
#8849=CARTESIAN_POINT('',(-0.0113134504592872,-0.029,0.00502016427550616));
#8850=CARTESIAN_POINT('',(-0.0113064285438969,-0.029,0.00479167214718605));
#8851=CARTESIAN_POINT('',(-0.011453649440697,-0.029,0.00496655487230597));
#8852=CARTESIAN_POINT('',(0.,-0.029,0.));
#8853=CARTESIAN_POINT('',(-0.0116108378181921,-0.029,0.00458706855950996));
#8854=CARTESIAN_POINT('',(-0.0113830761628876,-0.029,0.0046066284258939));
#8855=CARTESIAN_POINT('',(-0.0115496097402625,-0.029,0.00445002533650328));
#8856=CARTESIAN_POINT('',(-0.0110685127389558,-0.029,0.00490243426140824));
#8857=CARTESIAN_POINT('',(-0.011398959254072,-0.029,0.00433065348117199));
#8858=CARTESIAN_POINT('',(-0.0117039868064851,-0.029,0.00380285583787591));
#8859=CARTESIAN_POINT('',(-0.0117674460037573,-0.029,0.00319656787800736));
#8860=CARTESIAN_POINT('',(-0.0118361934674727,-0.029,0.0025397559214835));
#8861=CARTESIAN_POINT('',(-0.0119594898233877,-0.029,0.0031885441524326));
#8862=CARTESIAN_POINT('',(-0.011916810315571,-0.029,0.00296396361095022));
#8863=CARTESIAN_POINT('',(-0.0120895763643829,-0.029,0.0031136628172873));
#8864=CARTESIAN_POINT('',(-1.33226762955019E-17,-0.029,-7.99360577730113E-17));
#8865=CARTESIAN_POINT('',(-0.0121854647537796,-0.029,0.00271425893097864));
#8866=CARTESIAN_POINT('',(-0.0119635670596357,-0.029,0.00276920775565792));
#8867=CARTESIAN_POINT('',(-0.012103552211813,-0.029,0.0025884811190768));
#8868=CARTESIAN_POINT('',(-0.0116991506610746,-0.029,0.00311058029141898));
#8869=CARTESIAN_POINT('',(-0.0119360826107678,-0.029,0.00249414585758636));
#8870=CARTESIAN_POINT('',(-0.0121547890258671,-0.029,0.00192512945712463));
#8871=CARTESIAN_POINT('',(-0.0121226226024533,-0.029,0.00131637870254213));
#8872=CARTESIAN_POINT('',(-0.0120877756437549,-0.029,0.000656898718411094));
#8873=CARTESIAN_POINT('',(-0.0123110468567753,-0.029,0.0012784114901515));
#8874=CARTESIAN_POINT('',(-0.012233760667653,-0.029,0.00106327245377977));
#8875=CARTESIAN_POINT('',(-0.012427817794974,-0.029,0.00118410205005454));
#8876=CARTESIAN_POINT('',(2.22044604925031E-18,-0.029,-2.22044604925031E-17));
#8877=CARTESIAN_POINT('',(-0.0120417166666676,-0.019,-0.00124213351123083));
#8878=CARTESIAN_POINT('',(-0.0123594650585189,-0.019,-0.000663199905818338));
#8879=CARTESIAN_POINT('',(-0.012041716666665,-0.019,0.00124213351123029));
#8880=CARTESIAN_POINT('',(-0.0123594650585185,-0.019,0.000663199905819006));
#8881=CARTESIAN_POINT('',(-0.0122494752305713,-0.019,-0.0008636));
#8882=CARTESIAN_POINT('',(-0.0124600451058899,-0.019,-0.00077461523946059));
#8883=CARTESIAN_POINT('',(-0.0122494752305717,-0.019,0.000863600000001212));
#8884=CARTESIAN_POINT('',(-0.0124600451058899,-0.019,0.00077461523946059));
#8885=CARTESIAN_POINT('',(-3.39284156325448E-15,-0.019,4.43511893877258E-14));
#8886=CARTESIAN_POINT('',(-0.0124278177949726,-0.019,-0.0011841020500543));
#8887=CARTESIAN_POINT('',(2.22044604925031E-18,-0.019,-2.22044604925031E-17));
#8888=CARTESIAN_POINT('',(-0.012427817794974,-0.019,0.00118410205005445));
#8889=CARTESIAN_POINT('',(-0.012233760667651,-0.019,-0.00106327245378046));
#8890=CARTESIAN_POINT('',(-0.012311046856775,-0.019,-0.00127841149015159));
#8891=CARTESIAN_POINT('',(-0.012233760667653,-0.019,0.00106327245377977));
#8892=CARTESIAN_POINT('',(-0.012311046856775,-0.019,0.0012784114901516));
#8893=CARTESIAN_POINT('',(-0.0120877756437549,-0.019,-0.00065689871841109));
#8894=CARTESIAN_POINT('',(-0.0121226226024533,-0.019,-0.00131637870254213));
#8895=CARTESIAN_POINT('',(-0.0120877756437549,-0.019,0.000656898718411094));
#8896=CARTESIAN_POINT('',(-0.0121226226024533,-0.019,0.00131637870254213));
#8897=CARTESIAN_POINT('',(-0.0121547890258648,-0.019,-0.00192512945712454));
#8898=CARTESIAN_POINT('',(-0.0119360826107688,-0.019,-0.00249414585758731));
#8899=CARTESIAN_POINT('',(-0.0121547890258671,-0.019,0.00192512945712463));
#8900=CARTESIAN_POINT('',(-0.011936082610769,-0.019,0.00249414585758681));
#8901=CARTESIAN_POINT('',(-0.0116991506610761,-0.019,-0.00311058029142013));
#8902=CARTESIAN_POINT('',(-0.0121035522118108,-0.019,-0.00258848111907512));
#8903=CARTESIAN_POINT('',(-0.0116991506610746,-0.019,0.00311058029141898));
#8904=CARTESIAN_POINT('',(-0.0121035522118108,-0.019,0.00258848111907513));
#8905=CARTESIAN_POINT('',(-0.0119635670596352,-0.019,-0.00276920775565753));
#8906=CARTESIAN_POINT('',(-0.0121854647537791,-0.019,-0.00271425893097852));
#8907=CARTESIAN_POINT('',(-0.0119635670596357,-0.019,0.00276920775565792));
#8908=CARTESIAN_POINT('',(-0.0121854647537796,-0.019,0.00271425893097862));
#8909=CARTESIAN_POINT('',(2.44249065417534E-17,-0.019,-7.99360577730113E-17));
#8910=CARTESIAN_POINT('',(-0.0120895763643825,-0.019,-0.00311366281728717));
#8911=CARTESIAN_POINT('',(-1.33226762955019E-17,-0.019,-7.99360577730113E-17));
#8912=CARTESIAN_POINT('',(-0.0120895763643829,-0.019,0.00311366281728725));
#8913=CARTESIAN_POINT('',(-0.0119168103155722,-0.019,-0.0029639636109484));
#8914=CARTESIAN_POINT('',(-0.0119594898233929,-0.019,-0.0031885441524299));
#8915=CARTESIAN_POINT('',(-0.011916810315571,-0.019,0.00296396361095022));
#8916=CARTESIAN_POINT('',(-0.0119594898233877,-0.019,0.00318854415243261));
#8917=CARTESIAN_POINT('',(-0.0118361934674667,-0.019,-0.00253975592148358));
#8918=CARTESIAN_POINT('',(-0.0117674460037553,-0.019,-0.00319656787800714));
#8919=CARTESIAN_POINT('',(-0.0118361934674727,-0.019,0.0025397559214835));
#8920=CARTESIAN_POINT('',(-0.0117674460037554,-0.019,0.00319656787800716));
#8921=CARTESIAN_POINT('',(-0.0117039868064851,-0.019,-0.0038028558378759));
#8922=CARTESIAN_POINT('',(-0.011398959254073,-0.019,-0.00433065348117252));
#8923=CARTESIAN_POINT('',(-0.0117039868064851,-0.019,0.00380285583787591));
#8924=CARTESIAN_POINT('',(-0.011398959254073,-0.019,0.00433065348117254));
#8925=CARTESIAN_POINT('',(-0.0110685127389557,-0.019,-0.00490243426140804));
#8926=CARTESIAN_POINT('',(-0.0115496097402619,-0.019,-0.00445002533650251));
#8927=CARTESIAN_POINT('',(-0.0110685127389558,-0.019,0.00490243426140824));
#8928=CARTESIAN_POINT('',(-0.0115496097402619,-0.019,0.00445002533650256));
#8929=CARTESIAN_POINT('',(-0.011383076162887,-0.019,-0.0046066284258933));
#8930=CARTESIAN_POINT('',(-0.0116108378181915,-0.019,-0.00458706855950977));
#8931=CARTESIAN_POINT('',(-0.0113830761628876,-0.019,0.0046066284258939));
#8932=CARTESIAN_POINT('',(-0.0116108378181921,-0.019,0.00458706855950997));
#8933=CARTESIAN_POINT('',(6.60582699651968E-15,-0.019,-1.56497037551162E-14));
#8934=CARTESIAN_POINT('',(-0.011453649440697,-0.019,-0.00496655487230597));
#8935=CARTESIAN_POINT('',(0.,-0.019,0.));
#8936=CARTESIAN_POINT('',(-0.011453649440697,-0.019,0.004966554872306));
#8937=CARTESIAN_POINT('',(-0.0113064285438969,-0.019,-0.00479167214718602));
#8938=CARTESIAN_POINT('',(-0.0113134504592895,-0.019,-0.00502016427550608));
#8939=CARTESIAN_POINT('',(-0.0113064285438969,-0.019,0.00479167214718605));
#8940=CARTESIAN_POINT('',(-0.0113134504592895,-0.019,0.00502016427550609));
#8941=CARTESIAN_POINT('',(-0.0112931649259418,-0.019,-0.00436007590480349));
#8942=CARTESIAN_POINT('',(-0.0111225158305296,-0.019,-0.00499804694351528));
#8943=CARTESIAN_POINT('',(-0.0112931649259418,-0.019,0.0043600759048035));
#8944=CARTESIAN_POINT('',(-0.0111225158305296,-0.019,0.00499804694351529));
#8945=CARTESIAN_POINT('',(-0.0109649935886164,-0.019,-0.00558694328694307));
#8946=CARTESIAN_POINT('',(-0.010581155689564,-0.019,-0.0060605260434398));
#8947=CARTESIAN_POINT('',(-0.0109649935886164,-0.019,0.00558694328694307));
#8948=CARTESIAN_POINT('',(-0.010581155689564,-0.019,0.0060605260434398));
#8949=CARTESIAN_POINT('',(-0.0101653312989216,-0.019,-0.00657357402964275));
#8950=CARTESIAN_POINT('',(-0.0107112775459492,-0.019,-0.006201995161357));
#8951=CARTESIAN_POINT('',(-0.0101653312989216,-0.019,0.00657357402964275));
#8952=CARTESIAN_POINT('',(-0.0107112775459492,-0.019,0.006201995161357));
#8953=CARTESIAN_POINT('',(-0.0105222961527464,-0.019,-0.00633061861576225));
#8954=CARTESIAN_POINT('',(-0.0107503135213594,-0.019,-0.0063469293364944));
#8955=CARTESIAN_POINT('',(-0.0105222961527484,-0.019,0.00633061861576518));
#8956=CARTESIAN_POINT('',(-0.0107503135213615,-0.019,0.00634692933649564));
#8957=CARTESIAN_POINT('',(5.54112311590416E-15,-0.019,-7.52287121486006E-15));
#8958=CARTESIAN_POINT('',(-0.0105356956552976,-0.019,-0.00669715386331596));
#8959=CARTESIAN_POINT('',(0.,-0.019,0.));
#8960=CARTESIAN_POINT('',(-0.0105356956553001,-0.019,0.00669715386331598));
#8961=CARTESIAN_POINT('',(-0.0104176449775879,-0.019,-0.00650139381250811));
#8962=CARTESIAN_POINT('',(-0.0103888363976882,-0.019,-0.00672817129314535));
#8963=CARTESIAN_POINT('',(-0.0104176449775884,-0.019,0.00650139381250934));
#8964=CARTESIAN_POINT('',(-0.0103888363976881,-0.019,0.00672817129314648));
#8965=CARTESIAN_POINT('',(-0.0104720611840565,-0.019,-0.00607303634908119));
#8966=CARTESIAN_POINT('',(-0.0102037124040457,-0.019,-0.00667645750570955));
#8967=CARTESIAN_POINT('',(-0.0104720611840603,-0.019,0.00607303634908208));
#8968=CARTESIAN_POINT('',(-0.0102037124040457,-0.019,0.00667645750570954));
#8969=CARTESIAN_POINT('',(-0.00995600583787701,-0.019,-0.00723346165028741));
#8970=CARTESIAN_POINT('',(-0.00950280895513656,-0.019,-0.00764116834078236));
#8971=CARTESIAN_POINT('',(-0.00995600583788051,-0.019,0.00723346165028897));
#8972=CARTESIAN_POINT('',(-0.00950280895513772,-0.019,0.00764116834078132));
#8973=CARTESIAN_POINT('',(-0.00901184566550427,-0.019,-0.0080828505888221));
#8974=CARTESIAN_POINT('',(-0.0096091981497644,-0.019,-0.00780125128209666));
#8975=CARTESIAN_POINT('',(-0.00901184566550046,-0.019,0.00808285058881818));
#8976=CARTESIAN_POINT('',(-0.0096091981497644,-0.019,0.00780125128209666));
#8977=CARTESIAN_POINT('',(-0.00940242228982707,-0.019,-0.00789872796519152));
#8978=CARTESIAN_POINT('',(-0.00962508082738684,-0.019,-0.0079505076489656));
#8979=CARTESIAN_POINT('',(-0.00940242228982686,-0.019,0.00789872796519114));
#8980=CARTESIAN_POINT('',(-0.00962508082738662,-0.019,0.00795050764896541));
#8981=CARTESIAN_POINT('',(-5.44231326671252E-15,-0.019,7.20312698376802E-15));
#8982=CARTESIAN_POINT('',(-0.00935831807689766,-0.019,-0.00826284669963042));
#8983=CARTESIAN_POINT('',(0.,-0.019,0.));
#8984=CARTESIAN_POINT('',(-0.00935831807689765,-0.019,0.00826284669963041));
#8985=CARTESIAN_POINT('',(-0.00927234441774482,-0.019,-0.00805102958527966));
#8986=CARTESIAN_POINT('',(-0.00920841470540452,-0.019,-0.00827050840403012));
#8987=CARTESIAN_POINT('',(-0.00927234441774482,-0.019,0.00805102958527969));
#8988=CARTESIAN_POINT('',(-0.00920841470540452,-0.019,0.00827050840403012));
#8989=CARTESIAN_POINT('',(-0.00939310054105523,-0.019,-0.00763645848319581));
#8990=CARTESIAN_POINT('',(-0.00903365971399318,-0.019,-0.00819047152622002));
#8991=CARTESIAN_POINT('',(-0.00939310054105798,-0.019,0.00763645848319661));
#8992=CARTESIAN_POINT('',(-0.00903365971399068,-0.019,0.00819047152621742));
#8993=CARTESIAN_POINT('',(-0.00870186818131549,-0.019,-0.00870186818131603));
#8994=CARTESIAN_POINT('',(-0.00819047152621748,-0.019,-0.00903365971399064));
#8995=CARTESIAN_POINT('',(-0.00870186818131646,-0.019,0.00870186818131647));
#8996=CARTESIAN_POINT('',(-0.00819047152621817,-0.019,0.00903365971399185));
#8997=CARTESIAN_POINT('',(-0.00763645848319653,-0.019,-0.00939310054105772));
#8998=CARTESIAN_POINT('',(-0.00827050840403012,-0.019,-0.00920841470540452));
#8999=CARTESIAN_POINT('',(-0.00763645848319676,-0.019,0.00939310054105625));
#9000=CARTESIAN_POINT('',(-0.00827050840402969,-0.019,0.00920841470540465));
#9001=CARTESIAN_POINT('',(-0.00805102958527969,-0.019,-0.00927234441774483));
#9002=CARTESIAN_POINT('',(-0.00826284669963042,-0.019,-0.00935831807689766));
#9003=CARTESIAN_POINT('',(-0.00805102958527972,-0.019,0.0092723444177455));
#9004=CARTESIAN_POINT('',(-0.00826284669963042,-0.019,0.00935831807689766));
#9005=CARTESIAN_POINT('',(7.20090653771877E-15,-0.019,-5.44009282066327E-15));
#9006=CARTESIAN_POINT('',(-0.0079505076489656,-0.019,-0.00962508082738684));
#9007=CARTESIAN_POINT('',(7.20867809889114E-15,-0.019,5.44897460486027E-15));
#9008=CARTESIAN_POINT('',(-0.0079505076489656,-0.019,0.00962508082738684));
#9009=CARTESIAN_POINT('',(-0.00789872796519153,-0.019,-0.00940242228982704));
#9010=CARTESIAN_POINT('',(-0.00780125128209666,-0.019,-0.0096091981497644));
#9011=CARTESIAN_POINT('',(-0.00789872796519472,-0.019,0.00940242228982698));
#9012=CARTESIAN_POINT('',(-0.00780125128209755,-0.019,0.00960919814976252));
#9013=CARTESIAN_POINT('',(-0.0080828505888221,-0.019,-0.00901184566550426));
#9014=CARTESIAN_POINT('',(-0.00764116834078236,-0.019,-0.00950280895513656));
#9015=CARTESIAN_POINT('',(-0.00808285058881672,-0.019,0.00901184566549943));
#9016=CARTESIAN_POINT('',(-0.00764116834078236,-0.019,0.00950280895513656));
#9017=CARTESIAN_POINT('',(-0.00723346165028741,-0.019,-0.009956005837877));
#9018=CARTESIAN_POINT('',(-0.00667645750570955,-0.019,-0.0102037124040457));
#9019=CARTESIAN_POINT('',(-0.00723346165028678,-0.019,0.00995600583787738));
#9020=CARTESIAN_POINT('',(-0.00667645750570825,-0.019,0.0102037124040463));
#9021=CARTESIAN_POINT('',(-0.0060730363490812,-0.019,-0.0104720611840565));
#9022=CARTESIAN_POINT('',(-0.00672817129314536,-0.019,-0.0103888363976882));
#9023=CARTESIAN_POINT('',(-0.00607303634908182,-0.019,0.0104720611840615));
#9024=CARTESIAN_POINT('',(-0.00672817129314535,-0.019,0.0103888363976882));
#9025=CARTESIAN_POINT('',(-0.00650139381250814,-0.019,-0.0104176449775879));
#9026=CARTESIAN_POINT('',(-0.00669715386331597,-0.019,-0.0105356956552976));
#9027=CARTESIAN_POINT('',(-0.00650139381250811,-0.019,0.0104176449775879));
#9028=CARTESIAN_POINT('',(-0.00669715386331597,-0.019,0.0105356956552976));
#9029=CARTESIAN_POINT('',(-7.52731210695856E-15,-0.019,5.54223333892878E-15));
#9030=CARTESIAN_POINT('',(-0.00634692933649441,-0.019,-0.0107503135213594));
#9031=CARTESIAN_POINT('',(-7.52620188393394E-15,-0.019,-5.54223333892878E-15));
#9032=CARTESIAN_POINT('',(-0.00634692933649441,-0.019,0.0107503135213594));
#9033=CARTESIAN_POINT('',(-0.00633061861576225,-0.019,-0.0105222961527464));
#9034=CARTESIAN_POINT('',(-0.00620199516135699,-0.019,-0.0107112775459492));
#9035=CARTESIAN_POINT('',(-0.00633061861576224,-0.019,0.0105222961527464));
#9036=CARTESIAN_POINT('',(-0.006201995161357,-0.019,0.0107112775459492));
#9037=CARTESIAN_POINT('',(-0.00657357402964275,-0.019,-0.0101653312989216));
#9038=CARTESIAN_POINT('',(-0.00606052604343981,-0.019,-0.010581155689564));
#9039=CARTESIAN_POINT('',(-0.00657357402964275,-0.019,0.0101653312989216));
#9040=CARTESIAN_POINT('',(-0.00606052604343981,-0.019,0.010581155689564));
#9041=CARTESIAN_POINT('',(-0.00558694328694308,-0.019,-0.0109649935886164));
#9042=CARTESIAN_POINT('',(-0.00499804694351528,-0.019,-0.0111225158305296));
#9043=CARTESIAN_POINT('',(-0.00558694328694307,-0.019,0.0109649935886164));
#9044=CARTESIAN_POINT('',(-0.00499804694351527,-0.019,0.0111225158305296));
#9045=CARTESIAN_POINT('',(-0.00436007590480349,-0.019,-0.0112931649259418));
#9046=CARTESIAN_POINT('',(-0.00502016427550608,-0.019,-0.0113134504592895));
#9047=CARTESIAN_POINT('',(-0.00436007590480349,-0.019,0.0112931649259418));
#9048=CARTESIAN_POINT('',(-0.00502016427550608,-0.019,0.0113134504592895));
#9049=CARTESIAN_POINT('',(-0.00479167214718605,-0.019,-0.0113064285438969));
#9050=CARTESIAN_POINT('',(-0.00496655487230599,-0.019,-0.011453649440697));
#9051=CARTESIAN_POINT('',(-0.00479167214718605,-0.019,0.0113064285438961));
#9052=CARTESIAN_POINT('',(-0.00496655487230582,-0.019,0.0114536494406964));
#9053=CARTESIAN_POINT('',(-1.57618362806033E-14,-0.019,6.65245636355394E-15));
#9054=CARTESIAN_POINT('',(-0.00458706855950974,-0.019,-0.0116108378181916));
#9055=CARTESIAN_POINT('',(0.,-0.019,0.));
#9056=CARTESIAN_POINT('',(-0.00458706855950974,-0.019,0.0116108378181916));
#9057=CARTESIAN_POINT('',(-0.00460662842589331,-0.019,-0.011383076162887));
#9058=CARTESIAN_POINT('',(-0.00445002533650253,-0.019,-0.0115496097402619));
#9059=CARTESIAN_POINT('',(-0.0046066284258933,-0.019,0.011383076162887));
#9060=CARTESIAN_POINT('',(-0.00445002533650255,-0.019,0.0115496097402619));
#9061=CARTESIAN_POINT('',(-0.00490243426140824,-0.019,-0.0110685127389559));
#9062=CARTESIAN_POINT('',(-0.00433065348117253,-0.019,-0.011398959254073));
#9063=CARTESIAN_POINT('',(-0.00490243426140824,-0.019,0.0110685127389558));
#9064=CARTESIAN_POINT('',(-0.00433065348117257,-0.019,0.011398959254073));
#9065=CARTESIAN_POINT('',(-0.00380285583787591,-0.019,-0.0117039868064851));
#9066=CARTESIAN_POINT('',(-0.00319656787800716,-0.019,-0.0117674460037554));
#9067=CARTESIAN_POINT('',(-0.003802855837876,-0.019,0.0117039868064853));
#9068=CARTESIAN_POINT('',(-0.00319656787800723,-0.019,0.0117674460037554));
#9069=CARTESIAN_POINT('',(-0.0025397559214835,-0.019,-0.0118361934674727));
#9070=CARTESIAN_POINT('',(-0.00318854415243159,-0.019,-0.0119594898233931));
#9071=CARTESIAN_POINT('',(-0.00253975592148359,-0.019,0.0118361934674667));
#9072=CARTESIAN_POINT('',(-0.00318854415242995,-0.019,0.0119594898233928));
#9073=CARTESIAN_POINT('',(-0.00296396361095022,-0.019,-0.011916810315571));
#9074=CARTESIAN_POINT('',(-0.00311366281728724,-0.019,-0.0120895763643829));
#9075=CARTESIAN_POINT('',(-0.0029639636109484,-0.019,0.0119168103155722));
#9076=CARTESIAN_POINT('',(-0.00311366281728715,-0.019,0.0120895763643824));
#9077=CARTESIAN_POINT('',(-1.23878685087675E-14,-0.019,3.10862446895044E-15));
#9078=CARTESIAN_POINT('',(-0.00271425893097852,-0.019,-0.0121854647537792));
#9079=CARTESIAN_POINT('',(0.,-0.019,0.));
#9080=CARTESIAN_POINT('',(-0.00271425893097852,-0.019,0.0121854647537792));
#9081=CARTESIAN_POINT('',(-0.00276920775565755,-0.019,-0.0119635670596352));
#9082=CARTESIAN_POINT('',(-0.00258848111907516,-0.019,-0.0121035522118108));
#9083=CARTESIAN_POINT('',(-0.00276920775565753,-0.019,0.0119635670596352));
#9084=CARTESIAN_POINT('',(-0.00258848111907517,-0.019,0.0121035522118108));
#9085=CARTESIAN_POINT('',(-0.00311058029141898,-0.019,-0.0116991506610746));
#9086=CARTESIAN_POINT('',(-0.0024941458575868,-0.019,-0.011936082610769));
#9087=CARTESIAN_POINT('',(-0.00311058029141898,-0.019,0.0116991506610746));
#9088=CARTESIAN_POINT('',(-0.0024941458575868,-0.019,0.011936082610769));
#9089=CARTESIAN_POINT('',(-0.00192512945712463,-0.019,-0.0121547890258671));
#9090=CARTESIAN_POINT('',(-0.00131637870254213,-0.019,-0.0121226226024533));
#9091=CARTESIAN_POINT('',(-0.00192512945712463,-0.019,0.0121547890258671));
#9092=CARTESIAN_POINT('',(-0.00131637870254213,-0.019,0.0121226226024533));
#9093=CARTESIAN_POINT('',(-0.000656898718411093,-0.019,-0.0120877756437549));
#9094=CARTESIAN_POINT('',(-0.00127841149015157,-0.019,-0.012311046856775));
#9095=CARTESIAN_POINT('',(-0.000656898718411092,-0.019,0.0120877756437549));
#9096=CARTESIAN_POINT('',(-0.00127841149015157,-0.019,0.012311046856775));
#9097=CARTESIAN_POINT('',(-0.00106327245378048,-0.019,-0.012233760667651));
#9098=CARTESIAN_POINT('',(-0.0011841020500543,-0.019,-0.0124278177949726));
#9099=CARTESIAN_POINT('',(-0.00106327245377975,-0.019,0.0122337606676529));
#9100=CARTESIAN_POINT('',(-0.00118410205005443,-0.019,0.012427817794974));
#9101=CARTESIAN_POINT('',(4.42224035168692E-14,-0.019,-3.38395977905748E-15));
#9102=CARTESIAN_POINT('',(-0.000774615239460605,-0.019,-0.0124600451058899));
#9103=CARTESIAN_POINT('',(0.,-0.019,0.));
#9104=CARTESIAN_POINT('',(-0.000774615239460603,-0.019,0.0124600451058899));
#9105=CARTESIAN_POINT('',(-0.00086360000000121,-0.019,-0.0122494752305717));
#9106=CARTESIAN_POINT('',(-0.000663199905818994,-0.019,-0.0123594650585185));
#9107=CARTESIAN_POINT('',(-0.000863600000001199,-0.019,0.0122494752305717));
#9108=CARTESIAN_POINT('',(-0.000663199905819007,-0.019,0.0123594650585185));
#9109=CARTESIAN_POINT('',(-0.00124213351123028,-0.019,-0.012041716666665));
#9110=CARTESIAN_POINT('',(-0.000596224085390689,-0.019,-0.0121793));
#9111=CARTESIAN_POINT('',(-0.00124213351123028,-0.019,0.012041716666665));
#9112=CARTESIAN_POINT('',(-0.000596224085390689,-0.019,0.0121793));
#9113=CARTESIAN_POINT('',(0.,-0.019,-0.0123063));
#9114=CARTESIAN_POINT('',(0.000596224085390698,-0.019,-0.0121793));
#9115=CARTESIAN_POINT('',(0.,-0.019,0.0123063));
#9116=CARTESIAN_POINT('',(0.000596224085390698,-0.019,0.0121793));
#9117=CARTESIAN_POINT('',(0.00124213351123028,-0.019,-0.012041716666665));
#9118=CARTESIAN_POINT('',(0.000663199905818998,-0.019,-0.0123594650585185));
#9119=CARTESIAN_POINT('',(0.00124213351123028,-0.019,0.012041716666665));
#9120=CARTESIAN_POINT('',(0.000663199905818999,-0.019,0.0123594650585185));
#9121=CARTESIAN_POINT('',(0.000863600000001193,-0.019,-0.0122494752305717));
#9122=CARTESIAN_POINT('',(0.000774615239460594,-0.019,-0.0124600451058899));
#9123=CARTESIAN_POINT('',(0.000863600000000199,-0.019,0.0122494752305698));
#9124=CARTESIAN_POINT('',(0.000774615239460537,-0.019,0.0124600451058884));
#9125=CARTESIAN_POINT('',(0.,-0.019,0.));
#9126=CARTESIAN_POINT('',(0.00118410205005444,-0.019,-0.012427817794974));
#9127=CARTESIAN_POINT('',(0.,-0.019,0.));
#9128=CARTESIAN_POINT('',(0.00118410205005431,-0.019,0.0124278177949726));
#9129=CARTESIAN_POINT('',(0.00106327245377977,-0.019,-0.012233760667652));
#9130=CARTESIAN_POINT('',(0.00127841149015205,-0.019,-0.0123110468567752));
#9131=CARTESIAN_POINT('',(0.00106327245378049,-0.019,0.012233760667651));
#9132=CARTESIAN_POINT('',(0.0012784114901516,-0.019,0.012311046856775));
#9133=CARTESIAN_POINT('',(0.00065689871841101,-0.019,-0.0120877756437552));
#9134=CARTESIAN_POINT('',(0.00131637870254255,-0.019,-0.0121226226024533));
#9135=CARTESIAN_POINT('',(0.000656898718411097,-0.019,0.0120877756437549));
#9136=CARTESIAN_POINT('',(0.00131637870254213,-0.019,0.0121226226024533));
#9137=CARTESIAN_POINT('',(0.001925129457125,-0.019,-0.0121547890258681));
#9138=CARTESIAN_POINT('',(0.0024941458575868,-0.019,-0.011936082610769));
#9139=CARTESIAN_POINT('',(0.00192512945712463,-0.019,0.0121547890258671));
#9140=CARTESIAN_POINT('',(0.00249414585758681,-0.019,0.011936082610769));
#9141=CARTESIAN_POINT('',(0.00311058029141897,-0.019,-0.0116991506610746));
#9142=CARTESIAN_POINT('',(0.00258848111907512,-0.019,-0.0121035522118108));
#9143=CARTESIAN_POINT('',(0.00311058029141897,-0.019,0.0116991506610746));
#9144=CARTESIAN_POINT('',(0.00258848111907512,-0.019,0.0121035522118108));
#9145=CARTESIAN_POINT('',(0.00276920775565753,-0.019,-0.0119635670596352));
#9146=CARTESIAN_POINT('',(0.00271425893097853,-0.019,-0.0121854647537791));
#9147=CARTESIAN_POINT('',(0.00276920775565793,-0.019,0.0119635670596357));
#9148=CARTESIAN_POINT('',(0.00271425893097862,-0.019,0.0121854647537796));
#9149=CARTESIAN_POINT('',(1.241007296926E-14,-0.019,3.11750625314744E-15));
#9150=CARTESIAN_POINT('',(0.00311366281728725,-0.019,-0.0120895763643829));
#9151=CARTESIAN_POINT('',(0.,-0.019,0.));
#9152=CARTESIAN_POINT('',(0.00311366281728725,-0.019,0.0120895763643829));
#9153=CARTESIAN_POINT('',(0.0029639636109502,-0.019,-0.011916810315571));
#9154=CARTESIAN_POINT('',(0.00318854415243159,-0.019,-0.0119594898233931));
#9155=CARTESIAN_POINT('',(0.00296396361095022,-0.019,0.011916810315571));
#9156=CARTESIAN_POINT('',(0.00318854415243158,-0.019,0.0119594898233931));
#9157=CARTESIAN_POINT('',(0.0025397559214835,-0.019,-0.0118361934674727));
#9158=CARTESIAN_POINT('',(0.00319656787800716,-0.019,-0.0117674460037554));
#9159=CARTESIAN_POINT('',(0.0025397559214835,-0.019,0.0118361934674727));
#9160=CARTESIAN_POINT('',(0.00319656787800716,-0.019,0.0117674460037554));
#9161=CARTESIAN_POINT('',(0.00380285583787591,-0.019,-0.0117039868064851));
#9162=CARTESIAN_POINT('',(0.00433065348117254,-0.019,-0.011398959254073));
#9163=CARTESIAN_POINT('',(0.00380285583787591,-0.019,0.0117039868064851));
#9164=CARTESIAN_POINT('',(0.00433065348117254,-0.019,0.011398959254073));
#9165=CARTESIAN_POINT('',(0.00490243426140824,-0.019,-0.0110685127389558));
#9166=CARTESIAN_POINT('',(0.00445002533650256,-0.019,-0.0115496097402619));
#9167=CARTESIAN_POINT('',(0.00490243426140823,-0.019,0.0110685127389558));
#9168=CARTESIAN_POINT('',(0.00445002533650255,-0.019,0.0115496097402619));
#9169=CARTESIAN_POINT('',(0.0046066284258933,-0.019,-0.011383076162887));
#9170=CARTESIAN_POINT('',(0.00458706855950977,-0.019,-0.0116108378181915));
#9171=CARTESIAN_POINT('',(0.0046066284258939,-0.019,0.0113830761628876));
#9172=CARTESIAN_POINT('',(0.00458706855950997,-0.019,0.0116108378181921));
#9173=CARTESIAN_POINT('',(0.,-0.019,0.));
#9174=CARTESIAN_POINT('',(0.00496655487230579,-0.019,-0.0114536494406964));
#9175=CARTESIAN_POINT('',(0.,-0.019,0.));
#9176=CARTESIAN_POINT('',(0.004966554872306,-0.019,0.011453649440697));
#9177=CARTESIAN_POINT('',(0.00479167214718605,-0.019,-0.0113064285438961));
#9178=CARTESIAN_POINT('',(0.00502016427550609,-0.019,-0.0113134504592895));
#9179=CARTESIAN_POINT('',(0.00479167214718605,-0.019,0.0113064285438969));
#9180=CARTESIAN_POINT('',(0.00502016427550609,-0.019,0.0113134504592895));
#9181=CARTESIAN_POINT('',(0.00436007590480154,-0.019,-0.0112931649259338));
#9182=CARTESIAN_POINT('',(0.00499804694351758,-0.019,-0.011122515830529));
#9183=CARTESIAN_POINT('',(0.00436007590480349,-0.019,0.0112931649259418));
#9184=CARTESIAN_POINT('',(0.00499804694351528,-0.019,0.0111225158305296));
#9185=CARTESIAN_POINT('',(0.00558694328694675,-0.019,-0.0109649935886209));
#9186=CARTESIAN_POINT('',(0.00606052604343982,-0.019,-0.010581155689564));
#9187=CARTESIAN_POINT('',(0.00558694328694307,-0.019,0.0109649935886164));
#9188=CARTESIAN_POINT('',(0.0060605260434398,-0.019,0.010581155689564));
#9189=CARTESIAN_POINT('',(0.00657357402964275,-0.019,-0.0101653312989216));
#9190=CARTESIAN_POINT('',(0.006201995161357,-0.019,-0.0107112775459492));
#9191=CARTESIAN_POINT('',(0.00657357402964275,-0.019,0.0101653312989216));
#9192=CARTESIAN_POINT('',(0.006201995161357,-0.019,0.0107112775459492));
#9193=CARTESIAN_POINT('',(0.00633061861576224,-0.019,-0.0105222961527464));
#9194=CARTESIAN_POINT('',(0.0063469293364944,-0.019,-0.0107503135213594));
#9195=CARTESIAN_POINT('',(0.00633061861576262,-0.019,0.0105222961527466));
#9196=CARTESIAN_POINT('',(0.00634692933649455,-0.019,0.0107503135213596));
#9197=CARTESIAN_POINT('',(7.52731210695856E-15,-0.019,5.54223333892878E-15));
#9198=CARTESIAN_POINT('',(0.00669715386331596,-0.019,-0.0105356956552976));
#9199=CARTESIAN_POINT('',(0.,-0.019,0.));
#9200=CARTESIAN_POINT('',(0.00669715386331599,-0.019,0.0105356956552976));
#9201=CARTESIAN_POINT('',(0.00650139381250811,-0.019,-0.0104176449775879));
#9202=CARTESIAN_POINT('',(0.00672817129314535,-0.019,-0.0103888363976882));
#9203=CARTESIAN_POINT('',(0.00650139381250814,-0.019,0.0104176449775879));
#9204=CARTESIAN_POINT('',(0.00672817129314536,-0.019,0.0103888363976882));
#9205=CARTESIAN_POINT('',(0.0060730363490812,-0.019,-0.0104720611840565));
#9206=CARTESIAN_POINT('',(0.00667645750570956,-0.019,-0.0102037124040457));
#9207=CARTESIAN_POINT('',(0.0060730363490812,-0.019,0.0104720611840565));
#9208=CARTESIAN_POINT('',(0.00667645750570956,-0.019,0.0102037124040457));
#9209=CARTESIAN_POINT('',(0.00723346165028741,-0.019,-0.009956005837877));
#9210=CARTESIAN_POINT('',(0.00764116834078236,-0.019,-0.00950280895513656));
#9211=CARTESIAN_POINT('',(0.00723346165028741,-0.019,0.009956005837877));
#9212=CARTESIAN_POINT('',(0.00764116834078236,-0.019,0.00950280895513656));
#9213=CARTESIAN_POINT('',(0.0080828505888221,-0.019,-0.00901184566550427));
#9214=CARTESIAN_POINT('',(0.00780125128209666,-0.019,-0.0096091981497644));
#9215=CARTESIAN_POINT('',(0.0080828505888221,-0.019,0.00901184566550427));
#9216=CARTESIAN_POINT('',(0.00780125128209666,-0.019,0.0096091981497644));
#9217=CARTESIAN_POINT('',(0.00789872796519153,-0.019,-0.00940242228982707));
#9218=CARTESIAN_POINT('',(0.0079505076489656,-0.019,-0.00962508082738684));
#9219=CARTESIAN_POINT('',(0.00789872796519114,-0.019,0.00940242228982686));
#9220=CARTESIAN_POINT('',(0.00795050764896541,-0.019,0.00962508082738661));
#9221=CARTESIAN_POINT('',(0.,-0.019,0.));
#9222=CARTESIAN_POINT('',(0.00826284669963061,-0.019,-0.00935831807689788));
#9223=CARTESIAN_POINT('',(0.,-0.019,0.));
#9224=CARTESIAN_POINT('',(0.00826284669963041,-0.019,0.00935831807689765));
#9225=CARTESIAN_POINT('',(0.00805102958527978,-0.019,-0.00927234441774523));
#9226=CARTESIAN_POINT('',(0.00827050840403012,-0.019,-0.00920841470540452));
#9227=CARTESIAN_POINT('',(0.00805102958527969,-0.019,0.00927234441774482));
#9228=CARTESIAN_POINT('',(0.00827050840403012,-0.019,0.00920841470540452));
#9229=CARTESIAN_POINT('',(0.00763645848319447,-0.019,-0.00939310054105063));
#9230=CARTESIAN_POINT('',(0.00819047152622002,-0.019,-0.00903365971399064));
#9231=CARTESIAN_POINT('',(0.00763645848319654,-0.019,0.00939310054105774));
#9232=CARTESIAN_POINT('',(0.00819047152621748,-0.019,0.00903365971399064));
#9233=CARTESIAN_POINT('',(0.00870186818131888,-0.019,-0.00870186818131734));
#9234=CARTESIAN_POINT('',(0.00903365971399064,-0.019,-0.00819047152621748));
#9235=CARTESIAN_POINT('',(0.00870186818131734,-0.019,0.00870186818131888));
#9236=CARTESIAN_POINT('',(0.00903365971399064,-0.019,0.00819047152622002));
#9237=CARTESIAN_POINT('',(0.00939310054105773,-0.019,-0.00763645848319654));
#9238=CARTESIAN_POINT('',(0.00920841470540452,-0.019,-0.00827050840403013));
#9239=CARTESIAN_POINT('',(0.00939310054105062,-0.019,0.00763645848319447));
#9240=CARTESIAN_POINT('',(0.00920841470540452,-0.019,0.00827050840403013));
#9241=CARTESIAN_POINT('',(0.00927234441774483,-0.019,-0.00805102958527968));
#9242=CARTESIAN_POINT('',(0.00935831807689766,-0.019,-0.00826284669963042));
#9243=CARTESIAN_POINT('',(0.00927234441774524,-0.019,0.00805102958527978));
#9244=CARTESIAN_POINT('',(0.00935831807689789,-0.019,0.00826284669963062));
#9245=CARTESIAN_POINT('',(5.37569988523501E-15,-0.019,7.1276318180935E-15));
#9246=CARTESIAN_POINT('',(0.00962508082738683,-0.019,-0.0079505076489656));
#9247=CARTESIAN_POINT('',(0.,-0.019,0.));
#9248=CARTESIAN_POINT('',(0.00962508082738683,-0.019,0.0079505076489656));
#9249=CARTESIAN_POINT('',(0.00940242228982704,-0.019,-0.00789872796519153));
#9250=CARTESIAN_POINT('',(0.0096091981497644,-0.019,-0.00780125128209666));
#9251=CARTESIAN_POINT('',(0.00940242228982707,-0.019,0.00789872796519153));
#9252=CARTESIAN_POINT('',(0.0096091981497644,-0.019,0.00780125128209666));
#9253=CARTESIAN_POINT('',(0.00901184566550046,-0.019,-0.00808285058881818));
#9254=CARTESIAN_POINT('',(0.00950280895513772,-0.019,-0.00764116834078131));
#9255=CARTESIAN_POINT('',(0.00901184566550426,-0.019,0.00808285058882209));
#9256=CARTESIAN_POINT('',(0.00950280895513656,-0.019,0.00764116834078236));
#9257=CARTESIAN_POINT('',(0.00995600583788051,-0.019,-0.00723346165028897));
#9258=CARTESIAN_POINT('',(0.0102037124040457,-0.019,-0.00667645750570955));
#9259=CARTESIAN_POINT('',(0.009956005837877,-0.019,0.00723346165028741));
#9260=CARTESIAN_POINT('',(0.0102037124040457,-0.019,0.00667645750570955));
#9261=CARTESIAN_POINT('',(0.0104720611840565,-0.019,-0.00607303634908119));
#9262=CARTESIAN_POINT('',(0.0103888363976882,-0.019,-0.00672817129314535));
#9263=CARTESIAN_POINT('',(0.0104720611840565,-0.019,0.0060730363490812));
#9264=CARTESIAN_POINT('',(0.0103888363976882,-0.019,0.00672817129314536));
#9265=CARTESIAN_POINT('',(0.01041764497759,-0.019,-0.0065013938125084));
#9266=CARTESIAN_POINT('',(0.0105356956553001,-0.019,-0.00669715386331598));
#9267=CARTESIAN_POINT('',(0.0104176449775879,-0.019,0.00650139381250812));
#9268=CARTESIAN_POINT('',(0.0105356956552976,-0.019,0.00669715386331597));
#9269=CARTESIAN_POINT('',(3.99680288865056E-17,-0.019,6.21724893790088E-17));
#9270=CARTESIAN_POINT('',(0.0107503135213615,-0.019,-0.00634692933649565));
#9271=CARTESIAN_POINT('',(-5.54112311590416E-15,-0.019,7.52731210695856E-15));
#9272=CARTESIAN_POINT('',(0.0107503135213594,-0.019,0.00634692933649441));
#9273=CARTESIAN_POINT('',(0.0105222961527484,-0.019,-0.00633061861576518));
#9274=CARTESIAN_POINT('',(0.0107112775459492,-0.019,-0.00620199516135698));
#9275=CARTESIAN_POINT('',(0.0105222961527464,-0.019,0.00633061861576225));
#9276=CARTESIAN_POINT('',(0.0107112775459492,-0.019,0.006201995161357));
#9277=CARTESIAN_POINT('',(0.0101653312989216,-0.019,-0.00657357402964274));
#9278=CARTESIAN_POINT('',(0.010581155689564,-0.019,-0.00606052604343981));
#9279=CARTESIAN_POINT('',(0.0101653312989216,-0.019,0.00657357402964275));
#9280=CARTESIAN_POINT('',(0.010581155689564,-0.019,0.00606052604343981));
#9281=CARTESIAN_POINT('',(0.0109649935886164,-0.019,-0.00558694328694307));
#9282=CARTESIAN_POINT('',(0.0111225158305296,-0.019,-0.00499804694351527));
#9283=CARTESIAN_POINT('',(0.0109649935886164,-0.019,0.00558694328694307));
#9284=CARTESIAN_POINT('',(0.0111225158305296,-0.019,0.00499804694351527));
#9285=CARTESIAN_POINT('',(0.0112931649259418,-0.019,-0.00436007590480349));
#9286=CARTESIAN_POINT('',(0.0113134504592895,-0.019,-0.00502016427550608));
#9287=CARTESIAN_POINT('',(0.0112931649259419,-0.019,0.0043600759048035));
#9288=CARTESIAN_POINT('',(0.0113134504592895,-0.019,0.00502016427550609));
#9289=CARTESIAN_POINT('',(0.0113064285438969,-0.019,-0.00479167214718604));
#9290=CARTESIAN_POINT('',(0.011453649440697,-0.019,-0.00496655487230598));
#9291=CARTESIAN_POINT('',(0.0113064285438961,-0.019,0.00479167214718605));
#9292=CARTESIAN_POINT('',(0.0114536494406964,-0.019,0.00496655487230582));
#9293=CARTESIAN_POINT('',(-6.62692123398756E-15,-0.019,-1.57074353523967E-14));
#9294=CARTESIAN_POINT('',(0.0116108378181916,-0.019,-0.00458706855950975));
#9295=CARTESIAN_POINT('',(0.,-0.019,0.));
#9296=CARTESIAN_POINT('',(0.0116108378181916,-0.019,0.00458706855950974));
#9297=CARTESIAN_POINT('',(0.011383076162887,-0.019,-0.00460662842589331));
#9298=CARTESIAN_POINT('',(0.0115496097402619,-0.019,-0.00445002533650253));
#9299=CARTESIAN_POINT('',(0.011383076162887,-0.019,0.0046066284258933));
#9300=CARTESIAN_POINT('',(0.0115496097402619,-0.019,0.00445002533650255));
#9301=CARTESIAN_POINT('',(0.0110685127389559,-0.019,-0.00490243426140823));
#9302=CARTESIAN_POINT('',(0.011398959254073,-0.019,-0.00433065348117252));
#9303=CARTESIAN_POINT('',(0.0110685127389559,-0.019,0.00490243426140824));
#9304=CARTESIAN_POINT('',(0.011398959254073,-0.019,0.00433065348117253));
#9305=CARTESIAN_POINT('',(0.0117039868064851,-0.019,-0.0038028558378759));
#9306=CARTESIAN_POINT('',(0.0117674460037554,-0.019,-0.00319656787800715));
#9307=CARTESIAN_POINT('',(0.0117039868064851,-0.019,0.00380285583787591));
#9308=CARTESIAN_POINT('',(0.0117674460037554,-0.019,0.00319656787800716));
#9309=CARTESIAN_POINT('',(0.0118361934674727,-0.019,-0.0025397559214835));
#9310=CARTESIAN_POINT('',(0.0119594898233931,-0.019,-0.00318854415243159));
#9311=CARTESIAN_POINT('',(0.0118361934674727,-0.019,0.0025397559214835));
#9312=CARTESIAN_POINT('',(0.0119594898233931,-0.019,0.00318854415243159));
#9313=CARTESIAN_POINT('',(0.011916810315571,-0.019,-0.00296396361095022));
#9314=CARTESIAN_POINT('',(0.0120895763643829,-0.019,-0.00311366281728724));
#9315=CARTESIAN_POINT('',(0.011916810315571,-0.019,0.00296396361095021));
#9316=CARTESIAN_POINT('',(0.0120895763643829,-0.019,0.00311366281728725));
#9317=CARTESIAN_POINT('',(0.,-0.019,0.));
#9318=CARTESIAN_POINT('',(0.0121854647537796,-0.019,-0.00271425893097862));
#9319=CARTESIAN_POINT('',(-3.10196313080269E-15,-0.019,1.23723253864227E-14));
#9320=CARTESIAN_POINT('',(0.0121854647537792,-0.019,0.00271425893097852));
#9321=CARTESIAN_POINT('',(0.0119635670596357,-0.019,-0.00276920775565792));
#9322=CARTESIAN_POINT('',(0.0121035522118108,-0.019,-0.00258848111907515));
#9323=CARTESIAN_POINT('',(0.0119635670596353,-0.019,0.00276920775565753));
#9324=CARTESIAN_POINT('',(0.0121035522118108,-0.019,0.00258848111907511));
#9325=CARTESIAN_POINT('',(0.0116991506610746,-0.019,-0.00311058029141898));
#9326=CARTESIAN_POINT('',(0.011936082610769,-0.019,-0.0024941458575868));
#9327=CARTESIAN_POINT('',(0.0116991506610746,-0.019,0.00311058029141898));
#9328=CARTESIAN_POINT('',(0.011936082610769,-0.019,0.0024941458575868));
#9329=CARTESIAN_POINT('',(0.0121547890258671,-0.019,-0.00192512945712463));
#9330=CARTESIAN_POINT('',(0.0121226226024533,-0.019,-0.00131637870254213));
#9331=CARTESIAN_POINT('',(0.0121547890258671,-0.019,0.00192512945712463));
#9332=CARTESIAN_POINT('',(0.0121226226024533,-0.019,0.00131637870254213));
#9333=CARTESIAN_POINT('',(0.0120877756437549,-0.019,-0.00065689871841109));
#9334=CARTESIAN_POINT('',(0.012311046856775,-0.019,-0.00127841149015157));
#9335=CARTESIAN_POINT('',(0.0120877756437549,-0.019,0.000656898718411094));
#9336=CARTESIAN_POINT('',(0.012311046856775,-0.019,0.00127841149015157));
#9337=CARTESIAN_POINT('',(0.012233760667651,-0.019,-0.00106327245378048));
#9338=CARTESIAN_POINT('',(0.0124278177949726,-0.019,-0.0011841020500543));
#9339=CARTESIAN_POINT('',(0.012233760667653,-0.019,0.00106327245377975));
#9340=CARTESIAN_POINT('',(0.012427817794974,-0.019,0.00118410205005448));
#9341=CARTESIAN_POINT('',(3.41282557769773E-15,-0.019,4.44844161506808E-14));
#9342=CARTESIAN_POINT('',(0.0124600451058899,-0.019,-0.00077461523946061));
#9343=CARTESIAN_POINT('',(0.,-0.019,0.));
#9344=CARTESIAN_POINT('',(0.0124600451058899,-0.019,0.000774615239460607));
#9345=CARTESIAN_POINT('',(0.0122494752305717,-0.019,-0.000863600000001212));
#9346=CARTESIAN_POINT('',(0.0123594650585185,-0.019,-0.000663199905818994));
#9347=CARTESIAN_POINT('',(0.0122494752305717,-0.019,0.000863600000001195));
#9348=CARTESIAN_POINT('',(0.0123594650585185,-0.019,0.000663199905819004));
#9349=CARTESIAN_POINT('',(0.012041716666665,-0.019,-0.00124213351123028));
#9350=CARTESIAN_POINT('',(0.0121793,-0.019,-0.000596224085390689));
#9351=CARTESIAN_POINT('',(0.012041716666665,-0.019,0.00124213351123029));
#9352=CARTESIAN_POINT('',(0.0121793,-0.019,0.000596224085390699));
#9353=CARTESIAN_POINT('',(0.0123063,-0.019,0.));
#9354=MECHANICAL_DESIGN_GEOMETRIC_PRESENTATION_REPRESENTATION('',(#5073),
#9355);
#9355=(
GEOMETRIC_REPRESENTATION_CONTEXT(3)
GLOBAL_UNCERTAINTY_ASSIGNED_CONTEXT((#9356))
GLOBAL_UNIT_ASSIGNED_CONTEXT((#9359,#9358,#9357))
REPRESENTATION_CONTEXT('KP0072-01_8mmShaftEndPullyBelt',
'TOP_LEVEL_ASSEMBLY_PART')
);
#9356=UNCERTAINTY_MEASURE_WITH_UNIT(LENGTH_MEASURE(2.E-5),#9359,
'DISTANCE_ACCURACY_VALUE','Maximum Tolerance applied to model');
#9357=(
NAMED_UNIT(*)
SI_UNIT($,.STERADIAN.)
SOLID_ANGLE_UNIT()
);
#9358=(
NAMED_UNIT(*)
PLANE_ANGLE_UNIT()
SI_UNIT($,.RADIAN.)
);
#9359=(
LENGTH_UNIT()
NAMED_UNIT(*)
SI_UNIT($,.METRE.)
);
#9360=PRODUCT_DEFINITION_SHAPE('','',#9361);
#9361=PRODUCT_DEFINITION('','',#9363,#9362);
#9362=PRODUCT_DEFINITION_CONTEXT('',#9369,'design');
#9363=PRODUCT_DEFINITION_FORMATION_WITH_SPECIFIED_SOURCE('','',#9365,
 .NOT_KNOWN.);
#9364=PRODUCT_RELATED_PRODUCT_CATEGORY('','',(#9365));
#9365=PRODUCT('KP0072-01_8mmShaftEndPullyBelt',
'KP0072-01_8mmShaftEndPullyBelt','KP0072-01_8mmShaftEndPullyBelt',(#9367));
#9366=PRODUCT_CATEGORY('','');
#9367=PRODUCT_CONTEXT('',#9369,'mechanical');
#9368=APPLICATION_PROTOCOL_DEFINITION('international standard',
'automotive_design',2010,#9369);
#9369=APPLICATION_CONTEXT(
'core data for automotive mechanical design processes');
ENDSEC;
END-ISO-10303-21;
