ISO-10303-21;
HEADER;
/* Generated by software containing ST-Developer
 * from STEP Tools, Inc. (www.steptools.com) 
 */
/* OPTION: using custom renumber hook */

FILE_DESCRIPTION(
/* description */ ('STEP AP214',
'CAx-IF Rec.Pracs.---User Defined Attributes---1.5---2016-08-15'),
/* implementation_level */ '2;1');

FILE_NAME(
/* name */ '6a65b54c8755df13821c69b8',
/* time_stamp */ '2026-07-26T07:20:44Z',
/* author */ (''),
/* organization */ (''),
/* preprocessor_version */ 'ST-DEVELOPER v20',
/* originating_system */ 'ONSHAPE BY PTC INC, 1.218',
/* authorisation */ '  ');

FILE_SCHEMA (('AUTOMOTIVE_DESIGN {1 0 10303 214 3 1 1}'));
ENDSEC;

DATA;
#10=PROPERTY_DEFINITION_REPRESENTATION(#14,#12);
#11=PROPERTY_DEFINITION_REPRESENTATION(#15,#13);
#12=REPRESENTATION('',(#16),#2871);
#13=REPRESENTATION('',(#17),#2871);
#14=PROPERTY_DEFINITION('pmi validation property','',#2876);
#15=PROPERTY_DEFINITION('pmi validation property','',#2876);
#16=VALUE_REPRESENTATION_ITEM('number of annotations',COUNT_MEASURE(0.));
#17=VALUE_REPRESENTATION_ITEM('number of views',COUNT_MEASURE(0.));
#18=SHAPE_REPRESENTATION_RELATIONSHIP('','',#1454,#19);
#19=ADVANCED_BREP_SHAPE_REPRESENTATION('',(#1452),#2871);
#20=B_SPLINE_SURFACE_WITH_KNOTS('',3,3,((#2580,#2581,#2582,#2583,#2584),
(#2585,#2586,#2587,#2588,#2589),(#2590,#2591,#2592,#2593,#2594),(#2595,
#2596,#2597,#2598,#2599),(#2600,#2601,#2602,#2603,#2604),(#2605,#2606,#2607,
#2608,#2609),(#2610,#2611,#2612,#2613,#2614),(#2615,#2616,#2617,#2618,#2619),
(#2620,#2621,#2622,#2623,#2624),(#2625,#2626,#2627,#2628,#2629),(#2630,
#2631,#2632,#2633,#2634)),.UNSPECIFIED.,.F.,.F.,.F.,(4,3,1,3,4),(4,1,4),
(-0.01,0.,0.571428571428571,1.,1.0101),(-1.86517468137026E-14,0.673198425769231,
1.5707963267949),.UNSPECIFIED.);
#21=B_SPLINE_SURFACE_WITH_KNOTS('',3,3,((#2657,#2658,#2659,#2660,#2661),
(#2662,#2663,#2664,#2665,#2666),(#2667,#2668,#2669,#2670,#2671),(#2672,
#2673,#2674,#2675,#2676),(#2677,#2678,#2679,#2680,#2681),(#2682,#2683,#2684,
#2685,#2686),(#2687,#2688,#2689,#2690,#2691),(#2692,#2693,#2694,#2695,#2696),
(#2697,#2698,#2699,#2700,#2701),(#2702,#2703,#2704,#2705,#2706),(#2707,
#2708,#2709,#2710,#2711)),.UNSPECIFIED.,.F.,.F.,.F.,(4,3,1,3,4),(4,1,4),
(-0.0101,0.,0.571428571428571,1.,1.01),(4.44089209850063E-16,0.673198425769242,
1.5707963267949),.UNSPECIFIED.);
#22=B_SPLINE_SURFACE_WITH_KNOTS('',3,3,((#2730,#2731,#2732,#2733,#2734,
#2735),(#2736,#2737,#2738,#2739,#2740,#2741),(#2742,#2743,#2744,#2745,#2746,
#2747),(#2748,#2749,#2750,#2751,#2752,#2753),(#2754,#2755,#2756,#2757,#2758,
#2759),(#2760,#2761,#2762,#2763,#2764,#2765),(#2766,#2767,#2768,#2769,#2770,
#2771),(#2772,#2773,#2774,#2775,#2776,#2777),(#2778,#2779,#2780,#2781,#2782,
#2783),(#2784,#2785,#2786,#2787,#2788,#2789)),.UNSPECIFIED.,.F.,.F.,.F.,
(4,3,1,1,1,4),(4,1,1,4),(-0.00733178292184553,0.,0.285714285714286,0.571428571428571,
0.785714285714286,1.),(0.306967683368324,0.475998620276022,0.58868591154782,
0.701373202819618),.UNSPECIFIED.);
#23=B_SPLINE_SURFACE_WITH_KNOTS('',3,3,((#2790,#2791,#2792,#2793,#2794,
#2795,#2796,#2797),(#2798,#2799,#2800,#2801,#2802,#2803,#2804,#2805),(#2806,
#2807,#2808,#2809,#2810,#2811,#2812,#2813),(#2814,#2815,#2816,#2817,#2818,
#2819,#2820,#2821),(#2822,#2823,#2824,#2825,#2826,#2827,#2828,#2829),(#2830,
#2831,#2832,#2833,#2834,#2835,#2836,#2837),(#2838,#2839,#2840,#2841,#2842,
#2843,#2844,#2845),(#2846,#2847,#2848,#2849,#2850,#2851,#2852,#2853),(#2854,
#2855,#2856,#2857,#2858,#2859,#2860,#2861),(#2862,#2863,#2864,#2865,#2866,
#2867,#2868,#2869)),.UNSPECIFIED.,.F.,.F.,.F.,(4,3,1,1,1,4),(4,1,1,1,1,
4),(-0.00629258258224297,0.,0.285714285714286,0.571428571428571,0.785714285714286,
1.),(1.76524573050949,1.82158937614539,1.93427666741719,1.97653440164412,
2.04696395868899,2.15965124996079),.UNSPECIFIED.);
#24=ELLIPSE('',#1489,0.00102074298293969,0.001);
#25=ELLIPSE('',#1497,0.00102074298293969,0.001);
#26=TOROIDAL_SURFACE('',#1484,0.018,0.001);
#27=TOROIDAL_SURFACE('',#1523,0.01,0.001);
#28=TOROIDAL_SURFACE('',#1558,0.018,0.001);
#29=CYLINDRICAL_SURFACE('',#1482,0.0093);
#30=CYLINDRICAL_SURFACE('',#1488,0.001);
#31=CYLINDRICAL_SURFACE('',#1498,0.001);
#32=CYLINDRICAL_SURFACE('',#1517,0.0015);
#33=CYLINDRICAL_SURFACE('',#1520,0.0015);
#34=CYLINDRICAL_SURFACE('',#1524,0.019);
#35=CYLINDRICAL_SURFACE('',#1527,0.0006985);
#36=CYLINDRICAL_SURFACE('',#1529,0.0006985);
#37=CYLINDRICAL_SURFACE('',#1531,0.0006985);
#38=CYLINDRICAL_SURFACE('',#1533,0.0006985);
#39=CYLINDRICAL_SURFACE('',#1542,0.00485);
#40=CYLINDRICAL_SURFACE('',#1545,0.00485);
#41=CYLINDRICAL_SURFACE('',#1547,0.0015);
#42=CYLINDRICAL_SURFACE('',#1549,0.0015);
#43=CYLINDRICAL_SURFACE('',#1561,0.001);
#44=CYLINDRICAL_SURFACE('',#1567,0.001);
#45=CYLINDRICAL_SURFACE('',#1568,0.014);
#46=CYLINDRICAL_SURFACE('',#1569,0.001);
#47=CYLINDRICAL_SURFACE('',#1571,0.001);
#48=CYLINDRICAL_SURFACE('',#1572,0.001);
#49=CYLINDRICAL_SURFACE('',#1573,0.001);
#50=CYLINDRICAL_SURFACE('',#1574,0.0117);
#51=CONICAL_SURFACE('',#1476,0.00299999999994772,0.785398163397448);
#52=CONICAL_SURFACE('',#1479,0.00299999999994772,0.785398163397448);
#53=CONICAL_SURFACE('',#1499,0.0030000000000146,0.785398163416397);
#54=CONICAL_SURFACE('',#1501,0.0030000000000146,0.785398163416397);
#55=B_SPLINE_CURVE_WITH_KNOTS('',3,(#1984,#1985,#1986,#1987,#1988,#1989,
#1990,#1991,#1992),.UNSPECIFIED.,.F.,.F.,(4,1,1,1,1,1,4),(0.,0.25,0.375,
0.5,0.625,0.75,1.),.UNSPECIFIED.);
#56=B_SPLINE_CURVE_WITH_KNOTS('',3,(#1996,#1997,#1998,#1999,#2000,#2001,
#2002,#2003,#2004,#2005,#2006,#2007,#2008,#2009,#2010,#2011,#2012),
 .UNSPECIFIED.,.F.,.F.,(4,1,1,1,1,1,1,1,1,1,1,1,1,1,4),(0.,0.0625,0.125,
0.1875,0.25,0.3125,0.375,0.5,0.625,0.6875,0.75,0.8125,0.875,0.9375,1.),
 .UNSPECIFIED.);
#57=B_SPLINE_CURVE_WITH_KNOTS('',3,(#2016,#2017,#2018,#2019,#2020,#2021,
#2022,#2023,#2024),.UNSPECIFIED.,.F.,.F.,(4,1,1,1,1,1,4),(0.,0.25,0.375,
0.5,0.625,0.75,1.),.UNSPECIFIED.);
#58=B_SPLINE_CURVE_WITH_KNOTS('',3,(#2086,#2087,#2088,#2089),
 .UNSPECIFIED.,.F.,.F.,(4,4),(7.54789372702897E-15,0.0001622320655039),
 .UNSPECIFIED.);
#59=B_SPLINE_CURVE_WITH_KNOTS('',3,(#2095,#2096,#2097,#2098),
 .UNSPECIFIED.,.F.,.F.,(4,4),(0.,0.000168842559571974),.UNSPECIFIED.);
#60=B_SPLINE_CURVE_WITH_KNOTS('',3,(#2102,#2103,#2104,#2105),
 .UNSPECIFIED.,.F.,.F.,(4,4),(7.02837361756672E-15,0.000168842751706677),
 .UNSPECIFIED.);
#61=B_SPLINE_CURVE_WITH_KNOTS('',3,(#2111,#2112,#2113,#2114),
 .UNSPECIFIED.,.F.,.F.,(4,4),(1.10046017265411E-14,0.000162232018343615),
 .UNSPECIFIED.);
#62=B_SPLINE_CURVE_WITH_KNOTS('',3,(#2121,#2122,#2123,#2124,#2125),
 .UNSPECIFIED.,.F.,.F.,(4,1,4),(0.,0.0013368139915955,0.002673627983191),
 .UNSPECIFIED.);
#63=B_SPLINE_CURVE_WITH_KNOTS('',3,(#2126,#2127,#2128,#2129,#2130),
 .UNSPECIFIED.,.F.,.F.,(4,1,4),(0.,0.0013368139915955,0.002673627983191),
 .UNSPECIFIED.);
#64=B_SPLINE_CURVE_WITH_KNOTS('',3,(#2265,#2266,#2267,#2268,#2269,#2270,
#2271,#2272,#2273,#2274,#2275,#2276,#2277,#2278,#2279,#2280,#2281,#2282,
#2283,#2284,#2285,#2286,#2287,#2288,#2289,#2290,#2291,#2292,#2293,#2294,
#2295,#2296,#2297,#2298,#2299,#2300,#2301,#2302,#2303,#2304,#2305,#2306,
#2307,#2308,#2309,#2310,#2311,#2312,#2313,#2314,#2315,#2316,#2317,#2318,
#2319),.UNSPECIFIED.,.T.,.F.,(1,1,1,1,1,1,1,1,1,1,1,1,1,1,1,1,1,1,1,1,1,
1,1,1,1,1,1,1,1,1,1,1,1,1,1,1,1,1,1,1,1,1,1,1,1,1,1,1,1,1,1,1,1,1,1,1,1,
1,1),(-0.0485197368421053,-0.0328947368421053,-0.0164473684210527,0.,0.01484375,
0.0296875,0.0452734375,0.060859375,0.09210546875,0.1233552734375,0.154605263671875,
0.170230263427734,0.185855263183594,0.201480263171387,0.21710526315918,
0.232730263158569,0.248355263157959,0.263980263157928,0.279605263157898,
0.295230263157896,0.310855263157895,0.342105263157895,0.373355263157895,
0.404605263157895,0.420230263157895,0.435855263157895,0.451480263157895,
0.467105263157895,0.482730263157895,0.498355263157895,0.513980263157895,
0.529605263157895,0.545230263157895,0.560855263157895,0.592105263157895,
0.623355263157895,0.654605263157895,0.670230263157895,0.685855263157895,
0.701480263157895,0.717105263157895,0.732730263157895,0.748355263157895,
0.763980263157895,0.779605263157895,0.795230263157895,0.810855263157895,
0.842105263157895,0.873355263157895,0.904605263157895,0.920230263157895,
0.935855263157895,0.951480263157895,0.967105263157895,0.983552631578947,
1.,1.01484375,1.0296875,1.0452734375),.UNSPECIFIED.);
#65=B_SPLINE_CURVE_WITH_KNOTS('',3,(#2330,#2331,#2332,#2333),
 .UNSPECIFIED.,.F.,.F.,(4,4),(0.,1.),.UNSPECIFIED.);
#66=B_SPLINE_CURVE_WITH_KNOTS('',3,(#2367,#2368,#2369,#2370,#2371,#2372,
#2373,#2374,#2375,#2376,#2377,#2378),.UNSPECIFIED.,.F.,.F.,(4,1,1,1,1,1,
1,1,1,4),(0.,0.25,0.375,0.5,0.625,0.6875,0.75,0.8125,0.875,1.),
 .UNSPECIFIED.);
#67=B_SPLINE_CURVE_WITH_KNOTS('',3,(#2380,#2381,#2382,#2383),
 .UNSPECIFIED.,.F.,.F.,(4,4),(0.,1.),.UNSPECIFIED.);
#68=B_SPLINE_CURVE_WITH_KNOTS('',3,(#2387,#2388,#2389,#2390,#2391,#2392,
#2393,#2394,#2395,#2396,#2397,#2398),.UNSPECIFIED.,.F.,.F.,(4,1,1,1,1,1,
1,1,1,4),(0.,0.125,0.1875,0.25,0.3125,0.375,0.5,0.625,0.75,1.),
 .UNSPECIFIED.);
#69=B_SPLINE_CURVE_WITH_KNOTS('',3,(#2421,#2422,#2423,#2424,#2425,#2426,
#2427,#2428,#2429,#2430,#2431,#2432,#2433,#2434,#2435,#2436,#2437,#2438),
 .UNSPECIFIED.,.F.,.F.,(4,1,1,1,1,1,1,1,1,1,1,1,1,1,1,4),(0.,0.125,0.1875,
0.25,0.3125,0.375,0.40625,0.4375,0.46875,0.5,0.53125,0.5625,0.625,0.75,
0.875,1.),.UNSPECIFIED.);
#70=B_SPLINE_CURVE_WITH_KNOTS('',3,(#2445,#2446,#2447,#2448,#2449,#2450,
#2451,#2452,#2453,#2454,#2455,#2456,#2457,#2458,#2459,#2460,#2461,#2462,
#2463,#2464,#2465,#2466,#2467,#2468,#2469,#2470,#2471,#2472,#2473,#2474,
#2475,#2476),.UNSPECIFIED.,.F.,.F.,(4,1,1,1,1,1,1,1,1,1,1,1,1,1,1,1,1,1,
1,1,1,1,1,1,1,1,1,1,1,4),(0.,0.03125,0.0625,0.09375,0.125,0.1875,0.21875,
0.25,0.28125,0.3125,0.375,0.40625,0.4375,0.46875,0.5,0.53125,0.5625,0.59375,
0.625,0.65625,0.6875,0.71875,0.75,0.78125,0.8125,0.875,0.90625,0.9375,0.96875,
1.),.UNSPECIFIED.);
#71=B_SPLINE_CURVE_WITH_KNOTS('',3,(#2482,#2483,#2484,#2485,#2486,#2487,
#2488,#2489,#2490,#2491,#2492,#2493,#2494,#2495,#2496,#2497,#2498,#2499),
 .UNSPECIFIED.,.F.,.F.,(4,1,1,1,1,1,1,1,1,1,1,1,1,1,1,4),(0.,0.125,0.25,
0.375,0.4375,0.46875,0.5,0.53125,0.5625,0.59375,0.625,0.6875,0.75,0.8125,
0.875,1.),.UNSPECIFIED.);
#72=B_SPLINE_CURVE_WITH_KNOTS('',3,(#2513,#2514,#2515,#2516,#2517,#2518,
#2519,#2520,#2521,#2522,#2523,#2524,#2525,#2526,#2527,#2528,#2529,#2530,
#2531,#2532,#2533),.UNSPECIFIED.,.F.,.F.,(4,1,1,1,1,1,1,1,1,1,1,1,1,1,1,
1,1,1,4),(0.,0.125,0.25,0.375,0.4375,0.5,0.5625,0.625,0.6875,0.71875,0.734375,
0.75,0.765625,0.78125,0.8125,0.84375,0.875,0.9375,1.),.UNSPECIFIED.);
#73=B_SPLINE_CURVE_WITH_KNOTS('',3,(#2540,#2541,#2542,#2543,#2544),
 .UNSPECIFIED.,.F.,.F.,(4,1,4),(0.,0.5,1.),.UNSPECIFIED.);
#74=B_SPLINE_CURVE_WITH_KNOTS('',3,(#2548,#2549,#2550,#2551),
 .UNSPECIFIED.,.F.,.F.,(4,4),(0.,1.),.UNSPECIFIED.);
#75=B_SPLINE_CURVE_WITH_KNOTS('',3,(#2552,#2553,#2554,#2555),
 .UNSPECIFIED.,.F.,.F.,(4,4),(0.,1.),.UNSPECIFIED.);
#76=B_SPLINE_CURVE_WITH_KNOTS('',3,(#2559,#2560,#2561,#2562,#2563),
 .UNSPECIFIED.,.F.,.F.,(4,1,4),(0.,0.5,1.),.UNSPECIFIED.);
#77=B_SPLINE_CURVE_WITH_KNOTS('',3,(#2566,#2567,#2568,#2569,#2570),
 .UNSPECIFIED.,.F.,.F.,(4,1,4),(0.,0.5,1.),.UNSPECIFIED.);
#78=B_SPLINE_CURVE_WITH_KNOTS('',3,(#2571,#2572,#2573,#2574,#2575,#2576,
#2577,#2578,#2579),.UNSPECIFIED.,.F.,.F.,(4,1,1,1,1,1,4),(0.,0.25,0.375,
0.5,0.625,0.75,1.),.UNSPECIFIED.);
#79=B_SPLINE_CURVE_WITH_KNOTS('',3,(#2635,#2636,#2637,#2638,#2639,#2640,
#2641,#2642,#2643,#2644,#2645,#2646,#2647,#2648,#2649,#2650,#2651,#2652,
#2653,#2654,#2655),.UNSPECIFIED.,.F.,.F.,(4,1,1,1,1,1,1,1,1,1,1,1,1,1,1,
1,1,1,4),(0.,0.0625,0.125,0.15625,0.1875,0.21875,0.234375,0.25,0.265625,
0.28125,0.3125,0.375,0.4375,0.5,0.5625,0.625,0.75,0.875,1.),
 .UNSPECIFIED.);
#80=B_SPLINE_CURVE_WITH_KNOTS('',3,(#2712,#2713,#2714,#2715,#2716),
 .UNSPECIFIED.,.F.,.F.,(4,1,4),(0.,0.5,1.),.UNSPECIFIED.);
#81=B_SPLINE_CURVE_WITH_KNOTS('',3,(#2718,#2719,#2720,#2721,#2722,#2723,
#2724,#2725,#2726,#2727,#2728),.UNSPECIFIED.,.F.,.F.,(4,1,1,1,1,1,1,1,4),
(0.,0.25,0.375,0.4375,0.5,0.5625,0.625,0.75,1.),.UNSPECIFIED.);
#82=CIRCLE('',#1457,0.00300000000000456);
#83=CIRCLE('',#1458,0.00300000000000456);
#84=CIRCLE('',#1459,0.0093);
#85=CIRCLE('',#1460,0.0030000000000146);
#86=CIRCLE('',#1461,0.0030000000000146);
#87=CIRCLE('',#1477,0.00149999999998319);
#88=CIRCLE('',#1480,0.00149999999998319);
#89=CIRCLE('',#1483,0.0093);
#90=CIRCLE('',#1485,0.001);
#91=CIRCLE('',#1486,0.019);
#92=CIRCLE('',#1487,0.001);
#93=CIRCLE('',#1491,0.0006985);
#94=CIRCLE('',#1492,0.0006985);
#95=CIRCLE('',#1493,0.0006985);
#96=CIRCLE('',#1494,0.0006985);
#97=CIRCLE('',#1495,0.00485);
#98=CIRCLE('',#1496,0.00485);
#99=CIRCLE('',#1500,0.00149999999999323);
#100=CIRCLE('',#1502,0.00149999999999323);
#101=CIRCLE('',#1518,0.0015);
#102=CIRCLE('',#1521,0.0015);
#103=CIRCLE('',#1525,0.019);
#104=CIRCLE('',#1528,0.0006985);
#105=CIRCLE('',#1530,0.0006985);
#106=CIRCLE('',#1532,0.0006985);
#107=CIRCLE('',#1534,0.0006985);
#108=CIRCLE('',#1536,0.001);
#109=CIRCLE('',#1537,0.014);
#110=CIRCLE('',#1538,0.001);
#111=CIRCLE('',#1543,0.00485);
#112=CIRCLE('',#1546,0.00485);
#113=CIRCLE('',#1548,0.0015);
#114=CIRCLE('',#1550,0.0015);
#115=CIRCLE('',#1552,0.0117);
#116=CIRCLE('',#1553,0.014);
#117=CIRCLE('',#1557,0.0117);
#118=CIRCLE('',#1559,0.001);
#119=CIRCLE('',#1560,0.001);
#120=ORIENTED_EDGE('',*,*,#506,.T.);
#121=ORIENTED_EDGE('',*,*,#507,.T.);
#122=ORIENTED_EDGE('',*,*,#508,.T.);
#123=ORIENTED_EDGE('',*,*,#509,.T.);
#124=ORIENTED_EDGE('',*,*,#510,.T.);
#125=ORIENTED_EDGE('',*,*,#511,.T.);
#126=ORIENTED_EDGE('',*,*,#512,.T.);
#127=ORIENTED_EDGE('',*,*,#513,.T.);
#128=ORIENTED_EDGE('',*,*,#514,.T.);
#129=ORIENTED_EDGE('',*,*,#515,.T.);
#130=ORIENTED_EDGE('',*,*,#516,.T.);
#131=ORIENTED_EDGE('',*,*,#517,.T.);
#132=ORIENTED_EDGE('',*,*,#518,.T.);
#133=ORIENTED_EDGE('',*,*,#519,.T.);
#134=ORIENTED_EDGE('',*,*,#520,.T.);
#135=ORIENTED_EDGE('',*,*,#521,.T.);
#136=ORIENTED_EDGE('',*,*,#522,.T.);
#137=ORIENTED_EDGE('',*,*,#523,.T.);
#138=ORIENTED_EDGE('',*,*,#524,.T.);
#139=ORIENTED_EDGE('',*,*,#525,.T.);
#140=ORIENTED_EDGE('',*,*,#526,.T.);
#141=ORIENTED_EDGE('',*,*,#527,.T.);
#142=ORIENTED_EDGE('',*,*,#528,.T.);
#143=ORIENTED_EDGE('',*,*,#529,.T.);
#144=ORIENTED_EDGE('',*,*,#530,.T.);
#145=ORIENTED_EDGE('',*,*,#531,.T.);
#146=ORIENTED_EDGE('',*,*,#532,.T.);
#147=ORIENTED_EDGE('',*,*,#507,.F.);
#148=ORIENTED_EDGE('',*,*,#533,.T.);
#149=ORIENTED_EDGE('',*,*,#534,.T.);
#150=ORIENTED_EDGE('',*,*,#535,.T.);
#151=ORIENTED_EDGE('',*,*,#536,.T.);
#152=ORIENTED_EDGE('',*,*,#533,.F.);
#153=ORIENTED_EDGE('',*,*,#506,.F.);
#154=ORIENTED_EDGE('',*,*,#537,.T.);
#155=ORIENTED_EDGE('',*,*,#538,.T.);
#156=ORIENTED_EDGE('',*,*,#537,.F.);
#157=ORIENTED_EDGE('',*,*,#509,.F.);
#158=ORIENTED_EDGE('',*,*,#539,.T.);
#159=ORIENTED_EDGE('',*,*,#540,.T.);
#160=ORIENTED_EDGE('',*,*,#539,.F.);
#161=ORIENTED_EDGE('',*,*,#508,.F.);
#162=ORIENTED_EDGE('',*,*,#535,.F.);
#163=ORIENTED_EDGE('',*,*,#511,.F.);
#164=ORIENTED_EDGE('',*,*,#541,.T.);
#165=ORIENTED_EDGE('',*,*,#542,.T.);
#166=ORIENTED_EDGE('',*,*,#543,.T.);
#167=ORIENTED_EDGE('',*,*,#544,.T.);
#168=ORIENTED_EDGE('',*,*,#541,.F.);
#169=ORIENTED_EDGE('',*,*,#510,.F.);
#170=ORIENTED_EDGE('',*,*,#545,.T.);
#171=ORIENTED_EDGE('',*,*,#546,.T.);
#172=ORIENTED_EDGE('',*,*,#545,.F.);
#173=ORIENTED_EDGE('',*,*,#513,.F.);
#174=ORIENTED_EDGE('',*,*,#547,.T.);
#175=ORIENTED_EDGE('',*,*,#548,.T.);
#176=ORIENTED_EDGE('',*,*,#547,.F.);
#177=ORIENTED_EDGE('',*,*,#512,.F.);
#178=ORIENTED_EDGE('',*,*,#543,.F.);
#179=ORIENTED_EDGE('',*,*,#549,.T.);
#180=ORIENTED_EDGE('',*,*,#550,.T.);
#181=ORIENTED_EDGE('',*,*,#515,.F.);
#182=ORIENTED_EDGE('',*,*,#551,.T.);
#183=ORIENTED_EDGE('',*,*,#514,.F.);
#184=ORIENTED_EDGE('',*,*,#552,.T.);
#185=ORIENTED_EDGE('',*,*,#553,.T.);
#186=ORIENTED_EDGE('',*,*,#551,.F.);
#187=ORIENTED_EDGE('',*,*,#554,.T.);
#188=ORIENTED_EDGE('',*,*,#552,.F.);
#189=ORIENTED_EDGE('',*,*,#517,.F.);
#190=ORIENTED_EDGE('',*,*,#555,.T.);
#191=ORIENTED_EDGE('',*,*,#556,.T.);
#192=ORIENTED_EDGE('',*,*,#555,.F.);
#193=ORIENTED_EDGE('',*,*,#516,.F.);
#194=ORIENTED_EDGE('',*,*,#550,.F.);
#195=ORIENTED_EDGE('',*,*,#557,.T.);
#196=ORIENTED_EDGE('',*,*,#558,.T.);
#197=ORIENTED_EDGE('',*,*,#519,.F.);
#198=ORIENTED_EDGE('',*,*,#559,.T.);
#199=ORIENTED_EDGE('',*,*,#560,.T.);
#200=ORIENTED_EDGE('',*,*,#559,.F.);
#201=ORIENTED_EDGE('',*,*,#518,.F.);
#202=ORIENTED_EDGE('',*,*,#561,.T.);
#203=ORIENTED_EDGE('',*,*,#562,.T.);
#204=ORIENTED_EDGE('',*,*,#563,.F.);
#205=ORIENTED_EDGE('',*,*,#523,.F.);
#206=ORIENTED_EDGE('',*,*,#564,.F.);
#207=ORIENTED_EDGE('',*,*,#561,.F.);
#208=ORIENTED_EDGE('',*,*,#565,.T.);
#209=ORIENTED_EDGE('',*,*,#562,.F.);
#210=ORIENTED_EDGE('',*,*,#564,.T.);
#211=ORIENTED_EDGE('',*,*,#522,.F.);
#212=ORIENTED_EDGE('',*,*,#566,.T.);
#213=ORIENTED_EDGE('',*,*,#567,.T.);
#214=ORIENTED_EDGE('',*,*,#568,.F.);
#215=ORIENTED_EDGE('',*,*,#566,.F.);
#216=ORIENTED_EDGE('',*,*,#521,.F.);
#217=ORIENTED_EDGE('',*,*,#569,.F.);
#218=ORIENTED_EDGE('',*,*,#520,.F.);
#219=ORIENTED_EDGE('',*,*,#558,.F.);
#220=ORIENTED_EDGE('',*,*,#570,.T.);
#221=ORIENTED_EDGE('',*,*,#567,.F.);
#222=ORIENTED_EDGE('',*,*,#569,.T.);
#223=ORIENTED_EDGE('',*,*,#524,.F.);
#224=ORIENTED_EDGE('',*,*,#571,.F.);
#225=ORIENTED_EDGE('',*,*,#572,.T.);
#226=ORIENTED_EDGE('',*,*,#528,.F.);
#227=ORIENTED_EDGE('',*,*,#573,.T.);
#228=ORIENTED_EDGE('',*,*,#526,.F.);
#229=ORIENTED_EDGE('',*,*,#574,.T.);
#230=ORIENTED_EDGE('',*,*,#575,.T.);
#231=ORIENTED_EDGE('',*,*,#576,.T.);
#232=ORIENTED_EDGE('',*,*,#530,.F.);
#233=ORIENTED_EDGE('',*,*,#574,.F.);
#234=ORIENTED_EDGE('',*,*,#525,.F.);
#235=ORIENTED_EDGE('',*,*,#577,.T.);
#236=ORIENTED_EDGE('',*,*,#578,.T.);
#237=ORIENTED_EDGE('',*,*,#579,.T.);
#238=ORIENTED_EDGE('',*,*,#580,.T.);
#239=ORIENTED_EDGE('',*,*,#581,.T.);
#240=ORIENTED_EDGE('',*,*,#582,.T.);
#241=ORIENTED_EDGE('',*,*,#583,.T.);
#242=ORIENTED_EDGE('',*,*,#584,.T.);
#243=ORIENTED_EDGE('',*,*,#585,.T.);
#244=ORIENTED_EDGE('',*,*,#586,.T.);
#245=ORIENTED_EDGE('',*,*,#587,.T.);
#246=ORIENTED_EDGE('',*,*,#588,.T.);
#247=ORIENTED_EDGE('',*,*,#589,.T.);
#248=ORIENTED_EDGE('',*,*,#590,.T.);
#249=ORIENTED_EDGE('',*,*,#591,.T.);
#250=ORIENTED_EDGE('',*,*,#592,.T.);
#251=ORIENTED_EDGE('',*,*,#593,.T.);
#252=ORIENTED_EDGE('',*,*,#594,.T.);
#253=ORIENTED_EDGE('',*,*,#577,.F.);
#254=ORIENTED_EDGE('',*,*,#532,.F.);
#255=ORIENTED_EDGE('',*,*,#595,.T.);
#256=ORIENTED_EDGE('',*,*,#596,.T.);
#257=ORIENTED_EDGE('',*,*,#576,.F.);
#258=ORIENTED_EDGE('',*,*,#597,.T.);
#259=ORIENTED_EDGE('',*,*,#595,.F.);
#260=ORIENTED_EDGE('',*,*,#531,.F.);
#261=ORIENTED_EDGE('',*,*,#598,.F.);
#262=ORIENTED_EDGE('',*,*,#529,.F.);
#263=ORIENTED_EDGE('',*,*,#572,.F.);
#264=ORIENTED_EDGE('',*,*,#599,.F.);
#265=ORIENTED_EDGE('',*,*,#527,.F.);
#266=ORIENTED_EDGE('',*,*,#573,.F.);
#267=ORIENTED_EDGE('',*,*,#600,.F.);
#268=ORIENTED_EDGE('',*,*,#601,.F.);
#269=ORIENTED_EDGE('',*,*,#602,.F.);
#270=ORIENTED_EDGE('',*,*,#534,.F.);
#271=ORIENTED_EDGE('',*,*,#603,.F.);
#272=ORIENTED_EDGE('',*,*,#604,.F.);
#273=ORIENTED_EDGE('',*,*,#600,.T.);
#274=ORIENTED_EDGE('',*,*,#536,.F.);
#275=ORIENTED_EDGE('',*,*,#605,.F.);
#276=ORIENTED_EDGE('',*,*,#606,.F.);
#277=ORIENTED_EDGE('',*,*,#603,.T.);
#278=ORIENTED_EDGE('',*,*,#538,.F.);
#279=ORIENTED_EDGE('',*,*,#602,.T.);
#280=ORIENTED_EDGE('',*,*,#607,.F.);
#281=ORIENTED_EDGE('',*,*,#605,.T.);
#282=ORIENTED_EDGE('',*,*,#540,.F.);
#283=ORIENTED_EDGE('',*,*,#608,.F.);
#284=ORIENTED_EDGE('',*,*,#609,.F.);
#285=ORIENTED_EDGE('',*,*,#610,.F.);
#286=ORIENTED_EDGE('',*,*,#542,.F.);
#287=ORIENTED_EDGE('',*,*,#611,.F.);
#288=ORIENTED_EDGE('',*,*,#612,.F.);
#289=ORIENTED_EDGE('',*,*,#608,.T.);
#290=ORIENTED_EDGE('',*,*,#544,.F.);
#291=ORIENTED_EDGE('',*,*,#613,.F.);
#292=ORIENTED_EDGE('',*,*,#614,.F.);
#293=ORIENTED_EDGE('',*,*,#611,.T.);
#294=ORIENTED_EDGE('',*,*,#546,.F.);
#295=ORIENTED_EDGE('',*,*,#610,.T.);
#296=ORIENTED_EDGE('',*,*,#615,.F.);
#297=ORIENTED_EDGE('',*,*,#613,.T.);
#298=ORIENTED_EDGE('',*,*,#548,.F.);
#299=ORIENTED_EDGE('',*,*,#616,.F.);
#300=ORIENTED_EDGE('',*,*,#617,.F.);
#301=ORIENTED_EDGE('',*,*,#618,.F.);
#302=ORIENTED_EDGE('',*,*,#549,.F.);
#303=ORIENTED_EDGE('',*,*,#619,.F.);
#304=ORIENTED_EDGE('',*,*,#620,.F.);
#305=ORIENTED_EDGE('',*,*,#616,.T.);
#306=ORIENTED_EDGE('',*,*,#553,.F.);
#307=ORIENTED_EDGE('',*,*,#621,.F.);
#308=ORIENTED_EDGE('',*,*,#622,.F.);
#309=ORIENTED_EDGE('',*,*,#619,.T.);
#310=ORIENTED_EDGE('',*,*,#554,.F.);
#311=ORIENTED_EDGE('',*,*,#618,.T.);
#312=ORIENTED_EDGE('',*,*,#623,.F.);
#313=ORIENTED_EDGE('',*,*,#621,.T.);
#314=ORIENTED_EDGE('',*,*,#556,.F.);
#315=ORIENTED_EDGE('',*,*,#624,.F.);
#316=ORIENTED_EDGE('',*,*,#625,.F.);
#317=ORIENTED_EDGE('',*,*,#626,.F.);
#318=ORIENTED_EDGE('',*,*,#557,.F.);
#319=ORIENTED_EDGE('',*,*,#627,.F.);
#320=ORIENTED_EDGE('',*,*,#628,.F.);
#321=ORIENTED_EDGE('',*,*,#629,.F.);
#322=ORIENTED_EDGE('',*,*,#630,.F.);
#323=ORIENTED_EDGE('',*,*,#589,.F.);
#324=ORIENTED_EDGE('',*,*,#631,.F.);
#325=ORIENTED_EDGE('',*,*,#624,.T.);
#326=ORIENTED_EDGE('',*,*,#560,.F.);
#327=ORIENTED_EDGE('',*,*,#632,.F.);
#328=ORIENTED_EDGE('',*,*,#563,.T.);
#329=ORIENTED_EDGE('',*,*,#633,.F.);
#330=ORIENTED_EDGE('',*,*,#634,.F.);
#331=ORIENTED_EDGE('',*,*,#627,.T.);
#332=ORIENTED_EDGE('',*,*,#565,.F.);
#333=ORIENTED_EDGE('',*,*,#635,.F.);
#334=ORIENTED_EDGE('',*,*,#568,.T.);
#335=ORIENTED_EDGE('',*,*,#626,.T.);
#336=ORIENTED_EDGE('',*,*,#636,.F.);
#337=ORIENTED_EDGE('',*,*,#587,.F.);
#338=ORIENTED_EDGE('',*,*,#637,.F.);
#339=ORIENTED_EDGE('',*,*,#638,.F.);
#340=ORIENTED_EDGE('',*,*,#639,.F.);
#341=ORIENTED_EDGE('',*,*,#633,.T.);
#342=ORIENTED_EDGE('',*,*,#570,.F.);
#343=ORIENTED_EDGE('',*,*,#640,.T.);
#344=ORIENTED_EDGE('',*,*,#571,.T.);
#345=ORIENTED_EDGE('',*,*,#641,.T.);
#346=ORIENTED_EDGE('',*,*,#642,.T.);
#347=ORIENTED_EDGE('',*,*,#575,.F.);
#348=ORIENTED_EDGE('',*,*,#643,.T.);
#349=ORIENTED_EDGE('',*,*,#644,.T.);
#350=ORIENTED_EDGE('',*,*,#643,.F.);
#351=ORIENTED_EDGE('',*,*,#578,.F.);
#352=ORIENTED_EDGE('',*,*,#594,.F.);
#353=ORIENTED_EDGE('',*,*,#645,.F.);
#354=ORIENTED_EDGE('',*,*,#579,.F.);
#355=ORIENTED_EDGE('',*,*,#646,.F.);
#356=ORIENTED_EDGE('',*,*,#580,.F.);
#357=ORIENTED_EDGE('',*,*,#647,.F.);
#358=ORIENTED_EDGE('',*,*,#581,.F.);
#359=ORIENTED_EDGE('',*,*,#648,.F.);
#360=ORIENTED_EDGE('',*,*,#582,.F.);
#361=ORIENTED_EDGE('',*,*,#649,.F.);
#362=ORIENTED_EDGE('',*,*,#632,.T.);
#363=ORIENTED_EDGE('',*,*,#635,.T.);
#364=ORIENTED_EDGE('',*,*,#584,.F.);
#365=ORIENTED_EDGE('',*,*,#650,.F.);
#366=ORIENTED_EDGE('',*,*,#651,.F.);
#367=ORIENTED_EDGE('',*,*,#652,.F.);
#368=ORIENTED_EDGE('',*,*,#653,.F.);
#369=ORIENTED_EDGE('',*,*,#654,.F.);
#370=ORIENTED_EDGE('',*,*,#592,.F.);
#371=ORIENTED_EDGE('',*,*,#655,.F.);
#372=ORIENTED_EDGE('',*,*,#656,.F.);
#373=ORIENTED_EDGE('',*,*,#628,.T.);
#374=ORIENTED_EDGE('',*,*,#634,.T.);
#375=ORIENTED_EDGE('',*,*,#639,.T.);
#376=ORIENTED_EDGE('',*,*,#657,.F.);
#377=ORIENTED_EDGE('',*,*,#658,.F.);
#378=ORIENTED_EDGE('',*,*,#659,.T.);
#379=ORIENTED_EDGE('',*,*,#660,.T.);
#380=ORIENTED_EDGE('',*,*,#650,.T.);
#381=ORIENTED_EDGE('',*,*,#583,.F.);
#382=ORIENTED_EDGE('',*,*,#661,.T.);
#383=ORIENTED_EDGE('',*,*,#662,.T.);
#384=ORIENTED_EDGE('',*,*,#596,.F.);
#385=ORIENTED_EDGE('',*,*,#597,.F.);
#386=ORIENTED_EDGE('',*,*,#642,.F.);
#387=ORIENTED_EDGE('',*,*,#663,.T.);
#388=ORIENTED_EDGE('',*,*,#664,.T.);
#389=ORIENTED_EDGE('',*,*,#593,.F.);
#390=ORIENTED_EDGE('',*,*,#654,.T.);
#391=ORIENTED_EDGE('',*,*,#665,.T.);
#392=ORIENTED_EDGE('',*,*,#666,.T.);
#393=ORIENTED_EDGE('',*,*,#590,.F.);
#394=ORIENTED_EDGE('',*,*,#630,.T.);
#395=ORIENTED_EDGE('',*,*,#667,.T.);
#396=ORIENTED_EDGE('',*,*,#668,.T.);
#397=ORIENTED_EDGE('',*,*,#631,.T.);
#398=ORIENTED_EDGE('',*,*,#588,.F.);
#399=ORIENTED_EDGE('',*,*,#636,.T.);
#400=ORIENTED_EDGE('',*,*,#625,.T.);
#401=ORIENTED_EDGE('',*,*,#586,.F.);
#402=ORIENTED_EDGE('',*,*,#669,.T.);
#403=ORIENTED_EDGE('',*,*,#670,.T.);
#404=ORIENTED_EDGE('',*,*,#637,.T.);
#405=ORIENTED_EDGE('',*,*,#671,.F.);
#406=ORIENTED_EDGE('',*,*,#598,.T.);
#407=ORIENTED_EDGE('',*,*,#672,.F.);
#408=ORIENTED_EDGE('',*,*,#599,.T.);
#409=ORIENTED_EDGE('',*,*,#671,.T.);
#410=ORIENTED_EDGE('',*,*,#672,.T.);
#411=ORIENTED_EDGE('',*,*,#601,.T.);
#412=ORIENTED_EDGE('',*,*,#604,.T.);
#413=ORIENTED_EDGE('',*,*,#606,.T.);
#414=ORIENTED_EDGE('',*,*,#607,.T.);
#415=ORIENTED_EDGE('',*,*,#609,.T.);
#416=ORIENTED_EDGE('',*,*,#612,.T.);
#417=ORIENTED_EDGE('',*,*,#614,.T.);
#418=ORIENTED_EDGE('',*,*,#615,.T.);
#419=ORIENTED_EDGE('',*,*,#617,.T.);
#420=ORIENTED_EDGE('',*,*,#620,.T.);
#421=ORIENTED_EDGE('',*,*,#622,.T.);
#422=ORIENTED_EDGE('',*,*,#623,.T.);
#423=ORIENTED_EDGE('',*,*,#673,.F.);
#424=ORIENTED_EDGE('',*,*,#674,.F.);
#425=ORIENTED_EDGE('',*,*,#675,.F.);
#426=ORIENTED_EDGE('',*,*,#676,.F.);
#427=ORIENTED_EDGE('',*,*,#677,.F.);
#428=ORIENTED_EDGE('',*,*,#678,.F.);
#429=ORIENTED_EDGE('',*,*,#679,.F.);
#430=ORIENTED_EDGE('',*,*,#680,.F.);
#431=ORIENTED_EDGE('',*,*,#681,.F.);
#432=ORIENTED_EDGE('',*,*,#629,.T.);
#433=ORIENTED_EDGE('',*,*,#656,.T.);
#434=ORIENTED_EDGE('',*,*,#682,.F.);
#435=ORIENTED_EDGE('',*,*,#667,.F.);
#436=ORIENTED_EDGE('',*,*,#657,.T.);
#437=ORIENTED_EDGE('',*,*,#638,.T.);
#438=ORIENTED_EDGE('',*,*,#670,.F.);
#439=ORIENTED_EDGE('',*,*,#683,.F.);
#440=ORIENTED_EDGE('',*,*,#640,.F.);
#441=ORIENTED_EDGE('',*,*,#684,.F.);
#442=ORIENTED_EDGE('',*,*,#685,.T.);
#443=ORIENTED_EDGE('',*,*,#677,.T.);
#444=ORIENTED_EDGE('',*,*,#686,.T.);
#445=ORIENTED_EDGE('',*,*,#641,.F.);
#446=ORIENTED_EDGE('',*,*,#685,.F.);
#447=ORIENTED_EDGE('',*,*,#644,.F.);
#448=ORIENTED_EDGE('',*,*,#687,.T.);
#449=ORIENTED_EDGE('',*,*,#678,.T.);
#450=ORIENTED_EDGE('',*,*,#646,.T.);
#451=ORIENTED_EDGE('',*,*,#647,.T.);
#452=ORIENTED_EDGE('',*,*,#648,.T.);
#453=ORIENTED_EDGE('',*,*,#649,.T.);
#454=ORIENTED_EDGE('',*,*,#683,.T.);
#455=ORIENTED_EDGE('',*,*,#669,.F.);
#456=ORIENTED_EDGE('',*,*,#585,.F.);
#457=ORIENTED_EDGE('',*,*,#658,.T.);
#458=ORIENTED_EDGE('',*,*,#688,.T.);
#459=ORIENTED_EDGE('',*,*,#689,.T.);
#460=ORIENTED_EDGE('',*,*,#651,.T.);
#461=ORIENTED_EDGE('',*,*,#660,.F.);
#462=ORIENTED_EDGE('',*,*,#689,.F.);
#463=ORIENTED_EDGE('',*,*,#690,.F.);
#464=ORIENTED_EDGE('',*,*,#681,.T.);
#465=ORIENTED_EDGE('',*,*,#691,.F.);
#466=ORIENTED_EDGE('',*,*,#692,.F.);
#467=ORIENTED_EDGE('',*,*,#652,.T.);
#468=ORIENTED_EDGE('',*,*,#693,.T.);
#469=ORIENTED_EDGE('',*,*,#665,.F.);
#470=ORIENTED_EDGE('',*,*,#653,.T.);
#471=ORIENTED_EDGE('',*,*,#692,.T.);
#472=ORIENTED_EDGE('',*,*,#591,.F.);
#473=ORIENTED_EDGE('',*,*,#668,.F.);
#474=ORIENTED_EDGE('',*,*,#682,.T.);
#475=ORIENTED_EDGE('',*,*,#655,.T.);
#476=ORIENTED_EDGE('',*,*,#659,.F.);
#477=ORIENTED_EDGE('',*,*,#694,.F.);
#478=ORIENTED_EDGE('',*,*,#675,.T.);
#479=ORIENTED_EDGE('',*,*,#695,.F.);
#480=ORIENTED_EDGE('',*,*,#694,.T.);
#481=ORIENTED_EDGE('',*,*,#661,.F.);
#482=ORIENTED_EDGE('',*,*,#662,.F.);
#483=ORIENTED_EDGE('',*,*,#696,.T.);
#484=ORIENTED_EDGE('',*,*,#686,.F.);
#485=ORIENTED_EDGE('',*,*,#676,.T.);
#486=ORIENTED_EDGE('',*,*,#696,.F.);
#487=ORIENTED_EDGE('',*,*,#663,.F.);
#488=ORIENTED_EDGE('',*,*,#697,.T.);
#489=ORIENTED_EDGE('',*,*,#687,.F.);
#490=ORIENTED_EDGE('',*,*,#645,.T.);
#491=ORIENTED_EDGE('',*,*,#664,.F.);
#492=ORIENTED_EDGE('',*,*,#679,.T.);
#493=ORIENTED_EDGE('',*,*,#697,.F.);
#494=ORIENTED_EDGE('',*,*,#666,.F.);
#495=ORIENTED_EDGE('',*,*,#698,.F.);
#496=ORIENTED_EDGE('',*,*,#673,.T.);
#497=ORIENTED_EDGE('',*,*,#684,.T.);
#498=ORIENTED_EDGE('',*,*,#695,.T.);
#499=ORIENTED_EDGE('',*,*,#674,.T.);
#500=ORIENTED_EDGE('',*,*,#690,.T.);
#501=ORIENTED_EDGE('',*,*,#688,.F.);
#502=ORIENTED_EDGE('',*,*,#698,.T.);
#503=ORIENTED_EDGE('',*,*,#693,.F.);
#504=ORIENTED_EDGE('',*,*,#691,.T.);
#505=ORIENTED_EDGE('',*,*,#680,.T.);
#506=EDGE_CURVE('',#699,#700,#826,.T.);
#507=EDGE_CURVE('',#700,#701,#827,.T.);
#508=EDGE_CURVE('',#701,#702,#828,.F.);
#509=EDGE_CURVE('',#702,#699,#829,.F.);
#510=EDGE_CURVE('',#703,#704,#830,.T.);
#511=EDGE_CURVE('',#704,#705,#831,.F.);
#512=EDGE_CURVE('',#705,#706,#832,.F.);
#513=EDGE_CURVE('',#706,#703,#833,.T.);
#514=EDGE_CURVE('',#707,#708,#834,.F.);
#515=EDGE_CURVE('',#708,#709,#835,.T.);
#516=EDGE_CURVE('',#709,#710,#836,.T.);
#517=EDGE_CURVE('',#710,#707,#837,.F.);
#518=EDGE_CURVE('',#711,#712,#838,.F.);
#519=EDGE_CURVE('',#712,#713,#839,.T.);
#520=EDGE_CURVE('',#713,#714,#840,.T.);
#521=EDGE_CURVE('',#714,#715,#82,.F.);
#522=EDGE_CURVE('',#715,#716,#841,.F.);
#523=EDGE_CURVE('',#716,#711,#83,.F.);
#524=EDGE_CURVE('',#717,#717,#84,.T.);
#525=EDGE_CURVE('',#718,#719,#842,.T.);
#526=EDGE_CURVE('',#719,#720,#55,.T.);
#527=EDGE_CURVE('',#720,#721,#85,.F.);
#528=EDGE_CURVE('',#721,#722,#56,.T.);
#529=EDGE_CURVE('',#722,#723,#86,.F.);
#530=EDGE_CURVE('',#723,#724,#57,.T.);
#531=EDGE_CURVE('',#724,#725,#843,.T.);
#532=EDGE_CURVE('',#725,#718,#844,.F.);
#533=EDGE_CURVE('',#700,#726,#845,.T.);
#534=EDGE_CURVE('',#726,#727,#846,.T.);
#535=EDGE_CURVE('',#727,#701,#847,.T.);
#536=EDGE_CURVE('',#728,#726,#848,.T.);
#537=EDGE_CURVE('',#699,#728,#849,.T.);
#538=EDGE_CURVE('',#729,#728,#850,.F.);
#539=EDGE_CURVE('',#702,#729,#851,.T.);
#540=EDGE_CURVE('',#727,#729,#852,.F.);
#541=EDGE_CURVE('',#704,#730,#853,.T.);
#542=EDGE_CURVE('',#730,#731,#854,.F.);
#543=EDGE_CURVE('',#731,#705,#855,.T.);
#544=EDGE_CURVE('',#732,#730,#856,.T.);
#545=EDGE_CURVE('',#703,#732,#857,.T.);
#546=EDGE_CURVE('',#733,#732,#858,.T.);
#547=EDGE_CURVE('',#706,#733,#859,.T.);
#548=EDGE_CURVE('',#731,#733,#860,.F.);
#549=EDGE_CURVE('',#734,#735,#861,.T.);
#550=EDGE_CURVE('',#735,#709,#862,.T.);
#551=EDGE_CURVE('',#708,#734,#863,.T.);
#552=EDGE_CURVE('',#707,#736,#864,.T.);
#553=EDGE_CURVE('',#736,#734,#865,.F.);
#554=EDGE_CURVE('',#737,#736,#866,.F.);
#555=EDGE_CURVE('',#710,#737,#867,.T.);
#556=EDGE_CURVE('',#735,#737,#868,.T.);
#557=EDGE_CURVE('',#738,#739,#869,.T.);
#558=EDGE_CURVE('',#739,#713,#870,.T.);
#559=EDGE_CURVE('',#712,#738,#871,.T.);
#560=EDGE_CURVE('',#740,#738,#872,.F.);
#561=EDGE_CURVE('',#711,#741,#58,.T.);
#562=EDGE_CURVE('',#741,#740,#873,.T.);
#563=EDGE_CURVE('',#742,#742,#87,.T.);
#564=EDGE_CURVE('',#741,#716,#59,.T.);
#565=EDGE_CURVE('',#743,#740,#874,.F.);
#566=EDGE_CURVE('',#715,#744,#60,.T.);
#567=EDGE_CURVE('',#744,#743,#875,.T.);
#568=EDGE_CURVE('',#745,#745,#88,.T.);
#569=EDGE_CURVE('',#744,#714,#61,.T.);
#570=EDGE_CURVE('',#739,#743,#876,.T.);
#571=EDGE_CURVE('',#746,#746,#89,.F.);
#572=EDGE_CURVE('',#723,#722,#62,.T.);
#573=EDGE_CURVE('',#721,#720,#63,.T.);
#574=EDGE_CURVE('',#719,#747,#90,.F.);
#575=EDGE_CURVE('',#747,#748,#91,.F.);
#576=EDGE_CURVE('',#748,#724,#92,.T.);
#577=EDGE_CURVE('',#718,#749,#24,.F.);
#578=EDGE_CURVE('',#749,#747,#877,.F.);
#579=EDGE_CURVE('',#750,#750,#93,.T.);
#580=EDGE_CURVE('',#751,#751,#94,.T.);
#581=EDGE_CURVE('',#752,#752,#95,.T.);
#582=EDGE_CURVE('',#753,#753,#96,.T.);
#583=EDGE_CURVE('',#754,#755,#878,.F.);
#584=EDGE_CURVE('',#755,#756,#879,.F.);
#585=EDGE_CURVE('',#756,#757,#880,.T.);
#586=EDGE_CURVE('',#757,#758,#97,.F.);
#587=EDGE_CURVE('',#758,#759,#881,.T.);
#588=EDGE_CURVE('',#759,#760,#882,.F.);
#589=EDGE_CURVE('',#760,#761,#883,.F.);
#590=EDGE_CURVE('',#761,#762,#98,.F.);
#591=EDGE_CURVE('',#762,#763,#884,.T.);
#592=EDGE_CURVE('',#763,#764,#885,.F.);
#593=EDGE_CURVE('',#764,#765,#886,.T.);
#594=EDGE_CURVE('',#765,#749,#887,.T.);
#595=EDGE_CURVE('',#725,#766,#25,.T.);
#596=EDGE_CURVE('',#766,#754,#888,.F.);
#597=EDGE_CURVE('',#748,#766,#889,.F.);
#598=EDGE_CURVE('',#767,#767,#99,.T.);
#599=EDGE_CURVE('',#768,#768,#100,.T.);
#600=EDGE_CURVE('',#769,#726,#890,.T.);
#601=EDGE_CURVE('',#770,#769,#891,.T.);
#602=EDGE_CURVE('',#727,#770,#892,.F.);
#603=EDGE_CURVE('',#771,#728,#893,.T.);
#604=EDGE_CURVE('',#769,#771,#894,.T.);
#605=EDGE_CURVE('',#772,#729,#895,.T.);
#606=EDGE_CURVE('',#771,#772,#896,.T.);
#607=EDGE_CURVE('',#772,#770,#897,.T.);
#608=EDGE_CURVE('',#773,#730,#898,.T.);
#609=EDGE_CURVE('',#774,#773,#899,.T.);
#610=EDGE_CURVE('',#731,#774,#900,.F.);
#611=EDGE_CURVE('',#775,#732,#901,.T.);
#612=EDGE_CURVE('',#773,#775,#902,.T.);
#613=EDGE_CURVE('',#776,#733,#903,.T.);
#614=EDGE_CURVE('',#775,#776,#904,.T.);
#615=EDGE_CURVE('',#776,#774,#905,.T.);
#616=EDGE_CURVE('',#777,#734,#906,.T.);
#617=EDGE_CURVE('',#778,#777,#907,.T.);
#618=EDGE_CURVE('',#735,#778,#908,.F.);
#619=EDGE_CURVE('',#779,#736,#909,.T.);
#620=EDGE_CURVE('',#777,#779,#910,.T.);
#621=EDGE_CURVE('',#780,#737,#911,.T.);
#622=EDGE_CURVE('',#779,#780,#912,.T.);
#623=EDGE_CURVE('',#780,#778,#913,.T.);
#624=EDGE_CURVE('',#781,#738,#914,.T.);
#625=EDGE_CURVE('',#782,#781,#915,.T.);
#626=EDGE_CURVE('',#739,#782,#916,.F.);
#627=EDGE_CURVE('',#783,#740,#917,.T.);
#628=EDGE_CURVE('',#784,#783,#918,.T.);
#629=EDGE_CURVE('',#785,#784,#919,.F.);
#630=EDGE_CURVE('',#761,#785,#920,.T.);
#631=EDGE_CURVE('',#781,#760,#921,.F.);
#632=EDGE_CURVE('',#786,#786,#101,.T.);
#633=EDGE_CURVE('',#787,#743,#922,.T.);
#634=EDGE_CURVE('',#783,#787,#923,.T.);
#635=EDGE_CURVE('',#788,#788,#102,.T.);
#636=EDGE_CURVE('',#759,#782,#924,.F.);
#637=EDGE_CURVE('',#789,#758,#925,.T.);
#638=EDGE_CURVE('',#790,#789,#926,.T.);
#639=EDGE_CURVE('',#787,#790,#927,.T.);
#640=EDGE_CURVE('',#791,#791,#64,.T.);
#641=EDGE_CURVE('',#792,#793,#103,.T.);
#642=EDGE_CURVE('',#793,#748,#928,.T.);
#643=EDGE_CURVE('',#747,#792,#929,.F.);
#644=EDGE_CURVE('',#794,#792,#930,.T.);
#645=EDGE_CURVE('',#794,#765,#65,.F.);
#646=EDGE_CURVE('',#795,#795,#104,.F.);
#647=EDGE_CURVE('',#796,#796,#105,.F.);
#648=EDGE_CURVE('',#797,#797,#106,.F.);
#649=EDGE_CURVE('',#798,#798,#107,.F.);
#650=EDGE_CURVE('',#799,#755,#931,.F.);
#651=EDGE_CURVE('',#800,#799,#108,.T.);
#652=EDGE_CURVE('',#801,#800,#109,.F.);
#653=EDGE_CURVE('',#802,#801,#110,.T.);
#654=EDGE_CURVE('',#764,#802,#932,.T.);
#655=EDGE_CURVE('',#803,#763,#933,.F.);
#656=EDGE_CURVE('',#784,#803,#934,.T.);
#657=EDGE_CURVE('',#804,#790,#935,.T.);
#658=EDGE_CURVE('',#756,#804,#936,.T.);
#659=EDGE_CURVE('',#805,#806,#937,.F.);
#660=EDGE_CURVE('',#806,#799,#938,.F.);
#661=EDGE_CURVE('',#754,#805,#66,.T.);
#662=EDGE_CURVE('',#807,#754,#67,.T.);
#663=EDGE_CURVE('',#793,#807,#939,.T.);
#664=EDGE_CURVE('',#808,#765,#68,.T.);
#665=EDGE_CURVE('',#802,#809,#940,.T.);
#666=EDGE_CURVE('',#809,#808,#941,.F.);
#667=EDGE_CURVE('',#785,#810,#111,.F.);
#668=EDGE_CURVE('',#810,#762,#942,.F.);
#669=EDGE_CURVE('',#757,#811,#943,.T.);
#670=EDGE_CURVE('',#811,#789,#112,.F.);
#671=EDGE_CURVE('',#812,#812,#113,.T.);
#672=EDGE_CURVE('',#813,#813,#114,.T.);
#673=EDGE_CURVE('',#814,#814,#115,.F.);
#674=EDGE_CURVE('',#815,#816,#69,.T.);
#675=EDGE_CURVE('',#817,#815,#944,.T.);
#676=EDGE_CURVE('',#818,#817,#945,.T.);
#677=EDGE_CURVE('',#819,#818,#70,.T.);
#678=EDGE_CURVE('',#820,#819,#946,.T.);
#679=EDGE_CURVE('',#821,#820,#947,.F.);
#680=EDGE_CURVE('',#822,#821,#71,.T.);
#681=EDGE_CURVE('',#816,#822,#116,.T.);
#682=EDGE_CURVE('',#810,#803,#948,.F.);
#683=EDGE_CURVE('',#804,#811,#949,.T.);
#684=EDGE_CURVE('',#823,#823,#117,.T.);
#685=EDGE_CURVE('',#792,#819,#118,.T.);
#686=EDGE_CURVE('',#818,#793,#119,.F.);
#687=EDGE_CURVE('',#794,#820,#72,.T.);
#688=EDGE_CURVE('',#806,#824,#73,.T.);
#689=EDGE_CURVE('',#824,#800,#950,.F.);
#690=EDGE_CURVE('',#816,#824,#74,.T.);
#691=EDGE_CURVE('',#825,#822,#75,.T.);
#692=EDGE_CURVE('',#801,#825,#951,.T.);
#693=EDGE_CURVE('',#825,#809,#76,.T.);
#694=EDGE_CURVE('',#817,#805,#77,.F.);
#695=EDGE_CURVE('',#806,#815,#78,.T.);
#696=EDGE_CURVE('',#807,#817,#79,.F.);
#697=EDGE_CURVE('',#808,#820,#80,.F.);
#698=EDGE_CURVE('',#821,#809,#81,.T.);
#699=VERTEX_POINT('',#1944);
#700=VERTEX_POINT('',#1945);
#701=VERTEX_POINT('',#1947);
#702=VERTEX_POINT('',#1949);
#703=VERTEX_POINT('',#1952);
#704=VERTEX_POINT('',#1953);
#705=VERTEX_POINT('',#1955);
#706=VERTEX_POINT('',#1957);
#707=VERTEX_POINT('',#1960);
#708=VERTEX_POINT('',#1961);
#709=VERTEX_POINT('',#1963);
#710=VERTEX_POINT('',#1965);
#711=VERTEX_POINT('',#1968);
#712=VERTEX_POINT('',#1969);
#713=VERTEX_POINT('',#1971);
#714=VERTEX_POINT('',#1973);
#715=VERTEX_POINT('',#1975);
#716=VERTEX_POINT('',#1977);
#717=VERTEX_POINT('',#1980);
#718=VERTEX_POINT('',#1982);
#719=VERTEX_POINT('',#1983);
#720=VERTEX_POINT('',#1993);
#721=VERTEX_POINT('',#1995);
#722=VERTEX_POINT('',#2013);
#723=VERTEX_POINT('',#2015);
#724=VERTEX_POINT('',#2025);
#725=VERTEX_POINT('',#2027);
#726=VERTEX_POINT('',#2031);
#727=VERTEX_POINT('',#2033);
#728=VERTEX_POINT('',#2037);
#729=VERTEX_POINT('',#2041);
#730=VERTEX_POINT('',#2047);
#731=VERTEX_POINT('',#2049);
#732=VERTEX_POINT('',#2053);
#733=VERTEX_POINT('',#2057);
#734=VERTEX_POINT('',#2063);
#735=VERTEX_POINT('',#2064);
#736=VERTEX_POINT('',#2069);
#737=VERTEX_POINT('',#2073);
#738=VERTEX_POINT('',#2079);
#739=VERTEX_POINT('',#2080);
#740=VERTEX_POINT('',#2085);
#741=VERTEX_POINT('',#2090);
#742=VERTEX_POINT('',#2094);
#743=VERTEX_POINT('',#2101);
#744=VERTEX_POINT('',#2106);
#745=VERTEX_POINT('',#2110);
#746=VERTEX_POINT('',#2119);
#747=VERTEX_POINT('',#2132);
#748=VERTEX_POINT('',#2134);
#749=VERTEX_POINT('',#2138);
#750=VERTEX_POINT('',#2142);
#751=VERTEX_POINT('',#2144);
#752=VERTEX_POINT('',#2146);
#753=VERTEX_POINT('',#2148);
#754=VERTEX_POINT('',#2150);
#755=VERTEX_POINT('',#2151);
#756=VERTEX_POINT('',#2153);
#757=VERTEX_POINT('',#2155);
#758=VERTEX_POINT('',#2157);
#759=VERTEX_POINT('',#2159);
#760=VERTEX_POINT('',#2161);
#761=VERTEX_POINT('',#2163);
#762=VERTEX_POINT('',#2165);
#763=VERTEX_POINT('',#2167);
#764=VERTEX_POINT('',#2169);
#765=VERTEX_POINT('',#2171);
#766=VERTEX_POINT('',#2174);
#767=VERTEX_POINT('',#2180);
#768=VERTEX_POINT('',#2183);
#769=VERTEX_POINT('',#2186);
#770=VERTEX_POINT('',#2188);
#771=VERTEX_POINT('',#2192);
#772=VERTEX_POINT('',#2196);
#773=VERTEX_POINT('',#2202);
#774=VERTEX_POINT('',#2204);
#775=VERTEX_POINT('',#2208);
#776=VERTEX_POINT('',#2212);
#777=VERTEX_POINT('',#2218);
#778=VERTEX_POINT('',#2220);
#779=VERTEX_POINT('',#2224);
#780=VERTEX_POINT('',#2228);
#781=VERTEX_POINT('',#2234);
#782=VERTEX_POINT('',#2236);
#783=VERTEX_POINT('',#2240);
#784=VERTEX_POINT('',#2242);
#785=VERTEX_POINT('',#2244);
#786=VERTEX_POINT('',#2249);
#787=VERTEX_POINT('',#2252);
#788=VERTEX_POINT('',#2256);
#789=VERTEX_POINT('',#2260);
#790=VERTEX_POINT('',#2262);
#791=VERTEX_POINT('',#2320);
#792=VERTEX_POINT('',#2323);
#793=VERTEX_POINT('',#2324);
#794=VERTEX_POINT('',#2329);
#795=VERTEX_POINT('',#2336);
#796=VERTEX_POINT('',#2339);
#797=VERTEX_POINT('',#2342);
#798=VERTEX_POINT('',#2345);
#799=VERTEX_POINT('',#2348);
#800=VERTEX_POINT('',#2350);
#801=VERTEX_POINT('',#2352);
#802=VERTEX_POINT('',#2354);
#803=VERTEX_POINT('',#2357);
#804=VERTEX_POINT('',#2360);
#805=VERTEX_POINT('',#2364);
#806=VERTEX_POINT('',#2365);
#807=VERTEX_POINT('',#2384);
#808=VERTEX_POINT('',#2399);
#809=VERTEX_POINT('',#2401);
#810=VERTEX_POINT('',#2405);
#811=VERTEX_POINT('',#2410);
#812=VERTEX_POINT('',#2414);
#813=VERTEX_POINT('',#2417);
#814=VERTEX_POINT('',#2420);
#815=VERTEX_POINT('',#2439);
#816=VERTEX_POINT('',#2440);
#817=VERTEX_POINT('',#2442);
#818=VERTEX_POINT('',#2444);
#819=VERTEX_POINT('',#2477);
#820=VERTEX_POINT('',#2479);
#821=VERTEX_POINT('',#2481);
#822=VERTEX_POINT('',#2500);
#823=VERTEX_POINT('',#2508);
#824=VERTEX_POINT('',#2545);
#825=VERTEX_POINT('',#2556);
#826=LINE('',#1943,#952);
#827=LINE('',#1946,#953);
#828=LINE('',#1948,#954);
#829=LINE('',#1950,#955);
#830=LINE('',#1951,#956);
#831=LINE('',#1954,#957);
#832=LINE('',#1956,#958);
#833=LINE('',#1958,#959);
#834=LINE('',#1959,#960);
#835=LINE('',#1962,#961);
#836=LINE('',#1964,#962);
#837=LINE('',#1966,#963);
#838=LINE('',#1967,#964);
#839=LINE('',#1970,#965);
#840=LINE('',#1972,#966);
#841=LINE('',#1976,#967);
#842=LINE('',#1981,#968);
#843=LINE('',#2026,#969);
#844=LINE('',#2028,#970);
#845=LINE('',#2030,#971);
#846=LINE('',#2032,#972);
#847=LINE('',#2034,#973);
#848=LINE('',#2036,#974);
#849=LINE('',#2038,#975);
#850=LINE('',#2040,#976);
#851=LINE('',#2042,#977);
#852=LINE('',#2044,#978);
#853=LINE('',#2046,#979);
#854=LINE('',#2048,#980);
#855=LINE('',#2050,#981);
#856=LINE('',#2052,#982);
#857=LINE('',#2054,#983);
#858=LINE('',#2056,#984);
#859=LINE('',#2058,#985);
#860=LINE('',#2060,#986);
#861=LINE('',#2062,#987);
#862=LINE('',#2065,#988);
#863=LINE('',#2066,#989);
#864=LINE('',#2068,#990);
#865=LINE('',#2070,#991);
#866=LINE('',#2072,#992);
#867=LINE('',#2074,#993);
#868=LINE('',#2076,#994);
#869=LINE('',#2078,#995);
#870=LINE('',#2081,#996);
#871=LINE('',#2082,#997);
#872=LINE('',#2084,#998);
#873=LINE('',#2091,#999);
#874=LINE('',#2100,#1000);
#875=LINE('',#2107,#1001);
#876=LINE('',#2116,#1002);
#877=LINE('',#2139,#1003);
#878=LINE('',#2149,#1004);
#879=LINE('',#2152,#1005);
#880=LINE('',#2154,#1006);
#881=LINE('',#2158,#1007);
#882=LINE('',#2160,#1008);
#883=LINE('',#2162,#1009);
#884=LINE('',#2166,#1010);
#885=LINE('',#2168,#1011);
#886=LINE('',#2170,#1012);
#887=LINE('',#2172,#1013);
#888=LINE('',#2175,#1014);
#889=LINE('',#2177,#1015);
#890=LINE('',#2185,#1016);
#891=LINE('',#2187,#1017);
#892=LINE('',#2189,#1018);
#893=LINE('',#2191,#1019);
#894=LINE('',#2193,#1020);
#895=LINE('',#2195,#1021);
#896=LINE('',#2197,#1022);
#897=LINE('',#2199,#1023);
#898=LINE('',#2201,#1024);
#899=LINE('',#2203,#1025);
#900=LINE('',#2205,#1026);
#901=LINE('',#2207,#1027);
#902=LINE('',#2209,#1028);
#903=LINE('',#2211,#1029);
#904=LINE('',#2213,#1030);
#905=LINE('',#2215,#1031);
#906=LINE('',#2217,#1032);
#907=LINE('',#2219,#1033);
#908=LINE('',#2221,#1034);
#909=LINE('',#2223,#1035);
#910=LINE('',#2225,#1036);
#911=LINE('',#2227,#1037);
#912=LINE('',#2229,#1038);
#913=LINE('',#2231,#1039);
#914=LINE('',#2233,#1040);
#915=LINE('',#2235,#1041);
#916=LINE('',#2237,#1042);
#917=LINE('',#2239,#1043);
#918=LINE('',#2241,#1044);
#919=LINE('',#2243,#1045);
#920=LINE('',#2245,#1046);
#921=LINE('',#2246,#1047);
#922=LINE('',#2251,#1048);
#923=LINE('',#2253,#1049);
#924=LINE('',#2258,#1050);
#925=LINE('',#2259,#1051);
#926=LINE('',#2261,#1052);
#927=LINE('',#2263,#1053);
#928=LINE('',#2325,#1054);
#929=LINE('',#2326,#1055);
#930=LINE('',#2328,#1056);
#931=LINE('',#2347,#1057);
#932=LINE('',#2355,#1058);
#933=LINE('',#2356,#1059);
#934=LINE('',#2358,#1060);
#935=LINE('',#2359,#1061);
#936=LINE('',#2361,#1062);
#937=LINE('',#2363,#1063);
#938=LINE('',#2366,#1064);
#939=LINE('',#2385,#1065);
#940=LINE('',#2400,#1066);
#941=LINE('',#2402,#1067);
#942=LINE('',#2406,#1068);
#943=LINE('',#2409,#1069);
#944=LINE('',#2441,#1070);
#945=LINE('',#2443,#1071);
#946=LINE('',#2478,#1072);
#947=LINE('',#2480,#1073);
#948=LINE('',#2503,#1074);
#949=LINE('',#2505,#1075);
#950=LINE('',#2546,#1076);
#951=LINE('',#2557,#1077);
#952=VECTOR('',#1579,1.);
#953=VECTOR('',#1580,1.);
#954=VECTOR('',#1581,1.);
#955=VECTOR('',#1582,1.);
#956=VECTOR('',#1583,1.);
#957=VECTOR('',#1584,1.);
#958=VECTOR('',#1585,1.);
#959=VECTOR('',#1586,1.);
#960=VECTOR('',#1587,1.);
#961=VECTOR('',#1588,1.);
#962=VECTOR('',#1589,1.);
#963=VECTOR('',#1590,1.);
#964=VECTOR('',#1591,1.);
#965=VECTOR('',#1592,1.);
#966=VECTOR('',#1593,1.);
#967=VECTOR('',#1596,1.);
#968=VECTOR('',#1601,1.);
#969=VECTOR('',#1606,1.);
#970=VECTOR('',#1607,1.);
#971=VECTOR('',#1610,1.);
#972=VECTOR('',#1611,1.);
#973=VECTOR('',#1612,1.);
#974=VECTOR('',#1615,1.);
#975=VECTOR('',#1616,1.);
#976=VECTOR('',#1619,1.);
#977=VECTOR('',#1620,1.);
#978=VECTOR('',#1623,1.);
#979=VECTOR('',#1626,1.);
#980=VECTOR('',#1627,1.);
#981=VECTOR('',#1628,1.);
#982=VECTOR('',#1631,1.);
#983=VECTOR('',#1632,1.);
#984=VECTOR('',#1635,1.);
#985=VECTOR('',#1636,1.);
#986=VECTOR('',#1639,1.);
#987=VECTOR('',#1642,1.);
#988=VECTOR('',#1643,1.);
#989=VECTOR('',#1644,1.);
#990=VECTOR('',#1647,1.);
#991=VECTOR('',#1648,1.);
#992=VECTOR('',#1651,1.);
#993=VECTOR('',#1652,1.);
#994=VECTOR('',#1655,1.);
#995=VECTOR('',#1658,1.);
#996=VECTOR('',#1659,1.);
#997=VECTOR('',#1660,1.);
#998=VECTOR('',#1663,1.);
#999=VECTOR('',#1664,1.);
#1000=VECTOR('',#1671,1.);
#1001=VECTOR('',#1672,1.);
#1002=VECTOR('',#1679,1.);
#1003=VECTOR('',#1696,1.);
#1004=VECTOR('',#1707,1.);
#1005=VECTOR('',#1708,1.);
#1006=VECTOR('',#1709,1.);
#1007=VECTOR('',#1712,1.);
#1008=VECTOR('',#1713,1.);
#1009=VECTOR('',#1714,1.);
#1010=VECTOR('',#1717,1.);
#1011=VECTOR('',#1718,1.);
#1012=VECTOR('',#1719,1.);
#1013=VECTOR('',#1720,1.);
#1014=VECTOR('',#1723,1.);
#1015=VECTOR('',#1726,1.);
#1016=VECTOR('',#1737,1.);
#1017=VECTOR('',#1738,1.);
#1018=VECTOR('',#1739,1.);
#1019=VECTOR('',#1742,1.);
#1020=VECTOR('',#1743,1.);
#1021=VECTOR('',#1746,1.);
#1022=VECTOR('',#1747,1.);
#1023=VECTOR('',#1750,1.);
#1024=VECTOR('',#1753,1.);
#1025=VECTOR('',#1754,1.);
#1026=VECTOR('',#1755,1.);
#1027=VECTOR('',#1758,1.);
#1028=VECTOR('',#1759,1.);
#1029=VECTOR('',#1762,1.);
#1030=VECTOR('',#1763,1.);
#1031=VECTOR('',#1766,1.);
#1032=VECTOR('',#1769,1.);
#1033=VECTOR('',#1770,1.);
#1034=VECTOR('',#1771,1.);
#1035=VECTOR('',#1774,1.);
#1036=VECTOR('',#1775,1.);
#1037=VECTOR('',#1778,1.);
#1038=VECTOR('',#1779,1.);
#1039=VECTOR('',#1782,1.);
#1040=VECTOR('',#1785,1.);
#1041=VECTOR('',#1786,1.);
#1042=VECTOR('',#1787,1.);
#1043=VECTOR('',#1790,1.);
#1044=VECTOR('',#1791,1.);
#1045=VECTOR('',#1792,1.);
#1046=VECTOR('',#1793,1.);
#1047=VECTOR('',#1794,1.);
#1048=VECTOR('',#1801,1.);
#1049=VECTOR('',#1802,1.);
#1050=VECTOR('',#1809,1.);
#1051=VECTOR('',#1810,1.);
#1052=VECTOR('',#1811,1.);
#1053=VECTOR('',#1812,1.);
#1054=VECTOR('',#1819,1.);
#1055=VECTOR('',#1820,1.);
#1056=VECTOR('',#1823,1.);
#1057=VECTOR('',#1842,1.);
#1058=VECTOR('',#1849,1.);
#1059=VECTOR('',#1850,1.);
#1060=VECTOR('',#1851,1.);
#1061=VECTOR('',#1852,1.);
#1062=VECTOR('',#1853,1.);
#1063=VECTOR('',#1856,1.);
#1064=VECTOR('',#1857,1.);
#1065=VECTOR('',#1860,1.);
#1066=VECTOR('',#1863,1.);
#1067=VECTOR('',#1864,1.);
#1068=VECTOR('',#1869,1.);
#1069=VECTOR('',#1874,1.);
#1070=VECTOR('',#1889,1.);
#1071=VECTOR('',#1890,1.);
#1072=VECTOR('',#1891,1.);
#1073=VECTOR('',#1892,1.);
#1074=VECTOR('',#1897,1.);
#1075=VECTOR('',#1900,1.);
#1076=VECTOR('',#1925,1.);
#1077=VECTOR('',#1928,1.);
#1078=EDGE_LOOP('',(#120,#121,#122,#123));
#1079=EDGE_LOOP('',(#124,#125,#126,#127));
#1080=EDGE_LOOP('',(#128,#129,#130,#131));
#1081=EDGE_LOOP('',(#132,#133,#134,#135,#136,#137));
#1082=EDGE_LOOP('',(#138));
#1083=EDGE_LOOP('',(#139,#140,#141,#142,#143,#144,#145,#146));
#1084=EDGE_LOOP('',(#147,#148,#149,#150));
#1085=EDGE_LOOP('',(#151,#152,#153,#154));
#1086=EDGE_LOOP('',(#155,#156,#157,#158));
#1087=EDGE_LOOP('',(#159,#160,#161,#162));
#1088=EDGE_LOOP('',(#163,#164,#165,#166));
#1089=EDGE_LOOP('',(#167,#168,#169,#170));
#1090=EDGE_LOOP('',(#171,#172,#173,#174));
#1091=EDGE_LOOP('',(#175,#176,#177,#178));
#1092=EDGE_LOOP('',(#179,#180,#181,#182));
#1093=EDGE_LOOP('',(#183,#184,#185,#186));
#1094=EDGE_LOOP('',(#187,#188,#189,#190));
#1095=EDGE_LOOP('',(#191,#192,#193,#194));
#1096=EDGE_LOOP('',(#195,#196,#197,#198));
#1097=EDGE_LOOP('',(#199,#200,#201,#202,#203));
#1098=EDGE_LOOP('',(#204));
#1099=EDGE_LOOP('',(#205,#206,#207));
#1100=EDGE_LOOP('',(#208,#209,#210,#211,#212,#213));
#1101=EDGE_LOOP('',(#214));
#1102=EDGE_LOOP('',(#215,#216,#217));
#1103=EDGE_LOOP('',(#218,#219,#220,#221,#222));
#1104=EDGE_LOOP('',(#223));
#1105=EDGE_LOOP('',(#224));
#1106=EDGE_LOOP('',(#225,#226,#227,#228,#229,#230,#231,#232));
#1107=EDGE_LOOP('',(#233,#234,#235,#236));
#1108=EDGE_LOOP('',(#237));
#1109=EDGE_LOOP('',(#238));
#1110=EDGE_LOOP('',(#239));
#1111=EDGE_LOOP('',(#240));
#1112=EDGE_LOOP('',(#241,#242,#243,#244,#245,#246,#247,#248,#249,#250,#251,
#252,#253,#254,#255,#256));
#1113=EDGE_LOOP('',(#257,#258,#259,#260));
#1114=EDGE_LOOP('',(#261));
#1115=EDGE_LOOP('',(#262,#263));
#1116=EDGE_LOOP('',(#264));
#1117=EDGE_LOOP('',(#265,#266));
#1118=EDGE_LOOP('',(#267,#268,#269,#270));
#1119=EDGE_LOOP('',(#271,#272,#273,#274));
#1120=EDGE_LOOP('',(#275,#276,#277,#278));
#1121=EDGE_LOOP('',(#279,#280,#281,#282));
#1122=EDGE_LOOP('',(#283,#284,#285,#286));
#1123=EDGE_LOOP('',(#287,#288,#289,#290));
#1124=EDGE_LOOP('',(#291,#292,#293,#294));
#1125=EDGE_LOOP('',(#295,#296,#297,#298));
#1126=EDGE_LOOP('',(#299,#300,#301,#302));
#1127=EDGE_LOOP('',(#303,#304,#305,#306));
#1128=EDGE_LOOP('',(#307,#308,#309,#310));
#1129=EDGE_LOOP('',(#311,#312,#313,#314));
#1130=EDGE_LOOP('',(#315,#316,#317,#318));
#1131=EDGE_LOOP('',(#319,#320,#321,#322,#323,#324,#325,#326));
#1132=EDGE_LOOP('',(#327));
#1133=EDGE_LOOP('',(#328));
#1134=EDGE_LOOP('',(#329,#330,#331,#332));
#1135=EDGE_LOOP('',(#333));
#1136=EDGE_LOOP('',(#334));
#1137=EDGE_LOOP('',(#335,#336,#337,#338,#339,#340,#341,#342));
#1138=EDGE_LOOP('',(#343));
#1139=EDGE_LOOP('',(#344));
#1140=EDGE_LOOP('',(#345,#346,#347,#348));
#1141=EDGE_LOOP('',(#349,#350,#351,#352,#353));
#1142=EDGE_LOOP('',(#354));
#1143=EDGE_LOOP('',(#355));
#1144=EDGE_LOOP('',(#356));
#1145=EDGE_LOOP('',(#357));
#1146=EDGE_LOOP('',(#358));
#1147=EDGE_LOOP('',(#359));
#1148=EDGE_LOOP('',(#360));
#1149=EDGE_LOOP('',(#361));
#1150=EDGE_LOOP('',(#362));
#1151=EDGE_LOOP('',(#363));
#1152=EDGE_LOOP('',(#364,#365,#366,#367,#368,#369,#370,#371,#372,#373,#374,
#375,#376,#377));
#1153=EDGE_LOOP('',(#378,#379,#380,#381,#382));
#1154=EDGE_LOOP('',(#383,#384,#385,#386,#387));
#1155=EDGE_LOOP('',(#388,#389,#390,#391,#392));
#1156=EDGE_LOOP('',(#393,#394,#395,#396));
#1157=EDGE_LOOP('',(#397,#398,#399,#400));
#1158=EDGE_LOOP('',(#401,#402,#403,#404));
#1159=EDGE_LOOP('',(#405));
#1160=EDGE_LOOP('',(#406));
#1161=EDGE_LOOP('',(#407));
#1162=EDGE_LOOP('',(#408));
#1163=EDGE_LOOP('',(#409));
#1164=EDGE_LOOP('',(#410));
#1165=EDGE_LOOP('',(#411,#412,#413,#414));
#1166=EDGE_LOOP('',(#415,#416,#417,#418));
#1167=EDGE_LOOP('',(#419,#420,#421,#422));
#1168=EDGE_LOOP('',(#423));
#1169=EDGE_LOOP('',(#424,#425,#426,#427,#428,#429,#430,#431));
#1170=EDGE_LOOP('',(#432,#433,#434,#435));
#1171=EDGE_LOOP('',(#436,#437,#438,#439));
#1172=EDGE_LOOP('',(#440));
#1173=EDGE_LOOP('',(#441));
#1174=EDGE_LOOP('',(#442,#443,#444,#445));
#1175=EDGE_LOOP('',(#446,#447,#448,#449));
#1176=EDGE_LOOP('',(#450));
#1177=EDGE_LOOP('',(#451));
#1178=EDGE_LOOP('',(#452));
#1179=EDGE_LOOP('',(#453));
#1180=EDGE_LOOP('',(#454,#455,#456,#457));
#1181=EDGE_LOOP('',(#458,#459,#460,#461));
#1182=EDGE_LOOP('',(#462,#463,#464,#465,#466,#467));
#1183=EDGE_LOOP('',(#468,#469,#470,#471));
#1184=EDGE_LOOP('',(#472,#473,#474,#475));
#1185=EDGE_LOOP('',(#476,#477,#478,#479));
#1186=EDGE_LOOP('',(#480,#481,#482,#483));
#1187=EDGE_LOOP('',(#484,#485,#486,#487));
#1188=EDGE_LOOP('',(#488,#489,#490,#491));
#1189=EDGE_LOOP('',(#492,#493,#494,#495));
#1190=EDGE_LOOP('',(#496));
#1191=EDGE_LOOP('',(#497));
#1192=EDGE_LOOP('',(#498,#499,#500,#501));
#1193=EDGE_LOOP('',(#502,#503,#504,#505));
#1194=FACE_BOUND('',#1078,.T.);
#1195=FACE_BOUND('',#1079,.T.);
#1196=FACE_BOUND('',#1080,.T.);
#1197=FACE_BOUND('',#1081,.T.);
#1198=FACE_BOUND('',#1082,.T.);
#1199=FACE_BOUND('',#1083,.T.);
#1200=FACE_BOUND('',#1084,.T.);
#1201=FACE_BOUND('',#1085,.T.);
#1202=FACE_BOUND('',#1086,.T.);
#1203=FACE_BOUND('',#1087,.T.);
#1204=FACE_BOUND('',#1088,.T.);
#1205=FACE_BOUND('',#1089,.T.);
#1206=FACE_BOUND('',#1090,.T.);
#1207=FACE_BOUND('',#1091,.T.);
#1208=FACE_BOUND('',#1092,.T.);
#1209=FACE_BOUND('',#1093,.T.);
#1210=FACE_BOUND('',#1094,.T.);
#1211=FACE_BOUND('',#1095,.T.);
#1212=FACE_BOUND('',#1096,.T.);
#1213=FACE_BOUND('',#1097,.T.);
#1214=FACE_BOUND('',#1098,.T.);
#1215=FACE_BOUND('',#1099,.T.);
#1216=FACE_BOUND('',#1100,.T.);
#1217=FACE_BOUND('',#1101,.T.);
#1218=FACE_BOUND('',#1102,.T.);
#1219=FACE_BOUND('',#1103,.T.);
#1220=FACE_BOUND('',#1104,.T.);
#1221=FACE_BOUND('',#1105,.T.);
#1222=FACE_BOUND('',#1106,.T.);
#1223=FACE_BOUND('',#1107,.T.);
#1224=FACE_BOUND('',#1108,.T.);
#1225=FACE_BOUND('',#1109,.T.);
#1226=FACE_BOUND('',#1110,.T.);
#1227=FACE_BOUND('',#1111,.T.);
#1228=FACE_BOUND('',#1112,.T.);
#1229=FACE_BOUND('',#1113,.T.);
#1230=FACE_BOUND('',#1114,.T.);
#1231=FACE_BOUND('',#1115,.T.);
#1232=FACE_BOUND('',#1116,.T.);
#1233=FACE_BOUND('',#1117,.T.);
#1234=FACE_BOUND('',#1118,.T.);
#1235=FACE_BOUND('',#1119,.T.);
#1236=FACE_BOUND('',#1120,.T.);
#1237=FACE_BOUND('',#1121,.T.);
#1238=FACE_BOUND('',#1122,.T.);
#1239=FACE_BOUND('',#1123,.T.);
#1240=FACE_BOUND('',#1124,.T.);
#1241=FACE_BOUND('',#1125,.T.);
#1242=FACE_BOUND('',#1126,.T.);
#1243=FACE_BOUND('',#1127,.T.);
#1244=FACE_BOUND('',#1128,.T.);
#1245=FACE_BOUND('',#1129,.T.);
#1246=FACE_BOUND('',#1130,.T.);
#1247=FACE_BOUND('',#1131,.T.);
#1248=FACE_BOUND('',#1132,.T.);
#1249=FACE_BOUND('',#1133,.T.);
#1250=FACE_BOUND('',#1134,.T.);
#1251=FACE_BOUND('',#1135,.T.);
#1252=FACE_BOUND('',#1136,.T.);
#1253=FACE_BOUND('',#1137,.T.);
#1254=FACE_BOUND('',#1138,.T.);
#1255=FACE_BOUND('',#1139,.T.);
#1256=FACE_BOUND('',#1140,.T.);
#1257=FACE_BOUND('',#1141,.T.);
#1258=FACE_BOUND('',#1142,.T.);
#1259=FACE_BOUND('',#1143,.T.);
#1260=FACE_BOUND('',#1144,.T.);
#1261=FACE_BOUND('',#1145,.T.);
#1262=FACE_BOUND('',#1146,.T.);
#1263=FACE_BOUND('',#1147,.T.);
#1264=FACE_BOUND('',#1148,.T.);
#1265=FACE_BOUND('',#1149,.T.);
#1266=FACE_BOUND('',#1150,.T.);
#1267=FACE_BOUND('',#1151,.T.);
#1268=FACE_BOUND('',#1152,.T.);
#1269=FACE_BOUND('',#1153,.T.);
#1270=FACE_BOUND('',#1154,.T.);
#1271=FACE_BOUND('',#1155,.T.);
#1272=FACE_BOUND('',#1156,.T.);
#1273=FACE_BOUND('',#1157,.T.);
#1274=FACE_BOUND('',#1158,.T.);
#1275=FACE_BOUND('',#1159,.T.);
#1276=FACE_BOUND('',#1160,.T.);
#1277=FACE_BOUND('',#1161,.T.);
#1278=FACE_BOUND('',#1162,.T.);
#1279=FACE_BOUND('',#1163,.T.);
#1280=FACE_BOUND('',#1164,.T.);
#1281=FACE_BOUND('',#1165,.T.);
#1282=FACE_BOUND('',#1166,.T.);
#1283=FACE_BOUND('',#1167,.T.);
#1284=FACE_BOUND('',#1168,.T.);
#1285=FACE_BOUND('',#1169,.T.);
#1286=FACE_BOUND('',#1170,.T.);
#1287=FACE_BOUND('',#1171,.T.);
#1288=FACE_BOUND('',#1172,.T.);
#1289=FACE_BOUND('',#1173,.T.);
#1290=FACE_BOUND('',#1174,.T.);
#1291=FACE_BOUND('',#1175,.T.);
#1292=FACE_BOUND('',#1176,.T.);
#1293=FACE_BOUND('',#1177,.T.);
#1294=FACE_BOUND('',#1178,.T.);
#1295=FACE_BOUND('',#1179,.T.);
#1296=FACE_BOUND('',#1180,.T.);
#1297=FACE_BOUND('',#1181,.T.);
#1298=FACE_BOUND('',#1182,.T.);
#1299=FACE_BOUND('',#1183,.T.);
#1300=FACE_BOUND('',#1184,.T.);
#1301=FACE_BOUND('',#1185,.T.);
#1302=FACE_BOUND('',#1186,.T.);
#1303=FACE_BOUND('',#1187,.T.);
#1304=FACE_BOUND('',#1188,.T.);
#1305=FACE_BOUND('',#1189,.T.);
#1306=FACE_BOUND('',#1190,.T.);
#1307=FACE_BOUND('',#1191,.T.);
#1308=FACE_BOUND('',#1192,.T.);
#1309=FACE_BOUND('',#1193,.T.);
#1310=PLANE('',#1456);
#1311=PLANE('',#1462);
#1312=PLANE('',#1463);
#1313=PLANE('',#1464);
#1314=PLANE('',#1465);
#1315=PLANE('',#1466);
#1316=PLANE('',#1467);
#1317=PLANE('',#1468);
#1318=PLANE('',#1469);
#1319=PLANE('',#1470);
#1320=PLANE('',#1471);
#1321=PLANE('',#1472);
#1322=PLANE('',#1473);
#1323=PLANE('',#1474);
#1324=PLANE('',#1475);
#1325=PLANE('',#1478);
#1326=PLANE('',#1481);
#1327=PLANE('',#1490);
#1328=PLANE('',#1503);
#1329=PLANE('',#1504);
#1330=PLANE('',#1505);
#1331=PLANE('',#1506);
#1332=PLANE('',#1507);
#1333=PLANE('',#1508);
#1334=PLANE('',#1509);
#1335=PLANE('',#1510);
#1336=PLANE('',#1511);
#1337=PLANE('',#1512);
#1338=PLANE('',#1513);
#1339=PLANE('',#1514);
#1340=PLANE('',#1515);
#1341=PLANE('',#1516);
#1342=PLANE('',#1519);
#1343=PLANE('',#1522);
#1344=PLANE('',#1526);
#1345=PLANE('',#1535);
#1346=PLANE('',#1539);
#1347=PLANE('',#1540);
#1348=PLANE('',#1541);
#1349=PLANE('',#1544);
#1350=PLANE('',#1551);
#1351=PLANE('',#1554);
#1352=PLANE('',#1555);
#1353=PLANE('',#1556);
#1354=PLANE('',#1562);
#1355=PLANE('',#1563);
#1356=PLANE('',#1564);
#1357=PLANE('',#1565);
#1358=PLANE('',#1566);
#1359=PLANE('',#1570);
#1360=ADVANCED_FACE('',(#1194,#1195,#1196,#1197,#1198,#1199),#1310,.T.);
#1361=ADVANCED_FACE('',(#1200),#1311,.T.);
#1362=ADVANCED_FACE('',(#1201),#1312,.T.);
#1363=ADVANCED_FACE('',(#1202),#1313,.T.);
#1364=ADVANCED_FACE('',(#1203),#1314,.T.);
#1365=ADVANCED_FACE('',(#1204),#1315,.T.);
#1366=ADVANCED_FACE('',(#1205),#1316,.T.);
#1367=ADVANCED_FACE('',(#1206),#1317,.T.);
#1368=ADVANCED_FACE('',(#1207),#1318,.T.);
#1369=ADVANCED_FACE('',(#1208),#1319,.T.);
#1370=ADVANCED_FACE('',(#1209),#1320,.T.);
#1371=ADVANCED_FACE('',(#1210),#1321,.T.);
#1372=ADVANCED_FACE('',(#1211),#1322,.T.);
#1373=ADVANCED_FACE('',(#1212),#1323,.T.);
#1374=ADVANCED_FACE('',(#1213),#1324,.T.);
#1375=ADVANCED_FACE('',(#1214,#1215),#51,.F.);
#1376=ADVANCED_FACE('',(#1216),#1325,.T.);
#1377=ADVANCED_FACE('',(#1217,#1218),#52,.F.);
#1378=ADVANCED_FACE('',(#1219),#1326,.T.);
#1379=ADVANCED_FACE('',(#1220,#1221),#29,.F.);
#1380=ADVANCED_FACE('',(#1222),#26,.T.);
#1381=ADVANCED_FACE('',(#1223),#30,.T.);
#1382=ADVANCED_FACE('',(#1224,#1225,#1226,#1227,#1228),#1327,.T.);
#1383=ADVANCED_FACE('',(#1229),#31,.T.);
#1384=ADVANCED_FACE('',(#1230,#1231),#53,.F.);
#1385=ADVANCED_FACE('',(#1232,#1233),#54,.F.);
#1386=ADVANCED_FACE('',(#1234),#1328,.F.);
#1387=ADVANCED_FACE('',(#1235),#1329,.F.);
#1388=ADVANCED_FACE('',(#1236),#1330,.F.);
#1389=ADVANCED_FACE('',(#1237),#1331,.F.);
#1390=ADVANCED_FACE('',(#1238),#1332,.F.);
#1391=ADVANCED_FACE('',(#1239),#1333,.F.);
#1392=ADVANCED_FACE('',(#1240),#1334,.F.);
#1393=ADVANCED_FACE('',(#1241),#1335,.F.);
#1394=ADVANCED_FACE('',(#1242),#1336,.F.);
#1395=ADVANCED_FACE('',(#1243),#1337,.F.);
#1396=ADVANCED_FACE('',(#1244),#1338,.F.);
#1397=ADVANCED_FACE('',(#1245),#1339,.F.);
#1398=ADVANCED_FACE('',(#1246),#1340,.F.);
#1399=ADVANCED_FACE('',(#1247),#1341,.F.);
#1400=ADVANCED_FACE('',(#1248,#1249),#32,.F.);
#1401=ADVANCED_FACE('',(#1250),#1342,.F.);
#1402=ADVANCED_FACE('',(#1251,#1252),#33,.F.);
#1403=ADVANCED_FACE('',(#1253),#1343,.F.);
#1404=ADVANCED_FACE('',(#1254,#1255),#27,.T.);
#1405=ADVANCED_FACE('',(#1256),#34,.T.);
#1406=ADVANCED_FACE('',(#1257),#1344,.T.);
#1407=ADVANCED_FACE('',(#1258,#1259),#35,.F.);
#1408=ADVANCED_FACE('',(#1260,#1261),#36,.F.);
#1409=ADVANCED_FACE('',(#1262,#1263),#37,.F.);
#1410=ADVANCED_FACE('',(#1264,#1265),#38,.F.);
#1411=ADVANCED_FACE('',(#1266,#1267,#1268),#1345,.F.);
#1412=ADVANCED_FACE('',(#1269),#1346,.T.);
#1413=ADVANCED_FACE('',(#1270),#1347,.T.);
#1414=ADVANCED_FACE('',(#1271),#1348,.T.);
#1415=ADVANCED_FACE('',(#1272),#39,.T.);
#1416=ADVANCED_FACE('',(#1273),#1349,.F.);
#1417=ADVANCED_FACE('',(#1274),#40,.T.);
#1418=ADVANCED_FACE('',(#1275,#1276),#41,.F.);
#1419=ADVANCED_FACE('',(#1277,#1278),#42,.F.);
#1420=ADVANCED_FACE('',(#1279,#1280,#1281,#1282,#1283,#1284,#1285),#1350,
 .F.);
#1421=ADVANCED_FACE('',(#1286),#1351,.F.);
#1422=ADVANCED_FACE('',(#1287),#1352,.F.);
#1423=ADVANCED_FACE('',(#1288,#1289),#1353,.F.);
#1424=ADVANCED_FACE('',(#1290),#28,.T.);
#1425=ADVANCED_FACE('',(#1291),#43,.T.);
#1426=ADVANCED_FACE('',(#1292),#1354,.F.);
#1427=ADVANCED_FACE('',(#1293),#1355,.F.);
#1428=ADVANCED_FACE('',(#1294),#1356,.F.);
#1429=ADVANCED_FACE('',(#1295),#1357,.F.);
#1430=ADVANCED_FACE('',(#1296),#1358,.F.);
#1431=ADVANCED_FACE('',(#1297),#44,.T.);
#1432=ADVANCED_FACE('',(#1298),#45,.F.);
#1433=ADVANCED_FACE('',(#1299),#46,.T.);
#1434=ADVANCED_FACE('',(#1300),#1359,.F.);
#1435=ADVANCED_FACE('',(#1301),#47,.F.);
#1436=ADVANCED_FACE('',(#1302),#20,.T.);
#1437=ADVANCED_FACE('',(#1303),#48,.T.);
#1438=ADVANCED_FACE('',(#1304),#21,.T.);
#1439=ADVANCED_FACE('',(#1305),#49,.F.);
#1440=ADVANCED_FACE('',(#1306,#1307),#50,.F.);
#1441=ADVANCED_FACE('',(#1308),#22,.F.);
#1442=ADVANCED_FACE('',(#1309),#23,.F.);
#1443=CLOSED_SHELL('',(#1360,#1361,#1362,#1363,#1364,#1365,#1366,#1367,
#1368,#1369,#1370,#1371,#1372,#1373,#1374,#1375,#1376,#1377,#1378,#1379,
#1380,#1381,#1382,#1383,#1384,#1385,#1386,#1387,#1388,#1389,#1390,#1391,
#1392,#1393,#1394,#1395,#1396,#1397,#1398,#1399,#1400,#1401,#1402,#1403,
#1404,#1405,#1406,#1407,#1408,#1409,#1410,#1411,#1412,#1413,#1414,#1415,
#1416,#1417,#1418,#1419,#1420,#1421,#1422,#1423,#1424,#1425,#1426,#1427,
#1428,#1429,#1430,#1431,#1432,#1433,#1434,#1435,#1436,#1437,#1438,#1439,
#1440,#1441,#1442));
#1444=STYLED_ITEM('',(#1445),#1452);
#1445=PRESENTATION_STYLE_ASSIGNMENT((#1446));
#1446=SURFACE_STYLE_USAGE(.BOTH.,#1447);
#1447=SURFACE_SIDE_STYLE('',(#1448));
#1448=SURFACE_STYLE_FILL_AREA(#1449);
#1449=FILL_AREA_STYLE('',(#1450));
#1450=FILL_AREA_STYLE_COLOUR('',#1451);
#1451=COLOUR_RGB('',0.745098039215686,0.745098039215686,0.745098039215686);
#1452=MANIFOLD_SOLID_BREP('KP0071-01_EndAxisHubHalf',#1443);
#1453=SHAPE_DEFINITION_REPRESENTATION(#2876,#1454);
#1454=SHAPE_REPRESENTATION('KP0071-01_EndAxisHubHalf',(#1455),#2871);
#1455=AXIS2_PLACEMENT_3D('',#1941,#1575,#1576);
#1456=AXIS2_PLACEMENT_3D('',#1942,#1577,#1578);
#1457=AXIS2_PLACEMENT_3D('',#1974,#1594,#1595);
#1458=AXIS2_PLACEMENT_3D('',#1978,#1597,#1598);
#1459=AXIS2_PLACEMENT_3D('',#1979,#1599,#1600);
#1460=AXIS2_PLACEMENT_3D('',#1994,#1602,#1603);
#1461=AXIS2_PLACEMENT_3D('',#2014,#1604,#1605);
#1462=AXIS2_PLACEMENT_3D('',#2029,#1608,#1609);
#1463=AXIS2_PLACEMENT_3D('',#2035,#1613,#1614);
#1464=AXIS2_PLACEMENT_3D('',#2039,#1617,#1618);
#1465=AXIS2_PLACEMENT_3D('',#2043,#1621,#1622);
#1466=AXIS2_PLACEMENT_3D('',#2045,#1624,#1625);
#1467=AXIS2_PLACEMENT_3D('',#2051,#1629,#1630);
#1468=AXIS2_PLACEMENT_3D('',#2055,#1633,#1634);
#1469=AXIS2_PLACEMENT_3D('',#2059,#1637,#1638);
#1470=AXIS2_PLACEMENT_3D('',#2061,#1640,#1641);
#1471=AXIS2_PLACEMENT_3D('',#2067,#1645,#1646);
#1472=AXIS2_PLACEMENT_3D('',#2071,#1649,#1650);
#1473=AXIS2_PLACEMENT_3D('',#2075,#1653,#1654);
#1474=AXIS2_PLACEMENT_3D('',#2077,#1656,#1657);
#1475=AXIS2_PLACEMENT_3D('',#2083,#1661,#1662);
#1476=AXIS2_PLACEMENT_3D('',#2092,#1665,#1666);
#1477=AXIS2_PLACEMENT_3D('',#2093,#1667,#1668);
#1478=AXIS2_PLACEMENT_3D('',#2099,#1669,#1670);
#1479=AXIS2_PLACEMENT_3D('',#2108,#1673,#1674);
#1480=AXIS2_PLACEMENT_3D('',#2109,#1675,#1676);
#1481=AXIS2_PLACEMENT_3D('',#2115,#1677,#1678);
#1482=AXIS2_PLACEMENT_3D('',#2117,#1680,#1681);
#1483=AXIS2_PLACEMENT_3D('',#2118,#1682,#1683);
#1484=AXIS2_PLACEMENT_3D('',#2120,#1684,#1685);
#1485=AXIS2_PLACEMENT_3D('',#2131,#1686,#1687);
#1486=AXIS2_PLACEMENT_3D('',#2133,#1688,#1689);
#1487=AXIS2_PLACEMENT_3D('',#2135,#1690,#1691);
#1488=AXIS2_PLACEMENT_3D('',#2136,#1692,#1693);
#1489=AXIS2_PLACEMENT_3D('',#2137,#1694,#1695);
#1490=AXIS2_PLACEMENT_3D('',#2140,#1697,#1698);
#1491=AXIS2_PLACEMENT_3D('',#2141,#1699,#1700);
#1492=AXIS2_PLACEMENT_3D('',#2143,#1701,#1702);
#1493=AXIS2_PLACEMENT_3D('',#2145,#1703,#1704);
#1494=AXIS2_PLACEMENT_3D('',#2147,#1705,#1706);
#1495=AXIS2_PLACEMENT_3D('',#2156,#1710,#1711);
#1496=AXIS2_PLACEMENT_3D('',#2164,#1715,#1716);
#1497=AXIS2_PLACEMENT_3D('',#2173,#1721,#1722);
#1498=AXIS2_PLACEMENT_3D('',#2176,#1724,#1725);
#1499=AXIS2_PLACEMENT_3D('',#2178,#1727,#1728);
#1500=AXIS2_PLACEMENT_3D('',#2179,#1729,#1730);
#1501=AXIS2_PLACEMENT_3D('',#2181,#1731,#1732);
#1502=AXIS2_PLACEMENT_3D('',#2182,#1733,#1734);
#1503=AXIS2_PLACEMENT_3D('',#2184,#1735,#1736);
#1504=AXIS2_PLACEMENT_3D('',#2190,#1740,#1741);
#1505=AXIS2_PLACEMENT_3D('',#2194,#1744,#1745);
#1506=AXIS2_PLACEMENT_3D('',#2198,#1748,#1749);
#1507=AXIS2_PLACEMENT_3D('',#2200,#1751,#1752);
#1508=AXIS2_PLACEMENT_3D('',#2206,#1756,#1757);
#1509=AXIS2_PLACEMENT_3D('',#2210,#1760,#1761);
#1510=AXIS2_PLACEMENT_3D('',#2214,#1764,#1765);
#1511=AXIS2_PLACEMENT_3D('',#2216,#1767,#1768);
#1512=AXIS2_PLACEMENT_3D('',#2222,#1772,#1773);
#1513=AXIS2_PLACEMENT_3D('',#2226,#1776,#1777);
#1514=AXIS2_PLACEMENT_3D('',#2230,#1780,#1781);
#1515=AXIS2_PLACEMENT_3D('',#2232,#1783,#1784);
#1516=AXIS2_PLACEMENT_3D('',#2238,#1788,#1789);
#1517=AXIS2_PLACEMENT_3D('',#2247,#1795,#1796);
#1518=AXIS2_PLACEMENT_3D('',#2248,#1797,#1798);
#1519=AXIS2_PLACEMENT_3D('',#2250,#1799,#1800);
#1520=AXIS2_PLACEMENT_3D('',#2254,#1803,#1804);
#1521=AXIS2_PLACEMENT_3D('',#2255,#1805,#1806);
#1522=AXIS2_PLACEMENT_3D('',#2257,#1807,#1808);
#1523=AXIS2_PLACEMENT_3D('',#2264,#1813,#1814);
#1524=AXIS2_PLACEMENT_3D('',#2321,#1815,#1816);
#1525=AXIS2_PLACEMENT_3D('',#2322,#1817,#1818);
#1526=AXIS2_PLACEMENT_3D('',#2327,#1821,#1822);
#1527=AXIS2_PLACEMENT_3D('',#2334,#1824,#1825);
#1528=AXIS2_PLACEMENT_3D('',#2335,#1826,#1827);
#1529=AXIS2_PLACEMENT_3D('',#2337,#1828,#1829);
#1530=AXIS2_PLACEMENT_3D('',#2338,#1830,#1831);
#1531=AXIS2_PLACEMENT_3D('',#2340,#1832,#1833);
#1532=AXIS2_PLACEMENT_3D('',#2341,#1834,#1835);
#1533=AXIS2_PLACEMENT_3D('',#2343,#1836,#1837);
#1534=AXIS2_PLACEMENT_3D('',#2344,#1838,#1839);
#1535=AXIS2_PLACEMENT_3D('',#2346,#1840,#1841);
#1536=AXIS2_PLACEMENT_3D('',#2349,#1843,#1844);
#1537=AXIS2_PLACEMENT_3D('',#2351,#1845,#1846);
#1538=AXIS2_PLACEMENT_3D('',#2353,#1847,#1848);
#1539=AXIS2_PLACEMENT_3D('',#2362,#1854,#1855);
#1540=AXIS2_PLACEMENT_3D('',#2379,#1858,#1859);
#1541=AXIS2_PLACEMENT_3D('',#2386,#1861,#1862);
#1542=AXIS2_PLACEMENT_3D('',#2403,#1865,#1866);
#1543=AXIS2_PLACEMENT_3D('',#2404,#1867,#1868);
#1544=AXIS2_PLACEMENT_3D('',#2407,#1870,#1871);
#1545=AXIS2_PLACEMENT_3D('',#2408,#1872,#1873);
#1546=AXIS2_PLACEMENT_3D('',#2411,#1875,#1876);
#1547=AXIS2_PLACEMENT_3D('',#2412,#1877,#1878);
#1548=AXIS2_PLACEMENT_3D('',#2413,#1879,#1880);
#1549=AXIS2_PLACEMENT_3D('',#2415,#1881,#1882);
#1550=AXIS2_PLACEMENT_3D('',#2416,#1883,#1884);
#1551=AXIS2_PLACEMENT_3D('',#2418,#1885,#1886);
#1552=AXIS2_PLACEMENT_3D('',#2419,#1887,#1888);
#1553=AXIS2_PLACEMENT_3D('',#2501,#1893,#1894);
#1554=AXIS2_PLACEMENT_3D('',#2502,#1895,#1896);
#1555=AXIS2_PLACEMENT_3D('',#2504,#1898,#1899);
#1556=AXIS2_PLACEMENT_3D('',#2506,#1901,#1902);
#1557=AXIS2_PLACEMENT_3D('',#2507,#1903,#1904);
#1558=AXIS2_PLACEMENT_3D('',#2509,#1905,#1906);
#1559=AXIS2_PLACEMENT_3D('',#2510,#1907,#1908);
#1560=AXIS2_PLACEMENT_3D('',#2511,#1909,#1910);
#1561=AXIS2_PLACEMENT_3D('',#2512,#1911,#1912);
#1562=AXIS2_PLACEMENT_3D('',#2534,#1913,#1914);
#1563=AXIS2_PLACEMENT_3D('',#2535,#1915,#1916);
#1564=AXIS2_PLACEMENT_3D('',#2536,#1917,#1918);
#1565=AXIS2_PLACEMENT_3D('',#2537,#1919,#1920);
#1566=AXIS2_PLACEMENT_3D('',#2538,#1921,#1922);
#1567=AXIS2_PLACEMENT_3D('',#2539,#1923,#1924);
#1568=AXIS2_PLACEMENT_3D('',#2547,#1926,#1927);
#1569=AXIS2_PLACEMENT_3D('',#2558,#1929,#1930);
#1570=AXIS2_PLACEMENT_3D('',#2564,#1931,#1932);
#1571=AXIS2_PLACEMENT_3D('',#2565,#1933,#1934);
#1572=AXIS2_PLACEMENT_3D('',#2656,#1935,#1936);
#1573=AXIS2_PLACEMENT_3D('',#2717,#1937,#1938);
#1574=AXIS2_PLACEMENT_3D('',#2729,#1939,#1940);
#1575=DIRECTION('',(0.,0.,1.));
#1576=DIRECTION('',(1.,0.,0.));
#1577=DIRECTION('',(0.,-1.,0.));
#1578=DIRECTION('',(1.,0.,0.));
#1579=DIRECTION('',(0.,0.,1.));
#1580=DIRECTION('',(1.,0.,0.));
#1581=DIRECTION('',(0.,0.,1.));
#1582=DIRECTION('',(1.,0.,0.));
#1583=DIRECTION('',(1.,0.,0.));
#1584=DIRECTION('',(0.,0.,1.));
#1585=DIRECTION('',(1.,0.,0.));
#1586=DIRECTION('',(0.,0.,1.));
#1587=DIRECTION('',(1.,0.,0.));
#1588=DIRECTION('',(0.,0.,1.));
#1589=DIRECTION('',(1.,0.,0.));
#1590=DIRECTION('',(0.,0.,1.));
#1591=DIRECTION('',(1.,0.,0.));
#1592=DIRECTION('',(0.,0.,1.));
#1593=DIRECTION('',(1.,0.,0.));
#1594=DIRECTION('',(0.,-1.,0.));
#1595=DIRECTION('',(1.,0.,0.));
#1596=DIRECTION('',(0.,0.,1.));
#1597=DIRECTION('',(0.,-1.,0.));
#1598=DIRECTION('',(1.,0.,0.));
#1599=DIRECTION('',(0.,1.,0.));
#1600=DIRECTION('',(-1.,0.,0.));
#1601=DIRECTION('',(0.979678544661703,0.,-0.200574048993202));
#1602=DIRECTION('',(0.,-1.,0.));
#1603=DIRECTION('',(1.,0.,0.));
#1604=DIRECTION('',(0.,-1.,0.));
#1605=DIRECTION('',(1.,0.,0.));
#1606=DIRECTION('',(-0.979678544661703,0.,-0.200574048993202));
#1607=DIRECTION('',(0.,0.,1.));
#1608=DIRECTION('',(2.17201244289602E-63,-0.707106781186555,-0.70710678118654));
#1609=DIRECTION('',(0.,0.70710678118654,-0.707106781186555));
#1610=DIRECTION('',(0.577350269189626,0.577350269189621,-0.577350269189631));
#1611=DIRECTION('',(1.,1.53584472719335E-63,1.53584472719332E-63));
#1612=DIRECTION('',(0.577350269189626,-0.577350269189621,0.577350269189631));
#1613=DIRECTION('',(0.707106781186541,-0.707106781186554,2.17201244289603E-63));
#1614=DIRECTION('',(0.707106781186554,0.707106781186541,0.));
#1615=DIRECTION('',(-1.53584472719333E-63,1.53584472719335E-63,1.));
#1616=DIRECTION('',(0.577350269189633,0.577350269189622,0.577350269189622));
#1617=DIRECTION('',(-2.17201244289602E-63,-0.707106781186555,0.70710678118654));
#1618=DIRECTION('',(0.,-0.70710678118654,-0.707106781186555));
#1619=DIRECTION('',(1.,-1.53584472719335E-63,1.53584472719332E-63));
#1620=DIRECTION('',(-0.577350269189627,0.577350269189625,0.577350269189625));
#1621=DIRECTION('',(-0.70710678118654,-0.707106781186555,-2.17201244289602E-63));
#1622=DIRECTION('',(0.707106781186555,-0.70710678118654,0.));
#1623=DIRECTION('',(-1.53584472719332E-63,-1.53584472719335E-63,1.));
#1624=DIRECTION('',(-0.70710678118654,-0.707106781186555,-2.17201244289602E-63));
#1625=DIRECTION('',(0.707106781186555,-0.70710678118654,0.));
#1626=DIRECTION('',(-0.577350269189633,0.577350269189622,-0.577350269189622));
#1627=DIRECTION('',(-1.53584472719332E-63,-1.53584472719335E-63,1.));
#1628=DIRECTION('',(0.577350269189631,-0.577350269189621,-0.577350269189626));
#1629=DIRECTION('',(2.17201244289602E-63,-0.707106781186555,-0.70710678118654));
#1630=DIRECTION('',(0.,0.70710678118654,-0.707106781186555));
#1631=DIRECTION('',(1.,1.53584472719335E-63,1.53584472719332E-63));
#1632=DIRECTION('',(0.577350269189627,0.577350269189625,-0.577350269189625));
#1633=DIRECTION('',(0.707106781186539,-0.707106781186556,2.17201244289602E-63));
#1634=DIRECTION('',(0.707106781186556,0.707106781186539,0.));
#1635=DIRECTION('',(-1.53584472719331E-63,1.53584472719335E-63,1.));
#1636=DIRECTION('',(0.577350269189632,0.57735026918962,0.577350269189625));
#1637=DIRECTION('',(-2.17201244289602E-63,-0.707106781186555,0.70710678118654));
#1638=DIRECTION('',(0.,-0.70710678118654,-0.707106781186555));
#1639=DIRECTION('',(1.,-1.53584472719335E-63,1.53584472719332E-63));
#1640=DIRECTION('',(0.70710678118654,-0.707106781186555,2.17201244289602E-63));
#1641=DIRECTION('',(0.707106781186555,0.70710678118654,0.));
#1642=DIRECTION('',(-1.53584472719332E-63,1.53584472719335E-63,1.));
#1643=DIRECTION('',(-0.577350269189632,-0.577350269189622,0.577350269189624));
#1644=DIRECTION('',(0.577350269189632,0.577350269189622,0.577350269189624));
#1645=DIRECTION('',(-2.17201244289602E-63,-0.707106781186555,0.70710678118654));
#1646=DIRECTION('',(0.,-0.70710678118654,-0.707106781186555));
#1647=DIRECTION('',(-0.577350269189623,0.577350269189623,0.577350269189632));
#1648=DIRECTION('',(1.,-1.53584472719335E-63,1.53584472719332E-63));
#1649=DIRECTION('',(-0.707106781186536,-0.707106781186559,-2.17201244289601E-63));
#1650=DIRECTION('',(0.707106781186559,-0.707106781186536,0.));
#1651=DIRECTION('',(-1.5358447271933E-63,-1.53584472719335E-63,1.));
#1652=DIRECTION('',(-0.577350269189625,0.577350269189625,-0.577350269189627));
#1653=DIRECTION('',(2.17201244289602E-63,-0.707106781186555,-0.70710678118654));
#1654=DIRECTION('',(0.,0.70710678118654,-0.707106781186555));
#1655=DIRECTION('',(1.,1.53584472719335E-63,1.53584472719332E-63));
#1656=DIRECTION('',(0.70710678118654,-0.707106781186555,2.17201244289602E-63));
#1657=DIRECTION('',(0.707106781186555,0.70710678118654,0.));
#1658=DIRECTION('',(-1.53584472719332E-63,1.53584472719335E-63,1.));
#1659=DIRECTION('',(-0.577350269189624,-0.577350269189624,0.577350269189629));
#1660=DIRECTION('',(0.577350269189624,0.577350269189624,0.577350269189629));
#1661=DIRECTION('',(-2.17201244289602E-63,-0.707106781186555,0.70710678118654));
#1662=DIRECTION('',(0.,-0.70710678118654,-0.707106781186555));
#1663=DIRECTION('',(1.,-1.53584472719335E-63,1.53584472719332E-63));
#1664=DIRECTION('',(-0.577350269189623,0.577350269189623,0.577350269189631));
#1665=DIRECTION('',(0.,-1.,0.));
#1666=DIRECTION('',(1.,0.,0.));
#1667=DIRECTION('',(0.,-1.,0.));
#1668=DIRECTION('',(-1.,0.,0.));
#1669=DIRECTION('',(-0.70710678118654,-0.707106781186555,-2.17201244289602E-63));
#1670=DIRECTION('',(0.707106781186555,-0.70710678118654,0.));
#1671=DIRECTION('',(-1.53584472719332E-63,-1.53584472719335E-63,1.));
#1672=DIRECTION('',(-0.57735026918964,0.577350269189611,-0.577350269189626));
#1673=DIRECTION('',(0.,-1.,0.));
#1674=DIRECTION('',(1.,0.,0.));
#1675=DIRECTION('',(0.,-1.,0.));
#1676=DIRECTION('',(-1.,0.,0.));
#1677=DIRECTION('',(2.17201244289602E-63,-0.707106781186555,-0.70710678118654));
#1678=DIRECTION('',(0.,0.70710678118654,-0.707106781186555));
#1679=DIRECTION('',(1.,1.53584472719335E-63,1.53584472719332E-63));
#1680=DIRECTION('',(0.,1.,0.));
#1681=DIRECTION('',(-1.,0.,0.));
#1682=DIRECTION('',(0.,1.,0.));
#1683=DIRECTION('',(-1.,0.,0.));
#1684=DIRECTION('',(0.,1.,0.));
#1685=DIRECTION('',(-1.,0.,0.));
#1686=DIRECTION('',(-0.979678544661703,0.,0.200574048993201));
#1687=DIRECTION('',(-0.200574048993201,0.,-0.979678544661703));
#1688=DIRECTION('',(0.,1.,0.));
#1689=DIRECTION('',(-1.,0.,0.));
#1690=DIRECTION('',(0.979678544661703,0.,0.200574048993201));
#1691=DIRECTION('',(-0.200574048993201,0.,0.979678544661703));
#1692=DIRECTION('',(-0.979678544661703,0.,0.200574048993202));
#1693=DIRECTION('',(-0.200574048993202,0.,-0.979678544661703));
#1694=DIRECTION('',(-1.,0.,0.));
#1695=DIRECTION('',(0.,0.,1.));
#1696=DIRECTION('',(-0.979678544661703,0.,0.200574048993202));
#1697=DIRECTION('',(-1.,0.,0.));
#1698=DIRECTION('',(0.,-1.,0.));
#1699=DIRECTION('',(1.,0.,0.));
#1700=DIRECTION('',(0.,1.,0.));
#1701=DIRECTION('',(1.,0.,0.));
#1702=DIRECTION('',(0.,1.,0.));
#1703=DIRECTION('',(1.,0.,0.));
#1704=DIRECTION('',(0.,1.,0.));
#1705=DIRECTION('',(1.,0.,0.));
#1706=DIRECTION('',(0.,1.,0.));
#1707=DIRECTION('',(0.,-1.,0.));
#1708=DIRECTION('',(0.,0.,1.));
#1709=DIRECTION('',(0.,-1.,-9.75539482043582E-12));
#1710=DIRECTION('',(1.,0.,0.));
#1711=DIRECTION('',(0.,1.,0.));
#1712=DIRECTION('',(0.,-1.,0.));
#1713=DIRECTION('',(0.,0.,1.));
#1714=DIRECTION('',(0.,-1.,0.));
#1715=DIRECTION('',(1.,0.,0.));
#1716=DIRECTION('',(0.,1.,0.));
#1717=DIRECTION('',(0.,1.,-2.36483718784381E-11));
#1718=DIRECTION('',(0.,0.,1.));
#1719=DIRECTION('',(0.,-1.,0.));
#1720=DIRECTION('',(0.,-1.,0.));
#1721=DIRECTION('',(-1.,0.,0.));
#1722=DIRECTION('',(0.,0.,1.));
#1723=DIRECTION('',(0.,-1.,0.));
#1724=DIRECTION('',(0.979678544661703,0.,0.200574048993202));
#1725=DIRECTION('',(-0.200574048993202,0.,0.979678544661703));
#1726=DIRECTION('',(0.979678544661703,0.,0.200574048993202));
#1727=DIRECTION('',(0.,-1.,0.));
#1728=DIRECTION('',(1.,0.,0.));
#1729=DIRECTION('',(0.,-1.,0.));
#1730=DIRECTION('',(-1.,0.,0.));
#1731=DIRECTION('',(0.,-1.,0.));
#1732=DIRECTION('',(1.,0.,0.));
#1733=DIRECTION('',(0.,-1.,0.));
#1734=DIRECTION('',(-1.,0.,0.));
#1735=DIRECTION('',(-3.07168945438671E-63,0.,1.));
#1736=DIRECTION('',(-1.,0.,-3.07168945438671E-63));
#1737=DIRECTION('',(0.,-1.,0.));
#1738=DIRECTION('',(-1.,0.,-3.07168945438671E-63));
#1739=DIRECTION('',(0.,-1.,0.));
#1740=DIRECTION('',(-1.,0.,-3.07168945438671E-63));
#1741=DIRECTION('',(3.07168945438671E-63,0.,-1.));
#1742=DIRECTION('',(0.,-1.,0.));
#1743=DIRECTION('',(3.07168945438671E-63,0.,-1.));
#1744=DIRECTION('',(3.07168945438671E-63,0.,-1.));
#1745=DIRECTION('',(1.,0.,3.07168945438671E-63));
#1746=DIRECTION('',(0.,-1.,0.));
#1747=DIRECTION('',(1.,0.,3.07168945438671E-63));
#1748=DIRECTION('',(1.,0.,3.07168945438671E-63));
#1749=DIRECTION('',(-3.07168945438671E-63,0.,1.));
#1750=DIRECTION('',(-3.07168945438671E-63,0.,1.));
#1751=DIRECTION('',(1.,0.,3.07168945438671E-63));
#1752=DIRECTION('',(-3.07168945438671E-63,0.,1.));
#1753=DIRECTION('',(0.,-1.,0.));
#1754=DIRECTION('',(-3.07168945438671E-63,0.,1.));
#1755=DIRECTION('',(0.,-1.,0.));
#1756=DIRECTION('',(-3.07168945438671E-63,0.,1.));
#1757=DIRECTION('',(-1.,0.,-3.07168945438671E-63));
#1758=DIRECTION('',(0.,-1.,0.));
#1759=DIRECTION('',(-1.,0.,-3.07168945438671E-63));
#1760=DIRECTION('',(-1.,0.,-3.07168945438671E-63));
#1761=DIRECTION('',(3.07168945438671E-63,0.,-1.));
#1762=DIRECTION('',(0.,-1.,0.));
#1763=DIRECTION('',(3.07168945438671E-63,0.,-1.));
#1764=DIRECTION('',(3.07168945438671E-63,0.,-1.));
#1765=DIRECTION('',(1.,0.,3.07168945438671E-63));
#1766=DIRECTION('',(1.,0.,3.07168945438671E-63));
#1767=DIRECTION('',(-1.,0.,-3.07168945438671E-63));
#1768=DIRECTION('',(3.07168945438671E-63,0.,-1.));
#1769=DIRECTION('',(0.,-1.,0.));
#1770=DIRECTION('',(3.07168945438671E-63,0.,-1.));
#1771=DIRECTION('',(0.,-1.,0.));
#1772=DIRECTION('',(3.07168945438671E-63,0.,-1.));
#1773=DIRECTION('',(1.,0.,3.07168945438671E-63));
#1774=DIRECTION('',(0.,-1.,0.));
#1775=DIRECTION('',(1.,0.,3.07168945438671E-63));
#1776=DIRECTION('',(1.,0.,3.07168945438671E-63));
#1777=DIRECTION('',(-3.07168945438671E-63,0.,1.));
#1778=DIRECTION('',(0.,-1.,0.));
#1779=DIRECTION('',(-3.07168945438671E-63,0.,1.));
#1780=DIRECTION('',(-3.07168945438671E-63,0.,1.));
#1781=DIRECTION('',(-1.,0.,-3.07168945438671E-63));
#1782=DIRECTION('',(-1.,0.,-3.07168945438671E-63));
#1783=DIRECTION('',(-1.,0.,-3.07168945438671E-63));
#1784=DIRECTION('',(3.07168945438671E-63,0.,-1.));
#1785=DIRECTION('',(0.,-1.,0.));
#1786=DIRECTION('',(3.07168945438671E-63,0.,-1.));
#1787=DIRECTION('',(0.,-1.,0.));
#1788=DIRECTION('',(3.07168945438671E-63,0.,-1.));
#1789=DIRECTION('',(1.,0.,3.07168945438671E-63));
#1790=DIRECTION('',(0.,-1.,0.));
#1791=DIRECTION('',(1.,0.,3.07168945438671E-63));
#1792=DIRECTION('',(0.,-1.,0.));
#1793=DIRECTION('',(1.,0.,3.07168945438671E-63));
#1794=DIRECTION('',(1.,0.,3.07168945438671E-63));
#1795=DIRECTION('',(0.,-1.,0.));
#1796=DIRECTION('',(1.,0.,0.));
#1797=DIRECTION('',(0.,-1.,0.));
#1798=DIRECTION('',(1.,0.,0.));
#1799=DIRECTION('',(1.,0.,3.07168945438671E-63));
#1800=DIRECTION('',(-3.07168945438671E-63,0.,1.));
#1801=DIRECTION('',(0.,-1.,0.));
#1802=DIRECTION('',(-3.07168945438671E-63,0.,1.));
#1803=DIRECTION('',(0.,-1.,0.));
#1804=DIRECTION('',(1.,0.,0.));
#1805=DIRECTION('',(0.,-1.,0.));
#1806=DIRECTION('',(1.,0.,0.));
#1807=DIRECTION('',(-3.07168945438671E-63,0.,1.));
#1808=DIRECTION('',(-1.,0.,-3.07168945438671E-63));
#1809=DIRECTION('',(-1.,0.,-3.07168945438671E-63));
#1810=DIRECTION('',(-1.,0.,-3.07168945438671E-63));
#1811=DIRECTION('',(0.,-1.,0.));
#1812=DIRECTION('',(-1.,0.,-3.07168945438671E-63));
#1813=DIRECTION('',(0.,-1.,0.));
#1814=DIRECTION('',(1.,0.,0.));
#1815=DIRECTION('',(0.,-1.,0.));
#1816=DIRECTION('',(1.,0.,0.));
#1817=DIRECTION('',(0.,-1.,0.));
#1818=DIRECTION('',(1.,0.,0.));
#1819=DIRECTION('',(0.,-1.,0.));
#1820=DIRECTION('',(0.,-1.,0.));
#1821=DIRECTION('',(-0.200574048993202,0.,-0.979678544661703));
#1822=DIRECTION('',(0.979678544661703,0.,-0.200574048993202));
#1823=DIRECTION('',(0.979678544661703,0.,-0.200574048993202));
#1824=DIRECTION('',(1.,0.,0.));
#1825=DIRECTION('',(0.,1.,0.));
#1826=DIRECTION('',(1.,0.,0.));
#1827=DIRECTION('',(0.,1.,0.));
#1828=DIRECTION('',(1.,0.,0.));
#1829=DIRECTION('',(0.,1.,0.));
#1830=DIRECTION('',(1.,0.,0.));
#1831=DIRECTION('',(0.,1.,0.));
#1832=DIRECTION('',(1.,0.,0.));
#1833=DIRECTION('',(0.,1.,0.));
#1834=DIRECTION('',(1.,0.,0.));
#1835=DIRECTION('',(0.,1.,0.));
#1836=DIRECTION('',(1.,0.,0.));
#1837=DIRECTION('',(0.,1.,0.));
#1838=DIRECTION('',(1.,0.,0.));
#1839=DIRECTION('',(0.,1.,0.));
#1840=DIRECTION('',(0.,-1.,0.));
#1841=DIRECTION('',(1.,0.,0.));
#1842=DIRECTION('',(1.,0.,0.));
#1843=DIRECTION('',(0.,-1.,0.));
#1844=DIRECTION('',(1.,0.,0.));
#1845=DIRECTION('',(0.,-1.,0.));
#1846=DIRECTION('',(1.,0.,0.));
#1847=DIRECTION('',(0.,-1.,0.));
#1848=DIRECTION('',(1.,0.,0.));
#1849=DIRECTION('',(1.,0.,0.));
#1850=DIRECTION('',(1.,0.,0.));
#1851=DIRECTION('',(0.,0.,1.));
#1852=DIRECTION('',(0.,0.,1.));
#1853=DIRECTION('',(1.,0.,0.));
#1854=DIRECTION('',(9.5656720142239E-67,0.,1.));
#1855=DIRECTION('',(-1.,0.,9.5656720142239E-67));
#1856=DIRECTION('',(-1.,0.,9.5656720142239E-67));
#1857=DIRECTION('',(0.,-1.,0.));
#1858=DIRECTION('',(-0.200574048993202,0.,0.979678544661703));
#1859=DIRECTION('',(-0.979678544661703,0.,-0.200574048993202));
#1860=DIRECTION('',(-0.979678544661703,0.,-0.200574048993202));
#1861=DIRECTION('',(-9.5656720142239E-67,0.,-1.));
#1862=DIRECTION('',(1.,0.,-9.5656720142239E-67));
#1863=DIRECTION('',(0.,-1.,0.));
#1864=DIRECTION('',(1.,0.,-9.5656720142239E-67));
#1865=DIRECTION('',(1.,0.,0.));
#1866=DIRECTION('',(0.,1.,0.));
#1867=DIRECTION('',(1.,0.,0.));
#1868=DIRECTION('',(0.,1.,0.));
#1869=DIRECTION('',(1.,0.,0.));
#1870=DIRECTION('',(0.,-1.,0.));
#1871=DIRECTION('',(1.,0.,0.));
#1872=DIRECTION('',(1.,0.,0.));
#1873=DIRECTION('',(0.,1.,0.));
#1874=DIRECTION('',(1.,0.,0.));
#1875=DIRECTION('',(1.,0.,0.));
#1876=DIRECTION('',(0.,1.,0.));
#1877=DIRECTION('',(0.,-1.,0.));
#1878=DIRECTION('',(1.,0.,0.));
#1879=DIRECTION('',(0.,-1.,0.));
#1880=DIRECTION('',(1.,0.,0.));
#1881=DIRECTION('',(0.,-1.,0.));
#1882=DIRECTION('',(1.,0.,0.));
#1883=DIRECTION('',(0.,-1.,0.));
#1884=DIRECTION('',(1.,0.,0.));
#1885=DIRECTION('',(-4.07462292583049E-31,-1.,-9.5905204585286E-32));
#1886=DIRECTION('',(1.,-4.07462292583049E-31,0.));
#1887=DIRECTION('',(0.,-1.,-8.21730109605221E-32));
#1888=DIRECTION('',(0.,8.21730109605221E-32,-1.));
#1889=DIRECTION('',(1.,-4.07462292583049E-31,0.));
#1890=DIRECTION('',(-0.979678544661703,0.,-0.200574048993203));
#1891=DIRECTION('',(0.979678544661703,0.,-0.200574048993203));
#1892=DIRECTION('',(1.,-4.07462292583049E-31,0.));
#1893=DIRECTION('',(0.,-1.,0.));
#1894=DIRECTION('',(1.,0.,0.));
#1895=DIRECTION('',(-1.,0.,-3.07168945438671E-63));
#1896=DIRECTION('',(3.07168945438671E-63,0.,-1.));
#1897=DIRECTION('',(0.,-1.,0.));
#1898=DIRECTION('',(-1.,0.,-3.07168945438671E-63));
#1899=DIRECTION('',(3.07168945438671E-63,0.,-1.));
#1900=DIRECTION('',(0.,-1.,0.));
#1901=DIRECTION('',(0.,-1.,0.));
#1902=DIRECTION('',(1.,0.,0.));
#1903=DIRECTION('',(0.,-1.,-8.21730109605221E-32));
#1904=DIRECTION('',(0.,8.21730109605221E-32,-1.));
#1905=DIRECTION('',(-4.07462292583049E-31,-1.,-9.5905204585286E-32));
#1906=DIRECTION('',(1.,0.,6.90882363628996E-49));
#1907=DIRECTION('',(0.979678544661703,-3.79945970599091E-31,-0.200574048993201));
#1908=DIRECTION('',(-0.200574048993201,5.8314492567208E-31,-0.979678544661703));
#1909=DIRECTION('',(-0.979678544661703,4.18418161005475E-31,-0.200574048993201));
#1910=DIRECTION('',(-0.200574048993201,3.95232383164887E-31,0.979678544661703));
#1911=DIRECTION('',(0.979678544661703,-3.79945970599091E-31,-0.200574048993202));
#1912=DIRECTION('',(0.200574048993202,0.,0.979678544661703));
#1913=DIRECTION('',(1.,0.,0.));
#1914=DIRECTION('',(0.,1.,0.));
#1915=DIRECTION('',(1.,0.,0.));
#1916=DIRECTION('',(0.,1.,0.));
#1917=DIRECTION('',(1.,0.,0.));
#1918=DIRECTION('',(0.,1.,0.));
#1919=DIRECTION('',(1.,0.,0.));
#1920=DIRECTION('',(0.,1.,0.));
#1921=DIRECTION('',(0.,-9.75539482043582E-12,1.));
#1922=DIRECTION('',(0.,-1.,-9.75539482043582E-12));
#1923=DIRECTION('',(0.,-1.,0.));
#1924=DIRECTION('',(1.,0.,0.));
#1925=DIRECTION('',(0.,-1.,0.));
#1926=DIRECTION('',(0.,-1.,0.));
#1927=DIRECTION('',(1.,0.,0.));
#1928=DIRECTION('',(0.,-1.,0.));
#1929=DIRECTION('',(0.,-1.,0.));
#1930=DIRECTION('',(1.,0.,0.));
#1931=DIRECTION('',(0.,-2.36483718784381E-11,-1.));
#1932=DIRECTION('',(0.,1.,-2.36483718784381E-11));
#1933=DIRECTION('',(1.,-4.07462292583049E-31,-9.5656720142239E-67));
#1934=DIRECTION('',(4.07462292583049E-31,1.,0.));
#1935=DIRECTION('',(-0.979678544661703,4.18418161005475E-31,-0.200574048993202));
#1936=DIRECTION('',(0.200574048993202,0.,-0.979678544661703));
#1937=DIRECTION('',(-1.,4.07462292583049E-31,9.5656720142239E-67));
#1938=DIRECTION('',(-4.07462292583049E-31,-1.,0.));
#1939=DIRECTION('',(0.,-1.,-8.21730109605221E-32));
#1940=DIRECTION('',(0.,8.21730109605221E-32,-1.));
#1941=CARTESIAN_POINT('',(0.,0.,0.));
#1942=CARTESIAN_POINT('',(-0.0120404499652533,-0.022,-1.66533453693773E-18));
#1943=CARTESIAN_POINT('',(-0.00314399999999429,-0.022,-1.66533453693773E-18));
#1944=CARTESIAN_POINT('',(-0.00314399999999429,-0.022,-0.0168700000000064));
#1945=CARTESIAN_POINT('',(-0.00314399999999429,-0.022,-0.0136300000000081));
#1946=CARTESIAN_POINT('',(-0.0120404499652533,-0.022,-0.0136300000000081));
#1947=CARTESIAN_POINT('',(0.0031439999999943,-0.022,-0.0136300000000081));
#1948=CARTESIAN_POINT('',(0.0031439999999943,-0.022,-1.66533453693773E-18));
#1949=CARTESIAN_POINT('',(0.0031439999999943,-0.022,-0.0168700000000064));
#1950=CARTESIAN_POINT('',(-0.0120404499652533,-0.022,-0.0168700000000064));
#1951=CARTESIAN_POINT('',(-0.0120404499652533,-0.022,0.0168700000000064));
#1952=CARTESIAN_POINT('',(-0.0031439999999943,-0.022,0.0168700000000064));
#1953=CARTESIAN_POINT('',(0.00314399999999429,-0.022,0.0168700000000064));
#1954=CARTESIAN_POINT('',(0.00314399999999429,-0.022,-1.66533453693773E-18));
#1955=CARTESIAN_POINT('',(0.00314399999999429,-0.022,0.0136300000000081));
#1956=CARTESIAN_POINT('',(-0.0120404499652533,-0.022,0.0136300000000081));
#1957=CARTESIAN_POINT('',(-0.0031439999999943,-0.022,0.0136300000000081));
#1958=CARTESIAN_POINT('',(-0.0031439999999943,-0.022,-1.66533453693773E-18));
#1959=CARTESIAN_POINT('',(-0.0120404499652533,-0.022,-0.0031439999999943));
#1960=CARTESIAN_POINT('',(0.0168700000000064,-0.022,-0.0031439999999943));
#1961=CARTESIAN_POINT('',(0.0136300000000081,-0.022,-0.0031439999999943));
#1962=CARTESIAN_POINT('',(0.0136300000000081,-0.022,-1.66533453693773E-18));
#1963=CARTESIAN_POINT('',(0.0136300000000081,-0.022,0.0031439999999943));
#1964=CARTESIAN_POINT('',(-0.0120404499652533,-0.022,0.0031439999999943));
#1965=CARTESIAN_POINT('',(0.0168700000000064,-0.022,0.0031439999999943));
#1966=CARTESIAN_POINT('',(0.0168700000000064,-0.022,-1.66533453693773E-18));
#1967=CARTESIAN_POINT('',(-0.0120404499652533,-0.022,-0.0066999999999709));
#1968=CARTESIAN_POINT('',(-0.0158483495203003,-0.0219999999999514,-0.00669999999995505));
#1969=CARTESIAN_POINT('',(-0.0196520000000097,-0.022,-0.0066999999999709));
#1970=CARTESIAN_POINT('',(-0.0196520000000097,-0.022,-1.66533453693773E-18));
#1971=CARTESIAN_POINT('',(-0.0196520000000097,-0.022,0.0066999999999709));
#1972=CARTESIAN_POINT('',(-0.0120404499652533,-0.022,0.0066999999999709));
#1973=CARTESIAN_POINT('',(-0.0158483495202964,-0.0219999999999497,0.00669999999995327));
#1974=CARTESIAN_POINT('',(-0.0135901699437495,-0.0219999999999345,0.008675));
#1975=CARTESIAN_POINT('',(-0.015650000000048,-0.0219999999999513,0.0064939222528077));
#1976=CARTESIAN_POINT('',(-0.015650000000032,-0.022,-1.66533453693773E-18));
#1977=CARTESIAN_POINT('',(-0.0156500000000496,-0.0219999999999497,-0.00649392225281153));
#1978=CARTESIAN_POINT('',(-0.0135901699437495,-0.0219999999999345,-0.008675));
#1979=CARTESIAN_POINT('',(1.2421027951322E-33,-0.022,-3.17500578344196E-33));
#1980=CARTESIAN_POINT('',(-0.0093,-0.022,-3.17500578344196E-33));
#1981=CARTESIAN_POINT('',(-0.041,-0.022,-0.00997925701706031));
#1982=CARTESIAN_POINT('',(-0.041,-0.022,-0.0099792570170603));
#1983=CARTESIAN_POINT('',(-0.00361033288187762,-0.022,-0.0176342138039106));
#1984=CARTESIAN_POINT('',(-0.00361033288187763,-0.022,-0.0176342138039107));
#1985=CARTESIAN_POINT('',(-0.00227811026444576,-0.022,-0.0179069658060798));
#1986=CARTESIAN_POINT('',(-0.00028284123063195,-0.022,-0.0180898873883826));
#1987=CARTESIAN_POINT('',(0.00251394695928134,-0.022,-0.0178659512125537));
#1988=CARTESIAN_POINT('',(0.00455993775569437,-0.022,-0.0174535168450465));
#1989=CARTESIAN_POINT('',(0.0065448613925969,-0.022,-0.0168129890970976));
#1990=CARTESIAN_POINT('',(0.00909529432564308,-0.022,-0.0156397762338975));
#1991=CARTESIAN_POINT('',(0.0107452863899366,-0.022,-0.0145047914081701));
#1992=CARTESIAN_POINT('',(0.0117741334758509,-0.022,-0.0136150571388021));
#1993=CARTESIAN_POINT('',(0.0117741334758524,-0.0219999999999966,-0.0136150571388062));
#1994=CARTESIAN_POINT('',(0.0107833784130949,-0.0219999999999913,-0.0107833784130949));
#1995=CARTESIAN_POINT('',(0.0136150571388062,-0.0219999999999966,-0.0117741334758523));
#1996=CARTESIAN_POINT('',(0.0136150571388021,-0.022,-0.0117741334758509));
#1997=CARTESIAN_POINT('',(0.01394598212544,-0.022,-0.0113914673024995));
#1998=CARTESIAN_POINT('',(0.0145762289659181,-0.022,-0.0105958357398609));
#1999=CARTESIAN_POINT('',(0.015402254754075,-0.022,-0.00935847534941803));
#2000=CARTESIAN_POINT('',(0.0161825412921731,-0.022,-0.00793624810852207));
#2001=CARTESIAN_POINT('',(0.0168096013612781,-0.022,-0.00650347900976063));
#2002=CARTESIAN_POINT('',(0.0173403630782329,-0.022,-0.00492345729758885));
#2003=CARTESIAN_POINT('',(0.0178388770760607,-0.022,-0.00280304141039963));
#2004=CARTESIAN_POINT('',(0.0181074654698743,-0.022,-1.84929817122213E-7));
#2005=CARTESIAN_POINT('',(0.0178387265143165,-0.022,0.00280359619985097));
#2006=CARTESIAN_POINT('',(0.0173406340893725,-0.022,0.0049225326485033));
#2007=CARTESIAN_POINT('',(0.0168094225349407,-0.022,0.00650393794959459));
#2008=CARTESIAN_POINT('',(0.0161829855863832,-0.022,0.00793533699827183));
#2009=CARTESIAN_POINT('',(0.0154020693442777,-0.022,0.00935879672726744));
#2010=CARTESIAN_POINT('',(0.0145765263108972,-0.022,0.0105954613387135));
#2011=CARTESIAN_POINT('',(0.0139460961651239,-0.022,0.011391335432344));
#2012=CARTESIAN_POINT('',(0.0136150571388021,-0.022,0.0117741334758509));
#2013=CARTESIAN_POINT('',(0.0136150571388062,-0.0219999999999966,0.0117741334758523));
#2014=CARTESIAN_POINT('',(0.0107833784130949,-0.0219999999999913,0.0107833784130949));
#2015=CARTESIAN_POINT('',(0.0117741334758524,-0.0219999999999966,0.0136150571388063));
#2016=CARTESIAN_POINT('',(0.0117741334758509,-0.022,0.0136150571388021));
#2017=CARTESIAN_POINT('',(0.0107455485182866,-0.022,0.0145045647228063));
#2018=CARTESIAN_POINT('',(0.00909470378134985,-0.022,0.0156400251922802));
#2019=CARTESIAN_POINT('',(0.00654575825696894,-0.022,0.0168126497282477));
#2020=CARTESIAN_POINT('',(0.00455947647635127,-0.022,0.0174536373532208));
#2021=CARTESIAN_POINT('',(0.00251489521228168,-0.022,0.0178658085487064));
#2022=CARTESIAN_POINT('',(-0.00028347808411221,-0.022,0.0180899590848708));
#2023=CARTESIAN_POINT('',(-0.0022777707560455,-0.022,0.0179070353151804));
#2024=CARTESIAN_POINT('',(-0.00361033288187762,-0.022,0.0176342138039107));
#2025=CARTESIAN_POINT('',(-0.00361033288187762,-0.022,0.0176342138039107));
#2026=CARTESIAN_POINT('',(-0.00361033288187762,-0.022,0.0176342138039107));
#2027=CARTESIAN_POINT('',(-0.041,-0.022,0.00997925701706029));
#2028=CARTESIAN_POINT('',(-0.041,-0.022,-1.66533453693773E-18));
#2029=CARTESIAN_POINT('',(-0.00749222498262382,-0.0219,-0.0137300000000081));
#2030=CARTESIAN_POINT('',(-0.00314399999999429,-0.022,-0.0136300000000081));
#2031=CARTESIAN_POINT('',(-0.00294399999999429,-0.0218,-0.0138300000000081));
#2032=CARTESIAN_POINT('',(-0.00749222498262382,-0.0218,-0.0138300000000081));
#2033=CARTESIAN_POINT('',(0.0029439999999943,-0.0218,-0.0138300000000081));
#2034=CARTESIAN_POINT('',(0.0029439999999943,-0.0218,-0.0138300000000081));
#2035=CARTESIAN_POINT('',(-0.00304399999999429,-0.0219,-0.0083350000000032));
#2036=CARTESIAN_POINT('',(-0.00294399999999429,-0.0218,-0.0083350000000032));
#2037=CARTESIAN_POINT('',(-0.00294399999999429,-0.0218,-0.0166700000000064));
#2038=CARTESIAN_POINT('',(-0.00314399999999429,-0.022,-0.0168700000000064));
#2039=CARTESIAN_POINT('',(-0.00454822498262952,-0.0219,-0.0167700000000064));
#2040=CARTESIAN_POINT('',(-0.00454822498262952,-0.0218,-0.0166700000000064));
#2041=CARTESIAN_POINT('',(0.0029439999999943,-0.0218,-0.0166700000000064));
#2042=CARTESIAN_POINT('',(0.0031439999999943,-0.022,-0.0168700000000064));
#2043=CARTESIAN_POINT('',(0.0030439999999943,-0.0219,-0.00691500000000408));
#2044=CARTESIAN_POINT('',(0.0029439999999943,-0.0218,-0.00691500000000408));
#2045=CARTESIAN_POINT('',(0.00304399999999429,-0.0219,0.0083350000000032));
#2046=CARTESIAN_POINT('',(0.00314399999999429,-0.022,0.0168700000000064));
#2047=CARTESIAN_POINT('',(0.00294399999999429,-0.0218,0.0166700000000064));
#2048=CARTESIAN_POINT('',(0.00294399999999429,-0.0218,0.0083350000000032));
#2049=CARTESIAN_POINT('',(0.00294399999999429,-0.0218,0.0138300000000081));
#2050=CARTESIAN_POINT('',(0.00294399999999429,-0.0218,0.0138300000000081));
#2051=CARTESIAN_POINT('',(-0.00749222498262382,-0.0219,0.0167700000000064));
#2052=CARTESIAN_POINT('',(-0.00749222498262382,-0.0218,0.0166700000000064));
#2053=CARTESIAN_POINT('',(-0.0029439999999943,-0.0218,0.0166700000000064));
#2054=CARTESIAN_POINT('',(-0.0031439999999943,-0.022,0.0168700000000064));
#2055=CARTESIAN_POINT('',(-0.0030439999999943,-0.0219,0.00691500000000407));
#2056=CARTESIAN_POINT('',(-0.0029439999999943,-0.0218,0.00691500000000407));
#2057=CARTESIAN_POINT('',(-0.0029439999999943,-0.0218,0.0138300000000081));
#2058=CARTESIAN_POINT('',(-0.0031439999999943,-0.022,0.0136300000000081));
#2059=CARTESIAN_POINT('',(-0.00454822498262953,-0.0219,0.0137300000000081));
#2060=CARTESIAN_POINT('',(-0.00454822498262953,-0.0218,0.0138300000000081));
#2061=CARTESIAN_POINT('',(0.0137300000000081,-0.0219,-0.00147199999999715));
#2062=CARTESIAN_POINT('',(0.0138300000000081,-0.0218,-0.00147199999999715));
#2063=CARTESIAN_POINT('',(0.0138300000000081,-0.0218,-0.0029439999999943));
#2064=CARTESIAN_POINT('',(0.0138300000000081,-0.0218,0.0029439999999943));
#2065=CARTESIAN_POINT('',(0.0138300000000081,-0.0218,0.0029439999999943));
#2066=CARTESIAN_POINT('',(0.0136300000000081,-0.022,-0.0031439999999943));
#2067=CARTESIAN_POINT('',(0.00231477501737653,-0.0219,-0.0030439999999943));
#2068=CARTESIAN_POINT('',(0.0168700000000064,-0.022,-0.0031439999999943));
#2069=CARTESIAN_POINT('',(0.0166700000000064,-0.0218,-0.0029439999999943));
#2070=CARTESIAN_POINT('',(0.00231477501737653,-0.0218,-0.0029439999999943));
#2071=CARTESIAN_POINT('',(0.0167700000000064,-0.0219,0.00147199999999715));
#2072=CARTESIAN_POINT('',(0.0166700000000064,-0.0218,0.00147199999999715));
#2073=CARTESIAN_POINT('',(0.0166700000000064,-0.0218,0.0029439999999943));
#2074=CARTESIAN_POINT('',(0.0168700000000064,-0.022,0.0031439999999943));
#2075=CARTESIAN_POINT('',(0.000894775017377403,-0.0219,0.0030439999999943));
#2076=CARTESIAN_POINT('',(0.000894775017377403,-0.0218,0.0029439999999943));
#2077=CARTESIAN_POINT('',(-0.0195520000000097,-0.0219,-0.00324999999998545));
#2078=CARTESIAN_POINT('',(-0.0194520000000097,-0.0218,-0.00324999999998545));
#2079=CARTESIAN_POINT('',(-0.0194520000000097,-0.0218,-0.00649999999998262));
#2080=CARTESIAN_POINT('',(-0.0194520000000097,-0.0218,0.0064999999999709));
#2081=CARTESIAN_POINT('',(-0.0194520000000097,-0.0218,0.0064999999999709));
#2082=CARTESIAN_POINT('',(-0.0196520000000097,-0.022,-0.0066999999999709));
#2083=CARTESIAN_POINT('',(-0.0139452249826427,-0.0219,-0.0065999999999709));
#2084=CARTESIAN_POINT('',(-0.0139452249826427,-0.0218,-0.0064999999999709));
#2085=CARTESIAN_POINT('',(-0.015850000000032,-0.0218,-0.0064999999999709));
#2086=CARTESIAN_POINT('',(-0.0158483495203045,-0.0219999999999799,-0.00669999999993721));
#2087=CARTESIAN_POINT('',(-0.0158028369557573,-0.0219793415992291,-0.00667934159918642));
#2088=CARTESIAN_POINT('',(-0.0157569317385971,-0.0219591292685475,-0.00665912926851837));
#2089=CARTESIAN_POINT('',(-0.0157106127007558,-0.0219393871844671,-0.00663938718443795));
#2090=CARTESIAN_POINT('',(-0.0157106127476597,-0.0219393872523723,-0.00663938713524238));
#2091=CARTESIAN_POINT('',(-0.0157106127812257,-0.0219393872188063,-0.0066393872187772));
#2092=CARTESIAN_POINT('',(-0.0135901699437495,-0.0219999999998777,-0.008675));
#2093=CARTESIAN_POINT('',(-0.0135901699437495,-0.0204999999999132,-0.008675));
#2094=CARTESIAN_POINT('',(-0.0150901699437327,-0.0204999999999132,-0.008675));
#2095=CARTESIAN_POINT('',(-0.0157106127140657,-0.0219393872859759,-0.00663938705173948));
#2096=CARTESIAN_POINT('',(-0.0156909304627823,-0.0219590695372593,-0.00659046377941232));
#2097=CARTESIAN_POINT('',(-0.015670717024,-0.021979282976032,-0.00654198318071713));
#2098=CARTESIAN_POINT('',(-0.0156500000000672,-0.0219999999999647,-0.00649392225280741));
#2099=CARTESIAN_POINT('',(-0.015750000000032,-0.0219,0.00324999999998545));
#2100=CARTESIAN_POINT('',(-0.015850000000032,-0.0218,0.00324999999998545));
#2101=CARTESIAN_POINT('',(-0.015850000000032,-0.0218,0.0064999999999709));
#2102=CARTESIAN_POINT('',(-0.0156500000000658,-0.0219999999999799,0.00649392225280402));
#2103=CARTESIAN_POINT('',(-0.0156707170475781,-0.0219792829524676,0.00654198323541514));
#2104=CARTESIAN_POINT('',(-0.0156909305087921,-0.0219590694912399,0.0065904638897629));
#2105=CARTESIAN_POINT('',(-0.0157106127812576,-0.0219393872187744,0.00663938721875538));
#2106=CARTESIAN_POINT('',(-0.0157106127812453,-0.0219393872187733,0.00663938721874415));
#2107=CARTESIAN_POINT('',(-0.0157106127812257,-0.0219393872188063,0.0066393872187772));
#2108=CARTESIAN_POINT('',(-0.0135901699437495,-0.0219999999998777,0.008675));
#2109=CARTESIAN_POINT('',(-0.0135901699437495,-0.0204999999999132,0.008675));
#2110=CARTESIAN_POINT('',(-0.0150901699437327,-0.0204999999999132,0.008675));
#2111=CARTESIAN_POINT('',(-0.0157106127812349,-0.0219393872187719,0.00663938721873973));
#2112=CARTESIAN_POINT('',(-0.0157569318051362,-0.0219591292976601,0.00665912929762797));
#2113=CARTESIAN_POINT('',(-0.0158028369689903,-0.0219793416052221,0.00667934160519298));
#2114=CARTESIAN_POINT('',(-0.015848349520301,-0.0219999999999647,0.00669999999993562));
#2115=CARTESIAN_POINT('',(-0.0157462249826315,-0.0219,0.0065999999999709));
#2116=CARTESIAN_POINT('',(-0.0157462249826315,-0.0218,0.0064999999999709));
#2117=CARTESIAN_POINT('',(1.2421027951322E-33,-0.022,-3.17500578344196E-33));
#2118=CARTESIAN_POINT('',(1.2421027951322E-33,-0.0202858571571457,-3.17500578344196E-33));
#2119=CARTESIAN_POINT('',(0.0093,-0.0202858571571457,1.13892152320704E-18));
#2120=CARTESIAN_POINT('',(4.92897934576269E-34,-0.021,4.27642353614751E-50));
#2121=CARTESIAN_POINT('',(0.0117741334758586,-0.022,0.0136150571388241));
#2122=CARTESIAN_POINT('',(0.012200622976111,-0.0219999999999964,0.0134658358914552));
#2123=CARTESIAN_POINT('',(0.0129398747315156,-0.0219489578812406,0.0129404168065444));
#2124=CARTESIAN_POINT('',(0.0134659864099309,-0.0219999999999964,0.0122001927790002));
#2125=CARTESIAN_POINT('',(0.0136150571388241,-0.022,0.0117741334758586));
#2126=CARTESIAN_POINT('',(0.0136150571388241,-0.022,-0.0117741334758586));
#2127=CARTESIAN_POINT('',(0.0134658358914552,-0.0219999999999964,-0.012200622976111));
#2128=CARTESIAN_POINT('',(0.0129404168065444,-0.0219489578812406,-0.0129398747315156));
#2129=CARTESIAN_POINT('',(0.0122001927790002,-0.0219999999999964,-0.0134659864099309));
#2130=CARTESIAN_POINT('',(0.0117741334758586,-0.022,-0.0136150571388241));
#2131=CARTESIAN_POINT('',(-0.00361033288187762,-0.021,-0.0176342138039106));
#2132=CARTESIAN_POINT('',(-0.00381090693087083,-0.021,-0.0186138923485724));
#2133=CARTESIAN_POINT('',(4.92897934576269E-34,-0.021,4.27642353614751E-50));
#2134=CARTESIAN_POINT('',(-0.00381090693087082,-0.021,0.0186138923485724));
#2135=CARTESIAN_POINT('',(-0.00361033288187762,-0.021,0.0176342138039106));
#2136=CARTESIAN_POINT('',(-0.00938836451970492,-0.021,-0.016451251078918));
#2137=CARTESIAN_POINT('',(-0.041,-0.021,-0.00997925701706028));
#2138=CARTESIAN_POINT('',(-0.041,-0.021,-0.011));
#2139=CARTESIAN_POINT('',(-0.00958893856869812,-0.021,-0.0174309296235797));
#2140=CARTESIAN_POINT('',(-0.041,0.,-0.011));
#2141=CARTESIAN_POINT('',(-0.041,-0.0140727996326104,0.00483080083507326));
#2142=CARTESIAN_POINT('',(-0.041,-0.0133742996326104,0.00483080083507326));
#2143=CARTESIAN_POINT('',(-0.041,-0.019001,0.008675));
#2144=CARTESIAN_POINT('',(-0.041,-0.0183025,0.008675));
#2145=CARTESIAN_POINT('',(-0.041,-0.019001,-0.0087032849302036));
#2146=CARTESIAN_POINT('',(-0.041,-0.0183025,-0.0087032849302036));
#2147=CARTESIAN_POINT('',(-0.041,-0.0140727996326104,-0.00483080083507326));
#2148=CARTESIAN_POINT('',(-0.041,-0.0133742996326104,-0.00483080083507326));
#2149=CARTESIAN_POINT('',(-0.041,0.,0.011));
#2150=CARTESIAN_POINT('',(-0.0409999999998701,-0.0167156184609515,0.01099999968774));
#2151=CARTESIAN_POINT('',(-0.041,-0.011,0.011));
#2152=CARTESIAN_POINT('',(-0.041,-0.011,-0.011));
#2153=CARTESIAN_POINT('',(-0.041,-0.011,0.00180100000001326));
#2154=CARTESIAN_POINT('',(-0.041,-0.0108499999999738,0.00180100000001472));
#2155=CARTESIAN_POINT('',(-0.041,-0.0123590683234261,0.001801));
#2156=CARTESIAN_POINT('',(-0.041,-0.012359068323449,0.006651));
#2157=CARTESIAN_POINT('',(-0.041,-0.0172067171349964,0.00649999999998545));
#2158=CARTESIAN_POINT('',(-0.041,0.,0.0065));
#2159=CARTESIAN_POINT('',(-0.041,-0.020801999999998,0.0064999999999903));
#2160=CARTESIAN_POINT('',(-0.041,-0.020801999999998,-0.011));
#2161=CARTESIAN_POINT('',(-0.041,-0.020801999999998,-0.00650000000000214));
#2162=CARTESIAN_POINT('',(-0.041,0.,-0.00650000000001776));
#2163=CARTESIAN_POINT('',(-0.041,-0.0172067171349966,-0.00649999999999433));
#2164=CARTESIAN_POINT('',(-0.041,-0.012359068323449,-0.006651));
#2165=CARTESIAN_POINT('',(-0.041,-0.0123590683233924,-0.001801));
#2166=CARTESIAN_POINT('',(-0.041,-0.0123590683234506,-0.001801));
#2167=CARTESIAN_POINT('',(-0.041,-0.011,-0.00180100000002143));
#2168=CARTESIAN_POINT('',(-0.041,-0.011,-0.011));
#2169=CARTESIAN_POINT('',(-0.041,-0.011,-0.011));
#2170=CARTESIAN_POINT('',(-0.041,0.,-0.011));
#2171=CARTESIAN_POINT('',(-0.0409999999999951,-0.0167156184608593,-0.0109999999393901));
#2172=CARTESIAN_POINT('',(-0.041,0.,-0.011));
#2173=CARTESIAN_POINT('',(-0.041,-0.021,0.00997925701706028));
#2174=CARTESIAN_POINT('',(-0.041,-0.021,0.011));
#2175=CARTESIAN_POINT('',(-0.041,0.,0.011));
#2176=CARTESIAN_POINT('',(-0.0279829110542695,-0.021,0.0126443049046318));
#2177=CARTESIAN_POINT('',(-0.0281834851032627,-0.021,0.0136239834492935));
#2178=CARTESIAN_POINT('',(0.0107833784130949,-0.0219999999999913,0.0107833784130949));
#2179=CARTESIAN_POINT('',(0.0107833784130949,-0.0205000000000269,0.0107833784130949));
#2180=CARTESIAN_POINT('',(0.00928337841310167,-0.0205000000000269,0.0107833784130949));
#2181=CARTESIAN_POINT('',(0.0107833784130949,-0.0219999999999913,-0.0107833784130949));
#2182=CARTESIAN_POINT('',(0.0107833784130949,-0.0205000000000269,-0.0107833784130949));
#2183=CARTESIAN_POINT('',(0.00928337841310167,-0.0205000000000269,-0.0107833784130949));
#2184=CARTESIAN_POINT('',(-0.00294399999999429,-0.022,-0.0138300000000081));
#2185=CARTESIAN_POINT('',(-0.00294399999999429,-0.022,-0.0138300000000081));
#2186=CARTESIAN_POINT('',(-0.00294399999999429,-0.016,-0.0138300000000081));
#2187=CARTESIAN_POINT('',(-0.00294399999999429,-0.016,-0.0138300000000081));
#2188=CARTESIAN_POINT('',(0.0029439999999943,-0.016,-0.0138300000000081));
#2189=CARTESIAN_POINT('',(0.0029439999999943,-0.022,-0.0138300000000081));
#2190=CARTESIAN_POINT('',(-0.00294399999999429,-0.022,-0.0166700000000064));
#2191=CARTESIAN_POINT('',(-0.00294399999999429,-0.022,-0.0166700000000064));
#2192=CARTESIAN_POINT('',(-0.00294399999999429,-0.016,-0.0166700000000064));
#2193=CARTESIAN_POINT('',(-0.00294399999999429,-0.016,-0.0166700000000064));
#2194=CARTESIAN_POINT('',(0.0029439999999943,-0.022,-0.0166700000000064));
#2195=CARTESIAN_POINT('',(0.0029439999999943,-0.022,-0.0166700000000064));
#2196=CARTESIAN_POINT('',(0.0029439999999943,-0.016,-0.0166700000000064));
#2197=CARTESIAN_POINT('',(0.0029439999999943,-0.016,-0.0166700000000064));
#2198=CARTESIAN_POINT('',(0.0029439999999943,-0.022,-0.0138300000000081));
#2199=CARTESIAN_POINT('',(0.0029439999999943,-0.016,-0.0138300000000081));
#2200=CARTESIAN_POINT('',(0.00294399999999429,-0.022,0.0166700000000064));
#2201=CARTESIAN_POINT('',(0.00294399999999429,-0.022,0.0166700000000064));
#2202=CARTESIAN_POINT('',(0.00294399999999429,-0.016,0.0166700000000064));
#2203=CARTESIAN_POINT('',(0.00294399999999429,-0.016,0.0166700000000064));
#2204=CARTESIAN_POINT('',(0.00294399999999429,-0.016,0.0138300000000081));
#2205=CARTESIAN_POINT('',(0.00294399999999429,-0.022,0.0138300000000081));
#2206=CARTESIAN_POINT('',(-0.0029439999999943,-0.022,0.0166700000000064));
#2207=CARTESIAN_POINT('',(-0.0029439999999943,-0.022,0.0166700000000064));
#2208=CARTESIAN_POINT('',(-0.0029439999999943,-0.016,0.0166700000000064));
#2209=CARTESIAN_POINT('',(-0.0029439999999943,-0.016,0.0166700000000064));
#2210=CARTESIAN_POINT('',(-0.0029439999999943,-0.022,0.0138300000000081));
#2211=CARTESIAN_POINT('',(-0.0029439999999943,-0.022,0.0138300000000081));
#2212=CARTESIAN_POINT('',(-0.0029439999999943,-0.016,0.0138300000000081));
#2213=CARTESIAN_POINT('',(-0.0029439999999943,-0.016,0.0138300000000081));
#2214=CARTESIAN_POINT('',(0.00294399999999429,-0.022,0.0138300000000081));
#2215=CARTESIAN_POINT('',(0.00294399999999429,-0.016,0.0138300000000081));
#2216=CARTESIAN_POINT('',(0.0138300000000081,-0.022,-0.0029439999999943));
#2217=CARTESIAN_POINT('',(0.0138300000000081,-0.022,-0.0029439999999943));
#2218=CARTESIAN_POINT('',(0.0138300000000081,-0.016,-0.0029439999999943));
#2219=CARTESIAN_POINT('',(0.0138300000000081,-0.016,-0.0029439999999943));
#2220=CARTESIAN_POINT('',(0.0138300000000081,-0.016,0.0029439999999943));
#2221=CARTESIAN_POINT('',(0.0138300000000081,-0.022,0.0029439999999943));
#2222=CARTESIAN_POINT('',(0.0166700000000064,-0.022,-0.0029439999999943));
#2223=CARTESIAN_POINT('',(0.0166700000000064,-0.022,-0.0029439999999943));
#2224=CARTESIAN_POINT('',(0.0166700000000064,-0.016,-0.0029439999999943));
#2225=CARTESIAN_POINT('',(0.0166700000000064,-0.016,-0.0029439999999943));
#2226=CARTESIAN_POINT('',(0.0166700000000064,-0.022,0.0029439999999943));
#2227=CARTESIAN_POINT('',(0.0166700000000064,-0.022,0.0029439999999943));
#2228=CARTESIAN_POINT('',(0.0166700000000064,-0.016,0.0029439999999943));
#2229=CARTESIAN_POINT('',(0.0166700000000064,-0.016,0.0029439999999943));
#2230=CARTESIAN_POINT('',(0.0138300000000081,-0.022,0.0029439999999943));
#2231=CARTESIAN_POINT('',(0.0138300000000081,-0.016,0.0029439999999943));
#2232=CARTESIAN_POINT('',(-0.0194520000000097,-0.022,-0.0064999999999709));
#2233=CARTESIAN_POINT('',(-0.0194520000000097,-0.022,-0.00650000000001776));
#2234=CARTESIAN_POINT('',(-0.0194520000000097,-0.020801999999998,-0.00649999999999433));
#2235=CARTESIAN_POINT('',(-0.0194520000000097,-0.020801999999998,-0.0064999999999709));
#2236=CARTESIAN_POINT('',(-0.0194520000000097,-0.020801999999998,0.0064999999999709));
#2237=CARTESIAN_POINT('',(-0.0194520000000097,-0.022,0.0064999999999709));
#2238=CARTESIAN_POINT('',(-0.015850000000032,-0.022,-0.0064999999999709));
#2239=CARTESIAN_POINT('',(-0.015850000000032,-0.022,-0.0064999999999709));
#2240=CARTESIAN_POINT('',(-0.015850000000032,-0.011,-0.0064999999999709));
#2241=CARTESIAN_POINT('',(-0.015850000000032,-0.011,-0.0064999999999709));
#2242=CARTESIAN_POINT('',(-0.0194520000000097,-0.011,-0.0064999999999709));
#2243=CARTESIAN_POINT('',(-0.0194520000000097,-0.022,-0.0064999999999709));
#2244=CARTESIAN_POINT('',(-0.0194520000000097,-0.0172067171349959,-0.0064999999999709));
#2245=CARTESIAN_POINT('',(-0.015850000000032,-0.0172067171350063,-0.0064999999999709));
#2246=CARTESIAN_POINT('',(-0.015850000000032,-0.020801999999998,-0.0064999999999709));
#2247=CARTESIAN_POINT('',(-0.0135901699437495,0.,-0.008675));
#2248=CARTESIAN_POINT('',(-0.0135901699437495,-0.011,-0.008675));
#2249=CARTESIAN_POINT('',(-0.0120901699437495,-0.011,-0.008675));
#2250=CARTESIAN_POINT('',(-0.015850000000032,-0.022,0.0064999999999709));
#2251=CARTESIAN_POINT('',(-0.015850000000032,-0.022,0.0064999999999709));
#2252=CARTESIAN_POINT('',(-0.015850000000032,-0.011,0.0064999999999709));
#2253=CARTESIAN_POINT('',(-0.015850000000032,-0.011,0.0064999999999709));
#2254=CARTESIAN_POINT('',(-0.0135901699437495,0.,0.008675));
#2255=CARTESIAN_POINT('',(-0.0135901699437495,-0.011,0.008675));
#2256=CARTESIAN_POINT('',(-0.0120901699437495,-0.011,0.008675));
#2257=CARTESIAN_POINT('',(-0.0194520000000097,-0.022,0.0064999999999709));
#2258=CARTESIAN_POINT('',(-0.0194520000000097,-0.020801999999998,0.0064999999999709));
#2259=CARTESIAN_POINT('',(-0.0194520000000097,-0.0172067171350063,0.0064999999999709));
#2260=CARTESIAN_POINT('',(-0.0194520000000097,-0.0172067171349959,0.0064999999999709));
#2261=CARTESIAN_POINT('',(-0.0194520000000097,-0.022,0.0064999999999709));
#2262=CARTESIAN_POINT('',(-0.0194520000000097,-0.011,0.0064999999999709));
#2263=CARTESIAN_POINT('',(-0.0194520000000097,-0.011,0.0064999999999709));
#2264=CARTESIAN_POINT('',(1.2421027951322E-33,-0.021,-2.99011650878079E-33));
#2265=CARTESIAN_POINT('',(0.00996838470280022,-0.02,0.000965229601098605));
#2266=CARTESIAN_POINT('',(0.0100143131277088,-0.02,3.17481150696889E-5));
#2267=CARTESIAN_POINT('',(0.00997408329920724,-0.02,-0.000872461918862931));
#2268=CARTESIAN_POINT('',(0.00986292621616136,-0.02,-0.00173263863940185));
#2269=CARTESIAN_POINT('',(0.00965196858778352,-0.02,-0.00267563850226513));
#2270=CARTESIAN_POINT('',(0.00925205695338424,-0.02,-0.00388980422282246));
#2271=CARTESIAN_POINT('',(0.0084900242772929,-0.02,-0.005417515700497));
#2272=CARTESIAN_POINT('',(0.00720189109473269,-0.02,-0.0070419038228214));
#2273=CARTESIAN_POINT('',(0.00585753083513694,-0.02,-0.0081539960037133));
#2274=CARTESIAN_POINT('',(0.00470507157609962,-0.02,-0.00884387165647682));
#2275=CARTESIAN_POINT('',(0.00377599304867057,-0.02,-0.00927717563141517));
#2276=CARTESIAN_POINT('',(0.0028706891332683,-0.02,-0.00959587404390361));
#2277=CARTESIAN_POINT('',(0.0019095016023676,-0.02,-0.00983133598322454));
#2278=CARTESIAN_POINT('',(0.00101275093748073,-0.02,-0.00996219341146985));
#2279=CARTESIAN_POINT('',(9.72983237781337E-5,-0.02,-0.0100138318386915));
#2280=CARTESIAN_POINT('',(-0.000822424852663451,-0.02,-0.00997967537234311));
#2281=CARTESIAN_POINT('',(-0.00171301990252285,-0.02,-0.00986713662801889));
#2282=CARTESIAN_POINT('',(-0.00267292397848831,-0.02,-0.00965279436478594));
#2283=CARTESIAN_POINT('',(-0.00388899048512332,-0.02,-0.00925248269424568));
#2284=CARTESIAN_POINT('',(-0.00541740046212389,-0.02,-0.00849009444349247));
#2285=CARTESIAN_POINT('',(-0.00704191165081578,-0.02,-0.00720189176289147));
#2286=CARTESIAN_POINT('',(-0.00815399452255871,-0.02,-0.00585753141718585));
#2287=CARTESIAN_POINT('',(-0.0088438719043825,-0.02,-0.00470507152041189));
#2288=CARTESIAN_POINT('',(-0.00927717556070069,-0.02,-0.00377599307393937));
#2289=CARTESIAN_POINT('',(-0.00959587406205944,-0.02,-0.00287068912889626));
#2290=CARTESIAN_POINT('',(-0.00983133597825461,-0.02,-0.00190950160406211));
#2291=CARTESIAN_POINT('',(-0.00996219341278638,-0.02,-0.00101275093714455));
#2292=CARTESIAN_POINT('',(-0.0100138318383384,-0.02,-9.72983238936529E-5));
#2293=CARTESIAN_POINT('',(-0.00997967537243804,-0.02,0.000822424852687921));
#2294=CARTESIAN_POINT('',(-0.00986713662799375,-0.02,0.00171301990251457));
#2295=CARTESIAN_POINT('',(-0.00965279436479248,-0.02,0.00267292397849136));
#2296=CARTESIAN_POINT('',(-0.00925248269424197,-0.02,0.00388899048512168));
#2297=CARTESIAN_POINT('',(-0.00849009444349326,-0.02,0.00541740046212492));
#2298=CARTESIAN_POINT('',(-0.00720189176289221,-0.02,0.00704191165081493));
#2299=CARTESIAN_POINT('',(-0.00585753141718286,-0.02,0.00815399452256058));
#2300=CARTESIAN_POINT('',(-0.00470507152041712,-0.02,0.00884387190437932));
#2301=CARTESIAN_POINT('',(-0.00377599307393899,-0.02,0.0092771755607));
#2302=CARTESIAN_POINT('',(-0.00287068912889649,-0.02,0.00959587406206282));
#2303=CARTESIAN_POINT('',(-0.0019095016040611,-0.02,0.00983133597824686));
#2304=CARTESIAN_POINT('',(-0.00101275093714831,-0.02,0.00996219341281502));
#2305=CARTESIAN_POINT('',(-9.72983238544505E-5,-0.02,0.0100138318382315));
#2306=CARTESIAN_POINT('',(0.000822424852539957,-0.02,0.00997967537283664));
#2307=CARTESIAN_POINT('',(0.00171301990301671,-0.02,0.00986713662650612));
#2308=CARTESIAN_POINT('',(0.00267292397662063,-0.02,0.00965279437034438));
#2309=CARTESIAN_POINT('',(0.00388899049500557,-0.02,0.00925248266478669));
#2310=CARTESIAN_POINT('',(0.0054174003825059,-0.02,0.00849009468083971));
#2311=CARTESIAN_POINT('',(0.00704191194150329,-0.02,0.00720189089632281));
#2312=CARTESIAN_POINT('',(0.00815399366839327,-0.02,0.00585753396353384));
#2313=CARTESIAN_POINT('',(0.00884387338373888,-0.02,0.00470506711030316));
#2314=CARTESIAN_POINT('',(0.00927716991402865,-0.02,0.00377600990720857));
#2315=CARTESIAN_POINT('',(0.00959589516938492,-0.02,0.00287062620594193));
#2316=CARTESIAN_POINT('',(0.00983538635397586,-0.02,0.00189287874783649));
#2317=CARTESIAN_POINT('',(0.00996838470280022,-0.02,0.000965229601098605));
#2318=CARTESIAN_POINT('',(0.0100143131277088,-0.02,3.17481150696889E-5));
#2319=CARTESIAN_POINT('',(0.00997408329920724,-0.02,-0.000872461918862931));
#2320=CARTESIAN_POINT('',(0.01,-0.02,-2.44929359829471E-18));
#2321=CARTESIAN_POINT('',(4.92897934576269E-34,-0.016,4.27642353614751E-50));
#2322=CARTESIAN_POINT('',(4.92897934576269E-34,-0.017,4.27642353614751E-50));
#2323=CARTESIAN_POINT('',(-0.00381090693087083,-0.017,-0.0186138923485724));
#2324=CARTESIAN_POINT('',(-0.00381090693087082,-0.017,0.0186138923485724));
#2325=CARTESIAN_POINT('',(-0.00381090693087082,-0.016,0.0186138923485724));
#2326=CARTESIAN_POINT('',(-0.00381090693087083,-0.016,-0.0186138923485724));
#2327=CARTESIAN_POINT('',(-0.00381090693087083,-0.016,-0.0186138923485724));
#2328=CARTESIAN_POINT('',(-0.00381090693087083,-0.017,-0.0186138923485724));
#2329=CARTESIAN_POINT('',(-0.0409007424246,-0.017,-0.0110203214553383));
#2330=CARTESIAN_POINT('',(-0.041,-0.0167156184608556,-0.011));
#2331=CARTESIAN_POINT('',(-0.041,-0.0168321521579288,-0.011));
#2332=CARTESIAN_POINT('',(-0.0409661762317884,-0.0169332089004579,-0.011006924894068));
#2333=CARTESIAN_POINT('',(-0.0409007424246,-0.017,-0.0110203214553383));
#2334=CARTESIAN_POINT('',(-0.041,-0.0140727996326104,0.00483080083507326));
#2335=CARTESIAN_POINT('',(-0.03,-0.0140727996326104,0.00483080083507326));
#2336=CARTESIAN_POINT('',(-0.03,-0.0133742996326104,0.00483080083507326));
#2337=CARTESIAN_POINT('',(-0.041,-0.019001,0.008675));
#2338=CARTESIAN_POINT('',(-0.03,-0.019001,0.008675));
#2339=CARTESIAN_POINT('',(-0.03,-0.0183025,0.008675));
#2340=CARTESIAN_POINT('',(-0.041,-0.019001,-0.0087032849302036));
#2341=CARTESIAN_POINT('',(-0.03,-0.019001,-0.0087032849302036));
#2342=CARTESIAN_POINT('',(-0.03,-0.0183025,-0.0087032849302036));
#2343=CARTESIAN_POINT('',(-0.041,-0.0140727996326104,-0.00483080083507326));
#2344=CARTESIAN_POINT('',(-0.03,-0.0140727996326104,-0.00483080083507326));
#2345=CARTESIAN_POINT('',(-0.03,-0.0133742996326104,-0.00483080083507326));
#2346=CARTESIAN_POINT('',(0.,-0.011,0.));
#2347=CARTESIAN_POINT('',(0.,-0.011,0.011));
#2348=CARTESIAN_POINT('',(-0.0111803398874989,-0.011,0.011));
#2349=CARTESIAN_POINT('',(-0.0111803398874989,-0.011,0.01));
#2350=CARTESIAN_POINT('',(-0.010434983894999,-0.011,0.00933333333333334));
#2351=CARTESIAN_POINT('',(0.,-0.011,0.));
#2352=CARTESIAN_POINT('',(-0.010434983894999,-0.011,-0.00933333333333334));
#2353=CARTESIAN_POINT('',(-0.0111803398874989,-0.011,-0.01));
#2354=CARTESIAN_POINT('',(-0.0111803398874989,-0.011,-0.011));
#2355=CARTESIAN_POINT('',(0.,-0.011,-0.011));
#2356=CARTESIAN_POINT('',(0.,-0.011,-0.00180100000003214));
#2357=CARTESIAN_POINT('',(-0.0194520000000097,-0.011,-0.00180100000002143));
#2358=CARTESIAN_POINT('',(-0.0194520000000097,-0.011,0.));
#2359=CARTESIAN_POINT('',(-0.0194520000000097,-0.011,0.));
#2360=CARTESIAN_POINT('',(-0.0194520000000097,-0.011,0.00180100000001326));
#2361=CARTESIAN_POINT('',(0.,-0.011,0.00180100000001326));
#2362=CARTESIAN_POINT('',(-0.041,-0.006,0.011));
#2363=CARTESIAN_POINT('',(-0.041,-0.015,0.011));
#2364=CARTESIAN_POINT('',(-0.0311299367759744,-0.015,0.011));
#2365=CARTESIAN_POINT('',(-0.0111803398874989,-0.015,0.011));
#2366=CARTESIAN_POINT('',(-0.0111803398874989,-0.006,0.011));
#2367=CARTESIAN_POINT('',(-0.041,-0.0167156184608556,0.011));
#2368=CARTESIAN_POINT('',(-0.0408352397281618,-0.0164855693720345,0.011));
#2369=CARTESIAN_POINT('',(-0.0403353362334357,-0.016167739535436,0.011));
#2370=CARTESIAN_POINT('',(-0.0389754523976166,-0.0157456491985763,0.011));
#2371=CARTESIAN_POINT('',(-0.037698773584903,-0.0154806803770771,0.011));
#2372=CARTESIAN_POINT('',(-0.03644237702932,-0.0152993858240911,0.011));
#2373=CARTESIAN_POINT('',(-0.0353709169862098,-0.0151864650293408,0.011));
#2374=CARTESIAN_POINT('',(-0.0344929912899106,-0.0151143797325592,0.011));
#2375=CARTESIAN_POINT('',(-0.0336863212575386,-0.01506425416227,0.011));
#2376=CARTESIAN_POINT('',(-0.0325640372433252,-0.0150145653617765,0.011));
#2377=CARTESIAN_POINT('',(-0.0317096217560638,-0.015,0.011));
#2378=CARTESIAN_POINT('',(-0.0311299367759744,-0.015,0.011));
#2379=CARTESIAN_POINT('',(-0.041,-0.016,0.011));
#2380=CARTESIAN_POINT('',(-0.0409007424246,-0.017,0.0110203214553383));
#2381=CARTESIAN_POINT('',(-0.0409645655859429,-0.0169350515999785,0.0110072546489253));
#2382=CARTESIAN_POINT('',(-0.0410000219868666,-0.0168348588414582,0.0109999954985287));
#2383=CARTESIAN_POINT('',(-0.041,-0.0167156184608556,0.011));
#2384=CARTESIAN_POINT('',(-0.0409007424246,-0.017,0.0110203214553383));
#2385=CARTESIAN_POINT('',(-0.041,-0.017,0.011));
#2386=CARTESIAN_POINT('',(-0.00866025403784439,-0.006,-0.011));
#2387=CARTESIAN_POINT('',(-0.0311299367759744,-0.015,-0.011));
#2388=CARTESIAN_POINT('',(-0.0317094360257638,-0.015,-0.011));
#2389=CARTESIAN_POINT('',(-0.0325637472236577,-0.0150145676112243,-0.011));
#2390=CARTESIAN_POINT('',(-0.0336860307474009,-0.0150642504131905,-0.011));
#2391=CARTESIAN_POINT('',(-0.0344931897932211,-0.0151143939790616,-0.011));
#2392=CARTESIAN_POINT('',(-0.0353704134831052,-0.0151864117924108,-0.011));
#2393=CARTESIAN_POINT('',(-0.0364416852041566,-0.0152993028611707,-0.011));
#2394=CARTESIAN_POINT('',(-0.0376993166810416,-0.01548077911921,-0.011));
#2395=CARTESIAN_POINT('',(-0.0389742188224855,-0.0157453735339757,-0.011));
#2396=CARTESIAN_POINT('',(-0.0403361023813504,-0.0161679412410602,-0.011));
#2397=CARTESIAN_POINT('',(-0.0408351097139812,-0.0164853878377152,-0.011));
#2398=CARTESIAN_POINT('',(-0.041,-0.0167156184608556,-0.011));
#2399=CARTESIAN_POINT('',(-0.0311299367759744,-0.015,-0.011));
#2400=CARTESIAN_POINT('',(-0.0111803398874989,-0.006,-0.011));
#2401=CARTESIAN_POINT('',(-0.0111803398874989,-0.015,-0.011));
#2402=CARTESIAN_POINT('',(-0.00866025403784439,-0.015,-0.011));
#2403=CARTESIAN_POINT('',(-0.041,-0.012359068323449,-0.006651));
#2404=CARTESIAN_POINT('',(-0.0194520000000097,-0.012359068323449,-0.006651));
#2405=CARTESIAN_POINT('',(-0.0194520000000097,-0.0123590683234498,-0.001801));
#2406=CARTESIAN_POINT('',(-0.041,-0.0123590683234506,-0.001801));
#2407=CARTESIAN_POINT('',(-0.041,-0.020801999999998,0.00649999999999679));
#2408=CARTESIAN_POINT('',(-0.041,-0.012359068323449,0.006651));
#2409=CARTESIAN_POINT('',(-0.041,-0.0123590683234506,0.001801));
#2410=CARTESIAN_POINT('',(-0.0194520000000097,-0.0123590683234498,0.00180100000000663));
#2411=CARTESIAN_POINT('',(-0.0194520000000097,-0.012359068323449,0.006651));
#2412=CARTESIAN_POINT('',(0.0107833784130949,0.,0.0107833784130949));
#2413=CARTESIAN_POINT('',(0.0107833784130949,-0.016,0.0107833784130949));
#2414=CARTESIAN_POINT('',(0.0122833784130949,-0.016,0.0107833784130949));
#2415=CARTESIAN_POINT('',(0.0107833784130949,0.,-0.0107833784130949));
#2416=CARTESIAN_POINT('',(0.0107833784130949,-0.016,-0.0107833784130949));
#2417=CARTESIAN_POINT('',(0.0122833784130949,-0.016,-0.0107833784130949));
#2418=CARTESIAN_POINT('',(-0.0250667892007999,-0.016,-1.18965965919553E-19));
#2419=CARTESIAN_POINT('',(-6.51939668132879E-33,-0.016,-1.53448327336458E-33));
#2420=CARTESIAN_POINT('',(-6.51939668132879E-33,-0.016,-0.0117));
#2421=CARTESIAN_POINT('',(-0.009000000001187,-0.016,0.0119999999997774));
#2422=CARTESIAN_POINT('',(-0.00906059772420765,-0.016,0.0118861568226253));
#2423=CARTESIAN_POINT('',(-0.00915236326664925,-0.016,0.0117030192619944));
#2424=CARTESIAN_POINT('',(-0.00926947693033109,-0.016,0.011450747527014));
#2425=CARTESIAN_POINT('',(-0.00936864859909544,-0.016,0.0112241850273772));
#2426=CARTESIAN_POINT('',(-0.00942333021903695,-0.016,0.0110935219813328));
#2427=CARTESIAN_POINT('',(-0.00948134752807844,-0.016,0.0109532922801135));
#2428=CARTESIAN_POINT('',(-0.00955501080145717,-0.016,0.0107729409080815));
#2429=CARTESIAN_POINT('',(-0.00959040084150102,-0.016,0.0106864944176278));
#2430=CARTESIAN_POINT('',(-0.00961945704023135,-0.016,0.0106157546086495));
#2431=CARTESIAN_POINT('',(-0.00962156723100438,-0.016,0.0106102620654279));
#2432=CARTESIAN_POINT('',(-0.00966565650671862,-0.016,0.0105049648079324));
#2433=CARTESIAN_POINT('',(-0.00970779976742214,-0.016,0.0104071969354157));
#2434=CARTESIAN_POINT('',(-0.0097873337265297,-0.016,0.0102304452243066));
#2435=CARTESIAN_POINT('',(-0.00986657299630083,-0.016,0.010065063684684));
#2436=CARTESIAN_POINT('',(-0.0100379179469163,-0.016,0.00977892766137932));
#2437=CARTESIAN_POINT('',(-0.0101475200810851,-0.016,0.00964546947514675));
#2438=CARTESIAN_POINT('',(-0.0102057863886232,-0.016,0.00958341923270569));
#2439=CARTESIAN_POINT('',(-0.00900000000071219,-0.016,0.0119999999998664));
#2440=CARTESIAN_POINT('',(-0.0102059381476601,-0.015999999973915,0.0095835620618455));
#2441=CARTESIAN_POINT('',(-0.0250667892007999,-0.016,0.012));
#2442=CARTESIAN_POINT('',(-0.0311299367759744,-0.016,0.0119999999999629));
#2443=CARTESIAN_POINT('',(-0.00361033288187763,-0.016,0.0176342138039107));
#2444=CARTESIAN_POINT('',(-0.00361033288187763,-0.016,0.0176342138039107));
#2445=CARTESIAN_POINT('',(-0.00361033288187765,-0.016,-0.0176342138039107));
#2446=CARTESIAN_POINT('',(-0.00297623331314952,-0.016,-0.0177640358957159));
#2447=CARTESIAN_POINT('',(-0.00169565692487269,-0.016,-0.0179540113153917));
#2448=CARTESIAN_POINT('',(0.000210676115064097,-0.016,-0.0180349842256936));
#2449=CARTESIAN_POINT('',(0.0022574674973428,-0.016,-0.0178969186990086));
#2450=CARTESIAN_POINT('',(0.00488422669749868,-0.016,-0.0174162744175931));
#2451=CARTESIAN_POINT('',(0.00751137906297602,-0.016,-0.0164564531509457));
#2452=CARTESIAN_POINT('',(0.00985002707223183,-0.016,-0.0151129180200556));
#2453=CARTESIAN_POINT('',(0.0115113590894492,-0.016,-0.0138854381174267));
#2454=CARTESIAN_POINT('',(0.0129352412249594,-0.016,-0.0125699298198686));
#2455=CARTESIAN_POINT('',(0.0146787370744138,-0.016,-0.0105574845695836));
#2456=CARTESIAN_POINT('',(0.0159778336904278,-0.016,-0.00846777897681376));
#2457=CARTESIAN_POINT('',(0.01702007201577,-0.016,-0.00597454818226985));
#2458=CARTESIAN_POINT('',(0.0175694144731941,-0.016,-0.00407990196144103));
#2459=CARTESIAN_POINT('',(0.017924572137045,-0.016,-0.00204238341836911));
#2460=CARTESIAN_POINT('',(0.0180376860266999,-0.016,2.83823720863322E-7));
#2461=CARTESIAN_POINT('',(0.0179246837561553,-0.016,0.0020412481234857));
#2462=CARTESIAN_POINT('',(0.0175693408252475,-0.016,0.00408063026818772));
#2463=CARTESIAN_POINT('',(0.0170202549884462,-0.016,0.00597277025016656));
#2464=CARTESIAN_POINT('',(0.0162387974328179,-0.016,0.00784785303228691));
#2465=CARTESIAN_POINT('',(0.0153264857655263,-0.016,0.00950088268886549));
#2466=CARTESIAN_POINT('',(0.0142431753052273,-0.016,0.0110639150849278));
#2467=CARTESIAN_POINT('',(0.0129357920691452,-0.016,0.0125684020931098));
#2468=CARTESIAN_POINT('',(0.0115110249900952,-0.016,0.0138859711942949));
#2469=CARTESIAN_POINT('',(0.00985081262546201,-0.016,0.0151123134393416));
#2470=CARTESIAN_POINT('',(0.00751099718488854,-0.016,0.0164567978741474));
#2471=CARTESIAN_POINT('',(0.00488375763119034,-0.016,0.0174162796780375));
#2472=CARTESIAN_POINT('',(0.00225838383290428,-0.016,0.0178968233124305));
#2473=CARTESIAN_POINT('',(0.000210329271066758,-0.016,0.0180349894049315));
#2474=CARTESIAN_POINT('',(-0.00169518588444481,-0.016,0.0179540859850178));
#2475=CARTESIAN_POINT('',(-0.00297605974014948,-0.016,0.0177640714321065));
#2476=CARTESIAN_POINT('',(-0.00361033288187765,-0.016,0.0176342138039107));
#2477=CARTESIAN_POINT('',(-0.00361033288187763,-0.016,-0.0176342138039107));
#2478=CARTESIAN_POINT('',(-0.0311299367759744,-0.016,-0.012));
#2479=CARTESIAN_POINT('',(-0.0311299367759763,-0.016,-0.0119999999999996));
#2480=CARTESIAN_POINT('',(-0.0250667892007999,-0.016,-0.0119999999999988));
#2481=CARTESIAN_POINT('',(-0.0090000000000037,-0.016,-0.0119999999999995));
#2482=CARTESIAN_POINT('',(-0.0102057863761467,-0.016,-0.00958341924599249));
#2483=CARTESIAN_POINT('',(-0.0101476064093167,-0.016,-0.00964537754058079));
#2484=CARTESIAN_POINT('',(-0.010038141480052,-0.016,-0.00977866277137882));
#2485=CARTESIAN_POINT('',(-0.00986643814899219,-0.016,-0.010065301229156));
#2486=CARTESIAN_POINT('',(-0.00978757446801226,-0.016,-0.0102299137368308));
#2487=CARTESIAN_POINT('',(-0.00970795931432817,-0.016,-0.0104068376171644));
#2488=CARTESIAN_POINT('',(-0.00966574154928327,-0.016,-0.0105047751192789));
#2489=CARTESIAN_POINT('',(-0.00962157116737113,-0.016,-0.0106102493171049));
#2490=CARTESIAN_POINT('',(-0.00961935625823989,-0.016,-0.0106159952760565));
#2491=CARTESIAN_POINT('',(-0.00959027579546601,-0.016,-0.0106867917141713));
#2492=CARTESIAN_POINT('',(-0.00955491278240703,-0.016,-0.0107731740155975));
#2493=CARTESIAN_POINT('',(-0.00948137071527272,-0.016,-0.0109532378957404));
#2494=CARTESIAN_POINT('',(-0.00942361164979814,-0.016,-0.0110928458535565));
#2495=CARTESIAN_POINT('',(-0.00936855278856504,-0.016,-0.0112244044197161));
#2496=CARTESIAN_POINT('',(-0.00926957875105599,-0.016,-0.0114505460635653));
#2497=CARTESIAN_POINT('',(-0.00915245145846364,-0.016,-0.0117028600576088));
#2498=CARTESIAN_POINT('',(-0.00906065743698878,-0.016,-0.011886044790419));
#2499=CARTESIAN_POINT('',(-0.00900000000000615,-0.016,-0.0119999999999988));
#2500=CARTESIAN_POINT('',(-0.0102057738897016,-0.0159999999970032,-0.0095834075192695));
#2501=CARTESIAN_POINT('',(0.,-0.0159999999997434,0.));
#2502=CARTESIAN_POINT('',(-0.0194520000000097,-0.022,-0.0064999999999709));
#2503=CARTESIAN_POINT('',(-0.0194520000000097,-0.022,-0.001801));
#2504=CARTESIAN_POINT('',(-0.0194520000000097,-0.022,-0.0064999999999709));
#2505=CARTESIAN_POINT('',(-0.0194520000000097,-0.022,0.00180100000001326));
#2506=CARTESIAN_POINT('',(-0.0120404499652533,-0.02,-1.66533453693773E-18));
#2507=CARTESIAN_POINT('',(-6.51939668132879E-33,-0.02,-1.86317531720667E-33));
#2508=CARTESIAN_POINT('',(-6.51939668132879E-33,-0.02,-0.0117));
#2509=CARTESIAN_POINT('',(4.92897934576269E-34,-0.017,4.27642353614751E-50));
#2510=CARTESIAN_POINT('',(-0.00361033288187763,-0.017,-0.0176342138039106));
#2511=CARTESIAN_POINT('',(-0.00361033288187762,-0.017,0.0176342138039106));
#2512=CARTESIAN_POINT('',(-0.0156395096550832,-0.017,-0.0151714256734531));
#2513=CARTESIAN_POINT('',(-0.0409007424246,-0.017,-0.0110203214553383));
#2514=CARTESIAN_POINT('',(-0.0409007424246,-0.016937928832341,-0.0110203214553383));
#2515=CARTESIAN_POINT('',(-0.0407836525597682,-0.016812499745012,-0.0110321771115564));
#2516=CARTESIAN_POINT('',(-0.0402815856489848,-0.0166318426939454,-0.0110823263421311));
#2517=CARTESIAN_POINT('',(-0.0395288561118472,-0.0164816081338535,-0.0111580174088129));
#2518=CARTESIAN_POINT('',(-0.0387518184387371,-0.0163712112616893,-0.0112358552542648));
#2519=CARTESIAN_POINT('',(-0.0380247989616532,-0.0162890738078529,-0.0113086355316679));
#2520=CARTESIAN_POINT('',(-0.0373826239612901,-0.0162298528197797,-0.0113731785651841));
#2521=CARTESIAN_POINT('',(-0.0365916620203502,-0.0161688112629845,-0.0114526053740563));
#2522=CARTESIAN_POINT('',(-0.035867861724903,-0.0161241760183822,-0.011525091673652));
#2523=CARTESIAN_POINT('',(-0.0353048052468836,-0.0160956190079853,-0.0115814504098092));
#2524=CARTESIAN_POINT('',(-0.034988889208274,-0.0160811181643818,-0.0116130878002193));
#2525=CARTESIAN_POINT('',(-0.0346954706568258,-0.0160688578148903,-0.0116424925854966));
#2526=CARTESIAN_POINT('',(-0.0345883400247671,-0.0160647207696822,-0.0116532549216267));
#2527=CARTESIAN_POINT('',(-0.0343633134113013,-0.0160562153111692,-0.0116758922546855));
#2528=CARTESIAN_POINT('',(-0.0340801415918577,-0.0160464914117374,-0.0117044272290827));
#2529=CARTESIAN_POINT('',(-0.0336895454368095,-0.0160346981831654,-0.0117437512336847));
#2530=CARTESIAN_POINT('',(-0.0331179721841593,-0.0160201670309686,-0.0118011717535324));
#2531=CARTESIAN_POINT('',(-0.0323004530109554,-0.0160052195204762,-0.0118829689047826));
#2532=CARTESIAN_POINT('',(-0.0315382106860659,-0.016,-0.0119590640521933));
#2533=CARTESIAN_POINT('',(-0.0311299367759744,-0.016,-0.012));
#2534=CARTESIAN_POINT('',(-0.03,-0.0140727996326104,0.00483080083507326));
#2535=CARTESIAN_POINT('',(-0.03,-0.019001,0.008675));
#2536=CARTESIAN_POINT('',(-0.03,-0.019001,-0.0087032849302036));
#2537=CARTESIAN_POINT('',(-0.03,-0.0140727996326104,-0.00483080083507326));
#2538=CARTESIAN_POINT('',(-0.041,-0.0108499999999738,0.00180100000001472));
#2539=CARTESIAN_POINT('',(-0.0111803398874989,-0.006,0.01));
#2540=CARTESIAN_POINT('',(-0.0111803398874989,-0.015,0.011));
#2541=CARTESIAN_POINT('',(-0.0107969192236619,-0.015,0.011));
#2542=CARTESIAN_POINT('',(-0.0100467932452625,-0.015,0.0105069374695415));
#2543=CARTESIAN_POINT('',(-0.0101793701191077,-0.015,0.00961911822277251));
#2544=CARTESIAN_POINT('',(-0.010434983894999,-0.015,0.00933333333333332));
#2545=CARTESIAN_POINT('',(-0.010434983894999,-0.015,0.00933333333333333));
#2546=CARTESIAN_POINT('',(-0.010434983894999,-0.006,0.00933333333333332));
#2547=CARTESIAN_POINT('',(0.,-0.006,0.));
#2548=CARTESIAN_POINT('',(-0.0102057863886232,-0.0159999999874148,0.00958341923270571));
#2549=CARTESIAN_POINT('',(-0.0103511051000819,-0.0157043892273041,0.00942866322220412));
#2550=CARTESIAN_POINT('',(-0.0104348997865421,-0.0153507316184161,0.00933342736944689));
#2551=CARTESIAN_POINT('',(-0.010434983894999,-0.015,0.00933333333333335));
#2552=CARTESIAN_POINT('',(-0.010434983894999,-0.015,-0.00933333333333333));
#2553=CARTESIAN_POINT('',(-0.0104348999940251,-0.0153600357551623,-0.00933342713747391));
#2554=CARTESIAN_POINT('',(-0.0103558369832149,-0.0157011682364082,-0.00942362404116617));
#2555=CARTESIAN_POINT('',(-0.0102057863761467,-0.0159999999997434,-0.00958341924599245));
#2556=CARTESIAN_POINT('',(-0.010434983894999,-0.015,-0.00933333333333333));
#2557=CARTESIAN_POINT('',(-0.010434983894999,-0.006,-0.00933333333333334));
#2558=CARTESIAN_POINT('',(-0.0111803398874989,-0.006,-0.01));
#2559=CARTESIAN_POINT('',(-0.010434983894999,-0.015,-0.00933333333333331));
#2560=CARTESIAN_POINT('',(-0.0101793701191077,-0.015,-0.0096191182227725));
#2561=CARTESIAN_POINT('',(-0.0100467932452624,-0.015,-0.0105069374695415));
#2562=CARTESIAN_POINT('',(-0.0107969192236619,-0.015,-0.011));
#2563=CARTESIAN_POINT('',(-0.0111803398874989,-0.015,-0.011));
#2564=CARTESIAN_POINT('',(-0.041,-0.0123590683234506,-0.001801));
#2565=CARTESIAN_POINT('',(-0.0330333946004,-0.015,0.012));
#2566=CARTESIAN_POINT('',(-0.0311299367759744,-0.015,0.011));
#2567=CARTESIAN_POINT('',(-0.0311299367759744,-0.015261799387762,0.011));
#2568=CARTESIAN_POINT('',(-0.0311299367759744,-0.0157833138683638,0.0112166861314618));
#2569=CARTESIAN_POINT('',(-0.0311299367759744,-0.0159999999999417,0.0117382006120154));
#2570=CARTESIAN_POINT('',(-0.0311299367759744,-0.016,0.0119999999997774));
#2571=CARTESIAN_POINT('',(-0.0111803398874989,-0.015,0.011));
#2572=CARTESIAN_POINT('',(-0.0111803398874989,-0.0151591384239721,0.011));
#2573=CARTESIAN_POINT('',(-0.0110525732752195,-0.015414638838537,0.0110701778419358));
#2574=CARTESIAN_POINT('',(-0.0107696195271841,-0.0156401381701742,0.0112214857679773));
#2575=CARTESIAN_POINT('',(-0.0104388071827255,-0.0157974221237073,0.0113866530905079));
#2576=CARTESIAN_POINT('',(-0.0101843290535133,-0.0158738190408267,0.0115068895110819));
#2577=CARTESIAN_POINT('',(-0.0097273275701843,-0.0159702415334004,0.0117123185703682));
#2578=CARTESIAN_POINT('',(-0.0093138946822099,-0.0159999999999738,0.0118822894940237));
#2579=CARTESIAN_POINT('',(-0.009000000001187,-0.016,0.0119999999997774));
#2580=CARTESIAN_POINT('',(-0.0411033359120149,-0.017,0.011));
#2581=CARTESIAN_POINT('',(-0.0411033359120149,-0.0165489417270159,0.011));
#2582=CARTESIAN_POINT('',(-0.0392810196120024,-0.0154946179190926,0.0109999786254521));
#2583=CARTESIAN_POINT('',(-0.0341143133495337,-0.0149872867586815,0.0109998792124746));
#2584=CARTESIAN_POINT('',(-0.0311299367759744,-0.014984292036732,0.011));
#2585=CARTESIAN_POINT('',(-0.0411026627658743,-0.017,0.011));
#2586=CARTESIAN_POINT('',(-0.0411026627658743,-0.0165496948345063,0.011));
#2587=CARTESIAN_POINT('',(-0.0392804285224212,-0.0154971257955796,0.0109999857503014));
#2588=CARTESIAN_POINT('',(-0.0341139977680043,-0.0149915245057877,0.0109999194749831));
#2589=CARTESIAN_POINT('',(-0.0311299367759744,-0.014989528024488,0.011));
#2590=CARTESIAN_POINT('',(-0.0411019896197337,-0.017,0.011));
#2591=CARTESIAN_POINT('',(-0.0411019896197337,-0.0165504479419968,0.011));
#2592=CARTESIAN_POINT('',(-0.03927983743284,-0.0154996336720667,0.0109999928751507));
#2593=CARTESIAN_POINT('',(-0.0341136821864748,-0.0149957622528938,0.0109999597374915));
#2594=CARTESIAN_POINT('',(-0.0311299367759744,-0.014994764012244,0.011));
#2595=CARTESIAN_POINT('',(-0.0411013164735932,-0.017,0.011));
#2596=CARTESIAN_POINT('',(-0.0411013164735932,-0.0165512010494872,0.011));
#2597=CARTESIAN_POINT('',(-0.0392792463432588,-0.0155021415485537,0.011));
#2598=CARTESIAN_POINT('',(-0.0341133666049453,-0.015,0.011));
#2599=CARTESIAN_POINT('',(-0.0311299367759744,-0.015,0.011));
#2600=CARTESIAN_POINT('',(-0.041062850979848,-0.017,0.011));
#2601=CARTESIAN_POINT('',(-0.041062850979848,-0.016594235763226,0.011));
#2602=CARTESIAN_POINT('',(-0.039245469795762,-0.0156454487763835,0.0110004071342458));
#2603=CARTESIAN_POINT('',(-0.0340953333746893,-0.0152421569774951,0.0110023007147695));
#2604=CARTESIAN_POINT('',(-0.0311299367759744,-0.0152991993003419,0.011));
#2605=CARTESIAN_POINT('',(-0.0409955365675536,-0.017,0.0110038886324114));
#2606=CARTESIAN_POINT('',(-0.0409955365675536,-0.0166695461285033,0.0110038886324114));
#2607=CARTESIAN_POINT('',(-0.0391861725404537,-0.0158963961325127,0.011036533496111));
#2608=CARTESIAN_POINT('',(-0.0340643575937186,-0.0156692431772495,0.0111512107730517));
#2609=CARTESIAN_POINT('',(-0.0311299367759744,-0.0158170872084544,0.0112512231253068));
#2610=CARTESIAN_POINT('',(-0.040929005288799,-0.017,0.011014535070468));
#2611=CARTESIAN_POINT('',(-0.0409290052887991,-0.0167439804701338,0.011014535070468));
#2612=CARTESIAN_POINT('',(-0.039134554016818,-0.016145048266593,0.0111405723262881));
#2613=CARTESIAN_POINT('',(-0.0340533062157077,-0.0159336029433658,0.0115237545066543));
#2614=CARTESIAN_POINT('',(-0.0311299367759744,-0.016,0.0117756005247436));
#2615=CARTESIAN_POINT('',(-0.0409007424246,-0.017,0.0110203214553383));
#2616=CARTESIAN_POINT('',(-0.0409007424246001,-0.0167756005247436,0.0110203214553383));
#2617=CARTESIAN_POINT('',(-0.0391153231885925,-0.0162510707742768,0.0111993381077664));
#2618=CARTESIAN_POINT('',(-0.0340533549898198,-0.016,0.0117068808648773));
#2619=CARTESIAN_POINT('',(-0.0311299367759744,-0.016,0.012));
#2620=CARTESIAN_POINT('',(-0.0409000763631004,-0.017,0.0110204578211417));
#2621=CARTESIAN_POINT('',(-0.0409000763631005,-0.0167763457040306,0.0110204578211417));
#2622=CARTESIAN_POINT('',(-0.039114869982074,-0.0162535693713745,0.0112007230213499));
#2623=CARTESIAN_POINT('',(-0.0340533561392631,-0.0160015647573013,0.0117111965427194));
#2624=CARTESIAN_POINT('',(-0.0311299367759744,-0.016,0.0120052883476335));
#2625=CARTESIAN_POINT('',(-0.0408994103016007,-0.017,0.0110205941869452));
#2626=CARTESIAN_POINT('',(-0.0408994103016009,-0.0167770908833176,0.0110205941869452));
#2627=CARTESIAN_POINT('',(-0.0391144167755555,-0.0162560679684723,0.0112021079349334));
#2628=CARTESIAN_POINT('',(-0.0340533572887063,-0.0160031295146027,0.0117155122205615));
#2629=CARTESIAN_POINT('',(-0.0311299367759744,-0.016,0.0120105766952671));
#2630=CARTESIAN_POINT('',(-0.0408987442401012,-0.017,0.0110207305527486));
#2631=CARTESIAN_POINT('',(-0.0408987442401013,-0.0167778360626045,0.0110207305527486));
#2632=CARTESIAN_POINT('',(-0.039113963569037,-0.0162585665655701,0.0112034928485169));
#2633=CARTESIAN_POINT('',(-0.0340533584381496,-0.0160046942719041,0.0117198278984037));
#2634=CARTESIAN_POINT('',(-0.0311299367759744,-0.016,0.0120158650429006));
#2635=CARTESIAN_POINT('',(-0.0311299367759744,-0.016,0.012));
#2636=CARTESIAN_POINT('',(-0.0315382019658612,-0.016,0.0119590649265324));
#2637=CARTESIAN_POINT('',(-0.0323004312233181,-0.016005219300305,0.0118829710940415));
#2638=CARTESIAN_POINT('',(-0.033117944912019,-0.0160201664586598,0.0118011745443715));
#2639=CARTESIAN_POINT('',(-0.0336895204410357,-0.0160346975076596,0.0117437538303413));
#2640=CARTESIAN_POINT('',(-0.034080121229812,-0.0160464907707369,0.0117044293687838));
#2641=CARTESIAN_POINT('',(-0.0343633007122054,-0.0160562148787766,0.0116758936084966));
#2642=CARTESIAN_POINT('',(-0.0345883326609073,-0.0160647204928466,0.0116532557005979));
#2643=CARTESIAN_POINT('',(-0.0346954747377824,-0.0160688579869412,0.0116424921854801));
#2644=CARTESIAN_POINT('',(-0.0349888802483075,-0.016081117753014,0.0116130886213141));
#2645=CARTESIAN_POINT('',(-0.0353047891860139,-0.0160956181852277,0.0115814518958429));
#2646=CARTESIAN_POINT('',(-0.0358678324936828,-0.0161241743442539,0.0115250944758667));
#2647=CARTESIAN_POINT('',(-0.0365916279579381,-0.016168808993254,0.0114526088412325));
#2648=CARTESIAN_POINT('',(-0.0373825924439672,-0.0162298502036334,0.0113731820399398));
#2649=CARTESIAN_POINT('',(-0.0380248122819589,-0.0162890751857044,0.0113086342132366));
#2650=CARTESIAN_POINT('',(-0.0387517966748376,-0.0163712083664298,0.0112358570532345));
#2651=CARTESIAN_POINT('',(-0.039528831086153,-0.0164816038472176,0.0111580201499191));
#2652=CARTESIAN_POINT('',(-0.0402815942298548,-0.0166318449331831,0.0110823255795927));
#2653=CARTESIAN_POINT('',(-0.0407836499832952,-0.016812496379872,0.0110321767198749));
#2654=CARTESIAN_POINT('',(-0.0409007424246,-0.0169379275332287,0.0110203214553383));
#2655=CARTESIAN_POINT('',(-0.0409007424246,-0.017,0.0110203214553383));
#2656=CARTESIAN_POINT('',(-0.0342340561896478,-0.017,0.0113644794991669));
#2657=CARTESIAN_POINT('',(-0.0408987442401012,-0.017,-0.0110207305527486));
#2658=CARTESIAN_POINT('',(-0.0408987442401012,-0.0167778360575187,-0.0110207305527486));
#2659=CARTESIAN_POINT('',(-0.0391139611376221,-0.0162585761892556,-0.0112034745003033));
#2660=CARTESIAN_POINT('',(-0.0340533651593623,-0.0160047924920021,-0.011719770910452));
#2661=CARTESIAN_POINT('',(-0.0311299367759744,-0.016,-0.0120158650429006));
#2662=CARTESIAN_POINT('',(-0.0408994103016007,-0.017,-0.0110205941869452));
#2663=CARTESIAN_POINT('',(-0.0408994103016007,-0.016777090879927,-0.0110205941869452));
#2664=CARTESIAN_POINT('',(-0.0391144151546122,-0.0162560743842626,-0.011202095702791));
#2665=CARTESIAN_POINT('',(-0.0340533617695148,-0.0160031949946681,-0.0117154742285937));
#2666=CARTESIAN_POINT('',(-0.0311299367759744,-0.016,-0.0120105766952671));
#2667=CARTESIAN_POINT('',(-0.0409000763631004,-0.017,-0.0110204578211417));
#2668=CARTESIAN_POINT('',(-0.0409000763631004,-0.0167763457023353,-0.0110204578211417));
#2669=CARTESIAN_POINT('',(-0.0391148691716023,-0.0162535725792697,-0.0112007169052788));
#2670=CARTESIAN_POINT('',(-0.0340533583796673,-0.0160015974973341,-0.0117111775467355));
#2671=CARTESIAN_POINT('',(-0.0311299367759744,-0.016,-0.0120052883476335));
#2672=CARTESIAN_POINT('',(-0.0409007424246,-0.017,-0.0110203214553383));
#2673=CARTESIAN_POINT('',(-0.0409007424246,-0.0167756005247436,-0.0110203214553383));
#2674=CARTESIAN_POINT('',(-0.0391153231885924,-0.0162510707742768,-0.0111993381077665));
#2675=CARTESIAN_POINT('',(-0.0340533549898197,-0.016,-0.0117068808648772));
#2676=CARTESIAN_POINT('',(-0.0311299367759744,-0.016,-0.012));
#2677=CARTESIAN_POINT('',(-0.040938426243532,-0.017,-0.0110126062755113));
#2678=CARTESIAN_POINT('',(-0.040938426243532,-0.0167334405478437,-0.0110126062755113));
#2679=CARTESIAN_POINT('',(-0.0391410101470136,-0.0161095259373369,-0.0111213297619525));
#2680=CARTESIAN_POINT('',(-0.0340531632021232,-0.0159096182554993,-0.0114637871246635));
#2681=CARTESIAN_POINT('',(-0.0311299367759744,-0.016,-0.0117008006996581));
#2682=CARTESIAN_POINT('',(-0.0410051526877511,-0.017,-0.0110029143610233));
#2683=CARTESIAN_POINT('',(-0.0410051526877511,-0.0166587877228553,-0.0110029143610233));
#2684=CARTESIAN_POINT('',(-0.0391947221897704,-0.0158606203678533,-0.0110276446131581));
#2685=CARTESIAN_POINT('',(-0.0340684813708863,-0.015609410917367,-0.0111115205805726));
#2686=CARTESIAN_POINT('',(-0.0311299367759744,-0.0157487768746932,-0.0111829127915456));
#2687=CARTESIAN_POINT('',(-0.0410724673532843,-0.017,-0.011));
#2688=CARTESIAN_POINT('',(-0.0410724673532843,-0.0165834770215039,-0.011));
#2689=CARTESIAN_POINT('',(-0.0392538826398497,-0.015609738467036,-0.0110000446823424));
#2690=CARTESIAN_POINT('',(-0.0340999275768131,-0.0151828881272487,-0.0110007558254368));
#2691=CARTESIAN_POINT('',(-0.0311299367759744,-0.0152243994752564,-0.011));
#2692=CARTESIAN_POINT('',(-0.0411013164735932,-0.017,-0.011));
#2693=CARTESIAN_POINT('',(-0.0411013164735932,-0.0165512010494872,-0.011));
#2694=CARTESIAN_POINT('',(-0.0392792463432587,-0.0155021415485537,-0.011));
#2695=CARTESIAN_POINT('',(-0.0341133666049452,-0.015,-0.011));
#2696=CARTESIAN_POINT('',(-0.0311299367759744,-0.015,-0.011));
#2697=CARTESIAN_POINT('',(-0.0411019896197337,-0.017,-0.011));
#2698=CARTESIAN_POINT('',(-0.0411019896197337,-0.0165504479434735,-0.011));
#2699=CARTESIAN_POINT('',(-0.0392798381630049,-0.0154996309537891,-0.010999998957412));
#2700=CARTESIAN_POINT('',(-0.0341136801822683,-0.0149957326103642,-0.0109999823640731));
#2701=CARTESIAN_POINT('',(-0.0311299367759744,-0.014994764012244,-0.011));
#2702=CARTESIAN_POINT('',(-0.0411026627658743,-0.017,-0.011));
#2703=CARTESIAN_POINT('',(-0.0411026627658743,-0.0165496948374598,-0.011));
#2704=CARTESIAN_POINT('',(-0.0392804299827511,-0.0154971203590246,-0.010999997914824));
#2705=CARTESIAN_POINT('',(-0.0341139937595914,-0.0149914652207284,-0.0109999647281463));
#2706=CARTESIAN_POINT('',(-0.0311299367759744,-0.014989528024488,-0.011));
#2707=CARTESIAN_POINT('',(-0.0411033359120149,-0.017,-0.011));
#2708=CARTESIAN_POINT('',(-0.0411033359120149,-0.0165489417314461,-0.011));
#2709=CARTESIAN_POINT('',(-0.0392810218024974,-0.0154946097642599,-0.010999996872236));
#2710=CARTESIAN_POINT('',(-0.0341143073369145,-0.0149871978310926,-0.0109999470922194));
#2711=CARTESIAN_POINT('',(-0.0311299367759744,-0.014984292036732,-0.011));
#2712=CARTESIAN_POINT('',(-0.0311299367759744,-0.016,-0.012));
#2713=CARTESIAN_POINT('',(-0.0311299367759744,-0.016,-0.0117382006122009));
#2714=CARTESIAN_POINT('',(-0.0311299367759744,-0.0157833138684735,-0.0112166861315265));
#2715=CARTESIAN_POINT('',(-0.0311299367759744,-0.0152617993877992,-0.011));
#2716=CARTESIAN_POINT('',(-0.0311299367759744,-0.015,-0.011));
#2717=CARTESIAN_POINT('',(-0.0168635216193222,-0.015,-0.012));
#2718=CARTESIAN_POINT('',(-0.00900000000000616,-0.016,-0.012));
#2719=CARTESIAN_POINT('',(-0.00931366826860911,-0.016,-0.0118823743992727));
#2720=CARTESIAN_POINT('',(-0.00973214081646749,-0.0159678786824404,-0.011710003277666));
#2721=CARTESIAN_POINT('',(-0.0101206051958563,-0.0158892181958462,-0.0115361773624122));
#2722=CARTESIAN_POINT('',(-0.0103240282109401,-0.0158301922078226,-0.0114412032288471));
#2723=CARTESIAN_POINT('',(-0.0104399700672257,-0.0157913289174413,-0.0113859546587569));
#2724=CARTESIAN_POINT('',(-0.010631160977111,-0.0157095374164862,-0.0112917337470593));
#2725=CARTESIAN_POINT('',(-0.0108215650664377,-0.0155999599690266,-0.0111943681211724));
#2726=CARTESIAN_POINT('',(-0.0110911930063072,-0.0153749204146507,-0.0110509114319123));
#2727=CARTESIAN_POINT('',(-0.0111803398874989,-0.0151503114892165,-0.011));
#2728=CARTESIAN_POINT('',(-0.0111803398874989,-0.015,-0.011));
#2729=CARTESIAN_POINT('',(-6.51939668132879E-33,-0.016,-1.53448327336458E-33));
#2730=CARTESIAN_POINT('',(-0.0084,-0.0170115167376825,0.0112));
#2731=CARTESIAN_POINT('',(-0.00882431849231573,-0.0170125124279442,0.0108817662263574));
#2732=CARTESIAN_POINT('',(-0.00950395563162843,-0.0168743605754078,0.0103066635012483));
#2733=CARTESIAN_POINT('',(-0.0102522816720134,-0.0161246695265867,0.00954324929557308));
#2734=CARTESIAN_POINT('',(-0.010446228523299,-0.0153798669325716,0.00932076145670306));
#2735=CARTESIAN_POINT('',(-0.010446228523299,-0.015,0.00932076145670306));
#2736=CARTESIAN_POINT('',(-0.0084,-0.0170076778251217,0.0112));
#2737=CARTESIAN_POINT('',(-0.00882400425398568,-0.0170083416186295,0.0108820002065735));
#2738=CARTESIAN_POINT('',(-0.00950293641359638,-0.0168697050603419,0.0103074986003101));
#2739=CARTESIAN_POINT('',(-0.0102494257119211,-0.016120740472488,0.00954623623725766));
#2740=CARTESIAN_POINT('',(-0.0104424803138657,-0.0153784527231275,0.00932495208224648));
#2741=CARTESIAN_POINT('',(-0.0104424803138657,-0.015,0.00932495208224648));
#2742=CARTESIAN_POINT('',(-0.0084,-0.0170038389125608,0.0112));
#2743=CARTESIAN_POINT('',(-0.00882369001565564,-0.0170041708093147,0.0108822341867897));
#2744=CARTESIAN_POINT('',(-0.00950191719556433,-0.0168650495452759,0.010308333699372));
#2745=CARTESIAN_POINT('',(-0.0102465697518288,-0.0161168114183893,0.00954922317894224));
#2746=CARTESIAN_POINT('',(-0.0104387321044323,-0.0153770385136834,0.00932914270778991));
#2747=CARTESIAN_POINT('',(-0.0104387321044323,-0.015,0.00932914270778991));
#2748=CARTESIAN_POINT('',(-0.0084,-0.017,0.0112));
#2749=CARTESIAN_POINT('',(-0.00882337577732559,-0.017,0.0108824681670058));
#2750=CARTESIAN_POINT('',(-0.00950089797753228,-0.01686039403021,0.0103091687984339));
#2751=CARTESIAN_POINT('',(-0.0102437137917365,-0.0161128823642905,0.00955221012062681));
#2752=CARTESIAN_POINT('',(-0.010434983894999,-0.0153756243042393,0.00933333333333333));
#2753=CARTESIAN_POINT('',(-0.010434983894999,-0.015,0.00933333333333333));
#2754=CARTESIAN_POINT('',(-0.0084,-0.0168504003498291,0.0112));
#2755=CARTESIAN_POINT('',(-0.00881113013653527,-0.0168374665730128,0.0108915862070561));
#2756=CARTESIAN_POINT('',(-0.00946117978686593,-0.016678971970136,0.0103417120057968));
#2757=CARTESIAN_POINT('',(-0.0101324190894111,-0.0159597699634839,0.00966860908101289));
#2758=CARTESIAN_POINT('',(-0.010288918880204,-0.0153205135834942,0.00949663898444144));
#2759=CARTESIAN_POINT('',(-0.010288918880204,-0.015,0.00949663898444144));
#2760=CARTESIAN_POINT('',(-0.00844097585404837,-0.0165512665678556,0.0112546344720645));
#2761=CARTESIAN_POINT('',(-0.00883699096482737,-0.0165123970880928,0.0109726607072296));
#2762=CARTESIAN_POINT('',(-0.00945078473505504,-0.0163158775211474,0.0104826371641391));
#2763=CARTESIAN_POINT('',(-0.0100107873212368,-0.0156530935652291,0.00999579745607514));
#2764=CARTESIAN_POINT('',(-0.0101085141179067,-0.015210063435038,0.00992253163923318));
#2765=CARTESIAN_POINT('',(-0.0101085141179067,-0.015,0.00992253163923318));
#2766=CARTESIAN_POINT('',(-0.00859880625395583,-0.0162215230245834,0.0114650750052744));
#2767=CARTESIAN_POINT('',(-0.00900174069906979,-0.0161680226018661,0.011231847766657));
#2768=CARTESIAN_POINT('',(-0.00962545501930353,-0.0159625712873723,0.0108390683417575));
#2769=CARTESIAN_POINT('',(-0.0101809657399636,-0.0153998292548762,0.0105364339122755));
#2770=CARTESIAN_POINT('',(-0.0102698049957968,-0.0151217387961501,0.0105371476014994));
#2771=CARTESIAN_POINT('',(-0.0102698049957968,-0.015,0.0105371476014994));
#2772=CARTESIAN_POINT('',(-0.00879809173702979,-0.0160382122619601,0.0117307889827064));
#2773=CARTESIAN_POINT('',(-0.00922406459564561,-0.0159991043280742,0.0115385271113942));
#2774=CARTESIAN_POINT('',(-0.00989336774495328,-0.0158402153457961,0.0112140359046876));
#2775=CARTESIAN_POINT('',(-0.0105511462468644,-0.0153828975093917,0.0109378881509326));
#2776=CARTESIAN_POINT('',(-0.010687880131282,-0.0151206526244635,0.0109170657793932));
#2777=CARTESIAN_POINT('',(-0.010687880131282,-0.015,0.0109170657793932));
#2778=CARTESIAN_POINT('',(-0.00893268015742307,-0.016,0.0119102402098974));
#2779=CARTESIAN_POINT('',(-0.00937705162679686,-0.0159846963035274,0.0117348956649037));
#2780=CARTESIAN_POINT('',(-0.0100842547545477,-0.015881564933294,0.0114276444411496));
#2781=CARTESIAN_POINT('',(-0.0108338337425533,-0.0154833575731661,0.0110794635985443));
#2782=CARTESIAN_POINT('',(-0.0110160167458545,-0.0151600972781963,0.011));
#2783=CARTESIAN_POINT('',(-0.0110160167458545,-0.015,0.011));
#2784=CARTESIAN_POINT('',(-0.009,-0.016,0.012));
#2785=CARTESIAN_POINT('',(-0.00945361690427742,-0.016,0.011829893660896));
#2786=CARTESIAN_POINT('',(-0.010179533547356,-0.0159301970151049,0.011522768999161));
#2787=CARTESIAN_POINT('',(-0.0109754076340034,-0.0155564411821452,0.0111172554217644));
#2788=CARTESIAN_POINT('',(-0.0111803398874989,-0.0151878121521195,0.011));
#2789=CARTESIAN_POINT('',(-0.0111803398874989,-0.015,0.011));
#2790=CARTESIAN_POINT('',(-0.0104446347197627,-0.015,-0.00932254338322801));
#2791=CARTESIAN_POINT('',(-0.0104446347197627,-0.0151896327931174,-0.00932254338322801));
#2792=CARTESIAN_POINT('',(-0.010375078497446,-0.0157657204877051,-0.0094015314482269));
#2793=CARTESIAN_POINT('',(-0.0100619511193492,-0.0163224850642302,-0.00974152161912182));
#2794=CARTESIAN_POINT('',(-0.00962498340762476,-0.0167013961351602,-0.0101704990309247));
#2795=CARTESIAN_POINT('',(-0.00912832759106563,-0.0169508207392884,-0.0106262345282158));
#2796=CARTESIAN_POINT('',(-0.00868278991515868,-0.0170104540736173,-0.0109879104791972));
#2797=CARTESIAN_POINT('',(-0.0084,-0.0170098843656062,-0.0112));
#2798=CARTESIAN_POINT('',(-0.0104414177781748,-0.015,-0.00932614003326312));
#2799=CARTESIAN_POINT('',(-0.0104414177781748,-0.0151890259127848,-0.00932614003326312));
#2800=CARTESIAN_POINT('',(-0.0103721402713752,-0.0157632657672541,-0.0094047512302093));
#2801=CARTESIAN_POINT('',(-0.0100599319780094,-0.0163189407012501,-0.00974356849513482));
#2802=CARTESIAN_POINT('',(-0.0096237623182945,-0.0166975618318594,-0.0101716403550303));
#2803=CARTESIAN_POINT('',(-0.00912778684337979,-0.0169470508007888,-0.0106266718000031));
#2804=CARTESIAN_POINT('',(-0.00868261011617814,-0.0170069693824115,-0.0109880443565772));
#2805=CARTESIAN_POINT('',(-0.0084,-0.0170065895770708,-0.0112));
#2806=CARTESIAN_POINT('',(-0.0104382008365869,-0.015,-0.00932973668329823));
#2807=CARTESIAN_POINT('',(-0.0104382008365869,-0.0151884190324523,-0.00932973668329823));
#2808=CARTESIAN_POINT('',(-0.0103692020453044,-0.0157608110468032,-0.00940797101219169));
#2809=CARTESIAN_POINT('',(-0.0100579128366697,-0.01631539633827,-0.00974561537114783));
#2810=CARTESIAN_POINT('',(-0.00962254122896423,-0.0166937275285586,-0.0101727816791358));
#2811=CARTESIAN_POINT('',(-0.00912724609569395,-0.0169432808622892,-0.0106271090717903));
#2812=CARTESIAN_POINT('',(-0.0086824303171976,-0.0170034846912058,-0.0109881782339572));
#2813=CARTESIAN_POINT('',(-0.0084,-0.0170032947885354,-0.0112));
#2814=CARTESIAN_POINT('',(-0.010434983894999,-0.015,-0.00933333333333333));
#2815=CARTESIAN_POINT('',(-0.010434983894999,-0.0151878121521197,-0.00933333333333333));
#2816=CARTESIAN_POINT('',(-0.0103662638192336,-0.0157583563263522,-0.00941119079417409));
#2817=CARTESIAN_POINT('',(-0.0100558936953299,-0.0163118519752899,-0.00974766224716083));
#2818=CARTESIAN_POINT('',(-0.00962132013963397,-0.0166898932252578,-0.0101739230032414));
#2819=CARTESIAN_POINT('',(-0.00912670534800811,-0.0169395109237896,-0.0106275463435776));
#2820=CARTESIAN_POINT('',(-0.00868225051821706,-0.017,-0.0109883121113372));
#2821=CARTESIAN_POINT('',(-0.0084,-0.017,-0.0112));
#2822=CARTESIAN_POINT('',(-0.010288918880204,-0.015,-0.00949663898444144));
#2823=CARTESIAN_POINT('',(-0.010288918880204,-0.0151602567917471,-0.00949663898444144));
#2824=CARTESIAN_POINT('',(-0.0102328538636055,-0.0156468999106268,-0.00955738477688836));
#2825=CARTESIAN_POINT('',(-0.00996421471963038,-0.0161509204143714,-0.00984060051381959));
#2826=CARTESIAN_POINT('',(-0.00956587666134353,-0.0165157969437254,-0.0102257447469104));
#2827=CARTESIAN_POINT('',(-0.00910215273597765,-0.0167683371216948,-0.0106474006394455));
#2828=CARTESIAN_POINT('',(-0.00867408675769018,-0.0168417778319516,-0.0109943908047041));
#2829=CARTESIAN_POINT('',(-0.0084,-0.0168504003498291,-0.0112));
#2830=CARTESIAN_POINT('',(-0.0101085141179067,-0.015,-0.00992253163923318));
#2831=CARTESIAN_POINT('',(-0.0101085141179067,-0.015105031717519,-0.00992253163923318));
#2832=CARTESIAN_POINT('',(-0.0100739167409428,-0.0154235950546672,-0.00994723011211721));
#2833=CARTESIAN_POINT('',(-0.00987339931775015,-0.0158287062486987,-0.0101162145697349));
#2834=CARTESIAN_POINT('',(-0.00953038294953604,-0.0161673803028912,-0.0104089181852974));
#2835=CARTESIAN_POINT('',(-0.00911161102785975,-0.0164259072929656,-0.0107555694514553));
#2836=CARTESIAN_POINT('',(-0.00870498592790104,-0.0165253535813471,-0.0110666519621745));
#2837=CARTESIAN_POINT('',(-0.00844097585404837,-0.0165512665678556,-0.0112546344720645));
#2838=CARTESIAN_POINT('',(-0.0102698049957968,-0.015,-0.0105371476014994));
#2839=CARTESIAN_POINT('',(-0.0102698049957968,-0.015060869398075,-0.0105371476014994));
#2840=CARTESIAN_POINT('',(-0.0102385551102236,-0.0152450286638942,-0.0105352497266559));
#2841=CARTESIAN_POINT('',(-0.0100453154511143,-0.0155483719827258,-0.0106074947129193));
#2842=CARTESIAN_POINT('',(-0.00970279027075066,-0.015838345340388,-0.0108028539581113));
#2843=CARTESIAN_POINT('',(-0.00928070082382332,-0.0160772923601,-0.0110581352284468));
#2844=CARTESIAN_POINT('',(-0.00886742921736514,-0.0161858560761052,-0.0113095901795295));
#2845=CARTESIAN_POINT('',(-0.00859880625395583,-0.0162215230245834,-0.0114650750052744));
#2846=CARTESIAN_POINT('',(-0.0106878801312821,-0.015,-0.0109170657793932));
#2847=CARTESIAN_POINT('',(-0.0106878801312821,-0.0150603263122317,-0.0109170657793932));
#2848=CARTESIAN_POINT('',(-0.0106391612782925,-0.0152429936834684,-0.0109234977969112));
#2849=CARTESIAN_POINT('',(-0.0103877110711136,-0.0155035786313032,-0.011004279751908));
#2850=CARTESIAN_POINT('',(-0.00999250011331658,-0.0157393705212233,-0.0111772964845353));
#2851=CARTESIAN_POINT('',(-0.00952350350847686,-0.0159291342253575,-0.0113947077717104));
#2852=CARTESIAN_POINT('',(-0.00908207364277367,-0.0160121403060362,-0.0116026144018316));
#2853=CARTESIAN_POINT('',(-0.00879809173702979,-0.0160382122619601,-0.0117307889827064));
#2854=CARTESIAN_POINT('',(-0.0110160167458545,-0.015,-0.011));
#2855=CARTESIAN_POINT('',(-0.0110160167458545,-0.0150800486390981,-0.011));
#2856=CARTESIAN_POINT('',(-0.0109507106170955,-0.0153230051289911,-0.011027948382374));
#2857=CARTESIAN_POINT('',(-0.0106452478097877,-0.0155889173974491,-0.0111675565786681));
#2858=CARTESIAN_POINT('',(-0.010203182938969,-0.0157922499447578,-0.0113702189518995));
#2859=CARTESIAN_POINT('',(-0.00969363099654001,-0.0159396127505522,-0.0115983811237139));
#2860=CARTESIAN_POINT('',(-0.00922892780367227,-0.015989797535685,-0.0117933438465683));
#2861=CARTESIAN_POINT('',(-0.00893268015742307,-0.016,-0.0119102402098974));
#2862=CARTESIAN_POINT('',(-0.0111803398874989,-0.015,-0.011));
#2863=CARTESIAN_POINT('',(-0.0111803398874989,-0.0150939060760598,-0.011));
#2864=CARTESIAN_POINT('',(-0.0111067112348931,-0.0153791781631761,-0.0110417093540218));
#2865=CARTESIAN_POINT('',(-0.0107741718164249,-0.0156559259876449,-0.0112219619181219));
#2866=CARTESIAN_POINT('',(-0.010308557292465,-0.0158449466126289,-0.0114503158945936));
#2867=CARTESIAN_POINT('',(-0.00977861287286583,-0.0159697554618948,-0.0116933283983451));
#2868=CARTESIAN_POINT('',(-0.00930241126951828,-0.016,-0.0118865957739306));
#2869=CARTESIAN_POINT('',(-0.009,-0.016,-0.012));
#2870=MECHANICAL_DESIGN_GEOMETRIC_PRESENTATION_REPRESENTATION('',(#1444),
#2871);
#2871=(
GEOMETRIC_REPRESENTATION_CONTEXT(3)
GLOBAL_UNCERTAINTY_ASSIGNED_CONTEXT((#2872))
GLOBAL_UNIT_ASSIGNED_CONTEXT((#2875,#2874,#2873))
REPRESENTATION_CONTEXT('KP0071-01_EndAxisHubHalf',
'TOP_LEVEL_ASSEMBLY_PART')
);
#2872=UNCERTAINTY_MEASURE_WITH_UNIT(LENGTH_MEASURE(2.E-5),#2875,
'DISTANCE_ACCURACY_VALUE','Maximum Tolerance applied to model');
#2873=(
NAMED_UNIT(*)
SI_UNIT($,.STERADIAN.)
SOLID_ANGLE_UNIT()
);
#2874=(
NAMED_UNIT(*)
PLANE_ANGLE_UNIT()
SI_UNIT($,.RADIAN.)
);
#2875=(
LENGTH_UNIT()
NAMED_UNIT(*)
SI_UNIT($,.METRE.)
);
#2876=PRODUCT_DEFINITION_SHAPE('','',#2877);
#2877=PRODUCT_DEFINITION('','',#2879,#2878);
#2878=PRODUCT_DEFINITION_CONTEXT('',#2885,'design');
#2879=PRODUCT_DEFINITION_FORMATION_WITH_SPECIFIED_SOURCE('','',#2881,
 .NOT_KNOWN.);
#2880=PRODUCT_RELATED_PRODUCT_CATEGORY('','',(#2881));
#2881=PRODUCT('KP0071-01_EndAxisHubHalf','KP0071-01_EndAxisHubHalf',
'KP0071-01_EndAxisHubHalf',(#2883));
#2882=PRODUCT_CATEGORY('','');
#2883=PRODUCT_CONTEXT('',#2885,'mechanical');
#2884=APPLICATION_PROTOCOL_DEFINITION('international standard',
'automotive_design',2010,#2885);
#2885=APPLICATION_CONTEXT(
'core data for automotive mechanical design processes');
ENDSEC;
END-ISO-10303-21;
