ISO-10303-21;
HEADER;
/* Generated by software containing ST-Developer
 * from STEP Tools, Inc. (www.steptools.com) 
 */
/* OPTION: using custom renumber hook */

FILE_DESCRIPTION(
/* description */ ('STEP AP214',
'CAx-IF Rec.Pracs.---User Defined Attributes---1.5---2016-08-15'),
/* implementation_level */ '2;1');

FILE_NAME(
/* name */ '6a65b59a8ce625604a875474',
/* time_stamp */ '2026-07-26T07:22:02Z',
/* author */ (''),
/* organization */ (''),
/* preprocessor_version */ 'ST-DEVELOPER v20',
/* originating_system */ 'ONSHAPE BY PTC INC, 1.218',
/* authorisation */ '  ');

FILE_SCHEMA (('AUTOMOTIVE_DESIGN {1 0 10303 214 3 1 1}'));
ENDSEC;

DATA;
#10=PROPERTY_DEFINITION_REPRESENTATION(#14,#12);
#11=PROPERTY_DEFINITION_REPRESENTATION(#15,#13);
#12=REPRESENTATION('',(#16),#2192);
#13=REPRESENTATION('',(#17),#2192);
#14=PROPERTY_DEFINITION('pmi validation property','',#2197);
#15=PROPERTY_DEFINITION('pmi validation property','',#2197);
#16=VALUE_REPRESENTATION_ITEM('number of annotations',COUNT_MEASURE(0.));
#17=VALUE_REPRESENTATION_ITEM('number of views',COUNT_MEASURE(0.));
#18=SHAPE_REPRESENTATION_RELATIONSHIP('','',#1147,#19);
#19=ADVANCED_BREP_SHAPE_REPRESENTATION('',(#1145),#2192);
#20=B_SPLINE_SURFACE_WITH_KNOTS('',3,3,((#2045,#2046,#2047,#2048,#2049,
#2050),(#2051,#2052,#2053,#2054,#2055,#2056),(#2057,#2058,#2059,#2060,#2061,
#2062),(#2063,#2064,#2065,#2066,#2067,#2068)),.UNSPECIFIED.,.F.,.F.,.F.,
(4,4),(4,2,4),(0.,1.),(-0.000454734420041998,0.,0.0877033289029511),
 .UNSPECIFIED.);
#21=B_SPLINE_SURFACE_WITH_KNOTS('',3,3,((#2073,#2074,#2075,#2076,#2077,
#2078),(#2079,#2080,#2081,#2082,#2083,#2084),(#2085,#2086,#2087,#2088,#2089,
#2090),(#2091,#2092,#2093,#2094,#2095,#2096),(#2097,#2098,#2099,#2100,#2101,
#2102)),.UNSPECIFIED.,.F.,.F.,.F.,(4,1,4),(4,2,4),(0.,0.5,1.),(0.179076107510801,
0.266779436413752,0.267234170833794),.UNSPECIFIED.);
#22=B_SPLINE_SURFACE_WITH_KNOTS('',3,3,((#2127,#2128,#2129,#2130,#2131,
#2132),(#2133,#2134,#2135,#2136,#2137,#2138),(#2139,#2140,#2141,#2142,#2143,
#2144),(#2145,#2146,#2147,#2148,#2149,#2150)),.UNSPECIFIED.,.F.,.F.,.F.,
(4,4),(4,2,4),(0.,1.),(-0.00045473441998233,0.,0.0877033289029324),
 .UNSPECIFIED.);
#23=B_SPLINE_SURFACE_WITH_KNOTS('',3,3,((#2155,#2156,#2157,#2158,#2159,
#2160),(#2161,#2162,#2163,#2164,#2165,#2166),(#2167,#2168,#2169,#2170,#2171,
#2172),(#2173,#2174,#2175,#2176,#2177,#2178),(#2179,#2180,#2181,#2182,#2183,
#2184)),.UNSPECIFIED.,.F.,.F.,.F.,(4,1,4),(4,2,4),(0.,0.5,1.),(0.179076107510782,
0.266779436413714,0.267234170833697),.UNSPECIFIED.);
#24=DEGENERATE_TOROIDAL_SURFACE('',#1219,0.0006,0.001,.T.);
#25=DEGENERATE_TOROIDAL_SURFACE('',#1223,0.0006,0.001,.T.);
#26=SPHERICAL_SURFACE('',#1218,0.001);
#27=TOROIDAL_SURFACE('',#1207,0.02925,0.001);
#28=TOROIDAL_SURFACE('',#1211,0.0023,0.000199999999999997);
#29=TOROIDAL_SURFACE('',#1214,0.0023,0.000199999999999999);
#30=TOROIDAL_SURFACE('',#1241,0.00180000000000001,0.000200000000000004);
#31=TOROIDAL_SURFACE('',#1242,0.00179999999999999,0.000199999999999999);
#32=B_SPLINE_CURVE_WITH_KNOTS('',3,(#1626,#1627,#1628,#1629,#1630),
 .UNSPECIFIED.,.F.,.F.,(4,1,4),(0.,0.000784599875104086,0.00156919975020817),
 .UNSPECIFIED.);
#33=B_SPLINE_CURVE_WITH_KNOTS('',3,(#1677,#1678,#1679,#1680,#1681,#1682),
 .UNSPECIFIED.,.F.,.F.,(4,1,1,4),(0.,0.5,0.75,1.),.UNSPECIFIED.);
#34=B_SPLINE_CURVE_WITH_KNOTS('',3,(#1693,#1694,#1695,#1696,#1697,#1698,
#1699,#1700,#1701,#1702,#1703,#1704,#1705,#1706,#1707,#1708,#1709,#1710,
#1711),.UNSPECIFIED.,.F.,.F.,(4,1,1,1,1,1,1,1,1,1,1,1,1,1,1,1,4),(0.,0.0625,
0.125,0.1875,0.25,0.3125,0.375,0.4375,0.5,0.5625,0.625,0.6875,0.75,0.8125,
0.875,0.9375,1.),.UNSPECIFIED.);
#35=B_SPLINE_CURVE_WITH_KNOTS('',3,(#1715,#1716,#1717,#1718,#1719,#1720,
#1721,#1722,#1723,#1724,#1725,#1726,#1727,#1728,#1729,#1730,#1731,#1732,
#1733),.UNSPECIFIED.,.F.,.F.,(4,1,1,1,1,1,1,1,1,1,1,1,1,1,1,1,4),(0.,0.0625,
0.125,0.1875,0.25,0.3125,0.375,0.4375,0.5,0.5625,0.625,0.6875,0.75,0.8125,
0.875,0.9375,1.),.UNSPECIFIED.);
#36=B_SPLINE_CURVE_WITH_KNOTS('',3,(#1750,#1751,#1752,#1753),
 .UNSPECIFIED.,.F.,.F.,(4,4),(0.,0.000588028789847407),.UNSPECIFIED.);
#37=B_SPLINE_CURVE_WITH_KNOTS('',3,(#1757,#1758,#1759,#1760),
 .UNSPECIFIED.,.F.,.F.,(4,4),(6.32275891852376E-14,0.000539017567602246),
 .UNSPECIFIED.);
#38=B_SPLINE_CURVE_WITH_KNOTS('',3,(#1764,#1765,#1766,#1767),
 .UNSPECIFIED.,.F.,.F.,(4,4),(1.96238804656541E-20,0.000537248582271833),
 .UNSPECIFIED.);
#39=B_SPLINE_CURVE_WITH_KNOTS('',3,(#1771,#1772,#1773,#1774),
 .UNSPECIFIED.,.F.,.F.,(4,4),(-0.000294784741892585,0.000294784742618124),
 .UNSPECIFIED.);
#40=B_SPLINE_CURVE_WITH_KNOTS('',3,(#1778,#1779,#1780,#1781),
 .UNSPECIFIED.,.F.,.F.,(4,4),(5.6740364337892E-14,0.000539017567552639),
 .UNSPECIFIED.);
#41=B_SPLINE_CURVE_WITH_KNOTS('',3,(#1783,#1784,#1785,#1786),
 .UNSPECIFIED.,.F.,.F.,(4,4),(1.9623880465658E-20,0.000537248583271504),
 .UNSPECIFIED.);
#42=B_SPLINE_CURVE_WITH_KNOTS('',3,(#1792,#1793,#1794,#1795),
 .UNSPECIFIED.,.F.,.F.,(4,4),(1.58796083176929E-15,1.75528272798957E-5),
 .UNSPECIFIED.);
#43=B_SPLINE_CURVE_WITH_KNOTS('',3,(#1799,#1800,#1801,#1802),
 .UNSPECIFIED.,.F.,.F.,(4,4),(1.10170959820692E-17,0.00058645408130744),
 .UNSPECIFIED.);
#44=B_SPLINE_CURVE_WITH_KNOTS('',3,(#1806,#1807,#1808,#1809),
 .UNSPECIFIED.,.F.,.F.,(4,4),(0.,0.000672820135809119),.UNSPECIFIED.);
#45=B_SPLINE_CURVE_WITH_KNOTS('',3,(#1813,#1814,#1815,#1816),
 .UNSPECIFIED.,.F.,.F.,(4,4),(5.01283332355758E-17,0.00070368766016623),
 .UNSPECIFIED.);
#46=B_SPLINE_CURVE_WITH_KNOTS('',3,(#1820,#1821,#1822,#1823),
 .UNSPECIFIED.,.F.,.F.,(4,4),(7.92023037877534E-14,0.00061082935830106),
 .UNSPECIFIED.);
#47=B_SPLINE_CURVE_WITH_KNOTS('',3,(#1827,#1828,#1829,#1830),
 .UNSPECIFIED.,.F.,.F.,(4,4),(-0.000262434260056668,0.000212591772132248),
 .UNSPECIFIED.);
#48=B_SPLINE_CURVE_WITH_KNOTS('',3,(#1834,#1835,#1836,#1837),
 .UNSPECIFIED.,.F.,.F.,(4,4),(4.62923031368099E-17,0.000472754018989874),
 .UNSPECIFIED.);
#49=B_SPLINE_CURVE_WITH_KNOTS('',3,(#1841,#1842,#1843,#1844),
 .UNSPECIFIED.,.F.,.F.,(4,4),(1.4862009069053E-16,2.5689442282722E-5),
 .UNSPECIFIED.);
#50=B_SPLINE_CURVE_WITH_KNOTS('',3,(#1848,#1849,#1850,#1851,#1852,#1853,
#1854,#1855,#1856,#1857),.UNSPECIFIED.,.F.,.F.,(4,1,1,1,1,1,1,4),(0.,0.25,
0.375,0.5,0.625,0.75,0.875,1.),.UNSPECIFIED.);
#51=B_SPLINE_CURVE_WITH_KNOTS('',3,(#1865,#1866,#1867,#1868,#1869),
 .UNSPECIFIED.,.F.,.F.,(4,1,4),(0.,0.5,1.),.UNSPECIFIED.);
#52=B_SPLINE_CURVE_WITH_KNOTS('',3,(#1870,#1871,#1872,#1873,#1874),
 .UNSPECIFIED.,.F.,.F.,(4,1,4),(0.,0.5,1.),.UNSPECIFIED.);
#53=B_SPLINE_CURVE_WITH_KNOTS('',3,(#1881,#1882,#1883,#1884,#1885),
 .UNSPECIFIED.,.F.,.F.,(4,1,4),(0.,0.5,1.),.UNSPECIFIED.);
#54=B_SPLINE_CURVE_WITH_KNOTS('',3,(#1886,#1887,#1888,#1889,#1890),
 .UNSPECIFIED.,.F.,.F.,(4,1,4),(0.,0.5,1.),.UNSPECIFIED.);
#55=B_SPLINE_CURVE_WITH_KNOTS('',3,(#1896,#1897,#1898,#1899,#1900,#1901,
#1902,#1903,#1904,#1905,#1906,#1907,#1908,#1909,#1910,#1911,#1912,#1913,
#1914,#1915,#1916,#1917,#1918),.UNSPECIFIED.,.F.,.F.,(4,1,1,1,1,1,1,1,1,
1,1,1,1,1,1,1,1,1,1,1,4),(0.,0.125,0.15625,0.1875,0.21875,0.25,0.375,0.40625,
0.4375,0.46875,0.5,0.5625,0.625,0.65625,0.6875,0.71875,0.75,0.875,0.90625,
0.9375,1.),.UNSPECIFIED.);
#56=B_SPLINE_CURVE_WITH_KNOTS('',3,(#1919,#1920,#1921,#1922,#1923,#1924,
#1925,#1926,#1927,#1928,#1929,#1930,#1931,#1932,#1933,#1934,#1935,#1936,
#1937,#1938,#1939,#1940,#1941),.UNSPECIFIED.,.F.,.F.,(4,1,1,1,1,1,1,1,1,
1,1,1,1,1,1,1,1,1,1,1,4),(0.,0.125,0.15625,0.1875,0.21875,0.25,0.375,0.40625,
0.4375,0.46875,0.5,0.5625,0.625,0.65625,0.6875,0.71875,0.75,0.875,0.90625,
0.9375,1.),.UNSPECIFIED.);
#57=B_SPLINE_CURVE_WITH_KNOTS('',3,(#1985,#1986,#1987,#1988,#1989,#1990,
#1991,#1992,#1993),.UNSPECIFIED.,.F.,.F.,(4,1,1,1,1,1,4),(0.,0.25,0.375,
0.5,0.625,0.75,1.),.UNSPECIFIED.);
#58=B_SPLINE_CURVE_WITH_KNOTS('',3,(#1994,#1995,#1996,#1997,#1998,#1999,
#2000,#2001,#2002),.UNSPECIFIED.,.F.,.F.,(4,1,1,1,1,1,4),(0.,0.25,0.375,
0.5,0.625,0.75,1.),.UNSPECIFIED.);
#59=B_SPLINE_CURVE_WITH_KNOTS('',3,(#2007,#2008,#2009,#2010,#2011,#2012,
#2013,#2014,#2015),.UNSPECIFIED.,.F.,.F.,(4,1,1,1,1,1,4),(0.,0.25,0.375,
0.5,0.625,0.75,1.),.UNSPECIFIED.);
#60=B_SPLINE_CURVE_WITH_KNOTS('',3,(#2016,#2017,#2018,#2019,#2020,#2021,
#2022,#2023,#2024),.UNSPECIFIED.,.F.,.F.,(4,1,1,1,1,1,4),(0.,0.25,0.375,
0.5,0.625,0.75,1.),.UNSPECIFIED.);
#61=B_SPLINE_CURVE_WITH_KNOTS('',3,(#2026,#2027,#2028,#2029,#2030,#2031,
#2032,#2033,#2034,#2035,#2036,#2037,#2038,#2039,#2040,#2041,#2042,#2043,
#2044),.UNSPECIFIED.,.F.,.F.,(4,1,1,1,1,1,1,1,1,1,1,1,1,1,1,1,4),(0.,0.0625,
0.125,0.1875,0.25,0.3125,0.375,0.4375,0.5,0.5625,0.625,0.6875,0.75,0.8125,
0.875,0.9375,1.),.UNSPECIFIED.);
#62=B_SPLINE_CURVE_WITH_KNOTS('',3,(#2069,#2070,#2071,#2072),
 .UNSPECIFIED.,.F.,.F.,(4,4),(0.,1.),.UNSPECIFIED.);
#63=B_SPLINE_CURVE_WITH_KNOTS('',3,(#2103,#2104,#2105,#2106),
 .UNSPECIFIED.,.F.,.F.,(4,4),(0.,1.),.UNSPECIFIED.);
#64=B_SPLINE_CURVE_WITH_KNOTS('',3,(#2108,#2109,#2110,#2111,#2112,#2113,
#2114,#2115,#2116,#2117,#2118,#2119,#2120,#2121,#2122,#2123,#2124,#2125,
#2126),.UNSPECIFIED.,.F.,.F.,(4,1,1,1,1,1,1,1,1,1,1,1,1,1,1,1,4),(0.,0.0625,
0.125,0.1875,0.25,0.3125,0.375,0.4375,0.5,0.5625,0.625,0.6875,0.75,0.8125,
0.875,0.9375,1.),.UNSPECIFIED.);
#65=B_SPLINE_CURVE_WITH_KNOTS('',3,(#2151,#2152,#2153,#2154),
 .UNSPECIFIED.,.F.,.F.,(4,4),(0.,1.),.UNSPECIFIED.);
#66=B_SPLINE_CURVE_WITH_KNOTS('',3,(#2185,#2186,#2187,#2188),
 .UNSPECIFIED.,.F.,.F.,(4,4),(0.,1.),.UNSPECIFIED.);
#67=ELLIPSE('',#1177,0.000987828173317606,0.0006985);
#68=ELLIPSE('',#1179,0.000987828173317606,0.0006985);
#69=CIRCLE('',#1155,0.002);
#70=CIRCLE('',#1156,0.002);
#71=CIRCLE('',#1160,0.002);
#72=CIRCLE('',#1161,0.002);
#73=CIRCLE('',#1163,0.002);
#74=CIRCLE('',#1164,0.002);
#75=CIRCLE('',#1166,0.002);
#76=CIRCLE('',#1167,0.002);
#77=CIRCLE('',#1169,0.046);
#78=CIRCLE('',#1170,0.046);
#79=CIRCLE('',#1172,0.0006985);
#80=CIRCLE('',#1173,0.0006985);
#81=CIRCLE('',#1174,0.034);
#82=CIRCLE('',#1181,0.034);
#83=CIRCLE('',#1186,0.001);
#84=CIRCLE('',#1189,0.001);
#85=CIRCLE('',#1190,0.001);
#86=CIRCLE('',#1191,0.02825);
#87=CIRCLE('',#1193,0.001);
#88=CIRCLE('',#1194,0.001);
#89=CIRCLE('',#1196,0.001);
#90=CIRCLE('',#1208,0.02825);
#91=CIRCLE('',#1209,0.001);
#92=CIRCLE('',#1212,0.0021);
#93=CIRCLE('',#1215,0.0021);
#94=CIRCLE('',#1220,0.0016);
#95=CIRCLE('',#1224,0.000600000000000049);
#96=CIRCLE('',#1225,0.000599999999999957);
#97=CIRCLE('',#1226,0.0016);
#98=CIRCLE('',#1230,0.0021);
#99=CIRCLE('',#1233,0.0021);
#100=CIRCLE('',#1236,0.0016);
#101=CIRCLE('',#1238,0.0016);
#102=CYLINDRICAL_SURFACE('',#1154,0.002);
#103=CYLINDRICAL_SURFACE('',#1159,0.002);
#104=CYLINDRICAL_SURFACE('',#1162,0.002);
#105=CYLINDRICAL_SURFACE('',#1165,0.002);
#106=CYLINDRICAL_SURFACE('',#1168,0.046);
#107=CYLINDRICAL_SURFACE('',#1176,0.0006985);
#108=CYLINDRICAL_SURFACE('',#1178,0.0006985);
#109=CYLINDRICAL_SURFACE('',#1180,0.034);
#110=CYLINDRICAL_SURFACE('',#1192,0.001);
#111=CYLINDRICAL_SURFACE('',#1195,0.001);
#112=CYLINDRICAL_SURFACE('',#1210,0.001);
#113=CYLINDRICAL_SURFACE('',#1213,0.0002);
#114=CYLINDRICAL_SURFACE('',#1216,0.0002);
#115=CYLINDRICAL_SURFACE('',#1217,0.02825);
#116=CYLINDRICAL_SURFACE('',#1229,0.0021);
#117=CYLINDRICAL_SURFACE('',#1232,0.0021);
#118=CYLINDRICAL_SURFACE('',#1235,0.0016);
#119=CYLINDRICAL_SURFACE('',#1237,0.0016);
#120=ORIENTED_EDGE('',*,*,#440,.F.);
#121=ORIENTED_EDGE('',*,*,#441,.F.);
#122=ORIENTED_EDGE('',*,*,#442,.T.);
#123=ORIENTED_EDGE('',*,*,#443,.T.);
#124=ORIENTED_EDGE('',*,*,#444,.T.);
#125=ORIENTED_EDGE('',*,*,#445,.F.);
#126=ORIENTED_EDGE('',*,*,#446,.T.);
#127=ORIENTED_EDGE('',*,*,#447,.T.);
#128=ORIENTED_EDGE('',*,*,#448,.F.);
#129=ORIENTED_EDGE('',*,*,#444,.F.);
#130=ORIENTED_EDGE('',*,*,#449,.T.);
#131=ORIENTED_EDGE('',*,*,#450,.T.);
#132=ORIENTED_EDGE('',*,*,#451,.F.);
#133=ORIENTED_EDGE('',*,*,#450,.F.);
#134=ORIENTED_EDGE('',*,*,#452,.T.);
#135=ORIENTED_EDGE('',*,*,#453,.T.);
#136=ORIENTED_EDGE('',*,*,#454,.F.);
#137=ORIENTED_EDGE('',*,*,#455,.T.);
#138=ORIENTED_EDGE('',*,*,#456,.T.);
#139=ORIENTED_EDGE('',*,*,#457,.T.);
#140=ORIENTED_EDGE('',*,*,#458,.F.);
#141=ORIENTED_EDGE('',*,*,#459,.T.);
#142=ORIENTED_EDGE('',*,*,#454,.T.);
#143=ORIENTED_EDGE('',*,*,#460,.T.);
#144=ORIENTED_EDGE('',*,*,#461,.F.);
#145=ORIENTED_EDGE('',*,*,#462,.T.);
#146=ORIENTED_EDGE('',*,*,#458,.T.);
#147=ORIENTED_EDGE('',*,*,#463,.T.);
#148=ORIENTED_EDGE('',*,*,#464,.F.);
#149=ORIENTED_EDGE('',*,*,#465,.T.);
#150=ORIENTED_EDGE('',*,*,#466,.F.);
#151=ORIENTED_EDGE('',*,*,#467,.T.);
#152=ORIENTED_EDGE('',*,*,#441,.T.);
#153=ORIENTED_EDGE('',*,*,#468,.T.);
#154=ORIENTED_EDGE('',*,*,#464,.T.);
#155=ORIENTED_EDGE('',*,*,#469,.T.);
#156=ORIENTED_EDGE('',*,*,#470,.F.);
#157=ORIENTED_EDGE('',*,*,#471,.T.);
#158=ORIENTED_EDGE('',*,*,#461,.T.);
#159=ORIENTED_EDGE('',*,*,#472,.T.);
#160=ORIENTED_EDGE('',*,*,#466,.T.);
#161=ORIENTED_EDGE('',*,*,#473,.T.);
#162=ORIENTED_EDGE('',*,*,#474,.F.);
#163=ORIENTED_EDGE('',*,*,#475,.T.);
#164=ORIENTED_EDGE('',*,*,#474,.T.);
#165=ORIENTED_EDGE('',*,*,#476,.T.);
#166=ORIENTED_EDGE('',*,*,#470,.T.);
#167=ORIENTED_EDGE('',*,*,#477,.T.);
#168=ORIENTED_EDGE('',*,*,#452,.F.);
#169=ORIENTED_EDGE('',*,*,#449,.F.);
#170=ORIENTED_EDGE('',*,*,#447,.F.);
#171=ORIENTED_EDGE('',*,*,#478,.F.);
#172=ORIENTED_EDGE('',*,*,#479,.F.);
#173=ORIENTED_EDGE('',*,*,#480,.F.);
#174=ORIENTED_EDGE('',*,*,#467,.F.);
#175=ORIENTED_EDGE('',*,*,#475,.F.);
#176=ORIENTED_EDGE('',*,*,#477,.F.);
#177=ORIENTED_EDGE('',*,*,#472,.F.);
#178=ORIENTED_EDGE('',*,*,#463,.F.);
#179=ORIENTED_EDGE('',*,*,#460,.F.);
#180=ORIENTED_EDGE('',*,*,#457,.F.);
#181=ORIENTED_EDGE('',*,*,#481,.F.);
#182=ORIENTED_EDGE('',*,*,#442,.F.);
#183=ORIENTED_EDGE('',*,*,#469,.F.);
#184=ORIENTED_EDGE('',*,*,#482,.F.);
#185=ORIENTED_EDGE('',*,*,#483,.F.);
#186=ORIENTED_EDGE('',*,*,#453,.F.);
#187=ORIENTED_EDGE('',*,*,#478,.T.);
#188=ORIENTED_EDGE('',*,*,#446,.F.);
#189=ORIENTED_EDGE('',*,*,#484,.F.);
#190=ORIENTED_EDGE('',*,*,#485,.T.);
#191=ORIENTED_EDGE('',*,*,#486,.F.);
#192=ORIENTED_EDGE('',*,*,#479,.T.);
#193=ORIENTED_EDGE('',*,*,#487,.F.);
#194=ORIENTED_EDGE('',*,*,#480,.T.);
#195=ORIENTED_EDGE('',*,*,#488,.F.);
#196=ORIENTED_EDGE('',*,*,#489,.F.);
#197=ORIENTED_EDGE('',*,*,#490,.F.);
#198=ORIENTED_EDGE('',*,*,#491,.T.);
#199=ORIENTED_EDGE('',*,*,#443,.F.);
#200=ORIENTED_EDGE('',*,*,#481,.T.);
#201=ORIENTED_EDGE('',*,*,#456,.F.);
#202=ORIENTED_EDGE('',*,*,#492,.F.);
#203=ORIENTED_EDGE('',*,*,#468,.F.);
#204=ORIENTED_EDGE('',*,*,#440,.T.);
#205=ORIENTED_EDGE('',*,*,#493,.T.);
#206=ORIENTED_EDGE('',*,*,#484,.T.);
#207=ORIENTED_EDGE('',*,*,#445,.T.);
#208=ORIENTED_EDGE('',*,*,#448,.T.);
#209=ORIENTED_EDGE('',*,*,#451,.T.);
#210=ORIENTED_EDGE('',*,*,#483,.T.);
#211=ORIENTED_EDGE('',*,*,#494,.T.);
#212=ORIENTED_EDGE('',*,*,#455,.F.);
#213=ORIENTED_EDGE('',*,*,#459,.F.);
#214=ORIENTED_EDGE('',*,*,#462,.F.);
#215=ORIENTED_EDGE('',*,*,#471,.F.);
#216=ORIENTED_EDGE('',*,*,#476,.F.);
#217=ORIENTED_EDGE('',*,*,#473,.F.);
#218=ORIENTED_EDGE('',*,*,#465,.F.);
#219=ORIENTED_EDGE('',*,*,#488,.T.);
#220=ORIENTED_EDGE('',*,*,#487,.T.);
#221=ORIENTED_EDGE('',*,*,#486,.T.);
#222=ORIENTED_EDGE('',*,*,#495,.F.);
#223=ORIENTED_EDGE('',*,*,#496,.F.);
#224=ORIENTED_EDGE('',*,*,#497,.F.);
#225=ORIENTED_EDGE('',*,*,#498,.F.);
#226=ORIENTED_EDGE('',*,*,#499,.F.);
#227=ORIENTED_EDGE('',*,*,#500,.F.);
#228=ORIENTED_EDGE('',*,*,#492,.T.);
#229=ORIENTED_EDGE('',*,*,#494,.F.);
#230=ORIENTED_EDGE('',*,*,#482,.T.);
#231=ORIENTED_EDGE('',*,*,#497,.T.);
#232=ORIENTED_EDGE('',*,*,#501,.F.);
#233=ORIENTED_EDGE('',*,*,#502,.F.);
#234=ORIENTED_EDGE('',*,*,#503,.F.);
#235=ORIENTED_EDGE('',*,*,#504,.F.);
#236=ORIENTED_EDGE('',*,*,#505,.F.);
#237=ORIENTED_EDGE('',*,*,#506,.F.);
#238=ORIENTED_EDGE('',*,*,#507,.F.);
#239=ORIENTED_EDGE('',*,*,#508,.F.);
#240=ORIENTED_EDGE('',*,*,#509,.F.);
#241=ORIENTED_EDGE('',*,*,#510,.F.);
#242=ORIENTED_EDGE('',*,*,#511,.F.);
#243=ORIENTED_EDGE('',*,*,#490,.T.);
#244=ORIENTED_EDGE('',*,*,#512,.F.);
#245=ORIENTED_EDGE('',*,*,#513,.F.);
#246=ORIENTED_EDGE('',*,*,#514,.F.);
#247=ORIENTED_EDGE('',*,*,#495,.T.);
#248=ORIENTED_EDGE('',*,*,#485,.F.);
#249=ORIENTED_EDGE('',*,*,#493,.F.);
#250=ORIENTED_EDGE('',*,*,#491,.F.);
#251=ORIENTED_EDGE('',*,*,#511,.T.);
#252=ORIENTED_EDGE('',*,*,#515,.F.);
#253=ORIENTED_EDGE('',*,*,#516,.F.);
#254=ORIENTED_EDGE('',*,*,#517,.T.);
#255=ORIENTED_EDGE('',*,*,#518,.T.);
#256=ORIENTED_EDGE('',*,*,#519,.T.);
#257=ORIENTED_EDGE('',*,*,#520,.T.);
#258=ORIENTED_EDGE('',*,*,#521,.T.);
#259=ORIENTED_EDGE('',*,*,#498,.T.);
#260=ORIENTED_EDGE('',*,*,#496,.T.);
#261=ORIENTED_EDGE('',*,*,#516,.T.);
#262=ORIENTED_EDGE('',*,*,#522,.T.);
#263=ORIENTED_EDGE('',*,*,#523,.T.);
#264=ORIENTED_EDGE('',*,*,#524,.T.);
#265=ORIENTED_EDGE('',*,*,#499,.T.);
#266=ORIENTED_EDGE('',*,*,#521,.F.);
#267=ORIENTED_EDGE('',*,*,#525,.T.);
#268=ORIENTED_EDGE('',*,*,#526,.F.);
#269=ORIENTED_EDGE('',*,*,#527,.T.);
#270=ORIENTED_EDGE('',*,*,#512,.T.);
#271=ORIENTED_EDGE('',*,*,#489,.T.);
#272=ORIENTED_EDGE('',*,*,#500,.T.);
#273=ORIENTED_EDGE('',*,*,#504,.T.);
#274=ORIENTED_EDGE('',*,*,#528,.F.);
#275=ORIENTED_EDGE('',*,*,#529,.F.);
#276=ORIENTED_EDGE('',*,*,#530,.F.);
#277=ORIENTED_EDGE('',*,*,#531,.F.);
#278=ORIENTED_EDGE('',*,*,#532,.F.);
#279=ORIENTED_EDGE('',*,*,#501,.T.);
#280=ORIENTED_EDGE('',*,*,#530,.T.);
#281=ORIENTED_EDGE('',*,*,#533,.F.);
#282=ORIENTED_EDGE('',*,*,#534,.F.);
#283=ORIENTED_EDGE('',*,*,#502,.T.);
#284=ORIENTED_EDGE('',*,*,#532,.T.);
#285=ORIENTED_EDGE('',*,*,#535,.F.);
#286=ORIENTED_EDGE('',*,*,#536,.F.);
#287=ORIENTED_EDGE('',*,*,#537,.F.);
#288=ORIENTED_EDGE('',*,*,#528,.T.);
#289=ORIENTED_EDGE('',*,*,#503,.T.);
#290=ORIENTED_EDGE('',*,*,#536,.T.);
#291=ORIENTED_EDGE('',*,*,#538,.F.);
#292=ORIENTED_EDGE('',*,*,#539,.F.);
#293=ORIENTED_EDGE('',*,*,#510,.T.);
#294=ORIENTED_EDGE('',*,*,#540,.F.);
#295=ORIENTED_EDGE('',*,*,#541,.F.);
#296=ORIENTED_EDGE('',*,*,#542,.F.);
#297=ORIENTED_EDGE('',*,*,#505,.T.);
#298=ORIENTED_EDGE('',*,*,#542,.T.);
#299=ORIENTED_EDGE('',*,*,#543,.F.);
#300=ORIENTED_EDGE('',*,*,#544,.F.);
#301=ORIENTED_EDGE('',*,*,#545,.F.);
#302=ORIENTED_EDGE('',*,*,#546,.F.);
#303=ORIENTED_EDGE('',*,*,#506,.T.);
#304=ORIENTED_EDGE('',*,*,#544,.T.);
#305=ORIENTED_EDGE('',*,*,#547,.F.);
#306=ORIENTED_EDGE('',*,*,#548,.F.);
#307=ORIENTED_EDGE('',*,*,#507,.T.);
#308=ORIENTED_EDGE('',*,*,#546,.T.);
#309=ORIENTED_EDGE('',*,*,#549,.F.);
#310=ORIENTED_EDGE('',*,*,#550,.F.);
#311=ORIENTED_EDGE('',*,*,#551,.F.);
#312=ORIENTED_EDGE('',*,*,#552,.F.);
#313=ORIENTED_EDGE('',*,*,#508,.T.);
#314=ORIENTED_EDGE('',*,*,#550,.T.);
#315=ORIENTED_EDGE('',*,*,#553,.F.);
#316=ORIENTED_EDGE('',*,*,#554,.F.);
#317=ORIENTED_EDGE('',*,*,#509,.T.);
#318=ORIENTED_EDGE('',*,*,#552,.T.);
#319=ORIENTED_EDGE('',*,*,#555,.F.);
#320=ORIENTED_EDGE('',*,*,#540,.T.);
#321=ORIENTED_EDGE('',*,*,#556,.T.);
#322=ORIENTED_EDGE('',*,*,#557,.T.);
#323=ORIENTED_EDGE('',*,*,#513,.T.);
#324=ORIENTED_EDGE('',*,*,#558,.T.);
#325=ORIENTED_EDGE('',*,*,#557,.F.);
#326=ORIENTED_EDGE('',*,*,#559,.T.);
#327=ORIENTED_EDGE('',*,*,#522,.F.);
#328=ORIENTED_EDGE('',*,*,#515,.T.);
#329=ORIENTED_EDGE('',*,*,#514,.T.);
#330=ORIENTED_EDGE('',*,*,#560,.T.);
#331=ORIENTED_EDGE('',*,*,#561,.T.);
#332=ORIENTED_EDGE('',*,*,#518,.F.);
#333=ORIENTED_EDGE('',*,*,#562,.T.);
#334=ORIENTED_EDGE('',*,*,#517,.F.);
#335=ORIENTED_EDGE('',*,*,#561,.F.);
#336=ORIENTED_EDGE('',*,*,#563,.T.);
#337=ORIENTED_EDGE('',*,*,#562,.F.);
#338=ORIENTED_EDGE('',*,*,#564,.T.);
#339=ORIENTED_EDGE('',*,*,#565,.T.);
#340=ORIENTED_EDGE('',*,*,#520,.F.);
#341=ORIENTED_EDGE('',*,*,#566,.T.);
#342=ORIENTED_EDGE('',*,*,#519,.F.);
#343=ORIENTED_EDGE('',*,*,#565,.F.);
#344=ORIENTED_EDGE('',*,*,#567,.T.);
#345=ORIENTED_EDGE('',*,*,#566,.F.);
#346=ORIENTED_EDGE('',*,*,#556,.F.);
#347=ORIENTED_EDGE('',*,*,#525,.F.);
#348=ORIENTED_EDGE('',*,*,#523,.F.);
#349=ORIENTED_EDGE('',*,*,#559,.F.);
#350=ORIENTED_EDGE('',*,*,#558,.F.);
#351=ORIENTED_EDGE('',*,*,#527,.F.);
#352=ORIENTED_EDGE('',*,*,#524,.F.);
#353=ORIENTED_EDGE('',*,*,#526,.T.);
#354=ORIENTED_EDGE('',*,*,#538,.T.);
#355=ORIENTED_EDGE('',*,*,#535,.T.);
#356=ORIENTED_EDGE('',*,*,#531,.T.);
#357=ORIENTED_EDGE('',*,*,#568,.T.);
#358=ORIENTED_EDGE('',*,*,#533,.T.);
#359=ORIENTED_EDGE('',*,*,#529,.T.);
#360=ORIENTED_EDGE('',*,*,#537,.T.);
#361=ORIENTED_EDGE('',*,*,#569,.T.);
#362=ORIENTED_EDGE('',*,*,#570,.T.);
#363=ORIENTED_EDGE('',*,*,#568,.F.);
#364=ORIENTED_EDGE('',*,*,#534,.T.);
#365=ORIENTED_EDGE('',*,*,#569,.F.);
#366=ORIENTED_EDGE('',*,*,#539,.T.);
#367=ORIENTED_EDGE('',*,*,#555,.T.);
#368=ORIENTED_EDGE('',*,*,#551,.T.);
#369=ORIENTED_EDGE('',*,*,#571,.T.);
#370=ORIENTED_EDGE('',*,*,#553,.T.);
#371=ORIENTED_EDGE('',*,*,#549,.T.);
#372=ORIENTED_EDGE('',*,*,#545,.T.);
#373=ORIENTED_EDGE('',*,*,#572,.T.);
#374=ORIENTED_EDGE('',*,*,#547,.T.);
#375=ORIENTED_EDGE('',*,*,#543,.T.);
#376=ORIENTED_EDGE('',*,*,#541,.T.);
#377=ORIENTED_EDGE('',*,*,#573,.T.);
#378=ORIENTED_EDGE('',*,*,#572,.F.);
#379=ORIENTED_EDGE('',*,*,#548,.T.);
#380=ORIENTED_EDGE('',*,*,#571,.F.);
#381=ORIENTED_EDGE('',*,*,#554,.T.);
#382=ORIENTED_EDGE('',*,*,#574,.F.);
#383=ORIENTED_EDGE('',*,*,#575,.F.);
#384=ORIENTED_EDGE('',*,*,#576,.F.);
#385=ORIENTED_EDGE('',*,*,#560,.F.);
#386=ORIENTED_EDGE('',*,*,#576,.T.);
#387=ORIENTED_EDGE('',*,*,#577,.F.);
#388=ORIENTED_EDGE('',*,*,#578,.F.);
#389=ORIENTED_EDGE('',*,*,#579,.F.);
#390=ORIENTED_EDGE('',*,*,#580,.F.);
#391=ORIENTED_EDGE('',*,*,#574,.T.);
#392=ORIENTED_EDGE('',*,*,#563,.F.);
#393=ORIENTED_EDGE('',*,*,#581,.F.);
#394=ORIENTED_EDGE('',*,*,#582,.F.);
#395=ORIENTED_EDGE('',*,*,#583,.F.);
#396=ORIENTED_EDGE('',*,*,#564,.F.);
#397=ORIENTED_EDGE('',*,*,#583,.T.);
#398=ORIENTED_EDGE('',*,*,#584,.F.);
#399=ORIENTED_EDGE('',*,*,#585,.F.);
#400=ORIENTED_EDGE('',*,*,#586,.F.);
#401=ORIENTED_EDGE('',*,*,#587,.F.);
#402=ORIENTED_EDGE('',*,*,#581,.T.);
#403=ORIENTED_EDGE('',*,*,#567,.F.);
#404=ORIENTED_EDGE('',*,*,#570,.F.);
#405=ORIENTED_EDGE('',*,*,#588,.F.);
#406=ORIENTED_EDGE('',*,*,#589,.F.);
#407=ORIENTED_EDGE('',*,*,#590,.F.);
#408=ORIENTED_EDGE('',*,*,#573,.F.);
#409=ORIENTED_EDGE('',*,*,#591,.F.);
#410=ORIENTED_EDGE('',*,*,#592,.F.);
#411=ORIENTED_EDGE('',*,*,#593,.F.);
#412=ORIENTED_EDGE('',*,*,#575,.T.);
#413=ORIENTED_EDGE('',*,*,#580,.T.);
#414=ORIENTED_EDGE('',*,*,#594,.T.);
#415=ORIENTED_EDGE('',*,*,#577,.T.);
#416=ORIENTED_EDGE('',*,*,#590,.T.);
#417=ORIENTED_EDGE('',*,*,#578,.T.);
#418=ORIENTED_EDGE('',*,*,#595,.F.);
#419=ORIENTED_EDGE('',*,*,#579,.T.);
#420=ORIENTED_EDGE('',*,*,#589,.T.);
#421=ORIENTED_EDGE('',*,*,#596,.F.);
#422=ORIENTED_EDGE('',*,*,#582,.T.);
#423=ORIENTED_EDGE('',*,*,#587,.T.);
#424=ORIENTED_EDGE('',*,*,#597,.T.);
#425=ORIENTED_EDGE('',*,*,#584,.T.);
#426=ORIENTED_EDGE('',*,*,#593,.T.);
#427=ORIENTED_EDGE('',*,*,#585,.T.);
#428=ORIENTED_EDGE('',*,*,#598,.F.);
#429=ORIENTED_EDGE('',*,*,#586,.T.);
#430=ORIENTED_EDGE('',*,*,#592,.T.);
#431=ORIENTED_EDGE('',*,*,#599,.F.);
#432=ORIENTED_EDGE('',*,*,#596,.T.);
#433=ORIENTED_EDGE('',*,*,#588,.T.);
#434=ORIENTED_EDGE('',*,*,#595,.T.);
#435=ORIENTED_EDGE('',*,*,#594,.F.);
#436=ORIENTED_EDGE('',*,*,#599,.T.);
#437=ORIENTED_EDGE('',*,*,#591,.T.);
#438=ORIENTED_EDGE('',*,*,#598,.T.);
#439=ORIENTED_EDGE('',*,*,#597,.F.);
#440=EDGE_CURVE('',#600,#601,#704,.F.);
#441=EDGE_CURVE('',#602,#600,#705,.T.);
#442=EDGE_CURVE('',#602,#603,#706,.T.);
#443=EDGE_CURVE('',#603,#601,#707,.F.);
#444=EDGE_CURVE('',#604,#605,#708,.T.);
#445=EDGE_CURVE('',#606,#605,#709,.F.);
#446=EDGE_CURVE('',#606,#607,#710,.F.);
#447=EDGE_CURVE('',#607,#604,#711,.T.);
#448=EDGE_CURVE('',#605,#608,#712,.T.);
#449=EDGE_CURVE('',#604,#609,#713,.F.);
#450=EDGE_CURVE('',#609,#608,#714,.T.);
#451=EDGE_CURVE('',#608,#610,#715,.T.);
#452=EDGE_CURVE('',#609,#611,#716,.F.);
#453=EDGE_CURVE('',#611,#610,#717,.T.);
#454=EDGE_CURVE('',#612,#613,#718,.F.);
#455=EDGE_CURVE('',#612,#614,#719,.F.);
#456=EDGE_CURVE('',#614,#615,#720,.F.);
#457=EDGE_CURVE('',#615,#613,#721,.F.);
#458=EDGE_CURVE('',#616,#617,#722,.F.);
#459=EDGE_CURVE('',#616,#612,#69,.F.);
#460=EDGE_CURVE('',#613,#617,#70,.T.);
#461=EDGE_CURVE('',#618,#619,#723,.T.);
#462=EDGE_CURVE('',#618,#616,#724,.T.);
#463=EDGE_CURVE('',#617,#619,#725,.T.);
#464=EDGE_CURVE('',#620,#621,#726,.F.);
#465=EDGE_CURVE('',#620,#622,#727,.T.);
#466=EDGE_CURVE('',#623,#622,#728,.T.);
#467=EDGE_CURVE('',#623,#621,#729,.F.);
#468=EDGE_CURVE('',#600,#620,#71,.F.);
#469=EDGE_CURVE('',#621,#602,#72,.T.);
#470=EDGE_CURVE('',#624,#625,#730,.F.);
#471=EDGE_CURVE('',#624,#618,#73,.F.);
#472=EDGE_CURVE('',#619,#625,#74,.F.);
#473=EDGE_CURVE('',#622,#626,#75,.F.);
#474=EDGE_CURVE('',#627,#626,#731,.T.);
#475=EDGE_CURVE('',#627,#623,#76,.T.);
#476=EDGE_CURVE('',#626,#624,#77,.F.);
#477=EDGE_CURVE('',#625,#627,#78,.T.);
#478=EDGE_CURVE('',#611,#607,#732,.T.);
#479=EDGE_CURVE('',#628,#628,#79,.T.);
#480=EDGE_CURVE('',#629,#629,#80,.T.);
#481=EDGE_CURVE('',#603,#615,#81,.T.);
#482=EDGE_CURVE('',#630,#631,#733,.T.);
#483=EDGE_CURVE('',#610,#630,#734,.F.);
#484=EDGE_CURVE('',#632,#606,#735,.T.);
#485=EDGE_CURVE('',#632,#633,#736,.T.);
#486=EDGE_CURVE('',#631,#633,#737,.F.);
#487=EDGE_CURVE('',#634,#634,#67,.T.);
#488=EDGE_CURVE('',#635,#635,#68,.T.);
#489=EDGE_CURVE('',#636,#637,#32,.T.);
#490=EDGE_CURVE('',#638,#636,#82,.T.);
#491=EDGE_CURVE('',#638,#601,#738,.T.);
#492=EDGE_CURVE('',#637,#614,#739,.T.);
#493=EDGE_CURVE('',#601,#632,#740,.T.);
#494=EDGE_CURVE('',#630,#614,#741,.F.);
#495=EDGE_CURVE('',#639,#633,#742,.F.);
#496=EDGE_CURVE('',#640,#639,#743,.T.);
#497=EDGE_CURVE('',#631,#640,#744,.T.);
#498=EDGE_CURVE('',#641,#640,#745,.T.);
#499=EDGE_CURVE('',#642,#641,#746,.T.);
#500=EDGE_CURVE('',#637,#642,#747,.F.);
#501=EDGE_CURVE('',#643,#644,#748,.T.);
#502=EDGE_CURVE('',#645,#643,#749,.T.);
#503=EDGE_CURVE('',#646,#645,#750,.F.);
#504=EDGE_CURVE('',#644,#646,#751,.F.);
#505=EDGE_CURVE('',#647,#648,#752,.T.);
#506=EDGE_CURVE('',#649,#647,#753,.T.);
#507=EDGE_CURVE('',#650,#649,#754,.T.);
#508=EDGE_CURVE('',#651,#650,#755,.T.);
#509=EDGE_CURVE('',#652,#651,#756,.T.);
#510=EDGE_CURVE('',#648,#652,#757,.T.);
#511=EDGE_CURVE('',#638,#653,#758,.F.);
#512=EDGE_CURVE('',#654,#636,#759,.T.);
#513=EDGE_CURVE('',#655,#654,#33,.T.);
#514=EDGE_CURVE('',#653,#655,#83,.F.);
#515=EDGE_CURVE('',#656,#653,#760,.T.);
#516=EDGE_CURVE('',#639,#656,#761,.F.);
#517=EDGE_CURVE('',#657,#658,#762,.T.);
#518=EDGE_CURVE('',#658,#657,#34,.T.);
#519=EDGE_CURVE('',#659,#660,#763,.T.);
#520=EDGE_CURVE('',#660,#659,#35,.T.);
#521=EDGE_CURVE('',#661,#641,#84,.T.);
#522=EDGE_CURVE('',#656,#662,#85,.F.);
#523=EDGE_CURVE('',#662,#661,#86,.F.);
#524=EDGE_CURVE('',#663,#642,#87,.T.);
#525=EDGE_CURVE('',#661,#664,#764,.F.);
#526=EDGE_CURVE('',#663,#664,#88,.F.);
#527=EDGE_CURVE('',#642,#654,#89,.F.);
#528=EDGE_CURVE('',#665,#646,#765,.T.);
#529=EDGE_CURVE('',#666,#665,#36,.T.);
#530=EDGE_CURVE('',#644,#666,#766,.F.);
#531=EDGE_CURVE('',#667,#668,#37,.T.);
#532=EDGE_CURVE('',#643,#667,#767,.T.);
#533=EDGE_CURVE('',#669,#666,#38,.T.);
#534=EDGE_CURVE('',#668,#669,#768,.T.);
#535=EDGE_CURVE('',#670,#667,#39,.T.);
#536=EDGE_CURVE('',#645,#670,#769,.T.);
#537=EDGE_CURVE('',#665,#671,#40,.T.);
#538=EDGE_CURVE('',#672,#670,#41,.T.);
#539=EDGE_CURVE('',#671,#672,#770,.F.);
#540=EDGE_CURVE('',#673,#652,#771,.F.);
#541=EDGE_CURVE('',#674,#673,#42,.T.);
#542=EDGE_CURVE('',#648,#674,#772,.T.);
#543=EDGE_CURVE('',#675,#674,#43,.T.);
#544=EDGE_CURVE('',#647,#675,#773,.T.);
#545=EDGE_CURVE('',#676,#677,#44,.T.);
#546=EDGE_CURVE('',#649,#676,#774,.T.);
#547=EDGE_CURVE('',#678,#675,#45,.T.);
#548=EDGE_CURVE('',#677,#678,#775,.F.);
#549=EDGE_CURVE('',#679,#676,#46,.T.);
#550=EDGE_CURVE('',#650,#679,#776,.T.);
#551=EDGE_CURVE('',#680,#681,#47,.T.);
#552=EDGE_CURVE('',#651,#680,#777,.T.);
#553=EDGE_CURVE('',#682,#679,#48,.T.);
#554=EDGE_CURVE('',#681,#682,#778,.F.);
#555=EDGE_CURVE('',#673,#680,#49,.T.);
#556=EDGE_CURVE('',#664,#683,#90,.T.);
#557=EDGE_CURVE('',#683,#655,#50,.F.);
#558=EDGE_CURVE('',#654,#664,#91,.T.);
#559=EDGE_CURVE('',#683,#662,#779,.F.);
#560=EDGE_CURVE('',#684,#685,#92,.T.);
#561=EDGE_CURVE('',#685,#657,#51,.F.);
#562=EDGE_CURVE('',#658,#684,#52,.F.);
#563=EDGE_CURVE('',#685,#684,#780,.T.);
#564=EDGE_CURVE('',#686,#687,#93,.T.);
#565=EDGE_CURVE('',#687,#659,#53,.F.);
#566=EDGE_CURVE('',#660,#686,#54,.F.);
#567=EDGE_CURVE('',#687,#686,#781,.T.);
#568=EDGE_CURVE('',#668,#669,#55,.T.);
#569=EDGE_CURVE('',#671,#672,#56,.T.);
#570=EDGE_CURVE('',#688,#688,#94,.T.);
#571=EDGE_CURVE('',#681,#682,#95,.F.);
#572=EDGE_CURVE('',#677,#678,#96,.F.);
#573=EDGE_CURVE('',#689,#689,#97,.T.);
#574=EDGE_CURVE('',#690,#684,#782,.F.);
#575=EDGE_CURVE('',#691,#690,#98,.F.);
#576=EDGE_CURVE('',#685,#691,#783,.T.);
#577=EDGE_CURVE('',#692,#691,#784,.F.);
#578=EDGE_CURVE('',#693,#692,#785,.F.);
#579=EDGE_CURVE('',#694,#693,#786,.F.);
#580=EDGE_CURVE('',#690,#694,#787,.F.);
#581=EDGE_CURVE('',#695,#686,#788,.F.);
#582=EDGE_CURVE('',#696,#695,#99,.F.);
#583=EDGE_CURVE('',#687,#696,#789,.T.);
#584=EDGE_CURVE('',#697,#696,#790,.F.);
#585=EDGE_CURVE('',#698,#697,#791,.F.);
#586=EDGE_CURVE('',#699,#698,#792,.F.);
#587=EDGE_CURVE('',#695,#699,#793,.F.);
#588=EDGE_CURVE('',#700,#701,#100,.F.);
#589=EDGE_CURVE('',#693,#700,#57,.T.);
#590=EDGE_CURVE('',#701,#693,#58,.T.);
#591=EDGE_CURVE('',#702,#703,#101,.F.);
#592=EDGE_CURVE('',#698,#702,#59,.T.);
#593=EDGE_CURVE('',#703,#698,#60,.T.);
#594=EDGE_CURVE('',#694,#692,#61,.T.);
#595=EDGE_CURVE('',#701,#692,#62,.T.);
#596=EDGE_CURVE('',#694,#700,#63,.T.);
#597=EDGE_CURVE('',#699,#697,#64,.T.);
#598=EDGE_CURVE('',#703,#697,#65,.T.);
#599=EDGE_CURVE('',#699,#702,#66,.T.);
#600=VERTEX_POINT('',#1526);
#601=VERTEX_POINT('',#1527);
#602=VERTEX_POINT('',#1529);
#603=VERTEX_POINT('',#1531);
#604=VERTEX_POINT('',#1535);
#605=VERTEX_POINT('',#1536);
#606=VERTEX_POINT('',#1538);
#607=VERTEX_POINT('',#1540);
#608=VERTEX_POINT('',#1544);
#609=VERTEX_POINT('',#1546);
#610=VERTEX_POINT('',#1550);
#611=VERTEX_POINT('',#1552);
#612=VERTEX_POINT('',#1556);
#613=VERTEX_POINT('',#1557);
#614=VERTEX_POINT('',#1559);
#615=VERTEX_POINT('',#1561);
#616=VERTEX_POINT('',#1565);
#617=VERTEX_POINT('',#1566);
#618=VERTEX_POINT('',#1571);
#619=VERTEX_POINT('',#1572);
#620=VERTEX_POINT('',#1577);
#621=VERTEX_POINT('',#1578);
#622=VERTEX_POINT('',#1580);
#623=VERTEX_POINT('',#1582);
#624=VERTEX_POINT('',#1589);
#625=VERTEX_POINT('',#1590);
#626=VERTEX_POINT('',#1595);
#627=VERTEX_POINT('',#1597);
#628=VERTEX_POINT('',#1605);
#629=VERTEX_POINT('',#1607);
#630=VERTEX_POINT('',#1611);
#631=VERTEX_POINT('',#1612);
#632=VERTEX_POINT('',#1615);
#633=VERTEX_POINT('',#1617);
#634=VERTEX_POINT('',#1621);
#635=VERTEX_POINT('',#1624);
#636=VERTEX_POINT('',#1631);
#637=VERTEX_POINT('',#1632);
#638=VERTEX_POINT('',#1634);
#639=VERTEX_POINT('',#1642);
#640=VERTEX_POINT('',#1644);
#641=VERTEX_POINT('',#1648);
#642=VERTEX_POINT('',#1650);
#643=VERTEX_POINT('',#1654);
#644=VERTEX_POINT('',#1655);
#645=VERTEX_POINT('',#1657);
#646=VERTEX_POINT('',#1659);
#647=VERTEX_POINT('',#1662);
#648=VERTEX_POINT('',#1663);
#649=VERTEX_POINT('',#1665);
#650=VERTEX_POINT('',#1667);
#651=VERTEX_POINT('',#1669);
#652=VERTEX_POINT('',#1671);
#653=VERTEX_POINT('',#1674);
#654=VERTEX_POINT('',#1676);
#655=VERTEX_POINT('',#1683);
#656=VERTEX_POINT('',#1687);
#657=VERTEX_POINT('',#1691);
#658=VERTEX_POINT('',#1692);
#659=VERTEX_POINT('',#1713);
#660=VERTEX_POINT('',#1714);
#661=VERTEX_POINT('',#1735);
#662=VERTEX_POINT('',#1737);
#663=VERTEX_POINT('',#1741);
#664=VERTEX_POINT('',#1743);
#665=VERTEX_POINT('',#1749);
#666=VERTEX_POINT('',#1754);
#667=VERTEX_POINT('',#1761);
#668=VERTEX_POINT('',#1762);
#669=VERTEX_POINT('',#1768);
#670=VERTEX_POINT('',#1775);
#671=VERTEX_POINT('',#1782);
#672=VERTEX_POINT('',#1787);
#673=VERTEX_POINT('',#1791);
#674=VERTEX_POINT('',#1796);
#675=VERTEX_POINT('',#1803);
#676=VERTEX_POINT('',#1810);
#677=VERTEX_POINT('',#1811);
#678=VERTEX_POINT('',#1817);
#679=VERTEX_POINT('',#1824);
#680=VERTEX_POINT('',#1831);
#681=VERTEX_POINT('',#1832);
#682=VERTEX_POINT('',#1838);
#683=VERTEX_POINT('',#1847);
#684=VERTEX_POINT('',#1863);
#685=VERTEX_POINT('',#1864);
#686=VERTEX_POINT('',#1879);
#687=VERTEX_POINT('',#1880);
#688=VERTEX_POINT('',#1943);
#689=VERTEX_POINT('',#1950);
#690=VERTEX_POINT('',#1955);
#691=VERTEX_POINT('',#1957);
#692=VERTEX_POINT('',#1961);
#693=VERTEX_POINT('',#1963);
#694=VERTEX_POINT('',#1965);
#695=VERTEX_POINT('',#1969);
#696=VERTEX_POINT('',#1971);
#697=VERTEX_POINT('',#1975);
#698=VERTEX_POINT('',#1977);
#699=VERTEX_POINT('',#1979);
#700=VERTEX_POINT('',#1983);
#701=VERTEX_POINT('',#1984);
#702=VERTEX_POINT('',#2005);
#703=VERTEX_POINT('',#2006);
#704=LINE('',#1525,#794);
#705=LINE('',#1528,#795);
#706=LINE('',#1530,#796);
#707=LINE('',#1532,#797);
#708=LINE('',#1534,#798);
#709=LINE('',#1537,#799);
#710=LINE('',#1539,#800);
#711=LINE('',#1541,#801);
#712=LINE('',#1543,#802);
#713=LINE('',#1545,#803);
#714=LINE('',#1547,#804);
#715=LINE('',#1549,#805);
#716=LINE('',#1551,#806);
#717=LINE('',#1553,#807);
#718=LINE('',#1555,#808);
#719=LINE('',#1558,#809);
#720=LINE('',#1560,#810);
#721=LINE('',#1562,#811);
#722=LINE('',#1564,#812);
#723=LINE('',#1570,#813);
#724=LINE('',#1573,#814);
#725=LINE('',#1574,#815);
#726=LINE('',#1576,#816);
#727=LINE('',#1579,#817);
#728=LINE('',#1581,#818);
#729=LINE('',#1583,#819);
#730=LINE('',#1588,#820);
#731=LINE('',#1596,#821);
#732=LINE('',#1603,#822);
#733=LINE('',#1610,#823);
#734=LINE('',#1613,#824);
#735=LINE('',#1614,#825);
#736=LINE('',#1616,#826);
#737=LINE('',#1618,#827);
#738=LINE('',#1635,#828);
#739=LINE('',#1636,#829);
#740=LINE('',#1638,#830);
#741=LINE('',#1639,#831);
#742=LINE('',#1641,#832);
#743=LINE('',#1643,#833);
#744=LINE('',#1645,#834);
#745=LINE('',#1647,#835);
#746=LINE('',#1649,#836);
#747=LINE('',#1651,#837);
#748=LINE('',#1653,#838);
#749=LINE('',#1656,#839);
#750=LINE('',#1658,#840);
#751=LINE('',#1660,#841);
#752=LINE('',#1661,#842);
#753=LINE('',#1664,#843);
#754=LINE('',#1666,#844);
#755=LINE('',#1668,#845);
#756=LINE('',#1670,#846);
#757=LINE('',#1672,#847);
#758=LINE('',#1673,#848);
#759=LINE('',#1675,#849);
#760=LINE('',#1686,#850);
#761=LINE('',#1688,#851);
#762=LINE('',#1690,#852);
#763=LINE('',#1712,#853);
#764=LINE('',#1742,#854);
#765=LINE('',#1748,#855);
#766=LINE('',#1755,#856);
#767=LINE('',#1763,#857);
#768=LINE('',#1769,#858);
#769=LINE('',#1776,#859);
#770=LINE('',#1788,#860);
#771=LINE('',#1790,#861);
#772=LINE('',#1797,#862);
#773=LINE('',#1804,#863);
#774=LINE('',#1812,#864);
#775=LINE('',#1818,#865);
#776=LINE('',#1825,#866);
#777=LINE('',#1833,#867);
#778=LINE('',#1839,#868);
#779=LINE('',#1860,#869);
#780=LINE('',#1876,#870);
#781=LINE('',#1892,#871);
#782=LINE('',#1954,#872);
#783=LINE('',#1958,#873);
#784=LINE('',#1960,#874);
#785=LINE('',#1962,#875);
#786=LINE('',#1964,#876);
#787=LINE('',#1966,#877);
#788=LINE('',#1968,#878);
#789=LINE('',#1972,#879);
#790=LINE('',#1974,#880);
#791=LINE('',#1976,#881);
#792=LINE('',#1978,#882);
#793=LINE('',#1980,#883);
#794=VECTOR('',#1247,1.);
#795=VECTOR('',#1248,1.);
#796=VECTOR('',#1249,1.);
#797=VECTOR('',#1250,1.);
#798=VECTOR('',#1253,1.);
#799=VECTOR('',#1254,1.);
#800=VECTOR('',#1255,1.);
#801=VECTOR('',#1256,1.);
#802=VECTOR('',#1259,1.);
#803=VECTOR('',#1260,1.);
#804=VECTOR('',#1261,1.);
#805=VECTOR('',#1264,1.);
#806=VECTOR('',#1265,1.);
#807=VECTOR('',#1266,1.);
#808=VECTOR('',#1269,1.);
#809=VECTOR('',#1270,1.);
#810=VECTOR('',#1271,1.);
#811=VECTOR('',#1272,1.);
#812=VECTOR('',#1275,1.);
#813=VECTOR('',#1282,1.);
#814=VECTOR('',#1283,1.);
#815=VECTOR('',#1284,1.);
#816=VECTOR('',#1287,1.);
#817=VECTOR('',#1288,1.);
#818=VECTOR('',#1289,1.);
#819=VECTOR('',#1290,1.);
#820=VECTOR('',#1299,1.);
#821=VECTOR('',#1308,1.);
#822=VECTOR('',#1319,1.);
#823=VECTOR('',#1328,1.);
#824=VECTOR('',#1329,1.);
#825=VECTOR('',#1330,1.);
#826=VECTOR('',#1331,1.);
#827=VECTOR('',#1332,1.);
#828=VECTOR('',#1345,1.);
#829=VECTOR('',#1346,1.);
#830=VECTOR('',#1349,1.);
#831=VECTOR('',#1350,1.);
#832=VECTOR('',#1353,1.);
#833=VECTOR('',#1354,1.);
#834=VECTOR('',#1355,1.);
#835=VECTOR('',#1358,1.);
#836=VECTOR('',#1359,1.);
#837=VECTOR('',#1360,1.);
#838=VECTOR('',#1363,1.);
#839=VECTOR('',#1364,1.);
#840=VECTOR('',#1365,1.);
#841=VECTOR('',#1366,1.);
#842=VECTOR('',#1367,1.);
#843=VECTOR('',#1368,1.);
#844=VECTOR('',#1369,1.);
#845=VECTOR('',#1370,1.);
#846=VECTOR('',#1371,1.);
#847=VECTOR('',#1372,1.);
#848=VECTOR('',#1373,1.);
#849=VECTOR('',#1374,1.);
#850=VECTOR('',#1379,1.);
#851=VECTOR('',#1380,1.);
#852=VECTOR('',#1383,1.);
#853=VECTOR('',#1384,1.);
#854=VECTOR('',#1395,1.);
#855=VECTOR('',#1404,1.);
#856=VECTOR('',#1405,1.);
#857=VECTOR('',#1408,1.);
#858=VECTOR('',#1409,1.);
#859=VECTOR('',#1412,1.);
#860=VECTOR('',#1415,1.);
#861=VECTOR('',#1418,1.);
#862=VECTOR('',#1419,1.);
#863=VECTOR('',#1422,1.);
#864=VECTOR('',#1425,1.);
#865=VECTOR('',#1426,1.);
#866=VECTOR('',#1429,1.);
#867=VECTOR('',#1432,1.);
#868=VECTOR('',#1433,1.);
#869=VECTOR('',#1444,1.);
#870=VECTOR('',#1451,1.);
#871=VECTOR('',#1458,1.);
#872=VECTOR('',#1485,1.);
#873=VECTOR('',#1488,1.);
#874=VECTOR('',#1491,1.);
#875=VECTOR('',#1492,1.);
#876=VECTOR('',#1493,1.);
#877=VECTOR('',#1494,1.);
#878=VECTOR('',#1497,1.);
#879=VECTOR('',#1500,1.);
#880=VECTOR('',#1503,1.);
#881=VECTOR('',#1504,1.);
#882=VECTOR('',#1505,1.);
#883=VECTOR('',#1506,1.);
#884=EDGE_LOOP('',(#120,#121,#122,#123));
#885=EDGE_LOOP('',(#124,#125,#126,#127));
#886=EDGE_LOOP('',(#128,#129,#130,#131));
#887=EDGE_LOOP('',(#132,#133,#134,#135));
#888=EDGE_LOOP('',(#136,#137,#138,#139));
#889=EDGE_LOOP('',(#140,#141,#142,#143));
#890=EDGE_LOOP('',(#144,#145,#146,#147));
#891=EDGE_LOOP('',(#148,#149,#150,#151));
#892=EDGE_LOOP('',(#152,#153,#154,#155));
#893=EDGE_LOOP('',(#156,#157,#158,#159));
#894=EDGE_LOOP('',(#160,#161,#162,#163));
#895=EDGE_LOOP('',(#164,#165,#166,#167));
#896=EDGE_LOOP('',(#168,#169,#170,#171));
#897=EDGE_LOOP('',(#172));
#898=EDGE_LOOP('',(#173));
#899=EDGE_LOOP('',(#174,#175,#176,#177,#178,#179,#180,#181,#182,#183));
#900=EDGE_LOOP('',(#184,#185,#186,#187,#188,#189,#190,#191));
#901=EDGE_LOOP('',(#192));
#902=EDGE_LOOP('',(#193));
#903=EDGE_LOOP('',(#194));
#904=EDGE_LOOP('',(#195));
#905=EDGE_LOOP('',(#196,#197,#198,#199,#200,#201,#202));
#906=EDGE_LOOP('',(#203,#204,#205,#206,#207,#208,#209,#210,#211,#212,#213,
#214,#215,#216,#217,#218));
#907=EDGE_LOOP('',(#219));
#908=EDGE_LOOP('',(#220));
#909=EDGE_LOOP('',(#221,#222,#223,#224));
#910=EDGE_LOOP('',(#225,#226,#227,#228,#229,#230,#231));
#911=EDGE_LOOP('',(#232,#233,#234,#235));
#912=EDGE_LOOP('',(#236,#237,#238,#239,#240,#241));
#913=EDGE_LOOP('',(#242,#243,#244,#245,#246));
#914=EDGE_LOOP('',(#247,#248,#249,#250,#251,#252,#253));
#915=EDGE_LOOP('',(#254,#255));
#916=EDGE_LOOP('',(#256,#257));
#917=EDGE_LOOP('',(#258,#259,#260,#261,#262,#263));
#918=EDGE_LOOP('',(#264,#265,#266,#267,#268));
#919=EDGE_LOOP('',(#269,#270,#271,#272));
#920=EDGE_LOOP('',(#273,#274,#275,#276));
#921=EDGE_LOOP('',(#277,#278,#279,#280,#281,#282));
#922=EDGE_LOOP('',(#283,#284,#285,#286));
#923=EDGE_LOOP('',(#287,#288,#289,#290,#291,#292));
#924=EDGE_LOOP('',(#293,#294,#295,#296));
#925=EDGE_LOOP('',(#297,#298,#299,#300));
#926=EDGE_LOOP('',(#301,#302,#303,#304,#305,#306));
#927=EDGE_LOOP('',(#307,#308,#309,#310));
#928=EDGE_LOOP('',(#311,#312,#313,#314,#315,#316));
#929=EDGE_LOOP('',(#317,#318,#319,#320));
#930=EDGE_LOOP('',(#321,#322,#323,#324));
#931=EDGE_LOOP('',(#325,#326,#327,#328,#329));
#932=EDGE_LOOP('',(#330,#331,#332,#333));
#933=EDGE_LOOP('',(#334,#335,#336,#337));
#934=EDGE_LOOP('',(#338,#339,#340,#341));
#935=EDGE_LOOP('',(#342,#343,#344,#345));
#936=EDGE_LOOP('',(#346,#347,#348,#349));
#937=EDGE_LOOP('',(#350,#351,#352,#353));
#938=EDGE_LOOP('',(#354,#355,#356,#357,#358,#359,#360,#361));
#939=EDGE_LOOP('',(#362));
#940=EDGE_LOOP('',(#363,#364));
#941=EDGE_LOOP('',(#365,#366));
#942=EDGE_LOOP('',(#367,#368,#369,#370,#371,#372,#373,#374,#375,#376));
#943=EDGE_LOOP('',(#377));
#944=EDGE_LOOP('',(#378,#379));
#945=EDGE_LOOP('',(#380,#381));
#946=EDGE_LOOP('',(#382,#383,#384,#385));
#947=EDGE_LOOP('',(#386,#387,#388,#389,#390,#391,#392));
#948=EDGE_LOOP('',(#393,#394,#395,#396));
#949=EDGE_LOOP('',(#397,#398,#399,#400,#401,#402,#403));
#950=EDGE_LOOP('',(#404));
#951=EDGE_LOOP('',(#405,#406,#407));
#952=EDGE_LOOP('',(#408));
#953=EDGE_LOOP('',(#409,#410,#411));
#954=EDGE_LOOP('',(#412,#413,#414,#415));
#955=EDGE_LOOP('',(#416,#417,#418));
#956=EDGE_LOOP('',(#419,#420,#421));
#957=EDGE_LOOP('',(#422,#423,#424,#425));
#958=EDGE_LOOP('',(#426,#427,#428));
#959=EDGE_LOOP('',(#429,#430,#431));
#960=EDGE_LOOP('',(#432,#433,#434,#435));
#961=EDGE_LOOP('',(#436,#437,#438,#439));
#962=FACE_BOUND('',#884,.T.);
#963=FACE_BOUND('',#885,.T.);
#964=FACE_BOUND('',#886,.T.);
#965=FACE_BOUND('',#887,.T.);
#966=FACE_BOUND('',#888,.T.);
#967=FACE_BOUND('',#889,.T.);
#968=FACE_BOUND('',#890,.T.);
#969=FACE_BOUND('',#891,.T.);
#970=FACE_BOUND('',#892,.T.);
#971=FACE_BOUND('',#893,.T.);
#972=FACE_BOUND('',#894,.T.);
#973=FACE_BOUND('',#895,.T.);
#974=FACE_BOUND('',#896,.T.);
#975=FACE_BOUND('',#897,.T.);
#976=FACE_BOUND('',#898,.T.);
#977=FACE_BOUND('',#899,.T.);
#978=FACE_BOUND('',#900,.T.);
#979=FACE_BOUND('',#901,.T.);
#980=FACE_BOUND('',#902,.T.);
#981=FACE_BOUND('',#903,.T.);
#982=FACE_BOUND('',#904,.T.);
#983=FACE_BOUND('',#905,.T.);
#984=FACE_BOUND('',#906,.T.);
#985=FACE_BOUND('',#907,.T.);
#986=FACE_BOUND('',#908,.T.);
#987=FACE_BOUND('',#909,.T.);
#988=FACE_BOUND('',#910,.T.);
#989=FACE_BOUND('',#911,.T.);
#990=FACE_BOUND('',#912,.T.);
#991=FACE_BOUND('',#913,.T.);
#992=FACE_BOUND('',#914,.T.);
#993=FACE_BOUND('',#915,.T.);
#994=FACE_BOUND('',#916,.T.);
#995=FACE_BOUND('',#917,.T.);
#996=FACE_BOUND('',#918,.T.);
#997=FACE_BOUND('',#919,.T.);
#998=FACE_BOUND('',#920,.T.);
#999=FACE_BOUND('',#921,.T.);
#1000=FACE_BOUND('',#922,.T.);
#1001=FACE_BOUND('',#923,.T.);
#1002=FACE_BOUND('',#924,.T.);
#1003=FACE_BOUND('',#925,.T.);
#1004=FACE_BOUND('',#926,.T.);
#1005=FACE_BOUND('',#927,.T.);
#1006=FACE_BOUND('',#928,.T.);
#1007=FACE_BOUND('',#929,.T.);
#1008=FACE_BOUND('',#930,.T.);
#1009=FACE_BOUND('',#931,.T.);
#1010=FACE_BOUND('',#932,.T.);
#1011=FACE_BOUND('',#933,.T.);
#1012=FACE_BOUND('',#934,.T.);
#1013=FACE_BOUND('',#935,.T.);
#1014=FACE_BOUND('',#936,.T.);
#1015=FACE_BOUND('',#937,.T.);
#1016=FACE_BOUND('',#938,.T.);
#1017=FACE_BOUND('',#939,.T.);
#1018=FACE_BOUND('',#940,.T.);
#1019=FACE_BOUND('',#941,.T.);
#1020=FACE_BOUND('',#942,.T.);
#1021=FACE_BOUND('',#943,.T.);
#1022=FACE_BOUND('',#944,.T.);
#1023=FACE_BOUND('',#945,.T.);
#1024=FACE_BOUND('',#946,.T.);
#1025=FACE_BOUND('',#947,.T.);
#1026=FACE_BOUND('',#948,.T.);
#1027=FACE_BOUND('',#949,.T.);
#1028=FACE_BOUND('',#950,.T.);
#1029=FACE_BOUND('',#951,.T.);
#1030=FACE_BOUND('',#952,.T.);
#1031=FACE_BOUND('',#953,.T.);
#1032=FACE_BOUND('',#954,.T.);
#1033=FACE_BOUND('',#955,.T.);
#1034=FACE_BOUND('',#956,.T.);
#1035=FACE_BOUND('',#957,.T.);
#1036=FACE_BOUND('',#958,.T.);
#1037=FACE_BOUND('',#959,.T.);
#1038=FACE_BOUND('',#960,.T.);
#1039=FACE_BOUND('',#961,.T.);
#1040=PLANE('',#1149);
#1041=PLANE('',#1150);
#1042=PLANE('',#1151);
#1043=PLANE('',#1152);
#1044=PLANE('',#1153);
#1045=PLANE('',#1157);
#1046=PLANE('',#1158);
#1047=PLANE('',#1171);
#1048=PLANE('',#1175);
#1049=PLANE('',#1182);
#1050=PLANE('',#1183);
#1051=PLANE('',#1184);
#1052=PLANE('',#1185);
#1053=PLANE('',#1187);
#1054=PLANE('',#1188);
#1055=PLANE('',#1197);
#1056=PLANE('',#1198);
#1057=PLANE('',#1199);
#1058=PLANE('',#1200);
#1059=PLANE('',#1201);
#1060=PLANE('',#1202);
#1061=PLANE('',#1203);
#1062=PLANE('',#1204);
#1063=PLANE('',#1205);
#1064=PLANE('',#1206);
#1065=PLANE('',#1221);
#1066=PLANE('',#1222);
#1067=PLANE('',#1227);
#1068=PLANE('',#1228);
#1069=PLANE('',#1231);
#1070=PLANE('',#1234);
#1071=PLANE('',#1239);
#1072=PLANE('',#1240);
#1073=ADVANCED_FACE('',(#962),#1040,.T.);
#1074=ADVANCED_FACE('',(#963),#1041,.F.);
#1075=ADVANCED_FACE('',(#964),#1042,.F.);
#1076=ADVANCED_FACE('',(#965),#1043,.F.);
#1077=ADVANCED_FACE('',(#966),#1044,.T.);
#1078=ADVANCED_FACE('',(#967),#102,.T.);
#1079=ADVANCED_FACE('',(#968),#1045,.T.);
#1080=ADVANCED_FACE('',(#969),#1046,.T.);
#1081=ADVANCED_FACE('',(#970),#103,.T.);
#1082=ADVANCED_FACE('',(#971),#104,.T.);
#1083=ADVANCED_FACE('',(#972),#105,.T.);
#1084=ADVANCED_FACE('',(#973),#106,.T.);
#1085=ADVANCED_FACE('',(#974,#975,#976,#977),#1047,.F.);
#1086=ADVANCED_FACE('',(#978),#1048,.F.);
#1087=ADVANCED_FACE('',(#979,#980),#107,.F.);
#1088=ADVANCED_FACE('',(#981,#982),#108,.F.);
#1089=ADVANCED_FACE('',(#983),#109,.F.);
#1090=ADVANCED_FACE('',(#984),#1049,.T.);
#1091=ADVANCED_FACE('',(#985,#986,#987),#1050,.F.);
#1092=ADVANCED_FACE('',(#988),#1051,.F.);
#1093=ADVANCED_FACE('',(#989,#990,#991),#1052,.F.);
#1094=ADVANCED_FACE('',(#992),#1053,.F.);
#1095=ADVANCED_FACE('',(#993,#994,#995),#1054,.T.);
#1096=ADVANCED_FACE('',(#996),#110,.T.);
#1097=ADVANCED_FACE('',(#997),#111,.T.);
#1098=ADVANCED_FACE('',(#998),#1055,.F.);
#1099=ADVANCED_FACE('',(#999),#1056,.F.);
#1100=ADVANCED_FACE('',(#1000),#1057,.F.);
#1101=ADVANCED_FACE('',(#1001),#1058,.F.);
#1102=ADVANCED_FACE('',(#1002),#1059,.F.);
#1103=ADVANCED_FACE('',(#1003),#1060,.F.);
#1104=ADVANCED_FACE('',(#1004),#1061,.F.);
#1105=ADVANCED_FACE('',(#1005),#1062,.F.);
#1106=ADVANCED_FACE('',(#1006),#1063,.F.);
#1107=ADVANCED_FACE('',(#1007),#1064,.F.);
#1108=ADVANCED_FACE('',(#1008),#27,.T.);
#1109=ADVANCED_FACE('',(#1009),#112,.T.);
#1110=ADVANCED_FACE('',(#1010),#28,.T.);
#1111=ADVANCED_FACE('',(#1011),#113,.T.);
#1112=ADVANCED_FACE('',(#1012),#29,.T.);
#1113=ADVANCED_FACE('',(#1013),#114,.T.);
#1114=ADVANCED_FACE('',(#1014),#115,.F.);
#1115=ADVANCED_FACE('',(#1015),#26,.T.);
#1116=ADVANCED_FACE('',(#1016,#1017),#24,.F.);
#1117=ADVANCED_FACE('',(#1018),#1065,.T.);
#1118=ADVANCED_FACE('',(#1019),#1066,.T.);
#1119=ADVANCED_FACE('',(#1020,#1021),#25,.F.);
#1120=ADVANCED_FACE('',(#1022),#1067,.T.);
#1121=ADVANCED_FACE('',(#1023),#1068,.T.);
#1122=ADVANCED_FACE('',(#1024),#116,.F.);
#1123=ADVANCED_FACE('',(#1025),#1069,.F.);
#1124=ADVANCED_FACE('',(#1026),#117,.F.);
#1125=ADVANCED_FACE('',(#1027),#1070,.F.);
#1126=ADVANCED_FACE('',(#1028,#1029),#118,.F.);
#1127=ADVANCED_FACE('',(#1030,#1031),#119,.F.);
#1128=ADVANCED_FACE('',(#1032),#1071,.T.);
#1129=ADVANCED_FACE('',(#1033),#20,.F.);
#1130=ADVANCED_FACE('',(#1034),#21,.F.);
#1131=ADVANCED_FACE('',(#1035),#1072,.T.);
#1132=ADVANCED_FACE('',(#1036),#22,.F.);
#1133=ADVANCED_FACE('',(#1037),#23,.F.);
#1134=ADVANCED_FACE('',(#1038),#30,.T.);
#1135=ADVANCED_FACE('',(#1039),#31,.T.);
#1136=CLOSED_SHELL('',(#1073,#1074,#1075,#1076,#1077,#1078,#1079,#1080,
#1081,#1082,#1083,#1084,#1085,#1086,#1087,#1088,#1089,#1090,#1091,#1092,
#1093,#1094,#1095,#1096,#1097,#1098,#1099,#1100,#1101,#1102,#1103,#1104,
#1105,#1106,#1107,#1108,#1109,#1110,#1111,#1112,#1113,#1114,#1115,#1116,
#1117,#1118,#1119,#1120,#1121,#1122,#1123,#1124,#1125,#1126,#1127,#1128,
#1129,#1130,#1131,#1132,#1133,#1134,#1135));
#1137=STYLED_ITEM('',(#1138),#1145);
#1138=PRESENTATION_STYLE_ASSIGNMENT((#1139));
#1139=SURFACE_STYLE_USAGE(.BOTH.,#1140);
#1140=SURFACE_SIDE_STYLE('',(#1141));
#1141=SURFACE_STYLE_FILL_AREA(#1142);
#1142=FILL_AREA_STYLE('',(#1143));
#1143=FILL_AREA_STYLE_COLOUR('',#1144);
#1144=COLOUR_RGB('',0.745098039215686,0.745098039215686,0.745098039215686);
#1145=MANIFOLD_SOLID_BREP('KP0039-01_PivotPhotoInterupter',#1136);
#1146=SHAPE_DEFINITION_REPRESENTATION(#2197,#1147);
#1147=SHAPE_REPRESENTATION('KP0039-01_PivotPhotoInterupter',(#1148),#2192);
#1148=AXIS2_PLACEMENT_3D('',#1523,#1243,#1244);
#1149=AXIS2_PLACEMENT_3D('',#1524,#1245,#1246);
#1150=AXIS2_PLACEMENT_3D('',#1533,#1251,#1252);
#1151=AXIS2_PLACEMENT_3D('',#1542,#1257,#1258);
#1152=AXIS2_PLACEMENT_3D('',#1548,#1262,#1263);
#1153=AXIS2_PLACEMENT_3D('',#1554,#1267,#1268);
#1154=AXIS2_PLACEMENT_3D('',#1563,#1273,#1274);
#1155=AXIS2_PLACEMENT_3D('',#1567,#1276,#1277);
#1156=AXIS2_PLACEMENT_3D('',#1568,#1278,#1279);
#1157=AXIS2_PLACEMENT_3D('',#1569,#1280,#1281);
#1158=AXIS2_PLACEMENT_3D('',#1575,#1285,#1286);
#1159=AXIS2_PLACEMENT_3D('',#1584,#1291,#1292);
#1160=AXIS2_PLACEMENT_3D('',#1585,#1293,#1294);
#1161=AXIS2_PLACEMENT_3D('',#1586,#1295,#1296);
#1162=AXIS2_PLACEMENT_3D('',#1587,#1297,#1298);
#1163=AXIS2_PLACEMENT_3D('',#1591,#1300,#1301);
#1164=AXIS2_PLACEMENT_3D('',#1592,#1302,#1303);
#1165=AXIS2_PLACEMENT_3D('',#1593,#1304,#1305);
#1166=AXIS2_PLACEMENT_3D('',#1594,#1306,#1307);
#1167=AXIS2_PLACEMENT_3D('',#1598,#1309,#1310);
#1168=AXIS2_PLACEMENT_3D('',#1599,#1311,#1312);
#1169=AXIS2_PLACEMENT_3D('',#1600,#1313,#1314);
#1170=AXIS2_PLACEMENT_3D('',#1601,#1315,#1316);
#1171=AXIS2_PLACEMENT_3D('',#1602,#1317,#1318);
#1172=AXIS2_PLACEMENT_3D('',#1604,#1320,#1321);
#1173=AXIS2_PLACEMENT_3D('',#1606,#1322,#1323);
#1174=AXIS2_PLACEMENT_3D('',#1608,#1324,#1325);
#1175=AXIS2_PLACEMENT_3D('',#1609,#1326,#1327);
#1176=AXIS2_PLACEMENT_3D('',#1619,#1333,#1334);
#1177=AXIS2_PLACEMENT_3D('',#1620,#1335,#1336);
#1178=AXIS2_PLACEMENT_3D('',#1622,#1337,#1338);
#1179=AXIS2_PLACEMENT_3D('',#1623,#1339,#1340);
#1180=AXIS2_PLACEMENT_3D('',#1625,#1341,#1342);
#1181=AXIS2_PLACEMENT_3D('',#1633,#1343,#1344);
#1182=AXIS2_PLACEMENT_3D('',#1637,#1347,#1348);
#1183=AXIS2_PLACEMENT_3D('',#1640,#1351,#1352);
#1184=AXIS2_PLACEMENT_3D('',#1646,#1356,#1357);
#1185=AXIS2_PLACEMENT_3D('',#1652,#1361,#1362);
#1186=AXIS2_PLACEMENT_3D('',#1684,#1375,#1376);
#1187=AXIS2_PLACEMENT_3D('',#1685,#1377,#1378);
#1188=AXIS2_PLACEMENT_3D('',#1689,#1381,#1382);
#1189=AXIS2_PLACEMENT_3D('',#1734,#1385,#1386);
#1190=AXIS2_PLACEMENT_3D('',#1736,#1387,#1388);
#1191=AXIS2_PLACEMENT_3D('',#1738,#1389,#1390);
#1192=AXIS2_PLACEMENT_3D('',#1739,#1391,#1392);
#1193=AXIS2_PLACEMENT_3D('',#1740,#1393,#1394);
#1194=AXIS2_PLACEMENT_3D('',#1744,#1396,#1397);
#1195=AXIS2_PLACEMENT_3D('',#1745,#1398,#1399);
#1196=AXIS2_PLACEMENT_3D('',#1746,#1400,#1401);
#1197=AXIS2_PLACEMENT_3D('',#1747,#1402,#1403);
#1198=AXIS2_PLACEMENT_3D('',#1756,#1406,#1407);
#1199=AXIS2_PLACEMENT_3D('',#1770,#1410,#1411);
#1200=AXIS2_PLACEMENT_3D('',#1777,#1413,#1414);
#1201=AXIS2_PLACEMENT_3D('',#1789,#1416,#1417);
#1202=AXIS2_PLACEMENT_3D('',#1798,#1420,#1421);
#1203=AXIS2_PLACEMENT_3D('',#1805,#1423,#1424);
#1204=AXIS2_PLACEMENT_3D('',#1819,#1427,#1428);
#1205=AXIS2_PLACEMENT_3D('',#1826,#1430,#1431);
#1206=AXIS2_PLACEMENT_3D('',#1840,#1434,#1435);
#1207=AXIS2_PLACEMENT_3D('',#1845,#1436,#1437);
#1208=AXIS2_PLACEMENT_3D('',#1846,#1438,#1439);
#1209=AXIS2_PLACEMENT_3D('',#1858,#1440,#1441);
#1210=AXIS2_PLACEMENT_3D('',#1859,#1442,#1443);
#1211=AXIS2_PLACEMENT_3D('',#1861,#1445,#1446);
#1212=AXIS2_PLACEMENT_3D('',#1862,#1447,#1448);
#1213=AXIS2_PLACEMENT_3D('',#1875,#1449,#1450);
#1214=AXIS2_PLACEMENT_3D('',#1877,#1452,#1453);
#1215=AXIS2_PLACEMENT_3D('',#1878,#1454,#1455);
#1216=AXIS2_PLACEMENT_3D('',#1891,#1456,#1457);
#1217=AXIS2_PLACEMENT_3D('',#1893,#1459,#1460);
#1218=AXIS2_PLACEMENT_3D('',#1894,#1461,#1462);
#1219=AXIS2_PLACEMENT_3D('',#1895,#1463,#1464);
#1220=AXIS2_PLACEMENT_3D('',#1942,#1465,#1466);
#1221=AXIS2_PLACEMENT_3D('',#1944,#1467,#1468);
#1222=AXIS2_PLACEMENT_3D('',#1945,#1469,#1470);
#1223=AXIS2_PLACEMENT_3D('',#1946,#1471,#1472);
#1224=AXIS2_PLACEMENT_3D('',#1947,#1473,#1474);
#1225=AXIS2_PLACEMENT_3D('',#1948,#1475,#1476);
#1226=AXIS2_PLACEMENT_3D('',#1949,#1477,#1478);
#1227=AXIS2_PLACEMENT_3D('',#1951,#1479,#1480);
#1228=AXIS2_PLACEMENT_3D('',#1952,#1481,#1482);
#1229=AXIS2_PLACEMENT_3D('',#1953,#1483,#1484);
#1230=AXIS2_PLACEMENT_3D('',#1956,#1486,#1487);
#1231=AXIS2_PLACEMENT_3D('',#1959,#1489,#1490);
#1232=AXIS2_PLACEMENT_3D('',#1967,#1495,#1496);
#1233=AXIS2_PLACEMENT_3D('',#1970,#1498,#1499);
#1234=AXIS2_PLACEMENT_3D('',#1973,#1501,#1502);
#1235=AXIS2_PLACEMENT_3D('',#1981,#1507,#1508);
#1236=AXIS2_PLACEMENT_3D('',#1982,#1509,#1510);
#1237=AXIS2_PLACEMENT_3D('',#2003,#1511,#1512);
#1238=AXIS2_PLACEMENT_3D('',#2004,#1513,#1514);
#1239=AXIS2_PLACEMENT_3D('',#2025,#1515,#1516);
#1240=AXIS2_PLACEMENT_3D('',#2107,#1517,#1518);
#1241=AXIS2_PLACEMENT_3D('',#2189,#1519,#1520);
#1242=AXIS2_PLACEMENT_3D('',#2190,#1521,#1522);
#1243=DIRECTION('',(0.,0.,1.));
#1244=DIRECTION('',(1.,0.,0.));
#1245=DIRECTION('',(-1.,0.,5.42550212812406E-17));
#1246=DIRECTION('',(-5.42550212812406E-17,0.,-1.));
#1247=DIRECTION('',(-5.09583317389527E-61,-1.70600427670296E-31,1.));
#1248=DIRECTION('',(0.,-1.,0.));
#1249=DIRECTION('',(-5.42550212812406E-17,0.,-1.));
#1250=DIRECTION('',(0.,1.,0.));
#1251=DIRECTION('',(7.46049430632006E-15,0.,1.));
#1252=DIRECTION('',(-1.,0.,7.46049430632006E-15));
#1253=DIRECTION('',(0.,-1.,0.));
#1254=DIRECTION('',(-1.,0.,7.46049430632006E-15));
#1255=DIRECTION('',(0.,-1.,0.));
#1256=DIRECTION('',(1.,0.,0.));
#1257=DIRECTION('',(1.,0.,-6.57231588661994E-15));
#1258=DIRECTION('',(6.57231588661994E-15,0.,1.));
#1259=DIRECTION('',(-6.57231588661994E-15,1.70600427670315E-31,-1.));
#1260=DIRECTION('',(0.,0.,1.));
#1261=DIRECTION('',(0.,-1.,0.));
#1262=DIRECTION('',(-5.6841374669198E-15,0.,-1.));
#1263=DIRECTION('',(1.,0.,-5.6841374669198E-15));
#1264=DIRECTION('',(-1.,2.98699906177464E-30,5.6841374669198E-15));
#1265=DIRECTION('',(1.,0.,0.));
#1266=DIRECTION('',(0.,-1.,0.));
#1267=DIRECTION('',(-1.,0.,3.55066948719057E-16));
#1268=DIRECTION('',(-3.55066948719057E-16,0.,-1.));
#1269=DIRECTION('',(0.,-1.,0.));
#1270=DIRECTION('',(-3.55066948719057E-16,0.,-1.));
#1271=DIRECTION('',(0.,-1.,0.));
#1272=DIRECTION('',(0.,0.,1.));
#1273=DIRECTION('',(0.,-1.,0.));
#1274=DIRECTION('',(1.,0.,0.));
#1275=DIRECTION('',(0.,-1.,0.));
#1276=DIRECTION('',(-2.98699906177464E-30,-1.,-1.70600427670296E-31));
#1277=DIRECTION('',(1.,-2.98699906177464E-30,0.));
#1278=DIRECTION('',(0.,-1.,0.));
#1279=DIRECTION('',(1.,0.,0.));
#1280=DIRECTION('',(-3.55066948719057E-16,0.,-1.));
#1281=DIRECTION('',(1.,0.,-3.55066948719057E-16));
#1282=DIRECTION('',(0.,1.,0.));
#1283=DIRECTION('',(-1.,2.98699906177464E-30,3.55066948719057E-16));
#1284=DIRECTION('',(1.,0.,0.));
#1285=DIRECTION('',(3.55066948719057E-16,0.,1.));
#1286=DIRECTION('',(-1.,0.,3.55066948719057E-16));
#1287=DIRECTION('',(0.,-1.,0.));
#1288=DIRECTION('',(1.,-2.98699906177464E-30,-3.55066948719057E-16));
#1289=DIRECTION('',(0.,-1.,0.));
#1290=DIRECTION('',(1.,0.,0.));
#1291=DIRECTION('',(0.,-1.,0.));
#1292=DIRECTION('',(1.,0.,0.));
#1293=DIRECTION('',(-2.98699906177464E-30,-1.,-1.70600427670296E-31));
#1294=DIRECTION('',(1.,-2.98699906177464E-30,0.));
#1295=DIRECTION('',(0.,-1.,0.));
#1296=DIRECTION('',(1.,0.,0.));
#1297=DIRECTION('',(0.,1.,0.));
#1298=DIRECTION('',(-1.,0.,0.));
#1299=DIRECTION('',(0.,-1.,0.));
#1300=DIRECTION('',(-2.98699906177464E-30,-1.,-1.70600427670296E-31));
#1301=DIRECTION('',(1.,-2.98699906177464E-30,0.));
#1302=DIRECTION('',(0.,1.,0.));
#1303=DIRECTION('',(-1.,0.,0.));
#1304=DIRECTION('',(0.,-1.,0.));
#1305=DIRECTION('',(1.,0.,0.));
#1306=DIRECTION('',(-2.98699906177464E-30,-1.,-1.70600427670296E-31));
#1307=DIRECTION('',(1.,-2.98699906177464E-30,0.));
#1308=DIRECTION('',(0.,-1.,0.));
#1309=DIRECTION('',(0.,-1.,0.));
#1310=DIRECTION('',(1.,0.,0.));
#1311=DIRECTION('',(0.,-1.,0.));
#1312=DIRECTION('',(1.,0.,0.));
#1313=DIRECTION('',(-2.98699906177464E-30,-1.,-1.70600427670296E-31));
#1314=DIRECTION('',(1.,-2.98699906177464E-30,0.));
#1315=DIRECTION('',(0.,-1.,0.));
#1316=DIRECTION('',(1.,0.,0.));
#1317=DIRECTION('',(0.,-1.,0.));
#1318=DIRECTION('',(1.,0.,0.));
#1319=DIRECTION('',(0.,0.,1.));
#1320=DIRECTION('',(0.,1.,0.));
#1321=DIRECTION('',(-1.,0.,0.));
#1322=DIRECTION('',(0.,1.,0.));
#1323=DIRECTION('',(-1.,0.,0.));
#1324=DIRECTION('',(0.,1.,0.));
#1325=DIRECTION('',(-1.,0.,0.));
#1326=DIRECTION('',(-1.,0.,7.23844970139503E-15));
#1327=DIRECTION('',(-7.23844970139503E-15,0.,-1.));
#1328=DIRECTION('',(0.,-1.,0.));
#1329=DIRECTION('',(-7.23844970139503E-15,0.,-1.));
#1330=DIRECTION('',(7.23844970139503E-15,-1.70600427670318E-31,1.));
#1331=DIRECTION('',(0.,-1.,0.));
#1332=DIRECTION('',(-7.23844970139503E-15,0.,-1.));
#1333=DIRECTION('',(0.,1.,0.));
#1334=DIRECTION('',(-1.,0.,0.));
#1335=DIRECTION('',(-0.707106781186547,0.707106781186548,0.));
#1336=DIRECTION('',(0.707106781186548,0.707106781186547,0.));
#1337=DIRECTION('',(0.,1.,0.));
#1338=DIRECTION('',(-1.,0.,0.));
#1339=DIRECTION('',(-0.707106781186547,0.707106781186548,0.));
#1340=DIRECTION('',(0.707106781186548,0.707106781186547,0.));
#1341=DIRECTION('',(0.,1.,0.));
#1342=DIRECTION('',(-1.,0.,0.));
#1343=DIRECTION('',(0.,1.,0.));
#1344=DIRECTION('',(-1.,0.,0.));
#1345=DIRECTION('',(0.,1.,0.));
#1346=DIRECTION('',(0.,1.,0.));
#1347=DIRECTION('',(-2.98699906177464E-30,-1.,-1.70600427670296E-31));
#1348=DIRECTION('',(1.,-2.98699906177464E-30,0.));
#1349=DIRECTION('',(1.,-2.98699906177464E-30,0.));
#1350=DIRECTION('',(1.,-2.98699906177464E-30,0.));
#1351=DIRECTION('',(-0.707106781186547,0.707106781186548,0.));
#1352=DIRECTION('',(-0.707106781186548,-0.707106781186547,0.));
#1353=DIRECTION('',(-0.707106781186548,-0.707106781186547,0.));
#1354=DIRECTION('',(0.,0.,1.));
#1355=DIRECTION('',(-0.707106781186548,-0.707106781186547,0.));
#1356=DIRECTION('',(0.,0.,1.));
#1357=DIRECTION('',(0.,-1.,0.));
#1358=DIRECTION('',(1.,0.,0.));
#1359=DIRECTION('',(0.,-1.,0.));
#1360=DIRECTION('',(1.,0.,0.));
#1361=DIRECTION('',(0.,-1.,0.));
#1362=DIRECTION('',(1.,0.,0.));
#1363=DIRECTION('',(1.,0.,0.));
#1364=DIRECTION('',(0.,0.,1.));
#1365=DIRECTION('',(1.,0.,0.));
#1366=DIRECTION('',(0.,0.,1.));
#1367=DIRECTION('',(-0.175518389479067,0.,0.98447615255763));
#1368=DIRECTION('',(-0.984476152537329,0.,-0.175518389592939));
#1369=DIRECTION('',(0.150209058533877,0.,-0.988654256418474));
#1370=DIRECTION('',(0.984476152631686,0.,0.175518389063693));
#1371=DIRECTION('',(-0.175518389476906,0.,0.984476152558016));
#1372=DIRECTION('',(0.988654252655317,0.,0.150209083302433));
#1373=DIRECTION('',(1.,0.,0.));
#1374=DIRECTION('',(1.,0.,0.));
#1375=DIRECTION('',(0.,1.,0.));
#1376=DIRECTION('',(-1.,0.,0.));
#1377=DIRECTION('',(0.,0.,-1.));
#1378=DIRECTION('',(0.,1.,0.));
#1379=DIRECTION('',(0.,1.,0.));
#1380=DIRECTION('',(1.,0.,0.));
#1381=DIRECTION('',(0.,-1.,0.));
#1382=DIRECTION('',(1.,0.,0.));
#1383=DIRECTION('',(1.,0.,0.));
#1384=DIRECTION('',(1.,0.,0.));
#1385=DIRECTION('',(0.,-1.,0.));
#1386=DIRECTION('',(1.,0.,0.));
#1387=DIRECTION('',(0.,1.,0.));
#1388=DIRECTION('',(-1.,0.,0.));
#1389=DIRECTION('',(0.,-1.,0.));
#1390=DIRECTION('',(1.,0.,0.));
#1391=DIRECTION('',(0.,-1.,0.));
#1392=DIRECTION('',(1.,0.,0.));
#1393=DIRECTION('',(0.,-1.,0.));
#1394=DIRECTION('',(1.,0.,0.));
#1395=DIRECTION('',(0.,-1.,0.));
#1396=DIRECTION('',(0.,-1.,0.));
#1397=DIRECTION('',(1.,0.,0.));
#1398=DIRECTION('',(-1.,0.,0.));
#1399=DIRECTION('',(0.,-1.,0.));
#1400=DIRECTION('',(-1.,0.,0.));
#1401=DIRECTION('',(0.,-1.,0.));
#1402=DIRECTION('',(1.,0.,0.));
#1403=DIRECTION('',(0.,1.,0.));
#1404=DIRECTION('',(0.,1.,0.));
#1405=DIRECTION('',(0.,1.,0.));
#1406=DIRECTION('',(0.,0.,1.));
#1407=DIRECTION('',(0.,-1.,0.));
#1408=DIRECTION('',(0.,-1.,0.));
#1409=DIRECTION('',(1.,0.,0.));
#1410=DIRECTION('',(-1.,0.,0.));
#1411=DIRECTION('',(0.,-1.,0.));
#1412=DIRECTION('',(0.,-1.,0.));
#1413=DIRECTION('',(0.,0.,-1.));
#1414=DIRECTION('',(0.,1.,0.));
#1415=DIRECTION('',(1.,0.,0.));
#1416=DIRECTION('',(-0.150209083302279,0.,0.98865425265534));
#1417=DIRECTION('',(-0.98865425265534,0.,-0.150209083302279));
#1418=DIRECTION('',(0.,-1.,0.));
#1419=DIRECTION('',(0.,-1.,0.));
#1420=DIRECTION('',(-0.98447615255763,0.,-0.175518389479068));
#1421=DIRECTION('',(0.175518389479068,0.,-0.98447615255763));
#1422=DIRECTION('',(0.,-1.,0.));
#1423=DIRECTION('',(0.175518389592937,0.,-0.984476152537329));
#1424=DIRECTION('',(0.984476152537329,0.,0.175518389592937));
#1425=DIRECTION('',(0.,-1.,0.));
#1426=DIRECTION('',(0.984476152537329,0.,0.175518389592937));
#1427=DIRECTION('',(0.988654256418482,0.,0.150209058533824));
#1428=DIRECTION('',(-0.150209058533824,0.,0.988654256418482));
#1429=DIRECTION('',(0.,-1.,0.));
#1430=DIRECTION('',(-0.175518389063686,0.,0.984476152631687));
#1431=DIRECTION('',(-0.984476152631687,0.,-0.175518389063686));
#1432=DIRECTION('',(0.,-1.,0.));
#1433=DIRECTION('',(-0.984476152631687,0.,-0.175518389063686));
#1434=DIRECTION('',(-0.98447615255762,0.,-0.175518389479127));
#1435=DIRECTION('',(0.175518389479127,0.,-0.98447615255762));
#1436=DIRECTION('',(0.,-1.,0.));
#1437=DIRECTION('',(1.,0.,0.));
#1438=DIRECTION('',(0.,-1.,0.));
#1439=DIRECTION('',(1.,0.,0.));
#1440=DIRECTION('',(0.140170940170941,0.,0.990127318849245));
#1441=DIRECTION('',(0.990127318849245,0.,-0.140170940170941));
#1442=DIRECTION('',(0.,1.,0.));
#1443=DIRECTION('',(-1.,0.,0.));
#1444=DIRECTION('',(0.,1.,0.));
#1445=DIRECTION('',(0.,1.,0.));
#1446=DIRECTION('',(-1.,0.,0.));
#1447=DIRECTION('',(0.,1.,0.));
#1448=DIRECTION('',(-1.,0.,0.));
#1449=DIRECTION('',(1.,0.,0.));
#1450=DIRECTION('',(0.,1.,0.));
#1451=DIRECTION('',(1.,0.,0.));
#1452=DIRECTION('',(0.,1.,0.));
#1453=DIRECTION('',(-1.,0.,0.));
#1454=DIRECTION('',(0.,1.,0.));
#1455=DIRECTION('',(-1.,0.,0.));
#1456=DIRECTION('',(1.,0.,0.));
#1457=DIRECTION('',(0.,1.,0.));
#1458=DIRECTION('',(1.,0.,0.));
#1459=DIRECTION('',(0.,-1.,0.));
#1460=DIRECTION('',(1.,0.,0.));
#1461=DIRECTION('',(1.,0.,0.));
#1462=DIRECTION('',(0.,0.,-1.));
#1463=DIRECTION('',(0.,-1.,0.));
#1464=DIRECTION('',(1.,0.,0.));
#1465=DIRECTION('',(0.,-1.,0.));
#1466=DIRECTION('',(1.,0.,0.));
#1467=DIRECTION('',(0.,-1.,0.));
#1468=DIRECTION('',(1.,0.,0.));
#1469=DIRECTION('',(0.,-1.,0.));
#1470=DIRECTION('',(1.,0.,0.));
#1471=DIRECTION('',(0.,-1.,0.));
#1472=DIRECTION('',(1.,0.,0.));
#1473=DIRECTION('',(0.,-1.,0.));
#1474=DIRECTION('',(1.,0.,0.));
#1475=DIRECTION('',(0.,-1.,0.));
#1476=DIRECTION('',(1.,0.,0.));
#1477=DIRECTION('',(0.,-1.,0.));
#1478=DIRECTION('',(1.,0.,0.));
#1479=DIRECTION('',(0.,-1.,0.));
#1480=DIRECTION('',(1.,0.,0.));
#1481=DIRECTION('',(0.,-1.,0.));
#1482=DIRECTION('',(1.,0.,0.));
#1483=DIRECTION('',(0.,1.,0.));
#1484=DIRECTION('',(-1.,0.,0.));
#1485=DIRECTION('',(0.,1.,0.));
#1486=DIRECTION('',(0.,1.,0.));
#1487=DIRECTION('',(-1.,0.,0.));
#1488=DIRECTION('',(0.,1.,0.));
#1489=DIRECTION('',(0.,0.,1.));
#1490=DIRECTION('',(0.,-1.,0.));
#1491=DIRECTION('',(1.,0.,0.));
#1492=DIRECTION('',(1.,0.,0.));
#1493=DIRECTION('',(1.,0.,0.));
#1494=DIRECTION('',(1.,0.,0.));
#1495=DIRECTION('',(0.,1.,0.));
#1496=DIRECTION('',(-1.,0.,0.));
#1497=DIRECTION('',(0.,1.,0.));
#1498=DIRECTION('',(0.,1.,0.));
#1499=DIRECTION('',(-1.,0.,0.));
#1500=DIRECTION('',(0.,1.,0.));
#1501=DIRECTION('',(0.,0.,1.));
#1502=DIRECTION('',(0.,-1.,0.));
#1503=DIRECTION('',(1.,0.,0.));
#1504=DIRECTION('',(1.,0.,0.));
#1505=DIRECTION('',(1.,0.,0.));
#1506=DIRECTION('',(1.,0.,0.));
#1507=DIRECTION('',(0.,-1.,0.));
#1508=DIRECTION('',(1.,0.,0.));
#1509=DIRECTION('',(0.,-1.,0.));
#1510=DIRECTION('',(1.,0.,0.));
#1511=DIRECTION('',(0.,-1.,0.));
#1512=DIRECTION('',(1.,0.,0.));
#1513=DIRECTION('',(0.,-1.,0.));
#1514=DIRECTION('',(1.,0.,0.));
#1515=DIRECTION('',(0.,-1.,0.));
#1516=DIRECTION('',(1.,0.,0.));
#1517=DIRECTION('',(0.,-1.,0.));
#1518=DIRECTION('',(1.,0.,0.));
#1519=DIRECTION('',(0.,-1.,0.));
#1520=DIRECTION('',(1.,0.,0.));
#1521=DIRECTION('',(0.,-1.,0.));
#1522=DIRECTION('',(1.,0.,0.));
#1523=CARTESIAN_POINT('',(0.,0.,0.));
#1524=CARTESIAN_POINT('',(0.032496991187604,0.0035,0.00999727781712538));
#1525=CARTESIAN_POINT('',(0.032496991187604,0.0015,0.00015440250366173));
#1526=CARTESIAN_POINT('',(0.032496991187604,0.0015,0.011688032482612));
#1527=CARTESIAN_POINT('',(0.032496991187604,0.0015,0.00999727781712538));
#1528=CARTESIAN_POINT('',(0.032496991187604,0.0035,0.011688032482612));
#1529=CARTESIAN_POINT('',(0.032496991187604,0.0035,0.011688032482612));
#1530=CARTESIAN_POINT('',(0.032496991187604,0.0035,0.00999727781712538));
#1531=CARTESIAN_POINT('',(0.032496991187604,0.0035,0.0099972778171254));
#1532=CARTESIAN_POINT('',(0.032496991187604,0.0005,0.00999727781712538));
#1533=CARTESIAN_POINT('',(0.0365,0.0035,0.01));
#1534=CARTESIAN_POINT('',(0.0415,0.0035,0.01));
#1535=CARTESIAN_POINT('',(0.0415,0.0035,0.01));
#1536=CARTESIAN_POINT('',(0.0415,0.0015,0.01));
#1537=CARTESIAN_POINT('',(0.0365,0.0015,0.01));
#1538=CARTESIAN_POINT('',(0.0365,0.0015,0.01));
#1539=CARTESIAN_POINT('',(0.0365,0.0035,0.01));
#1540=CARTESIAN_POINT('',(0.0365,0.0035,0.01));
#1541=CARTESIAN_POINT('',(0.0350000215602261,0.0035,0.01));
#1542=CARTESIAN_POINT('',(0.0415,0.0035,0.01));
#1543=CARTESIAN_POINT('',(0.0415,0.0015,0.01));
#1544=CARTESIAN_POINT('',(0.0415,0.0015,-0.01));
#1545=CARTESIAN_POINT('',(0.0415,0.0035,0.0024971670218616));
#1546=CARTESIAN_POINT('',(0.0415,0.0035,-0.01));
#1547=CARTESIAN_POINT('',(0.0415,0.0035,-0.01));
#1548=CARTESIAN_POINT('',(0.0415,0.0035,-0.01));
#1549=CARTESIAN_POINT('',(0.0415,0.0015,-0.01));
#1550=CARTESIAN_POINT('',(0.0365,0.0015,-0.01));
#1551=CARTESIAN_POINT('',(0.0350000215602261,0.0035,-0.01));
#1552=CARTESIAN_POINT('',(0.0365,0.0035,-0.01));
#1553=CARTESIAN_POINT('',(0.0365,0.0035,-0.01));
#1554=CARTESIAN_POINT('',(0.0336153238865848,0.0035,-0.013803924778135));
#1555=CARTESIAN_POINT('',(0.0336153238865848,0.0035,-0.011803924778135));
#1556=CARTESIAN_POINT('',(0.0336153238865848,0.0015,-0.011803924778135));
#1557=CARTESIAN_POINT('',(0.0336153238865848,0.0035,-0.011803924778135));
#1558=CARTESIAN_POINT('',(0.0336153238865848,0.0015,-0.013803924778135));
#1559=CARTESIAN_POINT('',(0.0336153238865848,0.0015,-0.0051));
#1560=CARTESIAN_POINT('',(0.0336153238865848,0.0035,-0.0051));
#1561=CARTESIAN_POINT('',(0.0336153238865848,0.0035,-0.00510000000000009));
#1562=CARTESIAN_POINT('',(0.0336153238865848,0.0035,0.0024971670218616));
#1563=CARTESIAN_POINT('',(0.0356153238865848,0.0035,-0.011803924778135));
#1564=CARTESIAN_POINT('',(0.0356153238865848,0.0035,-0.013803924778135));
#1565=CARTESIAN_POINT('',(0.0356153238865848,0.0015,-0.013803924778135));
#1566=CARTESIAN_POINT('',(0.0356153238865848,0.0035,-0.013803924778135));
#1567=CARTESIAN_POINT('',(0.0356153238865848,0.0015,-0.011803924778135));
#1568=CARTESIAN_POINT('',(0.0356153238865848,0.0035,-0.011803924778135));
#1569=CARTESIAN_POINT('',(0.0440336885701222,0.0035,-0.013803924778135));
#1570=CARTESIAN_POINT('',(0.0427125132403443,0.0035,-0.013803924778135));
#1571=CARTESIAN_POINT('',(0.0427125132403443,0.0015,-0.013803924778135));
#1572=CARTESIAN_POINT('',(0.0427125132403443,0.0035,-0.013803924778135));
#1573=CARTESIAN_POINT('',(0.0440336885701222,0.0015,-0.013803924778135));
#1574=CARTESIAN_POINT('',(0.0350000215602261,0.0035,-0.013803924778135));
#1575=CARTESIAN_POINT('',(0.032496991187604,0.0035,0.013688032482612));
#1576=CARTESIAN_POINT('',(0.034496991187604,0.0035,0.013688032482612));
#1577=CARTESIAN_POINT('',(0.034496991187604,0.0015,0.013688032482612));
#1578=CARTESIAN_POINT('',(0.034496991187604,0.0035,0.013688032482612));
#1579=CARTESIAN_POINT('',(0.032496991187604,0.0015,0.013688032482612));
#1580=CARTESIAN_POINT('',(0.0428572323804361,0.0015,0.013688032482612));
#1581=CARTESIAN_POINT('',(0.0428572323804361,0.0035,0.013688032482612));
#1582=CARTESIAN_POINT('',(0.0428572323804361,0.0035,0.013688032482612));
#1583=CARTESIAN_POINT('',(0.0350000215602261,0.0035,0.013688032482612));
#1584=CARTESIAN_POINT('',(0.034496991187604,0.0035,0.011688032482612));
#1585=CARTESIAN_POINT('',(0.034496991187604,0.0015,0.011688032482612));
#1586=CARTESIAN_POINT('',(0.034496991187604,0.0035,0.011688032482612));
#1587=CARTESIAN_POINT('',(0.0427125132403443,0.0035,-0.011803924778135));
#1588=CARTESIAN_POINT('',(0.0440336885701222,0.0035,-0.0133054226129607));
#1589=CARTESIAN_POINT('',(0.0440336885701222,0.0015,-0.0133054226129607));
#1590=CARTESIAN_POINT('',(0.0440336885701222,0.0035,-0.0133054226129607));
#1591=CARTESIAN_POINT('',(0.0427125132403443,0.0015,-0.011803924778135));
#1592=CARTESIAN_POINT('',(0.0427125132403443,0.0035,-0.011803924778135));
#1593=CARTESIAN_POINT('',(0.0428572323804361,0.0035,0.011688032482612));
#1594=CARTESIAN_POINT('',(0.0428572323804361,0.0015,0.011688032482612));
#1595=CARTESIAN_POINT('',(0.0440336885701222,0.0015,0.0133054226129606));
#1596=CARTESIAN_POINT('',(0.0440336885701222,0.0035,0.0133054226129607));
#1597=CARTESIAN_POINT('',(0.0440336885701222,0.0035,0.0133054226129606));
#1598=CARTESIAN_POINT('',(0.0428572323804361,0.0035,0.011688032482612));
#1599=CARTESIAN_POINT('',(0.,0.0035,0.));
#1600=CARTESIAN_POINT('',(0.,0.0015,0.));
#1601=CARTESIAN_POINT('',(0.,0.0035,0.));
#1602=CARTESIAN_POINT('',(0.0350000215602261,0.0035,0.0024971670218616));
#1603=CARTESIAN_POINT('',(0.0365,0.0035,0.0024971670218616));
#1604=CARTESIAN_POINT('',(0.0349487757987783,0.0035,0.00623161858321985));
#1605=CARTESIAN_POINT('',(0.0342502757987783,0.0035,0.00623161858321985));
#1606=CARTESIAN_POINT('',(0.0355,0.0035,0.));
#1607=CARTESIAN_POINT('',(0.0348015,0.0035,0.));
#1608=CARTESIAN_POINT('',(0.,0.0035,0.));
#1609=CARTESIAN_POINT('',(0.0365,0.0035,-0.01));
#1610=CARTESIAN_POINT('',(0.0365,0.0035,-0.0051));
#1611=CARTESIAN_POINT('',(0.0365,0.0015,-0.0051));
#1612=CARTESIAN_POINT('',(0.0365,-0.00173988246074499,-0.0051));
#1613=CARTESIAN_POINT('',(0.0365,0.0015,-0.01));
#1614=CARTESIAN_POINT('',(0.0365,0.0015,-0.01));
#1615=CARTESIAN_POINT('',(0.0365,0.0015,0.00999727781712538));
#1616=CARTESIAN_POINT('',(0.0365,0.0434034241426177,0.00999727781712538));
#1617=CARTESIAN_POINT('',(0.0365,-0.00173988246074496,0.00999727781712538));
#1618=CARTESIAN_POINT('',(0.0365,-0.00173988246074502,-0.01));
#1619=CARTESIAN_POINT('',(0.0349487757987783,-0.005,0.00623161858321985));
#1620=CARTESIAN_POINT('',(0.0349487757987783,-0.0032911066619667,0.00623161858321985));
#1621=CARTESIAN_POINT('',(0.0356472757987783,-0.0025926066619667,0.00623161858321985));
#1622=CARTESIAN_POINT('',(0.0355,-0.005,0.));
#1623=CARTESIAN_POINT('',(0.0355,-0.002739882460745,0.));
#1624=CARTESIAN_POINT('',(0.0361985,-0.002041382460745,0.));
#1625=CARTESIAN_POINT('',(0.,0.0005,0.));
#1626=CARTESIAN_POINT('',(0.033751888836034,0.0005,-0.0041));
#1627=CARTESIAN_POINT('',(0.0337198970675291,0.0005,-0.00436336161323078));
#1628=CARTESIAN_POINT('',(0.0336497792905759,0.000284857467105317,-0.00487920025979065));
#1629=CARTESIAN_POINT('',(0.0336153238865848,-0.000234638486241708,-0.0051));
#1630=CARTESIAN_POINT('',(0.0336153238865848,-0.0005,-0.0051));
#1631=CARTESIAN_POINT('',(0.033751888836034,0.0005,-0.0041));
#1632=CARTESIAN_POINT('',(0.0336153238865848,-0.0005,-0.0051));
#1633=CARTESIAN_POINT('',(0.,0.0005,0.));
#1634=CARTESIAN_POINT('',(0.032496991187604,0.0005,0.00999727781712538));
#1635=CARTESIAN_POINT('',(0.032496991187604,-0.005,0.00999727781712538));
#1636=CARTESIAN_POINT('',(0.0336153238865848,0.0005,-0.0051));
#1637=CARTESIAN_POINT('',(0.0386661763211645,0.0015,0.00015440250366173));
#1638=CARTESIAN_POINT('',(0.0386661763211645,0.0015,0.00999727781712538));
#1639=CARTESIAN_POINT('',(0.0386661763211645,0.0015,-0.0051));
#1640=CARTESIAN_POINT('',(0.037489882460745,-0.00075,0.00999727781712538));
#1641=CARTESIAN_POINT('',(0.037489882460745,-0.00075,0.00999727781712538));
#1642=CARTESIAN_POINT('',(0.033239882460745,-0.005,0.00999727781712538));
#1643=CARTESIAN_POINT('',(0.033239882460745,-0.005,0.00999727781712538));
#1644=CARTESIAN_POINT('',(0.033239882460745,-0.005,-0.0051));
#1645=CARTESIAN_POINT('',(0.037489882460745,-0.00075,-0.0051));
#1646=CARTESIAN_POINT('',(0.0425340023010533,-0.005,-0.0051));
#1647=CARTESIAN_POINT('',(0.0425340023010533,-0.005,-0.0051));
#1648=CARTESIAN_POINT('',(0.0289612240763404,-0.005,-0.0051));
#1649=CARTESIAN_POINT('',(0.0289612240763404,-0.005,-0.0051));
#1650=CARTESIAN_POINT('',(0.0289612240763404,-0.0005,-0.0051));
#1651=CARTESIAN_POINT('',(0.0425340023010533,-0.0005,-0.0051));
#1652=CARTESIAN_POINT('',(0.0322585735325605,0.0005,-0.000396362120336009));
#1653=CARTESIAN_POINT('',(0.0322585735325605,0.0005,0.000294014395595772));
#1654=CARTESIAN_POINT('',(0.0297059856044042,0.0005,0.000294014395595772));
#1655=CARTESIAN_POINT('',(0.0317940143955667,0.0005,0.000294014395595772));
#1656=CARTESIAN_POINT('',(0.0297059856044042,0.0005,-0.000396362120336009));
#1657=CARTESIAN_POINT('',(0.0297059856053315,0.0005,-0.000294014395595772));
#1658=CARTESIAN_POINT('',(0.0322585735325605,0.0005,-0.000294014395595772));
#1659=CARTESIAN_POINT('',(0.0317940143955667,0.0005,-0.000294014395177894));
#1660=CARTESIAN_POINT('',(0.0317940143955667,0.0005,-0.000396362120336009));
#1661=CARTESIAN_POINT('',(0.0293143130354474,0.0005,0.00475149064275683));
#1662=CARTESIAN_POINT('',(0.0293143130354474,0.0005,0.00475149064275683));
#1663=CARTESIAN_POINT('',(0.0292118305264699,0.0005,0.00532631124384637));
#1664=CARTESIAN_POINT('',(0.0313652770882618,0.0005,0.0051171489745866));
#1665=CARTESIAN_POINT('',(0.0313652770882795,0.0005,0.00511714897458977));
#1666=CARTESIAN_POINT('',(0.0312737509927683,0.0005,0.00571956047204367));
#1667=CARTESIAN_POINT('',(0.0312737509927678,0.0005,0.00571956047204701));
#1668=CARTESIAN_POINT('',(0.0292227869388839,0.0005,0.00535390214116076));
#1669=CARTESIAN_POINT('',(0.0292227869388839,0.0005,0.00535390214116076));
#1670=CARTESIAN_POINT('',(0.0292272873253915,0.0005,0.00532865963974976));
#1671=CARTESIAN_POINT('',(0.0292272873253915,0.0005,0.00532865963974976));
#1672=CARTESIAN_POINT('',(0.0292118305264699,0.0005,0.00532631124384637));
#1673=CARTESIAN_POINT('',(0.0322585735325605,0.0005,0.00999727781712538));
#1674=CARTESIAN_POINT('',(0.0278318431276382,0.0005,0.00999727781712538));
#1675=CARTESIAN_POINT('',(0.0322585735325605,0.0005,-0.0041));
#1676=CARTESIAN_POINT('',(0.0289612240763404,0.0005,-0.0041));
#1677=CARTESIAN_POINT('',(0.0275080235995496,0.0005,0.00994339668557081));
#1678=CARTESIAN_POINT('',(0.0283198739009206,0.0005,0.00769744412472993));
#1679=CARTESIAN_POINT('',(0.0291160681286006,0.0005,0.00422385153740465));
#1680=CARTESIAN_POINT('',(0.0293171897664303,0.0005,-0.000573489878641806));
#1681=CARTESIAN_POINT('',(0.0291273927592283,0.0005,-0.00292623208302735));
#1682=CARTESIAN_POINT('',(0.0289612240763404,0.0005,-0.0041));
#1683=CARTESIAN_POINT('',(0.0275080235995496,0.0005,0.00994339668557081));
#1684=CARTESIAN_POINT('',(0.0278318431276382,0.0005,0.00899727781712538));
#1685=CARTESIAN_POINT('',(0.0207578930125889,-0.005,0.00999727781712538));
#1686=CARTESIAN_POINT('',(0.0278318431276382,-0.005,0.00999727781712538));
#1687=CARTESIAN_POINT('',(0.0278318431276382,-0.005,0.00999727781712538));
#1688=CARTESIAN_POINT('',(0.0207578930125889,-0.005,0.00999727781712538));
#1689=CARTESIAN_POINT('',(0.0322585735325605,-0.005,-0.000396362120336008));
#1690=CARTESIAN_POINT('',(0.0322585735325605,-0.005,0.0018));
#1691=CARTESIAN_POINT('',(0.0293182178936724,-0.005,0.0018));
#1692=CARTESIAN_POINT('',(0.0321817821063276,-0.005,0.0018));
#1693=CARTESIAN_POINT('',(0.0321817821063276,-0.005,0.0018));
#1694=CARTESIAN_POINT('',(0.0323637233841914,-0.005,0.00165527762997349));
#1695=CARTESIAN_POINT('',(0.0326751147456832,-0.005,0.00132365849690947));
#1696=CARTESIAN_POINT('',(0.0329992435374519,-0.005,0.000649823944492183));
#1697=CARTESIAN_POINT('',(0.033084989863264,-0.005,-9.02185959964528E-5));
#1698=CARTESIAN_POINT('',(0.0329524400701801,-0.005,-0.000769138780059501));
#1699=CARTESIAN_POINT('',(0.0326336803063808,-0.005,-0.00138295155019642));
#1700=CARTESIAN_POINT('',(0.0321052229831865,-0.005,-0.00190874508696136));
#1701=CARTESIAN_POINT('',(0.0314346014141133,-0.005,-0.00223431695889217));
#1702=CARTESIAN_POINT('',(0.0307499999870881,-0.005,-0.00233284152944848));
#1703=CARTESIAN_POINT('',(0.0300653986375342,-0.005,-0.00223431692331391));
#1704=CARTESIAN_POINT('',(0.0293947768360471,-0.005,-0.0019087452292744));
#1705=CARTESIAN_POINT('',(0.0288663203650373,-0.005,-0.0013829510165225));
#1706=CARTESIAN_POINT('',(0.0285475574249141,-0.005,-0.000769140772442115));
#1707=CARTESIAN_POINT('',(0.0284150194849412,-0.005,-9.02111601398809E-5));
#1708=CARTESIAN_POINT('',(0.0285007215746332,-0.005,0.000649796193448538));
#1709=CARTESIAN_POINT('',(0.0288250154577713,-0.005,0.00132376206522749));
#1710=CARTESIAN_POINT('',(0.0291359960663581,-0.005,0.00165505447126058));
#1711=CARTESIAN_POINT('',(0.0293182178936724,-0.005,0.0018));
#1712=CARTESIAN_POINT('',(0.0322585735325605,-0.005,0.00719727781712538));
#1713=CARTESIAN_POINT('',(0.0288413494752608,-0.005,0.00719727781712538));
#1714=CARTESIAN_POINT('',(0.0317049136879161,-0.005,0.00719727781712539));
#1715=CARTESIAN_POINT('',(0.0317049136879161,-0.005,0.00719727781712538));
#1716=CARTESIAN_POINT('',(0.0318868549657834,-0.005,0.00705255544709609));
#1717=CARTESIAN_POINT('',(0.0321982463272701,-0.005,0.00672093631403616));
#1718=CARTESIAN_POINT('',(0.0325223751190408,-0.005,0.00604710176161723));
#1719=CARTESIAN_POINT('',(0.0326081214448524,-0.005,0.00530705922112904));
#1720=CARTESIAN_POINT('',(0.0324755716517686,-0.005,0.00462813903706589));
#1721=CARTESIAN_POINT('',(0.0321568118879693,-0.005,0.00401432626692899));
#1722=CARTESIAN_POINT('',(0.0316283545647751,-0.005,0.00348853273016404));
#1723=CARTESIAN_POINT('',(0.0309577329957019,-0.005,0.00316296085823322));
#1724=CARTESIAN_POINT('',(0.0302731315686767,-0.005,0.0030644362876769));
#1725=CARTESIAN_POINT('',(0.0295885302191228,-0.005,0.00316296089381147));
#1726=CARTESIAN_POINT('',(0.0289179084176356,-0.005,0.00348853258785095));
#1727=CARTESIAN_POINT('',(0.0283894519466258,-0.005,0.00401432680060283));
#1728=CARTESIAN_POINT('',(0.0280706890065027,-0.005,0.00462813704468322));
#1729=CARTESIAN_POINT('',(0.0279381510665296,-0.005,0.00530706665698538));
#1730=CARTESIAN_POINT('',(0.0280238531562219,-0.005,0.00604707401057406));
#1731=CARTESIAN_POINT('',(0.0283481470393589,-0.005,0.00672103988235209));
#1732=CARTESIAN_POINT('',(0.0286591276479485,-0.005,0.00705233228838754));
#1733=CARTESIAN_POINT('',(0.0288413494752608,-0.005,0.00719727781712538));
#1734=CARTESIAN_POINT('',(0.0289612240763404,-0.005,-0.0041));
#1735=CARTESIAN_POINT('',(0.0279710967574912,-0.005,-0.00395982905982905));
#1736=CARTESIAN_POINT('',(0.0278318431276382,-0.005,0.00899727781712538));
#1737=CARTESIAN_POINT('',(0.0268803271232745,-0.005,0.00868967857551426));
#1738=CARTESIAN_POINT('',(0.,-0.005,0.));
#1739=CARTESIAN_POINT('',(0.0289612240763404,0.0005,-0.0041));
#1740=CARTESIAN_POINT('',(0.0289612240763404,-0.0005,-0.0041));
#1741=CARTESIAN_POINT('',(0.0279612240763404,-0.0005,-0.0041));
#1742=CARTESIAN_POINT('',(0.0279710967574912,0.0005,-0.00395982905982905));
#1743=CARTESIAN_POINT('',(0.0279710967574912,-0.0005,-0.00395982905982906));
#1744=CARTESIAN_POINT('',(0.0289612240763404,-0.0005,-0.0041));
#1745=CARTESIAN_POINT('',(0.0373962879168069,-0.0005,-0.0041));
#1746=CARTESIAN_POINT('',(0.0289612240763404,-0.0005,-0.0041));
#1747=CARTESIAN_POINT('',(0.0317940143955667,0.0005,0.000294014395595772));
#1748=CARTESIAN_POINT('',(0.0317940143955667,0.0005,-0.000294014394927167));
#1749=CARTESIAN_POINT('',(0.031794014395525,-0.000125277760000359,-0.000294014395384865));
#1750=CARTESIAN_POINT('',(0.0317940143949531,-0.000125277760289364,0.000294014394669261));
#1751=CARTESIAN_POINT('',(0.0317940143949531,-9.58402033329765E-5,9.80047980683679E-5));
#1752=CARTESIAN_POINT('',(0.0317940143955667,-9.58402029652695E-5,-9.80047985474344E-5));
#1753=CARTESIAN_POINT('',(0.0317940143955667,-0.000125277759991544,-0.000294014395178146));
#1754=CARTESIAN_POINT('',(0.0317940143930353,-0.000125277755737238,0.000294014395595772));
#1755=CARTESIAN_POINT('',(0.0317940143955667,0.0005,0.000294014395595772));
#1756=CARTESIAN_POINT('',(0.0297059856044042,0.0005,0.000294014395595772));
#1757=CARTESIAN_POINT('',(0.0297059856045261,-0.000125277760097423,0.000294014395502511));
#1758=CARTESIAN_POINT('',(0.0298661087779832,-3.98858924529504E-5,0.000294014395502511));
#1759=CARTESIAN_POINT('',(0.0300457012330901,5.1821644235773E-18,0.000294014395595772));
#1760=CARTESIAN_POINT('',(0.030226974632372,-1.2642496131627E-18,0.000294014395595772));
#1761=CARTESIAN_POINT('',(0.0297059856044042,-0.000125277759947513,0.000294014395450251));
#1762=CARTESIAN_POINT('',(0.030226974632372,-1.2826461100727E-18,0.000294014395595772));
#1763=CARTESIAN_POINT('',(0.0297059856044042,0.0005,0.000294014395595772));
#1764=CARTESIAN_POINT('',(0.031273025367628,-1.36744999004734E-18,0.000294014395595772));
#1765=CARTESIAN_POINT('',(0.0314546106615106,4.61755518156847E-18,0.000294014395595772));
#1766=CARTESIAN_POINT('',(0.0316334496584047,-3.96504126164152E-5,0.000294014395595772));
#1767=CARTESIAN_POINT('',(0.0317940143906432,-0.000125277757428541,0.000294014395595772));
#1768=CARTESIAN_POINT('',(0.031273025367628,-6.50521303491303E-19,0.000294014395595772));
#1769=CARTESIAN_POINT('',(0.0297059856044042,0.,0.000294014395595772));
#1770=CARTESIAN_POINT('',(0.0297059856044042,0.0005,-0.000294014395595772));
#1771=CARTESIAN_POINT('',(0.0297059856045825,-0.000125277760045232,-0.000294014394708256));
#1772=CARTESIAN_POINT('',(0.0297059856045825,-9.6004204657407E-5,-9.90968005279377E-5));
#1773=CARTESIAN_POINT('',(0.0297059856044042,-9.60042045683082E-5,9.90968011261579E-5));
#1774=CARTESIAN_POINT('',(0.0297059856044042,-0.000125277760026505,0.000294014395307565));
#1775=CARTESIAN_POINT('',(0.0297059856065025,-0.000125277755983763,-0.000294014395595772));
#1776=CARTESIAN_POINT('',(0.0297059856044042,0.0005,-0.000294014395595772));
#1777=CARTESIAN_POINT('',(0.0317940143955667,0.0005,-0.000294014395595772));
#1778=CARTESIAN_POINT('',(0.0317940143954136,-0.000125277760140388,-0.000294014395426868));
#1779=CARTESIAN_POINT('',(0.0316338912219713,-3.98858925122053E-5,-0.000294014395426868));
#1780=CARTESIAN_POINT('',(0.0314542987669008,5.2512799964445E-18,-0.000294014395595772));
#1781=CARTESIAN_POINT('',(0.031273025367628,-1.25409514396576E-18,-0.000294014395595772));
#1782=CARTESIAN_POINT('',(0.031273025367628,-1.27756887547418E-18,-0.000294014395595772));
#1783=CARTESIAN_POINT('',(0.030226974632372,-1.36744999004734E-18,-0.000294014395595772));
#1784=CARTESIAN_POINT('',(0.0300453893381515,5.64130607922834E-18,-0.000294014395595772));
#1785=CARTESIAN_POINT('',(0.0298665503409182,-3.9650412774014E-5,-0.000294014395595772));
#1786=CARTESIAN_POINT('',(0.0297059856084652,-0.000125277757904014,-0.000294014395595772));
#1787=CARTESIAN_POINT('',(0.030226974632372,-6.50521303491303E-19,-0.000294014395595772));
#1788=CARTESIAN_POINT('',(0.0317940143955667,0.,-0.000294014395595772));
#1789=CARTESIAN_POINT('',(0.0292118305264699,0.0005,0.00532631124384637));
#1790=CARTESIAN_POINT('',(0.0292272873253915,0.0005,0.00532865963974976));
#1791=CARTESIAN_POINT('',(0.0292272873252997,-0.000106012986402245,0.00532865963974089));
#1792=CARTESIAN_POINT('',(0.0292118305264595,-0.000113992594908317,0.005326311243858));
#1793=CARTESIAN_POINT('',(0.029216959768968,-0.000111287098025192,0.00532709054442052));
#1794=CARTESIAN_POINT('',(0.0292221120369266,-0.000108627232070053,0.00532787334329268));
#1795=CARTESIAN_POINT('',(0.0292272873252095,-0.00010601298644793,0.00532865963972211));
#1796=CARTESIAN_POINT('',(0.0292118305264675,-0.000113992594920885,0.00532631124386026));
#1797=CARTESIAN_POINT('',(0.0292118305264699,0.0005,0.00532631124384637));
#1798=CARTESIAN_POINT('',(0.0293143130354474,0.0005,0.00475149064275683));
#1799=CARTESIAN_POINT('',(0.0293143130354474,-0.000168828727009526,0.00475149064275685));
#1800=CARTESIAN_POINT('',(0.0292807047297646,-0.000117030784711234,0.00493999838585325));
#1801=CARTESIAN_POINT('',(0.0292464790452832,-0.000102686082486812,0.0051319689837883));
#1802=CARTESIAN_POINT('',(0.0292118305264649,-0.000113992594919639,0.00532631124387415));
#1803=CARTESIAN_POINT('',(0.0293143130354473,-0.000168828727009274,0.00475149064275682));
#1804=CARTESIAN_POINT('',(0.0293143130354474,0.0005,0.00475149064275683));
#1805=CARTESIAN_POINT('',(0.0313652770882618,0.0005,0.0051171489745866));
#1806=CARTESIAN_POINT('',(0.0313652770876041,-0.000150444343239378,0.00511714897477229));
#1807=CARTESIAN_POINT('',(0.0311710931931447,-3.89946377080833E-5,0.0050825286903169));
#1808=CARTESIAN_POINT('',(0.0309476151924617,6.1002382088438E-18,0.00504268567432663));
#1809=CARTESIAN_POINT('',(0.030725467718647,2.73323636306897E-19,0.00500307987305293));
#1810=CARTESIAN_POINT('',(0.0313652770882292,-0.000150444342462322,0.0051171489752805));
#1811=CARTESIAN_POINT('',(0.030725467718647,2.45082035401934E-19,0.00500307987305293));
#1812=CARTESIAN_POINT('',(0.0313652770882618,0.0005,0.0051171489745866));
#1813=CARTESIAN_POINT('',(0.0299848952345247,2.98494410612418E-19,0.00487104611128534));
#1814=CARTESIAN_POINT('',(0.0297503285386203,-1.23687750419938E-19,0.00482922613564534));
#1815=CARTESIAN_POINT('',(0.029516295559575,-4.33031156628207E-5,0.00478750131428954));
#1816=CARTESIAN_POINT('',(0.0293143130354472,-0.000168828727009029,0.0047514906427568));
#1817=CARTESIAN_POINT('',(0.0299848952345248,1.0842021724855E-19,0.00487104611128534));
#1818=CARTESIAN_POINT('',(0.0313652770882618,0.,0.0051171489745866));
#1819=CARTESIAN_POINT('',(0.0312737509927683,0.0005,0.00571956047204367));
#1820=CARTESIAN_POINT('',(0.0312737509928188,-0.000107597311909181,0.00571956047212194));
#1821=CARTESIAN_POINT('',(0.0313045861019798,-9.09769589202474E-5,0.00551660825195111));
#1822=CARTESIAN_POINT('',(0.031335132329694,-0.000101706240565902,0.00531555740719098));
#1823=CARTESIAN_POINT('',(0.0313652770880621,-0.00015044434298973,0.00511714897590065));
#1824=CARTESIAN_POINT('',(0.0312737509929953,-0.000107597312322732,0.00571956047209786));
#1825=CARTESIAN_POINT('',(0.0312737509927683,0.0005,0.00571956047204367));
#1826=CARTESIAN_POINT('',(0.0292227869388839,0.0005,0.00535390214116076));
#1827=CARTESIAN_POINT('',(0.0292227869388838,-0.000107597312430723,0.00535390214116075));
#1828=CARTESIAN_POINT('',(0.0293629146433584,-3.62813995269545E-5,0.00537888495957317));
#1829=CARTESIAN_POINT('',(0.0295175807512143,6.53237291607803E-19,0.00540645977285947));
#1830=CARTESIAN_POINT('',(0.0296742808910949,2.33233499998753E-19,0.0054343972257316));
#1831=CARTESIAN_POINT('',(0.0292227869388838,-0.000107597312430719,0.00535390214116079));
#1832=CARTESIAN_POINT('',(0.0296742808910948,2.25036967247932E-19,0.00543439722573159));
#1833=CARTESIAN_POINT('',(0.0292227869388839,0.0005,0.00535390214116076));
#1834=CARTESIAN_POINT('',(0.0308222570415179,2.11758236813576E-19,0.00563906538764407));
#1835=CARTESIAN_POINT('',(0.030979077377045,-1.73333754611642E-19,0.00566702426972624));
#1836=CARTESIAN_POINT('',(0.0311335000862266,-3.62186972806872E-5,0.00569455568841824));
#1837=CARTESIAN_POINT('',(0.0312737509932113,-0.000107597312167079,0.00571956047212262));
#1838=CARTESIAN_POINT('',(0.0308222570415179,1.0842021724855E-19,0.00563906538764407));
#1839=CARTESIAN_POINT('',(0.0292227869388839,0.,0.00535390214116076));
#1840=CARTESIAN_POINT('',(0.0292272873253915,0.0005,0.00532865963974976));
#1841=CARTESIAN_POINT('',(0.0292272873253898,-0.000106012986356561,0.00532865963975967));
#1842=CARTESIAN_POINT('',(0.0292257866137108,-0.000106487353263299,0.00533707707604196));
#1843=CARTESIAN_POINT('',(0.0292242864820571,-0.000107015202079962,0.00534549125898415));
#1844=CARTESIAN_POINT('',(0.0292227869388838,-0.000107597312430725,0.00535390214116083));
#1845=CARTESIAN_POINT('',(0.,-0.0005,0.));
#1846=CARTESIAN_POINT('',(0.,-0.0005,0.));
#1847=CARTESIAN_POINT('',(0.0268803271232745,-0.0005,0.00868967857551426));
#1848=CARTESIAN_POINT('',(0.0275080235995496,0.0005,0.00994339668557082));
#1849=CARTESIAN_POINT('',(0.0273666494632388,0.0005,0.00989500984155902));
#1850=CARTESIAN_POINT('',(0.0271529001189532,0.00043343461541137,0.0097515936812854));
#1851=CARTESIAN_POINT('',(0.0269993421347807,0.00030401618019962,0.00956434191596706));
#1852=CARTESIAN_POINT('',(0.0268939035757217,0.00014271112483486,0.00936023425860338));
#1853=CARTESIAN_POINT('',(0.0268524121788454,2.50449005191666E-5,0.00922457403602569));
#1854=CARTESIAN_POINT('',(0.0268266933888651,-0.000173086311049267,0.00900999834966453));
#1855=CARTESIAN_POINT('',(0.0268343825111297,-0.000289710968511909,0.00889261447545795));
#1856=CARTESIAN_POINT('',(0.0268573139378752,-0.000423871865963155,0.00876086670362575));
#1857=CARTESIAN_POINT('',(0.0268803271232745,-0.0005,0.00868967857551425));
#1858=CARTESIAN_POINT('',(0.0289612240763404,-0.0005,-0.0041));
#1859=CARTESIAN_POINT('',(0.0278318431276382,0.0005,0.00899727781712538));
#1860=CARTESIAN_POINT('',(0.0268803271232745,0.0005,0.00868967857551425));
#1861=CARTESIAN_POINT('',(0.03075,-0.0048,0.));
#1862=CARTESIAN_POINT('',(0.03075,-0.0048,0.));
#1863=CARTESIAN_POINT('',(0.0321101470508736,-0.0048,0.0016));
#1864=CARTESIAN_POINT('',(0.0293898529491265,-0.0048,0.0016));
#1865=CARTESIAN_POINT('',(0.0293182178936724,-0.005,0.0018));
#1866=CARTESIAN_POINT('',(0.0293429445508234,-0.005,0.00172919362945857));
#1867=CARTESIAN_POINT('',(0.0293692105416456,-0.00496168050053068,0.00165633198357973));
#1868=CARTESIAN_POINT('',(0.0293898529491265,-0.00484976817944422,0.0016));
#1869=CARTESIAN_POINT('',(0.0293898529491265,-0.0048,0.0016));
#1870=CARTESIAN_POINT('',(0.0321101470508736,-0.0048,0.0016));
#1871=CARTESIAN_POINT('',(0.0321101470508736,-0.0048497598503206,0.0016));
#1872=CARTESIAN_POINT('',(0.0321307918290871,-0.00496168466509247,0.0016563387723246));
#1873=CARTESIAN_POINT('',(0.0321570507077111,-0.005,0.00172918005196878));
#1874=CARTESIAN_POINT('',(0.0321817821063276,-0.005,0.0018));
#1875=CARTESIAN_POINT('',(0.032184360291717,-0.0048,0.0018));
#1876=CARTESIAN_POINT('',(0.032184360291717,-0.0048,0.0016));
#1877=CARTESIAN_POINT('',(0.0302731315815885,-0.0048,0.00539727781712538));
#1878=CARTESIAN_POINT('',(0.0302731315815885,-0.0048,0.00539727781712538));
#1879=CARTESIAN_POINT('',(0.031633278632462,-0.0048,0.00699727781712539));
#1880=CARTESIAN_POINT('',(0.0289129845307149,-0.0048,0.00699727781712537));
#1881=CARTESIAN_POINT('',(0.0288413494752608,-0.005,0.00719727781712538));
#1882=CARTESIAN_POINT('',(0.0288660761324111,-0.005,0.00712647144661633));
#1883=CARTESIAN_POINT('',(0.0288923421232344,-0.00496168050055675,0.0070536098006889));
#1884=CARTESIAN_POINT('',(0.0289129845307149,-0.00484976817939205,0.00699727781712538));
#1885=CARTESIAN_POINT('',(0.0289129845307149,-0.0048,0.00699727781712538));
#1886=CARTESIAN_POINT('',(0.031633278632462,-0.0048,0.00699727781712538));
#1887=CARTESIAN_POINT('',(0.031633278632462,-0.00484975985041943,0.00699727781712538));
#1888=CARTESIAN_POINT('',(0.0316539234106327,-0.00496168466504306,0.00705361658931242));
#1889=CARTESIAN_POINT('',(0.0316801822893855,-0.005,0.0071264578693693));
#1890=CARTESIAN_POINT('',(0.0317049136879161,-0.005,0.00719727781712538));
#1891=CARTESIAN_POINT('',(0.0319459260825113,-0.0048,0.00719727781712538));
#1892=CARTESIAN_POINT('',(0.0319459260825113,-0.0048,0.00699727781712538));
#1893=CARTESIAN_POINT('',(0.,0.0005,0.));
#1894=CARTESIAN_POINT('',(0.0289612240763404,-0.0005,-0.0041));
#1895=CARTESIAN_POINT('',(0.03075,-0.001,-3.46944695195361E-18));
#1896=CARTESIAN_POINT('',(0.030226974632372,0.,0.00029401439559577));
#1897=CARTESIAN_POINT('',(0.0302529351164759,0.,0.000340195779724099));
#1898=CARTESIAN_POINT('',(0.0303104340563649,-7.5542126508386E-11,0.000410318523850531));
#1899=CARTESIAN_POINT('',(0.0303362384788236,-9.91746076219573E-11,0.000435564660030464));
#1900=CARTESIAN_POINT('',(0.0303799009853725,-2.30461102892542E-11,0.000474193768663889));
#1901=CARTESIAN_POINT('',(0.0304282601160204,1.57839925018164E-12,0.000506791504267033));
#1902=CARTESIAN_POINT('',(0.0304599274119868,2.46171169780093E-12,0.000526976215532043));
#1903=CARTESIAN_POINT('',(0.0305794411522903,-5.72566400743183E-11,0.000577179067947106));
#1904=CARTESIAN_POINT('',(0.03061271588791,-8.70882682783203E-11,0.000584745540277253));
#1905=CARTESIAN_POINT('',(0.0306698049454033,-2.15358458945155E-11,0.000596175999015431));
#1906=CARTESIAN_POINT('',(0.0307297153360875,2.69407821033672E-12,0.000600072026776037));
#1907=CARTESIAN_POINT('',(0.0307524177292374,-4.01819970748254E-12,0.000600200345932668));
#1908=CARTESIAN_POINT('',(0.030829663756426,2.26934063156593E-11,0.000597836752725779));
#1909=CARTESIAN_POINT('',(0.0309051369615835,-7.29126933393593E-11,0.000580265924883518));
#1910=CARTESIAN_POINT('',(0.030926749537734,-8.54906353463142E-11,0.000574156077126522));
#1911=CARTESIAN_POINT('',(0.0309818623777382,-2.13663320554491E-11,0.000555068150692719));
#1912=CARTESIAN_POINT('',(0.0310353947287999,1.66973400250354E-12,0.000528114504234278));
#1913=CARTESIAN_POINT('',(0.0310655725222932,1.73927127601225E-12,0.000512040584099845));
#1914=CARTESIAN_POINT('',(0.0311705821849442,-4.93262706282159E-11,0.000430174277089836));
#1915=CARTESIAN_POINT('',(0.0311914991402571,-6.90847997198311E-11,0.000407367975383269));
#1916=CARTESIAN_POINT('',(0.0312447747690371,6.04127333494862E-12,0.000344422136739296));
#1917=CARTESIAN_POINT('',(0.0312665926894254,0.,0.000305457555972062));
#1918=CARTESIAN_POINT('',(0.031273025367628,0.,0.000294014395595772));
#1919=CARTESIAN_POINT('',(0.031273025367628,0.,-0.000294014395595771));
#1920=CARTESIAN_POINT('',(0.031247064883524,0.,-0.000340195779724253));
#1921=CARTESIAN_POINT('',(0.0311895659436597,-7.55421267743265E-11,-0.000410318523827979));
#1922=CARTESIAN_POINT('',(0.0311637615211561,-9.91746078157807E-11,-0.0004355646600494));
#1923=CARTESIAN_POINT('',(0.0311200990146359,-2.30461105851214E-11,-0.00047419376865724));
#1924=CARTESIAN_POINT('',(0.0310717398839649,1.57839932643114E-12,-0.000506791504276872));
#1925=CARTESIAN_POINT('',(0.0310400725880289,2.46171160328979E-12,-0.000526976215520374));
#1926=CARTESIAN_POINT('',(0.0309205588477388,-5.72566400656655E-11,-0.000577179067941356));
#1927=CARTESIAN_POINT('',(0.0308872841120643,-8.70882682794438E-11,-0.000584745540282671));
#1928=CARTESIAN_POINT('',(0.0308301950546044,-2.15358458937864E-11,-0.000596175999013957));
#1929=CARTESIAN_POINT('',(0.0307702846639047,2.69407820854357E-12,-0.000600072026776536));
#1930=CARTESIAN_POINT('',(0.0307475822707684,-4.01819969829355E-12,-0.000600200345932686));
#1931=CARTESIAN_POINT('',(0.0306703362435608,2.26934062419241E-11,-0.00059783675272315));
#1932=CARTESIAN_POINT('',(0.0305948630384501,-7.29126931273428E-11,-0.000580265924892256));
#1933=CARTESIAN_POINT('',(0.0305732504622082,-8.54906357131968E-11,-0.000574156077111301));
#1934=CARTESIAN_POINT('',(0.0305181376222267,-2.13663319562532E-11,-0.000555068150670237));
#1935=CARTESIAN_POINT('',(0.0304646052713981,1.66973397260226E-12,-0.000528114504339381));
#1936=CARTESIAN_POINT('',(0.030434427477463,1.73927134673189E-12,-0.000512040583971218));
#1937=CARTESIAN_POINT('',(0.0303294178150576,-4.93262710691507E-11,-0.000430174277080284));
#1938=CARTESIAN_POINT('',(0.0303085008597567,-6.90847993659915E-11,-0.000407367975399071));
#1939=CARTESIAN_POINT('',(0.0302552252309601,6.04127312264491E-12,-0.000344422136739492));
#1940=CARTESIAN_POINT('',(0.0302334073105474,0.,-0.000305457555923673));
#1941=CARTESIAN_POINT('',(0.030226974632372,0.,-0.000294014395595772));
#1942=CARTESIAN_POINT('',(0.03075,-0.001,0.));
#1943=CARTESIAN_POINT('',(0.02915,-0.001,1.39605107355232E-19));
#1944=CARTESIAN_POINT('',(0.0322585735325605,0.,-0.00039636212033601));
#1945=CARTESIAN_POINT('',(0.0322585735325605,0.,-0.00039636212033601));
#1946=CARTESIAN_POINT('',(0.0302731315815885,-0.001,0.00539727781712538));
#1947=CARTESIAN_POINT('',(0.0302731315815885,2.16840434497101E-19,0.00539727781712538));
#1948=CARTESIAN_POINT('',(0.0302731315815885,2.16840434497101E-19,0.00539727781712538));
#1949=CARTESIAN_POINT('',(0.0302731315815885,-0.001,0.00539727781712538));
#1950=CARTESIAN_POINT('',(0.0286731315815885,-0.001,0.00539727781712538));
#1951=CARTESIAN_POINT('',(0.0322585735325605,0.,-0.00039636212033601));
#1952=CARTESIAN_POINT('',(0.0322585735325605,0.,-0.00039636212033601));
#1953=CARTESIAN_POINT('',(0.03075,-0.005,0.));
#1954=CARTESIAN_POINT('',(0.0321101470508736,-0.005,0.00159999999999998));
#1955=CARTESIAN_POINT('',(0.0321101470508735,-0.0035,0.0016));
#1956=CARTESIAN_POINT('',(0.03075,-0.0035,0.));
#1957=CARTESIAN_POINT('',(0.0293898529491264,-0.0035,0.0016));
#1958=CARTESIAN_POINT('',(0.0293898529491265,-0.005,0.0016));
#1959=CARTESIAN_POINT('',(0.0321101470508736,-0.005,0.0016));
#1960=CARTESIAN_POINT('',(0.0321101470508736,-0.0035,0.0016));
#1961=CARTESIAN_POINT('',(0.0299253788748765,-0.0035,0.0016));
#1962=CARTESIAN_POINT('',(0.0321101470508736,-0.0035,0.0016));
#1963=CARTESIAN_POINT('',(0.03075,-0.0035,0.0016));
#1964=CARTESIAN_POINT('',(0.0321101470508736,-0.0035,0.0016));
#1965=CARTESIAN_POINT('',(0.0315746211251235,-0.0035,0.0016));
#1966=CARTESIAN_POINT('',(0.0321101470508736,-0.0035,0.0016));
#1967=CARTESIAN_POINT('',(0.0302731315815885,-0.005,0.00539727781712538));
#1968=CARTESIAN_POINT('',(0.031633278632462,-0.005,0.0069972778171254));
#1969=CARTESIAN_POINT('',(0.031633278632462,-0.0035,0.00699727781712539));
#1970=CARTESIAN_POINT('',(0.0302731315815885,-0.0035,0.00539727781712538));
#1971=CARTESIAN_POINT('',(0.028912984530715,-0.0035,0.00699727781712537));
#1972=CARTESIAN_POINT('',(0.028912984530715,-0.005,0.00699727781712535));
#1973=CARTESIAN_POINT('',(0.031633278632462,-0.005,0.00699727781712538));
#1974=CARTESIAN_POINT('',(0.031633278632462,-0.0035,0.00699727781712538));
#1975=CARTESIAN_POINT('',(0.0294485104564649,-0.0035,0.00699727781712538));
#1976=CARTESIAN_POINT('',(0.031633278632462,-0.0035,0.00699727781712538));
#1977=CARTESIAN_POINT('',(0.0302731315815885,-0.0035,0.00699727781712538));
#1978=CARTESIAN_POINT('',(0.031633278632462,-0.0035,0.00699727781712538));
#1979=CARTESIAN_POINT('',(0.031097752706712,-0.0035,0.00699727781712539));
#1980=CARTESIAN_POINT('',(0.031633278632462,-0.0035,0.00699727781712538));
#1981=CARTESIAN_POINT('',(0.03075,0.,0.));
#1982=CARTESIAN_POINT('',(0.03075,-0.0033,0.));
#1983=CARTESIAN_POINT('',(0.0314829965556654,-0.0033,0.00142222222222222));
#1984=CARTESIAN_POINT('',(0.0300170034443346,-0.00330000000000401,0.00142222222222221));
#1985=CARTESIAN_POINT('',(0.03075,-0.0035,0.0016));
#1986=CARTESIAN_POINT('',(0.0308440244356665,-0.00346474083662449,0.0016));
#1987=CARTESIAN_POINT('',(0.030958309441762,-0.00342237653674492,0.00158873747134266));
#1988=CARTESIAN_POINT('',(0.0310738557166074,-0.00338175020711599,0.00156710352531643));
#1989=CARTESIAN_POINT('',(0.0311077151475177,-0.00336958913531339,0.00156030436788596));
#1990=CARTESIAN_POINT('',(0.0312290256241297,-0.00333422084434116,0.0015281878253147));
#1991=CARTESIAN_POINT('',(0.0313475631444792,-0.00330904206284861,0.00148620829813512));
#1992=CARTESIAN_POINT('',(0.0314327139520974,-0.0033,0.00144813728292744));
#1993=CARTESIAN_POINT('',(0.0314829965556654,-0.0033,0.0014222222222222));
#1994=CARTESIAN_POINT('',(0.0300170034443346,-0.0033,0.00142222222222221));
#1995=CARTESIAN_POINT('',(0.0300672160892017,-0.0033,0.0014481012270383));
#1996=CARTESIAN_POINT('',(0.0301522665667598,-0.00330904834694974,0.00148614762499376));
#1997=CARTESIAN_POINT('',(0.0302709485556102,-0.00333431880964408,0.00152817464209416));
#1998=CARTESIAN_POINT('',(0.0303920065012346,-0.00336965604432178,0.00156024603574712));
#1999=CARTESIAN_POINT('',(0.0304272683609474,-0.003382252116218,0.00156734641302192));
#2000=CARTESIAN_POINT('',(0.0305430898104176,-0.00342292762709816,0.00158892242233975));
#2001=CARTESIAN_POINT('',(0.0306568152150338,-0.00346505570563711,0.0016));
#2002=CARTESIAN_POINT('',(0.03075,-0.0035,0.0016));
#2003=CARTESIAN_POINT('',(0.0302731315815885,0.,0.00539727781712538));
#2004=CARTESIAN_POINT('',(0.0302731315815885,-0.0033,0.00539727781712538));
#2005=CARTESIAN_POINT('',(0.0310061281372538,-0.0033,0.00681950003934762));
#2006=CARTESIAN_POINT('',(0.0295401350259231,-0.00330000000000298,0.00681950003934759));
#2007=CARTESIAN_POINT('',(0.0302731315815885,-0.0035,0.00699727781712538));
#2008=CARTESIAN_POINT('',(0.0303671572027868,-0.00346474039204911,0.00699727781712538));
#2009=CARTESIAN_POINT('',(0.030481443007868,-0.00342237575620035,0.00698601502572873));
#2010=CARTESIAN_POINT('',(0.0305969889130005,-0.00338174949178395,0.00696438099376439));
#2011=CARTESIAN_POINT('',(0.0306308464020544,-0.00336958902270905,0.00695758225233402));
#2012=CARTESIAN_POINT('',(0.0307521572140659,-0.00333422069935253,0.00692546564647673));
#2013=CARTESIAN_POINT('',(0.0308706945173386,-0.00330904205153643,0.00688348618778857));
#2014=CARTESIAN_POINT('',(0.0309558454479176,-0.0033,0.00684541514425679));
#2015=CARTESIAN_POINT('',(0.0310061281372538,-0.0033,0.00681950003934763));
#2016=CARTESIAN_POINT('',(0.0295401350259231,-0.0033,0.00681950003934759));
#2017=CARTESIAN_POINT('',(0.0295903478575307,-0.0033,0.00684537914040751));
#2018=CARTESIAN_POINT('',(0.0296753986033641,-0.00330904832232612,0.0068834255997918));
#2019=CARTESIAN_POINT('',(0.0297940801112591,-0.00333431849048592,0.00692545246588274));
#2020=CARTESIAN_POINT('',(0.0299151387961391,-0.0033696557983228,0.00695752399901076));
#2021=CARTESIAN_POINT('',(0.0299503963727847,-0.00338225053779186,0.00696462346130556));
#2022=CARTESIAN_POINT('',(0.0300662170085758,-0.00342292590407721,0.00698619966376097));
#2023=CARTESIAN_POINT('',(0.0301799441790619,-0.00346505472405386,0.00699727781712538));
#2024=CARTESIAN_POINT('',(0.0302731315815885,-0.0035,0.00699727781712538));
#2025=CARTESIAN_POINT('',(0.03075,-0.0035,5.7982719959136E-5));
#2026=CARTESIAN_POINT('',(0.0315746211251235,-0.0035,0.0016));
#2027=CARTESIAN_POINT('',(0.0317486298180462,-0.0035,0.00151031797241301));
#2028=CARTESIAN_POINT('',(0.0320568772221337,-0.0035,0.00128535064169632));
#2029=CARTESIAN_POINT('',(0.0324223056602768,-0.0035,0.000763444660828535));
#2030=CARTESIAN_POINT('',(0.0325775331808053,-0.0035,0.00014821222371463));
#2031=CARTESIAN_POINT('',(0.0325278688719852,-0.0035,-0.000431205577385877));
#2032=CARTESIAN_POINT('',(0.0323067047419754,-0.0035,-0.000968974326442626));
#2033=CARTESIAN_POINT('',(0.0318862257819289,-0.0035,-0.00144474013960644));
#2034=CARTESIAN_POINT('',(0.0313247567229396,-0.0035,-0.00174124386376602));
#2035=CARTESIAN_POINT('',(0.0307499999856424,-0.0035,-0.00182937807452533));
#2036=CARTESIAN_POINT('',(0.0301752433344906,-0.0035,-0.00174124383813265));
#2037=CARTESIAN_POINT('',(0.0296137740170652,-0.0035,-0.00144474024213992));
#2038=CARTESIAN_POINT('',(0.0291932960046178,-0.0035,-0.000968973941942052));
#2039=CARTESIAN_POINT('',(0.0289721283426482,-0.0035,-0.000431207012854678));
#2040=CARTESIAN_POINT('',(0.0289224772140681,-0.0035,0.000148217581089286));
#2041=CARTESIAN_POINT('',(0.0290776555455964,-0.0035,0.000763424666798732));
#2042=CARTESIAN_POINT('',(0.0294432675595002,-0.0035,0.00128542526044089));
#2043=CARTESIAN_POINT('',(0.0297510582208926,-0.0035,0.00151015719136221));
#2044=CARTESIAN_POINT('',(0.0299253788748765,-0.0035,0.0016));
#2045=CARTESIAN_POINT('',(0.03075,-0.0035,0.0016));
#2046=CARTESIAN_POINT('',(0.0307485620035022,-0.0035,0.0016));
#2047=CARTESIAN_POINT('',(0.0307471232853918,-0.0035,0.0016));
#2048=CARTESIAN_POINT('',(0.0304685322749696,-0.0035,0.0016));
#2049=CARTESIAN_POINT('',(0.0301852405901445,-0.0035,0.0016));
#2050=CARTESIAN_POINT('',(0.0299253788748765,-0.0035,0.0016));
#2051=CARTESIAN_POINT('',(0.03075,-0.0035,0.0016));
#2052=CARTESIAN_POINT('',(0.0307486670452425,-0.00349984713778654,0.00160016921455163));
#2053=CARTESIAN_POINT('',(0.0307471801349116,-0.00349967363656092,0.00159983601287497));
#2054=CARTESIAN_POINT('',(0.0304802876680181,-0.0034689951266326,0.00160421432880662));
#2055=CARTESIAN_POINT('',(0.030202680569866,-0.00343675997394442,0.00154254269456065));
#2056=CARTESIAN_POINT('',(0.0299733533872595,-0.0035,0.00150691577322697));
#2057=CARTESIAN_POINT('',(0.03075,-0.0035,0.0016));
#2058=CARTESIAN_POINT('',(0.0307487339536796,-0.00349966304413488,0.00160007831228813));
#2059=CARTESIAN_POINT('',(0.0307472736669892,-0.00349937096391828,0.00159992300299931));
#2060=CARTESIAN_POINT('',(0.0304910312260087,-0.00343883942479951,0.00160145568130666));
#2061=CARTESIAN_POINT('',(0.0302228886179607,-0.00336324400233721,0.00153057351655791));
#2062=CARTESIAN_POINT('',(0.0300170034443346,-0.00340471975511966,0.00142222222222222));
#2063=CARTESIAN_POINT('',(0.03075,-0.0035,0.0016));
#2064=CARTESIAN_POINT('',(0.0307487217808909,-0.00349952066783408,0.0016));
#2065=CARTESIAN_POINT('',(0.0307474429203483,-0.00349903491709552,0.00159999836358279));
#2066=CARTESIAN_POINT('',(0.030499806466639,-0.00340786282285049,0.00159942954215186));
#2067=CARTESIAN_POINT('',(0.030247991635684,-0.0033,0.00154127081112267));
#2068=CARTESIAN_POINT('',(0.0300170034443346,-0.0033,0.00142222222222222));
#2069=CARTESIAN_POINT('',(0.0300170034443346,-0.0033,0.00142222222222221));
#2070=CARTESIAN_POINT('',(0.0300170034443346,-0.00340471975511965,0.00142222222222221));
#2071=CARTESIAN_POINT('',(0.0299733533872595,-0.0035,0.00150691577322695));
#2072=CARTESIAN_POINT('',(0.0299253788748764,-0.0035,0.00159999999999998));
#2073=CARTESIAN_POINT('',(0.0315746211251235,-0.0035,0.0016));
#2074=CARTESIAN_POINT('',(0.0313147594098556,-0.0035,0.0016));
#2075=CARTESIAN_POINT('',(0.0310314641337663,-0.00350000000000009,0.0016));
#2076=CARTESIAN_POINT('',(0.0307528767053804,-0.0035,0.0016));
#2077=CARTESIAN_POINT('',(0.0307514379964978,-0.0035,0.0016));
#2078=CARTESIAN_POINT('',(0.03075,-0.0035,0.0016));
#2079=CARTESIAN_POINT('',(0.031550633868932,-0.0035,0.00155345788661348));
#2080=CARTESIAN_POINT('',(0.0313075141795807,-0.00346813439105234,0.00156706952214182));
#2081=CARTESIAN_POINT('',(0.0310259079648774,-0.00348433300628545,0.00160091241891528));
#2082=CARTESIAN_POINT('',(0.0307528246903179,-0.00349984029017258,0.00159999528098166));
#2083=CARTESIAN_POINT('',(0.030751411366933,-0.00349992011130568,0.0016));
#2084=CARTESIAN_POINT('',(0.03075,-0.0035,0.0016));
#2085=CARTESIAN_POINT('',(0.0315028900348543,-0.00345657610331681,0.00146082124149617));
#2086=CARTESIAN_POINT('',(0.031292333304381,-0.00339825629538744,0.00153017820455718));
#2087=CARTESIAN_POINT('',(0.0310148305767345,-0.00345396703516465,0.00160113178477764));
#2088=CARTESIAN_POINT('',(0.0307527205273341,-0.00349951736392164,0.00159999246119755));
#2089=CARTESIAN_POINT('',(0.0307513581078034,-0.00349976033391704,0.0016));
#2090=CARTESIAN_POINT('',(0.03075,-0.0035,0.0016));
#2091=CARTESIAN_POINT('',(0.0314829965556654,-0.00335235987755983,0.00142222222222222));
#2092=CARTESIAN_POINT('',(0.0312666670380102,-0.00333234207610322,0.00153444475789135));
#2093=CARTESIAN_POINT('',(0.0310049855162092,-0.00342299025238825,0.00159996592603679));
#2094=CARTESIAN_POINT('',(0.0307526118719968,-0.00349919663341371,0.00159999626846772));
#2095=CARTESIAN_POINT('',(0.0307513048486739,-0.0034996005565284,0.0016));
#2096=CARTESIAN_POINT('',(0.03075,-0.0035,0.0016));
#2097=CARTESIAN_POINT('',(0.0314829965556654,-0.0033,0.00142222222222222));
#2098=CARTESIAN_POINT('',(0.031252008364316,-0.0033,0.00154127081112267));
#2099=CARTESIAN_POINT('',(0.0310001903411261,-0.00340747942527341,0.00159944574946519));
#2100=CARTESIAN_POINT('',(0.0307525570714492,-0.00349903635541184,0.00159999831259312));
#2101=CARTESIAN_POINT('',(0.0307512782191091,-0.00349952066783408,0.0016));
#2102=CARTESIAN_POINT('',(0.03075,-0.0035,0.0016));
#2103=CARTESIAN_POINT('',(0.0315746211251235,-0.0035,0.0016));
#2104=CARTESIAN_POINT('',(0.0315266466127405,-0.00349999999999999,0.00150691577322696));
#2105=CARTESIAN_POINT('',(0.0314829965556654,-0.00340471975511965,0.00142222222222222));
#2106=CARTESIAN_POINT('',(0.0314829965556654,-0.0033,0.00142222222222221));
#2107=CARTESIAN_POINT('',(0.0302731315815885,-0.0035,0.00545526053708451));
#2108=CARTESIAN_POINT('',(0.031097752706712,-0.0035,0.00699727781712538));
#2109=CARTESIAN_POINT('',(0.0312717613996376,-0.0035,0.00690759578953689));
#2110=CARTESIAN_POINT('',(0.0315800088037208,-0.0035,0.0066826284588224));
#2111=CARTESIAN_POINT('',(0.0319454372418656,-0.0035,0.00616072247795374));
#2112=CARTESIAN_POINT('',(0.0321006647623937,-0.0035,0.00554549004084008));
#2113=CARTESIAN_POINT('',(0.0320510004535738,-0.0035,0.00496607223973951));
#2114=CARTESIAN_POINT('',(0.0318298363235639,-0.0035,0.00442830349068278));
#2115=CARTESIAN_POINT('',(0.0314093573635175,-0.0035,0.00395253767751896));
#2116=CARTESIAN_POINT('',(0.0308478883045282,-0.0035,0.00365603395335936));
#2117=CARTESIAN_POINT('',(0.030273131567231,-0.0035,0.00356789974260005));
#2118=CARTESIAN_POINT('',(0.0296983749160792,-0.0035,0.00365603397899271));
#2119=CARTESIAN_POINT('',(0.0291369055986538,-0.0035,0.00395253757498542));
#2120=CARTESIAN_POINT('',(0.0287164275862063,-0.0035,0.00442830387518328));
#2121=CARTESIAN_POINT('',(0.0284952599242367,-0.0035,0.00496607080427063));
#2122=CARTESIAN_POINT('',(0.0284456087956566,-0.0035,0.00554549539821459));
#2123=CARTESIAN_POINT('',(0.0286007871271849,-0.0035,0.00616070248392405));
#2124=CARTESIAN_POINT('',(0.0289663991410886,-0.0035,0.00668270307756623));
#2125=CARTESIAN_POINT('',(0.029274189802481,-0.0035,0.00690743500848759));
#2126=CARTESIAN_POINT('',(0.0294485104564649,-0.0035,0.00699727781712538));
#2127=CARTESIAN_POINT('',(0.0302731315815885,-0.0035,0.00699727781712538));
#2128=CARTESIAN_POINT('',(0.030271693585091,-0.0035,0.00699727781712538));
#2129=CARTESIAN_POINT('',(0.0302702548682457,-0.0035,0.00699727781712537));
#2130=CARTESIAN_POINT('',(0.0299916635006583,-0.00350000000000009,0.00699727781712552));
#2131=CARTESIAN_POINT('',(0.0297083721717329,-0.0035,0.00699727781712538));
#2132=CARTESIAN_POINT('',(0.0294485104564649,-0.0035,0.00699727781712538));
#2133=CARTESIAN_POINT('',(0.0302731315815885,-0.0035,0.00699727781712538));
#2134=CARTESIAN_POINT('',(0.0302717986268312,-0.00349984713778658,0.006997447031677));
#2135=CARTESIAN_POINT('',(0.0302703117177656,-0.0034996736365609,0.00699711383000035));
#2136=CARTESIAN_POINT('',(0.0300034188937068,-0.00346899512663265,0.00700149214593213));
#2137=CARTESIAN_POINT('',(0.0297258121514544,-0.00343675997394444,0.00693982051168601));
#2138=CARTESIAN_POINT('',(0.0294964849688479,-0.0035,0.00690419359035235));
#2139=CARTESIAN_POINT('',(0.0302731315815885,-0.0035,0.00699727781712538));
#2140=CARTESIAN_POINT('',(0.0302718655352684,-0.00349966304413494,0.00699735612941351));
#2141=CARTESIAN_POINT('',(0.0302704052497024,-0.00349937096844339,0.0069972008205781));
#2142=CARTESIAN_POINT('',(0.0300141624912469,-0.00343883815136536,0.00699873337092906));
#2143=CARTESIAN_POINT('',(0.0297460201995491,-0.00336324400233721,0.00692785133368327));
#2144=CARTESIAN_POINT('',(0.0295401350259231,-0.00340471975511966,0.0068195000393476));
#2145=CARTESIAN_POINT('',(0.0302731315815885,-0.0035,0.00699727781712538));
#2146=CARTESIAN_POINT('',(0.0302718533624796,-0.00349952066783418,0.00699727781712538));
#2147=CARTESIAN_POINT('',(0.0302705745030615,-0.00349903492162061,0.00699727618116158));
#2148=CARTESIAN_POINT('',(0.0300229377318773,-0.00340786154941631,0.00699670723177427));
#2149=CARTESIAN_POINT('',(0.0297711232172724,-0.0033,0.00693854862824803));
#2150=CARTESIAN_POINT('',(0.0295401350259231,-0.0033,0.0068195000393476));
#2151=CARTESIAN_POINT('',(0.0295401350259231,-0.0033,0.00681950003934758));
#2152=CARTESIAN_POINT('',(0.0295401350259231,-0.00340471975511966,0.00681950003934758));
#2153=CARTESIAN_POINT('',(0.0294964849688479,-0.00350000000000001,0.00690419359035233));
#2154=CARTESIAN_POINT('',(0.0294485104564649,-0.0035,0.00699727781712537));
#2155=CARTESIAN_POINT('',(0.031097752706712,-0.0035,0.00699727781712538));
#2156=CARTESIAN_POINT('',(0.030837890991444,-0.0035,0.00699727781712538));
#2157=CARTESIAN_POINT('',(0.0305545958666245,-0.0035,0.00699727781712542));
#2158=CARTESIAN_POINT('',(0.0302760082864311,-0.0035,0.00699727781712538));
#2159=CARTESIAN_POINT('',(0.0302745695780859,-0.0035,0.00699727781712538));
#2160=CARTESIAN_POINT('',(0.0302731315815885,-0.0035,0.00699727781712538));
#2161=CARTESIAN_POINT('',(0.0310737654505205,-0.0035,0.00695073570373886));
#2162=CARTESIAN_POINT('',(0.0308306457611692,-0.00346813439105234,0.00696434733926719));
#2163=CARTESIAN_POINT('',(0.0305490398504001,-0.00348433296846019,0.00699818977251603));
#2164=CARTESIAN_POINT('',(0.0302759562708264,-0.00349984029030672,0.00699727309975333));
#2165=CARTESIAN_POINT('',(0.0302745429485211,-0.0034999201113057,0.00699727781712538));
#2166=CARTESIAN_POINT('',(0.0302731315815885,-0.0035,0.00699727781712538));
#2167=CARTESIAN_POINT('',(0.0310260255335866,-0.00345656755289461,0.00685810665899684));
#2168=CARTESIAN_POINT('',(0.0308154688031133,-0.00339824774496525,0.00692746362205784));
#2169=CARTESIAN_POINT('',(0.0305379632258593,-0.00345396561889098,0.00699840983053782));
#2170=CARTESIAN_POINT('',(0.0302758521051902,-0.0034995173688211,0.00699727027762718));
#2171=CARTESIAN_POINT('',(0.0302744896893916,-0.00349976033391709,0.00699727781712538));
#2172=CARTESIAN_POINT('',(0.0302731315815885,-0.0035,0.00699727781712538));
#2173=CARTESIAN_POINT('',(0.0310061281372538,-0.00335235987755983,0.0068195000393476));
#2174=CARTESIAN_POINT('',(0.0307897986195987,-0.00333234207610323,0.00693172257501671));
#2175=CARTESIAN_POINT('',(0.0305281174456249,-0.00342298973381983,0.00699724352110743));
#2176=CARTESIAN_POINT('',(0.0302757434523495,-0.00349919663525569,0.0069972740863821));
#2177=CARTESIAN_POINT('',(0.0302744364302621,-0.00349960055652848,0.00699727781712538));
#2178=CARTESIAN_POINT('',(0.0302731315815885,-0.0035,0.00699727781712538));
#2179=CARTESIAN_POINT('',(0.0310061281372538,-0.0033,0.0068195000393476));
#2180=CARTESIAN_POINT('',(0.0307751399459045,-0.0033,0.00693854862824804));
#2181=CARTESIAN_POINT('',(0.0305233220571709,-0.00340747884602954,0.00699672351357661));
#2182=CARTESIAN_POINT('',(0.0302756886525598,-0.00349903635746951,0.00699727612990705));
#2183=CARTESIAN_POINT('',(0.0302744098006973,-0.00349952066783418,0.00699727781712538));
#2184=CARTESIAN_POINT('',(0.0302731315815885,-0.0035,0.00699727781712538));
#2185=CARTESIAN_POINT('',(0.031097752706712,-0.0035,0.00699727781712538));
#2186=CARTESIAN_POINT('',(0.031049778194329,-0.00349999999999999,0.00690419359035236));
#2187=CARTESIAN_POINT('',(0.0310061281372538,-0.00340471975511966,0.00681950003934762));
#2188=CARTESIAN_POINT('',(0.0310061281372538,-0.0033,0.00681950003934762));
#2189=CARTESIAN_POINT('',(0.03075,-0.0033,0.));
#2190=CARTESIAN_POINT('',(0.0302731315815885,-0.0033,0.00539727781712538));
#2191=MECHANICAL_DESIGN_GEOMETRIC_PRESENTATION_REPRESENTATION('',(#1137),
#2192);
#2192=(
GEOMETRIC_REPRESENTATION_CONTEXT(3)
GLOBAL_UNCERTAINTY_ASSIGNED_CONTEXT((#2193))
GLOBAL_UNIT_ASSIGNED_CONTEXT((#2196,#2195,#2194))
REPRESENTATION_CONTEXT('KP0039-01_PivotPhotoInterupter',
'TOP_LEVEL_ASSEMBLY_PART')
);
#2193=UNCERTAINTY_MEASURE_WITH_UNIT(LENGTH_MEASURE(2.E-5),#2196,
'DISTANCE_ACCURACY_VALUE','Maximum Tolerance applied to model');
#2194=(
NAMED_UNIT(*)
SI_UNIT($,.STERADIAN.)
SOLID_ANGLE_UNIT()
);
#2195=(
NAMED_UNIT(*)
PLANE_ANGLE_UNIT()
SI_UNIT($,.RADIAN.)
);
#2196=(
LENGTH_UNIT()
NAMED_UNIT(*)
SI_UNIT($,.METRE.)
);
#2197=PRODUCT_DEFINITION_SHAPE('','',#2198);
#2198=PRODUCT_DEFINITION('','',#2200,#2199);
#2199=PRODUCT_DEFINITION_CONTEXT('',#2206,'design');
#2200=PRODUCT_DEFINITION_FORMATION_WITH_SPECIFIED_SOURCE('','',#2202,
 .NOT_KNOWN.);
#2201=PRODUCT_RELATED_PRODUCT_CATEGORY('','',(#2202));
#2202=PRODUCT('KP0039-01_PivotPhotoInterupter',
'KP0039-01_PivotPhotoInterupter','KP0039-01_PivotPhotoInterupter',(#2204));
#2203=PRODUCT_CATEGORY('','');
#2204=PRODUCT_CONTEXT('',#2206,'mechanical');
#2205=APPLICATION_PROTOCOL_DEFINITION('international standard',
'automotive_design',2010,#2206);
#2206=APPLICATION_CONTEXT(
'core data for automotive mechanical design processes');
ENDSEC;
END-ISO-10303-21;
