ISO-10303-21;
HEADER;
/* Generated by software containing ST-Developer
 * from STEP Tools, Inc. (www.steptools.com) 
 */
/* OPTION: using custom renumber hook */

FILE_DESCRIPTION(
/* description */ ('STEP AP214',
'CAx-IF Rec.Pracs.---User Defined Attributes---1.5---2016-08-15'),
/* implementation_level */ '2;1');

FILE_NAME(
/* name */ '6a65b5a465321e5002a568fc',
/* time_stamp */ '2026-07-26T07:22:12Z',
/* author */ (''),
/* organization */ (''),
/* preprocessor_version */ 'ST-DEVELOPER v20',
/* originating_system */ 'ONSHAPE BY PTC INC, 1.218',
/* authorisation */ '  ');

FILE_SCHEMA (('AUTOMOTIVE_DESIGN {1 0 10303 214 3 1 1}'));
ENDSEC;

DATA;
#10=PROPERTY_DEFINITION_REPRESENTATION(#14,#12);
#11=PROPERTY_DEFINITION_REPRESENTATION(#15,#13);
#12=REPRESENTATION('',(#16),#2499);
#13=REPRESENTATION('',(#17),#2499);
#14=PROPERTY_DEFINITION('pmi validation property','',#2504);
#15=PROPERTY_DEFINITION('pmi validation property','',#2504);
#16=VALUE_REPRESENTATION_ITEM('number of annotations',COUNT_MEASURE(0.));
#17=VALUE_REPRESENTATION_ITEM('number of views',COUNT_MEASURE(0.));
#18=SHAPE_REPRESENTATION_RELATIONSHIP('','',#1344,#19);
#19=ADVANCED_BREP_SHAPE_REPRESENTATION('',(#1342),#2499);
#20=ELLIPSE('',#1464,0.00113201267360437,0.001);
#21=ELLIPSE('',#1465,0.0036790411892142,0.00325);
#22=ELLIPSE('',#1466,0.00113201267360437,0.001);
#23=ELLIPSE('',#1467,0.00113201267360437,0.001);
#24=ELLIPSE('',#1468,0.00367904118921419,0.00325);
#25=ELLIPSE('',#1469,0.00113201267360437,0.001);
#26=ELLIPSE('',#1470,0.00198102217880765,0.00175);
#27=ELLIPSE('',#1471,0.00198102217880765,0.00175);
#28=B_SPLINE_SURFACE_WITH_KNOTS('',3,3,((#2099,#2100,#2101,#2102,#2103,
#2104,#2105,#2106),(#2107,#2108,#2109,#2110,#2111,#2112,#2113,#2114),(#2115,
#2116,#2117,#2118,#2119,#2120,#2121,#2122),(#2123,#2124,#2125,#2126,#2127,
#2128,#2129,#2130)),.UNSPECIFIED.,.F.,.F.,.F.,(4,4),(4,2,1,1,4),(0.,1.),
(-0.000548289554315007,0.,0.0625210843035027,0.0937816264552541,0.156302710758757),
 .UNSPECIFIED.);
#29=B_SPLINE_SURFACE_WITH_KNOTS('',3,3,((#2143,#2144,#2145,#2146,#2147,
#2148,#2149,#2150),(#2151,#2152,#2153,#2154,#2155,#2156,#2157,#2158),(#2159,
#2160,#2161,#2162,#2163,#2164,#2165,#2166),(#2167,#2168,#2169,#2170,#2171,
#2172,#2173,#2174),(#2175,#2176,#2177,#2178,#2179,#2180,#2181,#2182)),
 .UNSPECIFIED.,.F.,.F.,.F.,(4,1,4),(4,1,1,2,4),(0.,0.5,1.),(0.34043442393632,
0.402955508239825,0.434216050391577,0.496737134695081,0.497285424249396),
 .UNSPECIFIED.);
#30=B_SPLINE_SURFACE_WITH_KNOTS('',3,3,((#2272,#2273,#2274,#2275,#2276,
#2277,#2278,#2279),(#2280,#2281,#2282,#2283,#2284,#2285,#2286,#2287),(#2288,
#2289,#2290,#2291,#2292,#2293,#2294,#2295),(#2296,#2297,#2298,#2299,#2300,
#2301,#2302,#2303)),.UNSPECIFIED.,.F.,.F.,.F.,(4,4),(4,2,1,1,4),(0.,1.),
(-0.000548289554945317,0.,0.0625210843034819,0.0937816264552229,0.156302710758705),
 .UNSPECIFIED.);
#31=B_SPLINE_SURFACE_WITH_KNOTS('',3,3,((#2308,#2309,#2310,#2311,#2312,
#2313,#2314,#2315),(#2316,#2317,#2318,#2319,#2320,#2321,#2322,#2323),(#2324,
#2325,#2326,#2327,#2328,#2329,#2330,#2331),(#2332,#2333,#2334,#2335,#2336,
#2337,#2338,#2339),(#2340,#2341,#2342,#2343,#2344,#2345,#2346,#2347)),
 .UNSPECIFIED.,.F.,.F.,.F.,(4,1,4),(4,1,1,2,4),(0.,0.5,1.),(0.340434423936267,
0.402955508239749,0.43421605039149,0.496737134694972,0.497285424249918),
 .UNSPECIFIED.);
#32=TOROIDAL_SURFACE('',#1408,0.0021,0.000499999999999999);
#33=TOROIDAL_SURFACE('',#1433,0.0021,0.000499999999999999);
#34=CYLINDRICAL_SURFACE('',#1349,0.0425);
#35=CYLINDRICAL_SURFACE('',#1353,0.0021);
#36=CYLINDRICAL_SURFACE('',#1357,0.0425);
#37=CYLINDRICAL_SURFACE('',#1362,0.0021);
#38=CYLINDRICAL_SURFACE('',#1366,0.041);
#39=CYLINDRICAL_SURFACE('',#1369,0.001);
#40=CYLINDRICAL_SURFACE('',#1371,0.00151067674415525);
#41=CYLINDRICAL_SURFACE('',#1375,0.00151067674415525);
#42=CYLINDRICAL_SURFACE('',#1378,0.0016);
#43=CYLINDRICAL_SURFACE('',#1382,0.0016);
#44=CYLINDRICAL_SURFACE('',#1386,0.0001);
#45=CYLINDRICAL_SURFACE('',#1389,0.0021);
#46=CYLINDRICAL_SURFACE('',#1392,0.0001);
#47=CYLINDRICAL_SURFACE('',#1400,0.0021);
#48=CYLINDRICAL_SURFACE('',#1402,0.0001);
#49=CYLINDRICAL_SURFACE('',#1404,0.0001);
#50=CYLINDRICAL_SURFACE('',#1414,0.0016);
#51=CYLINDRICAL_SURFACE('',#1417,0.0425);
#52=CYLINDRICAL_SURFACE('',#1422,0.00150687347519825);
#53=CYLINDRICAL_SURFACE('',#1426,0.00150687347519825);
#54=CYLINDRICAL_SURFACE('',#1431,0.0016);
#55=CYLINDRICAL_SURFACE('',#1436,0.048);
#56=CYLINDRICAL_SURFACE('',#1453,0.00215);
#57=CYLINDRICAL_SURFACE('',#1473,0.00215000000003345);
#58=CYLINDRICAL_SURFACE('',#1474,0.00215);
#59=CYLINDRICAL_SURFACE('',#1476,0.00175);
#60=CYLINDRICAL_SURFACE('',#1477,0.00175);
#61=CYLINDRICAL_SURFACE('',#1478,0.00325);
#62=CYLINDRICAL_SURFACE('',#1479,0.00325);
#63=CYLINDRICAL_SURFACE('',#1480,0.001);
#64=CYLINDRICAL_SURFACE('',#1481,0.001);
#65=CYLINDRICAL_SURFACE('',#1482,0.001);
#66=CYLINDRICAL_SURFACE('',#1483,0.001);
#67=CIRCLE('',#1347,0.00215);
#68=CIRCLE('',#1348,0.00215000000003345);
#69=CIRCLE('',#1350,0.0425);
#70=CIRCLE('',#1351,0.0425);
#71=CIRCLE('',#1352,0.0425);
#72=CIRCLE('',#1354,0.0021);
#73=CIRCLE('',#1355,0.0021);
#74=CIRCLE('',#1358,0.0425);
#75=CIRCLE('',#1359,0.0425);
#76=CIRCLE('',#1360,0.0425);
#77=CIRCLE('',#1361,0.0425);
#78=CIRCLE('',#1363,0.0021);
#79=CIRCLE('',#1364,0.0021);
#80=CIRCLE('',#1367,0.041);
#81=CIRCLE('',#1368,0.041);
#82=CIRCLE('',#1372,0.00151067674415525);
#83=CIRCLE('',#1373,0.00151067674415525);
#84=CIRCLE('',#1376,0.00151067674415525);
#85=CIRCLE('',#1377,0.00151067674415525);
#86=CIRCLE('',#1379,0.0016);
#87=CIRCLE('',#1380,0.0016);
#88=CIRCLE('',#1381,0.0016);
#89=CIRCLE('',#1383,0.0016);
#90=CIRCLE('',#1384,0.0016);
#91=CIRCLE('',#1385,0.0016);
#92=CIRCLE('',#1387,0.0001);
#93=CIRCLE('',#1388,0.0001);
#94=CIRCLE('',#1390,0.0021);
#95=CIRCLE('',#1391,0.0021);
#96=CIRCLE('',#1393,0.0001);
#97=CIRCLE('',#1394,0.0001);
#98=CIRCLE('',#1396,0.0425);
#99=CIRCLE('',#1398,0.0021);
#100=CIRCLE('',#1399,0.0001);
#101=CIRCLE('',#1401,0.0021);
#102=CIRCLE('',#1403,0.0001);
#103=CIRCLE('',#1405,0.0001);
#104=CIRCLE('',#1406,0.0001);
#105=CIRCLE('',#1409,0.0016);
#106=CIRCLE('',#1412,0.0016);
#107=CIRCLE('',#1416,0.00215);
#108=CIRCLE('',#1418,0.0425);
#109=CIRCLE('',#1419,0.0425);
#110=CIRCLE('',#1423,0.00150687347519825);
#111=CIRCLE('',#1424,0.00150687347519825);
#112=CIRCLE('',#1427,0.00150687347519825);
#113=CIRCLE('',#1428,0.00150687347519825);
#114=CIRCLE('',#1430,0.0016);
#115=CIRCLE('',#1432,0.0016);
#116=CIRCLE('',#1435,0.048);
#117=CIRCLE('',#1437,0.048);
#118=CIRCLE('',#1443,0.00175);
#119=CIRCLE('',#1444,0.00175);
#120=CIRCLE('',#1446,0.001);
#121=CIRCLE('',#1447,0.00325);
#122=CIRCLE('',#1448,0.001);
#123=CIRCLE('',#1449,0.001);
#124=CIRCLE('',#1450,0.00325);
#125=CIRCLE('',#1451,0.001);
#126=CIRCLE('',#1454,0.00215);
#127=CIRCLE('',#1461,0.00215000000003345);
#128=CIRCLE('',#1462,0.00215);
#129=LINE('',#1879,#235);
#130=LINE('',#1881,#236);
#131=LINE('',#1899,#237);
#132=LINE('',#1906,#238);
#133=LINE('',#1910,#239);
#134=LINE('',#1914,#240);
#135=LINE('',#1919,#241);
#136=LINE('',#1923,#242);
#137=LINE('',#1925,#243);
#138=LINE('',#1927,#244);
#139=LINE('',#1929,#245);
#140=LINE('',#1931,#246);
#141=LINE('',#1936,#247);
#142=LINE('',#1940,#248);
#143=LINE('',#1944,#249);
#144=LINE('',#1948,#250);
#145=LINE('',#1952,#251);
#146=LINE('',#1956,#252);
#147=LINE('',#1958,#253);
#148=LINE('',#1960,#254);
#149=LINE('',#1962,#255);
#150=LINE('',#1967,#256);
#151=LINE('',#1993,#257);
#152=LINE('',#1995,#258);
#153=LINE('',#1996,#259);
#154=LINE('',#1998,#260);
#155=LINE('',#2001,#261);
#156=LINE('',#2003,#262);
#157=LINE('',#2005,#263);
#158=LINE('',#2009,#264);
#159=LINE('',#2013,#265);
#160=LINE('',#2015,#266);
#161=LINE('',#2017,#267);
#162=LINE('',#2025,#268);
#163=LINE('',#2030,#269);
#164=LINE('',#2035,#270);
#165=LINE('',#2040,#271);
#166=LINE('',#2050,#272);
#167=LINE('',#2142,#273);
#168=LINE('',#2183,#274);
#169=LINE('',#2204,#275);
#170=LINE('',#2208,#276);
#171=LINE('',#2212,#277);
#172=LINE('',#2214,#278);
#173=LINE('',#2216,#279);
#174=LINE('',#2218,#280);
#175=LINE('',#2220,#281);
#176=LINE('',#2222,#282);
#177=LINE('',#2225,#283);
#178=LINE('',#2227,#284);
#179=LINE('',#2229,#285);
#180=LINE('',#2231,#286);
#181=LINE('',#2237,#287);
#182=LINE('',#2240,#288);
#183=LINE('',#2241,#289);
#184=LINE('',#2354,#290);
#185=LINE('',#2356,#291);
#186=LINE('',#2360,#292);
#187=LINE('',#2362,#293);
#188=LINE('',#2366,#294);
#189=LINE('',#2367,#295);
#190=LINE('',#2369,#296);
#191=LINE('',#2371,#297);
#192=LINE('',#2373,#298);
#193=LINE('',#2375,#299);
#194=LINE('',#2377,#300);
#195=LINE('',#2379,#301);
#196=LINE('',#2381,#302);
#197=LINE('',#2383,#303);
#198=LINE('',#2385,#304);
#199=LINE('',#2391,#305);
#200=LINE('',#2393,#306);
#201=LINE('',#2395,#307);
#202=LINE('',#2397,#308);
#203=LINE('',#2406,#309);
#204=LINE('',#2414,#310);
#205=LINE('',#2416,#311);
#206=LINE('',#2417,#312);
#207=LINE('',#2419,#313);
#208=LINE('',#2421,#314);
#209=LINE('',#2423,#315);
#210=LINE('',#2427,#316);
#211=LINE('',#2429,#317);
#212=LINE('',#2431,#318);
#213=LINE('',#2433,#319);
#214=LINE('',#2435,#320);
#215=LINE('',#2437,#321);
#216=LINE('',#2439,#322);
#217=LINE('',#2441,#323);
#218=LINE('',#2443,#324);
#219=LINE('',#2445,#325);
#220=LINE('',#2447,#326);
#221=LINE('',#2449,#327);
#222=LINE('',#2451,#328);
#223=LINE('',#2455,#329);
#224=LINE('',#2459,#330);
#225=LINE('',#2461,#331);
#226=LINE('',#2473,#332);
#227=LINE('',#2479,#333);
#228=LINE('',#2480,#334);
#229=LINE('',#2482,#335);
#230=LINE('',#2484,#336);
#231=LINE('',#2489,#337);
#232=LINE('',#2490,#338);
#233=LINE('',#2492,#339);
#234=LINE('',#2493,#340);
#235=VECTOR('',#1488,1.);
#236=VECTOR('',#1489,1.);
#237=VECTOR('',#1492,1.);
#238=VECTOR('',#1499,1.);
#239=VECTOR('',#1502,1.);
#240=VECTOR('',#1505,1.);
#241=VECTOR('',#1510,1.);
#242=VECTOR('',#1513,1.);
#243=VECTOR('',#1516,1.);
#244=VECTOR('',#1517,1.);
#245=VECTOR('',#1518,1.);
#246=VECTOR('',#1519,1.);
#247=VECTOR('',#1524,1.);
#248=VECTOR('',#1527,1.);
#249=VECTOR('',#1530,1.);
#250=VECTOR('',#1533,1.);
#251=VECTOR('',#1538,1.);
#252=VECTOR('',#1543,1.);
#253=VECTOR('',#1544,1.);
#254=VECTOR('',#1545,1.);
#255=VECTOR('',#1546,1.);
#256=VECTOR('',#1551,1.);
#257=VECTOR('',#1554,1.);
#258=VECTOR('',#1557,1.);
#259=VECTOR('',#1558,1.);
#260=VECTOR('',#1561,1.);
#261=VECTOR('',#1562,1.);
#262=VECTOR('',#1563,1.);
#263=VECTOR('',#1564,1.);
#264=VECTOR('',#1569,1.);
#265=VECTOR('',#1574,1.);
#266=VECTOR('',#1575,1.);
#267=VECTOR('',#1576,1.);
#268=VECTOR('',#1587,1.);
#269=VECTOR('',#1592,1.);
#270=VECTOR('',#1597,1.);
#271=VECTOR('',#1602,1.);
#272=VECTOR('',#1619,1.);
#273=VECTOR('',#1652,1.);
#274=VECTOR('',#1653,1.);
#275=VECTOR('',#1668,1.);
#276=VECTOR('',#1673,1.);
#277=VECTOR('',#1678,1.);
#278=VECTOR('',#1679,1.);
#279=VECTOR('',#1680,1.);
#280=VECTOR('',#1681,1.);
#281=VECTOR('',#1682,1.);
#282=VECTOR('',#1685,1.);
#283=VECTOR('',#1686,1.);
#284=VECTOR('',#1687,1.);
#285=VECTOR('',#1688,1.);
#286=VECTOR('',#1691,1.);
#287=VECTOR('',#1698,1.);
#288=VECTOR('',#1699,1.);
#289=VECTOR('',#1700,1.);
#290=VECTOR('',#1719,1.);
#291=VECTOR('',#1720,1.);
#292=VECTOR('',#1725,1.);
#293=VECTOR('',#1726,1.);
#294=VECTOR('',#1731,1.);
#295=VECTOR('',#1732,1.);
#296=VECTOR('',#1733,1.);
#297=VECTOR('',#1736,1.);
#298=VECTOR('',#1737,1.);
#299=VECTOR('',#1740,1.);
#300=VECTOR('',#1741,1.);
#301=VECTOR('',#1742,1.);
#302=VECTOR('',#1745,1.);
#303=VECTOR('',#1746,1.);
#304=VECTOR('',#1747,1.);
#305=VECTOR('',#1754,1.);
#306=VECTOR('',#1755,1.);
#307=VECTOR('',#1756,1.);
#308=VECTOR('',#1759,1.);
#309=VECTOR('',#1766,1.);
#310=VECTOR('',#1773,1.);
#311=VECTOR('',#1774,1.);
#312=VECTOR('',#1775,1.);
#313=VECTOR('',#1778,1.);
#314=VECTOR('',#1779,1.);
#315=VECTOR('',#1780,1.);
#316=VECTOR('',#1787,1.);
#317=VECTOR('',#1788,1.);
#318=VECTOR('',#1789,1.);
#319=VECTOR('',#1792,1.);
#320=VECTOR('',#1793,1.);
#321=VECTOR('',#1796,1.);
#322=VECTOR('',#1797,1.);
#323=VECTOR('',#1800,1.);
#324=VECTOR('',#1801,1.);
#325=VECTOR('',#1804,1.);
#326=VECTOR('',#1805,1.);
#327=VECTOR('',#1808,1.);
#328=VECTOR('',#1809,1.);
#329=VECTOR('',#1812,1.);
#330=VECTOR('',#1815,1.);
#331=VECTOR('',#1816,1.);
#332=VECTOR('',#1831,1.);
#333=VECTOR('',#1838,1.);
#334=VECTOR('',#1839,1.);
#335=VECTOR('',#1842,1.);
#336=VECTOR('',#1845,1.);
#337=VECTOR('',#1854,1.);
#338=VECTOR('',#1855,1.);
#339=VECTOR('',#1858,1.);
#340=VECTOR('',#1859,1.);
#341=ORIENTED_EDGE('',*,*,#723,.T.);
#342=ORIENTED_EDGE('',*,*,#724,.T.);
#343=ORIENTED_EDGE('',*,*,#725,.F.);
#344=ORIENTED_EDGE('',*,*,#726,.F.);
#345=ORIENTED_EDGE('',*,*,#727,.T.);
#346=ORIENTED_EDGE('',*,*,#728,.T.);
#347=ORIENTED_EDGE('',*,*,#729,.F.);
#348=ORIENTED_EDGE('',*,*,#730,.T.);
#349=ORIENTED_EDGE('',*,*,#731,.F.);
#350=ORIENTED_EDGE('',*,*,#732,.F.);
#351=ORIENTED_EDGE('',*,*,#733,.F.);
#352=ORIENTED_EDGE('',*,*,#734,.T.);
#353=ORIENTED_EDGE('',*,*,#735,.F.);
#354=ORIENTED_EDGE('',*,*,#736,.T.);
#355=ORIENTED_EDGE('',*,*,#737,.F.);
#356=ORIENTED_EDGE('',*,*,#738,.F.);
#357=ORIENTED_EDGE('',*,*,#739,.F.);
#358=ORIENTED_EDGE('',*,*,#740,.T.);
#359=ORIENTED_EDGE('',*,*,#741,.T.);
#360=ORIENTED_EDGE('',*,*,#739,.T.);
#361=ORIENTED_EDGE('',*,*,#742,.F.);
#362=ORIENTED_EDGE('',*,*,#743,.F.);
#363=ORIENTED_EDGE('',*,*,#744,.F.);
#364=ORIENTED_EDGE('',*,*,#745,.T.);
#365=ORIENTED_EDGE('',*,*,#746,.F.);
#366=ORIENTED_EDGE('',*,*,#747,.F.);
#367=ORIENTED_EDGE('',*,*,#748,.T.);
#368=ORIENTED_EDGE('',*,*,#749,.F.);
#369=ORIENTED_EDGE('',*,*,#750,.T.);
#370=ORIENTED_EDGE('',*,*,#751,.F.);
#371=ORIENTED_EDGE('',*,*,#752,.F.);
#372=ORIENTED_EDGE('',*,*,#753,.F.);
#373=ORIENTED_EDGE('',*,*,#754,.F.);
#374=ORIENTED_EDGE('',*,*,#755,.F.);
#375=ORIENTED_EDGE('',*,*,#756,.T.);
#376=ORIENTED_EDGE('',*,*,#749,.T.);
#377=ORIENTED_EDGE('',*,*,#755,.T.);
#378=ORIENTED_EDGE('',*,*,#757,.F.);
#379=ORIENTED_EDGE('',*,*,#758,.T.);
#380=ORIENTED_EDGE('',*,*,#759,.F.);
#381=ORIENTED_EDGE('',*,*,#760,.T.);
#382=ORIENTED_EDGE('',*,*,#761,.F.);
#383=ORIENTED_EDGE('',*,*,#762,.T.);
#384=ORIENTED_EDGE('',*,*,#763,.F.);
#385=ORIENTED_EDGE('',*,*,#764,.F.);
#386=ORIENTED_EDGE('',*,*,#765,.F.);
#387=ORIENTED_EDGE('',*,*,#766,.T.);
#388=ORIENTED_EDGE('',*,*,#763,.T.);
#389=ORIENTED_EDGE('',*,*,#767,.T.);
#390=ORIENTED_EDGE('',*,*,#765,.T.);
#391=ORIENTED_EDGE('',*,*,#768,.T.);
#392=ORIENTED_EDGE('',*,*,#769,.F.);
#393=ORIENTED_EDGE('',*,*,#770,.F.);
#394=ORIENTED_EDGE('',*,*,#771,.F.);
#395=ORIENTED_EDGE('',*,*,#772,.F.);
#396=ORIENTED_EDGE('',*,*,#771,.T.);
#397=ORIENTED_EDGE('',*,*,#773,.F.);
#398=ORIENTED_EDGE('',*,*,#774,.F.);
#399=ORIENTED_EDGE('',*,*,#775,.F.);
#400=ORIENTED_EDGE('',*,*,#774,.T.);
#401=ORIENTED_EDGE('',*,*,#776,.F.);
#402=ORIENTED_EDGE('',*,*,#777,.F.);
#403=ORIENTED_EDGE('',*,*,#778,.F.);
#404=ORIENTED_EDGE('',*,*,#777,.T.);
#405=ORIENTED_EDGE('',*,*,#779,.F.);
#406=ORIENTED_EDGE('',*,*,#769,.T.);
#407=ORIENTED_EDGE('',*,*,#780,.F.);
#408=ORIENTED_EDGE('',*,*,#781,.F.);
#409=ORIENTED_EDGE('',*,*,#782,.F.);
#410=ORIENTED_EDGE('',*,*,#783,.F.);
#411=ORIENTED_EDGE('',*,*,#784,.F.);
#412=ORIENTED_EDGE('',*,*,#785,.F.);
#413=ORIENTED_EDGE('',*,*,#786,.F.);
#414=ORIENTED_EDGE('',*,*,#787,.F.);
#415=ORIENTED_EDGE('',*,*,#788,.F.);
#416=ORIENTED_EDGE('',*,*,#789,.F.);
#417=ORIENTED_EDGE('',*,*,#790,.F.);
#418=ORIENTED_EDGE('',*,*,#791,.T.);
#419=ORIENTED_EDGE('',*,*,#737,.T.);
#420=ORIENTED_EDGE('',*,*,#792,.T.);
#421=ORIENTED_EDGE('',*,*,#787,.T.);
#422=ORIENTED_EDGE('',*,*,#793,.F.);
#423=ORIENTED_EDGE('',*,*,#759,.T.);
#424=ORIENTED_EDGE('',*,*,#794,.F.);
#425=ORIENTED_EDGE('',*,*,#735,.T.);
#426=ORIENTED_EDGE('',*,*,#795,.T.);
#427=ORIENTED_EDGE('',*,*,#796,.T.);
#428=ORIENTED_EDGE('',*,*,#797,.T.);
#429=ORIENTED_EDGE('',*,*,#785,.T.);
#430=ORIENTED_EDGE('',*,*,#784,.T.);
#431=ORIENTED_EDGE('',*,*,#742,.T.);
#432=ORIENTED_EDGE('',*,*,#738,.T.);
#433=ORIENTED_EDGE('',*,*,#798,.F.);
#434=ORIENTED_EDGE('',*,*,#795,.F.);
#435=ORIENTED_EDGE('',*,*,#752,.T.);
#436=ORIENTED_EDGE('',*,*,#799,.F.);
#437=ORIENTED_EDGE('',*,*,#743,.T.);
#438=ORIENTED_EDGE('',*,*,#783,.T.);
#439=ORIENTED_EDGE('',*,*,#800,.F.);
#440=ORIENTED_EDGE('',*,*,#801,.F.);
#441=ORIENTED_EDGE('',*,*,#744,.T.);
#442=ORIENTED_EDGE('',*,*,#799,.T.);
#443=ORIENTED_EDGE('',*,*,#751,.T.);
#444=ORIENTED_EDGE('',*,*,#802,.T.);
#445=ORIENTED_EDGE('',*,*,#753,.T.);
#446=ORIENTED_EDGE('',*,*,#800,.T.);
#447=ORIENTED_EDGE('',*,*,#782,.T.);
#448=ORIENTED_EDGE('',*,*,#803,.T.);
#449=ORIENTED_EDGE('',*,*,#747,.T.);
#450=ORIENTED_EDGE('',*,*,#804,.T.);
#451=ORIENTED_EDGE('',*,*,#790,.T.);
#452=ORIENTED_EDGE('',*,*,#789,.T.);
#453=ORIENTED_EDGE('',*,*,#757,.T.);
#454=ORIENTED_EDGE('',*,*,#754,.T.);
#455=ORIENTED_EDGE('',*,*,#748,.F.);
#456=ORIENTED_EDGE('',*,*,#803,.F.);
#457=ORIENTED_EDGE('',*,*,#805,.T.);
#458=ORIENTED_EDGE('',*,*,#806,.T.);
#459=ORIENTED_EDGE('',*,*,#807,.T.);
#460=ORIENTED_EDGE('',*,*,#808,.T.);
#461=ORIENTED_EDGE('',*,*,#809,.F.);
#462=ORIENTED_EDGE('',*,*,#810,.T.);
#463=ORIENTED_EDGE('',*,*,#807,.F.);
#464=ORIENTED_EDGE('',*,*,#811,.T.);
#465=ORIENTED_EDGE('',*,*,#812,.F.);
#466=ORIENTED_EDGE('',*,*,#805,.F.);
#467=ORIENTED_EDGE('',*,*,#764,.T.);
#468=ORIENTED_EDGE('',*,*,#768,.F.);
#469=ORIENTED_EDGE('',*,*,#775,.T.);
#470=ORIENTED_EDGE('',*,*,#778,.T.);
#471=ORIENTED_EDGE('',*,*,#780,.T.);
#472=ORIENTED_EDGE('',*,*,#772,.T.);
#473=ORIENTED_EDGE('',*,*,#813,.T.);
#474=ORIENTED_EDGE('',*,*,#736,.F.);
#475=ORIENTED_EDGE('',*,*,#794,.T.);
#476=ORIENTED_EDGE('',*,*,#758,.F.);
#477=ORIENTED_EDGE('',*,*,#788,.T.);
#478=ORIENTED_EDGE('',*,*,#792,.F.);
#479=ORIENTED_EDGE('',*,*,#806,.F.);
#480=ORIENTED_EDGE('',*,*,#812,.T.);
#481=ORIENTED_EDGE('',*,*,#809,.T.);
#482=ORIENTED_EDGE('',*,*,#813,.F.);
#483=ORIENTED_EDGE('',*,*,#810,.F.);
#484=ORIENTED_EDGE('',*,*,#811,.F.);
#485=ORIENTED_EDGE('',*,*,#808,.F.);
#486=ORIENTED_EDGE('',*,*,#814,.T.);
#487=ORIENTED_EDGE('',*,*,#815,.T.);
#488=ORIENTED_EDGE('',*,*,#798,.T.);
#489=ORIENTED_EDGE('',*,*,#741,.F.);
#490=ORIENTED_EDGE('',*,*,#816,.T.);
#491=ORIENTED_EDGE('',*,*,#817,.F.);
#492=ORIENTED_EDGE('',*,*,#818,.F.);
#493=ORIENTED_EDGE('',*,*,#796,.F.);
#494=ORIENTED_EDGE('',*,*,#819,.F.);
#495=ORIENTED_EDGE('',*,*,#820,.F.);
#496=ORIENTED_EDGE('',*,*,#821,.F.);
#497=ORIENTED_EDGE('',*,*,#822,.F.);
#498=ORIENTED_EDGE('',*,*,#823,.F.);
#499=ORIENTED_EDGE('',*,*,#766,.F.);
#500=ORIENTED_EDGE('',*,*,#767,.F.);
#501=ORIENTED_EDGE('',*,*,#762,.F.);
#502=ORIENTED_EDGE('',*,*,#824,.F.);
#503=ORIENTED_EDGE('',*,*,#825,.F.);
#504=ORIENTED_EDGE('',*,*,#826,.F.);
#505=ORIENTED_EDGE('',*,*,#827,.F.);
#506=ORIENTED_EDGE('',*,*,#828,.T.);
#507=ORIENTED_EDGE('',*,*,#829,.F.);
#508=ORIENTED_EDGE('',*,*,#824,.T.);
#509=ORIENTED_EDGE('',*,*,#830,.F.);
#510=ORIENTED_EDGE('',*,*,#831,.T.);
#511=ORIENTED_EDGE('',*,*,#832,.F.);
#512=ORIENTED_EDGE('',*,*,#828,.F.);
#513=ORIENTED_EDGE('',*,*,#833,.F.);
#514=ORIENTED_EDGE('',*,*,#826,.T.);
#515=ORIENTED_EDGE('',*,*,#834,.F.);
#516=ORIENTED_EDGE('',*,*,#831,.F.);
#517=ORIENTED_EDGE('',*,*,#835,.F.);
#518=ORIENTED_EDGE('',*,*,#835,.T.);
#519=ORIENTED_EDGE('',*,*,#833,.T.);
#520=ORIENTED_EDGE('',*,*,#830,.T.);
#521=ORIENTED_EDGE('',*,*,#827,.T.);
#522=ORIENTED_EDGE('',*,*,#836,.T.);
#523=ORIENTED_EDGE('',*,*,#837,.F.);
#524=ORIENTED_EDGE('',*,*,#838,.T.);
#525=ORIENTED_EDGE('',*,*,#839,.T.);
#526=ORIENTED_EDGE('',*,*,#836,.F.);
#527=ORIENTED_EDGE('',*,*,#839,.F.);
#528=ORIENTED_EDGE('',*,*,#725,.T.);
#529=ORIENTED_EDGE('',*,*,#840,.F.);
#530=ORIENTED_EDGE('',*,*,#726,.T.);
#531=ORIENTED_EDGE('',*,*,#838,.F.);
#532=ORIENTED_EDGE('',*,*,#841,.F.);
#533=ORIENTED_EDGE('',*,*,#841,.T.);
#534=ORIENTED_EDGE('',*,*,#837,.T.);
#535=ORIENTED_EDGE('',*,*,#840,.T.);
#536=ORIENTED_EDGE('',*,*,#724,.F.);
#537=ORIENTED_EDGE('',*,*,#727,.F.);
#538=ORIENTED_EDGE('',*,*,#834,.T.);
#539=ORIENTED_EDGE('',*,*,#825,.T.);
#540=ORIENTED_EDGE('',*,*,#829,.T.);
#541=ORIENTED_EDGE('',*,*,#832,.T.);
#542=ORIENTED_EDGE('',*,*,#773,.T.);
#543=ORIENTED_EDGE('',*,*,#770,.T.);
#544=ORIENTED_EDGE('',*,*,#779,.T.);
#545=ORIENTED_EDGE('',*,*,#776,.T.);
#546=ORIENTED_EDGE('',*,*,#842,.F.);
#547=ORIENTED_EDGE('',*,*,#819,.T.);
#548=ORIENTED_EDGE('',*,*,#761,.T.);
#549=ORIENTED_EDGE('',*,*,#823,.T.);
#550=ORIENTED_EDGE('',*,*,#843,.F.);
#551=ORIENTED_EDGE('',*,*,#844,.T.);
#552=ORIENTED_EDGE('',*,*,#845,.F.);
#553=ORIENTED_EDGE('',*,*,#844,.F.);
#554=ORIENTED_EDGE('',*,*,#846,.F.);
#555=ORIENTED_EDGE('',*,*,#847,.F.);
#556=ORIENTED_EDGE('',*,*,#802,.F.);
#557=ORIENTED_EDGE('',*,*,#781,.T.);
#558=ORIENTED_EDGE('',*,*,#797,.F.);
#559=ORIENTED_EDGE('',*,*,#818,.T.);
#560=ORIENTED_EDGE('',*,*,#848,.F.);
#561=ORIENTED_EDGE('',*,*,#847,.T.);
#562=ORIENTED_EDGE('',*,*,#849,.F.);
#563=ORIENTED_EDGE('',*,*,#850,.T.);
#564=ORIENTED_EDGE('',*,*,#732,.T.);
#565=ORIENTED_EDGE('',*,*,#791,.F.);
#566=ORIENTED_EDGE('',*,*,#786,.T.);
#567=ORIENTED_EDGE('',*,*,#804,.F.);
#568=ORIENTED_EDGE('',*,*,#746,.T.);
#569=ORIENTED_EDGE('',*,*,#851,.F.);
#570=ORIENTED_EDGE('',*,*,#852,.T.);
#571=ORIENTED_EDGE('',*,*,#733,.T.);
#572=ORIENTED_EDGE('',*,*,#850,.F.);
#573=ORIENTED_EDGE('',*,*,#852,.F.);
#574=ORIENTED_EDGE('',*,*,#853,.F.);
#575=ORIENTED_EDGE('',*,*,#854,.F.);
#576=ORIENTED_EDGE('',*,*,#855,.F.);
#577=ORIENTED_EDGE('',*,*,#816,.F.);
#578=ORIENTED_EDGE('',*,*,#740,.F.);
#579=ORIENTED_EDGE('',*,*,#745,.F.);
#580=ORIENTED_EDGE('',*,*,#801,.T.);
#581=ORIENTED_EDGE('',*,*,#750,.F.);
#582=ORIENTED_EDGE('',*,*,#756,.F.);
#583=ORIENTED_EDGE('',*,*,#760,.F.);
#584=ORIENTED_EDGE('',*,*,#793,.T.);
#585=ORIENTED_EDGE('',*,*,#734,.F.);
#586=ORIENTED_EDGE('',*,*,#856,.F.);
#587=ORIENTED_EDGE('',*,*,#821,.T.);
#588=ORIENTED_EDGE('',*,*,#857,.F.);
#589=ORIENTED_EDGE('',*,*,#858,.F.);
#590=ORIENTED_EDGE('',*,*,#859,.F.);
#591=ORIENTED_EDGE('',*,*,#860,.F.);
#592=ORIENTED_EDGE('',*,*,#858,.T.);
#593=ORIENTED_EDGE('',*,*,#861,.F.);
#594=ORIENTED_EDGE('',*,*,#862,.T.);
#595=ORIENTED_EDGE('',*,*,#863,.F.);
#596=ORIENTED_EDGE('',*,*,#864,.F.);
#597=ORIENTED_EDGE('',*,*,#865,.T.);
#598=ORIENTED_EDGE('',*,*,#866,.F.);
#599=ORIENTED_EDGE('',*,*,#867,.T.);
#600=ORIENTED_EDGE('',*,*,#868,.T.);
#601=ORIENTED_EDGE('',*,*,#869,.T.);
#602=ORIENTED_EDGE('',*,*,#870,.F.);
#603=ORIENTED_EDGE('',*,*,#871,.T.);
#604=ORIENTED_EDGE('',*,*,#872,.F.);
#605=ORIENTED_EDGE('',*,*,#873,.T.);
#606=ORIENTED_EDGE('',*,*,#854,.T.);
#607=ORIENTED_EDGE('',*,*,#874,.T.);
#608=ORIENTED_EDGE('',*,*,#875,.F.);
#609=ORIENTED_EDGE('',*,*,#815,.F.);
#610=ORIENTED_EDGE('',*,*,#876,.F.);
#611=ORIENTED_EDGE('',*,*,#877,.F.);
#612=ORIENTED_EDGE('',*,*,#876,.T.);
#613=ORIENTED_EDGE('',*,*,#814,.F.);
#614=ORIENTED_EDGE('',*,*,#875,.T.);
#615=ORIENTED_EDGE('',*,*,#878,.F.);
#616=ORIENTED_EDGE('',*,*,#872,.T.);
#617=ORIENTED_EDGE('',*,*,#879,.T.);
#618=ORIENTED_EDGE('',*,*,#880,.F.);
#619=ORIENTED_EDGE('',*,*,#881,.F.);
#620=ORIENTED_EDGE('',*,*,#881,.T.);
#621=ORIENTED_EDGE('',*,*,#882,.T.);
#622=ORIENTED_EDGE('',*,*,#883,.T.);
#623=ORIENTED_EDGE('',*,*,#861,.T.);
#624=ORIENTED_EDGE('',*,*,#857,.T.);
#625=ORIENTED_EDGE('',*,*,#820,.T.);
#626=ORIENTED_EDGE('',*,*,#842,.T.);
#627=ORIENTED_EDGE('',*,*,#845,.T.);
#628=ORIENTED_EDGE('',*,*,#848,.T.);
#629=ORIENTED_EDGE('',*,*,#817,.T.);
#630=ORIENTED_EDGE('',*,*,#855,.T.);
#631=ORIENTED_EDGE('',*,*,#873,.F.);
#632=ORIENTED_EDGE('',*,*,#884,.F.);
#633=ORIENTED_EDGE('',*,*,#862,.F.);
#634=ORIENTED_EDGE('',*,*,#883,.F.);
#635=ORIENTED_EDGE('',*,*,#885,.F.);
#636=ORIENTED_EDGE('',*,*,#856,.T.);
#637=ORIENTED_EDGE('',*,*,#863,.T.);
#638=ORIENTED_EDGE('',*,*,#884,.T.);
#639=ORIENTED_EDGE('',*,*,#886,.T.);
#640=ORIENTED_EDGE('',*,*,#887,.T.);
#641=ORIENTED_EDGE('',*,*,#874,.F.);
#642=ORIENTED_EDGE('',*,*,#853,.T.);
#643=ORIENTED_EDGE('',*,*,#851,.T.);
#644=ORIENTED_EDGE('',*,*,#849,.T.);
#645=ORIENTED_EDGE('',*,*,#846,.T.);
#646=ORIENTED_EDGE('',*,*,#843,.T.);
#647=ORIENTED_EDGE('',*,*,#822,.T.);
#648=ORIENTED_EDGE('',*,*,#888,.F.);
#649=ORIENTED_EDGE('',*,*,#889,.T.);
#650=ORIENTED_EDGE('',*,*,#864,.T.);
#651=ORIENTED_EDGE('',*,*,#887,.F.);
#652=ORIENTED_EDGE('',*,*,#878,.T.);
#653=ORIENTED_EDGE('',*,*,#877,.T.);
#654=ORIENTED_EDGE('',*,*,#868,.F.);
#655=ORIENTED_EDGE('',*,*,#890,.T.);
#656=ORIENTED_EDGE('',*,*,#891,.T.);
#657=ORIENTED_EDGE('',*,*,#892,.T.);
#658=ORIENTED_EDGE('',*,*,#893,.T.);
#659=ORIENTED_EDGE('',*,*,#894,.T.);
#660=ORIENTED_EDGE('',*,*,#895,.T.);
#661=ORIENTED_EDGE('',*,*,#896,.T.);
#662=ORIENTED_EDGE('',*,*,#891,.F.);
#663=ORIENTED_EDGE('',*,*,#897,.T.);
#664=ORIENTED_EDGE('',*,*,#898,.F.);
#665=ORIENTED_EDGE('',*,*,#899,.T.);
#666=ORIENTED_EDGE('',*,*,#888,.T.);
#667=ORIENTED_EDGE('',*,*,#886,.F.);
#668=ORIENTED_EDGE('',*,*,#885,.T.);
#669=ORIENTED_EDGE('',*,*,#882,.F.);
#670=ORIENTED_EDGE('',*,*,#880,.T.);
#671=ORIENTED_EDGE('',*,*,#900,.T.);
#672=ORIENTED_EDGE('',*,*,#901,.F.);
#673=ORIENTED_EDGE('',*,*,#902,.T.);
#674=ORIENTED_EDGE('',*,*,#895,.F.);
#675=ORIENTED_EDGE('',*,*,#903,.T.);
#676=ORIENTED_EDGE('',*,*,#904,.F.);
#677=ORIENTED_EDGE('',*,*,#905,.F.);
#678=ORIENTED_EDGE('',*,*,#906,.T.);
#679=ORIENTED_EDGE('',*,*,#728,.F.);
#680=ORIENTED_EDGE('',*,*,#723,.F.);
#681=ORIENTED_EDGE('',*,*,#907,.T.);
#682=ORIENTED_EDGE('',*,*,#903,.F.);
#683=ORIENTED_EDGE('',*,*,#907,.F.);
#684=ORIENTED_EDGE('',*,*,#731,.T.);
#685=ORIENTED_EDGE('',*,*,#908,.T.);
#686=ORIENTED_EDGE('',*,*,#892,.F.);
#687=ORIENTED_EDGE('',*,*,#909,.T.);
#688=ORIENTED_EDGE('',*,*,#729,.T.);
#689=ORIENTED_EDGE('',*,*,#906,.F.);
#690=ORIENTED_EDGE('',*,*,#894,.F.);
#691=ORIENTED_EDGE('',*,*,#908,.F.);
#692=ORIENTED_EDGE('',*,*,#730,.F.);
#693=ORIENTED_EDGE('',*,*,#909,.F.);
#694=ORIENTED_EDGE('',*,*,#893,.F.);
#695=ORIENTED_EDGE('',*,*,#905,.T.);
#696=ORIENTED_EDGE('',*,*,#860,.T.);
#697=ORIENTED_EDGE('',*,*,#904,.T.);
#698=ORIENTED_EDGE('',*,*,#859,.T.);
#699=ORIENTED_EDGE('',*,*,#901,.T.);
#700=ORIENTED_EDGE('',*,*,#910,.T.);
#701=ORIENTED_EDGE('',*,*,#870,.T.);
#702=ORIENTED_EDGE('',*,*,#911,.T.);
#703=ORIENTED_EDGE('',*,*,#866,.T.);
#704=ORIENTED_EDGE('',*,*,#912,.T.);
#705=ORIENTED_EDGE('',*,*,#898,.T.);
#706=ORIENTED_EDGE('',*,*,#913,.T.);
#707=ORIENTED_EDGE('',*,*,#865,.F.);
#708=ORIENTED_EDGE('',*,*,#889,.F.);
#709=ORIENTED_EDGE('',*,*,#899,.F.);
#710=ORIENTED_EDGE('',*,*,#912,.F.);
#711=ORIENTED_EDGE('',*,*,#897,.F.);
#712=ORIENTED_EDGE('',*,*,#890,.F.);
#713=ORIENTED_EDGE('',*,*,#867,.F.);
#714=ORIENTED_EDGE('',*,*,#913,.F.);
#715=ORIENTED_EDGE('',*,*,#900,.F.);
#716=ORIENTED_EDGE('',*,*,#879,.F.);
#717=ORIENTED_EDGE('',*,*,#871,.F.);
#718=ORIENTED_EDGE('',*,*,#910,.F.);
#719=ORIENTED_EDGE('',*,*,#869,.F.);
#720=ORIENTED_EDGE('',*,*,#896,.F.);
#721=ORIENTED_EDGE('',*,*,#902,.F.);
#722=ORIENTED_EDGE('',*,*,#911,.F.);
#723=EDGE_CURVE('',#914,#915,#1041,.T.);
#724=EDGE_CURVE('',#915,#916,#1042,.F.);
#725=EDGE_CURVE('',#917,#916,#129,.T.);
#726=EDGE_CURVE('',#918,#917,#130,.T.);
#727=EDGE_CURVE('',#918,#915,#1043,.F.);
#728=EDGE_CURVE('',#915,#919,#1044,.T.);
#729=EDGE_CURVE('',#920,#919,#67,.T.);
#730=EDGE_CURVE('',#920,#921,#131,.T.);
#731=EDGE_CURVE('',#914,#921,#68,.T.);
#732=EDGE_CURVE('',#922,#923,#69,.F.);
#733=EDGE_CURVE('',#924,#922,#132,.T.);
#734=EDGE_CURVE('',#924,#925,#70,.F.);
#735=EDGE_CURVE('',#926,#925,#133,.F.);
#736=EDGE_CURVE('',#926,#927,#71,.F.);
#737=EDGE_CURVE('',#923,#927,#134,.F.);
#738=EDGE_CURVE('',#928,#929,#72,.F.);
#739=EDGE_CURVE('',#930,#928,#135,.T.);
#740=EDGE_CURVE('',#930,#931,#73,.F.);
#741=EDGE_CURVE('',#931,#929,#136,.T.);
#742=EDGE_CURVE('',#932,#928,#137,.F.);
#743=EDGE_CURVE('',#933,#932,#138,.F.);
#744=EDGE_CURVE('',#934,#933,#139,.T.);
#745=EDGE_CURVE('',#934,#930,#140,.T.);
#746=EDGE_CURVE('',#935,#936,#74,.F.);
#747=EDGE_CURVE('',#937,#935,#141,.T.);
#748=EDGE_CURVE('',#937,#938,#75,.F.);
#749=EDGE_CURVE('',#939,#938,#142,.T.);
#750=EDGE_CURVE('',#939,#940,#76,.F.);
#751=EDGE_CURVE('',#941,#940,#143,.F.);
#752=EDGE_CURVE('',#942,#941,#77,.T.);
#753=EDGE_CURVE('',#936,#942,#144,.F.);
#754=EDGE_CURVE('',#943,#938,#78,.F.);
#755=EDGE_CURVE('',#944,#943,#145,.T.);
#756=EDGE_CURVE('',#944,#939,#79,.F.);
#757=EDGE_CURVE('',#945,#943,#146,.F.);
#758=EDGE_CURVE('',#945,#946,#147,.F.);
#759=EDGE_CURVE('',#947,#946,#148,.T.);
#760=EDGE_CURVE('',#947,#944,#149,.T.);
#761=EDGE_CURVE('',#948,#949,#80,.T.);
#762=EDGE_CURVE('',#948,#950,#150,.F.);
#763=EDGE_CURVE('',#951,#950,#1045,.T.);
#764=EDGE_CURVE('',#952,#951,#81,.F.);
#765=EDGE_CURVE('',#953,#952,#1046,.T.);
#766=EDGE_CURVE('',#953,#949,#151,.T.);
#767=EDGE_CURVE('',#950,#953,#152,.T.);
#768=EDGE_CURVE('',#952,#951,#153,.T.);
#769=EDGE_CURVE('',#954,#955,#154,.T.);
#770=EDGE_CURVE('',#956,#954,#155,.T.);
#771=EDGE_CURVE('',#957,#956,#156,.F.);
#772=EDGE_CURVE('',#955,#957,#157,.F.);
#773=EDGE_CURVE('',#958,#956,#82,.T.);
#774=EDGE_CURVE('',#959,#958,#158,.F.);
#775=EDGE_CURVE('',#957,#959,#83,.F.);
#776=EDGE_CURVE('',#960,#958,#159,.F.);
#777=EDGE_CURVE('',#961,#960,#160,.F.);
#778=EDGE_CURVE('',#959,#961,#161,.F.);
#779=EDGE_CURVE('',#954,#960,#84,.T.);
#780=EDGE_CURVE('',#961,#955,#85,.F.);
#781=EDGE_CURVE('',#962,#963,#86,.T.);
#782=EDGE_CURVE('',#964,#962,#162,.F.);
#783=EDGE_CURVE('',#932,#964,#87,.F.);
#784=EDGE_CURVE('',#965,#932,#88,.F.);
#785=EDGE_CURVE('',#963,#965,#163,.T.);
#786=EDGE_CURVE('',#966,#967,#89,.T.);
#787=EDGE_CURVE('',#968,#966,#164,.F.);
#788=EDGE_CURVE('',#945,#968,#90,.F.);
#789=EDGE_CURVE('',#969,#945,#91,.F.);
#790=EDGE_CURVE('',#967,#969,#165,.T.);
#791=EDGE_CURVE('',#966,#923,#92,.T.);
#792=EDGE_CURVE('',#927,#968,#93,.F.);
#793=EDGE_CURVE('',#947,#925,#94,.T.);
#794=EDGE_CURVE('',#926,#946,#95,.F.);
#795=EDGE_CURVE('',#965,#970,#96,.T.);
#796=EDGE_CURVE('',#970,#971,#166,.T.);
#797=EDGE_CURVE('',#971,#963,#97,.F.);
#798=EDGE_CURVE('',#970,#929,#98,.F.);
#799=EDGE_CURVE('',#933,#941,#99,.T.);
#800=EDGE_CURVE('',#942,#964,#100,.F.);
#801=EDGE_CURVE('',#934,#940,#101,.T.);
#802=EDGE_CURVE('',#962,#936,#102,.T.);
#803=EDGE_CURVE('',#969,#937,#103,.T.);
#804=EDGE_CURVE('',#935,#967,#104,.F.);
#805=EDGE_CURVE('',#972,#973,#1047,.T.);
#806=EDGE_CURVE('',#973,#974,#105,.F.);
#807=EDGE_CURVE('',#974,#975,#1048,.T.);
#808=EDGE_CURVE('',#975,#972,#1049,.T.);
#809=EDGE_CURVE('',#976,#974,#1050,.F.);
#810=EDGE_CURVE('',#976,#975,#167,.T.);
#811=EDGE_CURVE('',#972,#976,#168,.T.);
#812=EDGE_CURVE('',#973,#976,#1051,.F.);
#813=EDGE_CURVE('',#977,#977,#106,.F.);
#814=EDGE_CURVE('',#978,#979,#107,.F.);
#815=EDGE_CURVE('',#979,#978,#169,.T.);
#816=EDGE_CURVE('',#931,#980,#108,.F.);
#817=EDGE_CURVE('',#981,#980,#170,.F.);
#818=EDGE_CURVE('',#971,#981,#109,.F.);
#819=EDGE_CURVE('',#982,#948,#171,.T.);
#820=EDGE_CURVE('',#983,#982,#172,.F.);
#821=EDGE_CURVE('',#984,#983,#173,.F.);
#822=EDGE_CURVE('',#985,#984,#174,.T.);
#823=EDGE_CURVE('',#949,#985,#175,.T.);
#824=EDGE_CURVE('',#986,#987,#176,.T.);
#825=EDGE_CURVE('',#988,#986,#177,.T.);
#826=EDGE_CURVE('',#989,#988,#178,.F.);
#827=EDGE_CURVE('',#987,#989,#179,.F.);
#828=EDGE_CURVE('',#990,#991,#180,.F.);
#829=EDGE_CURVE('',#986,#991,#110,.T.);
#830=EDGE_CURVE('',#990,#987,#111,.F.);
#831=EDGE_CURVE('',#992,#993,#181,.F.);
#832=EDGE_CURVE('',#991,#993,#182,.T.);
#833=EDGE_CURVE('',#992,#990,#183,.F.);
#834=EDGE_CURVE('',#993,#988,#112,.T.);
#835=EDGE_CURVE('',#989,#992,#113,.F.);
#836=EDGE_CURVE('',#994,#994,#114,.F.);
#837=EDGE_CURVE('',#995,#996,#115,.F.);
#838=EDGE_CURVE('',#995,#917,#1052,.F.);
#839=EDGE_CURVE('',#917,#996,#1053,.F.);
#840=EDGE_CURVE('',#996,#916,#1054,.T.);
#841=EDGE_CURVE('',#918,#995,#1055,.T.);
#842=EDGE_CURVE('',#982,#997,#184,.T.);
#843=EDGE_CURVE('',#998,#985,#185,.T.);
#844=EDGE_CURVE('',#998,#997,#116,.T.);
#845=EDGE_CURVE('',#997,#999,#186,.F.);
#846=EDGE_CURVE('',#1000,#998,#187,.T.);
#847=EDGE_CURVE('',#999,#1000,#117,.F.);
#848=EDGE_CURVE('',#999,#981,#188,.F.);
#849=EDGE_CURVE('',#1001,#1000,#189,.F.);
#850=EDGE_CURVE('',#1001,#922,#190,.F.);
#851=EDGE_CURVE('',#1002,#1001,#191,.T.);
#852=EDGE_CURVE('',#1002,#924,#192,.F.);
#853=EDGE_CURVE('',#1003,#1002,#193,.T.);
#854=EDGE_CURVE('',#1004,#1003,#194,.T.);
#855=EDGE_CURVE('',#980,#1004,#195,.T.);
#856=EDGE_CURVE('',#984,#1005,#196,.T.);
#857=EDGE_CURVE('',#1006,#983,#197,.T.);
#858=EDGE_CURVE('',#1005,#1006,#198,.T.);
#859=EDGE_CURVE('',#1007,#1007,#118,.T.);
#860=EDGE_CURVE('',#1008,#1008,#119,.T.);
#861=EDGE_CURVE('',#1009,#1006,#199,.F.);
#862=EDGE_CURVE('',#1009,#1010,#200,.F.);
#863=EDGE_CURVE('',#1005,#1010,#201,.T.);
#864=EDGE_CURVE('',#1011,#1012,#202,.T.);
#865=EDGE_CURVE('',#1011,#1013,#120,.T.);
#866=EDGE_CURVE('',#1014,#1013,#121,.T.);
#867=EDGE_CURVE('',#1014,#1015,#122,.T.);
#868=EDGE_CURVE('',#1015,#1016,#203,.F.);
#869=EDGE_CURVE('',#1016,#1017,#123,.T.);
#870=EDGE_CURVE('',#1018,#1017,#124,.T.);
#871=EDGE_CURVE('',#1018,#1019,#125,.T.);
#872=EDGE_CURVE('',#1020,#1019,#204,.T.);
#873=EDGE_CURVE('',#1020,#1004,#205,.T.);
#874=EDGE_CURVE('',#1003,#1012,#206,.F.);
#875=EDGE_CURVE('',#978,#1021,#207,.T.);
#876=EDGE_CURVE('',#1022,#979,#208,.F.);
#877=EDGE_CURVE('',#1021,#1022,#209,.T.);
#878=EDGE_CURVE('',#1022,#1021,#126,.T.);
#879=EDGE_CURVE('',#1019,#1023,#210,.T.);
#880=EDGE_CURVE('',#1024,#1023,#211,.T.);
#881=EDGE_CURVE('',#1020,#1024,#212,.F.);
#882=EDGE_CURVE('',#1024,#1025,#213,.T.);
#883=EDGE_CURVE('',#1025,#1009,#214,.F.);
#884=EDGE_CURVE('',#1010,#1026,#215,.F.);
#885=EDGE_CURVE('',#1026,#1025,#216,.F.);
#886=EDGE_CURVE('',#1026,#1027,#217,.T.);
#887=EDGE_CURVE('',#1027,#1012,#218,.F.);
#888=EDGE_CURVE('',#1028,#1027,#219,.T.);
#889=EDGE_CURVE('',#1028,#1011,#220,.F.);
#890=EDGE_CURVE('',#1015,#1029,#221,.T.);
#891=EDGE_CURVE('',#1029,#1030,#222,.F.);
#892=EDGE_CURVE('',#1030,#1031,#127,.T.);
#893=EDGE_CURVE('',#1031,#1032,#223,.T.);
#894=EDGE_CURVE('',#1032,#1033,#128,.T.);
#895=EDGE_CURVE('',#1033,#1034,#224,.F.);
#896=EDGE_CURVE('',#1034,#1016,#225,.F.);
#897=EDGE_CURVE('',#1029,#1035,#20,.F.);
#898=EDGE_CURVE('',#1036,#1035,#21,.F.);
#899=EDGE_CURVE('',#1036,#1028,#22,.F.);
#900=EDGE_CURVE('',#1023,#1037,#23,.F.);
#901=EDGE_CURVE('',#1038,#1037,#24,.F.);
#902=EDGE_CURVE('',#1038,#1034,#25,.F.);
#903=EDGE_CURVE('',#1033,#1030,#226,.F.);
#904=EDGE_CURVE('',#1039,#1039,#26,.T.);
#905=EDGE_CURVE('',#1040,#1040,#27,.T.);
#906=EDGE_CURVE('',#1033,#919,#227,.T.);
#907=EDGE_CURVE('',#914,#1030,#228,.F.);
#908=EDGE_CURVE('',#921,#1031,#229,.T.);
#909=EDGE_CURVE('',#1032,#920,#230,.F.);
#910=EDGE_CURVE('',#1037,#1018,#231,.T.);
#911=EDGE_CURVE('',#1017,#1038,#232,.F.);
#912=EDGE_CURVE('',#1013,#1036,#233,.F.);
#913=EDGE_CURVE('',#1035,#1014,#234,.T.);
#914=VERTEX_POINT('',#1872);
#915=VERTEX_POINT('',#1873);
#916=VERTEX_POINT('',#1878);
#917=VERTEX_POINT('',#1880);
#918=VERTEX_POINT('',#1882);
#919=VERTEX_POINT('',#1896);
#920=VERTEX_POINT('',#1898);
#921=VERTEX_POINT('',#1900);
#922=VERTEX_POINT('',#1904);
#923=VERTEX_POINT('',#1905);
#924=VERTEX_POINT('',#1907);
#925=VERTEX_POINT('',#1909);
#926=VERTEX_POINT('',#1911);
#927=VERTEX_POINT('',#1913);
#928=VERTEX_POINT('',#1917);
#929=VERTEX_POINT('',#1918);
#930=VERTEX_POINT('',#1920);
#931=VERTEX_POINT('',#1922);
#932=VERTEX_POINT('',#1926);
#933=VERTEX_POINT('',#1928);
#934=VERTEX_POINT('',#1930);
#935=VERTEX_POINT('',#1934);
#936=VERTEX_POINT('',#1935);
#937=VERTEX_POINT('',#1937);
#938=VERTEX_POINT('',#1939);
#939=VERTEX_POINT('',#1941);
#940=VERTEX_POINT('',#1943);
#941=VERTEX_POINT('',#1945);
#942=VERTEX_POINT('',#1947);
#943=VERTEX_POINT('',#1951);
#944=VERTEX_POINT('',#1953);
#945=VERTEX_POINT('',#1957);
#946=VERTEX_POINT('',#1959);
#947=VERTEX_POINT('',#1961);
#948=VERTEX_POINT('',#1965);
#949=VERTEX_POINT('',#1966);
#950=VERTEX_POINT('',#1968);
#951=VERTEX_POINT('',#1979);
#952=VERTEX_POINT('',#1981);
#953=VERTEX_POINT('',#1992);
#954=VERTEX_POINT('',#1999);
#955=VERTEX_POINT('',#2000);
#956=VERTEX_POINT('',#2002);
#957=VERTEX_POINT('',#2004);
#958=VERTEX_POINT('',#2008);
#959=VERTEX_POINT('',#2010);
#960=VERTEX_POINT('',#2014);
#961=VERTEX_POINT('',#2016);
#962=VERTEX_POINT('',#2023);
#963=VERTEX_POINT('',#2024);
#964=VERTEX_POINT('',#2026);
#965=VERTEX_POINT('',#2029);
#966=VERTEX_POINT('',#2033);
#967=VERTEX_POINT('',#2034);
#968=VERTEX_POINT('',#2036);
#969=VERTEX_POINT('',#2039);
#970=VERTEX_POINT('',#2049);
#971=VERTEX_POINT('',#2051);
#972=VERTEX_POINT('',#2071);
#973=VERTEX_POINT('',#2072);
#974=VERTEX_POINT('',#2074);
#975=VERTEX_POINT('',#2079);
#976=VERTEX_POINT('',#2141);
#977=VERTEX_POINT('',#2197);
#978=VERTEX_POINT('',#2202);
#979=VERTEX_POINT('',#2203);
#980=VERTEX_POINT('',#2207);
#981=VERTEX_POINT('',#2209);
#982=VERTEX_POINT('',#2213);
#983=VERTEX_POINT('',#2215);
#984=VERTEX_POINT('',#2217);
#985=VERTEX_POINT('',#2219);
#986=VERTEX_POINT('',#2223);
#987=VERTEX_POINT('',#2224);
#988=VERTEX_POINT('',#2226);
#989=VERTEX_POINT('',#2228);
#990=VERTEX_POINT('',#2232);
#991=VERTEX_POINT('',#2233);
#992=VERTEX_POINT('',#2238);
#993=VERTEX_POINT('',#2239);
#994=VERTEX_POINT('',#2247);
#995=VERTEX_POINT('',#2250);
#996=VERTEX_POINT('',#2251);
#997=VERTEX_POINT('',#2355);
#998=VERTEX_POINT('',#2357);
#999=VERTEX_POINT('',#2361);
#1000=VERTEX_POINT('',#2363);
#1001=VERTEX_POINT('',#2368);
#1002=VERTEX_POINT('',#2372);
#1003=VERTEX_POINT('',#2376);
#1004=VERTEX_POINT('',#2378);
#1005=VERTEX_POINT('',#2382);
#1006=VERTEX_POINT('',#2384);
#1007=VERTEX_POINT('',#2388);
#1008=VERTEX_POINT('',#2390);
#1009=VERTEX_POINT('',#2392);
#1010=VERTEX_POINT('',#2394);
#1011=VERTEX_POINT('',#2398);
#1012=VERTEX_POINT('',#2399);
#1013=VERTEX_POINT('',#2401);
#1014=VERTEX_POINT('',#2403);
#1015=VERTEX_POINT('',#2405);
#1016=VERTEX_POINT('',#2407);
#1017=VERTEX_POINT('',#2409);
#1018=VERTEX_POINT('',#2411);
#1019=VERTEX_POINT('',#2413);
#1020=VERTEX_POINT('',#2415);
#1021=VERTEX_POINT('',#2420);
#1022=VERTEX_POINT('',#2422);
#1023=VERTEX_POINT('',#2428);
#1024=VERTEX_POINT('',#2430);
#1025=VERTEX_POINT('',#2434);
#1026=VERTEX_POINT('',#2438);
#1027=VERTEX_POINT('',#2442);
#1028=VERTEX_POINT('',#2446);
#1029=VERTEX_POINT('',#2450);
#1030=VERTEX_POINT('',#2452);
#1031=VERTEX_POINT('',#2454);
#1032=VERTEX_POINT('',#2456);
#1033=VERTEX_POINT('',#2458);
#1034=VERTEX_POINT('',#2460);
#1035=VERTEX_POINT('',#2464);
#1036=VERTEX_POINT('',#2466);
#1037=VERTEX_POINT('',#2469);
#1038=VERTEX_POINT('',#2471);
#1039=VERTEX_POINT('',#2475);
#1040=VERTEX_POINT('',#2477);
#1041=B_SPLINE_CURVE_WITH_KNOTS('',1,(#1870,#1871),.UNSPECIFIED.,.F.,.F.,
(2,2),(0.,1.),.PIECEWISE_BEZIER_KNOTS.);
#1042=B_SPLINE_CURVE_WITH_KNOTS('',3,(#1874,#1875,#1876,#1877),
 .UNSPECIFIED.,.F.,.F.,(4,4),(0.,0.999594668159267),.UNSPECIFIED.);
#1043=B_SPLINE_CURVE_WITH_KNOTS('',3,(#1883,#1884,#1885,#1886,#1887,#1888,
#1889,#1890,#1891,#1892,#1893),.UNSPECIFIED.,.F.,.F.,(4,1,1,1,1,1,1,1,4),
(0.,0.125,0.25,0.375,0.5,0.625,0.75,0.875,1.),.UNSPECIFIED.);
#1044=B_SPLINE_CURVE_WITH_KNOTS('',1,(#1894,#1895),.UNSPECIFIED.,.F.,.F.,
(2,2),(0.,1.),.PIECEWISE_BEZIER_KNOTS.);
#1045=B_SPLINE_CURVE_WITH_KNOTS('',3,(#1969,#1970,#1971,#1972,#1973,#1974,
#1975,#1976,#1977,#1978),.UNSPECIFIED.,.F.,.F.,(4,1,1,1,1,1,1,4),(6.87845748862757E-17,
0.00125088831619888,0.00250177663239768,0.00312722079049709,0.00375266494859649,
0.00437810910669589,0.0046908311857456,0.0050035532647953),
 .UNSPECIFIED.);
#1046=B_SPLINE_CURVE_WITH_KNOTS('',3,(#1982,#1983,#1984,#1985,#1986,#1987,
#1988,#1989,#1990,#1991),.UNSPECIFIED.,.F.,.F.,(4,1,1,1,1,1,1,4),(7.152448122691E-18,
0.000316402371205217,0.000632804742410428,0.00126560948482085,0.00189841422723127,
0.00253121896964169,0.00379682845446253,0.00506243793928337),
 .UNSPECIFIED.);
#1047=B_SPLINE_CURVE_WITH_KNOTS('',3,(#2067,#2068,#2069,#2070),
 .UNSPECIFIED.,.F.,.F.,(4,4),(0.,1.),.UNSPECIFIED.);
#1048=B_SPLINE_CURVE_WITH_KNOTS('',3,(#2075,#2076,#2077,#2078),
 .UNSPECIFIED.,.F.,.F.,(4,4),(0.,1.),.UNSPECIFIED.);
#1049=B_SPLINE_CURVE_WITH_KNOTS('',3,(#2080,#2081,#2082,#2083,#2084,#2085,
#2086,#2087,#2088,#2089,#2090,#2091,#2092,#2093,#2094,#2095,#2096,#2097,
#2098),.UNSPECIFIED.,.F.,.F.,(4,1,1,1,1,1,1,1,1,1,1,1,1,1,1,1,4),(0.,0.0625,
0.125,0.1875,0.25,0.3125,0.375,0.4375,0.5,0.5625,0.625,0.6875,0.75,0.8125,
0.875,0.9375,1.),.UNSPECIFIED.);
#1050=B_SPLINE_CURVE_WITH_KNOTS('',3,(#2131,#2132,#2133,#2134,#2135,#2136,
#2137,#2138,#2139,#2140),.UNSPECIFIED.,.F.,.F.,(4,1,1,1,1,1,1,4),(0.,0.25,
0.375,0.5,0.625,0.75,0.875,1.),.UNSPECIFIED.);
#1051=B_SPLINE_CURVE_WITH_KNOTS('',3,(#2184,#2185,#2186,#2187,#2188,#2189,
#2190,#2191,#2192,#2193),.UNSPECIFIED.,.F.,.F.,(4,1,1,1,1,1,1,4),(0.,0.125,
0.25,0.375,0.5,0.625,0.75,1.),.UNSPECIFIED.);
#1052=B_SPLINE_CURVE_WITH_KNOTS('',3,(#2252,#2253,#2254,#2255,#2256,#2257,
#2258,#2259,#2260,#2261),.UNSPECIFIED.,.F.,.F.,(4,1,1,1,1,1,1,4),(0.,0.125,
0.25,0.375,0.5,0.625,0.75,1.),.UNSPECIFIED.);
#1053=B_SPLINE_CURVE_WITH_KNOTS('',3,(#2262,#2263,#2264,#2265,#2266,#2267,
#2268,#2269,#2270,#2271),.UNSPECIFIED.,.F.,.F.,(4,1,1,1,1,1,1,4),(0.,0.25,
0.375,0.5,0.625,0.75,0.875,1.),.UNSPECIFIED.);
#1054=B_SPLINE_CURVE_WITH_KNOTS('',3,(#2304,#2305,#2306,#2307),
 .UNSPECIFIED.,.F.,.F.,(4,4),(0.,1.),.UNSPECIFIED.);
#1055=B_SPLINE_CURVE_WITH_KNOTS('',3,(#2348,#2349,#2350,#2351),
 .UNSPECIFIED.,.F.,.F.,(4,4),(0.,1.),.UNSPECIFIED.);
#1056=EDGE_LOOP('',(#341,#342,#343,#344,#345,#346,#347,#348,#349));
#1057=EDGE_LOOP('',(#350,#351,#352,#353,#354,#355));
#1058=EDGE_LOOP('',(#356,#357,#358,#359));
#1059=EDGE_LOOP('',(#360,#361,#362,#363,#364));
#1060=EDGE_LOOP('',(#365,#366,#367,#368,#369,#370,#371,#372));
#1061=EDGE_LOOP('',(#373,#374,#375,#376));
#1062=EDGE_LOOP('',(#377,#378,#379,#380,#381));
#1063=EDGE_LOOP('',(#382,#383,#384,#385,#386,#387));
#1064=EDGE_LOOP('',(#388,#389,#390,#391));
#1065=EDGE_LOOP('',(#392,#393,#394,#395));
#1066=EDGE_LOOP('',(#396,#397,#398,#399));
#1067=EDGE_LOOP('',(#400,#401,#402,#403));
#1068=EDGE_LOOP('',(#404,#405,#406,#407));
#1069=EDGE_LOOP('',(#408,#409,#410,#411,#412));
#1070=EDGE_LOOP('',(#413,#414,#415,#416,#417));
#1071=EDGE_LOOP('',(#418,#419,#420,#421));
#1072=EDGE_LOOP('',(#422,#423,#424,#425));
#1073=EDGE_LOOP('',(#426,#427,#428,#429));
#1074=EDGE_LOOP('',(#430,#431,#432,#433,#434));
#1075=EDGE_LOOP('',(#435,#436,#437,#438,#439));
#1076=EDGE_LOOP('',(#440,#441,#442,#443));
#1077=EDGE_LOOP('',(#444,#445,#446,#447));
#1078=EDGE_LOOP('',(#448,#449,#450,#451));
#1079=EDGE_LOOP('',(#452,#453,#454,#455,#456));
#1080=EDGE_LOOP('',(#457,#458,#459,#460));
#1081=EDGE_LOOP('',(#461,#462,#463));
#1082=EDGE_LOOP('',(#464,#465,#466));
#1083=EDGE_LOOP('',(#467,#468));
#1084=EDGE_LOOP('',(#469,#470,#471,#472));
#1085=EDGE_LOOP('',(#473));
#1086=EDGE_LOOP('',(#474,#475,#476,#477,#478));
#1087=EDGE_LOOP('',(#479,#480,#481));
#1088=EDGE_LOOP('',(#482));
#1089=EDGE_LOOP('',(#483,#484,#485));
#1090=EDGE_LOOP('',(#486,#487));
#1091=EDGE_LOOP('',(#488,#489,#490,#491,#492,#493));
#1092=EDGE_LOOP('',(#494,#495,#496,#497,#498,#499,#500,#501));
#1093=EDGE_LOOP('',(#502,#503,#504,#505));
#1094=EDGE_LOOP('',(#506,#507,#508,#509));
#1095=EDGE_LOOP('',(#510,#511,#512,#513));
#1096=EDGE_LOOP('',(#514,#515,#516,#517));
#1097=EDGE_LOOP('',(#518,#519,#520,#521));
#1098=EDGE_LOOP('',(#522));
#1099=EDGE_LOOP('',(#523,#524,#525));
#1100=EDGE_LOOP('',(#526));
#1101=EDGE_LOOP('',(#527,#528,#529));
#1102=EDGE_LOOP('',(#530,#531,#532));
#1103=EDGE_LOOP('',(#533,#534,#535,#536,#537));
#1104=EDGE_LOOP('',(#538,#539,#540,#541));
#1105=EDGE_LOOP('',(#542,#543,#544,#545));
#1106=EDGE_LOOP('',(#546,#547,#548,#549,#550,#551));
#1107=EDGE_LOOP('',(#552,#553,#554,#555));
#1108=EDGE_LOOP('',(#556,#557,#558,#559,#560,#561,#562,#563,#564,#565,#566,
#567,#568));
#1109=EDGE_LOOP('',(#569,#570,#571,#572));
#1110=EDGE_LOOP('',(#573,#574,#575,#576,#577,#578,#579,#580,#581,#582,#583,
#584,#585));
#1111=EDGE_LOOP('',(#586,#587,#588,#589));
#1112=EDGE_LOOP('',(#590));
#1113=EDGE_LOOP('',(#591));
#1114=EDGE_LOOP('',(#592,#593,#594,#595));
#1115=EDGE_LOOP('',(#596,#597,#598,#599,#600,#601,#602,#603,#604,#605,#606,
#607));
#1116=EDGE_LOOP('',(#608,#609,#610,#611));
#1117=EDGE_LOOP('',(#612,#613,#614,#615));
#1118=EDGE_LOOP('',(#616,#617,#618,#619));
#1119=EDGE_LOOP('',(#620,#621,#622,#623,#624,#625,#626,#627,#628,#629,#630,
#631));
#1120=EDGE_LOOP('',(#632,#633,#634,#635));
#1121=EDGE_LOOP('',(#636,#637,#638,#639,#640,#641,#642,#643,#644,#645,#646,
#647));
#1122=EDGE_LOOP('',(#648,#649,#650,#651));
#1123=EDGE_LOOP('',(#652,#653));
#1124=EDGE_LOOP('',(#654,#655,#656,#657,#658,#659,#660,#661));
#1125=EDGE_LOOP('',(#662,#663,#664,#665,#666,#667,#668,#669,#670,#671,#672,
#673,#674,#675));
#1126=EDGE_LOOP('',(#676));
#1127=EDGE_LOOP('',(#677));
#1128=EDGE_LOOP('',(#678,#679,#680,#681,#682));
#1129=EDGE_LOOP('',(#683,#684,#685,#686));
#1130=EDGE_LOOP('',(#687,#688,#689,#690));
#1131=EDGE_LOOP('',(#691,#692,#693,#694));
#1132=EDGE_LOOP('',(#695));
#1133=EDGE_LOOP('',(#696));
#1134=EDGE_LOOP('',(#697));
#1135=EDGE_LOOP('',(#698));
#1136=EDGE_LOOP('',(#699,#700,#701,#702));
#1137=EDGE_LOOP('',(#703,#704,#705,#706));
#1138=EDGE_LOOP('',(#707,#708,#709,#710));
#1139=EDGE_LOOP('',(#711,#712,#713,#714));
#1140=EDGE_LOOP('',(#715,#716,#717,#718));
#1141=EDGE_LOOP('',(#719,#720,#721,#722));
#1142=FACE_BOUND('',#1056,.T.);
#1143=FACE_BOUND('',#1057,.T.);
#1144=FACE_BOUND('',#1058,.T.);
#1145=FACE_BOUND('',#1059,.T.);
#1146=FACE_BOUND('',#1060,.T.);
#1147=FACE_BOUND('',#1061,.T.);
#1148=FACE_BOUND('',#1062,.T.);
#1149=FACE_BOUND('',#1063,.T.);
#1150=FACE_BOUND('',#1064,.T.);
#1151=FACE_BOUND('',#1065,.T.);
#1152=FACE_BOUND('',#1066,.T.);
#1153=FACE_BOUND('',#1067,.T.);
#1154=FACE_BOUND('',#1068,.T.);
#1155=FACE_BOUND('',#1069,.T.);
#1156=FACE_BOUND('',#1070,.T.);
#1157=FACE_BOUND('',#1071,.T.);
#1158=FACE_BOUND('',#1072,.T.);
#1159=FACE_BOUND('',#1073,.T.);
#1160=FACE_BOUND('',#1074,.T.);
#1161=FACE_BOUND('',#1075,.T.);
#1162=FACE_BOUND('',#1076,.T.);
#1163=FACE_BOUND('',#1077,.T.);
#1164=FACE_BOUND('',#1078,.T.);
#1165=FACE_BOUND('',#1079,.T.);
#1166=FACE_BOUND('',#1080,.T.);
#1167=FACE_BOUND('',#1081,.T.);
#1168=FACE_BOUND('',#1082,.T.);
#1169=FACE_BOUND('',#1083,.T.);
#1170=FACE_BOUND('',#1084,.T.);
#1171=FACE_BOUND('',#1085,.T.);
#1172=FACE_BOUND('',#1086,.T.);
#1173=FACE_BOUND('',#1087,.T.);
#1174=FACE_BOUND('',#1088,.T.);
#1175=FACE_BOUND('',#1089,.T.);
#1176=FACE_BOUND('',#1090,.T.);
#1177=FACE_BOUND('',#1091,.T.);
#1178=FACE_BOUND('',#1092,.T.);
#1179=FACE_BOUND('',#1093,.T.);
#1180=FACE_BOUND('',#1094,.T.);
#1181=FACE_BOUND('',#1095,.T.);
#1182=FACE_BOUND('',#1096,.T.);
#1183=FACE_BOUND('',#1097,.T.);
#1184=FACE_BOUND('',#1098,.T.);
#1185=FACE_BOUND('',#1099,.T.);
#1186=FACE_BOUND('',#1100,.T.);
#1187=FACE_BOUND('',#1101,.T.);
#1188=FACE_BOUND('',#1102,.T.);
#1189=FACE_BOUND('',#1103,.T.);
#1190=FACE_BOUND('',#1104,.T.);
#1191=FACE_BOUND('',#1105,.T.);
#1192=FACE_BOUND('',#1106,.T.);
#1193=FACE_BOUND('',#1107,.T.);
#1194=FACE_BOUND('',#1108,.T.);
#1195=FACE_BOUND('',#1109,.T.);
#1196=FACE_BOUND('',#1110,.T.);
#1197=FACE_BOUND('',#1111,.T.);
#1198=FACE_BOUND('',#1112,.T.);
#1199=FACE_BOUND('',#1113,.T.);
#1200=FACE_BOUND('',#1114,.T.);
#1201=FACE_BOUND('',#1115,.T.);
#1202=FACE_BOUND('',#1116,.T.);
#1203=FACE_BOUND('',#1117,.T.);
#1204=FACE_BOUND('',#1118,.T.);
#1205=FACE_BOUND('',#1119,.T.);
#1206=FACE_BOUND('',#1120,.T.);
#1207=FACE_BOUND('',#1121,.T.);
#1208=FACE_BOUND('',#1122,.T.);
#1209=FACE_BOUND('',#1123,.T.);
#1210=FACE_BOUND('',#1124,.T.);
#1211=FACE_BOUND('',#1125,.T.);
#1212=FACE_BOUND('',#1126,.T.);
#1213=FACE_BOUND('',#1127,.T.);
#1214=FACE_BOUND('',#1128,.T.);
#1215=FACE_BOUND('',#1129,.T.);
#1216=FACE_BOUND('',#1130,.T.);
#1217=FACE_BOUND('',#1131,.T.);
#1218=FACE_BOUND('',#1132,.T.);
#1219=FACE_BOUND('',#1133,.T.);
#1220=FACE_BOUND('',#1134,.T.);
#1221=FACE_BOUND('',#1135,.T.);
#1222=FACE_BOUND('',#1136,.T.);
#1223=FACE_BOUND('',#1137,.T.);
#1224=FACE_BOUND('',#1138,.T.);
#1225=FACE_BOUND('',#1139,.T.);
#1226=FACE_BOUND('',#1140,.T.);
#1227=FACE_BOUND('',#1141,.T.);
#1228=PLANE('',#1346);
#1229=PLANE('',#1356);
#1230=PLANE('',#1365);
#1231=PLANE('',#1370);
#1232=PLANE('',#1374);
#1233=PLANE('',#1395);
#1234=PLANE('',#1397);
#1235=PLANE('',#1407);
#1236=PLANE('',#1410);
#1237=PLANE('',#1411);
#1238=PLANE('',#1413);
#1239=PLANE('',#1415);
#1240=PLANE('',#1420);
#1241=PLANE('',#1421);
#1242=PLANE('',#1425);
#1243=PLANE('',#1429);
#1244=PLANE('',#1434);
#1245=PLANE('',#1438);
#1246=PLANE('',#1439);
#1247=PLANE('',#1440);
#1248=PLANE('',#1441);
#1249=PLANE('',#1442);
#1250=PLANE('',#1445);
#1251=PLANE('',#1452);
#1252=PLANE('',#1455);
#1253=PLANE('',#1456);
#1254=PLANE('',#1457);
#1255=PLANE('',#1458);
#1256=PLANE('',#1459);
#1257=PLANE('',#1460);
#1258=PLANE('',#1463);
#1259=PLANE('',#1472);
#1260=PLANE('',#1475);
#1261=ADVANCED_FACE('',(#1142),#1228,.F.);
#1262=ADVANCED_FACE('',(#1143),#34,.F.);
#1263=ADVANCED_FACE('',(#1144),#35,.F.);
#1264=ADVANCED_FACE('',(#1145),#1229,.F.);
#1265=ADVANCED_FACE('',(#1146),#36,.F.);
#1266=ADVANCED_FACE('',(#1147),#37,.F.);
#1267=ADVANCED_FACE('',(#1148),#1230,.F.);
#1268=ADVANCED_FACE('',(#1149),#38,.F.);
#1269=ADVANCED_FACE('',(#1150),#39,.T.);
#1270=ADVANCED_FACE('',(#1151),#1231,.F.);
#1271=ADVANCED_FACE('',(#1152),#40,.F.);
#1272=ADVANCED_FACE('',(#1153),#1232,.F.);
#1273=ADVANCED_FACE('',(#1154),#41,.F.);
#1274=ADVANCED_FACE('',(#1155),#42,.F.);
#1275=ADVANCED_FACE('',(#1156),#43,.F.);
#1276=ADVANCED_FACE('',(#1157),#44,.T.);
#1277=ADVANCED_FACE('',(#1158),#45,.F.);
#1278=ADVANCED_FACE('',(#1159),#46,.T.);
#1279=ADVANCED_FACE('',(#1160),#1233,.F.);
#1280=ADVANCED_FACE('',(#1161),#1234,.F.);
#1281=ADVANCED_FACE('',(#1162),#47,.F.);
#1282=ADVANCED_FACE('',(#1163),#48,.T.);
#1283=ADVANCED_FACE('',(#1164),#49,.T.);
#1284=ADVANCED_FACE('',(#1165),#1235,.F.);
#1285=ADVANCED_FACE('',(#1166),#32,.T.);
#1286=ADVANCED_FACE('',(#1167),#28,.F.);
#1287=ADVANCED_FACE('',(#1168),#29,.F.);
#1288=ADVANCED_FACE('',(#1169),#1236,.F.);
#1289=ADVANCED_FACE('',(#1170,#1171),#1237,.T.);
#1290=ADVANCED_FACE('',(#1172),#1238,.F.);
#1291=ADVANCED_FACE('',(#1173,#1174),#50,.F.);
#1292=ADVANCED_FACE('',(#1175,#1176),#1239,.F.);
#1293=ADVANCED_FACE('',(#1177),#51,.F.);
#1294=ADVANCED_FACE('',(#1178),#1240,.F.);
#1295=ADVANCED_FACE('',(#1179),#1241,.F.);
#1296=ADVANCED_FACE('',(#1180),#52,.F.);
#1297=ADVANCED_FACE('',(#1181),#1242,.F.);
#1298=ADVANCED_FACE('',(#1182),#53,.F.);
#1299=ADVANCED_FACE('',(#1183,#1184),#1243,.T.);
#1300=ADVANCED_FACE('',(#1185,#1186),#54,.F.);
#1301=ADVANCED_FACE('',(#1187),#30,.F.);
#1302=ADVANCED_FACE('',(#1188),#31,.F.);
#1303=ADVANCED_FACE('',(#1189),#33,.T.);
#1304=ADVANCED_FACE('',(#1190,#1191,#1192),#1244,.T.);
#1305=ADVANCED_FACE('',(#1193),#55,.F.);
#1306=ADVANCED_FACE('',(#1194),#1245,.T.);
#1307=ADVANCED_FACE('',(#1195),#1246,.T.);
#1308=ADVANCED_FACE('',(#1196),#1247,.F.);
#1309=ADVANCED_FACE('',(#1197),#1248,.T.);
#1310=ADVANCED_FACE('',(#1198,#1199,#1200),#1249,.T.);
#1311=ADVANCED_FACE('',(#1201),#1250,.T.);
#1312=ADVANCED_FACE('',(#1202),#1251,.F.);
#1313=ADVANCED_FACE('',(#1203),#56,.F.);
#1314=ADVANCED_FACE('',(#1204),#1252,.T.);
#1315=ADVANCED_FACE('',(#1205),#1253,.T.);
#1316=ADVANCED_FACE('',(#1206),#1254,.F.);
#1317=ADVANCED_FACE('',(#1207),#1255,.T.);
#1318=ADVANCED_FACE('',(#1208),#1256,.T.);
#1319=ADVANCED_FACE('',(#1209,#1210),#1257,.T.);
#1320=ADVANCED_FACE('',(#1211,#1212,#1213),#1258,.T.);
#1321=ADVANCED_FACE('',(#1214),#1259,.F.);
#1322=ADVANCED_FACE('',(#1215),#57,.F.);
#1323=ADVANCED_FACE('',(#1216),#58,.F.);
#1324=ADVANCED_FACE('',(#1217),#1260,.F.);
#1325=ADVANCED_FACE('',(#1218,#1219),#59,.F.);
#1326=ADVANCED_FACE('',(#1220,#1221),#60,.F.);
#1327=ADVANCED_FACE('',(#1222),#61,.F.);
#1328=ADVANCED_FACE('',(#1223),#62,.F.);
#1329=ADVANCED_FACE('',(#1224),#63,.T.);
#1330=ADVANCED_FACE('',(#1225),#64,.T.);
#1331=ADVANCED_FACE('',(#1226),#65,.T.);
#1332=ADVANCED_FACE('',(#1227),#66,.T.);
#1333=CLOSED_SHELL('',(#1261,#1262,#1263,#1264,#1265,#1266,#1267,#1268,
#1269,#1270,#1271,#1272,#1273,#1274,#1275,#1276,#1277,#1278,#1279,#1280,
#1281,#1282,#1283,#1284,#1285,#1286,#1287,#1288,#1289,#1290,#1291,#1292,
#1293,#1294,#1295,#1296,#1297,#1298,#1299,#1300,#1301,#1302,#1303,#1304,
#1305,#1306,#1307,#1308,#1309,#1310,#1311,#1312,#1313,#1314,#1315,#1316,
#1317,#1318,#1319,#1320,#1321,#1322,#1323,#1324,#1325,#1326,#1327,#1328,
#1329,#1330,#1331,#1332));
#1334=STYLED_ITEM('',(#1335),#1342);
#1335=PRESENTATION_STYLE_ASSIGNMENT((#1336));
#1336=SURFACE_STYLE_USAGE(.BOTH.,#1337);
#1337=SURFACE_SIDE_STYLE('',(#1338));
#1338=SURFACE_STYLE_FILL_AREA(#1339);
#1339=FILL_AREA_STYLE('',(#1340));
#1340=FILL_AREA_STYLE_COLOUR('',#1341);
#1341=COLOUR_RGB('',0.745098039215686,0.745098039215686,0.745098039215686);
#1342=MANIFOLD_SOLID_BREP('KP0015-01_BasePhotoInterrupterV2',#1333);
#1343=SHAPE_DEFINITION_REPRESENTATION(#2504,#1344);
#1344=SHAPE_REPRESENTATION('KP0015-01_BasePhotoInterrupterV2',(#1345),#2499);
#1345=AXIS2_PLACEMENT_3D('',#1868,#1484,#1485);
#1346=AXIS2_PLACEMENT_3D('',#1869,#1486,#1487);
#1347=AXIS2_PLACEMENT_3D('',#1897,#1490,#1491);
#1348=AXIS2_PLACEMENT_3D('',#1901,#1493,#1494);
#1349=AXIS2_PLACEMENT_3D('',#1902,#1495,#1496);
#1350=AXIS2_PLACEMENT_3D('',#1903,#1497,#1498);
#1351=AXIS2_PLACEMENT_3D('',#1908,#1500,#1501);
#1352=AXIS2_PLACEMENT_3D('',#1912,#1503,#1504);
#1353=AXIS2_PLACEMENT_3D('',#1915,#1506,#1507);
#1354=AXIS2_PLACEMENT_3D('',#1916,#1508,#1509);
#1355=AXIS2_PLACEMENT_3D('',#1921,#1511,#1512);
#1356=AXIS2_PLACEMENT_3D('',#1924,#1514,#1515);
#1357=AXIS2_PLACEMENT_3D('',#1932,#1520,#1521);
#1358=AXIS2_PLACEMENT_3D('',#1933,#1522,#1523);
#1359=AXIS2_PLACEMENT_3D('',#1938,#1525,#1526);
#1360=AXIS2_PLACEMENT_3D('',#1942,#1528,#1529);
#1361=AXIS2_PLACEMENT_3D('',#1946,#1531,#1532);
#1362=AXIS2_PLACEMENT_3D('',#1949,#1534,#1535);
#1363=AXIS2_PLACEMENT_3D('',#1950,#1536,#1537);
#1364=AXIS2_PLACEMENT_3D('',#1954,#1539,#1540);
#1365=AXIS2_PLACEMENT_3D('',#1955,#1541,#1542);
#1366=AXIS2_PLACEMENT_3D('',#1963,#1547,#1548);
#1367=AXIS2_PLACEMENT_3D('',#1964,#1549,#1550);
#1368=AXIS2_PLACEMENT_3D('',#1980,#1552,#1553);
#1369=AXIS2_PLACEMENT_3D('',#1994,#1555,#1556);
#1370=AXIS2_PLACEMENT_3D('',#1997,#1559,#1560);
#1371=AXIS2_PLACEMENT_3D('',#2006,#1565,#1566);
#1372=AXIS2_PLACEMENT_3D('',#2007,#1567,#1568);
#1373=AXIS2_PLACEMENT_3D('',#2011,#1570,#1571);
#1374=AXIS2_PLACEMENT_3D('',#2012,#1572,#1573);
#1375=AXIS2_PLACEMENT_3D('',#2018,#1577,#1578);
#1376=AXIS2_PLACEMENT_3D('',#2019,#1579,#1580);
#1377=AXIS2_PLACEMENT_3D('',#2020,#1581,#1582);
#1378=AXIS2_PLACEMENT_3D('',#2021,#1583,#1584);
#1379=AXIS2_PLACEMENT_3D('',#2022,#1585,#1586);
#1380=AXIS2_PLACEMENT_3D('',#2027,#1588,#1589);
#1381=AXIS2_PLACEMENT_3D('',#2028,#1590,#1591);
#1382=AXIS2_PLACEMENT_3D('',#2031,#1593,#1594);
#1383=AXIS2_PLACEMENT_3D('',#2032,#1595,#1596);
#1384=AXIS2_PLACEMENT_3D('',#2037,#1598,#1599);
#1385=AXIS2_PLACEMENT_3D('',#2038,#1600,#1601);
#1386=AXIS2_PLACEMENT_3D('',#2041,#1603,#1604);
#1387=AXIS2_PLACEMENT_3D('',#2042,#1605,#1606);
#1388=AXIS2_PLACEMENT_3D('',#2043,#1607,#1608);
#1389=AXIS2_PLACEMENT_3D('',#2044,#1609,#1610);
#1390=AXIS2_PLACEMENT_3D('',#2045,#1611,#1612);
#1391=AXIS2_PLACEMENT_3D('',#2046,#1613,#1614);
#1392=AXIS2_PLACEMENT_3D('',#2047,#1615,#1616);
#1393=AXIS2_PLACEMENT_3D('',#2048,#1617,#1618);
#1394=AXIS2_PLACEMENT_3D('',#2052,#1620,#1621);
#1395=AXIS2_PLACEMENT_3D('',#2053,#1622,#1623);
#1396=AXIS2_PLACEMENT_3D('',#2054,#1624,#1625);
#1397=AXIS2_PLACEMENT_3D('',#2055,#1626,#1627);
#1398=AXIS2_PLACEMENT_3D('',#2056,#1628,#1629);
#1399=AXIS2_PLACEMENT_3D('',#2057,#1630,#1631);
#1400=AXIS2_PLACEMENT_3D('',#2058,#1632,#1633);
#1401=AXIS2_PLACEMENT_3D('',#2059,#1634,#1635);
#1402=AXIS2_PLACEMENT_3D('',#2060,#1636,#1637);
#1403=AXIS2_PLACEMENT_3D('',#2061,#1638,#1639);
#1404=AXIS2_PLACEMENT_3D('',#2062,#1640,#1641);
#1405=AXIS2_PLACEMENT_3D('',#2063,#1642,#1643);
#1406=AXIS2_PLACEMENT_3D('',#2064,#1644,#1645);
#1407=AXIS2_PLACEMENT_3D('',#2065,#1646,#1647);
#1408=AXIS2_PLACEMENT_3D('',#2066,#1648,#1649);
#1409=AXIS2_PLACEMENT_3D('',#2073,#1650,#1651);
#1410=AXIS2_PLACEMENT_3D('',#2194,#1654,#1655);
#1411=AXIS2_PLACEMENT_3D('',#2195,#1656,#1657);
#1412=AXIS2_PLACEMENT_3D('',#2196,#1658,#1659);
#1413=AXIS2_PLACEMENT_3D('',#2198,#1660,#1661);
#1414=AXIS2_PLACEMENT_3D('',#2199,#1662,#1663);
#1415=AXIS2_PLACEMENT_3D('',#2200,#1664,#1665);
#1416=AXIS2_PLACEMENT_3D('',#2201,#1666,#1667);
#1417=AXIS2_PLACEMENT_3D('',#2205,#1669,#1670);
#1418=AXIS2_PLACEMENT_3D('',#2206,#1671,#1672);
#1419=AXIS2_PLACEMENT_3D('',#2210,#1674,#1675);
#1420=AXIS2_PLACEMENT_3D('',#2211,#1676,#1677);
#1421=AXIS2_PLACEMENT_3D('',#2221,#1683,#1684);
#1422=AXIS2_PLACEMENT_3D('',#2230,#1689,#1690);
#1423=AXIS2_PLACEMENT_3D('',#2234,#1692,#1693);
#1424=AXIS2_PLACEMENT_3D('',#2235,#1694,#1695);
#1425=AXIS2_PLACEMENT_3D('',#2236,#1696,#1697);
#1426=AXIS2_PLACEMENT_3D('',#2242,#1701,#1702);
#1427=AXIS2_PLACEMENT_3D('',#2243,#1703,#1704);
#1428=AXIS2_PLACEMENT_3D('',#2244,#1705,#1706);
#1429=AXIS2_PLACEMENT_3D('',#2245,#1707,#1708);
#1430=AXIS2_PLACEMENT_3D('',#2246,#1709,#1710);
#1431=AXIS2_PLACEMENT_3D('',#2248,#1711,#1712);
#1432=AXIS2_PLACEMENT_3D('',#2249,#1713,#1714);
#1433=AXIS2_PLACEMENT_3D('',#2352,#1715,#1716);
#1434=AXIS2_PLACEMENT_3D('',#2353,#1717,#1718);
#1435=AXIS2_PLACEMENT_3D('',#2358,#1721,#1722);
#1436=AXIS2_PLACEMENT_3D('',#2359,#1723,#1724);
#1437=AXIS2_PLACEMENT_3D('',#2364,#1727,#1728);
#1438=AXIS2_PLACEMENT_3D('',#2365,#1729,#1730);
#1439=AXIS2_PLACEMENT_3D('',#2370,#1734,#1735);
#1440=AXIS2_PLACEMENT_3D('',#2374,#1738,#1739);
#1441=AXIS2_PLACEMENT_3D('',#2380,#1743,#1744);
#1442=AXIS2_PLACEMENT_3D('',#2386,#1748,#1749);
#1443=AXIS2_PLACEMENT_3D('',#2387,#1750,#1751);
#1444=AXIS2_PLACEMENT_3D('',#2389,#1752,#1753);
#1445=AXIS2_PLACEMENT_3D('',#2396,#1757,#1758);
#1446=AXIS2_PLACEMENT_3D('',#2400,#1760,#1761);
#1447=AXIS2_PLACEMENT_3D('',#2402,#1762,#1763);
#1448=AXIS2_PLACEMENT_3D('',#2404,#1764,#1765);
#1449=AXIS2_PLACEMENT_3D('',#2408,#1767,#1768);
#1450=AXIS2_PLACEMENT_3D('',#2410,#1769,#1770);
#1451=AXIS2_PLACEMENT_3D('',#2412,#1771,#1772);
#1452=AXIS2_PLACEMENT_3D('',#2418,#1776,#1777);
#1453=AXIS2_PLACEMENT_3D('',#2424,#1781,#1782);
#1454=AXIS2_PLACEMENT_3D('',#2425,#1783,#1784);
#1455=AXIS2_PLACEMENT_3D('',#2426,#1785,#1786);
#1456=AXIS2_PLACEMENT_3D('',#2432,#1790,#1791);
#1457=AXIS2_PLACEMENT_3D('',#2436,#1794,#1795);
#1458=AXIS2_PLACEMENT_3D('',#2440,#1798,#1799);
#1459=AXIS2_PLACEMENT_3D('',#2444,#1802,#1803);
#1460=AXIS2_PLACEMENT_3D('',#2448,#1806,#1807);
#1461=AXIS2_PLACEMENT_3D('',#2453,#1810,#1811);
#1462=AXIS2_PLACEMENT_3D('',#2457,#1813,#1814);
#1463=AXIS2_PLACEMENT_3D('',#2462,#1817,#1818);
#1464=AXIS2_PLACEMENT_3D('',#2463,#1819,#1820);
#1465=AXIS2_PLACEMENT_3D('',#2465,#1821,#1822);
#1466=AXIS2_PLACEMENT_3D('',#2467,#1823,#1824);
#1467=AXIS2_PLACEMENT_3D('',#2468,#1825,#1826);
#1468=AXIS2_PLACEMENT_3D('',#2470,#1827,#1828);
#1469=AXIS2_PLACEMENT_3D('',#2472,#1829,#1830);
#1470=AXIS2_PLACEMENT_3D('',#2474,#1832,#1833);
#1471=AXIS2_PLACEMENT_3D('',#2476,#1834,#1835);
#1472=AXIS2_PLACEMENT_3D('',#2478,#1836,#1837);
#1473=AXIS2_PLACEMENT_3D('',#2481,#1840,#1841);
#1474=AXIS2_PLACEMENT_3D('',#2483,#1843,#1844);
#1475=AXIS2_PLACEMENT_3D('',#2485,#1846,#1847);
#1476=AXIS2_PLACEMENT_3D('',#2486,#1848,#1849);
#1477=AXIS2_PLACEMENT_3D('',#2487,#1850,#1851);
#1478=AXIS2_PLACEMENT_3D('',#2488,#1852,#1853);
#1479=AXIS2_PLACEMENT_3D('',#2491,#1856,#1857);
#1480=AXIS2_PLACEMENT_3D('',#2494,#1860,#1861);
#1481=AXIS2_PLACEMENT_3D('',#2495,#1862,#1863);
#1482=AXIS2_PLACEMENT_3D('',#2496,#1864,#1865);
#1483=AXIS2_PLACEMENT_3D('',#2497,#1866,#1867);
#1484=DIRECTION('',(0.,0.,1.));
#1485=DIRECTION('',(1.,0.,0.));
#1486=DIRECTION('',(0.,0.,-1.));
#1487=DIRECTION('',(0.,1.,0.));
#1488=DIRECTION('',(0.,1.,0.));
#1489=DIRECTION('',(0.,1.,0.));
#1490=DIRECTION('',(0.,0.,-1.));
#1491=DIRECTION('',(0.,1.,0.));
#1492=DIRECTION('',(0.,1.,0.));
#1493=DIRECTION('',(0.,0.,-1.));
#1494=DIRECTION('',(0.,1.,0.));
#1495=DIRECTION('',(0.,0.,1.));
#1496=DIRECTION('',(0.,-1.,0.));
#1497=DIRECTION('',(0.,0.,1.));
#1498=DIRECTION('',(0.,-1.,0.));
#1499=DIRECTION('',(0.,0.,1.));
#1500=DIRECTION('',(0.,0.,1.));
#1501=DIRECTION('',(0.,-1.,0.));
#1502=DIRECTION('',(0.,0.,1.));
#1503=DIRECTION('',(0.,0.,1.));
#1504=DIRECTION('',(0.,-1.,0.));
#1505=DIRECTION('',(0.,0.,1.));
#1506=DIRECTION('',(0.,0.,1.));
#1507=DIRECTION('',(0.,-1.,0.));
#1508=DIRECTION('',(0.,0.,1.));
#1509=DIRECTION('',(0.,-1.,0.));
#1510=DIRECTION('',(0.,0.,1.));
#1511=DIRECTION('',(0.,0.,1.));
#1512=DIRECTION('',(0.,-1.,0.));
#1513=DIRECTION('',(0.,0.,1.));
#1514=DIRECTION('',(1.,2.31219123237841E-61,0.));
#1515=DIRECTION('',(-2.31219123237841E-61,1.,0.));
#1516=DIRECTION('',(-2.31219123237841E-61,1.,0.));
#1517=DIRECTION('',(-2.31219123237841E-61,1.,0.));
#1518=DIRECTION('',(0.,0.,1.));
#1519=DIRECTION('',(0.,-1.,2.6969015989967E-30));
#1520=DIRECTION('',(0.,0.,1.));
#1521=DIRECTION('',(0.,-1.,0.));
#1522=DIRECTION('',(0.,0.,1.));
#1523=DIRECTION('',(0.,-1.,0.));
#1524=DIRECTION('',(0.,0.,1.));
#1525=DIRECTION('',(0.,0.,1.));
#1526=DIRECTION('',(0.,-1.,0.));
#1527=DIRECTION('',(0.,0.,1.));
#1528=DIRECTION('',(0.,0.,1.));
#1529=DIRECTION('',(0.,-1.,0.));
#1530=DIRECTION('',(0.,0.,1.));
#1531=DIRECTION('',(0.,0.,1.));
#1532=DIRECTION('',(0.,-1.,0.));
#1533=DIRECTION('',(0.,0.,1.));
#1534=DIRECTION('',(0.,0.,1.));
#1535=DIRECTION('',(0.,-1.,0.));
#1536=DIRECTION('',(0.,0.,1.));
#1537=DIRECTION('',(0.,-1.,0.));
#1538=DIRECTION('',(0.,0.,1.));
#1539=DIRECTION('',(0.,0.,1.));
#1540=DIRECTION('',(0.,-1.,0.));
#1541=DIRECTION('',(1.,2.31219123237841E-61,0.));
#1542=DIRECTION('',(-2.31219123237841E-61,1.,0.));
#1543=DIRECTION('',(-2.31219123237841E-61,1.,0.));
#1544=DIRECTION('',(0.,-1.,0.));
#1545=DIRECTION('',(0.,0.,1.));
#1546=DIRECTION('',(0.,-1.,2.6969015989967E-30));
#1547=DIRECTION('',(0.,0.,1.));
#1548=DIRECTION('',(0.,-1.,0.));
#1549=DIRECTION('',(0.,0.,1.));
#1550=DIRECTION('',(0.,-1.,0.));
#1551=DIRECTION('',(0.,-1.53909063549119E-31,-1.));
#1552=DIRECTION('',(0.,0.,1.));
#1553=DIRECTION('',(0.,-1.,0.));
#1554=DIRECTION('',(0.,-1.53909063549119E-31,-1.));
#1555=DIRECTION('',(-1.,4.58468336817935E-32,0.));
#1556=DIRECTION('',(-4.58468336817935E-32,-1.,0.));
#1557=DIRECTION('',(1.,-4.58468336817935E-32,7.05624323865705E-63));
#1558=DIRECTION('',(-1.,4.58468336817935E-32,0.));
#1559=DIRECTION('',(-1.,-2.98389163079653E-16,0.));
#1560=DIRECTION('',(2.98389163079653E-16,-1.,0.));
#1561=DIRECTION('',(0.,0.,1.));
#1562=DIRECTION('',(0.,-1.,0.));
#1563=DIRECTION('',(0.,0.,1.));
#1564=DIRECTION('',(2.98389163079653E-16,-1.,0.));
#1565=DIRECTION('',(0.,0.,1.));
#1566=DIRECTION('',(0.,-1.,0.));
#1567=DIRECTION('',(0.,0.,1.));
#1568=DIRECTION('',(0.,-1.,0.));
#1569=DIRECTION('',(0.,0.,1.));
#1570=DIRECTION('',(0.,0.,1.));
#1571=DIRECTION('',(0.,-1.,0.));
#1572=DIRECTION('',(1.,2.98389163079653E-16,0.));
#1573=DIRECTION('',(-2.98389163079653E-16,1.,0.));
#1574=DIRECTION('',(0.,-1.,0.));
#1575=DIRECTION('',(0.,0.,1.));
#1576=DIRECTION('',(-2.98389163079653E-16,1.,0.));
#1577=DIRECTION('',(0.,0.,1.));
#1578=DIRECTION('',(0.,-1.,0.));
#1579=DIRECTION('',(0.,0.,1.));
#1580=DIRECTION('',(0.,-1.,0.));
#1581=DIRECTION('',(0.,0.,1.));
#1582=DIRECTION('',(0.,-1.,0.));
#1583=DIRECTION('',(0.,0.,-1.));
#1584=DIRECTION('',(0.,1.,0.));
#1585=DIRECTION('',(0.,0.,-1.));
#1586=DIRECTION('',(0.,1.,0.));
#1587=DIRECTION('',(0.,0.,-1.));
#1588=DIRECTION('',(0.,0.,-1.));
#1589=DIRECTION('',(0.,1.,0.));
#1590=DIRECTION('',(0.,0.,-1.));
#1591=DIRECTION('',(0.,1.,0.));
#1592=DIRECTION('',(0.,0.,-1.));
#1593=DIRECTION('',(0.,0.,-1.));
#1594=DIRECTION('',(0.,1.,0.));
#1595=DIRECTION('',(0.,0.,-1.));
#1596=DIRECTION('',(0.,1.,0.));
#1597=DIRECTION('',(0.,0.,-1.));
#1598=DIRECTION('',(0.,0.,-1.));
#1599=DIRECTION('',(0.,1.,0.));
#1600=DIRECTION('',(0.,0.,-1.));
#1601=DIRECTION('',(0.,1.,0.));
#1602=DIRECTION('',(0.,0.,-1.));
#1603=DIRECTION('',(0.,0.,-1.));
#1604=DIRECTION('',(0.,1.,0.));
#1605=DIRECTION('',(0.,0.,-1.));
#1606=DIRECTION('',(0.,1.,0.));
#1607=DIRECTION('',(0.,0.,-1.));
#1608=DIRECTION('',(0.,1.,0.));
#1609=DIRECTION('',(0.,0.,1.));
#1610=DIRECTION('',(0.,-1.,0.));
#1611=DIRECTION('',(0.,0.,1.));
#1612=DIRECTION('',(0.,-1.,0.));
#1613=DIRECTION('',(0.,0.,1.));
#1614=DIRECTION('',(0.,-1.,0.));
#1615=DIRECTION('',(0.,0.,1.));
#1616=DIRECTION('',(0.,-1.,0.));
#1617=DIRECTION('',(0.,0.,1.));
#1618=DIRECTION('',(0.,-1.,0.));
#1619=DIRECTION('',(0.,0.,1.));
#1620=DIRECTION('',(0.,0.,1.));
#1621=DIRECTION('',(0.,-1.,0.));
#1622=DIRECTION('',(0.,0.,1.));
#1623=DIRECTION('',(0.,-1.,0.));
#1624=DIRECTION('',(0.,0.,1.));
#1625=DIRECTION('',(0.,-1.,0.));
#1626=DIRECTION('',(0.,0.,1.));
#1627=DIRECTION('',(0.,-1.,0.));
#1628=DIRECTION('',(0.,0.,1.));
#1629=DIRECTION('',(0.,-1.,0.));
#1630=DIRECTION('',(0.,0.,-1.));
#1631=DIRECTION('',(0.,1.,0.));
#1632=DIRECTION('',(0.,0.,1.));
#1633=DIRECTION('',(0.,-1.,0.));
#1634=DIRECTION('',(0.,0.,1.));
#1635=DIRECTION('',(0.,-1.,0.));
#1636=DIRECTION('',(0.,0.,-1.));
#1637=DIRECTION('',(0.,1.,0.));
#1638=DIRECTION('',(0.,0.,-1.));
#1639=DIRECTION('',(0.,1.,0.));
#1640=DIRECTION('',(0.,0.,1.));
#1641=DIRECTION('',(0.,-1.,0.));
#1642=DIRECTION('',(0.,0.,1.));
#1643=DIRECTION('',(0.,-1.,0.));
#1644=DIRECTION('',(0.,0.,1.));
#1645=DIRECTION('',(0.,-1.,0.));
#1646=DIRECTION('',(0.,0.,1.));
#1647=DIRECTION('',(0.,-1.,0.));
#1648=DIRECTION('',(3.2436234692988E-32,-7.5979179315868E-32,1.));
#1649=DIRECTION('',(6.97901242082727E-48,-1.,0.));
#1650=DIRECTION('',(3.2436234692988E-32,-7.5979179315868E-32,1.));
#1651=DIRECTION('',(-1.24134159353626E-48,-1.,0.));
#1652=DIRECTION('',(0.,1.,0.));
#1653=DIRECTION('',(0.,1.,0.));
#1654=DIRECTION('',(0.,0.,1.));
#1655=DIRECTION('',(0.,-1.,0.));
#1656=DIRECTION('',(3.25501866882473E-46,7.06824519418242E-30,1.));
#1657=DIRECTION('',(0.,-1.,7.06824519418242E-30));
#1658=DIRECTION('',(0.,0.,-1.));
#1659=DIRECTION('',(0.,1.,0.));
#1660=DIRECTION('',(0.,0.,1.));
#1661=DIRECTION('',(0.,-1.,0.));
#1662=DIRECTION('',(0.,0.,-1.));
#1663=DIRECTION('',(0.,1.,0.));
#1664=DIRECTION('',(0.,0.,-1.));
#1665=DIRECTION('',(0.,1.,0.));
#1666=DIRECTION('',(0.,0.,-1.));
#1667=DIRECTION('',(0.,1.,0.));
#1668=DIRECTION('',(0.,1.,0.));
#1669=DIRECTION('',(0.,0.,1.));
#1670=DIRECTION('',(0.,-1.,0.));
#1671=DIRECTION('',(0.,0.,1.));
#1672=DIRECTION('',(0.,-1.,0.));
#1673=DIRECTION('',(0.,0.,1.));
#1674=DIRECTION('',(0.,0.,1.));
#1675=DIRECTION('',(0.,-1.,0.));
#1676=DIRECTION('',(-4.58468336817935E-32,-1.,1.53909063549119E-31));
#1677=DIRECTION('',(0.,-1.53909063549119E-31,-1.));
#1678=DIRECTION('',(1.,-4.58468336817935E-32,7.05624323865705E-63));
#1679=DIRECTION('',(0.,0.,1.));
#1680=DIRECTION('',(1.,0.,0.));
#1681=DIRECTION('',(0.,0.,1.));
#1682=DIRECTION('',(1.,-4.58468336817935E-32,7.05624323865705E-63));
#1683=DIRECTION('',(0.988287128087095,0.152605872945183,0.));
#1684=DIRECTION('',(-0.152605872945183,0.988287128087095,0.));
#1685=DIRECTION('',(0.,0.,1.));
#1686=DIRECTION('',(-0.152605872945182,0.988287128087095,0.));
#1687=DIRECTION('',(0.,0.,1.));
#1688=DIRECTION('',(-0.152605872945183,0.988287128087095,0.));
#1689=DIRECTION('',(0.,0.,1.));
#1690=DIRECTION('',(0.,-1.,0.));
#1691=DIRECTION('',(0.,0.,1.));
#1692=DIRECTION('',(0.,0.,1.));
#1693=DIRECTION('',(0.,-1.,0.));
#1694=DIRECTION('',(0.,0.,1.));
#1695=DIRECTION('',(0.,-1.,0.));
#1696=DIRECTION('',(-0.988287128087318,-0.152605872943743,0.));
#1697=DIRECTION('',(0.152605872943743,-0.988287128087318,0.));
#1698=DIRECTION('',(0.,0.,1.));
#1699=DIRECTION('',(0.15260587294374,-0.988287128087318,0.));
#1700=DIRECTION('',(0.152605872943743,-0.988287128087318,0.));
#1701=DIRECTION('',(0.,0.,1.));
#1702=DIRECTION('',(0.,-1.,0.));
#1703=DIRECTION('',(0.,0.,1.));
#1704=DIRECTION('',(0.,-1.,0.));
#1705=DIRECTION('',(0.,0.,1.));
#1706=DIRECTION('',(0.,-1.,0.));
#1707=DIRECTION('',(-1.72035328294707E-29,-1.83386074756819E-30,1.));
#1708=DIRECTION('',(-1.,0.,-1.72035328294707E-29));
#1709=DIRECTION('',(0.,0.,-1.));
#1710=DIRECTION('',(0.,1.,0.));
#1711=DIRECTION('',(0.,0.,-1.));
#1712=DIRECTION('',(0.,1.,0.));
#1713=DIRECTION('',(-1.07039574486861E-30,-7.59791793158682E-32,1.));
#1714=DIRECTION('',(0.,-1.,0.));
#1715=DIRECTION('',(-1.07039574486861E-30,-7.59791793158682E-32,1.));
#1716=DIRECTION('',(0.,-1.,0.));
#1717=DIRECTION('',(1.55760216919802E-64,0.,-1.));
#1718=DIRECTION('',(1.,0.,1.55760216919802E-64));
#1719=DIRECTION('',(0.,-1.,0.));
#1720=DIRECTION('',(0.,1.,0.));
#1721=DIRECTION('',(0.,0.,-1.));
#1722=DIRECTION('',(0.,1.,0.));
#1723=DIRECTION('',(0.,0.,-1.));
#1724=DIRECTION('',(0.,1.,0.));
#1725=DIRECTION('',(0.,0.,1.));
#1726=DIRECTION('',(0.,0.,1.));
#1727=DIRECTION('',(0.,0.,-1.));
#1728=DIRECTION('',(0.,1.,0.));
#1729=DIRECTION('',(7.35088498707669E-31,-1.90470885117005E-29,1.));
#1730=DIRECTION('',(0.,-1.,-1.90470885117005E-29));
#1731=DIRECTION('',(0.,-1.,0.));
#1732=DIRECTION('',(0.,1.,0.));
#1733=DIRECTION('',(1.,1.4001295698818E-59,-7.35088498707669E-31));
#1734=DIRECTION('',(-4.69068220756416E-62,1.,0.));
#1735=DIRECTION('',(-1.,-4.69068220756416E-62,0.));
#1736=DIRECTION('',(0.,0.,1.));
#1737=DIRECTION('',(1.,2.72753258643139E-61,1.01135784392211E-31));
#1738=DIRECTION('',(-1.01135784392211E-31,2.6969015989967E-30,1.));
#1739=DIRECTION('',(0.,-1.,2.6969015989967E-30));
#1740=DIRECTION('',(0.,1.,0.));
#1741=DIRECTION('',(1.,2.54704631565519E-33,-1.15298092134919E-65));
#1742=DIRECTION('',(0.,-1.,2.6969015989967E-30));
#1743=DIRECTION('',(0.,0.,-1.));
#1744=DIRECTION('',(0.,1.,0.));
#1745=DIRECTION('',(0.,1.,0.));
#1746=DIRECTION('',(0.,-1.,0.));
#1747=DIRECTION('',(-1.,0.,0.));
#1748=DIRECTION('',(0.,1.,0.));
#1749=DIRECTION('',(-1.,0.,0.));
#1750=DIRECTION('',(0.,1.,0.));
#1751=DIRECTION('',(-1.,0.,0.));
#1752=DIRECTION('',(0.,1.,0.));
#1753=DIRECTION('',(-1.,0.,0.));
#1754=DIRECTION('',(0.,0.,1.));
#1755=DIRECTION('',(-1.,0.,0.));
#1756=DIRECTION('',(0.,0.,1.));
#1757=DIRECTION('',(2.54704631565519E-33,-1.,4.5267371632094E-33));
#1758=DIRECTION('',(0.,-4.5267371632094E-33,-1.));
#1759=DIRECTION('',(1.,0.,0.));
#1760=DIRECTION('',(2.54704631565519E-33,-1.,4.5267371632094E-33));
#1761=DIRECTION('',(0.,-4.5267371632094E-33,-1.));
#1762=DIRECTION('',(0.,-1.,0.));
#1763=DIRECTION('',(1.,0.,0.));
#1764=DIRECTION('',(2.54704631565519E-33,-1.,4.5267371632094E-33));
#1765=DIRECTION('',(0.,-4.5267371632094E-33,-1.));
#1766=DIRECTION('',(1.,2.54704631565519E-33,-1.15298092134919E-65));
#1767=DIRECTION('',(2.54704631565519E-33,-1.,4.5267371632094E-33));
#1768=DIRECTION('',(0.,-4.5267371632094E-33,-1.));
#1769=DIRECTION('',(0.,-1.,0.));
#1770=DIRECTION('',(1.,0.,0.));
#1771=DIRECTION('',(2.54704631565519E-33,-1.,4.5267371632094E-33));
#1772=DIRECTION('',(0.,-4.5267371632094E-33,-1.));
#1773=DIRECTION('',(1.,0.,0.));
#1774=DIRECTION('',(0.,-4.5267371632094E-33,-1.));
#1775=DIRECTION('',(0.,-4.5267371632094E-33,-1.));
#1776=DIRECTION('',(1.,0.,0.));
#1777=DIRECTION('',(0.,1.,0.));
#1778=DIRECTION('',(0.,0.,1.));
#1779=DIRECTION('',(0.,0.,1.));
#1780=DIRECTION('',(0.,-1.,0.));
#1781=DIRECTION('',(0.,0.,-1.));
#1782=DIRECTION('',(0.,1.,0.));
#1783=DIRECTION('',(0.,0.,-1.));
#1784=DIRECTION('',(0.,1.,0.));
#1785=DIRECTION('',(0.,0.,1.));
#1786=DIRECTION('',(0.,-1.,0.));
#1787=DIRECTION('',(0.,1.,0.));
#1788=DIRECTION('',(1.,0.,0.));
#1789=DIRECTION('',(0.,-1.,0.));
#1790=DIRECTION('',(-1.,0.,0.));
#1791=DIRECTION('',(0.,-1.,0.));
#1792=DIRECTION('',(0.,0.46865301495663,0.883382336008628));
#1793=DIRECTION('',(0.,-1.,0.));
#1794=DIRECTION('',(0.,0.,-1.));
#1795=DIRECTION('',(0.,1.,0.));
#1796=DIRECTION('',(0.,1.,0.));
#1797=DIRECTION('',(1.,0.,0.));
#1798=DIRECTION('',(1.,0.,0.));
#1799=DIRECTION('',(0.,1.,0.));
#1800=DIRECTION('',(0.,-0.46865301495663,-0.883382336008628));
#1801=DIRECTION('',(0.,1.,0.));
#1802=DIRECTION('',(0.,0.,1.));
#1803=DIRECTION('',(0.,-1.,0.));
#1804=DIRECTION('',(1.,0.,0.));
#1805=DIRECTION('',(0.,1.,0.));
#1806=DIRECTION('',(0.,0.,1.));
#1807=DIRECTION('',(0.,-1.,0.));
#1808=DIRECTION('',(0.,1.,0.));
#1809=DIRECTION('',(1.,0.,0.));
#1810=DIRECTION('',(0.,0.,-1.));
#1811=DIRECTION('',(0.,1.,0.));
#1812=DIRECTION('',(0.,-1.,0.));
#1813=DIRECTION('',(0.,0.,-1.));
#1814=DIRECTION('',(0.,1.,0.));
#1815=DIRECTION('',(1.,0.,0.));
#1816=DIRECTION('',(0.,1.,0.));
#1817=DIRECTION('',(0.,-0.883382336008629,0.468653014956629));
#1818=DIRECTION('',(0.,-0.468653014956629,-0.883382336008629));
#1819=DIRECTION('',(0.,-0.883382336008629,0.468653014956629));
#1820=DIRECTION('',(0.,-0.468653014956629,-0.883382336008629));
#1821=DIRECTION('',(0.,-0.883382336008629,0.468653014956629));
#1822=DIRECTION('',(0.,-0.468653014956629,-0.883382336008629));
#1823=DIRECTION('',(0.,-0.883382336008629,0.468653014956629));
#1824=DIRECTION('',(0.,-0.468653014956629,-0.883382336008629));
#1825=DIRECTION('',(0.,-0.883382336008629,0.468653014956629));
#1826=DIRECTION('',(0.,-0.468653014956629,-0.883382336008629));
#1827=DIRECTION('',(0.,-0.883382336008629,0.468653014956629));
#1828=DIRECTION('',(0.,-0.468653014956629,-0.883382336008629));
#1829=DIRECTION('',(0.,-0.883382336008629,0.468653014956629));
#1830=DIRECTION('',(0.,-0.468653014956629,-0.883382336008629));
#1831=DIRECTION('',(-1.,0.,0.));
#1832=DIRECTION('',(0.,-0.883382336008629,0.468653014956629));
#1833=DIRECTION('',(0.,0.468653014956629,0.883382336008629));
#1834=DIRECTION('',(0.,-0.883382336008629,0.468653014956629));
#1835=DIRECTION('',(0.,0.468653014956629,0.883382336008629));
#1836=DIRECTION('',(0.,1.,0.));
#1837=DIRECTION('',(-1.,0.,0.));
#1838=DIRECTION('',(0.,0.,-1.));
#1839=DIRECTION('',(0.,0.,-1.));
#1840=DIRECTION('',(0.,0.,-1.));
#1841=DIRECTION('',(0.,1.,0.));
#1842=DIRECTION('',(0.,0.,1.));
#1843=DIRECTION('',(0.,0.,-1.));
#1844=DIRECTION('',(0.,1.,0.));
#1845=DIRECTION('',(0.,0.,1.));
#1846=DIRECTION('',(1.,0.,0.));
#1847=DIRECTION('',(0.,1.,0.));
#1848=DIRECTION('',(0.,1.,0.));
#1849=DIRECTION('',(-1.,0.,0.));
#1850=DIRECTION('',(0.,1.,0.));
#1851=DIRECTION('',(-1.,0.,0.));
#1852=DIRECTION('',(0.,-1.,0.));
#1853=DIRECTION('',(1.,0.,0.));
#1854=DIRECTION('',(0.,-1.,0.));
#1855=DIRECTION('',(0.,-1.,0.));
#1856=DIRECTION('',(0.,-1.,0.));
#1857=DIRECTION('',(1.,0.,0.));
#1858=DIRECTION('',(0.,-1.,0.));
#1859=DIRECTION('',(0.,-1.,0.));
#1860=DIRECTION('',(0.,-1.,0.));
#1861=DIRECTION('',(1.,0.,0.));
#1862=DIRECTION('',(0.,-1.,0.));
#1863=DIRECTION('',(1.,0.,0.));
#1864=DIRECTION('',(0.,-1.,0.));
#1865=DIRECTION('',(1.,0.,0.));
#1866=DIRECTION('',(0.,-1.,0.));
#1867=DIRECTION('',(1.,0.,0.));
#1868=CARTESIAN_POINT('',(0.,0.,0.));
#1869=CARTESIAN_POINT('',(0.00672297248759449,-0.0109355279991717,-0.0065));
#1870=CARTESIAN_POINT('',(0.00717443829159693,-0.00887687956496264,-0.0065));
#1871=CARTESIAN_POINT('',(0.00625248384571144,-0.00887687956496264,-0.0065));
#1872=CARTESIAN_POINT('',(0.00717443829159689,-0.00887687956496261,-0.0065));
#1873=CARTESIAN_POINT('',(0.00671421102440279,-0.00887687956496268,-0.0065));
#1874=CARTESIAN_POINT('',(0.00831346106857618,-0.00961673251408909,-0.0065));
#1875=CARTESIAN_POINT('',(0.00791509787007986,-0.00914812059658739,-0.0065));
#1876=CARTESIAN_POINT('',(0.00733067962319032,-0.0088770892088333,-0.0065));
#1877=CARTESIAN_POINT('',(0.00671421102435948,-0.00887687969239982,-0.0065));
#1878=CARTESIAN_POINT('',(0.00831346106857619,-0.00961673262426265,-0.0065));
#1879=CARTESIAN_POINT('',(0.00831346106857618,-0.0102968060395258,-0.0065));
#1880=CARTESIAN_POINT('',(0.00831346106857618,-0.0109768795649626,-0.0065));
#1881=CARTESIAN_POINT('',(0.00831346106857618,-0.0116569530903994,-0.0065));
#1882=CARTESIAN_POINT('',(0.00831346106857616,-0.0123370266158362,-0.0065));
#1883=CARTESIAN_POINT('',(0.00671345987727402,-0.00887687956496298,-0.0065));
#1884=CARTESIAN_POINT('',(0.00637530277398802,-0.00887687975440777,-0.0065));
#1885=CARTESIAN_POINT('',(0.00568250780525873,-0.00903433294367058,-0.0065));
#1886=CARTESIAN_POINT('',(0.0048445831751677,-0.00983767551817629,-0.0065));
#1887=CARTESIAN_POINT('',(0.00453953901460473,-0.0107912340791763,-0.0065));
#1888=CARTESIAN_POINT('',(0.00471445518818804,-0.0119012425084348,-0.0065));
#1889=CARTESIAN_POINT('',(0.00544690710598531,-0.0127534074511549,-0.0065));
#1890=CARTESIAN_POINT('',(0.00637086558443832,-0.0131387671252227,-0.0065));
#1891=CARTESIAN_POINT('',(0.00752617404629215,-0.0130200469532662,-0.0065));
#1892=CARTESIAN_POINT('',(0.0080935492786558,-0.0125957183974686,-0.0065));
#1893=CARTESIAN_POINT('',(0.00831346106857618,-0.0123370266158362,-0.0065));
#1894=CARTESIAN_POINT('',(0.00717443829159693,-0.00887687956496264,-0.0065));
#1895=CARTESIAN_POINT('',(0.00625248384571144,-0.00887687956496264,-0.0065));
#1896=CARTESIAN_POINT('',(0.00625248384571148,-0.00887687956496262,-0.0065));
#1897=CARTESIAN_POINT('',(0.00671346106857618,-0.0109768795649626,-0.0065));
#1898=CARTESIAN_POINT('',(0.00836346106858454,-0.0123552844401277,-0.0065));
#1899=CARTESIAN_POINT('',(0.00836346106857618,-0.0109768795649499,-0.0065));
#1900=CARTESIAN_POINT('',(0.00836346106857618,-0.0095984746897925,-0.0065));
#1901=CARTESIAN_POINT('',(0.00671346106857618,-0.0109768795649626,-0.0065));
#1902=CARTESIAN_POINT('',(0.,0.0325,-0.02));
#1903=CARTESIAN_POINT('',(0.,0.0325,-0.014));
#1904=CARTESIAN_POINT('',(0.0156843871413581,-0.007,-0.014));
#1905=CARTESIAN_POINT('',(0.00743066510006511,-0.00934537269723709,-0.014));
#1906=CARTESIAN_POINT('',(0.0156843871413582,-0.007,-0.014));
#1907=CARTESIAN_POINT('',(0.0156843871413581,-0.007,-0.02));
#1908=CARTESIAN_POINT('',(0.,0.0325,-0.02));
#1909=CARTESIAN_POINT('',(0.00791712410911588,-0.00925606717401504,-0.02));
#1910=CARTESIAN_POINT('',(0.00791712410911587,-0.00925606717401504,-0.02));
#1911=CARTESIAN_POINT('',(0.00791712410911588,-0.00925606717401503,-0.018));
#1912=CARTESIAN_POINT('',(0.,0.0325,-0.018));
#1913=CARTESIAN_POINT('',(0.00743066510006511,-0.00934537269723708,-0.018));
#1914=CARTESIAN_POINT('',(0.00743066510006511,-0.00934537269723708,-0.02));
#1915=CARTESIAN_POINT('',(0.,-0.0115,-0.02));
#1916=CARTESIAN_POINT('',(0.,-0.0115,-0.018));
#1917=CARTESIAN_POINT('',(0.0016,-0.0128601470508736,-0.018));
#1918=CARTESIAN_POINT('',(-0.0014442164508912,-0.00997545454545455,-0.018));
#1919=CARTESIAN_POINT('',(0.00159999999999997,-0.0128601470508736,-0.02));
#1920=CARTESIAN_POINT('',(0.0016,-0.0128601470508736,-0.02));
#1921=CARTESIAN_POINT('',(0.,-0.0115,-0.02));
#1922=CARTESIAN_POINT('',(-0.00144421645089125,-0.00997545454545455,-0.02));
#1923=CARTESIAN_POINT('',(-0.00144421645089129,-0.00997545454545454,-0.02));
#1924=CARTESIAN_POINT('',(0.0016,-0.0101398529491265,-0.02));
#1925=CARTESIAN_POINT('',(0.0016,-0.0101398529491265,-0.018));
#1926=CARTESIAN_POINT('',(0.0016,-0.0115,-0.018));
#1927=CARTESIAN_POINT('',(0.0016,-0.0101398529491265,-0.018));
#1928=CARTESIAN_POINT('',(0.0016,-0.0101398529491265,-0.018));
#1929=CARTESIAN_POINT('',(0.0016,-0.0101398529491265,-0.02));
#1930=CARTESIAN_POINT('',(0.0016,-0.0101398529491265,-0.02));
#1931=CARTESIAN_POINT('',(0.0016,-0.0155980947079493,-0.02));
#1932=CARTESIAN_POINT('',(0.,0.0325,-0.02));
#1933=CARTESIAN_POINT('',(0.,0.0325,-0.014));
#1934=CARTESIAN_POINT('',(0.00553753974880452,-0.0096376987213399,-0.014));
#1935=CARTESIAN_POINT('',(0.000946612706990982,-0.00998945662612035,-0.014));
#1936=CARTESIAN_POINT('',(0.00553753974880452,-0.0096376987213399,-0.02));
#1937=CARTESIAN_POINT('',(0.00553753974880452,-0.0096376987213399,-0.018));
#1938=CARTESIAN_POINT('',(0.,0.0325,-0.018));
#1939=CARTESIAN_POINT('',(0.00504680075625327,-0.0096992867490279,-0.018));
#1940=CARTESIAN_POINT('',(0.00504680075625318,-0.00969928674902791,-0.02));
#1941=CARTESIAN_POINT('',(0.00504680075625327,-0.0096992867490279,-0.02));
#1942=CARTESIAN_POINT('',(0.,0.0325,-0.02));
#1943=CARTESIAN_POINT('',(0.00144421645089121,-0.00997545454545455,-0.02));
#1944=CARTESIAN_POINT('',(0.0014442164508912,-0.00997545454545454,-0.02));
#1945=CARTESIAN_POINT('',(0.00144421645089121,-0.00997545454545455,-0.018));
#1946=CARTESIAN_POINT('',(0.,0.0325,-0.018));
#1947=CARTESIAN_POINT('',(0.000946612706990982,-0.00998945662612035,-0.018));
#1948=CARTESIAN_POINT('',(0.000946612706990982,-0.00998945662612036,-0.02));
#1949=CARTESIAN_POINT('',(0.00671346106857618,-0.0109768795649626,-0.02));
#1950=CARTESIAN_POINT('',(0.00671346106857618,-0.0109768795649626,-0.018));
#1951=CARTESIAN_POINT('',(0.00831346106857617,-0.0123370266158362,-0.018));
#1952=CARTESIAN_POINT('',(0.00831346106857615,-0.0123370266158362,-0.02));
#1953=CARTESIAN_POINT('',(0.00831346106857617,-0.0123370266158362,-0.02));
#1954=CARTESIAN_POINT('',(0.00671346106857618,-0.0109768795649626,-0.02));
#1955=CARTESIAN_POINT('',(0.00831346106857618,-0.00961673251408909,-0.02));
#1956=CARTESIAN_POINT('',(0.00831346106857618,-0.00961673251408909,-0.018));
#1957=CARTESIAN_POINT('',(0.00831346106857618,-0.0109768795649626,-0.018));
#1958=CARTESIAN_POINT('',(0.00831346106857618,-0.0109768795649626,-0.018));
#1959=CARTESIAN_POINT('',(0.00831346106857618,-0.00961673251408907,-0.018));
#1960=CARTESIAN_POINT('',(0.00831346106857618,-0.00961673251408909,-0.02));
#1961=CARTESIAN_POINT('',(0.00831346106857618,-0.00961673251408907,-0.02));
#1962=CARTESIAN_POINT('',(0.00831346106857618,-0.0155980947079493,-0.02));
#1963=CARTESIAN_POINT('',(-2.22044604925031E-18,0.0325,-0.011));
#1964=CARTESIAN_POINT('',(-2.22044604925031E-18,0.0325,-0.011));
#1965=CARTESIAN_POINT('',(-0.010988630487918,-0.007,-0.011));
#1966=CARTESIAN_POINT('',(0.010988630487918,-0.007,-0.011));
#1967=CARTESIAN_POINT('',(-0.010988630487918,-0.007,-0.004625));
#1968=CARTESIAN_POINT('',(-0.010988630487918,-0.007,-0.005));
#1969=CARTESIAN_POINT('',(-0.00638357266740196,-0.008,-0.006));
#1970=CARTESIAN_POINT('',(-0.00679580343409516,-0.00793502456654506,-0.006));
#1971=CARTESIAN_POINT('',(-0.00761734996214912,-0.00779265098732591,-0.00598749073701976));
#1972=CARTESIAN_POINT('',(-0.00863789160373696,-0.00758351766320485,-0.00591902586446014));
#1973=CARTESIAN_POINT('',(-0.00944461289212578,-0.00739894992302317,-0.00580566236623466));
#1974=CARTESIAN_POINT('',(-0.0100400661422732,-0.00725325042451005,-0.0056764548750339));
#1975=CARTESIAN_POINT('',(-0.0105203112274588,-0.00712807734383714,-0.00550781133266224));
#1976=CARTESIAN_POINT('',(-0.0108655523361571,-0.00703428064114361,-0.00528978953870684));
#1977=CARTESIAN_POINT('',(-0.010988630487918,-0.007,-0.00510582528692952));
#1978=CARTESIAN_POINT('',(-0.010988630487918,-0.007,-0.005));
#1979=CARTESIAN_POINT('',(-0.00638357266740189,-0.008,-0.006));
#1980=CARTESIAN_POINT('',(-2.22044604925031E-18,0.0325,-0.006));
#1981=CARTESIAN_POINT('',(0.00638357266740188,-0.008,-0.006));
#1982=CARTESIAN_POINT('',(0.0109886304879179,-0.007,-0.005));
#1983=CARTESIAN_POINT('',(0.0109886304879179,-0.007,-0.0051075040130172));
#1984=CARTESIAN_POINT('',(0.01086238675384,-0.00703515948054676,-0.00529288982777127));
#1985=CARTESIAN_POINT('',(0.0105134211879698,-0.00712991842799086,-0.00551097455567003));
#1986=CARTESIAN_POINT('',(0.0100309888531682,-0.00725554930974714,-0.00567891723268664));
#1987=CARTESIAN_POINT('',(0.00943573457368163,-0.00740103720578738,-0.00580712689135687));
#1988=CARTESIAN_POINT('',(0.00863431103952956,-0.00758423685398881,-0.00591919229191564));
#1989=CARTESIAN_POINT('',(0.00761767326853553,-0.0077925801147962,-0.00598747806515127));
#1990=CARTESIAN_POINT('',(0.0067954089012434,-0.00793508675244948,-0.006));
#1991=CARTESIAN_POINT('',(0.00638357266740194,-0.008,-0.006));
#1992=CARTESIAN_POINT('',(0.010988630487918,-0.007,-0.005));
#1993=CARTESIAN_POINT('',(0.010988630487918,-0.007,-0.004625));
#1994=CARTESIAN_POINT('',(0.00176776695296637,-0.008,-0.005));
#1995=CARTESIAN_POINT('',(0.00353553390593274,-0.007,-0.005));
#1996=CARTESIAN_POINT('',(0.00176776695296637,-0.008,-0.006));
#1997=CARTESIAN_POINT('',(-0.000410676744155247,-0.0129537843159342,-0.011));
#1998=CARTESIAN_POINT('',(-0.000410676744155247,-0.0129537843159342,-0.011));
#1999=CARTESIAN_POINT('',(-0.000410676744155248,-0.0129537843159145,-0.011));
#2000=CARTESIAN_POINT('',(-0.000410676744155247,-0.0129537843159145,-0.01));
#2001=CARTESIAN_POINT('',(-0.00041067674415525,-0.007,-0.011));
#2002=CARTESIAN_POINT('',(-0.000410676744155249,-0.0100462156840564,-0.011));
#2003=CARTESIAN_POINT('',(-0.000410676744155248,-0.0100462156840076,-0.011));
#2004=CARTESIAN_POINT('',(-0.000410676744155248,-0.0100462156840564,-0.01));
#2005=CARTESIAN_POINT('',(-0.000410676744155247,-0.0129537843159342,-0.01));
#2006=CARTESIAN_POINT('',(0.,-0.0115,-0.011));
#2007=CARTESIAN_POINT('',(0.,-0.0115,-0.011));
#2008=CARTESIAN_POINT('',(0.000410676744142478,-0.0100462156841016,-0.011));
#2009=CARTESIAN_POINT('',(0.000410676744129701,-0.010046215684098,-0.011));
#2010=CARTESIAN_POINT('',(0.000410676744142475,-0.0100462156841016,-0.01));
#2011=CARTESIAN_POINT('',(0.,-0.0115,-0.01));
#2012=CARTESIAN_POINT('',(0.000410676744155249,-0.0100462156840076,-0.011));
#2013=CARTESIAN_POINT('',(0.000410676744155254,-0.007,-0.011));
#2014=CARTESIAN_POINT('',(0.000410676744155252,-0.0129537843159145,-0.011));
#2015=CARTESIAN_POINT('',(0.00041067674415525,-0.0129537843159342,-0.011));
#2016=CARTESIAN_POINT('',(0.00041067674415525,-0.0129537843159145,-0.01));
#2017=CARTESIAN_POINT('',(0.000410676744155249,-0.0100462156840076,-0.01));
#2018=CARTESIAN_POINT('',(0.,-0.0115,-0.011));
#2019=CARTESIAN_POINT('',(0.,-0.0115,-0.011));
#2020=CARTESIAN_POINT('',(0.,-0.0115,-0.01));
#2021=CARTESIAN_POINT('',(0.,-0.0115,-0.014));
#2022=CARTESIAN_POINT('',(0.,-0.0115,-0.014));
#2023=CARTESIAN_POINT('',(0.000893025911536404,-0.0101724064171123,-0.014));
#2024=CARTESIAN_POINT('',(-0.000893025911536404,-0.0101724064171123,-0.014));
#2025=CARTESIAN_POINT('',(0.000893025911536402,-0.0101724064171123,-0.014));
#2026=CARTESIAN_POINT('',(0.000893025911536404,-0.0101724064171123,-0.018));
#2027=CARTESIAN_POINT('',(0.,-0.0115,-0.018));
#2028=CARTESIAN_POINT('',(0.,-0.0115,-0.018));
#2029=CARTESIAN_POINT('',(-0.000893025911536404,-0.0101724064171123,-0.018));
#2030=CARTESIAN_POINT('',(-0.000893025911536402,-0.0101724064171123,-0.014));
#2031=CARTESIAN_POINT('',(0.00671346106857618,-0.0109768795649626,-0.014));
#2032=CARTESIAN_POINT('',(0.00671346106857618,-0.0109768795649626,-0.014));
#2033=CARTESIAN_POINT('',(0.00740493207974931,-0.00953401164283419,-0.014));
#2034=CARTESIAN_POINT('',(0.0056189746549476,-0.00980978938405008,-0.014));
#2035=CARTESIAN_POINT('',(0.00740493207974931,-0.00953401164283417,-0.014));
#2036=CARTESIAN_POINT('',(0.00740493207974931,-0.00953401164283417,-0.018));
#2037=CARTESIAN_POINT('',(0.00671346106857618,-0.0109768795649626,-0.018));
#2038=CARTESIAN_POINT('',(0.00671346106857618,-0.0109768795649626,-0.018));
#2039=CARTESIAN_POINT('',(0.0056189746549476,-0.00980978938405008,-0.018));
#2040=CARTESIAN_POINT('',(0.00561897465494759,-0.00980978938405008,-0.014));
#2041=CARTESIAN_POINT('',(0.00744814901794762,-0.00944383239770118,-0.014));
#2042=CARTESIAN_POINT('',(0.00744814901794762,-0.00944383239770118,-0.014));
#2043=CARTESIAN_POINT('',(0.00744814901794762,-0.00944383239770118,-0.018));
#2044=CARTESIAN_POINT('',(0.00671346106857618,-0.0109768795649626,-0.02));
#2045=CARTESIAN_POINT('',(0.00671346106857618,-0.0109768795649626,-0.02));
#2046=CARTESIAN_POINT('',(0.00671346106857618,-0.0109768795649626,-0.018));
#2047=CARTESIAN_POINT('',(-0.000948840031007431,-0.0100894318181818,-0.014));
#2048=CARTESIAN_POINT('',(-0.000948840031007431,-0.0100894318181818,-0.018));
#2049=CARTESIAN_POINT('',(-0.000946612706990991,-0.00998945662612036,-0.018));
#2050=CARTESIAN_POINT('',(-0.000946612706990999,-0.00998945662612036,-0.02));
#2051=CARTESIAN_POINT('',(-0.00094661270699099,-0.00998945662612035,-0.014));
#2052=CARTESIAN_POINT('',(-0.000948840031007431,-0.0100894318181818,-0.014));
#2053=CARTESIAN_POINT('',(5.79827199591368E-5,-0.0115,-0.018));
#2054=CARTESIAN_POINT('',(0.,0.0325,-0.018));
#2055=CARTESIAN_POINT('',(5.79827199591368E-5,-0.0115,-0.018));
#2056=CARTESIAN_POINT('',(0.,-0.0115,-0.018));
#2057=CARTESIAN_POINT('',(0.000948840031007431,-0.0100894318181818,-0.018));
#2058=CARTESIAN_POINT('',(0.,-0.0115,-0.02));
#2059=CARTESIAN_POINT('',(0.,-0.0115,-0.02));
#2060=CARTESIAN_POINT('',(0.000948840031007431,-0.0100894318181818,-0.014));
#2061=CARTESIAN_POINT('',(0.000948840031007431,-0.0100894318181818,-0.014));
#2062=CARTESIAN_POINT('',(0.00555056925409582,-0.00973684624774306,-0.014));
#2063=CARTESIAN_POINT('',(0.00555056925409582,-0.00973684624774306,-0.018));
#2064=CARTESIAN_POINT('',(0.00555056925409582,-0.00973684624774306,-0.014));
#2065=CARTESIAN_POINT('',(0.00677144378853532,-0.0109768795649626,-0.018));
#2066=CARTESIAN_POINT('',(1.49813824741282E-50,-0.0115,-0.007));
#2067=CARTESIAN_POINT('',(0.0016,-0.0128601470508736,-0.0065));
#2068=CARTESIAN_POINT('',(0.00140053379977207,-0.0126905824483805,-0.00649999999999998));
#2069=CARTESIAN_POINT('',(0.0012190476190476,-0.0125363025149513,-0.00673820061220084));
#2070=CARTESIAN_POINT('',(0.0012190476190476,-0.0125363025149513,-0.007));
#2071=CARTESIAN_POINT('',(0.0016,-0.0128601470508736,-0.0065));
#2072=CARTESIAN_POINT('',(0.0012190476190476,-0.0125363025149513,-0.007));
#2073=CARTESIAN_POINT('',(3.94316558731219E-66,-0.0115,-0.007));
#2074=CARTESIAN_POINT('',(0.00121904761904762,-0.0104636974850487,-0.00699999999999759));
#2075=CARTESIAN_POINT('',(0.00121904761904761,-0.0104636974850487,-0.007));
#2076=CARTESIAN_POINT('',(0.00121904761904761,-0.0104636974850487,-0.00673820061220085));
#2077=CARTESIAN_POINT('',(0.00140053379977206,-0.0103094175516196,-0.00650000000000001));
#2078=CARTESIAN_POINT('',(0.00159999999999998,-0.0101398529491265,-0.0065));
#2079=CARTESIAN_POINT('',(0.0016,-0.0101398529491265,-0.0065));
#2080=CARTESIAN_POINT('',(0.0016,-0.0101398529491265,-0.0065));
#2081=CARTESIAN_POINT('',(0.00146427960227086,-0.00998019915564353,-0.0065));
#2082=CARTESIAN_POINT('',(0.00115659813469804,-0.00970869455192216,-0.0065));
#2083=CARTESIAN_POINT('',(0.000542673161764299,-0.00943352232986691,-0.0065));
#2084=CARTESIAN_POINT('',(-0.00012477100497374,-0.00937099985450273,-0.0065));
#2085=CARTESIAN_POINT('',(-0.000734695327014,-0.00950144601144912,-0.0065));
#2086=CARTESIAN_POINT('',(-0.00128386071082703,-0.00979697409304454,-0.0065));
#2087=CARTESIAN_POINT('',(-0.00175190183104204,-0.0102774873189241,-0.0065));
#2088=CARTESIAN_POINT('',(-0.00204142614090234,-0.0108825774842024,-0.0065));
#2089=CARTESIAN_POINT('',(-0.00212928693883349,-0.0115000000126116,-0.0065));
#2090=CARTESIAN_POINT('',(-0.00204142610376369,-0.0121174224653512,-0.0065));
#2091=CARTESIAN_POINT('',(-0.00175190197959671,-0.0127225128576381,-0.0065));
#2092=CARTESIAN_POINT('',(-0.00128386015374714,-0.0132030252511529,-0.0065));
#2093=CARTESIAN_POINT('',(-0.000734697406779106,-0.0134985564351988,-0.0065));
#2094=CARTESIAN_POINT('',(-0.000124763242993456,-0.0136289910147081,-0.0065));
#2095=CARTESIAN_POINT('',(0.000542644193608012,-0.0135665117466418,-0.0065));
#2096=CARTESIAN_POINT('',(0.0011567062453427,-0.0132911782728324,-0.0065));
#2097=CARTESIAN_POINT('',(0.0014640466562041,-0.0130200748689237,-0.0065));
#2098=CARTESIAN_POINT('',(0.0016,-0.0128601470508736,-0.0065));
#2099=CARTESIAN_POINT('',(0.0016,-0.0115,-0.0065));
#2100=CARTESIAN_POINT('',(0.0016,-0.0114983574761261,-0.0065));
#2101=CARTESIAN_POINT('',(0.0016,-0.011496715878664,-0.0065));
#2102=CARTESIAN_POINT('',(0.0016,-0.0113076228995485,-0.00650000000000011));
#2103=CARTESIAN_POINT('',(0.0016,-0.0110256021336842,-0.0065));
#2104=CARTESIAN_POINT('',(0.0016,-0.0105646497529117,-0.0065));
#2105=CARTESIAN_POINT('',(0.0016,-0.0102986366552941,-0.0065));
#2106=CARTESIAN_POINT('',(0.0016,-0.0101398529491265,-0.0065));
#2107=CARTESIAN_POINT('',(0.0016,-0.0115,-0.0065));
#2108=CARTESIAN_POINT('',(0.0016000031664882,-0.0114984895464387,-0.00650026955773562));
#2109=CARTESIAN_POINT('',(0.00159999446914938,-0.0114969745456533,-0.00650053159634846));
#2110=CARTESIAN_POINT('',(0.00160020349622288,-0.011323057936304,-0.00653145470847579));
#2111=CARTESIAN_POINT('',(0.00157255596497038,-0.0110630353275023,-0.00657695600631851));
#2112=CARTESIAN_POINT('',(0.00147983846812818,-0.0106506119635621,-0.00659770952216994));
#2113=CARTESIAN_POINT('',(0.00141219902630797,-0.0104263791747897,-0.00655661044328714));
#2114=CARTESIAN_POINT('',(0.00140053379977208,-0.0103094175516196,-0.0065));
#2115=CARTESIAN_POINT('',(0.0016,-0.0115,-0.0065));
#2116=CARTESIAN_POINT('',(0.0016000030569809,-0.0114986183478516,-0.00650053391582599));
#2117=CARTESIAN_POINT('',(0.00159999475595331,-0.0114972368482473,-0.00650106861815612));
#2118=CARTESIAN_POINT('',(0.00159991251505026,-0.0113382108260598,-0.00656255839561731));
#2119=CARTESIAN_POINT('',(0.00156335555318745,-0.0111007245891617,-0.0066551034245971));
#2120=CARTESIAN_POINT('',(0.00142192598266346,-0.0107357553770145,-0.00676016293749475));
#2121=CARTESIAN_POINT('',(0.00129422797609367,-0.0105497554773767,-0.00677475690850468));
#2122=CARTESIAN_POINT('',(0.00121904761904763,-0.0104636974850487,-0.00673820061220085));
#2123=CARTESIAN_POINT('',(0.0016,-0.0115,-0.0065));
#2124=CARTESIAN_POINT('',(0.0016,-0.0114987485532389,-0.00650080146958419));
#2125=CARTESIAN_POINT('',(0.00159999889522224,-0.0114974978123153,-0.00650160240284968));
#2126=CARTESIAN_POINT('',(0.00159959992051406,-0.0113534269710875,-0.00659388495566237));
#2127=CARTESIAN_POINT('',(0.00157054176314789,-0.0111385540066173,-0.00673238469252021));
#2128=CARTESIAN_POINT('',(0.00144624300302191,-0.0107873521926957,-0.00692394456581026));
#2129=CARTESIAN_POINT('',(0.00132189009031938,-0.0105846755468907,-0.007));
#2130=CARTESIAN_POINT('',(0.00121904761904763,-0.0104636974850487,-0.007));
#2131=CARTESIAN_POINT('',(0.00121904761904761,-0.0104636974850487,-0.007));
#2132=CARTESIAN_POINT('',(0.00127823492016709,-0.0105333220758092,-0.007));
#2133=CARTESIAN_POINT('',(0.00137388624362167,-0.0106717760526206,-0.00696584107201911));
#2134=CARTESIAN_POINT('',(0.00145016038235765,-0.0108184778020866,-0.00690216239527301));
#2135=CARTESIAN_POINT('',(0.00151277837557136,-0.0109730063081318,-0.00682317897154203));
#2136=CARTESIAN_POINT('',(0.00154596981825601,-0.0110789858876365,-0.00676292046346626));
#2137=CARTESIAN_POINT('',(0.00158160544936011,-0.0112465352022079,-0.00666166681072774));
#2138=CARTESIAN_POINT('',(0.00159127488538576,-0.0113227267976913,-0.00661296225290557));
#2139=CARTESIAN_POINT('',(0.0016,-0.0114372515081813,-0.00654018629414354));
#2140=CARTESIAN_POINT('',(0.0016,-0.0115,-0.0065));
#2141=CARTESIAN_POINT('',(0.0016,-0.0115,-0.0065));
#2142=CARTESIAN_POINT('',(0.0016,-0.011500000000007,-0.0065));
#2143=CARTESIAN_POINT('',(0.0016,-0.0128601470508736,-0.0065));
#2144=CARTESIAN_POINT('',(0.0016,-0.0127013633447059,-0.0065));
#2145=CARTESIAN_POINT('',(0.0016,-0.0124353505172299,-0.0065));
#2146=CARTESIAN_POINT('',(0.0016,-0.0119743978815621,-0.0065));
#2147=CARTESIAN_POINT('',(0.00160000000000004,-0.0116923770908488,-0.00650000000000012));
#2148=CARTESIAN_POINT('',(0.0016,-0.0115032841213936,-0.0065));
#2149=CARTESIAN_POINT('',(0.0016,-0.0115016425238739,-0.0065));
#2150=CARTESIAN_POINT('',(0.0016,-0.0115,-0.0065));
#2151=CARTESIAN_POINT('',(0.00150026689988604,-0.012775364749627,-0.0065));
#2152=CARTESIAN_POINT('',(0.00150474128417859,-0.0126377074619765,-0.00652753256668575));
#2153=CARTESIAN_POINT('',(0.00153970516660234,-0.0123924511029728,-0.00654914213642024));
#2154=CARTESIAN_POINT('',(0.00158590336479679,-0.0119557818221937,-0.00653847228079678));
#2155=CARTESIAN_POINT('',(0.00159984052098816,-0.011684753161049,-0.00651567398904919));
#2156=CARTESIAN_POINT('',(0.00159999941940571,-0.0115031537396365,-0.0065002669047182));
#2157=CARTESIAN_POINT('',(0.0016,-0.0115015773443551,-0.00650013357826403));
#2158=CARTESIAN_POINT('',(0.0016,-0.0115,-0.0065));
#2159=CARTESIAN_POINT('',(0.00130156727025265,-0.0126064518025923,-0.0066083070422066));
#2160=CARTESIAN_POINT('',(0.00134419615951317,-0.0125098649349003,-0.00665867611713128));
#2161=CARTESIAN_POINT('',(0.00144856654173566,-0.0123062454469947,-0.00667753838015803));
#2162=CARTESIAN_POINT('',(0.00156684851020866,-0.0119181128044868,-0.00661490274498505));
#2163=CARTESIAN_POINT('',(0.00159951095081784,-0.011669433275299,-0.00654678690285673));
#2164=CARTESIAN_POINT('',(0.00159999926758135,-0.0115028934024016,-0.00650080211482298));
#2165=CARTESIAN_POINT('',(0.0016,-0.0115014469853175,-0.0065004007347921));
#2166=CARTESIAN_POINT('',(0.0016,-0.0115,-0.0065));
#2167=CARTESIAN_POINT('',(0.00121904761904761,-0.0125363025149513,-0.00686910030610042));
#2168=CARTESIAN_POINT('',(0.00130739664721117,-0.0124332365174991,-0.00688640903395886));
#2169=CARTESIAN_POINT('',(0.00143426659816301,-0.0122387687133045,-0.00684200918103714));
#2170=CARTESIAN_POINT('',(0.00156696499815909,-0.0118806828098836,-0.00669343489842805));
#2171=CARTESIAN_POINT('',(0.0015996125473787,-0.011654253764979,-0.0065782214953011));
#2172=CARTESIAN_POINT('',(0.00159999845480812,-0.0115026322328365,-0.00650133542768762));
#2173=CARTESIAN_POINT('',(0.0016,-0.0115013166262799,-0.00650066789132016));
#2174=CARTESIAN_POINT('',(0.0016,-0.0115,-0.0065));
#2175=CARTESIAN_POINT('',(0.00121904761904761,-0.0125363025149513,-0.007));
#2176=CARTESIAN_POINT('',(0.00132189009031936,-0.0124153244531093,-0.007));
#2177=CARTESIAN_POINT('',(0.0014462425146074,-0.0122126480131263,-0.00692394555310363));
#2178=CARTESIAN_POINT('',(0.00157054145102961,-0.0118614460049989,-0.00673238536007798));
#2179=CARTESIAN_POINT('',(0.00159959984252356,-0.011646573021596,-0.00659388512952281));
#2180=CARTESIAN_POINT('',(0.00159999889568532,-0.0115025021877285,-0.00650160240181704));
#2181=CARTESIAN_POINT('',(0.0016,-0.0115012514467611,-0.00650080146958419));
#2182=CARTESIAN_POINT('',(0.0016,-0.0115,-0.0065));
#2183=CARTESIAN_POINT('',(0.0016,-0.011500000000007,-0.0065));
#2184=CARTESIAN_POINT('',(0.0016,-0.0115,-0.0065));
#2185=CARTESIAN_POINT('',(0.0016,-0.0115627331771101,-0.00654017648607693));
#2186=CARTESIAN_POINT('',(0.00159128077738406,-0.0116772321939825,-0.00661293621659082));
#2187=CARTESIAN_POINT('',(0.00158159871775545,-0.0117534942416205,-0.00666168502574924));
#2188=CARTESIAN_POINT('',(0.00154599080369178,-0.0119209376329269,-0.00676287623337269));
#2189=CARTESIAN_POINT('',(0.00151276441854968,-0.0120270320217983,-0.00682320020364015));
#2190=CARTESIAN_POINT('',(0.00145019476516623,-0.0121814466534684,-0.00690212653175051));
#2191=CARTESIAN_POINT('',(0.00137386213541756,-0.0123282734676345,-0.00696586346323898));
#2192=CARTESIAN_POINT('',(0.00127825142272127,-0.0124666585115202,-0.007));
#2193=CARTESIAN_POINT('',(0.0012190476190476,-0.0125363025149513,-0.007));
#2194=CARTESIAN_POINT('',(6.95978112502304E-18,-0.00745223279413419,-0.006));
#2195=CARTESIAN_POINT('',(-1.55760216919802E-67,-0.0115,-0.01));
#2196=CARTESIAN_POINT('',(0.,-0.0115,-0.01));
#2197=CARTESIAN_POINT('',(0.,-0.0099,-0.01));
#2198=CARTESIAN_POINT('',(0.00677144378853532,-0.0109768795649626,-0.018));
#2199=CARTESIAN_POINT('',(0.,-0.0115,0.00175));
#2200=CARTESIAN_POINT('',(9.71247691376068E-6,-0.011500000000007,-0.0065));
#2201=CARTESIAN_POINT('',(0.,-0.0115,-0.0065));
#2202=CARTESIAN_POINT('',(0.00165,-0.010121595124857,-0.0065));
#2203=CARTESIAN_POINT('',(0.00165,-0.0128784048752065,-0.0065));
#2204=CARTESIAN_POINT('',(0.00165,-0.0101215951249231,-0.0065));
#2205=CARTESIAN_POINT('',(0.,0.0325,-0.02));
#2206=CARTESIAN_POINT('',(0.,0.0325,-0.02));
#2207=CARTESIAN_POINT('',(-0.0134619407771256,-0.00781161309738378,-0.02));
#2208=CARTESIAN_POINT('',(-0.0134619407771256,-0.00781161309738379,0.));
#2209=CARTESIAN_POINT('',(-0.0134619407771256,-0.00781161309738378,-0.014));
#2210=CARTESIAN_POINT('',(0.,0.0325,-0.014));
#2211=CARTESIAN_POINT('',(0.00353553390593274,-0.007,-0.004625));
#2212=CARTESIAN_POINT('',(0.00353553390593274,-0.007,-0.011));
#2213=CARTESIAN_POINT('',(-0.0134619407771256,-0.007,-0.011));
#2214=CARTESIAN_POINT('',(-0.0134619407771256,-0.007,0.));
#2215=CARTESIAN_POINT('',(-0.0134619407771256,-0.007,-0.003));
#2216=CARTESIAN_POINT('',(0.0205330085889911,-0.007,-0.003));
#2217=CARTESIAN_POINT('',(0.0205330085889911,-0.007,-0.003));
#2218=CARTESIAN_POINT('',(0.0205330085889911,-0.007,0.0109426203929961));
#2219=CARTESIAN_POINT('',(0.0205330085889911,-0.007,-0.011));
#2220=CARTESIAN_POINT('',(0.00353553390593274,-0.007,-0.011));
#2221=CARTESIAN_POINT('',(0.00689415245602481,-0.00948087879896047,-0.011));
#2222=CARTESIAN_POINT('',(0.00689415245602481,-0.00948087879896047,-0.011));
#2223=CARTESIAN_POINT('',(0.0068941524560017,-0.00948087879881079,-0.011));
#2224=CARTESIAN_POINT('',(0.0068941524560017,-0.00948087879881079,-0.01));
#2225=CARTESIAN_POINT('',(0.00733698531779714,-0.0123486977677676,-0.011));
#2226=CARTESIAN_POINT('',(0.00733698531777985,-0.0123486977676556,-0.011));
#2227=CARTESIAN_POINT('',(0.00733698531779714,-0.0123486977677676,-0.011));
#2228=CARTESIAN_POINT('',(0.00733698531777985,-0.0123486977676556,-0.01));
#2229=CARTESIAN_POINT('',(0.00689415245602481,-0.00948087879896047,-0.01));
#2230=CARTESIAN_POINT('',(0.00671346106857618,-0.0109768795649626,-0.011));
#2231=CARTESIAN_POINT('',(0.0060899368194257,-0.00960506136270123,-0.011));
#2232=CARTESIAN_POINT('',(0.00608993681940146,-0.00960506136254427,-0.01));
#2233=CARTESIAN_POINT('',(0.00608993681940146,-0.00960506136254427,-0.011));
#2234=CARTESIAN_POINT('',(0.00671346106857618,-0.0109768795649626,-0.011));
#2235=CARTESIAN_POINT('',(0.00671346106857618,-0.0109768795649626,-0.01));
#2236=CARTESIAN_POINT('',(0.00653276968121622,-0.0124728803316539,-0.011));
#2237=CARTESIAN_POINT('',(0.00653276968126202,-0.0124728803312747,-0.011));
#2238=CARTESIAN_POINT('',(0.00653276968120885,-0.0124728803312683,-0.01));
#2239=CARTESIAN_POINT('',(0.00653276968120885,-0.0124728803312683,-0.011));
#2240=CARTESIAN_POINT('',(0.0060899368194257,-0.00960506136270123,-0.011));
#2241=CARTESIAN_POINT('',(0.00653276968121622,-0.0124728803316539,-0.01));
#2242=CARTESIAN_POINT('',(0.00671346106857618,-0.0109768795649626,-0.011));
#2243=CARTESIAN_POINT('',(0.00671346106857618,-0.0109768795649626,-0.011));
#2244=CARTESIAN_POINT('',(0.00671346106857618,-0.0109768795649626,-0.01));
#2245=CARTESIAN_POINT('',(0.00671346106857618,-0.0109768795649626,-0.01));
#2246=CARTESIAN_POINT('',(0.00671346106857618,-0.0109768795649626,-0.01));
#2247=CARTESIAN_POINT('',(0.00671346106857618,-0.0093768795649626,-0.01));
#2248=CARTESIAN_POINT('',(0.00671346106857618,-0.0109768795649626,0.00175));
#2249=CARTESIAN_POINT('',(0.00671346106857618,-0.0109768795649626,-0.007));
#2250=CARTESIAN_POINT('',(0.00793250868762379,-0.0120131820799139,-0.007));
#2251=CARTESIAN_POINT('',(0.00793250868762381,-0.00994057705001136,-0.007));
#2252=CARTESIAN_POINT('',(0.00831346106857618,-0.0109768795649626,-0.0065));
#2253=CARTESIAN_POINT('',(0.00831346106857618,-0.0110396229717071,-0.00654018303747448));
#2254=CARTESIAN_POINT('',(0.008304738963951,-0.0111541354166543,-0.00661295161029448));
#2255=CARTESIAN_POINT('',(0.00829506056597219,-0.0112303674989572,-0.00666168242910662));
#2256=CARTESIAN_POINT('',(0.00825945147280639,-0.0113978197269938,-0.00676287980959382));
#2257=CARTESIAN_POINT('',(0.00822622515511012,-0.0115039121087006,-0.00682320279389617));
#2258=CARTESIAN_POINT('',(0.00816365604081845,-0.0116583258861977,-0.00690212858202389));
#2259=CARTESIAN_POINT('',(0.0080873224099904,-0.0118051543555151,-0.00696586511833379));
#2260=CARTESIAN_POINT('',(0.00799171290075384,-0.0119435375948214,-0.007));
#2261=CARTESIAN_POINT('',(0.00793250868762379,-0.0120131820799139,-0.007));
#2262=CARTESIAN_POINT('',(0.00793250868762382,-0.00994057705001135,-0.007));
#2263=CARTESIAN_POINT('',(0.00799169644854552,-0.0100102021816572,-0.007));
#2264=CARTESIAN_POINT('',(0.00808734641984483,-0.0101486541306051,-0.00696584293194788));
#2265=CARTESIAN_POINT('',(0.00816362168398154,-0.0102953577412533,-0.00690216469750101));
#2266=CARTESIAN_POINT('',(0.00822623907110513,-0.0104498852863402,-0.00682318188096113));
#2267=CARTESIAN_POINT('',(0.00825943043823472,-0.0105558626130504,-0.00676292447936519));
#2268=CARTESIAN_POINT('',(0.00829506739329749,-0.0107234218478105,-0.0066616638963335));
#2269=CARTESIAN_POINT('',(0.00830473271851318,-0.0107995798077309,-0.00661297953192043));
#2270=CARTESIAN_POINT('',(0.00831346106857618,-0.0109141195907519,-0.00654019364785335));
#2271=CARTESIAN_POINT('',(0.00831346106857618,-0.0109768795649626,-0.0065));
#2272=CARTESIAN_POINT('',(0.00831346106857618,-0.0109768795649626,-0.0065));
#2273=CARTESIAN_POINT('',(0.00831346106857618,-0.0109752370410851,-0.0065));
#2274=CARTESIAN_POINT('',(0.00831346106857618,-0.0109735954434163,-0.0065));
#2275=CARTESIAN_POINT('',(0.00831346106857623,-0.0107845024996028,-0.0065));
#2276=CARTESIAN_POINT('',(0.00831346106857619,-0.0105024816406463,-0.0065));
#2277=CARTESIAN_POINT('',(0.0083134610685762,-0.0100415283161643,-0.0065));
#2278=CARTESIAN_POINT('',(0.00831346106857618,-0.00977551622025667,-0.0065));
#2279=CARTESIAN_POINT('',(0.00831346106857618,-0.0096167325140891,-0.0065));
#2280=CARTESIAN_POINT('',(0.00831346106857618,-0.0109768795649626,-0.0065));
#2281=CARTESIAN_POINT('',(0.00831346423506438,-0.0109753691113982,-0.00650026955773581));
#2282=CARTESIAN_POINT('',(0.00831345553772555,-0.0109738541104057,-0.00650053159634859));
#2283=CARTESIAN_POINT('',(0.00831366456479902,-0.0107999375363583,-0.00653145470847566));
#2284=CARTESIAN_POINT('',(0.0082860170335465,-0.0105399148344644,-0.00657695600631853));
#2285=CARTESIAN_POINT('',(0.00819329953670434,-0.0101274905268147,-0.00659770952216984));
#2286=CARTESIAN_POINT('',(0.00812566009488413,-0.0099032587397523,-0.00655661044328713));
#2287=CARTESIAN_POINT('',(0.00811399486834826,-0.0097862971165822,-0.0065));
#2288=CARTESIAN_POINT('',(0.00831346106857618,-0.0109768795649626,-0.0065));
#2289=CARTESIAN_POINT('',(0.00831346412555708,-0.0109754979128108,-0.00650053391582741));
#2290=CARTESIAN_POINT('',(0.00831345582625021,-0.0109741164130507,-0.00650106861432118));
#2291=CARTESIAN_POINT('',(0.00831337329382657,-0.0108150904177072,-0.00656255904145845));
#2292=CARTESIAN_POINT('',(0.00827681546155171,-0.0105776041099206,-0.00665510590576189));
#2293=CARTESIAN_POINT('',(0.00813538523840944,-0.0102126341787499,-0.00676016660222533));
#2294=CARTESIAN_POINT('',(0.00800768904466981,-0.0100266350423392,-0.00677475690850465));
#2295=CARTESIAN_POINT('',(0.0079325086876238,-0.00994057705001137,-0.00673820061220085));
#2296=CARTESIAN_POINT('',(0.00831346106857618,-0.0109768795649626,-0.0065));
#2297=CARTESIAN_POINT('',(0.00831346106857618,-0.0109756281181987,-0.0065008014695858));
#2298=CARTESIAN_POINT('',(0.00831345996551914,-0.0109743773771188,-0.00650160239901488));
#2299=CARTESIAN_POINT('',(0.00831306069929039,-0.010830306562735,-0.00659388560150357));
#2300=CARTESIAN_POINT('',(0.00828400167151216,-0.0106154335273762,-0.00673238717368509));
#2301=CARTESIAN_POINT('',(0.00815970225876789,-0.0102642309944311,-0.00692394823054086));
#2302=CARTESIAN_POINT('',(0.00803535115889551,-0.0100615551118533,-0.007));
#2303=CARTESIAN_POINT('',(0.0079325086876238,-0.00994057705001137,-0.007));
#2304=CARTESIAN_POINT('',(0.00793250868762382,-0.00994057705001135,-0.007));
#2305=CARTESIAN_POINT('',(0.00793250868762382,-0.00994057705001135,-0.00673820063598693));
#2306=CARTESIAN_POINT('',(0.00811399483210284,-0.00978629714739415,-0.00650000003736308));
#2307=CARTESIAN_POINT('',(0.00831346101420804,-0.00961673256030703,-0.00650000000000001));
#2308=CARTESIAN_POINT('',(0.00831346106857618,-0.0123370266158362,-0.0065));
#2309=CARTESIAN_POINT('',(0.00831346106857618,-0.0121782429096686,-0.0065));
#2310=CARTESIAN_POINT('',(0.00831346106857614,-0.0119122309732652,-0.0065));
#2311=CARTESIAN_POINT('',(0.00831346106857616,-0.0114512774988747,-0.0065));
#2312=CARTESIAN_POINT('',(0.00831346106857609,-0.0111692566248225,-0.0065));
#2313=CARTESIAN_POINT('',(0.00831346106857618,-0.0109801636865399,-0.0065));
#2314=CARTESIAN_POINT('',(0.00831346106857618,-0.0109785220888402,-0.0065));
#2315=CARTESIAN_POINT('',(0.00831346106857618,-0.0109768795649626,-0.0065));
#2316=CARTESIAN_POINT('',(0.00821372796846222,-0.0122522443145896,-0.0065));
#2317=CARTESIAN_POINT('',(0.00821820235275477,-0.0121145870269391,-0.00652753256668574));
#2318=CARTESIAN_POINT('',(0.00825316328774926,-0.0118693322629545,-0.00654914209182496));
#2319=CARTESIAN_POINT('',(0.00829936234966926,-0.0114326620367577,-0.00653847255497028));
#2320=CARTESIAN_POINT('',(0.00831330101458097,-0.0111616328504035,-0.00651567400403467));
#2321=CARTESIAN_POINT('',(0.00831346049139798,-0.0109800333038598,-0.00650026690463107));
#2322=CARTESIAN_POINT('',(0.00831346106857618,-0.0109784569093213,-0.0065001335782643));
#2323=CARTESIAN_POINT('',(0.00831346106857618,-0.0109768795649626,-0.0065));
#2324=CARTESIAN_POINT('',(0.00801505500865743,-0.0120833540393604,-0.00660834204635664));
#2325=CARTESIAN_POINT('',(0.00805768389791795,-0.0119867671716684,-0.0066587111212813));
#2326=CARTESIAN_POINT('',(0.00816203439925448,-0.0117831379330899,-0.00667755191083512));
#2327=CARTESIAN_POINT('',(0.00828031568832952,-0.0113950026069842,-0.00661491453204353));
#2328=CARTESIAN_POINT('',(0.00831297260137417,-0.0111463146290259,-0.00654678865142121));
#2329=CARTESIAN_POINT('',(0.00831346033274135,-0.0109797729567727,-0.00650080210449051));
#2330=CARTESIAN_POINT('',(0.00831346106857618,-0.0109783265502834,-0.0065004007347929));
#2331=CARTESIAN_POINT('',(0.00831346106857618,-0.0109768795649626,-0.0065));
#2332=CARTESIAN_POINT('',(0.0079325086876238,-0.0120131820799139,-0.00686910030610043));
#2333=CARTESIAN_POINT('',(0.00802085771578733,-0.0119101160824617,-0.00688640903395885));
#2334=CARTESIAN_POINT('',(0.00814772583894296,-0.0117156510529281,-0.00684201063013904));
#2335=CARTESIAN_POINT('',(0.0082804251023718,-0.011357564124704,-0.00669343590693968));
#2336=CARTESIAN_POINT('',(0.00831307332305093,-0.0111311337268725,-0.00657822174350294));
#2337=CARTESIAN_POINT('',(0.00831345952512515,-0.0109795117954412,-0.00650133542621425));
#2338=CARTESIAN_POINT('',(0.00831346106857618,-0.0109781961912455,-0.0065006678913215));
#2339=CARTESIAN_POINT('',(0.00831346106857618,-0.0109768795649626,-0.0065));
#2340=CARTESIAN_POINT('',(0.0079325086876238,-0.0120131820799139,-0.007));
#2341=CARTESIAN_POINT('',(0.00803535115889551,-0.0118922040180719,-0.007));
#2342=CARTESIAN_POINT('',(0.00815970196963757,-0.0116895282570207,-0.00692394881508827));
#2343=CARTESIAN_POINT('',(0.00828400148603083,-0.0113383256098597,-0.00673238757026908));
#2344=CARTESIAN_POINT('',(0.0083130606529877,-0.0111234525629985,-0.00659388570463646));
#2345=CARTESIAN_POINT('',(0.00831345996579407,-0.01097938175283,-0.00650160239840154));
#2346=CARTESIAN_POINT('',(0.00831346106857618,-0.0109781310117266,-0.0065008014695858));
#2347=CARTESIAN_POINT('',(0.00831346106857618,-0.0109768795649626,-0.0065));
#2348=CARTESIAN_POINT('',(0.00831346106857618,-0.0123370266158362,-0.0065));
#2349=CARTESIAN_POINT('',(0.00811399486834825,-0.0121674620133431,-0.00649999999999998));
#2350=CARTESIAN_POINT('',(0.00793250868762378,-0.0120131820799139,-0.00673820061220084));
#2351=CARTESIAN_POINT('',(0.00793250868762379,-0.0120131820799139,-0.007));
#2352=CARTESIAN_POINT('',(0.00671346106857618,-0.0109768795649626,-0.007));
#2353=CARTESIAN_POINT('',(0.0205330085889911,-0.007,-0.011));
#2354=CARTESIAN_POINT('',(-0.0134619407771256,0.,-0.011));
#2355=CARTESIAN_POINT('',(-0.0134619407771256,-0.0135735949380246,-0.011));
#2356=CARTESIAN_POINT('',(0.0205330085889911,0.,-0.011));
#2357=CARTESIAN_POINT('',(0.0205330085889911,-0.0108865826988531,-0.011));
#2358=CARTESIAN_POINT('',(-2.22044604925031E-18,0.0325,-0.011));
#2359=CARTESIAN_POINT('',(-2.22044604925031E-18,0.0325,-0.011));
#2360=CARTESIAN_POINT('',(-0.0134619407771256,-0.0135735949380246,0.));
#2361=CARTESIAN_POINT('',(-0.0134619407771256,-0.0135735949380246,-0.014));
#2362=CARTESIAN_POINT('',(0.0205330085889911,-0.0108865826988531,0.0109426203929961));
#2363=CARTESIAN_POINT('',(0.0205330085889911,-0.0108865826988531,-0.014));
#2364=CARTESIAN_POINT('',(-2.22044604925031E-18,0.0325,-0.014));
#2365=CARTESIAN_POINT('',(0.00416751165727419,-0.0155980947079493,-0.014));
#2366=CARTESIAN_POINT('',(-0.0134619407771256,0.,-0.014));
#2367=CARTESIAN_POINT('',(0.0205330085889911,0.,-0.014));
#2368=CARTESIAN_POINT('',(0.0205330085889911,-0.007,-0.014));
#2369=CARTESIAN_POINT('',(0.00416751165727419,-0.007,-0.014));
#2370=CARTESIAN_POINT('',(0.0205330085889911,-0.007,-0.014));
#2371=CARTESIAN_POINT('',(0.0205330085889911,-0.007,0.0109426203929961));
#2372=CARTESIAN_POINT('',(0.0205330085889911,-0.007,-0.02));
#2373=CARTESIAN_POINT('',(0.00416751165727419,-0.007,-0.02));
#2374=CARTESIAN_POINT('',(0.00416751165727419,-0.0155980947079493,-0.02));
#2375=CARTESIAN_POINT('',(0.0205330085889911,0.,-0.02));
#2376=CARTESIAN_POINT('',(0.0205330085889911,-0.018,-0.02));
#2377=CARTESIAN_POINT('',(0.00353553390593274,-0.018,-0.02));
#2378=CARTESIAN_POINT('',(-0.0134619407771256,-0.018,-0.02));
#2379=CARTESIAN_POINT('',(-0.0134619407771256,-0.0155980947079493,-0.02));
#2380=CARTESIAN_POINT('',(0.0205330085889911,0.,-0.003));
#2381=CARTESIAN_POINT('',(0.0205330085889911,0.,-0.003));
#2382=CARTESIAN_POINT('',(0.0205330085889911,0.002,-0.003));
#2383=CARTESIAN_POINT('',(-0.0134619407771256,0.,-0.003));
#2384=CARTESIAN_POINT('',(-0.0134619407771256,0.002,-0.003));
#2385=CARTESIAN_POINT('',(0.00353553390593274,0.002,-0.003));
#2386=CARTESIAN_POINT('',(0.00353553390593274,0.002,0.00397131019649807));
#2387=CARTESIAN_POINT('',(-0.008462,0.002,0.0019975906934861));
#2388=CARTESIAN_POINT('',(-0.010212,0.002,0.0019975906934861));
#2389=CARTESIAN_POINT('',(0.015533,0.002,0.0019975906934861));
#2390=CARTESIAN_POINT('',(0.013783,0.002,0.0019975906934861));
#2391=CARTESIAN_POINT('',(-0.0134619407771256,0.002,0.));
#2392=CARTESIAN_POINT('',(-0.0134619407771256,0.002,0.00794262039299615));
#2393=CARTESIAN_POINT('',(0.00353553390593274,0.002,0.00794262039299615));
#2394=CARTESIAN_POINT('',(0.0205330085889911,0.002,0.00794262039299615));
#2395=CARTESIAN_POINT('',(0.0205330085889911,0.002,0.0109426203929961));
#2396=CARTESIAN_POINT('',(0.00353553390593274,-0.018,-0.004625));
#2397=CARTESIAN_POINT('',(-0.0134619407771256,-0.018,0.00175));
#2398=CARTESIAN_POINT('',(0.0195957598331093,-0.018,0.00175));
#2399=CARTESIAN_POINT('',(0.0205330085889911,-0.018,0.00175));
#2400=CARTESIAN_POINT('',(0.0195957598331093,-0.018,0.00075));
#2401=CARTESIAN_POINT('',(0.018639816342966,-0.018,0.00104355075140849));
#2402=CARTESIAN_POINT('',(0.015533,-0.018,0.0019975906934861));
#2403=CARTESIAN_POINT('',(0.012426183657034,-0.018,0.00104355075140849));
#2404=CARTESIAN_POINT('',(0.0114702401668906,-0.018,0.00075));
#2405=CARTESIAN_POINT('',(0.0114702401668906,-0.018,0.00175));
#2406=CARTESIAN_POINT('',(0.00353553390593274,-0.018,0.00175));
#2407=CARTESIAN_POINT('',(-0.00439924016689062,-0.018,0.00175));
#2408=CARTESIAN_POINT('',(-0.00439924016689062,-0.018,0.00075));
#2409=CARTESIAN_POINT('',(-0.005355183657034,-0.018,0.00104355075140849));
#2410=CARTESIAN_POINT('',(-0.008462,-0.018,0.0019975906934861));
#2411=CARTESIAN_POINT('',(-0.011568816342966,-0.018,0.00104355075140849));
#2412=CARTESIAN_POINT('',(-0.0125247598331094,-0.018,0.00075));
#2413=CARTESIAN_POINT('',(-0.0125247598331094,-0.018,0.00175));
#2414=CARTESIAN_POINT('',(-0.0134619407771256,-0.018,0.00175));
#2415=CARTESIAN_POINT('',(-0.0134619407771256,-0.018,0.00175));
#2416=CARTESIAN_POINT('',(-0.0134619407771256,-0.018,-0.004625));
#2417=CARTESIAN_POINT('',(0.0205330085889911,-0.018,-0.004625));
#2418=CARTESIAN_POINT('',(0.00165,-0.0101215951249231,0.00175));
#2419=CARTESIAN_POINT('',(0.00165,-0.0101215951249231,0.00175));
#2420=CARTESIAN_POINT('',(0.00165,-0.010121595124857,0.00175));
#2421=CARTESIAN_POINT('',(0.00165,-0.012878404875204,0.00175));
#2422=CARTESIAN_POINT('',(0.00165,-0.0128784048752065,0.00175));
#2423=CARTESIAN_POINT('',(0.00165,-0.004,0.00175));
#2424=CARTESIAN_POINT('',(0.,-0.0115,0.00175));
#2425=CARTESIAN_POINT('',(0.,-0.0115,0.00175));
#2426=CARTESIAN_POINT('',(-0.0134619407771256,-0.004,0.00175));
#2427=CARTESIAN_POINT('',(-0.0125247598331094,-0.00891657756507536,0.00175));
#2428=CARTESIAN_POINT('',(-0.0125247598331094,-0.00887687956496261,0.00175));
#2429=CARTESIAN_POINT('',(0.0205330085889911,-0.00887687956496261,0.00175));
#2430=CARTESIAN_POINT('',(-0.0134619407771256,-0.00887687956496263,0.00175));
#2431=CARTESIAN_POINT('',(-0.0134619407771256,0.,0.00175));
#2432=CARTESIAN_POINT('',(-0.0134619407771256,0.,0.));
#2433=CARTESIAN_POINT('',(-0.0134619407771256,-0.00887687956496264,0.00175));
#2434=CARTESIAN_POINT('',(-0.0134619407771256,-0.00559156345736139,0.00794262039299615));
#2435=CARTESIAN_POINT('',(-0.0134619407771256,0.,0.00794262039299615));
#2436=CARTESIAN_POINT('',(-0.0134619407771256,0.002,0.00794262039299615));
#2437=CARTESIAN_POINT('',(0.0205330085889911,0.,0.00794262039299615));
#2438=CARTESIAN_POINT('',(0.0205330085889911,-0.00559156345736139,0.00794262039299614));
#2439=CARTESIAN_POINT('',(0.0205330085889911,-0.00559156345736138,0.00794262039299614));
#2440=CARTESIAN_POINT('',(0.0205330085889911,0.,0.0109426203929961));
#2441=CARTESIAN_POINT('',(0.0205330085889911,-0.0055915634573614,0.00794262039299615));
#2442=CARTESIAN_POINT('',(0.0205330085889911,-0.00887687956496261,0.00175));
#2443=CARTESIAN_POINT('',(0.0205330085889911,0.,0.00175));
#2444=CARTESIAN_POINT('',(-0.0134619407771256,-0.004,0.00175));
#2445=CARTESIAN_POINT('',(0.0205330085889911,-0.00887687956496261,0.00175));
#2446=CARTESIAN_POINT('',(0.0195957598331093,-0.00887687956496261,0.00175));
#2447=CARTESIAN_POINT('',(0.0195957598331093,-0.018,0.00175));
#2448=CARTESIAN_POINT('',(-0.0134619407771256,-0.004,0.00175));
#2449=CARTESIAN_POINT('',(0.0114702401668906,-0.00891657756507536,0.00175));
#2450=CARTESIAN_POINT('',(0.0114702401668906,-0.00887687956496264,0.00175));
#2451=CARTESIAN_POINT('',(-0.0134619407771256,-0.00887687956496264,0.00175));
#2452=CARTESIAN_POINT('',(0.00717443829159693,-0.00887687956496264,0.00175));
#2453=CARTESIAN_POINT('',(0.00671346106857618,-0.0109768795649626,0.00175));
#2454=CARTESIAN_POINT('',(0.00836346106857618,-0.00959847468976213,0.00175));
#2455=CARTESIAN_POINT('',(0.00836346106857618,-0.004,0.00175));
#2456=CARTESIAN_POINT('',(0.00836346106857618,-0.0123552844401377,0.00175));
#2457=CARTESIAN_POINT('',(0.00671346106857618,-0.0109768795649626,0.00175));
#2458=CARTESIAN_POINT('',(0.00625248384571144,-0.00887687956496264,0.00175));
#2459=CARTESIAN_POINT('',(-0.0134619407771256,-0.00887687956496264,0.00175));
#2460=CARTESIAN_POINT('',(-0.00439924016689062,-0.00887687956496264,0.00175));
#2461=CARTESIAN_POINT('',(-0.00439924016689062,-0.018,0.00175));
#2462=CARTESIAN_POINT('',(0.0205330085889911,-0.004,0.0109426203929961));
#2463=CARTESIAN_POINT('',(0.0114702401668906,-0.00940740071741641,0.00075));
#2464=CARTESIAN_POINT('',(0.012426183657034,-0.00925166583447549,0.0010435507514085));
#2465=CARTESIAN_POINT('',(0.015533,-0.00874552746491753,0.0019975906934861));
#2466=CARTESIAN_POINT('',(0.018639816342966,-0.00925166583447549,0.00104355075140849));
#2467=CARTESIAN_POINT('',(0.0195957598331093,-0.00940740071741641,0.00075));
#2468=CARTESIAN_POINT('',(-0.0125247598331094,-0.00940740071741641,0.00075));
#2469=CARTESIAN_POINT('',(-0.011568816342966,-0.00925166583447549,0.00104355075140849));
#2470=CARTESIAN_POINT('',(-0.008462,-0.00874552746491753,0.0019975906934861));
#2471=CARTESIAN_POINT('',(-0.005355183657034,-0.00925166583447549,0.00104355075140849));
#2472=CARTESIAN_POINT('',(-0.00439924016689062,-0.00940740071741641,0.00075));
#2473=CARTESIAN_POINT('',(0.00625248384571154,-0.00887687956496264,0.00175));
#2474=CARTESIAN_POINT('',(-0.008462,-0.00874552746491753,0.0019975906934861));
#2475=CARTESIAN_POINT('',(-0.008462,-0.00781711544812338,0.0037475906934861));
#2476=CARTESIAN_POINT('',(0.015533,-0.00874552746491753,0.0019975906934861));
#2477=CARTESIAN_POINT('',(0.015533,-0.00781711544812338,0.0037475906934861));
#2478=CARTESIAN_POINT('',(0.00625248384571154,-0.00887687956496264,0.00175));
#2479=CARTESIAN_POINT('',(0.00625248384571153,-0.0088768795649626,0.00175));
#2480=CARTESIAN_POINT('',(0.00717443829159684,-0.0088768795649626,0.00175));
#2481=CARTESIAN_POINT('',(0.00671346106857618,-0.0109768795649626,0.00175));
#2482=CARTESIAN_POINT('',(0.00836346106857618,-0.00959847468982286,0.00175));
#2483=CARTESIAN_POINT('',(0.00671346106857618,-0.0109768795649626,0.00175));
#2484=CARTESIAN_POINT('',(0.00836346106857618,-0.0123552844401037,0.00175));
#2485=CARTESIAN_POINT('',(0.00836346106857618,-0.00959847468982286,0.00175));
#2486=CARTESIAN_POINT('',(0.015533,-0.018,0.0019975906934861));
#2487=CARTESIAN_POINT('',(-0.008462,-0.018,0.0019975906934861));
#2488=CARTESIAN_POINT('',(-0.008462,0.001053616559111,0.0019975906934861));
#2489=CARTESIAN_POINT('',(-0.011568816342966,0.001053616559111,0.00104355075140849));
#2490=CARTESIAN_POINT('',(-0.005355183657034,0.001053616559111,0.00104355075140849));
#2491=CARTESIAN_POINT('',(0.015533,0.001053616559111,0.0019975906934861));
#2492=CARTESIAN_POINT('',(0.018639816342966,0.001053616559111,0.00104355075140849));
#2493=CARTESIAN_POINT('',(0.012426183657034,0.001053616559111,0.00104355075140849));
#2494=CARTESIAN_POINT('',(0.0195957598331093,0.001053616559111,0.00075));
#2495=CARTESIAN_POINT('',(0.0114702401668906,0.001053616559111,0.00075));
#2496=CARTESIAN_POINT('',(-0.0125247598331094,0.001053616559111,0.00075));
#2497=CARTESIAN_POINT('',(-0.00439924016689062,0.001053616559111,0.00075));
#2498=MECHANICAL_DESIGN_GEOMETRIC_PRESENTATION_REPRESENTATION('',(#1334),
#2499);
#2499=(
GEOMETRIC_REPRESENTATION_CONTEXT(3)
GLOBAL_UNCERTAINTY_ASSIGNED_CONTEXT((#2500))
GLOBAL_UNIT_ASSIGNED_CONTEXT((#2503,#2502,#2501))
REPRESENTATION_CONTEXT('KP0015-01_BasePhotoInterrupterV2',
'TOP_LEVEL_ASSEMBLY_PART')
);
#2500=UNCERTAINTY_MEASURE_WITH_UNIT(LENGTH_MEASURE(2.E-5),#2503,
'DISTANCE_ACCURACY_VALUE','Maximum Tolerance applied to model');
#2501=(
NAMED_UNIT(*)
SI_UNIT($,.STERADIAN.)
SOLID_ANGLE_UNIT()
);
#2502=(
NAMED_UNIT(*)
PLANE_ANGLE_UNIT()
SI_UNIT($,.RADIAN.)
);
#2503=(
LENGTH_UNIT()
NAMED_UNIT(*)
SI_UNIT($,.METRE.)
);
#2504=PRODUCT_DEFINITION_SHAPE('','',#2505);
#2505=PRODUCT_DEFINITION('','',#2507,#2506);
#2506=PRODUCT_DEFINITION_CONTEXT('',#2513,'design');
#2507=PRODUCT_DEFINITION_FORMATION_WITH_SPECIFIED_SOURCE('','',#2509,
 .NOT_KNOWN.);
#2508=PRODUCT_RELATED_PRODUCT_CATEGORY('','',(#2509));
#2509=PRODUCT('KP0015-01_BasePhotoInterrupterV2',
'KP0015-01_BasePhotoInterrupterV2','KP0015-01_BasePhotoInterrupterV2',(#2511));
#2510=PRODUCT_CATEGORY('','');
#2511=PRODUCT_CONTEXT('',#2513,'mechanical');
#2512=APPLICATION_PROTOCOL_DEFINITION('international standard',
'automotive_design',2010,#2513);
#2513=APPLICATION_CONTEXT(
'core data for automotive mechanical design processes');
ENDSEC;
END-ISO-10303-21;
