ISO-10303-21;
HEADER;
/* Generated by software containing ST-Developer
 * from STEP Tools, Inc. (www.steptools.com) 
 */
/* OPTION: using custom renumber hook */

FILE_DESCRIPTION(
/* description */ ('STEP AP214',
'CAx-IF Rec.Pracs.---User Defined Attributes---1.5---2016-08-15'),
/* implementation_level */ '2;1');

FILE_NAME(
/* name */ '6a65b59f8ce625604a875497',
/* time_stamp */ '2026-07-26T07:22:07Z',
/* author */ (''),
/* organization */ (''),
/* preprocessor_version */ 'ST-DEVELOPER v20',
/* originating_system */ 'ONSHAPE BY PTC INC, 1.218',
/* authorisation */ '  ');

FILE_SCHEMA (('AUTOMOTIVE_DESIGN {1 0 10303 214 3 1 1}'));
ENDSEC;

DATA;
#10=PROPERTY_DEFINITION_REPRESENTATION(#14,#12);
#11=PROPERTY_DEFINITION_REPRESENTATION(#15,#13);
#12=REPRESENTATION('',(#16),#11582);
#13=REPRESENTATION('',(#17),#11582);
#14=PROPERTY_DEFINITION('pmi validation property','',#11587);
#15=PROPERTY_DEFINITION('pmi validation property','',#11587);
#16=VALUE_REPRESENTATION_ITEM('number of annotations',COUNT_MEASURE(0.));
#17=VALUE_REPRESENTATION_ITEM('number of views',COUNT_MEASURE(0.));
#18=SHAPE_REPRESENTATION_RELATIONSHIP('','',#5051,#19);
#19=ADVANCED_BREP_SHAPE_REPRESENTATION('',(#5049),#11582);
#20=SPHERICAL_SURFACE('',#5116,0.001);
#21=SPHERICAL_SURFACE('',#5190,0.001);
#22=SPHERICAL_SURFACE('',#5193,0.001);
#23=SPHERICAL_SURFACE('',#5425,0.001);
#24=SPHERICAL_SURFACE('',#5475,0.001);
#25=B_SPLINE_SURFACE_WITH_KNOTS('',3,3,((#6983,#6984,#6985,#6986,#6987,
#6988),(#6989,#6990,#6991,#6992,#6993,#6994),(#6995,#6996,#6997,#6998,#6999,
#7000),(#7001,#7002,#7003,#7004,#7005,#7006)),.UNSPECIFIED.,.F.,.F.,.F.,
(4,4),(4,1,1,4),(0.,1.),(1.09682106265415E-15,0.23447273915136,0.390787898585599,
0.547103058019838),.UNSPECIFIED.);
#26=B_SPLINE_SURFACE_WITH_KNOTS('',3,3,((#7034,#7035,#7036,#7037),(#7038,
#7039,#7040,#7041),(#7042,#7043,#7044,#7045),(#7046,#7047,#7048,#7049)),
 .UNSPECIFIED.,.F.,.F.,.F.,(4,4),(4,4),(0.,1.),(-1.5707963267949,-1.3181160716528),
 .PIECEWISE_BEZIER_KNOTS.);
#27=B_SPLINE_SURFACE_WITH_KNOTS('',3,3,((#7068,#7069,#7070,#7071,#7072),
(#7073,#7074,#7075,#7076,#7077),(#7078,#7079,#7080,#7081,#7082),(#7083,
#7084,#7085,#7086,#7087),(#7088,#7089,#7090,#7091,#7092)),.UNSPECIFIED.,
 .F.,.F.,.F.,(4,1,4),(4,1,4),(0.,0.5,1.),(-1.5707963267949,-1.03039596179348,
-0.309862141791584),.UNSPECIFIED.);
#28=B_SPLINE_SURFACE_WITH_KNOTS('',3,3,((#7125,#7126,#7127,#7128,#7129),
(#7130,#7131,#7132,#7133,#7134),(#7135,#7136,#7137,#7138,#7139),(#7140,
#7141,#7142,#7143,#7144),(#7145,#7146,#7147,#7148,#7149),(#7150,#7151,#7152,
#7153,#7154),(#7155,#7156,#7157,#7158,#7159)),.UNSPECIFIED.,.F.,.F.,.F.,
(4,3,4),(4,1,4),(-0.00619158980778555,0.,1.),(1.36481056757073,1.47853588377813,
1.59226119998553),.UNSPECIFIED.);
#29=B_SPLINE_SURFACE_WITH_KNOTS('',3,3,((#7859,#7860,#7861,#7862),(#7863,
#7864,#7865,#7866),(#7867,#7868,#7869,#7870),(#7871,#7872,#7873,#7874),
(#7875,#7876,#7877,#7878)),.UNSPECIFIED.,.F.,.F.,.F.,(4,1,4),(4,4),(0.,
0.5,1.),(-1.5707963267949,-0.368162695049636),.UNSPECIFIED.);
#30=B_SPLINE_SURFACE_WITH_KNOTS('',3,3,((#8070,#8071,#8072,#8073,#8074,
#8075,#8076),(#8077,#8078,#8079,#8080,#8081,#8082,#8083),(#8084,#8085,#8086,
#8087,#8088,#8089,#8090),(#8091,#8092,#8093,#8094,#8095,#8096,#8097)),
 .RULED_SURF.,.F.,.F.,.F.,(4,4),(4,1,1,1,4),(0.,1.),(2.20096568605499,2.73846681036085,
3.00721737251378,3.54471849681965,4.08221962112551),.UNSPECIFIED.);
#31=B_SPLINE_SURFACE_WITH_KNOTS('',3,1,((#8347,#8348),(#8349,#8350),(#8351,
#8352),(#8353,#8354),(#8355,#8356)),.SURF_OF_LINEAR_EXTRUSION.,.F.,.F.,
 .F.,(4,1,4),(2,2),(2.01280337178278E-9,0.785398162056491,1.57079632210018),
(0.,1.),.UNSPECIFIED.);
#32=B_SPLINE_SURFACE_WITH_KNOTS('',3,1,((#8370,#8371),(#8372,#8373),(#8374,
#8375),(#8376,#8377),(#8378,#8379)),.SURF_OF_LINEAR_EXTRUSION.,.F.,.F.,
 .F.,(4,1,4),(2,2),(-1.57079632679489,-0.785398163397451,-6.68564242696821E-15),
(0.,1.),.UNSPECIFIED.);
#33=B_SPLINE_SURFACE_WITH_KNOTS('',3,3,((#8409,#8410,#8411,#8412,#8413,
#8414,#8415,#8416,#8417,#8418,#8419,#8420,#8421,#8422,#8423,#8424,#8425),
(#8426,#8427,#8428,#8429,#8430,#8431,#8432,#8433,#8434,#8435,#8436,#8437,
#8438,#8439,#8440,#8441,#8442),(#8443,#8444,#8445,#8446,#8447,#8448,#8449,
#8450,#8451,#8452,#8453,#8454,#8455,#8456,#8457,#8458,#8459),(#8460,#8461,
#8462,#8463,#8464,#8465,#8466,#8467,#8468,#8469,#8470,#8471,#8472,#8473,
#8474,#8475,#8476),(#8477,#8478,#8479,#8480,#8481,#8482,#8483,#8484,#8485,
#8486,#8487,#8488,#8489,#8490,#8491,#8492,#8493),(#8494,#8495,#8496,#8497,
#8498,#8499,#8500,#8501,#8502,#8503,#8504,#8505,#8506,#8507,#8508,#8509,
#8510),(#8511,#8512,#8513,#8514,#8515,#8516,#8517,#8518,#8519,#8520,#8521,
#8522,#8523,#8524,#8525,#8526,#8527),(#8528,#8529,#8530,#8531,#8532,#8533,
#8534,#8535,#8536,#8537,#8538,#8539,#8540,#8541,#8542,#8543,#8544),(#8545,
#8546,#8547,#8548,#8549,#8550,#8551,#8552,#8553,#8554,#8555,#8556,#8557,
#8558,#8559,#8560,#8561),(#8562,#8563,#8564,#8565,#8566,#8567,#8568,#8569,
#8570,#8571,#8572,#8573,#8574,#8575,#8576,#8577,#8578)),.UNSPECIFIED.,.F.,
 .T.,.F.,(4,1,1,1,3,4),(1,3,1,1,1,1,1,1,1,1,1,1,1,1,1,3,1),(0.,0.285714285714286,
0.571428571428571,0.785714285714286,1.,1.01),(-0.30914902302906,-4.44089209850063E-16,
0.15457451151453,0.30914902302906,0.46372353454359,0.541010790300855,0.61829804605812,
0.695585301815385,0.92744706908718,1.23659609211624,1.39117060363077,1.5457451151453,
1.62303237090257,1.70031962665983,1.85489413817436,2.16404316120342,2.31861767271795),
 .UNSPECIFIED.);
#34=B_SPLINE_SURFACE_WITH_KNOTS('',3,3,((#8643,#8644,#8645,#8646),(#8647,
#8648,#8649,#8650),(#8651,#8652,#8653,#8654),(#8655,#8656,#8657,#8658),
(#8659,#8660,#8661,#8662)),.UNSPECIFIED.,.F.,.F.,.F.,(4,1,4),(4,4),(0.,
0.5,1.),(2.36899133559494E-17,0.0489406535742862),.UNSPECIFIED.);
#35=B_SPLINE_SURFACE_WITH_KNOTS('',3,3,((#8808,#8809,#8810,#8811,#8812,
#8813),(#8814,#8815,#8816,#8817,#8818,#8819),(#8820,#8821,#8822,#8823,#8824,
#8825),(#8826,#8827,#8828,#8829,#8830,#8831),(#8832,#8833,#8834,#8835,#8836,
#8837)),.UNSPECIFIED.,.F.,.F.,.F.,(4,1,4),(4,1,1,4),(0.,0.5,1.),(2.70219227356329,
3.4474395667429,3.94427109552931,4.44110262431572),.UNSPECIFIED.);
#36=B_SPLINE_SURFACE_WITH_KNOTS('',3,3,((#8921,#8922,#8923,#8924,#8925,
#8926,#8927),(#8928,#8929,#8930,#8931,#8932,#8933,#8934),(#8935,#8936,#8937,
#8938,#8939,#8940,#8941),(#8942,#8943,#8944,#8945,#8946,#8947,#8948),(#8949,
#8950,#8951,#8952,#8953,#8954,#8955),(#8956,#8957,#8958,#8959,#8960,#8961,
#8962),(#8963,#8964,#8965,#8966,#8967,#8968,#8969)),.RULED_SURF.,.F.,.F.,
 .F.,(4,3,4),(4,1,1,1,4),(0.,1.,1.01),(2.20096568605955,2.46971624821118,
3.00721737251444,3.54471849681769,4.08221962112095),.UNSPECIFIED.);
#37=B_SPLINE_SURFACE_WITH_KNOTS('',3,3,((#9058,#9059,#9060,#9061,#9062,
#9063,#9064),(#9065,#9066,#9067,#9068,#9069,#9070,#9071),(#9072,#9073,#9074,
#9075,#9076,#9077,#9078),(#9079,#9080,#9081,#9082,#9083,#9084,#9085),(#9086,
#9087,#9088,#9089,#9090,#9091,#9092),(#9093,#9094,#9095,#9096,#9097,#9098,
#9099),(#9100,#9101,#9102,#9103,#9104,#9105,#9106)),.RULED_SURF.,.F.,.F.,
 .F.,(4,3,4),(4,1,1,1,4),(0.,1.,1.01),(2.20096568601437,2.46971624817891,
3.00721737250798,3.54471849683705,4.08221962116613),.UNSPECIFIED.);
#38=B_SPLINE_SURFACE_WITH_KNOTS('',3,3,((#9193,#9194,#9195,#9196,#9197,
#9198,#9199,#9200,#9201,#9202,#9203,#9204,#9205,#9206,#9207,#9208,#9209,
#9210,#9211),(#9212,#9213,#9214,#9215,#9216,#9217,#9218,#9219,#9220,#9221,
#9222,#9223,#9224,#9225,#9226,#9227,#9228,#9229,#9230),(#9231,#9232,#9233,
#9234,#9235,#9236,#9237,#9238,#9239,#9240,#9241,#9242,#9243,#9244,#9245,
#9246,#9247,#9248,#9249),(#9250,#9251,#9252,#9253,#9254,#9255,#9256,#9257,
#9258,#9259,#9260,#9261,#9262,#9263,#9264,#9265,#9266,#9267,#9268),(#9269,
#9270,#9271,#9272,#9273,#9274,#9275,#9276,#9277,#9278,#9279,#9280,#9281,
#9282,#9283,#9284,#9285,#9286,#9287),(#9288,#9289,#9290,#9291,#9292,#9293,
#9294,#9295,#9296,#9297,#9298,#9299,#9300,#9301,#9302,#9303,#9304,#9305,
#9306),(#9307,#9308,#9309,#9310,#9311,#9312,#9313,#9314,#9315,#9316,#9317,
#9318,#9319,#9320,#9321,#9322,#9323,#9324,#9325),(#9326,#9327,#9328,#9329,
#9330,#9331,#9332,#9333,#9334,#9335,#9336,#9337,#9338,#9339,#9340,#9341,
#9342,#9343,#9344),(#9345,#9346,#9347,#9348,#9349,#9350,#9351,#9352,#9353,
#9354,#9355,#9356,#9357,#9358,#9359,#9360,#9361,#9362,#9363),(#9364,#9365,
#9366,#9367,#9368,#9369,#9370,#9371,#9372,#9373,#9374,#9375,#9376,#9377,
#9378,#9379,#9380,#9381,#9382),(#9383,#9384,#9385,#9386,#9387,#9388,#9389,
#9390,#9391,#9392,#9393,#9394,#9395,#9396,#9397,#9398,#9399,#9400,#9401),
(#9402,#9403,#9404,#9405,#9406,#9407,#9408,#9409,#9410,#9411,#9412,#9413,
#9414,#9415,#9416,#9417,#9418,#9419,#9420),(#9421,#9422,#9423,#9424,#9425,
#9426,#9427,#9428,#9429,#9430,#9431,#9432,#9433,#9434,#9435,#9436,#9437,
#9438,#9439)),.UNSPECIFIED.,.F.,.T.,.F.,(4,3,1,1,1,3,4),(1,3,1,1,1,1,1,
1,1,1,1,1,1,1,1,1,1,3,1),(-0.0101,0.,0.285714285714286,0.571428571428571,
0.785714285714286,1.,1.01),(-3.59039160410261,-3.14159265358979,-2.69279370307697,
-2.24399475256414,-1.79519580205131,-1.34639685153848,-1.0471975511966,
-0.747998250854713,-0.523598775598299,-0.448798950512828,0.149599650170943,
0.448798950512828,0.897597901025655,1.34639685153848,1.79519580205131,2.24399475256414,
2.69279370307697,3.14159265358979,3.59039160410261),.UNSPECIFIED.);
#39=B_SPLINE_SURFACE_WITH_KNOTS('',3,3,((#9480,#9481,#9482,#9483),(#9484,
#9485,#9486,#9487),(#9488,#9489,#9490,#9491),(#9492,#9493,#9494,#9495),
(#9496,#9497,#9498,#9499),(#9500,#9501,#9502,#9503),(#9504,#9505,#9506,
#9507)),.UNSPECIFIED.,.F.,.F.,.F.,(4,3,4),(4,4),(-0.00601557589578394,0.,
1.),(6.24102930333276E-17,0.153607534745824),.PIECEWISE_BEZIER_KNOTS.);
#40=B_SPLINE_SURFACE_WITH_KNOTS('',3,3,((#9522,#9523,#9524,#9525),(#9526,
#9527,#9528,#9529),(#9530,#9531,#9532,#9533),(#9534,#9535,#9536,#9537)),
 .UNSPECIFIED.,.F.,.F.,.F.,(4,4),(4,4),(0.,1.),(2.90281296622302E-11,0.0192667488824163),
 .PIECEWISE_BEZIER_KNOTS.);
#41=B_SPLINE_SURFACE_WITH_KNOTS('',3,3,((#9550,#9551,#9552,#9553,#9554,
#9555,#9556),(#9557,#9558,#9559,#9560,#9561,#9562,#9563),(#9564,#9565,#9566,
#9567,#9568,#9569,#9570),(#9571,#9572,#9573,#9574,#9575,#9576,#9577)),
 .UNSPECIFIED.,.F.,.F.,.F.,(4,4),(4,1,1,1,4),(0.,1.),(0.,0.162268947022177,
0.270448245036962,0.324537894044354,0.378627543051747),.UNSPECIFIED.);
#42=B_SPLINE_SURFACE_WITH_KNOTS('',3,3,((#9593,#9594,#9595,#9596),(#9597,
#9598,#9599,#9600),(#9601,#9602,#9603,#9604),(#9605,#9606,#9607,#9608)),
 .UNSPECIFIED.,.F.,.F.,.F.,(4,4),(4,4),(0.,1.),(9.31625006506884E-16,0.0469765824519784),
 .PIECEWISE_BEZIER_KNOTS.);
#43=B_SPLINE_SURFACE_WITH_KNOTS('',3,3,((#9616,#9617,#9618,#9619,#9620,
#9621,#9622),(#9623,#9624,#9625,#9626,#9627,#9628,#9629),(#9630,#9631,#9632,
#9633,#9634,#9635,#9636),(#9637,#9638,#9639,#9640,#9641,#9642,#9643)),
 .UNSPECIFIED.,.F.,.F.,.F.,(4,4),(4,1,1,1,4),(0.,1.),(0.,0.106534494694318,
0.319603484082953,0.532672473471589,0.745741462860224),.UNSPECIFIED.);
#44=B_SPLINE_SURFACE_WITH_KNOTS('',3,3,((#9672,#9673,#9674,#9675,#9676,
#9677,#9678,#9679,#9680,#9681,#9682,#9683),(#9684,#9685,#9686,#9687,#9688,
#9689,#9690,#9691,#9692,#9693,#9694,#9695),(#9696,#9697,#9698,#9699,#9700,
#9701,#9702,#9703,#9704,#9705,#9706,#9707),(#9708,#9709,#9710,#9711,#9712,
#9713,#9714,#9715,#9716,#9717,#9718,#9719),(#9720,#9721,#9722,#9723,#9724,
#9725,#9726,#9727,#9728,#9729,#9730,#9731),(#9732,#9733,#9734,#9735,#9736,
#9737,#9738,#9739,#9740,#9741,#9742,#9743),(#9744,#9745,#9746,#9747,#9748,
#9749,#9750,#9751,#9752,#9753,#9754,#9755)),.UNSPECIFIED.,.F.,.F.,.F.,(4,
1,1,1,4),(4,1,1,1,1,1,1,1,1,4),(0.,0.285714285714286,0.571428571428571,
0.785714285714286,1.),(-1.62188527292451,-1.15848948066044,-0.69509368839637,
-0.231697896132299,-2.63233879138625E-13,0.231697896131772,0.463395792263808,
0.695093688395844,1.15848948065991,1.62188527292399),.UNSPECIFIED.);
#45=B_SPLINE_SURFACE_WITH_KNOTS('',3,3,((#9771,#9772,#9773,#9774,#9775,
#9776,#9777,#9778),(#9779,#9780,#9781,#9782,#9783,#9784,#9785,#9786),(#9787,
#9788,#9789,#9790,#9791,#9792,#9793,#9794),(#9795,#9796,#9797,#9798,#9799,
#9800,#9801,#9802)),.UNSPECIFIED.,.F.,.F.,.F.,(4,4),(4,1,1,1,1,4),(0.,1.),
(0.,0.106534494694319,0.213068989388638,0.319603484082957,0.532672473471596,
0.745741462860234),.UNSPECIFIED.);
#46=B_SPLINE_SURFACE_WITH_KNOTS('',3,3,((#9832,#9833,#9834,#9835),(#9836,
#9837,#9838,#9839),(#9840,#9841,#9842,#9843),(#9844,#9845,#9846,#9847)),
 .UNSPECIFIED.,.F.,.F.,.F.,(4,4),(4,4),(0.,1.),(1.12618194663188E-14,0.0469771526819057),
 .PIECEWISE_BEZIER_KNOTS.);
#47=B_SPLINE_SURFACE_WITH_KNOTS('',3,3,((#9875,#9876,#9877,#9878,#9879,
#9880,#9881),(#9882,#9883,#9884,#9885,#9886,#9887,#9888),(#9889,#9890,#9891,
#9892,#9893,#9894,#9895),(#9896,#9897,#9898,#9899,#9900,#9901,#9902)),
 .UNSPECIFIED.,.F.,.F.,.F.,(4,4),(4,1,1,1,4),(0.,1.),(0.,0.0540933593905654,
0.108186718781131,0.216373437562262,0.378653515733958),.UNSPECIFIED.);
#48=B_SPLINE_SURFACE_WITH_KNOTS('',3,3,((#9941,#9942,#9943,#9944),(#9945,
#9946,#9947,#9948),(#9949,#9950,#9951,#9952),(#9953,#9954,#9955,#9956),
(#9957,#9958,#9959,#9960)),.UNSPECIFIED.,.F.,.F.,.F.,(4,1,4),(4,4),(0.,
0.5,1.),(0.,0.00916858879767044),.UNSPECIFIED.);
#49=B_SPLINE_SURFACE_WITH_KNOTS('',3,3,((#10005,#10006,#10007,#10008,#10009,
#10010,#10011,#10012,#10013),(#10014,#10015,#10016,#10017,#10018,#10019,
#10020,#10021,#10022),(#10023,#10024,#10025,#10026,#10027,#10028,#10029,
#10030,#10031),(#10032,#10033,#10034,#10035,#10036,#10037,#10038,#10039,
#10040),(#10041,#10042,#10043,#10044,#10045,#10046,#10047,#10048,#10049)),
 .UNSPECIFIED.,.F.,.F.,.F.,(4,1,4),(4,1,1,1,1,1,4),(0.,0.5,1.),(0.,0.0314646480322498,
0.0629292960644996,0.125858592128999,0.251717184257998,0.503434368515997,
0.881010144902994),.UNSPECIFIED.);
#50=B_SPLINE_SURFACE_WITH_KNOTS('',3,3,((#10087,#10088,#10089,#10090),(#10091,
#10092,#10093,#10094),(#10095,#10096,#10097,#10098),(#10099,#10100,#10101,
#10102),(#10103,#10104,#10105,#10106)),.UNSPECIFIED.,.F.,.F.,.F.,(4,1,4),
(4,4),(0.,0.5,1.),(0.,0.0125631437292513),.UNSPECIFIED.);
#51=B_SPLINE_SURFACE_WITH_KNOTS('',3,3,((#10130,#10131,#10132,#10133),(#10134,
#10135,#10136,#10137),(#10138,#10139,#10140,#10141),(#10142,#10143,#10144,
#10145),(#10146,#10147,#10148,#10149),(#10150,#10151,#10152,#10153),(#10154,
#10155,#10156,#10157)),.RULED_SURF.,.F.,.F.,.F.,(4,3,4),(4,4),(-0.01,0.,
1.),(1.26392866820929,2.2041766969036),.PIECEWISE_BEZIER_KNOTS.);
#52=B_SPLINE_SURFACE_WITH_KNOTS('',3,3,((#10190,#10191,#10192,#10193),(#10194,
#10195,#10196,#10197),(#10198,#10199,#10200,#10201),(#10202,#10203,#10204,
#10205),(#10206,#10207,#10208,#10209),(#10210,#10211,#10212,#10213),(#10214,
#10215,#10216,#10217)),.RULED_SURF.,.F.,.F.,.F.,(4,3,4),(4,4),(-0.0100000000004508,
-4.46338756566816E-13,1.),(4.079008610276,5.01925663897948),
 .PIECEWISE_BEZIER_KNOTS.);
#53=B_SPLINE_SURFACE_WITH_KNOTS('',3,3,((#10317,#10318,#10319,#10320,#10321,
#10322,#10323,#10324,#10325,#10326,#10327,#10328,#10329,#10330,#10331,#10332,
#10333,#10334,#10335),(#10336,#10337,#10338,#10339,#10340,#10341,#10342,
#10343,#10344,#10345,#10346,#10347,#10348,#10349,#10350,#10351,#10352,#10353,
#10354),(#10355,#10356,#10357,#10358,#10359,#10360,#10361,#10362,#10363,
#10364,#10365,#10366,#10367,#10368,#10369,#10370,#10371,#10372,#10373),
(#10374,#10375,#10376,#10377,#10378,#10379,#10380,#10381,#10382,#10383,
#10384,#10385,#10386,#10387,#10388,#10389,#10390,#10391,#10392),(#10393,
#10394,#10395,#10396,#10397,#10398,#10399,#10400,#10401,#10402,#10403,#10404,
#10405,#10406,#10407,#10408,#10409,#10410,#10411),(#10412,#10413,#10414,
#10415,#10416,#10417,#10418,#10419,#10420,#10421,#10422,#10423,#10424,#10425,
#10426,#10427,#10428,#10429,#10430),(#10431,#10432,#10433,#10434,#10435,
#10436,#10437,#10438,#10439,#10440,#10441,#10442,#10443,#10444,#10445,#10446,
#10447,#10448,#10449),(#10450,#10451,#10452,#10453,#10454,#10455,#10456,
#10457,#10458,#10459,#10460,#10461,#10462,#10463,#10464,#10465,#10466,#10467,
#10468),(#10469,#10470,#10471,#10472,#10473,#10474,#10475,#10476,#10477,
#10478,#10479,#10480,#10481,#10482,#10483,#10484,#10485,#10486,#10487),
(#10488,#10489,#10490,#10491,#10492,#10493,#10494,#10495,#10496,#10497,
#10498,#10499,#10500,#10501,#10502,#10503,#10504,#10505,#10506),(#10507,
#10508,#10509,#10510,#10511,#10512,#10513,#10514,#10515,#10516,#10517,#10518,
#10519,#10520,#10521,#10522,#10523,#10524,#10525),(#10526,#10527,#10528,
#10529,#10530,#10531,#10532,#10533,#10534,#10535,#10536,#10537,#10538,#10539,
#10540,#10541,#10542,#10543,#10544),(#10545,#10546,#10547,#10548,#10549,
#10550,#10551,#10552,#10553,#10554,#10555,#10556,#10557,#10558,#10559,#10560,
#10561,#10562,#10563)),.UNSPECIFIED.,.F.,.T.,.F.,(4,3,1,1,1,3,4),(1,3,1,
1,1,1,1,1,1,1,1,1,1,1,1,1,1,3,1),(-0.0101,0.,0.285714285714286,0.571428571428571,
0.785714285714286,1.,1.01),(-3.59039160410261,-3.14159265358979,-2.69279370307697,
-2.24399475256414,-1.79519580205131,-1.34639685153848,-1.0471975511966,
-0.747998250854713,-0.523598775598299,-0.448798950512828,0.149599650170943,
0.448798950512828,0.897597901025655,1.34639685153848,1.79519580205131,2.24399475256414,
2.69279370307697,3.14159265358979,3.59039160410261),.UNSPECIFIED.);
#54=B_SPLINE_SURFACE_WITH_KNOTS('',3,3,((#10621,#10622,#10623,#10624),(#10625,
#10626,#10627,#10628),(#10629,#10630,#10631,#10632),(#10633,#10634,#10635,
#10636),(#10637,#10638,#10639,#10640),(#10641,#10642,#10643,#10644),(#10645,
#10646,#10647,#10648)),.RULED_SURF.,.F.,.F.,.F.,(4,3,4),(4,4),(-0.01,0.,
1.),(1.26392866820929,2.20417669690936),.PIECEWISE_BEZIER_KNOTS.);
#55=B_SPLINE_SURFACE_WITH_KNOTS('',3,3,((#10692,#10693,#10694,#10695),(#10696,
#10697,#10698,#10699),(#10700,#10701,#10702,#10703),(#10704,#10705,#10706,
#10707),(#10708,#10709,#10710,#10711),(#10712,#10713,#10714,#10715),(#10716,
#10717,#10718,#10719)),.RULED_SURF.,.F.,.F.,.F.,(4,3,4),(4,4),(-0.0100000000000214,
-2.12134997068514E-14,1.),(29.2117498389793,30.1519978676977),
 .PIECEWISE_BEZIER_KNOTS.);
#56=B_SPLINE_SURFACE_WITH_KNOTS('',3,3,((#10742,#10743,#10744,#10745),(#10746,
#10747,#10748,#10749),(#10750,#10751,#10752,#10753),(#10754,#10755,#10756,
#10757),(#10758,#10759,#10760,#10761),(#10762,#10763,#10764,#10765),(#10766,
#10767,#10768,#10769)),.RULED_SURF.,.F.,.F.,.F.,(4,3,4),(4,4),(-0.01,0.,
1.),(1.26392866820929,2.20417669685224),.PIECEWISE_BEZIER_KNOTS.);
#57=B_SPLINE_SURFACE_WITH_KNOTS('',3,3,((#10813,#10814,#10815,#10816),(#10817,
#10818,#10819,#10820),(#10821,#10822,#10823,#10824),(#10825,#10826,#10827,
#10828),(#10829,#10830,#10831,#10832),(#10833,#10834,#10835,#10836),(#10837,
#10838,#10839,#10840)),.RULED_SURF.,.F.,.F.,.F.,(4,3,4),(4,4),(-0.0100000000004404,
-4.36017825170275E-13,1.),(4.07900861032735,5.01925663897948),
 .PIECEWISE_BEZIER_KNOTS.);
#58=B_SPLINE_SURFACE_WITH_KNOTS('',3,1,((#10892,#10893),(#10894,#10895),
(#10896,#10897),(#10898,#10899),(#10900,#10901),(#10902,#10903),(#10904,
#10905)),.SURF_OF_LINEAR_EXTRUSION.,.F.,.F.,.F.,(4,1,1,1,4),(2,2),(1.63317112613422,
2.01027650799811,2.38738188986201,2.7644872717259,3.14159265358979),(0.,
1.),.UNSPECIFIED.);
#59=B_SPLINE_SURFACE_WITH_KNOTS('',3,1,((#10934,#10935),(#10936,#10937),
(#10938,#10939),(#10940,#10941),(#10942,#10943),(#10944,#10945),(#10946,
#10947)),.SURF_OF_LINEAR_EXTRUSION.,.F.,.F.,.F.,(4,1,1,1,4),(2,2),(9.51439752600552E-16,
0.377105381863893,0.754210763727786,1.13131614559168,1.50842152745557),
(0.,1.),.UNSPECIFIED.);
#60=B_SPLINE_SURFACE_WITH_KNOTS('',3,3,((#10978,#10979,#10980,#10981),(#10982,
#10983,#10984,#10985),(#10986,#10987,#10988,#10989),(#10990,#10991,#10992,
#10993)),.UNSPECIFIED.,.F.,.F.,.F.,(4,4),(4,4),(0.,1.),(0.,0.0192667488827228),
 .PIECEWISE_BEZIER_KNOTS.);
#61=B_SPLINE_SURFACE_WITH_KNOTS('',3,1,((#11096,#11097),(#11098,#11099),
(#11100,#11101),(#11102,#11103),(#11104,#11105)),
 .SURF_OF_LINEAR_EXTRUSION.,.F.,.F.,.F.,(4,1,4),(2,2),(-2.84492918708807,
-2.22992988413743,-1.6149305811868),(0.,1.),.UNSPECIFIED.);
#62=B_SPLINE_SURFACE_WITH_KNOTS('',3,1,((#11115,#11116),(#11117,#11118),
(#11119,#11120),(#11121,#11122),(#11123,#11124),(#11125,#11126),(#11127,
#11128)),.SURF_OF_LINEAR_EXTRUSION.,.F.,.F.,.F.,(4,1,1,1,4),(2,2),(3.68428401730415E-16,
0.377105381863893,0.754210763727786,1.13131614559168,1.50842152745557),
(0.,1.),.UNSPECIFIED.);
#63=B_SPLINE_SURFACE_WITH_KNOTS('',3,1,((#11146,#11147),(#11148,#11149),
(#11150,#11151),(#11152,#11153),(#11154,#11155),(#11156,#11157),(#11158,
#11159)),.SURF_OF_LINEAR_EXTRUSION.,.F.,.F.,.F.,(4,1,1,1,4),(2,2),(1.63317112613422,
2.01027650799811,2.387381889862,2.7644872717259,3.14159265358979),(0.,1.),
 .UNSPECIFIED.);
#64=B_SPLINE_SURFACE_WITH_KNOTS('',3,1,((#11174,#11175),(#11176,#11177),
(#11178,#11179),(#11180,#11181),(#11182,#11183)),
 .SURF_OF_LINEAR_EXTRUSION.,.F.,.F.,.F.,(4,1,4),(2,2),(1.61493057493303,
2.22992988101055,2.84492918708807),(0.,1.),.UNSPECIFIED.);
#65=B_SPLINE_SURFACE_WITH_KNOTS('',3,3,((#11220,#11221,#11222,#11223),(#11224,
#11225,#11226,#11227),(#11228,#11229,#11230,#11231),(#11232,#11233,#11234,
#11235)),.UNSPECIFIED.,.F.,.F.,.F.,(4,4),(4,4),(0.,1.),(5.93710476032559,
6.09069957509502),.PIECEWISE_BEZIER_KNOTS.);
#66=B_SPLINE_SURFACE_WITH_KNOTS('',3,3,((#11296,#11297,#11298,#11299,#11300,
#11301,#11302,#11303,#11304,#11305),(#11306,#11307,#11308,#11309,#11310,
#11311,#11312,#11313,#11314,#11315),(#11316,#11317,#11318,#11319,#11320,
#11321,#11322,#11323,#11324,#11325),(#11326,#11327,#11328,#11329,#11330,
#11331,#11332,#11333,#11334,#11335),(#11336,#11337,#11338,#11339,#11340,
#11341,#11342,#11343,#11344,#11345),(#11346,#11347,#11348,#11349,#11350,
#11351,#11352,#11353,#11354,#11355),(#11356,#11357,#11358,#11359,#11360,
#11361,#11362,#11363,#11364,#11365),(#11366,#11367,#11368,#11369,#11370,
#11371,#11372,#11373,#11374,#11375),(#11376,#11377,#11378,#11379,#11380,
#11381,#11382,#11383,#11384,#11385)),.UNSPECIFIED.,.F.,.F.,.F.,(4,1,1,3,
4),(4,1,1,1,1,1,1,4),(0.,0.285714285714286,0.571428571428571,1.,1.01),(-1.96951603867893,
-1.40679717048494,-0.844078302290949,-0.281359434096958,0.281359434097033,
0.844078302291024,1.40679717048501,1.96951603867901),.UNSPECIFIED.);
#67=B_SPLINE_SURFACE_WITH_KNOTS('',3,1,((#11429,#11430),(#11431,#11432),
(#11433,#11434),(#11435,#11436),(#11437,#11438),(#11439,#11440),(#11441,
#11442)),.SURF_OF_LINEAR_EXTRUSION.,.F.,.F.,.F.,(4,1,1,1,4),(2,2),(-1.77888541870476E-15,
0.420221602163007,0.840443204326016,1.26066480648902,1.68088640865203),
(0.,1.),.UNSPECIFIED.);
#68=B_SPLINE_SURFACE_WITH_KNOTS('',3,1,((#11473,#11474),(#11475,#11476),
(#11477,#11478),(#11479,#11480),(#11481,#11482),(#11483,#11484),(#11485,
#11486)),.SURF_OF_LINEAR_EXTRUSION.,.F.,.F.,.F.,(4,1,1,1,4),(2,2),(1.46070624493776,
1.88092784710077,2.30114944926378,2.72137105142679,3.1415926535898),(0.,
1.),.UNSPECIFIED.);
#69=B_SPLINE_SURFACE_WITH_KNOTS('',3,1,((#11516,#11517),(#11518,#11519),
(#11520,#11521),(#11522,#11523),(#11524,#11525),(#11526,#11527),(#11528,
#11529),(#11530,#11531)),.SURF_OF_LINEAR_EXTRUSION.,.F.,.F.,.F.,(4,1,1,
1,1,4),(2,2),(-1.68088640865203,-1.26066480648902,-0.840443204326015,-0.630332403244511,
-0.420221602163007,2.58327964700337E-16),(0.,1.),.UNSPECIFIED.);
#70=B_SPLINE_SURFACE_WITH_KNOTS('',3,1,((#11541,#11542),(#11543,#11544),
(#11545,#11546),(#11547,#11548),(#11549,#11550),(#11551,#11552),(#11553,
#11554),(#11555,#11556)),.SURF_OF_LINEAR_EXTRUSION.,.F.,.F.,.F.,(4,1,1,
1,1,4),(2,2),(-3.14159265358979,-2.72137105142678,-2.51126025034528,-2.30114944926377,
-1.88092784710077,-1.46070624493776),(0.,1.),.UNSPECIFIED.);
#71=B_SPLINE_SURFACE_WITH_KNOTS('',3,1,((#11568,#11569),(#11570,#11571),
(#11572,#11573),(#11574,#11575)),.SURF_OF_LINEAR_EXTRUSION.,.F.,.F.,.F.,
(4,4),(2,2),(-0.140094583681927,0.140094583681925),(0.,1.),
 .PIECEWISE_BEZIER_KNOTS.);
#72=ELLIPSE('',#5086,0.00512583089597905,0.001);
#73=ELLIPSE('',#5089,0.00141421356237309,0.001);
#74=ELLIPSE('',#5091,0.00141421356234042,0.001);
#75=ELLIPSE('',#5092,0.001082392200283,0.001);
#76=ELLIPSE('',#5094,0.00141421356236397,0.001);
#77=ELLIPSE('',#5097,0.00141421356237309,0.001);
#78=ELLIPSE('',#5105,0.0707106781186548,0.05);
#79=ELLIPSE('',#5106,0.0707106781186548,0.05);
#80=ELLIPSE('',#5209,0.0707106781186548,0.05);
#81=ELLIPSE('',#5210,0.0707106781186548,0.05);
#82=ELLIPSE('',#5264,0.00141421356237309,0.001);
#83=ELLIPSE('',#5365,0.000707106781186546,0.0005);
#84=ELLIPSE('',#5368,0.00100000000258497,0.001);
#85=ELLIPSE('',#5382,0.0014142135623711,0.001);
#86=ELLIPSE('',#5395,0.0707106781186546,0.05);
#87=ELLIPSE('',#5396,0.0707106781186546,0.05);
#88=ELLIPSE('',#5468,0.00141421356237486,0.001);
#89=TOROIDAL_SURFACE('',#5082,0.00199999999999999,0.001);
#90=TOROIDAL_SURFACE('',#5098,0.00395,0.001);
#91=TOROIDAL_SURFACE('',#5176,0.00395,0.001);
#92=TOROIDAL_SURFACE('',#5242,0.00199999999999999,0.001);
#93=TOROIDAL_SURFACE('',#5270,0.00199999999999999,0.001);
#94=TOROIDAL_SURFACE('',#5274,0.00199999999999999,0.001);
#95=TOROIDAL_SURFACE('',#5294,0.0181768183240288,0.0005);
#96=TOROIDAL_SURFACE('',#5300,0.00199999999999999,0.001);
#97=TOROIDAL_SURFACE('',#5306,0.00199999999999999,0.001);
#98=TOROIDAL_SURFACE('',#5309,0.0179999999999373,0.001);
#99=TOROIDAL_SURFACE('',#5341,0.0179999999999015,0.001);
#100=PLANE('',#5058);
#101=PLANE('',#5059);
#102=PLANE('',#5061);
#103=PLANE('',#5062);
#104=PLANE('',#5066);
#105=PLANE('',#5070);
#106=PLANE('',#5102);
#107=PLANE('',#5104);
#108=PLANE('',#5107);
#109=PLANE('',#5109);
#110=PLANE('',#5112);
#111=PLANE('',#5113);
#112=PLANE('',#5115);
#113=PLANE('',#5120);
#114=PLANE('',#5121);
#115=PLANE('',#5125);
#116=PLANE('',#5129);
#117=PLANE('',#5133);
#118=PLANE('',#5136);
#119=PLANE('',#5139);
#120=PLANE('',#5143);
#121=PLANE('',#5147);
#122=PLANE('',#5152);
#123=PLANE('',#5154);
#124=PLANE('',#5156);
#125=PLANE('',#5161);
#126=PLANE('',#5166);
#127=PLANE('',#5168);
#128=PLANE('',#5169);
#129=PLANE('',#5170);
#130=PLANE('',#5178);
#131=PLANE('',#5179);
#132=PLANE('',#5181);
#133=PLANE('',#5185);
#134=PLANE('',#5195);
#135=PLANE('',#5196);
#136=PLANE('',#5197);
#137=PLANE('',#5198);
#138=PLANE('',#5199);
#139=PLANE('',#5204);
#140=PLANE('',#5205);
#141=PLANE('',#5208);
#142=PLANE('',#5214);
#143=PLANE('',#5222);
#144=PLANE('',#5223);
#145=PLANE('',#5245);
#146=PLANE('',#5246);
#147=PLANE('',#5252);
#148=PLANE('',#5255);
#149=PLANE('',#5258);
#150=PLANE('',#5259);
#151=PLANE('',#5260);
#152=PLANE('',#5261);
#153=PLANE('',#5262);
#154=PLANE('',#5277);
#155=PLANE('',#5281);
#156=PLANE('',#5282);
#157=PLANE('',#5283);
#158=PLANE('',#5286);
#159=PLANE('',#5287);
#160=PLANE('',#5288);
#161=PLANE('',#5321);
#162=PLANE('',#5324);
#163=PLANE('',#5334);
#164=PLANE('',#5337);
#165=PLANE('',#5358);
#166=PLANE('',#5362);
#167=PLANE('',#5369);
#168=PLANE('',#5370);
#169=PLANE('',#5372);
#170=PLANE('',#5375);
#171=PLANE('',#5376);
#172=PLANE('',#5377);
#173=PLANE('',#5380);
#174=PLANE('',#5383);
#175=PLANE('',#5384);
#176=PLANE('',#5385);
#177=PLANE('',#5386);
#178=PLANE('',#5389);
#179=PLANE('',#5394);
#180=PLANE('',#5399);
#181=PLANE('',#5406);
#182=PLANE('',#5407);
#183=PLANE('',#5414);
#184=PLANE('',#5415);
#185=PLANE('',#5418);
#186=PLANE('',#5423);
#187=PLANE('',#5424);
#188=PLANE('',#5429);
#189=PLANE('',#5433);
#190=PLANE('',#5436);
#191=PLANE('',#5439);
#192=PLANE('',#5440);
#193=PLANE('',#5441);
#194=PLANE('',#5444);
#195=PLANE('',#5449);
#196=PLANE('',#5450);
#197=PLANE('',#5454);
#198=PLANE('',#5455);
#199=PLANE('',#5460);
#200=PLANE('',#5463);
#201=PLANE('',#5464);
#202=PLANE('',#5467);
#203=PLANE('',#5469);
#204=PLANE('',#5470);
#205=PLANE('',#5472);
#206=PLANE('',#5479);
#207=PLANE('',#5481);
#208=PLANE('',#5482);
#209=PLANE('',#5483);
#210=CYLINDRICAL_SURFACE('',#5056,0.0188964583071367);
#211=CYLINDRICAL_SURFACE('',#5071,0.002);
#212=CYLINDRICAL_SURFACE('',#5074,0.002);
#213=CYLINDRICAL_SURFACE('',#5077,0.003);
#214=CYLINDRICAL_SURFACE('',#5080,0.001);
#215=CYLINDRICAL_SURFACE('',#5085,0.001);
#216=CYLINDRICAL_SURFACE('',#5087,0.001);
#217=CYLINDRICAL_SURFACE('',#5090,0.001);
#218=CYLINDRICAL_SURFACE('',#5093,0.001);
#219=CYLINDRICAL_SURFACE('',#5095,0.001);
#220=CYLINDRICAL_SURFACE('',#5119,0.003);
#221=CYLINDRICAL_SURFACE('',#5137,0.003);
#222=CYLINDRICAL_SURFACE('',#5151,0.0179999999999373);
#223=CYLINDRICAL_SURFACE('',#5153,0.0179999999999015);
#224=CYLINDRICAL_SURFACE('',#5155,0.0178964583071367);
#225=CYLINDRICAL_SURFACE('',#5157,0.0176768183240288);
#226=CYLINDRICAL_SURFACE('',#5159,0.00395);
#227=CYLINDRICAL_SURFACE('',#5162,0.00395);
#228=CYLINDRICAL_SURFACE('',#5164,0.00395);
#229=CYLINDRICAL_SURFACE('',#5172,0.00295);
#230=CYLINDRICAL_SURFACE('',#5186,0.00295);
#231=CYLINDRICAL_SURFACE('',#5188,0.0189999999999015);
#232=CYLINDRICAL_SURFACE('',#5192,0.00295);
#233=CYLINDRICAL_SURFACE('',#5200,0.001);
#234=CYLINDRICAL_SURFACE('',#5202,0.001);
#235=CYLINDRICAL_SURFACE('',#5206,0.00516025682249156);
#236=CYLINDRICAL_SURFACE('',#5211,0.0189999999999373);
#237=CYLINDRICAL_SURFACE('',#5216,0.05);
#238=CYLINDRICAL_SURFACE('',#5218,0.002);
#239=CYLINDRICAL_SURFACE('',#5220,0.00516025682249156);
#240=CYLINDRICAL_SURFACE('',#5224,0.048);
#241=CYLINDRICAL_SURFACE('',#5232,0.00320710678118989);
#242=CYLINDRICAL_SURFACE('',#5234,0.001);
#243=CYLINDRICAL_SURFACE('',#5237,0.001);
#244=CYLINDRICAL_SURFACE('',#5239,0.001);
#245=CYLINDRICAL_SURFACE('',#5240,0.001);
#246=CYLINDRICAL_SURFACE('',#5244,0.001);
#247=CYLINDRICAL_SURFACE('',#5263,0.001);
#248=CYLINDRICAL_SURFACE('',#5265,0.001);
#249=CYLINDRICAL_SURFACE('',#5267,0.001);
#250=CYLINDRICAL_SURFACE('',#5272,0.001);
#251=CYLINDRICAL_SURFACE('',#5284,0.00389645830713675);
#252=CYLINDRICAL_SURFACE('',#5289,0.05);
#253=CYLINDRICAL_SURFACE('',#5292,0.003);
#254=CYLINDRICAL_SURFACE('',#5296,0.00295);
#255=CYLINDRICAL_SURFACE('',#5297,0.001);
#256=CYLINDRICAL_SURFACE('',#5302,0.001);
#257=CYLINDRICAL_SURFACE('',#5304,0.001);
#258=CYLINDRICAL_SURFACE('',#5305,0.001);
#259=CYLINDRICAL_SURFACE('',#5313,0.0039999999999373);
#260=CYLINDRICAL_SURFACE('',#5319,0.00320710678118656);
#261=CYLINDRICAL_SURFACE('',#5326,0.00399999999990151);
#262=CYLINDRICAL_SURFACE('',#5332,0.00320710678121955);
#263=CYLINDRICAL_SURFACE('',#5339,0.001);
#264=CYLINDRICAL_SURFACE('',#5346,0.001);
#265=CYLINDRICAL_SURFACE('',#5347,0.001);
#266=CYLINDRICAL_SURFACE('',#5350,0.003);
#267=CYLINDRICAL_SURFACE('',#5351,0.001);
#268=CYLINDRICAL_SURFACE('',#5353,0.001);
#269=CYLINDRICAL_SURFACE('',#5355,0.001);
#270=CYLINDRICAL_SURFACE('',#5356,0.001);
#271=CYLINDRICAL_SURFACE('',#5361,0.002);
#272=CYLINDRICAL_SURFACE('',#5364,0.0005);
#273=CYLINDRICAL_SURFACE('',#5367,0.001);
#274=CYLINDRICAL_SURFACE('',#5373,0.00295);
#275=CYLINDRICAL_SURFACE('',#5378,0.0015);
#276=CYLINDRICAL_SURFACE('',#5381,0.001);
#277=CYLINDRICAL_SURFACE('',#5392,0.0186768183240288);
#278=CYLINDRICAL_SURFACE('',#5398,0.001);
#279=CYLINDRICAL_SURFACE('',#5404,0.00295);
#280=CYLINDRICAL_SURFACE('',#5408,0.0015);
#281=CYLINDRICAL_SURFACE('',#5412,0.00295);
#282=CYLINDRICAL_SURFACE('',#5416,0.0015);
#283=CYLINDRICAL_SURFACE('',#5421,0.0382614388691404);
#284=CYLINDRICAL_SURFACE('',#5422,0.002);
#285=CYLINDRICAL_SURFACE('',#5428,0.002);
#286=CYLINDRICAL_SURFACE('',#5430,0.001);
#287=CYLINDRICAL_SURFACE('',#5434,0.0025);
#288=CYLINDRICAL_SURFACE('',#5437,0.00267681832402881);
#289=CYLINDRICAL_SURFACE('',#5442,0.00299999999990151);
#290=CYLINDRICAL_SURFACE('',#5445,0.0029999999999373);
#291=CYLINDRICAL_SURFACE('',#5447,0.00289645830713675);
#292=CYLINDRICAL_SURFACE('',#5451,0.0379991054956581);
#293=CYLINDRICAL_SURFACE('',#5452,0.0310319750193634);
#294=CYLINDRICAL_SURFACE('',#5456,0.0310320004976605);
#295=CYLINDRICAL_SURFACE('',#5458,0.00471249999990152);
#296=CYLINDRICAL_SURFACE('',#5461,0.00471249999993728);
#297=CYLINDRICAL_SURFACE('',#5465,0.00460895830713675);
#298=CYLINDRICAL_SURFACE('',#5471,0.001);
#299=CYLINDRICAL_SURFACE('',#5474,0.05);
#300=CYLINDRICAL_SURFACE('',#5477,0.001);
#301=CYLINDRICAL_SURFACE('',#5478,0.003);
#302=CYLINDRICAL_SURFACE('',#5480,0.0355177910390079);
#303=B_SPLINE_CURVE_WITH_KNOTS('',3,(#6706,#6707,#6708,#6709),
 .UNSPECIFIED.,.F.,.F.,(4,4),(2.83245488334689E-6,0.999992095190426),
 .UNSPECIFIED.);
#304=B_SPLINE_CURVE_WITH_KNOTS('',3,(#6713,#6714,#6715,#6716),
 .UNSPECIFIED.,.F.,.F.,(4,4),(0.,0.00116514806008528),.UNSPECIFIED.);
#305=B_SPLINE_CURVE_WITH_KNOTS('',3,(#6718,#6719,#6720,#6721,#6722,#6723),
 .UNSPECIFIED.,.F.,.F.,(4,1,1,4),(0.,0.000721829627641881,0.00108274444146282,
0.00144365925528376),.UNSPECIFIED.);
#306=B_SPLINE_CURVE_WITH_KNOTS('',3,(#6731,#6732,#6733,#6734),
 .UNSPECIFIED.,.F.,.F.,(4,4),(0.,0.999996149373356),.UNSPECIFIED.);
#307=B_SPLINE_CURVE_WITH_KNOTS('',3,(#6755,#6756,#6757,#6758),
 .UNSPECIFIED.,.F.,.F.,(4,4),(2.7660545241611E-17,0.00423623072976798),
 .UNSPECIFIED.);
#308=B_SPLINE_CURVE_WITH_KNOTS('',3,(#6805,#6806,#6807,#6808,#6809),
 .UNSPECIFIED.,.F.,.F.,(4,1,4),(0.,0.00108111135383478,0.00216222270766956),
 .UNSPECIFIED.);
#309=B_SPLINE_CURVE_WITH_KNOTS('',3,(#6823,#6824,#6825,#6826,#6827,#6828,
#6829,#6830,#6831,#6832,#6833),.UNSPECIFIED.,.F.,.F.,(4,1,1,1,1,1,1,1,4),
(0.,0.125,0.1875,0.25,0.3125,0.375,0.5,0.75,1.),.UNSPECIFIED.);
#310=B_SPLINE_CURVE_WITH_KNOTS('',3,(#6841,#6842,#6843,#6844),
 .UNSPECIFIED.,.F.,.F.,(4,4),(0.,1.),.UNSPECIFIED.);
#311=B_SPLINE_CURVE_WITH_KNOTS('',3,(#6848,#6849,#6850,#6851,#6852,#6853,
#6854,#6855,#6856),.UNSPECIFIED.,.F.,.F.,(4,1,1,1,1,1,4),(0.,0.25,0.5,0.625,
0.75,0.875,1.),.UNSPECIFIED.);
#312=B_SPLINE_CURVE_WITH_KNOTS('',3,(#6862,#6863,#6864,#6865),
 .UNSPECIFIED.,.F.,.F.,(4,4),(3.89050524943341E-13,0.000560115316623999),
 .UNSPECIFIED.);
#313=B_SPLINE_CURVE_WITH_KNOTS('',3,(#6894,#6895,#6896,#6897),
 .UNSPECIFIED.,.F.,.F.,(4,4),(0.,1.),.UNSPECIFIED.);
#314=B_SPLINE_CURVE_WITH_KNOTS('',3,(#6906,#6907,#6908,#6909,#6910,#6911,
#6912,#6913,#6914,#6915,#6916,#6917,#6918,#6919,#6920,#6921,#6922),
 .UNSPECIFIED.,.F.,.F.,(4,1,1,1,1,1,1,1,1,1,1,1,1,1,4),(0.,0.125,0.1875,
0.25,0.3125,0.375,0.4375,0.5,0.5625,0.625,0.6875,0.75,0.8125,0.875,1.),
 .UNSPECIFIED.);
#315=B_SPLINE_CURVE_WITH_KNOTS('',3,(#6956,#6957,#6958,#6959,#6960,#6961),
 .UNSPECIFIED.,.F.,.F.,(4,1,1,4),(1.09083760271435E-14,0.00817560687054628,
0.012263410305814,0.0163512137410816),.UNSPECIFIED.);
#316=B_SPLINE_CURVE_WITH_KNOTS('',3,(#6973,#6974,#6975,#6976),
 .UNSPECIFIED.,.F.,.F.,(4,4),(2.54553028807892E-14,0.00377753460278858),
 .UNSPECIFIED.);
#317=B_SPLINE_CURVE_WITH_KNOTS('',3,(#7007,#7008,#7009,#7010,#7011,#7012),
 .UNSPECIFIED.,.F.,.F.,(4,1,1,4),(0.,0.25,0.5,1.),.UNSPECIFIED.);
#318=B_SPLINE_CURVE_WITH_KNOTS('',3,(#7015,#7016,#7017,#7018),
 .UNSPECIFIED.,.F.,.F.,(4,4),(0.,1.),.UNSPECIFIED.);
#319=B_SPLINE_CURVE_WITH_KNOTS('',3,(#7019,#7020,#7021,#7022,#7023,#7024,
#7025,#7026,#7027,#7028,#7029,#7030,#7031),.UNSPECIFIED.,.F.,.F.,(4,1,1,
1,1,1,1,1,1,1,4),(0.,0.0625,0.125,0.1875,0.25,0.3125,0.375,0.4375,0.5,0.75,
1.),.UNSPECIFIED.);
#320=B_SPLINE_CURVE_WITH_KNOTS('',3,(#7050,#7051,#7052,#7053),
 .UNSPECIFIED.,.F.,.F.,(4,4),(0.,1.),.UNSPECIFIED.);
#321=B_SPLINE_CURVE_WITH_KNOTS('',3,(#7055,#7056,#7057,#7058),
 .UNSPECIFIED.,.F.,.F.,(4,4),(0.,1.),.UNSPECIFIED.);
#322=B_SPLINE_CURVE_WITH_KNOTS('',3,(#7093,#7094,#7095,#7096,#7097,#7098,
#7099,#7100,#7101,#7102,#7103,#7104),.UNSPECIFIED.,.F.,.F.,(4,1,1,1,1,1,
1,1,1,4),(0.,0.25,0.375,0.5,0.625,0.6875,0.75,0.8125,0.875,1.),
 .UNSPECIFIED.);
#323=B_SPLINE_CURVE_WITH_KNOTS('',3,(#7107,#7108,#7109,#7110,#7111,#7112,
#7113,#7114,#7115,#7116,#7117,#7118),.UNSPECIFIED.,.F.,.F.,(4,1,1,1,1,1,
1,1,1,4),(0.,0.125,0.1875,0.25,0.3125,0.375,0.5,0.625,0.75,1.),
 .UNSPECIFIED.);
#324=B_SPLINE_CURVE_WITH_KNOTS('',3,(#7120,#7121,#7122,#7123,#7124),
 .UNSPECIFIED.,.F.,.F.,(4,1,4),(0.,0.5,1.),.QUASI_UNIFORM_KNOTS.);
#325=B_SPLINE_CURVE_WITH_KNOTS('',3,(#7160,#7161,#7162,#7163),
 .UNSPECIFIED.,.F.,.F.,(4,4),(0.,1.),.UNSPECIFIED.);
#326=B_SPLINE_CURVE_WITH_KNOTS('',3,(#7164,#7165,#7166,#7167,#7168),
 .UNSPECIFIED.,.F.,.F.,(4,1,4),(0.,0.00124520749197461,0.00249041498394923),
 .UNSPECIFIED.);
#327=B_SPLINE_CURVE_WITH_KNOTS('',3,(#7209,#7210,#7211,#7212),
 .UNSPECIFIED.,.F.,.F.,(4,4),(0.,1.),.UNSPECIFIED.);
#328=B_SPLINE_CURVE_WITH_KNOTS('',3,(#7224,#7225,#7226,#7227),
 .UNSPECIFIED.,.F.,.F.,(4,4),(0.,1.),.UNSPECIFIED.);
#329=B_SPLINE_CURVE_WITH_KNOTS('',3,(#7233,#7234,#7235,#7236),
 .UNSPECIFIED.,.F.,.F.,(4,4),(0.,1.),.UNSPECIFIED.);
#330=B_SPLINE_CURVE_WITH_KNOTS('',3,(#7238,#7239,#7240,#7241,#7242,#7243,
#7244,#7245,#7246,#7247,#7248,#7249,#7250,#7251,#7252,#7253,#7254,#7255,
#7256,#7257,#7258,#7259,#7260,#7261,#7262,#7263,#7264,#7265,#7266,#7267,
#7268,#7269,#7270,#7271,#7272),.UNSPECIFIED.,.T.,.F.,(1,1,1,1,1,1,1,1,1,
1,1,1,1,1,1,1,1,1,1,1,1,1,1,1,1,1,1,1,1,1,1,1,1,1,1,1,1,1,1),(-0.0953949419202303,
-0.0641447470960115,-0.0328947373548006,0.,0.0296875,0.060859375,0.09210546875,
0.1233552734375,0.154605263671875,0.185855263183594,0.216324013171387,0.24679276315918,
0.278003700658569,0.309214638157959,0.342023231907898,0.373351161595395,
0.40460505807977,0.435855252903988,0.467105262645199,0.49835526313226,0.529605263156613,
0.560855263157831,0.592105263157892,0.623355263157895,0.654605263157895,
0.685855263157895,0.716324013157895,0.746792763157895,0.778003700657895,
0.809214638157895,0.842023231907895,0.873351161595395,0.90460505807977,
0.935855252903989,0.967105262645199,1.,1.0296875,1.060859375,1.09210546875),
 .UNSPECIFIED.);
#331=B_SPLINE_CURVE_WITH_KNOTS('',3,(#7291,#7292,#7293,#7294,#7295,#7296,
#7297,#7298,#7299,#7300,#7301,#7302,#7303,#7304,#7305,#7306,#7307,#7308,
#7309,#7310,#7311,#7312,#7313,#7314,#7315,#7316,#7317,#7318,#7319,#7320,
#7321,#7322,#7323,#7324,#7325),.UNSPECIFIED.,.T.,.F.,(1,1,1,1,1,1,1,1,1,
1,1,1,1,1,1,1,1,1,1,1,1,1,1,1,1,1,1,1,1,1,1,1,1,1,1,1,1,1,1),(-0.0953949419202303,
-0.0641447470960115,-0.0328947373548006,0.,0.0296875,0.060859375,0.09210546875,
0.1233552734375,0.154605263671875,0.185855263183594,0.216324013171387,0.24679276315918,
0.278003700658569,0.309214638157959,0.342023231907898,0.373351161595395,
0.40460505807977,0.435855252903988,0.467105262645199,0.49835526313226,0.529605263156613,
0.560855263157831,0.592105263157892,0.623355263157895,0.654605263157895,
0.685855263157895,0.716324013157895,0.746792763157895,0.778003700657895,
0.809214638157895,0.842023231907895,0.873351161595395,0.90460505807977,
0.935855252903989,0.967105262645199,1.,1.0296875,1.060859375,1.09210546875),
 .UNSPECIFIED.);
#332=B_SPLINE_CURVE_WITH_KNOTS('',3,(#7339,#7340,#7341,#7342,#7343,#7344,
#7345,#7346,#7347,#7348,#7349,#7350,#7351,#7352,#7353,#7354,#7355,#7356,
#7357,#7358,#7359,#7360,#7361,#7362,#7363,#7364,#7365,#7366,#7367,#7368,
#7369,#7370,#7371,#7372,#7373),.UNSPECIFIED.,.T.,.F.,(1,1,1,1,1,1,1,1,1,
1,1,1,1,1,1,1,1,1,1,1,1,1,1,1,1,1,1,1,1,1,1,1,1,1,1,1,1,1,1),(-0.0953949419202303,
-0.0641447470960115,-0.0328947373548006,0.,0.0296875,0.060859375,0.09210546875,
0.1233552734375,0.154605263671875,0.185855263183594,0.216324013171387,0.24679276315918,
0.278003700658569,0.309214638157959,0.342023231907898,0.373351161595395,
0.40460505807977,0.435855252903988,0.467105262645199,0.49835526313226,0.529605263156613,
0.560855263157831,0.592105263157892,0.623355263157895,0.654605263157895,
0.685855263157895,0.716324013157895,0.746792763157895,0.778003700657895,
0.809214638157895,0.842023231907895,0.873351161595395,0.90460505807977,
0.935855252903989,0.967105262645199,1.,1.0296875,1.060859375,1.09210546875),
 .UNSPECIFIED.);
#333=B_SPLINE_CURVE_WITH_KNOTS('',3,(#7375,#7376,#7377,#7378),
 .UNSPECIFIED.,.F.,.F.,(4,4),(0.,1.),.UNSPECIFIED.);
#334=B_SPLINE_CURVE_WITH_KNOTS('',3,(#7401,#7402,#7403,#7404,#7405,#7406,
#7407,#7408,#7409,#7410,#7411),.UNSPECIFIED.,.F.,.F.,(4,1,1,1,1,1,1,1,4),
(0.,0.125,0.25,0.375,0.5,0.625,0.75,0.875,1.),.UNSPECIFIED.);
#335=B_SPLINE_CURVE_WITH_KNOTS('',3,(#7418,#7419,#7420,#7421,#7422,#7423,
#7424),.UNSPECIFIED.,.F.,.F.,(4,1,1,1,4),(0.,0.25,0.5,0.75,1.),
 .UNSPECIFIED.);
#336=B_SPLINE_CURVE_WITH_KNOTS('',3,(#7428,#7429,#7430,#7431,#7432,#7433,
#7434,#7435,#7436,#7437,#7438),.UNSPECIFIED.,.F.,.F.,(4,1,1,1,1,1,1,1,4),
(0.,0.125,0.25,0.375,0.5,0.625,0.75,0.875,1.),.UNSPECIFIED.);
#337=B_SPLINE_CURVE_WITH_KNOTS('',3,(#7443,#7444,#7445,#7446,#7447,#7448,
#7449,#7450,#7451,#7452,#7453),.UNSPECIFIED.,.F.,.F.,(4,1,1,1,1,1,1,1,4),
(0.,0.125,0.25,0.375,0.5,0.625,0.75,0.875,1.),.UNSPECIFIED.);
#338=B_SPLINE_CURVE_WITH_KNOTS('',3,(#7458,#7459,#7460,#7461),
 .UNSPECIFIED.,.F.,.F.,(4,4),(0.,1.),.UNSPECIFIED.);
#339=B_SPLINE_CURVE_WITH_KNOTS('',3,(#7463,#7464,#7465,#7466),
 .UNSPECIFIED.,.F.,.F.,(4,4),(0.,1.),.UNSPECIFIED.);
#340=B_SPLINE_CURVE_WITH_KNOTS('',3,(#7474,#7475,#7476,#7477),
 .UNSPECIFIED.,.F.,.F.,(4,4),(7.82596805115695E-16,0.00423623072976872),
 .UNSPECIFIED.);
#341=B_SPLINE_CURVE_WITH_KNOTS('',3,(#7481,#7482,#7483,#7484,#7485,#7486,
#7487,#7488),.UNSPECIFIED.,.F.,.F.,(4,1,1,1,1,4),(0.,0.25,0.375,0.5,0.75,
1.),.UNSPECIFIED.);
#342=B_SPLINE_CURVE_WITH_KNOTS('',3,(#7492,#7493,#7494,#7495),
 .UNSPECIFIED.,.F.,.F.,(4,4),(0.,1.),.UNSPECIFIED.);
#343=B_SPLINE_CURVE_WITH_KNOTS('',3,(#7499,#7500,#7501,#7502),
 .UNSPECIFIED.,.F.,.F.,(4,4),(0.,1.),.UNSPECIFIED.);
#344=B_SPLINE_CURVE_WITH_KNOTS('',3,(#7504,#7505,#7506,#7507,#7508,#7509,
#7510,#7511,#7512,#7513,#7514,#7515,#7516,#7517,#7518,#7519,#7520,#7521,
#7522,#7523,#7524,#7525,#7526,#7527,#7528,#7529,#7530,#7531,#7532,#7533,
#7534,#7535,#7536,#7537,#7538,#7539,#7540,#7541,#7542,#7543,#7544,#7545,
#7546,#7547,#7548,#7549,#7550,#7551,#7552,#7553,#7554,#7555,#7556,#7557,
#7558,#7559,#7560,#7561,#7562,#7563,#7564,#7565,#7566,#7567,#7568,#7569,
#7570,#7571,#7572,#7573),.UNSPECIFIED.,.T.,.F.,(1,1,1,1,1,1,1,1,1,1,1,1,
1,1,1,1,1,1,1,1,1,1,1,1,1,1,1,1,1,1,1,1,1,1,1,1,1,1,1,1,1,1,1,1,1,1,1,1,
1,1,1,1,1,1,1,1,1,1,1,1,1,1,1,1,1,1,1,1,1,1,1,1,1,1),(-0.032894654713161,
-0.0164473273565805,-0.00822366367829019,0.,0.0197916666666667,0.0296875,
0.0395833333333333,0.05046875,0.0613541666666667,0.0764700520833333,0.0915859375,
0.106701822916667,0.121817708333333,0.12961748046875,0.137417252604167,
0.153016796875,0.184215885416667,0.217023294270833,0.248351164713542,0.263978111474609,
0.279605058235677,0.29523015557373,0.310855252911784,0.326089630345235,
0.341324007778686,0.356558385212138,0.371792762645589,0.379976356517262,
0.388159950388934,0.396343544260607,0.404527138132279,0.412358192825863,
0.420189247519447,0.435851356906614,0.445173711986569,0.454496067066524,
0.463818422146479,0.468479599686456,0.473140777226434,0.476330309930795,
0.479519842635156,0.485898908043878,0.498657038861322,0.513819742131758,
0.528982445402194,0.54414514867263,0.559307851943066,0.59051162227011,0.621715392597153,
0.647025581113505,0.672335769629858,0.710491788481493,0.748024589424075,
0.778650409447639,0.793963319459421,0.809276229471204,0.840495020472382,
0.856104415972971,0.87171381147356,0.88733803124859,0.902962251023619,0.918586470798649,
0.926398580686163,0.934210690573678,0.938322522412823,0.942434354251968,
0.950658017930259,0.967105345286839,0.98355267264342,0.99177633632171,1.,
1.01979166666667,1.0296875,1.03958333333333),.UNSPECIFIED.);
#345=B_SPLINE_CURVE_WITH_KNOTS('',3,(#7579,#7580,#7581,#7582),
 .UNSPECIFIED.,.F.,.F.,(4,4),(1.64798730217797E-16,0.00800000000000024),
 .UNSPECIFIED.);
#346=B_SPLINE_CURVE_WITH_KNOTS('',3,(#7587,#7588,#7589,#7590,#7591,#7592,
#7593,#7594),.UNSPECIFIED.,.F.,.F.,(4,1,1,1,1,4),(0.,0.125,0.25,0.375,0.5,
1.),.UNSPECIFIED.);
#347=B_SPLINE_CURVE_WITH_KNOTS('',3,(#7596,#7597,#7598,#7599,#7600,#7601,
#7602,#7603,#7604,#7605,#7606),.UNSPECIFIED.,.F.,.F.,(4,1,1,1,1,1,1,1,4),
(0.,0.125,0.25,0.375,0.5,0.625,0.75,0.875,1.),.UNSPECIFIED.);
#348=B_SPLINE_CURVE_WITH_KNOTS('',3,(#7608,#7609,#7610,#7611,#7612,#7613,
#7614,#7615),.UNSPECIFIED.,.F.,.F.,(4,1,1,1,1,4),(0.,0.5,0.625,0.75,0.875,
1.),.UNSPECIFIED.);
#349=B_SPLINE_CURVE_WITH_KNOTS('',3,(#7619,#7620,#7621,#7622,#7623,#7624,
#7625,#7626),.UNSPECIFIED.,.F.,.F.,(4,1,1,1,1,4),(0.,0.25,0.375,0.5,0.75,
1.),.UNSPECIFIED.);
#350=B_SPLINE_CURVE_WITH_KNOTS('',3,(#7630,#7631,#7632,#7633),
 .UNSPECIFIED.,.F.,.F.,(4,4),(0.,1.),.UNSPECIFIED.);
#351=B_SPLINE_CURVE_WITH_KNOTS('',3,(#7637,#7638,#7639,#7640),
 .UNSPECIFIED.,.F.,.F.,(4,4),(0.,1.),.UNSPECIFIED.);
#352=B_SPLINE_CURVE_WITH_KNOTS('',3,(#7669,#7670,#7671,#7672,#7673,#7674,
#7675,#7676,#7677,#7678,#7679,#7680,#7681,#7682,#7683,#7684,#7685,#7686,
#7687,#7688,#7689,#7690,#7691,#7692,#7693,#7694,#7695,#7696,#7697,#7698,
#7699,#7700,#7701,#7702,#7703,#7704,#7705,#7706,#7707,#7708,#7709,#7710,
#7711,#7712,#7713,#7714,#7715,#7716,#7717,#7718,#7719,#7720,#7721,#7722,
#7723,#7724,#7725,#7726,#7727,#7728,#7729,#7730,#7731),.UNSPECIFIED.,.T.,
 .F.,(1,1,1,1,1,1,1,1,1,1,1,1,1,1,1,1,1,1,1,1,1,1,1,1,1,1,1,1,1,1,1,1,1,
1,1,1,1,1,1,1,1,1,1,1,1,1,1,1,1,1,1,1,1,1,1,1,1,1,1,1,1,1,1,1,1,1,1),(-0.0969962996119449,
-0.0657853618678043,-0.0328926809339021,0.,0.059375,0.090546875,0.1061328125,
0.12171875,0.15296484375,0.168587890625,0.1842109375,0.188312451171875,
0.19241396484375,0.2006169921875,0.20882001953125,0.217023046875,0.220939060058594,
0.224855073242188,0.232687099609375,0.24835115234375,0.263978104980469,
0.271791581298828,0.279605057617187,0.283511332025146,0.287417606433105,
0.295230155249023,0.310855252880859,0.326089630321655,0.341324007762451,
0.371792762644043,0.403003700388122,0.434214638132202,0.465462685019406,
0.49671073190661,0.55921053659533,0.590460531712549,0.606085529271158,0.621710526829767,
0.652960526585627,0.668585526463558,0.684210526341488,0.688312088838437,
0.692413651335385,0.700616776329281,0.708819901323178,0.717023026317074,
0.720939041941922,0.724855057566769,0.732687088816464,0.748351151315854,
0.763978104440823,0.771791581003308,0.779605057565793,0.783511331979855,
0.787417606393917,0.795230155222041,0.81085525287829,0.826089630319696,
0.841324007761102,0.871792762643914,0.903003700388055,0.934214638132196,
0.967107319066098,1.,1.059375,1.090546875,1.1061328125),.UNSPECIFIED.);
#353=B_SPLINE_CURVE_WITH_KNOTS('',3,(#7740,#7741,#7742,#7743,#7744,#7745,
#7746,#7747,#7748),.UNSPECIFIED.,.F.,.F.,(4,1,1,1,1,1,4),(0.,0.25,0.5,0.625,
0.75,0.875,1.),.UNSPECIFIED.);
#354=B_SPLINE_CURVE_WITH_KNOTS('',3,(#7752,#7753,#7754,#7755,#7756,#7757,
#7758,#7759,#7760,#7761,#7762,#7763,#7764,#7765,#7766,#7767,#7768,#7769,
#7770,#7771,#7772,#7773,#7774,#7775,#7776,#7777,#7778,#7779,#7780,#7781,
#7782,#7783,#7784,#7785,#7786,#7787,#7788,#7789,#7790,#7791,#7792,#7793,
#7794),.UNSPECIFIED.,.F.,.F.,(4,1,1,1,1,1,1,1,1,1,1,1,1,1,1,1,1,1,1,1,1,
1,1,1,1,1,1,1,1,1,1,1,1,1,1,1,1,1,1,1,4),(0.,0.03125,0.046875,0.0546875,
0.0625,0.078125,0.09375,0.109375,0.125,0.140625,0.15625,0.16015625,0.1640625,
0.171875,0.1875,0.21875,0.25,0.3125,0.34375,0.375,0.4375,0.5,0.5625,0.625,
0.65625,0.6875,0.75,0.78125,0.8125,0.828125,0.8359375,0.84375,0.875,0.890625,
0.90625,0.921875,0.9375,0.9453125,0.953125,0.96875,1.),.UNSPECIFIED.);
#355=B_SPLINE_CURVE_WITH_KNOTS('',3,(#7795,#7796,#7797,#7798,#7799,#7800,
#7801,#7802,#7803,#7804,#7805,#7806,#7807,#7808,#7809,#7810,#7811,#7812,
#7813,#7814,#7815,#7816,#7817,#7818,#7819,#7820,#7821,#7822,#7823,#7824,
#7825,#7826,#7827,#7828,#7829),.UNSPECIFIED.,.F.,.F.,(4,1,1,1,1,1,1,1,1,
1,1,1,1,1,1,1,1,1,1,1,1,1,1,1,1,1,1,1,1,1,1,1,4),(0.,0.03125,0.046875,0.0546875,
0.0625,0.0703125,0.078125,0.09375,0.109375,0.125,0.140625,0.15625,0.1875,
0.21875,0.25,0.3125,0.375,0.4375,0.5,0.5625,0.625,0.6875,0.75,0.8125,0.84375,
0.859375,0.875,0.890625,0.90625,0.921875,0.9375,0.96875,1.),
 .UNSPECIFIED.);
#356=B_SPLINE_CURVE_WITH_KNOTS('',3,(#7831,#7832,#7833,#7834,#7835,#7836,
#7837,#7838,#7839),.UNSPECIFIED.,.F.,.F.,(4,1,1,1,1,1,4),(0.,0.125,0.25,
0.375,0.5,0.75,1.),.UNSPECIFIED.);
#357=B_SPLINE_CURVE_WITH_KNOTS('',3,(#7879,#7880,#7881,#7882,#7883,#7884,
#7885,#7886),.UNSPECIFIED.,.F.,.F.,(4,1,1,1,1,4),(0.,0.25,0.5,0.625,0.75,
1.),.UNSPECIFIED.);
#358=B_SPLINE_CURVE_WITH_KNOTS('',3,(#7889,#7890,#7891,#7892,#7893,#7894,
#7895,#7896),.UNSPECIFIED.,.F.,.F.,(4,1,1,1,1,4),(0.,0.25,0.375,0.5,0.75,
1.),.UNSPECIFIED.);
#359=B_SPLINE_CURVE_WITH_KNOTS('',3,(#7898,#7899,#7900,#7901,#7902),
 .UNSPECIFIED.,.F.,.F.,(4,1,4),(0.,0.5,1.),.QUASI_UNIFORM_KNOTS.);
#360=B_SPLINE_CURVE_WITH_KNOTS('',3,(#7942,#7943,#7944,#7945,#7946,#7947,
#7948,#7949,#7950,#7951,#7952,#7953,#7954,#7955,#7956,#7957,#7958,#7959,
#7960,#7961,#7962,#7963,#7964),.UNSPECIFIED.,.F.,.F.,(4,1,1,1,1,1,1,1,1,
1,1,1,1,1,1,1,1,1,1,1,4),(0.,0.125,0.1875,0.21875,0.25,0.28125,0.3125,0.375,
0.4375,0.46875,0.5,0.53125,0.5625,0.625,0.6875,0.71875,0.75,0.78125,0.8125,
0.875,1.),.UNSPECIFIED.);
#361=B_SPLINE_CURVE_WITH_KNOTS('',3,(#7987,#7988,#7989,#7990),
 .UNSPECIFIED.,.F.,.F.,(4,4),(0.,1.),.UNSPECIFIED.);
#362=B_SPLINE_CURVE_WITH_KNOTS('',3,(#7992,#7993,#7994,#7995),
 .UNSPECIFIED.,.F.,.F.,(4,4),(0.,1.),.UNSPECIFIED.);
#363=B_SPLINE_CURVE_WITH_KNOTS('',3,(#8003,#8004,#8005,#8006,#8007),
 .UNSPECIFIED.,.F.,.F.,(4,1,4),(0.,0.5,1.),.UNSPECIFIED.);
#364=B_SPLINE_CURVE_WITH_KNOTS('',3,(#8009,#8010,#8011,#8012,#8013,#8014,
#8015,#8016,#8017,#8018,#8019),.UNSPECIFIED.,.F.,.F.,(4,1,1,1,1,1,1,1,4),
(0.,0.25,0.5,0.625,0.6875,0.75,0.8125,0.875,1.),.UNSPECIFIED.);
#365=B_SPLINE_CURVE_WITH_KNOTS('',3,(#8021,#8022,#8023,#8024),
 .UNSPECIFIED.,.F.,.F.,(4,4),(0.,1.),.UNSPECIFIED.);
#366=B_SPLINE_CURVE_WITH_KNOTS('',3,(#8028,#8029,#8030,#8031,#8032,#8033,
#8034,#8035,#8036,#8037,#8038,#8039,#8040,#8041,#8042,#8043,#8044,#8045,
#8046,#8047,#8048),.UNSPECIFIED.,.F.,.F.,(4,1,1,1,1,1,1,1,1,1,1,1,1,1,1,
1,1,1,4),(0.,0.125,0.1875,0.25,0.3125,0.375,0.4375,0.46875,0.5,0.53125,
0.5625,0.625,0.6875,0.71875,0.75,0.78125,0.8125,0.875,1.),.UNSPECIFIED.);
#367=B_SPLINE_CURVE_WITH_KNOTS('',3,(#8098,#8099,#8100,#8101,#8102),
 .UNSPECIFIED.,.F.,.F.,(4,1,4),(0.,0.5,1.),.UNSPECIFIED.);
#368=B_SPLINE_CURVE_WITH_KNOTS('',3,(#8105,#8106,#8107,#8108),
 .UNSPECIFIED.,.F.,.F.,(4,4),(0.,1.),.UNSPECIFIED.);
#369=B_SPLINE_CURVE_WITH_KNOTS('',3,(#8109,#8110,#8111,#8112,#8113),
 .UNSPECIFIED.,.F.,.F.,(4,1,4),(0.,0.5,1.),.UNSPECIFIED.);
#370=B_SPLINE_CURVE_WITH_KNOTS('',3,(#8117,#8118,#8119,#8120),
 .UNSPECIFIED.,.F.,.F.,(4,4),(0.,1.),.UNSPECIFIED.);
#371=B_SPLINE_CURVE_WITH_KNOTS('',3,(#8124,#8125,#8126,#8127),
 .UNSPECIFIED.,.F.,.F.,(4,4),(0.,1.),.UNSPECIFIED.);
#372=B_SPLINE_CURVE_WITH_KNOTS('',3,(#8131,#8132,#8133,#8134,#8135,#8136,
#8137,#8138,#8139),.UNSPECIFIED.,.F.,.F.,(4,1,1,1,1,1,4),(0.,0.25,0.375,
0.5,0.625,0.75,1.),.UNSPECIFIED.);
#373=B_SPLINE_CURVE_WITH_KNOTS('',3,(#8143,#8144,#8145,#8146,#8147,#8148,
#8149,#8150,#8151),.UNSPECIFIED.,.F.,.F.,(4,1,1,1,1,1,4),(0.,0.25,0.375,
0.5,0.625,0.75,1.),.UNSPECIFIED.);
#374=B_SPLINE_CURVE_WITH_KNOTS('',3,(#8169,#8170,#8171,#8172),
 .UNSPECIFIED.,.F.,.F.,(4,4),(0.,1.),.UNSPECIFIED.);
#375=B_SPLINE_CURVE_WITH_KNOTS('',3,(#8178,#8179,#8180,#8181,#8182),
 .UNSPECIFIED.,.F.,.F.,(4,1,4),(0.,0.0009526803933136,0.0019053607866272),
 .UNSPECIFIED.);
#376=B_SPLINE_CURVE_WITH_KNOTS('',3,(#8192,#8193,#8194,#8195),
 .UNSPECIFIED.,.F.,.F.,(4,4),(0.,1.),.UNSPECIFIED.);
#377=B_SPLINE_CURVE_WITH_KNOTS('',3,(#8199,#8200,#8201,#8202),
 .UNSPECIFIED.,.F.,.F.,(4,4),(0.,1.),.UNSPECIFIED.);
#378=B_SPLINE_CURVE_WITH_KNOTS('',3,(#8208,#8209,#8210,#8211),
 .UNSPECIFIED.,.F.,.F.,(4,4),(1.08834192039223E-14,0.00144062829579146),
 .UNSPECIFIED.);
#379=B_SPLINE_CURVE_WITH_KNOTS('',3,(#8223,#8224,#8225,#8226),
 .UNSPECIFIED.,.F.,.F.,(4,4),(0.,1.),.UNSPECIFIED.);
#380=B_SPLINE_CURVE_WITH_KNOTS('',3,(#8228,#8229,#8230,#8231),
 .UNSPECIFIED.,.F.,.F.,(4,4),(0.,1.),.UNSPECIFIED.);
#381=B_SPLINE_CURVE_WITH_KNOTS('',3,(#8232,#8233,#8234,#8235),
 .UNSPECIFIED.,.F.,.F.,(4,4),(0.,1.),.UNSPECIFIED.);
#382=B_SPLINE_CURVE_WITH_KNOTS('',3,(#8237,#8238,#8239,#8240),
 .UNSPECIFIED.,.F.,.F.,(4,4),(0.,1.),.UNSPECIFIED.);
#383=B_SPLINE_CURVE_WITH_KNOTS('',3,(#8276,#8277,#8278,#8279,#8280,#8281,
#8282,#8283,#8284,#8285,#8286),.UNSPECIFIED.,.F.,.F.,(4,1,1,1,1,1,1,1,4),
(0.,0.25,0.5,0.625,0.6875,0.75,0.8125,0.875,1.),.UNSPECIFIED.);
#384=B_SPLINE_CURVE_WITH_KNOTS('',3,(#8302,#8303,#8304,#8305),
 .UNSPECIFIED.,.F.,.F.,(4,4),(0.,1.),.UNSPECIFIED.);
#385=B_SPLINE_CURVE_WITH_KNOTS('',3,(#8313,#8314,#8315,#8316),
 .UNSPECIFIED.,.F.,.F.,(4,4),(0.,1.),.UNSPECIFIED.);
#386=B_SPLINE_CURVE_WITH_KNOTS('',3,(#8359,#8360,#8361,#8362,#8363),
 .UNSPECIFIED.,.F.,.F.,(4,1,4),(0.,0.000952745562929957,0.00190549112585991),
 .UNSPECIFIED.);
#387=B_SPLINE_CURVE_WITH_KNOTS('',3,(#8380,#8381,#8382,#8383,#8384),
 .UNSPECIFIED.,.F.,.F.,(4,1,4),(0.,0.000946082337920307,0.00189216467584061),
 .UNSPECIFIED.);
#388=B_SPLINE_CURVE_WITH_KNOTS('',3,(#8400,#8401,#8402,#8403),
 .UNSPECIFIED.,.F.,.F.,(4,4),(1.93267363918226E-12,0.0139634597894219),
 .UNSPECIFIED.);
#389=B_SPLINE_CURVE_WITH_KNOTS('',3,(#8579,#8580,#8581,#8582,#8583,#8584,
#8585,#8586,#8587,#8588,#8589,#8590,#8591,#8592,#8593,#8594,#8595,#8596,
#8597,#8598,#8599,#8600,#8601,#8602,#8603,#8604,#8605,#8606,#8607,#8608,
#8609,#8610,#8611,#8612,#8613),.UNSPECIFIED.,.T.,.F.,(1,1,1,1,1,1,1,1,1,
1,1,1,1,1,1,1,1,1,1,1,1,1,1,1,1,1,1,1,1,1,1,1,1,1,1,1,1,1,1),(-0.128285251336951,
-0.0970372569518994,-0.0657892625668476,3.72190944730733E-10,0.0296875001865607,
0.0593750000009305,0.0905468750004885,0.121718750000047,0.154523437500002,
0.185851171875,0.218065408630371,0.248403270431519,0.278849216976547,0.294072190249062,
0.309295163521576,0.340504960848827,0.371714758176079,0.402962748042441,
0.434210737908804,0.465460637402122,0.49671053689544,0.527960531870106,
0.559210526844772,0.590460526593505,0.621710526342239,0.654523026317112,
0.685851151315856,0.717989304391965,0.748399465219598,0.778847219240289,
0.80929497326098,0.840504860962014,0.871714748663049,0.902962743048101,
0.934210737433152,1.00000000037219,1.02968750018656,1.05937500000093,1.09054687500049),
 .UNSPECIFIED.);
#390=B_SPLINE_CURVE_WITH_KNOTS('',3,(#8619,#8620,#8621,#8622,#8623,#8624,
#8625,#8626,#8627,#8628,#8629,#8630,#8631,#8632,#8633,#8634,#8635,#8636,
#8637),.UNSPECIFIED.,.F.,.F.,(4,1,1,1,1,1,1,1,1,1,1,1,1,1,1,1,4),(0.,0.0625,
0.09375,0.125,0.15625,0.1875,0.21875,0.25,0.28125,0.3125,0.375,0.4375,0.5,
0.5625,0.625,0.75,1.),.UNSPECIFIED.);
#391=B_SPLINE_CURVE_WITH_KNOTS('',3,(#8639,#8640,#8641,#8642),
 .UNSPECIFIED.,.F.,.F.,(4,4),(0.,1.),.UNSPECIFIED.);
#392=B_SPLINE_CURVE_WITH_KNOTS('',3,(#8663,#8664,#8665,#8666),
 .UNSPECIFIED.,.F.,.F.,(4,4),(1.53407175240231E-5,1.),.UNSPECIFIED.);
#393=B_SPLINE_CURVE_WITH_KNOTS('',3,(#8668,#8669,#8670,#8671),
 .UNSPECIFIED.,.F.,.F.,(4,4),(0.,1.),.UNSPECIFIED.);
#394=B_SPLINE_CURVE_WITH_KNOTS('',3,(#8673,#8674,#8675,#8676),
 .UNSPECIFIED.,.F.,.F.,(4,4),(0.,1.),.UNSPECIFIED.);
#395=B_SPLINE_CURVE_WITH_KNOTS('',3,(#8678,#8679,#8680,#8681),
 .UNSPECIFIED.,.F.,.F.,(4,4),(0.,1.),.UNSPECIFIED.);
#396=B_SPLINE_CURVE_WITH_KNOTS('',3,(#8685,#8686,#8687,#8688,#8689,#8690,
#8691,#8692,#8693,#8694,#8695,#8696,#8697,#8698,#8699,#8700,#8701,#8702,
#8703,#8704,#8705),.UNSPECIFIED.,.F.,.F.,(4,1,1,1,1,1,1,1,1,1,1,1,1,1,1,
1,1,1,4),(0.,0.03125,0.046875,0.0625,0.09375,0.125,0.15625,0.1875,0.21875,
0.25,0.28125,0.3125,0.375,0.4375,0.5,0.5625,0.625,0.75,1.),
 .UNSPECIFIED.);
#397=B_SPLINE_CURVE_WITH_KNOTS('',3,(#8707,#8708,#8709,#8710,#8711,#8712,
#8713,#8714,#8715,#8716,#8717,#8718,#8719,#8720,#8721,#8722,#8723,#8724,
#8725,#8726,#8727,#8728,#8729,#8730,#8731,#8732,#8733,#8734,#8735,#8736,
#8737,#8738,#8739,#8740,#8741,#8742,#8743,#8744,#8745,#8746,#8747,#8748,
#8749,#8750,#8751,#8752,#8753,#8754,#8755,#8756,#8757,#8758,#8759,#8760,
#8761,#8762,#8763,#8764,#8765,#8766,#8767,#8768,#8769),.UNSPECIFIED.,.T.,
 .F.,(1,1,1,1,1,1,1,1,1,1,1,1,1,1,1,1,1,1,1,1,1,1,1,1,1,1,1,1,1,1,1,1,1,
1,1,1,1,1,1,1,1,1,1,1,1,1,1,1,1,1,1,1,1,1,1,1,1,1,1,1,1,1,1,1,1,1,1),(-0.0969962996119449,
-0.0657853618678043,-0.0328926809339021,0.,0.059375,0.090546875,0.1061328125,
0.12171875,0.15296484375,0.168587890625,0.1842109375,0.188312451171875,
0.19241396484375,0.2006169921875,0.20882001953125,0.217023046875,0.220939060058594,
0.224855073242188,0.232687099609375,0.24835115234375,0.263978104980469,
0.271791581298828,0.279605057617187,0.283511332025146,0.287417606433105,
0.295230155249023,0.310855252880859,0.326089630321655,0.341324007762451,
0.371792762644043,0.403003700388122,0.434214638132202,0.465462685019406,
0.49671073190661,0.55921053659533,0.590460531712549,0.606085529271158,0.621710526829767,
0.652960526585627,0.668585526463558,0.684210526341488,0.688312088838437,
0.692413651335385,0.700616776329281,0.708819901323178,0.717023026317074,
0.720939041941922,0.724855057566769,0.732687088816464,0.748351151315854,
0.763978104440823,0.771791581003308,0.779605057565793,0.783511331979855,
0.787417606393917,0.795230155222041,0.81085525287829,0.826089630319696,
0.841324007761102,0.871792762643914,0.903003700388055,0.934214638132196,
0.967107319066098,1.,1.059375,1.090546875,1.1061328125),.UNSPECIFIED.);
#398=B_SPLINE_CURVE_WITH_KNOTS('',3,(#8780,#8781,#8782,#8783),
 .UNSPECIFIED.,.F.,.F.,(4,4),(0.,1.),.UNSPECIFIED.);
#399=B_SPLINE_CURVE_WITH_KNOTS('',3,(#8790,#8791,#8792,#8793),
 .UNSPECIFIED.,.F.,.F.,(4,4),(0.,0.999989340013749),.UNSPECIFIED.);
#400=B_SPLINE_CURVE_WITH_KNOTS('',3,(#8797,#8798,#8799,#8800,#8801,#8802,
#8803,#8804,#8805),.UNSPECIFIED.,.F.,.F.,(4,1,1,1,1,1,4),(0.,0.25,0.5,0.625,
0.75,0.875,1.),.UNSPECIFIED.);
#401=B_SPLINE_CURVE_WITH_KNOTS('',3,(#8838,#8839,#8840,#8841,#8842,#8843,
#8844,#8845,#8846,#8847,#8848,#8849,#8850,#8851,#8852,#8853,#8854,#8855,
#8856,#8857,#8858,#8859,#8860,#8861,#8862,#8863,#8864,#8865),
 .UNSPECIFIED.,.F.,.F.,(4,1,1,1,1,1,1,1,1,1,1,1,1,1,1,1,1,1,1,1,1,1,1,1,
1,4),(0.,0.0625,0.09375,0.125,0.15625,0.1875,0.21875,0.25,0.28125,0.3125,
0.375,0.4375,0.46875,0.5,0.53125,0.5625,0.625,0.6875,0.71875,0.734375,0.75,
0.765625,0.78125,0.8125,0.875,1.),.UNSPECIFIED.);
#402=B_SPLINE_CURVE_WITH_KNOTS('',3,(#8867,#8868,#8869,#8870),
 .UNSPECIFIED.,.F.,.F.,(4,4),(0.,1.),.UNSPECIFIED.);
#403=B_SPLINE_CURVE_WITH_KNOTS('',3,(#8872,#8873,#8874,#8875,#8876,#8877,
#8878,#8879,#8880,#8881,#8882,#8883,#8884,#8885,#8886,#8887,#8888,#8889,
#8890,#8891,#8892,#8893,#8894,#8895,#8896),.UNSPECIFIED.,.F.,.F.,(4,1,1,
1,1,1,1,1,1,1,1,1,1,1,1,1,1,1,1,1,1,1,4),(0.,0.0625,0.125,0.1875,0.21875,
0.234375,0.25,0.265625,0.28125,0.3125,0.375,0.4375,0.46875,0.484375,0.5,
0.515625,0.53125,0.5625,0.625,0.6875,0.75,0.875,1.),.UNSPECIFIED.);
#404=B_SPLINE_CURVE_WITH_KNOTS('',3,(#8898,#8899,#8900,#8901),
 .UNSPECIFIED.,.F.,.F.,(4,4),(1.55400630446897E-17,9.05962475439653E-5),
 .UNSPECIFIED.);
#405=B_SPLINE_CURVE_WITH_KNOTS('',3,(#8907,#8908,#8909,#8910),
 .UNSPECIFIED.,.F.,.F.,(4,4),(0.,1.),.UNSPECIFIED.);
#406=B_SPLINE_CURVE_WITH_KNOTS('',3,(#8970,#8971,#8972,#8973,#8974),
 .UNSPECIFIED.,.F.,.F.,(4,1,4),(0.,0.5,1.),.UNSPECIFIED.);
#407=B_SPLINE_CURVE_WITH_KNOTS('',3,(#8977,#8978,#8979,#8980),
 .UNSPECIFIED.,.F.,.F.,(4,4),(0.,1.),.UNSPECIFIED.);
#408=B_SPLINE_CURVE_WITH_KNOTS('',3,(#8981,#8982,#8983,#8984,#8985),
 .UNSPECIFIED.,.F.,.F.,(4,1,4),(0.,0.5,1.),.UNSPECIFIED.);
#409=B_SPLINE_CURVE_WITH_KNOTS('',3,(#8989,#8990,#8991,#8992),
 .UNSPECIFIED.,.F.,.F.,(4,4),(0.,1.),.UNSPECIFIED.);
#410=B_SPLINE_CURVE_WITH_KNOTS('',3,(#8996,#8997,#8998,#8999),
 .UNSPECIFIED.,.F.,.F.,(4,4),(0.,1.),.UNSPECIFIED.);
#411=B_SPLINE_CURVE_WITH_KNOTS('',3,(#9006,#9007,#9008,#9009,#9010,#9011,
#9012,#9013,#9014),.UNSPECIFIED.,.F.,.F.,(4,1,1,1,1,1,4),(0.,0.25,0.375,
0.5,0.625,0.75,1.),.UNSPECIFIED.);
#412=B_SPLINE_CURVE_WITH_KNOTS('',3,(#9015,#9016,#9017,#9018,#9019,#9020,
#9021,#9022,#9023),.UNSPECIFIED.,.F.,.F.,(4,1,1,1,1,1,4),(0.,0.25,0.375,
0.5,0.625,0.75,1.),.UNSPECIFIED.);
#413=B_SPLINE_CURVE_WITH_KNOTS('',3,(#9033,#9034,#9035,#9036),
 .UNSPECIFIED.,.F.,.F.,(4,4),(0.,1.),.UNSPECIFIED.);
#414=B_SPLINE_CURVE_WITH_KNOTS('',3,(#9038,#9039,#9040,#9041),
 .UNSPECIFIED.,.F.,.F.,(4,4),(0.,1.),.UNSPECIFIED.);
#415=B_SPLINE_CURVE_WITH_KNOTS('',3,(#9042,#9043,#9044,#9045),
 .UNSPECIFIED.,.F.,.F.,(4,4),(0.,1.),.UNSPECIFIED.);
#416=B_SPLINE_CURVE_WITH_KNOTS('',3,(#9047,#9048,#9049,#9050),
 .UNSPECIFIED.,.F.,.F.,(4,4),(0.,1.),.UNSPECIFIED.);
#417=B_SPLINE_CURVE_WITH_KNOTS('',3,(#9107,#9108,#9109,#9110,#9111),
 .UNSPECIFIED.,.F.,.F.,(4,1,4),(0.,0.5,1.),.UNSPECIFIED.);
#418=B_SPLINE_CURVE_WITH_KNOTS('',3,(#9114,#9115,#9116,#9117),
 .UNSPECIFIED.,.F.,.F.,(4,4),(0.,1.),.UNSPECIFIED.);
#419=B_SPLINE_CURVE_WITH_KNOTS('',3,(#9118,#9119,#9120,#9121,#9122),
 .UNSPECIFIED.,.F.,.F.,(4,1,4),(0.,0.5,1.),.UNSPECIFIED.);
#420=B_SPLINE_CURVE_WITH_KNOTS('',3,(#9126,#9127,#9128,#9129),
 .UNSPECIFIED.,.F.,.F.,(4,4),(0.,1.),.UNSPECIFIED.);
#421=B_SPLINE_CURVE_WITH_KNOTS('',3,(#9133,#9134,#9135,#9136),
 .UNSPECIFIED.,.F.,.F.,(4,4),(0.,1.),.UNSPECIFIED.);
#422=B_SPLINE_CURVE_WITH_KNOTS('',3,(#9143,#9144,#9145,#9146,#9147,#9148,
#9149,#9150,#9151),.UNSPECIFIED.,.F.,.F.,(4,1,1,1,1,1,4),(0.,0.25,0.375,
0.5,0.625,0.75,1.),.UNSPECIFIED.);
#423=B_SPLINE_CURVE_WITH_KNOTS('',3,(#9152,#9153,#9154,#9155,#9156,#9157,
#9158,#9159,#9160),.UNSPECIFIED.,.F.,.F.,(4,1,1,1,1,1,4),(0.,0.25,0.375,
0.5,0.625,0.75,1.),.UNSPECIFIED.);
#424=B_SPLINE_CURVE_WITH_KNOTS('',3,(#9168,#9169,#9170,#9171),
 .UNSPECIFIED.,.F.,.F.,(4,4),(0.,1.),.UNSPECIFIED.);
#425=B_SPLINE_CURVE_WITH_KNOTS('',3,(#9173,#9174,#9175,#9176),
 .UNSPECIFIED.,.F.,.F.,(4,4),(0.,1.),.UNSPECIFIED.);
#426=B_SPLINE_CURVE_WITH_KNOTS('',3,(#9177,#9178,#9179,#9180),
 .UNSPECIFIED.,.F.,.F.,(4,4),(0.,1.),.UNSPECIFIED.);
#427=B_SPLINE_CURVE_WITH_KNOTS('',3,(#9182,#9183,#9184,#9185),
 .UNSPECIFIED.,.F.,.F.,(4,4),(0.,1.),.UNSPECIFIED.);
#428=B_SPLINE_CURVE_WITH_KNOTS('',3,(#9440,#9441,#9442,#9443,#9444,#9445,
#9446,#9447,#9448,#9449,#9450,#9451,#9452,#9453,#9454,#9455,#9456,#9457,
#9458,#9459,#9460,#9461,#9462,#9463,#9464,#9465,#9466,#9467,#9468,#9469,
#9470,#9471,#9472,#9473,#9474),.UNSPECIFIED.,.T.,.F.,(1,1,1,1,1,1,1,1,1,
1,1,1,1,1,1,1,1,1,1,1,1,1,1,1,1,1,1,1,1,1,1,1,1,1,1,1,1,1,1),(-0.0953949419202303,
-0.0641447470960115,-0.0328947373548006,0.,0.0296875,0.060859375,0.09210546875,
0.1233552734375,0.154605263671875,0.185855263183594,0.216324013171387,0.24679276315918,
0.278003700658569,0.309214638157959,0.342023231907898,0.373351161595395,
0.40460505807977,0.435855252903988,0.467105262645199,0.49835526313226,0.529605263156613,
0.560855263157831,0.592105263157892,0.623355263157895,0.654605263157895,
0.685855263157895,0.716324013157895,0.746792763157895,0.778003700657895,
0.809214638157895,0.842023231907895,0.873351161595395,0.90460505807977,
0.935855252903989,0.967105262645199,1.,1.0296875,1.060859375,1.09210546875),
 .UNSPECIFIED.);
#429=B_SPLINE_CURVE_WITH_KNOTS('',3,(#9508,#9509,#9510,#9511),
 .UNSPECIFIED.,.F.,.F.,(4,4),(0.,1.),.PIECEWISE_BEZIER_KNOTS.);
#430=B_SPLINE_CURVE_WITH_KNOTS('',3,(#9513,#9514,#9515,#9516),
 .UNSPECIFIED.,.F.,.F.,(4,4),(0.,1.),.UNSPECIFIED.);
#431=B_SPLINE_CURVE_WITH_KNOTS('',3,(#9518,#9519,#9520,#9521),
 .UNSPECIFIED.,.F.,.F.,(4,4),(1.73472347597681E-18,0.000763774816767102),
 .UNSPECIFIED.);
#432=B_SPLINE_CURVE_WITH_KNOTS('',3,(#9538,#9539,#9540,#9541,#9542,#9543,
#9544),.UNSPECIFIED.,.F.,.F.,(4,3,4),(-0.01,0.,1.),
 .PIECEWISE_BEZIER_KNOTS.);
#433=B_SPLINE_CURVE_WITH_KNOTS('',3,(#9546,#9547,#9548,#9549),
 .UNSPECIFIED.,.F.,.F.,(4,4),(0.,1.),.UNSPECIFIED.);
#434=B_SPLINE_CURVE_WITH_KNOTS('',3,(#9578,#9579,#9580,#9581,#9582,#9583,
#9584,#9585,#9586,#9587,#9588,#9589,#9590),.UNSPECIFIED.,.F.,.F.,(4,1,1,
1,1,1,1,1,1,1,4),(0.,0.0625,0.125,0.1875,0.25,0.3125,0.375,0.5,0.625,0.75,
1.),.UNSPECIFIED.);
#435=B_SPLINE_CURVE_WITH_KNOTS('',3,(#9611,#9612,#9613,#9614,#9615),
 .UNSPECIFIED.,.F.,.F.,(4,1,4),(0.,0.5,1.),.UNSPECIFIED.);
#436=B_SPLINE_CURVE_WITH_KNOTS('',3,(#9644,#9645,#9646,#9647),
 .UNSPECIFIED.,.F.,.F.,(4,4),(0.,1.),.UNSPECIFIED.);
#437=B_SPLINE_CURVE_WITH_KNOTS('',3,(#9649,#9650,#9651,#9652,#9653,#9654,
#9655,#9656,#9657,#9658,#9659,#9660,#9661,#9662,#9663,#9664),
 .UNSPECIFIED.,.F.,.F.,(4,1,1,1,1,1,1,1,1,1,1,1,1,4),(0.,0.125,0.25,0.375,
0.4375,0.46875,0.5,0.53125,0.5625,0.625,0.6875,0.75,0.875,1.),
 .UNSPECIFIED.);
#438=B_SPLINE_CURVE_WITH_KNOTS('',3,(#9666,#9667,#9668,#9669),
 .UNSPECIFIED.,.F.,.F.,(4,4),(0.,1.),.UNSPECIFIED.);
#439=B_SPLINE_CURVE_WITH_KNOTS('',3,(#9756,#9757,#9758,#9759,#9760,#9761,
#9762,#9763,#9764,#9765,#9766,#9767,#9768),.UNSPECIFIED.,.F.,.F.,(4,1,1,
1,1,1,1,1,1,1,4),(0.,0.0625,0.125,0.25,0.375,0.5,0.625,0.75,0.875,0.9375,
1.),.UNSPECIFIED.);
#440=B_SPLINE_CURVE_WITH_KNOTS('',3,(#9803,#9804,#9805,#9806,#9807,#9808,
#9809,#9810,#9811,#9812,#9813,#9814,#9815,#9816,#9817,#9818,#9819,#9820,
#9821,#9822,#9823,#9824,#9825,#9826,#9827,#9828,#9829),.UNSPECIFIED.,.F.,
 .F.,(4,1,1,1,1,1,1,1,1,1,1,1,1,1,1,1,1,1,1,1,1,1,1,1,4),(0.,0.125,0.1875,
0.21875,0.234375,0.25,0.265625,0.28125,0.3125,0.375,0.4375,0.46875,0.484375,
0.5,0.515625,0.53125,0.5625,0.625,0.6875,0.71875,0.75,0.78125,0.8125,0.875,
1.),.UNSPECIFIED.);
#441=B_SPLINE_CURVE_WITH_KNOTS('',3,(#9848,#9849,#9850,#9851,#9852),
 .UNSPECIFIED.,.F.,.F.,(4,1,4),(0.,0.5,1.),.UNSPECIFIED.);
#442=B_SPLINE_CURVE_WITH_KNOTS('',3,(#9856,#9857,#9858,#9859,#9860),
 .UNSPECIFIED.,.F.,.F.,(4,1,4),(0.,0.5,1.),.UNSPECIFIED.);
#443=B_SPLINE_CURVE_WITH_KNOTS('',3,(#9903,#9904,#9905,#9906,#9907,#9908,
#9909,#9910,#9911,#9912,#9913,#9914,#9915,#9916),.UNSPECIFIED.,.F.,.F.,
(4,1,1,1,1,1,1,1,1,1,1,4),(0.,0.125,0.25,0.375,0.5,0.625,0.6875,0.75,0.8125,
0.875,0.9375,1.),.UNSPECIFIED.);
#444=B_SPLINE_CURVE_WITH_KNOTS('',3,(#9918,#9919,#9920,#9921,#9922,#9923,
#9924,#9925,#9926,#9927,#9928),.UNSPECIFIED.,.F.,.F.,(4,1,1,1,1,1,1,1,4),
(0.,0.125,0.1875,0.25,0.3125,0.375,0.5,0.75,1.),.UNSPECIFIED.);
#445=B_SPLINE_CURVE_WITH_KNOTS('',3,(#9930,#9931,#9932,#9933),
 .UNSPECIFIED.,.F.,.F.,(4,4),(0.,1.),.PIECEWISE_BEZIER_KNOTS.);
#446=B_SPLINE_CURVE_WITH_KNOTS('',3,(#9935,#9936,#9937,#9938),
 .UNSPECIFIED.,.F.,.F.,(4,4),(5.5295457689834E-12,1.70810458914475E-5),
 .UNSPECIFIED.);
#447=B_SPLINE_CURVE_WITH_KNOTS('',3,(#9961,#9962,#9963,#9964,#9965),
 .UNSPECIFIED.,.F.,.F.,(4,1,4),(0.,0.5,1.),.QUASI_UNIFORM_KNOTS.);
#448=B_SPLINE_CURVE_WITH_KNOTS('',3,(#9967,#9968,#9969,#9970),
 .UNSPECIFIED.,.F.,.F.,(4,4),(0.,1.),.UNSPECIFIED.);
#449=B_SPLINE_CURVE_WITH_KNOTS('',3,(#9988,#9989,#9990,#9991),
 .UNSPECIFIED.,.F.,.F.,(4,4),(0.,1.),.UNSPECIFIED.);
#450=B_SPLINE_CURVE_WITH_KNOTS('',3,(#10050,#10051,#10052,#10053,#10054,
#10055,#10056,#10057,#10058,#10059,#10060,#10061,#10062,#10063,#10064,#10065,
#10066,#10067,#10068,#10069,#10070,#10071,#10072,#10073,#10074,#10075,#10076,
#10077,#10078,#10079,#10080),.UNSPECIFIED.,.F.,.F.,(4,1,1,1,1,1,1,1,1,1,
1,1,1,1,1,1,1,1,1,1,1,1,1,1,1,1,1,1,4),(0.,0.0625,0.125,0.1875,0.21875,
0.234375,0.25,0.265625,0.28125,0.3125,0.375,0.4375,0.46875,0.5,0.53125,
0.5625,0.625,0.6875,0.71875,0.75,0.78125,0.8125,0.84375,0.875,0.90625,0.9375,
0.953125,0.96875,1.),.UNSPECIFIED.);
#451=B_SPLINE_CURVE_WITH_KNOTS('',3,(#10082,#10083,#10084,#10085,#10086),
 .UNSPECIFIED.,.F.,.F.,(4,1,4),(0.,0.5,1.),.QUASI_UNIFORM_KNOTS.);
#452=B_SPLINE_CURVE_WITH_KNOTS('',3,(#10107,#10108,#10109,#10110),
 .UNSPECIFIED.,.F.,.F.,(4,4),(0.,1.),.UNSPECIFIED.);
#453=B_SPLINE_CURVE_WITH_KNOTS('',3,(#10158,#10159,#10160,#10161),
 .UNSPECIFIED.,.F.,.F.,(4,4),(0.,0.00177602368620976),.UNSPECIFIED.);
#454=B_SPLINE_CURVE_WITH_KNOTS('',3,(#10163,#10164,#10165,#10166),
 .UNSPECIFIED.,.F.,.F.,(4,4),(0.,1.),.UNSPECIFIED.);
#455=B_SPLINE_CURVE_WITH_KNOTS('',3,(#10168,#10169,#10170,#10171),
 .UNSPECIFIED.,.F.,.F.,(4,4),(0.,0.00356218435587135),.UNSPECIFIED.);
#456=B_SPLINE_CURVE_WITH_KNOTS('',3,(#10175,#10176,#10177,#10178,#10179,
#10180,#10181,#10182,#10183,#10184,#10185,#10186,#10187,#10188,#10189),
 .UNSPECIFIED.,.F.,.F.,(4,1,1,1,1,1,1,1,1,1,1,1,4),(0.,0.125,0.25,0.3125,
0.375,0.4375,0.46875,0.5,0.53125,0.5625,0.625,0.75,1.),.UNSPECIFIED.);
#457=B_SPLINE_CURVE_WITH_KNOTS('',3,(#10218,#10219,#10220,#10221),
 .UNSPECIFIED.,.F.,.F.,(4,4),(0.,1.),.UNSPECIFIED.);
#458=B_SPLINE_CURVE_WITH_KNOTS('',3,(#10223,#10224,#10225,#10226),
 .UNSPECIFIED.,.F.,.F.,(4,4),(0.,1.),.UNSPECIFIED.);
#459=B_SPLINE_CURVE_WITH_KNOTS('',3,(#10273,#10274,#10275,#10276),
 .UNSPECIFIED.,.F.,.F.,(4,4),(0.,1.),.UNSPECIFIED.);
#460=B_SPLINE_CURVE_WITH_KNOTS('',3,(#10297,#10298,#10299,#10300),
 .UNSPECIFIED.,.F.,.F.,(4,4),(0.,1.),.UNSPECIFIED.);
#461=B_SPLINE_CURVE_WITH_KNOTS('',3,(#10308,#10309,#10310,#10311),
 .UNSPECIFIED.,.F.,.F.,(4,4),(0.,1.),.UNSPECIFIED.);
#462=B_SPLINE_CURVE_WITH_KNOTS('',3,(#10313,#10314,#10315,#10316),
 .UNSPECIFIED.,.F.,.F.,(4,4),(0.,2.10490911499072E-5),.UNSPECIFIED.);
#463=B_SPLINE_CURVE_WITH_KNOTS('',3,(#10564,#10565,#10566,#10567,#10568,
#10569,#10570,#10571,#10572,#10573,#10574,#10575,#10576,#10577,#10578,#10579,
#10580,#10581,#10582,#10583,#10584,#10585,#10586,#10587,#10588,#10589,#10590,
#10591,#10592,#10593,#10594,#10595,#10596,#10597,#10598),.UNSPECIFIED.,
 .T.,.F.,(1,1,1,1,1,1,1,1,1,1,1,1,1,1,1,1,1,1,1,1,1,1,1,1,1,1,1,1,1,1,1,
1,1,1,1,1,1,1,1),(-0.0953949419202303,-0.0641447470960115,-0.0328947373548006,
0.,0.0296875,0.060859375,0.09210546875,0.1233552734375,0.154605263671875,
0.185855263183594,0.216324013171387,0.24679276315918,0.278003700658569,
0.309214638157959,0.342023231907898,0.373351161595395,0.40460505807977,
0.435855252903988,0.467105262645199,0.49835526313226,0.529605263156613,
0.560855263157831,0.592105263157892,0.623355263157895,0.654605263157895,
0.685855263157895,0.716324013157895,0.746792763157895,0.778003700657895,
0.809214638157895,0.842023231907895,0.873351161595395,0.90460505807977,
0.935855252903989,0.967105262645199,1.,1.0296875,1.060859375,1.09210546875),
 .UNSPECIFIED.);
#464=B_SPLINE_CURVE_WITH_KNOTS('',3,(#10601,#10602,#10603,#10604),
 .UNSPECIFIED.,.F.,.F.,(4,4),(0.,1.),.UNSPECIFIED.);
#465=B_SPLINE_CURVE_WITH_KNOTS('',3,(#10649,#10650,#10651,#10652),
 .UNSPECIFIED.,.F.,.F.,(4,4),(0.,1.),.UNSPECIFIED.);
#466=B_SPLINE_CURVE_WITH_KNOTS('',3,(#10654,#10655,#10656,#10657),
 .UNSPECIFIED.,.F.,.F.,(4,4),(0.,1.),.UNSPECIFIED.);
#467=B_SPLINE_CURVE_WITH_KNOTS('',3,(#10659,#10660,#10661,#10662,#10663,
#10664,#10665,#10666,#10667,#10668,#10669,#10670,#10671,#10672,#10673),
 .UNSPECIFIED.,.F.,.F.,(4,1,1,1,1,1,1,1,1,1,1,1,4),(0.,0.25,0.375,0.4375,
0.46875,0.5,0.53125,0.5625,0.625,0.75,0.8125,0.875,1.),.UNSPECIFIED.);
#468=B_SPLINE_CURVE_WITH_KNOTS('',3,(#10677,#10678,#10679,#10680,#10681,
#10682,#10683,#10684,#10685,#10686,#10687,#10688,#10689,#10690,#10691),
 .UNSPECIFIED.,.F.,.F.,(4,1,1,1,1,1,1,1,1,1,1,1,4),(0.,0.125,0.25,0.3125,
0.375,0.4375,0.46875,0.5,0.53125,0.5625,0.625,0.75,1.),.UNSPECIFIED.);
#469=B_SPLINE_CURVE_WITH_KNOTS('',3,(#10720,#10721,#10722,#10723),
 .UNSPECIFIED.,.F.,.F.,(4,4),(0.,1.),.UNSPECIFIED.);
#470=B_SPLINE_CURVE_WITH_KNOTS('',3,(#10725,#10726,#10727,#10728),
 .UNSPECIFIED.,.F.,.F.,(4,4),(0.,1.),.UNSPECIFIED.);
#471=B_SPLINE_CURVE_WITH_KNOTS('',3,(#10770,#10771,#10772,#10773),
 .UNSPECIFIED.,.F.,.F.,(4,4),(0.,1.),.UNSPECIFIED.);
#472=B_SPLINE_CURVE_WITH_KNOTS('',3,(#10775,#10776,#10777,#10778),
 .UNSPECIFIED.,.F.,.F.,(4,4),(0.,1.),.UNSPECIFIED.);
#473=B_SPLINE_CURVE_WITH_KNOTS('',3,(#10780,#10781,#10782,#10783,#10784,
#10785,#10786,#10787,#10788,#10789,#10790,#10791,#10792,#10793,#10794),
 .UNSPECIFIED.,.F.,.F.,(4,1,1,1,1,1,1,1,1,1,1,1,4),(0.,0.25,0.375,0.4375,
0.46875,0.5,0.53125,0.5625,0.625,0.75,0.8125,0.875,1.),.UNSPECIFIED.);
#474=B_SPLINE_CURVE_WITH_KNOTS('',3,(#10798,#10799,#10800,#10801,#10802,
#10803,#10804,#10805,#10806,#10807,#10808,#10809,#10810,#10811,#10812),
 .UNSPECIFIED.,.F.,.F.,(4,1,1,1,1,1,1,1,1,1,1,1,4),(0.,0.125,0.25,0.3125,
0.375,0.4375,0.46875,0.5,0.53125,0.5625,0.625,0.75,1.),.UNSPECIFIED.);
#475=B_SPLINE_CURVE_WITH_KNOTS('',3,(#10841,#10842,#10843,#10844),
 .UNSPECIFIED.,.F.,.F.,(4,4),(0.,1.),.UNSPECIFIED.);
#476=B_SPLINE_CURVE_WITH_KNOTS('',3,(#10846,#10847,#10848,#10849),
 .UNSPECIFIED.,.F.,.F.,(4,4),(0.,1.),.UNSPECIFIED.);
#477=B_SPLINE_CURVE_WITH_KNOTS('',3,(#10866,#10867,#10868,#10869),
 .UNSPECIFIED.,.F.,.F.,(4,4),(1.29580096394143E-8,0.999999288767125),
 .UNSPECIFIED.);
#478=B_SPLINE_CURVE_WITH_KNOTS('',3,(#10871,#10872,#10873,#10874),
 .UNSPECIFIED.,.F.,.F.,(4,4),(1.24187244672069E-14,0.0017564010351167),
 .UNSPECIFIED.);
#479=B_SPLINE_CURVE_WITH_KNOTS('',3,(#10880,#10881,#10882,#10883,#10884,
#10885,#10886,#10887,#10888,#10889,#10890,#10891),.UNSPECIFIED.,.F.,.F.,
(4,1,1,1,1,1,1,1,1,4),(6.81722931291138E-7,0.250000511292198,0.375000426076832,
0.500000340861466,0.625000255646099,0.687500213038416,0.750000170430733,
0.81250012782305,0.875000085215366,1.),.UNSPECIFIED.);
#480=B_SPLINE_CURVE_WITH_KNOTS('',3,(#10908,#10909,#10910,#10911,#10912,
#10913,#10914,#10915,#10916,#10917,#10918,#10919,#10920,#10921,#10922,#10923,
#10924,#10925,#10926,#10927,#10928,#10929),.UNSPECIFIED.,.F.,.F.,(4,1,1,
1,1,1,1,1,1,1,1,1,1,1,1,1,1,1,1,4),(0.,0.25,0.375,0.4375,0.5,0.5625,0.59375,
0.625,0.65625,0.6875,0.71875,0.734375,0.75,0.765625,0.78125,0.8125,0.875,
0.90625,0.9375,1.),.UNSPECIFIED.);
#481=B_SPLINE_CURVE_WITH_KNOTS('',3,(#10950,#10951,#10952,#10953,#10954,
#10955,#10956,#10957,#10958,#10959,#10960,#10961,#10962,#10963,#10964,#10965,
#10966,#10967,#10968,#10969,#10970,#10971),.UNSPECIFIED.,.F.,.F.,(4,1,1,
1,1,1,1,1,1,1,1,1,1,1,1,1,1,1,1,4),(0.,0.03125,0.0625,0.09375,0.125,0.15625,
0.1875,0.21875,0.25,0.28125,0.3125,0.34375,0.375,0.40625,0.4375,0.5,0.5625,
0.625,0.75,1.),.UNSPECIFIED.);
#482=B_SPLINE_CURVE_WITH_KNOTS('',3,(#10994,#10995,#10996,#10997),
 .UNSPECIFIED.,.F.,.F.,(4,4),(0.,1.),.PIECEWISE_BEZIER_KNOTS.);
#483=B_SPLINE_CURVE_WITH_KNOTS('',3,(#10999,#11000,#11001,#11002),
 .UNSPECIFIED.,.F.,.F.,(4,4),(0.,1.),.UNSPECIFIED.);
#484=B_SPLINE_CURVE_WITH_KNOTS('',3,(#11006,#11007,#11008,#11009,#11010,
#11011,#11012,#11013,#11014,#11015,#11016,#11017),.UNSPECIFIED.,.F.,.F.,
(4,1,1,1,1,1,1,1,1,4),(0.,0.125,0.1875,0.25,0.3125,0.375,0.5,0.625,0.75,
1.),.UNSPECIFIED.);
#485=B_SPLINE_CURVE_WITH_KNOTS('',3,(#11079,#11080,#11081,#11082),
 .UNSPECIFIED.,.F.,.F.,(4,4),(9.82116607253392E-8,1.),.UNSPECIFIED.);
#486=B_SPLINE_CURVE_WITH_KNOTS('',3,(#11083,#11084,#11085,#11086),
 .UNSPECIFIED.,.F.,.F.,(4,4),(0.,0.00177995541263825),.UNSPECIFIED.);
#487=B_SPLINE_CURVE_WITH_KNOTS('',3,(#11088,#11089,#11090,#11091),
 .UNSPECIFIED.,.F.,.F.,(4,4),(0.,1.),.UNSPECIFIED.);
#488=B_SPLINE_CURVE_WITH_KNOTS('',3,(#11106,#11107,#11108,#11109,#11110,
#11111,#11112),.UNSPECIFIED.,.F.,.F.,(4,1,1,1,4),(0.,0.25,0.5,0.75,1.),
 .UNSPECIFIED.);
#489=B_SPLINE_CURVE_WITH_KNOTS('',3,(#11131,#11132,#11133,#11134,#11135,
#11136,#11137,#11138,#11139,#11140,#11141),.UNSPECIFIED.,.F.,.F.,(4,1,1,
1,1,1,1,1,4),(0.,0.125,0.25,0.5,0.625,0.6875,0.75,0.875,1.),
 .UNSPECIFIED.);
#490=B_SPLINE_CURVE_WITH_KNOTS('',3,(#11162,#11163,#11164,#11165,#11166,
#11167,#11168,#11169,#11170,#11171,#11172,#11173),.UNSPECIFIED.,.F.,.F.,
(4,1,1,1,1,1,1,1,1,4),(0.,0.125,0.1875,0.25,0.3125,0.375,0.5,0.75,0.875,
1.),.UNSPECIFIED.);
#491=B_SPLINE_CURVE_WITH_KNOTS('',3,(#11184,#11185,#11186,#11187,#11188,
#11189,#11190),.UNSPECIFIED.,.F.,.F.,(4,1,1,1,4),(0.,0.25,0.5,0.75,1.),
 .UNSPECIFIED.);
#492=B_SPLINE_CURVE_WITH_KNOTS('',3,(#11192,#11193,#11194,#11195),
 .UNSPECIFIED.,.F.,.F.,(4,4),(2.04856639492387E-6,1.),.UNSPECIFIED.);
#493=B_SPLINE_CURVE_WITH_KNOTS('',3,(#11236,#11237,#11238,#11239),
 .UNSPECIFIED.,.F.,.F.,(4,4),(0.,1.),.UNSPECIFIED.);
#494=B_SPLINE_CURVE_WITH_KNOTS('',3,(#11265,#11266,#11267,#11268),
 .UNSPECIFIED.,.F.,.F.,(4,4),(0.,1.),.UNSPECIFIED.);
#495=B_SPLINE_CURVE_WITH_KNOTS('',3,(#11270,#11271,#11272,#11273,#11274,
#11275,#11276,#11277,#11278,#11279,#11280,#11281,#11282,#11283,#11284,#11285,
#11286,#11287,#11288),.UNSPECIFIED.,.F.,.F.,(4,1,1,1,1,1,1,1,1,1,1,1,1,
1,1,1,4),(0.,0.25,0.375,0.4375,0.5,0.5625,0.625,0.6875,0.71875,0.75,0.78125,
0.8125,0.84375,0.875,0.90625,0.9375,1.),.UNSPECIFIED.);
#496=B_SPLINE_CURVE_WITH_KNOTS('',3,(#11292,#11293,#11294,#11295),
 .UNSPECIFIED.,.F.,.F.,(4,4),(0.,1.),.UNSPECIFIED.);
#497=B_SPLINE_CURVE_WITH_KNOTS('',3,(#11386,#11387,#11388,#11389),
 .UNSPECIFIED.,.F.,.F.,(4,4),(0.,0.999994472850246),.UNSPECIFIED.);
#498=B_SPLINE_CURVE_WITH_KNOTS('',3,(#11391,#11392,#11393,#11394,#11395,
#11396,#11397,#11398,#11399,#11400,#11401,#11402,#11403,#11404,#11405),
 .UNSPECIFIED.,.F.,.F.,(4,1,1,1,1,1,1,1,1,1,1,1,4),(0.,0.0625,0.125,0.25,
0.3125,0.375,0.5,0.625,0.6875,0.75,0.875,0.9375,1.),.UNSPECIFIED.);
#499=B_SPLINE_CURVE_WITH_KNOTS('',3,(#11407,#11408,#11409,#11410),
 .UNSPECIFIED.,.F.,.F.,(4,4),(5.45853931555589E-6,1.),.UNSPECIFIED.);
#500=B_SPLINE_CURVE_WITH_KNOTS('',3,(#11415,#11416,#11417,#11418),
 .UNSPECIFIED.,.F.,.F.,(4,4),(0.,1.),.UNSPECIFIED.);
#501=B_SPLINE_CURVE_WITH_KNOTS('',3,(#11420,#11421,#11422,#11423),
 .UNSPECIFIED.,.F.,.F.,(4,4),(0.,1.),.UNSPECIFIED.);
#502=B_SPLINE_CURVE_WITH_KNOTS('',3,(#11425,#11426,#11427,#11428),
 .UNSPECIFIED.,.F.,.F.,(4,4),(0.,1.),.UNSPECIFIED.);
#503=B_SPLINE_CURVE_WITH_KNOTS('',3,(#11445,#11446,#11447,#11448,#11449,
#11450,#11451,#11452,#11453,#11454,#11455,#11456,#11457,#11458,#11459,#11460,
#11461,#11462,#11463,#11464,#11465,#11466,#11467),.UNSPECIFIED.,.F.,.F.,
(4,1,1,1,1,1,1,1,1,1,1,1,1,1,1,1,1,1,1,1,4),(0.,0.25,0.3125,0.375,0.4375,
0.5,0.5625,0.625,0.6875,0.71875,0.75,0.78125,0.8125,0.84375,0.859375,0.875,
0.890625,0.90625,0.9375,0.96875,1.),.UNSPECIFIED.);
#504=B_SPLINE_CURVE_WITH_KNOTS('',3,(#11469,#11470,#11471,#11472),
 .UNSPECIFIED.,.F.,.F.,(4,4),(0.,1.),.UNSPECIFIED.);
#505=B_SPLINE_CURVE_WITH_KNOTS('',3,(#11487,#11488,#11489,#11490),
 .UNSPECIFIED.,.F.,.F.,(4,4),(0.,1.),.UNSPECIFIED.);
#506=B_SPLINE_CURVE_WITH_KNOTS('',3,(#11492,#11493,#11494,#11495,#11496,
#11497,#11498,#11499,#11500,#11501,#11502,#11503,#11504,#11505),
 .UNSPECIFIED.,.F.,.F.,(4,1,1,1,1,1,1,1,1,1,1,4),(0.,0.125,0.1875,0.25,
0.3125,0.375,0.4375,0.46875,0.5,0.625,0.75,1.),.UNSPECIFIED.);
#507=B_SPLINE_CURVE_WITH_KNOTS('',3,(#11534,#11535,#11536,#11537,#11538,
#11539,#11540),.UNSPECIFIED.,.F.,.F.,(4,1,1,1,4),(0.,0.25,0.5,0.75,1.),
 .UNSPECIFIED.);
#508=B_SPLINE_CURVE_WITH_KNOTS('',3,(#11557,#11558,#11559,#11560,#11561,
#11562,#11563,#11564,#11565),.UNSPECIFIED.,.F.,.F.,(4,1,1,1,1,1,4),(0.,
0.125,0.25,0.375,0.5,0.75,1.),.UNSPECIFIED.);
#509=B_SPLINE_CURVE_WITH_KNOTS('',3,(#11576,#11577,#11578,#11579),
 .UNSPECIFIED.,.F.,.F.,(4,4),(0.,1.),.UNSPECIFIED.);
#510=CIRCLE('',#5054,0.00460895830711845);
#511=CIRCLE('',#5055,0.0188964583071549);
#512=CIRCLE('',#5057,0.0188964583071367);
#513=CIRCLE('',#5060,0.048);
#514=CIRCLE('',#5064,0.0158339584671532);
#515=CIRCLE('',#5065,0.0148339584671524);
#516=CIRCLE('',#5068,0.0159375001599673);
#517=CIRCLE('',#5069,0.0149375001599193);
#518=CIRCLE('',#5072,0.002);
#519=CIRCLE('',#5073,0.002);
#520=CIRCLE('',#5075,0.002);
#521=CIRCLE('',#5076,0.002);
#522=CIRCLE('',#5078,0.003);
#523=CIRCLE('',#5079,0.003);
#524=CIRCLE('',#5081,0.001);
#525=CIRCLE('',#5083,0.003);
#526=CIRCLE('',#5084,0.001);
#527=CIRCLE('',#5088,0.001);
#528=CIRCLE('',#5096,0.001);
#529=CIRCLE('',#5099,0.001);
#530=CIRCLE('',#5100,0.001);
#531=CIRCLE('',#5101,0.00295);
#532=CIRCLE('',#5103,0.05);
#533=CIRCLE('',#5108,0.05);
#534=CIRCLE('',#5110,0.0189999999999015);
#535=CIRCLE('',#5111,0.05);
#536=CIRCLE('',#5114,0.00300412574372208);
#537=CIRCLE('',#5117,0.001);
#538=CIRCLE('',#5118,0.001);
#539=CIRCLE('',#5123,0.0179999999999065);
#540=CIRCLE('',#5124,0.0149999999999335);
#541=CIRCLE('',#5127,0.0179999999999547);
#542=CIRCLE('',#5128,0.0149999999998977);
#543=CIRCLE('',#5131,0.0178964583071558);
#544=CIRCLE('',#5132,0.014896458307129);
#545=CIRCLE('',#5135,0.0176768183240477);
#546=CIRCLE('',#5138,0.003);
#547=CIRCLE('',#5141,0.0179999999999862);
#548=CIRCLE('',#5142,0.00429828643754604);
#549=CIRCLE('',#5145,0.0179999999999023);
#550=CIRCLE('',#5146,0.00429828643751202);
#551=CIRCLE('',#5149,0.0178964583071542);
#552=CIRCLE('',#5150,0.0041947447447465);
#553=CIRCLE('',#5158,0.0176768183240326);
#554=CIRCLE('',#5160,0.00395);
#555=CIRCLE('',#5163,0.00395);
#556=CIRCLE('',#5165,0.00395);
#557=CIRCLE('',#5167,0.00349999999998793);
#558=CIRCLE('',#5171,0.00350000000005135);
#559=CIRCLE('',#5173,0.00295);
#560=CIRCLE('',#5175,0.05);
#561=CIRCLE('',#5177,0.00295);
#562=CIRCLE('',#5180,0.0035000000000201);
#563=CIRCLE('',#5182,0.00389645830713675);
#564=CIRCLE('',#5183,0.0039999999999373);
#565=CIRCLE('',#5184,0.00399999999990151);
#566=CIRCLE('',#5187,0.00295);
#567=CIRCLE('',#5189,0.0189999999999015);
#568=CIRCLE('',#5191,0.001);
#569=CIRCLE('',#5194,0.001);
#570=CIRCLE('',#5201,0.001);
#571=CIRCLE('',#5203,0.001);
#572=CIRCLE('',#5207,0.00516025682249156);
#573=CIRCLE('',#5212,0.0189999999999373);
#574=CIRCLE('',#5213,0.0189999999999373);
#575=CIRCLE('',#5215,0.05);
#576=CIRCLE('',#5217,0.05);
#577=CIRCLE('',#5219,0.002);
#578=CIRCLE('',#5221,0.00516025682249156);
#579=CIRCLE('',#5225,0.048);
#580=CIRCLE('',#5226,0.048);
#581=CIRCLE('',#5227,0.048);
#582=CIRCLE('',#5229,0.00294999999776346);
#583=CIRCLE('',#5230,0.00320710678118989);
#584=CIRCLE('',#5231,0.00295000000001434);
#585=CIRCLE('',#5233,0.00320710677707796);
#586=CIRCLE('',#5235,0.001);
#587=CIRCLE('',#5236,0.001);
#588=CIRCLE('',#5238,0.001);
#589=CIRCLE('',#5241,0.001);
#590=CIRCLE('',#5243,0.001);
#591=CIRCLE('',#5248,0.0146768183240249);
#592=CIRCLE('',#5250,0.0156143184840454);
#593=CIRCLE('',#5251,0.0146143184840427);
#594=CIRCLE('',#5253,0.0035000000000166);
#595=CIRCLE('',#5256,0.0015);
#596=CIRCLE('',#5257,0.00295);
#597=CIRCLE('',#5266,0.001);
#598=CIRCLE('',#5268,0.001);
#599=CIRCLE('',#5269,0.001);
#600=CIRCLE('',#5271,0.001);
#601=CIRCLE('',#5273,0.001);
#602=CIRCLE('',#5275,0.001);
#603=CIRCLE('',#5276,0.003);
#604=CIRCLE('',#5278,0.0159375001599852);
#605=CIRCLE('',#5280,0.0149375001599537);
#606=CIRCLE('',#5285,0.00389645826407553);
#607=CIRCLE('',#5290,0.05);
#608=CIRCLE('',#5291,0.05);
#609=CIRCLE('',#5293,0.003);
#610=CIRCLE('',#5295,0.0186768183240288);
#611=CIRCLE('',#5298,0.001);
#612=CIRCLE('',#5299,0.001);
#613=CIRCLE('',#5301,0.001);
#614=CIRCLE('',#5303,0.001);
#615=CIRCLE('',#5307,0.003);
#616=CIRCLE('',#5308,0.001);
#617=CIRCLE('',#5310,0.001);
#618=CIRCLE('',#5311,0.01870710678111);
#619=CIRCLE('',#5312,0.001);
#620=CIRCLE('',#5314,0.0039999999999373);
#621=CIRCLE('',#5316,0.00294999999774483);
#622=CIRCLE('',#5317,0.00320710678118656);
#623=CIRCLE('',#5318,0.00294999999996172);
#624=CIRCLE('',#5320,0.00320710677700288);
#625=CIRCLE('',#5322,0.00349999999999336);
#626=CIRCLE('',#5325,0.0015);
#627=CIRCLE('',#5327,0.00399999999990151);
#628=CIRCLE('',#5329,0.00294999999775544);
#629=CIRCLE('',#5330,0.00320710678121955);
#630=CIRCLE('',#5331,0.00295000000000632);
#631=CIRCLE('',#5333,0.00320710677710511);
#632=CIRCLE('',#5335,0.00350000000000355);
#633=CIRCLE('',#5338,0.0015);
#634=CIRCLE('',#5340,0.001);
#635=CIRCLE('',#5342,0.001);
#636=CIRCLE('',#5343,0.0187071067811374);
#637=CIRCLE('',#5344,0.00100048581175648);
#638=CIRCLE('',#5345,0.00100016225502499);
#639=CIRCLE('',#5348,0.0010001622550301);
#640=CIRCLE('',#5349,0.00100048581175881);
#641=CIRCLE('',#5352,0.001);
#642=CIRCLE('',#5354,0.001);
#643=CIRCLE('',#5357,0.001);
#644=CIRCLE('',#5359,0.05);
#645=CIRCLE('',#5360,0.002);
#646=CIRCLE('',#5363,0.05);
#647=CIRCLE('',#5366,0.0005);
#648=CIRCLE('',#5371,0.003);
#649=CIRCLE('',#5374,0.00295);
#650=CIRCLE('',#5379,0.0015);
#651=CIRCLE('',#5388,0.00289645830713675);
#652=CIRCLE('',#5390,0.00267681832402881);
#653=CIRCLE('',#5391,0.0025);
#654=CIRCLE('',#5393,0.0186768183240288);
#655=CIRCLE('',#5401,0.00471249999993728);
#656=CIRCLE('',#5403,0.0029999999999373);
#657=CIRCLE('',#5405,0.00295);
#658=CIRCLE('',#5409,0.0015);
#659=CIRCLE('',#5411,0.00299999999990151);
#660=CIRCLE('',#5413,0.00295);
#661=CIRCLE('',#5417,0.0015);
#662=CIRCLE('',#5420,0.00471249999990152);
#663=CIRCLE('',#5426,0.001);
#664=CIRCLE('',#5427,0.001);
#665=CIRCLE('',#5431,0.001);
#666=CIRCLE('',#5432,0.001);
#667=CIRCLE('',#5435,0.0025);
#668=CIRCLE('',#5438,0.00267681832402881);
#669=CIRCLE('',#5443,0.00299999999990151);
#670=CIRCLE('',#5446,0.0029999999999373);
#671=CIRCLE('',#5448,0.00289645830713675);
#672=CIRCLE('',#5453,0.0310319750193634);
#673=CIRCLE('',#5457,0.0310320004976605);
#674=CIRCLE('',#5459,0.00471249999990152);
#675=CIRCLE('',#5462,0.00471249999993728);
#676=CIRCLE('',#5466,0.00460895830713675);
#677=CIRCLE('',#5473,0.05);
#678=CIRCLE('',#5476,0.001);
#679=ORIENTED_EDGE('',*,*,#2167,.F.);
#680=ORIENTED_EDGE('',*,*,#2168,.T.);
#681=ORIENTED_EDGE('',*,*,#2169,.F.);
#682=ORIENTED_EDGE('',*,*,#2170,.T.);
#683=ORIENTED_EDGE('',*,*,#2171,.F.);
#684=ORIENTED_EDGE('',*,*,#2172,.T.);
#685=ORIENTED_EDGE('',*,*,#2173,.T.);
#686=ORIENTED_EDGE('',*,*,#2174,.T.);
#687=ORIENTED_EDGE('',*,*,#2175,.T.);
#688=ORIENTED_EDGE('',*,*,#2170,.F.);
#689=ORIENTED_EDGE('',*,*,#2169,.T.);
#690=ORIENTED_EDGE('',*,*,#2176,.T.);
#691=ORIENTED_EDGE('',*,*,#2177,.T.);
#692=ORIENTED_EDGE('',*,*,#2178,.F.);
#693=ORIENTED_EDGE('',*,*,#2179,.F.);
#694=ORIENTED_EDGE('',*,*,#2180,.F.);
#695=ORIENTED_EDGE('',*,*,#2181,.F.);
#696=ORIENTED_EDGE('',*,*,#2182,.F.);
#697=ORIENTED_EDGE('',*,*,#2183,.F.);
#698=ORIENTED_EDGE('',*,*,#2184,.T.);
#699=ORIENTED_EDGE('',*,*,#2185,.F.);
#700=ORIENTED_EDGE('',*,*,#2186,.T.);
#701=ORIENTED_EDGE('',*,*,#2187,.T.);
#702=ORIENTED_EDGE('',*,*,#2178,.T.);
#703=ORIENTED_EDGE('',*,*,#2188,.F.);
#704=ORIENTED_EDGE('',*,*,#2189,.T.);
#705=ORIENTED_EDGE('',*,*,#2190,.T.);
#706=ORIENTED_EDGE('',*,*,#2191,.T.);
#707=ORIENTED_EDGE('',*,*,#2189,.F.);
#708=ORIENTED_EDGE('',*,*,#2192,.F.);
#709=ORIENTED_EDGE('',*,*,#2193,.F.);
#710=ORIENTED_EDGE('',*,*,#2194,.F.);
#711=ORIENTED_EDGE('',*,*,#2195,.F.);
#712=ORIENTED_EDGE('',*,*,#2196,.T.);
#713=ORIENTED_EDGE('',*,*,#2197,.T.);
#714=ORIENTED_EDGE('',*,*,#2193,.T.);
#715=ORIENTED_EDGE('',*,*,#2196,.F.);
#716=ORIENTED_EDGE('',*,*,#2198,.F.);
#717=ORIENTED_EDGE('',*,*,#2199,.F.);
#718=ORIENTED_EDGE('',*,*,#2200,.F.);
#719=ORIENTED_EDGE('',*,*,#2201,.F.);
#720=ORIENTED_EDGE('',*,*,#2202,.T.);
#721=ORIENTED_EDGE('',*,*,#2203,.T.);
#722=ORIENTED_EDGE('',*,*,#2199,.T.);
#723=ORIENTED_EDGE('',*,*,#2204,.F.);
#724=ORIENTED_EDGE('',*,*,#2205,.T.);
#725=ORIENTED_EDGE('',*,*,#2206,.F.);
#726=ORIENTED_EDGE('',*,*,#2207,.T.);
#727=ORIENTED_EDGE('',*,*,#2208,.F.);
#728=ORIENTED_EDGE('',*,*,#2209,.T.);
#729=ORIENTED_EDGE('',*,*,#2210,.F.);
#730=ORIENTED_EDGE('',*,*,#2211,.T.);
#731=ORIENTED_EDGE('',*,*,#2212,.T.);
#732=ORIENTED_EDGE('',*,*,#2213,.F.);
#733=ORIENTED_EDGE('',*,*,#2214,.F.);
#734=ORIENTED_EDGE('',*,*,#2215,.F.);
#735=ORIENTED_EDGE('',*,*,#2216,.F.);
#736=ORIENTED_EDGE('',*,*,#2217,.T.);
#737=ORIENTED_EDGE('',*,*,#2216,.T.);
#738=ORIENTED_EDGE('',*,*,#2218,.F.);
#739=ORIENTED_EDGE('',*,*,#2219,.F.);
#740=ORIENTED_EDGE('',*,*,#2220,.T.);
#741=ORIENTED_EDGE('',*,*,#2221,.F.);
#742=ORIENTED_EDGE('',*,*,#2219,.T.);
#743=ORIENTED_EDGE('',*,*,#2222,.F.);
#744=ORIENTED_EDGE('',*,*,#2223,.F.);
#745=ORIENTED_EDGE('',*,*,#2224,.F.);
#746=ORIENTED_EDGE('',*,*,#2223,.T.);
#747=ORIENTED_EDGE('',*,*,#2225,.F.);
#748=ORIENTED_EDGE('',*,*,#2226,.F.);
#749=ORIENTED_EDGE('',*,*,#2227,.T.);
#750=ORIENTED_EDGE('',*,*,#2228,.F.);
#751=ORIENTED_EDGE('',*,*,#2229,.F.);
#752=ORIENTED_EDGE('',*,*,#2230,.F.);
#753=ORIENTED_EDGE('',*,*,#2231,.F.);
#754=ORIENTED_EDGE('',*,*,#2232,.F.);
#755=ORIENTED_EDGE('',*,*,#2229,.T.);
#756=ORIENTED_EDGE('',*,*,#2233,.F.);
#757=ORIENTED_EDGE('',*,*,#2234,.T.);
#758=ORIENTED_EDGE('',*,*,#2235,.F.);
#759=ORIENTED_EDGE('',*,*,#2236,.F.);
#760=ORIENTED_EDGE('',*,*,#2237,.F.);
#761=ORIENTED_EDGE('',*,*,#2238,.T.);
#762=ORIENTED_EDGE('',*,*,#2239,.T.);
#763=ORIENTED_EDGE('',*,*,#2208,.T.);
#764=ORIENTED_EDGE('',*,*,#2240,.T.);
#765=ORIENTED_EDGE('',*,*,#2241,.F.);
#766=ORIENTED_EDGE('',*,*,#2242,.T.);
#767=ORIENTED_EDGE('',*,*,#2243,.T.);
#768=ORIENTED_EDGE('',*,*,#2244,.F.);
#769=ORIENTED_EDGE('',*,*,#2245,.F.);
#770=ORIENTED_EDGE('',*,*,#2246,.F.);
#771=ORIENTED_EDGE('',*,*,#2247,.T.);
#772=ORIENTED_EDGE('',*,*,#2248,.F.);
#773=ORIENTED_EDGE('',*,*,#2249,.T.);
#774=ORIENTED_EDGE('',*,*,#2250,.F.);
#775=ORIENTED_EDGE('',*,*,#2249,.F.);
#776=ORIENTED_EDGE('',*,*,#2251,.T.);
#777=ORIENTED_EDGE('',*,*,#2252,.T.);
#778=ORIENTED_EDGE('',*,*,#2253,.F.);
#779=ORIENTED_EDGE('',*,*,#2254,.T.);
#780=ORIENTED_EDGE('',*,*,#2255,.T.);
#781=ORIENTED_EDGE('',*,*,#2256,.T.);
#782=ORIENTED_EDGE('',*,*,#2257,.T.);
#783=ORIENTED_EDGE('',*,*,#2258,.T.);
#784=ORIENTED_EDGE('',*,*,#2259,.T.);
#785=ORIENTED_EDGE('',*,*,#2260,.T.);
#786=ORIENTED_EDGE('',*,*,#2261,.F.);
#787=ORIENTED_EDGE('',*,*,#2262,.T.);
#788=ORIENTED_EDGE('',*,*,#2263,.T.);
#789=ORIENTED_EDGE('',*,*,#2264,.F.);
#790=ORIENTED_EDGE('',*,*,#2213,.T.);
#791=ORIENTED_EDGE('',*,*,#2265,.F.);
#792=ORIENTED_EDGE('',*,*,#2266,.T.);
#793=ORIENTED_EDGE('',*,*,#2267,.F.);
#794=ORIENTED_EDGE('',*,*,#2268,.F.);
#795=ORIENTED_EDGE('',*,*,#2269,.F.);
#796=ORIENTED_EDGE('',*,*,#2270,.T.);
#797=ORIENTED_EDGE('',*,*,#2271,.T.);
#798=ORIENTED_EDGE('',*,*,#2269,.T.);
#799=ORIENTED_EDGE('',*,*,#2272,.T.);
#800=ORIENTED_EDGE('',*,*,#2221,.T.);
#801=ORIENTED_EDGE('',*,*,#2273,.T.);
#802=ORIENTED_EDGE('',*,*,#2274,.T.);
#803=ORIENTED_EDGE('',*,*,#2235,.T.);
#804=ORIENTED_EDGE('',*,*,#2275,.T.);
#805=ORIENTED_EDGE('',*,*,#2276,.F.);
#806=ORIENTED_EDGE('',*,*,#2268,.T.);
#807=ORIENTED_EDGE('',*,*,#2277,.F.);
#808=ORIENTED_EDGE('',*,*,#2278,.T.);
#809=ORIENTED_EDGE('',*,*,#2279,.T.);
#810=ORIENTED_EDGE('',*,*,#2237,.T.);
#811=ORIENTED_EDGE('',*,*,#2280,.F.);
#812=ORIENTED_EDGE('',*,*,#2220,.F.);
#813=ORIENTED_EDGE('',*,*,#2281,.T.);
#814=ORIENTED_EDGE('',*,*,#2280,.T.);
#815=ORIENTED_EDGE('',*,*,#2236,.T.);
#816=ORIENTED_EDGE('',*,*,#2267,.T.);
#817=ORIENTED_EDGE('',*,*,#2273,.F.);
#818=ORIENTED_EDGE('',*,*,#2282,.T.);
#819=ORIENTED_EDGE('',*,*,#2283,.T.);
#820=ORIENTED_EDGE('',*,*,#2284,.T.);
#821=ORIENTED_EDGE('',*,*,#2285,.T.);
#822=ORIENTED_EDGE('',*,*,#2286,.F.);
#823=ORIENTED_EDGE('',*,*,#2287,.F.);
#824=ORIENTED_EDGE('',*,*,#2288,.F.);
#825=ORIENTED_EDGE('',*,*,#2289,.T.);
#826=ORIENTED_EDGE('',*,*,#2290,.F.);
#827=ORIENTED_EDGE('',*,*,#2291,.F.);
#828=ORIENTED_EDGE('',*,*,#2292,.T.);
#829=ORIENTED_EDGE('',*,*,#2282,.F.);
#830=ORIENTED_EDGE('',*,*,#2293,.T.);
#831=ORIENTED_EDGE('',*,*,#2294,.T.);
#832=ORIENTED_EDGE('',*,*,#2291,.T.);
#833=ORIENTED_EDGE('',*,*,#2295,.T.);
#834=ORIENTED_EDGE('',*,*,#2296,.F.);
#835=ORIENTED_EDGE('',*,*,#2297,.F.);
#836=ORIENTED_EDGE('',*,*,#2298,.T.);
#837=ORIENTED_EDGE('',*,*,#2293,.F.);
#838=ORIENTED_EDGE('',*,*,#2297,.T.);
#839=ORIENTED_EDGE('',*,*,#2299,.T.);
#840=ORIENTED_EDGE('',*,*,#2300,.T.);
#841=ORIENTED_EDGE('',*,*,#2301,.T.);
#842=ORIENTED_EDGE('',*,*,#2302,.F.);
#843=ORIENTED_EDGE('',*,*,#2303,.F.);
#844=ORIENTED_EDGE('',*,*,#2304,.T.);
#845=ORIENTED_EDGE('',*,*,#2300,.F.);
#846=ORIENTED_EDGE('',*,*,#2305,.T.);
#847=ORIENTED_EDGE('',*,*,#2306,.T.);
#848=ORIENTED_EDGE('',*,*,#2307,.T.);
#849=ORIENTED_EDGE('',*,*,#2303,.T.);
#850=ORIENTED_EDGE('',*,*,#2308,.F.);
#851=ORIENTED_EDGE('',*,*,#2309,.F.);
#852=ORIENTED_EDGE('',*,*,#2256,.F.);
#853=ORIENTED_EDGE('',*,*,#2310,.F.);
#854=ORIENTED_EDGE('',*,*,#2309,.T.);
#855=ORIENTED_EDGE('',*,*,#2311,.F.);
#856=ORIENTED_EDGE('',*,*,#2312,.F.);
#857=ORIENTED_EDGE('',*,*,#2313,.F.);
#858=ORIENTED_EDGE('',*,*,#2257,.F.);
#859=ORIENTED_EDGE('',*,*,#2265,.T.);
#860=ORIENTED_EDGE('',*,*,#2217,.F.);
#861=ORIENTED_EDGE('',*,*,#2272,.F.);
#862=ORIENTED_EDGE('',*,*,#2314,.F.);
#863=ORIENTED_EDGE('',*,*,#2315,.F.);
#864=ORIENTED_EDGE('',*,*,#2288,.T.);
#865=ORIENTED_EDGE('',*,*,#2316,.F.);
#866=ORIENTED_EDGE('',*,*,#2285,.F.);
#867=ORIENTED_EDGE('',*,*,#2317,.F.);
#868=ORIENTED_EDGE('',*,*,#2287,.T.);
#869=ORIENTED_EDGE('',*,*,#2318,.F.);
#870=ORIENTED_EDGE('',*,*,#2319,.F.);
#871=ORIENTED_EDGE('',*,*,#2320,.F.);
#872=ORIENTED_EDGE('',*,*,#2321,.F.);
#873=ORIENTED_EDGE('',*,*,#2319,.T.);
#874=ORIENTED_EDGE('',*,*,#2322,.F.);
#875=ORIENTED_EDGE('',*,*,#2323,.F.);
#876=ORIENTED_EDGE('',*,*,#2324,.F.);
#877=ORIENTED_EDGE('',*,*,#2323,.T.);
#878=ORIENTED_EDGE('',*,*,#2325,.F.);
#879=ORIENTED_EDGE('',*,*,#2326,.F.);
#880=ORIENTED_EDGE('',*,*,#2327,.F.);
#881=ORIENTED_EDGE('',*,*,#2328,.F.);
#882=ORIENTED_EDGE('',*,*,#2329,.F.);
#883=ORIENTED_EDGE('',*,*,#2326,.T.);
#884=ORIENTED_EDGE('',*,*,#2330,.F.);
#885=ORIENTED_EDGE('',*,*,#2331,.F.);
#886=ORIENTED_EDGE('',*,*,#2328,.T.);
#887=ORIENTED_EDGE('',*,*,#2332,.F.);
#888=ORIENTED_EDGE('',*,*,#2312,.T.);
#889=ORIENTED_EDGE('',*,*,#2316,.T.);
#890=ORIENTED_EDGE('',*,*,#2317,.T.);
#891=ORIENTED_EDGE('',*,*,#2333,.F.);
#892=ORIENTED_EDGE('',*,*,#2290,.T.);
#893=ORIENTED_EDGE('',*,*,#2333,.T.);
#894=ORIENTED_EDGE('',*,*,#2321,.T.);
#895=ORIENTED_EDGE('',*,*,#2334,.F.);
#896=ORIENTED_EDGE('',*,*,#2295,.F.);
#897=ORIENTED_EDGE('',*,*,#2334,.T.);
#898=ORIENTED_EDGE('',*,*,#2324,.T.);
#899=ORIENTED_EDGE('',*,*,#2335,.F.);
#900=ORIENTED_EDGE('',*,*,#2296,.T.);
#901=ORIENTED_EDGE('',*,*,#2335,.T.);
#902=ORIENTED_EDGE('',*,*,#2329,.T.);
#903=ORIENTED_EDGE('',*,*,#2336,.F.);
#904=ORIENTED_EDGE('',*,*,#2299,.F.);
#905=ORIENTED_EDGE('',*,*,#2336,.T.);
#906=ORIENTED_EDGE('',*,*,#2331,.T.);
#907=ORIENTED_EDGE('',*,*,#2337,.F.);
#908=ORIENTED_EDGE('',*,*,#2302,.T.);
#909=ORIENTED_EDGE('',*,*,#2337,.T.);
#910=ORIENTED_EDGE('',*,*,#2311,.T.);
#911=ORIENTED_EDGE('',*,*,#2338,.F.);
#912=ORIENTED_EDGE('',*,*,#2305,.F.);
#913=ORIENTED_EDGE('',*,*,#2339,.T.);
#914=ORIENTED_EDGE('',*,*,#2338,.T.);
#915=ORIENTED_EDGE('',*,*,#2308,.T.);
#916=ORIENTED_EDGE('',*,*,#2255,.F.);
#917=ORIENTED_EDGE('',*,*,#2310,.T.);
#918=ORIENTED_EDGE('',*,*,#2340,.T.);
#919=ORIENTED_EDGE('',*,*,#2341,.T.);
#920=ORIENTED_EDGE('',*,*,#2340,.F.);
#921=ORIENTED_EDGE('',*,*,#2342,.T.);
#922=ORIENTED_EDGE('',*,*,#2343,.F.);
#923=ORIENTED_EDGE('',*,*,#2344,.T.);
#924=ORIENTED_EDGE('',*,*,#2320,.T.);
#925=ORIENTED_EDGE('',*,*,#2345,.T.);
#926=ORIENTED_EDGE('',*,*,#2346,.T.);
#927=ORIENTED_EDGE('',*,*,#2327,.T.);
#928=ORIENTED_EDGE('',*,*,#2347,.T.);
#929=ORIENTED_EDGE('',*,*,#2348,.T.);
#930=ORIENTED_EDGE('',*,*,#2349,.F.);
#931=ORIENTED_EDGE('',*,*,#2342,.F.);
#932=ORIENTED_EDGE('',*,*,#2341,.F.);
#933=ORIENTED_EDGE('',*,*,#2344,.F.);
#934=ORIENTED_EDGE('',*,*,#2350,.F.);
#935=ORIENTED_EDGE('',*,*,#2351,.F.);
#936=ORIENTED_EDGE('',*,*,#2352,.F.);
#937=ORIENTED_EDGE('',*,*,#2182,.T.);
#938=ORIENTED_EDGE('',*,*,#2353,.T.);
#939=ORIENTED_EDGE('',*,*,#2354,.T.);
#940=ORIENTED_EDGE('',*,*,#2347,.F.);
#941=ORIENTED_EDGE('',*,*,#2355,.F.);
#942=ORIENTED_EDGE('',*,*,#2356,.F.);
#943=ORIENTED_EDGE('',*,*,#2357,.F.);
#944=ORIENTED_EDGE('',*,*,#2357,.T.);
#945=ORIENTED_EDGE('',*,*,#2358,.F.);
#946=ORIENTED_EDGE('',*,*,#2359,.T.);
#947=ORIENTED_EDGE('',*,*,#2360,.F.);
#948=ORIENTED_EDGE('',*,*,#2355,.T.);
#949=ORIENTED_EDGE('',*,*,#2348,.F.);
#950=ORIENTED_EDGE('',*,*,#2361,.T.);
#951=ORIENTED_EDGE('',*,*,#2362,.F.);
#952=ORIENTED_EDGE('',*,*,#2363,.F.);
#953=ORIENTED_EDGE('',*,*,#2354,.F.);
#954=ORIENTED_EDGE('',*,*,#2364,.T.);
#955=ORIENTED_EDGE('',*,*,#2186,.F.);
#956=ORIENTED_EDGE('',*,*,#2365,.T.);
#957=ORIENTED_EDGE('',*,*,#2366,.T.);
#958=ORIENTED_EDGE('',*,*,#2367,.F.);
#959=ORIENTED_EDGE('',*,*,#2368,.T.);
#960=ORIENTED_EDGE('',*,*,#2345,.F.);
#961=ORIENTED_EDGE('',*,*,#2369,.F.);
#962=ORIENTED_EDGE('',*,*,#2370,.F.);
#963=ORIENTED_EDGE('',*,*,#2371,.F.);
#964=ORIENTED_EDGE('',*,*,#2371,.T.);
#965=ORIENTED_EDGE('',*,*,#2372,.F.);
#966=ORIENTED_EDGE('',*,*,#2373,.T.);
#967=ORIENTED_EDGE('',*,*,#2374,.F.);
#968=ORIENTED_EDGE('',*,*,#2369,.T.);
#969=ORIENTED_EDGE('',*,*,#2346,.F.);
#970=ORIENTED_EDGE('',*,*,#2375,.T.);
#971=ORIENTED_EDGE('',*,*,#2376,.T.);
#972=ORIENTED_EDGE('',*,*,#2258,.F.);
#973=ORIENTED_EDGE('',*,*,#2313,.T.);
#974=ORIENTED_EDGE('',*,*,#2332,.T.);
#975=ORIENTED_EDGE('',*,*,#2330,.T.);
#976=ORIENTED_EDGE('',*,*,#2325,.T.);
#977=ORIENTED_EDGE('',*,*,#2322,.T.);
#978=ORIENTED_EDGE('',*,*,#2318,.T.);
#979=ORIENTED_EDGE('',*,*,#2286,.T.);
#980=ORIENTED_EDGE('',*,*,#2377,.T.);
#981=ORIENTED_EDGE('',*,*,#2378,.T.);
#982=ORIENTED_EDGE('',*,*,#2379,.F.);
#983=ORIENTED_EDGE('',*,*,#2380,.T.);
#984=ORIENTED_EDGE('',*,*,#2381,.T.);
#985=ORIENTED_EDGE('',*,*,#2382,.T.);
#986=ORIENTED_EDGE('',*,*,#2252,.F.);
#987=ORIENTED_EDGE('',*,*,#2383,.T.);
#988=ORIENTED_EDGE('',*,*,#2384,.T.);
#989=ORIENTED_EDGE('',*,*,#2385,.F.);
#990=ORIENTED_EDGE('',*,*,#2386,.F.);
#991=ORIENTED_EDGE('',*,*,#2387,.T.);
#992=ORIENTED_EDGE('',*,*,#2247,.F.);
#993=ORIENTED_EDGE('',*,*,#2388,.T.);
#994=ORIENTED_EDGE('',*,*,#2389,.T.);
#995=ORIENTED_EDGE('',*,*,#2390,.T.);
#996=ORIENTED_EDGE('',*,*,#2251,.F.);
#997=ORIENTED_EDGE('',*,*,#2391,.F.);
#998=ORIENTED_EDGE('',*,*,#2392,.T.);
#999=ORIENTED_EDGE('',*,*,#2383,.F.);
#1000=ORIENTED_EDGE('',*,*,#2393,.T.);
#1001=ORIENTED_EDGE('',*,*,#2242,.F.);
#1002=ORIENTED_EDGE('',*,*,#2394,.F.);
#1003=ORIENTED_EDGE('',*,*,#2365,.F.);
#1004=ORIENTED_EDGE('',*,*,#2395,.F.);
#1005=ORIENTED_EDGE('',*,*,#2396,.F.);
#1006=ORIENTED_EDGE('',*,*,#2243,.F.);
#1007=ORIENTED_EDGE('',*,*,#2240,.F.);
#1008=ORIENTED_EDGE('',*,*,#2397,.T.);
#1009=ORIENTED_EDGE('',*,*,#2398,.F.);
#1010=ORIENTED_EDGE('',*,*,#2180,.T.);
#1011=ORIENTED_EDGE('',*,*,#2399,.F.);
#1012=ORIENTED_EDGE('',*,*,#2400,.T.);
#1013=ORIENTED_EDGE('',*,*,#2241,.T.);
#1014=ORIENTED_EDGE('',*,*,#2401,.T.);
#1015=ORIENTED_EDGE('',*,*,#2402,.T.);
#1016=ORIENTED_EDGE('',*,*,#2212,.F.);
#1017=ORIENTED_EDGE('',*,*,#2403,.F.);
#1018=ORIENTED_EDGE('',*,*,#2404,.T.);
#1019=ORIENTED_EDGE('',*,*,#2405,.F.);
#1020=ORIENTED_EDGE('',*,*,#2254,.F.);
#1021=ORIENTED_EDGE('',*,*,#2406,.F.);
#1022=ORIENTED_EDGE('',*,*,#2407,.T.);
#1023=ORIENTED_EDGE('',*,*,#2391,.T.);
#1024=ORIENTED_EDGE('',*,*,#2408,.T.);
#1025=ORIENTED_EDGE('',*,*,#2409,.T.);
#1026=ORIENTED_EDGE('',*,*,#2410,.F.);
#1027=ORIENTED_EDGE('',*,*,#2411,.F.);
#1028=ORIENTED_EDGE('',*,*,#2412,.T.);
#1029=ORIENTED_EDGE('',*,*,#2179,.T.);
#1030=ORIENTED_EDGE('',*,*,#2413,.T.);
#1031=ORIENTED_EDGE('',*,*,#2204,.T.);
#1032=ORIENTED_EDGE('',*,*,#2206,.T.);
#1033=ORIENTED_EDGE('',*,*,#2414,.F.);
#1034=ORIENTED_EDGE('',*,*,#2415,.T.);
#1035=ORIENTED_EDGE('',*,*,#2210,.T.);
#1036=ORIENTED_EDGE('',*,*,#2416,.T.);
#1037=ORIENTED_EDGE('',*,*,#2417,.F.);
#1038=ORIENTED_EDGE('',*,*,#2418,.F.);
#1039=ORIENTED_EDGE('',*,*,#2227,.F.);
#1040=ORIENTED_EDGE('',*,*,#2419,.F.);
#1041=ORIENTED_EDGE('',*,*,#2420,.F.);
#1042=ORIENTED_EDGE('',*,*,#2421,.T.);
#1043=ORIENTED_EDGE('',*,*,#2238,.F.);
#1044=ORIENTED_EDGE('',*,*,#2281,.F.);
#1045=ORIENTED_EDGE('',*,*,#2224,.T.);
#1046=ORIENTED_EDGE('',*,*,#2226,.T.);
#1047=ORIENTED_EDGE('',*,*,#2422,.F.);
#1048=ORIENTED_EDGE('',*,*,#2205,.F.);
#1049=ORIENTED_EDGE('',*,*,#2239,.F.);
#1050=ORIENTED_EDGE('',*,*,#2421,.F.);
#1051=ORIENTED_EDGE('',*,*,#2423,.F.);
#1052=ORIENTED_EDGE('',*,*,#2424,.F.);
#1053=ORIENTED_EDGE('',*,*,#2234,.F.);
#1054=ORIENTED_EDGE('',*,*,#2207,.F.);
#1055=ORIENTED_EDGE('',*,*,#2177,.F.);
#1056=ORIENTED_EDGE('',*,*,#2425,.T.);
#1057=ORIENTED_EDGE('',*,*,#2426,.F.);
#1058=ORIENTED_EDGE('',*,*,#2427,.F.);
#1059=ORIENTED_EDGE('',*,*,#2428,.F.);
#1060=ORIENTED_EDGE('',*,*,#2429,.T.);
#1061=ORIENTED_EDGE('',*,*,#2430,.T.);
#1062=ORIENTED_EDGE('',*,*,#2399,.T.);
#1063=ORIENTED_EDGE('',*,*,#2412,.F.);
#1064=ORIENTED_EDGE('',*,*,#2431,.F.);
#1065=ORIENTED_EDGE('',*,*,#2245,.T.);
#1066=ORIENTED_EDGE('',*,*,#2432,.F.);
#1067=ORIENTED_EDGE('',*,*,#2433,.F.);
#1068=ORIENTED_EDGE('',*,*,#2434,.T.);
#1069=ORIENTED_EDGE('',*,*,#2385,.T.);
#1070=ORIENTED_EDGE('',*,*,#2435,.T.);
#1071=ORIENTED_EDGE('',*,*,#2436,.F.);
#1072=ORIENTED_EDGE('',*,*,#2434,.F.);
#1073=ORIENTED_EDGE('',*,*,#2437,.T.);
#1074=ORIENTED_EDGE('',*,*,#2438,.F.);
#1075=ORIENTED_EDGE('',*,*,#2386,.T.);
#1076=ORIENTED_EDGE('',*,*,#2439,.F.);
#1077=ORIENTED_EDGE('',*,*,#2440,.T.);
#1078=ORIENTED_EDGE('',*,*,#2441,.T.);
#1079=ORIENTED_EDGE('',*,*,#2442,.T.);
#1080=ORIENTED_EDGE('',*,*,#2406,.T.);
#1081=ORIENTED_EDGE('',*,*,#2253,.T.);
#1082=ORIENTED_EDGE('',*,*,#2388,.F.);
#1083=ORIENTED_EDGE('',*,*,#2246,.T.);
#1084=ORIENTED_EDGE('',*,*,#2250,.T.);
#1085=ORIENTED_EDGE('',*,*,#2248,.T.);
#1086=ORIENTED_EDGE('',*,*,#2387,.F.);
#1087=ORIENTED_EDGE('',*,*,#2438,.T.);
#1088=ORIENTED_EDGE('',*,*,#2443,.F.);
#1089=ORIENTED_EDGE('',*,*,#2432,.T.);
#1090=ORIENTED_EDGE('',*,*,#2244,.T.);
#1091=ORIENTED_EDGE('',*,*,#2431,.T.);
#1092=ORIENTED_EDGE('',*,*,#2444,.F.);
#1093=ORIENTED_EDGE('',*,*,#2440,.F.);
#1094=ORIENTED_EDGE('',*,*,#2445,.F.);
#1095=ORIENTED_EDGE('',*,*,#2446,.F.);
#1096=ORIENTED_EDGE('',*,*,#2447,.F.);
#1097=ORIENTED_EDGE('',*,*,#2448,.F.);
#1098=ORIENTED_EDGE('',*,*,#2449,.F.);
#1099=ORIENTED_EDGE('',*,*,#2450,.T.);
#1100=ORIENTED_EDGE('',*,*,#2402,.F.);
#1101=ORIENTED_EDGE('',*,*,#2451,.T.);
#1102=ORIENTED_EDGE('',*,*,#2446,.T.);
#1103=ORIENTED_EDGE('',*,*,#2452,.F.);
#1104=ORIENTED_EDGE('',*,*,#2450,.F.);
#1105=ORIENTED_EDGE('',*,*,#2453,.F.);
#1106=ORIENTED_EDGE('',*,*,#2454,.F.);
#1107=ORIENTED_EDGE('',*,*,#2181,.T.);
#1108=ORIENTED_EDGE('',*,*,#2455,.F.);
#1109=ORIENTED_EDGE('',*,*,#2456,.T.);
#1110=ORIENTED_EDGE('',*,*,#2183,.T.);
#1111=ORIENTED_EDGE('',*,*,#2457,.F.);
#1112=ORIENTED_EDGE('',*,*,#2458,.F.);
#1113=ORIENTED_EDGE('',*,*,#2425,.F.);
#1114=ORIENTED_EDGE('',*,*,#2184,.F.);
#1115=ORIENTED_EDGE('',*,*,#2456,.F.);
#1116=ORIENTED_EDGE('',*,*,#2459,.F.);
#1117=ORIENTED_EDGE('',*,*,#2460,.F.);
#1118=ORIENTED_EDGE('',*,*,#2461,.F.);
#1119=ORIENTED_EDGE('',*,*,#2462,.F.);
#1120=ORIENTED_EDGE('',*,*,#2463,.F.);
#1121=ORIENTED_EDGE('',*,*,#2464,.F.);
#1122=ORIENTED_EDGE('',*,*,#2350,.T.);
#1123=ORIENTED_EDGE('',*,*,#2343,.T.);
#1124=ORIENTED_EDGE('',*,*,#2349,.T.);
#1125=ORIENTED_EDGE('',*,*,#2465,.F.);
#1126=ORIENTED_EDGE('',*,*,#2464,.T.);
#1127=ORIENTED_EDGE('',*,*,#2466,.T.);
#1128=ORIENTED_EDGE('',*,*,#2467,.T.);
#1129=ORIENTED_EDGE('',*,*,#2468,.F.);
#1130=ORIENTED_EDGE('',*,*,#2469,.T.);
#1131=ORIENTED_EDGE('',*,*,#2470,.T.);
#1132=ORIENTED_EDGE('',*,*,#2465,.T.);
#1133=ORIENTED_EDGE('',*,*,#2351,.T.);
#1134=ORIENTED_EDGE('',*,*,#2468,.T.);
#1135=ORIENTED_EDGE('',*,*,#2471,.F.);
#1136=ORIENTED_EDGE('',*,*,#2472,.F.);
#1137=ORIENTED_EDGE('',*,*,#2473,.F.);
#1138=ORIENTED_EDGE('',*,*,#2474,.T.);
#1139=ORIENTED_EDGE('',*,*,#2475,.T.);
#1140=ORIENTED_EDGE('',*,*,#2476,.T.);
#1141=ORIENTED_EDGE('',*,*,#2462,.T.);
#1142=ORIENTED_EDGE('',*,*,#2477,.T.);
#1143=ORIENTED_EDGE('',*,*,#2275,.F.);
#1144=ORIENTED_EDGE('',*,*,#2424,.T.);
#1145=ORIENTED_EDGE('',*,*,#2478,.F.);
#1146=ORIENTED_EDGE('',*,*,#2276,.T.);
#1147=ORIENTED_EDGE('',*,*,#2479,.T.);
#1148=ORIENTED_EDGE('',*,*,#2270,.F.);
#1149=ORIENTED_EDGE('',*,*,#2271,.F.);
#1150=ORIENTED_EDGE('',*,*,#2480,.T.);
#1151=ORIENTED_EDGE('',*,*,#2481,.T.);
#1152=ORIENTED_EDGE('',*,*,#2274,.F.);
#1153=ORIENTED_EDGE('',*,*,#2266,.F.);
#1154=ORIENTED_EDGE('',*,*,#2482,.T.);
#1155=ORIENTED_EDGE('',*,*,#2483,.T.);
#1156=ORIENTED_EDGE('',*,*,#2314,.T.);
#1157=ORIENTED_EDGE('',*,*,#2481,.F.);
#1158=ORIENTED_EDGE('',*,*,#2484,.T.);
#1159=ORIENTED_EDGE('',*,*,#2485,.F.);
#1160=ORIENTED_EDGE('',*,*,#2263,.F.);
#1161=ORIENTED_EDGE('',*,*,#2483,.F.);
#1162=ORIENTED_EDGE('',*,*,#2486,.T.);
#1163=ORIENTED_EDGE('',*,*,#2260,.F.);
#1164=ORIENTED_EDGE('',*,*,#2487,.T.);
#1165=ORIENTED_EDGE('',*,*,#2488,.T.);
#1166=ORIENTED_EDGE('',*,*,#2261,.T.);
#1167=ORIENTED_EDGE('',*,*,#2486,.F.);
#1168=ORIENTED_EDGE('',*,*,#2489,.T.);
#1169=ORIENTED_EDGE('',*,*,#2490,.T.);
#1170=ORIENTED_EDGE('',*,*,#2491,.T.);
#1171=ORIENTED_EDGE('',*,*,#2306,.F.);
#1172=ORIENTED_EDGE('',*,*,#2339,.F.);
#1173=ORIENTED_EDGE('',*,*,#2262,.F.);
#1174=ORIENTED_EDGE('',*,*,#2490,.F.);
#1175=ORIENTED_EDGE('',*,*,#2492,.F.);
#1176=ORIENTED_EDGE('',*,*,#2493,.F.);
#1177=ORIENTED_EDGE('',*,*,#2191,.F.);
#1178=ORIENTED_EDGE('',*,*,#2494,.F.);
#1179=ORIENTED_EDGE('',*,*,#2495,.T.);
#1180=ORIENTED_EDGE('',*,*,#2376,.F.);
#1181=ORIENTED_EDGE('',*,*,#2496,.F.);
#1182=ORIENTED_EDGE('',*,*,#2497,.F.);
#1183=ORIENTED_EDGE('',*,*,#2498,.F.);
#1184=ORIENTED_EDGE('',*,*,#2499,.F.);
#1185=ORIENTED_EDGE('',*,*,#2500,.F.);
#1186=ORIENTED_EDGE('',*,*,#2487,.F.);
#1187=ORIENTED_EDGE('',*,*,#2259,.F.);
#1188=ORIENTED_EDGE('',*,*,#2501,.T.);
#1189=ORIENTED_EDGE('',*,*,#2502,.F.);
#1190=ORIENTED_EDGE('',*,*,#2472,.T.);
#1191=ORIENTED_EDGE('',*,*,#2503,.F.);
#1192=ORIENTED_EDGE('',*,*,#2504,.T.);
#1193=ORIENTED_EDGE('',*,*,#2498,.T.);
#1194=ORIENTED_EDGE('',*,*,#2505,.T.);
#1195=ORIENTED_EDGE('',*,*,#2506,.T.);
#1196=ORIENTED_EDGE('',*,*,#2507,.F.);
#1197=ORIENTED_EDGE('',*,*,#2508,.T.);
#1198=ORIENTED_EDGE('',*,*,#2230,.T.);
#1199=ORIENTED_EDGE('',*,*,#2509,.F.);
#1200=ORIENTED_EDGE('',*,*,#2510,.F.);
#1201=ORIENTED_EDGE('',*,*,#2511,.T.);
#1202=ORIENTED_EDGE('',*,*,#2419,.T.);
#1203=ORIENTED_EDGE('',*,*,#2508,.F.);
#1204=ORIENTED_EDGE('',*,*,#2512,.F.);
#1205=ORIENTED_EDGE('',*,*,#2513,.F.);
#1206=ORIENTED_EDGE('',*,*,#2514,.F.);
#1207=ORIENTED_EDGE('',*,*,#2515,.F.);
#1208=ORIENTED_EDGE('',*,*,#2514,.T.);
#1209=ORIENTED_EDGE('',*,*,#2516,.F.);
#1210=ORIENTED_EDGE('',*,*,#2517,.F.);
#1211=ORIENTED_EDGE('',*,*,#2518,.F.);
#1212=ORIENTED_EDGE('',*,*,#2519,.F.);
#1213=ORIENTED_EDGE('',*,*,#2509,.T.);
#1214=ORIENTED_EDGE('',*,*,#2232,.T.);
#1215=ORIENTED_EDGE('',*,*,#2520,.F.);
#1216=ORIENTED_EDGE('',*,*,#2518,.T.);
#1217=ORIENTED_EDGE('',*,*,#2521,.T.);
#1218=ORIENTED_EDGE('',*,*,#2522,.T.);
#1219=ORIENTED_EDGE('',*,*,#2523,.F.);
#1220=ORIENTED_EDGE('',*,*,#2515,.T.);
#1221=ORIENTED_EDGE('',*,*,#2523,.T.);
#1222=ORIENTED_EDGE('',*,*,#2524,.F.);
#1223=ORIENTED_EDGE('',*,*,#2525,.T.);
#1224=ORIENTED_EDGE('',*,*,#2526,.T.);
#1225=ORIENTED_EDGE('',*,*,#2527,.F.);
#1226=ORIENTED_EDGE('',*,*,#2528,.F.);
#1227=ORIENTED_EDGE('',*,*,#2415,.F.);
#1228=ORIENTED_EDGE('',*,*,#2528,.T.);
#1229=ORIENTED_EDGE('',*,*,#2529,.T.);
#1230=ORIENTED_EDGE('',*,*,#2530,.F.);
#1231=ORIENTED_EDGE('',*,*,#2211,.F.);
#1232=ORIENTED_EDGE('',*,*,#2530,.T.);
#1233=ORIENTED_EDGE('',*,*,#2531,.F.);
#1234=ORIENTED_EDGE('',*,*,#2532,.T.);
#1235=ORIENTED_EDGE('',*,*,#2403,.T.);
#1236=ORIENTED_EDGE('',*,*,#2532,.F.);
#1237=ORIENTED_EDGE('',*,*,#2533,.T.);
#1238=ORIENTED_EDGE('',*,*,#2534,.F.);
#1239=ORIENTED_EDGE('',*,*,#2535,.T.);
#1240=ORIENTED_EDGE('',*,*,#2188,.T.);
#1241=ORIENTED_EDGE('',*,*,#2493,.T.);
#1242=ORIENTED_EDGE('',*,*,#2536,.T.);
#1243=ORIENTED_EDGE('',*,*,#2474,.F.);
#1244=ORIENTED_EDGE('',*,*,#2461,.T.);
#1245=ORIENTED_EDGE('',*,*,#2537,.T.);
#1246=ORIENTED_EDGE('',*,*,#2538,.T.);
#1247=ORIENTED_EDGE('',*,*,#2201,.T.);
#1248=ORIENTED_EDGE('',*,*,#2198,.T.);
#1249=ORIENTED_EDGE('',*,*,#2195,.T.);
#1250=ORIENTED_EDGE('',*,*,#2192,.T.);
#1251=ORIENTED_EDGE('',*,*,#2202,.F.);
#1252=ORIENTED_EDGE('',*,*,#2538,.F.);
#1253=ORIENTED_EDGE('',*,*,#2539,.F.);
#1254=ORIENTED_EDGE('',*,*,#2540,.F.);
#1255=ORIENTED_EDGE('',*,*,#2494,.T.);
#1256=ORIENTED_EDGE('',*,*,#2190,.F.);
#1257=ORIENTED_EDGE('',*,*,#2194,.T.);
#1258=ORIENTED_EDGE('',*,*,#2197,.F.);
#1259=ORIENTED_EDGE('',*,*,#2200,.T.);
#1260=ORIENTED_EDGE('',*,*,#2203,.F.);
#1261=ORIENTED_EDGE('',*,*,#2540,.T.);
#1262=ORIENTED_EDGE('',*,*,#2541,.F.);
#1263=ORIENTED_EDGE('',*,*,#2542,.T.);
#1264=ORIENTED_EDGE('',*,*,#2283,.F.);
#1265=ORIENTED_EDGE('',*,*,#2292,.F.);
#1266=ORIENTED_EDGE('',*,*,#2294,.F.);
#1267=ORIENTED_EDGE('',*,*,#2298,.F.);
#1268=ORIENTED_EDGE('',*,*,#2301,.F.);
#1269=ORIENTED_EDGE('',*,*,#2304,.F.);
#1270=ORIENTED_EDGE('',*,*,#2307,.F.);
#1271=ORIENTED_EDGE('',*,*,#2491,.F.);
#1272=ORIENTED_EDGE('',*,*,#2543,.F.);
#1273=ORIENTED_EDGE('',*,*,#2542,.F.);
#1274=ORIENTED_EDGE('',*,*,#2544,.F.);
#1275=ORIENTED_EDGE('',*,*,#2545,.F.);
#1276=ORIENTED_EDGE('',*,*,#2377,.F.);
#1277=ORIENTED_EDGE('',*,*,#2289,.F.);
#1278=ORIENTED_EDGE('',*,*,#2315,.T.);
#1279=ORIENTED_EDGE('',*,*,#2284,.F.);
#1280=ORIENTED_EDGE('',*,*,#2546,.F.);
#1281=ORIENTED_EDGE('',*,*,#2378,.F.);
#1282=ORIENTED_EDGE('',*,*,#2545,.T.);
#1283=ORIENTED_EDGE('',*,*,#2547,.F.);
#1284=ORIENTED_EDGE('',*,*,#2375,.F.);
#1285=ORIENTED_EDGE('',*,*,#2548,.T.);
#1286=ORIENTED_EDGE('',*,*,#2549,.T.);
#1287=ORIENTED_EDGE('',*,*,#2496,.T.);
#1288=ORIENTED_EDGE('',*,*,#2550,.F.);
#1289=ORIENTED_EDGE('',*,*,#2551,.F.);
#1290=ORIENTED_EDGE('',*,*,#2552,.F.);
#1291=ORIENTED_EDGE('',*,*,#2485,.T.);
#1292=ORIENTED_EDGE('',*,*,#2553,.F.);
#1293=ORIENTED_EDGE('',*,*,#2554,.T.);
#1294=ORIENTED_EDGE('',*,*,#2264,.T.);
#1295=ORIENTED_EDGE('',*,*,#2552,.T.);
#1296=ORIENTED_EDGE('',*,*,#2554,.F.);
#1297=ORIENTED_EDGE('',*,*,#2555,.F.);
#1298=ORIENTED_EDGE('',*,*,#2556,.F.);
#1299=ORIENTED_EDGE('',*,*,#2214,.T.);
#1300=ORIENTED_EDGE('',*,*,#2218,.T.);
#1301=ORIENTED_EDGE('',*,*,#2215,.T.);
#1302=ORIENTED_EDGE('',*,*,#2556,.T.);
#1303=ORIENTED_EDGE('',*,*,#2557,.T.);
#1304=ORIENTED_EDGE('',*,*,#2558,.T.);
#1305=ORIENTED_EDGE('',*,*,#2233,.T.);
#1306=ORIENTED_EDGE('',*,*,#2228,.T.);
#1307=ORIENTED_EDGE('',*,*,#2418,.T.);
#1308=ORIENTED_EDGE('',*,*,#2559,.F.);
#1309=ORIENTED_EDGE('',*,*,#2422,.T.);
#1310=ORIENTED_EDGE('',*,*,#2225,.T.);
#1311=ORIENTED_EDGE('',*,*,#2222,.T.);
#1312=ORIENTED_EDGE('',*,*,#2231,.T.);
#1313=ORIENTED_EDGE('',*,*,#2558,.F.);
#1314=ORIENTED_EDGE('',*,*,#2560,.F.);
#1315=ORIENTED_EDGE('',*,*,#2561,.F.);
#1316=ORIENTED_EDGE('',*,*,#2520,.T.);
#1317=ORIENTED_EDGE('',*,*,#2562,.T.);
#1318=ORIENTED_EDGE('',*,*,#2563,.T.);
#1319=ORIENTED_EDGE('',*,*,#2564,.T.);
#1320=ORIENTED_EDGE('',*,*,#2565,.F.);
#1321=ORIENTED_EDGE('',*,*,#2457,.T.);
#1322=ORIENTED_EDGE('',*,*,#2352,.T.);
#1323=ORIENTED_EDGE('',*,*,#2363,.T.);
#1324=ORIENTED_EDGE('',*,*,#2185,.T.);
#1325=ORIENTED_EDGE('',*,*,#2427,.T.);
#1326=ORIENTED_EDGE('',*,*,#2566,.F.);
#1327=ORIENTED_EDGE('',*,*,#2361,.F.);
#1328=ORIENTED_EDGE('',*,*,#2567,.T.);
#1329=ORIENTED_EDGE('',*,*,#2562,.F.);
#1330=ORIENTED_EDGE('',*,*,#2568,.F.);
#1331=ORIENTED_EDGE('',*,*,#2413,.F.);
#1332=ORIENTED_EDGE('',*,*,#2187,.F.);
#1333=ORIENTED_EDGE('',*,*,#2569,.F.);
#1334=ORIENTED_EDGE('',*,*,#2570,.F.);
#1335=ORIENTED_EDGE('',*,*,#2571,.F.);
#1336=ORIENTED_EDGE('',*,*,#2572,.T.);
#1337=ORIENTED_EDGE('',*,*,#2279,.F.);
#1338=ORIENTED_EDGE('',*,*,#2573,.F.);
#1339=ORIENTED_EDGE('',*,*,#2574,.F.);
#1340=ORIENTED_EDGE('',*,*,#2575,.F.);
#1341=ORIENTED_EDGE('',*,*,#2574,.T.);
#1342=ORIENTED_EDGE('',*,*,#2576,.T.);
#1343=ORIENTED_EDGE('',*,*,#2577,.F.);
#1344=ORIENTED_EDGE('',*,*,#2578,.T.);
#1345=ORIENTED_EDGE('',*,*,#2506,.F.);
#1346=ORIENTED_EDGE('',*,*,#2579,.F.);
#1347=ORIENTED_EDGE('',*,*,#2405,.T.);
#1348=ORIENTED_EDGE('',*,*,#2580,.T.);
#1349=ORIENTED_EDGE('',*,*,#2581,.F.);
#1350=ORIENTED_EDGE('',*,*,#2582,.T.);
#1351=ORIENTED_EDGE('',*,*,#2209,.F.);
#1352=ORIENTED_EDGE('',*,*,#2579,.T.);
#1353=ORIENTED_EDGE('',*,*,#2583,.T.);
#1354=ORIENTED_EDGE('',*,*,#2584,.T.);
#1355=ORIENTED_EDGE('',*,*,#2416,.F.);
#1356=ORIENTED_EDGE('',*,*,#2582,.F.);
#1357=ORIENTED_EDGE('',*,*,#2585,.F.);
#1358=ORIENTED_EDGE('',*,*,#2409,.F.);
#1359=ORIENTED_EDGE('',*,*,#2586,.F.);
#1360=ORIENTED_EDGE('',*,*,#2277,.T.);
#1361=ORIENTED_EDGE('',*,*,#2572,.F.);
#1362=ORIENTED_EDGE('',*,*,#2587,.F.);
#1363=ORIENTED_EDGE('',*,*,#2588,.F.);
#1364=ORIENTED_EDGE('',*,*,#2589,.F.);
#1365=ORIENTED_EDGE('',*,*,#2590,.F.);
#1366=ORIENTED_EDGE('',*,*,#2278,.F.);
#1367=ORIENTED_EDGE('',*,*,#2591,.F.);
#1368=ORIENTED_EDGE('',*,*,#2592,.T.);
#1369=ORIENTED_EDGE('',*,*,#2593,.T.);
#1370=ORIENTED_EDGE('',*,*,#2594,.T.);
#1371=ORIENTED_EDGE('',*,*,#2589,.T.);
#1372=ORIENTED_EDGE('',*,*,#2580,.F.);
#1373=ORIENTED_EDGE('',*,*,#2595,.T.);
#1374=ORIENTED_EDGE('',*,*,#2596,.F.);
#1375=ORIENTED_EDGE('',*,*,#2597,.T.);
#1376=ORIENTED_EDGE('',*,*,#2598,.T.);
#1377=ORIENTED_EDGE('',*,*,#2599,.F.);
#1378=ORIENTED_EDGE('',*,*,#2600,.F.);
#1379=ORIENTED_EDGE('',*,*,#2435,.F.);
#1380=ORIENTED_EDGE('',*,*,#2379,.T.);
#1381=ORIENTED_EDGE('',*,*,#2546,.T.);
#1382=ORIENTED_EDGE('',*,*,#2601,.T.);
#1383=ORIENTED_EDGE('',*,*,#2602,.T.);
#1384=ORIENTED_EDGE('',*,*,#2603,.F.);
#1385=ORIENTED_EDGE('',*,*,#2604,.F.);
#1386=ORIENTED_EDGE('',*,*,#2358,.T.);
#1387=ORIENTED_EDGE('',*,*,#2356,.T.);
#1388=ORIENTED_EDGE('',*,*,#2360,.T.);
#1389=ORIENTED_EDGE('',*,*,#2605,.F.);
#1390=ORIENTED_EDGE('',*,*,#2606,.T.);
#1391=ORIENTED_EDGE('',*,*,#2607,.T.);
#1392=ORIENTED_EDGE('',*,*,#2608,.F.);
#1393=ORIENTED_EDGE('',*,*,#2609,.T.);
#1394=ORIENTED_EDGE('',*,*,#2610,.T.);
#1395=ORIENTED_EDGE('',*,*,#2605,.T.);
#1396=ORIENTED_EDGE('',*,*,#2359,.F.);
#1397=ORIENTED_EDGE('',*,*,#2604,.T.);
#1398=ORIENTED_EDGE('',*,*,#2611,.F.);
#1399=ORIENTED_EDGE('',*,*,#2612,.F.);
#1400=ORIENTED_EDGE('',*,*,#2608,.T.);
#1401=ORIENTED_EDGE('',*,*,#2613,.F.);
#1402=ORIENTED_EDGE('',*,*,#2614,.F.);
#1403=ORIENTED_EDGE('',*,*,#2548,.F.);
#1404=ORIENTED_EDGE('',*,*,#2382,.F.);
#1405=ORIENTED_EDGE('',*,*,#2615,.F.);
#1406=ORIENTED_EDGE('',*,*,#2616,.F.);
#1407=ORIENTED_EDGE('',*,*,#2617,.F.);
#1408=ORIENTED_EDGE('',*,*,#2618,.F.);
#1409=ORIENTED_EDGE('',*,*,#2619,.T.);
#1410=ORIENTED_EDGE('',*,*,#2611,.T.);
#1411=ORIENTED_EDGE('',*,*,#2620,.T.);
#1412=ORIENTED_EDGE('',*,*,#2621,.F.);
#1413=ORIENTED_EDGE('',*,*,#2617,.T.);
#1414=ORIENTED_EDGE('',*,*,#2622,.T.);
#1415=ORIENTED_EDGE('',*,*,#2362,.T.);
#1416=ORIENTED_EDGE('',*,*,#2381,.F.);
#1417=ORIENTED_EDGE('',*,*,#2623,.T.);
#1418=ORIENTED_EDGE('',*,*,#2624,.T.);
#1419=ORIENTED_EDGE('',*,*,#2615,.T.);
#1420=ORIENTED_EDGE('',*,*,#2625,.F.);
#1421=ORIENTED_EDGE('',*,*,#2626,.F.);
#1422=ORIENTED_EDGE('',*,*,#2372,.T.);
#1423=ORIENTED_EDGE('',*,*,#2370,.T.);
#1424=ORIENTED_EDGE('',*,*,#2374,.T.);
#1425=ORIENTED_EDGE('',*,*,#2627,.F.);
#1426=ORIENTED_EDGE('',*,*,#2626,.T.);
#1427=ORIENTED_EDGE('',*,*,#2628,.T.);
#1428=ORIENTED_EDGE('',*,*,#2629,.T.);
#1429=ORIENTED_EDGE('',*,*,#2630,.F.);
#1430=ORIENTED_EDGE('',*,*,#2631,.T.);
#1431=ORIENTED_EDGE('',*,*,#2632,.T.);
#1432=ORIENTED_EDGE('',*,*,#2627,.T.);
#1433=ORIENTED_EDGE('',*,*,#2373,.F.);
#1434=ORIENTED_EDGE('',*,*,#2633,.F.);
#1435=ORIENTED_EDGE('',*,*,#2634,.F.);
#1436=ORIENTED_EDGE('',*,*,#2630,.T.);
#1437=ORIENTED_EDGE('',*,*,#2635,.F.);
#1438=ORIENTED_EDGE('',*,*,#2636,.F.);
#1439=ORIENTED_EDGE('',*,*,#2623,.F.);
#1440=ORIENTED_EDGE('',*,*,#2380,.F.);
#1441=ORIENTED_EDGE('',*,*,#2602,.F.);
#1442=ORIENTED_EDGE('',*,*,#2637,.F.);
#1443=ORIENTED_EDGE('',*,*,#2638,.F.);
#1444=ORIENTED_EDGE('',*,*,#2639,.F.);
#1445=ORIENTED_EDGE('',*,*,#2640,.T.);
#1446=ORIENTED_EDGE('',*,*,#2633,.T.);
#1447=ORIENTED_EDGE('',*,*,#2641,.T.);
#1448=ORIENTED_EDGE('',*,*,#2642,.F.);
#1449=ORIENTED_EDGE('',*,*,#2638,.T.);
#1450=ORIENTED_EDGE('',*,*,#2643,.T.);
#1451=ORIENTED_EDGE('',*,*,#2390,.F.);
#1452=ORIENTED_EDGE('',*,*,#2644,.T.);
#1453=ORIENTED_EDGE('',*,*,#2645,.F.);
#1454=ORIENTED_EDGE('',*,*,#2598,.F.);
#1455=ORIENTED_EDGE('',*,*,#2384,.F.);
#1456=ORIENTED_EDGE('',*,*,#2389,.F.);
#1457=ORIENTED_EDGE('',*,*,#2646,.F.);
#1458=ORIENTED_EDGE('',*,*,#2647,.T.);
#1459=ORIENTED_EDGE('',*,*,#2648,.T.);
#1460=ORIENTED_EDGE('',*,*,#2644,.F.);
#1461=ORIENTED_EDGE('',*,*,#2392,.F.);
#1462=ORIENTED_EDGE('',*,*,#2649,.F.);
#1463=ORIENTED_EDGE('',*,*,#2650,.T.);
#1464=ORIENTED_EDGE('',*,*,#2651,.F.);
#1465=ORIENTED_EDGE('',*,*,#2441,.F.);
#1466=ORIENTED_EDGE('',*,*,#2449,.T.);
#1467=ORIENTED_EDGE('',*,*,#2652,.F.);
#1468=ORIENTED_EDGE('',*,*,#2653,.T.);
#1469=ORIENTED_EDGE('',*,*,#2649,.T.);
#1470=ORIENTED_EDGE('',*,*,#2654,.F.);
#1471=ORIENTED_EDGE('',*,*,#2652,.T.);
#1472=ORIENTED_EDGE('',*,*,#2448,.T.);
#1473=ORIENTED_EDGE('',*,*,#2655,.T.);
#1474=ORIENTED_EDGE('',*,*,#2447,.T.);
#1475=ORIENTED_EDGE('',*,*,#2656,.F.);
#1476=ORIENTED_EDGE('',*,*,#2657,.T.);
#1477=ORIENTED_EDGE('',*,*,#2655,.F.);
#1478=ORIENTED_EDGE('',*,*,#2451,.F.);
#1479=ORIENTED_EDGE('',*,*,#2658,.F.);
#1480=ORIENTED_EDGE('',*,*,#2659,.F.);
#1481=ORIENTED_EDGE('',*,*,#2656,.T.);
#1482=ORIENTED_EDGE('',*,*,#2660,.T.);
#1483=ORIENTED_EDGE('',*,*,#2661,.F.);
#1484=ORIENTED_EDGE('',*,*,#2394,.T.);
#1485=ORIENTED_EDGE('',*,*,#2400,.F.);
#1486=ORIENTED_EDGE('',*,*,#2662,.F.);
#1487=ORIENTED_EDGE('',*,*,#2397,.F.);
#1488=ORIENTED_EDGE('',*,*,#2396,.T.);
#1489=ORIENTED_EDGE('',*,*,#2393,.F.);
#1490=ORIENTED_EDGE('',*,*,#2658,.T.);
#1491=ORIENTED_EDGE('',*,*,#2401,.F.);
#1492=ORIENTED_EDGE('',*,*,#2398,.T.);
#1493=ORIENTED_EDGE('',*,*,#2663,.F.);
#1494=ORIENTED_EDGE('',*,*,#2664,.F.);
#1495=ORIENTED_EDGE('',*,*,#2660,.F.);
#1496=ORIENTED_EDGE('',*,*,#2430,.F.);
#1497=ORIENTED_EDGE('',*,*,#2665,.F.);
#1498=ORIENTED_EDGE('',*,*,#2666,.T.);
#1499=ORIENTED_EDGE('',*,*,#2667,.F.);
#1500=ORIENTED_EDGE('',*,*,#2668,.F.);
#1501=ORIENTED_EDGE('',*,*,#2665,.T.);
#1502=ORIENTED_EDGE('',*,*,#2535,.F.);
#1503=ORIENTED_EDGE('',*,*,#2669,.F.);
#1504=ORIENTED_EDGE('',*,*,#2595,.F.);
#1505=ORIENTED_EDGE('',*,*,#2404,.F.);
#1506=ORIENTED_EDGE('',*,*,#2596,.T.);
#1507=ORIENTED_EDGE('',*,*,#2670,.T.);
#1508=ORIENTED_EDGE('',*,*,#2671,.T.);
#1509=ORIENTED_EDGE('',*,*,#2672,.F.);
#1510=ORIENTED_EDGE('',*,*,#2534,.T.);
#1511=ORIENTED_EDGE('',*,*,#2673,.F.);
#1512=ORIENTED_EDGE('',*,*,#2674,.T.);
#1513=ORIENTED_EDGE('',*,*,#2675,.T.);
#1514=ORIENTED_EDGE('',*,*,#2676,.F.);
#1515=ORIENTED_EDGE('',*,*,#2667,.T.);
#1516=ORIENTED_EDGE('',*,*,#2677,.T.);
#1517=ORIENTED_EDGE('',*,*,#2678,.T.);
#1518=ORIENTED_EDGE('',*,*,#2647,.F.);
#1519=ORIENTED_EDGE('',*,*,#2407,.F.);
#1520=ORIENTED_EDGE('',*,*,#2442,.F.);
#1521=ORIENTED_EDGE('',*,*,#2651,.T.);
#1522=ORIENTED_EDGE('',*,*,#2679,.T.);
#1523=ORIENTED_EDGE('',*,*,#2680,.F.);
#1524=ORIENTED_EDGE('',*,*,#2410,.T.);
#1525=ORIENTED_EDGE('',*,*,#2587,.T.);
#1526=ORIENTED_EDGE('',*,*,#2681,.F.);
#1527=ORIENTED_EDGE('',*,*,#2682,.F.);
#1528=ORIENTED_EDGE('',*,*,#2683,.F.);
#1529=ORIENTED_EDGE('',*,*,#2684,.F.);
#1530=ORIENTED_EDGE('',*,*,#2685,.F.);
#1531=ORIENTED_EDGE('',*,*,#2408,.F.);
#1532=ORIENTED_EDGE('',*,*,#2426,.T.);
#1533=ORIENTED_EDGE('',*,*,#2458,.T.);
#1534=ORIENTED_EDGE('',*,*,#2476,.F.);
#1535=ORIENTED_EDGE('',*,*,#2686,.T.);
#1536=ORIENTED_EDGE('',*,*,#2478,.T.);
#1537=ORIENTED_EDGE('',*,*,#2423,.T.);
#1538=ORIENTED_EDGE('',*,*,#2420,.T.);
#1539=ORIENTED_EDGE('',*,*,#2559,.T.);
#1540=ORIENTED_EDGE('',*,*,#2417,.T.);
#1541=ORIENTED_EDGE('',*,*,#2511,.F.);
#1542=ORIENTED_EDGE('',*,*,#2687,.F.);
#1543=ORIENTED_EDGE('',*,*,#2512,.T.);
#1544=ORIENTED_EDGE('',*,*,#2525,.F.);
#1545=ORIENTED_EDGE('',*,*,#2688,.T.);
#1546=ORIENTED_EDGE('',*,*,#2526,.F.);
#1547=ORIENTED_EDGE('',*,*,#2414,.T.);
#1548=ORIENTED_EDGE('',*,*,#2584,.F.);
#1549=ORIENTED_EDGE('',*,*,#2689,.T.);
#1550=ORIENTED_EDGE('',*,*,#2684,.T.);
#1551=ORIENTED_EDGE('',*,*,#2690,.T.);
#1552=ORIENTED_EDGE('',*,*,#2691,.T.);
#1553=ORIENTED_EDGE('',*,*,#2428,.T.);
#1554=ORIENTED_EDGE('',*,*,#2411,.T.);
#1555=ORIENTED_EDGE('',*,*,#2568,.T.);
#1556=ORIENTED_EDGE('',*,*,#2566,.T.);
#1557=ORIENTED_EDGE('',*,*,#2429,.F.);
#1558=ORIENTED_EDGE('',*,*,#2691,.F.);
#1559=ORIENTED_EDGE('',*,*,#2692,.F.);
#1560=ORIENTED_EDGE('',*,*,#2693,.F.);
#1561=ORIENTED_EDGE('',*,*,#2677,.F.);
#1562=ORIENTED_EDGE('',*,*,#2666,.F.);
#1563=ORIENTED_EDGE('',*,*,#2694,.F.);
#1564=ORIENTED_EDGE('',*,*,#2695,.F.);
#1565=ORIENTED_EDGE('',*,*,#2696,.F.);
#1566=ORIENTED_EDGE('',*,*,#2697,.F.);
#1567=ORIENTED_EDGE('',*,*,#2698,.F.);
#1568=ORIENTED_EDGE('',*,*,#2699,.F.);
#1569=ORIENTED_EDGE('',*,*,#2699,.T.);
#1570=ORIENTED_EDGE('',*,*,#2700,.F.);
#1571=ORIENTED_EDGE('',*,*,#2701,.T.);
#1572=ORIENTED_EDGE('',*,*,#2577,.T.);
#1573=ORIENTED_EDGE('',*,*,#2701,.F.);
#1574=ORIENTED_EDGE('',*,*,#2702,.F.);
#1575=ORIENTED_EDGE('',*,*,#2681,.T.);
#1576=ORIENTED_EDGE('',*,*,#2575,.T.);
#1577=ORIENTED_EDGE('',*,*,#2600,.T.);
#1578=ORIENTED_EDGE('',*,*,#2703,.F.);
#1579=ORIENTED_EDGE('',*,*,#2704,.T.);
#1580=ORIENTED_EDGE('',*,*,#2705,.F.);
#1581=ORIENTED_EDGE('',*,*,#2437,.F.);
#1582=ORIENTED_EDGE('',*,*,#2436,.T.);
#1583=ORIENTED_EDGE('',*,*,#2705,.T.);
#1584=ORIENTED_EDGE('',*,*,#2706,.F.);
#1585=ORIENTED_EDGE('',*,*,#2707,.F.);
#1586=ORIENTED_EDGE('',*,*,#2444,.T.);
#1587=ORIENTED_EDGE('',*,*,#2433,.T.);
#1588=ORIENTED_EDGE('',*,*,#2443,.T.);
#1589=ORIENTED_EDGE('',*,*,#2708,.T.);
#1590=ORIENTED_EDGE('',*,*,#2459,.T.);
#1591=ORIENTED_EDGE('',*,*,#2455,.T.);
#1592=ORIENTED_EDGE('',*,*,#2565,.T.);
#1593=ORIENTED_EDGE('',*,*,#2709,.T.);
#1594=ORIENTED_EDGE('',*,*,#2453,.T.);
#1595=ORIENTED_EDGE('',*,*,#2452,.T.);
#1596=ORIENTED_EDGE('',*,*,#2445,.T.);
#1597=ORIENTED_EDGE('',*,*,#2439,.T.);
#1598=ORIENTED_EDGE('',*,*,#2707,.T.);
#1599=ORIENTED_EDGE('',*,*,#2710,.T.);
#1600=ORIENTED_EDGE('',*,*,#2708,.F.);
#1601=ORIENTED_EDGE('',*,*,#2711,.T.);
#1602=ORIENTED_EDGE('',*,*,#2712,.T.);
#1603=ORIENTED_EDGE('',*,*,#2460,.T.);
#1604=ORIENTED_EDGE('',*,*,#2469,.F.);
#1605=ORIENTED_EDGE('',*,*,#2473,.T.);
#1606=ORIENTED_EDGE('',*,*,#2502,.T.);
#1607=ORIENTED_EDGE('',*,*,#2713,.F.);
#1608=ORIENTED_EDGE('',*,*,#2714,.T.);
#1609=ORIENTED_EDGE('',*,*,#2715,.F.);
#1610=ORIENTED_EDGE('',*,*,#2715,.T.);
#1611=ORIENTED_EDGE('',*,*,#2716,.F.);
#1612=ORIENTED_EDGE('',*,*,#2717,.T.);
#1613=ORIENTED_EDGE('',*,*,#2466,.F.);
#1614=ORIENTED_EDGE('',*,*,#2463,.T.);
#1615=ORIENTED_EDGE('',*,*,#2470,.F.);
#1616=ORIENTED_EDGE('',*,*,#2503,.T.);
#1617=ORIENTED_EDGE('',*,*,#2471,.T.);
#1618=ORIENTED_EDGE('',*,*,#2467,.F.);
#1619=ORIENTED_EDGE('',*,*,#2717,.F.);
#1620=ORIENTED_EDGE('',*,*,#2718,.T.);
#1621=ORIENTED_EDGE('',*,*,#2719,.F.);
#1622=ORIENTED_EDGE('',*,*,#2719,.T.);
#1623=ORIENTED_EDGE('',*,*,#2720,.F.);
#1624=ORIENTED_EDGE('',*,*,#2721,.T.);
#1625=ORIENTED_EDGE('',*,*,#2499,.T.);
#1626=ORIENTED_EDGE('',*,*,#2504,.F.);
#1627=ORIENTED_EDGE('',*,*,#2536,.F.);
#1628=ORIENTED_EDGE('',*,*,#2495,.F.);
#1629=ORIENTED_EDGE('',*,*,#2543,.T.);
#1630=ORIENTED_EDGE('',*,*,#2492,.T.);
#1631=ORIENTED_EDGE('',*,*,#2489,.F.);
#1632=ORIENTED_EDGE('',*,*,#2488,.F.);
#1633=ORIENTED_EDGE('',*,*,#2500,.T.);
#1634=ORIENTED_EDGE('',*,*,#2721,.F.);
#1635=ORIENTED_EDGE('',*,*,#2722,.F.);
#1636=ORIENTED_EDGE('',*,*,#2723,.F.);
#1637=ORIENTED_EDGE('',*,*,#2550,.T.);
#1638=ORIENTED_EDGE('',*,*,#2484,.F.);
#1639=ORIENTED_EDGE('',*,*,#2482,.F.);
#1640=ORIENTED_EDGE('',*,*,#2480,.F.);
#1641=ORIENTED_EDGE('',*,*,#2479,.F.);
#1642=ORIENTED_EDGE('',*,*,#2477,.F.);
#1643=ORIENTED_EDGE('',*,*,#2686,.F.);
#1644=ORIENTED_EDGE('',*,*,#2475,.F.);
#1645=ORIENTED_EDGE('',*,*,#2724,.T.);
#1646=ORIENTED_EDGE('',*,*,#2725,.F.);
#1647=ORIENTED_EDGE('',*,*,#2713,.T.);
#1648=ORIENTED_EDGE('',*,*,#2501,.F.);
#1649=ORIENTED_EDGE('',*,*,#2497,.T.);
#1650=ORIENTED_EDGE('',*,*,#2726,.F.);
#1651=ORIENTED_EDGE('',*,*,#2505,.F.);
#1652=ORIENTED_EDGE('',*,*,#2517,.T.);
#1653=ORIENTED_EDGE('',*,*,#2727,.F.);
#1654=ORIENTED_EDGE('',*,*,#2728,.F.);
#1655=ORIENTED_EDGE('',*,*,#2729,.F.);
#1656=ORIENTED_EDGE('',*,*,#2730,.F.);
#1657=ORIENTED_EDGE('',*,*,#2521,.F.);
#1658=ORIENTED_EDGE('',*,*,#2729,.T.);
#1659=ORIENTED_EDGE('',*,*,#2731,.F.);
#1660=ORIENTED_EDGE('',*,*,#2519,.T.);
#1661=ORIENTED_EDGE('',*,*,#2561,.T.);
#1662=ORIENTED_EDGE('',*,*,#2732,.F.);
#1663=ORIENTED_EDGE('',*,*,#2733,.F.);
#1664=ORIENTED_EDGE('',*,*,#2727,.T.);
#1665=ORIENTED_EDGE('',*,*,#2516,.T.);
#1666=ORIENTED_EDGE('',*,*,#2513,.T.);
#1667=ORIENTED_EDGE('',*,*,#2687,.T.);
#1668=ORIENTED_EDGE('',*,*,#2510,.T.);
#1669=ORIENTED_EDGE('',*,*,#2507,.T.);
#1670=ORIENTED_EDGE('',*,*,#2730,.T.);
#1671=ORIENTED_EDGE('',*,*,#2734,.T.);
#1672=ORIENTED_EDGE('',*,*,#2735,.T.);
#1673=ORIENTED_EDGE('',*,*,#2673,.T.);
#1674=ORIENTED_EDGE('',*,*,#2533,.F.);
#1675=ORIENTED_EDGE('',*,*,#2531,.T.);
#1676=ORIENTED_EDGE('',*,*,#2529,.F.);
#1677=ORIENTED_EDGE('',*,*,#2527,.T.);
#1678=ORIENTED_EDGE('',*,*,#2688,.F.);
#1679=ORIENTED_EDGE('',*,*,#2524,.T.);
#1680=ORIENTED_EDGE('',*,*,#2522,.F.);
#1681=ORIENTED_EDGE('',*,*,#2736,.F.);
#1682=ORIENTED_EDGE('',*,*,#2737,.F.);
#1683=ORIENTED_EDGE('',*,*,#2703,.T.);
#1684=ORIENTED_EDGE('',*,*,#2738,.T.);
#1685=ORIENTED_EDGE('',*,*,#2547,.T.);
#1686=ORIENTED_EDGE('',*,*,#2544,.T.);
#1687=ORIENTED_EDGE('',*,*,#2541,.T.);
#1688=ORIENTED_EDGE('',*,*,#2539,.T.);
#1689=ORIENTED_EDGE('',*,*,#2537,.F.);
#1690=ORIENTED_EDGE('',*,*,#2712,.F.);
#1691=ORIENTED_EDGE('',*,*,#2739,.F.);
#1692=ORIENTED_EDGE('',*,*,#2740,.T.);
#1693=ORIENTED_EDGE('',*,*,#2741,.T.);
#1694=ORIENTED_EDGE('',*,*,#2742,.F.);
#1695=ORIENTED_EDGE('',*,*,#2743,.T.);
#1696=ORIENTED_EDGE('',*,*,#2724,.F.);
#1697=ORIENTED_EDGE('',*,*,#2549,.F.);
#1698=ORIENTED_EDGE('',*,*,#2744,.T.);
#1699=ORIENTED_EDGE('',*,*,#2745,.T.);
#1700=ORIENTED_EDGE('',*,*,#2746,.T.);
#1701=ORIENTED_EDGE('',*,*,#2747,.T.);
#1702=ORIENTED_EDGE('',*,*,#2748,.T.);
#1703=ORIENTED_EDGE('',*,*,#2749,.T.);
#1704=ORIENTED_EDGE('',*,*,#2732,.T.);
#1705=ORIENTED_EDGE('',*,*,#2560,.T.);
#1706=ORIENTED_EDGE('',*,*,#2557,.F.);
#1707=ORIENTED_EDGE('',*,*,#2555,.T.);
#1708=ORIENTED_EDGE('',*,*,#2553,.T.);
#1709=ORIENTED_EDGE('',*,*,#2551,.T.);
#1710=ORIENTED_EDGE('',*,*,#2723,.T.);
#1711=ORIENTED_EDGE('',*,*,#2750,.F.);
#1712=ORIENTED_EDGE('',*,*,#2751,.F.);
#1713=ORIENTED_EDGE('',*,*,#2752,.T.);
#1714=ORIENTED_EDGE('',*,*,#2696,.T.);
#1715=ORIENTED_EDGE('',*,*,#2576,.F.);
#1716=ORIENTED_EDGE('',*,*,#2573,.T.);
#1717=ORIENTED_EDGE('',*,*,#2590,.T.);
#1718=ORIENTED_EDGE('',*,*,#2594,.F.);
#1719=ORIENTED_EDGE('',*,*,#2753,.T.);
#1720=ORIENTED_EDGE('',*,*,#2754,.F.);
#1721=ORIENTED_EDGE('',*,*,#2697,.T.);
#1722=ORIENTED_EDGE('',*,*,#2752,.F.);
#1723=ORIENTED_EDGE('',*,*,#2755,.T.);
#1724=ORIENTED_EDGE('',*,*,#2756,.F.);
#1725=ORIENTED_EDGE('',*,*,#2695,.T.);
#1726=ORIENTED_EDGE('',*,*,#2757,.T.);
#1727=ORIENTED_EDGE('',*,*,#2753,.F.);
#1728=ORIENTED_EDGE('',*,*,#2593,.F.);
#1729=ORIENTED_EDGE('',*,*,#2758,.T.);
#1730=ORIENTED_EDGE('',*,*,#2578,.F.);
#1731=ORIENTED_EDGE('',*,*,#2759,.F.);
#1732=ORIENTED_EDGE('',*,*,#2760,.F.);
#1733=ORIENTED_EDGE('',*,*,#2761,.F.);
#1734=ORIENTED_EDGE('',*,*,#2758,.F.);
#1735=ORIENTED_EDGE('',*,*,#2592,.F.);
#1736=ORIENTED_EDGE('',*,*,#2762,.F.);
#1737=ORIENTED_EDGE('',*,*,#2597,.F.);
#1738=ORIENTED_EDGE('',*,*,#2672,.T.);
#1739=ORIENTED_EDGE('',*,*,#2763,.T.);
#1740=ORIENTED_EDGE('',*,*,#2764,.F.);
#1741=ORIENTED_EDGE('',*,*,#2762,.T.);
#1742=ORIENTED_EDGE('',*,*,#2591,.T.);
#1743=ORIENTED_EDGE('',*,*,#2588,.T.);
#1744=ORIENTED_EDGE('',*,*,#2586,.T.);
#1745=ORIENTED_EDGE('',*,*,#2685,.T.);
#1746=ORIENTED_EDGE('',*,*,#2689,.F.);
#1747=ORIENTED_EDGE('',*,*,#2585,.T.);
#1748=ORIENTED_EDGE('',*,*,#2583,.F.);
#1749=ORIENTED_EDGE('',*,*,#2581,.T.);
#1750=ORIENTED_EDGE('',*,*,#2765,.F.);
#1751=ORIENTED_EDGE('',*,*,#2738,.F.);
#1752=ORIENTED_EDGE('',*,*,#2599,.T.);
#1753=ORIENTED_EDGE('',*,*,#2766,.T.);
#1754=ORIENTED_EDGE('',*,*,#2741,.F.);
#1755=ORIENTED_EDGE('',*,*,#2767,.T.);
#1756=ORIENTED_EDGE('',*,*,#2768,.F.);
#1757=ORIENTED_EDGE('',*,*,#2601,.F.);
#1758=ORIENTED_EDGE('',*,*,#2609,.F.);
#1759=ORIENTED_EDGE('',*,*,#2612,.T.);
#1760=ORIENTED_EDGE('',*,*,#2619,.F.);
#1761=ORIENTED_EDGE('',*,*,#2769,.F.);
#1762=ORIENTED_EDGE('',*,*,#2770,.T.);
#1763=ORIENTED_EDGE('',*,*,#2771,.F.);
#1764=ORIENTED_EDGE('',*,*,#2603,.T.);
#1765=ORIENTED_EDGE('',*,*,#2610,.F.);
#1766=ORIENTED_EDGE('',*,*,#2771,.T.);
#1767=ORIENTED_EDGE('',*,*,#2772,.F.);
#1768=ORIENTED_EDGE('',*,*,#2773,.T.);
#1769=ORIENTED_EDGE('',*,*,#2606,.F.);
#1770=ORIENTED_EDGE('',*,*,#2620,.F.);
#1771=ORIENTED_EDGE('',*,*,#2613,.T.);
#1772=ORIENTED_EDGE('',*,*,#2607,.F.);
#1773=ORIENTED_EDGE('',*,*,#2773,.F.);
#1774=ORIENTED_EDGE('',*,*,#2774,.T.);
#1775=ORIENTED_EDGE('',*,*,#2775,.F.);
#1776=ORIENTED_EDGE('',*,*,#2614,.T.);
#1777=ORIENTED_EDGE('',*,*,#2621,.T.);
#1778=ORIENTED_EDGE('',*,*,#2775,.T.);
#1779=ORIENTED_EDGE('',*,*,#2776,.F.);
#1780=ORIENTED_EDGE('',*,*,#2742,.T.);
#1781=ORIENTED_EDGE('',*,*,#2777,.T.);
#1782=ORIENTED_EDGE('',*,*,#2778,.F.);
#1783=ORIENTED_EDGE('',*,*,#2769,.T.);
#1784=ORIENTED_EDGE('',*,*,#2618,.T.);
#1785=ORIENTED_EDGE('',*,*,#2616,.T.);
#1786=ORIENTED_EDGE('',*,*,#2779,.F.);
#1787=ORIENTED_EDGE('',*,*,#2622,.F.);
#1788=ORIENTED_EDGE('',*,*,#2780,.F.);
#1789=ORIENTED_EDGE('',*,*,#2781,.T.);
#1790=ORIENTED_EDGE('',*,*,#2777,.F.);
#1791=ORIENTED_EDGE('',*,*,#2624,.F.);
#1792=ORIENTED_EDGE('',*,*,#2631,.F.);
#1793=ORIENTED_EDGE('',*,*,#2634,.T.);
#1794=ORIENTED_EDGE('',*,*,#2640,.F.);
#1795=ORIENTED_EDGE('',*,*,#2782,.F.);
#1796=ORIENTED_EDGE('',*,*,#2783,.T.);
#1797=ORIENTED_EDGE('',*,*,#2784,.F.);
#1798=ORIENTED_EDGE('',*,*,#2784,.T.);
#1799=ORIENTED_EDGE('',*,*,#2785,.F.);
#1800=ORIENTED_EDGE('',*,*,#2786,.T.);
#1801=ORIENTED_EDGE('',*,*,#2628,.F.);
#1802=ORIENTED_EDGE('',*,*,#2625,.T.);
#1803=ORIENTED_EDGE('',*,*,#2632,.F.);
#1804=ORIENTED_EDGE('',*,*,#2641,.F.);
#1805=ORIENTED_EDGE('',*,*,#2635,.T.);
#1806=ORIENTED_EDGE('',*,*,#2629,.F.);
#1807=ORIENTED_EDGE('',*,*,#2786,.F.);
#1808=ORIENTED_EDGE('',*,*,#2787,.T.);
#1809=ORIENTED_EDGE('',*,*,#2788,.F.);
#1810=ORIENTED_EDGE('',*,*,#2636,.T.);
#1811=ORIENTED_EDGE('',*,*,#2642,.T.);
#1812=ORIENTED_EDGE('',*,*,#2788,.T.);
#1813=ORIENTED_EDGE('',*,*,#2789,.F.);
#1814=ORIENTED_EDGE('',*,*,#2780,.T.);
#1815=ORIENTED_EDGE('',*,*,#2768,.T.);
#1816=ORIENTED_EDGE('',*,*,#2790,.F.);
#1817=ORIENTED_EDGE('',*,*,#2782,.T.);
#1818=ORIENTED_EDGE('',*,*,#2639,.T.);
#1819=ORIENTED_EDGE('',*,*,#2637,.T.);
#1820=ORIENTED_EDGE('',*,*,#2791,.F.);
#1821=ORIENTED_EDGE('',*,*,#2643,.F.);
#1822=ORIENTED_EDGE('',*,*,#2646,.T.);
#1823=ORIENTED_EDGE('',*,*,#2792,.F.);
#1824=ORIENTED_EDGE('',*,*,#2766,.F.);
#1825=ORIENTED_EDGE('',*,*,#2645,.T.);
#1826=ORIENTED_EDGE('',*,*,#2793,.T.);
#1827=ORIENTED_EDGE('',*,*,#2794,.F.);
#1828=ORIENTED_EDGE('',*,*,#2793,.F.);
#1829=ORIENTED_EDGE('',*,*,#2648,.F.);
#1830=ORIENTED_EDGE('',*,*,#2795,.T.);
#1831=ORIENTED_EDGE('',*,*,#2653,.F.);
#1832=ORIENTED_EDGE('',*,*,#2796,.T.);
#1833=ORIENTED_EDGE('',*,*,#2797,.T.);
#1834=ORIENTED_EDGE('',*,*,#2798,.F.);
#1835=ORIENTED_EDGE('',*,*,#2679,.F.);
#1836=ORIENTED_EDGE('',*,*,#2650,.F.);
#1837=ORIENTED_EDGE('',*,*,#2799,.F.);
#1838=ORIENTED_EDGE('',*,*,#2800,.F.);
#1839=ORIENTED_EDGE('',*,*,#2796,.F.);
#1840=ORIENTED_EDGE('',*,*,#2654,.T.);
#1841=ORIENTED_EDGE('',*,*,#2659,.T.);
#1842=ORIENTED_EDGE('',*,*,#2801,.F.);
#1843=ORIENTED_EDGE('',*,*,#2802,.F.);
#1844=ORIENTED_EDGE('',*,*,#2799,.T.);
#1845=ORIENTED_EDGE('',*,*,#2657,.F.);
#1846=ORIENTED_EDGE('',*,*,#2663,.T.);
#1847=ORIENTED_EDGE('',*,*,#2662,.T.);
#1848=ORIENTED_EDGE('',*,*,#2661,.T.);
#1849=ORIENTED_EDGE('',*,*,#2803,.T.);
#1850=ORIENTED_EDGE('',*,*,#2804,.F.);
#1851=ORIENTED_EDGE('',*,*,#2801,.T.);
#1852=ORIENTED_EDGE('',*,*,#2668,.T.);
#1853=ORIENTED_EDGE('',*,*,#2805,.F.);
#1854=ORIENTED_EDGE('',*,*,#2806,.F.);
#1855=ORIENTED_EDGE('',*,*,#2803,.F.);
#1856=ORIENTED_EDGE('',*,*,#2664,.T.);
#1857=ORIENTED_EDGE('',*,*,#2669,.T.);
#1858=ORIENTED_EDGE('',*,*,#2675,.F.);
#1859=ORIENTED_EDGE('',*,*,#2807,.T.);
#1860=ORIENTED_EDGE('',*,*,#2670,.F.);
#1861=ORIENTED_EDGE('',*,*,#2671,.F.);
#1862=ORIENTED_EDGE('',*,*,#2808,.T.);
#1863=ORIENTED_EDGE('',*,*,#2809,.F.);
#1864=ORIENTED_EDGE('',*,*,#2693,.T.);
#1865=ORIENTED_EDGE('',*,*,#2810,.F.);
#1866=ORIENTED_EDGE('',*,*,#2811,.T.);
#1867=ORIENTED_EDGE('',*,*,#2678,.F.);
#1868=ORIENTED_EDGE('',*,*,#2812,.F.);
#1869=ORIENTED_EDGE('',*,*,#2813,.F.);
#1870=ORIENTED_EDGE('',*,*,#2805,.T.);
#1871=ORIENTED_EDGE('',*,*,#2676,.T.);
#1872=ORIENTED_EDGE('',*,*,#2814,.F.);
#1873=ORIENTED_EDGE('',*,*,#2795,.F.);
#1874=ORIENTED_EDGE('',*,*,#2680,.T.);
#1875=ORIENTED_EDGE('',*,*,#2798,.T.);
#1876=ORIENTED_EDGE('',*,*,#2815,.T.);
#1877=ORIENTED_EDGE('',*,*,#2735,.F.);
#1878=ORIENTED_EDGE('',*,*,#2816,.F.);
#1879=ORIENTED_EDGE('',*,*,#2817,.T.);
#1880=ORIENTED_EDGE('',*,*,#2818,.F.);
#1881=ORIENTED_EDGE('',*,*,#2819,.T.);
#1882=ORIENTED_EDGE('',*,*,#2820,.T.);
#1883=ORIENTED_EDGE('',*,*,#2746,.F.);
#1884=ORIENTED_EDGE('',*,*,#2820,.F.);
#1885=ORIENTED_EDGE('',*,*,#2821,.T.);
#1886=ORIENTED_EDGE('',*,*,#2822,.T.);
#1887=ORIENTED_EDGE('',*,*,#2747,.F.);
#1888=ORIENTED_EDGE('',*,*,#2822,.F.);
#1889=ORIENTED_EDGE('',*,*,#2823,.T.);
#1890=ORIENTED_EDGE('',*,*,#2824,.F.);
#1891=ORIENTED_EDGE('',*,*,#2748,.F.);
#1892=ORIENTED_EDGE('',*,*,#2825,.F.);
#1893=ORIENTED_EDGE('',*,*,#2744,.F.);
#1894=ORIENTED_EDGE('',*,*,#2826,.F.);
#1895=ORIENTED_EDGE('',*,*,#2827,.T.);
#1896=ORIENTED_EDGE('',*,*,#2825,.T.);
#1897=ORIENTED_EDGE('',*,*,#2828,.T.);
#1898=ORIENTED_EDGE('',*,*,#2818,.T.);
#1899=ORIENTED_EDGE('',*,*,#2745,.F.);
#1900=ORIENTED_EDGE('',*,*,#2733,.T.);
#1901=ORIENTED_EDGE('',*,*,#2749,.F.);
#1902=ORIENTED_EDGE('',*,*,#2824,.T.);
#1903=ORIENTED_EDGE('',*,*,#2829,.T.);
#1904=ORIENTED_EDGE('',*,*,#2816,.T.);
#1905=ORIENTED_EDGE('',*,*,#2734,.F.);
#1906=ORIENTED_EDGE('',*,*,#2731,.T.);
#1907=ORIENTED_EDGE('',*,*,#2728,.T.);
#1908=ORIENTED_EDGE('',*,*,#2791,.T.);
#1909=ORIENTED_EDGE('',*,*,#2790,.T.);
#1910=ORIENTED_EDGE('',*,*,#2830,.T.);
#1911=ORIENTED_EDGE('',*,*,#2831,.T.);
#1912=ORIENTED_EDGE('',*,*,#2832,.T.);
#1913=ORIENTED_EDGE('',*,*,#2789,.T.);
#1914=ORIENTED_EDGE('',*,*,#2787,.F.);
#1915=ORIENTED_EDGE('',*,*,#2785,.T.);
#1916=ORIENTED_EDGE('',*,*,#2783,.F.);
#1917=ORIENTED_EDGE('',*,*,#2833,.F.);
#1918=ORIENTED_EDGE('',*,*,#2781,.F.);
#1919=ORIENTED_EDGE('',*,*,#2832,.F.);
#1920=ORIENTED_EDGE('',*,*,#2834,.T.);
#1921=ORIENTED_EDGE('',*,*,#2779,.T.);
#1922=ORIENTED_EDGE('',*,*,#2778,.T.);
#1923=ORIENTED_EDGE('',*,*,#2833,.T.);
#1924=ORIENTED_EDGE('',*,*,#2835,.T.);
#1925=ORIENTED_EDGE('',*,*,#2836,.T.);
#1926=ORIENTED_EDGE('',*,*,#2776,.T.);
#1927=ORIENTED_EDGE('',*,*,#2774,.F.);
#1928=ORIENTED_EDGE('',*,*,#2772,.T.);
#1929=ORIENTED_EDGE('',*,*,#2770,.F.);
#1930=ORIENTED_EDGE('',*,*,#2830,.F.);
#1931=ORIENTED_EDGE('',*,*,#2767,.F.);
#1932=ORIENTED_EDGE('',*,*,#2837,.F.);
#1933=ORIENTED_EDGE('',*,*,#2838,.T.);
#1934=ORIENTED_EDGE('',*,*,#2839,.F.);
#1935=ORIENTED_EDGE('',*,*,#2743,.F.);
#1936=ORIENTED_EDGE('',*,*,#2836,.F.);
#1937=ORIENTED_EDGE('',*,*,#2840,.F.);
#1938=ORIENTED_EDGE('',*,*,#2740,.F.);
#1939=ORIENTED_EDGE('',*,*,#2841,.F.);
#1940=ORIENTED_EDGE('',*,*,#2842,.T.);
#1941=ORIENTED_EDGE('',*,*,#2837,.T.);
#1942=ORIENTED_EDGE('',*,*,#2726,.T.);
#1943=ORIENTED_EDGE('',*,*,#2725,.T.);
#1944=ORIENTED_EDGE('',*,*,#2839,.T.);
#1945=ORIENTED_EDGE('',*,*,#2843,.T.);
#1946=ORIENTED_EDGE('',*,*,#2826,.T.);
#1947=ORIENTED_EDGE('',*,*,#2750,.T.);
#1948=ORIENTED_EDGE('',*,*,#2722,.T.);
#1949=ORIENTED_EDGE('',*,*,#2720,.T.);
#1950=ORIENTED_EDGE('',*,*,#2718,.F.);
#1951=ORIENTED_EDGE('',*,*,#2716,.T.);
#1952=ORIENTED_EDGE('',*,*,#2714,.F.);
#1953=ORIENTED_EDGE('',*,*,#2844,.F.);
#1954=ORIENTED_EDGE('',*,*,#2171,.T.);
#1955=ORIENTED_EDGE('',*,*,#2176,.F.);
#1956=ORIENTED_EDGE('',*,*,#2845,.T.);
#1957=ORIENTED_EDGE('',*,*,#2812,.T.);
#1958=ORIENTED_EDGE('',*,*,#2811,.F.);
#1959=ORIENTED_EDGE('',*,*,#2846,.F.);
#1960=ORIENTED_EDGE('',*,*,#2845,.F.);
#1961=ORIENTED_EDGE('',*,*,#2847,.F.);
#1962=ORIENTED_EDGE('',*,*,#2848,.T.);
#1963=ORIENTED_EDGE('',*,*,#2813,.T.);
#1964=ORIENTED_EDGE('',*,*,#2846,.T.);
#1965=ORIENTED_EDGE('',*,*,#2849,.T.);
#1966=ORIENTED_EDGE('',*,*,#2850,.T.);
#1967=ORIENTED_EDGE('',*,*,#2851,.F.);
#1968=ORIENTED_EDGE('',*,*,#2806,.T.);
#1969=ORIENTED_EDGE('',*,*,#2850,.F.);
#1970=ORIENTED_EDGE('',*,*,#2852,.T.);
#1971=ORIENTED_EDGE('',*,*,#2804,.T.);
#1972=ORIENTED_EDGE('',*,*,#2851,.T.);
#1973=ORIENTED_EDGE('',*,*,#2853,.T.);
#1974=ORIENTED_EDGE('',*,*,#2854,.T.);
#1975=ORIENTED_EDGE('',*,*,#2855,.F.);
#1976=ORIENTED_EDGE('',*,*,#2802,.T.);
#1977=ORIENTED_EDGE('',*,*,#2854,.F.);
#1978=ORIENTED_EDGE('',*,*,#2856,.T.);
#1979=ORIENTED_EDGE('',*,*,#2800,.T.);
#1980=ORIENTED_EDGE('',*,*,#2855,.T.);
#1981=ORIENTED_EDGE('',*,*,#2857,.T.);
#1982=ORIENTED_EDGE('',*,*,#2858,.T.);
#1983=ORIENTED_EDGE('',*,*,#2814,.T.);
#1984=ORIENTED_EDGE('',*,*,#2859,.T.);
#1985=ORIENTED_EDGE('',*,*,#2860,.T.);
#1986=ORIENTED_EDGE('',*,*,#2861,.F.);
#1987=ORIENTED_EDGE('',*,*,#2859,.F.);
#1988=ORIENTED_EDGE('',*,*,#2797,.F.);
#1989=ORIENTED_EDGE('',*,*,#2858,.F.);
#1990=ORIENTED_EDGE('',*,*,#2862,.T.);
#1991=ORIENTED_EDGE('',*,*,#2794,.T.);
#1992=ORIENTED_EDGE('',*,*,#2861,.T.);
#1993=ORIENTED_EDGE('',*,*,#2863,.T.);
#1994=ORIENTED_EDGE('',*,*,#2864,.F.);
#1995=ORIENTED_EDGE('',*,*,#2792,.T.);
#1996=ORIENTED_EDGE('',*,*,#2864,.T.);
#1997=ORIENTED_EDGE('',*,*,#2865,.T.);
#1998=ORIENTED_EDGE('',*,*,#2866,.F.);
#1999=ORIENTED_EDGE('',*,*,#2765,.T.);
#2000=ORIENTED_EDGE('',*,*,#2866,.T.);
#2001=ORIENTED_EDGE('',*,*,#2867,.T.);
#2002=ORIENTED_EDGE('',*,*,#2868,.F.);
#2003=ORIENTED_EDGE('',*,*,#2736,.T.);
#2004=ORIENTED_EDGE('',*,*,#2868,.T.);
#2005=ORIENTED_EDGE('',*,*,#2869,.T.);
#2006=ORIENTED_EDGE('',*,*,#2870,.F.);
#2007=ORIENTED_EDGE('',*,*,#2844,.T.);
#2008=ORIENTED_EDGE('',*,*,#2810,.T.);
#2009=ORIENTED_EDGE('',*,*,#2871,.F.);
#2010=ORIENTED_EDGE('',*,*,#2172,.F.);
#2011=ORIENTED_EDGE('',*,*,#2737,.T.);
#2012=ORIENTED_EDGE('',*,*,#2870,.T.);
#2013=ORIENTED_EDGE('',*,*,#2872,.T.);
#2014=ORIENTED_EDGE('',*,*,#2841,.T.);
#2015=ORIENTED_EDGE('',*,*,#2739,.T.);
#2016=ORIENTED_EDGE('',*,*,#2711,.F.);
#2017=ORIENTED_EDGE('',*,*,#2710,.F.);
#2018=ORIENTED_EDGE('',*,*,#2706,.T.);
#2019=ORIENTED_EDGE('',*,*,#2704,.F.);
#2020=ORIENTED_EDGE('',*,*,#2168,.F.);
#2021=ORIENTED_EDGE('',*,*,#2873,.F.);
#2022=ORIENTED_EDGE('',*,*,#2874,.T.);
#2023=ORIENTED_EDGE('',*,*,#2847,.T.);
#2024=ORIENTED_EDGE('',*,*,#2764,.T.);
#2025=ORIENTED_EDGE('',*,*,#2875,.F.);
#2026=ORIENTED_EDGE('',*,*,#2876,.T.);
#2027=ORIENTED_EDGE('',*,*,#2873,.T.);
#2028=ORIENTED_EDGE('',*,*,#2877,.F.);
#2029=ORIENTED_EDGE('',*,*,#2760,.T.);
#2030=ORIENTED_EDGE('',*,*,#2759,.T.);
#2031=ORIENTED_EDGE('',*,*,#2878,.F.);
#2032=ORIENTED_EDGE('',*,*,#2757,.F.);
#2033=ORIENTED_EDGE('',*,*,#2761,.T.);
#2034=ORIENTED_EDGE('',*,*,#2877,.T.);
#2035=ORIENTED_EDGE('',*,*,#2167,.T.);
#2036=ORIENTED_EDGE('',*,*,#2879,.F.);
#2037=ORIENTED_EDGE('',*,*,#2880,.T.);
#2038=ORIENTED_EDGE('',*,*,#2755,.F.);
#2039=ORIENTED_EDGE('',*,*,#2751,.T.);
#2040=ORIENTED_EDGE('',*,*,#2878,.T.);
#2041=ORIENTED_EDGE('',*,*,#2175,.F.);
#2042=ORIENTED_EDGE('',*,*,#2809,.T.);
#2043=ORIENTED_EDGE('',*,*,#2881,.T.);
#2044=ORIENTED_EDGE('',*,*,#2875,.T.);
#2045=ORIENTED_EDGE('',*,*,#2763,.F.);
#2046=ORIENTED_EDGE('',*,*,#2879,.T.);
#2047=ORIENTED_EDGE('',*,*,#2174,.F.);
#2048=ORIENTED_EDGE('',*,*,#2882,.F.);
#2049=ORIENTED_EDGE('',*,*,#2702,.T.);
#2050=ORIENTED_EDGE('',*,*,#2700,.T.);
#2051=ORIENTED_EDGE('',*,*,#2698,.T.);
#2052=ORIENTED_EDGE('',*,*,#2754,.T.);
#2053=ORIENTED_EDGE('',*,*,#2694,.T.);
#2054=ORIENTED_EDGE('',*,*,#2756,.T.);
#2055=ORIENTED_EDGE('',*,*,#2880,.F.);
#2056=ORIENTED_EDGE('',*,*,#2882,.T.);
#2057=ORIENTED_EDGE('',*,*,#2173,.F.);
#2058=ORIENTED_EDGE('',*,*,#2871,.T.);
#2059=ORIENTED_EDGE('',*,*,#2692,.T.);
#2060=ORIENTED_EDGE('',*,*,#2690,.F.);
#2061=ORIENTED_EDGE('',*,*,#2683,.T.);
#2062=ORIENTED_EDGE('',*,*,#2682,.T.);
#2063=ORIENTED_EDGE('',*,*,#2883,.T.);
#2064=ORIENTED_EDGE('',*,*,#2674,.F.);
#2065=ORIENTED_EDGE('',*,*,#2815,.F.);
#2066=ORIENTED_EDGE('',*,*,#2883,.F.);
#2067=ORIENTED_EDGE('',*,*,#2884,.T.);
#2068=ORIENTED_EDGE('',*,*,#2808,.F.);
#2069=ORIENTED_EDGE('',*,*,#2807,.F.);
#2070=ORIENTED_EDGE('',*,*,#2885,.F.);
#2071=ORIENTED_EDGE('',*,*,#2886,.F.);
#2072=ORIENTED_EDGE('',*,*,#2353,.F.);
#2073=ORIENTED_EDGE('',*,*,#2454,.T.);
#2074=ORIENTED_EDGE('',*,*,#2709,.F.);
#2075=ORIENTED_EDGE('',*,*,#2564,.F.);
#2076=ORIENTED_EDGE('',*,*,#2887,.F.);
#2077=ORIENTED_EDGE('',*,*,#2368,.F.);
#2078=ORIENTED_EDGE('',*,*,#2888,.F.);
#2079=ORIENTED_EDGE('',*,*,#2889,.T.);
#2080=ORIENTED_EDGE('',*,*,#2890,.F.);
#2081=ORIENTED_EDGE('',*,*,#2366,.F.);
#2082=ORIENTED_EDGE('',*,*,#2395,.T.);
#2083=ORIENTED_EDGE('',*,*,#2891,.T.);
#2084=ORIENTED_EDGE('',*,*,#2888,.T.);
#2085=ORIENTED_EDGE('',*,*,#2367,.T.);
#2086=ORIENTED_EDGE('',*,*,#2890,.T.);
#2087=ORIENTED_EDGE('',*,*,#2892,.T.);
#2088=ORIENTED_EDGE('',*,*,#2569,.T.);
#2089=ORIENTED_EDGE('',*,*,#2364,.F.);
#2090=ORIENTED_EDGE('',*,*,#2886,.T.);
#2091=ORIENTED_EDGE('',*,*,#2567,.F.);
#2092=ORIENTED_EDGE('',*,*,#2893,.F.);
#2093=ORIENTED_EDGE('',*,*,#2563,.F.);
#2094=ORIENTED_EDGE('',*,*,#2894,.F.);
#2095=ORIENTED_EDGE('',*,*,#2895,.F.);
#2096=ORIENTED_EDGE('',*,*,#2570,.T.);
#2097=ORIENTED_EDGE('',*,*,#2896,.T.);
#2098=ORIENTED_EDGE('',*,*,#2897,.T.);
#2099=ORIENTED_EDGE('',*,*,#2898,.F.);
#2100=ORIENTED_EDGE('',*,*,#2894,.T.);
#2101=ORIENTED_EDGE('',*,*,#2571,.T.);
#2102=ORIENTED_EDGE('',*,*,#2887,.T.);
#2103=ORIENTED_EDGE('',*,*,#2893,.T.);
#2104=ORIENTED_EDGE('',*,*,#2899,.T.);
#2105=ORIENTED_EDGE('',*,*,#2900,.T.);
#2106=ORIENTED_EDGE('',*,*,#2901,.T.);
#2107=ORIENTED_EDGE('',*,*,#2885,.T.);
#2108=ORIENTED_EDGE('',*,*,#2891,.F.);
#2109=ORIENTED_EDGE('',*,*,#2901,.F.);
#2110=ORIENTED_EDGE('',*,*,#2902,.F.);
#2111=ORIENTED_EDGE('',*,*,#2896,.F.);
#2112=ORIENTED_EDGE('',*,*,#2892,.F.);
#2113=ORIENTED_EDGE('',*,*,#2889,.F.);
#2114=ORIENTED_EDGE('',*,*,#2903,.F.);
#2115=ORIENTED_EDGE('',*,*,#2902,.T.);
#2116=ORIENTED_EDGE('',*,*,#2904,.F.);
#2117=ORIENTED_EDGE('',*,*,#2905,.T.);
#2118=ORIENTED_EDGE('',*,*,#2899,.F.);
#2119=ORIENTED_EDGE('',*,*,#2906,.T.);
#2120=ORIENTED_EDGE('',*,*,#2907,.T.);
#2121=ORIENTED_EDGE('',*,*,#2904,.T.);
#2122=ORIENTED_EDGE('',*,*,#2900,.F.);
#2123=ORIENTED_EDGE('',*,*,#2897,.F.);
#2124=ORIENTED_EDGE('',*,*,#2903,.T.);
#2125=ORIENTED_EDGE('',*,*,#2908,.T.);
#2126=ORIENTED_EDGE('',*,*,#2909,.T.);
#2127=ORIENTED_EDGE('',*,*,#2898,.T.);
#2128=ORIENTED_EDGE('',*,*,#2906,.F.);
#2129=ORIENTED_EDGE('',*,*,#2895,.T.);
#2130=ORIENTED_EDGE('',*,*,#2909,.F.);
#2131=ORIENTED_EDGE('',*,*,#2910,.T.);
#2132=ORIENTED_EDGE('',*,*,#2910,.F.);
#2133=ORIENTED_EDGE('',*,*,#2908,.F.);
#2134=ORIENTED_EDGE('',*,*,#2905,.F.);
#2135=ORIENTED_EDGE('',*,*,#2907,.F.);
#2136=ORIENTED_EDGE('',*,*,#2829,.F.);
#2137=ORIENTED_EDGE('',*,*,#2823,.F.);
#2138=ORIENTED_EDGE('',*,*,#2821,.F.);
#2139=ORIENTED_EDGE('',*,*,#2819,.F.);
#2140=ORIENTED_EDGE('',*,*,#2828,.F.);
#2141=ORIENTED_EDGE('',*,*,#2827,.F.);
#2142=ORIENTED_EDGE('',*,*,#2843,.F.);
#2143=ORIENTED_EDGE('',*,*,#2840,.T.);
#2144=ORIENTED_EDGE('',*,*,#2835,.F.);
#2145=ORIENTED_EDGE('',*,*,#2834,.F.);
#2146=ORIENTED_EDGE('',*,*,#2831,.F.);
#2147=ORIENTED_EDGE('',*,*,#2838,.F.);
#2148=ORIENTED_EDGE('',*,*,#2842,.F.);
#2149=ORIENTED_EDGE('',*,*,#2872,.F.);
#2150=ORIENTED_EDGE('',*,*,#2869,.F.);
#2151=ORIENTED_EDGE('',*,*,#2867,.F.);
#2152=ORIENTED_EDGE('',*,*,#2865,.F.);
#2153=ORIENTED_EDGE('',*,*,#2863,.F.);
#2154=ORIENTED_EDGE('',*,*,#2860,.F.);
#2155=ORIENTED_EDGE('',*,*,#2862,.F.);
#2156=ORIENTED_EDGE('',*,*,#2857,.F.);
#2157=ORIENTED_EDGE('',*,*,#2856,.F.);
#2158=ORIENTED_EDGE('',*,*,#2853,.F.);
#2159=ORIENTED_EDGE('',*,*,#2852,.F.);
#2160=ORIENTED_EDGE('',*,*,#2849,.F.);
#2161=ORIENTED_EDGE('',*,*,#2848,.F.);
#2162=ORIENTED_EDGE('',*,*,#2874,.F.);
#2163=ORIENTED_EDGE('',*,*,#2876,.F.);
#2164=ORIENTED_EDGE('',*,*,#2881,.F.);
#2165=ORIENTED_EDGE('',*,*,#2884,.F.);
#2166=ORIENTED_EDGE('',*,*,#2817,.F.);
#2167=EDGE_CURVE('',#2911,#2912,#3374,.F.);
#2168=EDGE_CURVE('',#2911,#2913,#510,.T.);
#2169=EDGE_CURVE('',#2914,#2913,#303,.T.);
#2170=EDGE_CURVE('',#2914,#2912,#511,.F.);
#2171=EDGE_CURVE('',#2915,#2914,#304,.T.);
#2172=EDGE_CURVE('',#2915,#2916,#305,.T.);
#2173=EDGE_CURVE('',#2916,#2917,#3375,.F.);
#2174=EDGE_CURVE('',#2917,#2918,#512,.T.);
#2175=EDGE_CURVE('',#2918,#2912,#3376,.T.);
#2176=EDGE_CURVE('',#2913,#2914,#306,.T.);
#2177=EDGE_CURVE('',#2919,#2920,#3377,.F.);
#2178=EDGE_CURVE('',#2921,#2920,#3378,.F.);
#2179=EDGE_CURVE('',#2922,#2921,#3379,.F.);
#2180=EDGE_CURVE('',#2923,#2922,#3380,.F.);
#2181=EDGE_CURVE('',#2924,#2923,#3381,.T.);
#2182=EDGE_CURVE('',#2925,#2924,#3382,.T.);
#2183=EDGE_CURVE('',#2926,#2925,#3383,.T.);
#2184=EDGE_CURVE('',#2926,#2919,#513,.F.);
#2185=EDGE_CURVE('',#2927,#2920,#3384,.T.);
#2186=EDGE_CURVE('',#2927,#2928,#307,.T.);
#2187=EDGE_CURVE('',#2928,#2921,#3385,.F.);
#2188=EDGE_CURVE('',#2929,#2930,#3386,.T.);
#2189=EDGE_CURVE('',#2929,#2931,#3387,.T.);
#2190=EDGE_CURVE('',#2931,#2932,#3388,.T.);
#2191=EDGE_CURVE('',#2932,#2930,#3389,.F.);
#2192=EDGE_CURVE('',#2933,#2929,#514,.F.);
#2193=EDGE_CURVE('',#2934,#2933,#3390,.F.);
#2194=EDGE_CURVE('',#2931,#2934,#515,.T.);
#2195=EDGE_CURVE('',#2935,#2933,#3391,.T.);
#2196=EDGE_CURVE('',#2935,#2936,#3392,.F.);
#2197=EDGE_CURVE('',#2936,#2934,#3393,.F.);
#2198=EDGE_CURVE('',#2937,#2935,#516,.F.);
#2199=EDGE_CURVE('',#2938,#2937,#3394,.F.);
#2200=EDGE_CURVE('',#2936,#2938,#517,.T.);
#2201=EDGE_CURVE('',#2939,#2937,#3395,.T.);
#2202=EDGE_CURVE('',#2939,#2940,#3396,.T.);
#2203=EDGE_CURVE('',#2940,#2938,#3397,.T.);
#2204=EDGE_CURVE('',#2941,#2941,#518,.T.);
#2205=EDGE_CURVE('',#2942,#2942,#519,.T.);
#2206=EDGE_CURVE('',#2943,#2943,#520,.T.);
#2207=EDGE_CURVE('',#2944,#2945,#521,.T.);
#2208=EDGE_CURVE('',#2944,#2945,#308,.T.);
#2209=EDGE_CURVE('',#2946,#2947,#522,.F.);
#2210=EDGE_CURVE('',#2948,#2947,#3398,.F.);
#2211=EDGE_CURVE('',#2948,#2949,#523,.T.);
#2212=EDGE_CURVE('',#2949,#2946,#3399,.T.);
#2213=EDGE_CURVE('',#2950,#2951,#3400,.F.);
#2214=EDGE_CURVE('',#2952,#2950,#309,.T.);
#2215=EDGE_CURVE('',#2953,#2952,#3401,.T.);
#2216=EDGE_CURVE('',#2951,#2953,#524,.T.);
#2217=EDGE_CURVE('',#2954,#2951,#525,.F.);
#2218=EDGE_CURVE('',#2955,#2953,#310,.T.);
#2219=EDGE_CURVE('',#2954,#2955,#526,.F.);
#2220=EDGE_CURVE('',#2956,#2957,#311,.F.);
#2221=EDGE_CURVE('',#2954,#2957,#3402,.T.);
#2222=EDGE_CURVE('',#2958,#2955,#3403,.T.);
#2223=EDGE_CURVE('',#2959,#2958,#312,.T.);
#2224=EDGE_CURVE('',#2956,#2959,#72,.F.);
#2225=EDGE_CURVE('',#2960,#2958,#527,.T.);
#2226=EDGE_CURVE('',#2959,#2960,#73,.F.);
#2227=EDGE_CURVE('',#2961,#2962,#74,.T.);
#2228=EDGE_CURVE('',#2963,#2962,#3404,.T.);
#2229=EDGE_CURVE('',#2964,#2963,#75,.T.);
#2230=EDGE_CURVE('',#2961,#2964,#3405,.F.);
#2231=EDGE_CURVE('',#2965,#2966,#76,.T.);
#2232=EDGE_CURVE('',#2964,#2965,#3406,.F.);
#2233=EDGE_CURVE('',#2966,#2963,#3407,.T.);
#2234=EDGE_CURVE('',#2945,#2967,#3408,.F.);
#2235=EDGE_CURVE('',#2968,#2967,#528,.F.);
#2236=EDGE_CURVE('',#2969,#2968,#3409,.T.);
#2237=EDGE_CURVE('',#2970,#2969,#313,.T.);
#2238=EDGE_CURVE('',#2970,#2971,#77,.F.);
#2239=EDGE_CURVE('',#2971,#2944,#3410,.F.);
#2240=EDGE_CURVE('',#2972,#2973,#529,.F.);
#2241=EDGE_CURVE('',#2974,#2973,#314,.T.);
#2242=EDGE_CURVE('',#2974,#2975,#530,.T.);
#2243=EDGE_CURVE('',#2975,#2972,#531,.T.);
#2244=EDGE_CURVE('',#2976,#2977,#532,.T.);
#2245=EDGE_CURVE('',#2977,#2976,#3411,.T.);
#2246=EDGE_CURVE('',#2978,#2979,#78,.F.);
#2247=EDGE_CURVE('',#2978,#2980,#3412,.T.);
#2248=EDGE_CURVE('',#2981,#2980,#79,.F.);
#2249=EDGE_CURVE('',#2981,#2979,#3413,.T.);
#2250=EDGE_CURVE('',#2979,#2981,#533,.T.);
#2251=EDGE_CURVE('',#2982,#2983,#534,.F.);
#2252=EDGE_CURVE('',#2983,#2984,#3414,.T.);
#2253=EDGE_CURVE('',#2985,#2984,#535,.T.);
#2254=EDGE_CURVE('',#2985,#2982,#3415,.F.);
#2255=EDGE_CURVE('',#2986,#2987,#3416,.T.);
#2256=EDGE_CURVE('',#2987,#2988,#315,.T.);
#2257=EDGE_CURVE('',#2988,#2989,#3417,.T.);
#2258=EDGE_CURVE('',#2989,#2990,#3418,.F.);
#2259=EDGE_CURVE('',#2990,#2991,#3419,.F.);
#2260=EDGE_CURVE('',#2991,#2992,#3420,.T.);
#2261=EDGE_CURVE('',#2993,#2992,#3421,.F.);
#2262=EDGE_CURVE('',#2993,#2986,#316,.T.);
#2263=EDGE_CURVE('',#2994,#2995,#3422,.F.);
#2264=EDGE_CURVE('',#2950,#2995,#3423,.F.);
#2265=EDGE_CURVE('',#2994,#2951,#3424,.F.);
#2266=EDGE_CURVE('',#2996,#2997,#317,.T.);
#2267=EDGE_CURVE('',#2968,#2997,#318,.F.);
#2268=EDGE_CURVE('',#2998,#2968,#319,.T.);
#2269=EDGE_CURVE('',#2996,#2998,#536,.T.);
#2270=EDGE_CURVE('',#2998,#2999,#320,.T.);
#2271=EDGE_CURVE('',#2999,#2996,#321,.T.);
#2272=EDGE_CURVE('',#3000,#2954,#3425,.F.);
#2273=EDGE_CURVE('',#2957,#2997,#3426,.T.);
#2274=EDGE_CURVE('',#2997,#3000,#3427,.T.);
#2275=EDGE_CURVE('',#2967,#3001,#537,.T.);
#2276=EDGE_CURVE('',#2998,#3001,#538,.T.);
#2277=EDGE_CURVE('',#3002,#3003,#322,.F.);
#2278=EDGE_CURVE('',#3002,#3004,#323,.T.);
#2279=EDGE_CURVE('',#3004,#3003,#324,.T.);
#2280=EDGE_CURVE('',#2957,#2969,#325,.F.);
#2281=EDGE_CURVE('',#2956,#2970,#326,.T.);
#2282=EDGE_CURVE('',#3005,#3006,#3428,.F.);
#2283=EDGE_CURVE('',#3006,#3007,#3429,.F.);
#2284=EDGE_CURVE('',#3007,#3008,#3430,.T.);
#2285=EDGE_CURVE('',#3008,#3005,#3431,.T.);
#2286=EDGE_CURVE('',#3009,#3010,#3432,.F.);
#2287=EDGE_CURVE('',#3011,#3009,#3433,.F.);
#2288=EDGE_CURVE('',#3012,#3011,#3434,.T.);
#2289=EDGE_CURVE('',#3012,#3010,#3435,.T.);
#2290=EDGE_CURVE('',#3013,#3005,#539,.F.);
#2291=EDGE_CURVE('',#3014,#3013,#3436,.F.);
#2292=EDGE_CURVE('',#3014,#3006,#540,.F.);
#2293=EDGE_CURVE('',#3015,#3016,#3437,.T.);
#2294=EDGE_CURVE('',#3016,#3014,#3438,.T.);
#2295=EDGE_CURVE('',#3013,#3015,#3439,.T.);
#2296=EDGE_CURVE('',#3017,#3015,#541,.F.);
#2297=EDGE_CURVE('',#3018,#3017,#3440,.F.);
#2298=EDGE_CURVE('',#3018,#3016,#542,.F.);
#2299=EDGE_CURVE('',#3017,#3019,#3441,.F.);
#2300=EDGE_CURVE('',#3019,#3020,#327,.F.);
#2301=EDGE_CURVE('',#3020,#3018,#3442,.F.);
#2302=EDGE_CURVE('',#3021,#3019,#543,.F.);
#2303=EDGE_CURVE('',#3022,#3021,#3443,.F.);
#2304=EDGE_CURVE('',#3022,#3020,#544,.T.);
#2305=EDGE_CURVE('',#3021,#3023,#3444,.T.);
#2306=EDGE_CURVE('',#3023,#3024,#328,.F.);
#2307=EDGE_CURVE('',#3024,#3022,#3445,.T.);
#2308=EDGE_CURVE('',#3025,#2987,#545,.F.);
#2309=EDGE_CURVE('',#2988,#3025,#329,.F.);
#2310=EDGE_CURVE('',#3026,#3026,#330,.T.);
#2311=EDGE_CURVE('',#3027,#3025,#3446,.T.);
#2312=EDGE_CURVE('',#3028,#3027,#3447,.T.);
#2313=EDGE_CURVE('',#2989,#3028,#3448,.T.);
#2314=EDGE_CURVE('',#2994,#3000,#546,.T.);
#2315=EDGE_CURVE('',#3012,#3008,#3449,.F.);
#2316=EDGE_CURVE('',#3005,#3011,#3450,.T.);
#2317=EDGE_CURVE('',#3011,#3029,#547,.F.);
#2318=EDGE_CURVE('',#3030,#3009,#548,.T.);
#2319=EDGE_CURVE('',#3029,#3030,#3451,.T.);
#2320=EDGE_CURVE('',#3031,#3031,#331,.T.);
#2321=EDGE_CURVE('',#3029,#3032,#3452,.T.);
#2322=EDGE_CURVE('',#3033,#3030,#3453,.T.);
#2323=EDGE_CURVE('',#3032,#3033,#3454,.T.);
#2324=EDGE_CURVE('',#3032,#3034,#549,.F.);
#2325=EDGE_CURVE('',#3035,#3033,#550,.T.);
#2326=EDGE_CURVE('',#3034,#3035,#3455,.T.);
#2327=EDGE_CURVE('',#3036,#3036,#332,.T.);
#2328=EDGE_CURVE('',#3037,#3038,#333,.T.);
#2329=EDGE_CURVE('',#3034,#3037,#3456,.F.);
#2330=EDGE_CURVE('',#3038,#3035,#3457,.F.);
#2331=EDGE_CURVE('',#3037,#3027,#551,.F.);
#2332=EDGE_CURVE('',#3028,#3038,#552,.T.);
#2333=EDGE_CURVE('',#3013,#3029,#3458,.T.);
#2334=EDGE_CURVE('',#3015,#3032,#3459,.T.);
#2335=EDGE_CURVE('',#3017,#3034,#3460,.T.);
#2336=EDGE_CURVE('',#3019,#3037,#3461,.T.);
#2337=EDGE_CURVE('',#3021,#3027,#3462,.T.);
#2338=EDGE_CURVE('',#3023,#3025,#3463,.T.);
#2339=EDGE_CURVE('',#2986,#3023,#553,.F.);
#2340=EDGE_CURVE('',#3039,#3040,#334,.F.);
#2341=EDGE_CURVE('',#3040,#3039,#554,.F.);
#2342=EDGE_CURVE('',#3039,#3041,#3464,.T.);
#2343=EDGE_CURVE('',#3042,#3041,#335,.F.);
#2344=EDGE_CURVE('',#3042,#3040,#3465,.T.);
#2345=EDGE_CURVE('',#3043,#3044,#336,.F.);
#2346=EDGE_CURVE('',#3044,#3043,#555,.F.);
#2347=EDGE_CURVE('',#3045,#3046,#337,.F.);
#2348=EDGE_CURVE('',#3046,#3045,#556,.F.);
#2349=EDGE_CURVE('',#3041,#3047,#338,.T.);
#2350=EDGE_CURVE('',#3048,#3042,#339,.T.);
#2351=EDGE_CURVE('',#3047,#3048,#557,.F.);
#2352=EDGE_CURVE('',#2925,#3049,#3466,.F.);
#2353=EDGE_CURVE('',#2924,#3050,#3467,.T.);
#2354=EDGE_CURVE('',#3050,#3049,#340,.T.);
#2355=EDGE_CURVE('',#3051,#3045,#3468,.T.);
#2356=EDGE_CURVE('',#3052,#3051,#341,.F.);
#2357=EDGE_CURVE('',#3046,#3052,#3469,.T.);
#2358=EDGE_CURVE('',#3053,#3052,#342,.F.);
#2359=EDGE_CURVE('',#3053,#3054,#558,.T.);
#2360=EDGE_CURVE('',#3051,#3054,#343,.F.);
#2361=EDGE_CURVE('',#3055,#3055,#344,.F.);
#2362=EDGE_CURVE('',#3056,#3056,#559,.F.);
#2363=EDGE_CURVE('',#3049,#2927,#560,.F.);
#2364=EDGE_CURVE('',#3050,#2928,#345,.T.);
#2365=EDGE_CURVE('',#3057,#3058,#561,.T.);
#2366=EDGE_CURVE('',#3058,#3059,#346,.T.);
#2367=EDGE_CURVE('',#3060,#3059,#347,.T.);
#2368=EDGE_CURVE('',#3060,#3057,#348,.T.);
#2369=EDGE_CURVE('',#3061,#3043,#3470,.T.);
#2370=EDGE_CURVE('',#3062,#3061,#349,.F.);
#2371=EDGE_CURVE('',#3044,#3062,#3471,.T.);
#2372=EDGE_CURVE('',#3063,#3062,#350,.F.);
#2373=EDGE_CURVE('',#3063,#3064,#562,.T.);
#2374=EDGE_CURVE('',#3061,#3064,#351,.F.);
#2375=EDGE_CURVE('',#3065,#3066,#563,.T.);
#2376=EDGE_CURVE('',#3066,#2990,#3472,.T.);
#2377=EDGE_CURVE('',#3010,#3067,#3473,.T.);
#2378=EDGE_CURVE('',#3067,#3068,#3474,.F.);
#2379=EDGE_CURVE('',#3069,#3068,#564,.F.);
#2380=EDGE_CURVE('',#3069,#3070,#3475,.T.);
#2381=EDGE_CURVE('',#3070,#3071,#565,.T.);
#2382=EDGE_CURVE('',#3071,#3065,#3476,.T.);
#2383=EDGE_CURVE('',#2983,#3072,#3477,.T.);
#2384=EDGE_CURVE('',#3072,#3073,#3478,.F.);
#2385=EDGE_CURVE('',#3074,#3073,#3479,.T.);
#2386=EDGE_CURVE('',#3075,#3074,#3480,.T.);
#2387=EDGE_CURVE('',#3075,#2980,#3481,.T.);
#2388=EDGE_CURVE('',#2978,#2984,#3482,.F.);
#2389=EDGE_CURVE('',#3076,#3076,#352,.F.);
#2390=EDGE_CURVE('',#3077,#3077,#566,.T.);
#2391=EDGE_CURVE('',#3078,#2982,#3483,.F.);
#2392=EDGE_CURVE('',#3078,#3072,#567,.F.);
#2393=EDGE_CURVE('',#3079,#2975,#353,.T.);
#2394=EDGE_CURVE('',#3079,#2974,#568,.F.);
#2395=EDGE_CURVE('',#3058,#3057,#354,.T.);
#2396=EDGE_CURVE('',#2972,#2975,#355,.T.);
#2397=EDGE_CURVE('',#2972,#3080,#356,.T.);
#2398=EDGE_CURVE('',#2973,#3080,#569,.T.);
#2399=EDGE_CURVE('',#3081,#2922,#3484,.F.);
#2400=EDGE_CURVE('',#3081,#2974,#3485,.F.);
#2401=EDGE_CURVE('',#2973,#3082,#3486,.F.);
#2402=EDGE_CURVE('',#3082,#2923,#3487,.F.);
#2403=EDGE_CURVE('',#3083,#2949,#3488,.F.);
#2404=EDGE_CURVE('',#3083,#3084,#3489,.T.);
#2405=EDGE_CURVE('',#2946,#3084,#3490,.F.);
#2406=EDGE_CURVE('',#3085,#2985,#3491,.T.);
#2407=EDGE_CURVE('',#3085,#3078,#3492,.F.);
#2408=EDGE_CURVE('',#3086,#3087,#357,.T.);
#2409=EDGE_CURVE('',#3087,#3088,#358,.T.);
#2410=EDGE_CURVE('',#3086,#3088,#359,.T.);
#2411=EDGE_CURVE('',#3089,#3090,#3493,.F.);
#2412=EDGE_CURVE('',#3089,#2922,#3494,.T.);
#2413=EDGE_CURVE('',#2921,#3090,#3495,.F.);
#2414=EDGE_CURVE('',#3091,#3092,#3496,.T.);
#2415=EDGE_CURVE('',#3091,#2948,#3497,.T.);
#2416=EDGE_CURVE('',#2947,#3092,#3498,.F.);
#2417=EDGE_CURVE('',#3093,#3094,#570,.F.);
#2418=EDGE_CURVE('',#2962,#3093,#3499,.F.);
#2419=EDGE_CURVE('',#3094,#2961,#3500,.F.);
#2420=EDGE_CURVE('',#3095,#3096,#571,.T.);
#2421=EDGE_CURVE('',#3095,#2971,#3501,.T.);
#2422=EDGE_CURVE('',#3096,#2960,#3502,.T.);
#2423=EDGE_CURVE('',#3097,#3095,#3503,.F.);
#2424=EDGE_CURVE('',#2967,#3097,#3504,.F.);
#2425=EDGE_CURVE('',#2919,#3098,#3505,.T.);
#2426=EDGE_CURVE('',#3099,#3098,#3506,.F.);
#2427=EDGE_CURVE('',#2920,#3099,#3507,.F.);
#2428=EDGE_CURVE('',#3100,#3089,#572,.F.);
#2429=EDGE_CURVE('',#3100,#3101,#3508,.T.);
#2430=EDGE_CURVE('',#3101,#3081,#360,.T.);
#2431=EDGE_CURVE('',#2977,#3102,#80,.F.);
#2432=EDGE_CURVE('',#3103,#2976,#81,.F.);
#2433=EDGE_CURVE('',#3102,#3103,#3509,.T.);
#2434=EDGE_CURVE('',#3104,#3074,#573,.T.);
#2435=EDGE_CURVE('',#3073,#3105,#574,.F.);
#2436=EDGE_CURVE('',#3104,#3105,#3510,.T.);
#2437=EDGE_CURVE('',#3104,#3106,#3511,.F.);
#2438=EDGE_CURVE('',#3075,#3106,#575,.T.);
#2439=EDGE_CURVE('',#3107,#3108,#576,.T.);
#2440=EDGE_CURVE('',#3107,#3109,#3512,.F.);
#2441=EDGE_CURVE('',#3109,#3110,#361,.T.);
#2442=EDGE_CURVE('',#3110,#3085,#362,.T.);
#2443=EDGE_CURVE('',#3103,#3106,#3513,.F.);
#2444=EDGE_CURVE('',#3108,#3102,#3514,.T.);
#2445=EDGE_CURVE('',#3111,#3107,#577,.T.);
#2446=EDGE_CURVE('',#3112,#3111,#3515,.F.);
#2447=EDGE_CURVE('',#3113,#3112,#363,.T.);
#2448=EDGE_CURVE('',#3114,#3113,#364,.T.);
#2449=EDGE_CURVE('',#3109,#3114,#365,.T.);
#2450=EDGE_CURVE('',#3115,#2923,#3516,.T.);
#2451=EDGE_CURVE('',#3082,#3112,#366,.T.);
#2452=EDGE_CURVE('',#3115,#3111,#578,.T.);
#2453=EDGE_CURVE('',#3116,#3115,#3517,.T.);
#2454=EDGE_CURVE('',#2924,#3116,#3518,.F.);
#2455=EDGE_CURVE('',#3117,#3118,#3519,.T.);
#2456=EDGE_CURVE('',#3117,#2926,#3520,.F.);
#2457=EDGE_CURVE('',#3118,#2925,#3521,.T.);
#2458=EDGE_CURVE('',#3098,#3119,#579,.F.);
#2459=EDGE_CURVE('',#3120,#3117,#580,.F.);
#2460=EDGE_CURVE('',#3121,#3120,#3522,.T.);
#2461=EDGE_CURVE('',#3122,#3121,#581,.T.);
#2462=EDGE_CURVE('',#3119,#3122,#3523,.F.);
#2463=EDGE_CURVE('',#3123,#3124,#367,.T.);
#2464=EDGE_CURVE('',#3048,#3123,#368,.F.);
#2465=EDGE_CURVE('',#3124,#3047,#369,.F.);
#2466=EDGE_CURVE('',#3123,#3125,#582,.T.);
#2467=EDGE_CURVE('',#3125,#3126,#370,.F.);
#2468=EDGE_CURVE('',#3127,#3126,#583,.T.);
#2469=EDGE_CURVE('',#3127,#3128,#371,.F.);
#2470=EDGE_CURVE('',#3128,#3124,#584,.T.);
#2471=EDGE_CURVE('',#3129,#3126,#372,.F.);
#2472=EDGE_CURVE('',#3130,#3129,#585,.T.);
#2473=EDGE_CURVE('',#3127,#3130,#373,.F.);
#2474=EDGE_CURVE('',#3122,#3131,#586,.T.);
#2475=EDGE_CURVE('',#3131,#3132,#3524,.T.);
#2476=EDGE_CURVE('',#3132,#3119,#587,.F.);
#2477=EDGE_CURVE('',#3133,#3001,#3525,.T.);
#2478=EDGE_CURVE('',#3133,#3097,#588,.F.);
#2479=EDGE_CURVE('',#3001,#2999,#3526,.F.);
#2480=EDGE_CURVE('',#2999,#3134,#3527,.T.);
#2481=EDGE_CURVE('',#3134,#3000,#589,.F.);
#2482=EDGE_CURVE('',#3134,#3135,#374,.T.);
#2483=EDGE_CURVE('',#3135,#2994,#590,.F.);
#2484=EDGE_CURVE('',#3135,#3136,#3528,.T.);
#2485=EDGE_CURVE('',#2995,#3136,#375,.T.);
#2486=EDGE_CURVE('',#3137,#2992,#3529,.T.);
#2487=EDGE_CURVE('',#2991,#3138,#3530,.T.);
#2488=EDGE_CURVE('',#3138,#3137,#3531,.T.);
#2489=EDGE_CURVE('',#3137,#3139,#3532,.T.);
#2490=EDGE_CURVE('',#3139,#2993,#376,.T.);
#2491=EDGE_CURVE('',#3140,#3024,#591,.F.);
#2492=EDGE_CURVE('',#3140,#3139,#377,.F.);
#2493=EDGE_CURVE('',#2930,#3141,#592,.F.);
#2494=EDGE_CURVE('',#3142,#2932,#593,.T.);
#2495=EDGE_CURVE('',#3142,#3141,#378,.T.);
#2496=EDGE_CURVE('',#3143,#3066,#3533,.T.);
#2497=EDGE_CURVE('',#3144,#3143,#3534,.T.);
#2498=EDGE_CURVE('',#3145,#3144,#594,.F.);
#2499=EDGE_CURVE('',#3146,#3145,#3535,.T.);
#2500=EDGE_CURVE('',#3138,#3146,#3536,.F.);
#2501=EDGE_CURVE('',#3144,#3147,#379,.F.);
#2502=EDGE_CURVE('',#3130,#3147,#380,.T.);
#2503=EDGE_CURVE('',#3148,#3129,#381,.T.);
#2504=EDGE_CURVE('',#3148,#3145,#382,.F.);
#2505=EDGE_CURVE('',#3149,#3149,#595,.F.);
#2506=EDGE_CURVE('',#3150,#3150,#596,.F.);
#2507=EDGE_CURVE('',#3151,#3152,#3537,.F.);
#2508=EDGE_CURVE('',#3151,#2961,#3538,.F.);
#2509=EDGE_CURVE('',#3152,#2964,#3539,.F.);
#2510=EDGE_CURVE('',#3153,#3151,#3540,.T.);
#2511=EDGE_CURVE('',#3153,#3094,#3541,.F.);
#2512=EDGE_CURVE('',#3154,#3155,#3542,.F.);
#2513=EDGE_CURVE('',#3156,#3154,#3543,.F.);
#2514=EDGE_CURVE('',#3157,#3156,#3544,.T.);
#2515=EDGE_CURVE('',#3155,#3157,#3545,.T.);
#2516=EDGE_CURVE('',#3158,#3156,#3546,.T.);
#2517=EDGE_CURVE('',#3159,#3158,#3547,.T.);
#2518=EDGE_CURVE('',#3157,#3159,#3548,.T.);
#2519=EDGE_CURVE('',#3152,#3160,#3549,.T.);
#2520=EDGE_CURVE('',#3160,#2965,#3550,.F.);
#2521=EDGE_CURVE('',#3159,#3161,#383,.T.);
#2522=EDGE_CURVE('',#3161,#3162,#3551,.F.);
#2523=EDGE_CURVE('',#3157,#3162,#82,.F.);
#2524=EDGE_CURVE('',#3163,#3162,#3552,.T.);
#2525=EDGE_CURVE('',#3163,#3155,#597,.T.);
#2526=EDGE_CURVE('',#3091,#3164,#598,.T.);
#2527=EDGE_CURVE('',#3165,#3164,#3553,.F.);
#2528=EDGE_CURVE('',#2948,#3165,#599,.T.);
#2529=EDGE_CURVE('',#3165,#3166,#384,.F.);
#2530=EDGE_CURVE('',#2949,#3166,#600,.T.);
#2531=EDGE_CURVE('',#3167,#3166,#3554,.T.);
#2532=EDGE_CURVE('',#3167,#3083,#601,.F.);
#2533=EDGE_CURVE('',#3167,#3168,#385,.F.);
#2534=EDGE_CURVE('',#3169,#3168,#602,.T.);
#2535=EDGE_CURVE('',#3169,#3083,#603,.F.);
#2536=EDGE_CURVE('',#3141,#3131,#3555,.T.);
#2537=EDGE_CURVE('',#3121,#3170,#3556,.T.);
#2538=EDGE_CURVE('',#3170,#2939,#604,.F.);
#2539=EDGE_CURVE('',#3171,#3170,#3557,.F.);
#2540=EDGE_CURVE('',#2940,#3171,#605,.T.);
#2541=EDGE_CURVE('',#3172,#3171,#3558,.T.);
#2542=EDGE_CURVE('',#3172,#3007,#3559,.T.);
#2543=EDGE_CURVE('',#3142,#3140,#3560,.T.);
#2544=EDGE_CURVE('',#3173,#3172,#3561,.T.);
#2545=EDGE_CURVE('',#3067,#3173,#3562,.F.);
#2546=EDGE_CURVE('',#3068,#3174,#3563,.F.);
#2547=EDGE_CURVE('',#3174,#3173,#3564,.F.);
#2548=EDGE_CURVE('',#3065,#3175,#3565,.F.);
#2549=EDGE_CURVE('',#3175,#3143,#606,.F.);
#2550=EDGE_CURVE('',#3176,#3136,#3566,.T.);
#2551=EDGE_CURVE('',#3177,#3176,#386,.T.);
#2552=EDGE_CURVE('',#2995,#3177,#3567,.T.);
#2553=EDGE_CURVE('',#3178,#3177,#3568,.T.);
#2554=EDGE_CURVE('',#3178,#2950,#3569,.T.);
#2555=EDGE_CURVE('',#3179,#3178,#387,.T.);
#2556=EDGE_CURVE('',#2952,#3179,#3570,.T.);
#2557=EDGE_CURVE('',#3179,#3180,#3571,.F.);
#2558=EDGE_CURVE('',#3180,#2966,#3572,.F.);
#2559=EDGE_CURVE('',#3096,#3093,#3573,.F.);
#2560=EDGE_CURVE('',#3181,#3180,#3574,.F.);
#2561=EDGE_CURVE('',#3160,#3181,#3575,.T.);
#2562=EDGE_CURVE('',#3182,#3183,#3576,.F.);
#2563=EDGE_CURVE('',#3183,#3184,#388,.T.);
#2564=EDGE_CURVE('',#3184,#3185,#3577,.T.);
#2565=EDGE_CURVE('',#3118,#3185,#607,.T.);
#2566=EDGE_CURVE('',#3182,#3099,#608,.T.);
#2567=EDGE_CURVE('',#3186,#3186,#389,.F.);
#2568=EDGE_CURVE('',#3090,#3182,#609,.T.);
#2569=EDGE_CURVE('',#3187,#2928,#3578,.F.);
#2570=EDGE_CURVE('',#3188,#3187,#390,.T.);
#2571=EDGE_CURVE('',#3183,#3188,#391,.T.);
#2572=EDGE_CURVE('',#3189,#3003,#392,.T.);
#2573=EDGE_CURVE('',#3190,#3004,#393,.T.);
#2574=EDGE_CURVE('',#3191,#3190,#394,.T.);
#2575=EDGE_CURVE('',#3189,#3191,#395,.T.);
#2576=EDGE_CURVE('',#3190,#3192,#610,.T.);
#2577=EDGE_CURVE('',#3191,#3192,#396,.F.);
#2578=EDGE_CURVE('',#3193,#3193,#397,.F.);
#2579=EDGE_CURVE('',#2946,#3194,#611,.F.);
#2580=EDGE_CURVE('',#3084,#3195,#612,.T.);
#2581=EDGE_CURVE('',#3194,#3195,#3579,.T.);
#2582=EDGE_CURVE('',#3196,#2947,#613,.T.);
#2583=EDGE_CURVE('',#3194,#3196,#398,.F.);
#2584=EDGE_CURVE('',#3197,#3092,#614,.F.);
#2585=EDGE_CURVE('',#3197,#3196,#3580,.T.);
#2586=EDGE_CURVE('',#3002,#3087,#3581,.F.);
#2587=EDGE_CURVE('',#3088,#3189,#399,.T.);
#2588=EDGE_CURVE('',#3198,#3002,#3582,.F.);
#2589=EDGE_CURVE('',#3199,#3198,#400,.T.);
#2590=EDGE_CURVE('',#3004,#3199,#3583,.T.);
#2591=EDGE_CURVE('',#3200,#3198,#401,.T.);
#2592=EDGE_CURVE('',#3200,#3201,#402,.T.);
#2593=EDGE_CURVE('',#3201,#3202,#403,.T.);
#2594=EDGE_CURVE('',#3202,#3199,#404,.T.);
#2595=EDGE_CURVE('',#3084,#3203,#615,.T.);
#2596=EDGE_CURVE('',#3204,#3203,#616,.F.);
#2597=EDGE_CURVE('',#3204,#3195,#405,.F.);
#2598=EDGE_CURVE('',#3073,#3205,#617,.F.);
#2599=EDGE_CURVE('',#3206,#3205,#618,.F.);
#2600=EDGE_CURVE('',#3105,#3206,#619,.F.);
#2601=EDGE_CURVE('',#3174,#3207,#620,.T.);
#2602=EDGE_CURVE('',#3207,#3069,#3584,.T.);
#2603=EDGE_CURVE('',#3208,#3209,#406,.T.);
#2604=EDGE_CURVE('',#3053,#3208,#407,.F.);
#2605=EDGE_CURVE('',#3209,#3054,#408,.F.);
#2606=EDGE_CURVE('',#3208,#3210,#621,.T.);
#2607=EDGE_CURVE('',#3210,#3211,#409,.F.);
#2608=EDGE_CURVE('',#3212,#3211,#622,.F.);
#2609=EDGE_CURVE('',#3212,#3213,#410,.F.);
#2610=EDGE_CURVE('',#3213,#3209,#623,.T.);
#2611=EDGE_CURVE('',#3214,#3215,#624,.T.);
#2612=EDGE_CURVE('',#3212,#3214,#411,.F.);
#2613=EDGE_CURVE('',#3215,#3211,#412,.F.);
#2614=EDGE_CURVE('',#3175,#3216,#3585,.T.);
#2615=EDGE_CURVE('',#3217,#3071,#3586,.T.);
#2616=EDGE_CURVE('',#3218,#3217,#3587,.T.);
#2617=EDGE_CURVE('',#3216,#3218,#625,.F.);
#2618=EDGE_CURVE('',#3219,#3218,#413,.T.);
#2619=EDGE_CURVE('',#3219,#3214,#414,.F.);
#2620=EDGE_CURVE('',#3215,#3220,#415,.F.);
#2621=EDGE_CURVE('',#3216,#3220,#416,.T.);
#2622=EDGE_CURVE('',#3221,#3221,#626,.F.);
#2623=EDGE_CURVE('',#3070,#3222,#3588,.F.);
#2624=EDGE_CURVE('',#3222,#3217,#627,.T.);
#2625=EDGE_CURVE('',#3223,#3224,#417,.T.);
#2626=EDGE_CURVE('',#3063,#3223,#418,.F.);
#2627=EDGE_CURVE('',#3224,#3064,#419,.F.);
#2628=EDGE_CURVE('',#3223,#3225,#628,.T.);
#2629=EDGE_CURVE('',#3225,#3226,#420,.F.);
#2630=EDGE_CURVE('',#3227,#3226,#629,.F.);
#2631=EDGE_CURVE('',#3227,#3228,#421,.F.);
#2632=EDGE_CURVE('',#3228,#3224,#630,.T.);
#2633=EDGE_CURVE('',#3229,#3230,#631,.T.);
#2634=EDGE_CURVE('',#3227,#3229,#422,.F.);
#2635=EDGE_CURVE('',#3230,#3226,#423,.F.);
#2636=EDGE_CURVE('',#3222,#3231,#3589,.T.);
#2637=EDGE_CURVE('',#3232,#3207,#3590,.T.);
#2638=EDGE_CURVE('',#3231,#3232,#632,.F.);
#2639=EDGE_CURVE('',#3233,#3232,#424,.T.);
#2640=EDGE_CURVE('',#3233,#3229,#425,.F.);
#2641=EDGE_CURVE('',#3230,#3234,#426,.F.);
#2642=EDGE_CURVE('',#3231,#3234,#427,.T.);
#2643=EDGE_CURVE('',#3235,#3235,#633,.F.);
#2644=EDGE_CURVE('',#3072,#3236,#634,.F.);
#2645=EDGE_CURVE('',#3205,#3236,#3591,.T.);
#2646=EDGE_CURVE('',#3237,#3237,#428,.T.);
#2647=EDGE_CURVE('',#3078,#3238,#635,.F.);
#2648=EDGE_CURVE('',#3238,#3236,#636,.F.);
#2649=EDGE_CURVE('',#3239,#3109,#429,.T.);
#2650=EDGE_CURVE('',#3239,#3240,#430,.F.);
#2651=EDGE_CURVE('',#3110,#3240,#431,.T.);
#2652=EDGE_CURVE('',#3241,#3114,#432,.T.);
#2653=EDGE_CURVE('',#3241,#3239,#433,.F.);
#2654=EDGE_CURVE('',#3241,#3242,#434,.F.);
#2655=EDGE_CURVE('',#3113,#3242,#637,.T.);
#2656=EDGE_CURVE('',#3243,#3112,#638,.T.);
#2657=EDGE_CURVE('',#3243,#3242,#435,.F.);
#2658=EDGE_CURVE('',#3244,#3082,#436,.F.);
#2659=EDGE_CURVE('',#3243,#3244,#437,.T.);
#2660=EDGE_CURVE('',#3081,#3245,#438,.F.);
#2661=EDGE_CURVE('',#3079,#3245,#3592,.F.);
#2662=EDGE_CURVE('',#3080,#3079,#439,.T.);
#2663=EDGE_CURVE('',#3244,#3080,#3593,.F.);
#2664=EDGE_CURVE('',#3245,#3246,#440,.T.);
#2665=EDGE_CURVE('',#3246,#3101,#639,.T.);
#2666=EDGE_CURVE('',#3101,#3247,#441,.T.);
#2667=EDGE_CURVE('',#3248,#3247,#640,.T.);
#2668=EDGE_CURVE('',#3246,#3248,#442,.T.);
#2669=EDGE_CURVE('',#3203,#3169,#3594,.F.);
#2670=EDGE_CURVE('',#3203,#3249,#3595,.F.);
#2671=EDGE_CURVE('',#3249,#3250,#641,.T.);
#2672=EDGE_CURVE('',#3204,#3250,#3596,.T.);
#2673=EDGE_CURVE('',#3251,#3168,#3597,.T.);
#2674=EDGE_CURVE('',#3251,#3252,#642,.F.);
#2675=EDGE_CURVE('',#3252,#3169,#3598,.F.);
#2676=EDGE_CURVE('',#3248,#3253,#443,.F.);
#2677=EDGE_CURVE('',#3247,#3254,#444,.T.);
#2678=EDGE_CURVE('',#3254,#3253,#445,.F.);
#2679=EDGE_CURVE('',#3240,#3255,#446,.T.);
#2680=EDGE_CURVE('',#3238,#3255,#3599,.F.);
#2681=EDGE_CURVE('',#3256,#3189,#447,.F.);
#2682=EDGE_CURVE('',#3086,#3256,#448,.T.);
#2683=EDGE_CURVE('',#3257,#3086,#3600,.F.);
#2684=EDGE_CURVE('',#3258,#3257,#643,.T.);
#2685=EDGE_CURVE('',#3087,#3258,#3601,.F.);
#2686=EDGE_CURVE('',#3132,#3133,#3602,.T.);
#2687=EDGE_CURVE('',#3154,#3153,#3603,.T.);
#2688=EDGE_CURVE('',#3163,#3164,#3604,.T.);
#2689=EDGE_CURVE('',#3197,#3258,#3605,.F.);
#2690=EDGE_CURVE('',#3257,#3259,#644,.T.);
#2691=EDGE_CURVE('',#3259,#3100,#645,.T.);
#2692=EDGE_CURVE('',#3260,#3259,#3606,.F.);
#2693=EDGE_CURVE('',#3254,#3260,#449,.T.);
#2694=EDGE_CURVE('',#3261,#3262,#646,.T.);
#2695=EDGE_CURVE('',#3262,#3261,#3607,.T.);
#2696=EDGE_CURVE('',#3263,#3192,#3608,.F.);
#2697=EDGE_CURVE('',#3264,#3263,#83,.F.);
#2698=EDGE_CURVE('',#3265,#3264,#3609,.F.);
#2699=EDGE_CURVE('',#3192,#3265,#647,.F.);
#2700=EDGE_CURVE('',#3266,#3265,#450,.T.);
#2701=EDGE_CURVE('',#3266,#3191,#451,.F.);
#2702=EDGE_CURVE('',#3256,#3266,#452,.T.);
#2703=EDGE_CURVE('',#3267,#3206,#3610,.T.);
#2704=EDGE_CURVE('',#3267,#3268,#84,.F.);
#2705=EDGE_CURVE('',#3105,#3268,#3611,.F.);
#2706=EDGE_CURVE('',#3269,#3268,#3612,.T.);
#2707=EDGE_CURVE('',#3108,#3269,#3613,.F.);
#2708=EDGE_CURVE('',#3270,#3120,#3614,.T.);
#2709=EDGE_CURVE('',#3185,#3116,#648,.F.);
#2710=EDGE_CURVE('',#3269,#3270,#3615,.T.);
#2711=EDGE_CURVE('',#3270,#3271,#3616,.T.);
#2712=EDGE_CURVE('',#3271,#3121,#3617,.F.);
#2713=EDGE_CURVE('',#3272,#3147,#453,.T.);
#2714=EDGE_CURVE('',#3272,#3273,#454,.F.);
#2715=EDGE_CURVE('',#3128,#3273,#455,.T.);
#2716=EDGE_CURVE('',#3274,#3273,#649,.T.);
#2717=EDGE_CURVE('',#3274,#3125,#456,.T.);
#2718=EDGE_CURVE('',#3274,#3275,#457,.F.);
#2719=EDGE_CURVE('',#3148,#3275,#458,.T.);
#2720=EDGE_CURVE('',#3276,#3275,#3618,.T.);
#2721=EDGE_CURVE('',#3276,#3146,#3619,.T.);
#2722=EDGE_CURVE('',#3277,#3276,#3620,.F.);
#2723=EDGE_CURVE('',#3176,#3277,#3621,.F.);
#2724=EDGE_CURVE('',#3143,#3278,#3622,.T.);
#2725=EDGE_CURVE('',#3272,#3278,#3623,.T.);
#2726=EDGE_CURVE('',#3279,#3279,#650,.T.);
#2727=EDGE_CURVE('',#3280,#3158,#3624,.T.);
#2728=EDGE_CURVE('',#3281,#3280,#3625,.T.);
#2729=EDGE_CURVE('',#3159,#3281,#3626,.T.);
#2730=EDGE_CURVE('',#3161,#3282,#3627,.T.);
#2731=EDGE_CURVE('',#3282,#3281,#85,.T.);
#2732=EDGE_CURVE('',#3283,#3181,#3628,.T.);
#2733=EDGE_CURVE('',#3280,#3283,#3629,.T.);
#2734=EDGE_CURVE('',#3282,#3284,#3630,.T.);
#2735=EDGE_CURVE('',#3284,#3251,#3631,.F.);
#2736=EDGE_CURVE('',#3285,#3286,#3632,.T.);
#2737=EDGE_CURVE('',#3267,#3285,#3633,.T.);
#2738=EDGE_CURVE('',#3206,#3286,#3634,.F.);
#2739=EDGE_CURVE('',#3287,#3271,#3635,.T.);
#2740=EDGE_CURVE('',#3287,#3288,#3636,.T.);
#2741=EDGE_CURVE('',#3288,#3174,#3637,.F.);
#2742=EDGE_CURVE('',#3289,#3175,#459,.F.);
#2743=EDGE_CURVE('',#3289,#3278,#651,.T.);
#2744=EDGE_CURVE('',#3290,#3291,#652,.T.);
#2745=EDGE_CURVE('',#3291,#3292,#3638,.F.);
#2746=EDGE_CURVE('',#3292,#3293,#3639,.T.);
#2747=EDGE_CURVE('',#3293,#3294,#653,.F.);
#2748=EDGE_CURVE('',#3294,#3295,#3640,.F.);
#2749=EDGE_CURVE('',#3295,#3283,#3641,.F.);
#2750=EDGE_CURVE('',#3290,#3277,#3642,.T.);
#2751=EDGE_CURVE('',#3296,#3297,#3643,.T.);
#2752=EDGE_CURVE('',#3296,#3263,#460,.T.);
#2753=EDGE_CURVE('',#3202,#3297,#654,.F.);
#2754=EDGE_CURVE('',#3264,#3261,#86,.F.);
#2755=EDGE_CURVE('',#3296,#3298,#3644,.T.);
#2756=EDGE_CURVE('',#3262,#3298,#87,.F.);
#2757=EDGE_CURVE('',#3299,#3297,#461,.F.);
#2758=EDGE_CURVE('',#3201,#3299,#462,.T.);
#2759=EDGE_CURVE('',#3300,#3300,#463,.T.);
#2760=EDGE_CURVE('',#3301,#3302,#464,.T.);
#2761=EDGE_CURVE('',#3299,#3301,#3645,.T.);
#2762=EDGE_CURVE('',#3302,#3200,#3646,.T.);
#2763=EDGE_CURVE('',#3250,#3303,#3647,.F.);
#2764=EDGE_CURVE('',#3302,#3303,#3648,.T.);
#2765=EDGE_CURVE('',#3286,#3304,#655,.T.);
#2766=EDGE_CURVE('',#3205,#3304,#3649,.T.);
#2767=EDGE_CURVE('',#3288,#3305,#656,.T.);
#2768=EDGE_CURVE('',#3207,#3305,#3650,.T.);
#2769=EDGE_CURVE('',#3306,#3219,#465,.T.);
#2770=EDGE_CURVE('',#3306,#3307,#466,.F.);
#2771=EDGE_CURVE('',#3213,#3307,#467,.T.);
#2772=EDGE_CURVE('',#3308,#3307,#657,.T.);
#2773=EDGE_CURVE('',#3308,#3210,#468,.T.);
#2774=EDGE_CURVE('',#3308,#3309,#469,.F.);
#2775=EDGE_CURVE('',#3220,#3309,#470,.T.);
#2776=EDGE_CURVE('',#3289,#3309,#3651,.T.);
#2777=EDGE_CURVE('',#3217,#3310,#3652,.F.);
#2778=EDGE_CURVE('',#3306,#3310,#3653,.T.);
#2779=EDGE_CURVE('',#3311,#3311,#658,.T.);
#2780=EDGE_CURVE('',#3312,#3222,#3654,.F.);
#2781=EDGE_CURVE('',#3312,#3310,#659,.T.);
#2782=EDGE_CURVE('',#3313,#3233,#471,.T.);
#2783=EDGE_CURVE('',#3313,#3314,#472,.F.);
#2784=EDGE_CURVE('',#3228,#3314,#473,.T.);
#2785=EDGE_CURVE('',#3315,#3314,#660,.T.);
#2786=EDGE_CURVE('',#3315,#3225,#474,.T.);
#2787=EDGE_CURVE('',#3315,#3316,#475,.F.);
#2788=EDGE_CURVE('',#3234,#3316,#476,.T.);
#2789=EDGE_CURVE('',#3312,#3316,#3655,.T.);
#2790=EDGE_CURVE('',#3313,#3305,#3656,.T.);
#2791=EDGE_CURVE('',#3317,#3317,#661,.T.);
#2792=EDGE_CURVE('',#3304,#3318,#3657,.T.);
#2793=EDGE_CURVE('',#3236,#3318,#3658,.T.);
#2794=EDGE_CURVE('',#3318,#3319,#662,.T.);
#2795=EDGE_CURVE('',#3238,#3319,#3659,.T.);
#2796=EDGE_CURVE('',#3241,#3320,#477,.T.);
#2797=EDGE_CURVE('',#3320,#3321,#478,.T.);
#2798=EDGE_CURVE('',#3255,#3321,#3660,.T.);
#2799=EDGE_CURVE('',#3322,#3242,#3661,.F.);
#2800=EDGE_CURVE('',#3320,#3322,#479,.T.);
#2801=EDGE_CURVE('',#3323,#3244,#3662,.T.);
#2802=EDGE_CURVE('',#3322,#3323,#480,.F.);
#2803=EDGE_CURVE('',#3245,#3324,#3663,.T.);
#2804=EDGE_CURVE('',#3323,#3324,#3664,.T.);
#2805=EDGE_CURVE('',#3325,#3248,#3665,.T.);
#2806=EDGE_CURVE('',#3324,#3325,#481,.F.);
#2807=EDGE_CURVE('',#3252,#3249,#3666,.T.);
#2808=EDGE_CURVE('',#3249,#3326,#663,.T.);
#2809=EDGE_CURVE('',#3250,#3326,#664,.F.);
#2810=EDGE_CURVE('',#3327,#3260,#482,.T.);
#2811=EDGE_CURVE('',#3327,#3253,#483,.F.);
#2812=EDGE_CURVE('',#3328,#3253,#3667,.F.);
#2813=EDGE_CURVE('',#3325,#3328,#484,.T.);
#2814=EDGE_CURVE('',#3319,#3321,#3668,.T.);
#2815=EDGE_CURVE('',#3329,#3251,#665,.F.);
#2816=EDGE_CURVE('',#3330,#3284,#666,.F.);
#2817=EDGE_CURVE('',#3330,#3329,#3669,.T.);
#2818=EDGE_CURVE('',#3331,#3292,#3670,.F.);
#2819=EDGE_CURVE('',#3331,#3332,#3671,.T.);
#2820=EDGE_CURVE('',#3332,#3293,#3672,.T.);
#2821=EDGE_CURVE('',#3332,#3333,#667,.F.);
#2822=EDGE_CURVE('',#3333,#3294,#3673,.F.);
#2823=EDGE_CURVE('',#3333,#3334,#3674,.T.);
#2824=EDGE_CURVE('',#3295,#3334,#3675,.T.);
#2825=EDGE_CURVE('',#3291,#3335,#3676,.T.);
#2826=EDGE_CURVE('',#3336,#3290,#3677,.F.);
#2827=EDGE_CURVE('',#3336,#3335,#668,.T.);
#2828=EDGE_CURVE('',#3335,#3331,#3678,.F.);
#2829=EDGE_CURVE('',#3334,#3330,#3679,.F.);
#2830=EDGE_CURVE('',#3305,#3337,#3680,.T.);
#2831=EDGE_CURVE('',#3337,#3338,#3681,.F.);
#2832=EDGE_CURVE('',#3338,#3312,#3682,.F.);
#2833=EDGE_CURVE('',#3310,#3339,#3683,.T.);
#2834=EDGE_CURVE('',#3338,#3339,#669,.T.);
#2835=EDGE_CURVE('',#3339,#3340,#3684,.F.);
#2836=EDGE_CURVE('',#3340,#3289,#3685,.F.);
#2837=EDGE_CURVE('',#3341,#3288,#3686,.F.);
#2838=EDGE_CURVE('',#3341,#3337,#670,.T.);
#2839=EDGE_CURVE('',#3278,#3342,#3687,.T.);
#2840=EDGE_CURVE('',#3342,#3340,#671,.F.);
#2841=EDGE_CURVE('',#3343,#3287,#3688,.F.);
#2842=EDGE_CURVE('',#3343,#3341,#3689,.F.);
#2843=EDGE_CURVE('',#3342,#3336,#3690,.F.);
#2844=EDGE_CURVE('',#2915,#3327,#485,.T.);
#2845=EDGE_CURVE('',#2913,#3328,#486,.T.);
#2846=EDGE_CURVE('',#3328,#3344,#487,.F.);
#2847=EDGE_CURVE('',#3345,#2913,#3691,.F.);
#2848=EDGE_CURVE('',#3345,#3344,#672,.F.);
#2849=EDGE_CURVE('',#3344,#3346,#488,.F.);
#2850=EDGE_CURVE('',#3346,#3325,#3692,.T.);
#2851=EDGE_CURVE('',#3324,#3347,#3693,.T.);
#2852=EDGE_CURVE('',#3346,#3347,#489,.F.);
#2853=EDGE_CURVE('',#3347,#3348,#3694,.F.);
#2854=EDGE_CURVE('',#3348,#3323,#3695,.T.);
#2855=EDGE_CURVE('',#3322,#3349,#3696,.T.);
#2856=EDGE_CURVE('',#3348,#3349,#490,.F.);
#2857=EDGE_CURVE('',#3349,#3350,#491,.F.);
#2858=EDGE_CURVE('',#3350,#3320,#492,.F.);
#2859=EDGE_CURVE('',#3321,#3351,#3697,.T.);
#2860=EDGE_CURVE('',#3351,#3352,#3698,.F.);
#2861=EDGE_CURVE('',#3319,#3352,#3699,.T.);
#2862=EDGE_CURVE('',#3350,#3351,#673,.F.);
#2863=EDGE_CURVE('',#3352,#3353,#674,.F.);
#2864=EDGE_CURVE('',#3318,#3353,#3700,.T.);
#2865=EDGE_CURVE('',#3353,#3354,#3701,.F.);
#2866=EDGE_CURVE('',#3304,#3354,#3702,.T.);
#2867=EDGE_CURVE('',#3354,#3355,#675,.F.);
#2868=EDGE_CURVE('',#3286,#3355,#3703,.T.);
#2869=EDGE_CURVE('',#3355,#3356,#3704,.F.);
#2870=EDGE_CURVE('',#3285,#3356,#3705,.T.);
#2871=EDGE_CURVE('',#2916,#3260,#493,.T.);
#2872=EDGE_CURVE('',#3356,#3343,#3706,.F.);
#2873=EDGE_CURVE('',#3357,#2911,#3707,.F.);
#2874=EDGE_CURVE('',#3357,#3345,#676,.F.);
#2875=EDGE_CURVE('',#3358,#3303,#88,.T.);
#2876=EDGE_CURVE('',#3358,#3357,#3708,.F.);
#2877=EDGE_CURVE('',#3301,#2911,#3709,.T.);
#2878=EDGE_CURVE('',#3297,#2912,#3710,.F.);
#2879=EDGE_CURVE('',#3359,#2918,#3711,.T.);
#2880=EDGE_CURVE('',#3359,#3298,#3712,.T.);
#2881=EDGE_CURVE('',#3326,#3358,#3713,.F.);
#2882=EDGE_CURVE('',#3359,#2917,#677,.T.);
#2883=EDGE_CURVE('',#3329,#3252,#678,.F.);
#2884=EDGE_CURVE('',#3329,#3326,#494,.F.);
#2885=EDGE_CURVE('',#3360,#3361,#495,.T.);
#2886=EDGE_CURVE('',#3050,#3360,#3714,.F.);
#2887=EDGE_CURVE('',#3361,#3184,#496,.T.);
#2888=EDGE_CURVE('',#3362,#3060,#497,.T.);
#2889=EDGE_CURVE('',#3362,#3363,#498,.T.);
#2890=EDGE_CURVE('',#3059,#3363,#499,.T.);
#2891=EDGE_CURVE('',#3360,#3362,#3715,.F.);
#2892=EDGE_CURVE('',#3363,#3187,#3716,.F.);
#2893=EDGE_CURVE('',#3184,#3364,#500,.F.);
#2894=EDGE_CURVE('',#3365,#3183,#501,.F.);
#2895=EDGE_CURVE('',#3364,#3365,#502,.F.);
#2896=EDGE_CURVE('',#3187,#3366,#3717,.T.);
#2897=EDGE_CURVE('',#3366,#3367,#503,.T.);
#2898=EDGE_CURVE('',#3365,#3367,#504,.F.);
#2899=EDGE_CURVE('',#3364,#3368,#505,.T.);
#2900=EDGE_CURVE('',#3368,#3369,#506,.T.);
#2901=EDGE_CURVE('',#3369,#3360,#3718,.T.);
#2902=EDGE_CURVE('',#3366,#3369,#3719,.T.);
#2903=EDGE_CURVE('',#3366,#3370,#3720,.T.);
#2904=EDGE_CURVE('',#3371,#3369,#3721,.T.);
#2905=EDGE_CURVE('',#3371,#3370,#3722,.T.);
#2906=EDGE_CURVE('',#3364,#3372,#3723,.T.);
#2907=EDGE_CURVE('',#3372,#3371,#507,.F.);
#2908=EDGE_CURVE('',#3370,#3373,#508,.F.);
#2909=EDGE_CURVE('',#3373,#3365,#3724,.T.);
#2910=EDGE_CURVE('',#3373,#3372,#509,.F.);
#2911=VERTEX_POINT('',#6702);
#2912=VERTEX_POINT('',#6703);
#2913=VERTEX_POINT('',#6705);
#2914=VERTEX_POINT('',#6710);
#2915=VERTEX_POINT('',#6717);
#2916=VERTEX_POINT('',#6724);
#2917=VERTEX_POINT('',#6726);
#2918=VERTEX_POINT('',#6728);
#2919=VERTEX_POINT('',#6737);
#2920=VERTEX_POINT('',#6738);
#2921=VERTEX_POINT('',#6740);
#2922=VERTEX_POINT('',#6742);
#2923=VERTEX_POINT('',#6744);
#2924=VERTEX_POINT('',#6746);
#2925=VERTEX_POINT('',#6748);
#2926=VERTEX_POINT('',#6750);
#2927=VERTEX_POINT('',#6754);
#2928=VERTEX_POINT('',#6759);
#2929=VERTEX_POINT('',#6763);
#2930=VERTEX_POINT('',#6764);
#2931=VERTEX_POINT('',#6766);
#2932=VERTEX_POINT('',#6768);
#2933=VERTEX_POINT('',#6772);
#2934=VERTEX_POINT('',#6774);
#2935=VERTEX_POINT('',#6778);
#2936=VERTEX_POINT('',#6780);
#2937=VERTEX_POINT('',#6784);
#2938=VERTEX_POINT('',#6786);
#2939=VERTEX_POINT('',#6790);
#2940=VERTEX_POINT('',#6792);
#2941=VERTEX_POINT('',#6796);
#2942=VERTEX_POINT('',#6798);
#2943=VERTEX_POINT('',#6801);
#2944=VERTEX_POINT('',#6803);
#2945=VERTEX_POINT('',#6804);
#2946=VERTEX_POINT('',#6812);
#2947=VERTEX_POINT('',#6813);
#2948=VERTEX_POINT('',#6815);
#2949=VERTEX_POINT('',#6817);
#2950=VERTEX_POINT('',#6821);
#2951=VERTEX_POINT('',#6822);
#2952=VERTEX_POINT('',#6834);
#2953=VERTEX_POINT('',#6836);
#2954=VERTEX_POINT('',#6840);
#2955=VERTEX_POINT('',#6845);
#2956=VERTEX_POINT('',#6857);
#2957=VERTEX_POINT('',#6858);
#2958=VERTEX_POINT('',#6861);
#2959=VERTEX_POINT('',#6866);
#2960=VERTEX_POINT('',#6870);
#2961=VERTEX_POINT('',#6874);
#2962=VERTEX_POINT('',#6875);
#2963=VERTEX_POINT('',#6877);
#2964=VERTEX_POINT('',#6879);
#2965=VERTEX_POINT('',#6883);
#2966=VERTEX_POINT('',#6884);
#2967=VERTEX_POINT('',#6889);
#2968=VERTEX_POINT('',#6891);
#2969=VERTEX_POINT('',#6893);
#2970=VERTEX_POINT('',#6898);
#2971=VERTEX_POINT('',#6900);
#2972=VERTEX_POINT('',#6904);
#2973=VERTEX_POINT('',#6905);
#2974=VERTEX_POINT('',#6923);
#2975=VERTEX_POINT('',#6925);
#2976=VERTEX_POINT('',#6929);
#2977=VERTEX_POINT('',#6930);
#2978=VERTEX_POINT('',#6934);
#2979=VERTEX_POINT('',#6935);
#2980=VERTEX_POINT('',#6937);
#2981=VERTEX_POINT('',#6939);
#2982=VERTEX_POINT('',#6945);
#2983=VERTEX_POINT('',#6946);
#2984=VERTEX_POINT('',#6948);
#2985=VERTEX_POINT('',#6950);
#2986=VERTEX_POINT('',#6954);
#2987=VERTEX_POINT('',#6955);
#2988=VERTEX_POINT('',#6962);
#2989=VERTEX_POINT('',#6964);
#2990=VERTEX_POINT('',#6966);
#2991=VERTEX_POINT('',#6968);
#2992=VERTEX_POINT('',#6970);
#2993=VERTEX_POINT('',#6972);
#2994=VERTEX_POINT('',#6979);
#2995=VERTEX_POINT('',#6980);
#2996=VERTEX_POINT('',#7013);
#2997=VERTEX_POINT('',#7014);
#2998=VERTEX_POINT('',#7032);
#2999=VERTEX_POINT('',#7054);
#3000=VERTEX_POINT('',#7061);
#3001=VERTEX_POINT('',#7066);
#3002=VERTEX_POINT('',#7105);
#3003=VERTEX_POINT('',#7106);
#3004=VERTEX_POINT('',#7119);
#3005=VERTEX_POINT('',#7172);
#3006=VERTEX_POINT('',#7173);
#3007=VERTEX_POINT('',#7175);
#3008=VERTEX_POINT('',#7177);
#3009=VERTEX_POINT('',#7181);
#3010=VERTEX_POINT('',#7182);
#3011=VERTEX_POINT('',#7184);
#3012=VERTEX_POINT('',#7186);
#3013=VERTEX_POINT('',#7190);
#3014=VERTEX_POINT('',#7192);
#3015=VERTEX_POINT('',#7196);
#3016=VERTEX_POINT('',#7197);
#3017=VERTEX_POINT('',#7202);
#3018=VERTEX_POINT('',#7204);
#3019=VERTEX_POINT('',#7208);
#3020=VERTEX_POINT('',#7213);
#3021=VERTEX_POINT('',#7217);
#3022=VERTEX_POINT('',#7219);
#3023=VERTEX_POINT('',#7223);
#3024=VERTEX_POINT('',#7228);
#3025=VERTEX_POINT('',#7232);
#3026=VERTEX_POINT('',#7273);
#3027=VERTEX_POINT('',#7275);
#3028=VERTEX_POINT('',#7277);
#3029=VERTEX_POINT('',#7286);
#3030=VERTEX_POINT('',#7288);
#3031=VERTEX_POINT('',#7326);
#3032=VERTEX_POINT('',#7328);
#3033=VERTEX_POINT('',#7330);
#3034=VERTEX_POINT('',#7334);
#3035=VERTEX_POINT('',#7336);
#3036=VERTEX_POINT('',#7374);
#3037=VERTEX_POINT('',#7379);
#3038=VERTEX_POINT('',#7380);
#3039=VERTEX_POINT('',#7412);
#3040=VERTEX_POINT('',#7413);
#3041=VERTEX_POINT('',#7417);
#3042=VERTEX_POINT('',#7425);
#3043=VERTEX_POINT('',#7439);
#3044=VERTEX_POINT('',#7440);
#3045=VERTEX_POINT('',#7454);
#3046=VERTEX_POINT('',#7455);
#3047=VERTEX_POINT('',#7462);
#3048=VERTEX_POINT('',#7467);
#3049=VERTEX_POINT('',#7471);
#3050=VERTEX_POINT('',#7473);
#3051=VERTEX_POINT('',#7480);
#3052=VERTEX_POINT('',#7489);
#3053=VERTEX_POINT('',#7496);
#3054=VERTEX_POINT('',#7498);
#3055=VERTEX_POINT('',#7574);
#3056=VERTEX_POINT('',#7576);
#3057=VERTEX_POINT('',#7585);
#3058=VERTEX_POINT('',#7586);
#3059=VERTEX_POINT('',#7595);
#3060=VERTEX_POINT('',#7607);
#3061=VERTEX_POINT('',#7618);
#3062=VERTEX_POINT('',#7627);
#3063=VERTEX_POINT('',#7634);
#3064=VERTEX_POINT('',#7636);
#3065=VERTEX_POINT('',#7643);
#3066=VERTEX_POINT('',#7644);
#3067=VERTEX_POINT('',#7647);
#3068=VERTEX_POINT('',#7649);
#3069=VERTEX_POINT('',#7651);
#3070=VERTEX_POINT('',#7653);
#3071=VERTEX_POINT('',#7655);
#3072=VERTEX_POINT('',#7659);
#3073=VERTEX_POINT('',#7661);
#3074=VERTEX_POINT('',#7663);
#3075=VERTEX_POINT('',#7665);
#3076=VERTEX_POINT('',#7732);
#3077=VERTEX_POINT('',#7734);
#3078=VERTEX_POINT('',#7737);
#3079=VERTEX_POINT('',#7749);
#3080=VERTEX_POINT('',#7840);
#3081=VERTEX_POINT('',#7844);
#3082=VERTEX_POINT('',#7847);
#3083=VERTEX_POINT('',#7851);
#3084=VERTEX_POINT('',#7853);
#3085=VERTEX_POINT('',#7857);
#3086=VERTEX_POINT('',#7887);
#3087=VERTEX_POINT('',#7888);
#3088=VERTEX_POINT('',#7897);
#3089=VERTEX_POINT('',#7905);
#3090=VERTEX_POINT('',#7906);
#3091=VERTEX_POINT('',#7911);
#3092=VERTEX_POINT('',#7912);
#3093=VERTEX_POINT('',#7917);
#3094=VERTEX_POINT('',#7918);
#3095=VERTEX_POINT('',#7923);
#3096=VERTEX_POINT('',#7924);
#3097=VERTEX_POINT('',#7929);
#3098=VERTEX_POINT('',#7933);
#3099=VERTEX_POINT('',#7935);
#3100=VERTEX_POINT('',#7939);
#3101=VERTEX_POINT('',#7941);
#3102=VERTEX_POINT('',#7967);
#3103=VERTEX_POINT('',#7969);
#3104=VERTEX_POINT('',#7973);
#3105=VERTEX_POINT('',#7975);
#3106=VERTEX_POINT('',#7979);
#3107=VERTEX_POINT('',#7983);
#3108=VERTEX_POINT('',#7984);
#3109=VERTEX_POINT('',#7986);
#3110=VERTEX_POINT('',#7991);
#3111=VERTEX_POINT('',#8000);
#3112=VERTEX_POINT('',#8002);
#3113=VERTEX_POINT('',#8008);
#3114=VERTEX_POINT('',#8020);
#3115=VERTEX_POINT('',#8027);
#3116=VERTEX_POINT('',#8052);
#3117=VERTEX_POINT('',#8056);
#3118=VERTEX_POINT('',#8057);
#3119=VERTEX_POINT('',#8062);
#3120=VERTEX_POINT('',#8064);
#3121=VERTEX_POINT('',#8066);
#3122=VERTEX_POINT('',#8068);
#3123=VERTEX_POINT('',#8103);
#3124=VERTEX_POINT('',#8104);
#3125=VERTEX_POINT('',#8116);
#3126=VERTEX_POINT('',#8121);
#3127=VERTEX_POINT('',#8123);
#3128=VERTEX_POINT('',#8128);
#3129=VERTEX_POINT('',#8140);
#3130=VERTEX_POINT('',#8142);
#3131=VERTEX_POINT('',#8154);
#3132=VERTEX_POINT('',#8156);
#3133=VERTEX_POINT('',#8160);
#3134=VERTEX_POINT('',#8166);
#3135=VERTEX_POINT('',#8173);
#3136=VERTEX_POINT('',#8177);
#3137=VERTEX_POINT('',#8185);
#3138=VERTEX_POINT('',#8187);
#3139=VERTEX_POINT('',#8191);
#3140=VERTEX_POINT('',#8198);
#3141=VERTEX_POINT('',#8205);
#3142=VERTEX_POINT('',#8207);
#3143=VERTEX_POINT('',#8214);
#3144=VERTEX_POINT('',#8216);
#3145=VERTEX_POINT('',#8218);
#3146=VERTEX_POINT('',#8220);
#3147=VERTEX_POINT('',#8227);
#3148=VERTEX_POINT('',#8236);
#3149=VERTEX_POINT('',#8243);
#3150=VERTEX_POINT('',#8245);
#3151=VERTEX_POINT('',#8248);
#3152=VERTEX_POINT('',#8249);
#3153=VERTEX_POINT('',#8254);
#3154=VERTEX_POINT('',#8258);
#3155=VERTEX_POINT('',#8259);
#3156=VERTEX_POINT('',#8261);
#3157=VERTEX_POINT('',#8263);
#3158=VERTEX_POINT('',#8267);
#3159=VERTEX_POINT('',#8269);
#3160=VERTEX_POINT('',#8273);
#3161=VERTEX_POINT('',#8287);
#3162=VERTEX_POINT('',#8289);
#3163=VERTEX_POINT('',#8293);
#3164=VERTEX_POINT('',#8297);
#3165=VERTEX_POINT('',#8299);
#3166=VERTEX_POINT('',#8306);
#3167=VERTEX_POINT('',#8310);
#3168=VERTEX_POINT('',#8317);
#3169=VERTEX_POINT('',#8319);
#3170=VERTEX_POINT('',#8324);
#3171=VERTEX_POINT('',#8328);
#3172=VERTEX_POINT('',#8332);
#3173=VERTEX_POINT('',#8337);
#3174=VERTEX_POINT('',#8341);
#3175=VERTEX_POINT('',#8345);
#3176=VERTEX_POINT('',#8358);
#3177=VERTEX_POINT('',#8364);
#3178=VERTEX_POINT('',#8368);
#3179=VERTEX_POINT('',#8385);
#3180=VERTEX_POINT('',#8389);
#3181=VERTEX_POINT('',#8394);
#3182=VERTEX_POINT('',#8398);
#3183=VERTEX_POINT('',#8399);
#3184=VERTEX_POINT('',#8404);
#3185=VERTEX_POINT('',#8406);
#3186=VERTEX_POINT('',#8614);
#3187=VERTEX_POINT('',#8618);
#3188=VERTEX_POINT('',#8638);
#3189=VERTEX_POINT('',#8667);
#3190=VERTEX_POINT('',#8672);
#3191=VERTEX_POINT('',#8677);
#3192=VERTEX_POINT('',#8684);
#3193=VERTEX_POINT('',#8770);
#3194=VERTEX_POINT('',#8773);
#3195=VERTEX_POINT('',#8775);
#3196=VERTEX_POINT('',#8779);
#3197=VERTEX_POINT('',#8786);
#3198=VERTEX_POINT('',#8796);
#3199=VERTEX_POINT('',#8806);
#3200=VERTEX_POINT('',#8866);
#3201=VERTEX_POINT('',#8871);
#3202=VERTEX_POINT('',#8897);
#3203=VERTEX_POINT('',#8904);
#3204=VERTEX_POINT('',#8906);
#3205=VERTEX_POINT('',#8913);
#3206=VERTEX_POINT('',#8915);
#3207=VERTEX_POINT('',#8919);
#3208=VERTEX_POINT('',#8975);
#3209=VERTEX_POINT('',#8976);
#3210=VERTEX_POINT('',#8988);
#3211=VERTEX_POINT('',#8993);
#3212=VERTEX_POINT('',#8995);
#3213=VERTEX_POINT('',#9000);
#3214=VERTEX_POINT('',#9004);
#3215=VERTEX_POINT('',#9005);
#3216=VERTEX_POINT('',#9026);
#3217=VERTEX_POINT('',#9028);
#3218=VERTEX_POINT('',#9030);
#3219=VERTEX_POINT('',#9037);
#3220=VERTEX_POINT('',#9046);
#3221=VERTEX_POINT('',#9053);
#3222=VERTEX_POINT('',#9056);
#3223=VERTEX_POINT('',#9112);
#3224=VERTEX_POINT('',#9113);
#3225=VERTEX_POINT('',#9125);
#3226=VERTEX_POINT('',#9130);
#3227=VERTEX_POINT('',#9132);
#3228=VERTEX_POINT('',#9137);
#3229=VERTEX_POINT('',#9141);
#3230=VERTEX_POINT('',#9142);
#3231=VERTEX_POINT('',#9163);
#3232=VERTEX_POINT('',#9165);
#3233=VERTEX_POINT('',#9172);
#3234=VERTEX_POINT('',#9181);
#3235=VERTEX_POINT('',#9188);
#3236=VERTEX_POINT('',#9191);
#3237=VERTEX_POINT('',#9475);
#3238=VERTEX_POINT('',#9478);
#3239=VERTEX_POINT('',#9512);
#3240=VERTEX_POINT('',#9517);
#3241=VERTEX_POINT('',#9545);
#3242=VERTEX_POINT('',#9591);
#3243=VERTEX_POINT('',#9610);
#3244=VERTEX_POINT('',#9648);
#3245=VERTEX_POINT('',#9670);
#3246=VERTEX_POINT('',#9830);
#3247=VERTEX_POINT('',#9853);
#3248=VERTEX_POINT('',#9855);
#3249=VERTEX_POINT('',#9865);
#3250=VERTEX_POINT('',#9867);
#3251=VERTEX_POINT('',#9871);
#3252=VERTEX_POINT('',#9873);
#3253=VERTEX_POINT('',#9917);
#3254=VERTEX_POINT('',#9929);
#3255=VERTEX_POINT('',#9939);
#3256=VERTEX_POINT('',#9966);
#3257=VERTEX_POINT('',#9973);
#3258=VERTEX_POINT('',#9975);
#3259=VERTEX_POINT('',#9983);
#3260=VERTEX_POINT('',#9987);
#3261=VERTEX_POINT('',#9994);
#3262=VERTEX_POINT('',#9995);
#3263=VERTEX_POINT('',#9999);
#3264=VERTEX_POINT('',#10001);
#3265=VERTEX_POINT('',#10003);
#3266=VERTEX_POINT('',#10081);
#3267=VERTEX_POINT('',#10113);
#3268=VERTEX_POINT('',#10115);
#3269=VERTEX_POINT('',#10119);
#3270=VERTEX_POINT('',#10123);
#3271=VERTEX_POINT('',#10128);
#3272=VERTEX_POINT('',#10162);
#3273=VERTEX_POINT('',#10167);
#3274=VERTEX_POINT('',#10174);
#3275=VERTEX_POINT('',#10222);
#3276=VERTEX_POINT('',#10229);
#3277=VERTEX_POINT('',#10233);
#3278=VERTEX_POINT('',#10237);
#3279=VERTEX_POINT('',#10241);
#3280=VERTEX_POINT('',#10244);
#3281=VERTEX_POINT('',#10246);
#3282=VERTEX_POINT('',#10250);
#3283=VERTEX_POINT('',#10254);
#3284=VERTEX_POINT('',#10258);
#3285=VERTEX_POINT('',#10262);
#3286=VERTEX_POINT('',#10263);
#3287=VERTEX_POINT('',#10268);
#3288=VERTEX_POINT('',#10270);
#3289=VERTEX_POINT('',#10277);
#3290=VERTEX_POINT('',#10281);
#3291=VERTEX_POINT('',#10282);
#3292=VERTEX_POINT('',#10284);
#3293=VERTEX_POINT('',#10286);
#3294=VERTEX_POINT('',#10288);
#3295=VERTEX_POINT('',#10290);
#3296=VERTEX_POINT('',#10295);
#3297=VERTEX_POINT('',#10296);
#3298=VERTEX_POINT('',#10305);
#3299=VERTEX_POINT('',#10312);
#3300=VERTEX_POINT('',#10599);
#3301=VERTEX_POINT('',#10605);
#3302=VERTEX_POINT('',#10606);
#3303=VERTEX_POINT('',#10611);
#3304=VERTEX_POINT('',#10615);
#3305=VERTEX_POINT('',#10619);
#3306=VERTEX_POINT('',#10653);
#3307=VERTEX_POINT('',#10658);
#3308=VERTEX_POINT('',#10676);
#3309=VERTEX_POINT('',#10724);
#3310=VERTEX_POINT('',#10733);
#3311=VERTEX_POINT('',#10737);
#3312=VERTEX_POINT('',#10740);
#3313=VERTEX_POINT('',#10774);
#3314=VERTEX_POINT('',#10779);
#3315=VERTEX_POINT('',#10797);
#3316=VERTEX_POINT('',#10845);
#3317=VERTEX_POINT('',#10856);
#3318=VERTEX_POINT('',#10859);
#3319=VERTEX_POINT('',#10863);
#3320=VERTEX_POINT('',#10870);
#3321=VERTEX_POINT('',#10875);
#3322=VERTEX_POINT('',#10879);
#3323=VERTEX_POINT('',#10907);
#3324=VERTEX_POINT('',#10932);
#3325=VERTEX_POINT('',#10949);
#3326=VERTEX_POINT('',#10976);
#3327=VERTEX_POINT('',#10998);
#3328=VERTEX_POINT('',#11005);
#3329=VERTEX_POINT('',#11022);
#3330=VERTEX_POINT('',#11024);
#3331=VERTEX_POINT('',#11028);
#3332=VERTEX_POINT('',#11030);
#3333=VERTEX_POINT('',#11034);
#3334=VERTEX_POINT('',#11038);
#3335=VERTEX_POINT('',#11042);
#3336=VERTEX_POINT('',#11044);
#3337=VERTEX_POINT('',#11052);
#3338=VERTEX_POINT('',#11054);
#3339=VERTEX_POINT('',#11058);
#3340=VERTEX_POINT('',#11062);
#3341=VERTEX_POINT('',#11066);
#3342=VERTEX_POINT('',#11070);
#3343=VERTEX_POINT('',#11074);
#3344=VERTEX_POINT('',#11092);
#3345=VERTEX_POINT('',#11094);
#3346=VERTEX_POINT('',#11113);
#3347=VERTEX_POINT('',#11130);
#3348=VERTEX_POINT('',#11144);
#3349=VERTEX_POINT('',#11161);
#3350=VERTEX_POINT('',#11191);
#3351=VERTEX_POINT('',#11198);
#3352=VERTEX_POINT('',#11200);
#3353=VERTEX_POINT('',#11206);
#3354=VERTEX_POINT('',#11210);
#3355=VERTEX_POINT('',#11214);
#3356=VERTEX_POINT('',#11218);
#3357=VERTEX_POINT('',#11244);
#3358=VERTEX_POINT('',#11248);
#3359=VERTEX_POINT('',#11255);
#3360=VERTEX_POINT('',#11289);
#3361=VERTEX_POINT('',#11290);
#3362=VERTEX_POINT('',#11390);
#3363=VERTEX_POINT('',#11406);
#3364=VERTEX_POINT('',#11419);
#3365=VERTEX_POINT('',#11424);
#3366=VERTEX_POINT('',#11444);
#3367=VERTEX_POINT('',#11468);
#3368=VERTEX_POINT('',#11491);
#3369=VERTEX_POINT('',#11506);
#3370=VERTEX_POINT('',#11512);
#3371=VERTEX_POINT('',#11514);
#3372=VERTEX_POINT('',#11533);
#3373=VERTEX_POINT('',#11566);
#3374=LINE('',#6701,#3725);
#3375=LINE('',#6725,#3726);
#3376=LINE('',#6729,#3727);
#3377=LINE('',#6736,#3728);
#3378=LINE('',#6739,#3729);
#3379=LINE('',#6741,#3730);
#3380=LINE('',#6743,#3731);
#3381=LINE('',#6745,#3732);
#3382=LINE('',#6747,#3733);
#3383=LINE('',#6749,#3734);
#3384=LINE('',#6753,#3735);
#3385=LINE('',#6760,#3736);
#3386=LINE('',#6762,#3737);
#3387=LINE('',#6765,#3738);
#3388=LINE('',#6767,#3739);
#3389=LINE('',#6769,#3740);
#3390=LINE('',#6773,#3741);
#3391=LINE('',#6777,#3742);
#3392=LINE('',#6779,#3743);
#3393=LINE('',#6781,#3744);
#3394=LINE('',#6785,#3745);
#3395=LINE('',#6789,#3746);
#3396=LINE('',#6791,#3747);
#3397=LINE('',#6793,#3748);
#3398=LINE('',#6814,#3749);
#3399=LINE('',#6818,#3750);
#3400=LINE('',#6820,#3751);
#3401=LINE('',#6835,#3752);
#3402=LINE('',#6859,#3753);
#3403=LINE('',#6860,#3754);
#3404=LINE('',#6876,#3755);
#3405=LINE('',#6880,#3756);
#3406=LINE('',#6885,#3757);
#3407=LINE('',#6886,#3758);
#3408=LINE('',#6888,#3759);
#3409=LINE('',#6892,#3760);
#3410=LINE('',#6901,#3761);
#3411=LINE('',#6931,#3762);
#3412=LINE('',#6936,#3763);
#3413=LINE('',#6940,#3764);
#3414=LINE('',#6947,#3765);
#3415=LINE('',#6951,#3766);
#3416=LINE('',#6953,#3767);
#3417=LINE('',#6963,#3768);
#3418=LINE('',#6965,#3769);
#3419=LINE('',#6967,#3770);
#3420=LINE('',#6969,#3771);
#3421=LINE('',#6971,#3772);
#3422=LINE('',#6978,#3773);
#3423=LINE('',#6981,#3774);
#3424=LINE('',#6982,#3775);
#3425=LINE('',#7060,#3776);
#3426=LINE('',#7062,#3777);
#3427=LINE('',#7063,#3778);
#3428=LINE('',#7171,#3779);
#3429=LINE('',#7174,#3780);
#3430=LINE('',#7176,#3781);
#3431=LINE('',#7178,#3782);
#3432=LINE('',#7180,#3783);
#3433=LINE('',#7183,#3784);
#3434=LINE('',#7185,#3785);
#3435=LINE('',#7187,#3786);
#3436=LINE('',#7191,#3787);
#3437=LINE('',#7195,#3788);
#3438=LINE('',#7198,#3789);
#3439=LINE('',#7199,#3790);
#3440=LINE('',#7203,#3791);
#3441=LINE('',#7207,#3792);
#3442=LINE('',#7214,#3793);
#3443=LINE('',#7218,#3794);
#3444=LINE('',#7222,#3795);
#3445=LINE('',#7229,#3796);
#3446=LINE('',#7274,#3797);
#3447=LINE('',#7276,#3798);
#3448=LINE('',#7278,#3799);
#3449=LINE('',#7282,#3800);
#3450=LINE('',#7283,#3801);
#3451=LINE('',#7289,#3802);
#3452=LINE('',#7327,#3803);
#3453=LINE('',#7329,#3804);
#3454=LINE('',#7331,#3805);
#3455=LINE('',#7337,#3806);
#3456=LINE('',#7381,#3807);
#3457=LINE('',#7382,#3808);
#3458=LINE('',#7387,#3809);
#3459=LINE('',#7389,#3810);
#3460=LINE('',#7391,#3811);
#3461=LINE('',#7393,#3812);
#3462=LINE('',#7395,#3813);
#3463=LINE('',#7397,#3814);
#3464=LINE('',#7416,#3815);
#3465=LINE('',#7426,#3816);
#3466=LINE('',#7470,#3817);
#3467=LINE('',#7472,#3818);
#3468=LINE('',#7479,#3819);
#3469=LINE('',#7490,#3820);
#3470=LINE('',#7617,#3821);
#3471=LINE('',#7628,#3822);
#3472=LINE('',#7645,#3823);
#3473=LINE('',#7646,#3824);
#3474=LINE('',#7648,#3825);
#3475=LINE('',#7652,#3826);
#3476=LINE('',#7656,#3827);
#3477=LINE('',#7658,#3828);
#3478=LINE('',#7660,#3829);
#3479=LINE('',#7662,#3830);
#3480=LINE('',#7664,#3831);
#3481=LINE('',#7666,#3832);
#3482=LINE('',#7667,#3833);
#3483=LINE('',#7736,#3834);
#3484=LINE('',#7843,#3835);
#3485=LINE('',#7845,#3836);
#3486=LINE('',#7846,#3837);
#3487=LINE('',#7848,#3838);
#3488=LINE('',#7850,#3839);
#3489=LINE('',#7852,#3840);
#3490=LINE('',#7854,#3841);
#3491=LINE('',#7856,#3842);
#3492=LINE('',#7858,#3843);
#3493=LINE('',#7904,#3844);
#3494=LINE('',#7907,#3845);
#3495=LINE('',#7908,#3846);
#3496=LINE('',#7910,#3847);
#3497=LINE('',#7913,#3848);
#3498=LINE('',#7914,#3849);
#3499=LINE('',#7919,#3850);
#3500=LINE('',#7920,#3851);
#3501=LINE('',#7925,#3852);
#3502=LINE('',#7926,#3853);
#3503=LINE('',#7928,#3854);
#3504=LINE('',#7930,#3855);
#3505=LINE('',#7932,#3856);
#3506=LINE('',#7934,#3857);
#3507=LINE('',#7936,#3858);
#3508=LINE('',#7940,#3859);
#3509=LINE('',#7970,#3860);
#3510=LINE('',#7976,#3861);
#3511=LINE('',#7978,#3862);
#3512=LINE('',#7985,#3863);
#3513=LINE('',#7996,#3864);
#3514=LINE('',#7997,#3865);
#3515=LINE('',#8001,#3866);
#3516=LINE('',#8026,#3867);
#3517=LINE('',#8051,#3868);
#3518=LINE('',#8053,#3869);
#3519=LINE('',#8055,#3870);
#3520=LINE('',#8058,#3871);
#3521=LINE('',#8059,#3872);
#3522=LINE('',#8065,#3873);
#3523=LINE('',#8069,#3874);
#3524=LINE('',#8155,#3875);
#3525=LINE('',#8159,#3876);
#3526=LINE('',#8163,#3877);
#3527=LINE('',#8165,#3878);
#3528=LINE('',#8176,#3879);
#3529=LINE('',#8184,#3880);
#3530=LINE('',#8186,#3881);
#3531=LINE('',#8188,#3882);
#3532=LINE('',#8190,#3883);
#3533=LINE('',#8213,#3884);
#3534=LINE('',#8215,#3885);
#3535=LINE('',#8219,#3886);
#3536=LINE('',#8221,#3887);
#3537=LINE('',#8247,#3888);
#3538=LINE('',#8250,#3889);
#3539=LINE('',#8251,#3890);
#3540=LINE('',#8253,#3891);
#3541=LINE('',#8255,#3892);
#3542=LINE('',#8257,#3893);
#3543=LINE('',#8260,#3894);
#3544=LINE('',#8262,#3895);
#3545=LINE('',#8264,#3896);
#3546=LINE('',#8266,#3897);
#3547=LINE('',#8268,#3898);
#3548=LINE('',#8270,#3899);
#3549=LINE('',#8272,#3900);
#3550=LINE('',#8274,#3901);
#3551=LINE('',#8288,#3902);
#3552=LINE('',#8292,#3903);
#3553=LINE('',#8298,#3904);
#3554=LINE('',#8309,#3905);
#3555=LINE('',#8322,#3906);
#3556=LINE('',#8323,#3907);
#3557=LINE('',#8327,#3908);
#3558=LINE('',#8331,#3909);
#3559=LINE('',#8333,#3910);
#3560=LINE('',#8334,#3911);
#3561=LINE('',#8336,#3912);
#3562=LINE('',#8338,#3913);
#3563=LINE('',#8340,#3914);
#3564=LINE('',#8342,#3915);
#3565=LINE('',#8344,#3916);
#3566=LINE('',#8357,#3917);
#3567=LINE('',#8365,#3918);
#3568=LINE('',#8367,#3919);
#3569=LINE('',#8369,#3920);
#3570=LINE('',#8386,#3921);
#3571=LINE('',#8388,#3922);
#3572=LINE('',#8390,#3923);
#3573=LINE('',#8391,#3924);
#3574=LINE('',#8393,#3925);
#3575=LINE('',#8395,#3926);
#3576=LINE('',#8397,#3927);
#3577=LINE('',#8405,#3928);
#3578=LINE('',#8617,#3929);
#3579=LINE('',#8776,#3930);
#3580=LINE('',#8787,#3931);
#3581=LINE('',#8789,#3932);
#3582=LINE('',#8795,#3933);
#3583=LINE('',#8807,#3934);
#3584=LINE('',#8920,#3935);
#3585=LINE('',#9025,#3936);
#3586=LINE('',#9027,#3937);
#3587=LINE('',#9029,#3938);
#3588=LINE('',#9055,#3939);
#3589=LINE('',#9162,#3940);
#3590=LINE('',#9164,#3941);
#3591=LINE('',#9192,#3942);
#3592=LINE('',#9671,#3943);
#3593=LINE('',#9770,#3944);
#3594=LINE('',#9862,#3945);
#3595=LINE('',#9864,#3946);
#3596=LINE('',#9868,#3947);
#3597=LINE('',#9870,#3948);
#3598=LINE('',#9874,#3949);
#3599=LINE('',#9940,#3950);
#3600=LINE('',#9972,#3951);
#3601=LINE('',#9976,#3952);
#3602=LINE('',#9978,#3953);
#3603=LINE('',#9979,#3954);
#3604=LINE('',#9980,#3955);
#3605=LINE('',#9981,#3956);
#3606=LINE('',#9986,#3957);
#3607=LINE('',#9996,#3958);
#3608=LINE('',#9998,#3959);
#3609=LINE('',#10002,#3960);
#3610=LINE('',#10112,#3961);
#3611=LINE('',#10116,#3962);
#3612=LINE('',#10118,#3963);
#3613=LINE('',#10120,#3964);
#3614=LINE('',#10122,#3965);
#3615=LINE('',#10125,#3966);
#3616=LINE('',#10127,#3967);
#3617=LINE('',#10129,#3968);
#3618=LINE('',#10228,#3969);
#3619=LINE('',#10230,#3970);
#3620=LINE('',#10232,#3971);
#3621=LINE('',#10234,#3972);
#3622=LINE('',#10236,#3973);
#3623=LINE('',#10238,#3974);
#3624=LINE('',#10243,#3975);
#3625=LINE('',#10245,#3976);
#3626=LINE('',#10247,#3977);
#3627=LINE('',#10249,#3978);
#3628=LINE('',#10253,#3979);
#3629=LINE('',#10255,#3980);
#3630=LINE('',#10257,#3981);
#3631=LINE('',#10259,#3982);
#3632=LINE('',#10261,#3983);
#3633=LINE('',#10264,#3984);
#3634=LINE('',#10265,#3985);
#3635=LINE('',#10267,#3986);
#3636=LINE('',#10269,#3987);
#3637=LINE('',#10271,#3988);
#3638=LINE('',#10283,#3989);
#3639=LINE('',#10285,#3990);
#3640=LINE('',#10289,#3991);
#3641=LINE('',#10291,#3992);
#3642=LINE('',#10292,#3993);
#3643=LINE('',#10294,#3994);
#3644=LINE('',#10304,#3995);
#3645=LINE('',#10607,#3996);
#3646=LINE('',#10608,#3997);
#3647=LINE('',#10610,#3998);
#3648=LINE('',#10612,#3999);
#3649=LINE('',#10616,#4000);
#3650=LINE('',#10620,#4001);
#3651=LINE('',#10730,#4002);
#3652=LINE('',#10732,#4003);
#3653=LINE('',#10734,#4004);
#3654=LINE('',#10739,#4005);
#3655=LINE('',#10851,#4006);
#3656=LINE('',#10853,#4007);
#3657=LINE('',#10858,#4008);
#3658=LINE('',#10860,#4009);
#3659=LINE('',#10864,#4010);
#3660=LINE('',#10876,#4011);
#3661=LINE('',#10878,#4012);
#3662=LINE('',#10906,#4013);
#3663=LINE('',#10931,#4014);
#3664=LINE('',#10933,#4015);
#3665=LINE('',#10948,#4016);
#3666=LINE('',#10973,#4017);
#3667=LINE('',#11004,#4018);
#3668=LINE('',#11019,#4019);
#3669=LINE('',#11025,#4020);
#3670=LINE('',#11027,#4021);
#3671=LINE('',#11029,#4022);
#3672=LINE('',#11031,#4023);
#3673=LINE('',#11035,#4024);
#3674=LINE('',#11037,#4025);
#3675=LINE('',#11039,#4026);
#3676=LINE('',#11041,#4027);
#3677=LINE('',#11043,#4028);
#3678=LINE('',#11047,#4029);
#3679=LINE('',#11049,#4030);
#3680=LINE('',#11051,#4031);
#3681=LINE('',#11053,#4032);
#3682=LINE('',#11055,#4033);
#3683=LINE('',#11057,#4034);
#3684=LINE('',#11061,#4035);
#3685=LINE('',#11063,#4036);
#3686=LINE('',#11065,#4037);
#3687=LINE('',#11069,#4038);
#3688=LINE('',#11073,#4039);
#3689=LINE('',#11075,#4040);
#3690=LINE('',#11077,#4041);
#3691=LINE('',#11093,#4042);
#3692=LINE('',#11114,#4043);
#3693=LINE('',#11129,#4044);
#3694=LINE('',#11143,#4045);
#3695=LINE('',#11145,#4046);
#3696=LINE('',#11160,#4047);
#3697=LINE('',#11197,#4048);
#3698=LINE('',#11199,#4049);
#3699=LINE('',#11201,#4050);
#3700=LINE('',#11207,#4051);
#3701=LINE('',#11209,#4052);
#3702=LINE('',#11211,#4053);
#3703=LINE('',#11215,#4054);
#3704=LINE('',#11217,#4055);
#3705=LINE('',#11219,#4056);
#3706=LINE('',#11241,#4057);
#3707=LINE('',#11243,#4058);
#3708=LINE('',#11249,#4059);
#3709=LINE('',#11250,#4060);
#3710=LINE('',#11252,#4061);
#3711=LINE('',#11254,#4062);
#3712=LINE('',#11256,#4063);
#3713=LINE('',#11258,#4064);
#3714=LINE('',#11291,#4065);
#3715=LINE('',#11412,#4066);
#3716=LINE('',#11413,#4067);
#3717=LINE('',#11443,#4068);
#3718=LINE('',#11507,#4069);
#3719=LINE('',#11509,#4070);
#3720=LINE('',#11511,#4071);
#3721=LINE('',#11513,#4072);
#3722=LINE('',#11515,#4073);
#3723=LINE('',#11532,#4074);
#3724=LINE('',#11567,#4075);
#3725=VECTOR('',#5488,1.);
#3726=VECTOR('',#5495,1.);
#3727=VECTOR('',#5498,1.);
#3728=VECTOR('',#5503,1.);
#3729=VECTOR('',#5504,1.);
#3730=VECTOR('',#5505,1.);
#3731=VECTOR('',#5506,1.);
#3732=VECTOR('',#5507,1.);
#3733=VECTOR('',#5508,1.);
#3734=VECTOR('',#5509,1.);
#3735=VECTOR('',#5514,1.);
#3736=VECTOR('',#5515,1.);
#3737=VECTOR('',#5518,1.);
#3738=VECTOR('',#5519,1.);
#3739=VECTOR('',#5520,1.);
#3740=VECTOR('',#5521,1.);
#3741=VECTOR('',#5526,1.);
#3742=VECTOR('',#5531,1.);
#3743=VECTOR('',#5532,1.);
#3744=VECTOR('',#5533,1.);
#3745=VECTOR('',#5538,1.);
#3746=VECTOR('',#5543,1.);
#3747=VECTOR('',#5544,1.);
#3748=VECTOR('',#5545,1.);
#3749=VECTOR('',#5562,1.);
#3750=VECTOR('',#5565,1.);
#3751=VECTOR('',#5568,1.);
#3752=VECTOR('',#5569,1.);
#3753=VECTOR('',#5580,1.);
#3754=VECTOR('',#5581,1.);
#3755=VECTOR('',#5594,1.);
#3756=VECTOR('',#5597,1.);
#3757=VECTOR('',#5602,1.);
#3758=VECTOR('',#5603,1.);
#3759=VECTOR('',#5606,1.);
#3760=VECTOR('',#5609,1.);
#3761=VECTOR('',#5612,1.);
#3762=VECTOR('',#5625,1.);
#3763=VECTOR('',#5630,1.);
#3764=VECTOR('',#5633,1.);
#3765=VECTOR('',#5642,1.);
#3766=VECTOR('',#5645,1.);
#3767=VECTOR('',#5648,1.);
#3768=VECTOR('',#5649,1.);
#3769=VECTOR('',#5650,1.);
#3770=VECTOR('',#5651,1.);
#3771=VECTOR('',#5652,1.);
#3772=VECTOR('',#5653,1.);
#3773=VECTOR('',#5656,1.);
#3774=VECTOR('',#5657,1.);
#3775=VECTOR('',#5658,1.);
#3776=VECTOR('',#5663,1.);
#3777=VECTOR('',#5664,1.);
#3778=VECTOR('',#5665,1.);
#3779=VECTOR('',#5676,1.);
#3780=VECTOR('',#5677,1.);
#3781=VECTOR('',#5678,1.);
#3782=VECTOR('',#5679,1.);
#3783=VECTOR('',#5682,1.);
#3784=VECTOR('',#5683,1.);
#3785=VECTOR('',#5684,1.);
#3786=VECTOR('',#5685,1.);
#3787=VECTOR('',#5690,1.);
#3788=VECTOR('',#5695,1.);
#3789=VECTOR('',#5696,1.);
#3790=VECTOR('',#5697,1.);
#3791=VECTOR('',#5702,1.);
#3792=VECTOR('',#5707,1.);
#3793=VECTOR('',#5708,1.);
#3794=VECTOR('',#5713,1.);
#3795=VECTOR('',#5718,1.);
#3796=VECTOR('',#5719,1.);
#3797=VECTOR('',#5726,1.);
#3798=VECTOR('',#5727,1.);
#3799=VECTOR('',#5728,1.);
#3800=VECTOR('',#5735,1.);
#3801=VECTOR('',#5736,1.);
#3802=VECTOR('',#5743,1.);
#3803=VECTOR('',#5746,1.);
#3804=VECTOR('',#5747,1.);
#3805=VECTOR('',#5748,1.);
#3806=VECTOR('',#5755,1.);
#3807=VECTOR('',#5758,1.);
#3808=VECTOR('',#5759,1.);
#3809=VECTOR('',#5768,1.);
#3810=VECTOR('',#5771,1.);
#3811=VECTOR('',#5774,1.);
#3812=VECTOR('',#5777,1.);
#3813=VECTOR('',#5780,1.);
#3814=VECTOR('',#5783,1.);
#3815=VECTOR('',#5794,1.);
#3816=VECTOR('',#5795,1.);
#3817=VECTOR('',#5810,1.);
#3818=VECTOR('',#5811,1.);
#3819=VECTOR('',#5814,1.);
#3820=VECTOR('',#5815,1.);
#3821=VECTOR('',#5834,1.);
#3822=VECTOR('',#5835,1.);
#3823=VECTOR('',#5844,1.);
#3824=VECTOR('',#5845,1.);
#3825=VECTOR('',#5846,1.);
#3826=VECTOR('',#5849,1.);
#3827=VECTOR('',#5852,1.);
#3828=VECTOR('',#5855,1.);
#3829=VECTOR('',#5856,1.);
#3830=VECTOR('',#5857,1.);
#3831=VECTOR('',#5858,1.);
#3832=VECTOR('',#5859,1.);
#3833=VECTOR('',#5860,1.);
#3834=VECTOR('',#5867,1.);
#3835=VECTOR('',#5882,1.);
#3836=VECTOR('',#5883,1.);
#3837=VECTOR('',#5884,1.);
#3838=VECTOR('',#5885,1.);
#3839=VECTOR('',#5888,1.);
#3840=VECTOR('',#5889,1.);
#3841=VECTOR('',#5890,1.);
#3842=VECTOR('',#5893,1.);
#3843=VECTOR('',#5894,1.);
#3844=VECTOR('',#5897,1.);
#3845=VECTOR('',#5898,1.);
#3846=VECTOR('',#5899,1.);
#3847=VECTOR('',#5902,1.);
#3848=VECTOR('',#5903,1.);
#3849=VECTOR('',#5904,1.);
#3850=VECTOR('',#5909,1.);
#3851=VECTOR('',#5910,1.);
#3852=VECTOR('',#5915,1.);
#3853=VECTOR('',#5916,1.);
#3854=VECTOR('',#5919,1.);
#3855=VECTOR('',#5920,1.);
#3856=VECTOR('',#5923,1.);
#3857=VECTOR('',#5924,1.);
#3858=VECTOR('',#5925,1.);
#3859=VECTOR('',#5930,1.);
#3860=VECTOR('',#5937,1.);
#3861=VECTOR('',#5944,1.);
#3862=VECTOR('',#5947,1.);
#3863=VECTOR('',#5954,1.);
#3864=VECTOR('',#5955,1.);
#3865=VECTOR('',#5956,1.);
#3866=VECTOR('',#5961,1.);
#3867=VECTOR('',#5964,1.);
#3868=VECTOR('',#5969,1.);
#3869=VECTOR('',#5970,1.);
#3870=VECTOR('',#5973,1.);
#3871=VECTOR('',#5974,1.);
#3872=VECTOR('',#5975,1.);
#3873=VECTOR('',#5982,1.);
#3874=VECTOR('',#5985,1.);
#3875=VECTOR('',#6002,1.);
#3876=VECTOR('',#6007,1.);
#3877=VECTOR('',#6012,1.);
#3878=VECTOR('',#6015,1.);
#3879=VECTOR('',#6024,1.);
#3880=VECTOR('',#6027,1.);
#3881=VECTOR('',#6028,1.);
#3882=VECTOR('',#6029,1.);
#3883=VECTOR('',#6032,1.);
#3884=VECTOR('',#6045,1.);
#3885=VECTOR('',#6046,1.);
#3886=VECTOR('',#6049,1.);
#3887=VECTOR('',#6050,1.);
#3888=VECTOR('',#6061,1.);
#3889=VECTOR('',#6062,1.);
#3890=VECTOR('',#6063,1.);
#3891=VECTOR('',#6066,1.);
#3892=VECTOR('',#6067,1.);
#3893=VECTOR('',#6070,1.);
#3894=VECTOR('',#6071,1.);
#3895=VECTOR('',#6072,1.);
#3896=VECTOR('',#6073,1.);
#3897=VECTOR('',#6076,1.);
#3898=VECTOR('',#6077,1.);
#3899=VECTOR('',#6078,1.);
#3900=VECTOR('',#6081,1.);
#3901=VECTOR('',#6082,1.);
#3902=VECTOR('',#6085,1.);
#3903=VECTOR('',#6090,1.);
#3904=VECTOR('',#6097,1.);
#3905=VECTOR('',#6106,1.);
#3906=VECTOR('',#6117,1.);
#3907=VECTOR('',#6118,1.);
#3908=VECTOR('',#6123,1.);
#3909=VECTOR('',#6128,1.);
#3910=VECTOR('',#6129,1.);
#3911=VECTOR('',#6130,1.);
#3912=VECTOR('',#6133,1.);
#3913=VECTOR('',#6134,1.);
#3914=VECTOR('',#6137,1.);
#3915=VECTOR('',#6138,1.);
#3916=VECTOR('',#6141,1.);
#3917=VECTOR('',#6144,1.);
#3918=VECTOR('',#6145,1.);
#3919=VECTOR('',#6148,1.);
#3920=VECTOR('',#6149,1.);
#3921=VECTOR('',#6150,1.);
#3922=VECTOR('',#6153,1.);
#3923=VECTOR('',#6154,1.);
#3924=VECTOR('',#6155,1.);
#3925=VECTOR('',#6158,1.);
#3926=VECTOR('',#6159,1.);
#3927=VECTOR('',#6162,1.);
#3928=VECTOR('',#6163,1.);
#3929=VECTOR('',#6172,1.);
#3930=VECTOR('',#6185,1.);
#3931=VECTOR('',#6194,1.);
#3932=VECTOR('',#6197,1.);
#3933=VECTOR('',#6200,1.);
#3934=VECTOR('',#6201,1.);
#3935=VECTOR('',#6220,1.);
#3936=VECTOR('',#6235,1.);
#3937=VECTOR('',#6236,1.);
#3938=VECTOR('',#6237,1.);
#3939=VECTOR('',#6248,1.);
#3940=VECTOR('',#6265,1.);
#3941=VECTOR('',#6266,1.);
#3942=VECTOR('',#6279,1.);
#3943=VECTOR('',#6292,1.);
#3944=VECTOR('',#6295,1.);
#3945=VECTOR('',#6302,1.);
#3946=VECTOR('',#6305,1.);
#3947=VECTOR('',#6308,1.);
#3948=VECTOR('',#6311,1.);
#3949=VECTOR('',#6314,1.);
#3950=VECTOR('',#6317,1.);
#3951=VECTOR('',#6320,1.);
#3952=VECTOR('',#6323,1.);
#3953=VECTOR('',#6326,1.);
#3954=VECTOR('',#6327,1.);
#3955=VECTOR('',#6328,1.);
#3956=VECTOR('',#6329,1.);
#3957=VECTOR('',#6336,1.);
#3958=VECTOR('',#6341,1.);
#3959=VECTOR('',#6344,1.);
#3960=VECTOR('',#6347,1.);
#3961=VECTOR('',#6352,1.);
#3962=VECTOR('',#6355,1.);
#3963=VECTOR('',#6358,1.);
#3964=VECTOR('',#6359,1.);
#3965=VECTOR('',#6362,1.);
#3966=VECTOR('',#6365,1.);
#3967=VECTOR('',#6368,1.);
#3968=VECTOR('',#6369,1.);
#3969=VECTOR('',#6376,1.);
#3970=VECTOR('',#6377,1.);
#3971=VECTOR('',#6380,1.);
#3972=VECTOR('',#6381,1.);
#3973=VECTOR('',#6384,1.);
#3974=VECTOR('',#6385,1.);
#3975=VECTOR('',#6392,1.);
#3976=VECTOR('',#6393,1.);
#3977=VECTOR('',#6394,1.);
#3978=VECTOR('',#6397,1.);
#3979=VECTOR('',#6402,1.);
#3980=VECTOR('',#6403,1.);
#3981=VECTOR('',#6406,1.);
#3982=VECTOR('',#6407,1.);
#3983=VECTOR('',#6410,1.);
#3984=VECTOR('',#6411,1.);
#3985=VECTOR('',#6412,1.);
#3986=VECTOR('',#6415,1.);
#3987=VECTOR('',#6416,1.);
#3988=VECTOR('',#6417,1.);
#3989=VECTOR('',#6426,1.);
#3990=VECTOR('',#6427,1.);
#3991=VECTOR('',#6430,1.);
#3992=VECTOR('',#6431,1.);
#3993=VECTOR('',#6432,1.);
#3994=VECTOR('',#6435,1.);
#3995=VECTOR('',#6442,1.);
#3996=VECTOR('',#6449,1.);
#3997=VECTOR('',#6450,1.);
#3998=VECTOR('',#6453,1.);
#3999=VECTOR('',#6454,1.);
#4000=VECTOR('',#6459,1.);
#4001=VECTOR('',#6464,1.);
#4002=VECTOR('',#6471,1.);
#4003=VECTOR('',#6474,1.);
#4004=VECTOR('',#6475,1.);
#4005=VECTOR('',#6482,1.);
#4006=VECTOR('',#6491,1.);
#4007=VECTOR('',#6494,1.);
#4008=VECTOR('',#6501,1.);
#4009=VECTOR('',#6502,1.);
#4010=VECTOR('',#6507,1.);
#4011=VECTOR('',#6510,1.);
#4012=VECTOR('',#6513,1.);
#4013=VECTOR('',#6514,1.);
#4014=VECTOR('',#6517,1.);
#4015=VECTOR('',#6518,1.);
#4016=VECTOR('',#6519,1.);
#4017=VECTOR('',#6522,1.);
#4018=VECTOR('',#6531,1.);
#4019=VECTOR('',#6534,1.);
#4020=VECTOR('',#6541,1.);
#4021=VECTOR('',#6544,1.);
#4022=VECTOR('',#6545,1.);
#4023=VECTOR('',#6546,1.);
#4024=VECTOR('',#6551,1.);
#4025=VECTOR('',#6554,1.);
#4026=VECTOR('',#6555,1.);
#4027=VECTOR('',#6558,1.);
#4028=VECTOR('',#6559,1.);
#4029=VECTOR('',#6564,1.);
#4030=VECTOR('',#6567,1.);
#4031=VECTOR('',#6570,1.);
#4032=VECTOR('',#6571,1.);
#4033=VECTOR('',#6572,1.);
#4034=VECTOR('',#6575,1.);
#4035=VECTOR('',#6580,1.);
#4036=VECTOR('',#6581,1.);
#4037=VECTOR('',#6584,1.);
#4038=VECTOR('',#6589,1.);
#4039=VECTOR('',#6594,1.);
#4040=VECTOR('',#6595,1.);
#4041=VECTOR('',#6598,1.);
#4042=VECTOR('',#6603,1.);
#4043=VECTOR('',#6606,1.);
#4044=VECTOR('',#6607,1.);
#4045=VECTOR('',#6610,1.);
#4046=VECTOR('',#6611,1.);
#4047=VECTOR('',#6612,1.);
#4048=VECTOR('',#6615,1.);
#4049=VECTOR('',#6616,1.);
#4050=VECTOR('',#6617,1.);
#4051=VECTOR('',#6626,1.);
#4052=VECTOR('',#6629,1.);
#4053=VECTOR('',#6630,1.);
#4054=VECTOR('',#6635,1.);
#4055=VECTOR('',#6638,1.);
#4056=VECTOR('',#6639,1.);
#4057=VECTOR('',#6642,1.);
#4058=VECTOR('',#6645,1.);
#4059=VECTOR('',#6652,1.);
#4060=VECTOR('',#6653,1.);
#4061=VECTOR('',#6656,1.);
#4062=VECTOR('',#6659,1.);
#4063=VECTOR('',#6660,1.);
#4064=VECTOR('',#6663,1.);
#4065=VECTOR('',#6678,1.);
#4066=VECTOR('',#6681,1.);
#4067=VECTOR('',#6682,1.);
#4068=VECTOR('',#6685,1.);
#4069=VECTOR('',#6686,1.);
#4070=VECTOR('',#6689,1.);
#4071=VECTOR('',#6692,1.);
#4072=VECTOR('',#6693,1.);
#4073=VECTOR('',#6694,1.);
#4074=VECTOR('',#6695,1.);
#4075=VECTOR('',#6696,1.);
#4076=EDGE_LOOP('',(#679,#680,#681,#682));
#4077=EDGE_LOOP('',(#683,#684,#685,#686,#687,#688));
#4078=EDGE_LOOP('',(#689,#690));
#4079=EDGE_LOOP('',(#691,#692,#693,#694,#695,#696,#697,#698));
#4080=EDGE_LOOP('',(#699,#700,#701,#702));
#4081=EDGE_LOOP('',(#703,#704,#705,#706));
#4082=EDGE_LOOP('',(#707,#708,#709,#710));
#4083=EDGE_LOOP('',(#711,#712,#713,#714));
#4084=EDGE_LOOP('',(#715,#716,#717,#718));
#4085=EDGE_LOOP('',(#719,#720,#721,#722));
#4086=EDGE_LOOP('',(#723));
#4087=EDGE_LOOP('',(#724));
#4088=EDGE_LOOP('',(#725));
#4089=EDGE_LOOP('',(#726,#727));
#4090=EDGE_LOOP('',(#728,#729,#730,#731));
#4091=EDGE_LOOP('',(#732,#733,#734,#735));
#4092=EDGE_LOOP('',(#736,#737,#738,#739));
#4093=EDGE_LOOP('',(#740,#741,#742,#743,#744,#745));
#4094=EDGE_LOOP('',(#746,#747,#748));
#4095=EDGE_LOOP('',(#749,#750,#751,#752));
#4096=EDGE_LOOP('',(#753,#754,#755,#756));
#4097=EDGE_LOOP('',(#757,#758,#759,#760,#761,#762,#763));
#4098=EDGE_LOOP('',(#764,#765,#766,#767));
#4099=EDGE_LOOP('',(#768,#769));
#4100=EDGE_LOOP('',(#770,#771,#772,#773));
#4101=EDGE_LOOP('',(#774,#775));
#4102=EDGE_LOOP('',(#776,#777,#778,#779));
#4103=EDGE_LOOP('',(#780,#781,#782,#783,#784,#785,#786,#787));
#4104=EDGE_LOOP('',(#788,#789,#790,#791));
#4105=EDGE_LOOP('',(#792,#793,#794,#795));
#4106=EDGE_LOOP('',(#796,#797,#798));
#4107=EDGE_LOOP('',(#799,#800,#801,#802));
#4108=EDGE_LOOP('',(#803,#804,#805,#806));
#4109=EDGE_LOOP('',(#807,#808,#809));
#4110=EDGE_LOOP('',(#810,#811,#812,#813));
#4111=EDGE_LOOP('',(#814,#815,#816,#817));
#4112=EDGE_LOOP('',(#818,#819,#820,#821));
#4113=EDGE_LOOP('',(#822,#823,#824,#825));
#4114=EDGE_LOOP('',(#826,#827,#828,#829));
#4115=EDGE_LOOP('',(#830,#831,#832,#833));
#4116=EDGE_LOOP('',(#834,#835,#836,#837));
#4117=EDGE_LOOP('',(#838,#839,#840,#841));
#4118=EDGE_LOOP('',(#842,#843,#844,#845));
#4119=EDGE_LOOP('',(#846,#847,#848,#849));
#4120=EDGE_LOOP('',(#850,#851,#852));
#4121=EDGE_LOOP('',(#853));
#4122=EDGE_LOOP('',(#854,#855,#856,#857,#858));
#4123=EDGE_LOOP('',(#859,#860,#861,#862));
#4124=EDGE_LOOP('',(#863,#864,#865,#866));
#4125=EDGE_LOOP('',(#867,#868,#869,#870));
#4126=EDGE_LOOP('',(#871));
#4127=EDGE_LOOP('',(#872,#873,#874,#875));
#4128=EDGE_LOOP('',(#876,#877,#878,#879));
#4129=EDGE_LOOP('',(#880));
#4130=EDGE_LOOP('',(#881,#882,#883,#884));
#4131=EDGE_LOOP('',(#885,#886,#887,#888));
#4132=EDGE_LOOP('',(#889,#890,#891,#892));
#4133=EDGE_LOOP('',(#893,#894,#895,#896));
#4134=EDGE_LOOP('',(#897,#898,#899,#900));
#4135=EDGE_LOOP('',(#901,#902,#903,#904));
#4136=EDGE_LOOP('',(#905,#906,#907,#908));
#4137=EDGE_LOOP('',(#909,#910,#911,#912));
#4138=EDGE_LOOP('',(#913,#914,#915,#916));
#4139=EDGE_LOOP('',(#917));
#4140=EDGE_LOOP('',(#918,#919));
#4141=EDGE_LOOP('',(#920,#921,#922,#923));
#4142=EDGE_LOOP('',(#924));
#4143=EDGE_LOOP('',(#925,#926));
#4144=EDGE_LOOP('',(#927));
#4145=EDGE_LOOP('',(#928,#929));
#4146=EDGE_LOOP('',(#930,#931,#932,#933,#934,#935));
#4147=EDGE_LOOP('',(#936,#937,#938,#939));
#4148=EDGE_LOOP('',(#940,#941,#942,#943));
#4149=EDGE_LOOP('',(#944,#945,#946,#947,#948,#949));
#4150=EDGE_LOOP('',(#950));
#4151=EDGE_LOOP('',(#951));
#4152=EDGE_LOOP('',(#952,#953,#954,#955));
#4153=EDGE_LOOP('',(#956,#957,#958,#959));
#4154=EDGE_LOOP('',(#960,#961,#962,#963));
#4155=EDGE_LOOP('',(#964,#965,#966,#967,#968,#969));
#4156=EDGE_LOOP('',(#970,#971,#972,#973,#974,#975,#976,#977,#978,#979,#980,
#981,#982,#983,#984,#985));
#4157=EDGE_LOOP('',(#986,#987,#988,#989,#990,#991,#992,#993));
#4158=EDGE_LOOP('',(#994));
#4159=EDGE_LOOP('',(#995));
#4160=EDGE_LOOP('',(#996,#997,#998,#999));
#4161=EDGE_LOOP('',(#1000,#1001,#1002));
#4162=EDGE_LOOP('',(#1003,#1004));
#4163=EDGE_LOOP('',(#1005,#1006));
#4164=EDGE_LOOP('',(#1007,#1008,#1009));
#4165=EDGE_LOOP('',(#1010,#1011,#1012,#1013,#1014,#1015));
#4166=EDGE_LOOP('',(#1016,#1017,#1018,#1019));
#4167=EDGE_LOOP('',(#1020,#1021,#1022,#1023));
#4168=EDGE_LOOP('',(#1024,#1025,#1026));
#4169=EDGE_LOOP('',(#1027,#1028,#1029,#1030));
#4170=EDGE_LOOP('',(#1031));
#4171=EDGE_LOOP('',(#1032));
#4172=EDGE_LOOP('',(#1033,#1034,#1035,#1036));
#4173=EDGE_LOOP('',(#1037,#1038,#1039,#1040));
#4174=EDGE_LOOP('',(#1041,#1042,#1043,#1044,#1045,#1046,#1047));
#4175=EDGE_LOOP('',(#1048));
#4176=EDGE_LOOP('',(#1049,#1050,#1051,#1052,#1053,#1054));
#4177=EDGE_LOOP('',(#1055,#1056,#1057,#1058));
#4178=EDGE_LOOP('',(#1059,#1060,#1061,#1062,#1063));
#4179=EDGE_LOOP('',(#1064,#1065,#1066,#1067));
#4180=EDGE_LOOP('',(#1068,#1069,#1070,#1071));
#4181=EDGE_LOOP('',(#1072,#1073,#1074,#1075));
#4182=EDGE_LOOP('',(#1076,#1077,#1078,#1079,#1080,#1081,#1082,#1083,#1084,
#1085,#1086,#1087,#1088,#1089,#1090,#1091,#1092));
#4183=EDGE_LOOP('',(#1093,#1094,#1095,#1096,#1097,#1098));
#4184=EDGE_LOOP('',(#1099,#1100,#1101,#1102,#1103));
#4185=EDGE_LOOP('',(#1104,#1105,#1106,#1107));
#4186=EDGE_LOOP('',(#1108,#1109,#1110,#1111));
#4187=EDGE_LOOP('',(#1112,#1113,#1114,#1115,#1116,#1117,#1118,#1119));
#4188=EDGE_LOOP('',(#1120,#1121,#1122,#1123,#1124,#1125));
#4189=EDGE_LOOP('',(#1126,#1127,#1128,#1129,#1130,#1131,#1132,#1133));
#4190=EDGE_LOOP('',(#1134,#1135,#1136,#1137));
#4191=EDGE_LOOP('',(#1138,#1139,#1140,#1141));
#4192=EDGE_LOOP('',(#1142,#1143,#1144,#1145));
#4193=EDGE_LOOP('',(#1146,#1147,#1148));
#4194=EDGE_LOOP('',(#1149,#1150,#1151,#1152,#1153));
#4195=EDGE_LOOP('',(#1154,#1155,#1156,#1157));
#4196=EDGE_LOOP('',(#1158,#1159,#1160,#1161));
#4197=EDGE_LOOP('',(#1162,#1163,#1164,#1165));
#4198=EDGE_LOOP('',(#1166,#1167,#1168,#1169));
#4199=EDGE_LOOP('',(#1170,#1171,#1172,#1173,#1174,#1175));
#4200=EDGE_LOOP('',(#1176,#1177,#1178,#1179));
#4201=EDGE_LOOP('',(#1180,#1181,#1182,#1183,#1184,#1185,#1186,#1187));
#4202=EDGE_LOOP('',(#1188,#1189,#1190,#1191,#1192,#1193));
#4203=EDGE_LOOP('',(#1194));
#4204=EDGE_LOOP('',(#1195));
#4205=EDGE_LOOP('',(#1196,#1197,#1198,#1199));
#4206=EDGE_LOOP('',(#1200,#1201,#1202,#1203));
#4207=EDGE_LOOP('',(#1204,#1205,#1206,#1207));
#4208=EDGE_LOOP('',(#1208,#1209,#1210,#1211));
#4209=EDGE_LOOP('',(#1212,#1213,#1214,#1215));
#4210=EDGE_LOOP('',(#1216,#1217,#1218,#1219));
#4211=EDGE_LOOP('',(#1220,#1221,#1222,#1223));
#4212=EDGE_LOOP('',(#1224,#1225,#1226,#1227));
#4213=EDGE_LOOP('',(#1228,#1229,#1230,#1231));
#4214=EDGE_LOOP('',(#1232,#1233,#1234,#1235));
#4215=EDGE_LOOP('',(#1236,#1237,#1238,#1239));
#4216=EDGE_LOOP('',(#1240,#1241,#1242,#1243,#1244,#1245,#1246,#1247,#1248,
#1249,#1250));
#4217=EDGE_LOOP('',(#1251,#1252,#1253,#1254));
#4218=EDGE_LOOP('',(#1255,#1256,#1257,#1258,#1259,#1260,#1261,#1262,#1263,
#1264,#1265,#1266,#1267,#1268,#1269,#1270,#1271,#1272));
#4219=EDGE_LOOP('',(#1273,#1274,#1275,#1276,#1277,#1278,#1279));
#4220=EDGE_LOOP('',(#1280,#1281,#1282,#1283));
#4221=EDGE_LOOP('',(#1284,#1285,#1286,#1287));
#4222=EDGE_LOOP('',(#1288,#1289,#1290,#1291));
#4223=EDGE_LOOP('',(#1292,#1293,#1294,#1295));
#4224=EDGE_LOOP('',(#1296,#1297,#1298,#1299));
#4225=EDGE_LOOP('',(#1300,#1301,#1302,#1303,#1304,#1305,#1306,#1307,#1308,
#1309,#1310,#1311));
#4226=EDGE_LOOP('',(#1312,#1313,#1314,#1315,#1316));
#4227=EDGE_LOOP('',(#1317,#1318,#1319,#1320,#1321,#1322,#1323,#1324,#1325,
#1326));
#4228=EDGE_LOOP('',(#1327));
#4229=EDGE_LOOP('',(#1328));
#4230=EDGE_LOOP('',(#1329,#1330,#1331,#1332,#1333,#1334,#1335));
#4231=EDGE_LOOP('',(#1336,#1337,#1338,#1339,#1340));
#4232=EDGE_LOOP('',(#1341,#1342,#1343));
#4233=EDGE_LOOP('',(#1344));
#4234=EDGE_LOOP('',(#1345));
#4235=EDGE_LOOP('',(#1346,#1347,#1348,#1349));
#4236=EDGE_LOOP('',(#1350,#1351,#1352,#1353));
#4237=EDGE_LOOP('',(#1354,#1355,#1356,#1357));
#4238=EDGE_LOOP('',(#1358,#1359,#1360,#1361,#1362));
#4239=EDGE_LOOP('',(#1363,#1364,#1365,#1366));
#4240=EDGE_LOOP('',(#1367,#1368,#1369,#1370,#1371));
#4241=EDGE_LOOP('',(#1372,#1373,#1374,#1375));
#4242=EDGE_LOOP('',(#1376,#1377,#1378,#1379));
#4243=EDGE_LOOP('',(#1380,#1381,#1382,#1383));
#4244=EDGE_LOOP('',(#1384,#1385,#1386,#1387,#1388,#1389));
#4245=EDGE_LOOP('',(#1390,#1391,#1392,#1393,#1394,#1395,#1396,#1397));
#4246=EDGE_LOOP('',(#1398,#1399,#1400,#1401));
#4247=EDGE_LOOP('',(#1402,#1403,#1404,#1405,#1406,#1407));
#4248=EDGE_LOOP('',(#1408,#1409,#1410,#1411,#1412,#1413));
#4249=EDGE_LOOP('',(#1414));
#4250=EDGE_LOOP('',(#1415));
#4251=EDGE_LOOP('',(#1416,#1417,#1418,#1419));
#4252=EDGE_LOOP('',(#1420,#1421,#1422,#1423,#1424,#1425));
#4253=EDGE_LOOP('',(#1426,#1427,#1428,#1429,#1430,#1431,#1432,#1433));
#4254=EDGE_LOOP('',(#1434,#1435,#1436,#1437));
#4255=EDGE_LOOP('',(#1438,#1439,#1440,#1441,#1442,#1443));
#4256=EDGE_LOOP('',(#1444,#1445,#1446,#1447,#1448,#1449));
#4257=EDGE_LOOP('',(#1450));
#4258=EDGE_LOOP('',(#1451));
#4259=EDGE_LOOP('',(#1452,#1453,#1454,#1455));
#4260=EDGE_LOOP('',(#1456));
#4261=EDGE_LOOP('',(#1457));
#4262=EDGE_LOOP('',(#1458,#1459,#1460,#1461));
#4263=EDGE_LOOP('',(#1462,#1463,#1464,#1465));
#4264=EDGE_LOOP('',(#1466,#1467,#1468,#1469));
#4265=EDGE_LOOP('',(#1470,#1471,#1472,#1473));
#4266=EDGE_LOOP('',(#1474,#1475,#1476,#1477));
#4267=EDGE_LOOP('',(#1478,#1479,#1480,#1481));
#4268=EDGE_LOOP('',(#1482,#1483,#1484,#1485));
#4269=EDGE_LOOP('',(#1486,#1487,#1488,#1489));
#4270=EDGE_LOOP('',(#1490,#1491,#1492,#1493));
#4271=EDGE_LOOP('',(#1494,#1495,#1496,#1497));
#4272=EDGE_LOOP('',(#1498,#1499,#1500,#1501));
#4273=EDGE_LOOP('',(#1502,#1503,#1504,#1505));
#4274=EDGE_LOOP('',(#1506,#1507,#1508,#1509));
#4275=EDGE_LOOP('',(#1510,#1511,#1512,#1513));
#4276=EDGE_LOOP('',(#1514,#1515,#1516,#1517));
#4277=EDGE_LOOP('',(#1518,#1519,#1520,#1521,#1522,#1523));
#4278=EDGE_LOOP('',(#1524,#1525,#1526,#1527));
#4279=EDGE_LOOP('',(#1528,#1529,#1530,#1531));
#4280=EDGE_LOOP('',(#1532,#1533,#1534,#1535,#1536,#1537,#1538,#1539,#1540,
#1541,#1542,#1543,#1544,#1545,#1546,#1547,#1548,#1549,#1550,#1551,#1552,
#1553,#1554,#1555,#1556));
#4281=EDGE_LOOP('',(#1557,#1558,#1559,#1560,#1561,#1562));
#4282=EDGE_LOOP('',(#1563,#1564));
#4283=EDGE_LOOP('',(#1565,#1566,#1567,#1568));
#4284=EDGE_LOOP('',(#1569,#1570,#1571,#1572));
#4285=EDGE_LOOP('',(#1573,#1574,#1575,#1576));
#4286=EDGE_LOOP('',(#1577,#1578,#1579,#1580));
#4287=EDGE_LOOP('',(#1581,#1582,#1583,#1584,#1585,#1586,#1587,#1588));
#4288=EDGE_LOOP('',(#1589,#1590,#1591,#1592,#1593,#1594,#1595,#1596,#1597,
#1598,#1599));
#4289=EDGE_LOOP('',(#1600,#1601,#1602,#1603));
#4290=EDGE_LOOP('',(#1604,#1605,#1606,#1607,#1608,#1609));
#4291=EDGE_LOOP('',(#1610,#1611,#1612,#1613,#1614,#1615));
#4292=EDGE_LOOP('',(#1616,#1617,#1618,#1619,#1620,#1621));
#4293=EDGE_LOOP('',(#1622,#1623,#1624,#1625,#1626));
#4294=EDGE_LOOP('',(#1627,#1628,#1629,#1630,#1631,#1632,#1633,#1634,#1635,
#1636,#1637,#1638,#1639,#1640,#1641,#1642,#1643,#1644));
#4295=EDGE_LOOP('',(#1645,#1646,#1647,#1648,#1649));
#4296=EDGE_LOOP('',(#1650));
#4297=EDGE_LOOP('',(#1651));
#4298=EDGE_LOOP('',(#1652,#1653,#1654,#1655));
#4299=EDGE_LOOP('',(#1656,#1657,#1658,#1659));
#4300=EDGE_LOOP('',(#1660,#1661,#1662,#1663,#1664,#1665,#1666,#1667,#1668,
#1669));
#4301=EDGE_LOOP('',(#1670,#1671,#1672,#1673,#1674,#1675,#1676,#1677,#1678,
#1679,#1680));
#4302=EDGE_LOOP('',(#1681,#1682,#1683,#1684));
#4303=EDGE_LOOP('',(#1685,#1686,#1687,#1688,#1689,#1690,#1691,#1692,#1693));
#4304=EDGE_LOOP('',(#1694,#1695,#1696,#1697));
#4305=EDGE_LOOP('',(#1698,#1699,#1700,#1701,#1702,#1703,#1704,#1705,#1706,
#1707,#1708,#1709,#1710,#1711));
#4306=EDGE_LOOP('',(#1712,#1713,#1714,#1715,#1716,#1717,#1718,#1719));
#4307=EDGE_LOOP('',(#1720,#1721,#1722,#1723,#1724,#1725));
#4308=EDGE_LOOP('',(#1726,#1727,#1728,#1729));
#4309=EDGE_LOOP('',(#1730));
#4310=EDGE_LOOP('',(#1731));
#4311=EDGE_LOOP('',(#1732,#1733,#1734,#1735,#1736));
#4312=EDGE_LOOP('',(#1737,#1738,#1739,#1740,#1741,#1742,#1743,#1744,#1745,
#1746,#1747,#1748,#1749));
#4313=EDGE_LOOP('',(#1750,#1751,#1752,#1753));
#4314=EDGE_LOOP('',(#1754,#1755,#1756,#1757));
#4315=EDGE_LOOP('',(#1758,#1759,#1760,#1761,#1762,#1763));
#4316=EDGE_LOOP('',(#1764,#1765,#1766,#1767,#1768,#1769));
#4317=EDGE_LOOP('',(#1770,#1771,#1772,#1773,#1774,#1775));
#4318=EDGE_LOOP('',(#1776,#1777,#1778,#1779,#1780));
#4319=EDGE_LOOP('',(#1781,#1782,#1783,#1784,#1785));
#4320=EDGE_LOOP('',(#1786));
#4321=EDGE_LOOP('',(#1787));
#4322=EDGE_LOOP('',(#1788,#1789,#1790,#1791));
#4323=EDGE_LOOP('',(#1792,#1793,#1794,#1795,#1796,#1797));
#4324=EDGE_LOOP('',(#1798,#1799,#1800,#1801,#1802,#1803));
#4325=EDGE_LOOP('',(#1804,#1805,#1806,#1807,#1808,#1809));
#4326=EDGE_LOOP('',(#1810,#1811,#1812,#1813,#1814));
#4327=EDGE_LOOP('',(#1815,#1816,#1817,#1818,#1819));
#4328=EDGE_LOOP('',(#1820));
#4329=EDGE_LOOP('',(#1821));
#4330=EDGE_LOOP('',(#1822));
#4331=EDGE_LOOP('',(#1823,#1824,#1825,#1826));
#4332=EDGE_LOOP('',(#1827,#1828,#1829,#1830));
#4333=EDGE_LOOP('',(#1831,#1832,#1833,#1834,#1835,#1836));
#4334=EDGE_LOOP('',(#1837,#1838,#1839,#1840));
#4335=EDGE_LOOP('',(#1841,#1842,#1843,#1844,#1845));
#4336=EDGE_LOOP('',(#1846,#1847,#1848,#1849,#1850,#1851));
#4337=EDGE_LOOP('',(#1852,#1853,#1854,#1855,#1856));
#4338=EDGE_LOOP('',(#1857,#1858,#1859,#1860));
#4339=EDGE_LOOP('',(#1861,#1862,#1863));
#4340=EDGE_LOOP('',(#1864,#1865,#1866,#1867));
#4341=EDGE_LOOP('',(#1868,#1869,#1870,#1871));
#4342=EDGE_LOOP('',(#1872,#1873,#1874,#1875));
#4343=EDGE_LOOP('',(#1876,#1877,#1878,#1879));
#4344=EDGE_LOOP('',(#1880,#1881,#1882,#1883));
#4345=EDGE_LOOP('',(#1884,#1885,#1886,#1887));
#4346=EDGE_LOOP('',(#1888,#1889,#1890,#1891));
#4347=EDGE_LOOP('',(#1892,#1893,#1894,#1895));
#4348=EDGE_LOOP('',(#1896,#1897,#1898,#1899));
#4349=EDGE_LOOP('',(#1900,#1901,#1902,#1903,#1904,#1905,#1906,#1907));
#4350=EDGE_LOOP('',(#1908));
#4351=EDGE_LOOP('',(#1909,#1910,#1911,#1912,#1913,#1914,#1915,#1916));
#4352=EDGE_LOOP('',(#1917,#1918,#1919,#1920));
#4353=EDGE_LOOP('',(#1921));
#4354=EDGE_LOOP('',(#1922,#1923,#1924,#1925,#1926,#1927,#1928,#1929));
#4355=EDGE_LOOP('',(#1930,#1931,#1932,#1933));
#4356=EDGE_LOOP('',(#1934,#1935,#1936,#1937));
#4357=EDGE_LOOP('',(#1938,#1939,#1940,#1941));
#4358=EDGE_LOOP('',(#1942));
#4359=EDGE_LOOP('',(#1943,#1944,#1945,#1946,#1947,#1948,#1949,#1950,#1951,
#1952));
#4360=EDGE_LOOP('',(#1953,#1954,#1955,#1956,#1957,#1958));
#4361=EDGE_LOOP('',(#1959,#1960,#1961,#1962));
#4362=EDGE_LOOP('',(#1963,#1964,#1965,#1966));
#4363=EDGE_LOOP('',(#1967,#1968,#1969,#1970));
#4364=EDGE_LOOP('',(#1971,#1972,#1973,#1974));
#4365=EDGE_LOOP('',(#1975,#1976,#1977,#1978));
#4366=EDGE_LOOP('',(#1979,#1980,#1981,#1982));
#4367=EDGE_LOOP('',(#1983,#1984,#1985,#1986));
#4368=EDGE_LOOP('',(#1987,#1988,#1989,#1990));
#4369=EDGE_LOOP('',(#1991,#1992,#1993,#1994));
#4370=EDGE_LOOP('',(#1995,#1996,#1997,#1998));
#4371=EDGE_LOOP('',(#1999,#2000,#2001,#2002));
#4372=EDGE_LOOP('',(#2003,#2004,#2005,#2006));
#4373=EDGE_LOOP('',(#2007,#2008,#2009,#2010));
#4374=EDGE_LOOP('',(#2011,#2012,#2013,#2014,#2015,#2016,#2017,#2018,#2019));
#4375=EDGE_LOOP('',(#2020,#2021,#2022,#2023));
#4376=EDGE_LOOP('',(#2024,#2025,#2026,#2027,#2028,#2029));
#4377=EDGE_LOOP('',(#2030));
#4378=EDGE_LOOP('',(#2031,#2032,#2033,#2034,#2035));
#4379=EDGE_LOOP('',(#2036,#2037,#2038,#2039,#2040,#2041));
#4380=EDGE_LOOP('',(#2042,#2043,#2044,#2045));
#4381=EDGE_LOOP('',(#2046,#2047,#2048));
#4382=EDGE_LOOP('',(#2049,#2050,#2051,#2052,#2053,#2054,#2055,#2056,#2057,
#2058,#2059,#2060,#2061,#2062));
#4383=EDGE_LOOP('',(#2063,#2064,#2065));
#4384=EDGE_LOOP('',(#2066,#2067,#2068,#2069));
#4385=EDGE_LOOP('',(#2070,#2071,#2072,#2073,#2074,#2075,#2076));
#4386=EDGE_LOOP('',(#2077,#2078,#2079,#2080,#2081,#2082));
#4387=EDGE_LOOP('',(#2083,#2084,#2085,#2086,#2087,#2088,#2089,#2090));
#4388=EDGE_LOOP('',(#2091));
#4389=EDGE_LOOP('',(#2092,#2093,#2094,#2095));
#4390=EDGE_LOOP('',(#2096,#2097,#2098,#2099,#2100,#2101));
#4391=EDGE_LOOP('',(#2102,#2103,#2104,#2105,#2106,#2107));
#4392=EDGE_LOOP('',(#2108,#2109,#2110,#2111,#2112,#2113));
#4393=EDGE_LOOP('',(#2114,#2115,#2116,#2117));
#4394=EDGE_LOOP('',(#2118,#2119,#2120,#2121,#2122));
#4395=EDGE_LOOP('',(#2123,#2124,#2125,#2126,#2127));
#4396=EDGE_LOOP('',(#2128,#2129,#2130,#2131));
#4397=EDGE_LOOP('',(#2132,#2133,#2134,#2135));
#4398=EDGE_LOOP('',(#2136,#2137,#2138,#2139,#2140,#2141,#2142,#2143,#2144,
#2145,#2146,#2147,#2148,#2149,#2150,#2151,#2152,#2153,#2154,#2155,#2156,
#2157,#2158,#2159,#2160,#2161,#2162,#2163,#2164,#2165,#2166));
#4399=FACE_BOUND('',#4076,.T.);
#4400=FACE_BOUND('',#4077,.T.);
#4401=FACE_BOUND('',#4078,.T.);
#4402=FACE_BOUND('',#4079,.T.);
#4403=FACE_BOUND('',#4080,.T.);
#4404=FACE_BOUND('',#4081,.T.);
#4405=FACE_BOUND('',#4082,.T.);
#4406=FACE_BOUND('',#4083,.T.);
#4407=FACE_BOUND('',#4084,.T.);
#4408=FACE_BOUND('',#4085,.T.);
#4409=FACE_BOUND('',#4086,.T.);
#4410=FACE_BOUND('',#4087,.T.);
#4411=FACE_BOUND('',#4088,.T.);
#4412=FACE_BOUND('',#4089,.T.);
#4413=FACE_BOUND('',#4090,.T.);
#4414=FACE_BOUND('',#4091,.T.);
#4415=FACE_BOUND('',#4092,.T.);
#4416=FACE_BOUND('',#4093,.T.);
#4417=FACE_BOUND('',#4094,.T.);
#4418=FACE_BOUND('',#4095,.T.);
#4419=FACE_BOUND('',#4096,.T.);
#4420=FACE_BOUND('',#4097,.T.);
#4421=FACE_BOUND('',#4098,.T.);
#4422=FACE_BOUND('',#4099,.T.);
#4423=FACE_BOUND('',#4100,.T.);
#4424=FACE_BOUND('',#4101,.T.);
#4425=FACE_BOUND('',#4102,.T.);
#4426=FACE_BOUND('',#4103,.T.);
#4427=FACE_BOUND('',#4104,.T.);
#4428=FACE_BOUND('',#4105,.T.);
#4429=FACE_BOUND('',#4106,.T.);
#4430=FACE_BOUND('',#4107,.T.);
#4431=FACE_BOUND('',#4108,.T.);
#4432=FACE_BOUND('',#4109,.T.);
#4433=FACE_BOUND('',#4110,.T.);
#4434=FACE_BOUND('',#4111,.T.);
#4435=FACE_BOUND('',#4112,.T.);
#4436=FACE_BOUND('',#4113,.T.);
#4437=FACE_BOUND('',#4114,.T.);
#4438=FACE_BOUND('',#4115,.T.);
#4439=FACE_BOUND('',#4116,.T.);
#4440=FACE_BOUND('',#4117,.T.);
#4441=FACE_BOUND('',#4118,.T.);
#4442=FACE_BOUND('',#4119,.T.);
#4443=FACE_BOUND('',#4120,.T.);
#4444=FACE_BOUND('',#4121,.T.);
#4445=FACE_BOUND('',#4122,.T.);
#4446=FACE_BOUND('',#4123,.T.);
#4447=FACE_BOUND('',#4124,.T.);
#4448=FACE_BOUND('',#4125,.T.);
#4449=FACE_BOUND('',#4126,.T.);
#4450=FACE_BOUND('',#4127,.T.);
#4451=FACE_BOUND('',#4128,.T.);
#4452=FACE_BOUND('',#4129,.T.);
#4453=FACE_BOUND('',#4130,.T.);
#4454=FACE_BOUND('',#4131,.T.);
#4455=FACE_BOUND('',#4132,.T.);
#4456=FACE_BOUND('',#4133,.T.);
#4457=FACE_BOUND('',#4134,.T.);
#4458=FACE_BOUND('',#4135,.T.);
#4459=FACE_BOUND('',#4136,.T.);
#4460=FACE_BOUND('',#4137,.T.);
#4461=FACE_BOUND('',#4138,.T.);
#4462=FACE_BOUND('',#4139,.T.);
#4463=FACE_BOUND('',#4140,.T.);
#4464=FACE_BOUND('',#4141,.T.);
#4465=FACE_BOUND('',#4142,.T.);
#4466=FACE_BOUND('',#4143,.T.);
#4467=FACE_BOUND('',#4144,.T.);
#4468=FACE_BOUND('',#4145,.T.);
#4469=FACE_BOUND('',#4146,.T.);
#4470=FACE_BOUND('',#4147,.T.);
#4471=FACE_BOUND('',#4148,.T.);
#4472=FACE_BOUND('',#4149,.T.);
#4473=FACE_BOUND('',#4150,.T.);
#4474=FACE_BOUND('',#4151,.T.);
#4475=FACE_BOUND('',#4152,.T.);
#4476=FACE_BOUND('',#4153,.T.);
#4477=FACE_BOUND('',#4154,.T.);
#4478=FACE_BOUND('',#4155,.T.);
#4479=FACE_BOUND('',#4156,.T.);
#4480=FACE_BOUND('',#4157,.T.);
#4481=FACE_BOUND('',#4158,.T.);
#4482=FACE_BOUND('',#4159,.T.);
#4483=FACE_BOUND('',#4160,.T.);
#4484=FACE_BOUND('',#4161,.T.);
#4485=FACE_BOUND('',#4162,.T.);
#4486=FACE_BOUND('',#4163,.T.);
#4487=FACE_BOUND('',#4164,.T.);
#4488=FACE_BOUND('',#4165,.T.);
#4489=FACE_BOUND('',#4166,.T.);
#4490=FACE_BOUND('',#4167,.T.);
#4491=FACE_BOUND('',#4168,.T.);
#4492=FACE_BOUND('',#4169,.T.);
#4493=FACE_BOUND('',#4170,.T.);
#4494=FACE_BOUND('',#4171,.T.);
#4495=FACE_BOUND('',#4172,.T.);
#4496=FACE_BOUND('',#4173,.T.);
#4497=FACE_BOUND('',#4174,.T.);
#4498=FACE_BOUND('',#4175,.T.);
#4499=FACE_BOUND('',#4176,.T.);
#4500=FACE_BOUND('',#4177,.T.);
#4501=FACE_BOUND('',#4178,.T.);
#4502=FACE_BOUND('',#4179,.T.);
#4503=FACE_BOUND('',#4180,.T.);
#4504=FACE_BOUND('',#4181,.T.);
#4505=FACE_BOUND('',#4182,.T.);
#4506=FACE_BOUND('',#4183,.T.);
#4507=FACE_BOUND('',#4184,.T.);
#4508=FACE_BOUND('',#4185,.T.);
#4509=FACE_BOUND('',#4186,.T.);
#4510=FACE_BOUND('',#4187,.T.);
#4511=FACE_BOUND('',#4188,.T.);
#4512=FACE_BOUND('',#4189,.T.);
#4513=FACE_BOUND('',#4190,.T.);
#4514=FACE_BOUND('',#4191,.T.);
#4515=FACE_BOUND('',#4192,.T.);
#4516=FACE_BOUND('',#4193,.T.);
#4517=FACE_BOUND('',#4194,.T.);
#4518=FACE_BOUND('',#4195,.T.);
#4519=FACE_BOUND('',#4196,.T.);
#4520=FACE_BOUND('',#4197,.T.);
#4521=FACE_BOUND('',#4198,.T.);
#4522=FACE_BOUND('',#4199,.T.);
#4523=FACE_BOUND('',#4200,.T.);
#4524=FACE_BOUND('',#4201,.T.);
#4525=FACE_BOUND('',#4202,.T.);
#4526=FACE_BOUND('',#4203,.T.);
#4527=FACE_BOUND('',#4204,.T.);
#4528=FACE_BOUND('',#4205,.T.);
#4529=FACE_BOUND('',#4206,.T.);
#4530=FACE_BOUND('',#4207,.T.);
#4531=FACE_BOUND('',#4208,.T.);
#4532=FACE_BOUND('',#4209,.T.);
#4533=FACE_BOUND('',#4210,.T.);
#4534=FACE_BOUND('',#4211,.T.);
#4535=FACE_BOUND('',#4212,.T.);
#4536=FACE_BOUND('',#4213,.T.);
#4537=FACE_BOUND('',#4214,.T.);
#4538=FACE_BOUND('',#4215,.T.);
#4539=FACE_BOUND('',#4216,.T.);
#4540=FACE_BOUND('',#4217,.T.);
#4541=FACE_BOUND('',#4218,.T.);
#4542=FACE_BOUND('',#4219,.T.);
#4543=FACE_BOUND('',#4220,.T.);
#4544=FACE_BOUND('',#4221,.T.);
#4545=FACE_BOUND('',#4222,.T.);
#4546=FACE_BOUND('',#4223,.T.);
#4547=FACE_BOUND('',#4224,.T.);
#4548=FACE_BOUND('',#4225,.T.);
#4549=FACE_BOUND('',#4226,.T.);
#4550=FACE_BOUND('',#4227,.T.);
#4551=FACE_BOUND('',#4228,.T.);
#4552=FACE_BOUND('',#4229,.T.);
#4553=FACE_BOUND('',#4230,.T.);
#4554=FACE_BOUND('',#4231,.T.);
#4555=FACE_BOUND('',#4232,.T.);
#4556=FACE_BOUND('',#4233,.T.);
#4557=FACE_BOUND('',#4234,.T.);
#4558=FACE_BOUND('',#4235,.T.);
#4559=FACE_BOUND('',#4236,.T.);
#4560=FACE_BOUND('',#4237,.T.);
#4561=FACE_BOUND('',#4238,.T.);
#4562=FACE_BOUND('',#4239,.T.);
#4563=FACE_BOUND('',#4240,.T.);
#4564=FACE_BOUND('',#4241,.T.);
#4565=FACE_BOUND('',#4242,.T.);
#4566=FACE_BOUND('',#4243,.T.);
#4567=FACE_BOUND('',#4244,.T.);
#4568=FACE_BOUND('',#4245,.T.);
#4569=FACE_BOUND('',#4246,.T.);
#4570=FACE_BOUND('',#4247,.T.);
#4571=FACE_BOUND('',#4248,.T.);
#4572=FACE_BOUND('',#4249,.T.);
#4573=FACE_BOUND('',#4250,.T.);
#4574=FACE_BOUND('',#4251,.T.);
#4575=FACE_BOUND('',#4252,.T.);
#4576=FACE_BOUND('',#4253,.T.);
#4577=FACE_BOUND('',#4254,.T.);
#4578=FACE_BOUND('',#4255,.T.);
#4579=FACE_BOUND('',#4256,.T.);
#4580=FACE_BOUND('',#4257,.T.);
#4581=FACE_BOUND('',#4258,.T.);
#4582=FACE_BOUND('',#4259,.T.);
#4583=FACE_BOUND('',#4260,.T.);
#4584=FACE_BOUND('',#4261,.T.);
#4585=FACE_BOUND('',#4262,.T.);
#4586=FACE_BOUND('',#4263,.T.);
#4587=FACE_BOUND('',#4264,.T.);
#4588=FACE_BOUND('',#4265,.T.);
#4589=FACE_BOUND('',#4266,.T.);
#4590=FACE_BOUND('',#4267,.T.);
#4591=FACE_BOUND('',#4268,.T.);
#4592=FACE_BOUND('',#4269,.T.);
#4593=FACE_BOUND('',#4270,.T.);
#4594=FACE_BOUND('',#4271,.T.);
#4595=FACE_BOUND('',#4272,.T.);
#4596=FACE_BOUND('',#4273,.T.);
#4597=FACE_BOUND('',#4274,.T.);
#4598=FACE_BOUND('',#4275,.T.);
#4599=FACE_BOUND('',#4276,.T.);
#4600=FACE_BOUND('',#4277,.T.);
#4601=FACE_BOUND('',#4278,.T.);
#4602=FACE_BOUND('',#4279,.T.);
#4603=FACE_BOUND('',#4280,.T.);
#4604=FACE_BOUND('',#4281,.T.);
#4605=FACE_BOUND('',#4282,.T.);
#4606=FACE_BOUND('',#4283,.T.);
#4607=FACE_BOUND('',#4284,.T.);
#4608=FACE_BOUND('',#4285,.T.);
#4609=FACE_BOUND('',#4286,.T.);
#4610=FACE_BOUND('',#4287,.T.);
#4611=FACE_BOUND('',#4288,.T.);
#4612=FACE_BOUND('',#4289,.T.);
#4613=FACE_BOUND('',#4290,.T.);
#4614=FACE_BOUND('',#4291,.T.);
#4615=FACE_BOUND('',#4292,.T.);
#4616=FACE_BOUND('',#4293,.T.);
#4617=FACE_BOUND('',#4294,.T.);
#4618=FACE_BOUND('',#4295,.T.);
#4619=FACE_BOUND('',#4296,.T.);
#4620=FACE_BOUND('',#4297,.T.);
#4621=FACE_BOUND('',#4298,.T.);
#4622=FACE_BOUND('',#4299,.T.);
#4623=FACE_BOUND('',#4300,.T.);
#4624=FACE_BOUND('',#4301,.T.);
#4625=FACE_BOUND('',#4302,.T.);
#4626=FACE_BOUND('',#4303,.T.);
#4627=FACE_BOUND('',#4304,.T.);
#4628=FACE_BOUND('',#4305,.T.);
#4629=FACE_BOUND('',#4306,.T.);
#4630=FACE_BOUND('',#4307,.T.);
#4631=FACE_BOUND('',#4308,.T.);
#4632=FACE_BOUND('',#4309,.T.);
#4633=FACE_BOUND('',#4310,.T.);
#4634=FACE_BOUND('',#4311,.T.);
#4635=FACE_BOUND('',#4312,.T.);
#4636=FACE_BOUND('',#4313,.T.);
#4637=FACE_BOUND('',#4314,.T.);
#4638=FACE_BOUND('',#4315,.T.);
#4639=FACE_BOUND('',#4316,.T.);
#4640=FACE_BOUND('',#4317,.T.);
#4641=FACE_BOUND('',#4318,.T.);
#4642=FACE_BOUND('',#4319,.T.);
#4643=FACE_BOUND('',#4320,.T.);
#4644=FACE_BOUND('',#4321,.T.);
#4645=FACE_BOUND('',#4322,.T.);
#4646=FACE_BOUND('',#4323,.T.);
#4647=FACE_BOUND('',#4324,.T.);
#4648=FACE_BOUND('',#4325,.T.);
#4649=FACE_BOUND('',#4326,.T.);
#4650=FACE_BOUND('',#4327,.T.);
#4651=FACE_BOUND('',#4328,.T.);
#4652=FACE_BOUND('',#4329,.T.);
#4653=FACE_BOUND('',#4330,.T.);
#4654=FACE_BOUND('',#4331,.T.);
#4655=FACE_BOUND('',#4332,.T.);
#4656=FACE_BOUND('',#4333,.T.);
#4657=FACE_BOUND('',#4334,.T.);
#4658=FACE_BOUND('',#4335,.T.);
#4659=FACE_BOUND('',#4336,.T.);
#4660=FACE_BOUND('',#4337,.T.);
#4661=FACE_BOUND('',#4338,.T.);
#4662=FACE_BOUND('',#4339,.T.);
#4663=FACE_BOUND('',#4340,.T.);
#4664=FACE_BOUND('',#4341,.T.);
#4665=FACE_BOUND('',#4342,.T.);
#4666=FACE_BOUND('',#4343,.T.);
#4667=FACE_BOUND('',#4344,.T.);
#4668=FACE_BOUND('',#4345,.T.);
#4669=FACE_BOUND('',#4346,.T.);
#4670=FACE_BOUND('',#4347,.T.);
#4671=FACE_BOUND('',#4348,.T.);
#4672=FACE_BOUND('',#4349,.T.);
#4673=FACE_BOUND('',#4350,.T.);
#4674=FACE_BOUND('',#4351,.T.);
#4675=FACE_BOUND('',#4352,.T.);
#4676=FACE_BOUND('',#4353,.T.);
#4677=FACE_BOUND('',#4354,.T.);
#4678=FACE_BOUND('',#4355,.T.);
#4679=FACE_BOUND('',#4356,.T.);
#4680=FACE_BOUND('',#4357,.T.);
#4681=FACE_BOUND('',#4358,.T.);
#4682=FACE_BOUND('',#4359,.T.);
#4683=FACE_BOUND('',#4360,.T.);
#4684=FACE_BOUND('',#4361,.T.);
#4685=FACE_BOUND('',#4362,.T.);
#4686=FACE_BOUND('',#4363,.T.);
#4687=FACE_BOUND('',#4364,.T.);
#4688=FACE_BOUND('',#4365,.T.);
#4689=FACE_BOUND('',#4366,.T.);
#4690=FACE_BOUND('',#4367,.T.);
#4691=FACE_BOUND('',#4368,.T.);
#4692=FACE_BOUND('',#4369,.T.);
#4693=FACE_BOUND('',#4370,.T.);
#4694=FACE_BOUND('',#4371,.T.);
#4695=FACE_BOUND('',#4372,.T.);
#4696=FACE_BOUND('',#4373,.T.);
#4697=FACE_BOUND('',#4374,.T.);
#4698=FACE_BOUND('',#4375,.T.);
#4699=FACE_BOUND('',#4376,.T.);
#4700=FACE_BOUND('',#4377,.T.);
#4701=FACE_BOUND('',#4378,.T.);
#4702=FACE_BOUND('',#4379,.T.);
#4703=FACE_BOUND('',#4380,.T.);
#4704=FACE_BOUND('',#4381,.T.);
#4705=FACE_BOUND('',#4382,.T.);
#4706=FACE_BOUND('',#4383,.T.);
#4707=FACE_BOUND('',#4384,.T.);
#4708=FACE_BOUND('',#4385,.T.);
#4709=FACE_BOUND('',#4386,.T.);
#4710=FACE_BOUND('',#4387,.T.);
#4711=FACE_BOUND('',#4388,.T.);
#4712=FACE_BOUND('',#4389,.T.);
#4713=FACE_BOUND('',#4390,.T.);
#4714=FACE_BOUND('',#4391,.T.);
#4715=FACE_BOUND('',#4392,.T.);
#4716=FACE_BOUND('',#4393,.T.);
#4717=FACE_BOUND('',#4394,.T.);
#4718=FACE_BOUND('',#4395,.T.);
#4719=FACE_BOUND('',#4396,.T.);
#4720=FACE_BOUND('',#4397,.T.);
#4721=FACE_BOUND('',#4398,.T.);
#4722=CONICAL_SURFACE('',#5053,0.0188964583071558,0.7853981634);
#4723=CONICAL_SURFACE('',#5063,0.0158339584671532,0.785398163400001);
#4724=CONICAL_SURFACE('',#5067,0.0159375001599673,0.785398163400002);
#4725=CONICAL_SURFACE('',#5122,0.0179999999999065,0.7853981634);
#4726=CONICAL_SURFACE('',#5126,0.0179999999999547,0.7853981634);
#4727=CONICAL_SURFACE('',#5130,0.0178964583071558,0.785398163399997);
#4728=CONICAL_SURFACE('',#5134,0.0176768183240477,0.7853981634);
#4729=CONICAL_SURFACE('',#5140,0.0179999999999862,0.7853981634);
#4730=CONICAL_SURFACE('',#5144,0.0179999999999023,0.7853981634);
#4731=CONICAL_SURFACE('',#5148,0.0178964583071542,0.7853981634);
#4732=CONICAL_SURFACE('',#5174,0.0530088736511895,0.7853981634);
#4733=CONICAL_SURFACE('',#5228,0.00349999999998793,0.7853981634);
#4734=CONICAL_SURFACE('',#5247,0.0176768183240326,0.7853981634);
#4735=CONICAL_SURFACE('',#5249,0.0156143184840454,0.7853981634);
#4736=CONICAL_SURFACE('',#5254,0.0035000000000166,0.785398163400012);
#4737=CONICAL_SURFACE('',#5279,0.0159375001599852,0.7853981634);
#4738=CONICAL_SURFACE('',#5315,0.00350000000010819,0.785398163398018);
#4739=CONICAL_SURFACE('',#5323,0.0035000000000502,0.785398163493902);
#4740=CONICAL_SURFACE('',#5328,0.0035000000000201,0.7853981634);
#4741=CONICAL_SURFACE('',#5336,0.00350000000000355,0.785398163400007);
#4742=CONICAL_SURFACE('',#5387,0.00389645826407554,0.785398163400002);
#4743=CONICAL_SURFACE('',#5397,0.0186768183241514,0.7853981634);
#4744=CONICAL_SURFACE('',#5400,0.01870710678111,0.7853981634);
#4745=CONICAL_SURFACE('',#5402,0.0039999999999547,0.785398163399999);
#4746=CONICAL_SURFACE('',#5410,0.00399999999993684,0.7853981634);
#4747=CONICAL_SURFACE('',#5419,0.0187071067810888,0.7853981634);
#4748=ADVANCED_FACE('',(#4399),#4722,.T.);
#4749=ADVANCED_FACE('',(#4400),#210,.T.);
#4750=ADVANCED_FACE('',(#4401),#100,.T.);
#4751=ADVANCED_FACE('',(#4402),#101,.F.);
#4752=ADVANCED_FACE('',(#4403),#102,.T.);
#4753=ADVANCED_FACE('',(#4404),#103,.T.);
#4754=ADVANCED_FACE('',(#4405),#4723,.F.);
#4755=ADVANCED_FACE('',(#4406),#104,.T.);
#4756=ADVANCED_FACE('',(#4407),#4724,.F.);
#4757=ADVANCED_FACE('',(#4408),#105,.T.);
#4758=ADVANCED_FACE('',(#4409,#4410),#211,.F.);
#4759=ADVANCED_FACE('',(#4411,#4412),#212,.F.);
#4760=ADVANCED_FACE('',(#4413),#213,.T.);
#4761=ADVANCED_FACE('',(#4414),#214,.F.);
#4762=ADVANCED_FACE('',(#4415),#89,.F.);
#4763=ADVANCED_FACE('',(#4416),#215,.F.);
#4764=ADVANCED_FACE('',(#4417),#216,.F.);
#4765=ADVANCED_FACE('',(#4418),#217,.F.);
#4766=ADVANCED_FACE('',(#4419),#218,.F.);
#4767=ADVANCED_FACE('',(#4420),#219,.F.);
#4768=ADVANCED_FACE('',(#4421),#90,.T.);
#4769=ADVANCED_FACE('',(#4422),#106,.F.);
#4770=ADVANCED_FACE('',(#4423),#107,.T.);
#4771=ADVANCED_FACE('',(#4424),#108,.F.);
#4772=ADVANCED_FACE('',(#4425),#109,.T.);
#4773=ADVANCED_FACE('',(#4426),#110,.T.);
#4774=ADVANCED_FACE('',(#4427),#111,.F.);
#4775=ADVANCED_FACE('',(#4428),#25,.F.);
#4776=ADVANCED_FACE('',(#4429),#26,.F.);
#4777=ADVANCED_FACE('',(#4430),#112,.T.);
#4778=ADVANCED_FACE('',(#4431),#20,.F.);
#4779=ADVANCED_FACE('',(#4432),#27,.F.);
#4780=ADVANCED_FACE('',(#4433),#28,.F.);
#4781=ADVANCED_FACE('',(#4434),#220,.T.);
#4782=ADVANCED_FACE('',(#4435),#113,.T.);
#4783=ADVANCED_FACE('',(#4436),#114,.F.);
#4784=ADVANCED_FACE('',(#4437),#4725,.F.);
#4785=ADVANCED_FACE('',(#4438),#115,.T.);
#4786=ADVANCED_FACE('',(#4439),#4726,.F.);
#4787=ADVANCED_FACE('',(#4440),#116,.T.);
#4788=ADVANCED_FACE('',(#4441),#4727,.F.);
#4789=ADVANCED_FACE('',(#4442),#117,.T.);
#4790=ADVANCED_FACE('',(#4443),#4728,.F.);
#4791=ADVANCED_FACE('',(#4444,#4445),#118,.F.);
#4792=ADVANCED_FACE('',(#4446),#221,.F.);
#4793=ADVANCED_FACE('',(#4447),#119,.F.);
#4794=ADVANCED_FACE('',(#4448),#4729,.F.);
#4795=ADVANCED_FACE('',(#4449,#4450),#120,.F.);
#4796=ADVANCED_FACE('',(#4451),#4730,.F.);
#4797=ADVANCED_FACE('',(#4452,#4453),#121,.F.);
#4798=ADVANCED_FACE('',(#4454),#4731,.F.);
#4799=ADVANCED_FACE('',(#4455),#222,.F.);
#4800=ADVANCED_FACE('',(#4456),#122,.F.);
#4801=ADVANCED_FACE('',(#4457),#223,.F.);
#4802=ADVANCED_FACE('',(#4458),#123,.F.);
#4803=ADVANCED_FACE('',(#4459),#224,.F.);
#4804=ADVANCED_FACE('',(#4460),#124,.F.);
#4805=ADVANCED_FACE('',(#4461),#225,.F.);
#4806=ADVANCED_FACE('',(#4462,#4463),#226,.T.);
#4807=ADVANCED_FACE('',(#4464),#125,.T.);
#4808=ADVANCED_FACE('',(#4465,#4466),#227,.T.);
#4809=ADVANCED_FACE('',(#4467,#4468),#228,.T.);
#4810=ADVANCED_FACE('',(#4469),#126,.F.);
#4811=ADVANCED_FACE('',(#4470),#127,.T.);
#4812=ADVANCED_FACE('',(#4471),#128,.T.);
#4813=ADVANCED_FACE('',(#4472),#129,.T.);
#4814=ADVANCED_FACE('',(#4473,#4474),#229,.F.);
#4815=ADVANCED_FACE('',(#4475),#4732,.T.);
#4816=ADVANCED_FACE('',(#4476),#91,.T.);
#4817=ADVANCED_FACE('',(#4477),#130,.T.);
#4818=ADVANCED_FACE('',(#4478),#131,.T.);
#4819=ADVANCED_FACE('',(#4479),#132,.T.);
#4820=ADVANCED_FACE('',(#4480),#133,.T.);
#4821=ADVANCED_FACE('',(#4481,#4482),#230,.F.);
#4822=ADVANCED_FACE('',(#4483),#231,.T.);
#4823=ADVANCED_FACE('',(#4484),#21,.T.);
#4824=ADVANCED_FACE('',(#4485,#4486),#232,.F.);
#4825=ADVANCED_FACE('',(#4487),#22,.T.);
#4826=ADVANCED_FACE('',(#4488),#134,.T.);
#4827=ADVANCED_FACE('',(#4489),#135,.T.);
#4828=ADVANCED_FACE('',(#4490),#136,.T.);
#4829=ADVANCED_FACE('',(#4491),#29,.T.);
#4830=ADVANCED_FACE('',(#4492),#137,.T.);
#4831=ADVANCED_FACE('',(#4493,#4494,#4495),#138,.T.);
#4832=ADVANCED_FACE('',(#4496),#233,.F.);
#4833=ADVANCED_FACE('',(#4497),#234,.F.);
#4834=ADVANCED_FACE('',(#4498,#4499),#139,.F.);
#4835=ADVANCED_FACE('',(#4500),#140,.F.);
#4836=ADVANCED_FACE('',(#4501),#235,.T.);
#4837=ADVANCED_FACE('',(#4502),#141,.T.);
#4838=ADVANCED_FACE('',(#4503),#236,.T.);
#4839=ADVANCED_FACE('',(#4504),#142,.T.);
#4840=ADVANCED_FACE('',(#4505),#237,.T.);
#4841=ADVANCED_FACE('',(#4506),#238,.F.);
#4842=ADVANCED_FACE('',(#4507),#239,.T.);
#4843=ADVANCED_FACE('',(#4508),#143,.F.);
#4844=ADVANCED_FACE('',(#4509),#144,.F.);
#4845=ADVANCED_FACE('',(#4510),#240,.F.);
#4846=ADVANCED_FACE('',(#4511),#30,.T.);
#4847=ADVANCED_FACE('',(#4512),#4733,.T.);
#4848=ADVANCED_FACE('',(#4513),#241,.T.);
#4849=ADVANCED_FACE('',(#4514),#242,.T.);
#4850=ADVANCED_FACE('',(#4515),#243,.F.);
#4851=ADVANCED_FACE('',(#4516),#244,.F.);
#4852=ADVANCED_FACE('',(#4517),#245,.F.);
#4853=ADVANCED_FACE('',(#4518),#92,.F.);
#4854=ADVANCED_FACE('',(#4519),#246,.F.);
#4855=ADVANCED_FACE('',(#4520),#145,.T.);
#4856=ADVANCED_FACE('',(#4521),#146,.T.);
#4857=ADVANCED_FACE('',(#4522),#4734,.F.);
#4858=ADVANCED_FACE('',(#4523),#4735,.F.);
#4859=ADVANCED_FACE('',(#4524),#147,.F.);
#4860=ADVANCED_FACE('',(#4525),#4736,.T.);
#4861=ADVANCED_FACE('',(#4526,#4527),#148,.T.);
#4862=ADVANCED_FACE('',(#4528),#149,.T.);
#4863=ADVANCED_FACE('',(#4529),#150,.T.);
#4864=ADVANCED_FACE('',(#4530),#151,.F.);
#4865=ADVANCED_FACE('',(#4531),#152,.F.);
#4866=ADVANCED_FACE('',(#4532),#153,.T.);
#4867=ADVANCED_FACE('',(#4533),#247,.T.);
#4868=ADVANCED_FACE('',(#4534),#248,.T.);
#4869=ADVANCED_FACE('',(#4535),#249,.T.);
#4870=ADVANCED_FACE('',(#4536),#93,.T.);
#4871=ADVANCED_FACE('',(#4537),#250,.T.);
#4872=ADVANCED_FACE('',(#4538),#94,.T.);
#4873=ADVANCED_FACE('',(#4539),#154,.T.);
#4874=ADVANCED_FACE('',(#4540),#4737,.F.);
#4875=ADVANCED_FACE('',(#4541),#155,.F.);
#4876=ADVANCED_FACE('',(#4542),#156,.F.);
#4877=ADVANCED_FACE('',(#4543),#157,.F.);
#4878=ADVANCED_FACE('',(#4544),#251,.T.);
#4879=ADVANCED_FACE('',(#4545),#31,.F.);
#4880=ADVANCED_FACE('',(#4546),#158,.T.);
#4881=ADVANCED_FACE('',(#4547),#32,.F.);
#4882=ADVANCED_FACE('',(#4548),#159,.T.);
#4883=ADVANCED_FACE('',(#4549),#160,.T.);
#4884=ADVANCED_FACE('',(#4550),#252,.T.);
#4885=ADVANCED_FACE('',(#4551,#4552),#33,.F.);
#4886=ADVANCED_FACE('',(#4553),#253,.F.);
#4887=ADVANCED_FACE('',(#4554),#34,.F.);
#4888=ADVANCED_FACE('',(#4555),#95,.T.);
#4889=ADVANCED_FACE('',(#4556,#4557),#254,.F.);
#4890=ADVANCED_FACE('',(#4558),#255,.T.);
#4891=ADVANCED_FACE('',(#4559),#96,.T.);
#4892=ADVANCED_FACE('',(#4560),#256,.T.);
#4893=ADVANCED_FACE('',(#4561),#257,.F.);
#4894=ADVANCED_FACE('',(#4562),#258,.F.);
#4895=ADVANCED_FACE('',(#4563),#35,.T.);
#4896=ADVANCED_FACE('',(#4564),#97,.T.);
#4897=ADVANCED_FACE('',(#4565),#98,.T.);
#4898=ADVANCED_FACE('',(#4566),#259,.T.);
#4899=ADVANCED_FACE('',(#4567),#36,.T.);
#4900=ADVANCED_FACE('',(#4568),#4738,.T.);
#4901=ADVANCED_FACE('',(#4569),#260,.T.);
#4902=ADVANCED_FACE('',(#4570),#161,.F.);
#4903=ADVANCED_FACE('',(#4571),#4739,.T.);
#4904=ADVANCED_FACE('',(#4572,#4573),#162,.F.);
#4905=ADVANCED_FACE('',(#4574),#261,.T.);
#4906=ADVANCED_FACE('',(#4575),#37,.T.);
#4907=ADVANCED_FACE('',(#4576),#4740,.T.);
#4908=ADVANCED_FACE('',(#4577),#262,.T.);
#4909=ADVANCED_FACE('',(#4578),#163,.F.);
#4910=ADVANCED_FACE('',(#4579),#4741,.T.);
#4911=ADVANCED_FACE('',(#4580,#4581),#164,.F.);
#4912=ADVANCED_FACE('',(#4582),#263,.T.);
#4913=ADVANCED_FACE('',(#4583,#4584),#38,.F.);
#4914=ADVANCED_FACE('',(#4585),#99,.T.);
#4915=ADVANCED_FACE('',(#4586),#39,.F.);
#4916=ADVANCED_FACE('',(#4587),#40,.F.);
#4917=ADVANCED_FACE('',(#4588),#41,.F.);
#4918=ADVANCED_FACE('',(#4589),#42,.F.);
#4919=ADVANCED_FACE('',(#4590),#43,.F.);
#4920=ADVANCED_FACE('',(#4591),#264,.T.);
#4921=ADVANCED_FACE('',(#4592),#44,.F.);
#4922=ADVANCED_FACE('',(#4593),#265,.T.);
#4923=ADVANCED_FACE('',(#4594),#45,.F.);
#4924=ADVANCED_FACE('',(#4595),#46,.F.);
#4925=ADVANCED_FACE('',(#4596),#266,.T.);
#4926=ADVANCED_FACE('',(#4597),#267,.T.);
#4927=ADVANCED_FACE('',(#4598),#268,.T.);
#4928=ADVANCED_FACE('',(#4599),#47,.F.);
#4929=ADVANCED_FACE('',(#4600),#269,.T.);
#4930=ADVANCED_FACE('',(#4601),#48,.T.);
#4931=ADVANCED_FACE('',(#4602),#270,.F.);
#4932=ADVANCED_FACE('',(#4603),#165,.T.);
#4933=ADVANCED_FACE('',(#4604),#271,.F.);
#4934=ADVANCED_FACE('',(#4605),#166,.F.);
#4935=ADVANCED_FACE('',(#4606),#272,.F.);
#4936=ADVANCED_FACE('',(#4607),#49,.T.);
#4937=ADVANCED_FACE('',(#4608),#50,.T.);
#4938=ADVANCED_FACE('',(#4609),#273,.T.);
#4939=ADVANCED_FACE('',(#4610),#167,.T.);
#4940=ADVANCED_FACE('',(#4611),#168,.T.);
#4941=ADVANCED_FACE('',(#4612),#169,.T.);
#4942=ADVANCED_FACE('',(#4613),#51,.T.);
#4943=ADVANCED_FACE('',(#4614),#274,.T.);
#4944=ADVANCED_FACE('',(#4615),#52,.T.);
#4945=ADVANCED_FACE('',(#4616),#170,.T.);
#4946=ADVANCED_FACE('',(#4617),#171,.F.);
#4947=ADVANCED_FACE('',(#4618),#172,.T.);
#4948=ADVANCED_FACE('',(#4619,#4620),#275,.F.);
#4949=ADVANCED_FACE('',(#4621),#173,.F.);
#4950=ADVANCED_FACE('',(#4622),#276,.T.);
#4951=ADVANCED_FACE('',(#4623),#174,.T.);
#4952=ADVANCED_FACE('',(#4624),#175,.T.);
#4953=ADVANCED_FACE('',(#4625),#176,.T.);
#4954=ADVANCED_FACE('',(#4626),#177,.T.);
#4955=ADVANCED_FACE('',(#4627),#4742,.F.);
#4956=ADVANCED_FACE('',(#4628),#178,.T.);
#4957=ADVANCED_FACE('',(#4629),#277,.T.);
#4958=ADVANCED_FACE('',(#4630),#179,.T.);
#4959=ADVANCED_FACE('',(#4631),#4743,.T.);
#4960=ADVANCED_FACE('',(#4632,#4633),#53,.F.);
#4961=ADVANCED_FACE('',(#4634),#278,.F.);
#4962=ADVANCED_FACE('',(#4635),#180,.T.);
#4963=ADVANCED_FACE('',(#4636),#4744,.T.);
#4964=ADVANCED_FACE('',(#4637),#4745,.F.);
#4965=ADVANCED_FACE('',(#4638),#54,.T.);
#4966=ADVANCED_FACE('',(#4639),#279,.T.);
#4967=ADVANCED_FACE('',(#4640),#55,.T.);
#4968=ADVANCED_FACE('',(#4641),#181,.T.);
#4969=ADVANCED_FACE('',(#4642),#182,.T.);
#4970=ADVANCED_FACE('',(#4643,#4644),#280,.F.);
#4971=ADVANCED_FACE('',(#4645),#4746,.F.);
#4972=ADVANCED_FACE('',(#4646),#56,.T.);
#4973=ADVANCED_FACE('',(#4647),#281,.T.);
#4974=ADVANCED_FACE('',(#4648),#57,.T.);
#4975=ADVANCED_FACE('',(#4649),#183,.T.);
#4976=ADVANCED_FACE('',(#4650),#184,.T.);
#4977=ADVANCED_FACE('',(#4651,#4652),#282,.F.);
#4978=ADVANCED_FACE('',(#4653,#4654),#185,.T.);
#4979=ADVANCED_FACE('',(#4655),#4747,.T.);
#4980=ADVANCED_FACE('',(#4656),#283,.T.);
#4981=ADVANCED_FACE('',(#4657),#284,.F.);
#4982=ADVANCED_FACE('',(#4658),#58,.F.);
#4983=ADVANCED_FACE('',(#4659),#186,.T.);
#4984=ADVANCED_FACE('',(#4660),#59,.F.);
#4985=ADVANCED_FACE('',(#4661),#187,.T.);
#4986=ADVANCED_FACE('',(#4662),#23,.T.);
#4987=ADVANCED_FACE('',(#4663),#60,.F.);
#4988=ADVANCED_FACE('',(#4664),#285,.F.);
#4989=ADVANCED_FACE('',(#4665),#188,.T.);
#4990=ADVANCED_FACE('',(#4666),#286,.T.);
#4991=ADVANCED_FACE('',(#4667),#189,.F.);
#4992=ADVANCED_FACE('',(#4668),#287,.F.);
#4993=ADVANCED_FACE('',(#4669),#190,.F.);
#4994=ADVANCED_FACE('',(#4670),#288,.F.);
#4995=ADVANCED_FACE('',(#4671),#191,.T.);
#4996=ADVANCED_FACE('',(#4672),#192,.T.);
#4997=ADVANCED_FACE('',(#4673,#4674),#193,.T.);
#4998=ADVANCED_FACE('',(#4675),#289,.F.);
#4999=ADVANCED_FACE('',(#4676,#4677),#194,.T.);
#5000=ADVANCED_FACE('',(#4678),#290,.F.);
#5001=ADVANCED_FACE('',(#4679),#291,.F.);
#5002=ADVANCED_FACE('',(#4680),#195,.T.);
#5003=ADVANCED_FACE('',(#4681,#4682),#196,.T.);
#5004=ADVANCED_FACE('',(#4683),#292,.T.);
#5005=ADVANCED_FACE('',(#4684),#293,.T.);
#5006=ADVANCED_FACE('',(#4685),#61,.T.);
#5007=ADVANCED_FACE('',(#4686),#62,.F.);
#5008=ADVANCED_FACE('',(#4687),#197,.T.);
#5009=ADVANCED_FACE('',(#4688),#63,.F.);
#5010=ADVANCED_FACE('',(#4689),#64,.T.);
#5011=ADVANCED_FACE('',(#4690),#198,.T.);
#5012=ADVANCED_FACE('',(#4691),#294,.T.);
#5013=ADVANCED_FACE('',(#4692),#295,.T.);
#5014=ADVANCED_FACE('',(#4693),#199,.T.);
#5015=ADVANCED_FACE('',(#4694),#296,.T.);
#5016=ADVANCED_FACE('',(#4695),#200,.T.);
#5017=ADVANCED_FACE('',(#4696),#65,.F.);
#5018=ADVANCED_FACE('',(#4697),#201,.T.);
#5019=ADVANCED_FACE('',(#4698),#297,.T.);
#5020=ADVANCED_FACE('',(#4699),#202,.T.);
#5021=ADVANCED_FACE('',(#4700,#4701),#203,.T.);
#5022=ADVANCED_FACE('',(#4702),#204,.T.);
#5023=ADVANCED_FACE('',(#4703),#298,.T.);
#5024=ADVANCED_FACE('',(#4704),#205,.T.);
#5025=ADVANCED_FACE('',(#4705),#299,.T.);
#5026=ADVANCED_FACE('',(#4706),#24,.T.);
#5027=ADVANCED_FACE('',(#4707),#300,.T.);
#5028=ADVANCED_FACE('',(#4708),#301,.F.);
#5029=ADVANCED_FACE('',(#4709),#66,.F.);
#5030=ADVANCED_FACE('',(#4710),#206,.T.);
#5031=ADVANCED_FACE('',(#4711,#4712),#302,.T.);
#5032=ADVANCED_FACE('',(#4713),#67,.T.);
#5033=ADVANCED_FACE('',(#4714),#68,.T.);
#5034=ADVANCED_FACE('',(#4715),#207,.F.);
#5035=ADVANCED_FACE('',(#4716),#208,.F.);
#5036=ADVANCED_FACE('',(#4717),#69,.T.);
#5037=ADVANCED_FACE('',(#4718),#70,.T.);
#5038=ADVANCED_FACE('',(#4719),#71,.F.);
#5039=ADVANCED_FACE('',(#4720,#4721),#209,.F.);
#5040=CLOSED_SHELL('',(#4748,#4749,#4750,#4751,#4752,#4753,#4754,#4755,
#4756,#4757,#4758,#4759,#4760,#4761,#4762,#4763,#4764,#4765,#4766,#4767,
#4768,#4769,#4770,#4771,#4772,#4773,#4774,#4775,#4776,#4777,#4778,#4779,
#4780,#4781,#4782,#4783,#4784,#4785,#4786,#4787,#4788,#4789,#4790,#4791,
#4792,#4793,#4794,#4795,#4796,#4797,#4798,#4799,#4800,#4801,#4802,#4803,
#4804,#4805,#4806,#4807,#4808,#4809,#4810,#4811,#4812,#4813,#4814,#4815,
#4816,#4817,#4818,#4819,#4820,#4821,#4822,#4823,#4824,#4825,#4826,#4827,
#4828,#4829,#4830,#4831,#4832,#4833,#4834,#4835,#4836,#4837,#4838,#4839,
#4840,#4841,#4842,#4843,#4844,#4845,#4846,#4847,#4848,#4849,#4850,#4851,
#4852,#4853,#4854,#4855,#4856,#4857,#4858,#4859,#4860,#4861,#4862,#4863,
#4864,#4865,#4866,#4867,#4868,#4869,#4870,#4871,#4872,#4873,#4874,#4875,
#4876,#4877,#4878,#4879,#4880,#4881,#4882,#4883,#4884,#4885,#4886,#4887,
#4888,#4889,#4890,#4891,#4892,#4893,#4894,#4895,#4896,#4897,#4898,#4899,
#4900,#4901,#4902,#4903,#4904,#4905,#4906,#4907,#4908,#4909,#4910,#4911,
#4912,#4913,#4914,#4915,#4916,#4917,#4918,#4919,#4920,#4921,#4922,#4923,
#4924,#4925,#4926,#4927,#4928,#4929,#4930,#4931,#4932,#4933,#4934,#4935,
#4936,#4937,#4938,#4939,#4940,#4941,#4942,#4943,#4944,#4945,#4946,#4947,
#4948,#4949,#4950,#4951,#4952,#4953,#4954,#4955,#4956,#4957,#4958,#4959,
#4960,#4961,#4962,#4963,#4964,#4965,#4966,#4967,#4968,#4969,#4970,#4971,
#4972,#4973,#4974,#4975,#4976,#4977,#4978,#4979,#4980,#4981,#4982,#4983,
#4984,#4985,#4986,#4987,#4988,#4989,#4990,#4991,#4992,#4993,#4994,#4995,
#4996,#4997,#4998,#4999,#5000,#5001,#5002,#5003,#5004,#5005,#5006,#5007,
#5008,#5009,#5010,#5011,#5012,#5013,#5014,#5015,#5016,#5017,#5018,#5019,
#5020,#5021,#5022,#5023,#5024,#5025,#5026,#5027,#5028,#5029,#5030,#5031,
#5032,#5033,#5034,#5035,#5036,#5037,#5038,#5039));
#5041=STYLED_ITEM('',(#5042),#5049);
#5042=PRESENTATION_STYLE_ASSIGNMENT((#5043));
#5043=SURFACE_STYLE_USAGE(.BOTH.,#5044);
#5044=SURFACE_SIDE_STYLE('',(#5045));
#5045=SURFACE_STYLE_FILL_AREA(#5046);
#5046=FILL_AREA_STYLE('',(#5047));
#5047=FILL_AREA_STYLE_COLOUR('',#5048);
#5048=COLOUR_RGB('',0.745098039215686,0.745098039215686,0.745098039215686);
#5049=MANIFOLD_SOLID_BREP('KP0016-01_PivotSkirtV2',#5040);
#5050=SHAPE_DEFINITION_REPRESENTATION(#11587,#5051);
#5051=SHAPE_REPRESENTATION('KP0016-01_PivotSkirtV2',(#5052),#11582);
#5052=AXIS2_PLACEMENT_3D('',#6699,#5484,#5485);
#5053=AXIS2_PLACEMENT_3D('',#6700,#5486,#5487);
#5054=AXIS2_PLACEMENT_3D('',#6704,#5489,#5490);
#5055=AXIS2_PLACEMENT_3D('',#6711,#5491,#5492);
#5056=AXIS2_PLACEMENT_3D('',#6712,#5493,#5494);
#5057=AXIS2_PLACEMENT_3D('',#6727,#5496,#5497);
#5058=AXIS2_PLACEMENT_3D('',#6730,#5499,#5500);
#5059=AXIS2_PLACEMENT_3D('',#6735,#5501,#5502);
#5060=AXIS2_PLACEMENT_3D('',#6751,#5510,#5511);
#5061=AXIS2_PLACEMENT_3D('',#6752,#5512,#5513);
#5062=AXIS2_PLACEMENT_3D('',#6761,#5516,#5517);
#5063=AXIS2_PLACEMENT_3D('',#6770,#5522,#5523);
#5064=AXIS2_PLACEMENT_3D('',#6771,#5524,#5525);
#5065=AXIS2_PLACEMENT_3D('',#6775,#5527,#5528);
#5066=AXIS2_PLACEMENT_3D('',#6776,#5529,#5530);
#5067=AXIS2_PLACEMENT_3D('',#6782,#5534,#5535);
#5068=AXIS2_PLACEMENT_3D('',#6783,#5536,#5537);
#5069=AXIS2_PLACEMENT_3D('',#6787,#5539,#5540);
#5070=AXIS2_PLACEMENT_3D('',#6788,#5541,#5542);
#5071=AXIS2_PLACEMENT_3D('',#6794,#5546,#5547);
#5072=AXIS2_PLACEMENT_3D('',#6795,#5548,#5549);
#5073=AXIS2_PLACEMENT_3D('',#6797,#5550,#5551);
#5074=AXIS2_PLACEMENT_3D('',#6799,#5552,#5553);
#5075=AXIS2_PLACEMENT_3D('',#6800,#5554,#5555);
#5076=AXIS2_PLACEMENT_3D('',#6802,#5556,#5557);
#5077=AXIS2_PLACEMENT_3D('',#6810,#5558,#5559);
#5078=AXIS2_PLACEMENT_3D('',#6811,#5560,#5561);
#5079=AXIS2_PLACEMENT_3D('',#6816,#5563,#5564);
#5080=AXIS2_PLACEMENT_3D('',#6819,#5566,#5567);
#5081=AXIS2_PLACEMENT_3D('',#6837,#5570,#5571);
#5082=AXIS2_PLACEMENT_3D('',#6838,#5572,#5573);
#5083=AXIS2_PLACEMENT_3D('',#6839,#5574,#5575);
#5084=AXIS2_PLACEMENT_3D('',#6846,#5576,#5577);
#5085=AXIS2_PLACEMENT_3D('',#6847,#5578,#5579);
#5086=AXIS2_PLACEMENT_3D('',#6867,#5582,#5583);
#5087=AXIS2_PLACEMENT_3D('',#6868,#5584,#5585);
#5088=AXIS2_PLACEMENT_3D('',#6869,#5586,#5587);
#5089=AXIS2_PLACEMENT_3D('',#6871,#5588,#5589);
#5090=AXIS2_PLACEMENT_3D('',#6872,#5590,#5591);
#5091=AXIS2_PLACEMENT_3D('',#6873,#5592,#5593);
#5092=AXIS2_PLACEMENT_3D('',#6878,#5595,#5596);
#5093=AXIS2_PLACEMENT_3D('',#6881,#5598,#5599);
#5094=AXIS2_PLACEMENT_3D('',#6882,#5600,#5601);
#5095=AXIS2_PLACEMENT_3D('',#6887,#5604,#5605);
#5096=AXIS2_PLACEMENT_3D('',#6890,#5607,#5608);
#5097=AXIS2_PLACEMENT_3D('',#6899,#5610,#5611);
#5098=AXIS2_PLACEMENT_3D('',#6902,#5613,#5614);
#5099=AXIS2_PLACEMENT_3D('',#6903,#5615,#5616);
#5100=AXIS2_PLACEMENT_3D('',#6924,#5617,#5618);
#5101=AXIS2_PLACEMENT_3D('',#6926,#5619,#5620);
#5102=AXIS2_PLACEMENT_3D('',#6927,#5621,#5622);
#5103=AXIS2_PLACEMENT_3D('',#6928,#5623,#5624);
#5104=AXIS2_PLACEMENT_3D('',#6932,#5626,#5627);
#5105=AXIS2_PLACEMENT_3D('',#6933,#5628,#5629);
#5106=AXIS2_PLACEMENT_3D('',#6938,#5631,#5632);
#5107=AXIS2_PLACEMENT_3D('',#6941,#5634,#5635);
#5108=AXIS2_PLACEMENT_3D('',#6942,#5636,#5637);
#5109=AXIS2_PLACEMENT_3D('',#6943,#5638,#5639);
#5110=AXIS2_PLACEMENT_3D('',#6944,#5640,#5641);
#5111=AXIS2_PLACEMENT_3D('',#6949,#5643,#5644);
#5112=AXIS2_PLACEMENT_3D('',#6952,#5646,#5647);
#5113=AXIS2_PLACEMENT_3D('',#6977,#5654,#5655);
#5114=AXIS2_PLACEMENT_3D('',#7033,#5659,#5660);
#5115=AXIS2_PLACEMENT_3D('',#7059,#5661,#5662);
#5116=AXIS2_PLACEMENT_3D('',#7064,#5666,#5667);
#5117=AXIS2_PLACEMENT_3D('',#7065,#5668,#5669);
#5118=AXIS2_PLACEMENT_3D('',#7067,#5670,#5671);
#5119=AXIS2_PLACEMENT_3D('',#7169,#5672,#5673);
#5120=AXIS2_PLACEMENT_3D('',#7170,#5674,#5675);
#5121=AXIS2_PLACEMENT_3D('',#7179,#5680,#5681);
#5122=AXIS2_PLACEMENT_3D('',#7188,#5686,#5687);
#5123=AXIS2_PLACEMENT_3D('',#7189,#5688,#5689);
#5124=AXIS2_PLACEMENT_3D('',#7193,#5691,#5692);
#5125=AXIS2_PLACEMENT_3D('',#7194,#5693,#5694);
#5126=AXIS2_PLACEMENT_3D('',#7200,#5698,#5699);
#5127=AXIS2_PLACEMENT_3D('',#7201,#5700,#5701);
#5128=AXIS2_PLACEMENT_3D('',#7205,#5703,#5704);
#5129=AXIS2_PLACEMENT_3D('',#7206,#5705,#5706);
#5130=AXIS2_PLACEMENT_3D('',#7215,#5709,#5710);
#5131=AXIS2_PLACEMENT_3D('',#7216,#5711,#5712);
#5132=AXIS2_PLACEMENT_3D('',#7220,#5714,#5715);
#5133=AXIS2_PLACEMENT_3D('',#7221,#5716,#5717);
#5134=AXIS2_PLACEMENT_3D('',#7230,#5720,#5721);
#5135=AXIS2_PLACEMENT_3D('',#7231,#5722,#5723);
#5136=AXIS2_PLACEMENT_3D('',#7237,#5724,#5725);
#5137=AXIS2_PLACEMENT_3D('',#7279,#5729,#5730);
#5138=AXIS2_PLACEMENT_3D('',#7280,#5731,#5732);
#5139=AXIS2_PLACEMENT_3D('',#7281,#5733,#5734);
#5140=AXIS2_PLACEMENT_3D('',#7284,#5737,#5738);
#5141=AXIS2_PLACEMENT_3D('',#7285,#5739,#5740);
#5142=AXIS2_PLACEMENT_3D('',#7287,#5741,#5742);
#5143=AXIS2_PLACEMENT_3D('',#7290,#5744,#5745);
#5144=AXIS2_PLACEMENT_3D('',#7332,#5749,#5750);
#5145=AXIS2_PLACEMENT_3D('',#7333,#5751,#5752);
#5146=AXIS2_PLACEMENT_3D('',#7335,#5753,#5754);
#5147=AXIS2_PLACEMENT_3D('',#7338,#5756,#5757);
#5148=AXIS2_PLACEMENT_3D('',#7383,#5760,#5761);
#5149=AXIS2_PLACEMENT_3D('',#7384,#5762,#5763);
#5150=AXIS2_PLACEMENT_3D('',#7385,#5764,#5765);
#5151=AXIS2_PLACEMENT_3D('',#7386,#5766,#5767);
#5152=AXIS2_PLACEMENT_3D('',#7388,#5769,#5770);
#5153=AXIS2_PLACEMENT_3D('',#7390,#5772,#5773);
#5154=AXIS2_PLACEMENT_3D('',#7392,#5775,#5776);
#5155=AXIS2_PLACEMENT_3D('',#7394,#5778,#5779);
#5156=AXIS2_PLACEMENT_3D('',#7396,#5781,#5782);
#5157=AXIS2_PLACEMENT_3D('',#7398,#5784,#5785);
#5158=AXIS2_PLACEMENT_3D('',#7399,#5786,#5787);
#5159=AXIS2_PLACEMENT_3D('',#7400,#5788,#5789);
#5160=AXIS2_PLACEMENT_3D('',#7414,#5790,#5791);
#5161=AXIS2_PLACEMENT_3D('',#7415,#5792,#5793);
#5162=AXIS2_PLACEMENT_3D('',#7427,#5796,#5797);
#5163=AXIS2_PLACEMENT_3D('',#7441,#5798,#5799);
#5164=AXIS2_PLACEMENT_3D('',#7442,#5800,#5801);
#5165=AXIS2_PLACEMENT_3D('',#7456,#5802,#5803);
#5166=AXIS2_PLACEMENT_3D('',#7457,#5804,#5805);
#5167=AXIS2_PLACEMENT_3D('',#7468,#5806,#5807);
#5168=AXIS2_PLACEMENT_3D('',#7469,#5808,#5809);
#5169=AXIS2_PLACEMENT_3D('',#7478,#5812,#5813);
#5170=AXIS2_PLACEMENT_3D('',#7491,#5816,#5817);
#5171=AXIS2_PLACEMENT_3D('',#7497,#5818,#5819);
#5172=AXIS2_PLACEMENT_3D('',#7503,#5820,#5821);
#5173=AXIS2_PLACEMENT_3D('',#7575,#5822,#5823);
#5174=AXIS2_PLACEMENT_3D('',#7577,#5824,#5825);
#5175=AXIS2_PLACEMENT_3D('',#7578,#5826,#5827);
#5176=AXIS2_PLACEMENT_3D('',#7583,#5828,#5829);
#5177=AXIS2_PLACEMENT_3D('',#7584,#5830,#5831);
#5178=AXIS2_PLACEMENT_3D('',#7616,#5832,#5833);
#5179=AXIS2_PLACEMENT_3D('',#7629,#5836,#5837);
#5180=AXIS2_PLACEMENT_3D('',#7635,#5838,#5839);
#5181=AXIS2_PLACEMENT_3D('',#7641,#5840,#5841);
#5182=AXIS2_PLACEMENT_3D('',#7642,#5842,#5843);
#5183=AXIS2_PLACEMENT_3D('',#7650,#5847,#5848);
#5184=AXIS2_PLACEMENT_3D('',#7654,#5850,#5851);
#5185=AXIS2_PLACEMENT_3D('',#7657,#5853,#5854);
#5186=AXIS2_PLACEMENT_3D('',#7668,#5861,#5862);
#5187=AXIS2_PLACEMENT_3D('',#7733,#5863,#5864);
#5188=AXIS2_PLACEMENT_3D('',#7735,#5865,#5866);
#5189=AXIS2_PLACEMENT_3D('',#7738,#5868,#5869);
#5190=AXIS2_PLACEMENT_3D('',#7739,#5870,#5871);
#5191=AXIS2_PLACEMENT_3D('',#7750,#5872,#5873);
#5192=AXIS2_PLACEMENT_3D('',#7751,#5874,#5875);
#5193=AXIS2_PLACEMENT_3D('',#7830,#5876,#5877);
#5194=AXIS2_PLACEMENT_3D('',#7841,#5878,#5879);
#5195=AXIS2_PLACEMENT_3D('',#7842,#5880,#5881);
#5196=AXIS2_PLACEMENT_3D('',#7849,#5886,#5887);
#5197=AXIS2_PLACEMENT_3D('',#7855,#5891,#5892);
#5198=AXIS2_PLACEMENT_3D('',#7903,#5895,#5896);
#5199=AXIS2_PLACEMENT_3D('',#7909,#5900,#5901);
#5200=AXIS2_PLACEMENT_3D('',#7915,#5905,#5906);
#5201=AXIS2_PLACEMENT_3D('',#7916,#5907,#5908);
#5202=AXIS2_PLACEMENT_3D('',#7921,#5911,#5912);
#5203=AXIS2_PLACEMENT_3D('',#7922,#5913,#5914);
#5204=AXIS2_PLACEMENT_3D('',#7927,#5917,#5918);
#5205=AXIS2_PLACEMENT_3D('',#7931,#5921,#5922);
#5206=AXIS2_PLACEMENT_3D('',#7937,#5926,#5927);
#5207=AXIS2_PLACEMENT_3D('',#7938,#5928,#5929);
#5208=AXIS2_PLACEMENT_3D('',#7965,#5931,#5932);
#5209=AXIS2_PLACEMENT_3D('',#7966,#5933,#5934);
#5210=AXIS2_PLACEMENT_3D('',#7968,#5935,#5936);
#5211=AXIS2_PLACEMENT_3D('',#7971,#5938,#5939);
#5212=AXIS2_PLACEMENT_3D('',#7972,#5940,#5941);
#5213=AXIS2_PLACEMENT_3D('',#7974,#5942,#5943);
#5214=AXIS2_PLACEMENT_3D('',#7977,#5945,#5946);
#5215=AXIS2_PLACEMENT_3D('',#7980,#5948,#5949);
#5216=AXIS2_PLACEMENT_3D('',#7981,#5950,#5951);
#5217=AXIS2_PLACEMENT_3D('',#7982,#5952,#5953);
#5218=AXIS2_PLACEMENT_3D('',#7998,#5957,#5958);
#5219=AXIS2_PLACEMENT_3D('',#7999,#5959,#5960);
#5220=AXIS2_PLACEMENT_3D('',#8025,#5962,#5963);
#5221=AXIS2_PLACEMENT_3D('',#8049,#5965,#5966);
#5222=AXIS2_PLACEMENT_3D('',#8050,#5967,#5968);
#5223=AXIS2_PLACEMENT_3D('',#8054,#5971,#5972);
#5224=AXIS2_PLACEMENT_3D('',#8060,#5976,#5977);
#5225=AXIS2_PLACEMENT_3D('',#8061,#5978,#5979);
#5226=AXIS2_PLACEMENT_3D('',#8063,#5980,#5981);
#5227=AXIS2_PLACEMENT_3D('',#8067,#5983,#5984);
#5228=AXIS2_PLACEMENT_3D('',#8114,#5986,#5987);
#5229=AXIS2_PLACEMENT_3D('',#8115,#5988,#5989);
#5230=AXIS2_PLACEMENT_3D('',#8122,#5990,#5991);
#5231=AXIS2_PLACEMENT_3D('',#8129,#5992,#5993);
#5232=AXIS2_PLACEMENT_3D('',#8130,#5994,#5995);
#5233=AXIS2_PLACEMENT_3D('',#8141,#5996,#5997);
#5234=AXIS2_PLACEMENT_3D('',#8152,#5998,#5999);
#5235=AXIS2_PLACEMENT_3D('',#8153,#6000,#6001);
#5236=AXIS2_PLACEMENT_3D('',#8157,#6003,#6004);
#5237=AXIS2_PLACEMENT_3D('',#8158,#6005,#6006);
#5238=AXIS2_PLACEMENT_3D('',#8161,#6008,#6009);
#5239=AXIS2_PLACEMENT_3D('',#8162,#6010,#6011);
#5240=AXIS2_PLACEMENT_3D('',#8164,#6013,#6014);
#5241=AXIS2_PLACEMENT_3D('',#8167,#6016,#6017);
#5242=AXIS2_PLACEMENT_3D('',#8168,#6018,#6019);
#5243=AXIS2_PLACEMENT_3D('',#8174,#6020,#6021);
#5244=AXIS2_PLACEMENT_3D('',#8175,#6022,#6023);
#5245=AXIS2_PLACEMENT_3D('',#8183,#6025,#6026);
#5246=AXIS2_PLACEMENT_3D('',#8189,#6030,#6031);
#5247=AXIS2_PLACEMENT_3D('',#8196,#6033,#6034);
#5248=AXIS2_PLACEMENT_3D('',#8197,#6035,#6036);
#5249=AXIS2_PLACEMENT_3D('',#8203,#6037,#6038);
#5250=AXIS2_PLACEMENT_3D('',#8204,#6039,#6040);
#5251=AXIS2_PLACEMENT_3D('',#8206,#6041,#6042);
#5252=AXIS2_PLACEMENT_3D('',#8212,#6043,#6044);
#5253=AXIS2_PLACEMENT_3D('',#8217,#6047,#6048);
#5254=AXIS2_PLACEMENT_3D('',#8222,#6051,#6052);
#5255=AXIS2_PLACEMENT_3D('',#8241,#6053,#6054);
#5256=AXIS2_PLACEMENT_3D('',#8242,#6055,#6056);
#5257=AXIS2_PLACEMENT_3D('',#8244,#6057,#6058);
#5258=AXIS2_PLACEMENT_3D('',#8246,#6059,#6060);
#5259=AXIS2_PLACEMENT_3D('',#8252,#6064,#6065);
#5260=AXIS2_PLACEMENT_3D('',#8256,#6068,#6069);
#5261=AXIS2_PLACEMENT_3D('',#8265,#6074,#6075);
#5262=AXIS2_PLACEMENT_3D('',#8271,#6079,#6080);
#5263=AXIS2_PLACEMENT_3D('',#8275,#6083,#6084);
#5264=AXIS2_PLACEMENT_3D('',#8290,#6086,#6087);
#5265=AXIS2_PLACEMENT_3D('',#8291,#6088,#6089);
#5266=AXIS2_PLACEMENT_3D('',#8294,#6091,#6092);
#5267=AXIS2_PLACEMENT_3D('',#8295,#6093,#6094);
#5268=AXIS2_PLACEMENT_3D('',#8296,#6095,#6096);
#5269=AXIS2_PLACEMENT_3D('',#8300,#6098,#6099);
#5270=AXIS2_PLACEMENT_3D('',#8301,#6100,#6101);
#5271=AXIS2_PLACEMENT_3D('',#8307,#6102,#6103);
#5272=AXIS2_PLACEMENT_3D('',#8308,#6104,#6105);
#5273=AXIS2_PLACEMENT_3D('',#8311,#6107,#6108);
#5274=AXIS2_PLACEMENT_3D('',#8312,#6109,#6110);
#5275=AXIS2_PLACEMENT_3D('',#8318,#6111,#6112);
#5276=AXIS2_PLACEMENT_3D('',#8320,#6113,#6114);
#5277=AXIS2_PLACEMENT_3D('',#8321,#6115,#6116);
#5278=AXIS2_PLACEMENT_3D('',#8325,#6119,#6120);
#5279=AXIS2_PLACEMENT_3D('',#8326,#6121,#6122);
#5280=AXIS2_PLACEMENT_3D('',#8329,#6124,#6125);
#5281=AXIS2_PLACEMENT_3D('',#8330,#6126,#6127);
#5282=AXIS2_PLACEMENT_3D('',#8335,#6131,#6132);
#5283=AXIS2_PLACEMENT_3D('',#8339,#6135,#6136);
#5284=AXIS2_PLACEMENT_3D('',#8343,#6139,#6140);
#5285=AXIS2_PLACEMENT_3D('',#8346,#6142,#6143);
#5286=AXIS2_PLACEMENT_3D('',#8366,#6146,#6147);
#5287=AXIS2_PLACEMENT_3D('',#8387,#6151,#6152);
#5288=AXIS2_PLACEMENT_3D('',#8392,#6156,#6157);
#5289=AXIS2_PLACEMENT_3D('',#8396,#6160,#6161);
#5290=AXIS2_PLACEMENT_3D('',#8407,#6164,#6165);
#5291=AXIS2_PLACEMENT_3D('',#8408,#6166,#6167);
#5292=AXIS2_PLACEMENT_3D('',#8615,#6168,#6169);
#5293=AXIS2_PLACEMENT_3D('',#8616,#6170,#6171);
#5294=AXIS2_PLACEMENT_3D('',#8682,#6173,#6174);
#5295=AXIS2_PLACEMENT_3D('',#8683,#6175,#6176);
#5296=AXIS2_PLACEMENT_3D('',#8706,#6177,#6178);
#5297=AXIS2_PLACEMENT_3D('',#8771,#6179,#6180);
#5298=AXIS2_PLACEMENT_3D('',#8772,#6181,#6182);
#5299=AXIS2_PLACEMENT_3D('',#8774,#6183,#6184);
#5300=AXIS2_PLACEMENT_3D('',#8777,#6186,#6187);
#5301=AXIS2_PLACEMENT_3D('',#8778,#6188,#6189);
#5302=AXIS2_PLACEMENT_3D('',#8784,#6190,#6191);
#5303=AXIS2_PLACEMENT_3D('',#8785,#6192,#6193);
#5304=AXIS2_PLACEMENT_3D('',#8788,#6195,#6196);
#5305=AXIS2_PLACEMENT_3D('',#8794,#6198,#6199);
#5306=AXIS2_PLACEMENT_3D('',#8902,#6202,#6203);
#5307=AXIS2_PLACEMENT_3D('',#8903,#6204,#6205);
#5308=AXIS2_PLACEMENT_3D('',#8905,#6206,#6207);
#5309=AXIS2_PLACEMENT_3D('',#8911,#6208,#6209);
#5310=AXIS2_PLACEMENT_3D('',#8912,#6210,#6211);
#5311=AXIS2_PLACEMENT_3D('',#8914,#6212,#6213);
#5312=AXIS2_PLACEMENT_3D('',#8916,#6214,#6215);
#5313=AXIS2_PLACEMENT_3D('',#8917,#6216,#6217);
#5314=AXIS2_PLACEMENT_3D('',#8918,#6218,#6219);
#5315=AXIS2_PLACEMENT_3D('',#8986,#6221,#6222);
#5316=AXIS2_PLACEMENT_3D('',#8987,#6223,#6224);
#5317=AXIS2_PLACEMENT_3D('',#8994,#6225,#6226);
#5318=AXIS2_PLACEMENT_3D('',#9001,#6227,#6228);
#5319=AXIS2_PLACEMENT_3D('',#9002,#6229,#6230);
#5320=AXIS2_PLACEMENT_3D('',#9003,#6231,#6232);
#5321=AXIS2_PLACEMENT_3D('',#9024,#6233,#6234);
#5322=AXIS2_PLACEMENT_3D('',#9031,#6238,#6239);
#5323=AXIS2_PLACEMENT_3D('',#9032,#6240,#6241);
#5324=AXIS2_PLACEMENT_3D('',#9051,#6242,#6243);
#5325=AXIS2_PLACEMENT_3D('',#9052,#6244,#6245);
#5326=AXIS2_PLACEMENT_3D('',#9054,#6246,#6247);
#5327=AXIS2_PLACEMENT_3D('',#9057,#6249,#6250);
#5328=AXIS2_PLACEMENT_3D('',#9123,#6251,#6252);
#5329=AXIS2_PLACEMENT_3D('',#9124,#6253,#6254);
#5330=AXIS2_PLACEMENT_3D('',#9131,#6255,#6256);
#5331=AXIS2_PLACEMENT_3D('',#9138,#6257,#6258);
#5332=AXIS2_PLACEMENT_3D('',#9139,#6259,#6260);
#5333=AXIS2_PLACEMENT_3D('',#9140,#6261,#6262);
#5334=AXIS2_PLACEMENT_3D('',#9161,#6263,#6264);
#5335=AXIS2_PLACEMENT_3D('',#9166,#6267,#6268);
#5336=AXIS2_PLACEMENT_3D('',#9167,#6269,#6270);
#5337=AXIS2_PLACEMENT_3D('',#9186,#6271,#6272);
#5338=AXIS2_PLACEMENT_3D('',#9187,#6273,#6274);
#5339=AXIS2_PLACEMENT_3D('',#9189,#6275,#6276);
#5340=AXIS2_PLACEMENT_3D('',#9190,#6277,#6278);
#5341=AXIS2_PLACEMENT_3D('',#9476,#6280,#6281);
#5342=AXIS2_PLACEMENT_3D('',#9477,#6282,#6283);
#5343=AXIS2_PLACEMENT_3D('',#9479,#6284,#6285);
#5344=AXIS2_PLACEMENT_3D('',#9592,#6286,#6287);
#5345=AXIS2_PLACEMENT_3D('',#9609,#6288,#6289);
#5346=AXIS2_PLACEMENT_3D('',#9665,#6290,#6291);
#5347=AXIS2_PLACEMENT_3D('',#9769,#6293,#6294);
#5348=AXIS2_PLACEMENT_3D('',#9831,#6296,#6297);
#5349=AXIS2_PLACEMENT_3D('',#9854,#6298,#6299);
#5350=AXIS2_PLACEMENT_3D('',#9861,#6300,#6301);
#5351=AXIS2_PLACEMENT_3D('',#9863,#6303,#6304);
#5352=AXIS2_PLACEMENT_3D('',#9866,#6306,#6307);
#5353=AXIS2_PLACEMENT_3D('',#9869,#6309,#6310);
#5354=AXIS2_PLACEMENT_3D('',#9872,#6312,#6313);
#5355=AXIS2_PLACEMENT_3D('',#9934,#6315,#6316);
#5356=AXIS2_PLACEMENT_3D('',#9971,#6318,#6319);
#5357=AXIS2_PLACEMENT_3D('',#9974,#6321,#6322);
#5358=AXIS2_PLACEMENT_3D('',#9977,#6324,#6325);
#5359=AXIS2_PLACEMENT_3D('',#9982,#6330,#6331);
#5360=AXIS2_PLACEMENT_3D('',#9984,#6332,#6333);
#5361=AXIS2_PLACEMENT_3D('',#9985,#6334,#6335);
#5362=AXIS2_PLACEMENT_3D('',#9992,#6337,#6338);
#5363=AXIS2_PLACEMENT_3D('',#9993,#6339,#6340);
#5364=AXIS2_PLACEMENT_3D('',#9997,#6342,#6343);
#5365=AXIS2_PLACEMENT_3D('',#10000,#6345,#6346);
#5366=AXIS2_PLACEMENT_3D('',#10004,#6348,#6349);
#5367=AXIS2_PLACEMENT_3D('',#10111,#6350,#6351);
#5368=AXIS2_PLACEMENT_3D('',#10114,#6353,#6354);
#5369=AXIS2_PLACEMENT_3D('',#10117,#6356,#6357);
#5370=AXIS2_PLACEMENT_3D('',#10121,#6360,#6361);
#5371=AXIS2_PLACEMENT_3D('',#10124,#6363,#6364);
#5372=AXIS2_PLACEMENT_3D('',#10126,#6366,#6367);
#5373=AXIS2_PLACEMENT_3D('',#10172,#6370,#6371);
#5374=AXIS2_PLACEMENT_3D('',#10173,#6372,#6373);
#5375=AXIS2_PLACEMENT_3D('',#10227,#6374,#6375);
#5376=AXIS2_PLACEMENT_3D('',#10231,#6378,#6379);
#5377=AXIS2_PLACEMENT_3D('',#10235,#6382,#6383);
#5378=AXIS2_PLACEMENT_3D('',#10239,#6386,#6387);
#5379=AXIS2_PLACEMENT_3D('',#10240,#6388,#6389);
#5380=AXIS2_PLACEMENT_3D('',#10242,#6390,#6391);
#5381=AXIS2_PLACEMENT_3D('',#10248,#6395,#6396);
#5382=AXIS2_PLACEMENT_3D('',#10251,#6398,#6399);
#5383=AXIS2_PLACEMENT_3D('',#10252,#6400,#6401);
#5384=AXIS2_PLACEMENT_3D('',#10256,#6404,#6405);
#5385=AXIS2_PLACEMENT_3D('',#10260,#6408,#6409);
#5386=AXIS2_PLACEMENT_3D('',#10266,#6413,#6414);
#5387=AXIS2_PLACEMENT_3D('',#10272,#6418,#6419);
#5388=AXIS2_PLACEMENT_3D('',#10278,#6420,#6421);
#5389=AXIS2_PLACEMENT_3D('',#10279,#6422,#6423);
#5390=AXIS2_PLACEMENT_3D('',#10280,#6424,#6425);
#5391=AXIS2_PLACEMENT_3D('',#10287,#6428,#6429);
#5392=AXIS2_PLACEMENT_3D('',#10293,#6433,#6434);
#5393=AXIS2_PLACEMENT_3D('',#10301,#6436,#6437);
#5394=AXIS2_PLACEMENT_3D('',#10302,#6438,#6439);
#5395=AXIS2_PLACEMENT_3D('',#10303,#6440,#6441);
#5396=AXIS2_PLACEMENT_3D('',#10306,#6443,#6444);
#5397=AXIS2_PLACEMENT_3D('',#10307,#6445,#6446);
#5398=AXIS2_PLACEMENT_3D('',#10600,#6447,#6448);
#5399=AXIS2_PLACEMENT_3D('',#10609,#6451,#6452);
#5400=AXIS2_PLACEMENT_3D('',#10613,#6455,#6456);
#5401=AXIS2_PLACEMENT_3D('',#10614,#6457,#6458);
#5402=AXIS2_PLACEMENT_3D('',#10617,#6460,#6461);
#5403=AXIS2_PLACEMENT_3D('',#10618,#6462,#6463);
#5404=AXIS2_PLACEMENT_3D('',#10674,#6465,#6466);
#5405=AXIS2_PLACEMENT_3D('',#10675,#6467,#6468);
#5406=AXIS2_PLACEMENT_3D('',#10729,#6469,#6470);
#5407=AXIS2_PLACEMENT_3D('',#10731,#6472,#6473);
#5408=AXIS2_PLACEMENT_3D('',#10735,#6476,#6477);
#5409=AXIS2_PLACEMENT_3D('',#10736,#6478,#6479);
#5410=AXIS2_PLACEMENT_3D('',#10738,#6480,#6481);
#5411=AXIS2_PLACEMENT_3D('',#10741,#6483,#6484);
#5412=AXIS2_PLACEMENT_3D('',#10795,#6485,#6486);
#5413=AXIS2_PLACEMENT_3D('',#10796,#6487,#6488);
#5414=AXIS2_PLACEMENT_3D('',#10850,#6489,#6490);
#5415=AXIS2_PLACEMENT_3D('',#10852,#6492,#6493);
#5416=AXIS2_PLACEMENT_3D('',#10854,#6495,#6496);
#5417=AXIS2_PLACEMENT_3D('',#10855,#6497,#6498);
#5418=AXIS2_PLACEMENT_3D('',#10857,#6499,#6500);
#5419=AXIS2_PLACEMENT_3D('',#10861,#6503,#6504);
#5420=AXIS2_PLACEMENT_3D('',#10862,#6505,#6506);
#5421=AXIS2_PLACEMENT_3D('',#10865,#6508,#6509);
#5422=AXIS2_PLACEMENT_3D('',#10877,#6511,#6512);
#5423=AXIS2_PLACEMENT_3D('',#10930,#6515,#6516);
#5424=AXIS2_PLACEMENT_3D('',#10972,#6520,#6521);
#5425=AXIS2_PLACEMENT_3D('',#10974,#6523,#6524);
#5426=AXIS2_PLACEMENT_3D('',#10975,#6525,#6526);
#5427=AXIS2_PLACEMENT_3D('',#10977,#6527,#6528);
#5428=AXIS2_PLACEMENT_3D('',#11003,#6529,#6530);
#5429=AXIS2_PLACEMENT_3D('',#11018,#6532,#6533);
#5430=AXIS2_PLACEMENT_3D('',#11020,#6535,#6536);
#5431=AXIS2_PLACEMENT_3D('',#11021,#6537,#6538);
#5432=AXIS2_PLACEMENT_3D('',#11023,#6539,#6540);
#5433=AXIS2_PLACEMENT_3D('',#11026,#6542,#6543);
#5434=AXIS2_PLACEMENT_3D('',#11032,#6547,#6548);
#5435=AXIS2_PLACEMENT_3D('',#11033,#6549,#6550);
#5436=AXIS2_PLACEMENT_3D('',#11036,#6552,#6553);
#5437=AXIS2_PLACEMENT_3D('',#11040,#6556,#6557);
#5438=AXIS2_PLACEMENT_3D('',#11045,#6560,#6561);
#5439=AXIS2_PLACEMENT_3D('',#11046,#6562,#6563);
#5440=AXIS2_PLACEMENT_3D('',#11048,#6565,#6566);
#5441=AXIS2_PLACEMENT_3D('',#11050,#6568,#6569);
#5442=AXIS2_PLACEMENT_3D('',#11056,#6573,#6574);
#5443=AXIS2_PLACEMENT_3D('',#11059,#6576,#6577);
#5444=AXIS2_PLACEMENT_3D('',#11060,#6578,#6579);
#5445=AXIS2_PLACEMENT_3D('',#11064,#6582,#6583);
#5446=AXIS2_PLACEMENT_3D('',#11067,#6585,#6586);
#5447=AXIS2_PLACEMENT_3D('',#11068,#6587,#6588);
#5448=AXIS2_PLACEMENT_3D('',#11071,#6590,#6591);
#5449=AXIS2_PLACEMENT_3D('',#11072,#6592,#6593);
#5450=AXIS2_PLACEMENT_3D('',#11076,#6596,#6597);
#5451=AXIS2_PLACEMENT_3D('',#11078,#6599,#6600);
#5452=AXIS2_PLACEMENT_3D('',#11087,#6601,#6602);
#5453=AXIS2_PLACEMENT_3D('',#11095,#6604,#6605);
#5454=AXIS2_PLACEMENT_3D('',#11142,#6608,#6609);
#5455=AXIS2_PLACEMENT_3D('',#11196,#6613,#6614);
#5456=AXIS2_PLACEMENT_3D('',#11202,#6618,#6619);
#5457=AXIS2_PLACEMENT_3D('',#11203,#6620,#6621);
#5458=AXIS2_PLACEMENT_3D('',#11204,#6622,#6623);
#5459=AXIS2_PLACEMENT_3D('',#11205,#6624,#6625);
#5460=AXIS2_PLACEMENT_3D('',#11208,#6627,#6628);
#5461=AXIS2_PLACEMENT_3D('',#11212,#6631,#6632);
#5462=AXIS2_PLACEMENT_3D('',#11213,#6633,#6634);
#5463=AXIS2_PLACEMENT_3D('',#11216,#6636,#6637);
#5464=AXIS2_PLACEMENT_3D('',#11240,#6640,#6641);
#5465=AXIS2_PLACEMENT_3D('',#11242,#6643,#6644);
#5466=AXIS2_PLACEMENT_3D('',#11245,#6646,#6647);
#5467=AXIS2_PLACEMENT_3D('',#11246,#6648,#6649);
#5468=AXIS2_PLACEMENT_3D('',#11247,#6650,#6651);
#5469=AXIS2_PLACEMENT_3D('',#11251,#6654,#6655);
#5470=AXIS2_PLACEMENT_3D('',#11253,#6657,#6658);
#5471=AXIS2_PLACEMENT_3D('',#11257,#6661,#6662);
#5472=AXIS2_PLACEMENT_3D('',#11259,#6664,#6665);
#5473=AXIS2_PLACEMENT_3D('',#11260,#6666,#6667);
#5474=AXIS2_PLACEMENT_3D('',#11261,#6668,#6669);
#5475=AXIS2_PLACEMENT_3D('',#11262,#6670,#6671);
#5476=AXIS2_PLACEMENT_3D('',#11263,#6672,#6673);
#5477=AXIS2_PLACEMENT_3D('',#11264,#6674,#6675);
#5478=AXIS2_PLACEMENT_3D('',#11269,#6676,#6677);
#5479=AXIS2_PLACEMENT_3D('',#11411,#6679,#6680);
#5480=AXIS2_PLACEMENT_3D('',#11414,#6683,#6684);
#5481=AXIS2_PLACEMENT_3D('',#11508,#6687,#6688);
#5482=AXIS2_PLACEMENT_3D('',#11510,#6690,#6691);
#5483=AXIS2_PLACEMENT_3D('',#11580,#6697,#6698);
#5484=DIRECTION('',(0.,0.,1.));
#5485=DIRECTION('',(1.,0.,0.));
#5486=DIRECTION('',(1.33460815528181E-19,2.29499903692056E-17,-1.));
#5487=DIRECTION('',(0.,1.,2.29499903692056E-17));
#5488=DIRECTION('',(-0.500000000003037,-0.499999999996964,0.707106781186547));
#5489=DIRECTION('',(1.33460815528181E-19,2.29499903692056E-17,-1.));
#5490=DIRECTION('',(0.,1.,2.29499903692056E-17));
#5491=DIRECTION('',(1.33460815528181E-19,2.29499903692056E-17,-1.));
#5492=DIRECTION('',(0.,1.,2.29499903692056E-17));
#5493=DIRECTION('',(0.,0.,1.));
#5494=DIRECTION('',(0.,-1.,0.));
#5495=DIRECTION('',(0.,0.,1.));
#5496=DIRECTION('',(0.,0.,1.));
#5497=DIRECTION('',(0.,-1.,0.));
#5498=DIRECTION('',(0.,0.,1.));
#5499=DIRECTION('',(0.707106781186547,-4.04316742884719E-13,0.707106781186548));
#5500=DIRECTION('',(-0.707106781186548,0.,0.707106781186547));
#5501=DIRECTION('',(0.,0.,1.));
#5502=DIRECTION('',(0.,-1.,0.));
#5503=DIRECTION('',(-1.,0.,0.));
#5504=DIRECTION('',(1.,0.,0.));
#5505=DIRECTION('',(1.,0.,0.));
#5506=DIRECTION('',(0.,-1.,0.));
#5507=DIRECTION('',(1.,0.,0.));
#5508=DIRECTION('',(1.,0.,0.));
#5509=DIRECTION('',(1.,0.,0.));
#5510=DIRECTION('',(0.,0.,-1.));
#5511=DIRECTION('',(0.,1.,0.));
#5512=DIRECTION('',(0.,1.,0.));
#5513=DIRECTION('',(-1.,0.,0.));
#5514=DIRECTION('',(0.,0.,-1.));
#5515=DIRECTION('',(0.,0.,1.));
#5516=DIRECTION('',(-0.5,-0.5,-0.707106781186547));
#5517=DIRECTION('',(0.,0.816496580927726,-0.577350269189626));
#5518=DIRECTION('',(-0.707106781185267,0.707106781187828,0.));
#5519=DIRECTION('',(-0.5,-0.5,0.707106781186547));
#5520=DIRECTION('',(-0.707106781185958,0.707106781187137,-8.33736322045622E-13));
#5521=DIRECTION('',(-0.50529478478817,-0.494677030638848,0.707086851683872));
#5522=DIRECTION('',(0.,0.,-1.));
#5523=DIRECTION('',(0.,1.,0.));
#5524=DIRECTION('',(0.,0.,-1.));
#5525=DIRECTION('',(0.,1.,0.));
#5526=DIRECTION('',(-0.707104938968823,0.00228266769265332,0.707104938968822));
#5527=DIRECTION('',(0.,0.,-1.));
#5528=DIRECTION('',(0.,1.,0.));
#5529=DIRECTION('',(-0.707106781186547,4.06936795030478E-13,-0.707106781186548));
#5530=DIRECTION('',(0.707106781186548,0.,-0.707106781186547));
#5531=DIRECTION('',(0.,1.,0.));
#5532=DIRECTION('',(0.707106781186548,0.,-0.707106781186547));
#5533=DIRECTION('',(-2.87747767280371E-13,-1.,-2.87747767280372E-13));
#5534=DIRECTION('',(0.,0.,-1.));
#5535=DIRECTION('',(0.,1.,0.));
#5536=DIRECTION('',(0.,0.,-1.));
#5537=DIRECTION('',(0.,1.,0.));
#5538=DIRECTION('',(-0.500000000001282,0.50000000000127,0.707106781184743));
#5539=DIRECTION('',(0.,0.,-1.));
#5540=DIRECTION('',(0.,1.,0.));
#5541=DIRECTION('',(-0.5,0.5,-0.707106781186547));
#5542=DIRECTION('',(0.816496580927726,0.,-0.577350269189626));
#5543=DIRECTION('',(0.707106781188362,0.707106781184733,0.));
#5544=DIRECTION('',(-0.5,0.5,0.707106781186548));
#5545=DIRECTION('',(0.707106781187383,0.707106781185712,-1.18192791507261E-12));
#5546=DIRECTION('',(0.,-1.,0.));
#5547=DIRECTION('',(1.,0.,0.));
#5548=DIRECTION('',(0.,-1.,0.));
#5549=DIRECTION('',(1.,0.,0.));
#5550=DIRECTION('',(0.,-1.,0.));
#5551=DIRECTION('',(1.,0.,0.));
#5552=DIRECTION('',(0.,-1.,0.));
#5553=DIRECTION('',(1.,0.,0.));
#5554=DIRECTION('',(0.,-1.,0.));
#5555=DIRECTION('',(1.,0.,0.));
#5556=DIRECTION('',(0.,-1.,0.));
#5557=DIRECTION('',(1.,0.,0.));
#5558=DIRECTION('',(1.,0.,0.));
#5559=DIRECTION('',(0.,1.,0.));
#5560=DIRECTION('',(1.,0.,0.));
#5561=DIRECTION('',(0.,1.,0.));
#5562=DIRECTION('',(-1.,0.,0.));
#5563=DIRECTION('',(1.,0.,0.));
#5564=DIRECTION('',(0.,1.,0.));
#5565=DIRECTION('',(1.,0.,0.));
#5566=DIRECTION('',(0.,-0.707106781132107,0.707106781240988));
#5567=DIRECTION('',(0.,-0.707106781240988,-0.707106781132107));
#5568=DIRECTION('',(0.,-0.707106781132107,0.707106781240988));
#5569=DIRECTION('',(0.,-0.707106781132108,0.707106781240987));
#5570=DIRECTION('',(0.,-0.707106781132107,0.707106781240988));
#5571=DIRECTION('',(0.,-0.707106781240988,-0.707106781132107));
#5572=DIRECTION('',(-1.,0.,0.));
#5573=DIRECTION('',(0.,-1.,0.));
#5574=DIRECTION('',(-1.,3.71968495394109E-33,-3.71968495451385E-33));
#5575=DIRECTION('',(3.71968495451385E-33,0.,-1.));
#5576=DIRECTION('',(0.,0.382683432329519,-0.923879532526021));
#5577=DIRECTION('',(0.,0.923879532526021,0.382683432329519));
#5578=DIRECTION('',(0.,0.382683432329522,-0.923879532526019));
#5579=DIRECTION('',(0.,0.923879532526019,0.382683432329522));
#5580=DIRECTION('',(0.,0.382683432329522,-0.923879532526019));
#5581=DIRECTION('',(0.,-0.382683432329526,0.923879532526018));
#5582=DIRECTION('',(0.,0.980785280406986,0.195090321997249));
#5583=DIRECTION('',(0.,-0.195090321997249,0.980785280406986));
#5584=DIRECTION('',(1.,0.,0.));
#5585=DIRECTION('',(0.,1.,0.));
#5586=DIRECTION('',(1.,0.,0.));
#5587=DIRECTION('',(0.,1.,0.));
#5588=DIRECTION('',(0.707106781186548,0.,0.707106781186548));
#5589=DIRECTION('',(-0.707106781186548,0.,0.707106781186548));
#5590=DIRECTION('',(0.,1.,-4.52030820050901E-11));
#5591=DIRECTION('',(0.,4.52030820050901E-11,1.));
#5592=DIRECTION('',(0.,0.70710678117092,-0.707106781202175));
#5593=DIRECTION('',(0.,0.707106781202175,0.70710678117092));
#5594=DIRECTION('',(0.,1.,0.));
#5595=DIRECTION('',(0.,0.923879532502008,-0.38268343238749));
#5596=DIRECTION('',(0.,0.38268343238749,0.923879532502008));
#5597=DIRECTION('',(0.,1.,-4.52030820050901E-11));
#5598=DIRECTION('',(0.,0.707106781184222,-0.707106781188873));
#5599=DIRECTION('',(0.,0.707106781188873,0.707106781184222));
#5600=DIRECTION('',(0.,1.,-9.74373501121416E-12));
#5601=DIRECTION('',(0.,-9.74373501121416E-12,-1.));
#5602=DIRECTION('',(0.,0.707106781184222,-0.707106781188873));
#5603=DIRECTION('',(0.,0.707106781184222,-0.707106781188873));
#5604=DIRECTION('',(1.,0.,0.));
#5605=DIRECTION('',(0.,1.,0.));
#5606=DIRECTION('',(-1.,0.,0.));
#5607=DIRECTION('',(1.,0.,0.));
#5608=DIRECTION('',(0.,1.,0.));
#5609=DIRECTION('',(1.,0.,0.));
#5610=DIRECTION('',(0.707106781186548,0.,0.707106781186548));
#5611=DIRECTION('',(-0.707106781186548,0.,0.707106781186548));
#5612=DIRECTION('',(-1.,0.,0.));
#5613=DIRECTION('',(-1.,0.,0.));
#5614=DIRECTION('',(0.,-1.,0.));
#5615=DIRECTION('',(0.,-0.0510667246530857,0.998695243622));
#5616=DIRECTION('',(0.,-0.998695243622,-0.0510667246530857));
#5617=DIRECTION('',(0.,-0.0510667246531895,-0.998695243621995));
#5618=DIRECTION('',(0.,0.998695243621995,-0.0510667246531895));
#5619=DIRECTION('',(-1.,0.,0.));
#5620=DIRECTION('',(0.,-1.,0.));
#5621=DIRECTION('',(0.,0.,-1.));
#5622=DIRECTION('',(0.,1.,0.));
#5623=DIRECTION('',(0.,0.,-1.));
#5624=DIRECTION('',(0.,1.,0.));
#5625=DIRECTION('',(1.,-6.43157015805983E-13,6.43157015805981E-13));
#5626=DIRECTION('',(0.5,-0.5,0.707106781186547));
#5627=DIRECTION('',(0.,-0.816496580927726,-0.577350269189626));
#5628=DIRECTION('',(0.5,-0.5,0.707106781186547));
#5629=DIRECTION('',(0.5,-0.5,-0.707106781186548));
#5630=DIRECTION('',(-0.707106781186548,-0.707106781186548,0.));
#5631=DIRECTION('',(0.5,-0.5,0.707106781186547));
#5632=DIRECTION('',(0.5,-0.5,-0.707106781186548));
#5633=DIRECTION('',(0.707106781186548,0.707106781186548,-4.84991214129595E-17));
#5634=DIRECTION('',(0.,0.,-1.));
#5635=DIRECTION('',(0.,1.,0.));
#5636=DIRECTION('',(0.,0.,-1.));
#5637=DIRECTION('',(0.,1.,0.));
#5638=DIRECTION('',(0.,0.,-1.));
#5639=DIRECTION('',(0.,1.,0.));
#5640=DIRECTION('',(0.,0.,1.));
#5641=DIRECTION('',(0.,-1.,0.));
#5642=DIRECTION('',(-0.707106781186575,-0.70710678118652,0.));
#5643=DIRECTION('',(0.,0.,-1.));
#5644=DIRECTION('',(0.,1.,0.));
#5645=DIRECTION('',(0.,1.,0.));
#5646=DIRECTION('',(1.,0.,0.));
#5647=DIRECTION('',(0.,1.,0.));
#5648=DIRECTION('',(0.,0.,1.));
#5649=DIRECTION('',(0.,-0.816496580927714,0.577350269189643));
#5650=DIRECTION('',(0.,1.,0.));
#5651=DIRECTION('',(0.,0.,1.));
#5652=DIRECTION('',(0.,1.,0.));
#5653=DIRECTION('',(0.,0.707106781187545,-0.70710678118555));
#5654=DIRECTION('',(0.,0.707106781240988,0.707106781132107));
#5655=DIRECTION('',(0.,-0.707106781132107,0.707106781240988));
#5656=DIRECTION('',(0.,0.707106781132107,-0.707106781240988));
#5657=DIRECTION('',(-1.,0.,0.));
#5658=DIRECTION('',(1.,0.,0.));
#5659=DIRECTION('',(0.209901886357884,-0.543193491910642,-0.812946510201824));
#5660=DIRECTION('',(-0.968271975219706,-0.00016171992665109,-0.249898691174633));
#5661=DIRECTION('',(-2.01307899081331E-33,-0.923879532526019,-0.382683432329522));
#5662=DIRECTION('',(0.,0.382683432329522,-0.923879532526019));
#5663=DIRECTION('',(1.,-1.85984247697055E-33,-7.70371977754889E-34));
#5664=DIRECTION('',(1.,-1.85984247697055E-33,-7.70371977754889E-34));
#5665=DIRECTION('',(0.,-0.382683432329522,0.923879532526019));
#5666=DIRECTION('',(0.577350269189613,0.577350269189652,0.577350269189613));
#5667=DIRECTION('',(0.,-0.707106781186524,0.707106781186571));
#5668=DIRECTION('',(0.,0.,-1.));
#5669=DIRECTION('',(0.,1.,0.));
#5670=DIRECTION('',(0.,1.,0.));
#5671=DIRECTION('',(0.,0.,1.));
#5672=DIRECTION('',(1.,0.,0.));
#5673=DIRECTION('',(0.,1.,0.));
#5674=DIRECTION('',(9.09561374488228E-13,0.707106781186549,0.707106781186546));
#5675=DIRECTION('',(0.,-0.707106781186546,0.707106781186549));
#5676=DIRECTION('',(0.,-0.707106781186546,0.707106781186549));
#5677=DIRECTION('',(1.,0.,0.));
#5678=DIRECTION('',(-5.08425558076665E-5,-0.707106780272624,0.707106780272625));
#5679=DIRECTION('',(1.,-6.43157015805984E-13,-6.43157015805981E-13));
#5680=DIRECTION('',(-9.09561374488226E-13,-0.707106781186548,0.707106781186548));
#5681=DIRECTION('',(0.,-0.707106781186548,-0.707106781186548));
#5682=DIRECTION('',(1.,-6.43157015805981E-13,6.43157015805981E-13));
#5683=DIRECTION('',(0.,-0.707106781186548,-0.707106781186548));
#5684=DIRECTION('',(1.,-6.43157015805981E-13,6.43157015805981E-13));
#5685=DIRECTION('',(5.08425558081355E-5,0.707106780272624,0.707106780272624));
#5686=DIRECTION('',(0.,0.,1.));
#5687=DIRECTION('',(0.,-1.,0.));
#5688=DIRECTION('',(0.,0.,1.));
#5689=DIRECTION('',(-2.98757931975336E-15,-1.,4.81867632218283E-17));
#5690=DIRECTION('',(-0.500000000006973,0.499999999995579,-0.707106781184743));
#5691=DIRECTION('',(0.,0.,1.));
#5692=DIRECTION('',(0.,-1.,0.));
#5693=DIRECTION('',(-0.5,0.5,0.707106781186547));
#5694=DIRECTION('',(0.,-0.816496580927726,0.577350269189626));
#5695=DIRECTION('',(-0.500000000000977,0.499999999999023,-0.707106781186548));
#5696=DIRECTION('',(-0.707106781187517,-0.707106781185578,0.));
#5697=DIRECTION('',(0.707106781186547,0.707106781186549,-1.52613302149001E-15));
#5698=DIRECTION('',(0.,0.,1.));
#5699=DIRECTION('',(0.,-1.,0.));
#5700=DIRECTION('',(0.,0.,1.));
#5701=DIRECTION('',(0.707106781187847,-0.707106781185248,9.63735264433989E-17));
#5702=DIRECTION('',(-0.707106781188352,3.05466762995365E-12,-0.707106781184743));
#5703=DIRECTION('',(0.,0.,1.));
#5704=DIRECTION('',(0.,-1.,0.));
#5705=DIRECTION('',(-0.707106781186548,4.04316742884719E-13,0.707106781186547));
#5706=DIRECTION('',(-0.707106781186547,0.,-0.707106781186548));
#5707=DIRECTION('',(-2.85895110641043E-13,-1.,2.85895110641043E-13));
#5708=DIRECTION('',(0.,1.,0.));
#5709=DIRECTION('',(0.,0.,1.));
#5710=DIRECTION('',(0.,-1.,0.));
#5711=DIRECTION('',(0.,0.,1.));
#5712=DIRECTION('',(0.999983091638563,-0.00581519019300102,4.84655524071819E-17));
#5713=DIRECTION('',(-0.500000000005127,-0.499999999997423,-0.707106781184745));
#5714=DIRECTION('',(0.,0.,-1.));
#5715=DIRECTION('',(0.,1.,0.));
#5716=DIRECTION('',(-0.5,-0.5,0.707106781186547));
#5717=DIRECTION('',(0.,-0.816496580927726,-0.577350269189626));
#5718=DIRECTION('',(-0.707106781186547,0.707106781186549,1.4652830498796E-15));
#5719=DIRECTION('',(0.707106781186548,-0.707106781186547,0.));
#5720=DIRECTION('',(0.,0.,-1.));
#5721=DIRECTION('',(0.,1.,0.));
#5722=DIRECTION('',(0.,0.,-1.));
#5723=DIRECTION('',(0.720482938712544,0.693472663501696,-4.90677520178185E-17));
#5724=DIRECTION('',(0.5,0.5,0.707106781186548));
#5725=DIRECTION('',(0.,-0.816496580927726,0.577350269189625));
#5726=DIRECTION('',(-0.707106781187012,0.707106781186083,6.56947146905428E-13));
#5727=DIRECTION('',(0.500000000003102,0.499999999996899,-0.707106781186547));
#5728=DIRECTION('',(0.707106781185565,-0.707106781187531,0.));
#5729=DIRECTION('',(-1.,3.71968495394109E-33,-3.71968495451385E-33));
#5730=DIRECTION('',(3.71968495451385E-33,0.,-1.));
#5731=DIRECTION('',(-1.,3.71968495394109E-33,-3.71968495451385E-33));
#5732=DIRECTION('',(3.71968495451385E-33,0.,-1.));
#5733=DIRECTION('',(-1.28631403161196E-12,-1.,0.));
#5734=DIRECTION('',(1.,-1.28631403161196E-12,0.));
#5735=DIRECTION('',(0.,0.,1.));
#5736=DIRECTION('',(0.,0.,1.));
#5737=DIRECTION('',(0.,0.,-1.));
#5738=DIRECTION('',(0.,1.,0.));
#5739=DIRECTION('',(0.,0.,-1.));
#5740=DIRECTION('',(-2.98757931974014E-15,-1.,9.63735264432302E-17));
#5741=DIRECTION('',(0.,0.,-1.));
#5742=DIRECTION('',(0.,1.,0.));
#5743=DIRECTION('',(-0.500000000006024,0.499999999996528,0.707106781184743));
#5744=DIRECTION('',(0.5,-0.5,0.707106781186548));
#5745=DIRECTION('',(0.,-0.816496580927726,-0.577350269189625));
#5746=DIRECTION('',(0.70710678118755,0.707106781185546,-1.41699676472066E-12));
#5747=DIRECTION('',(-0.707106781184581,-0.707106781188514,0.));
#5748=DIRECTION('',(-0.5,0.5,0.707106781186547));
#5749=DIRECTION('',(0.,0.,-1.));
#5750=DIRECTION('',(0.,1.,0.));
#5751=DIRECTION('',(0.,0.,-1.));
#5752=DIRECTION('',(0.707106781187847,-0.707106781185248,4.81867632218395E-17));
#5753=DIRECTION('',(0.,0.,-1.));
#5754=DIRECTION('',(0.,1.,0.));
#5755=DIRECTION('',(-0.707106781188352,2.61257682154792E-12,0.707106781184743));
#5756=DIRECTION('',(0.707106781186547,-4.04316742884719E-13,0.707106781186548));
#5757=DIRECTION('',(-0.707106781186548,0.,0.707106781186547));
#5758=DIRECTION('',(-2.85895110641043E-13,-1.,-2.85895110641043E-13));
#5759=DIRECTION('',(0.,1.,0.));
#5760=DIRECTION('',(0.,0.,-1.));
#5761=DIRECTION('',(0.,1.,0.));
#5762=DIRECTION('',(0.,0.,-1.));
#5763=DIRECTION('',(0.999983091638563,-0.00581519019300104,4.84655524071861E-17));
#5764=DIRECTION('',(0.,0.,-1.));
#5765=DIRECTION('',(0.,1.,0.));
#5766=DIRECTION('',(0.,0.,1.));
#5767=DIRECTION('',(0.,-1.,0.));
#5768=DIRECTION('',(0.,0.,1.));
#5769=DIRECTION('',(0.707106781186548,-0.707106781186548,0.));
#5770=DIRECTION('',(0.707106781186548,0.707106781186548,0.));
#5771=DIRECTION('',(0.,0.,1.));
#5772=DIRECTION('',(0.,0.,1.));
#5773=DIRECTION('',(0.,-1.,0.));
#5774=DIRECTION('',(0.,0.,1.));
#5775=DIRECTION('',(1.,-5.71790221282085E-13,0.));
#5776=DIRECTION('',(5.71790221282085E-13,1.,0.));
#5777=DIRECTION('',(0.,0.,1.));
#5778=DIRECTION('',(0.,0.,1.));
#5779=DIRECTION('',(0.,-1.,0.));
#5780=DIRECTION('',(0.,0.,1.));
#5781=DIRECTION('',(0.707106781186548,0.707106781186548,0.));
#5782=DIRECTION('',(-0.707106781186548,0.707106781186548,0.));
#5783=DIRECTION('',(0.,0.,1.));
#5784=DIRECTION('',(0.,0.,1.));
#5785=DIRECTION('',(0.,-1.,0.));
#5786=DIRECTION('',(0.,0.,1.));
#5787=DIRECTION('',(0.720482938712544,0.693472663501696,4.90677520178604E-17));
#5788=DIRECTION('',(-0.707106781186548,-0.707106781186548,0.));
#5789=DIRECTION('',(0.707106781186548,-0.707106781186548,0.));
#5790=DIRECTION('',(-0.707106781186548,-0.707106781186548,0.));
#5791=DIRECTION('',(0.707106781186548,-0.707106781186548,0.));
#5792=DIRECTION('',(-0.5,-0.5,-0.707106781186547));
#5793=DIRECTION('',(0.,0.816496580927726,-0.577350269189626));
#5794=DIRECTION('',(-0.707106781186565,0.70710678118653,1.79538699047431E-14));
#5795=DIRECTION('',(-0.707106781170748,0.707106781202347,-2.2352568032156E-11));
#5796=DIRECTION('',(-0.707106781186548,0.707106781186548,0.));
#5797=DIRECTION('',(-0.707106781186548,-0.707106781186548,0.));
#5798=DIRECTION('',(-0.707106781186548,0.707106781186548,0.));
#5799=DIRECTION('',(-0.707106781186548,-0.707106781186548,0.));
#5800=DIRECTION('',(-1.,5.71811116974648E-13,0.));
#5801=DIRECTION('',(-5.71811116974648E-13,-1.,0.));
#5802=DIRECTION('',(-1.,5.71811116974648E-13,0.));
#5803=DIRECTION('',(-5.71811116974648E-13,-1.,0.));
#5804=DIRECTION('',(0.707106781186548,0.707106781186548,0.));
#5805=DIRECTION('',(-0.707106781186548,0.707106781186548,0.));
#5806=DIRECTION('',(0.707106781186547,0.707106781186548,0.));
#5807=DIRECTION('',(-0.707106781186548,0.707106781186547,0.));
#5808=DIRECTION('',(0.,-1.,0.));
#5809=DIRECTION('',(1.,0.,0.));
#5810=DIRECTION('',(0.,0.,-1.));
#5811=DIRECTION('',(0.,0.,1.));
#5812=DIRECTION('',(-0.707106781186547,4.06936795030478E-13,-0.707106781186548));
#5813=DIRECTION('',(0.707106781186548,0.,-0.707106781186547));
#5814=DIRECTION('',(-5.71790221282085E-13,-1.,0.));
#5815=DIRECTION('',(-5.71790221282085E-13,-1.,0.));
#5816=DIRECTION('',(-1.,5.71790221282085E-13,0.));
#5817=DIRECTION('',(-5.71790221282085E-13,-1.,0.));
#5818=DIRECTION('',(1.,-5.71963111775815E-13,0.));
#5819=DIRECTION('',(5.71963111775815E-13,1.,0.));
#5820=DIRECTION('',(-1.,5.71811116974648E-13,0.));
#5821=DIRECTION('',(-5.71811116974648E-13,-1.,0.));
#5822=DIRECTION('',(-1.,5.71811116974648E-13,0.));
#5823=DIRECTION('',(-5.71811116974648E-13,-1.,0.));
#5824=DIRECTION('',(0.,0.,-1.));
#5825=DIRECTION('',(0.,1.,0.));
#5826=DIRECTION('',(0.,0.,-1.));
#5827=DIRECTION('',(0.,1.,0.));
#5828=DIRECTION('',(1.,0.,0.));
#5829=DIRECTION('',(0.,1.,0.));
#5830=DIRECTION('',(1.,0.,0.));
#5831=DIRECTION('',(0.,1.,0.));
#5832=DIRECTION('',(-0.5,0.5,-0.707106781186547));
#5833=DIRECTION('',(0.816496580927726,0.,-0.577350269189626));
#5834=DIRECTION('',(-0.707106781186547,-0.707106781186548,0.));
#5835=DIRECTION('',(-0.707106781186547,-0.707106781186548,0.));
#5836=DIRECTION('',(-0.707106781186548,0.707106781186547,0.));
#5837=DIRECTION('',(-0.707106781186547,-0.707106781186548,0.));
#5838=DIRECTION('',(0.707106781186549,-0.707106781186546,3.50467066668473E-16));
#5839=DIRECTION('',(0.707106781186546,0.707106781186549,0.));
#5840=DIRECTION('',(0.,0.,-1.));
#5841=DIRECTION('',(0.,1.,0.));
#5842=DIRECTION('',(0.,0.,1.));
#5843=DIRECTION('',(0.,-1.,0.));
#5844=DIRECTION('',(-0.707106781186548,0.707106781186548,0.));
#5845=DIRECTION('',(7.19022316981848E-5,0.999999997415035,0.));
#5846=DIRECTION('',(-1.,1.28634494937306E-12,0.));
#5847=DIRECTION('',(0.,0.,1.));
#5848=DIRECTION('',(0.,-1.,0.));
#5849=DIRECTION('',(0.707106781186548,0.707106781186548,0.));
#5850=DIRECTION('',(0.,0.,1.));
#5851=DIRECTION('',(0.,-1.,0.));
#5852=DIRECTION('',(0.,1.,0.));
#5853=DIRECTION('',(0.707106781186548,-0.707106781186548,0.));
#5854=DIRECTION('',(0.707106781186548,0.707106781186548,0.));
#5855=DIRECTION('',(0.,0.,1.));
#5856=DIRECTION('',(0.707106781186548,0.707106781186548,0.));
#5857=DIRECTION('',(0.,0.,1.));
#5858=DIRECTION('',(-0.707106781186548,-0.707106781186548,0.));
#5859=DIRECTION('',(0.,0.,1.));
#5860=DIRECTION('',(0.,0.,1.));
#5861=DIRECTION('',(-0.707106781186548,0.707106781186548,0.));
#5862=DIRECTION('',(-0.707106781186548,-0.707106781186548,0.));
#5863=DIRECTION('',(-0.707106781186548,0.707106781186548,0.));
#5864=DIRECTION('',(-0.707106781186548,-0.707106781186548,0.));
#5865=DIRECTION('',(0.,0.,1.));
#5866=DIRECTION('',(0.,-1.,0.));
#5867=DIRECTION('',(0.,0.,1.));
#5868=DIRECTION('',(0.,0.,1.));
#5869=DIRECTION('',(0.,-1.,0.));
#5870=DIRECTION('',(1.,0.,0.));
#5871=DIRECTION('',(0.,0.,-1.));
#5872=DIRECTION('',(0.,-1.,-8.02352283889393E-16));
#5873=DIRECTION('',(0.,8.02352283889393E-16,-1.));
#5874=DIRECTION('',(1.,-5.71790550292109E-13,0.));
#5875=DIRECTION('',(5.71790550292109E-13,1.,0.));
#5876=DIRECTION('',(1.,0.,0.));
#5877=DIRECTION('',(0.,0.,-1.));
#5878=DIRECTION('',(0.,-1.,-8.02352283889393E-16));
#5879=DIRECTION('',(0.,8.02352283889393E-16,-1.));
#5880=DIRECTION('',(1.,0.,0.));
#5881=DIRECTION('',(0.,1.,0.));
#5882=DIRECTION('',(0.,0.,1.));
#5883=DIRECTION('',(0.,1.,0.));
#5884=DIRECTION('',(0.,1.,0.));
#5885=DIRECTION('',(0.,0.,1.));
#5886=DIRECTION('',(0.,0.813767131110602,0.581191066968532));
#5887=DIRECTION('',(0.,-0.581191066968532,0.813767131110602));
#5888=DIRECTION('',(0.,-0.581191066968532,0.813767131110602));
#5889=DIRECTION('',(1.,0.,0.));
#5890=DIRECTION('',(0.,0.581191066968532,-0.813767131110602));
#5891=DIRECTION('',(1.,-5.71790221282085E-13,0.));
#5892=DIRECTION('',(5.71790221282085E-13,1.,0.));
#5893=DIRECTION('',(0.,0.,-1.));
#5894=DIRECTION('',(5.71790221282085E-13,1.,0.));
#5895=DIRECTION('',(2.56965517494505E-16,-1.,0.));
#5896=DIRECTION('',(1.,2.56965517494505E-16,0.));
#5897=DIRECTION('',(1.,0.,0.));
#5898=DIRECTION('',(0.,0.,1.));
#5899=DIRECTION('',(0.,0.,1.));
#5900=DIRECTION('',(0.,1.,0.));
#5901=DIRECTION('',(-1.,0.,0.));
#5902=DIRECTION('',(1.,0.,0.));
#5903=DIRECTION('',(0.,0.,1.));
#5904=DIRECTION('',(0.,0.,1.));
#5905=DIRECTION('',(0.,1.00189627672537E-12,-1.));
#5906=DIRECTION('',(0.,1.,1.00189627672537E-12));
#5907=DIRECTION('',(0.,1.00189627672537E-12,-1.));
#5908=DIRECTION('',(0.,1.,1.00189627672537E-12));
#5909=DIRECTION('',(0.,0.,1.));
#5910=DIRECTION('',(0.,1.00189627672537E-12,-1.));
#5911=DIRECTION('',(0.,0.,1.));
#5912=DIRECTION('',(0.,-1.,0.));
#5913=DIRECTION('',(0.,0.,1.));
#5914=DIRECTION('',(0.,-1.,0.));
#5915=DIRECTION('',(0.,0.,1.));
#5916=DIRECTION('',(0.,0.,1.));
#5917=DIRECTION('',(0.,1.,0.));
#5918=DIRECTION('',(-1.,0.,0.));
#5919=DIRECTION('',(1.,0.,0.));
#5920=DIRECTION('',(0.,0.,1.));
#5921=DIRECTION('',(0.,1.,0.));
#5922=DIRECTION('',(-1.,0.,0.));
#5923=DIRECTION('',(0.,0.,-1.));
#5924=DIRECTION('',(1.,0.,0.));
#5925=DIRECTION('',(0.,0.,1.));
#5926=DIRECTION('',(0.,0.,1.));
#5927=DIRECTION('',(0.,-1.,0.));
#5928=DIRECTION('',(0.,0.,1.));
#5929=DIRECTION('',(0.,-1.,0.));
#5930=DIRECTION('',(0.,0.,1.));
#5931=DIRECTION('',(-9.09561374488226E-13,-0.707106781186549,0.707106781186547));
#5932=DIRECTION('',(0.,-0.707106781186547,-0.707106781186549));
#5933=DIRECTION('',(-9.09561374488226E-13,-0.707106781186549,0.707106781186547));
#5934=DIRECTION('',(-9.09561374488224E-13,-0.707106781186547,-0.707106781186549));
#5935=DIRECTION('',(-9.09561374488226E-13,-0.707106781186549,0.707106781186547));
#5936=DIRECTION('',(-9.09561374488224E-13,-0.707106781186547,-0.707106781186549));
#5937=DIRECTION('',(1.,-1.28631403161196E-12,0.));
#5938=DIRECTION('',(0.,0.,1.));
#5939=DIRECTION('',(0.,-1.,0.));
#5940=DIRECTION('',(0.,0.,1.));
#5941=DIRECTION('',(0.,-1.,0.));
#5942=DIRECTION('',(0.,0.,1.));
#5943=DIRECTION('',(0.,-1.,0.));
#5944=DIRECTION('',(0.,0.,1.));
#5945=DIRECTION('',(0.,0.,-1.));
#5946=DIRECTION('',(0.,1.,0.));
#5947=DIRECTION('',(1.,0.,0.));
#5948=DIRECTION('',(0.,0.,-1.));
#5949=DIRECTION('',(0.,1.,0.));
#5950=DIRECTION('',(0.,0.,-1.));
#5951=DIRECTION('',(0.,1.,0.));
#5952=DIRECTION('',(0.,0.,-1.));
#5953=DIRECTION('',(0.,1.,0.));
#5954=DIRECTION('',(0.,0.,-1.));
#5955=DIRECTION('',(0.,0.,1.));
#5956=DIRECTION('',(0.,0.,1.));
#5957=DIRECTION('',(0.,0.,1.));
#5958=DIRECTION('',(0.,-1.,0.));
#5959=DIRECTION('',(0.,0.,1.));
#5960=DIRECTION('',(0.,-1.,0.));
#5961=DIRECTION('',(0.,0.,1.));
#5962=DIRECTION('',(0.,0.,-1.));
#5963=DIRECTION('',(0.,1.,0.));
#5964=DIRECTION('',(0.,0.,1.));
#5965=DIRECTION('',(0.,0.,-1.));
#5966=DIRECTION('',(0.,1.,0.));
#5967=DIRECTION('',(-2.56965517494505E-16,-1.,0.));
#5968=DIRECTION('',(1.,-2.56965517494505E-16,0.));
#5969=DIRECTION('',(1.,0.,0.));
#5970=DIRECTION('',(0.,0.,1.));
#5971=DIRECTION('',(0.,-1.,0.));
#5972=DIRECTION('',(1.,0.,0.));
#5973=DIRECTION('',(1.,0.,0.));
#5974=DIRECTION('',(0.,0.,-1.));
#5975=DIRECTION('',(0.,0.,1.));
#5976=DIRECTION('',(0.,0.,-1.));
#5977=DIRECTION('',(0.,1.,0.));
#5978=DIRECTION('',(0.,0.,-1.));
#5979=DIRECTION('',(0.,1.,0.));
#5980=DIRECTION('',(0.,0.,-1.));
#5981=DIRECTION('',(0.,1.,0.));
#5982=DIRECTION('',(0.,0.,-1.));
#5983=DIRECTION('',(0.,0.,-1.));
#5984=DIRECTION('',(0.,1.,0.));
#5985=DIRECTION('',(0.,0.,-1.));
#5986=DIRECTION('',(0.707106781186547,0.707106781186548,0.));
#5987=DIRECTION('',(-0.707106781186548,0.707106781186547,0.));
#5988=DIRECTION('',(0.707106781186548,0.707106781186548,0.));
#5989=DIRECTION('',(-0.707106781186548,0.707106781186548,0.));
#5990=DIRECTION('',(-0.707106781186548,-0.707106781186548,0.));
#5991=DIRECTION('',(0.707106781186548,-0.707106781186548,0.));
#5992=DIRECTION('',(0.707106781186548,0.707106781186548,0.));
#5993=DIRECTION('',(-0.707106781186548,0.707106781186548,0.));
#5994=DIRECTION('',(-0.707106781186548,-0.707106781186548,0.));
#5995=DIRECTION('',(0.707106781186548,-0.707106781186548,0.));
#5996=DIRECTION('',(-0.707106781186548,-0.707106781186548,0.));
#5997=DIRECTION('',(-0.707106781186548,0.707106781186548,0.));
#5998=DIRECTION('',(0.,0.,-1.));
#5999=DIRECTION('',(0.,1.,0.));
#6000=DIRECTION('',(0.,0.,-1.));
#6001=DIRECTION('',(0.,1.,0.));
#6002=DIRECTION('',(0.,0.,-1.));
#6003=DIRECTION('',(0.,0.,-1.));
#6004=DIRECTION('',(0.,1.,0.));
#6005=DIRECTION('',(0.,0.,-1.));
#6006=DIRECTION('',(0.,1.,0.));
#6007=DIRECTION('',(0.,0.,1.));
#6008=DIRECTION('',(0.,0.,-1.));
#6009=DIRECTION('',(0.,1.,0.));
#6010=DIRECTION('',(0.,1.,0.));
#6011=DIRECTION('',(-1.,0.,0.));
#6012=DIRECTION('',(0.,1.,0.));
#6013=DIRECTION('',(0.,-0.382683432329522,0.923879532526019));
#6014=DIRECTION('',(0.,-0.923879532526019,-0.382683432329522));
#6015=DIRECTION('',(0.,-0.382683432329525,0.923879532526018));
#6016=DIRECTION('',(0.,0.382683432329514,-0.923879532526023));
#6017=DIRECTION('',(0.,0.923879532526023,0.382683432329514));
#6018=DIRECTION('',(-1.,0.,0.));
#6019=DIRECTION('',(0.,-1.,0.));
#6020=DIRECTION('',(0.,0.707106781132107,-0.707106781240988));
#6021=DIRECTION('',(0.,0.707106781240988,0.707106781132107));
#6022=DIRECTION('',(0.,0.707106781132107,-0.707106781240988));
#6023=DIRECTION('',(0.,0.707106781240988,0.707106781132107));
#6024=DIRECTION('',(0.,-0.707106781132108,0.707106781240987));
#6025=DIRECTION('',(0.,-1.46440350205807E-16,-1.));
#6026=DIRECTION('',(0.,1.,-1.46440350205807E-16));
#6027=DIRECTION('',(1.,0.,0.));
#6028=DIRECTION('',(-0.707106781186548,0.707106781186548,0.));
#6029=DIRECTION('',(0.,1.,-1.46440350205807E-16));
#6030=DIRECTION('',(0.,-0.70710678118555,-0.707106781187545));
#6031=DIRECTION('',(0.,0.707106781187545,-0.70710678118555));
#6032=DIRECTION('',(0.,0.707106781187544,-0.707106781185551));
#6033=DIRECTION('',(-1.70135723419332E-17,1.76762390849232E-17,1.));
#6034=DIRECTION('',(0.,-1.,1.76762390849232E-17));
#6035=DIRECTION('',(-1.70135723419332E-17,1.76762390849232E-17,1.));
#6036=DIRECTION('',(0.,-1.,1.76762390849232E-17));
#6037=DIRECTION('',(0.,0.,-1.));
#6038=DIRECTION('',(0.,1.,0.));
#6039=DIRECTION('',(0.,0.,-1.));
#6040=DIRECTION('',(0.,1.,0.));
#6041=DIRECTION('',(0.,0.,-1.));
#6042=DIRECTION('',(0.,1.,0.));
#6043=DIRECTION('',(-0.707106781186548,-0.707106781186547,0.));
#6044=DIRECTION('',(0.707106781186547,-0.707106781186548,0.));
#6045=DIRECTION('',(0.,0.,1.));
#6046=DIRECTION('',(0.707106781183139,-0.707106781189956,4.82019464936979E-12));
#6047=DIRECTION('',(-0.707106781186548,-0.707106781186547,0.));
#6048=DIRECTION('',(0.707106781186547,-0.707106781186548,0.));
#6049=DIRECTION('',(0.707106781186547,-0.707106781186548,0.));
#6050=DIRECTION('',(0.,0.,1.));
#6051=DIRECTION('',(-0.707106781186548,-0.707106781186547,0.));
#6052=DIRECTION('',(0.707106781186547,-0.707106781186548,0.));
#6053=DIRECTION('',(0.707106781186548,0.707106781186548,0.));
#6054=DIRECTION('',(-0.707106781186548,0.707106781186548,0.));
#6055=DIRECTION('',(0.707106781186548,0.707106781186547,0.));
#6056=DIRECTION('',(-0.707106781186547,0.707106781186548,0.));
#6057=DIRECTION('',(-0.707106781186548,-0.707106781186548,0.));
#6058=DIRECTION('',(0.707106781186548,-0.707106781186548,0.));
#6059=DIRECTION('',(0.,4.52030820050901E-11,1.));
#6060=DIRECTION('',(0.,-1.,4.52030820050901E-11));
#6061=DIRECTION('',(0.,1.,0.));
#6062=DIRECTION('',(1.,0.,0.));
#6063=DIRECTION('',(1.,0.,0.));
#6064=DIRECTION('',(0.,1.,1.00189627672537E-12));
#6065=DIRECTION('',(0.,-1.00189627672537E-12,1.));
#6066=DIRECTION('',(0.,0.,1.));
#6067=DIRECTION('',(1.,0.,0.));
#6068=DIRECTION('',(0.,1.,3.41607084500048E-16));
#6069=DIRECTION('',(0.,-3.41607084500048E-16,1.));
#6070=DIRECTION('',(1.,0.,0.));
#6071=DIRECTION('',(0.,-3.41607084500048E-16,1.));
#6072=DIRECTION('',(1.,0.,0.));
#6073=DIRECTION('',(0.,-3.41607084500048E-16,1.));
#6074=DIRECTION('',(0.,0.,1.));
#6075=DIRECTION('',(0.,-1.,0.));
#6076=DIRECTION('',(0.,1.,0.));
#6077=DIRECTION('',(1.,0.,0.));
#6078=DIRECTION('',(0.,-1.,0.));
#6079=DIRECTION('',(0.,0.707106781188873,0.707106781184222));
#6080=DIRECTION('',(0.,-0.707106781184222,0.707106781188873));
#6081=DIRECTION('',(0.,-0.707106781184224,0.707106781188871));
#6082=DIRECTION('',(1.,0.,0.));
#6083=DIRECTION('',(0.,-1.,0.));
#6084=DIRECTION('',(1.,0.,0.));
#6085=DIRECTION('',(0.,-1.,0.));
#6086=DIRECTION('',(0.,-0.707106781186548,0.707106781186547));
#6087=DIRECTION('',(0.,-0.707106781186547,-0.707106781186548));
#6088=DIRECTION('',(0.,-3.41607084500048E-16,1.));
#6089=DIRECTION('',(0.,-1.,-3.41607084500048E-16));
#6090=DIRECTION('',(0.,0.,1.));
#6091=DIRECTION('',(0.,-3.41607084500048E-16,1.));
#6092=DIRECTION('',(0.,-1.,-3.41607084500048E-16));
#6093=DIRECTION('',(0.,0.,1.));
#6094=DIRECTION('',(0.,-1.,0.));
#6095=DIRECTION('',(0.,0.,1.));
#6096=DIRECTION('',(0.,-1.,0.));
#6097=DIRECTION('',(0.,0.,1.));
#6098=DIRECTION('',(0.,0.,1.));
#6099=DIRECTION('',(0.,1.,0.));
#6100=DIRECTION('',(1.,0.,0.));
#6101=DIRECTION('',(0.,1.,0.));
#6102=DIRECTION('',(0.,-0.581191066968532,0.813767131110602));
#6103=DIRECTION('',(0.,-0.813767131110602,-0.581191066968532));
#6104=DIRECTION('',(0.,-0.581191066968532,0.813767131110602));
#6105=DIRECTION('',(0.,-0.813767131110602,-0.581191066968532));
#6106=DIRECTION('',(0.,0.581191066968525,-0.813767131110607));
#6107=DIRECTION('',(0.,-0.581191066968532,0.813767131110602));
#6108=DIRECTION('',(0.,-0.813767131110602,-0.581191066968532));
#6109=DIRECTION('',(1.,0.,0.));
#6110=DIRECTION('',(0.,1.,0.));
#6111=DIRECTION('',(0.,-0.707106781132107,0.707106781240988));
#6112=DIRECTION('',(0.,-0.707106781240988,-0.707106781132107));
#6113=DIRECTION('',(1.,0.,0.));
#6114=DIRECTION('',(0.,1.,0.));
#6115=DIRECTION('',(0.,0.,-1.));
#6116=DIRECTION('',(0.,1.,0.));
#6117=DIRECTION('',(0.,1.,0.));
#6118=DIRECTION('',(1.,0.,0.));
#6119=DIRECTION('',(0.,0.,-1.));
#6120=DIRECTION('',(0.,1.,0.));
#6121=DIRECTION('',(0.,0.,-1.));
#6122=DIRECTION('',(0.,1.,0.));
#6123=DIRECTION('',(0.,0.707106781186548,0.707106781186547));
#6124=DIRECTION('',(0.,0.,-1.));
#6125=DIRECTION('',(0.,1.,0.));
#6126=DIRECTION('',(0.,0.,-1.));
#6127=DIRECTION('',(0.,1.,0.));
#6128=DIRECTION('',(1.,-6.43172474686527E-13,6.43172474686528E-13));
#6129=DIRECTION('',(-7.19022318766281E-5,-0.999999997415035,0.));
#6130=DIRECTION('',(0.,1.,0.));
#6131=DIRECTION('',(-0.999999997415035,7.19022318766281E-5,0.));
#6132=DIRECTION('',(-7.19022318766281E-5,-0.999999997415035,0.));
#6133=DIRECTION('',(-5.08425558093513E-5,-0.707106780272625,-0.707106780272624));
#6134=DIRECTION('',(0.,0.,1.));
#6135=DIRECTION('',(1.28634494937306E-12,1.,0.));
#6136=DIRECTION('',(-1.,1.28634494937306E-12,0.));
#6137=DIRECTION('',(0.,0.,1.));
#6138=DIRECTION('',(1.,-6.43172474686527E-13,6.43172474686528E-13));
#6139=DIRECTION('',(0.,0.,1.));
#6140=DIRECTION('',(0.,-1.,0.));
#6141=DIRECTION('',(0.,0.,1.));
#6142=DIRECTION('',(0.,0.,-1.));
#6143=DIRECTION('',(0.999889690058326,-0.0148528689169709,0.));
#6144=DIRECTION('',(0.,0.,1.));
#6145=DIRECTION('',(0.,0.,-1.));
#6146=DIRECTION('',(0.,1.,0.));
#6147=DIRECTION('',(-1.,0.,0.));
#6148=DIRECTION('',(1.,0.,0.));
#6149=DIRECTION('',(0.,0.,1.));
#6150=DIRECTION('',(0.,0.,-1.));
#6151=DIRECTION('',(1.,0.,0.));
#6152=DIRECTION('',(0.,1.,0.));
#6153=DIRECTION('',(0.,1.,0.));
#6154=DIRECTION('',(0.,0.,1.));
#6155=DIRECTION('',(0.,1.,0.));
#6156=DIRECTION('',(0.,1.,-9.74373501121416E-12));
#6157=DIRECTION('',(0.,9.74373501121416E-12,1.));
#6158=DIRECTION('',(1.,0.,0.));
#6159=DIRECTION('',(0.,0.,1.));
#6160=DIRECTION('',(0.,0.,-1.));
#6161=DIRECTION('',(0.,1.,0.));
#6162=DIRECTION('',(0.,0.,-1.));
#6163=DIRECTION('',(0.,0.,-1.));
#6164=DIRECTION('',(0.,0.,-1.));
#6165=DIRECTION('',(0.,1.,0.));
#6166=DIRECTION('',(0.,0.,-1.));
#6167=DIRECTION('',(0.,1.,0.));
#6168=DIRECTION('',(0.,0.,1.));
#6169=DIRECTION('',(0.,-1.,0.));
#6170=DIRECTION('',(0.,0.,1.));
#6171=DIRECTION('',(0.,-1.,0.));
#6172=DIRECTION('',(0.,0.,1.));
#6173=DIRECTION('',(0.,0.,-1.));
#6174=DIRECTION('',(0.,1.,0.));
#6175=DIRECTION('',(0.,0.,-1.));
#6176=DIRECTION('',(0.,1.,0.));
#6177=DIRECTION('',(-0.707106781186548,-0.707106781186548,0.));
#6178=DIRECTION('',(0.707106781186548,-0.707106781186548,0.));
#6179=DIRECTION('',(0.,0.581191066968532,-0.813767131110602));
#6180=DIRECTION('',(0.,0.813767131110602,0.581191066968532));
#6181=DIRECTION('',(0.,-0.581191066968533,0.813767131110601));
#6182=DIRECTION('',(0.,0.813767131110601,0.581191066968533));
#6183=DIRECTION('',(0.,0.581191066968532,-0.813767131110602));
#6184=DIRECTION('',(0.,0.813767131110602,0.581191066968532));
#6185=DIRECTION('',(0.,-0.581191066968525,0.813767131110607));
#6186=DIRECTION('',(1.,0.,0.));
#6187=DIRECTION('',(0.,1.,0.));
#6188=DIRECTION('',(0.,0.,1.));
#6189=DIRECTION('',(0.,1.,0.));
#6190=DIRECTION('',(0.,0.,-1.));
#6191=DIRECTION('',(0.,1.,0.));
#6192=DIRECTION('',(0.,0.,-1.));
#6193=DIRECTION('',(0.,1.,0.));
#6194=DIRECTION('',(0.,0.,1.));
#6195=DIRECTION('',(0.,1.,0.));
#6196=DIRECTION('',(-1.,0.,0.));
#6197=DIRECTION('',(0.,1.,0.));
#6198=DIRECTION('',(0.,0.,1.));
#6199=DIRECTION('',(0.,-1.,0.));
#6200=DIRECTION('',(0.,0.,1.));
#6201=DIRECTION('',(0.,0.,1.));
#6202=DIRECTION('',(1.,0.,0.));
#6203=DIRECTION('',(0.,1.,0.));
#6204=DIRECTION('',(1.,0.,0.));
#6205=DIRECTION('',(0.,1.,0.));
#6206=DIRECTION('',(0.,0.707106781132107,-0.707106781240988));
#6207=DIRECTION('',(0.,0.707106781240988,0.707106781132107));
#6208=DIRECTION('',(0.,0.,1.));
#6209=DIRECTION('',(0.,-1.,0.));
#6210=DIRECTION('',(0.707106781180187,0.707106781192908,0.));
#6211=DIRECTION('',(0.707106781192908,-0.707106781180187,0.));
#6212=DIRECTION('',(0.,0.,-1.));
#6213=DIRECTION('',(-2.96738303152852E-15,-1.,9.2730719735266E-17));
#6214=DIRECTION('',(1.,-1.28631403161196E-12,0.));
#6215=DIRECTION('',(1.28631403161196E-12,1.,0.));
#6216=DIRECTION('',(0.,0.,1.));
#6217=DIRECTION('',(0.,-1.,0.));
#6218=DIRECTION('',(0.,0.,1.));
#6219=DIRECTION('',(0.,-1.,0.));
#6220=DIRECTION('',(0.,0.,1.));
#6221=DIRECTION('',(1.,-5.71963111775815E-13,0.));
#6222=DIRECTION('',(5.71963111775815E-13,1.,0.));
#6223=DIRECTION('',(1.,-5.71790221282084E-13,0.));
#6224=DIRECTION('',(5.71576684724902E-13,1.,0.));
#6225=DIRECTION('',(1.,-5.7740150168097E-13,0.));
#6226=DIRECTION('',(5.7740150168097E-13,1.,0.));
#6227=DIRECTION('',(1.,-5.71790221282084E-13,0.));
#6228=DIRECTION('',(5.71576684295368E-13,1.,0.));
#6229=DIRECTION('',(1.,-5.7740150168097E-13,0.));
#6230=DIRECTION('',(5.7740150168097E-13,1.,0.));
#6231=DIRECTION('',(-1.,5.75495534560742E-13,0.));
#6232=DIRECTION('',(5.7551740767553E-13,1.,0.));
#6233=DIRECTION('',(-1.,5.75495534560742E-13,0.));
#6234=DIRECTION('',(-5.75495534560742E-13,-1.,0.));
#6235=DIRECTION('',(-5.75495534560742E-13,-1.,0.));
#6236=DIRECTION('',(0.,0.,1.));
#6237=DIRECTION('',(-5.75495534560742E-13,-1.,0.));
#6238=DIRECTION('',(-1.,5.75928194016039E-13,0.));
#6239=DIRECTION('',(-5.75928194016039E-13,-1.,0.));
#6240=DIRECTION('',(-1.,5.75928194016039E-13,0.));
#6241=DIRECTION('',(-5.75928194016039E-13,-1.,0.));
#6242=DIRECTION('',(-1.,5.71790221282085E-13,0.));
#6243=DIRECTION('',(-5.71790221282085E-13,-1.,0.));
#6244=DIRECTION('',(1.,-5.7549917768395E-13,0.));
#6245=DIRECTION('',(5.7549917768395E-13,1.,0.));
#6246=DIRECTION('',(0.,0.,1.));
#6247=DIRECTION('',(0.,-1.,0.));
#6248=DIRECTION('',(0.,0.,1.));
#6249=DIRECTION('',(0.,0.,1.));
#6250=DIRECTION('',(0.,-1.,0.));
#6251=DIRECTION('',(0.707106781186549,-0.707106781186546,3.50467066668473E-16));
#6252=DIRECTION('',(0.707106781186546,0.707106781186549,0.));
#6253=DIRECTION('',(0.707106781186548,-0.707106781186548,0.));
#6254=DIRECTION('',(0.707106781186548,0.707106781186547,0.));
#6255=DIRECTION('',(0.707106781186546,-0.707106781186549,0.));
#6256=DIRECTION('',(0.707106781186549,0.707106781186546,0.));
#6257=DIRECTION('',(0.707106781186548,-0.707106781186548,0.));
#6258=DIRECTION('',(0.707106781186547,0.707106781186548,0.));
#6259=DIRECTION('',(0.707106781186546,-0.707106781186549,0.));
#6260=DIRECTION('',(0.707106781186549,0.707106781186546,0.));
#6261=DIRECTION('',(-0.707106781186548,0.707106781186548,0.));
#6262=DIRECTION('',(0.707106781186548,0.707106781186547,0.));
#6263=DIRECTION('',(-0.707106781186547,0.707106781186548,0.));
#6264=DIRECTION('',(-0.707106781186548,-0.707106781186547,0.));
#6265=DIRECTION('',(-0.707106781186548,-0.707106781186547,0.));
#6266=DIRECTION('',(-0.707106781186548,-0.707106781186547,0.));
#6267=DIRECTION('',(-0.707106781186548,0.707106781186547,0.));
#6268=DIRECTION('',(-0.707106781186547,-0.707106781186548,0.));
#6269=DIRECTION('',(-0.707106781186548,0.707106781186547,0.));
#6270=DIRECTION('',(-0.707106781186547,-0.707106781186548,0.));
#6271=DIRECTION('',(-0.707106781186548,0.707106781186547,0.));
#6272=DIRECTION('',(-0.707106781186547,-0.707106781186548,0.));
#6273=DIRECTION('',(0.707106781186547,-0.707106781186548,0.));
#6274=DIRECTION('',(0.707106781186548,0.707106781186547,0.));
#6275=DIRECTION('',(0.707106781186548,0.707106781186548,0.));
#6276=DIRECTION('',(-0.707106781186548,0.707106781186548,0.));
#6277=DIRECTION('',(0.707106781186548,0.707106781186548,0.));
#6278=DIRECTION('',(-0.707106781186548,0.707106781186548,0.));
#6279=DIRECTION('',(0.707106781186548,0.707106781186548,7.09829312320858E-17));
#6280=DIRECTION('',(0.,0.,1.));
#6281=DIRECTION('',(0.,-1.,0.));
#6282=DIRECTION('',(3.53168067367258E-12,1.,0.));
#6283=DIRECTION('',(1.,-3.53168067367258E-12,0.));
#6284=DIRECTION('',(0.,0.,1.));
#6285=DIRECTION('',(0.,-1.,0.));
#6286=DIRECTION('',(-0.186188248057493,-0.0364749798109871,-0.981836805244675));
#6287=DIRECTION('',(0.0312369734623257,-0.999025243309729,0.0311899778590886));
#6288=DIRECTION('',(0.664085773259174,0.0901118630445429,0.742206128978606));
#6289=DIRECTION('',(0.0638219148705455,-0.995919134060902,0.0638109833307685));
#6290=DIRECTION('',(0.,-1.,-8.02352283889393E-16));
#6291=DIRECTION('',(0.,8.02352283889393E-16,-1.));
#6292=DIRECTION('',(-4.01176141944697E-16,-1.,-4.01176141944696E-16));
#6293=DIRECTION('',(0.,-1.,-8.02352283889393E-16));
#6294=DIRECTION('',(0.,8.02352283889393E-16,-1.));
#6295=DIRECTION('',(-4.01176141944697E-16,-1.,-4.01176141944696E-16));
#6296=DIRECTION('',(-0.664085773259953,0.0901118630203052,-0.742206128980851));
#6297=DIRECTION('',(0.134455172958946,0.990919677086727,5.18818475005979E-6));
#6298=DIRECTION('',(-0.186188248057194,0.0364749798121752,-0.981836805244687));
#6299=DIRECTION('',(0.0312369734626207,0.999025243309684,0.0311899778602489));
#6300=DIRECTION('',(-1.,0.,0.));
#6301=DIRECTION('',(0.,-1.,0.));
#6302=DIRECTION('',(1.,0.,0.));
#6303=DIRECTION('',(0.,0.707106781132107,-0.707106781240988));
#6304=DIRECTION('',(0.,0.707106781240988,0.707106781132107));
#6305=DIRECTION('',(0.,0.707106781132107,-0.707106781240988));
#6306=DIRECTION('',(0.,0.707106781132107,-0.707106781240988));
#6307=DIRECTION('',(0.,0.707106781240988,0.707106781132107));
#6308=DIRECTION('',(0.,-0.707106781132107,0.707106781240988));
#6309=DIRECTION('',(0.,-0.707106781132107,0.707106781240988));
#6310=DIRECTION('',(0.,-0.707106781240988,-0.707106781132107));
#6311=DIRECTION('',(0.,0.707106781132107,-0.707106781240989));
#6312=DIRECTION('',(0.,-0.707106781132107,0.707106781240988));
#6313=DIRECTION('',(0.,-0.707106781240988,-0.707106781132107));
#6314=DIRECTION('',(0.,-0.707106781132107,0.707106781240988));
#6315=DIRECTION('',(-5.71790221282085E-13,-1.,-7.13995386233262E-29));
#6316=DIRECTION('',(1.,-5.71790221282085E-13,0.));
#6317=DIRECTION('',(-2.85895110641043E-13,-1.,-2.85895110641043E-13));
#6318=DIRECTION('',(0.,0.,1.));
#6319=DIRECTION('',(0.,-1.,0.));
#6320=DIRECTION('',(0.,0.,-1.));
#6321=DIRECTION('',(0.,0.,1.));
#6322=DIRECTION('',(0.,-1.,0.));
#6323=DIRECTION('',(0.,0.,1.));
#6324=DIRECTION('',(0.,0.,-1.));
#6325=DIRECTION('',(0.,1.,0.));
#6326=DIRECTION('',(0.,1.,0.));
#6327=DIRECTION('',(0.,1.,0.));
#6328=DIRECTION('',(0.,1.,0.));
#6329=DIRECTION('',(0.,1.,0.));
#6330=DIRECTION('',(0.,0.,-1.));
#6331=DIRECTION('',(0.,1.,0.));
#6332=DIRECTION('',(0.,0.,1.));
#6333=DIRECTION('',(0.,-1.,0.));
#6334=DIRECTION('',(0.,0.,1.));
#6335=DIRECTION('',(0.,-1.,0.));
#6336=DIRECTION('',(0.,0.,1.));
#6337=DIRECTION('',(0.,0.,-1.));
#6338=DIRECTION('',(0.,1.,0.));
#6339=DIRECTION('',(0.,0.,-1.));
#6340=DIRECTION('',(0.,1.,0.));
#6341=DIRECTION('',(-0.707106781186548,0.707106781186548,-3.8923799201082E-16));
#6342=DIRECTION('',(0.,0.,-1.));
#6343=DIRECTION('',(0.,1.,0.));
#6344=DIRECTION('',(0.,0.,1.));
#6345=DIRECTION('',(0.5,0.5,0.707106781186549));
#6346=DIRECTION('',(0.5,0.5,-0.707106781186546));
#6347=DIRECTION('',(0.,0.,-1.));
#6348=DIRECTION('',(0.,0.,-1.));
#6349=DIRECTION('',(0.,1.,0.));
#6350=DIRECTION('',(1.,-1.28631403161196E-12,0.));
#6351=DIRECTION('',(1.28631403161196E-12,1.,0.));
#6352=DIRECTION('',(1.,-6.43157015805981E-13,6.43157015805981E-13));
#6353=DIRECTION('',(-0.999999997415035,7.19022318766281E-5,0.));
#6354=DIRECTION('',(7.19022318766281E-5,0.999999997415035,0.));
#6355=DIRECTION('',(1.,-1.28631403161196E-12,0.));
#6356=DIRECTION('',(-1.28631403161196E-12,-1.,0.));
#6357=DIRECTION('',(1.,-1.28631403161196E-12,0.));
#6358=DIRECTION('',(0.,0.,1.));
#6359=DIRECTION('',(1.,0.,0.));
#6360=DIRECTION('',(0.,0.,-1.));
#6361=DIRECTION('',(0.,1.,0.));
#6362=DIRECTION('',(1.,0.,0.));
#6363=DIRECTION('',(0.,0.,-1.));
#6364=DIRECTION('',(0.,1.,0.));
#6365=DIRECTION('',(7.19022318825759E-5,0.999999997415035,0.));
#6366=DIRECTION('',(2.71678237597298E-13,1.,0.));
#6367=DIRECTION('',(-1.,2.71678237597298E-13,0.));
#6368=DIRECTION('',(0.,0.,1.));
#6369=DIRECTION('',(-1.,2.71678237597298E-13,0.));
#6370=DIRECTION('',(-0.707106781186548,-0.707106781186548,0.));
#6371=DIRECTION('',(0.707106781186548,-0.707106781186548,0.));
#6372=DIRECTION('',(-0.707106781186548,-0.707106781186548,0.));
#6373=DIRECTION('',(0.707106781186548,-0.707106781186548,0.));
#6374=DIRECTION('',(-0.5,-0.5,-0.707106781186547));
#6375=DIRECTION('',(0.,0.816496580927726,-0.577350269189626));
#6376=DIRECTION('',(0.707106781186547,-0.707106781186548,0.));
#6377=DIRECTION('',(0.,0.816496580927726,-0.577350269189626));
#6378=DIRECTION('',(1.,0.,0.));
#6379=DIRECTION('',(0.,1.,0.));
#6380=DIRECTION('',(0.,0.,1.));
#6381=DIRECTION('',(0.,1.,0.));
#6382=DIRECTION('',(-0.5,-0.5,-0.707106781186547));
#6383=DIRECTION('',(0.,0.816496580927726,-0.577350269189626));
#6384=DIRECTION('',(-0.5,-0.5,0.707106781186547));
#6385=DIRECTION('',(0.707106781186547,-0.707106781186548,0.));
#6386=DIRECTION('',(0.707106781186548,0.707106781186547,0.));
#6387=DIRECTION('',(-0.707106781186547,0.707106781186548,0.));
#6388=DIRECTION('',(0.707106781186548,0.707106781186547,0.));
#6389=DIRECTION('',(-0.707106781186547,0.707106781186548,0.));
#6390=DIRECTION('',(0.,0.70710678118555,0.707106781187545));
#6391=DIRECTION('',(0.,-0.707106781187545,0.70710678118555));
#6392=DIRECTION('',(0.,0.707106781187545,-0.70710678118555));
#6393=DIRECTION('',(1.,0.,0.));
#6394=DIRECTION('',(0.,-0.707106781187545,0.70710678118555));
#6395=DIRECTION('',(0.,-0.707106781187545,0.70710678118555));
#6396=DIRECTION('',(0.,-0.70710678118555,-0.707106781187545));
#6397=DIRECTION('',(0.,-0.707106781187546,0.70710678118555));
#6398=DIRECTION('',(0.,-1.,0.));
#6399=DIRECTION('',(0.,0.,1.));
#6400=DIRECTION('',(1.,0.,0.));
#6401=DIRECTION('',(0.,1.,0.));
#6402=DIRECTION('',(0.,1.,0.));
#6403=DIRECTION('',(0.,0.,1.));
#6404=DIRECTION('',(-1.,0.,0.));
#6405=DIRECTION('',(0.,-1.,0.));
#6406=DIRECTION('',(0.,0.,1.));
#6407=DIRECTION('',(0.,-1.,0.));
#6408=DIRECTION('',(-9.09561374488226E-13,-0.707106781186548,0.707106781186548));
#6409=DIRECTION('',(0.,-0.707106781186548,-0.707106781186548));
#6410=DIRECTION('',(1.,-1.28624885726994E-12,0.));
#6411=DIRECTION('',(5.0842555807874E-5,0.707106780272625,0.707106780272623));
#6412=DIRECTION('',(0.,-0.707106781186548,-0.707106781186548));
#6413=DIRECTION('',(9.09583236646753E-13,0.707106781186547,-0.707106781186548));
#6414=DIRECTION('',(0.,0.707106781186548,0.707106781186547));
#6415=DIRECTION('',(-5.08425558082059E-5,-0.707106780272624,-0.707106780272624));
#6416=DIRECTION('',(1.,-6.43172474686527E-13,6.43172474686528E-13));
#6417=DIRECTION('',(2.07272930090127E-15,0.707106781188352,0.707106781184743));
#6418=DIRECTION('',(0.,0.,-1.));
#6419=DIRECTION('',(0.,1.,0.));
#6420=DIRECTION('',(0.,0.,1.));
#6421=DIRECTION('',(0.,-1.,0.));
#6422=DIRECTION('',(0.,0.,-1.));
#6423=DIRECTION('',(0.,1.,0.));
#6424=DIRECTION('',(0.,0.,1.));
#6425=DIRECTION('',(0.,-1.,0.));
#6426=DIRECTION('',(1.,0.,0.));
#6427=DIRECTION('',(0.,1.,0.));
#6428=DIRECTION('',(0.,3.85052760913826E-14,-1.));
#6429=DIRECTION('',(0.,1.,3.85052760913826E-14));
#6430=DIRECTION('',(0.,1.,0.));
#6431=DIRECTION('',(1.,0.,0.));
#6432=DIRECTION('',(0.707106781186547,-0.707106781186548,0.));
#6433=DIRECTION('',(0.,0.,1.));
#6434=DIRECTION('',(0.,-1.,0.));
#6435=DIRECTION('',(0.,0.,1.));
#6436=DIRECTION('',(0.,0.,1.));
#6437=DIRECTION('',(0.,-1.,0.));
#6438=DIRECTION('',(0.5,0.5,0.707106781186549));
#6439=DIRECTION('',(0.,-0.816496580927727,0.577350269189624));
#6440=DIRECTION('',(0.5,0.5,0.707106781186549));
#6441=DIRECTION('',(0.5,0.5,-0.707106781186546));
#6442=DIRECTION('',(0.707106781186548,-0.707106781186547,-1.33776931206296E-15));
#6443=DIRECTION('',(0.5,0.5,0.707106781186549));
#6444=DIRECTION('',(0.5,0.5,-0.707106781186546));
#6445=DIRECTION('',(0.,0.,-1.));
#6446=DIRECTION('',(0.,1.,0.));
#6447=DIRECTION('',(0.,-0.816496580927726,0.577350269189626));
#6448=DIRECTION('',(0.,-0.577350269189626,-0.816496580927726));
#6449=DIRECTION('',(0.,-0.816496580927726,0.577350269189626));
#6450=DIRECTION('',(0.,0.816496580927731,-0.577350269189619));
#6451=DIRECTION('',(1.,0.,0.));
#6452=DIRECTION('',(0.,1.,0.));
#6453=DIRECTION('',(0.,1.,0.));
#6454=DIRECTION('',(0.,0.,1.));
#6455=DIRECTION('',(2.31826799338165E-17,-6.87918910609636E-32,-1.));
#6456=DIRECTION('',(1.,0.,2.31826799338165E-17));
#6457=DIRECTION('',(0.,0.,1.));
#6458=DIRECTION('',(0.,-1.,0.));
#6459=DIRECTION('',(-0.500000000005774,0.499999999996778,0.707106781184743));
#6460=DIRECTION('',(0.,0.,-1.));
#6461=DIRECTION('',(0.,1.,0.));
#6462=DIRECTION('',(0.,0.,1.));
#6463=DIRECTION('',(0.,-1.,0.));
#6464=DIRECTION('',(-0.500000000001276,0.500000000001276,0.707106781184743));
#6465=DIRECTION('',(-1.,5.71764857680118E-13,0.));
#6466=DIRECTION('',(-5.71764857680118E-13,-1.,0.));
#6467=DIRECTION('',(-1.,5.71764857680118E-13,0.));
#6468=DIRECTION('',(-5.71764857680118E-13,-1.,0.));
#6469=DIRECTION('',(-0.707106781186547,4.06936795030478E-13,-0.707106781186548));
#6470=DIRECTION('',(0.707106781186548,0.,-0.707106781186547));
#6471=DIRECTION('',(-5.75495534560742E-13,-1.,0.));
#6472=DIRECTION('',(-0.707106781186547,4.06936795030478E-13,-0.707106781186548));
#6473=DIRECTION('',(0.707106781186548,0.,-0.707106781186547));
#6474=DIRECTION('',(0.707106781186548,0.,-0.707106781186547));
#6475=DIRECTION('',(-5.75495534560742E-13,-1.,0.));
#6476=DIRECTION('',(1.,-5.7549917768395E-13,0.));
#6477=DIRECTION('',(5.7549917768395E-13,1.,0.));
#6478=DIRECTION('',(1.,-5.7549917768395E-13,0.));
#6479=DIRECTION('',(5.7549917768395E-13,1.,0.));
#6480=DIRECTION('',(0.,0.,-1.));
#6481=DIRECTION('',(0.,1.,0.));
#6482=DIRECTION('',(-0.500000000001282,0.50000000000127,0.707106781184743));
#6483=DIRECTION('',(0.,0.,1.));
#6484=DIRECTION('',(0.,-1.,0.));
#6485=DIRECTION('',(-0.707106781186548,0.707106781186547,0.));
#6486=DIRECTION('',(-0.707106781186547,-0.707106781186548,0.));
#6487=DIRECTION('',(-0.707106781186548,0.707106781186547,0.));
#6488=DIRECTION('',(-0.707106781186547,-0.707106781186548,0.));
#6489=DIRECTION('',(-0.5,0.5,-0.707106781186547));
#6490=DIRECTION('',(0.816496580927726,0.,-0.577350269189626));
#6491=DIRECTION('',(-0.707106781186548,-0.707106781186547,0.));
#6492=DIRECTION('',(-0.5,0.5,-0.707106781186547));
#6493=DIRECTION('',(0.816496580927726,0.,-0.577350269189626));
#6494=DIRECTION('',(-0.707106781186548,-0.707106781186547,0.));
#6495=DIRECTION('',(0.707106781186547,-0.707106781186548,0.));
#6496=DIRECTION('',(0.707106781186548,0.707106781186547,0.));
#6497=DIRECTION('',(0.707106781186547,-0.707106781186548,0.));
#6498=DIRECTION('',(0.707106781186548,0.707106781186547,0.));
#6499=DIRECTION('',(0.5,-0.5,0.707106781186548));
#6500=DIRECTION('',(0.,-0.816496580927726,-0.577350269189625));
#6501=DIRECTION('',(0.707106781184542,0.707106781188553,0.));
#6502=DIRECTION('',(-0.5,0.5,0.707106781186547));
#6503=DIRECTION('',(1.63926301872674E-17,1.63926301873276E-17,-1.));
#6504=DIRECTION('',(0.,1.,1.63926301873276E-17));
#6505=DIRECTION('',(0.,0.,1.));
#6506=DIRECTION('',(0.,-1.,0.));
#6507=DIRECTION('',(-0.707106781188352,2.49422704712288E-12,0.707106781184743));
#6508=DIRECTION('',(-0.707106781186556,-2.8471258237952E-14,0.707106781186539));
#6509=DIRECTION('',(0.707106781186539,0.,0.707106781186556));
#6510=DIRECTION('',(-0.707106781186548,0.,0.707106781186547));
#6511=DIRECTION('',(-0.707106781186547,0.,0.707106781186548));
#6512=DIRECTION('',(-0.707106781186548,0.,-0.707106781186547));
#6513=DIRECTION('',(-0.707106781186547,0.,0.707106781186548));
#6514=DIRECTION('',(0.707106781186548,0.,-0.707106781186548));
#6515=DIRECTION('',(0.707106781186548,-5.67348740838704E-16,0.707106781186547));
#6516=DIRECTION('',(-0.707106781186547,0.,0.707106781186548));
#6517=DIRECTION('',(-0.707106781186548,0.,0.707106781186547));
#6518=DIRECTION('',(0.,1.,0.));
#6519=DIRECTION('',(0.707106781186547,0.,-0.707106781186549));
#6520=DIRECTION('',(0.,0.707106781240988,0.707106781132107));
#6521=DIRECTION('',(0.,-0.707106781132107,0.707106781240988));
#6522=DIRECTION('',(1.,0.,0.));
#6523=DIRECTION('',(1.,0.,0.));
#6524=DIRECTION('',(0.,0.,-1.));
#6525=DIRECTION('',(1.,0.,0.));
#6526=DIRECTION('',(0.,0.,1.));
#6527=DIRECTION('',(0.,1.,3.94745964311167E-14));
#6528=DIRECTION('',(0.,-3.94745964311167E-14,1.));
#6529=DIRECTION('',(-0.707106781186547,0.,0.707106781186548));
#6530=DIRECTION('',(-0.707106781186548,0.,-0.707106781186547));
#6531=DIRECTION('',(-0.707106781186547,0.,0.707106781186548));
#6532=DIRECTION('',(0.707106781186547,-4.04316742884719E-13,0.707106781186548));
#6533=DIRECTION('',(-0.707106781186548,0.,0.707106781186547));
#6534=DIRECTION('',(1.53878172801658E-9,1.,0.));
#6535=DIRECTION('',(0.,1.,3.94745964311167E-14));
#6536=DIRECTION('',(0.,-3.94745964311167E-14,1.));
#6537=DIRECTION('',(0.,1.,3.94745964311167E-14));
#6538=DIRECTION('',(0.,-3.94745964311167E-14,1.));
#6539=DIRECTION('',(0.,1.,3.94745964311167E-14));
#6540=DIRECTION('',(0.,-3.94745964311167E-14,1.));
#6541=DIRECTION('',(0.,1.,3.94745964311167E-14));
#6542=DIRECTION('',(1.,1.004945370132E-30,3.86956989336895E-44));
#6543=DIRECTION('',(-1.004945370132E-30,1.,0.));
#6544=DIRECTION('',(0.,0.,1.));
#6545=DIRECTION('',(-1.004945370132E-30,1.,0.));
#6546=DIRECTION('',(0.,3.85052760913826E-14,-1.));
#6547=DIRECTION('',(0.,3.85052760913826E-14,-1.));
#6548=DIRECTION('',(0.,1.,3.85052760913826E-14));
#6549=DIRECTION('',(0.,3.85052760913826E-14,-1.));
#6550=DIRECTION('',(0.,1.,3.85052760913826E-14));
#6551=DIRECTION('',(-3.86956989336895E-44,-3.88870634874331E-74,1.));
#6552=DIRECTION('',(-1.,-1.004945370132E-30,-3.86956989336895E-44));
#6553=DIRECTION('',(1.004945370132E-30,-1.,0.));
#6554=DIRECTION('',(1.004945370132E-30,-1.,0.));
#6555=DIRECTION('',(0.,0.,1.));
#6556=DIRECTION('',(0.,0.,1.));
#6557=DIRECTION('',(0.,-1.,0.));
#6558=DIRECTION('',(0.,0.,1.));
#6559=DIRECTION('',(0.,0.,1.));
#6560=DIRECTION('',(0.,0.,1.));
#6561=DIRECTION('',(0.,-1.,0.));
#6562=DIRECTION('',(0.,-1.,0.));
#6563=DIRECTION('',(1.,0.,0.));
#6564=DIRECTION('',(1.,0.,0.));
#6565=DIRECTION('',(0.,-1.,0.));
#6566=DIRECTION('',(1.,0.,0.));
#6567=DIRECTION('',(1.,0.,0.));
#6568=DIRECTION('',(-0.707106781186547,0.707106781186548,0.));
#6569=DIRECTION('',(-0.707106781186548,-0.707106781186547,0.));
#6570=DIRECTION('',(0.,0.,1.));
#6571=DIRECTION('',(-0.707106781186548,-0.707106781186547,0.));
#6572=DIRECTION('',(0.,0.,1.));
#6573=DIRECTION('',(0.,0.,1.));
#6574=DIRECTION('',(0.,-1.,0.));
#6575=DIRECTION('',(0.,0.,1.));
#6576=DIRECTION('',(0.,0.,1.));
#6577=DIRECTION('',(0.,-1.,0.));
#6578=DIRECTION('',(-1.,5.75495534560742E-13,0.));
#6579=DIRECTION('',(-5.75495534560742E-13,-1.,0.));
#6580=DIRECTION('',(-5.75495534560742E-13,-1.,0.));
#6581=DIRECTION('',(0.,0.,1.));
#6582=DIRECTION('',(0.,0.,1.));
#6583=DIRECTION('',(0.,-1.,0.));
#6584=DIRECTION('',(0.,0.,1.));
#6585=DIRECTION('',(0.,0.,1.));
#6586=DIRECTION('',(0.,-1.,0.));
#6587=DIRECTION('',(0.,0.,1.));
#6588=DIRECTION('',(0.,-1.,0.));
#6589=DIRECTION('',(0.,0.,1.));
#6590=DIRECTION('',(0.,0.,1.));
#6591=DIRECTION('',(0.,-1.,0.));
#6592=DIRECTION('',(1.28634494937306E-12,1.,0.));
#6593=DIRECTION('',(-1.,1.28634494937306E-12,0.));
#6594=DIRECTION('',(0.,0.,1.));
#6595=DIRECTION('',(-1.,1.28634494937306E-12,0.));
#6596=DIRECTION('',(-0.707106781186548,-0.707106781186547,0.));
#6597=DIRECTION('',(0.707106781186547,-0.707106781186548,0.));
#6598=DIRECTION('',(0.707106781186547,-0.707106781186548,0.));
#6599=DIRECTION('',(-0.707106781186548,4.72373586593757E-15,0.707106781186548));
#6600=DIRECTION('',(0.707106781186548,0.,0.707106781186548));
#6601=DIRECTION('',(0.,0.,1.));
#6602=DIRECTION('',(0.906228670881193,0.422787885437729,0.));
#6603=DIRECTION('',(0.,0.,1.));
#6604=DIRECTION('',(0.,0.,1.));
#6605=DIRECTION('',(1.,0.,0.));
#6606=DIRECTION('',(0.,0.,-1.));
#6607=DIRECTION('',(0.,0.,1.));
#6608=DIRECTION('',(1.,0.,0.));
#6609=DIRECTION('',(0.,1.,0.));
#6610=DIRECTION('',(0.,1.,0.));
#6611=DIRECTION('',(0.,0.,-1.));
#6612=DIRECTION('',(0.,0.,1.));
#6613=DIRECTION('',(1.,-1.53878172801658E-9,0.));
#6614=DIRECTION('',(1.53878172801658E-9,1.,0.));
#6615=DIRECTION('',(0.,0.,1.));
#6616=DIRECTION('',(1.53878172801658E-9,1.,0.));
#6617=DIRECTION('',(0.,0.,1.));
#6618=DIRECTION('',(0.,0.,1.));
#6619=DIRECTION('',(0.906228327844742,-0.422788620721659,0.));
#6620=DIRECTION('',(0.,0.,1.));
#6621=DIRECTION('',(1.,0.,0.));
#6622=DIRECTION('',(0.,0.,1.));
#6623=DIRECTION('',(0.,-1.,0.));
#6624=DIRECTION('',(0.,0.,1.));
#6625=DIRECTION('',(0.,-1.,0.));
#6626=DIRECTION('',(0.,0.,1.));
#6627=DIRECTION('',(0.707106781188553,-0.707106781184542,0.));
#6628=DIRECTION('',(0.707106781184542,0.707106781188553,0.));
#6629=DIRECTION('',(0.707106781184542,0.707106781188553,0.));
#6630=DIRECTION('',(0.,0.,1.));
#6631=DIRECTION('',(0.,0.,1.));
#6632=DIRECTION('',(0.,-1.,0.));
#6633=DIRECTION('',(0.,0.,1.));
#6634=DIRECTION('',(0.,-1.,0.));
#6635=DIRECTION('',(0.,0.,1.));
#6636=DIRECTION('',(-1.28624885726994E-12,-1.,0.));
#6637=DIRECTION('',(1.,-1.28624885726994E-12,0.));
#6638=DIRECTION('',(1.,-1.28624885726994E-12,0.));
#6639=DIRECTION('',(0.,0.,1.));
#6640=DIRECTION('',(-0.999999997415035,7.19022318766281E-5,0.));
#6641=DIRECTION('',(-7.19022318766281E-5,-0.999999997415035,0.));
#6642=DIRECTION('',(-7.19022318766281E-5,-0.999999997415035,0.));
#6643=DIRECTION('',(0.,0.,1.));
#6644=DIRECTION('',(0.,-1.,0.));
#6645=DIRECTION('',(0.,0.,1.));
#6646=DIRECTION('',(0.,0.,1.));
#6647=DIRECTION('',(0.,-1.,0.));
#6648=DIRECTION('',(0.707106781187431,0.707106781185664,0.));
#6649=DIRECTION('',(-0.707106781185664,0.707106781187431,0.));
#6650=DIRECTION('',(0.707106781187431,0.707106781185664,0.));
#6651=DIRECTION('',(-0.707106781185664,0.707106781187431,5.58255096420201E-14));
#6652=DIRECTION('',(-0.707106781185664,0.707106781187431,0.));
#6653=DIRECTION('',(0.707106781186037,-0.707106781187058,7.21535786343746E-13));
#6654=DIRECTION('',(0.5,0.5,0.707106781186548));
#6655=DIRECTION('',(0.,-0.816496580927726,0.577350269189625));
#6656=DIRECTION('',(-0.707106781186548,0.707106781186548,0.));
#6657=DIRECTION('',(0.707106781186548,0.707106781186548,0.));
#6658=DIRECTION('',(-0.707106781186548,0.707106781186548,0.));
#6659=DIRECTION('',(0.707106781186515,-0.707106781186579,0.));
#6660=DIRECTION('',(0.,0.,1.));
#6661=DIRECTION('',(0.,1.,3.94745964311167E-14));
#6662=DIRECTION('',(0.,-3.94745964311167E-14,1.));
#6663=DIRECTION('',(0.,1.,3.94745964311167E-14));
#6664=DIRECTION('',(0.,0.,-1.));
#6665=DIRECTION('',(0.,1.,0.));
#6666=DIRECTION('',(0.,0.,-1.));
#6667=DIRECTION('',(0.,1.,0.));
#6668=DIRECTION('',(0.,0.,-1.));
#6669=DIRECTION('',(0.,1.,0.));
#6670=DIRECTION('',(1.,0.,0.));
#6671=DIRECTION('',(0.,0.,-1.));
#6672=DIRECTION('',(1.,0.,0.));
#6673=DIRECTION('',(0.,0.,1.));
#6674=DIRECTION('',(1.,0.,0.));
#6675=DIRECTION('',(0.,1.,0.));
#6676=DIRECTION('',(0.,0.,-1.));
#6677=DIRECTION('',(0.,1.,0.));
#6678=DIRECTION('',(0.,0.,-1.));
#6679=DIRECTION('',(-1.,0.,0.));
#6680=DIRECTION('',(0.,-1.,0.));
#6681=DIRECTION('',(-4.01176141944823E-16,-1.,-4.01176141944823E-16));
#6682=DIRECTION('',(-4.01176141944823E-16,-1.,-4.01176141944823E-16));
#6683=DIRECTION('',(-0.707106781186548,-6.02094932402184E-16,0.707106781186547));
#6684=DIRECTION('',(0.707106781186547,3.09930472164346E-16,0.707106781186548));
#6685=DIRECTION('',(-0.707106781186548,0.,0.707106781186548));
#6686=DIRECTION('',(0.70710678118655,0.,-0.707106781186545));
#6687=DIRECTION('',(0.707106781186548,-5.67348740838882E-16,0.707106781186548));
#6688=DIRECTION('',(-0.707106781186548,0.,0.707106781186548));
#6689=DIRECTION('',(-4.01176141944823E-16,-1.,-4.01176141944823E-16));
#6690=DIRECTION('',(1.,-1.11022302462516E-15,0.));
#6691=DIRECTION('',(1.11022302462516E-15,1.,0.));
#6692=DIRECTION('',(0.,0.,1.));
#6693=DIRECTION('',(0.,0.,-1.));
#6694=DIRECTION('',(1.11022302462516E-15,1.,0.));
#6695=DIRECTION('',(0.,0.,1.));
#6696=DIRECTION('',(0.,0.,-1.));
#6697=DIRECTION('',(0.,3.94745964311167E-14,-1.));
#6698=DIRECTION('',(0.,1.,3.94745964311167E-14));
#6699=CARTESIAN_POINT('',(0.,0.,0.));
#6700=CARTESIAN_POINT('',(0.0296038612010034,0.0122623208080663,0.00571250000001735));
#6701=CARTESIAN_POINT('',(0.0429656721891626,0.0256241317960633,0.00571250398996137));
#6702=CARTESIAN_POINT('',(0.0328628868742228,0.0155213464812462,0.0200000000000062));
#6703=CARTESIAN_POINT('',(0.04296567501044,0.0256241346174218,0.00571250000002441));
#6704=CARTESIAN_POINT('',(0.0296038612010034,0.0122623208080663,0.0199999999999818));
#6705=CARTESIAN_POINT('',(0.0342124937176633,0.0121816171530485,0.0199999999999909));
#6706=CARTESIAN_POINT('',(0.0484999458200787,0.0121524344701355,0.00571255417993518));
#6707=CARTESIAN_POINT('',(0.0421239318817822,0.0121709735197085,0.0120885681182317));
#6708=CARTESIAN_POINT('',(0.0373614748333831,0.0121895125692765,0.0168510251666307));
#6709=CARTESIAN_POINT('',(0.0342125746748816,0.0122080516188393,0.0199999253251323));
#6710=CARTESIAN_POINT('',(0.048499947863636,0.0121538401247397,0.00571255213637782));
#6711=CARTESIAN_POINT('',(0.0296038612010034,0.0122623208080663,0.00571250000001823));
#6712=CARTESIAN_POINT('',(0.0296038612010034,0.0122623208080663,0.));
#6713=CARTESIAN_POINT('',(0.0484655996365005,0.0111173493043831,0.00624366221253536));
#6714=CARTESIAN_POINT('',(0.0484865200992599,0.0114619834679835,0.006065554358394));
#6715=CARTESIAN_POINT('',(0.0484980243642717,0.0118075874382445,0.00588873054547099));
#6716=CARTESIAN_POINT('',(0.0485000093867995,0.0121540605023713,0.00571298729983388));
#6717=CARTESIAN_POINT('',(0.0484656001115647,0.0111173485101486,0.00624366073151864));
#6718=CARTESIAN_POINT('',(0.0484655995689493,0.0111173481915768,0.00624366005123215));
#6719=CARTESIAN_POINT('',(0.0484785894203446,0.0113313368712426,0.00613306551705761));
#6720=CARTESIAN_POINT('',(0.048491904854324,0.0116454804127486,0.00594853112303563));
#6721=CARTESIAN_POINT('',(0.0484991894023339,0.0120073099295196,0.00563621197101999));
#6722=CARTESIAN_POINT('',(0.0485000157812821,0.0121551824322583,0.00542591152635485));
#6723=CARTESIAN_POINT('',(0.0485000157833926,0.0121551828044932,0.00530376969340983));
#6724=CARTESIAN_POINT('',(0.0485000157833837,0.0121551828029128,0.00530376969340958));
#6725=CARTESIAN_POINT('',(0.0485000157833926,0.0121551828044942,0.));
#6726=CARTESIAN_POINT('',(0.0485000157833926,0.0121551828044942,0.));
#6727=CARTESIAN_POINT('',(0.0296038612010034,0.0122623208080663,0.));
#6728=CARTESIAN_POINT('',(0.0429656750104403,0.0256241346174215,0.));
#6729=CARTESIAN_POINT('',(0.0429656750104698,0.0256241346173704,0.));
#6730=CARTESIAN_POINT('',(0.04135625,-0.0120701044549313,0.01285625));
#6731=CARTESIAN_POINT('',(0.034212504198371,0.0121552457811929,0.0199999958016428));
#6732=CARTESIAN_POINT('',(0.038974985420126,0.0121552457811929,0.0152375145798878));
#6733=CARTESIAN_POINT('',(0.043737466641881,0.0121552457811929,0.0104750333581328));
#6734=CARTESIAN_POINT('',(0.048499947863636,0.0121552457811929,0.00571255213637781));
#6735=CARTESIAN_POINT('',(0.055,-0.004,-0.013));
#6736=CARTESIAN_POINT('',(0.055,0.004,-0.013));
#6737=CARTESIAN_POINT('',(0.0478330429724056,0.004,-0.013));
#6738=CARTESIAN_POINT('',(0.0498397431775085,0.004,-0.013));
#6739=CARTESIAN_POINT('',(0.055,0.004,-0.013));
#6740=CARTESIAN_POINT('',(0.0528397431775085,0.004,-0.013));
#6741=CARTESIAN_POINT('',(0.055,0.004,-0.013));
#6742=CARTESIAN_POINT('',(0.055,0.004,-0.013));
#6743=CARTESIAN_POINT('',(0.055,-0.004,-0.013));
#6744=CARTESIAN_POINT('',(0.055,-0.004,-0.013));
#6745=CARTESIAN_POINT('',(0.055,-0.004,-0.013));
#6746=CARTESIAN_POINT('',(0.0528397431775085,-0.004,-0.013));
#6747=CARTESIAN_POINT('',(0.055,-0.004,-0.013));
#6748=CARTESIAN_POINT('',(0.0498397431775085,-0.004,-0.013));
#6749=CARTESIAN_POINT('',(0.055,-0.004,-0.013));
#6750=CARTESIAN_POINT('',(0.0478330429724056,-0.004,-0.013));
#6751=CARTESIAN_POINT('',(0.,0.,-0.013));
#6752=CARTESIAN_POINT('',(0.055,0.004,-0.026));
#6753=CARTESIAN_POINT('',(0.0498397431775084,0.004,0.));
#6754=CARTESIAN_POINT('',(0.0498397431775052,0.004,-0.00487500000000328));
#6755=CARTESIAN_POINT('',(0.0498397431775019,0.004,-0.00487500000000655));
#6756=CARTESIAN_POINT('',(0.0508398337673016,0.004,-0.00587188516299863));
#6757=CARTESIAN_POINT('',(0.0518398286391641,0.004,-0.00686886633425529));
#6758=CARTESIAN_POINT('',(0.0528397431775096,0.004,-0.00786592808269106));
#6759=CARTESIAN_POINT('',(0.0528397431775085,0.00400000000000008,-0.00786592808269108));
#6760=CARTESIAN_POINT('',(0.0528397431775085,0.004,-0.026));
#6761=CARTESIAN_POINT('',(0.0299874195044311,0.0251231672202397,0.00646875008));
#6762=CARTESIAN_POINT('',(0.0408001606061419,0.0234586202132048,0.));
#6763=CARTESIAN_POINT('',(0.0408001606061618,0.0234586202132043,1.6531914726059E-14));
#6764=CARTESIAN_POINT('',(0.0236242019540375,0.0406345788653598,1.65015570652294E-14));
#6765=CARTESIAN_POINT('',(0.0408001606061575,0.0234586202132203,2.19650686528184E-14));
#6766=CARTESIAN_POINT('',(0.0400930538249765,0.0227515134320306,0.00100000000001625));
#6767=CARTESIAN_POINT('',(0.0400930538249721,0.022751513432035,0.00100000000002024));
#6768=CARTESIAN_POINT('',(0.0229095870752284,0.0399349801817975,0.00100000000001411));
#6769=CARTESIAN_POINT('',(0.0236242019537642,0.0406345788656447,-2.60208521396521E-17));
#6770=CARTESIAN_POINT('',(0.0296038612010034,0.0122623208080663,1.6535384173011E-14));
#6771=CARTESIAN_POINT('',(0.0296038612010034,0.0122623208080663,1.6531914726059E-14));
#6772=CARTESIAN_POINT('',(0.0454375001599495,0.0121617322562497,1.6531914726059E-14));
#6773=CARTESIAN_POINT('',(0.045437500160014,0.0121617322664138,1.05524096450391E-17));
#6774=CARTESIAN_POINT('',(0.0444375001599615,0.0121649604492428,0.00100000000003235));
#6775=CARTESIAN_POINT('',(0.0296038612010034,0.0122623208080663,0.00100000000001226));
#6776=CARTESIAN_POINT('',(0.0389687500800071,0.000149195636355454,0.00646875008));
#6777=CARTESIAN_POINT('',(0.0454375001599014,-0.0119209088197782,0.));
#6778=CARTESIAN_POINT('',(0.0454375001599671,-0.0122193000900063,-3.27758653551059E-14));
#6779=CARTESIAN_POINT('',(0.0389687500800036,-0.0122193000900064,0.00646875007999644));
#6780=CARTESIAN_POINT('',(0.0444375001599722,-0.0122193000900064,0.00100000000002778));
#6781=CARTESIAN_POINT('',(0.0444375001599581,0.000149195636355454,0.001000000000049));
#6782=CARTESIAN_POINT('',(0.0295,-0.0122193000900063,-3.27828042490097E-14));
#6783=CARTESIAN_POINT('',(0.0295,-0.0122193000900063,-3.27758653551059E-14));
#6784=CARTESIAN_POINT('',(0.0407695144382716,-0.0234888145283068,-3.27758653551059E-14));
#6785=CARTESIAN_POINT('',(0.036195417390859,-0.0189147174808652,0.00646875008));
#6786=CARTESIAN_POINT('',(0.0400624076570764,-0.0227817077470951,0.00100000000001011));
#6787=CARTESIAN_POINT('',(0.0295,-0.0122193000900063,0.00100000000001011));
#6788=CARTESIAN_POINT('',(0.0326670891231353,-0.0224430457487284,0.00646875008));
#6789=CARTESIAN_POINT('',(0.0234888145282597,-0.0407695144382533,0.));
#6790=CARTESIAN_POINT('',(0.0234888145282727,-0.0407695144382952,-1.48422940604576E-14));
#6791=CARTESIAN_POINT('',(0.0234888145282819,-0.0407695144382755,3.13707393395646E-14));
#6792=CARTESIAN_POINT('',(0.0227817077470908,-0.040062407657097,0.00100000000002022));
#6793=CARTESIAN_POINT('',(0.022781707747097,-0.0400624076570907,0.00100000000002893));
#6794=CARTESIAN_POINT('',(0.00634792042971811,0.0679034415516495,-0.004));
#6795=CARTESIAN_POINT('',(0.00634792042971811,0.0679034415516495,-0.004));
#6796=CARTESIAN_POINT('',(0.00834792042971811,0.0679034415516495,-0.004));
#6797=CARTESIAN_POINT('',(0.00634792042971811,0.0655034415516495,-0.004));
#6798=CARTESIAN_POINT('',(0.00834792042971811,0.0655034415516495,-0.004));
#6799=CARTESIAN_POINT('',(0.00634792042971811,0.0679034415516495,0.003));
#6800=CARTESIAN_POINT('',(0.00634792042971811,0.0679034415516495,0.003));
#6801=CARTESIAN_POINT('',(0.00834792042971811,0.0679034415516495,0.003));
#6802=CARTESIAN_POINT('',(0.00634792042971811,0.0655034415516495,0.003));
#6803=CARTESIAN_POINT('',(0.00531479713117141,0.0655034415516495,0.0047125));
#6804=CARTESIAN_POINT('',(0.00738104372826481,0.0655034415516495,0.0047125));
#6805=CARTESIAN_POINT('',(0.00531479713117141,0.0655034415516495,0.0047125));
#6806=CARTESIAN_POINT('',(0.00562786052628292,0.0655034415516495,0.00490136603644487));
#6807=CARTESIAN_POINT('',(0.00634506301992763,0.0654190031080407,0.00509870607584775));
#6808=CARTESIAN_POINT('',(0.00706822250190406,0.0655034415516495,0.00490121993999022));
#6809=CARTESIAN_POINT('',(0.00738104372826481,0.0655034415516495,0.0047125));
#6810=CARTESIAN_POINT('',(-0.022394142766536,0.0649034415516495,0.00533109961701536));
#6811=CARTESIAN_POINT('',(0.0163549944994674,0.0649034415516495,0.00533109961701536));
#6812=CARTESIAN_POINT('',(0.0163549944994674,0.0673447429449813,0.00707467281792096));
#6813=CARTESIAN_POINT('',(0.0163549944994674,0.0679034415516495,0.00533109961701536));
#6814=CARTESIAN_POINT('',(-0.00914443034453487,0.0679034415516495,0.00533109961701536));
#6815=CARTESIAN_POINT('',(-0.0346438551885372,0.0679034415516495,0.00533109961701536));
#6816=CARTESIAN_POINT('',(-0.0346438551885372,0.0649034415516495,0.00533109961701536));
#6817=CARTESIAN_POINT('',(-0.0346438551885372,0.0673447429449813,0.00707467281792095));
#6818=CARTESIAN_POINT('',(-0.022394142766536,0.0673447429449813,0.00707467281792096));
#6819=CARTESIAN_POINT('',(-0.0332438551885372,0.057803674578123,0.0134833347860442));
#6820=CARTESIAN_POINT('',(-0.0332438551885372,0.058510781359364,0.0141904415671763));
#6821=CARTESIAN_POINT('',(-0.0332438551885372,0.0505688402447612,0.0221323826830238));
#6822=CARTESIAN_POINT('',(-0.0332438551885372,0.0623241253876623,0.0103770975382908));
#6823=CARTESIAN_POINT('',(-0.0342438551885372,0.049154626682388,0.0221323826831109));
#6824=CARTESIAN_POINT('',(-0.0342438551885372,0.049272802714228,0.0221323826831018));
#6825=CARTESIAN_POINT('',(-0.0342293768273745,0.0494239099795586,0.0221328666586358));
#6826=CARTESIAN_POINT('',(-0.034195949996781,0.0495896114035093,0.0221325427430318));
#6827=CARTESIAN_POINT('',(-0.0341795015213939,0.0496595519428851,0.0221323187393889));
#6828=CARTESIAN_POINT('',(-0.0341279048552412,0.0498233281022794,0.0221324783978375));
#6829=CARTESIAN_POINT('',(-0.0340565733933709,0.0499861744146673,0.0221325616642906));
#6830=CARTESIAN_POINT('',(-0.0339191410995547,0.0502276230445363,0.0221322535818033));
#6831=CARTESIAN_POINT('',(-0.0336111267588554,0.050512384068707,0.0221324296289064));
#6832=CARTESIAN_POINT('',(-0.0333680078432706,0.0505688402447612,0.022132382683002));
#6833=CARTESIAN_POINT('',(-0.0332438551885372,0.0505688402447612,0.022132382683002));
#6834=CARTESIAN_POINT('',(-0.0342438551885372,0.049154626682388,0.0221323826831109));
#6835=CARTESIAN_POINT('',(-0.0342438551885372,0.0616170186064213,0.00966999075715866));
#6836=CARTESIAN_POINT('',(-0.0342438551885372,0.0616170186064213,0.00966999075715866));
#6837=CARTESIAN_POINT('',(-0.0332438551885372,0.0616170186064213,0.0096699907571587));
#6838=CARTESIAN_POINT('',(-0.0332438551885372,0.0602028050439393,0.00825577719489444));
#6839=CARTESIAN_POINT('',(-0.0332438551885372,0.0602028050439393,0.00825577719489444));
#6840=CARTESIAN_POINT('',(-0.0332438551885372,0.0629744436415174,0.00940382749188301));
#6841=CARTESIAN_POINT('',(-0.0342438551885372,0.0620505641089914,0.00902114405955348));
#6842=CARTESIAN_POINT('',(-0.0342438551885372,0.0619490701523594,0.00926617214617997));
#6843=CARTESIAN_POINT('',(-0.0342438551885372,0.061804554984836,0.00948245437871503));
#6844=CARTESIAN_POINT('',(-0.0342438551885372,0.0616170186064213,0.00966999075715866));
#6845=CARTESIAN_POINT('',(-0.0342438551885372,0.0620505641089914,0.00902114405955349));
#6846=CARTESIAN_POINT('',(-0.0332438551885372,0.0620505641089914,0.00902114405955348));
#6847=CARTESIAN_POINT('',(-0.0332438551885372,0.0633442888278862,0.00589781629688026));
#6848=CARTESIAN_POINT('',(-0.0332438551885372,0.064040035023079,0.00683126232628894));
#6849=CARTESIAN_POINT('',(-0.0332855961943341,0.064040035023079,0.00683126232628894));
#6850=CARTESIAN_POINT('',(-0.0333699437813689,0.0640244579967871,0.00685845473119394));
#6851=CARTESIAN_POINT('',(-0.0335024054752065,0.0639352439467521,0.00699943912686049));
#6852=CARTESIAN_POINT('',(-0.0335738273814322,0.063868034226474,0.00710229244587965));
#6853=CARTESIAN_POINT('',(-0.0336459201952367,0.0637883278124422,0.0072202978238161));
#6854=CARTESIAN_POINT('',(-0.0336855280739591,0.0637381276212702,0.00729277035444356));
#6855=CARTESIAN_POINT('',(-0.0337305783214924,0.0636772998899987,0.00737767464532409));
#6856=CARTESIAN_POINT('',(-0.0337539656731373,0.0636433326660928,0.00742343343602935));
#6857=CARTESIAN_POINT('',(-0.0337539656731753,0.0636433326663154,0.00742343343598285));
#6858=CARTESIAN_POINT('',(-0.0332438551885372,0.064040035023079,0.00683126232628893));
#6859=CARTESIAN_POINT('',(-0.0332438551885372,0.0642681683604122,0.00628049972920978));
#6860=CARTESIAN_POINT('',(-0.0342438551885372,0.0636320526706102,0.00520309292493976));
#6861=CARTESIAN_POINT('',(-0.0342438551885372,0.0636320526706102,0.00520309292493982));
#6862=CARTESIAN_POINT('',(-0.0341134102735478,0.0640096055941579,0.00558205508562328));
#6863=CARTESIAN_POINT('',(-0.0342064465728989,0.063866056531434,0.00550053099357975));
#6864=CARTESIAN_POINT('',(-0.0342438551885372,0.0637249662647071,0.00536812562043448));
#6865=CARTESIAN_POINT('',(-0.0342438551885372,0.0636320526706102,0.0052030929249398));
#6866=CARTESIAN_POINT('',(-0.0341134102736777,0.06400960559379,0.00558205508550349));
#6867=CARTESIAN_POINT('',(-0.0332438551885372,0.0645034415516495,0.00309937407000446));
#6868=CARTESIAN_POINT('',(-0.021594142766536,0.0645034415516495,0.0047125));
#6869=CARTESIAN_POINT('',(-0.0342438551885372,0.0645034415516495,0.0047125));
#6870=CARTESIAN_POINT('',(-0.0342438551885372,0.0645034415516495,0.0057125));
#6871=CARTESIAN_POINT('',(-0.0332438551885372,0.0645034415516495,0.0047125));
#6872=CARTESIAN_POINT('',(-0.0332438551885372,0.0458401885740474,0.00214011714672628));
#6873=CARTESIAN_POINT('',(-0.0332438551885372,0.0485228090792839,0.00214011714660501));
#6874=CARTESIAN_POINT('',(-0.0332438551885372,0.0475228090792849,0.00114011714665022));
#6875=CARTESIAN_POINT('',(-0.0342438551885372,0.0485228090793335,0.00214011714665464));
#6876=CARTESIAN_POINT('',(-0.0342438551885372,0.044157568068493,0.00214011714670426));
#6877=CARTESIAN_POINT('',(-0.0342438551885372,0.0463274072589567,0.00214011714670423));
#6878=CARTESIAN_POINT('',(-0.0332438551885372,0.0463274072589568,0.00214011714670425));
#6879=CARTESIAN_POINT('',(-0.0332438551885372,0.045913193696563,0.00114011714672298));
#6880=CARTESIAN_POINT('',(-0.0332438551885372,0.0458401885740022,0.00114011714672628));
#6881=CARTESIAN_POINT('',(-0.0332438551885372,0.047433776346507,0.00103374805914674));
#6882=CARTESIAN_POINT('',(-0.0332438551885372,0.0336435586982328,0.0148239657075117));
#6883=CARTESIAN_POINT('',(-0.0332438551885372,0.033643558698219,0.0134097521451477));
#6884=CARTESIAN_POINT('',(-0.0342438551885372,0.0336435586982707,0.0148239657074737));
#6885=CARTESIAN_POINT('',(-0.0332438551885372,0.0467266695653181,0.000326641277962518));
#6886=CARTESIAN_POINT('',(-0.0342438551885372,0.0336435586982328,0.0148239657075116));
#6887=CARTESIAN_POINT('',(-0.021594142766536,0.0645034415516495,0.0047125));
#6888=CARTESIAN_POINT('',(-0.00894443034453489,0.0655034415516495,0.0047125));
#6889=CARTESIAN_POINT('',(0.0153549944994674,0.0655034415516495,0.0047125));
#6890=CARTESIAN_POINT('',(0.0153549944994674,0.0645034415516495,0.0047125));
#6891=CARTESIAN_POINT('',(0.0153549944994674,0.0650804995689014,0.00552920315581937));
#6892=CARTESIAN_POINT('',(-0.021594142766536,0.0650804995689014,0.00552920315581936));
#6893=CARTESIAN_POINT('',(-0.0332438551885372,0.0650804995689014,0.00552920315581937));
#6894=CARTESIAN_POINT('',(-0.0340832164467759,0.0650470155402478,0.0055518612565036));
#6895=CARTESIAN_POINT('',(-0.0337927275129274,0.0650695709136893,0.00553725429887851));
#6896=CARTESIAN_POINT('',(-0.0335129404268479,0.0650804318027469,0.00552925103735681));
#6897=CARTESIAN_POINT('',(-0.0332438551885372,0.0650804995689014,0.00552920315581936));
#6898=CARTESIAN_POINT('',(-0.0340832164626512,0.0650470397019947,0.00555189842259442));
#6899=CARTESIAN_POINT('',(-0.0332438551885372,0.0645034415516495,0.0047125));
#6900=CARTESIAN_POINT('',(-0.0332438551885372,0.0655034415516495,0.0047125));
#6901=CARTESIAN_POINT('',(-0.00894443034453489,0.0655034415516495,0.0047125));
#6902=CARTESIAN_POINT('',(0.054,-3.14460122641214E-15,0.012));
#6903=CARTESIAN_POINT('',(0.054,-0.00394484621231005,0.0117982864376203));
#6904=CARTESIAN_POINT('',(0.054,-0.00294615096868804,0.0118493531622733));
#6905=CARTESIAN_POINT('',(0.055,-0.00394484621231004,0.0117982864376201));
#6906=CARTESIAN_POINT('',(0.055,0.00394484621230374,0.0117982864376199));
#6907=CARTESIAN_POINT('',(0.055,0.00391998821399223,0.0113121466891189));
#6908=CARTESIAN_POINT('',(0.055,0.00376689288806044,0.0106355056623496));
#6909=CARTESIAN_POINT('',(0.055,0.00325070374947933,0.00970615304286289));
#6910=CARTESIAN_POINT('',(0.055,0.00273691929387934,0.00911885776078851));
#6911=CARTESIAN_POINT('',(0.055,0.00212654375213919,0.00863741378124289));
#6912=CARTESIAN_POINT('',(0.055,0.00140556185699625,0.0082836493584424));
#6913=CARTESIAN_POINT('',(0.055,0.000726598315533377,0.00809525797976193));
#6914=CARTESIAN_POINT('',(0.055,-2.55295444414302E-7,0.00802741775099112));
#6915=CARTESIAN_POINT('',(0.055,-0.000725577133774596,0.00809507101627358));
#6916=CARTESIAN_POINT('',(0.055,-0.00140603549853351,0.00828383415116107));
#6917=CARTESIAN_POINT('',(0.055,-0.00212567036778668,0.00863686157385686));
#6918=CARTESIAN_POINT('',(0.055,-0.00273728174179521,0.00911919017269862));
#6919=CARTESIAN_POINT('',(0.055,-0.00325012734220608,0.00970537560260849));
#6920=CARTESIAN_POINT('',(0.055,-0.00376724243218514,0.0106360444813172));
#6921=CARTESIAN_POINT('',(0.055,-0.00391996971524509,0.0113117849150441));
#6922=CARTESIAN_POINT('',(0.055,-0.00394484621231003,0.0117982864376199));
#6923=CARTESIAN_POINT('',(0.055,0.00394484621230375,0.0117982864376199));
#6924=CARTESIAN_POINT('',(0.054,0.00394484621230374,0.0117982864376199));
#6925=CARTESIAN_POINT('',(0.054,0.00294615096868173,0.0118493531622729));
#6926=CARTESIAN_POINT('',(0.054,-3.14460122641214E-15,0.012));
#6927=CARTESIAN_POINT('',(0.0287943415497757,-0.00848720756640164,0.));
#6928=CARTESIAN_POINT('',(0.,0.,0.));
#6929=CARTESIAN_POINT('',(0.00223550889092936,-0.0499499999999857,7.18891613569661E-16));
#6930=CARTESIAN_POINT('',(-0.00223550889102574,-0.0499499999999814,-7.18891613569661E-16));
#6931=CARTESIAN_POINT('',(-0.00342533203726391,-0.0499499999999807,-7.52653148139437E-16));
#6932=CARTESIAN_POINT('',(0.03556393982222,-0.034050722785409,0.000725));
#6933=CARTESIAN_POINT('',(0.,0.,0.0499499999998681));
#6934=CARTESIAN_POINT('',(0.0428897356066621,-0.0256996221682462,0.00145000000000006));
#6935=CARTESIAN_POINT('',(0.0369007272182133,-0.0337392402221361,-1.78893358460106E-18));
#6936=CARTESIAN_POINT('',(0.0428897356066622,-0.0256996221682462,0.00145000000000004));
#6937=CARTESIAN_POINT('',(0.0256996221682462,-0.0428897356066621,0.00145000000000006));
#6938=CARTESIAN_POINT('',(0.,0.,0.0499499999998681));
#6939=CARTESIAN_POINT('',(0.0337392402221361,-0.0369007272182133,-1.68051336735255E-18));
#6940=CARTESIAN_POINT('',(0.0337392402221351,-0.0369007272182143,3.26344853918137E-17));
#6941=CARTESIAN_POINT('',(0.0287943415497757,-0.00848720756640164,0.));
#6942=CARTESIAN_POINT('',(0.,0.,0.));
#6943=CARTESIAN_POINT('',(0.0150882956585983,-0.0119209088197782,0.));
#6944=CARTESIAN_POINT('',(0.0295,-0.0122193000900063,0.));
#6945=CARTESIAN_POINT('',(0.0485,-0.0122193000900398,0.));
#6946=CARTESIAN_POINT('',(0.0429350288424631,-0.0256543289324453,0.));
#6947=CARTESIAN_POINT('',(0.0429350288424757,-0.0256543289324327,0.));
#6948=CARTESIAN_POINT('',(0.0428897356066622,-0.0256996221682462,0.));
#6949=CARTESIAN_POINT('',(0.,0.,0.));
#6950=CARTESIAN_POINT('',(0.0485,-0.0121552457811431,0.));
#6951=CARTESIAN_POINT('',(0.0485,-0.0119209088197782,0.));
#6952=CARTESIAN_POINT('',(0.0173549944994674,0.0478327886696885,-0.00108781558378461));
#6953=CARTESIAN_POINT('',(0.0173549944994674,0.0467815607403914,0.));
#6954=CARTESIAN_POINT('',(0.0173549944994674,0.0467815607403934,0.00399999999999426));
#6955=CARTESIAN_POINT('',(0.0173549944994674,0.0467815607404012,0.00529828643765251));
#6956=CARTESIAN_POINT('',(0.0173549944994625,0.0467815607404065,0.00529828643764194));
#6957=CARTESIAN_POINT('',(0.0173549944994625,0.0448131114204433,0.00718634879168146));
#6958=CARTESIAN_POINT('',(0.0173549944994685,0.0418474767561041,0.0100037539566973));
#6959=CARTESIAN_POINT('',(0.0173549944994672,0.0377755042037411,0.0136267991659466));
#6960=CARTESIAN_POINT('',(0.0173549944994674,0.0356539064528121,0.0153412981380192));
#6961=CARTESIAN_POINT('',(0.0173549944994674,0.0345209513554368,0.0161167728528356));
#6962=CARTESIAN_POINT('',(0.0173549945510223,0.0345209513379237,0.0161167728272494));
#6963=CARTESIAN_POINT('',(0.0173549944994674,0.0345209512879687,0.0161167728990357));
#6964=CARTESIAN_POINT('',(0.0173549944994674,0.0304434524183835,0.019));
#6965=CARTESIAN_POINT('',(0.0173549944994674,0.0478327886696885,0.019));
#6966=CARTESIAN_POINT('',(0.0173549944994674,0.0300216116928385,0.019));
#6967=CARTESIAN_POINT('',(0.0173549944994674,0.0300216116928385,-0.00108781558378461));
#6968=CARTESIAN_POINT('',(0.0173549944994674,0.0300216116928385,0.01293750016));
#6969=CARTESIAN_POINT('',(0.0173549944994674,0.0478327886696885,0.01293750016));
#6970=CARTESIAN_POINT('',(0.0173549944994674,0.0325034415516495,0.01293750016));
#6971=CARTESIAN_POINT('',(0.0173549944994674,0.0325034415516495,0.01293750016));
#6972=CARTESIAN_POINT('',(0.0173549944759668,0.0440454413841794,0.00139550032750277));
#6973=CARTESIAN_POINT('',(0.0173549944994674,0.0440454413802863,0.00139550033162948));
#6974=CARTESIAN_POINT('',(0.0173549944994674,0.044961379473018,0.002259571578867));
#6975=CARTESIAN_POINT('',(0.0173549944994674,0.0458728187692744,0.00312836897154739));
#6976=CARTESIAN_POINT('',(0.0173549944994674,0.0467815607403952,0.00399999999999603));
#6977=CARTESIAN_POINT('',(-0.00894443034453489,0.0566574612419283,0.0160437616848973));
#6978=CARTESIAN_POINT('',(0.0153549944994674,0.0537351148742075,0.0189661080530682));
#6979=CARTESIAN_POINT('',(0.0153549944994674,0.0623241253876623,0.0103770975382908));
#6980=CARTESIAN_POINT('',(0.0153549944994674,0.0505688402447612,0.0221323826830565));
#6981=CARTESIAN_POINT('',(-0.0332438551885372,0.0505688402447612,0.022132382683002));
#6982=CARTESIAN_POINT('',(-0.00894443034453489,0.0623241253876623,0.0103770975382908));
#6983=CARTESIAN_POINT('',(0.0153549944994674,0.0650804995689014,0.00552920315581937));
#6984=CARTESIAN_POINT('',(0.0155503884487602,0.0650804995689014,0.00552920315581937));
#6985=CARTESIAN_POINT('',(0.0158748177133737,0.0649981757139153,0.00546624921527933));
#6986=CARTESIAN_POINT('',(0.0161967340890509,0.0647450126996659,0.00524611909701805));
#6987=CARTESIAN_POINT('',(0.0162958979636596,0.0645741993660592,0.00506839655279477));
#6988=CARTESIAN_POINT('',(0.0163232403360192,0.0645034415516495,0.0049625));
#6989=CARTESIAN_POINT('',(0.0153549944994674,0.0646207157624517,0.00585407263847518));
#6990=CARTESIAN_POINT('',(0.0155183979826232,0.0646207157624517,0.00585407263847518));
#6991=CARTESIAN_POINT('',(0.0157920411373249,0.0645765038337084,0.0057883462273729));
#6992=CARTESIAN_POINT('',(0.0161151975128185,0.0644226152418513,0.00552109896277024));
#6993=CARTESIAN_POINT('',(0.0162428373356749,0.0643087081420724,0.00527371774013332));
#6994=CARTESIAN_POINT('',(0.0162853952181432,0.0642694546059315,0.00510907351126936));
#6995=CARTESIAN_POINT('',(0.0153549944994674,0.0642554763911305,0.00631114085358608));
#6996=CARTESIAN_POINT('',(0.0155183979826232,0.0642554763911305,0.00631114085358608));
#6997=CARTESIAN_POINT('',(0.0157920411373249,0.0642240210900611,0.00621682413570954));
#6998=CARTESIAN_POINT('',(0.0161151975128186,0.0641180157556558,0.00584092543458141));
#6999=CARTESIAN_POINT('',(0.0162428373356749,0.0640460359320527,0.00549712174945254));
#7000=CARTESIAN_POINT('',(0.0162853952181432,0.0640354910968349,0.0052654029301069));
#7001=CARTESIAN_POINT('',(0.0153549944994674,0.064040035023079,0.0068312623262889));
#7002=CARTESIAN_POINT('',(0.0155503884487601,0.064040035023079,0.0068312623262889));
#7003=CARTESIAN_POINT('',(0.0158748177133738,0.0639883157571737,0.00669442237171039));
#7004=CARTESIAN_POINT('',(0.0161967340890512,0.0638574113967836,0.00617913375315134));
#7005=CARTESIAN_POINT('',(0.0162958979636597,0.0638000561868171,0.00572749906804546));
#7006=CARTESIAN_POINT('',(0.0163232403360192,0.063810531902255,0.00542548742575294));
#7007=CARTESIAN_POINT('',(0.0163232403360192,0.063810531902255,0.0054254874257529));
#7008=CARTESIAN_POINT('',(0.0163021320916125,0.0638024446756277,0.00565863967294456));
#7009=CARTESIAN_POINT('',(0.0162172598307716,0.0638436327306279,0.00611452444254689));
#7010=CARTESIAN_POINT('',(0.0159218033129008,0.0639763424720709,0.00665481386843227));
#7011=CARTESIAN_POINT('',(0.0155898304988514,0.064040035023079,0.0068312623262889));
#7012=CARTESIAN_POINT('',(0.0153549944994674,0.064040035023079,0.0068312623262889));
#7013=CARTESIAN_POINT('',(0.0163232403360192,0.063810531902255,0.00542548742575291));
#7014=CARTESIAN_POINT('',(0.0153549944994674,0.064040035023079,0.00683126232628891));
#7015=CARTESIAN_POINT('',(0.0153549944994674,0.064040035023079,0.00683126232628893));
#7016=CARTESIAN_POINT('',(0.0153549944994674,0.0642554763911306,0.00631114085358611));
#7017=CARTESIAN_POINT('',(0.0153549944994674,0.0646207157624517,0.00585407263847521));
#7018=CARTESIAN_POINT('',(0.0153549944994674,0.0650804995689014,0.00552920315581939));
#7019=CARTESIAN_POINT('',(0.0163232403360192,0.0645034415516495,0.00496250000000001));
#7020=CARTESIAN_POINT('',(0.016314585789176,0.0645258381751495,0.00499601891579296));
#7021=CARTESIAN_POINT('',(0.0162935668100716,0.0645693272122618,0.00505302967381008));
#7022=CARTESIAN_POINT('',(0.0162802126429722,0.064595390350628,0.00508410841327888));
#7023=CARTESIAN_POINT('',(0.016234264492314,0.0646668749710069,0.00516308813083094));
#7024=CARTESIAN_POINT('',(0.0162064904409838,0.0647037998922531,0.00519950716934919));
#7025=CARTESIAN_POINT('',(0.0161472730961714,0.0647699740276054,0.00526385286038548));
#7026=CARTESIAN_POINT('',(0.0161087669503208,0.0648068305004716,0.00529739044928775));
#7027=CARTESIAN_POINT('',(0.0160377473002697,0.0648644874979151,0.00534990454488322));
#7028=CARTESIAN_POINT('',(0.0159327269399724,0.0649376538878925,0.00541256692047923));
#7029=CARTESIAN_POINT('',(0.0156847380359513,0.0650488512174739,0.00550595511189353));
#7030=CARTESIAN_POINT('',(0.015498759409643,0.0650804995689014,0.00552920315581936));
#7031=CARTESIAN_POINT('',(0.0153549944994674,0.0650804995689014,0.00552920315581936));
#7032=CARTESIAN_POINT('',(0.0163232403360192,0.0645034415516495,0.0049625));
#7033=CARTESIAN_POINT('',(0.0192320511037013,0.0645039273786444,0.00571322709148017));
#7034=CARTESIAN_POINT('',(0.0163549944994674,0.0638352629137023,0.0047125));
#7035=CARTESIAN_POINT('',(0.0163549944994674,0.0638269308626591,0.00495271045953645));
#7036=CARTESIAN_POINT('',(0.0163442970239478,0.0638185993759875,0.00519290464841052));
#7037=CARTESIAN_POINT('',(0.0163232403360192,0.063810531902255,0.0054254874257529));
#7038=CARTESIAN_POINT('',(0.0163549944994674,0.0638352629137023,0.0047125));
#7039=CARTESIAN_POINT('',(0.0163549944994674,0.0639047462346588,0.00490071589026231));
#7040=CARTESIAN_POINT('',(0.0163307113711775,0.0639741545417214,0.00508886301608357));
#7041=CARTESIAN_POINT('',(0.0162853952181432,0.0640354910968348,0.00526540293010687));
#7042=CARTESIAN_POINT('',(0.0163549944994674,0.0638352629137024,0.0047125));
#7043=CARTESIAN_POINT('',(0.0163549944994674,0.0639825616066586,0.00484872132098817));
#7044=CARTESIAN_POINT('',(0.0163307113711775,0.0641298254761296,0.00498484702316274));
#7045=CARTESIAN_POINT('',(0.0162853952181432,0.0642694546059315,0.00510907351126934));
#7046=CARTESIAN_POINT('',(0.0163549944994674,0.0638352629137024,0.0047125));
#7047=CARTESIAN_POINT('',(0.0163549944994674,0.0640603769786583,0.00479672675171403));
#7048=CARTESIAN_POINT('',(0.0163442970239478,0.0642854757955066,0.00488094779832661));
#7049=CARTESIAN_POINT('',(0.0163232403360192,0.0645034415516495,0.0049625));
#7050=CARTESIAN_POINT('',(0.0163232403360192,0.0645034415516495,0.00496250000000002));
#7051=CARTESIAN_POINT('',(0.0163373080720841,0.0643578210846985,0.00490801589250206));
#7052=CARTESIAN_POINT('',(0.0163549944994674,0.0641350948720495,0.00482468255916871));
#7053=CARTESIAN_POINT('',(0.0163549944994674,0.0638352629137024,0.0047125));
#7054=CARTESIAN_POINT('',(0.0163549944994674,0.0638352629137024,0.0047125));
#7055=CARTESIAN_POINT('',(0.0163549944994674,0.0638352629137024,0.0047125));
#7056=CARTESIAN_POINT('',(0.0163549944994674,0.0638241653610824,0.00503243901630517));
#7057=CARTESIAN_POINT('',(0.016337308072084,0.0638159216905999,0.00527010149155614));
#7058=CARTESIAN_POINT('',(0.0163232403360192,0.063810531902255,0.0054254874257529));
#7059=CARTESIAN_POINT('',(-0.00894443034453489,0.0636247618953725,0.00783382034339632));
#7060=CARTESIAN_POINT('',(-0.00894443034453489,0.0629744436415174,0.00940382749188302));
#7061=CARTESIAN_POINT('',(0.0153549944994674,0.0629744436415174,0.009403827491883));
#7062=CARTESIAN_POINT('',(-0.00894443034453489,0.064040035023079,0.00683126232628894));
#7063=CARTESIAN_POINT('',(0.0153549944994674,0.06264473447642,0.0101998158299863));
#7064=CARTESIAN_POINT('',(0.0153549944994674,0.0645034415516495,0.0047125));
#7065=CARTESIAN_POINT('',(0.0153549944994674,0.0645034415516495,0.0047125));
#7066=CARTESIAN_POINT('',(0.0163549944994674,0.0645034415516495,0.0047125));
#7067=CARTESIAN_POINT('',(0.0153549944994674,0.0645034415516495,0.0047125));
#7068=CARTESIAN_POINT('',(0.0173549944994674,0.0485663451934932,-0.001));
#7069=CARTESIAN_POINT('',(0.0173549944994674,0.0483862117384927,-0.00072979981749929));
#7070=CARTESIAN_POINT('',(0.0174710867903597,0.0479655378833982,-9.87890348575452E-5));
#7071=CARTESIAN_POINT('',(0.0178213275394429,0.0476872063997631,0.000318708190595088));
#7072=CARTESIAN_POINT('',(0.0180500671529221,0.04761396957782,0.00042856342350975));
#7073=CARTESIAN_POINT('',(0.0173549944994674,0.0485663451934932,-0.001));
#7074=CARTESIAN_POINT('',(0.0173549944994674,0.0483712006172427,-0.00074481093874933));
#7075=CARTESIAN_POINT('',(0.0174943069441219,0.0479136955423586,-0.000147429277739935));
#7076=CARTESIAN_POINT('',(0.017873232632961,0.0476611857148996,0.000219701109784231));
#7077=CARTESIAN_POINT('',(0.0180842728056572,0.0476030177655794,0.000310777540949876));
#7078=CARTESIAN_POINT('',(0.0173549944994674,0.0485663451934932,-0.001));
#7079=CARTESIAN_POINT('',(0.0173549944994674,0.0483411783747426,-0.000774833181249409));
#7080=CARTESIAN_POINT('',(0.0175167863837176,0.0478114194367761,-0.000245074243282927));
#7081=CARTESIAN_POINT('',(0.0179313058218357,0.0475447534609009,2.15917325922426E-5));
#7082=CARTESIAN_POINT('',(0.0181233695045742,0.0474903478146853,7.59973788079126E-5));
#7083=CARTESIAN_POINT('',(0.0173549944994674,0.0485663451934932,-0.001));
#7084=CARTESIAN_POINT('',(0.0173549944994674,0.0483111561322425,-0.000804855423749488));
#7085=CARTESIAN_POINT('',(0.0174943069441219,0.0477137744712331,-0.000347350348865436));
#7086=CARTESIAN_POINT('',(0.017873232632961,0.047346644083709,-9.4840521406454E-5));
#7087=CARTESIAN_POINT('',(0.0180842728056572,0.0472555676525433,-3.66725720862459E-5));
#7088=CARTESIAN_POINT('',(0.0173549944994674,0.0485663451934932,-0.001));
#7089=CARTESIAN_POINT('',(0.0173549944994674,0.0482961450109925,-0.000819866544999527));
#7090=CARTESIAN_POINT('',(0.0174710867903597,0.0476651342283507,-0.000399192689905033));
#7091=CARTESIAN_POINT('',(0.0178213275394429,0.0472476370028981,-0.00012086120626994));
#7092=CARTESIAN_POINT('',(0.0180500671529221,0.0471377817699834,-4.76243843268314E-5));
#7093=CARTESIAN_POINT('',(0.0180500671529221,0.0471377817699834,-4.76243843268327E-5));
#7094=CARTESIAN_POINT('',(0.0179576357655598,0.0471821731695878,-7.72186507297521E-5));
#7095=CARTESIAN_POINT('',(0.0178189990681014,0.0472847356058368,-0.000144711396599465));
#7096=CARTESIAN_POINT('',(0.0176546564854064,0.0474860330609716,-0.000279399722607435));
#7097=CARTESIAN_POINT('',(0.0175407712927391,0.0476840861894886,-0.000411974666334553));
#7098=CARTESIAN_POINT('',(0.0174782218237705,0.0478390096038981,-0.000514969868182547));
#7099=CARTESIAN_POINT('',(0.0174315333603209,0.0479845766096311,-0.000612088346118792));
#7100=CARTESIAN_POINT('',(0.0173981212990759,0.0481258566606342,-0.000706387964630943));
#7101=CARTESIAN_POINT('',(0.017386851828432,0.0481885147901923,-0.000747991049624503));
#7102=CARTESIAN_POINT('',(0.0173646557198624,0.048333307567419,-0.000844269865654629));
#7103=CARTESIAN_POINT('',(0.0173549944994674,0.0484640974398293,-0.000931834830890718));
#7104=CARTESIAN_POINT('',(0.0173549944994674,0.0485663451934932,-0.001));
#7105=CARTESIAN_POINT('',(0.0173549944994674,0.0485663451934932,-0.001));
#7106=CARTESIAN_POINT('',(0.0180500671529247,0.0471377817699921,-4.76243843260214E-5));
#7107=CARTESIAN_POINT('',(0.0173549944994674,0.0485663451934932,-0.001));
#7108=CARTESIAN_POINT('',(0.0173549944994674,0.0484981907040425,-0.000897768265823963));
#7109=CARTESIAN_POINT('',(0.0173646532687274,0.0484106319374449,-0.000766987954094201));
#7110=CARTESIAN_POINT('',(0.0173868473551293,0.0483143518429841,-0.000622193710951254));
#7111=CARTESIAN_POINT('',(0.0173981243503585,0.0482727240558599,-0.000559497927986117));
#7112=CARTESIAN_POINT('',(0.0174315256284932,0.0481784543488025,-0.000418261458504897));
#7113=CARTESIAN_POINT('',(0.0174782074074554,0.0480813393817626,-0.000272701962601191));
#7114=CARTESIAN_POINT('',(0.0175407778053124,0.0479783098490344,-0.000117727164567908));
#7115=CARTESIAN_POINT('',(0.0176546490372059,0.047845753773011,8.03046357327445E-5));
#7116=CARTESIAN_POINT('',(0.0178189902738432,0.0477110610863608,0.000281606569642417));
#7117=CARTESIAN_POINT('',(0.0179576295055872,0.0476435658485129,0.000384169017470492));
#7118=CARTESIAN_POINT('',(0.0180500671529221,0.04761396957782,0.000428563423509749));
#7119=CARTESIAN_POINT('',(0.0180500671529221,0.04761396957782,0.00042856342350975));
#7120=CARTESIAN_POINT('',(0.0180500671529221,0.04761396957782,0.00042856342350975));
#7121=CARTESIAN_POINT('',(0.0180842728056572,0.0476030177655794,0.000310777540949874));
#7122=CARTESIAN_POINT('',(0.0181233697806593,0.0474903482458317,7.59969476614686E-5));
#7123=CARTESIAN_POINT('',(0.0180842728056572,0.0472555676525433,-3.66725720862481E-5));
#7124=CARTESIAN_POINT('',(0.0180500671529221,0.0471377817699834,-4.76243843268316E-5));
#7125=CARTESIAN_POINT('',(-0.0352952483321554,0.0648964869277226,0.00563211211992315));
#7126=CARTESIAN_POINT('',(-0.0350027008517288,0.064951948874977,0.00560835597049622));
#7127=CARTESIAN_POINT('',(-0.0343730847732672,0.0650464186628281,0.00555534695340687));
#7128=CARTESIAN_POINT('',(-0.0336247972153661,0.0650890399470908,0.00552316878008635));
#7129=CARTESIAN_POINT('',(-0.0332438551885372,0.0650890399470908,0.00552316878008635));
#7130=CARTESIAN_POINT('',(-0.03529159793082,0.0648924553104264,0.00563377322128965));
#7131=CARTESIAN_POINT('',(-0.0349996762295003,0.0649481791950721,0.00561021074706383));
#7132=CARTESIAN_POINT('',(-0.0343712491199964,0.0650432475204553,0.00555738579462883));
#7133=CARTESIAN_POINT('',(-0.0336241780178027,0.065086193154361,0.00552518023866402));
#7134=CARTESIAN_POINT('',(-0.0332438551885372,0.065086193154361,0.00552518023866402));
#7135=CARTESIAN_POINT('',(-0.0352879475294846,0.0648884236931301,0.00563543432265616));
#7136=CARTESIAN_POINT('',(-0.0349966516072718,0.0649444095151672,0.00561206552363144));
#7137=CARTESIAN_POINT('',(-0.0343694134667256,0.0650400763780826,0.00555942463585079));
#7138=CARTESIAN_POINT('',(-0.0336235588202393,0.0650833463616312,0.0055271916972417));
#7139=CARTESIAN_POINT('',(-0.0332438551885372,0.0650833463616312,0.0055271916972417));
#7140=CARTESIAN_POINT('',(-0.0352842971281492,0.0648843920758339,0.00563709542402267));
#7141=CARTESIAN_POINT('',(-0.0349936269850433,0.0649406398352624,0.00561392030019905));
#7142=CARTESIAN_POINT('',(-0.0343675778134547,0.0650369052357098,0.00556146347707275));
#7143=CARTESIAN_POINT('',(-0.0336229396226758,0.0650804995689014,0.00552920315581937));
#7144=CARTESIAN_POINT('',(-0.0332438551885372,0.0650804995689014,0.00552920315581937));
#7145=CARTESIAN_POINT('',(-0.034694722972121,0.0642332479559241,0.00590537892116565));
#7146=CARTESIAN_POINT('',(-0.0345051220416639,0.06433180106818,0.00591348416427747));
#7147=CARTESIAN_POINT('',(-0.0340711025417016,0.0645247359106701,0.00589075551437734));
#7148=CARTESIAN_POINT('',(-0.0335229333912126,0.0646207157624517,0.00585407263847519));
#7149=CARTESIAN_POINT('',(-0.0332438551885372,0.0646207157624517,0.00585407263847519));
#7150=CARTESIAN_POINT('',(-0.0341118651479369,0.0637605652667739,0.00658574204354564));
#7151=CARTESIAN_POINT('',(-0.0340192265220581,0.0638891448410141,0.00653230898749392));
#7152=CARTESIAN_POINT('',(-0.0337746106984854,0.0641348556319793,0.00640004989791251));
#7153=CARTESIAN_POINT('',(-0.0334231152702481,0.0642554763911305,0.00631114085358609));
#7154=CARTESIAN_POINT('',(-0.0332438551885372,0.0642554763911305,0.00631114085358609));
#7155=CARTESIAN_POINT('',(-0.0337539656734402,0.0636433326659931,0.0074234334358005));
#7156=CARTESIAN_POINT('',(-0.0336812981376637,0.063748873237196,0.00728125493725075));
#7157=CARTESIAN_POINT('',(-0.0335247858447667,0.0639430707251555,0.00699236914023541));
#7158=CARTESIAN_POINT('',(-0.0333386262970718,0.064040035023079,0.00683126232628892));
#7159=CARTESIAN_POINT('',(-0.0332438551885372,0.064040035023079,0.00683126232628892));
#7160=CARTESIAN_POINT('',(-0.0332438551885372,0.0650804995689014,0.00552920315581939));
#7161=CARTESIAN_POINT('',(-0.0332438551885372,0.0646207157624517,0.00585407263847521));
#7162=CARTESIAN_POINT('',(-0.0332438551885372,0.0642554763911306,0.00631114085358611));
#7163=CARTESIAN_POINT('',(-0.0332438551885372,0.064040035023079,0.00683126232628893));
#7164=CARTESIAN_POINT('',(-0.0337539656724985,0.0636433326665932,0.00742343343581112));
#7165=CARTESIAN_POINT('',(-0.0338855257342856,0.0637213578654421,0.00703117427170903));
#7166=CARTESIAN_POINT('',(-0.0342535198134216,0.0640224272361775,0.00632133423211555));
#7167=CARTESIAN_POINT('',(-0.0342856377454405,0.064734476590337,0.00575506293138352));
#7168=CARTESIAN_POINT('',(-0.034083192281061,0.0650470528513057,0.00555194275898714));
#7169=CARTESIAN_POINT('',(-0.021594142766536,0.0668116736206571,0.00797931262327748));
#7170=CARTESIAN_POINT('',(-0.0102783549828462,-0.0459999999999711,0.0025));
#7171=CARTESIAN_POINT('',(0.0122193000900075,-0.0459999999999856,0.00249999999998553));
#7172=CARTESIAN_POINT('',(0.0122193000900075,-0.0474999999999616,0.0039999999999753));
#7173=CARTESIAN_POINT('',(0.0122193000900069,-0.0444999999999706,0.00100000000000383));
#7174=CARTESIAN_POINT('',(0.0150882956585983,-0.0444999999999373,0.001));
#7175=CARTESIAN_POINT('',(-0.0346447180127369,-0.0444999999999387,0.0009999999999998));
#7176=CARTESIAN_POINT('',(-0.0346447180127369,-0.0444999999999397,0.001));
#7177=CARTESIAN_POINT('',(-0.0346449337194331,-0.0474999999999397,0.004));
#7178=CARTESIAN_POINT('',(-0.0102783549828462,-0.0474999999999554,0.0039999999999843));
#7179=CARTESIAN_POINT('',(-0.0102783549828393,-0.0406491432187845,0.0121491432188135));
#7180=CARTESIAN_POINT('',(-0.0102783549828393,-0.0337982864376125,0.0189999999999855));
#7181=CARTESIAN_POINT('',(0.0122193000900116,-0.0337982864376067,0.0189999999999958));
#7182=CARTESIAN_POINT('',(-0.0346439485356449,-0.0337982864376043,0.0189999999999824));
#7183=CARTESIAN_POINT('',(0.0122193000900075,-0.0406491432187989,0.012149143218828));
#7184=CARTESIAN_POINT('',(0.0122193000900075,-0.0474999999999815,0.00529828643763852));
#7185=CARTESIAN_POINT('',(-0.0102783549828393,-0.0474999999999554,0.0052982864376426));
#7186=CARTESIAN_POINT('',(-0.0346449337194331,-0.0474999999999397,0.00529828643762691));
#7187=CARTESIAN_POINT('',(-0.0346449337194331,-0.0474999999999397,0.0052982864376269));
#7188=CARTESIAN_POINT('',(0.0122193000900063,-0.0295,0.00399999999996154));
#7189=CARTESIAN_POINT('',(0.0122193000900063,-0.0295,0.00399999999996154));
#7190=CARTESIAN_POINT('',(0.0249472221514296,-0.0422279220611574,0.00399999999997117));
#7191=CARTESIAN_POINT('',(0.0238865619796729,-0.0411672618894008,0.0025));
#7192=CARTESIAN_POINT('',(0.0228259018077875,-0.0401066017176748,0.00100000000000383));
#7193=CARTESIAN_POINT('',(0.0122193000900063,-0.0295,0.00100000000000383));
#7194=CARTESIAN_POINT('',(0.0289985836667549,-0.0360552402022208,0.0025));
#7195=CARTESIAN_POINT('',(0.0422279220612892,-0.0249472221512461,0.004));
#7196=CARTESIAN_POINT('',(0.0422279220613045,-0.0249472221512614,0.00400000000001136));
#7197=CARTESIAN_POINT('',(0.040106601717721,-0.0228259018077214,0.00100000000000385));
#7198=CARTESIAN_POINT('',(0.0401066017177491,-0.0228259018077143,0.001));
#7199=CARTESIAN_POINT('',(0.0249472221513917,-0.0422279220611437,0.004));
#7200=CARTESIAN_POINT('',(0.0295,-0.0122193000900063,0.00400000000004547));
#7201=CARTESIAN_POINT('',(0.0295,-0.0122193000900063,0.00400000000004547));
#7202=CARTESIAN_POINT('',(0.0474999999999526,-0.012219300090078,0.0040000000000341));
#7203=CARTESIAN_POINT('',(0.0459999999999014,-0.0122193000900776,0.0025));
#7204=CARTESIAN_POINT('',(0.0444999999999557,-0.0122193000900387,0.00100000000000385));
#7205=CARTESIAN_POINT('',(0.0295,-0.0122193000900063,0.00100000000000385));
#7206=CARTESIAN_POINT('',(0.046,-0.0120701044549339,0.0025));
#7207=CARTESIAN_POINT('',(0.0475,-0.0120701044549339,0.00399999999999995));
#7208=CARTESIAN_POINT('',(0.0475000000000143,0.0121553814531361,0.00399999999999595));
#7209=CARTESIAN_POINT('',(0.0445000000000138,0.0121643446250474,0.000999999999999971));
#7210=CARTESIAN_POINT('',(0.0455000000000115,0.012161356901077,0.00199999999999765));
#7211=CARTESIAN_POINT('',(0.0465000000000092,0.0121583691771065,0.00299999999999534));
#7212=CARTESIAN_POINT('',(0.0475000000000069,0.0121553814531361,0.00399999999999302));
#7213=CARTESIAN_POINT('',(0.0444999994605968,0.0121643446285953,0.00100000053942877));
#7214=CARTESIAN_POINT('',(0.0445000000000139,-0.0119209088197782,0.001));
#7215=CARTESIAN_POINT('',(0.0296038612010034,0.0122623208080663,0.00400000000001142));
#7216=CARTESIAN_POINT('',(0.0296038612010034,0.0122623208080663,0.00400000000001143));
#7217=CARTESIAN_POINT('',(0.0422585682293036,0.0249170278361878,0.00400000000000857));
#7218=CARTESIAN_POINT('',(0.0411979080575116,0.0238563676643959,0.0025));
#7219=CARTESIAN_POINT('',(0.0401372478856911,0.0227957074926728,0.001));
#7220=CARTESIAN_POINT('',(0.0296038612010034,0.0122623208080663,0.001));
#7221=CARTESIAN_POINT('',(0.0436148240788443,0.0214394516431063,0.0025));
#7222=CARTESIAN_POINT('',(0.0422585682293048,0.0249170278362054,0.004));
#7223=CARTESIAN_POINT('',(0.0250973705783309,0.0420782254871815,0.00399999999999848));
#7224=CARTESIAN_POINT('',(0.0229542577773017,0.0399786976010893,0.00100000000000003));
#7225=CARTESIAN_POINT('',(0.0236686287109777,0.0406785402297863,0.00200000000000003));
#7226=CARTESIAN_POINT('',(0.0243829996446538,0.0413783828584834,0.00300000000000003));
#7227=CARTESIAN_POINT('',(0.0250973705783298,0.0420782254871805,0.00400000000000003));
#7228=CARTESIAN_POINT('',(0.0229542577773006,0.0399786976010882,0.0010000000000015));
#7229=CARTESIAN_POINT('',(0.0229542577773017,0.0399786976010893,0.001));
#7230=CARTESIAN_POINT('',(0.0123549944994674,0.0298266232276572,0.00529828643764304));
#7231=CARTESIAN_POINT('',(0.0123549944994674,0.0298266232276572,0.00529828643764304));
#7232=CARTESIAN_POINT('',(0.025097370578454,0.0420782254870642,0.00529828643763365));
#7233=CARTESIAN_POINT('',(0.0250973705784795,0.0420782254870298,0.00529828643762764));
#7234=CARTESIAN_POINT('',(0.0219239468521278,0.038966502387429,0.0097425563790118));
#7235=CARTESIAN_POINT('',(0.0193431548257905,0.0364474109877419,0.0133487185328145));
#7236=CARTESIAN_POINT('',(0.0173549944994675,0.0345209512879687,0.0161167728990358));
#7237=CARTESIAN_POINT('',(0.0398311969637093,0.0176558245279713,0.0121491432188135));
#7238=CARTESIAN_POINT('',(0.0310863851194686,0.0321340950017382,0.00809497574222298));
#7239=CARTESIAN_POINT('',(0.0316397858816814,0.0316737079731347,0.00802920510044438));
#7240=CARTESIAN_POINT('',(0.0321023962635799,0.0311273316012727,0.00808843659998042));
#7241=CARTESIAN_POINT('',(0.0324799010685857,0.0304695140528078,0.00828664764173336));
#7242=CARTESIAN_POINT('',(0.0327327857792347,0.029708806475113,0.00864573263466301));
#7243=CARTESIAN_POINT('',(0.0328269554221587,0.0288919975349104,0.0091567157821206));
#7244=CARTESIAN_POINT('',(0.0327518034787017,0.0280754393452017,0.00978725006413486));
#7245=CARTESIAN_POINT('',(0.0325103612247064,0.0273034462369736,0.0105038570810572));
#7246=CARTESIAN_POINT('',(0.0321675896823672,0.0266658403300711,0.0111970886235383));
#7247=CARTESIAN_POINT('',(0.0317093640415482,0.0260914889080584,0.0119272308667644));
#7248=CARTESIAN_POINT('',(0.0311429774060895,0.0256045414749464,0.0126720505295056));
#7249=CARTESIAN_POINT('',(0.030500983289037,0.0252330502496007,0.0133886928877485));
#7250=CARTESIAN_POINT('',(0.0297225708957004,0.024965971873109,0.014127966500762));
#7251=CARTESIAN_POINT('',(0.0288935720838809,0.0248708653378275,0.0147814076582278));
#7252=CARTESIAN_POINT('',(0.0280734654411614,0.0249473380091938,0.0153072362820925));
#7253=CARTESIAN_POINT('',(0.0273041994773202,0.0251848214043112,0.0156832633425538));
#7254=CARTESIAN_POINT('',(0.0266232871646006,0.0255574478225388,0.0159012543890933));
#7255=CARTESIAN_POINT('',(0.0260680933258099,0.0260145469915132,0.0159706177953186));
#7256=CARTESIAN_POINT('',(0.0256025174653072,0.0265585648647143,0.0159151509162096));
#7257=CARTESIAN_POINT('',(0.0252183266296253,0.0272276561493107,0.0157136958768191));
#7258=CARTESIAN_POINT('',(0.0249651476573051,0.027989116555324,0.0153542866283035));
#7259=CARTESIAN_POINT('',(0.0248709897441819,0.0288059373730074,0.014843286787977));
#7260=CARTESIAN_POINT('',(0.0249461374157779,0.0296225037761355,0.0142127497188601));
#7261=CARTESIAN_POINT('',(0.0251875808719203,0.0303944952592037,0.0134961430010529));
#7262=CARTESIAN_POINT('',(0.0255303521022271,0.0310321016211944,0.012802911357416));
#7263=CARTESIAN_POINT('',(0.0259885778508239,0.0316064529075225,0.0120727691339231));
#7264=CARTESIAN_POINT('',(0.0265549643657112,0.0320934004364408,0.0113279494886935));
#7265=CARTESIAN_POINT('',(0.027196958863381,0.032464891412478,0.0106113070376013));
#7266=CARTESIAN_POINT('',(0.0279753698107013,0.0327319707186467,0.00987203378969473));
#7267=CARTESIAN_POINT('',(0.0288043738287718,0.0328270739113776,0.0092185913143937));
#7268=CARTESIAN_POINT('',(0.0296244612874268,0.0327506135554519,0.00869276754737969));
#7269=CARTESIAN_POINT('',(0.0303937988302055,0.0325130842096984,0.00831672236497258));
#7270=CARTESIAN_POINT('',(0.0310863851194686,0.0321340950017382,0.00809497574222298));
#7271=CARTESIAN_POINT('',(0.0316397858816814,0.0316737079731347,0.00802920510044438));
#7272=CARTESIAN_POINT('',(0.0321023962635799,0.0311273316012727,0.00808843659998042));
#7273=CARTESIAN_POINT('',(0.0316420427129181,0.0316420427129181,0.00805));
#7274=CARTESIAN_POINT('',(0.0422585682293156,0.0249170278362163,0.0052982864376117));
#7275=CARTESIAN_POINT('',(0.0422585682293026,0.0249170278362032,0.00529828643761604));
#7276=CARTESIAN_POINT('',(0.0325699936554045,0.0152284532624253,0.0190000000000149));
#7277=CARTESIAN_POINT('',(0.0325699936553929,0.0152284532624147,0.0189999999999993));
#7278=CARTESIAN_POINT('',(0.0173549944994674,0.0304434524183835,0.019));
#7279=CARTESIAN_POINT('',(-0.00894443034453489,0.0602028050439393,0.00825577719489444));
#7280=CARTESIAN_POINT('',(0.0153549944994674,0.0602028050439393,0.00825577719489444));
#7281=CARTESIAN_POINT('',(-0.0356450056242489,-0.0474999999999384,0.));
#7282=CARTESIAN_POINT('',(-0.0346449337194331,-0.0474999999999397,0.));
#7283=CARTESIAN_POINT('',(0.0122193000900075,-0.0475,0.));
#7284=CARTESIAN_POINT('',(0.0122193000900063,-0.0295,0.00529828643761302));
#7285=CARTESIAN_POINT('',(0.0122193000900063,-0.0295,0.00529828643761303));
#7286=CARTESIAN_POINT('',(0.0249472221514395,-0.0422279220611916,0.00529828643764596));
#7287=CARTESIAN_POINT('',(0.0122193000900063,-0.0295,0.0189999999999832));
#7288=CARTESIAN_POINT('',(0.0152586475775136,-0.0325393474874466,0.0189999999999916));
#7289=CARTESIAN_POINT('',(0.0201029348644798,-0.0373836347743238,0.0121491432188135));
#7290=CARTESIAN_POINT('',(0.0252149565516198,-0.0322716130870858,0.0121491432188135));
#7291=CARTESIAN_POINT('',(0.0321338690752492,-0.0310861591929839,0.00809497574222205));
#7292=CARTESIAN_POINT('',(0.0316734820466477,-0.0316395599551933,0.00802920510044453));
#7293=CARTESIAN_POINT('',(0.0311271056747847,-0.0321021703370929,0.00808843659998036));
#7294=CARTESIAN_POINT('',(0.0304692881263213,-0.0324796751420972,0.00828664764173331));
#7295=CARTESIAN_POINT('',(0.0297085805486259,-0.0327325598527476,0.00864573263466245));
#7296=CARTESIAN_POINT('',(0.0288917716084215,-0.0328267294956712,0.00915671578212152));
#7297=CARTESIAN_POINT('',(0.0280752134187123,-0.0327515775522138,0.00978725006413645));
#7298=CARTESIAN_POINT('',(0.0273032203104856,-0.0325101352982196,0.0105038570810571));
#7299=CARTESIAN_POINT('',(0.0266656144035759,-0.0321673637558733,0.0111970886235484));
#7300=CARTESIAN_POINT('',(0.0260912629815702,-0.0317091381150604,0.0119272308667651));
#7301=CARTESIAN_POINT('',(0.0256043155484634,-0.0311427514796044,0.0126720505295007));
#7302=CARTESIAN_POINT('',(0.0252328243231131,-0.030500757362549,0.0133886928877489));
#7303=CARTESIAN_POINT('',(0.024965745946621,-0.029722344969213,0.0141279665007623));
#7304=CARTESIAN_POINT('',(0.0248706394113402,-0.0288933461573906,0.0147814076582297));
#7305=CARTESIAN_POINT('',(0.0249471120827064,-0.0280732395146749,0.0153072362820916));
#7306=CARTESIAN_POINT('',(0.0251845954778238,-0.0273039735508313,0.0156832633425547));
#7307=CARTESIAN_POINT('',(0.0255572218960521,-0.0266230612381125,0.015901254389093));
#7308=CARTESIAN_POINT('',(0.0260143210650252,-0.026067867399323,0.0159706177953185));
#7309=CARTESIAN_POINT('',(0.0265583389382264,-0.0256022915388203,0.0159151509162095));
#7310=CARTESIAN_POINT('',(0.0272274302228227,-0.025218100703138,0.0157136958768193));
#7311=CARTESIAN_POINT('',(0.0279888906288355,-0.0249649217308182,0.0153542866283037));
#7312=CARTESIAN_POINT('',(0.0288057114465192,-0.0248707638176939,0.0148432867879779));
#7313=CARTESIAN_POINT('',(0.0296222778496502,-0.0249459114892911,0.014212749718858));
#7314=CARTESIAN_POINT('',(0.0303942693327117,-0.0251873549454314,0.0134961430010571));
#7315=CARTESIAN_POINT('',(0.0310318756947193,-0.0255301261757439,0.0128029113574042));
#7316=CARTESIAN_POINT('',(0.0316062269810307,-0.0259883519243306,0.0120727691339302));
#7317=CARTESIAN_POINT('',(0.0320931745099669,-0.0265547384392455,0.0113279494886685));
#7318=CARTESIAN_POINT('',(0.0324646654859889,-0.0271967329368905,0.0106113070376045));
#7319=CARTESIAN_POINT('',(0.0327317447921617,-0.0279751438842193,0.0098720337896891));
#7320=CARTESIAN_POINT('',(0.032826847984889,-0.0288041479022849,0.00921859131439405));
#7321=CARTESIAN_POINT('',(0.0327503876289651,-0.0296242353609355,0.00869276754738193));
#7322=CARTESIAN_POINT('',(0.0325128582832117,-0.0303935729037174,0.00831672236497241));
#7323=CARTESIAN_POINT('',(0.0321338690752492,-0.0310861591929839,0.00809497574222205));
#7324=CARTESIAN_POINT('',(0.0316734820466477,-0.0316395599551933,0.00802920510044453));
#7325=CARTESIAN_POINT('',(0.0311271056747847,-0.0321021703370929,0.00808843659998036));
#7326=CARTESIAN_POINT('',(0.0316418167864306,-0.0316418167864307,0.00805));
#7327=CARTESIAN_POINT('',(0.0249472221513672,-0.0422279220611192,0.00529828643766156));
#7328=CARTESIAN_POINT('',(0.0422279220612953,-0.0249472221512522,0.00529828643763548));
#7329=CARTESIAN_POINT('',(0.0325393474874595,-0.0152586475774164,0.019));
#7330=CARTESIAN_POINT('',(0.0325393474874578,-0.0152586475774242,0.0189999999999954));
#7331=CARTESIAN_POINT('',(0.0422279220612892,-0.0249472221512461,0.00529828643762693));
#7332=CARTESIAN_POINT('',(0.0295,-0.0122193000900063,0.00529828643766116));
#7333=CARTESIAN_POINT('',(0.0295,-0.0122193000900063,0.00529828643766116));
#7334=CARTESIAN_POINT('',(0.0474999999999388,-0.0122193000900605,0.00529828643760708));
#7335=CARTESIAN_POINT('',(0.0295,-0.0122193000900063,0.0189999999999815));
#7336=CARTESIAN_POINT('',(0.0337982864375212,-0.0122193000900229,0.0189999999999907));
#7337=CARTESIAN_POINT('',(0.0406491432187149,-0.0122193000900475,0.0121491432188135));
#7338=CARTESIAN_POINT('',(0.0406491432188135,-0.0120701044549308,0.0121491432188135));
#7339=CARTESIAN_POINT('',(0.0447033106954111,0.00074084276247042,0.00809497574222329));
#7340=CARTESIAN_POINT('',(0.0447690813371897,2.39865409014659E-5,0.00802920510044428));
#7341=CARTESIAN_POINT('',(0.0447098498376533,-0.000689474834812433,0.00808843659998019));
#7342=CARTESIAN_POINT('',(0.044511638795899,-0.00142155829166442,0.00828664764173408));
#7343=CARTESIAN_POINT('',(0.04415255380297,-0.00213827627210995,0.00864573263466269));
#7344=CARTESIAN_POINT('',(0.0436415706555111,-0.00278243540575385,0.00915671578212118));
#7345=CARTESIAN_POINT('',(0.0430110363734991,-0.00330668879009113,0.00978725006413289));
#7346=CARTESIAN_POINT('',(0.0422944293565744,-0.00368184489688309,0.0105038570810574));
#7347=CARTESIAN_POINT('',(0.0416011978141011,-0.00389032427539372,0.0111970886235306));
#7348=CARTESIAN_POINT('',(0.0408710555708665,-0.00397243760274549,0.0119272308667651));
#7349=CARTESIAN_POINT('',(0.0401262359081269,-0.00391626560407343,0.0126720505295047));
#7350=CARTESIAN_POINT('',(0.0394095935498838,-0.00372499117501685,0.013388692887748));
#7351=CARTESIAN_POINT('',(0.0386703199368678,-0.00336342342425339,0.0141279665007642));
#7352=CARTESIAN_POINT('',(0.038016878779405,-0.00284448321885239,0.0147814076582272));
#7353=CARTESIAN_POINT('',(0.037491050155541,-0.00221050590599303,0.0153072362820916));
#7354=CARTESIAN_POINT('',(0.0371150230950788,-0.00149862660731503,0.0156832633425542));
#7355=CARTESIAN_POINT('',(0.0368970320485402,-0.000753662226420526,0.0159012543890932));
#7356=CARTESIAN_POINT('',(0.0368276686423153,-3.78629760820002E-5,0.0159706177953185));
#7357=CARTESIAN_POINT('',(0.0368831355214247,0.000676027599263767,0.0159151509162096));
#7358=CARTESIAN_POINT('',(0.0370845905608159,0.00142081052901465,0.0157136958768188));
#7359=CARTESIAN_POINT('',(0.037443999809331,0.00213826891389131,0.0153542866283041));
#7360=CARTESIAN_POINT('',(0.0379549996496587,0.00278242815196392,0.0148432867879767));
#7361=CARTESIAN_POINT('',(0.0385855367187784,0.00330669036472852,0.0142127497188574));
#7362=CARTESIAN_POINT('',(0.0393021434365816,0.00368184447231098,0.0134961430010544));
#7363=CARTESIAN_POINT('',(0.0399953750802272,0.00389032439325795,0.012802911357409));
#7364=CARTESIAN_POINT('',(0.0407255173037101,0.00397243754845515,0.0120727691339261));
#7365=CARTESIAN_POINT('',(0.0414703369489528,0.00391626570278359,0.0113279494886833));
#7366=CARTESIAN_POINT('',(0.0421869794000337,0.00372499082830373,0.0106113070376023));
#7367=CARTESIAN_POINT('',(0.0429262526479423,0.00336342475740886,0.00987203378969354));
#7368=CARTESIAN_POINT('',(0.0435796951232414,0.00284447850709329,0.00921859131439413));
#7369=CARTESIAN_POINT('',(0.0441055188902541,0.00221052346774635,0.00869276754738109));
#7370=CARTESIAN_POINT('',(0.0444815640726632,0.00149856106311102,0.00831672236497162));
#7371=CARTESIAN_POINT('',(0.0447033106954111,0.00074084276247042,0.00809497574222329));
#7372=CARTESIAN_POINT('',(0.0447690813371897,2.39865409014659E-5,0.00802920510044428));
#7373=CARTESIAN_POINT('',(0.0447098498376533,-0.000689474834812433,0.00808843659998019));
#7374=CARTESIAN_POINT('',(0.0447482864376339,2.14599712589799E-15,0.00805));
#7375=CARTESIAN_POINT('',(0.0475000000000139,0.0121553814531348,0.00529828643762693));
#7376=CARTESIAN_POINT('',(0.0413452362244109,0.0121737703525521,0.0114530502132299));
#7377=CARTESIAN_POINT('',(0.0367779983702866,0.0121921592519646,0.0160202880673543));
#7378=CARTESIAN_POINT('',(0.0337982864376409,0.0122105481513721,0.019));
#7379=CARTESIAN_POINT('',(0.0475000000000209,0.012155381453135,0.00529828643763393));
#7380=CARTESIAN_POINT('',(0.033798286437634,0.0122105481513722,0.0189999999999929));
#7381=CARTESIAN_POINT('',(0.0475000000000493,-0.0120701044549308,0.00529828643757768));
#7382=CARTESIAN_POINT('',(0.0337982864376409,-0.0119209088197782,0.019));
#7383=CARTESIAN_POINT('',(0.0296038612010034,0.0122623208080663,0.00529828643764444));
#7384=CARTESIAN_POINT('',(0.0296038612010034,0.0122623208080663,0.00529828643764444));
#7385=CARTESIAN_POINT('',(0.0296038612010034,0.0122623208080663,0.0189999999999822));
#7386=CARTESIAN_POINT('',(0.0122193000900063,-0.0295,0.));
#7387=CARTESIAN_POINT('',(0.0249472221514406,-0.0422279220611927,0.));
#7388=CARTESIAN_POINT('',(0.0249472221513917,-0.0422279220611437,0.));
#7389=CARTESIAN_POINT('',(0.0422279220612893,-0.0249472221512461,0.));
#7390=CARTESIAN_POINT('',(0.0295,-0.0122193000900063,0.));
#7391=CARTESIAN_POINT('',(0.0474999999999014,-0.0122193000900728,0.));
#7392=CARTESIAN_POINT('',(0.0475,-0.0122193000900728,0.));
#7393=CARTESIAN_POINT('',(0.0475000000000139,0.0121553814531361,0.));
#7394=CARTESIAN_POINT('',(0.0296038612010034,0.0122623208080663,0.));
#7395=CARTESIAN_POINT('',(0.0422585682292832,0.0249170278361839,0.));
#7396=CARTESIAN_POINT('',(0.0422585682293048,0.0249170278362054,0.));
#7397=CARTESIAN_POINT('',(0.0250973705783297,0.0420782254871805,0.));
#7398=CARTESIAN_POINT('',(0.0123549944994674,0.0298266232276572,0.));
#7399=CARTESIAN_POINT('',(0.0123549944994674,0.0298266232276572,0.00399999999999619));
#7400=CARTESIAN_POINT('',(0.0342949048139417,0.0342949048139417,0.012));
#7401=CARTESIAN_POINT('',(0.0227204383212179,0.0274845949958152,0.00993750016001338));
#7402=CARTESIAN_POINT('',(0.0230434809630823,0.0275622895977026,0.00965413613748254));
#7403=CARTESIAN_POINT('',(0.0236938927717503,0.0276364839221848,0.00914176222704258));
#7404=CARTESIAN_POINT('',(0.0247286316927565,0.0274908247163467,0.00851308793143187));
#7405=CARTESIAN_POINT('',(0.025684736157351,0.0270763678388163,0.00813008524960551));
#7406=CARTESIAN_POINT('',(0.0264654956197392,0.0264654974875679,0.00800995550706884));
#7407=CARTESIAN_POINT('',(0.0270763662906088,0.0256847271378284,0.00813009272211911));
#7408=CARTESIAN_POINT('',(0.0274908327770058,0.0247286659030179,0.00851305804137738));
#7409=CARTESIAN_POINT('',(0.0276364532277567,0.0236937649502271,0.00914187431474676));
#7410=CARTESIAN_POINT('',(0.0275623558442626,0.0230437564064621,0.00965389452620896));
#7411=CARTESIAN_POINT('',(0.0274845949958153,0.0227204383212179,0.00993750016001335));
#7412=CARTESIAN_POINT('',(0.0274845949958153,0.0227204383212179,0.00993750016001337));
#7413=CARTESIAN_POINT('',(0.0227204383212179,0.0274845949958152,0.00993750016001337));
#7414=CARTESIAN_POINT('',(0.0251025166585165,0.0251025166585165,0.012));
#7415=CARTESIAN_POINT('',(0.0299874195044311,0.0251231672202397,0.00646875008));
#7416=CARTESIAN_POINT('',(0.0274845949958153,0.0227204383212179,0.00993750016001335));
#7417=CARTESIAN_POINT('',(0.0274162735286411,0.0227887597883921,0.00993750016001336));
#7418=CARTESIAN_POINT('',(0.0274162735286411,0.0227887597883921,0.00993750016001335));
#7419=CARTESIAN_POINT('',(0.0275054060765775,0.0233583414692058,0.00947171886200001));
#7420=CARTESIAN_POINT('',(0.0274274252137494,0.0245495593121962,0.00868454144425969));
#7421=CARTESIAN_POINT('',(0.0263514349870015,0.0263468103578566,0.0081745330282025));
#7422=CARTESIAN_POINT('',(0.0245481118700155,0.0274351183146854,0.00868012509660078));
#7423=CARTESIAN_POINT('',(0.0233636389188465,0.0275062350624813,0.00946738681788204));
#7424=CARTESIAN_POINT('',(0.0227887597883883,0.0274162735286418,0.00993750016001554));
#7425=CARTESIAN_POINT('',(0.0227887597883888,0.0274162735286416,0.00993750016001574));
#7426=CARTESIAN_POINT('',(0.0227887597883883,0.0274162735286418,0.00993750016001554));
#7427=CARTESIAN_POINT('',(0.0342946788874542,-0.0342946788874542,0.012));
#7428=CARTESIAN_POINT('',(0.0274843690693791,-0.0227202123946791,0.00993750016013203));
#7429=CARTESIAN_POINT('',(0.0275620636712804,-0.0230432550365512,0.00965413613758586));
#7430=CARTESIAN_POINT('',(0.0276362579957856,-0.0236936668452387,0.00914176222711599));
#7431=CARTESIAN_POINT('',(0.0274905987899656,-0.0247284057662861,0.00851308793146327));
#7432=CARTESIAN_POINT('',(0.0270761419124319,-0.025684510230921,0.00813008524961065));
#7433=CARTESIAN_POINT('',(0.0264652715611661,-0.0264652696933374,0.0080099555070663));
#7434=CARTESIAN_POINT('',(0.0256845012113983,-0.0270761403642244,0.00813009272212433));
#7435=CARTESIAN_POINT('',(0.0247284399765477,-0.0274906068506247,0.00851305804140856));
#7436=CARTESIAN_POINT('',(0.0236935390237143,-0.0276362273013571,0.00914187431482117));
#7437=CARTESIAN_POINT('',(0.0230435304799333,-0.0275621299178409,0.00965389452631033));
#7438=CARTESIAN_POINT('',(0.022720212394679,-0.0274843690693791,0.00993750016013207));
#7439=CARTESIAN_POINT('',(0.022720212394679,-0.0274843690693792,0.00993750016013203));
#7440=CARTESIAN_POINT('',(0.0274843690693791,-0.0227202123946791,0.00993750016013202));
#7441=CARTESIAN_POINT('',(0.0251022907320291,-0.0251022907320291,0.012));
#7442=CARTESIAN_POINT('',(0.048500000000007,0.,0.012));
#7443=CARTESIAN_POINT('',(0.0355000000000089,0.00336876749124221,0.00993750016000006));
#7444=CARTESIAN_POINT('',(0.0357833640225386,0.00319528022842258,0.00965413613747022));
#7445=CARTESIAN_POINT('',(0.036295737932974,0.0027878329379166,0.00914176222703467));
#7446=CARTESIAN_POINT('',(0.0369244122285799,0.00195316541792638,0.00851308793142824));
#7447=CARTESIAN_POINT('',(0.0373074149104026,0.000984032198880999,0.008130085249605));
#7448=CARTESIAN_POINT('',(0.037427544652938,1.320760752206E-9,0.00800995550706904));
#7449=CARTESIAN_POINT('',(0.0373074074378876,-0.000984037481885879,0.00813009272211885));
#7450=CARTESIAN_POINT('',(0.0369244421186331,-0.00195314692735125,0.00851305804137275));
#7451=CARTESIAN_POINT('',(0.0362956258452626,-0.00278790161713252,0.00914187431474279));
#7452=CARTESIAN_POINT('',(0.0357836056338169,-0.00319513230391288,0.00965389452618826));
#7453=CARTESIAN_POINT('',(0.035500000000005,-0.00336876749122733,0.00993750016000005));
#7454=CARTESIAN_POINT('',(0.035500000000005,-0.00336876749122733,0.00993750016000004));
#7455=CARTESIAN_POINT('',(0.0355000000000089,0.00336876749124221,0.00993750016000007));
#7456=CARTESIAN_POINT('',(0.035500000000007,7.43354452067043E-15,0.012));
#7457=CARTESIAN_POINT('',(0.0251025166585166,0.0251025166585166,0.012));
#7458=CARTESIAN_POINT('',(0.0274162735286411,0.0227887597883921,0.00993750016001337));
#7459=CARTESIAN_POINT('',(0.0272307608881123,0.0229742724289209,0.00978333144136115));
#7460=CARTESIAN_POINT('',(0.0270441853746618,0.0231608479423714,0.0096477777780189));
#7461=CARTESIAN_POINT('',(0.0268565469882897,0.0233484863287435,0.0095308391699866));
#7462=CARTESIAN_POINT('',(0.0268565486730098,0.0233485203512387,0.00953089109913699));
#7463=CARTESIAN_POINT('',(0.0233484863287436,0.0268565469882896,0.00953083916998655));
#7464=CARTESIAN_POINT('',(0.023160847940021,0.0270441853770122,0.00964777778130226));
#7465=CARTESIAN_POINT('',(0.0229742724265697,0.0272307608904635,0.00978333144464527));
#7466=CARTESIAN_POINT('',(0.0227887597883899,0.0274162735286433,0.00993750016001557));
#7467=CARTESIAN_POINT('',(0.0233484383093811,0.0268565445535019,0.00953076601283141));
#7468=CARTESIAN_POINT('',(0.0251025166585062,0.0251025166585062,0.012));
#7469=CARTESIAN_POINT('',(0.048,-0.004,-0.026));
#7470=CARTESIAN_POINT('',(0.0498397431775084,-0.004,0.));
#7471=CARTESIAN_POINT('',(0.0498397431775052,-0.004,-0.00487500000000329));
#7472=CARTESIAN_POINT('',(0.0528397431775085,-0.004,-0.026));
#7473=CARTESIAN_POINT('',(0.0528397431775085,-0.004,-0.00786592808269107));
#7474=CARTESIAN_POINT('',(0.0528397431775096,-0.004,-0.00786592808269107));
#7475=CARTESIAN_POINT('',(0.0518398286391641,-0.004,-0.0068688663342553));
#7476=CARTESIAN_POINT('',(0.0508398337673016,-0.004,-0.00587188516299865));
#7477=CARTESIAN_POINT('',(0.0498397431775019,-0.004,-0.00487500000000658));
#7478=CARTESIAN_POINT('',(0.0389687500800071,0.000149195636355454,0.00646875008));
#7479=CARTESIAN_POINT('',(0.035500000000007,7.43325830233488E-15,0.00993750016000005));
#7480=CARTESIAN_POINT('',(0.0355000000000051,-0.00327214634574683,0.00993750016000005));
#7481=CARTESIAN_POINT('',(0.0355000000000051,-0.00327214634574683,0.00993750016000004));
#7482=CARTESIAN_POINT('',(0.0359815305476042,-0.00292093041028904,0.00945596961240112));
#7483=CARTESIAN_POINT('',(0.0365481079953353,-0.00225813733904693,0.00888939216467038));
#7484=CARTESIAN_POINT('',(0.0370183378809018,-0.00101951197041004,0.00841916227910458));
#7485=CARTESIAN_POINT('',(0.0371719293164776,0.000333523999328232,0.00826557084352965));
#7486=CARTESIAN_POINT('',(0.0367605604880617,0.00204674395216335,0.00867693967194653));
#7487=CARTESIAN_POINT('',(0.0359713516098273,0.00292835466442951,0.00946614855018144));
#7488=CARTESIAN_POINT('',(0.0355000000000067,0.00327214634576492,0.00993750016000223));
#7489=CARTESIAN_POINT('',(0.0355000000000073,0.00327214634576441,0.00993750016000245));
#7490=CARTESIAN_POINT('',(0.035500000000007,7.43325830233488E-15,0.00993750016000007));
#7491=CARTESIAN_POINT('',(0.035500000000007,7.43325830233488E-15,0.012));
#7492=CARTESIAN_POINT('',(0.0355000000000089,0.00327214634576492,0.00993750016000227));
#7493=CARTESIAN_POINT('',(0.0355000000000087,0.00300979185294939,0.00978333144084984));
#7494=CARTESIAN_POINT('',(0.0355000000000086,0.00274593423141376,0.00964777777750617));
#7495=CARTESIAN_POINT('',(0.0355000000000084,0.00248057348115803,0.00953083916997125));
#7496=CARTESIAN_POINT('',(0.0354999431107419,0.00248062483296448,0.00953072263582649));
#7497=CARTESIAN_POINT('',(0.035500000000068,-2.04257184082909E-14,0.012));
#7498=CARTESIAN_POINT('',(0.0354999698413942,-0.0024806007256682,0.00953077728466588));
#7499=CARTESIAN_POINT('',(0.0355000000000056,-0.0024805734812433,0.00953083917001546));
#7500=CARTESIAN_POINT('',(0.0355000000000054,-0.00274593423158507,0.00964777777765068));
#7501=CARTESIAN_POINT('',(0.0355000000000053,-0.00300979185308625,0.00978333144097888));
#7502=CARTESIAN_POINT('',(0.0355000000000051,-0.00327214634574683,0.00993750016000005));
#7503=CARTESIAN_POINT('',(0.048500000000007,0.,0.012));
#7504=CARTESIAN_POINT('',(0.0440042175742273,0.0029259293803261,0.0116098960528411));
#7505=CARTESIAN_POINT('',(0.0443735016485673,0.00288104382086931,0.0113404369385204));
#7506=CARTESIAN_POINT('',(0.0446696962349936,0.00282169784180102,0.0111282014977662));
#7507=CARTESIAN_POINT('',(0.0449445509651052,0.00275156709060098,0.0109337888261581));
#7508=CARTESIAN_POINT('',(0.0450997605763378,0.0027072112058175,0.0108248344513003));
#7509=CARTESIAN_POINT('',(0.0453365549190297,0.00262973383114252,0.0106594398898731));
#7510=CARTESIAN_POINT('',(0.0455670458198191,0.00254334547714951,0.0104999499726568));
#7511=CARTESIAN_POINT('',(0.0459085726469206,0.00239268390589225,0.0102658924773546));
#7512=CARTESIAN_POINT('',(0.0462164099738322,0.00222574287766331,0.0100579482982758));
#7513=CARTESIAN_POINT('',(0.0465008626254932,0.00204346905273723,0.00986797900717884));
#7514=CARTESIAN_POINT('',(0.0466859736207211,0.00190560265216922,0.00974527003980505));
#7515=CARTESIAN_POINT('',(0.0468622820490196,0.00175613416924385,0.00962787121704376));
#7516=CARTESIAN_POINT('',(0.0470524220120013,0.0015752031407681,0.00950143433205322));
#7517=CARTESIAN_POINT('',(0.047332527996626,0.00125346825269873,0.00931592930546127));
#7518=CARTESIAN_POINT('',(0.0476207304398667,0.000776615974259097,0.00912917019757964));
#7519=CARTESIAN_POINT('',(0.0478003904348745,7.50851076625553E-5,0.00901892374339514));
#7520=CARTESIAN_POINT('',(0.0476932667442649,-0.000538153983028939,0.00908528926436695));
#7521=CARTESIAN_POINT('',(0.0475172646864465,-0.000947688716596024,0.0091996057332356));
#7522=CARTESIAN_POINT('',(0.0473150987822559,-0.00126818277809824,0.00933046345069093));
#7523=CARTESIAN_POINT('',(0.0471102608070731,-0.00151666066818867,0.00946347254947642));
#7524=CARTESIAN_POINT('',(0.0468299342035641,-0.0017877191109523,0.00964743965713975));
#7525=CARTESIAN_POINT('',(0.0465991646283732,-0.00197063548982777,0.00980054400990658));
#7526=CARTESIAN_POINT('',(0.0463257418288637,-0.00215870285694115,0.00998364202592952));
#7527=CARTESIAN_POINT('',(0.0460303041602068,-0.00233030900500819,0.0101836537312606));
#7528=CARTESIAN_POINT('',(0.0457310049895508,-0.00247368605256457,0.0103882766612938));
#7529=CARTESIAN_POINT('',(0.0455206980839821,-0.00256017619691299,0.0105326708013294));
#7530=CARTESIAN_POINT('',(0.0453626583330528,-0.00261962047841122,0.0106416722202576));
#7531=CARTESIAN_POINT('',(0.0451923689385806,-0.00267809939601727,0.0107597844978155));
#7532=CARTESIAN_POINT('',(0.0449886823149681,-0.00273912847695186,0.01090228601743));
#7533=CARTESIAN_POINT('',(0.0448617963338919,-0.00277287342717628,0.0109915880772499));
#7534=CARTESIAN_POINT('',(0.0446580489442236,-0.00282230396581776,0.0111357530145495));
#7535=CARTESIAN_POINT('',(0.0444136931322115,-0.0028731010182036,0.0113103775492371));
#7536=CARTESIAN_POINT('',(0.0440339968523563,-0.002923582834967,0.0115869095281183));
#7537=CARTESIAN_POINT('',(0.0437977874242482,-0.00294153523049412,0.0117612004553127));
#7538=CARTESIAN_POINT('',(0.0436450660168678,-0.00294777527048363,0.0118743914585941));
#7539=CARTESIAN_POINT('',(0.043548980814512,-0.00294961722050966,0.0119458562074394));
#7540=CARTESIAN_POINT('',(0.043503946026463,-0.00294996978837822,0.0119794203817623));
#7541=CARTESIAN_POINT('',(0.0434537997125357,-0.00295009071683838,0.0120169139050389));
#7542=CARTESIAN_POINT('',(0.0433447862107902,-0.00294886532790845,0.0120986520103364));
#7543=CARTESIAN_POINT('',(0.0431837903941007,-0.00294290812874932,0.012219981459815));
#7544=CARTESIAN_POINT('',(0.0429699221613505,-0.0029282413423283,0.012381999993814));
#7545=CARTESIAN_POINT('',(0.0426204249000792,-0.00288192590156644,0.0126505529737145));
#7546=CARTESIAN_POINT('',(0.0423024503716771,-0.00281362005812307,0.0128989590511995));
#7547=CARTESIAN_POINT('',(0.0420019675109781,-0.00272516190496066,0.0131366883116231));
#7548=CARTESIAN_POINT('',(0.0416643578052761,-0.00260295468736751,0.0134068719022773));
#7549=CARTESIAN_POINT('',(0.0411105369252968,-0.00231407046284666,0.0138615191459661));
#7550=CARTESIAN_POINT('',(0.0406900974560264,-0.00197321848374635,0.014214307248866));
#7551=CARTESIAN_POINT('',(0.0402945676395853,-0.00150611821016162,0.0145556772476009));
#7552=CARTESIAN_POINT('',(0.0400012106768481,-0.000957846744907869,0.014816469707892));
#7553=CARTESIAN_POINT('',(0.0398057555915674,-0.000216266907988442,0.0149862737456928));
#7554=CARTESIAN_POINT('',(0.0398825551190588,0.000602429536381907,0.01491939449233));
#7555=CARTESIAN_POINT('',(0.0400936746019424,0.0011455632413122,0.0147323493117559));
#7556=CARTESIAN_POINT('',(0.0403224592704794,0.00152531162061684,0.014532668758489));
#7557=CARTESIAN_POINT('',(0.040620072003711,0.00189780673043568,0.0142761883339394));
#7558=CARTESIAN_POINT('',(0.0409139802368135,0.00215591579603377,0.0140275974406212));
#7559=CARTESIAN_POINT('',(0.0412758238063615,0.00239974188246054,0.0137255936709315));
#7560=CARTESIAN_POINT('',(0.0416002396959946,0.00256887941540231,0.0134590952232563));
#7561=CARTESIAN_POINT('',(0.0418602340767601,0.00267567487196624,0.0132493192941476));
#7562=CARTESIAN_POINT('',(0.0421519751817663,0.00277315905178107,0.0130173466300331));
#7563=CARTESIAN_POINT('',(0.0424212084962799,0.00284030405036991,0.0128061106544549));
#7564=CARTESIAN_POINT('',(0.0426523890675098,0.00288377225741196,0.0126267002459517));
#7565=CARTESIAN_POINT('',(0.0428048639708027,0.00290651548332878,0.0125092753222399));
#7566=CARTESIAN_POINT('',(0.0429332152673242,0.00292138102470258,0.0124111422238308));
#7567=CARTESIAN_POINT('',(0.0429896571624369,0.00292705355275923,0.0123682241857619));
#7568=CARTESIAN_POINT('',(0.0431435923704165,0.00294073628371405,0.0122515849200019));
#7569=CARTESIAN_POINT('',(0.0433915629652486,0.00295294651435141,0.012065067963425));
#7570=CARTESIAN_POINT('',(0.0437140323148078,0.00294793283796927,0.0118242982309484));
#7571=CARTESIAN_POINT('',(0.0440042175742273,0.0029259293803261,0.0116098960528411));
#7572=CARTESIAN_POINT('',(0.0443735016485673,0.00288104382086931,0.0113404369385204));
#7573=CARTESIAN_POINT('',(0.0446696962349936,0.00282169784180102,0.0111282014977662));
#7574=CARTESIAN_POINT('',(0.0442498819447621,0.00289458304578903,0.011430887540951));
#7575=CARTESIAN_POINT('',(0.036500000000007,6.86173340369577E-15,0.012));
#7576=CARTESIAN_POINT('',(0.0365000000000087,0.00295000000000686,0.012));
#7577=CARTESIAN_POINT('',(0.,0.,-0.00788387365118718));
#7578=CARTESIAN_POINT('',(0.,0.,-0.004875));
#7579=CARTESIAN_POINT('',(0.0528397431775085,-0.00400000000000016,-0.00786592808269001));
#7580=CARTESIAN_POINT('',(0.0528397431775085,-0.00133333333333347,-0.00766463576620203));
#7581=CARTESIAN_POINT('',(0.0528397431775085,0.00133333333333347,-0.00766463576620204));
#7582=CARTESIAN_POINT('',(0.0528397431775085,0.00400000000000016,-0.00786592808269002));
#7583=CARTESIAN_POINT('',(0.0538397431775062,-3.05296788969032E-15,0.012));
#7584=CARTESIAN_POINT('',(0.0538397431775062,-3.05296788969032E-15,0.012));
#7585=CARTESIAN_POINT('',(0.0538397431775058,-0.00271859847967927,0.01085469553991));
#7586=CARTESIAN_POINT('',(0.0538397431775061,0.00271859847967228,0.0108546955399079));
#7587=CARTESIAN_POINT('',(0.0538397431775062,0.00271859847967229,0.0108546955399079));
#7588=CARTESIAN_POINT('',(0.0537540916272557,0.00270615085845321,0.0108251487378994));
#7589=CARTESIAN_POINT('',(0.0535981364194902,0.00270597100088722,0.0107622360212188));
#7590=CARTESIAN_POINT('',(0.0534821567929282,0.00271944164655197,0.0107078714962244));
#7591=CARTESIAN_POINT('',(0.0532787212844321,0.00277973719238638,0.0105979720545039));
#7592=CARTESIAN_POINT('',(0.0530034792108696,0.00293888872113605,0.0104127884207563));
#7593=CARTESIAN_POINT('',(0.052839742733687,0.00321058155476912,0.0102228245874636));
#7594=CARTESIAN_POINT('',(0.0528397431775075,0.00346860862192336,0.0101102204547285));
#7595=CARTESIAN_POINT('',(0.0528401164519303,0.00346875083498688,0.0101105463307374));
#7596=CARTESIAN_POINT('',(0.0528397431775085,-0.00346860716596551,0.0101102210901182));
#7597=CARTESIAN_POINT('',(0.0528397431775085,-0.00330200878463812,0.00980443699215403));
#7598=CARTESIAN_POINT('',(0.0528397431775085,-0.00290017822103019,0.00924955958241309));
#7599=CARTESIAN_POINT('',(0.0528397431775085,-0.00204318009543715,0.00855905881844999));
#7600=CARTESIAN_POINT('',(0.0528397431775085,-0.00103006465040291,0.00813754495393792));
#7601=CARTESIAN_POINT('',(0.0528397431775085,-1.57774796573469E-9,0.00800622501525717));
#7602=CARTESIAN_POINT('',(0.0528397431775085,0.00103007096137473,0.0081375549850334));
#7603=CARTESIAN_POINT('',(0.0528397431775085,0.00204315800700584,0.00855901869406717));
#7604=CARTESIAN_POINT('',(0.0528397431775085,0.00290026026374406,0.00924971004884715));
#7605=CARTESIAN_POINT('',(0.0528397431775085,0.00330183207723397,0.00980411265339476));
#7606=CARTESIAN_POINT('',(0.0528397431775085,0.00346860716595913,0.0101102210901177));
#7607=CARTESIAN_POINT('',(0.0528401186798534,-0.00346875169347862,0.0101105482481061));
#7608=CARTESIAN_POINT('',(0.0528397431775075,-0.00346860864020001,0.0101102204467558));
#7609=CARTESIAN_POINT('',(0.0528397427281978,-0.00321062751202493,0.0102228045312542));
#7610=CARTESIAN_POINT('',(0.0530032865104305,-0.00293907233321279,0.0104126178459588));
#7611=CARTESIAN_POINT('',(0.0532786203408519,-0.00277976537287803,0.0105979175501753));
#7612=CARTESIAN_POINT('',(0.053482242372194,-0.00271942123649556,0.0107079143668422));
#7613=CARTESIAN_POINT('',(0.0535981148802729,-0.00270597674215661,0.0107622237061297));
#7614=CARTESIAN_POINT('',(0.0537540850926633,-0.00270614990881974,0.0108251464837487));
#7615=CARTESIAN_POINT('',(0.0538397431775062,-0.00271859847967955,0.0108546955399106));
#7616=CARTESIAN_POINT('',(0.0326670891231353,-0.0224430457487284,0.00646875008));
#7617=CARTESIAN_POINT('',(0.0251022907320291,-0.0251022907320291,0.00993750016013201));
#7618=CARTESIAN_POINT('',(0.0227885338618434,-0.0274160476022148,0.00993750016013201));
#7619=CARTESIAN_POINT('',(0.0227885338618434,-0.0274160476022148,0.00993750016013202));
#7620=CARTESIAN_POINT('',(0.0233774214084468,-0.0275082012814128,0.00945593129110027));
#7621=CARTESIAN_POINT('',(0.0242467083612521,-0.0274401944215297,0.00888934070376518));
#7622=CARTESIAN_POINT('',(0.0254550506233169,-0.0268968671117535,0.0084191041214115));
#7623=CARTESIAN_POINT('',(0.0265204363955011,-0.0260487528962192,0.00826546993034538));
#7624=CARTESIAN_POINT('',(0.0274410480374182,-0.0245464249472634,0.00867680547577923));
#7625=CARTESIAN_POINT('',(0.0275062527545475,-0.0233649697818211,0.00946611373728389));
#7626=CARTESIAN_POINT('',(0.0274160476022155,-0.0227885338618396,0.00993750016013422));
#7627=CARTESIAN_POINT('',(0.0274160476022156,-0.0227885338618404,0.0099375001601344));
#7628=CARTESIAN_POINT('',(0.0251022907320291,-0.0251022907320291,0.00993750016013202));
#7629=CARTESIAN_POINT('',(0.0251022907320291,-0.0251022907320291,0.012));
#7630=CARTESIAN_POINT('',(0.0274160476022171,-0.0227885338618412,0.00993750016013421));
#7631=CARTESIAN_POINT('',(0.0272305349640411,-0.0229740465000171,0.00978333144475902));
#7632=CARTESIAN_POINT('',(0.0270439594505936,-0.0231606220134646,0.00964777778141074));
#7633=CARTESIAN_POINT('',(0.0268563210618745,-0.0233482604021837,0.00953083917008936));
#7634=CARTESIAN_POINT('',(0.0268563171020151,-0.0233481830278008,0.00953072136486958));
#7635=CARTESIAN_POINT('',(0.0251022907320415,-0.0251022907320415,0.012));
#7636=CARTESIAN_POINT('',(0.023348219401864,-0.0268563189799685,0.00953077665991265));
#7637=CARTESIAN_POINT('',(0.0233482604021836,-0.0268563210618746,0.00953083917008941));
#7638=CARTESIAN_POINT('',(0.023160622015815,-0.0270439594482432,0.00964777777812731));
#7639=CARTESIAN_POINT('',(0.0229740465023683,-0.02723053496169,0.00978333144147485));
#7640=CARTESIAN_POINT('',(0.0227885338618434,-0.0274160476022148,0.00993750016013201));
#7641=CARTESIAN_POINT('',(0.0150882956585983,-0.0119209088197782,0.019));
#7642=CARTESIAN_POINT('',(0.0296038612010034,0.0122623208080663,0.019));
#7643=CARTESIAN_POINT('',(0.0335000000000141,0.0122124229313721,0.019));
#7644=CARTESIAN_POINT('',(0.0323590732926137,0.0150175328996766,0.019));
#7645=CARTESIAN_POINT('',(0.0323590732926215,0.0150175328996844,0.019));
#7646=CARTESIAN_POINT('',(-0.0346439485356449,-0.0337982864375666,0.019));
#7647=CARTESIAN_POINT('',(-0.0346439270881842,-0.0334999999999397,0.019));
#7648=CARTESIAN_POINT('',(0.012219300090005,-0.0335,0.019));
#7649=CARTESIAN_POINT('',(0.0122193000900055,-0.0334999999999843,0.019));
#7650=CARTESIAN_POINT('',(0.0122193000900063,-0.0295,0.019));
#7651=CARTESIAN_POINT('',(0.0150477272147304,-0.0323284271247241,0.019));
#7652=CARTESIAN_POINT('',(0.0150477272147525,-0.0323284271247462,0.019));
#7653=CARTESIAN_POINT('',(0.0323284271247288,-0.0150477272147351,0.019));
#7654=CARTESIAN_POINT('',(0.0295,-0.0122193000900063,0.019));
#7655=CARTESIAN_POINT('',(0.0334999999999753,-0.0122193000900066,0.019));
#7656=CARTESIAN_POINT('',(0.0335,-0.0119209088197782,0.019));
#7657=CARTESIAN_POINT('',(0.0256543289325782,-0.0429350288423302,0.));
#7658=CARTESIAN_POINT('',(0.0429350288424757,-0.0256543289324327,0.));
#7659=CARTESIAN_POINT('',(0.0429350288424816,-0.0256543289324386,0.0052982864376269));
#7660=CARTESIAN_POINT('',(0.0256543289325782,-0.0429350288423302,0.0052982864376269));
#7661=CARTESIAN_POINT('',(0.0256543289326149,-0.0429350288423669,0.00529828643762691));
#7662=CARTESIAN_POINT('',(0.0256543289326273,-0.0429350288423792,0.));
#7663=CARTESIAN_POINT('',(0.0256543289325423,-0.0429350288424151,0.));
#7664=CARTESIAN_POINT('',(0.0256996221682462,-0.0428897356066622,0.));
#7665=CARTESIAN_POINT('',(0.0256996221682462,-0.0428897356066622,0.));
#7666=CARTESIAN_POINT('',(0.0256996221682462,-0.0428897356066622,0.));
#7667=CARTESIAN_POINT('',(0.0428897356066622,-0.0256996221682462,0.));
#7668=CARTESIAN_POINT('',(0.0342946788874542,-0.0342946788874542,0.012));
#7669=CARTESIAN_POINT('',(0.0320165679338153,-0.0311941547520972,0.00908820112946368));
#7670=CARTESIAN_POINT('',(0.0315627653240503,-0.0317851872706249,0.00901615536605759));
#7671=CARTESIAN_POINT('',(0.0309365866616285,-0.0321752848870499,0.00914090985129468));
#7672=CARTESIAN_POINT('',(0.0302362526760797,-0.0323229793674336,0.00943220177300852));
#7673=CARTESIAN_POINT('',(0.0297870504198986,-0.0323408132799092,0.00966007561123091));
#7674=CARTESIAN_POINT('',(0.0292970219446653,-0.0323048027639226,0.00993838656515387));
#7675=CARTESIAN_POINT('',(0.0288760502671246,-0.0322110930844826,0.0102092532166866));
#7676=CARTESIAN_POINT('',(0.0283910521692182,-0.0320387695088027,0.0105565814392442));
#7677=CARTESIAN_POINT('',(0.0281104155897435,-0.0319092306736546,0.0107736516787361));
#7678=CARTESIAN_POINT('',(0.0279175593176065,-0.0318059180556166,0.0109300983836864));
#7679=CARTESIAN_POINT('',(0.0278223261060136,-0.0317524149331562,0.0110086139347195));
#7680=CARTESIAN_POINT('',(0.0276832979166931,-0.0316695761662177,0.0111257335627231));
#7681=CARTESIAN_POINT('',(0.0275213825242766,-0.0315646457079009,0.0112666640558479));
#7682=CARTESIAN_POINT('',(0.0273635803672236,-0.031452100724366,0.0114094930908049));
#7683=CARTESIAN_POINT('',(0.0272758241698924,-0.0313853898035619,0.0114910645000689));
#7684=CARTESIAN_POINT('',(0.0272092564702416,-0.0313335818995711,0.0115535079420959));
#7685=CARTESIAN_POINT('',(0.0270631743963027,-0.0312156744819221,0.0116927698747887));
#7686=CARTESIAN_POINT('',(0.0267987200786293,-0.0309800760605554,0.0119570586707143));
#7687=CARTESIAN_POINT('',(0.026534062775193,-0.0306954403588736,0.0122473338498194));
#7688=CARTESIAN_POINT('',(0.0263865239696472,-0.030516864783272,0.0124194752954609));
#7689=CARTESIAN_POINT('',(0.0263238857295267,-0.0304373959843461,0.0124943991880056));
#7690=CARTESIAN_POINT('',(0.0262548435305721,-0.0303460606008028,0.0125791002768071));
#7691=CARTESIAN_POINT('',(0.0261710089115582,-0.0302303712709726,0.0126844999112851));
#7692=CARTESIAN_POINT('',(0.0260430616636708,-0.0300405061446138,0.0128524019216838));
#7693=CARTESIAN_POINT('',(0.025904086489402,-0.0298119150233519,0.0130463104507812));
#7694=CARTESIAN_POINT('',(0.0257107798164294,-0.0294298491557197,0.0133505216961855));
#7695=CARTESIAN_POINT('',(0.0255264085105043,-0.0289545714868663,0.0136994540819597));
#7696=CARTESIAN_POINT('',(0.0253881314854296,-0.0284217065354556,0.0140526444167443));
#7697=CARTESIAN_POINT('',(0.0253406189423689,-0.0276990621201701,0.0144603575843169));
#7698=CARTESIAN_POINT('',(0.0254468560419313,-0.0270636383030382,0.0147390065894339));
#7699=CARTESIAN_POINT('',(0.0256680125315375,-0.0265308616160004,0.0149040706107164));
#7700=CARTESIAN_POINT('',(0.0261105325757279,-0.0259306258597636,0.0149869402174124));
#7701=CARTESIAN_POINT('',(0.0267380334532429,-0.0255275507340145,0.0148683334555369));
#7702=CARTESIAN_POINT('',(0.027459124547542,-0.0253747148235283,0.0145688044865241));
#7703=CARTESIAN_POINT('',(0.0279093632031466,-0.0253566276385558,0.0143405200092663));
#7704=CARTESIAN_POINT('',(0.0284000113976346,-0.0253925937257018,0.0140619035061899));
#7705=CARTESIAN_POINT('',(0.0288213347614235,-0.0254863642181925,0.0137908193453321));
#7706=CARTESIAN_POINT('',(0.0293063813525952,-0.0256586963292841,0.0134434612579793));
#7707=CARTESIAN_POINT('',(0.0295870459850826,-0.0257882444661216,0.0132263711978699));
#7708=CARTESIAN_POINT('',(0.029779924643826,-0.0258915686041038,0.0130699065689916));
#7709=CARTESIAN_POINT('',(0.0298751577244101,-0.0259450715010896,0.0129913912061025));
#7710=CARTESIAN_POINT('',(0.0300141878735677,-0.0260279111645674,0.0128742700709297));
#7711=CARTESIAN_POINT('',(0.0301761049444225,-0.0261328425414416,0.0127333382080844));
#7712=CARTESIAN_POINT('',(0.0303339085047538,-0.0262453884276323,0.0125905079544836));
#7713=CARTESIAN_POINT('',(0.0304216656634198,-0.0263121000674529,0.0125089356574766));
#7714=CARTESIAN_POINT('',(0.0304882332696806,-0.0263639078954733,0.0124464923047802));
#7715=CARTESIAN_POINT('',(0.0306343154601428,-0.0264818153905446,0.0123072302699841));
#7716=CARTESIAN_POINT('',(0.0308987698233522,-0.0267174138394474,0.0120429414354994));
#7717=CARTESIAN_POINT('',(0.0311634272163279,-0.0270020496303826,0.011752666161931));
#7718=CARTESIAN_POINT('',(0.0313109660263297,-0.0271806252114028,0.0115805247110422));
#7719=CARTESIAN_POINT('',(0.0313736042702575,-0.0272600940149728,0.0115056008140373));
#7720=CARTESIAN_POINT('',(0.0314426464702799,-0.0273514293996676,0.0114208997240638));
#7721=CARTESIAN_POINT('',(0.031526481089533,-0.0274671187308003,0.0113155000888288));
#7722=CARTESIAN_POINT('',(0.031654428340235,-0.0276569838500289,0.0111475980802419));
#7723=CARTESIAN_POINT('',(0.0317934034945157,-0.0278855750323853,0.0109536895333172));
#7724=CARTESIAN_POINT('',(0.0319867102468397,-0.0282676406524566,0.0106494783609791));
#7725=CARTESIAN_POINT('',(0.0321710811646368,-0.0287429195438238,0.0103005456116282));
#7726=CARTESIAN_POINT('',(0.0323093611764319,-0.0292757750899739,0.00994735807383009));
#7727=CARTESIAN_POINT('',(0.0323568610856415,-0.0299984592816592,0.0095396330791794));
#7728=CARTESIAN_POINT('',(0.0322488066525455,-0.0306448887478454,0.00925613651027195));
#7729=CARTESIAN_POINT('',(0.0320165679338153,-0.0311941547520972,0.00908820112946368));
#7730=CARTESIAN_POINT('',(0.0315627653240503,-0.0317851872706249,0.00901615536605759));
#7731=CARTESIAN_POINT('',(0.0309365866616285,-0.0321752848870499,0.00914090985129468));
#7732=CARTESIAN_POINT('',(0.0316418167864306,-0.0316418167864307,0.00905));
#7733=CARTESIAN_POINT('',(0.0258093975132156,-0.0258093975132156,0.012));
#7734=CARTESIAN_POINT('',(0.0278953625177159,-0.0237234325087153,0.012));
#7735=CARTESIAN_POINT('',(0.0295,-0.0122193000900063,0.));
#7736=CARTESIAN_POINT('',(0.0485,-0.0122193000900734,0.));
#7737=CARTESIAN_POINT('',(0.0484999999999507,-0.0122193000900734,0.0052982864376269));
#7738=CARTESIAN_POINT('',(0.0295,-0.0122193000900063,0.0052982864376269));
#7739=CARTESIAN_POINT('',(0.054,0.00394484621230374,0.01179828643762));
#7740=CARTESIAN_POINT('',(0.0547071067811869,0.00394484621230378,0.0125053932188061));
#7741=CARTESIAN_POINT('',(0.0547038889689727,0.00381898680874831,0.0125086110310204));
#7742=CARTESIAN_POINT('',(0.0546662877317595,0.00356802903276691,0.0124838443582792));
#7743=CARTESIAN_POINT('',(0.0545225352420146,0.00328067686869486,0.012354600032846));
#7744=CARTESIAN_POINT('',(0.0543998375084804,0.00313444679960568,0.012239891250701));
#7745=CARTESIAN_POINT('',(0.054264944690627,0.00302331187716563,0.0121102638287124));
#7746=CARTESIAN_POINT('',(0.0541296874095022,0.00296599176471004,0.0119780513354242));
#7747=CARTESIAN_POINT('',(0.0540604411694841,0.00294923347406844,0.0119096367126487));
#7748=CARTESIAN_POINT('',(0.054,0.00294615096868173,0.0118493531622729));
#7749=CARTESIAN_POINT('',(0.0547071067811867,0.00394484621230378,0.0125053932188064));
#7750=CARTESIAN_POINT('',(0.054,0.0039448462123038,0.0117982864376199));
#7751=CARTESIAN_POINT('',(0.036500000000007,6.86173340369578E-15,0.012));
#7752=CARTESIAN_POINT('',(0.0538397431775061,0.00271859847967228,0.0108546955399079));
#7753=CARTESIAN_POINT('',(0.0537116635922167,0.00275889622197844,0.0109503499137316));
#7754=CARTESIAN_POINT('',(0.0535066249117438,0.00281523684012063,0.011103376834128));
#7755=CARTESIAN_POINT('',(0.0532177965975614,0.00287151165436768,0.0113191792572196));
#7756=CARTESIAN_POINT('',(0.0530694416874918,0.00289468452479182,0.0114299923021837));
#7757=CARTESIAN_POINT('',(0.0529591153963928,0.00290999783194245,0.0115122669635953));
#7758=CARTESIAN_POINT('',(0.052770083926502,0.00293143032918594,0.0116532666403241));
#7759=CARTESIAN_POINT('',(0.0525060784323415,0.00294919480754709,0.0118506631492644));
#7760=CARTESIAN_POINT('',(0.0521718508146846,0.00295166896618877,0.012100341868855));
#7761=CARTESIAN_POINT('',(0.0518791971518694,0.00293490744738222,0.0123192569733337));
#7762=CARTESIAN_POINT('',(0.0516355584692653,0.00290873798642405,0.0125011154453251));
#7763=CARTESIAN_POINT('',(0.051488905955099,0.00288650261741559,0.0126103983678359));
#7764=CARTESIAN_POINT('',(0.051404985394924,0.00287231672589503,0.0126730558701336));
#7765=CARTESIAN_POINT('',(0.0513072011619477,0.00285452322869276,0.0127461006171024));
#7766=CARTESIAN_POINT('',(0.0511606945234181,0.00282449748957253,0.0128555693626062));
#7767=CARTESIAN_POINT('',(0.0508683345691631,0.00275243583440061,0.013074007532724));
#7768=CARTESIAN_POINT('',(0.0505226940164187,0.00264087071730072,0.0133317836572249));
#7769=CARTESIAN_POINT('',(0.0499121769203874,0.00237093413965083,0.0137888503826036));
#7770=CARTESIAN_POINT('',(0.0494594251481539,0.00206581539435294,0.0141261583122768));
#7771=CARTESIAN_POINT('',(0.0490705799506402,0.00170540291195555,0.014416478809249));
#7772=CARTESIAN_POINT('',(0.048727187394414,0.00128580981051823,0.014673512418731));
#7773=CARTESIAN_POINT('',(0.0484502960113394,0.000763063101442367,0.0148793741864347));
#7774=CARTESIAN_POINT('',(0.04831055318599,-4.57230469648507E-6,0.0149847424831542));
#7775=CARTESIAN_POINT('',(0.0484473228538478,-0.000750165226513486,0.0148816550598584));
#7776=CARTESIAN_POINT('',(0.0487257416368419,-0.00128684343328176,0.0146745882903765));
#7777=CARTESIAN_POINT('',(0.0490794252694665,-0.00171425507438248,0.0144097325566208));
#7778=CARTESIAN_POINT('',(0.0494516291892588,-0.00205877175083788,0.0141323185684762));
#7779=CARTESIAN_POINT('',(0.0499252026600007,-0.00237811865224214,0.0137787402079486));
#7780=CARTESIAN_POINT('',(0.0505156590552402,-0.00263744485176213,0.0133371125529571));
#7781=CARTESIAN_POINT('',(0.0508649632942238,-0.00275228888451292,0.0130765158737948));
#7782=CARTESIAN_POINT('',(0.0511785213185384,-0.00282850691482429,0.0128421902367212));
#7783=CARTESIAN_POINT('',(0.0513274703627096,-0.00285833615750646,0.0127309464370284));
#7784=CARTESIAN_POINT('',(0.0515186731732331,-0.00289293941503655,0.0125883598317951));
#7785=CARTESIAN_POINT('',(0.0518070089765521,-0.00293277200668972,0.0123729693882227));
#7786=CARTESIAN_POINT('',(0.0522232214148555,-0.00295301973306846,0.0120620195150806));
#7787=CARTESIAN_POINT('',(0.0525628950543406,-0.00294660312264487,0.0118078619188994));
#7788=CARTESIAN_POINT('',(0.0528083094487776,-0.00292746898188174,0.0116245892828177));
#7789=CARTESIAN_POINT('',(0.0529665950597043,-0.0029086897342833,0.011506744600571));
#7790=CARTESIAN_POINT('',(0.0530487993282397,-0.00289778721320888,0.0114454143030519));
#7791=CARTESIAN_POINT('',(0.0532375458424461,-0.0028684031675962,0.0113043971509855));
#7792=CARTESIAN_POINT('',(0.0534988440421581,-0.00281603781024353,0.0111091551286011));
#7793=CARTESIAN_POINT('',(0.0537131941336148,-0.00275841466699985,0.0109492068511712));
#7794=CARTESIAN_POINT('',(0.0538397431775062,-0.00271859847967954,0.0108546955399106));
#7795=CARTESIAN_POINT('',(0.0540000000000002,-0.00294615096868804,0.0118493531622734));
#7796=CARTESIAN_POINT('',(0.0537803838170293,-0.00295453772997026,0.0120133703115808));
#7797=CARTESIAN_POINT('',(0.0535155350619488,-0.00294461447638459,0.0122117756215988));
#7798=CARTESIAN_POINT('',(0.0533343145826026,-0.00292994278859921,0.0123467239762791));
#7799=CARTESIAN_POINT('',(0.0532503941460874,-0.00292145493698116,0.0124092249495491));
#7800=CARTESIAN_POINT('',(0.0532436675477051,-0.00292104758184882,0.0124141948475284));
#7801=CARTESIAN_POINT('',(0.0531033501296733,-0.00290457025936199,0.0125190202855193));
#7802=CARTESIAN_POINT('',(0.0529693093417947,-0.00288494836586495,0.0126191748969992));
#7803=CARTESIAN_POINT('',(0.0527964259373666,-0.0028550562361291,0.0127483297653488));
#7804=CARTESIAN_POINT('',(0.0526052583748189,-0.0028131021862241,0.0128910515658521));
#7805=CARTESIAN_POINT('',(0.052451146676573,-0.00277455593258442,0.0130060511777209));
#7806=CARTESIAN_POINT('',(0.0522262130823923,-0.00270820140924769,0.0131741863469467));
#7807=CARTESIAN_POINT('',(0.0519681922111845,-0.00261758855552896,0.0133672483124742));
#7808=CARTESIAN_POINT('',(0.0516622402852513,-0.00248759950064732,0.0135960252280881));
#7809=CARTESIAN_POINT('',(0.0513371447069981,-0.00231245370628535,0.0138384149546661));
#7810=CARTESIAN_POINT('',(0.0509719673189134,-0.00207670672329464,0.0141105365554548));
#7811=CARTESIAN_POINT('',(0.0505130487036917,-0.00167212379235983,0.0144541252005937));
#7812=CARTESIAN_POINT('',(0.0501599208253012,-0.00119630029049279,0.0147169959856153));
#7813=CARTESIAN_POINT('',(0.0498994398226082,-0.000594995084025059,0.0149122612505477));
#7814=CARTESIAN_POINT('',(0.0498226742413512,-2.3597037923691E-8,0.0149688962229275));
#7815=CARTESIAN_POINT('',(0.0498995818377069,0.000595089472167646,0.0149121538577422));
#7816=CARTESIAN_POINT('',(0.0501593079050778,0.00119581308245599,0.0147174579151213));
#7817=CARTESIAN_POINT('',(0.0505153583694861,0.00167397823634661,0.0144523848753782));
#7818=CARTESIAN_POINT('',(0.051055004343079,0.00215056298788079,0.0140484075974486));
#7819=CARTESIAN_POINT('',(0.0515451803086447,0.00243648628588546,0.0136833982029381));
#7820=CARTESIAN_POINT('',(0.0519716494791327,0.00261975182863189,0.0133644638683947));
#7821=CARTESIAN_POINT('',(0.0522440614089243,0.00271362179352885,0.0131607418951935));
#7822=CARTESIAN_POINT('',(0.0524302791346745,0.00276866884091578,0.0130216817204559));
#7823=CARTESIAN_POINT('',(0.0526094170563761,0.00281430988797578,0.0128879561718598));
#7824=CARTESIAN_POINT('',(0.0528012487350991,0.0028562371726625,0.0127446851179358));
#7825=CARTESIAN_POINT('',(0.0530355259650198,0.00289576490655705,0.0125696273032842));
#7826=CARTESIAN_POINT('',(0.0532194486894769,0.00291906652226375,0.012432403389922));
#7827=CARTESIAN_POINT('',(0.0535320249639572,0.00295216214063991,0.0121990031565472));
#7828=CARTESIAN_POINT('',(0.0539148082957495,0.00294940429217152,0.0119129773464599));
#7829=CARTESIAN_POINT('',(0.054,0.00294615096868172,0.0118493531622728));
#7830=CARTESIAN_POINT('',(0.054,-0.00394484621231003,0.0117982864376199));
#7831=CARTESIAN_POINT('',(0.0540000000000008,-0.00294615096868803,0.011849353162273));
#7832=CARTESIAN_POINT('',(0.0540604095720237,-0.00294923186260127,0.0119096051975878));
#7833=CARTESIAN_POINT('',(0.0541296994654058,-0.00296599216821327,0.0119780633539525));
#7834=CARTESIAN_POINT('',(0.0542649498911602,-0.00302331288214362,0.0121102690364548));
#7835=CARTESIAN_POINT('',(0.0543998046504484,-0.00313444237622962,0.0122398584012031));
#7836=CARTESIAN_POINT('',(0.0545224841320338,-0.00328047539492071,0.01235456718833));
#7837=CARTESIAN_POINT('',(0.0546669120117514,-0.00356986441371298,0.0124843042064114));
#7838=CARTESIAN_POINT('',(0.0547038944877555,-0.00381920266682232,0.0125086055122375));
#7839=CARTESIAN_POINT('',(0.0547071067811867,-0.00394484621230996,0.0125053932188063));
#7840=CARTESIAN_POINT('',(0.0547071067811866,-0.00394484621230998,0.0125053932188064));
#7841=CARTESIAN_POINT('',(0.054,-0.00394484621231003,0.0117982864376199));
#7842=CARTESIAN_POINT('',(0.055,0.,-0.026));
#7843=CARTESIAN_POINT('',(0.055,0.004,-0.026));
#7844=CARTESIAN_POINT('',(0.055,0.004,0.0117982864376199));
#7845=CARTESIAN_POINT('',(0.055,0.,0.0117982864376199));
#7846=CARTESIAN_POINT('',(0.055,0.,0.0117982864376199));
#7847=CARTESIAN_POINT('',(0.055,-0.004,0.0117982864376199));
#7848=CARTESIAN_POINT('',(0.055,-0.004,-0.026));
#7849=CARTESIAN_POINT('',(-0.0356438551885372,0.0679034415516495,0.0062923989872592));
#7850=CARTESIAN_POINT('',(-0.0346438551885372,0.0739522738447098,-0.00217700321358262));
#7851=CARTESIAN_POINT('',(-0.0346438551885372,0.0647146996713934,0.0107571842863229));
#7852=CARTESIAN_POINT('',(-0.0356438551885372,0.0647146996713934,0.0107571842863229));
#7853=CARTESIAN_POINT('',(0.0163549944994674,0.0647146996713934,0.0107571842863229));
#7854=CARTESIAN_POINT('',(0.0163549944994674,0.0662589300070889,0.00859499707892573));
#7855=CARTESIAN_POINT('',(0.0485,-0.0122193000900734,0.));
#7856=CARTESIAN_POINT('',(0.0485,-0.0121552457811431,0.));
#7857=CARTESIAN_POINT('',(0.0485,-0.0121552457811431,0.0052982864376269));
#7858=CARTESIAN_POINT('',(0.0485,-0.0122193000900734,0.0052982864376269));
#7859=CARTESIAN_POINT('',(0.0173549944994674,0.0475824986410395,-0.001));
#7860=CARTESIAN_POINT('',(0.0173549944994674,0.047181620763791,-0.000799561061375793));
#7861=CARTESIAN_POINT('',(0.0176210775279211,0.046793785162428,-0.000605643260694254));
#7862=CARTESIAN_POINT('',(0.0179950926465367,0.0466495084716073,-0.000533504915283933));
#7863=CARTESIAN_POINT('',(0.0173549944994674,0.0475824986410395,-0.001));
#7864=CARTESIAN_POINT('',(0.0173549944994674,0.0472150272535618,-0.000766154571605091));
#7865=CARTESIAN_POINT('',(0.0175611892650368,0.0468349875561547,-0.000527575597963444));
#7866=CARTESIAN_POINT('',(0.0179571554185386,0.046664142793703,-0.000420524167657268));
#7867=CARTESIAN_POINT('',(0.0173549944994674,0.0475824986410395,-0.001));
#7868=CARTESIAN_POINT('',(0.0173549944994674,0.0472818402331031,-0.000699341592063687));
#7869=CARTESIAN_POINT('',(0.0174954019106951,0.0469531097170341,-0.000370611075994692));
#7870=CARTESIAN_POINT('',(0.0179140745115592,0.046777742490328,-0.000195243849288534));
#7871=CARTESIAN_POINT('',(0.0173549944994674,0.0475824986410395,-0.001));
#7872=CARTESIAN_POINT('',(0.0173549944994674,0.0473486532126445,-0.000632528612522284));
#7873=CARTESIAN_POINT('',(0.0175611892650368,0.0471100742390029,-0.000252488915115265));
#7874=CARTESIAN_POINT('',(0.0179571554185386,0.0470030228086967,-8.16441526635305E-5));
#7875=CARTESIAN_POINT('',(0.0173549944994674,0.0475824986410395,-0.001));
#7876=CARTESIAN_POINT('',(0.0173549944994674,0.0473820597024153,-0.000599122122751582));
#7877=CARTESIAN_POINT('',(0.0176210775279211,0.0471881419017337,-0.0002112865213885));
#7878=CARTESIAN_POINT('',(0.0179950926465367,0.0471160035563234,-6.70098305678581E-5));
#7879=CARTESIAN_POINT('',(0.0179950926465367,0.0466495084716073,-0.000533504915283926));
#7880=CARTESIAN_POINT('',(0.0179090450248698,0.0466827014242159,-0.000550101391588189));
#7881=CARTESIAN_POINT('',(0.017739211067288,0.0467751379666533,-0.000596828899038551));
#7882=CARTESIAN_POINT('',(0.0175527740870501,0.0469678387631031,-0.00069263029364743));
#7883=CARTESIAN_POINT('',(0.0174483738200974,0.0471531721604838,-0.000785306493767686));
#7884=CARTESIAN_POINT('',(0.0173908915658256,0.0472985123099489,-0.000858263563349266));
#7885=CARTESIAN_POINT('',(0.0173549944994674,0.0474510496493079,-0.000934275504134202));
#7886=CARTESIAN_POINT('',(0.0173549944994674,0.0475824986410395,-0.001));
#7887=CARTESIAN_POINT('',(0.0179950926465367,0.0466495084716073,-0.000533504915283927));
#7888=CARTESIAN_POINT('',(0.0173549944994674,0.0475824986410395,-0.001));
#7889=CARTESIAN_POINT('',(0.0173549944994674,0.0475824986410395,-0.001));
#7890=CARTESIAN_POINT('',(0.0173549944994674,0.0475167873716797,-0.000868577461280492));
#7891=CARTESIAN_POINT('',(0.0173908920108184,0.0474407662257347,-0.000716018950502641));
#7892=CARTESIAN_POINT('',(0.0174483543015964,0.0473678237833673,-0.00057071237897648));
#7893=CARTESIAN_POINT('',(0.0175527875275947,0.0472751176338261,-0.000385315772604118));
#7894=CARTESIAN_POINT('',(0.0177391876948915,0.0471793360050255,-0.000192664173088211));
#7895=CARTESIAN_POINT('',(0.0179090350887227,0.0471326019490668,-0.00010020661605465));
#7896=CARTESIAN_POINT('',(0.0179950926465367,0.0471160035563234,-6.70098305678416E-5));
#7897=CARTESIAN_POINT('',(0.0179950926465367,0.0471160035563234,-6.70098305678482E-5));
#7898=CARTESIAN_POINT('',(0.0179950926465367,0.0466495084716073,-0.000533504915283926));
#7899=CARTESIAN_POINT('',(0.0179571554185386,0.046664142793703,-0.000420524167657261));
#7900=CARTESIAN_POINT('',(0.0179140740583176,0.0467777419028484,-0.000195243261808975));
#7901=CARTESIAN_POINT('',(0.0179571554185386,0.0470030228086967,-8.16441526635227E-5));
#7902=CARTESIAN_POINT('',(0.0179950926465367,0.0471160035563234,-6.70098305678501E-5));
#7903=CARTESIAN_POINT('',(0.0528397431775085,0.004,-0.026));
#7904=CARTESIAN_POINT('',(-0.0243663942061375,0.004,-0.026));
#7905=CARTESIAN_POINT('',(0.055,0.004,-0.026));
#7906=CARTESIAN_POINT('',(0.0528397431775085,0.004,-0.026));
#7907=CARTESIAN_POINT('',(0.055,0.004,-0.026));
#7908=CARTESIAN_POINT('',(0.0528397431775085,0.004,-0.026));
#7909=CARTESIAN_POINT('',(-0.00914443034453487,0.0679034415516495,-0.00985380050637038));
#7910=CARTESIAN_POINT('',(-0.0243663942061375,0.0679034415516495,-0.026));
#7911=CARTESIAN_POINT('',(-0.0346438551885372,0.0679034415516495,-0.026));
#7912=CARTESIAN_POINT('',(0.0163549944994674,0.0679034415516495,-0.026));
#7913=CARTESIAN_POINT('',(-0.0346438551885372,0.0679034415516495,-0.00985380050637038));
#7914=CARTESIAN_POINT('',(0.0163549944994674,0.0679034415516495,-0.00985380050637038));
#7915=CARTESIAN_POINT('',(-0.0332438551885372,0.048522809079301,-0.0149347059781753));
#7916=CARTESIAN_POINT('',(-0.0332438551885372,0.0485228090793121,-0.026));
#7917=CARTESIAN_POINT('',(-0.0342438551885372,0.048522809079298,-0.026));
#7918=CARTESIAN_POINT('',(-0.0332438551885372,0.0475228090793121,-0.0260000000000005));
#7919=CARTESIAN_POINT('',(-0.0342438551885372,0.0485228090792839,-0.00386941195635592));
#7920=CARTESIAN_POINT('',(-0.0332438551885372,0.047522809079301,-0.0149347059781763));
#7921=CARTESIAN_POINT('',(-0.0332438551885372,0.0645034415516495,-0.00700658097817796));
#7922=CARTESIAN_POINT('',(-0.0332438551885372,0.0645034415516495,-0.026));
#7923=CARTESIAN_POINT('',(-0.0332438551885372,0.0655034415516495,-0.026));
#7924=CARTESIAN_POINT('',(-0.0342438551885372,0.0645034415516495,-0.026));
#7925=CARTESIAN_POINT('',(-0.0332438551885372,0.0655034415516495,-0.01014375));
#7926=CARTESIAN_POINT('',(-0.0342438551885372,0.0645034415516495,-0.00386941195635592));
#7927=CARTESIAN_POINT('',(-0.00894443034453489,0.0655034415516495,-0.01014375));
#7928=CARTESIAN_POINT('',(-0.0243663942061375,0.0655034415516495,-0.026));
#7929=CARTESIAN_POINT('',(0.0153549944994674,0.0655034415516495,-0.026));
#7930=CARTESIAN_POINT('',(0.0153549944994674,0.0655034415516495,-0.01014375));
#7931=CARTESIAN_POINT('',(0.055,0.004,-0.013));
#7932=CARTESIAN_POINT('',(0.0478330429724056,0.004,0.));
#7933=CARTESIAN_POINT('',(0.0478330429724056,0.004,-0.026));
#7934=CARTESIAN_POINT('',(-0.0243663942061375,0.004,-0.026));
#7935=CARTESIAN_POINT('',(0.0498397431775085,0.004,-0.026));
#7936=CARTESIAN_POINT('',(0.0498397431775085,0.004,-0.013));
#7937=CARTESIAN_POINT('',(0.0498397431775085,0.004,-0.026));
#7938=CARTESIAN_POINT('',(0.0498397431775085,0.004,-0.026));
#7939=CARTESIAN_POINT('',(0.0505335957819698,0.00911339603760092,-0.026));
#7940=CARTESIAN_POINT('',(0.0505335957819698,0.00911339603760094,-0.026));
#7941=CARTESIAN_POINT('',(0.0505335957819702,0.00911339603760088,0.00767711812041924));
#7942=CARTESIAN_POINT('',(0.05053359578197,0.00911339603760091,0.00767711812041925));
#7943=CARTESIAN_POINT('',(0.0508392889724198,0.00907191557827408,0.00795256315593657));
#7944=CARTESIAN_POINT('',(0.0512598542984056,0.00897244408533639,0.00833116537252143));
#7945=CARTESIAN_POINT('',(0.0516702541445228,0.00882756738436457,0.0087028754423174));
#7946=CARTESIAN_POINT('',(0.0518942289574397,0.00873437231900947,0.00890614410843549));
#7947=CARTESIAN_POINT('',(0.0520242231348385,0.00867653325597251,0.00902415993625201));
#7948=CARTESIAN_POINT('',(0.0522508015357444,0.0085645934129667,0.00922992379671403));
#7949=CARTESIAN_POINT('',(0.052504191160438,0.00842310496020735,0.00946053482769069));
#7950=CARTESIAN_POINT('',(0.0528121052267509,0.00822532819674343,0.00974176472414382));
#7951=CARTESIAN_POINT('',(0.0530824082532339,0.00801842402813654,0.00999008648543461));
#7952=CARTESIAN_POINT('',(0.0532892303109617,0.00783919120434772,0.0101807747863117));
#7953=CARTESIAN_POINT('',(0.0534162421291174,0.00772210244630804,0.0102980114077641));
#7954=CARTESIAN_POINT('',(0.0536087858444995,0.00752800087748535,0.0104760631269365));
#7955=CARTESIAN_POINT('',(0.0538238874212692,0.00728616721540211,0.0106758222277644));
#7956=CARTESIAN_POINT('',(0.0540745761575952,0.00696163466309162,0.0109101616283238));
#7957=CARTESIAN_POINT('',(0.054283281017951,0.00663221177583383,0.0111073472533482));
#7958=CARTESIAN_POINT('',(0.0544332128464685,0.00635427326237925,0.0112500358616804));
#7959=CARTESIAN_POINT('',(0.054524374380473,0.00616907612715983,0.0113371368582988));
#7960=CARTESIAN_POINT('',(0.054645471272427,0.00588784261683933,0.011453171372608));
#7961=CARTESIAN_POINT('',(0.0547708330471212,0.00553960256572734,0.0115737997044162));
#7962=CARTESIAN_POINT('',(0.0549442860193805,0.00490501881549632,0.0117420528815736));
#7963=CARTESIAN_POINT('',(0.0550000000000001,0.00435937969758667,0.0117982864376199));
#7964=CARTESIAN_POINT('',(0.0550000000000001,0.00399999999999999,0.0117982864376199));
#7965=CARTESIAN_POINT('',(-0.00342533203726391,-0.0492249999999799,0.000725));
#7966=CARTESIAN_POINT('',(0.,0.,0.0499499999999845));
#7967=CARTESIAN_POINT('',(-0.0121552457812683,-0.0484999999999686,0.00145000000000003));
#7968=CARTESIAN_POINT('',(0.,0.,0.0499499999999845));
#7969=CARTESIAN_POINT('',(0.0121552457811435,-0.0485,0.00145000000000002));
#7970=CARTESIAN_POINT('',(-0.0356450056242502,-0.0484999999999384,0.00145));
#7971=CARTESIAN_POINT('',(0.0122193000900063,-0.0295,0.));
#7972=CARTESIAN_POINT('',(0.0122193000900063,-0.0295,0.));
#7973=CARTESIAN_POINT('',(0.0122193000900062,-0.0485,0.));
#7974=CARTESIAN_POINT('',(0.0122193000900063,-0.0295,0.00529828643762691));
#7975=CARTESIAN_POINT('',(0.0122193000900062,-0.0484999999999843,0.00529828643762691));
#7976=CARTESIAN_POINT('',(0.0122193000900062,-0.0485,0.));
#7977=CARTESIAN_POINT('',(0.0150882956585983,-0.0119209088197782,0.));
#7978=CARTESIAN_POINT('',(0.0150882956585983,-0.0485,0.));
#7979=CARTESIAN_POINT('',(0.0121552457811434,-0.0485,0.));
#7980=CARTESIAN_POINT('',(0.,0.,0.));
#7981=CARTESIAN_POINT('',(0.,0.,0.));
#7982=CARTESIAN_POINT('',(0.,0.,-0.026));
#7983=CARTESIAN_POINT('',(0.0488485745339031,-0.0106684940833144,-0.026));
#7984=CARTESIAN_POINT('',(-0.0121552457812684,-0.0484999999999686,-0.026));
#7985=CARTESIAN_POINT('',(0.0488485745339031,-0.0106684940833144,0.));
#7986=CARTESIAN_POINT('',(0.0488485745339031,-0.0106684940833144,0.00565096567844741));
#7987=CARTESIAN_POINT('',(0.0488485745339031,-0.0106684940833143,0.00565096567844741));
#7988=CARTESIAN_POINT('',(0.0487400936784944,-0.0111652029074045,0.00554290008098899));
#7989=CARTESIAN_POINT('',(0.0486239026966603,-0.0116608682180546,0.0054271625896621));
#7990=CARTESIAN_POINT('',(0.0485000000000002,-0.0121552457811426,0.00530375320446673));
#7991=CARTESIAN_POINT('',(0.0484999925689671,-0.0121552754312358,0.0053037458030368));
#7992=CARTESIAN_POINT('',(0.048499985137934,-0.0121553050813291,0.00530373840160663));
#7993=CARTESIAN_POINT('',(0.0484999900919681,-0.0121552853146034,0.00530192108028005));
#7994=CARTESIAN_POINT('',(0.0484999950459901,-0.0121552655478747,0.00530010375895348));
#7995=CARTESIAN_POINT('',(0.0485,-0.012155245781143,0.0052982864376269));
#7996=CARTESIAN_POINT('',(0.0121552457811436,-0.0485,0.));
#7997=CARTESIAN_POINT('',(-0.0121552457812684,-0.0484999999999686,0.));
#7998=CARTESIAN_POINT('',(0.0508025175152592,-0.011095233846647,0.));
#7999=CARTESIAN_POINT('',(0.0508025175152592,-0.011095233846647,-0.026));
#8000=CARTESIAN_POINT('',(0.05053359578197,-0.00911339603760089,-0.026));
#8001=CARTESIAN_POINT('',(0.0505335957819702,-0.00911339603760085,0.));
#8002=CARTESIAN_POINT('',(0.0505335957819703,-0.00911339603760086,0.0076771181204193));
#8003=CARTESIAN_POINT('',(0.0504180187130612,-0.00913254164685909,0.00724714466711357));
#8004=CARTESIAN_POINT('',(0.0504298688546538,-0.00913022015944056,0.00734087967953531));
#8005=CARTESIAN_POINT('',(0.0504482235281898,-0.00912662701449275,0.00746969879763231));
#8006=CARTESIAN_POINT('',(0.0505022291761705,-0.00911765226985182,0.0076245334513738));
#8007=CARTESIAN_POINT('',(0.0505335957819702,-0.00911339603760085,0.00767711812041929));
#8008=CARTESIAN_POINT('',(0.0504180187130612,-0.0091325416468591,0.00724714466711355));
#8009=CARTESIAN_POINT('',(0.0488794295029935,-0.0105459320197066,0.0056849032949545));
#8010=CARTESIAN_POINT('',(0.0489350442118784,-0.0103512267143232,0.00572773868863928));
#8011=CARTESIAN_POINT('',(0.0491073068924523,-0.00997775327190417,0.00585230715805351));
#8012=CARTESIAN_POINT('',(0.0494457970201239,-0.00960020500292771,0.00609789689417962));
#8013=CARTESIAN_POINT('',(0.0497473235115495,-0.00939089853203804,0.0063285962256926));
#8014=CARTESIAN_POINT('',(0.0499138379606116,-0.0093024112110082,0.00646884904159671));
#8015=CARTESIAN_POINT('',(0.0500135341603391,-0.00925521218162836,0.00655398499805284));
#8016=CARTESIAN_POINT('',(0.0501877999973804,-0.00918963332573537,0.00672980084411285));
#8017=CARTESIAN_POINT('',(0.0503374837802042,-0.00914845001752124,0.00694499400114493));
#8018=CARTESIAN_POINT('',(0.0504024720726911,-0.00913558729232563,0.00712417022694876));
#8019=CARTESIAN_POINT('',(0.0504180187130612,-0.00913254164685909,0.00724714466711357));
#8020=CARTESIAN_POINT('',(0.0488794295030145,-0.0105459320196333,0.0056849032949706));
#8021=CARTESIAN_POINT('',(0.0488485745339031,-0.0106684940833144,0.00565096567844741));
#8022=CARTESIAN_POINT('',(0.048857573311817,-0.0106272907541275,0.00566468604204146));
#8023=CARTESIAN_POINT('',(0.0488678675258656,-0.0105864101294128,0.00567599858087715));
#8024=CARTESIAN_POINT('',(0.0488794295029935,-0.0105459320197066,0.0056849032949545));
#8025=CARTESIAN_POINT('',(0.0498397431775085,-0.004,-0.026));
#8026=CARTESIAN_POINT('',(0.055,-0.004,-0.026));
#8027=CARTESIAN_POINT('',(0.055,-0.004,-0.026));
#8028=CARTESIAN_POINT('',(0.0550000000000001,-0.00399999999999999,0.0117982864376199));
#8029=CARTESIAN_POINT('',(0.0550000000000001,-0.0043702469321415,0.0117982864376199));
#8030=CARTESIAN_POINT('',(0.0549317181453062,-0.00496596023434774,0.0117285122663725));
#8031=CARTESIAN_POINT('',(0.0547392735574545,-0.00565128342119867,0.0115431757492948));
#8032=CARTESIAN_POINT('',(0.0545275545621224,-0.00617624662274063,0.0113404115703071));
#8033=CARTESIAN_POINT('',(0.0543302083408581,-0.00655448403349607,0.0111522376318125));
#8034=CARTESIAN_POINT('',(0.0540750128954736,-0.00696214896163279,0.010910819381336));
#8035=CARTESIAN_POINT('',(0.0538249144013867,-0.00728479318160917,0.0106768306369983));
#8036=CARTESIAN_POINT('',(0.0536089089273424,-0.00752795231065656,0.0104761206578947));
#8037=CARTESIAN_POINT('',(0.0534148451428362,-0.0077234498915119,0.0102966710270202));
#8038=CARTESIAN_POINT('',(0.0532886451255211,-0.0078396997084125,0.0101802106616089));
#8039=CARTESIAN_POINT('',(0.0530820669933041,-0.00801869420372202,0.00998975017209235));
#8040=CARTESIAN_POINT('',(0.0528122966340066,-0.00822516726840497,0.00974190262542597));
#8041=CARTESIAN_POINT('',(0.0525047307861557,-0.00842277520288063,0.00946096903234491));
#8042=CARTESIAN_POINT('',(0.0522515333530797,-0.00856420296460218,0.00923052718639241));
#8043=CARTESIAN_POINT('',(0.0520251439275915,-0.00867610294039857,0.00902494307121518));
#8044=CARTESIAN_POINT('',(0.0518949537097162,-0.00873406023796775,0.00890675784928342));
#8045=CARTESIAN_POINT('',(0.0516708542595673,-0.00882734267285538,0.0087033875721446));
#8046=CARTESIAN_POINT('',(0.0512601792610037,-0.00897236721299932,0.0083314473997114));
#8047=CARTESIAN_POINT('',(0.0508394145160411,-0.0090718985428698,0.00795267627709302));
#8048=CARTESIAN_POINT('',(0.0505335957819702,-0.00911339603760089,0.0076771181204193));
#8049=CARTESIAN_POINT('',(0.0498397431775085,-0.004,-0.026));
#8050=CARTESIAN_POINT('',(0.0528397431775085,-0.004,-0.026));
#8051=CARTESIAN_POINT('',(-0.0243663942061375,-0.004,-0.026));
#8052=CARTESIAN_POINT('',(0.0528397431775085,-0.004,-0.026));
#8053=CARTESIAN_POINT('',(0.0528397431775085,-0.004,-0.026));
#8054=CARTESIAN_POINT('',(0.055,-0.004,-0.018));
#8055=CARTESIAN_POINT('',(0.055,-0.004,-0.026));
#8056=CARTESIAN_POINT('',(0.0478330429724056,-0.004,-0.026));
#8057=CARTESIAN_POINT('',(0.0498397431775085,-0.004,-0.026));
#8058=CARTESIAN_POINT('',(0.0478330429724056,-0.004,0.));
#8059=CARTESIAN_POINT('',(0.0498397431775085,-0.004,-0.018));
#8060=CARTESIAN_POINT('',(0.,0.,0.));
#8061=CARTESIAN_POINT('',(0.,0.,-0.026));
#8062=CARTESIAN_POINT('',(0.0170008109382538,0.0448884442528559,-0.026));
#8063=CARTESIAN_POINT('',(0.,0.,-0.026));
#8064=CARTESIAN_POINT('',(-0.0154736414335912,-0.0454375001599412,-0.026));
#8065=CARTESIAN_POINT('',(-0.0154736414335831,-0.0454375001599439,0.));
#8066=CARTESIAN_POINT('',(-0.0154736414335831,-0.0454375001599439,0.));
#8067=CARTESIAN_POINT('',(0.,0.,0.));
#8068=CARTESIAN_POINT('',(0.0170008109382538,0.0448884442528559,0.));
#8069=CARTESIAN_POINT('',(0.0170008109382538,0.0448884442528559,0.));
#8070=CARTESIAN_POINT('',(0.0274162735286411,0.0227887597883921,0.00993750016001337));
#8071=CARTESIAN_POINT('',(0.0275164264952502,0.0234287649983899,0.00941412929418389));
#8072=CARTESIAN_POINT('',(0.027413638146847,0.0244743680952707,0.00874745859213271));
#8073=CARTESIAN_POINT('',(0.0264745801812122,0.0261592918848258,0.00822005181018341));
#8074=CARTESIAN_POINT('',(0.0248290080532866,0.0273936105382066,0.00851085193082058));
#8075=CARTESIAN_POINT('',(0.0234287649983865,0.0275164264952503,0.00941412929418628));
#8076=CARTESIAN_POINT('',(0.0227887597883888,0.0274162735286405,0.00993750016001603));
#8077=CARTESIAN_POINT('',(0.0268475449514688,0.0228388483261017,0.00988991835764383));
#8078=CARTESIAN_POINT('',(0.026921120983605,0.0234408655514085,0.00943511281922304));
#8079=CARTESIAN_POINT('',(0.0268058553150723,0.0243817089719838,0.00888871009434022));
#8080=CARTESIAN_POINT('',(0.0260209642311296,0.0257733553443606,0.00848645420692969));
#8081=CARTESIAN_POINT('',(0.0246985942261207,0.026773921589875,0.00870000609401491));
#8082=CARTESIAN_POINT('',(0.0234408655514054,0.0269211209836051,0.00943511281922505));
#8083=CARTESIAN_POINT('',(0.0228388483260986,0.0268475449514684,0.00988991835764613));
#8084=CARTESIAN_POINT('',(0.0262788163742966,0.0228889368638113,0.00984233655527428));
#8085=CARTESIAN_POINT('',(0.0263258154719598,0.0234529661044271,0.00945609634426219));
#8086=CARTESIAN_POINT('',(0.0261980724832976,0.0242890498486969,0.00902996159654774));
#8087=CARTESIAN_POINT('',(0.0255673482810471,0.0253874188038955,0.00875285660367598));
#8088=CARTESIAN_POINT('',(0.0245681803989549,0.0261542326415435,0.00888916025720923));
#8089=CARTESIAN_POINT('',(0.0234529661044243,0.02632581547196,0.00945609634426382));
#8090=CARTESIAN_POINT('',(0.0228889368638084,0.0262788163742963,0.00984233655527624));
#8091=CARTESIAN_POINT('',(0.0257100877971243,0.0229390254015209,0.00979475475290474));
#8092=CARTESIAN_POINT('',(0.0257305099603146,0.0234650666574457,0.00947707986930134));
#8093=CARTESIAN_POINT('',(0.0255902896515229,0.0241963907254101,0.00917121309875525));
#8094=CARTESIAN_POINT('',(0.0251137323309645,0.0250014822634303,0.00901925900042226));
#8095=CARTESIAN_POINT('',(0.0244377665717891,0.0255345436932119,0.00907831442040355));
#8096=CARTESIAN_POINT('',(0.0234650666574432,0.0257305099603149,0.00947707986930259));
#8097=CARTESIAN_POINT('',(0.0229390254015182,0.0257100877971242,0.00979475475290635));
#8098=CARTESIAN_POINT('',(0.0237815604545063,0.0256456553984703,0.00936085714294512));
#8099=CARTESIAN_POINT('',(0.0243336179202412,0.0255253470246769,0.0091234024408231));
#8100=CARTESIAN_POINT('',(0.0251114651280694,0.0251191564411439,0.00897441776695171));
#8101=CARTESIAN_POINT('',(0.025532525890697,0.0243284518361801,0.00912776222077084));
#8102=CARTESIAN_POINT('',(0.0256456553968947,0.0237815604592182,0.00936085714072456));
#8103=CARTESIAN_POINT('',(0.0237819967564174,0.0256457488154521,0.00936184593586937));
#8104=CARTESIAN_POINT('',(0.0256456803299537,0.023781680663088,0.00936112862392153));
#8105=CARTESIAN_POINT('',(0.0237815604560073,0.0256456553985581,0.00936085714494598));
#8106=CARTESIAN_POINT('',(0.0235956698408585,0.0260223428464324,0.00940873403234473));
#8107=CARTESIAN_POINT('',(0.0234551713662867,0.0264221138084865,0.00947494872540763));
#8108=CARTESIAN_POINT('',(0.0233484863287393,0.0268565469882732,0.00953083916999505));
#8109=CARTESIAN_POINT('',(0.0268565469882733,0.0233484863287392,0.00953083916999515));
#8110=CARTESIAN_POINT('',(0.0266158138126239,0.0234076038848475,0.00949986850560527));
#8111=CARTESIAN_POINT('',(0.0261293310254225,0.0235581712142202,0.0094298787783537));
#8112=CARTESIAN_POINT('',(0.0258199814923481,0.0236955326772407,0.00938301394961342));
#8113=CARTESIAN_POINT('',(0.0256456553969358,0.0237815604597328,0.00936085714139495));
#8114=CARTESIAN_POINT('',(0.0251025166585062,0.0251025166585062,0.012));
#8115=CARTESIAN_POINT('',(0.0247136079272827,0.0247136079272827,0.012));
#8116=CARTESIAN_POINT('',(0.023114457649621,0.0263127582074785,0.0101058150121538));
#8117=CARTESIAN_POINT('',(0.0230154828489466,0.0267753369057159,0.010206321477564));
#8118=CARTESIAN_POINT('',(0.02304462140091,0.0266126305508999,0.0101741229673523));
#8119=CARTESIAN_POINT('',(0.0230773847001472,0.0264586659526914,0.0101404410144807));
#8120=CARTESIAN_POINT('',(0.0231144576496969,0.0263127582080517,0.0101058150118592));
#8121=CARTESIAN_POINT('',(0.0230154893352601,0.026775336531176,0.0102063292383061));
#8122=CARTESIAN_POINT('',(0.0248954098773324,0.0248954098773324,0.012));
#8123=CARTESIAN_POINT('',(0.026775336531176,0.0230154893352601,0.0102063292383061));
#8124=CARTESIAN_POINT('',(0.0263127582080518,0.0231144576496968,0.0101058150118592));
#8125=CARTESIAN_POINT('',(0.0264587832826268,0.0230773548883858,0.0101404688585602));
#8126=CARTESIAN_POINT('',(0.026612748485665,0.0230445909843189,0.0101741678019758));
#8127=CARTESIAN_POINT('',(0.0267753369057159,0.0230154828489466,0.010206321477564));
#8128=CARTESIAN_POINT('',(0.0263127582080409,0.0231144576496953,0.0101058150118647));
#8129=CARTESIAN_POINT('',(0.0247136079288743,0.0247136079288743,0.012));
#8130=CARTESIAN_POINT('',(0.0243954098773371,0.0243954098773371,0.012));
#8131=CARTESIAN_POINT('',(0.0230154828489474,0.0267753369057174,0.0102063214775637));
#8132=CARTESIAN_POINT('',(0.0229038491949665,0.0267515075303838,0.0102983477992106));
#8133=CARTESIAN_POINT('',(0.0227261475977577,0.0267041175643659,0.010451481903456));
#8134=CARTESIAN_POINT('',(0.0224865390267965,0.0266196221275199,0.0106735154142114));
#8135=CARTESIAN_POINT('',(0.0222803898995229,0.026531078057175,0.0108765144660309));
#8136=CARTESIAN_POINT('',(0.0221548410198709,0.0264688154674885,0.0110062648845733));
#8137=CARTESIAN_POINT('',(0.0219372285407655,0.0263499662243876,0.011239550843162));
#8138=CARTESIAN_POINT('',(0.0217658826196354,0.0262364448268621,0.011438787026585));
#8139=CARTESIAN_POINT('',(0.0216465092998836,0.0261443104547905,0.0115871728068389));
#8140=CARTESIAN_POINT('',(0.0216478673625347,0.0261441963371481,0.0115881279271144));
#8141=CARTESIAN_POINT('',(0.0238954098802454,0.0238954098802454,0.012));
#8142=CARTESIAN_POINT('',(0.0261441963374559,0.021647867368406,0.0115881279141048));
#8143=CARTESIAN_POINT('',(0.0261443104574232,0.0216465093050352,0.0115871727931174));
#8144=CARTESIAN_POINT('',(0.0262374582286399,0.0217671615129153,0.0114373407509719));
#8145=CARTESIAN_POINT('',(0.0263513947312917,0.0219394211199133,0.0112374394273904));
#8146=CARTESIAN_POINT('',(0.0264696312919872,0.0221560766756904,0.0110054826293798));
#8147=CARTESIAN_POINT('',(0.026530421452587,0.0222784942110536,0.0108789763398274));
#8148=CARTESIAN_POINT('',(0.0266188092375791,0.0224837929034119,0.0106765441626143));
#8149=CARTESIAN_POINT('',(0.0267033221451433,0.0227229971276376,0.010454486001405));
#8150=CARTESIAN_POINT('',(0.0267511713125361,0.0229021043950362,0.0102998241125497));
#8151=CARTESIAN_POINT('',(0.0267753369057174,0.0230154828489474,0.0102063214775637));
#8152=CARTESIAN_POINT('',(0.0173549944994674,0.0458236201747904,0.));
#8153=CARTESIAN_POINT('',(0.0173549944994674,0.0458236201747904,0.));
#8154=CARTESIAN_POINT('',(0.0163549944994674,0.0458236201747904,0.));
#8155=CARTESIAN_POINT('',(0.0163549944994674,0.0458236201747904,0.));
#8156=CARTESIAN_POINT('',(0.0163549944994674,0.0458236201747904,-0.026));
#8157=CARTESIAN_POINT('',(0.0173549944994674,0.0458236201747904,-0.026));
#8158=CARTESIAN_POINT('',(0.0153549944994674,0.0645034415516495,-0.00592176108982378));
#8159=CARTESIAN_POINT('',(0.0163549944994674,0.0645034415516495,-0.00169977217964756));
#8160=CARTESIAN_POINT('',(0.0163549944994674,0.0645034415516495,-0.026));
#8161=CARTESIAN_POINT('',(0.0153549944994674,0.0645034415516495,-0.026));
#8162=CARTESIAN_POINT('',(0.0153549944994674,0.0428639917268087,0.0047125));
#8163=CARTESIAN_POINT('',(0.0163549944994674,0.0272245419019679,0.0047125));
#8164=CARTESIAN_POINT('',(0.0153549944994674,0.061720854943894,0.00981713239765682));
#8165=CARTESIAN_POINT('',(0.0163549944994674,0.0638352629137024,0.0047125));
#8166=CARTESIAN_POINT('',(0.0163549944994674,0.0620505641089914,0.00902114405955348));
#8167=CARTESIAN_POINT('',(0.0153549944994674,0.0620505641089914,0.00902114405955347));
#8168=CARTESIAN_POINT('',(0.0153549944994674,0.0602028050439393,0.00825577719489444));
#8169=CARTESIAN_POINT('',(0.0163549944994674,0.0620505641089914,0.00902114405955348));
#8170=CARTESIAN_POINT('',(0.0163549944994674,0.0619490701523594,0.00926617214617999));
#8171=CARTESIAN_POINT('',(0.0163549944994674,0.061804554984836,0.00948245437871505));
#8172=CARTESIAN_POINT('',(0.0163549944994674,0.0616170186064213,0.00966999075715866));
#8173=CARTESIAN_POINT('',(0.0163549944994674,0.0616170186064213,0.00966999075715866));
#8174=CARTESIAN_POINT('',(0.0153549944994674,0.0616170186064214,0.00966999075715871));
#8175=CARTESIAN_POINT('',(0.0153549944994674,0.0530280080929665,0.0182590012719361));
#8176=CARTESIAN_POINT('',(0.0163549944994674,0.0616170186064213,0.00966999075715866));
#8177=CARTESIAN_POINT('',(0.0163549944994674,0.049154626682388,0.0221323826831109));
#8178=CARTESIAN_POINT('',(0.0153549945015808,0.0505688402447475,0.0221323826830429));
#8179=CARTESIAN_POINT('',(0.0156776167329494,0.050568840242819,0.0221323826840071));
#8180=CARTESIAN_POINT('',(0.016222479659628,0.0501123520609862,0.0221323826825366));
#8181=CARTESIAN_POINT('',(0.0163549944994674,0.0494721880980889,0.0221323826830836));
#8182=CARTESIAN_POINT('',(0.0163549944994674,0.0491546266823876,0.0221323826831114));
#8183=CARTESIAN_POINT('',(0.0163549944994674,0.0325034415516495,0.01293750016));
#8184=CARTESIAN_POINT('',(0.0163549944994674,0.0325034415516495,0.01293750016));
#8185=CARTESIAN_POINT('',(0.0163549944994674,0.0325034415516495,0.01293750016));
#8186=CARTESIAN_POINT('',(0.0173549944994674,0.0300216116928385,0.01293750016));
#8187=CARTESIAN_POINT('',(0.0163549944994674,0.0310216116928385,0.01293750016));
#8188=CARTESIAN_POINT('',(0.0163549944994674,0.0325034415516495,0.01293750016));
#8189=CARTESIAN_POINT('',(0.0123549944994674,0.0325034415516495,0.01293750016));
#8190=CARTESIAN_POINT('',(0.0163549944994674,0.0325034415516495,0.01293750016));
#8191=CARTESIAN_POINT('',(0.0163549944994671,0.0441990714707124,0.00124187024097013));
#8192=CARTESIAN_POINT('',(0.0163549944994674,0.0441990714707138,0.00124187024096869));
#8193=CARTESIAN_POINT('',(0.0166883278328014,0.0441535514438856,0.00128739026779676));
#8194=CARTESIAN_POINT('',(0.0170216611661347,0.044102341413704,0.00133860029797825));
#8195=CARTESIAN_POINT('',(0.0173549944994674,0.0440454413801689,0.00139550033151316));
#8196=CARTESIAN_POINT('',(0.0123549944994674,0.0298266232276572,0.00399999999999619));
#8197=CARTESIAN_POINT('',(0.0123549944994674,0.0298266232276572,0.00100000000000375));
#8198=CARTESIAN_POINT('',(0.016354994499467,0.0439478482494634,0.00100000000000228));
#8199=CARTESIAN_POINT('',(0.0163549944994674,0.0441990714707114,0.00124187024097111));
#8200=CARTESIAN_POINT('',(0.0163549944994674,0.0441153303969616,0.00116124682731535));
#8201=CARTESIAN_POINT('',(0.0163549944994674,0.0440315893232117,0.00108062341365959));
#8202=CARTESIAN_POINT('',(0.0163549944994674,0.0439478482494619,0.00100000000000383));
#8203=CARTESIAN_POINT('',(0.0123549944994674,0.0298266232276572,1.64980876182774E-14));
#8204=CARTESIAN_POINT('',(0.0123549944994674,0.0298266232276572,1.65015570652294E-14));
#8205=CARTESIAN_POINT('',(0.0163549944994674,0.0449198979459279,1.67907292306227E-14));
#8206=CARTESIAN_POINT('',(0.0123549944994674,0.0298266232276572,0.00100000000001397));
#8207=CARTESIAN_POINT('',(0.0163549944994674,0.0438828782322179,0.00100000000000699));
#8208=CARTESIAN_POINT('',(0.0163549944994674,0.04388287823221,0.00100000000001452));
#8209=CARTESIAN_POINT('',(0.0163549944994674,0.0442289817210462,0.000667112845383658));
#8210=CARTESIAN_POINT('',(0.0163549944994674,0.0445746264360418,0.000333749933220854));
#8211=CARTESIAN_POINT('',(0.0163549944994674,0.0449198979459276,1.7079273570393E-14));
#8212=CARTESIAN_POINT('',(0.0150479531411561,0.0323286530511498,0.));
#8213=CARTESIAN_POINT('',(0.0323590732926215,0.0150175328996844,0.));
#8214=CARTESIAN_POINT('',(0.0323590732849866,0.0150175328920494,0.0119375001707794));
#8215=CARTESIAN_POINT('',(0.0261627822100272,0.0212138239822787,0.01193750016));
#8216=CARTESIAN_POINT('',(0.0261627822100279,0.02121382398227,0.0119375001599999));
#8217=CARTESIAN_POINT('',(0.023688303096143,0.023688303096143,0.012));
#8218=CARTESIAN_POINT('',(0.02121382398227,0.0261627822100279,0.0119375001599999));
#8219=CARTESIAN_POINT('',(0.0163549944994674,0.0310216116928385,0.01193750016));
#8220=CARTESIAN_POINT('',(0.0163549944994674,0.0310216116928385,0.01193750016));
#8221=CARTESIAN_POINT('',(0.0163549944994674,0.0310216116928385,0.));
#8222=CARTESIAN_POINT('',(0.023688303096143,0.023688303096143,0.012));
#8223=CARTESIAN_POINT('',(0.0261524761375765,0.0215787177259477,0.0116867688131563));
#8224=CARTESIAN_POINT('',(0.0261582399837691,0.021459414966767,0.0117670529484589));
#8225=CARTESIAN_POINT('',(0.0261616753412526,0.0213377837188773,0.0118506300640734));
#8226=CARTESIAN_POINT('',(0.0261627822100272,0.0212138239822787,0.01193750016));
#8227=CARTESIAN_POINT('',(0.0261523641623915,0.0215799868703788,0.011687629856687));
#8228=CARTESIAN_POINT('',(0.0261444685461965,0.0216491992293058,0.011589028527934));
#8229=CARTESIAN_POINT('',(0.0261475339238551,0.021626187244886,0.0116216500899116));
#8230=CARTESIAN_POINT('',(0.0261502452690489,0.021603529292931,0.011654798605052));
#8231=CARTESIAN_POINT('',(0.0261525854228946,0.0215812425323241,0.011688458243936));
#8232=CARTESIAN_POINT('',(0.0215812425323244,0.0261525854228946,0.011688458243936));
#8233=CARTESIAN_POINT('',(0.0216035292901146,0.0261502452693373,0.0116547986091981));
#8234=CARTESIAN_POINT('',(0.0216261872391614,0.0261475339245234,0.0116216500980762));
#8235=CARTESIAN_POINT('',(0.0216491992205881,0.0261444685473297,0.0115890285399837));
#8236=CARTESIAN_POINT('',(0.0215799870259329,0.026152364154413,0.0116876297533154));
#8237=CARTESIAN_POINT('',(0.0212138239822787,0.0261627822100272,0.01193750016));
#8238=CARTESIAN_POINT('',(0.0213377837188773,0.0261616753412526,0.0118506300640734));
#8239=CARTESIAN_POINT('',(0.021459414966767,0.026158239983769,0.0117670529484589));
#8240=CARTESIAN_POINT('',(0.0215787177259478,0.0261524761375765,0.0116867688131563));
#8241=CARTESIAN_POINT('',(0.0258096234397031,0.0258096234397031,0.012));
#8242=CARTESIAN_POINT('',(0.0258096234397031,0.0258096234397031,0.012));
#8243=CARTESIAN_POINT('',(0.0247489632679233,0.0268702836114829,0.012));
#8244=CARTESIAN_POINT('',(0.0258096234397031,0.0258096234397031,0.012));
#8245=CARTESIAN_POINT('',(0.0237236584352028,0.0278955884442034,0.012));
#8246=CARTESIAN_POINT('',(-0.0356438551885372,0.0475228090792849,0.00114011714665022));
#8247=CARTESIAN_POINT('',(-0.0326438551885372,0.0418532825734505,0.00114011714665022));
#8248=CARTESIAN_POINT('',(-0.0326438551885372,0.047522809079303,0.00114011714665022));
#8249=CARTESIAN_POINT('',(-0.0326438551885372,0.0459131936966115,0.00114011714667447));
#8250=CARTESIAN_POINT('',(-0.0356438551885372,0.0475228090792849,0.00114011714665022));
#8251=CARTESIAN_POINT('',(-0.0356438551885372,0.045913193696563,0.00114011714672298));
#8252=CARTESIAN_POINT('',(-0.0356438551885372,0.0475228090793121,-0.026));
#8253=CARTESIAN_POINT('',(-0.0326438551885372,0.0475228090793121,-0.000249900770964908));
#8254=CARTESIAN_POINT('',(-0.0326438551885372,0.0475228090793121,-0.026));
#8255=CARTESIAN_POINT('',(-0.0356438551885372,0.0475228090793121,-0.026));
#8256=CARTESIAN_POINT('',(-0.0356438551885372,0.0463826919326394,-0.026));
#8257=CARTESIAN_POINT('',(-0.0243663942061375,0.0463826919326394,-0.026));
#8258=CARTESIAN_POINT('',(-0.0326438551885372,0.0463826919326394,-0.026));
#8259=CARTESIAN_POINT('',(-0.0346438551885372,0.0463826919326394,-0.026));
#8260=CARTESIAN_POINT('',(-0.0326438551885372,0.0463826919326394,-0.026));
#8261=CARTESIAN_POINT('',(-0.0326438551885372,0.0463826919326394,0.));
#8262=CARTESIAN_POINT('',(-0.0356438551885372,0.0463826919326394,0.));
#8263=CARTESIAN_POINT('',(-0.0346438551885372,0.0463826919326394,-1.62630325872825E-18));
#8264=CARTESIAN_POINT('',(-0.0346438551885372,0.0463826919326394,-0.026));
#8265=CARTESIAN_POINT('',(-0.0356438551885372,0.0463826919326394,0.));
#8266=CARTESIAN_POINT('',(-0.0326438551885372,0.0418532825734505,0.));
#8267=CARTESIAN_POINT('',(-0.0326438551885372,0.045440941711686,5.78241158658936E-19));
#8268=CARTESIAN_POINT('',(-0.0356438551885372,0.045440941711686,0.));
#8269=CARTESIAN_POINT('',(-0.0346438551885372,0.045440941711686,-9.32413868337534E-18));
#8270=CARTESIAN_POINT('',(-0.0346438551885372,0.0463826919326394,0.));
#8271=CARTESIAN_POINT('',(-0.0356438551885372,0.045913193696563,0.00114011714672298));
#8272=CARTESIAN_POINT('',(-0.0326438551885372,0.045913193696563,0.00114011714672298));
#8273=CARTESIAN_POINT('',(-0.0326438551885372,0.033643558698219,0.0134097521451476));
#8274=CARTESIAN_POINT('',(-0.0356438551885372,0.033643558698219,0.0134097521451476));
#8275=CARTESIAN_POINT('',(-0.0346438551885372,0.0524430667421445,0.001));
#8276=CARTESIAN_POINT('',(-0.0346438551885372,0.045440941711686,0.));
#8277=CARTESIAN_POINT('',(-0.0347675781048302,0.045440941711686,2.27275310129085E-20));
#8278=CARTESIAN_POINT('',(-0.0350201385409919,0.0454598667504789,4.3393955450215E-5));
#8279=CARTESIAN_POINT('',(-0.0353180009909412,0.0455405482844548,0.000240938769304839));
#8280=CARTESIAN_POINT('',(-0.0354566494889865,0.045611666201226,0.000411889541689512));
#8281=CARTESIAN_POINT('',(-0.0355278733586463,0.0456593096646607,0.00052705447062952));
#8282=CARTESIAN_POINT('',(-0.0355795115529984,0.0457072535494344,0.000643023022173496));
#8283=CARTESIAN_POINT('',(-0.0355959413669578,0.0457277888563233,0.000692285183305227));
#8284=CARTESIAN_POINT('',(-0.0356293735996063,0.0457764165099349,0.000809223524425154));
#8285=CARTESIAN_POINT('',(-0.0356438551885372,0.0458205363959214,0.000916422634887526));
#8286=CARTESIAN_POINT('',(-0.0356438551885372,0.0458551552740583,0.000999999999999998));
#8287=CARTESIAN_POINT('',(-0.0356438551885372,0.0458551552740583,0.001));
#8288=CARTESIAN_POINT('',(-0.0356438551885372,0.0524430667421445,0.001));
#8289=CARTESIAN_POINT('',(-0.0356438551885372,0.0473826919326394,0.001));
#8290=CARTESIAN_POINT('',(-0.0346438551885372,0.0473826919326394,0.001));
#8291=CARTESIAN_POINT('',(-0.0346438551885372,0.0473826919326394,-0.026));
#8292=CARTESIAN_POINT('',(-0.0356438551885372,0.0473826919326394,-0.026));
#8293=CARTESIAN_POINT('',(-0.0356438551885372,0.0473826919326394,-0.026));
#8294=CARTESIAN_POINT('',(-0.0346438551885372,0.0473826919326394,-0.026));
#8295=CARTESIAN_POINT('',(-0.0346438551885372,0.0669034415516495,-0.0179269002531852));
#8296=CARTESIAN_POINT('',(-0.0346438551885372,0.0669034415516495,-0.026));
#8297=CARTESIAN_POINT('',(-0.0356438551885372,0.0669034415516495,-0.026));
#8298=CARTESIAN_POINT('',(-0.0356438551885372,0.0669034415516495,-0.026));
#8299=CARTESIAN_POINT('',(-0.0356438551885372,0.0669034415516495,0.00533109961701536));
#8300=CARTESIAN_POINT('',(-0.0346438551885372,0.0669034415516495,0.00533109961701536));
#8301=CARTESIAN_POINT('',(-0.0346438551885372,0.0649034415516495,0.00533109961701536));
#8302=CARTESIAN_POINT('',(-0.0356438551885372,0.0665309758138707,0.00649348175095245));
#8303=CARTESIAN_POINT('',(-0.0356438551885372,0.0667730068163884,0.00615459685448286));
#8304=CARTESIAN_POINT('',(-0.0356438551885372,0.0669034415516495,0.00574827215972655));
#8305=CARTESIAN_POINT('',(-0.0356438551885372,0.0669034415516495,0.00533109961701535));
#8306=CARTESIAN_POINT('',(-0.0356438551885372,0.0665309758138707,0.00649348175095242));
#8307=CARTESIAN_POINT('',(-0.0346438551885372,0.0665309758138707,0.00649348175095241));
#8308=CARTESIAN_POINT('',(-0.0346438551885372,0.0731385067135992,-0.00275819428055115));
#8309=CARTESIAN_POINT('',(-0.0356438551885372,0.0639009325402828,0.0101759932193544));
#8310=CARTESIAN_POINT('',(-0.0356438551885372,0.0639009325402828,0.0101759932193544));
#8311=CARTESIAN_POINT('',(-0.0346438551885372,0.0639009325402827,0.0101759932193544));
#8312=CARTESIAN_POINT('',(-0.0346438551885372,0.0622733982780616,0.00901361108541734));
#8313=CARTESIAN_POINT('',(-0.0356438551885372,0.0636876118405435,0.0104278246476816));
#8314=CARTESIAN_POINT('',(-0.0356438551885372,0.0637656685899015,0.0103497678983116));
#8315=CARTESIAN_POINT('',(-0.0356438551885372,0.0638367754898146,0.0102658240888692));
#8316=CARTESIAN_POINT('',(-0.0356438551885372,0.0639009325402828,0.0101759932193544));
#8317=CARTESIAN_POINT('',(-0.0356438551885372,0.0636876118405435,0.0104278246476816));
#8318=CARTESIAN_POINT('',(-0.0346438551885372,0.0636876118405435,0.0104278246476816));
#8319=CARTESIAN_POINT('',(-0.0346438551885372,0.0643947186217845,0.0111349314288137));
#8320=CARTESIAN_POINT('',(-0.0346438551885372,0.0622733982780616,0.00901361108541734));
#8321=CARTESIAN_POINT('',(0.0150882956585983,-0.0119209088197782,0.));
#8322=CARTESIAN_POINT('',(0.0163549944994674,-0.0119209088197782,0.));
#8323=CARTESIAN_POINT('',(0.0150882956585983,-0.0454375001599439,0.));
#8324=CARTESIAN_POINT('',(0.0122193000899986,-0.0454375001599794,-1.48418603795886E-14));
#8325=CARTESIAN_POINT('',(0.0122193000900063,-0.0295,-1.48422940604576E-14));
#8326=CARTESIAN_POINT('',(0.0122193000900063,-0.0295,-1.48422940604576E-14));
#8327=CARTESIAN_POINT('',(0.0122193000899909,-0.0389687500800009,0.00646875007999908));
#8328=CARTESIAN_POINT('',(0.0122193000899909,-0.0444375001599791,0.00100000000002082));
#8329=CARTESIAN_POINT('',(0.0122193000900063,-0.0295,0.00100000000001152));
#8330=CARTESIAN_POINT('',(0.0150882956585983,-0.0119209088197782,0.001));
#8331=CARTESIAN_POINT('',(0.0136537978742808,-0.0444375001599707,0.00100000000003105));
#8332=CARTESIAN_POINT('',(-0.0346447135188589,-0.0444375001599397,0.001));
#8333=CARTESIAN_POINT('',(-0.0346438551911221,-0.0325000719021703,0.001));
#8334=CARTESIAN_POINT('',(0.0163549944994674,-0.0119209088197782,0.001));
#8335=CARTESIAN_POINT('',(-0.0346438551911221,-0.0325000719021703,0.));
#8336=CARTESIAN_POINT('',(-0.0346439270881843,-0.0334999999999397,0.01193750016));
#8337=CARTESIAN_POINT('',(-0.0346439270881843,-0.0334999999999473,0.0119375001599925));
#8338=CARTESIAN_POINT('',(-0.0346439270881842,-0.0334999999999397,0.));
#8339=CARTESIAN_POINT('',(0.012219300090005,-0.0335,0.));
#8340=CARTESIAN_POINT('',(0.012219300090005,-0.0335,0.));
#8341=CARTESIAN_POINT('',(0.0122193000900058,-0.033499999999973,0.0119375001599887));
#8342=CARTESIAN_POINT('',(0.0136537978742808,-0.0335000000000009,0.0119375001600009));
#8343=CARTESIAN_POINT('',(0.0296038612010034,0.0122623208080663,0.));
#8344=CARTESIAN_POINT('',(0.0335000000000141,0.0122124229313721,0.));
#8345=CARTESIAN_POINT('',(0.0334999999741815,0.0122124229316291,0.0119375002087803));
#8346=CARTESIAN_POINT('',(0.0296038612010034,0.0122623208080663,0.0119375002030333));
#8347=CARTESIAN_POINT('',(0.0163549944994674,0.0491546266849508,0.0221323826831562));
#8348=CARTESIAN_POINT('',(0.0163549944994674,0.0491546266849508,0.0221004556407049));
#8349=CARTESIAN_POINT('',(0.0163549944990403,0.0494879600171109,0.0221323826831562));
#8350=CARTESIAN_POINT('',(0.0163549944990403,0.0494879600171109,0.0221004556407049));
#8351=CARTESIAN_POINT('',(0.0161513569320401,0.0502808532317155,0.0221323826831562));
#8352=CARTESIAN_POINT('',(0.0161513569320401,0.0502808532317155,0.0221004556407049));
#8353=CARTESIAN_POINT('',(0.0155906967634958,0.0505688402433522,0.0221323826831562));
#8354=CARTESIAN_POINT('',(0.0155906967634958,0.0505688402433522,0.0221004556407049));
#8355=CARTESIAN_POINT('',(0.0153549945036941,0.0505688402447611,0.0221323826831562));
#8356=CARTESIAN_POINT('',(0.0153549945036941,0.0505688402447611,0.0221004556407049));
#8357=CARTESIAN_POINT('',(0.0163549944994674,0.049154626682388,0.0221164191619079));
#8358=CARTESIAN_POINT('',(0.0163549944994674,0.049154626682388,0.0221004556407049));
#8359=CARTESIAN_POINT('',(0.0153549945015808,0.0505688402447611,0.0221004556407049));
#8360=CARTESIAN_POINT('',(0.0156776388024389,0.0505688402428325,0.0221004556407049));
#8361=CARTESIAN_POINT('',(0.0162225355059221,0.0501111217615454,0.0221004556407049));
#8362=CARTESIAN_POINT('',(0.0163549944990576,0.0494744244113045,0.0221004556407049));
#8363=CARTESIAN_POINT('',(0.0163549944994674,0.0491546266849508,0.0221004556407049));
#8364=CARTESIAN_POINT('',(0.0153549944994674,0.0505688402447612,0.0221004556407049));
#8365=CARTESIAN_POINT('',(0.0153549944994674,0.0505688402447611,0.0221164191619079));
#8366=CARTESIAN_POINT('',(-0.0332438551885372,0.0505688402447612,0.0226004556407049));
#8367=CARTESIAN_POINT('',(-0.00894443034453489,0.0505688402447612,0.0221004556407049));
#8368=CARTESIAN_POINT('',(-0.0332438551885372,0.0505688402447612,0.0221004556407049));
#8369=CARTESIAN_POINT('',(-0.0332438551885372,0.0505688402447612,0.0226004556407049));
#8370=CARTESIAN_POINT('',(-0.0332438551885372,0.0505688402447611,0.0221323826831109));
#8371=CARTESIAN_POINT('',(-0.0332438551885372,0.0505688402447611,0.0221004556407049));
#8372=CARTESIAN_POINT('',(-0.0334795574489327,0.0505688402447611,0.0221323826831109));
#8373=CARTESIAN_POINT('',(-0.0334795574489327,0.0505688402447611,0.0221004556407049));
#8374=CARTESIAN_POINT('',(-0.0340402176207125,0.0502808532345348,0.0221323826831109));
#8375=CARTESIAN_POINT('',(-0.0340402176207125,0.0502808532345348,0.0221004556407049));
#8376=CARTESIAN_POINT('',(-0.0342438551885372,0.0494879600157214,0.0221323826831109));
#8377=CARTESIAN_POINT('',(-0.0342438551885372,0.0494879600157214,0.0221004556407049));
#8378=CARTESIAN_POINT('',(-0.0342438551885372,0.049154626682388,0.0221323826831109));
#8379=CARTESIAN_POINT('',(-0.0342438551885372,0.049154626682388,0.0221004556407049));
#8380=CARTESIAN_POINT('',(-0.0342438551885372,0.0491546266849508,0.0221004556407049));
#8381=CARTESIAN_POINT('',(-0.0342438551877174,0.0494745291183554,0.0221004556407049));
#8382=CARTESIAN_POINT('',(-0.0341124579217368,0.0501091486739348,0.0221004556407049));
#8383=CARTESIAN_POINT('',(-0.0335666648664424,0.0505688402437963,0.0221004556407049));
#8384=CARTESIAN_POINT('',(-0.0332438551906505,0.0505688402447611,0.0221004556407049));
#8385=CARTESIAN_POINT('',(-0.0342438551885372,0.049154626682388,0.0221004556407049));
#8386=CARTESIAN_POINT('',(-0.0342438551885372,0.049154626682388,0.0221164191619079));
#8387=CARTESIAN_POINT('',(-0.0342438551885372,0.044157568068493,-0.00386941195635592));
#8388=CARTESIAN_POINT('',(-0.0342438551885372,0.044157568068493,0.0221004556407049));
#8389=CARTESIAN_POINT('',(-0.0342438551885372,0.0336435586983086,0.0221004556407049));
#8390=CARTESIAN_POINT('',(-0.0342438551885372,0.0336435586983086,-0.00386941195635592));
#8391=CARTESIAN_POINT('',(-0.0342438551885372,-0.0470679251178416,-0.026));
#8392=CARTESIAN_POINT('',(-0.0356438551885372,0.033643558698219,0.0134097521451476));
#8393=CARTESIAN_POINT('',(-0.00894443034453489,0.0336435586983086,0.0221004556407049));
#8394=CARTESIAN_POINT('',(-0.0326438551885372,0.0336435586982788,0.0221004556407049));
#8395=CARTESIAN_POINT('',(-0.0326438551885372,0.033643558698219,-0.000249900770964908));
#8396=CARTESIAN_POINT('',(0.,0.,0.));
#8397=CARTESIAN_POINT('',(0.0495101396640999,0.00698183861467195,0.));
#8398=CARTESIAN_POINT('',(0.0495101396640999,0.00698183861467195,-0.026));
#8399=CARTESIAN_POINT('',(0.0495101396640999,0.00698183861467187,0.00672263966409291));
#8400=CARTESIAN_POINT('',(0.0495101549966002,0.00698172989567725,0.00672186157872208));
#8401=CARTESIAN_POINT('',(0.0501665126310688,0.00232724329975995,0.00738516011886853));
#8402=CARTESIAN_POINT('',(0.0501665126298009,-0.00232724330019782,0.00738516011832945));
#8403=CARTESIAN_POINT('',(0.0495101549953152,-0.00698172989594,0.00672186157815028));
#8404=CARTESIAN_POINT('',(0.0495101396640999,-0.00698183861467194,0.00672263966409291));
#8405=CARTESIAN_POINT('',(0.0495101396640999,-0.00698183861467195,0.));
#8406=CARTESIAN_POINT('',(0.0495101396640999,-0.00698183861467196,-0.026));
#8407=CARTESIAN_POINT('',(0.,0.,-0.026));
#8408=CARTESIAN_POINT('',(0.,0.,-0.026));
#8409=CARTESIAN_POINT('',(0.0442506827276755,0.00289305242240424,0.0114305852387215));
#8410=CARTESIAN_POINT('',(0.0447626659426346,0.00281881646643115,0.0110594951933006));
#8411=CARTESIAN_POINT('',(0.0457781223151682,0.00253408533314142,0.0103480348927103));
#8412=CARTESIAN_POINT('',(0.0471613925353278,0.00165492756644586,0.00942547462942627));
#8413=CARTESIAN_POINT('',(0.0478496314131487,0.000402799687223858,0.00898528647833323));
#8414=CARTESIAN_POINT('',(0.0476767388401982,-0.000691524490979677,0.00909578913307498));
#8415=CARTESIAN_POINT('',(0.0472591827471026,-0.00139132348050039,0.00936556207087201));
#8416=CARTESIAN_POINT('',(0.0462647406260535,-0.00232329139515243,0.0100196377072735));
#8417=CARTESIAN_POINT('',(0.0442317932601195,-0.00310093728231673,0.011406173506868));
#8418=CARTESIAN_POINT('',(0.041891108871842,-0.00292372846107259,0.013195871143899));
#8419=CARTESIAN_POINT('',(0.0402683922728629,-0.00168932122270402,0.0145727172075914));
#8420=CARTESIAN_POINT('',(0.0397773275463898,-0.000397012507381989,0.0150139302230876));
#8421=CARTESIAN_POINT('',(0.0398980972114594,0.000688826076070623,0.0149051977357758));
#8422=CARTESIAN_POINT('',(0.0403227592761733,0.00166153048995968,0.0145297570507249));
#8423=CARTESIAN_POINT('',(0.0416652364807262,0.00285545453823903,0.0133781948365807));
#8424=CARTESIAN_POINT('',(0.0432267162977573,0.00304152433435042,0.0121727653295634));
#8425=CARTESIAN_POINT('',(0.0442506827276755,0.00289305242240424,0.0114305852387215));
#8426=CARTESIAN_POINT('',(0.044354244369631,0.00291350129072088,0.0115333011362396));
#8427=CARTESIAN_POINT('',(0.0448602389408962,0.00285140447197059,0.0111531229586048));
#8428=CARTESIAN_POINT('',(0.0458658665625278,0.00258225757627761,0.0104167277439358));
#8429=CARTESIAN_POINT('',(0.0472395536708164,0.00170195743449565,0.00944795539154428));
#8430=CARTESIAN_POINT('',(0.0479238892312191,0.000414864676538709,0.0089814175229385));
#8431=CARTESIAN_POINT('',(0.0477519539738381,-0.00071210610811207,0.00909857263124111));
#8432=CARTESIAN_POINT('',(0.0473369120884267,-0.00142956203999767,0.00938383723440374));
#8433=CARTESIAN_POINT('',(0.0463488349554328,-0.00237560752293986,0.0100728637976112));
#8434=CARTESIAN_POINT('',(0.0443328085649922,-0.00313339352654569,0.0115192053002949));
#8435=CARTESIAN_POINT('',(0.042025983699638,-0.00286929208724856,0.0133270320559048));
#8436=CARTESIAN_POINT('',(0.0404633089561174,-0.00159457217671745,0.0146229328640181));
#8437=CARTESIAN_POINT('',(0.0400067263936166,-0.000368910118245759,0.0150047226394233));
#8438=CARTESIAN_POINT('',(0.0401189194632156,0.000643966736705505,0.0149108347189124));
#8439=CARTESIAN_POINT('',(0.0405174854340592,0.00157485352582117,0.0145788028375191));
#8440=CARTESIAN_POINT('',(0.0418051869506078,0.0027891256098951,0.0135060754462155));
#8441=CARTESIAN_POINT('',(0.0433422552271005,0.00303769492822145,0.0122936574915092));
#8442=CARTESIAN_POINT('',(0.044354244369631,0.00291350129072088,0.0115333011362396));
#8443=CARTESIAN_POINT('',(0.0445612222181041,0.00301922801906187,0.0117256466262928));
#8444=CARTESIAN_POINT('',(0.0450552586273405,0.00297159745588668,0.0113204901199146));
#8445=CARTESIAN_POINT('',(0.0460411632701729,0.00271412394387499,0.0105276150467104));
#8446=CARTESIAN_POINT('',(0.0473957927586967,0.00180714164031322,0.00947034178428958));
#8447=CARTESIAN_POINT('',(0.0480723139954498,0.000441042386977707,0.00895770890530256));
#8448=CARTESIAN_POINT('',(0.0479023081331305,-0.000757054695285597,0.00908650782275223));
#8449=CARTESIAN_POINT('',(0.0474922777978807,-0.00151638942965758,0.00939938683807191));
#8450=CARTESIAN_POINT('',(0.0465169614113015,-0.00250666062211123,0.0101533487580075));
#8451=CARTESIAN_POINT('',(0.044534592761051,-0.00326287311621134,0.0117215442462065));
#8452=CARTESIAN_POINT('',(0.0422952634807775,-0.00287144585306616,0.013622511887392));
#8453=CARTESIAN_POINT('',(0.0408529664596219,-0.00149261769235054,0.0148476500301266));
#8454=CARTESIAN_POINT('',(0.040465484329366,-0.000334714771834051,0.0151500287829602));
#8455=CARTESIAN_POINT('',(0.040560460020004,0.000591436543007529,0.0150759992745584));
#8456=CARTESIAN_POINT('',(0.0409066611228166,0.00148516038715294,0.0147994189359238));
#8457=CARTESIAN_POINT('',(0.0420845356450016,0.00277074367795397,0.0138037429768413));
#8458=CARTESIAN_POINT('',(0.0435731493996314,0.00311448914541226,0.0125359596390493));
#8459=CARTESIAN_POINT('',(0.0445612222181041,0.00301922801906187,0.0117256466262928));
#8460=CARTESIAN_POINT('',(0.0447910883270362,0.00331431503227788,0.011904539102585));
#8461=CARTESIAN_POINT('',(0.0452783349430574,0.0032591351191111,0.0114591729681401));
#8462=CARTESIAN_POINT('',(0.0462527695479635,0.00297115483727568,0.0105910138434399));
#8463=CARTESIAN_POINT('',(0.0475954460721841,0.00197338488791607,0.00943902967301181));
#8464=CARTESIAN_POINT('',(0.0482669669877393,0.00048128077304602,0.00888296450222065));
#8465=CARTESIAN_POINT('',(0.048098201623429,-0.000826306276843633,0.0090226748873253));
#8466=CARTESIAN_POINT('',(0.04769135372094,-0.00165626895242676,0.00936241508458094));
#8467=CARTESIAN_POINT('',(0.0467241084235415,-0.00274154413067766,0.0101827411300018));
#8468=CARTESIAN_POINT('',(0.0447619002637461,-0.00358068621909829,0.0118948593601498));
#8469=CARTESIAN_POINT('',(0.0425602079126408,-0.00316738638330715,0.0139973100857079));
#8470=CARTESIAN_POINT('',(0.0411744951687016,-0.00164771960236635,0.0153682528878336));
#8471=CARTESIAN_POINT('',(0.040816770182764,-0.0003688503574851,0.015707837072404));
#8472=CARTESIAN_POINT('',(0.0409043487836775,0.00065227293076168,0.0156246949579904));
#8473=CARTESIAN_POINT('',(0.0412277016664628,0.00163925216092705,0.0153145170324277));
#8474=CARTESIAN_POINT('',(0.0423546793655209,0.00305735323160627,0.0141990892073785));
#8475=CARTESIAN_POINT('',(0.0438165950949937,0.00342467485861145,0.0127952713714748));
#8476=CARTESIAN_POINT('',(0.0447910883270362,0.00331431503227788,0.011904539102585));
#8477=CARTESIAN_POINT('',(0.0449216167171587,0.00365673380923552,0.0119719355393446));
#8478=CARTESIAN_POINT('',(0.0454155332393556,0.00357939324822293,0.0114947988518439));
#8479=CARTESIAN_POINT('',(0.0464008024203698,0.0032401602101453,0.0105727923067192));
#8480=CARTESIAN_POINT('',(0.0477535579039581,0.00213381873942023,0.00936389716619156));
#8481=CARTESIAN_POINT('',(0.0484291995456188,0.000519836880321805,0.0087841374871162));
#8482=CARTESIAN_POINT('',(0.0482594247242055,-0.00089252112576047,0.00892974747789863));
#8483=CARTESIAN_POINT('',(0.0478499232919113,-0.00179243164565163,0.00928455598573397));
#8484=CARTESIAN_POINT('',(0.0468759761424807,-0.00298012484292103,0.010143374362242));
#8485=CARTESIAN_POINT('',(0.0448954622919717,-0.00393547392517039,0.0119502490426033));
#8486=CARTESIAN_POINT('',(0.042655835425975,-0.00359436255315428,0.0142290440495804));
#8487=CARTESIAN_POINT('',(0.0411952733266425,-0.00197122093440545,0.0158449283004657));
#8488=CARTESIAN_POINT('',(0.040792601517075,-0.000452424478195186,0.0163051597051834));
#8489=CARTESIAN_POINT('',(0.0408913805523157,0.000792190882743129,0.0161920452452265));
#8490=CARTESIAN_POINT('',(0.041248555244651,0.00194956614803291,0.0157881763008529));
#8491=CARTESIAN_POINT('',(0.0424443425160357,0.00348978086614115,0.0144544194664774));
#8492=CARTESIAN_POINT('',(0.043933783672765,0.00381141493126071,0.0129262089143458));
#8493=CARTESIAN_POINT('',(0.0449216167171587,0.00365673380923552,0.0119719355393446));
#8494=CARTESIAN_POINT('',(0.0449513734299468,0.00387767815810891,0.0119594708130766));
#8495=CARTESIAN_POINT('',(0.0454564157208009,0.00378353485876676,0.0114682389395215));
#8496=CARTESIAN_POINT('',(0.0464604199570313,0.00340858137657388,0.0105244440651294));
#8497=CARTESIAN_POINT('',(0.0478325404085636,0.00223178502104418,0.00929691167822146));
#8498=CARTESIAN_POINT('',(0.0485164054825321,0.000543351220430927,0.00871055015479584));
#8499=CARTESIAN_POINT('',(0.0483445985245106,-0.000932853223554642,0.00885777084953634));
#8500=CARTESIAN_POINT('',(0.0479298745907749,-0.00187580826678034,0.00921701024069195));
#8501=CARTESIAN_POINT('',(0.0469428387273346,-0.00312809507845443,0.0100877282653222));
#8502=CARTESIAN_POINT('',(0.044929360263935,-0.00416155019268867,0.0119297861853474));
#8503=CARTESIAN_POINT('',(0.0426282385010677,-0.00388591953200265,0.0142929624042292));
#8504=CARTESIAN_POINT('',(0.0410669935891025,-0.00221045058343063,0.016067574752012));
#8505=CARTESIAN_POINT('',(0.0406084129721264,-0.00051583298016056,0.0166174939741241));
#8506=CARTESIAN_POINT('',(0.0407210955311093,0.000897476659800194,0.0164820786768962));
#8507=CARTESIAN_POINT('',(0.0411208170883475,0.00217762907068608,0.0160101723894463));
#8508=CARTESIAN_POINT('',(0.0424079209392425,0.00378839400429393,0.014531636799006));
#8509=CARTESIAN_POINT('',(0.0439412888482385,0.00406596475679322,0.0129419345601868));
#8510=CARTESIAN_POINT('',(0.0449513734299468,0.00387767815810891,0.0119594708130766));
#8511=CARTESIAN_POINT('',(0.0449532995571952,0.0039861336877761,0.0119401801152648));
#8512=CARTESIAN_POINT('',(0.0454655005323798,0.00388386526222944,0.0114435145943335));
#8513=CARTESIAN_POINT('',(0.0464818615635994,0.00349163361713782,0.0104917859691782));
#8514=CARTESIAN_POINT('',(0.0478672748054302,0.00228038850213322,0.0092586364349271));
#8515=CARTESIAN_POINT('',(0.0485569521640598,0.000555047184920315,0.0086706704422385));
#8516=CARTESIAN_POINT('',(0.0483836965395942,-0.000952893646174275,0.00881826857249652));
#8517=CARTESIAN_POINT('',(0.0479653215499621,-0.0019171502108863,0.00917867106724776));
#8518=CARTESIAN_POINT('',(0.0469691573453199,-0.00320124473331727,0.0100527451747686));
#8519=CARTESIAN_POINT('',(0.0449336674939381,-0.00427249273807156,0.0119067506243712));
#8520=CARTESIAN_POINT('',(0.0425937815890343,-0.00402843158526995,0.0143039239098712));
#8521=CARTESIAN_POINT('',(0.0409742601567411,-0.00232778764546679,0.0161506926194669));
#8522=CARTESIAN_POINT('',(0.0404846477243253,-0.000547071071052452,0.0167429216630867));
#8523=CARTESIAN_POINT('',(0.0406050559555751,0.000949174045745934,0.0165969692716798));
#8524=CARTESIAN_POINT('',(0.041028582687027,0.00228947537995038,0.0160931252245359));
#8525=CARTESIAN_POINT('',(0.0423681719238229,0.00393439143351442,0.0145483149700432));
#8526=CARTESIAN_POINT('',(0.0439288976068259,0.0041906705388694,0.0129335111571273));
#8527=CARTESIAN_POINT('',(0.0449532995571952,0.0039861336877761,0.0119401801152648));
#8528=CARTESIAN_POINT('',(0.0449533894431334,0.00399119494582724,0.0119392798827002));
#8529=CARTESIAN_POINT('',(0.0454659244902535,0.00388854734772436,0.0114423607915581));
#8530=CARTESIAN_POINT('',(0.0464828621719059,0.00349550938836414,0.0104902619247005));
#8531=CARTESIAN_POINT('',(0.0478688957439507,0.00228265666458405,0.0092568502569067));
#8532=CARTESIAN_POINT('',(0.0485588443425311,0.000555592996596487,0.00866880938898582));
#8533=CARTESIAN_POINT('',(0.0483855211136314,-0.000953828865896525,0.00881642513290133));
#8534=CARTESIAN_POINT('',(0.0479669757413908,-0.00191907950161124,0.00917688190582036));
#8535=CARTESIAN_POINT('',(0.0469703855474926,-0.00320465838387754,0.0100511126305428));
#8536=CARTESIAN_POINT('',(0.0449338684980049,-0.00427767005685609,0.0119056756315256));
#8537=CARTESIAN_POINT('',(0.0425921735998061,-0.00403508214775576,0.0143044354468012));
#8538=CARTESIAN_POINT('',(0.0409699325965642,-0.00233326337502848,0.0161545714532815));
#8539=CARTESIAN_POINT('',(0.0404788720127612,-0.000548528848627407,0.0167487749552383));
#8540=CARTESIAN_POINT('',(0.0405996407753835,0.000951586590423402,0.0166023308327697));
#8541=CARTESIAN_POINT('',(0.0410242784149654,0.00229469487438272,0.0160969963568401));
#8542=CARTESIAN_POINT('',(0.04236631696977,0.00394120464687805,0.0145490932846916));
#8543=CARTESIAN_POINT('',(0.0439283193488933,0.00419649014203296,0.0129331180649845));
#8544=CARTESIAN_POINT('',(0.0449533894431334,0.00399119494582724,0.0119392798827002));
#8545=CARTESIAN_POINT('',(0.0449534793290718,0.00399625620387837,0.0119383796501357));
#8546=CARTESIAN_POINT('',(0.0454663484481272,0.00389322943321929,0.0114412069887826));
#8547=CARTESIAN_POINT('',(0.0464838627802124,0.00349938515959046,0.0104887378802227));
#8548=CARTESIAN_POINT('',(0.0478705166824711,0.00228492482703486,0.00925506407888629));
#8549=CARTESIAN_POINT('',(0.0485607365210024,0.000556138808272658,0.00866694833573315));
#8550=CARTESIAN_POINT('',(0.0483873456876687,-0.000954764085618774,0.00881458169330614));
#8551=CARTESIAN_POINT('',(0.0479686299328196,-0.00192100879233619,0.00917509274439297));
#8552=CARTESIAN_POINT('',(0.0469716137496652,-0.0032080720344378,0.0100494800863169));
#8553=CARTESIAN_POINT('',(0.0449340695020718,-0.00428284737564063,0.0119046006386801));
#8554=CARTESIAN_POINT('',(0.0425905656105778,-0.00404173271024156,0.0143049469837311));
#8555=CARTESIAN_POINT('',(0.0409656050363874,-0.00233873910459016,0.016158450287096));
#8556=CARTESIAN_POINT('',(0.0404730963011972,-0.000549986626202362,0.0167546282473899));
#8557=CARTESIAN_POINT('',(0.0405942255951919,0.00095399913510087,0.0166076923938596));
#8558=CARTESIAN_POINT('',(0.0410199741429038,0.00229991436881505,0.0161008674891443));
#8559=CARTESIAN_POINT('',(0.0423644620157171,0.00394801786024167,0.01454987159934));
#8560=CARTESIAN_POINT('',(0.0439277410909608,0.00420230974519651,0.0129327249728417));
#8561=CARTESIAN_POINT('',(0.0449534793290718,0.00399625620387837,0.0119383796501357));
#8562=CARTESIAN_POINT('',(0.04495356921501,0.00400131746192951,0.0119374794175711));
#8563=CARTESIAN_POINT('',(0.0454667724060009,0.00389791151871422,0.0114400531860072));
#8564=CARTESIAN_POINT('',(0.0464848633885189,0.00350326093081677,0.010487213835745));
#8565=CARTESIAN_POINT('',(0.0478721376209915,0.00228719298948568,0.00925327790086589));
#8566=CARTESIAN_POINT('',(0.0485626286994737,0.00055668461994883,0.00866508728248047));
#8567=CARTESIAN_POINT('',(0.0483891702617059,-0.000955699305341024,0.00881273825371095));
#8568=CARTESIAN_POINT('',(0.0479702841242483,-0.00192293808306113,0.00917330358296557));
#8569=CARTESIAN_POINT('',(0.0469728419518378,-0.00321148568499806,0.0100478475420911));
#8570=CARTESIAN_POINT('',(0.0449342705061385,-0.00428802469442517,0.0119035256458345));
#8571=CARTESIAN_POINT('',(0.0425889576213496,-0.00404838327272737,0.0143054585206611));
#8572=CARTESIAN_POINT('',(0.0409612774762105,-0.00234421483415186,0.0161623291209106));
#8573=CARTESIAN_POINT('',(0.0404673205896331,-0.000551444403777317,0.0167604815395415));
#8574=CARTESIAN_POINT('',(0.0405888104150003,0.000956411679778338,0.0166130539549495));
#8575=CARTESIAN_POINT('',(0.0410156698708421,0.00230513386324738,0.0161047386214484));
#8576=CARTESIAN_POINT('',(0.0423626070616641,0.00395483107360529,0.0145506499139884));
#8577=CARTESIAN_POINT('',(0.0439271628330282,0.00420812934836007,0.012932331880699));
#8578=CARTESIAN_POINT('',(0.04495356921501,0.00400131746192951,0.0119374794175711));
#8579=CARTESIAN_POINT('',(0.0437858174718463,0.00410406518711898,0.0130899671317066));
#8580=CARTESIAN_POINT('',(0.0446852193497639,0.00407747308146997,0.0121950380534255));
#8581=CARTESIAN_POINT('',(0.0456053574065568,0.00382070454049334,0.0113154823014503));
#8582=CARTESIAN_POINT('',(0.0462130007970476,0.00355169707208776,0.0107481012441426));
#8583=CARTESIAN_POINT('',(0.0468914967931888,0.00311417783934684,0.0101285286809684));
#8584=CARTESIAN_POINT('',(0.0474416586315993,0.00260458345510775,0.00963746280901506));
#8585=CARTESIAN_POINT('',(0.0479658342863086,0.00189544811875822,0.00917897866936491));
#8586=CARTESIAN_POINT('',(0.0483458142023093,0.00102109233980242,0.00885090830038986));
#8587=CARTESIAN_POINT('',(0.0485036231099877,8.00613512338296E-5,0.00871493037465521));
#8588=CARTESIAN_POINT('',(0.048376597326171,-0.00091024999233827,0.00882415917020596));
#8589=CARTESIAN_POINT('',(0.0481269887531648,-0.00155663740892259,0.0090387914802962));
#8590=CARTESIAN_POINT('',(0.0478419809441444,-0.00205323485218254,0.00928701283615976));
#8591=CARTESIAN_POINT('',(0.0474745540506657,-0.0025486597763941,0.00960981671565882));
#8592=CARTESIAN_POINT('',(0.0470356256779251,-0.00299314908032786,0.0099992618816501));
#8593=CARTESIAN_POINT('',(0.0463831942379638,-0.00346207619067602,0.0105906911366084));
#8594=CARTESIAN_POINT('',(0.0457548135398832,-0.00376612663579765,0.0111743999057506));
#8595=CARTESIAN_POINT('',(0.0450639106048722,-0.0039795068643193,0.0118319982637662));
#8596=CARTESIAN_POINT('',(0.0443717672327809,-0.0040766626372684,0.0125082628537272));
#8597=CARTESIAN_POINT('',(0.0437230204026749,-0.00405970748425317,0.0131598420340212));
#8598=CARTESIAN_POINT('',(0.0430520327888941,-0.003912179059045,0.0138545533109219));
#8599=CARTESIAN_POINT('',(0.0424627800092141,-0.0036537245015964,0.0144836117569428));
#8600=CARTESIAN_POINT('',(0.041839414978293,-0.00321013744545706,0.0151685660689789));
#8601=CARTESIAN_POINT('',(0.041351168665509,-0.00267186761975753,0.0157211500521357));
#8602=CARTESIAN_POINT('',(0.0409208369710484,-0.00193187375412162,0.0162214902034229));
#8603=CARTESIAN_POINT('',(0.0406349676320578,-0.00103277006418066,0.0165616054144325));
#8604=CARTESIAN_POINT('',(0.0405205497949895,-7.40649185985642E-5,0.0166979358076848));
#8605=CARTESIAN_POINT('',(0.0406102564178039,0.000902779344916161,0.016590889536498));
#8606=CARTESIAN_POINT('',(0.0408392417516169,0.00173352401769933,0.0163172407174119));
#8607=CARTESIAN_POINT('',(0.0412444308852087,0.00251299122155905,0.0158447941341079));
#8608=CARTESIAN_POINT('',(0.041703673977366,0.003077676478854,0.0153211255336361));
#8609=CARTESIAN_POINT('',(0.0422963020267269,0.00355710624508387,0.0146642410471998));
#8610=CARTESIAN_POINT('',(0.0428840126462772,0.003856635016205,0.0140313424751504));
#8611=CARTESIAN_POINT('',(0.0437858174718463,0.00410406518711898,0.0130899671317066));
#8612=CARTESIAN_POINT('',(0.0446852193497639,0.00407747308146997,0.0121950380534255));
#8613=CARTESIAN_POINT('',(0.0456053574065568,0.00382070454049334,0.0113154823014503));
#8614=CARTESIAN_POINT('',(0.0449523764355021,0.00398631790005945,0.0119410752562587));
#8615=CARTESIAN_POINT('',(0.0498397431775085,0.004,-0.026));
#8616=CARTESIAN_POINT('',(0.0498397431775085,0.004,-0.026));
#8617=CARTESIAN_POINT('',(0.0528397431775085,0.004,-0.026));
#8618=CARTESIAN_POINT('',(0.0528397431775085,0.004,0.0100522431775015));
#8619=CARTESIAN_POINT('',(0.0498397431775085,0.007,0.0070522431775015));
#8620=CARTESIAN_POINT('',(0.0499616574046473,0.007,0.00717415740464027));
#8621=CARTESIAN_POINT('',(0.0501182368033906,0.00698974403885736,0.00733050033419324));
#8622=CARTESIAN_POINT('',(0.050293452373086,0.006965907234468,0.00750587406402077));
#8623=CARTESIAN_POINT('',(0.0503683850725624,0.00695409282562508,0.00758091598113531));
#8624=CARTESIAN_POINT('',(0.050546801345134,0.00691721809453001,0.00775925601986539));
#8625=CARTESIAN_POINT('',(0.0506839396139987,0.00687992034223752,0.00789636472204795));
#8626=CARTESIAN_POINT('',(0.050824031266757,0.00683487050956677,0.00803648843744268));
#8627=CARTESIAN_POINT('',(0.0509346362550043,0.00679440911115537,0.00814717122517377));
#8628=CARTESIAN_POINT('',(0.0511015875503904,0.00672368246493552,0.00831399049898485));
#8629=CARTESIAN_POINT('',(0.0512922072809799,0.00662846340729836,0.0085042743086774));
#8630=CARTESIAN_POINT('',(0.0515182596253163,0.00649324282320537,0.00873006946451742));
#8631=CARTESIAN_POINT('',(0.0517596149906889,0.00631054653619346,0.00897178352694114));
#8632=CARTESIAN_POINT('',(0.0519566657350154,0.00613273844421444,0.00916930136735548));
#8633=CARTESIAN_POINT('',(0.0521801031956584,0.00588642174830665,0.00939239213000385));
#8634=CARTESIAN_POINT('',(0.0524190274822896,0.00555500816846262,0.00963111378821327));
#8635=CARTESIAN_POINT('',(0.0527405921020727,0.00492633201860315,0.00995340237261767));
#8636=CARTESIAN_POINT('',(0.0528397431775085,0.00437243992411283,0.0100522431775015));
#8637=CARTESIAN_POINT('',(0.0528397431775085,0.00399999999999999,0.0100522431775015));
#8638=CARTESIAN_POINT('',(0.0498397431775085,0.007,0.00705224317750149));
#8639=CARTESIAN_POINT('',(0.0495101396640999,0.00698183861467194,0.0067226396640929));
#8640=CARTESIAN_POINT('',(0.0496195632831579,0.00699393397392913,0.00683250750189577));
#8641=CARTESIAN_POINT('',(0.0497296530956513,0.007,0.00694237533969863));
#8642=CARTESIAN_POINT('',(0.0498397431775085,0.007,0.0070522431775015));
#8643=CARTESIAN_POINT('',(0.0180500671529221,0.04761396957782,0.00042856342350975));
#8644=CARTESIAN_POINT('',(0.0182027659308177,0.0475650791690379,0.00047614497957583));
#8645=CARTESIAN_POINT('',(0.0183618123157616,0.0475119216388105,0.0005));
#8646=CARTESIAN_POINT('',(0.0185200398856577,0.0474565908423465,0.0005));
#8647=CARTESIAN_POINT('',(0.0180842728056572,0.0476030177655794,0.000310777540949874));
#8648=CARTESIAN_POINT('',(0.0182262398067523,0.0475573050671415,0.000352501429614247));
#8649=CARTESIAN_POINT('',(0.0183737691624019,0.0475076428983938,0.00037195199342415));
#8650=CARTESIAN_POINT('',(0.0185200398856577,0.0474565908423465,0.000369100306100424));
#8651=CARTESIAN_POINT('',(0.0181233697806593,0.0474903482458317,7.59969476614686E-5));
#8652=CARTESIAN_POINT('',(0.0182419688595713,0.0474474337430502,0.000106210634071615));
#8653=CARTESIAN_POINT('',(0.0183643526446191,0.047401401283631,0.000116741244622261));
#8654=CARTESIAN_POINT('',(0.0184842439434652,0.0473542264213147,0.00010844272299518));
#8655=CARTESIAN_POINT('',(0.0180842728056572,0.0472555676525433,-3.66725720862481E-5));
#8656=CARTESIAN_POINT('',(0.0181870449652825,0.047209590873326,-7.76199247938272E-6));
#8657=CARTESIAN_POINT('',(0.0182935978354485,0.0471597250953185,4.53610872211513E-6));
#8658=CARTESIAN_POINT('',(0.0183982032805311,0.0471081789056757,-1.22588974461587E-18));
#8659=CARTESIAN_POINT('',(0.0180500671529221,0.0471377817699834,-4.76243843268316E-5));
#8660=CARTESIAN_POINT('',(0.0181491410564088,0.0470902002139174,-1.59033469494373E-5));
#8661=CARTESIAN_POINT('',(0.0182523334094125,0.0470384657721761,8.32763153212914E-19));
#8662=CARTESIAN_POINT('',(0.0183549944994674,0.0469846162450456,9.71445146547012E-19));
#8663=CARTESIAN_POINT('',(0.0181600064481685,0.0470841132736704,-1.9194382229246E-5));
#8664=CARTESIAN_POINT('',(0.0181228610920121,0.0471020027724414,-2.65790265262611E-5));
#8665=CARTESIAN_POINT('',(0.0180861357997548,0.0471198922712124,-3.60760870046637E-5));
#8666=CARTESIAN_POINT('',(0.0180500671529221,0.0471377817699834,-4.76243843268327E-5));
#8667=CARTESIAN_POINT('',(0.0181600092102408,0.0470841126212207,-1.92012041398029E-5));
#8668=CARTESIAN_POINT('',(0.0185200398856577,0.0474565908423464,0.0005));
#8669=CARTESIAN_POINT('',(0.018359619228574,0.0475126885422072,0.0005));
#8670=CARTESIAN_POINT('',(0.0182029033753155,0.047565035162676,0.000476187807836583));
#8671=CARTESIAN_POINT('',(0.0180500671529221,0.04761396957782,0.000428563423509749));
#8672=CARTESIAN_POINT('',(0.0185200398831976,0.0474565908432068,0.0005));
#8673=CARTESIAN_POINT('',(0.0183644675092034,0.0470117059112807,8.24267346846773E-7));
#8674=CARTESIAN_POINT('',(0.0184475884070288,0.0472494038795352,1.53012605707199E-5));
#8675=CARTESIAN_POINT('',(0.0185200398745714,0.0474565908462232,0.000247771946246256));
#8676=CARTESIAN_POINT('',(0.0185200398733572,0.0474565908466478,0.0005));
#8677=CARTESIAN_POINT('',(0.0183644671558539,0.0470117048872772,8.43989240260293E-7));
#8678=CARTESIAN_POINT('',(0.0181600110098768,0.0470841124491204,-1.92084007621362E-5));
#8679=CARTESIAN_POINT('',(0.0182272106602284,0.0470608984285416,-5.85778442092222E-6));
#8680=CARTESIAN_POINT('',(0.0182958085628738,0.047036559428414,8.95139112098446E-7));
#8681=CARTESIAN_POINT('',(0.0183644667607763,0.0470117037710295,8.63705335793022E-7));
#8682=CARTESIAN_POINT('',(0.0123549944994674,0.0298266232276572,0.0005));
#8683=CARTESIAN_POINT('',(0.0123549944994674,0.0298266232276572,0.0005));
#8684=CARTESIAN_POINT('',(0.0256644720279385,0.0429293462510559,0.0005));
#8685=CARTESIAN_POINT('',(0.0256644720279385,0.0429293462510559,0.000500000000000002));
#8686=CARTESIAN_POINT('',(0.0256644720279385,0.0429293462510559,0.000462479564312581));
#8687=CARTESIAN_POINT('',(0.0256095249299598,0.0429725994909634,0.000397499886498121));
#8688=CARTESIAN_POINT('',(0.0255160033020263,0.0430447220362731,0.000344671211965234));
#8689=CARTESIAN_POINT('',(0.0253727070257246,0.0431544440178141,0.000285799486469402));
#8690=CARTESIAN_POINT('',(0.0252535546074204,0.0432446571532966,0.00025126812161973));
#8691=CARTESIAN_POINT('',(0.0249996911495311,0.043433030310311,0.000194653123545414));
#8692=CARTESIAN_POINT('',(0.0248385249796171,0.0435500436005106,0.000168382473952155));
#8693=CARTESIAN_POINT('',(0.0246273699945076,0.0437010608317978,0.000138095485308719));
#8694=CARTESIAN_POINT('',(0.0244123372458614,0.0438519054982214,0.000113505774549377));
#8695=CARTESIAN_POINT('',(0.0241508542945746,0.0440312983330063,8.96926658161893E-5));
#8696=CARTESIAN_POINT('',(0.0239659064824629,0.0441554035436944,7.59455720476447E-5));
#8697=CARTESIAN_POINT('',(0.0236805132261478,0.0443436011506014,5.74346011856438E-5));
#8698=CARTESIAN_POINT('',(0.0233139912418299,0.0445776615200215,3.97630810168789E-5));
#8699=CARTESIAN_POINT('',(0.0228471018904073,0.0448640150036925,2.43060157804694E-5));
#8700=CARTESIAN_POINT('',(0.0223252381446726,0.0451685900305588,1.3541643532061E-5));
#8701=CARTESIAN_POINT('',(0.0218670751163826,0.0454229283884977,7.72039669332173E-6));
#8702=CARTESIAN_POINT('',(0.0212227181402347,0.0457646754970782,2.66775174788662E-6));
#8703=CARTESIAN_POINT('',(0.0200834454896861,0.046325037523494,-7.11804683701094E-8));
#8704=CARTESIAN_POINT('',(0.0190627392461631,0.0467533074209936,5.26180509839264E-8));
#8705=CARTESIAN_POINT('',(0.0183644675475953,0.0470117060047599,8.24273148437751E-7));
#8706=CARTESIAN_POINT('',(0.0342949048139417,0.0342949048139417,0.012));
#8707=CARTESIAN_POINT('',(0.0311943806785233,0.0320167938603534,0.00908820112948232));
#8708=CARTESIAN_POINT('',(0.0317854131971603,0.0315629912505312,0.00901615536604367));
#8709=CARTESIAN_POINT('',(0.032175510813431,0.0309368125879956,0.00914090985132272));
#8710=CARTESIAN_POINT('',(0.0323232052939841,0.0302364786028322,0.00943220177292562));
#8711=CARTESIAN_POINT('',(0.0323410392064471,0.0297872763465756,0.00966007561115591));
#8712=CARTESIAN_POINT('',(0.0323050286904288,0.0292972478712169,0.00993838656509527));
#8713=CARTESIAN_POINT('',(0.0322113190107897,0.0288762761929053,0.0102092532171616));
#8714=CARTESIAN_POINT('',(0.032038995435104,0.028391278095213,0.0105565814396501));
#8715=CARTESIAN_POINT('',(0.0319094566000356,0.0281106415160023,0.010773651678946));
#8716=CARTESIAN_POINT('',(0.0318061439821167,0.0279177852441216,0.010930098383661));
#8717=CARTESIAN_POINT('',(0.031752640859647,0.0278225520325195,0.011008613934688));
#8718=CARTESIAN_POINT('',(0.0316698020927101,0.0276835238432115,0.0111257335626721));
#8719=CARTESIAN_POINT('',(0.0315648716344487,0.0275216084508586,0.0112666640557358));
#8720=CARTESIAN_POINT('',(0.0314523266507312,0.0273638062935529,0.0114094930909416));
#8721=CARTESIAN_POINT('',(0.031385615730259,0.0272760500966548,0.0114910644998189));
#8722=CARTESIAN_POINT('',(0.0313338078267663,0.0272094823976287,0.0115535079412568));
#8723=CARTESIAN_POINT('',(0.0312159004096341,0.0270634003242021,0.0116927698734032));
#8724=CARTESIAN_POINT('',(0.0309803019866565,0.0267989460047025,0.0119570586711342));
#8725=CARTESIAN_POINT('',(0.0306956662863061,0.026534288702542,0.012247333848868));
#8726=CARTESIAN_POINT('',(0.0305170907106243,0.0263867498968202,0.0124194752946498));
#8727=CARTESIAN_POINT('',(0.0304376219109721,0.0263241116561198,0.0124943991878839));
#8728=CARTESIAN_POINT('',(0.0303462865273978,0.0262550694571394,0.0125791002767013));
#8729=CARTESIAN_POINT('',(0.0302305971979688,0.0261712348384036,0.012684499910812));
#8730=CARTESIAN_POINT('',(0.0300407320718792,0.0260432875906424,0.0128524019210046));
#8731=CARTESIAN_POINT('',(0.0298121409498704,0.0259043124158883,0.0130463104507761));
#8732=CARTESIAN_POINT('',(0.0294300750819886,0.0257110057428046,0.0133505216963409));
#8733=CARTESIAN_POINT('',(0.0289547974129509,0.0255266344368376,0.0136994540822033));
#8734=CARTESIAN_POINT('',(0.0284219324620598,0.0253883574119128,0.01405264441666));
#8735=CARTESIAN_POINT('',(0.0276992880463127,0.0253408448689401,0.0144603575845366));
#8736=CARTESIAN_POINT('',(0.0270638642295345,0.025447081968425,0.0147390065894057));
#8737=CARTESIAN_POINT('',(0.0265310875425283,0.0256682384580018,0.0149040706107145));
#8738=CARTESIAN_POINT('',(0.0259308517862413,0.0261107585022329,0.0149869402174106));
#8739=CARTESIAN_POINT('',(0.0255277766604806,0.0267382593796655,0.0148683334555554));
#8740=CARTESIAN_POINT('',(0.0253749407500269,0.0274593504741291,0.0145688044864896));
#8741=CARTESIAN_POINT('',(0.0253568535650548,0.0279095891297092,0.0143405200092305));
#8742=CARTESIAN_POINT('',(0.0253928196521925,0.0284002373241249,0.0140619035061828));
#8743=CARTESIAN_POINT('',(0.0254865901446475,0.0288215606877777,0.0137908193454239));
#8744=CARTESIAN_POINT('',(0.025658922255736,0.0293066072789842,0.0134434612580613));
#8745=CARTESIAN_POINT('',(0.0257884703925915,0.029587271911534,0.0132263711979065));
#8746=CARTESIAN_POINT('',(0.0258917945305914,0.0297801505703116,0.013069906568991));
#8747=CARTESIAN_POINT('',(0.0259452974272639,0.0298753836503458,0.0129913912065588));
#8748=CARTESIAN_POINT('',(0.0260281370906191,0.030014413799346,0.012874270071544));
#8749=CARTESIAN_POINT('',(0.0261330684674496,0.0301763308702085,0.0127333382087274));
#8750=CARTESIAN_POINT('',(0.0262456143540388,0.0303341344311335,0.0125905079545933));
#8751=CARTESIAN_POINT('',(0.0263123259938779,0.0304218915898261,0.0125089356575474));
#8752=CARTESIAN_POINT('',(0.0263641338216601,0.0304884591957864,0.0124464923051305));
#8753=CARTESIAN_POINT('',(0.0264820413165226,0.030634541386051,0.0123072302705461));
#8754=CARTESIAN_POINT('',(0.0267176397662432,0.0308989957501421,0.0120429414351757));
#8755=CARTESIAN_POINT('',(0.0270022755560437,0.0311636531420685,0.0117526661627696));
#8756=CARTESIAN_POINT('',(0.0271808511371558,0.031311191952235,0.0115805247117381));
#8757=CARTESIAN_POINT('',(0.0272603199412877,0.0313738301966148,0.011505600814195));
#8758=CARTESIAN_POINT('',(0.0273516553261522,0.0314428723967655,0.0114208997240683));
#8759=CARTESIAN_POINT('',(0.0274673446571417,0.031526707015917,0.0113155000889649));
#8760=CARTESIAN_POINT('',(0.0276572097763224,0.0316546542666035,0.0111475980804109));
#8761=CARTESIAN_POINT('',(0.027885800958881,0.0317936294210109,0.0109536895333065));
#8762=CARTESIAN_POINT('',(0.0282678665789313,0.0319869361733208,0.0106494783609921));
#8763=CARTESIAN_POINT('',(0.0287431454702877,0.0321713070911202,0.0103005456116442));
#8764=CARTESIAN_POINT('',(0.0292760010164916,0.0323095871029209,0.00994735807381555));
#8765=CARTESIAN_POINT('',(0.029998685208036,0.0323570870121246,0.00953963307922961));
#8766=CARTESIAN_POINT('',(0.0306451146743558,0.0322490325790219,0.00925613651026036));
#8767=CARTESIAN_POINT('',(0.0311943806785233,0.0320167938603534,0.00908820112948232));
#8768=CARTESIAN_POINT('',(0.0317854131971603,0.0315629912505312,0.00901615536604367));
#8769=CARTESIAN_POINT('',(0.032175510813431,0.0309368125879956,0.00914090985132272));
#8770=CARTESIAN_POINT('',(0.0316420427129181,0.0316420427129181,0.00905));
#8771=CARTESIAN_POINT('',(0.0163549944994674,0.0654451628759783,0.0080138060119572));
#8772=CARTESIAN_POINT('',(0.0163549944994674,0.0665309758138707,0.00649348175095243));
#8773=CARTESIAN_POINT('',(0.0173549944994674,0.0665309758138707,0.00649348175095242));
#8774=CARTESIAN_POINT('',(0.0163549944994674,0.0639009325402828,0.0101759932193544));
#8775=CARTESIAN_POINT('',(0.0173549944994674,0.0639009325402828,0.0101759932193544));
#8776=CARTESIAN_POINT('',(0.0173549944994674,0.0665309758138707,0.00649348175095242));
#8777=CARTESIAN_POINT('',(0.0163549944994674,0.0649034415516495,0.00533109961701536));
#8778=CARTESIAN_POINT('',(0.0163549944994674,0.0669034415516495,0.00533109961701536));
#8779=CARTESIAN_POINT('',(0.0173549944994674,0.0669034415516495,0.00533109961701536));
#8780=CARTESIAN_POINT('',(0.0173549944994674,0.0669034415516495,0.00533109961701536));
#8781=CARTESIAN_POINT('',(0.0173549944994674,0.0669034415516495,0.00574753926357383));
#8782=CARTESIAN_POINT('',(0.0173549944994674,0.0667734327690854,0.00615400044768329));
#8783=CARTESIAN_POINT('',(0.0173549944994674,0.0665309758138707,0.00649348175095242));
#8784=CARTESIAN_POINT('',(0.0163549944994674,0.0669034415516495,-0.00547080804507749));
#8785=CARTESIAN_POINT('',(0.0163549944994674,0.0669034415516495,-0.026));
#8786=CARTESIAN_POINT('',(0.0173549944994674,0.0669034415516495,-0.026));
#8787=CARTESIAN_POINT('',(0.0173549944994674,0.0669034415516495,-0.00108781558378461));
#8788=CARTESIAN_POINT('',(0.0183549944994674,0.0179559399249551,-0.001));
#8789=CARTESIAN_POINT('',(0.0173549944994674,0.0179559399249551,-0.001));
#8790=CARTESIAN_POINT('',(0.0179950926465367,0.0471160035563234,-6.70098305678417E-5));
#8791=CARTESIAN_POINT('',(0.0180485583752358,0.0471053733009834,-4.63853744293413E-5));
#8792=CARTESIAN_POINT('',(0.0181038005309999,0.0470947430456433,-3.03683469781504E-5));
#8793=CARTESIAN_POINT('',(0.0181600063602247,0.0470841127903033,-1.91943997128305E-5));
#8794=CARTESIAN_POINT('',(0.0183549944994674,0.0485663451934932,0.));
#8795=CARTESIAN_POINT('',(0.0173549944994674,0.0485663451934932,-0.00108781558378461));
#8796=CARTESIAN_POINT('',(0.0173549944994674,0.0485663451934932,0.00612671356237309));
#8797=CARTESIAN_POINT('',(0.0180500671529221,0.04761396957782,0.00571834123868411));
#8798=CARTESIAN_POINT('',(0.0179576514126045,0.0476435588344225,0.00573104265252889));
#8799=CARTESIAN_POINT('',(0.0177761882813387,0.047727060970524,0.00576739850606943));
#8800=CARTESIAN_POINT('',(0.0175666392801653,0.0479383240041675,0.00585736326005441));
#8801=CARTESIAN_POINT('',(0.0174665541979513,0.0480960522259397,0.00592519975510066));
#8802=CARTESIAN_POINT('',(0.017393201423277,0.0482788436373585,0.00600339663336918));
#8803=CARTESIAN_POINT('',(0.0173715102684632,0.0483722763507608,0.00604372820384168));
#8804=CARTESIAN_POINT('',(0.0173549944994674,0.0484981217528815,0.00609747036725189));
#8805=CARTESIAN_POINT('',(0.0173549944994674,0.0485663451934932,0.00612671356237309));
#8806=CARTESIAN_POINT('',(0.0180500904207153,0.047614019251102,0.00571839346332427));
#8807=CARTESIAN_POINT('',(0.0180500671529221,0.04761396957782,0.));
#8808=CARTESIAN_POINT('',(0.018139378304956,0.047892913937414,0.00541960678118655));
#8809=CARTESIAN_POINT('',(0.0181206285472262,0.0461022778634069,0.00713068222848855));
#8810=CARTESIAN_POINT('',(0.0180820979709176,0.0431062223353844,0.00996604837166701));
#8811=CARTESIAN_POINT('',(0.0179882442239313,0.0388153244328103,0.0138332152856084));
#8812=CARTESIAN_POINT('',(0.0178989519046864,0.0363024348556386,0.0159128999357275));
#8813=CARTESIAN_POINT('',(0.0178406199326816,0.0350011094947972,0.0168482710146462));
#8814=CARTESIAN_POINT('',(0.0179191054120555,0.0479264576096699,0.00545482783441792));
#8815=CARTESIAN_POINT('',(0.0179044241516244,0.0461381574606976,0.00716866304799766));
#8816=CARTESIAN_POINT('',(0.0178742835497446,0.0431465210131876,0.0100093374976801));
#8817=CARTESIAN_POINT('',(0.0178025938222391,0.0388636064373753,0.0138889638218265));
#8818=CARTESIAN_POINT('',(0.0177358837124474,0.0363543135905472,0.0159792527862));
#8819=CARTESIAN_POINT('',(0.0176933304421278,0.0350510941949805,0.0169211163116221));
#8820=CARTESIAN_POINT('',(0.0175138337908004,0.0481003560801861,0.00563742225163565));
#8821=CARTESIAN_POINT('',(0.0175091230995216,0.0463124414381181,0.00735329965894922));
#8822=CARTESIAN_POINT('',(0.0174996987665848,0.0433218189802863,0.0101984343644689));
#8823=CARTESIAN_POINT('',(0.0174775624911286,0.0390340634608953,0.0140869076865601));
#8824=CARTESIAN_POINT('',(0.0174578291749169,0.0365136757833776,0.0161847401658814));
#8825=CARTESIAN_POINT('',(0.0174455500321738,0.0351949267605144,0.0171307309719623));
#8826=CARTESIAN_POINT('',(0.0173549944994674,0.0484107739835853,0.00596336287662713));
#8827=CARTESIAN_POINT('',(0.0173550606210524,0.0466170809765212,0.0076760743509742));
#8828=CARTESIAN_POINT('',(0.0173548113797192,0.0436143875196776,0.0105146709824648));
#8829=CARTESIAN_POINT('',(0.017355018510959,0.0392935321703825,0.0143890570653125));
#8830=CARTESIAN_POINT('',(0.0173548927823943,0.0367374508709155,0.0164748046566427));
#8831=CARTESIAN_POINT('',(0.0173549944994674,0.0353891335690169,0.0174137586301903));
#8832=CARTESIAN_POINT('',(0.0173549944994674,0.0485663451934932,0.00612671356237309));
#8833=CARTESIAN_POINT('',(0.0173549944994674,0.0467697059062803,0.0078377890096751));
#8834=CARTESIAN_POINT('',(0.0173549944994674,0.0437610169657513,0.0106731551528536));
#8835=CARTESIAN_POINT('',(0.0173549944994674,0.0394234228726691,0.0145403220667949));
#8836=CARTESIAN_POINT('',(0.0173549944994674,0.036849474056637,0.0166200067169141));
#8837=CARTESIAN_POINT('',(0.0173549944994674,0.0354863092526742,0.0175553777958328));
#8838=CARTESIAN_POINT('',(0.0173549944994674,0.0354913302012365,0.0175519317327034));
#8839=CARTESIAN_POINT('',(0.0173549944994674,0.0357716969588511,0.0173594716420851));
#8840=CARTESIAN_POINT('',(0.0173549944994674,0.0362034606703671,0.0170526890705505));
#8841=CARTESIAN_POINT('',(0.0173549944994674,0.0367843747127335,0.0166209916134127));
#8842=CARTESIAN_POINT('',(0.0173549944994674,0.0372570709043667,0.0162588298207675));
#8843=CARTESIAN_POINT('',(0.0173549944994674,0.0376291933037817,0.0159665260706483));
#8844=CARTESIAN_POINT('',(0.0173549944994674,0.0380517826524058,0.0156281796779332));
#8845=CARTESIAN_POINT('',(0.0173549944994674,0.038471788100037,0.0152854834340508));
#8846=CARTESIAN_POINT('',(0.0173549944994674,0.0389503723060564,0.0148875668584093));
#8847=CARTESIAN_POINT('',(0.0173549944994674,0.0392959354831416,0.0145962190819467));
#8848=CARTESIAN_POINT('',(0.0173549944994674,0.0398198705997803,0.0141505873569888));
#8849=CARTESIAN_POINT('',(0.0173549944994674,0.0404804999239633,0.013579911023846));
#8850=CARTESIAN_POINT('',(0.0173549944994674,0.0411863467272721,0.0129592665756874));
#8851=CARTESIAN_POINT('',(0.0173549944994674,0.0417555654452991,0.0124528039535092));
#8852=CARTESIAN_POINT('',(0.0173549944994674,0.042229948846196,0.0120271941359048));
#8853=CARTESIAN_POINT('',(0.0173549944994674,0.0425709999438916,0.011719219313386));
#8854=CARTESIAN_POINT('',(0.0173549944994674,0.0430863757470381,0.0112517836953878));
#8855=CARTESIAN_POINT('',(0.0173549944994674,0.0437351908345773,0.0106587284912075));
#8856=CARTESIAN_POINT('',(0.0173549944994674,0.0444158954521644,0.0100310270616229));
#8857=CARTESIAN_POINT('',(0.0173549944994674,0.0449104544234229,0.00957204113880339));
#8858=CARTESIAN_POINT('',(0.0173549944994674,0.0451903444893199,0.00931154100015818));
#8859=CARTESIAN_POINT('',(0.0173549944994674,0.0454221563989897,0.0090953280351714));
#8860=CARTESIAN_POINT('',(0.0173549944994674,0.0455803556101643,0.00894750853805067));
#8861=CARTESIAN_POINT('',(0.0173549944994674,0.0458221119496291,0.00872131417323619));
#8862=CARTESIAN_POINT('',(0.0173549944994674,0.0462434586523832,0.0083261595652265));
#8863=CARTESIAN_POINT('',(0.0173549944994674,0.047137892265314,0.0074838923109057));
#8864=CARTESIAN_POINT('',(0.0173549944994674,0.0479749673210201,0.00668992742776513));
#8865=CARTESIAN_POINT('',(0.0173549944994674,0.0485663451934932,0.00612671356237309));
#8866=CARTESIAN_POINT('',(0.0173549944994674,0.0354913302105284,0.0175519317462394));
#8867=CARTESIAN_POINT('',(0.0173549944994674,0.0354913302012365,0.0175519317327034));
#8868=CARTESIAN_POINT('',(0.0173549944994674,0.0352946385706526,0.0172703064456416));
#8869=CARTESIAN_POINT('',(0.017546040951574,0.0351014902818752,0.0169936922006185));
#8870=CARTESIAN_POINT('',(0.0178406199326816,0.0350011094947972,0.0168482710146462));
#8871=CARTESIAN_POINT('',(0.0178406199326791,0.0350011094947949,0.0168482710146428));
#8872=CARTESIAN_POINT('',(0.0178406199326742,0.0350011094947902,0.016848271014636));
#8873=CARTESIAN_POINT('',(0.0178513083645787,0.0352395572452519,0.0166768787277216));
#8874=CARTESIAN_POINT('',(0.0178729562053207,0.0357317987537115,0.0163124131598993));
#8875=CARTESIAN_POINT('',(0.0179043713708259,0.0365198218983955,0.0156994675393117));
#8876=CARTESIAN_POINT('',(0.0179289112882013,0.037215401748395,0.0151364841819602));
#8877=CARTESIAN_POINT('',(0.0179457177443785,0.0377297384766735,0.014709197647634));
#8878=CARTESIAN_POINT('',(0.0179550192756564,0.0380216051442607,0.0144639787263663));
#8879=CARTESIAN_POINT('',(0.0179627579322022,0.0382671815442388,0.0142559028118434));
#8880=CARTESIAN_POINT('',(0.0179677023824977,0.0384259966021555,0.0141204597311909));
#8881=CARTESIAN_POINT('',(0.0179752223353148,0.0386724328484732,0.0139094376656643));
#8882=CARTESIAN_POINT('',(0.0179877716724571,0.0390982700876697,0.0135419544560421));
#8883=CARTESIAN_POINT('',(0.0180052724295466,0.0397414659973412,0.0129795318086994));
#8884=CARTESIAN_POINT('',(0.0180214510040641,0.0404140867296338,0.0123820047281341));
#8885=CARTESIAN_POINT('',(0.0180324074663221,0.0409100357970449,0.0119366512544292));
#8886=CARTESIAN_POINT('',(0.0180383738354829,0.0411892880069173,0.0116846898559827));
#8887=CARTESIAN_POINT('',(0.0180433511276067,0.0414278399362453,0.0114686605230972));
#8888=CARTESIAN_POINT('',(0.018046242496092,0.0415678972758314,0.0113414559659227));
#8889=CARTESIAN_POINT('',(0.0180508648730475,0.0417924212464522,0.0111371769656858));
#8890=CARTESIAN_POINT('',(0.0180586526450052,0.0421761382952494,0.0107868034151713));
#8891=CARTESIAN_POINT('',(0.0180699057124473,0.0427532898809743,0.0102566009078341));
#8892=CARTESIAN_POINT('',(0.0180828176189327,0.043475033536787,0.00958857157498767));
#8893=CARTESIAN_POINT('',(0.0180990307385143,0.0444824668563644,0.0086499136375065));
#8894=CARTESIAN_POINT('',(0.0181170010943467,0.0458235562963448,0.00738924923234397));
#8895=CARTESIAN_POINT('',(0.0181296213323989,0.0469841258835165,0.00628700501831415));
#8896=CARTESIAN_POINT('',(0.0181361178593343,0.0475861879900292,0.00571250039779941));
#8897=CARTESIAN_POINT('',(0.0181361216036617,0.04758619683152,0.00571250969753827));
#8898=CARTESIAN_POINT('',(0.0181361187665008,0.0475861881130336,0.00571253785241604));
#8899=CARTESIAN_POINT('',(0.0181073395190244,0.0475955563834303,0.00571253876821328));
#8900=CARTESIAN_POINT('',(0.0180786635623236,0.0476048136590149,0.00571452801525061));
#8901=CARTESIAN_POINT('',(0.0180500947535407,0.0476139607407543,0.00571855702285555));
#8902=CARTESIAN_POINT('',(0.0163549944994674,0.0622733982780616,0.00901361108541734));
#8903=CARTESIAN_POINT('',(0.0163549944994674,0.0622733982780616,0.00901361108541734));
#8904=CARTESIAN_POINT('',(0.0163549944994674,0.0643947186217845,0.0111349314288137));
#8905=CARTESIAN_POINT('',(0.0163549944994674,0.0636876118405435,0.0104278246476816));
#8906=CARTESIAN_POINT('',(0.0173549944994674,0.0636876118405435,0.0104278246476816));
#8907=CARTESIAN_POINT('',(0.0173549944994674,0.0639009325402828,0.0101759932193544));
#8908=CARTESIAN_POINT('',(0.0173549944994674,0.0638367754898146,0.0102658240888692));
#8909=CARTESIAN_POINT('',(0.0173549944994674,0.0637656685899015,0.0103497678983116));
#8910=CARTESIAN_POINT('',(0.0173549944994674,0.0636876118405435,0.0104278246476816));
#8911=CARTESIAN_POINT('',(0.0122193000900063,-0.0295,0.00529828643762691));
#8912=CARTESIAN_POINT('',(0.0249472221514343,-0.0422279220611991,0.00529828643762691));
#8913=CARTESIAN_POINT('',(0.0254472221514155,-0.0427279220611713,0.00600539321884651));
#8914=CARTESIAN_POINT('',(0.0122193000900063,-0.0295,0.00600539321886224));
#8915=CARTESIAN_POINT('',(0.0122193000900066,-0.0482071067811364,0.0060053932188567));
#8916=CARTESIAN_POINT('',(0.0122193000900075,-0.0475,0.0052982864376269));
#8917=CARTESIAN_POINT('',(0.0122193000900063,-0.0295,0.));
#8918=CARTESIAN_POINT('',(0.0122193000900063,-0.0295,0.01193750016));
#8919=CARTESIAN_POINT('',(0.0150477272147223,-0.032328427124716,0.0119375001599887));
#8920=CARTESIAN_POINT('',(0.0150477272147082,-0.0323284271247019,0.));
#8921=CARTESIAN_POINT('',(0.0355000000000051,-0.00327214634574683,0.00993750016000005));
#8922=CARTESIAN_POINT('',(0.035761685432918,-0.00308127975467711,0.00967581472708726));
#8923=CARTESIAN_POINT('',(0.03648230371526,-0.00240461604179916,0.00895519644474565));
#8924=CARTESIAN_POINT('',(0.0372730067414847,-0.000639682239885429,0.00816449341852191));
#8925=CARTESIAN_POINT('',(0.0369285150808978,0.00181898775680228,0.00850898507911028));
#8926=CARTESIAN_POINT('',(0.0360233708658318,0.00289041316362413,0.00941412929417687));
#8927=CARTESIAN_POINT('',(0.0355000000000062,0.00327214634576364,0.00993750016000273));
#8928=CARTESIAN_POINT('',(0.0351332661111053,-0.00283457656749958,0.00988991835763225));
#8929=CARTESIAN_POINT('',(0.0353721243979344,-0.00264774439192493,0.00966251558842371));
#8930=CARTESIAN_POINT('',(0.0360224744153816,-0.00200017968679758,0.00904905409210027));
#8931=CARTESIAN_POINT('',(0.0366693313055056,-0.000507235447912095,0.00844431637862647));
#8932=CARTESIAN_POINT('',(0.0363966282278442,0.00146960808462338,0.00869933929692585));
#8933=CARTESIAN_POINT('',(0.0356109826847643,0.00246091221636735,0.00943511281921721));
#8934=CARTESIAN_POINT('',(0.0351332661111061,0.00283457656751677,0.00988991835763457));
#8935=CARTESIAN_POINT('',(0.0347665322222055,-0.00239700678925232,0.00984233655526445));
#8936=CARTESIAN_POINT('',(0.0349825633629509,-0.00221420902917276,0.00964921644976017));
#8937=CARTESIAN_POINT('',(0.0355626451155033,-0.00159574333179601,0.00914291173945488));
#8938=CARTESIAN_POINT('',(0.0360656558695265,-0.000374788655938763,0.00872413933873102));
#8939=CARTESIAN_POINT('',(0.0358647413747906,0.00112022841244449,0.00888969351474141));
#8940=CARTESIAN_POINT('',(0.0351985945036967,0.00203141126911057,0.00945609634425754));
#8941=CARTESIAN_POINT('',(0.034766532222206,0.00239700678926989,0.00984233655526642));
#8942=CARTESIAN_POINT('',(0.0343997983333057,-0.00195943701100507,0.00979475475289665));
#8943=CARTESIAN_POINT('',(0.0345930023279673,-0.00178067366642058,0.00963591731109663));
#8944=CARTESIAN_POINT('',(0.0351028158156249,-0.00119130697679444,0.00923676938680949));
#8945=CARTESIAN_POINT('',(0.0354619804335475,-0.000242341863965429,0.00900396229883558));
#8946=CARTESIAN_POINT('',(0.035332854521737,0.00077084874026559,0.00908004773255698));
#8947=CARTESIAN_POINT('',(0.0347862063226292,0.0016019103218538,0.00947707986929787));
#8948=CARTESIAN_POINT('',(0.034399798333306,0.00195943701102302,0.00979475475289827));
#8949=CARTESIAN_POINT('',(0.0343961309944167,-0.0019550613132226,0.00979427893487297));
#8950=CARTESIAN_POINT('',(0.0345891067176174,-0.00177633831279306,0.00963578431970999));
#8951=CARTESIAN_POINT('',(0.0350982175226261,-0.00118726261324442,0.00923770796328304));
#8952=CARTESIAN_POINT('',(0.0354559436791877,-0.000241017396045695,0.00900676052843663));
#8953=CARTESIAN_POINT('',(0.0353275356532065,0.000767354943543801,0.00908195127473514));
#8954=CARTESIAN_POINT('',(0.0347820824408185,0.00159761531238123,0.00947728970454827));
#8955=CARTESIAN_POINT('',(0.034396130994417,0.00195506131324055,0.00979427893487459));
#8956=CARTESIAN_POINT('',(0.0343924636555277,-0.00195068561544013,0.00979380311684929));
#8957=CARTESIAN_POINT('',(0.0345852111072677,-0.00177200295916553,0.00963565132832336));
#8958=CARTESIAN_POINT('',(0.0350936192296274,-0.00118321824969441,0.00923864653975658));
#8959=CARTESIAN_POINT('',(0.0354499069248279,-0.000239692928125962,0.00900955875803767));
#8960=CARTESIAN_POINT('',(0.0353222167846759,0.000763861146822012,0.00908385481691329));
#8961=CARTESIAN_POINT('',(0.0347779585590078,0.00159332030290867,0.00947749953979868));
#8962=CARTESIAN_POINT('',(0.034392463655528,0.00195068561545809,0.00979380311685091));
#8963=CARTESIAN_POINT('',(0.0343887963166387,-0.00194630991765765,0.00979332729882561));
#8964=CARTESIAN_POINT('',(0.0345813154969178,-0.00176766760553802,0.00963551833693672));
#8965=CARTESIAN_POINT('',(0.0350890209366285,-0.00117917388614439,0.00923958511623013));
#8966=CARTESIAN_POINT('',(0.0354438701704681,-0.000238368460206229,0.00901235698763871));
#8967=CARTESIAN_POINT('',(0.0353168979161454,0.000760367350100223,0.00908575835909145));
#8968=CARTESIAN_POINT('',(0.0347738346771972,0.00158902529343609,0.00947770937504908));
#8969=CARTESIAN_POINT('',(0.034388796316639,0.00194630991767561,0.00979332729882722));
#8970=CARTESIAN_POINT('',(0.0349499999966605,0.00131811417562155,0.00936085714292577));
#8971=CARTESIAN_POINT('',(0.0352555708259739,0.000835687318341656,0.0091199100954506));
#8972=CARTESIAN_POINT('',(0.0355245725376892,1.76141139382648E-5,0.00897191018639212));
#8973=CARTESIAN_POINT('',(0.0352492894412668,-0.000868442880433822,0.00913626979083618));
#8974=CARTESIAN_POINT('',(0.0349499999988517,-0.00131811417119749,0.00936085714072392));
#8975=CARTESIAN_POINT('',(0.034950452093535,0.00131782251536665,0.00936204994590979));
#8976=CARTESIAN_POINT('',(0.0349500478404633,-0.0013180826032493,0.0093609836417254));
#8977=CARTESIAN_POINT('',(0.0349499999977629,0.00131811417460833,0.00936085714495443));
#8978=CARTESIAN_POINT('',(0.0350849137319309,0.00171591693766786,0.00940873403231681));
#8979=CARTESIAN_POINT('',(0.035268247066033,0.00209794511998172,0.00947494872524391));
#8980=CARTESIAN_POINT('',(0.0355000000000695,0.00248057348118693,0.0095308391699425));
#8981=CARTESIAN_POINT('',(0.0355000000000666,-0.00248057348127198,0.00953083916998691));
#8982=CARTESIAN_POINT('',(0.035371771740251,-0.0022688662633483,0.00949991514094823));
#8983=CARTESIAN_POINT('',(0.035134617449922,-0.00181924882881642,0.00943000499528905));
#8984=CARTESIAN_POINT('',(0.035012481585219,-0.00150234558683407,0.00938303000762166));
#8985=CARTESIAN_POINT('',(0.0349499999991825,-0.00131811417083036,0.00936085714145898));
#8986=CARTESIAN_POINT('',(0.0355000000001249,-2.04257184083234E-14,0.012));
#8987=CARTESIAN_POINT('',(0.0349499999977622,-2.01111210264966E-14,0.012));
#8988=CARTESIAN_POINT('',(0.0349499999983442,0.00226154001632147,0.0101058150170832));
#8989=CARTESIAN_POINT('',(0.0352071067812287,0.00265861829977937,0.0102063214775065));
#8990=CARTESIAN_POINT('',(0.0351126600930394,0.0025229634809878,0.0101741229710203));
#8991=CARTESIAN_POINT('',(0.0350269578319601,0.00239092691964801,0.0101404410192165));
#8992=CARTESIAN_POINT('',(0.0349499999979908,0.00226154001803385,0.0101058150209717));
#8993=CARTESIAN_POINT('',(0.0352071111028759,0.00265861344840671,0.0102063292382598));
#8994=CARTESIAN_POINT('',(0.0352071067811935,-2.02576844188229E-14,0.012));
#8995=CARTESIAN_POINT('',(0.0352071111028728,-0.00265861344848777,0.01020632923832));
#8996=CARTESIAN_POINT('',(0.0349499999999778,-0.00226154001304313,0.0101058150118666));
#8997=CARTESIAN_POINT('',(0.035027019706337,-0.0023910309477146,0.0101404688586329));
#8998=CARTESIAN_POINT('',(0.035112721966753,-0.00252306836562042,0.0101741678020601));
#8999=CARTESIAN_POINT('',(0.0352071067812256,-0.00265861829986045,0.0102063214775666));
#9000=CARTESIAN_POINT('',(0.0349499999999945,-0.00226154001305092,0.0101058150118601));
#9001=CARTESIAN_POINT('',(0.0349499999999791,-2.01111210277642E-14,0.012));
#9002=CARTESIAN_POINT('',(0.034500000000007,-1.9849399901517E-14,0.012));
#9003=CARTESIAN_POINT('',(0.0337928932228787,-1.94468786355084E-14,0.012));
#9004=CARTESIAN_POINT('',(0.0337936969010379,-0.00317932898517826,0.0115881267220123));
#9005=CARTESIAN_POINT('',(0.0337936968961836,0.00317932898963624,0.0115881267348376));
#9006=CARTESIAN_POINT('',(0.0337928932243363,-0.00318042569529788,0.0115871727931138));
#9007=CARTESIAN_POINT('',(0.033944036066434,-0.00316098182655626,0.0114373769978507));
#9008=CARTESIAN_POINT('',(0.0341463520524168,-0.00311975711693224,0.0112375302087309));
#9009=CARTESIAN_POINT('',(0.034383109490309,-0.00305018670905437,0.0110056188335549));
#9010=CARTESIAN_POINT('',(0.0345125802752002,-0.0030066454780132,0.0108791864900769));
#9011=CARTESIAN_POINT('',(0.0347203485205051,-0.00292395052773434,0.0106766550751268));
#9012=CARTESIAN_POINT('',(0.0349493064917536,-0.00281454755263509,0.0104545429605149));
#9013=CARTESIAN_POINT('',(0.0351098305301179,-0.00272171294350467,0.0102998413431346));
#9014=CARTESIAN_POINT('',(0.035207106781192,-0.00265861829984093,0.0102063214775798));
#9015=CARTESIAN_POINT('',(0.0352071067811951,0.00265861829975985,0.0102063214775197));
#9016=CARTESIAN_POINT('',(0.0351112186571769,0.00272076909079125,0.0102984423499675));
#9017=CARTESIAN_POINT('',(0.0349518899240466,0.0028129945036114,0.0104517358064482));
#9018=CARTESIAN_POINT('',(0.0347225468669105,0.00292272736725227,0.0106739348471345));
#9019=CARTESIAN_POINT('',(0.0345139105050903,0.00300594268069944,0.0108771874594539));
#9020=CARTESIAN_POINT('',(0.0343813518575827,0.00305057806424702,0.0110067007682029));
#9021=CARTESIAN_POINT('',(0.0341435999832921,0.00312033906578891,0.0112398287889716));
#9022=CARTESIAN_POINT('',(0.0339423405549549,0.00316117895615705,0.0114388956819364));
#9023=CARTESIAN_POINT('',(0.0337928932188219,0.00318042569703473,0.011587172806794));
#9024=CARTESIAN_POINT('',(0.0335000000000141,0.012219300092506,0.));
#9025=CARTESIAN_POINT('',(0.0335000000000141,0.012219300092506,0.0119375002173948));
#9026=CARTESIAN_POINT('',(0.0334999999999897,0.00349944192262246,0.0119375001600001));
#9027=CARTESIAN_POINT('',(0.0335,-0.0122193000900063,0.));
#9028=CARTESIAN_POINT('',(0.033499999999976,-0.0122193000900063,0.0119375001599994));
#9029=CARTESIAN_POINT('',(0.0335000000000141,0.012219300092506,0.01193750016));
#9030=CARTESIAN_POINT('',(0.0334999999999857,-0.00349944192266102,0.0119375001600001));
#9031=CARTESIAN_POINT('',(0.0334999999999448,-1.92781988289975E-14,0.012));
#9032=CARTESIAN_POINT('',(0.033499999999888,-1.92781988289648E-14,0.012));
#9033=CARTESIAN_POINT('',(0.0337507313468768,-0.00323413558836044,0.0116867688131284));
#9034=CARTESIAN_POINT('',(0.0336704472115675,-0.00332257103312787,0.0117670529484376));
#9035=CARTESIAN_POINT('',(0.0335868700959435,-0.00341100647789747,0.0118506300640615));
#9036=CARTESIAN_POINT('',(0.033500000000005,-0.00349944192266923,0.01193750016));
#9037=CARTESIAN_POINT('',(0.0337514871852158,-0.00323310692808489,0.0116876303605944));
#9038=CARTESIAN_POINT('',(0.0337928932228769,-0.00318042569114902,0.0115871727936523));
#9039=CARTESIAN_POINT('',(0.0337788392641941,-0.00319883919753932,0.0116198504913328));
#9040=CARTESIAN_POINT('',(0.0337647853055112,-0.00321675058009911,0.0116530544617762));
#9041=CARTESIAN_POINT('',(0.0337507313468283,-0.00323413558829196,0.011686768813135));
#9042=CARTESIAN_POINT('',(0.03375073162383,0.00323413524558372,0.011686768148456));
#9043=CARTESIAN_POINT('',(0.0337647854888065,0.00321675034651265,0.0116530540298676));
#9044=CARTESIAN_POINT('',(0.033778839353783,0.00319883908029195,0.0116198502854748));
#9045=CARTESIAN_POINT('',(0.0337928932187595,0.00318042569697271,0.0115871728068021));
#9046=CARTESIAN_POINT('',(0.0337514872189142,0.00323310688546955,0.0116876302784967));
#9047=CARTESIAN_POINT('',(0.033500000000009,0.00349944192263067,0.01193750016));
#9048=CARTESIAN_POINT('',(0.0335868700959291,0.00341100647787754,0.0118506300640799));
#9049=CARTESIAN_POINT('',(0.0336704472115343,0.0033225710331283,0.0117670529484746));
#9050=CARTESIAN_POINT('',(0.0337507313468248,0.00323413558838297,0.0116867688131841));
#9051=CARTESIAN_POINT('',(0.036500000000007,6.8614680810528E-15,0.012));
#9052=CARTESIAN_POINT('',(0.036500000000007,-2.10048137835712E-14,0.012));
#9053=CARTESIAN_POINT('',(0.0365000000000078,0.00149999999997899,0.012));
#9054=CARTESIAN_POINT('',(0.0295,-0.0122193000900063,0.));
#9055=CARTESIAN_POINT('',(0.0323284271247462,-0.0150477272147525,0.));
#9056=CARTESIAN_POINT('',(0.0323284271247176,-0.0150477272147239,0.0119375001599842));
#9057=CARTESIAN_POINT('',(0.0295,-0.0122193000900063,0.01193750016));
#9058=CARTESIAN_POINT('',(0.0227885338618434,-0.0274160476022148,0.00993750016013201));
#9059=CARTESIAN_POINT('',(0.023108536466852,-0.0274661240855342,0.00967581472719991));
#9060=CARTESIAN_POINT('',(0.0240966197626406,-0.0274972399350819,0.00895513210015314));
#9061=CARTESIAN_POINT('',(0.025903686033284,-0.0268083670902883,0.00816444994605652));
#9062=CARTESIAN_POINT('',(0.0273987946942828,-0.024826271118744,0.00850880197569496));
#9063=CARTESIAN_POINT('',(0.0275162005688536,-0.0234285390718573,0.00941412929427021));
#9064=CARTESIAN_POINT('',(0.0274160476022142,-0.0227885338618402,0.00993750016013468));
#9065=CARTESIAN_POINT('',(0.0228386223995616,-0.0268473190250486,0.00988991835774692));
#9066=CARTESIAN_POINT('',(0.0231396310122261,-0.0268841070411295,0.00966251558851998));
#9067=CARTESIAN_POINT('',(0.0240574146649108,-0.0268860877528808,0.00904903291714908));
#9068=CARTESIAN_POINT('',(0.025570465111352,-0.0262878176685355,0.00844430514854364));
#9069=CARTESIAN_POINT('',(0.0267755252500194,-0.0246971538737959,0.00869928371129411));
#9070=CARTESIAN_POINT('',(0.0269208950572104,-0.0234406396248875,0.00943511281929504));
#9071=CARTESIAN_POINT('',(0.0268473190250481,-0.0228386223995586,0.00988991835774924));
#9072=CARTESIAN_POINT('',(0.0228887109372798,-0.0262785904478823,0.00984233655536183));
#9073=CARTESIAN_POINT('',(0.0231707255576002,-0.0263020899967247,0.00964921644984004));
#9074=CARTESIAN_POINT('',(0.0240182095671811,-0.0262749355706797,0.00914293373414501));
#9075=CARTESIAN_POINT('',(0.02523724418942,-0.0257672682467828,0.00872416035103076));
#9076=CARTESIAN_POINT('',(0.026152255805756,-0.0245680366288478,0.00888976544689326));
#9077=CARTESIAN_POINT('',(0.0263255895455672,-0.0234527401779177,0.00945609634431988));
#9078=CARTESIAN_POINT('',(0.0262785904478821,-0.022888710937277,0.0098423365553638));
#9079=CARTESIAN_POINT('',(0.022938799474998,-0.0257098618707161,0.00979475475297675));
#9080=CARTESIAN_POINT('',(0.0232018201029742,-0.02572007295232,0.0096359173111601));
#9081=CARTESIAN_POINT('',(0.0239790044694514,-0.0256637833884787,0.00923683455114095));
#9082=CARTESIAN_POINT('',(0.0249040232674881,-0.02524671882503,0.00900401555351787));
#9083=CARTESIAN_POINT('',(0.0255289863614926,-0.0244389193838997,0.00908024718249241));
#9084=CARTESIAN_POINT('',(0.025730284033924,-0.0234648407309479,0.00947707986934472));
#9085=CARTESIAN_POINT('',(0.025709861870716,-0.0229387994749954,0.00979475475297836));
#9086=CARTESIAN_POINT('',(0.0229393003603752,-0.0257041745849445,0.0097942789349529));
#9087=CARTESIAN_POINT('',(0.0232021310484279,-0.0257142527818759,0.0096357843197733));
#9088=CARTESIAN_POINT('',(0.0239786124184741,-0.0256576718666567,0.00923777355931091));
#9089=CARTESIAN_POINT('',(0.0249006910582688,-0.0252415133308125,0.00900681410554274));
#9090=CARTESIAN_POINT('',(0.0255227536670499,-0.0244376282114502,0.0090821519998484));
#9091=CARTESIAN_POINT('',(0.0257243309788076,-0.0234649617364782,0.00947728970459497));
#9092=CARTESIAN_POINT('',(0.0257041745849443,-0.0229393003603726,0.0097942789349545));
#9093=CARTESIAN_POINT('',(0.0229398012457523,-0.0256984872991728,0.00979380311692905));
#9094=CARTESIAN_POINT('',(0.0232024419938817,-0.0257084326114319,0.0096356513283865));
#9095=CARTESIAN_POINT('',(0.0239782203674968,-0.0256515603448347,0.00923871256748087));
#9096=CARTESIAN_POINT('',(0.0248973588490495,-0.0252363078365949,0.00900961265756761));
#9097=CARTESIAN_POINT('',(0.0255165209726073,-0.0244363370390007,0.00908405681720439));
#9098=CARTESIAN_POINT('',(0.0257183779236911,-0.0234650827420085,0.00947749953984522));
#9099=CARTESIAN_POINT('',(0.0256984872991727,-0.0229398012457497,0.00979380311693065));
#9100=CARTESIAN_POINT('',(0.0229403021311296,-0.0256928000134011,0.0097933272989052));
#9101=CARTESIAN_POINT('',(0.0232027529393354,-0.0257026124409879,0.0096355183369997));
#9102=CARTESIAN_POINT('',(0.0239778283165195,-0.0256454488230127,0.00923965157565083));
#9103=CARTESIAN_POINT('',(0.0248940266398302,-0.0252311023423774,0.00901241120959248));
#9104=CARTESIAN_POINT('',(0.0255102882781647,-0.0244350458665512,0.00908596163456038));
#9105=CARTESIAN_POINT('',(0.0257124248685747,-0.0234652037475388,0.00947770937509547));
#9106=CARTESIAN_POINT('',(0.025692800013401,-0.022940302131127,0.00979332729890679));
#9107=CARTESIAN_POINT('',(0.025645429472109,-0.0237813345278927,0.00936085714303425));
#9108=CARTESIAN_POINT('',(0.0255201425085396,-0.024338648197283,0.00911978789104949));
#9109=CARTESIAN_POINT('',(0.0251320929365108,-0.0251070457452767,0.0089719744735461));
#9110=CARTESIAN_POINT('',(0.0243109038811606,-0.0255390495217908,0.00913626341301539));
#9111=CARTESIAN_POINT('',(0.0237813345326045,-0.0256454294705334,0.00936085714081367));
#9112=CARTESIAN_POINT('',(0.025645544675064,-0.0237818681766437,0.00936206767017851));
#9113=CARTESIAN_POINT('',(0.0237813951370919,-0.0256454418958449,0.00936099368367146));
#9114=CARTESIAN_POINT('',(0.0256454294721885,-0.0237813345293905,0.00936085714504226));
#9115=CARTESIAN_POINT('',(0.0260221169199816,-0.023595443914285,0.00940873403245552));
#9116=CARTESIAN_POINT('',(0.0264218878820286,-0.0234549454397394,0.00947494872548337));
#9117=CARTESIAN_POINT('',(0.026856321061897,-0.023348260402186,0.0095308391700752));
#9118=CARTESIAN_POINT('',(0.023348260402186,-0.026856321061897,0.0095308391700753));
#9119=CARTESIAN_POINT('',(0.0234073779581902,-0.02661558788668,0.00949986850572729));
#9120=CARTESIAN_POINT('',(0.0235579452878147,-0.0261291050984965,0.00942987877842461));
#9121=CARTESIAN_POINT('',(0.0236953067503526,-0.0258197555665551,0.00938301394978109));
#9122=CARTESIAN_POINT('',(0.023781334533116,-0.0256454294705662,0.00936085714149127));
#9123=CARTESIAN_POINT('',(0.0251022907320415,-0.0251022907320415,0.012));
#9124=CARTESIAN_POINT('',(0.0247133820007895,-0.0247133820007895,0.012));
#9125=CARTESIAN_POINT('',(0.0263125322810538,-0.0231142317230662,0.0101058150122687));
#9126=CARTESIAN_POINT('',(0.0267751109793372,-0.0230152569223958,0.0102063214776868));
#9127=CARTESIAN_POINT('',(0.0266124046244761,-0.0230443954743664,0.0101741229674586));
#9128=CARTESIAN_POINT('',(0.0264584400262503,-0.023077158773602,0.0101404410145896));
#9129=CARTESIAN_POINT('',(0.0263125322816211,-0.0231142317231412,0.0101058150119772));
#9130=CARTESIAN_POINT('',(0.0267751106047945,-0.0230152634087092,0.01020632923843));
#9131=CARTESIAN_POINT('',(0.0248951839508658,-0.0248951839508658,0.012));
#9132=CARTESIAN_POINT('',(0.0230152634087091,-0.0267751106047945,0.01020632923843));
#9133=CARTESIAN_POINT('',(0.0231142317231412,-0.0263125322816211,0.0101058150119773));
#9134=CARTESIAN_POINT('',(0.0230771289618405,-0.0264585573561858,0.0101404688586692));
#9135=CARTESIAN_POINT('',(0.0230443650577752,-0.0266125225592413,0.0101741678020823));
#9136=CARTESIAN_POINT('',(0.0230152569223958,-0.0267751109793372,0.0102063214776868));
#9137=CARTESIAN_POINT('',(0.0231142317231405,-0.0263125322816162,0.0101058150119796));
#9138=CARTESIAN_POINT('',(0.0247133820023811,-0.0247133820023811,0.012));
#9139=CARTESIAN_POINT('',(0.0243951839508659,-0.0243951839508659,0.012));
#9140=CARTESIAN_POINT('',(0.0238951839538226,-0.0238951839538226,0.012));
#9141=CARTESIAN_POINT('',(0.0216476271549868,-0.0261438773251448,0.011588126722081));
#9142=CARTESIAN_POINT('',(0.0261438773248971,-0.0216476271483842,0.0115881267349498));
#9143=CARTESIAN_POINT('',(0.021646283378583,-0.0261440845310262,0.0115871727931875));
#9144=CARTESIAN_POINT('',(0.0217669355867576,-0.0262372323024746,0.0114373407506731));
#9145=CARTESIAN_POINT('',(0.0219391951939859,-0.0263511688052316,0.0112374394268679));
#9146=CARTESIAN_POINT('',(0.0221558507497212,-0.0264694053658498,0.0110054826289502));
#9147=CARTESIAN_POINT('',(0.0222782682843752,-0.0265301955261044,0.0108789763401138));
#9148=CARTESIAN_POINT('',(0.0224835669772278,-0.0266185833113097,0.0106765441623858));
#9149=CARTESIAN_POINT('',(0.0227227712014603,-0.0267030962188447,0.0104544860012012));
#9150=CARTESIAN_POINT('',(0.0229018784687259,-0.0267509453861994,0.0102998241124798));
#9151=CARTESIAN_POINT('',(0.0230152569223963,-0.0267751109793354,0.0102063214776879));
#9152=CARTESIAN_POINT('',(0.0267751109793354,-0.0230152569223964,0.0102063214776879));
#9153=CARTESIAN_POINT('',(0.026751281603949,-0.0229036232681957,0.0102983477995203));
#9154=CARTESIAN_POINT('',(0.0267038916378848,-0.0227259216708861,0.010451481903884));
#9155=CARTESIAN_POINT('',(0.0266193962010019,-0.0224863130999708,0.0106735154146442));
#9156=CARTESIAN_POINT('',(0.02653085213087,-0.02228016397323,0.0108765144659242));
#9157=CARTESIAN_POINT('',(0.0264685895408297,-0.0221546150928705,0.0110062648851879));
#9158=CARTESIAN_POINT('',(0.0263497402976471,-0.0219370026137485,0.011239550843857));
#9159=CARTESIAN_POINT('',(0.0262362189002286,-0.0217656566928711,0.0114387870270399));
#9160=CARTESIAN_POINT('',(0.0261440845283936,-0.0216462833734315,0.011587172806909));
#9161=CARTESIAN_POINT('',(0.0323284271247462,-0.0150477272147525,0.));
#9162=CARTESIAN_POINT('',(0.0323284271247462,-0.0150477272147525,0.01193750016));
#9163=CARTESIAN_POINT('',(0.0261625562836243,-0.0212135980558745,0.01193750016));
#9164=CARTESIAN_POINT('',(0.0323284271247462,-0.0150477272147525,0.01193750016));
#9165=CARTESIAN_POINT('',(0.0212135980558744,-0.0261625562836243,0.01193750016));
#9166=CARTESIAN_POINT('',(0.0236880771697486,-0.0236880771697486,0.012));
#9167=CARTESIAN_POINT('',(0.0236880771697486,-0.0236880771697486,0.012));
#9168=CARTESIAN_POINT('',(0.0215784917995441,-0.026152250211173,0.0116867688131563));
#9169=CARTESIAN_POINT('',(0.0214591890403634,-0.0261580140573655,0.0117670529484589));
#9170=CARTESIAN_POINT('',(0.0213375577924737,-0.026161449414849,0.0118506300640735));
#9171=CARTESIAN_POINT('',(0.021213598055875,-0.0261625562836236,0.0119375001600001));
#9172=CARTESIAN_POINT('',(0.0215797536306122,-0.0261520572969525,0.0116876303606205));
#9173=CARTESIAN_POINT('',(0.0216462833804861,-0.0261440845271591,0.0115871727937172));
#9174=CARTESIAN_POINT('',(0.0216233254157638,-0.0261471671929021,0.0116198504913831));
#9175=CARTESIAN_POINT('',(0.0216007225062066,-0.0261498948034799,0.0116530544618117));
#9176=CARTESIAN_POINT('',(0.0215784917995335,-0.0261522502111738,0.0116867688131555));
#9177=CARTESIAN_POINT('',(0.0261522501647336,-0.0215784922378522,0.0116867681484302));
#9178=CARTESIAN_POINT('',(0.0261498947679419,-0.0216007228010644,0.0116530540298883));
#9179=CARTESIAN_POINT('',(0.0261471671733703,-0.0216233255620564,0.0116198502855404));
#9180=CARTESIAN_POINT('',(0.0261440845283944,-0.0216462833734528,0.0115871728069109));
#9181=CARTESIAN_POINT('',(0.0261520572906681,-0.0215797536846349,0.0116876302784683));
#9182=CARTESIAN_POINT('',(0.0261625562836236,-0.0212135980558751,0.01193750016));
#9183=CARTESIAN_POINT('',(0.026161449414849,-0.0213375577924738,0.0118506300640734));
#9184=CARTESIAN_POINT('',(0.0261580140573654,-0.0214591890403635,0.0117670529484589));
#9185=CARTESIAN_POINT('',(0.0261522502111729,-0.0215784917995442,0.0116867688131563));
#9186=CARTESIAN_POINT('',(0.0258093975132156,-0.0258093975132157,0.012));
#9187=CARTESIAN_POINT('',(0.0258093975132156,-0.0258093975132156,0.012));
#9188=CARTESIAN_POINT('',(0.0268700576849954,-0.0247487373414358,0.012));
#9189=CARTESIAN_POINT('',(0.0275032329949632,-0.0396719112175721,0.00529828643762691));
#9190=CARTESIAN_POINT('',(0.0422279220612891,-0.0249472221512461,0.00529828643762691));
#9191=CARTESIAN_POINT('',(0.0427279220613038,-0.0254472221512607,0.00600539321880113));
#9192=CARTESIAN_POINT('',(0.0254472221513898,-0.0427279220611455,0.00600539321881345));
#9193=CARTESIAN_POINT('',(0.0316363408783644,-0.0316362926020624,0.00904988586282886));
#9194=CARTESIAN_POINT('',(0.0313251696291513,-0.0319474726992,0.00904988088927052));
#9195=CARTESIAN_POINT('',(0.0305119785741987,-0.0323791401605028,0.00925014571540028));
#9196=CARTESIAN_POINT('',(0.0289605052801462,-0.0323268443168426,0.0100923467300389));
#9197=CARTESIAN_POINT('',(0.0273830298901907,-0.0315854756266727,0.0113111825533112));
#9198=CARTESIAN_POINT('',(0.0262357573643753,-0.0304449019114479,0.0125156443539627));
#9199=CARTESIAN_POINT('',(0.0255826678570518,-0.0292590734714864,0.0134857273007694));
#9200=CARTESIAN_POINT('',(0.0253332691536022,-0.0282923519565583,0.0141287116646407));
#9201=CARTESIAN_POINT('',(0.0253365346165507,-0.0276213327017014,0.0144825497945905));
#9202=CARTESIAN_POINT('',(0.0254953615862218,-0.0266734617502242,0.0149013080574784));
#9203=CARTESIAN_POINT('',(0.0260593175872068,-0.0258278136416083,0.0150514505500196));
#9204=CARTESIAN_POINT('',(0.0273483273398118,-0.025295229965447,0.014648985881218));
#9205=CARTESIAN_POINT('',(0.028728868366461,-0.0253435913296647,0.0138918397667777));
#9206=CARTESIAN_POINT('',(0.0303026533874775,-0.0260925906649828,0.0126658788003692));
#9207=CARTESIAN_POINT('',(0.0315854266672532,-0.0273831126708852,0.0113111763016033));
#9208=CARTESIAN_POINT('',(0.032327001117456,-0.028960357914421,0.0100923342568955));
#9209=CARTESIAN_POINT('',(0.032379006069477,-0.0305120595776773,0.00925017555675031));
#9210=CARTESIAN_POINT('',(0.0319475121275773,-0.0313251125049249,0.0090498908363872));
#9211=CARTESIAN_POINT('',(0.0316363408783644,-0.0316362926020624,0.00904988586282886));
#9212=CARTESIAN_POINT('',(0.0316382108673456,-0.0316381622666278,0.0090498853810068));
#9213=CARTESIAN_POINT('',(0.0313267600018228,-0.0319496219387951,0.00904988052959368));
#9214=CARTESIAN_POINT('',(0.0305130428615739,-0.0323818828511346,0.00925051474254214));
#9215=CARTESIAN_POINT('',(0.0289614149864127,-0.0323300670180632,0.0100941229964401));
#9216=CARTESIAN_POINT('',(0.0273847525157768,-0.0315884981025204,0.0113145446362284));
#9217=CARTESIAN_POINT('',(0.0262390717828239,-0.0304472627153301,0.0125197593890311));
#9218=CARTESIAN_POINT('',(0.0255876680342569,-0.0292609698938156,0.0134895425547395));
#9219=CARTESIAN_POINT('',(0.0253395264503357,-0.0282942838434743,0.0141315908109163));
#9220=CARTESIAN_POINT('',(0.0253433046047702,-0.0276238028950379,0.0144844731091095));
#9221=CARTESIAN_POINT('',(0.0255024724096685,-0.0266771750394278,0.0149017048673691));
#9222=CARTESIAN_POINT('',(0.0260647303890588,-0.025834180645406,0.0150508816558233));
#9223=CARTESIAN_POINT('',(0.0273507981912121,-0.0253024104910306,0.0146505415946966));
#9224=CARTESIAN_POINT('',(0.02873057960938,-0.0253493600481626,0.0138953933925342));
#9225=CARTESIAN_POINT('',(0.0303049270605058,-0.0260961005989783,0.0126701003201928));
#9226=CARTESIAN_POINT('',(0.031588449616075,-0.0273848367436862,0.0113145335007998));
#9227=CARTESIAN_POINT('',(0.0323302242854216,-0.0289612656895992,0.0100941137934888));
#9228=CARTESIAN_POINT('',(0.0323817480547103,-0.0305131248181313,0.00925054385102084));
#9229=CARTESIAN_POINT('',(0.0319496617328683,-0.0313267025944607,0.00904989023241991));
#9230=CARTESIAN_POINT('',(0.0316382108673456,-0.0316381622666278,0.0090498853810068));
#9231=CARTESIAN_POINT('',(0.0316400808563269,-0.0316400319311933,0.00904988489918473));
#9232=CARTESIAN_POINT('',(0.0313283503744945,-0.0319517711783901,0.00904988016991684));
#9233=CARTESIAN_POINT('',(0.030514107148949,-0.0323846255417664,0.00925088376968401));
#9234=CARTESIAN_POINT('',(0.0289623246926791,-0.0323332897192838,0.0100958992628413));
#9235=CARTESIAN_POINT('',(0.0273864751413628,-0.0315915205783679,0.0113179067191457));
#9236=CARTESIAN_POINT('',(0.0262423862012724,-0.0304496235192122,0.0125238744240994));
#9237=CARTESIAN_POINT('',(0.025592668211462,-0.0292628663161447,0.0134933578087097));
#9238=CARTESIAN_POINT('',(0.0253457837470693,-0.0282962157303904,0.0141344699571919));
#9239=CARTESIAN_POINT('',(0.0253500745929895,-0.0276262730883743,0.0144863964236285));
#9240=CARTESIAN_POINT('',(0.0255095832331151,-0.0266808883286314,0.0149021016772599));
#9241=CARTESIAN_POINT('',(0.026070143190911,-0.0258405476492037,0.0150503127616268));
#9242=CARTESIAN_POINT('',(0.0273532690426124,-0.025309591016614,0.0146520973081752));
#9243=CARTESIAN_POINT('',(0.0287322908522991,-0.0253551287666605,0.0138989470182906));
#9244=CARTESIAN_POINT('',(0.0303072007335341,-0.0260996105329738,0.0126743218400165));
#9245=CARTESIAN_POINT('',(0.0315914725648968,-0.0273865608164871,0.0113178906999962));
#9246=CARTESIAN_POINT('',(0.0323334474533873,-0.0289621734647773,0.010095893330082));
#9247=CARTESIAN_POINT('',(0.0323844900399437,-0.0305141900585854,0.00925091214529137));
#9248=CARTESIAN_POINT('',(0.0319518113381593,-0.0313282926839965,0.00904988962845263));
#9249=CARTESIAN_POINT('',(0.0316400808563269,-0.0316400319311933,0.00904988489918473));
#9250=CARTESIAN_POINT('',(0.0316419508453082,-0.0316419015957587,0.00904988441736267));
#9251=CARTESIAN_POINT('',(0.031329940747166,-0.0319539204179852,0.00904987981024));
#9252=CARTESIAN_POINT('',(0.0305151714363241,-0.0323873682323982,0.00925125279682588));
#9253=CARTESIAN_POINT('',(0.0289632343989456,-0.0323365124205044,0.0100976755292425));
#9254=CARTESIAN_POINT('',(0.0273881977669489,-0.0315945430542156,0.0113212688020629));
#9255=CARTESIAN_POINT('',(0.0262457006197209,-0.0304519843230944,0.0125279894591678));
#9256=CARTESIAN_POINT('',(0.025597668388667,-0.0292647627384739,0.0134971730626798));
#9257=CARTESIAN_POINT('',(0.0253520410438028,-0.0282981476173064,0.0141373491034675));
#9258=CARTESIAN_POINT('',(0.0253568445812089,-0.0276287432817108,0.0144883197381475));
#9259=CARTESIAN_POINT('',(0.0255166940565617,-0.0266846016178349,0.0149024984871506));
#9260=CARTESIAN_POINT('',(0.0260755559927631,-0.0258469146530014,0.0150497438674305));
#9261=CARTESIAN_POINT('',(0.0273557398940128,-0.0253167715421976,0.0146536530216538));
#9262=CARTESIAN_POINT('',(0.0287340020952181,-0.0253608974851583,0.0139025006440471));
#9263=CARTESIAN_POINT('',(0.0303094744065624,-0.0261031204669693,0.0126785433598402));
#9264=CARTESIAN_POINT('',(0.0315944955137186,-0.0273882848892881,0.0113212478991926));
#9265=CARTESIAN_POINT('',(0.032336670621353,-0.0289630812399555,0.0100976728666753));
#9266=CARTESIAN_POINT('',(0.032387232025177,-0.0305152552990395,0.0092512804395619));
#9267=CARTESIAN_POINT('',(0.0319539609434503,-0.0313298827735323,0.00904988902448534));
#9268=CARTESIAN_POINT('',(0.0316419508453082,-0.0316419015957587,0.00904988441736267));
#9269=CARTESIAN_POINT('',(0.0316948501092764,-0.0316947916824751,0.00904987078731845));
#9270=CARTESIAN_POINT('',(0.0313749300730945,-0.0320147192749879,0.0090498696355062));
#9271=CARTESIAN_POINT('',(0.0305452785756483,-0.0324649549546561,0.00926169203704849));
#9272=CARTESIAN_POINT('',(0.0289889686639094,-0.0324276779430104,0.0101479235179614));
#9273=CARTESIAN_POINT('',(0.0274369283351549,-0.0316800444926211,0.0114163772297074));
#9274=CARTESIAN_POINT('',(0.0263394606889859,-0.0305187680255601,0.0126443978062219));
#9275=CARTESIAN_POINT('',(0.0257391161172397,-0.029318409763344,0.0136051010392041));
#9276=CARTESIAN_POINT('',(0.0255290508523895,-0.0283527978836719,0.0142187959570912));
#9277=CARTESIAN_POINT('',(0.0255483576850103,-0.0276986214524735,0.0145427275038898));
#9278=CARTESIAN_POINT('',(0.0257178488923926,-0.0267896451596611,0.0149137236608633));
#9279=CARTESIAN_POINT('',(0.0262286762714651,-0.0260270279146053,0.0150336506794146));
#9280=CARTESIAN_POINT('',(0.0274256366804441,-0.0255198981499354,0.014697661889507));
#9281=CARTESIAN_POINT('',(0.0287824106643563,-0.0255240861272481,0.0140030275395622));
#9282=CARTESIAN_POINT('',(0.0303737933041096,-0.0262024113862198,0.0127979640054889));
#9283=CARTESIAN_POINT('',(0.0316800103318741,-0.0274370563970946,0.0114162181734901));
#9284=CARTESIAN_POINT('',(0.0324278493473974,-0.028988760877245,0.0101480133643629));
#9285=CARTESIAN_POINT('',(0.0324647987927395,-0.0305453893995793,0.00926169894792203));
#9286=CARTESIAN_POINT('',(0.0320147701454583,-0.0313748640899623,0.00904987193913071));
#9287=CARTESIAN_POINT('',(0.0316948501092764,-0.0316947916824751,0.00904987078731845));
#9288=CARTESIAN_POINT('',(0.0318006413585237,-0.0318005649803275,0.00903299329876829));
#9289=CARTESIAN_POINT('',(0.0314631180301309,-0.0321380924493949,0.00903299522689681));
#9290=CARTESIAN_POINT('',(0.030600150328098,-0.0326254529840362,0.00926367145777981));
#9291=CARTESIAN_POINT('',(0.0290230125228737,-0.0326273908826622,0.0102252771982993));
#9292=CARTESIAN_POINT('',(0.0274966971052534,-0.0318886562956534,0.0115902366352584));
#9293=CARTESIAN_POINT('',(0.0264699438560379,-0.030709231987693,0.0128877966065574));
#9294=CARTESIAN_POINT('',(0.0259562372868344,-0.0294912278543548,0.0138715410636533));
#9295=CARTESIAN_POINT('',(0.0258197009391239,-0.0285251418478194,0.0144705696663316));
#9296=CARTESIAN_POINT('',(0.0258778058238796,-0.0278915510926252,0.014767055485776));
#9297=CARTESIAN_POINT('',(0.0260875355411315,-0.0270319685498391,0.0150874864621757));
#9298=CARTESIAN_POINT('',(0.0265420499887335,-0.0263795560750707,0.0151690787065463));
#9299=CARTESIAN_POINT('',(0.0276170926023487,-0.025874073990899,0.0149132242775517));
#9300=CARTESIAN_POINT('',(0.0289474666426413,-0.0257819090301905,0.0142740766019075));
#9301=CARTESIAN_POINT('',(0.0305617377499808,-0.026341517914116,0.0130505137377486));
#9302=CARTESIAN_POINT('',(0.0318886997667514,-0.0274968862256243,0.0115899358624446));
#9303=CARTESIAN_POINT('',(0.0326275549671826,-0.0290227186294753,0.0102254748380513));
#9304=CARTESIAN_POINT('',(0.0326252902984543,-0.030600288169632,0.00926365988900868));
#9305=CARTESIAN_POINT('',(0.0321381646869164,-0.0314630375112602,0.00903299137063977));
#9306=CARTESIAN_POINT('',(0.0318006413585237,-0.0318005649803275,0.00903299329876829));
#9307=CARTESIAN_POINT('',(0.0319387947294218,-0.0319387151747176,0.00896460881978707));
#9308=CARTESIAN_POINT('',(0.0315733686162898,-0.0323041435099238,0.00896460941954267));
#9309=CARTESIAN_POINT('',(0.0306558651944926,-0.0328485930048285,0.00921479827620052));
#9310=CARTESIAN_POINT('',(0.0290170410819442,-0.0329241937135636,0.0102600132827818));
#9311=CARTESIAN_POINT('',(0.0274637964887601,-0.0322338275502264,0.0117502582114355));
#9312=CARTESIAN_POINT('',(0.0264544083133476,-0.031067075275464,0.0131774960334122));
#9313=CARTESIAN_POINT('',(0.0259879696135769,-0.0298379954325081,0.0142690692869367));
#9314=CARTESIAN_POINT('',(0.0259066765531974,-0.0288522440430889,0.0149395151319965));
#9315=CARTESIAN_POINT('',(0.0260101248834822,-0.0282006762549532,0.0152739090245497));
#9316=CARTESIAN_POINT('',(0.0262887007499951,-0.0273122718413671,0.0156367985275396));
#9317=CARTESIAN_POINT('',(0.0268003138078256,-0.0266254913493469,0.0157307526702288));
#9318=CARTESIAN_POINT('',(0.0279187036993108,-0.0260250125572698,0.0154386756802591));
#9319=CARTESIAN_POINT('',(0.0292869542551661,-0.025837897953807,0.0147172433531007));
#9320=CARTESIAN_POINT('',(0.0309210390381082,-0.0263280718073713,0.0133563959720656));
#9321=CARTESIAN_POINT('',(0.0322338863411651,-0.0274640417915991,0.0117499666657874));
#9322=CARTESIAN_POINT('',(0.0329243546978117,-0.0290167049536059,0.0102601937819285));
#9323=CARTESIAN_POINT('',(0.0328484218732844,-0.0306560229935908,0.00921479467766694));
#9324=CARTESIAN_POINT('',(0.0323042208425537,-0.0315732868395113,0.00896460822003147));
#9325=CARTESIAN_POINT('',(0.0319387947294218,-0.0319387151747176,0.00896460881978707));
#9326=CARTESIAN_POINT('',(0.0320530848454156,-0.0320530087023627,0.00886925564833632));
#9327=CARTESIAN_POINT('',(0.0316604799260591,-0.0324456184155961,0.00886925291315223));
#9328=CARTESIAN_POINT('',(0.030687742389931,-0.0330435392497573,0.00913198909525278));
#9329=CARTESIAN_POINT('',(0.028969546926898,-0.0331896907661171,0.0102333193935926));
#9330=CARTESIAN_POINT('',(0.0273466674896165,-0.0325513368713796,0.0118155420014151));
#9331=CARTESIAN_POINT('',(0.0262892291124534,-0.0314037200594,0.0133548823289826));
#9332=CARTESIAN_POINT('',(0.0257987228541364,-0.0301581550978754,0.0145628716582016));
#9333=CARTESIAN_POINT('',(0.0257144561384139,-0.0291303015663114,0.0153335928540287));
#9334=CARTESIAN_POINT('',(0.0258362625136319,-0.0284226000515353,0.0157378197480719));
#9335=CARTESIAN_POINT('',(0.0261611258331009,-0.0274298806060529,0.0161970506478861));
#9336=CARTESIAN_POINT('',(0.026806657857632,-0.0265734948063398,0.0163403167014727));
#9337=CARTESIAN_POINT('',(0.0281278914899776,-0.0258493519579682,0.0159324178092185));
#9338=CARTESIAN_POINT('',(0.0295961869920831,-0.0256399792153794,0.0150637378289643));
#9339=CARTESIAN_POINT('',(0.0312602669525384,-0.0261570140630133,0.01354737404834));
#9340=CARTESIAN_POINT('',(0.0325513575350681,-0.0273468489718006,0.0118153805323502));
#9341=CARTESIAN_POINT('',(0.0331898651842966,-0.0289692617757262,0.0102334116722656));
#9342=CARTESIAN_POINT('',(0.0330433719060697,-0.0306878809703574,0.00913200550635736));
#9343=CARTESIAN_POINT('',(0.032445689764772,-0.0316603989891294,0.00886925838352042));
#9344=CARTESIAN_POINT('',(0.0320530848454156,-0.0320530087023627,0.00886925564833632));
#9345=CARTESIAN_POINT('',(0.032113905401591,-0.0321138378720895,0.00879661245592528));
#9346=CARTESIAN_POINT('',(0.031704516122924,-0.0325232333505569,0.00879660683203898));
#9347=CARTESIAN_POINT('',(0.0306963135370851,-0.033152822512162,0.00906432185016612));
#9348=CARTESIAN_POINT('',(0.0289205374853177,-0.0333384559568855,0.010188717196426));
#9349=CARTESIAN_POINT('',(0.0272373740974871,-0.0327271189264848,0.0118111647745434));
#9350=CARTESIAN_POINT('',(0.0261256202216289,-0.0315851615309098,0.0134048131195749));
#9351=CARTESIAN_POINT('',(0.0255933803798736,-0.0303198310470716,0.014675891051552));
#9352=CARTESIAN_POINT('',(0.0254849760843285,-0.0292531468107701,0.015506825907783));
#9353=CARTESIAN_POINT('',(0.0256061880860562,-0.0284960218491114,0.0159564806687919));
#9354=CARTESIAN_POINT('',(0.0259474595800407,-0.0274126204170554,0.0164812734839886));
#9355=CARTESIAN_POINT('',(0.0266935087178008,-0.0264117806044247,0.016661405386885));
#9356=CARTESIAN_POINT('',(0.0281899159092871,-0.0256108173768633,0.0161696720549136));
#9357=CARTESIAN_POINT('',(0.0297464579953763,-0.0254168845266796,0.01520612952067));
#9358=CARTESIAN_POINT('',(0.0314426059554364,-0.025986777146676,0.013603784894619));
#9359=CARTESIAN_POINT('',(0.0327270826794167,-0.0272375383550247,0.0118111017050044));
#9360=CARTESIAN_POINT('',(0.0333386514942013,-0.0289202945627917,0.0101887381491097));
#9361=CARTESIAN_POINT('',(0.0331526492090873,-0.0306964496413574,0.00906435559348398));
#9362=CARTESIAN_POINT('',(0.032523294680258,-0.031704442393622,0.00879661807981159));
#9363=CARTESIAN_POINT('',(0.032113905401591,-0.0321138378720895,0.00879661245592528));
#9364=CARTESIAN_POINT('',(0.0321419591926894,-0.0321418932483775,0.00875695201799418));
#9365=CARTESIAN_POINT('',(0.0317241814809255,-0.0325596796842257,0.00875694584913501));
#9366=CARTESIAN_POINT('',(0.0306978499454642,-0.0332046897232582,0.00902658086507205));
#9367=CARTESIAN_POINT('',(0.0288914923613933,-0.0334082544580567,0.0101599265576299));
#9368=CARTESIAN_POINT('',(0.0271752578877512,-0.0328074829334134,0.0117982972110674));
#9369=CARTESIAN_POINT('',(0.0260327711784711,-0.0316649137643442,0.0134140757180384));
#9370=CARTESIAN_POINT('',(0.0254761269734455,-0.0303863041536954,0.0147117961363002));
#9371=CARTESIAN_POINT('',(0.0253527009465989,-0.0292974877145104,0.0155689810044735));
#9372=CARTESIAN_POINT('',(0.0254717770048527,-0.0285138108580671,0.0160389247356552));
#9373=CARTESIAN_POINT('',(0.0258187436224476,-0.027382552051949,0.0165935030605916));
#9374=CARTESIAN_POINT('',(0.0266143087622143,-0.0263081618835502,0.0167906621291019));
#9375=CARTESIAN_POINT('',(0.0282013277502527,-0.0254711836859577,0.0162603032000111));
#9376=CARTESIAN_POINT('',(0.029805714740991,-0.0252891848393854,0.015254522897792));
#9377=CARTESIAN_POINT('',(0.0315224157522562,-0.0258901791212755,0.0136156648392777));
#9378=CARTESIAN_POINT('',(0.0328074125687069,-0.0271753678342999,0.0117982692224784));
#9379=CARTESIAN_POINT('',(0.0334084654317594,-0.0288912864295491,0.0101599229924975));
#9380=CARTESIAN_POINT('',(0.0332045162160478,-0.0306979711081688,0.00902661787822706));
#9381=CARTESIAN_POINT('',(0.0325597369044534,-0.0317241068125293,0.00875695818685335));
#9382=CARTESIAN_POINT('',(0.0321419591926894,-0.0321418932483775,0.00875695201799418));
#9383=CARTESIAN_POINT('',(0.0321432683696073,-0.032143202499271,0.0087551011975574));
#9384=CARTESIAN_POINT('',(0.0317250991976323,-0.0325613805131302,0.00875509500326616));
#9385=CARTESIAN_POINT('',(0.0306979216445219,-0.0332071101931093,0.00902481961910099));
#9386=CARTESIAN_POINT('',(0.0288901369222768,-0.0334115117214447,0.0101585829944861));
#9387=CARTESIAN_POINT('',(0.0271723591312969,-0.0328112332537367,0.0117976967247718));
#9388=CARTESIAN_POINT('',(0.0260284382231237,-0.0316686355352378,0.0134145079726334));
#9389=CARTESIAN_POINT('',(0.0254706551478122,-0.0303894062320045,0.0147134717069218));
#9390=CARTESIAN_POINT('',(0.0253465281068382,-0.0292995569566849,0.0155718815756524));
#9391=CARTESIAN_POINT('',(0.0254655044877299,-0.0285146410118183,0.0160427721254422));
#9392=CARTESIAN_POINT('',(0.0258127368777599,-0.0273811488615774,0.016598740440833));
#9393=CARTESIAN_POINT('',(0.026610612764287,-0.0263033263432427,0.0167966941104053));
#9394=CARTESIAN_POINT('',(0.0282018603028311,-0.0254646674470488,0.016264532653449));
#9395=CARTESIAN_POINT('',(0.0298084800557863,-0.025283225520645,0.0152567812553911));
#9396=CARTESIAN_POINT('',(0.0315261402094411,-0.0258856712134235,0.0136162192366951));
#9397=CARTESIAN_POINT('',(0.0328111612968738,-0.0271724665433327,0.0117976703732939));
#9398=CARTESIAN_POINT('',(0.0334117234155121,-0.0288899327166645,0.0101585782851889));
#9399=CARTESIAN_POINT('',(0.0332069366763727,-0.0306980421099534,0.0090248567848484));
#9400=CARTESIAN_POINT('',(0.0325614375415825,-0.0317250244854117,0.00875510739184863));
#9401=CARTESIAN_POINT('',(0.0321432683696073,-0.032143202499271,0.0087551011975574));
#9402=CARTESIAN_POINT('',(0.0321445775465252,-0.0321445117501644,0.00875325037712061));
#9403=CARTESIAN_POINT('',(0.031726016914339,-0.0325630813420348,0.00875324415739731));
#9404=CARTESIAN_POINT('',(0.0306979933435796,-0.0332095306629605,0.00902305837312994));
#9405=CARTESIAN_POINT('',(0.0288887814831604,-0.0334147689848327,0.0101572394313423));
#9406=CARTESIAN_POINT('',(0.0271694603748425,-0.03281498357406,0.0117970962384763));
#9407=CARTESIAN_POINT('',(0.0260241052677764,-0.0316723573061314,0.0134149402272283));
#9408=CARTESIAN_POINT('',(0.0254651833221789,-0.0303925083103136,0.0147151472775434));
#9409=CARTESIAN_POINT('',(0.0253403552670775,-0.0293016261988595,0.0155747821468313));
#9410=CARTESIAN_POINT('',(0.0254592319706071,-0.0285154711655696,0.0160466195152291));
#9411=CARTESIAN_POINT('',(0.0258067301330723,-0.0273797456712058,0.0166039778210746));
#9412=CARTESIAN_POINT('',(0.0266069167663596,-0.0262984908029353,0.0168027260917088));
#9413=CARTESIAN_POINT('',(0.0282023928554095,-0.0254581512081399,0.0162687621068868));
#9414=CARTESIAN_POINT('',(0.0298112453705817,-0.0252772662019046,0.01525903961299));
#9415=CARTESIAN_POINT('',(0.0315298646666261,-0.0258811633055714,0.0136167736341125));
#9416=CARTESIAN_POINT('',(0.0328149100250407,-0.0271695652523656,0.0117970715241093));
#9417=CARTESIAN_POINT('',(0.0334149813992649,-0.0288885790037798,0.0101572335778804));
#9418=CARTESIAN_POINT('',(0.0332093571366975,-0.0306981131117379,0.00902309569146975));
#9419=CARTESIAN_POINT('',(0.0325631381787116,-0.031725942158294,0.00875325659684391));
#9420=CARTESIAN_POINT('',(0.0321445775465252,-0.0321445117501644,0.00875325037712061));
#9421=CARTESIAN_POINT('',(0.0321458867234432,-0.0321458210010578,0.00875139955668383));
#9422=CARTESIAN_POINT('',(0.0317269346310457,-0.0325647821709394,0.00875139331152845));
#9423=CARTESIAN_POINT('',(0.0306980650426373,-0.0332119511328116,0.00902129712715888));
#9424=CARTESIAN_POINT('',(0.0288874260440439,-0.0334180262482207,0.0101558958681984));
#9425=CARTESIAN_POINT('',(0.0271665616183882,-0.0328187338943834,0.0117964957521808));
#9426=CARTESIAN_POINT('',(0.026019772312429,-0.031676079077025,0.0134153724818233));
#9427=CARTESIAN_POINT('',(0.0254597114965456,-0.0303956103886228,0.0147168228481649));
#9428=CARTESIAN_POINT('',(0.0253341824273167,-0.0293036954410341,0.0155776827180102));
#9429=CARTESIAN_POINT('',(0.0254529594534842,-0.0285163013193209,0.0160504669050161));
#9430=CARTESIAN_POINT('',(0.0258007233883846,-0.0273783424808341,0.016609215201316));
#9431=CARTESIAN_POINT('',(0.0266032207684322,-0.0262936552626277,0.0168087580730122));
#9432=CARTESIAN_POINT('',(0.0282029254079879,-0.0254516349692309,0.0162729915603247));
#9433=CARTESIAN_POINT('',(0.029814010685377,-0.0252713068831642,0.0152612979705891));
#9434=CARTESIAN_POINT('',(0.031533589123811,-0.0258766553977194,0.0136173280315299));
#9435=CARTESIAN_POINT('',(0.0328186587532076,-0.0271666639613984,0.0117964726749248));
#9436=CARTESIAN_POINT('',(0.0334182393830176,-0.0288872252908952,0.0101558888705718));
#9437=CARTESIAN_POINT('',(0.0332117775970222,-0.0306981841135224,0.00902133459809109));
#9438=CARTESIAN_POINT('',(0.0325648388158408,-0.0317268598311764,0.0087514058018392));
#9439=CARTESIAN_POINT('',(0.0321458867234432,-0.0321458210010578,0.00875139955668383));
#9440=CARTESIAN_POINT('',(0.0326338690752491,-0.0315861591929849,0.00880208252340793));
#9441=CARTESIAN_POINT('',(0.0321734820466474,-0.0321395599551932,0.00873631188163119));
#9442=CARTESIAN_POINT('',(0.0316271056747856,-0.032602170337092,0.0087955433811669));
#9443=CARTESIAN_POINT('',(0.0309692881263206,-0.0329796751420982,0.00899375442291957));
#9444=CARTESIAN_POINT('',(0.0302085805486248,-0.0332325598527474,0.00935283941584992));
#9445=CARTESIAN_POINT('',(0.0293917716084223,-0.0333267294956712,0.0098638225633075));
#9446=CARTESIAN_POINT('',(0.0285752134187155,-0.033251577552214,0.0104943568453205));
#9447=CARTESIAN_POINT('',(0.0278032203104852,-0.033010135298219,0.0112109638622442));
#9448=CARTESIAN_POINT('',(0.0271656144035878,-0.0326673637558805,0.0119041954047214));
#9449=CARTESIAN_POINT('',(0.0265912629815706,-0.0322091381150597,0.0126343376479518));
#9450=CARTESIAN_POINT('',(0.0261043155484587,-0.031642751479605,0.0133791573106901));
#9451=CARTESIAN_POINT('',(0.0257328243231136,-0.0310007573625497,0.0140957996689345));
#9452=CARTESIAN_POINT('',(0.0254657459466201,-0.03022234496921,0.0148350732819515));
#9453=CARTESIAN_POINT('',(0.0253706394113402,-0.0293933461573904,0.0154885144394163));
#9454=CARTESIAN_POINT('',(0.0254471120827065,-0.0285732395146737,0.0160143430632789));
#9455=CARTESIAN_POINT('',(0.0256845954778238,-0.0278039735508324,0.0163903701237404));
#9456=CARTESIAN_POINT('',(0.0260572218960515,-0.0271230612381129,0.0166083611702797));
#9457=CARTESIAN_POINT('',(0.0265143210650263,-0.0265678673993214,0.0166777245765053));
#9458=CARTESIAN_POINT('',(0.027058338938228,-0.0261022915388192,0.0166222576973957));
#9459=CARTESIAN_POINT('',(0.0277274302228215,-0.0257181007031391,0.0164208026580059));
#9460=CARTESIAN_POINT('',(0.0284888906288347,-0.0254649217308179,0.0160613934094911));
#9461=CARTESIAN_POINT('',(0.0293057114465202,-0.025370763817694,0.0155503935691635));
#9462=CARTESIAN_POINT('',(0.030122277849649,-0.0254459114892911,0.0149198565000454));
#9463=CARTESIAN_POINT('',(0.0308942693327131,-0.0256873549454309,0.014203249782243));
#9464=CARTESIAN_POINT('',(0.0315318756947194,-0.0260301261757465,0.0135100181385888));
#9465=CARTESIAN_POINT('',(0.0321062269810328,-0.026488351924333,0.0127798759151136));
#9466=CARTESIAN_POINT('',(0.0325931745099592,-0.0270547384392354,0.0120350562698676));
#9467=CARTESIAN_POINT('',(0.0329646654859898,-0.0276967329368922,0.0113184138187892));
#9468=CARTESIAN_POINT('',(0.0332317447921603,-0.0284751438842157,0.0105791405708791));
#9469=CARTESIAN_POINT('',(0.0333268479848898,-0.0293041479022859,0.00992569809557922));
#9470=CARTESIAN_POINT('',(0.0332503876289642,-0.0301242353609358,0.00939987432856879));
#9471=CARTESIAN_POINT('',(0.0330128582832129,-0.0308935729037145,0.00902382914616018));
#9472=CARTESIAN_POINT('',(0.0326338690752491,-0.0315861591929849,0.00880208252340793));
#9473=CARTESIAN_POINT('',(0.0321734820466474,-0.0321395599551932,0.00873631188163119));
#9474=CARTESIAN_POINT('',(0.0316271056747856,-0.032602170337092,0.0087955433811669));
#9475=CARTESIAN_POINT('',(0.0321418167864306,-0.0321418167864307,0.00875710678118654));
#9476=CARTESIAN_POINT('',(0.0295,-0.0122193000900063,0.0052982864376269));
#9477=CARTESIAN_POINT('',(0.0474999999999014,-0.0122193000900699,0.0052982864376269));
#9478=CARTESIAN_POINT('',(0.0482071067811374,-0.01221930009006,0.00600539321879737));
#9479=CARTESIAN_POINT('',(0.0295,-0.0122193000900063,0.00600539321876417));
#9480=CARTESIAN_POINT('',(0.0485434849351671,-0.010752462703278,0.00632933547828209));
#9481=CARTESIAN_POINT('',(0.0484338033192759,-0.0112546019051484,0.00621787400067012));
#9482=CARTESIAN_POINT('',(0.0483167639938709,-0.0117535093868488,0.00609894331821377));
#9483=CARTESIAN_POINT('',(0.0481926393202377,-0.012248706238286,0.00597282237744294));
#9484=CARTESIAN_POINT('',(0.0485445670353113,-0.0107524591512418,0.00632825494246204));
#9485=CARTESIAN_POINT('',(0.0484348823864262,-0.0112545982877067,0.00621679651180164));
#9486=CARTESIAN_POINT('',(0.0483178400727861,-0.0117535055507076,0.00609786919498927));
#9487=CARTESIAN_POINT('',(0.0481937119855785,-0.0122487023457228,0.00597175167919271));
#9488=CARTESIAN_POINT('',(0.0485456491354554,-0.0107524555992056,0.00632717440664198));
#9489=CARTESIAN_POINT('',(0.0484359614535764,-0.011254594670265,0.00621571902293315));
#9490=CARTESIAN_POINT('',(0.0483189161517014,-0.0117535017145664,0.00609679507176477));
#9491=CARTESIAN_POINT('',(0.0481947846509193,-0.0122486984531597,0.00597068098094249));
#9492=CARTESIAN_POINT('',(0.0485467312355995,-0.0107524520471694,0.00632609387082192));
#9493=CARTESIAN_POINT('',(0.0484370405207266,-0.0112545910528233,0.00621464153406467));
#9494=CARTESIAN_POINT('',(0.0483199922306166,-0.0117534978784252,0.00609572094854027));
#9495=CARTESIAN_POINT('',(0.0481958573162601,-0.0122486945605965,0.00596961028269226));
#9496=CARTESIAN_POINT('',(0.0487266142863438,-0.0107518615739923,0.00614647086568017));
#9497=CARTESIAN_POINT('',(0.048616419381357,-0.0112539897069591,0.00603552503929327));
#9498=CARTESIAN_POINT('',(0.0484988743416373,-0.0117528601770194,0.00591716394201121));
#9499=CARTESIAN_POINT('',(0.0483741719713131,-0.0122480474798803,0.00579162262718325));
#9500=CARTESIAN_POINT('',(0.0488370775491042,-0.0107211361258069,0.00589939941062273));
#9501=CARTESIAN_POINT('',(0.0487270987076859,-0.0112220736550371,0.00578964907978996));
#9502=CARTESIAN_POINT('',(0.0486097754088086,-0.0117198112195166,0.00567254583888937));
#9503=CARTESIAN_POINT('',(0.04848529351509,-0.0122139250406651,0.00554832784745372));
#9504=CARTESIAN_POINT('',(0.0488485745339031,-0.0106684940833144,0.00565096567844742));
#9505=CARTESIAN_POINT('',(0.0487396272591686,-0.0111673385339533,0.00554243572732325));
#9506=CARTESIAN_POINT('',(0.0486233444767809,-0.0116630980934608,0.00542660630516896));
#9507=CARTESIAN_POINT('',(0.0484999851379339,-0.0121553050813293,0.00530373840160741));
#9508=CARTESIAN_POINT('',(0.0485467312355995,-0.0107524520471694,0.00632609387082192));
#9509=CARTESIAN_POINT('',(0.0487266142863438,-0.0107518615739923,0.00614647086568017));
#9510=CARTESIAN_POINT('',(0.0488370775491042,-0.0107211361258069,0.00589939941062273));
#9511=CARTESIAN_POINT('',(0.0488485745339031,-0.0106684940833144,0.00565096567844742));
#9512=CARTESIAN_POINT('',(0.0485467312355995,-0.0107524520471694,0.00632609387082191));
#9513=CARTESIAN_POINT('',(0.0482191324191168,-0.0121554496206074,0.00599325601127917));
#9514=CARTESIAN_POINT('',(0.0483347161730611,-0.0116908536561264,0.00611058611291012));
#9515=CARTESIAN_POINT('',(0.0484439506466713,-0.0112230746542524,0.00622156693420702));
#9516=CARTESIAN_POINT('',(0.0485467536214333,-0.0107524619103831,0.00632611625665567));
#9517=CARTESIAN_POINT('',(0.0482191365791882,-0.0121554517062451,0.00599326017170235));
#9518=CARTESIAN_POINT('',(0.0484999851013145,-0.0121553052273493,0.00530374511411587));
#9519=CARTESIAN_POINT('',(0.0484985882854912,-0.0121608785590111,0.00555963040340964));
#9520=CARTESIAN_POINT('',(0.0483967691976825,-0.0121679798380222,0.00580935028221327));
#9521=CARTESIAN_POINT('',(0.0482190772474587,-0.0121556569316507,0.00599321658678647));
#9522=CARTESIAN_POINT('',(0.0485941038617051,-0.0105636121619694,0.00636112165976071));
#9523=CARTESIAN_POINT('',(0.048576278263677,-0.0106264237783434,0.00635179362354746));
#9524=CARTESIAN_POINT('',(0.0485604895675622,-0.0106894695500709,0.00634007316021666));
#9525=CARTESIAN_POINT('',(0.0485467312355995,-0.0107524520471694,0.00632609387082191));
#9526=CARTESIAN_POINT('',(0.0487656669657338,-0.010586032371854,0.00617986623743228));
#9527=CARTESIAN_POINT('',(0.0487506877931085,-0.0106411369149856,0.0061709823248492));
#9528=CARTESIAN_POINT('',(0.0487376367623579,-0.0106965099553337,0.00615979205810702));
#9529=CARTESIAN_POINT('',(0.0487266142863438,-0.0107518615739923,0.00614647086568016));
#9530=CARTESIAN_POINT('',(0.0488698188453019,-0.010579578622874,0.00593302752585378));
#9531=CARTESIAN_POINT('',(0.0488571656917099,-0.010626627958753,0.00592411236734614));
#9532=CARTESIAN_POINT('',(0.0488462145478593,-0.0106739098016947,0.00591284792111367));
#9533=CARTESIAN_POINT('',(0.0488370775491042,-0.0107211361258069,0.00589939941062272));
#9534=CARTESIAN_POINT('',(0.0488794295030458,-0.0105459320195235,0.00568490329499476));
#9535=CARTESIAN_POINT('',(0.0488677855462175,-0.0105866971375072,0.00567593492156713));
#9536=CARTESIAN_POINT('',(0.0488575023884226,-0.0106276154959977,0.00566457841765868));
#9537=CARTESIAN_POINT('',(0.0488485745339031,-0.0106684940833144,0.00565096567844741));
#9538=CARTESIAN_POINT('',(0.0485889569685842,-0.0105629395556729,0.00636655932243056));
#9539=CARTESIAN_POINT('',(0.0485906725996245,-0.0105631637577717,0.00636474676820728));
#9540=CARTESIAN_POINT('',(0.0485923882306648,-0.0105633879598706,0.00636293421398399));
#9541=CARTESIAN_POINT('',(0.0485941038617051,-0.0105636121619694,0.00636112165976071));
#9542=CARTESIAN_POINT('',(0.0487656669657338,-0.010586032371854,0.00617986623743228));
#9543=CARTESIAN_POINT('',(0.0488698188453019,-0.010579578622874,0.00593302752585378));
#9544=CARTESIAN_POINT('',(0.0488794295030458,-0.0105459320195235,0.00568490329499476));
#9545=CARTESIAN_POINT('',(0.0485941255248764,-0.010563621609077,0.00636114367641649));
#9546=CARTESIAN_POINT('',(0.0485467536214333,-0.0107524619103831,0.00632611625665567));
#9547=CARTESIAN_POINT('',(0.0485606121273476,-0.0106890496488619,0.00634019723659043));
#9548=CARTESIAN_POINT('',(0.04857640826476,-0.0106261049232343,0.00635187842828057));
#9549=CARTESIAN_POINT('',(0.0485941475412013,-0.0105636310577147,0.00636116533925693));
#9550=CARTESIAN_POINT('',(0.0488794295029936,-0.0105459320197066,0.0056849032949545));
#9551=CARTESIAN_POINT('',(0.0489774975593977,-0.0102025989113726,0.00576043697818696));
#9552=CARTESIAN_POINT('',(0.0492947432596386,-0.00968828326463504,0.00598483265900548));
#9553=CARTESIAN_POINT('',(0.0498537022249065,-0.00931122672265194,0.00640623573731447));
#9554=CARTESIAN_POINT('',(0.0502461431725141,-0.00916692069243176,0.00677073241463193));
#9555=CARTESIAN_POINT('',(0.0503956390308687,-0.0091369259109824,0.00707012063985268));
#9556=CARTESIAN_POINT('',(0.0504180187130612,-0.0091325416468591,0.00724714466711347));
#9557=CARTESIAN_POINT('',(0.0488698188453034,-0.0105795786228808,0.00593302752586246));
#9558=CARTESIAN_POINT('',(0.0489572262334443,-0.0102500919286945,0.00599216542461548));
#9559=CARTESIAN_POINT('',(0.0492481343954129,-0.00973677163759054,0.00616679565273817));
#9560=CARTESIAN_POINT('',(0.0498062147041962,-0.00933447596910067,0.00651194319462805));
#9561=CARTESIAN_POINT('',(0.0502055926935931,-0.0091784201442939,0.00682209382484052));
#9562=CARTESIAN_POINT('',(0.0503505150573279,-0.00914639310670874,0.00709231062968747));
#9563=CARTESIAN_POINT('',(0.0503649660996199,-0.00914293485386522,0.0072575912760737));
#9564=CARTESIAN_POINT('',(0.0487656669657684,-0.0105860323716894,0.00617986623748919));
#9565=CARTESIAN_POINT('',(0.0488584535427108,-0.0102564822696408,0.00622302857240751));
#9566=CARTESIAN_POINT('',(0.0491674236580396,-0.00974297146247074,0.00634868467616411));
#9567=CARTESIAN_POINT('',(0.0497513230330865,-0.00934048046943468,0.00661767179338442));
#9568=CARTESIAN_POINT('',(0.0501638226858215,-0.00918434690127875,0.00687347601482841));
#9569=CARTESIAN_POINT('',(0.0503046424124086,-0.00915230785483555,0.00711450038388486));
#9570=CARTESIAN_POINT('',(0.0503110378886532,-0.00914885504742969,0.00726803775557683));
#9571=CARTESIAN_POINT('',(0.048594103861748,-0.0105636121616825,0.00636112165984182));
#9572=CARTESIAN_POINT('',(0.0487040999850478,-0.0102202790533484,0.00639954938176785));
#9573=CARTESIAN_POINT('',(0.0490632578302127,-0.00970596340661085,0.00650723435738978));
#9574=CARTESIAN_POINT('',(0.0496917226904126,-0.00932890686462779,0.00671866384799691));
#9575=CARTESIAN_POINT('',(0.0501215244287025,-0.00918460083440765,0.00692430084219288));
#9576=CARTESIAN_POINT('',(0.0502584962141089,-0.00915460605295829,0.00713641706528819));
#9577=CARTESIAN_POINT('',(0.0502569668123062,-0.00915022178883499,0.00727834216745738));
#9578=CARTESIAN_POINT('',(0.0502569668123061,-0.00915022178883501,0.00727834216745738));
#9579=CARTESIAN_POINT('',(0.0502575631901793,-0.00915193139719869,0.00722299962082682));
#9580=CARTESIAN_POINT('',(0.0502413814649065,-0.00915679921936916,0.00712105164984395));
#9581=CARTESIAN_POINT('',(0.0501304887483421,-0.00918617278407248,0.00696887167886509));
#9582=CARTESIAN_POINT('',(0.0500403776720251,-0.00921200309465124,0.00689775354950979));
#9583=CARTESIAN_POINT('',(0.0498644646069918,-0.00927409654546956,0.0068008197050949));
#9584=CARTESIAN_POINT('',(0.0497802226932023,-0.0093076341662745,0.00676638989205943));
#9585=CARTESIAN_POINT('',(0.0495308467513946,-0.00942841609012719,0.00666540984414176));
#9586=CARTESIAN_POINT('',(0.0493488425015189,-0.00954504206372852,0.00660379297015119));
#9587=CARTESIAN_POINT('',(0.0490541822472042,-0.00979061950217289,0.00650794565772646));
#9588=CARTESIAN_POINT('',(0.0487821493319611,-0.010123068089597,0.00642125623270317));
#9589=CARTESIAN_POINT('',(0.0486491319469898,-0.0103918518942754,0.00638034600970396));
#9590=CARTESIAN_POINT('',(0.048594103861748,-0.0105636121616825,0.00636112165984186));
#9591=CARTESIAN_POINT('',(0.0502569668123062,-0.009150221788835,0.00727834216745744));
#9592=CARTESIAN_POINT('',(0.0502257146635551,-0.00815071120731703,0.00724713703714067));
#9593=CARTESIAN_POINT('',(0.0504629510632647,-0.00911839630576424,0.00774093426835834));
#9594=CARTESIAN_POINT('',(0.0503469892964667,-0.00913404126414792,0.00761273974378835));
#9595=CARTESIAN_POINT('',(0.0502959651783836,-0.0091438954444532,0.00744193003369987));
#9596=CARTESIAN_POINT('',(0.0502569668123064,-0.00915022178883498,0.00727834216745769));
#9597=CARTESIAN_POINT('',(0.0504866318450146,-0.00911823782498811,0.0077197267484482));
#9598=CARTESIAN_POINT('',(0.0503862957895284,-0.00913265447928248,0.00759554771937824));
#9599=CARTESIAN_POINT('',(0.050343448155019,-0.00914240357965061,0.00742835419263042));
#9600=CARTESIAN_POINT('',(0.0503110378886534,-0.00914885504742967,0.00726803775557707));
#9601=CARTESIAN_POINT('',(0.0505102157854801,-0.00911656854200648,0.00769842244911325));
#9602=CARTESIAN_POINT('',(0.050425468865847,-0.00912890129618556,0.00757822243799248));
#9603=CARTESIAN_POINT('',(0.0503907741321413,-0.00913733245797247,0.00741462171582903));
#9604=CARTESIAN_POINT('',(0.0503649660996199,-0.00914293485386521,0.00725759127607387));
#9605=CARTESIAN_POINT('',(0.0505335957819702,-0.00911339603760087,0.00767711812041932));
#9606=CARTESIAN_POINT('',(0.0504642702706751,-0.00912280303174213,0.00756089709570474));
#9607=CARTESIAN_POINT('',(0.0504374553521423,-0.00912873393597799,0.00740088912590011));
#9608=CARTESIAN_POINT('',(0.0504180187130612,-0.0091325416468591,0.00724714466711357));
#9609=CARTESIAN_POINT('',(0.0503991187929678,-0.00812231557881936,0.00767711293137488));
#9610=CARTESIAN_POINT('',(0.0504629510632647,-0.00911839630576424,0.00774093426835832));
#9611=CARTESIAN_POINT('',(0.0502569668123064,-0.00915022178883497,0.00727834216745768));
#9612=CARTESIAN_POINT('',(0.050279564298595,-0.00914655600755221,0.00737313266604095));
#9613=CARTESIAN_POINT('',(0.0503171416979361,-0.00913956707141039,0.00751775642318349));
#9614=CARTESIAN_POINT('',(0.050410540302958,-0.00912546729292231,0.00768299471909657));
#9615=CARTESIAN_POINT('',(0.0504629510632647,-0.00911839630576424,0.00774093426835835));
#9616=CARTESIAN_POINT('',(0.0547071067811866,-0.004,0.0125053932188065));
#9617=CARTESIAN_POINT('',(0.0547071067811866,-0.00448917868348346,0.0125053932188065));
#9618=CARTESIAN_POINT('',(0.0544920278590557,-0.00595202646292359,0.012255765644698));
#9619=CARTESIAN_POINT('',(0.0534930931332964,-0.00762682936247839,0.0111121057225039));
#9620=CARTESIAN_POINT('',(0.0520350938412922,-0.00872310475560237,0.00948081267624565));
#9621=CARTESIAN_POINT('',(0.0509889121947404,-0.00904743636577198,0.00832237881731485));
#9622=CARTESIAN_POINT('',(0.0504629510632647,-0.00911839630576424,0.00774093426835831));
#9623=CARTESIAN_POINT('',(0.0548922269036098,-0.004,0.0123202730963832));
#9624=CARTESIAN_POINT('',(0.0548922269036098,-0.00448582183355117,0.0123202730963832));
#9625=CARTESIAN_POINT('',(0.0546727518783525,-0.00594021935723161,0.0120832056458443));
#9626=CARTESIAN_POINT('',(0.0536355584808356,-0.00762096776009797,0.0109835691459106));
#9627=CARTESIAN_POINT('',(0.0521184282254988,-0.00872132755692089,0.00940536293785715));
#9628=CARTESIAN_POINT('',(0.0510326176325642,-0.0090470090601604,0.00828323296084335));
#9629=CARTESIAN_POINT('',(0.0504866318450147,-0.0091182378249881,0.00771972674844817));
#9630=CARTESIAN_POINT('',(0.055,-0.004,0.0120600858254191));
#9631=CARTESIAN_POINT('',(0.055,-0.00446789153058742,0.0120600858254191));
#9632=CARTESIAN_POINT('',(0.0547925744209825,-0.00587175489986784,0.0118514013410525));
#9633=CARTESIAN_POINT('',(0.0537601061459541,-0.0075671683342748,0.0108371706511555));
#9634=CARTESIAN_POINT('',(0.0521994610942861,-0.00870434113801346,0.00932753679003124));
#9635=CARTESIAN_POINT('',(0.0510759797482975,-0.0090425232756076,0.00824374414264491));
#9636=CARTESIAN_POINT('',(0.0505102157854803,-0.00911656854200646,0.00769842244911321));
#9637=CARTESIAN_POINT('',(0.055,-0.004,0.0117982864376199));
#9638=CARTESIAN_POINT('',(0.055,-0.00444047389102273,0.0117982864376199));
#9639=CARTESIAN_POINT('',(0.0548199243431698,-0.00576512781257076,0.0116185587750498));
#9640=CARTESIAN_POINT('',(0.0538486899652891,-0.00747187364320304,0.0106908135496107));
#9641=CARTESIAN_POINT('',(0.0522761828643649,-0.00867214327702476,0.00924974696542268));
#9642=CARTESIAN_POINT('',(0.051118620671011,-0.00903401219172796,0.00820425515315237));
#9643=CARTESIAN_POINT('',(0.0505335957819705,-0.00911339603760083,0.00767711812041929));
#9644=CARTESIAN_POINT('',(0.055,-0.004,0.0117982864376199));
#9645=CARTESIAN_POINT('',(0.055,-0.004,0.012060085825419));
#9646=CARTESIAN_POINT('',(0.0548922269036098,-0.004,0.0123202730963832));
#9647=CARTESIAN_POINT('',(0.0547071067811866,-0.004,0.0125053932188064));
#9648=CARTESIAN_POINT('',(0.0547071067811866,-0.004,0.0125053932188065));
#9649=CARTESIAN_POINT('',(0.0504629510632647,-0.00911839630576424,0.00774093426835831));
#9650=CARTESIAN_POINT('',(0.0506905026004112,-0.0090876962360162,0.00799249012099192));
#9651=CARTESIAN_POINT('',(0.0511535030110292,-0.00899078227887001,0.00850392737495479));
#9652=CARTESIAN_POINT('',(0.0518468088161235,-0.0087302143738033,0.00927095420771975));
#9653=CARTESIAN_POINT('',(0.0524048599857096,-0.00840981833548378,0.0098918748887217));
#9654=CARTESIAN_POINT('',(0.0527644569868198,-0.00814189041162181,0.0102951807583798));
#9655=CARTESIAN_POINT('',(0.0529710893140457,-0.00796523832901979,0.0105282360490004));
#9656=CARTESIAN_POINT('',(0.0530933209487692,-0.00785459968167254,0.010666712728566));
#9657=CARTESIAN_POINT('',(0.0533171900040722,-0.00762934571092962,0.0109208466855956));
#9658=CARTESIAN_POINT('',(0.0535601477922152,-0.00735050994372077,0.0111963346817808));
#9659=CARTESIAN_POINT('',(0.0538451605567473,-0.00696579223764122,0.0115195520037202));
#9660=CARTESIAN_POINT('',(0.0541255474685409,-0.00648180608048336,0.0118380210276295));
#9661=CARTESIAN_POINT('',(0.054424896863542,-0.00581224783740553,0.0121791558034656));
#9662=CARTESIAN_POINT('',(0.0546557121597128,-0.00496065123662513,0.0124447179129711));
#9663=CARTESIAN_POINT('',(0.0547071067811866,-0.00430999381972781,0.0125053932188065));
#9664=CARTESIAN_POINT('',(0.0547071067811866,-0.004,0.0125053932188065));
#9665=CARTESIAN_POINT('',(0.054,-0.002,0.0117982864376199));
#9666=CARTESIAN_POINT('',(0.0547071067811866,0.004,0.0125053932188064));
#9667=CARTESIAN_POINT('',(0.0548922269036098,0.004,0.0123202730963832));
#9668=CARTESIAN_POINT('',(0.055,0.004,0.012060085825419));
#9669=CARTESIAN_POINT('',(0.055,0.004,0.0117982864376199));
#9670=CARTESIAN_POINT('',(0.0547071067811866,0.004,0.0125053932188065));
#9671=CARTESIAN_POINT('',(0.0547071067811866,-0.004,0.0125053932188064));
#9672=CARTESIAN_POINT('',(0.0540000000000008,-0.00294615096868803,0.011849353162273));
#9673=CARTESIAN_POINT('',(0.0533906582880301,-0.0029694206722612,0.0123044311496941));
#9674=CARTESIAN_POINT('',(0.0521578265306943,-0.0028014406916887,0.0132251536013751));
#9675=CARTESIAN_POINT('',(0.0506537036905193,-0.00195833896495561,0.0143484858491004));
#9676=CARTESIAN_POINT('',(0.0499541108560922,-0.000911468823345256,0.0148709665735459));
#9677=CARTESIAN_POINT('',(0.0498129669702218,3.05178947415213E-8,0.0149763778300821));
#9678=CARTESIAN_POINT('',(0.0499190425144934,0.000683509126039902,0.0148971568539807));
#9679=CARTESIAN_POINT('',(0.0502332406501462,0.00133036713910404,0.0146625025501388));
#9680=CARTESIAN_POINT('',(0.0509051096907383,0.00209850295696659,0.0141607269375446));
#9681=CARTESIAN_POINT('',(0.0521571271619654,0.00280176214533544,0.013225675914729));
#9682=CARTESIAN_POINT('',(0.0533906582880292,0.00296942067225562,0.012304431149694));
#9683=CARTESIAN_POINT('',(0.054,0.00294615096868173,0.0118493531622729));
#9684=CARTESIAN_POINT('',(0.0541034180952228,-0.00295142530137104,0.0119525015627142));
#9685=CARTESIAN_POINT('',(0.0535010102443788,-0.00295912370738498,0.0124161070536376));
#9686=CARTESIAN_POINT('',(0.0522857525351731,-0.0027523556920306,0.0133435034209739));
#9687=CARTESIAN_POINT('',(0.0508236181803794,-0.00185961066241179,0.0144248748194213));
#9688=CARTESIAN_POINT('',(0.0501691550079539,-0.000841289412412953,0.0148838166490199));
#9689=CARTESIAN_POINT('',(0.050040386681732,-2.18511209256468E-7,0.0149718731857909));
#9690=CARTESIAN_POINT('',(0.0501372569542932,0.00063176408829198,0.014905568939392));
#9691=CARTESIAN_POINT('',(0.0504299296404787,0.00124757839149717,0.0147010726436157));
#9692=CARTESIAN_POINT('',(0.0510683493399829,0.00200890264474014,0.0142438738785954));
#9693=CARTESIAN_POINT('',(0.0522847702971403,0.00275189655021251,0.0133443180887469));
#9694=CARTESIAN_POINT('',(0.0535010102443779,0.00295912370737927,0.0124161070536374));
#9695=CARTESIAN_POINT('',(0.0541034180952219,0.00295142530136464,0.0119525015627142));
#9696=CARTESIAN_POINT('',(0.0543102096232466,-0.00302703641543479,0.0121554268342727));
#9697=CARTESIAN_POINT('',(0.0537217047405795,-0.00301361107240698,0.0126457384914967));
#9698=CARTESIAN_POINT('',(0.0525412022463673,-0.00274739828648236,0.0136141308842894));
#9699=CARTESIAN_POINT('',(0.0511631628045713,-0.00175357615660879,0.0146782389548757));
#9700=CARTESIAN_POINT('',(0.0505989247979095,-0.00075006943576673,0.0150588686848665));
#9701=CARTESIAN_POINT('',(0.0504949591822757,-6.46378033620206E-7,0.01512316066429));
#9702=CARTESIAN_POINT('',(0.0505734324682475,0.000564840656770376,0.015074515816433));
#9703=CARTESIAN_POINT('',(0.0508229705826208,0.00114825099486893,0.0149080853197266));
#9704=CARTESIAN_POINT('',(0.0513943506297307,0.0019212333650467,0.0144993490900117));
#9705=CARTESIAN_POINT('',(0.0525397008792048,0.00274559466734888,0.0136156251933479));
#9706=CARTESIAN_POINT('',(0.0537217047405787,0.00301361107240107,0.0126457384914966));
#9707=CARTESIAN_POINT('',(0.0543102096232459,0.00302703641542824,0.0121554268342727));
#9708=CARTESIAN_POINT('',(0.0545406901026318,-0.00329015328492513,0.0123724532426472));
#9709=CARTESIAN_POINT('',(0.0539601084386072,-0.0032776438604433,0.0129113847361635));
#9710=CARTESIAN_POINT('',(0.052798859212771,-0.00299243628255454,0.0139806313870715));
#9711=CARTESIAN_POINT('',(0.0514624116651743,-0.0019090993334268,0.0151714678788758));
#9712=CARTESIAN_POINT('',(0.0509379425937338,-0.000813311137688558,0.015604629442319));
#9713=CARTESIAN_POINT('',(0.0508444618011833,-7.40656128713529E-7,0.0156779666793416));
#9714=CARTESIAN_POINT('',(0.0509151280728423,0.000612621434775595,0.0156224335317848));
#9715=CARTESIAN_POINT('',(0.0511458741936536,0.00124793439786414,0.0154331515410107));
#9716=CARTESIAN_POINT('',(0.0516868719450436,0.00209193742482099,0.0149712558745928));
#9717=CARTESIAN_POINT('',(0.0527971650834013,0.00299038984298528,0.01398234828599));
#9718=CARTESIAN_POINT('',(0.0539601084386068,0.00327764386043732,0.0129113847361634));
#9719=CARTESIAN_POINT('',(0.0545406901026315,0.00329015328491859,0.0123724532426473));
#9720=CARTESIAN_POINT('',(0.0546729224299227,-0.00361628357605818,0.0124880094058284));
#9721=CARTESIAN_POINT('',(0.0540846913423394,-0.00362280239343171,0.0130688405017326));
#9722=CARTESIAN_POINT('',(0.0529036645878804,-0.00336042444148396,0.0142332080501698));
#9723=CARTESIAN_POINT('',(0.0515158661082846,-0.00224197681894834,0.0155939543068013));
#9724=CARTESIAN_POINT('',(0.0509327867472437,-0.000998764121094415,0.016159503165105));
#9725=CARTESIAN_POINT('',(0.0508229191792848,-4.20468426531064E-7,0.0162654817500584));
#9726=CARTESIAN_POINT('',(0.0509057382726139,0.000750562995170138,0.0161855950618114));
#9727=CARTESIAN_POINT('',(0.0511646132792917,0.00149389249962575,0.0159346686101469));
#9728=CARTESIAN_POINT('',(0.0517485151122311,0.00242955270482553,0.0153657666946163));
#9729=CARTESIAN_POINT('',(0.0529023479796483,0.00335938273949175,0.0142345429662677));
#9730=CARTESIAN_POINT('',(0.0540846913423393,0.0036228023934258,0.0130688405017325));
#9731=CARTESIAN_POINT('',(0.0546729224299227,0.0036162835760518,0.0124880094058284));
#9732=CARTESIAN_POINT('',(0.0547043059895312,-0.00383529787829163,0.0125081940104618));
#9733=CARTESIAN_POINT('',(0.0541032550376691,-0.00385820859561996,0.0131092722229116));
#9734=CARTESIAN_POINT('',(0.0528903633440812,-0.00362078318443239,0.0143221075241687));
#9735=CARTESIAN_POINT('',(0.0514296645702785,-0.00249520955211985,0.0157828741144435));
#9736=CARTESIAN_POINT('',(0.0507719643596746,-0.00114628888770701,0.0164405575153192));
#9737=CARTESIAN_POINT('',(0.0506419530607983,-1.18052327677948E-7,0.016570570722446));
#9738=CARTESIAN_POINT('',(0.0507397601788847,0.000860173790541913,0.0164727665361923));
#9739=CARTESIAN_POINT('',(0.0510340954083504,0.00168531924234637,0.0161784248302429));
#9740=CARTESIAN_POINT('',(0.0516739966028276,0.0026828641688131,0.0155385064909029));
#9741=CARTESIAN_POINT('',(0.0528894696642244,0.00362073359867015,0.0143230138310766));
#9742=CARTESIAN_POINT('',(0.0541032550376691,0.00385820859561414,0.0131092722229113));
#9743=CARTESIAN_POINT('',(0.0547043059895314,0.00383529787828538,0.0125081940104618));
#9744=CARTESIAN_POINT('',(0.0547071067811867,-0.00394484621230996,0.0125053932188063));
#9745=CARTESIAN_POINT('',(0.0540977650692162,-0.00397600395099297,0.013114734930777));
#9746=CARTESIAN_POINT('',(0.0528649333118807,-0.00375108160412517,0.014347566688113));
#9747=CARTESIAN_POINT('',(0.0513608104717059,-0.0026221826818898,0.015851689528288));
#9748=CARTESIAN_POINT('',(0.0506612176372789,-0.00122044130583517,0.0165512823627147));
#9749=CARTESIAN_POINT('',(0.0505200737514084,4.08629438104441E-8,0.0166924262485847));
#9750=CARTESIAN_POINT('',(0.0506261492956799,0.000915207134866981,0.0165863507043128));
#9751=CARTESIAN_POINT('',(0.0509403474313326,0.00178133905066473,0.0162721525686598));
#9752=CARTESIAN_POINT('',(0.0516122164719248,0.00280985989153158,0.0156002835280674));
#9753=CARTESIAN_POINT('',(0.0528642339431521,0.00375151202511051,0.0143482660568402));
#9754=CARTESIAN_POINT('',(0.0540977650692162,0.00397600395098719,0.0131147349307767));
#9755=CARTESIAN_POINT('',(0.054707106781187,0.00394484621230378,0.0125053932188062));
#9756=CARTESIAN_POINT('',(0.0547071067811866,-0.00394484621230997,0.0125053932188064));
#9757=CARTESIAN_POINT('',(0.0544464727631401,-0.00395817332658207,0.0127660272368529));
#9758=CARTESIAN_POINT('',(0.0539324495416172,-0.00393451257970795,0.0132800504583758));
#9759=CARTESIAN_POINT('',(0.0528728803038992,-0.00367226618558624,0.0143396196960938));
#9760=CARTESIAN_POINT('',(0.0516785766833746,-0.00291020493706731,0.0155339233166184));
#9761=CARTESIAN_POINT('',(0.050795184169177,-0.00163318299502864,0.0164173158308161));
#9762=CARTESIAN_POINT('',(0.050435499154541,-8.33287823697581E-11,0.016777000845452));
#9763=CARTESIAN_POINT('',(0.0507951785254981,0.00163318332833237,0.0164173214744949));
#9764=CARTESIAN_POINT('',(0.0516785992580898,0.00291020377048602,0.0155339007419032));
#9765=CARTESIAN_POINT('',(0.0528728135203667,0.00367226960198472,0.0143396864796263));
#9766=CARTESIAN_POINT('',(0.0539325652370327,0.00393450666349113,0.0132799347629603));
#9767=CARTESIAN_POINT('',(0.0544462169163677,0.00395818640890198,0.0127662830836253));
#9768=CARTESIAN_POINT('',(0.0547071067811866,0.0039448462123038,0.0125053932188065));
#9769=CARTESIAN_POINT('',(0.054,-0.002,0.0117982864376199));
#9770=CARTESIAN_POINT('',(0.0547071067811866,-0.004,0.0125053932188064));
#9771=CARTESIAN_POINT('',(0.055,0.004,0.0117982864376199));
#9772=CARTESIAN_POINT('',(0.055,0.00444047389102276,0.0117982864376199));
#9773=CARTESIAN_POINT('',(0.0548826817106389,0.00531842451638543,0.011682075499466));
#9774=CARTESIAN_POINT('',(0.0544287950222063,0.0064526823603035,0.0112440116929907));
#9775=CARTESIAN_POINT('',(0.0535888666482494,0.00766799259940116,0.0104535775109316));
#9776=CARTESIAN_POINT('',(0.0522745158566719,0.00867522681845939,0.00924756129221472));
#9777=CARTESIAN_POINT('',(0.0511186206710109,0.00903401219172798,0.0082042551531523));
#9778=CARTESIAN_POINT('',(0.0505335957819705,0.00911339603760084,0.00767711812041922));
#9779=CARTESIAN_POINT('',(0.055,0.004,0.0120600858254191));
#9780=CARTESIAN_POINT('',(0.055,0.00446789153058744,0.0120600858254191));
#9781=CARTESIAN_POINT('',(0.0548667403545278,0.0053981566590252,0.0119264602084533));
#9782=CARTESIAN_POINT('',(0.0543748073840654,0.00655524004848646,0.0114404881177698));
#9783=CARTESIAN_POINT('',(0.0535039547246197,0.00775247133577664,0.0105899432131024));
#9784=CARTESIAN_POINT('',(0.0521964457610912,0.00870771154046539,0.00932423034959846));
#9785=CARTESIAN_POINT('',(0.0510759797482974,0.00904252327560762,0.00824374414264484));
#9786=CARTESIAN_POINT('',(0.0505102157854803,0.00911656854200647,0.00769842244911314));
#9787=CARTESIAN_POINT('',(0.0548922269036098,0.004,0.0123202730963832));
#9788=CARTESIAN_POINT('',(0.0548922269036098,0.00448582183355119,0.0123202730963832));
#9789=CARTESIAN_POINT('',(0.0547523238706464,0.00544986040350692,0.0121695366513145));
#9790=CARTESIAN_POINT('',(0.054251795536763,0.00661779425404072,0.0116364294422728));
#9791=CARTESIAN_POINT('',(0.0533877280061792,0.00780025625261453,0.0107263109898235));
#9792=CARTESIAN_POINT('',(0.0521145863170976,0.00872465963352671,0.00940097787927203));
#9793=CARTESIAN_POINT('',(0.0510326176325641,0.00904700906016042,0.00828323296084327));
#9794=CARTESIAN_POINT('',(0.0504866318450146,0.00911823782498811,0.0077197267484481));
#9795=CARTESIAN_POINT('',(0.0547071067811866,0.004,0.0125053932188065));
#9796=CARTESIAN_POINT('',(0.0547071067811866,0.00448917868348347,0.0125053932188065));
#9797=CARTESIAN_POINT('',(0.0545701860029727,0.00545922780130915,0.0123468448207708));
#9798=CARTESIAN_POINT('',(0.0540863181511736,0.00662691496052895,0.0117908416922472));
#9799=CARTESIAN_POINT('',(0.0532552342419146,0.00780573370161919,0.0108464832595195));
#9800=CARTESIAN_POINT('',(0.0520312033295984,0.0087262347268291,0.00947608045160904));
#9801=CARTESIAN_POINT('',(0.0509889121947403,0.009047436365772,0.00832237881731476));
#9802=CARTESIAN_POINT('',(0.0504629510632647,0.00911839630576425,0.00774093426835823));
#9803=CARTESIAN_POINT('',(0.0547071067811866,0.004,0.0125053932188065));
#9804=CARTESIAN_POINT('',(0.0547071067811866,0.00437272214152299,0.0125053932188065));
#9805=CARTESIAN_POINT('',(0.0546501003190651,0.0049576257064448,0.0124387134856734));
#9806=CARTESIAN_POINT('',(0.0544657413097828,0.00564147742700097,0.0122265688226298));
#9807=CARTESIAN_POINT('',(0.0543402819534817,0.00598378587412528,0.0120826635433637));
#9808=CARTESIAN_POINT('',(0.0542637325325989,0.00616905843044501,0.0119949453657502));
#9809=CARTESIAN_POINT('',(0.0541908242141671,0.00632959468061932,0.0119114507002479));
#9810=CARTESIAN_POINT('',(0.0541560767358611,0.00640098401710075,0.0118716732062325));
#9811=CARTESIAN_POINT('',(0.0540917541217792,0.00652944572171967,0.0117980735451641));
#9812=CARTESIAN_POINT('',(0.0539757319728573,0.00674349634980467,0.0116654799834008));
#9813=CARTESIAN_POINT('',(0.0537743343291154,0.00706691071065977,0.0114360508722134));
#9814=CARTESIAN_POINT('',(0.053530245465513,0.00738869725695948,0.0111594946027085));
#9815=CARTESIAN_POINT('',(0.053326673295251,0.00761674712145414,0.0109298049448897));
#9816=CARTESIAN_POINT('',(0.0532118123848699,0.00773663540816679,0.0108004097482183));
#9817=CARTESIAN_POINT('',(0.0530959643608178,0.00784959005221502,0.0106700833216529));
#9818=CARTESIAN_POINT('',(0.0530749241312001,0.0078688612280838,0.0106464295318966));
#9819=CARTESIAN_POINT('',(0.0530061654915562,0.00793277453431862,0.0105691022588614));
#9820=CARTESIAN_POINT('',(0.0528854134174316,0.00803966423507519,0.0104333909121391));
#9821=CARTESIAN_POINT('',(0.0526559814575784,0.00822686137130593,0.0101760216348081));
#9822=CARTESIAN_POINT('',(0.0523526995562369,0.00843352677444665,0.00983723608511653));
#9823=CARTESIAN_POINT('',(0.0520717932451959,0.00859609082563499,0.00952432696445526));
#9824=CARTESIAN_POINT('',(0.0518139100398532,0.00872509474903396,0.00923752165263462));
#9825=CARTESIAN_POINT('',(0.0516244747846495,0.00880715485724598,0.00902713791973632));
#9826=CARTESIAN_POINT('',(0.0513611473715034,0.00890913211576502,0.0087350265759779));
#9827=CARTESIAN_POINT('',(0.0509411881123511,0.00903903975092517,0.00826982627706881));
#9828=CARTESIAN_POINT('',(0.0506371466878201,0.00909489473820414,0.00793350571573062));
#9829=CARTESIAN_POINT('',(0.0504629510632646,0.00911839630576425,0.00774093426835829));
#9830=CARTESIAN_POINT('',(0.0504629510632646,0.00911839630576425,0.00774093426835825));
#9831=CARTESIAN_POINT('',(0.0503991187929834,0.00812231557881208,0.00767711293139266));
#9832=CARTESIAN_POINT('',(0.0502569668123063,0.00915022178883499,0.00727834216745737));
#9833=CARTESIAN_POINT('',(0.050295965651769,0.00914389536766026,0.00744193201942714));
#9834=CARTESIAN_POINT('',(0.0503469878888533,0.00913404145405579,0.00761273818768638));
#9835=CARTESIAN_POINT('',(0.0504629510632646,0.00911839630576425,0.00774093426835826));
#9836=CARTESIAN_POINT('',(0.0503110378886533,0.00914885504742968,0.00726803775557676));
#9837=CARTESIAN_POINT('',(0.0503434485484341,0.00914240350133884,0.00742835613864707));
#9838=CARTESIAN_POINT('',(0.0503862945715893,0.00913265465428047,0.00759554621201876));
#9839=CARTESIAN_POINT('',(0.0504866318450145,0.00911823782498812,0.00771972674844813));
#9840=CARTESIAN_POINT('',(0.0503649660996199,0.00914293485386521,0.00725759127607356));
#9841=CARTESIAN_POINT('',(0.0503907744454146,0.00913733238996724,0.00741462362195822));
#9842=CARTESIAN_POINT('',(0.0504254678371381,0.00912890144588791,0.0075782209789327));
#9843=CARTESIAN_POINT('',(0.0505102157854801,0.00911656854200649,0.00769842244911317));
#9844=CARTESIAN_POINT('',(0.0504180187130612,0.00913254164685911,0.00724714466711326));
#9845=CARTESIAN_POINT('',(0.0504374555880758,0.00912873388975773,0.00740089099214203));
#9846=CARTESIAN_POINT('',(0.0504642694291605,0.00912280314592986,0.00756089568494428));
#9847=CARTESIAN_POINT('',(0.0505335957819701,0.00911339603760088,0.00767711812041925));
#9848=CARTESIAN_POINT('',(0.05053359578197,0.00911339603760088,0.00767711812041925));
#9849=CARTESIAN_POINT('',(0.0505022342754954,0.00911765157790857,0.00762454200015718));
#9850=CARTESIAN_POINT('',(0.0504482191577899,0.0091266277079083,0.00746968401644532));
#9851=CARTESIAN_POINT('',(0.0504298715976022,0.00913021962208663,0.00734090137634799));
#9852=CARTESIAN_POINT('',(0.0504180187130612,0.00913254164685909,0.00724714466711345));
#9853=CARTESIAN_POINT('',(0.0504180187130612,0.0091325416468591,0.00724714466711338));
#9854=CARTESIAN_POINT('',(0.0502257146635547,0.00815071120731476,0.00724713703713912));
#9855=CARTESIAN_POINT('',(0.0502569668123061,0.009150221788835,0.00727834216745721));
#9856=CARTESIAN_POINT('',(0.0504629510632646,0.00911839630576425,0.00774093426835829));
#9857=CARTESIAN_POINT('',(0.050410548787964,0.00912546614816944,0.00768300409918227));
#9858=CARTESIAN_POINT('',(0.0503171316363413,0.00913956849160207,0.00751773059492656));
#9859=CARTESIAN_POINT('',(0.0502795745291805,0.0091465543479389,0.00737317558065084));
#9860=CARTESIAN_POINT('',(0.0502569668123063,0.00915022178883499,0.00727834216745736));
#9861=CARTESIAN_POINT('',(-0.022394142766536,0.0622733982780616,0.00901361108541734));
#9862=CARTESIAN_POINT('',(-0.00914443034453489,0.0643947186217845,0.0111349314288137));
#9863=CARTESIAN_POINT('',(0.0163549944994674,0.058315973214788,0.0157994632742643));
#9864=CARTESIAN_POINT('',(0.0163549944994674,0.059023079996029,0.0165065700553964));
#9865=CARTESIAN_POINT('',(0.0163549944994674,0.052722543271261,0.0228071067811345));
#9866=CARTESIAN_POINT('',(0.0163549944994674,0.05201543649002,0.0221000000000024));
#9867=CARTESIAN_POINT('',(0.0173549944994674,0.05201543649002,0.0221000000000024));
#9868=CARTESIAN_POINT('',(0.0173549944994674,0.0636876118405435,0.0104278246476816));
#9869=CARTESIAN_POINT('',(-0.0346438551885372,0.0672116825389213,0.00690375394876114));
#9870=CARTESIAN_POINT('',(-0.0356438551885372,0.05201543649002,0.0221000000000024));
#9871=CARTESIAN_POINT('',(-0.0356438551885372,0.0520154364900204,0.022100000000002));
#9872=CARTESIAN_POINT('',(-0.0346438551885372,0.05201543649002,0.0221000000000024));
#9873=CARTESIAN_POINT('',(-0.0346438551885372,0.052722543271261,0.0228071067811345));
#9874=CARTESIAN_POINT('',(-0.0346438551885372,0.0679187893201623,0.00761086072989325));
#9875=CARTESIAN_POINT('',(0.0504180187130612,0.00913254164685911,0.00724714466711346));
#9876=CARTESIAN_POINT('',(0.0503956374956914,0.00913692621172941,0.00707010849655012));
#9877=CARTESIAN_POINT('',(0.0502460556851798,0.00916695795335901,0.00677064240237845));
#9878=CARTESIAN_POINT('',(0.0498536731422282,0.00931124156821993,0.00640620706789746));
#9879=CARTESIAN_POINT('',(0.0492948625536728,0.00968819741019255,0.00598491971206676));
#9880=CARTESIAN_POINT('',(0.0489775042866504,0.010202575359604,0.00576044215962717));
#9881=CARTESIAN_POINT('',(0.048879429503047,0.0105459320195195,0.00568490329499566));
#9882=CARTESIAN_POINT('',(0.0503649660996198,0.00914293485386523,0.00725759127607369));
#9883=CARTESIAN_POINT('',(0.0503505140660309,0.00914639334393423,0.00709229929194465));
#9884=CARTESIAN_POINT('',(0.0502055045490911,0.00917845992023622,0.00682201652458128));
#9885=CARTESIAN_POINT('',(0.0498061855286519,0.00933449124775915,0.00651191873907228));
#9886=CARTESIAN_POINT('',(0.0492482521400181,0.00973668034771029,0.00616686617604235));
#9887=CARTESIAN_POINT('',(0.0489572322294001,0.010250069326751,0.00599216948134159));
#9888=CARTESIAN_POINT('',(0.0488698188453511,0.0105795786227013,0.00593302752589474));
#9889=CARTESIAN_POINT('',(0.0503110378886532,0.0091488550474297,0.00726803775557683));
#9890=CARTESIAN_POINT('',(0.0503046419736987,0.00915230809168749,0.00711448985169449));
#9891=CARTESIAN_POINT('',(0.0501637320633531,0.0091843866957682,0.00687341141644314));
#9892=CARTESIAN_POINT('',(0.0497512929490293,0.00934049575430216,0.00661765153433127));
#9893=CARTESIAN_POINT('',(0.0491675472237086,0.00974288012632624,0.00634873873351682));
#9894=CARTESIAN_POINT('',(0.0488584599076672,0.0102564596633477,0.00622303153324564));
#9895=CARTESIAN_POINT('',(0.048765666965819,0.0105860323715098,0.00617986623751277));
#9896=CARTESIAN_POINT('',(0.0502569668123061,0.009150221788835,0.00727834216745737));
#9897=CARTESIAN_POINT('',(0.0502584963190211,0.0091546063537053,0.0071364073296637));
#9898=CARTESIAN_POINT('',(0.0501214300715769,0.00918463809533491,0.00692424770381519));
#9899=CARTESIAN_POINT('',(0.0496916911153009,0.00932892171019584,0.0067186472274856));
#9900=CARTESIAN_POINT('',(0.0490633924389117,0.00970587755216845,0.00650727707809889));
#9901=CARTESIAN_POINT('',(0.0487041075305403,0.0102202555015799,0.0063995520178215));
#9902=CARTESIAN_POINT('',(0.048594103861808,0.0105636121614954,0.00636112165986276));
#9903=CARTESIAN_POINT('',(0.0485941038617865,0.0105636121616825,0.00636112165980336));
#9904=CARTESIAN_POINT('',(0.0486240899817825,0.010470015883209,0.00637159746792514));
#9905=CARTESIAN_POINT('',(0.0486980470148197,0.0102850609066121,0.0063956260933819));
#9906=CARTESIAN_POINT('',(0.0488878353391213,0.00998899478572229,0.00645550985872476));
#9907=CARTESIAN_POINT('',(0.0490591282406046,0.00979018004546391,0.00650875204193759));
#9908=CARTESIAN_POINT('',(0.049344535802964,0.00954649543210336,0.00660219026079266));
#9909=CARTESIAN_POINT('',(0.0495406045779931,0.00942401440142725,0.00666987609518552));
#9910=CARTESIAN_POINT('',(0.0497635171998358,0.00931527407994488,0.00675865452416649));
#9911=CARTESIAN_POINT('',(0.0498688869685231,0.00927207440811223,0.006802863029134));
#9912=CARTESIAN_POINT('',(0.0500390526135295,0.00921258958752569,0.00689712219736856));
#9913=CARTESIAN_POINT('',(0.0501307600032115,0.00918603424089598,0.00696899460700444));
#9914=CARTESIAN_POINT('',(0.0502412796454612,0.00915684419432284,0.00712097521145833));
#9915=CARTESIAN_POINT('',(0.0502575633194476,0.00915193176776622,0.0072229876250091));
#9916=CARTESIAN_POINT('',(0.050256966812306,0.00915022178883502,0.00727834216745722));
#9917=CARTESIAN_POINT('',(0.0485941038617901,0.0105636121616513,0.00636112165981325));
#9918=CARTESIAN_POINT('',(0.0504180187130612,0.00913254164685909,0.00724714466711345));
#9919=CARTESIAN_POINT('',(0.0504024727537257,0.00913558715890839,0.0071241756139554));
#9920=CARTESIAN_POINT('',(0.0503374742020833,0.00914845260991238,0.00694499295807631));
#9921=CARTESIAN_POINT('',(0.0501877770381225,0.00918963920543663,0.00672978413297633));
#9922=CARTESIAN_POINT('',(0.0500134590111201,0.00925524444149876,0.00655390913547509));
#9923=CARTESIAN_POINT('',(0.0499138435553507,0.00930241026527843,0.00646884203948023));
#9924=CARTESIAN_POINT('',(0.0497473613859107,0.00939087615546128,0.00632861604116004));
#9925=CARTESIAN_POINT('',(0.049445845553314,0.00960016130790121,0.00609793138447266));
#9926=CARTESIAN_POINT('',(0.0491073157284083,0.00997773126422527,0.00585231137947345));
#9927=CARTESIAN_POINT('',(0.0489350468079588,0.0103512176256708,0.005727740688168));
#9928=CARTESIAN_POINT('',(0.048879429503099,0.0105459320193373,0.00568490329503575));
#9929=CARTESIAN_POINT('',(0.0488794295030886,0.0105459320193737,0.00568490329502772));
#9930=CARTESIAN_POINT('',(0.0485941038617865,0.0105636121616825,0.00636112165980333));
#9931=CARTESIAN_POINT('',(0.0487656669658023,0.0105860323716022,0.00617986623747289));
#9932=CARTESIAN_POINT('',(0.0488698188453597,0.010579578622659,0.00593302752589453));
#9933=CARTESIAN_POINT('',(0.048879429503099,0.0105459320193373,0.00568490329503573));
#9934=CARTESIAN_POINT('',(0.0475,-0.0121447022725038,0.0052982864376269));
#9935=CARTESIAN_POINT('',(0.0482190778689822,-0.0121556383541903,0.00599321594364897));
#9936=CARTESIAN_POINT('',(0.048215124457634,-0.0121553643281476,0.0059973067335533));
#9937=CARTESIAN_POINT('',(0.0482111341354049,-0.0121552270692459,0.00600136586459513));
#9938=CARTESIAN_POINT('',(0.0482071067811866,-0.0121552270692459,0.00600539321881342));
#9939=CARTESIAN_POINT('',(0.0482071067811866,-0.0121552457811293,0.00600539321881345));
#9940=CARTESIAN_POINT('',(0.0482071067811866,-0.0120701044549313,0.00600539321881352));
#9941=CARTESIAN_POINT('',(0.0179950926465367,0.0466495084716073,-0.000533504915283926));
#9942=CARTESIAN_POINT('',(0.0180216563226207,0.0466392615080738,-0.000523155482115063));
#9943=CARTESIAN_POINT('',(0.0180489939051482,0.0466286897116833,-0.000515166957564896));
#9944=CARTESIAN_POINT('',(0.0180767339886988,0.046617933119153,-0.000509597021184152));
#9945=CARTESIAN_POINT('',(0.0179571554185386,0.046664142793703,-0.000420524167657261));
#9946=CARTESIAN_POINT('',(0.0179889688243018,0.0466518524801516,-0.000406427816703566));
#9947=CARTESIAN_POINT('',(0.0180219017056936,0.0466392316543182,-0.000395131510976877));
#9948=CARTESIAN_POINT('',(0.0180554901738583,0.0466261706956409,-0.000386670556670117));
#9949=CARTESIAN_POINT('',(0.0179140740583176,0.0467777419028484,-0.000195243261808975));
#9950=CARTESIAN_POINT('',(0.0179573569176038,0.0467638471732026,-0.000173775875270813));
#9951=CARTESIAN_POINT('',(0.0180024141780392,0.0467493102889368,-0.000155798533313943));
#9952=CARTESIAN_POINT('',(0.0180487505510589,0.0467343851477371,-0.000141697160558576));
#9953=CARTESIAN_POINT('',(0.0179571554185386,0.0470030228086967,-8.16441526635227E-5));
#9954=CARTESIAN_POINT('',(0.0180086823712877,0.0469914610291968,-5.92147479960918E-5));
#9955=CARTESIAN_POINT('',(0.0180619323857027,0.0469795141309691,-4.13329851529879E-5));
#9956=CARTESIAN_POINT('',(0.018116419002806,0.0469672579867944,-2.78596604633359E-5));
#9957=CARTESIAN_POINT('',(0.0179950926465367,0.0471160035563234,-6.70098305678501E-5));
#9958=CARTESIAN_POINT('',(0.0180487512722265,0.0471056541231545,-4.63109642301247E-5));
#9959=CARTESIAN_POINT('',(0.0181039731889319,0.0470949766088002,-3.03339151298E-5));
#9960=CARTESIAN_POINT('',(0.0181600081577043,0.0470841124503445,-1.91940423683102E-5));
#9961=CARTESIAN_POINT('',(0.0181600081577042,0.0470841124503445,-1.91940423683162E-5));
#9962=CARTESIAN_POINT('',(0.0181164190028059,0.0469672579867945,-2.78596604633424E-5));
#9963=CARTESIAN_POINT('',(0.0180487506223404,0.0467343852671576,-0.000141697286184405));
#9964=CARTESIAN_POINT('',(0.0180554901738582,0.0466261706956409,-0.000386670556670124));
#9965=CARTESIAN_POINT('',(0.0180767339886988,0.046617933119153,-0.000509597021184159));
#9966=CARTESIAN_POINT('',(0.0180767339886988,0.046617933119153,-0.000509597021184155));
#9967=CARTESIAN_POINT('',(0.0179950926465367,0.0466495084716073,-0.000533504915283926));
#9968=CARTESIAN_POINT('',(0.018021706253535,0.0466392422471757,-0.00052314413923654));
#9969=CARTESIAN_POINT('',(0.0180489204606241,0.0466287181907907,-0.000515174841203282));
#9970=CARTESIAN_POINT('',(0.0180767339886988,0.046617933119153,-0.000509597021184152));
#9971=CARTESIAN_POINT('',(0.0183549944994674,0.0475824986410395,0.));
#9972=CARTESIAN_POINT('',(0.0179950926465367,0.0466495084716073,0.));
#9973=CARTESIAN_POINT('',(0.0179950926465367,0.0466495084716073,-0.026));
#9974=CARTESIAN_POINT('',(0.0183549944994674,0.0475824986410395,-0.026));
#9975=CARTESIAN_POINT('',(0.0173549944994674,0.0475824986410395,-0.026));
#9976=CARTESIAN_POINT('',(0.0173549944994674,0.0475824986410395,-0.00108781558378461));
#9977=CARTESIAN_POINT('',(-0.0243663942061375,-0.0470679251178416,-0.026));
#9978=CARTESIAN_POINT('',(0.0163549944994674,-0.0470679251178416,-0.026));
#9979=CARTESIAN_POINT('',(-0.0326438551885372,0.0418532825734505,-0.026));
#9980=CARTESIAN_POINT('',(-0.0356438551885372,-0.0470679251178416,-0.026));
#9981=CARTESIAN_POINT('',(0.0173549944994674,-0.0470679251178416,-0.026));
#9982=CARTESIAN_POINT('',(0.,0.,-0.026));
#9983=CARTESIAN_POINT('',(0.0488485745339031,0.0106684940833144,-0.026));
#9984=CARTESIAN_POINT('',(0.0508025175152592,0.011095233846647,-0.026));
#9985=CARTESIAN_POINT('',(0.0508025175152592,0.011095233846647,-0.026));
#9986=CARTESIAN_POINT('',(0.0488485745339031,0.0106684940833144,-0.026));
#9987=CARTESIAN_POINT('',(0.0488485745339031,0.0106684940833144,0.00565096567844743));
#9988=CARTESIAN_POINT('',(0.048879429503099,0.0105459320193373,0.00568490329503575));
#9989=CARTESIAN_POINT('',(0.0488678675259283,0.0105864101291639,0.00567599858094605));
#9990=CARTESIAN_POINT('',(0.0488575733118445,0.0106272907540019,0.00566468604208328));
#9991=CARTESIAN_POINT('',(0.0488485745339031,0.0106684940833144,0.00565096567844745));
#9992=CARTESIAN_POINT('',(0.0287943415497757,-0.00848720756640164,0.));
#9993=CARTESIAN_POINT('',(0.,0.,0.));
#9994=CARTESIAN_POINT('',(0.0337445223312872,0.0368958969620372,-8.67361737988475E-19));
#9995=CARTESIAN_POINT('',(0.0368958969620372,0.0337445223312872,7.73971248796417E-32));
#9996=CARTESIAN_POINT('',(0.0368958969620368,0.0337445223312875,0.));
#9997=CARTESIAN_POINT('',(0.0260207821150626,0.0432801212812585,0.));
#9998=CARTESIAN_POINT('',(0.0256644720279385,0.0429293462510558,0.));
#9999=CARTESIAN_POINT('',(0.0256644720279385,0.0429293462510559,0.001447165455616));
#10000=CARTESIAN_POINT('',(0.0260207821150626,0.0432801212812585,0.000947180774278135));
#10001=CARTESIAN_POINT('',(0.0257631506089728,0.0428516052289688,0.00143236036570288));
#10002=CARTESIAN_POINT('',(0.0257631506089728,0.0428516052289688,0.));
#10003=CARTESIAN_POINT('',(0.0257631506089728,0.0428516052289688,0.0005));
#10004=CARTESIAN_POINT('',(0.0260207821150626,0.0432801212812585,0.0005));
#10005=CARTESIAN_POINT('',(0.0256644720279385,0.0429293462510559,0.0005));
#10006=CARTESIAN_POINT('',(0.0256644720279385,0.0429293462510559,0.00044755891994625));
#10007=CARTESIAN_POINT('',(0.0255626064931552,0.0430087596987533,0.000358472778077705));
#10008=CARTESIAN_POINT('',(0.0252875813320189,0.0432192324957508,0.000253810192183068));
#10009=CARTESIAN_POINT('',(0.0247451790459039,0.0436221015120873,0.000141233548799958));
#10010=CARTESIAN_POINT('',(0.0235889753413655,0.044425980434489,3.52382590072381E-5));
#10011=CARTESIAN_POINT('',(0.0214576799087357,0.0457083178425381,-4.86384616299339E-6));
#10012=CARTESIAN_POINT('',(0.019542096170124,0.0465759192342648,-4.77115880194183E-7));
#10013=CARTESIAN_POINT('',(0.0183644675509317,0.0470117060035253,8.24273144752197E-7));
#10014=CARTESIAN_POINT('',(0.0256791994045598,0.0429143864836972,0.0005));
#10015=CARTESIAN_POINT('',(0.0256791994045598,0.0429143864836972,0.000439004470373768));
#10016=CARTESIAN_POINT('',(0.0255734118791721,0.0429901076843053,0.000335658166006135));
#10017=CARTESIAN_POINT('',(0.0252886851718802,0.0431909809992419,0.000216555822037904));
#10018=CARTESIAN_POINT('',(0.0247298189687086,0.0435762060065563,9.33318125125131E-5));
#10019=CARTESIAN_POINT('',(0.0235491645143154,0.0443480976601736,-8.59065818322769E-6));
#10020=CARTESIAN_POINT('',(0.0214030343556498,0.0455946697898034,-1.62762581592478E-5));
#10021=CARTESIAN_POINT('',(0.0194918917655239,0.046455967983303,-2.11394809386389E-6));
#10022=CARTESIAN_POINT('',(0.0183186426591585,0.0468944316475818,-6.40972350656258E-6));
#10023=CARTESIAN_POINT('',(0.0257105409297977,0.0428863245556886,0.0005));
#10024=CARTESIAN_POINT('',(0.0257105409297977,0.0428863245556886,0.000421617703673144));
#10025=CARTESIAN_POINT('',(0.0255987510825321,0.0429564903813771,0.00028888652227178));
#10026=CARTESIAN_POINT('',(0.0252987707244088,0.0431425670233838,0.000136466739534108));
#10027=CARTESIAN_POINT('',(0.0247127429864521,0.0434993088050033,-1.98396061441057E-5));
#10028=CARTESIAN_POINT('',(0.0234867150711963,0.0442146161310152,-0.000144210106549477));
#10029=CARTESIAN_POINT('',(0.0212987250895859,0.0453792625651626,-0.000137256864053572));
#10030=CARTESIAN_POINT('',(0.0193928437807811,0.0462184411241417,-0.000112433227064567));
#10031=CARTESIAN_POINT('',(0.018229234765519,0.0466661912539073,-0.000120941909502517));
#10032=CARTESIAN_POINT('',(0.0257451592562625,0.0428624219516343,0.0005));
#10033=CARTESIAN_POINT('',(0.0257451592562625,0.0428624219516343,0.000403951158910207));
#10034=CARTESIAN_POINT('',(0.0256306403493125,0.0429312445369128,0.000240923327557131));
#10035=CARTESIAN_POINT('',(0.0253235218094678,0.0431135879203643,5.05632091966665E-5));
#10036=CARTESIAN_POINT('',(0.0247241557218263,0.043462603986186,-0.000151634599902198));
#10037=CARTESIAN_POINT('',(0.023473567416939,0.0441608385774927,-0.000334405965688184));
#10038=CARTESIAN_POINT('',(0.0212560630745743,0.0452926194631413,-0.000385202807392101));
#10039=CARTESIAN_POINT('',(0.019352137668833,0.0461197841263993,-0.000371035999141418));
#10040=CARTESIAN_POINT('',(0.0181922633966229,0.0465729701927626,-0.00037223461138577));
#10041=CARTESIAN_POINT('',(0.0257631506089728,0.0428516052289688,0.0005));
#10042=CARTESIAN_POINT('',(0.0257631506089728,0.0428516052289688,0.000395117839892495));
#10043=CARTESIAN_POINT('',(0.0256479506664214,0.0429208954551519,0.000216945556155416));
#10044=CARTESIAN_POINT('',(0.0253390647003196,0.0431044471095807,7.62038436610473E-6));
#10045=CARTESIAN_POINT('',(0.0247364327888048,0.0434556542930515,-0.000217532902400093));
#10046=CARTESIAN_POINT('',(0.0234799080216725,0.0441575966439229,-0.000429523481985545));
#10047=CARTESIAN_POINT('',(0.0212559028694726,0.0452932112869566,-0.000509727692325991));
#10048=CARTESIAN_POINT('',(0.0193524409388115,0.0461197903674061,-0.000500954231760388));
#10049=CARTESIAN_POINT('',(0.0181920203984119,0.0465730651108961,-0.000498351453710496));
#10050=CARTESIAN_POINT('',(0.0181920203984119,0.0465730651108961,-0.000498351453710496));
#10051=CARTESIAN_POINT('',(0.0184423920350217,0.0464752668253518,-0.000498913027534292));
#10052=CARTESIAN_POINT('',(0.0189012225537283,0.0462914048642678,-0.000499810123898808));
#10053=CARTESIAN_POINT('',(0.0194633751489408,0.0460573196737645,-0.000500487629687289));
#10054=CARTESIAN_POINT('',(0.0198341262371651,0.0458981062235958,-0.000500470397818444));
#10055=CARTESIAN_POINT('',(0.0200316176100039,0.0458120303511453,-0.000500201077621766));
#10056=CARTESIAN_POINT('',(0.0201433454169147,0.0457629297694571,-0.000499903572476135));
#10057=CARTESIAN_POINT('',(0.0201802551089363,0.0457467303842518,-0.000499805185831286));
#10058=CARTESIAN_POINT('',(0.0203600815801366,0.0456670456671244,-0.000499026578467039));
#10059=CARTESIAN_POINT('',(0.0205441772468204,0.0455845659548338,-0.000497961708323075));
#10060=CARTESIAN_POINT('',(0.0208777970296321,0.0454334051973376,-0.000495474429947717));
#10061=CARTESIAN_POINT('',(0.0213095286186987,0.0452326940661789,-0.000490328246216285));
#10062=CARTESIAN_POINT('',(0.0216933196486366,0.0450494431886729,-0.000483355708205136));
#10063=CARTESIAN_POINT('',(0.0219887069901267,0.0449055475459339,-0.000475926330501479));
#10064=CARTESIAN_POINT('',(0.0221533468960908,0.0448247167465389,-0.000471372446155542));
#10065=CARTESIAN_POINT('',(0.0224716896248722,0.0446661267305442,-0.000459917169382921));
#10066=CARTESIAN_POINT('',(0.0228214891931623,0.0444886680537553,-0.000442891187412745));
#10067=CARTESIAN_POINT('',(0.0232496311831989,0.0442668547782833,-0.00041458552864081));
#10068=CARTESIAN_POINT('',(0.0236246457940464,0.0440673020605296,-0.000379144185188063));
#10069=CARTESIAN_POINT('',(0.0239149822869235,0.0439099869068944,-0.000343600291166366));
#10070=CARTESIAN_POINT('',(0.0240866065115577,0.0438162078770254,-0.000320344983581462));
#10071=CARTESIAN_POINT('',(0.0243768969438073,0.0436554702630948,-0.000272107130130422));
#10072=CARTESIAN_POINT('',(0.0246093391105898,0.0435247458814177,-0.000223043669691439));
#10073=CARTESIAN_POINT('',(0.0248405445936947,0.0433931302198297,-0.000162679269740954));
#10074=CARTESIAN_POINT('',(0.0250215551843434,0.0432891082599967,-0.00010875832149501));
#10075=CARTESIAN_POINT('',(0.0252925077158168,0.0431313370876395,-7.78592612991849E-7));
#10076=CARTESIAN_POINT('',(0.0254308022133573,0.0430498038548846,7.02692211367993E-5));
#10077=CARTESIAN_POINT('',(0.0255844609110362,0.0429585879957693,0.00018064076140982));
#10078=CARTESIAN_POINT('',(0.0256898817793036,0.0428956377933844,0.000280460796533754));
#10079=CARTESIAN_POINT('',(0.0257630063553558,0.0428516919568204,0.000420030079560825));
#10080=CARTESIAN_POINT('',(0.0257631506089728,0.0428516052289688,0.0005));
#10081=CARTESIAN_POINT('',(0.0181920203984119,0.0465730651108961,-0.000498351453710496));
#10082=CARTESIAN_POINT('',(0.0183644675509317,0.0470117060035253,8.24273144752197E-7));
#10083=CARTESIAN_POINT('',(0.0183186426591585,0.0468944316475818,-6.40972350656258E-6));
#10084=CARTESIAN_POINT('',(0.018229234765519,0.0466661912539073,-0.000120941909502517));
#10085=CARTESIAN_POINT('',(0.0181922633966229,0.0465729701927626,-0.00037223461138577));
#10086=CARTESIAN_POINT('',(0.0181920203984119,0.0465730651108961,-0.000498351453710496));
#10087=CARTESIAN_POINT('',(0.0183644675509317,0.0470117060035253,8.2427314475296E-7));
#10088=CARTESIAN_POINT('',(0.0182968011967764,0.0470361664396821,8.67585452053392E-7));
#10089=CARTESIAN_POINT('',(0.0182283726256401,0.0470604076334857,-5.60303855591233E-6));
#10090=CARTESIAN_POINT('',(0.0181600081577042,0.0470841124503445,-1.91940423683162E-5));
#10091=CARTESIAN_POINT('',(0.0183186426591585,0.0468944316475818,-6.40972350656181E-6));
#10092=CARTESIAN_POINT('',(0.018251549792319,0.0469190250380536,-6.82255904787427E-6));
#10093=CARTESIAN_POINT('',(0.0181839497375146,0.0469433730169355,-1.37528886884598E-5));
#10094=CARTESIAN_POINT('',(0.0181164190028059,0.0469672579867945,-2.78596604633424E-5));
#10095=CARTESIAN_POINT('',(0.0182292331639894,0.0466661871301125,-0.000120937732528062));
#10096=CARTESIAN_POINT('',(0.018169186313139,0.0466890904025107,-0.000121707817186632));
#10097=CARTESIAN_POINT('',(0.0181086981575244,0.0467119556063583,-0.000128500384293994));
#10098=CARTESIAN_POINT('',(0.0180487506223404,0.0467343852671576,-0.000141697286184405));
#10099=CARTESIAN_POINT('',(0.0181922633966229,0.0465729701927626,-0.000372234611385769));
#10100=CARTESIAN_POINT('',(0.0181465574421659,0.0465908333179615,-0.000372441414998342));
#10101=CARTESIAN_POINT('',(0.018100731487368,0.0466086348248116,-0.000377166074251745));
#10102=CARTESIAN_POINT('',(0.0180554901738582,0.0466261706956409,-0.000386670556670124));
#10103=CARTESIAN_POINT('',(0.0181920203984119,0.0465730651108961,-0.000498351453710495));
#10104=CARTESIAN_POINT('',(0.0181533997476457,0.0465881508190166,-0.000498264829095894));
#10105=CARTESIAN_POINT('',(0.018114744490031,0.0466031940332394,-0.000501964885764159));
#10106=CARTESIAN_POINT('',(0.0180767339886988,0.046617933119153,-0.000509597021184159));
#10107=CARTESIAN_POINT('',(0.0180767339886988,0.046617933119153,-0.000509597021184152));
#10108=CARTESIAN_POINT('',(0.0181145082410314,0.0466032856419838,-0.000502012321682777));
#10109=CARTESIAN_POINT('',(0.0181529377312463,0.0465883312883875,-0.000498263799191558));
#10110=CARTESIAN_POINT('',(0.0181920203984119,0.0465730651108961,-0.000498351453710496));
#10111=CARTESIAN_POINT('',(-0.0229616803035485,-0.0474999999999547,0.0052982864376269));
#10112=CARTESIAN_POINT('',(-0.0102783549828403,-0.0482071067811413,0.00600539321882977));
#10113=CARTESIAN_POINT('',(-0.035644984564574,-0.048207106781125,0.00600539321881345));
#10114=CARTESIAN_POINT('',(-0.0356449337220182,-0.0474999999999384,0.0052982864376269));
#10115=CARTESIAN_POINT('',(-0.0356450056242502,-0.0484999999999384,0.0052982864376269));
#10116=CARTESIAN_POINT('',(-0.0356450056242502,-0.0484999999999384,0.00529828643762691));
#10117=CARTESIAN_POINT('',(-0.0356450056242502,-0.0484999999999384,0.));
#10118=CARTESIAN_POINT('',(-0.0356450056242502,-0.0484999999999384,0.));
#10119=CARTESIAN_POINT('',(-0.0356450056242502,-0.0484999999999585,-0.026));
#10120=CARTESIAN_POINT('',(-0.0243663942061375,-0.0484999999999686,-0.026));
#10121=CARTESIAN_POINT('',(-0.0243663942061375,-0.0470679251178416,-0.026));
#10122=CARTESIAN_POINT('',(-0.0243663942061375,-0.0454375001599384,-0.026));
#10123=CARTESIAN_POINT('',(-0.035644785423676,-0.0454375001599384,-0.026));
#10124=CARTESIAN_POINT('',(0.0498397431775085,-0.004,-0.026));
#10125=CARTESIAN_POINT('',(-0.0356450056242502,-0.0484999999999384,-0.026));
#10126=CARTESIAN_POINT('',(-0.035644785423676,-0.0454375001599384,0.));
#10127=CARTESIAN_POINT('',(-0.035644785423676,-0.0454375001599384,0.));
#10128=CARTESIAN_POINT('',(-0.035644785423676,-0.0454375001599384,5.78241158658936E-19));
#10129=CARTESIAN_POINT('',(-0.035644785423676,-0.0454375001599384,0.));
#10130=CARTESIAN_POINT('',(0.0251795976893487,0.0207852089766298,0.0129399586417004));
#10131=CARTESIAN_POINT('',(0.0260458782196467,0.0212339080310364,0.0120103038979653));
#10132=CARTESIAN_POINT('',(0.026672555452317,0.02210136773225,0.0109536186838778));
#10133=CARTESIAN_POINT('',(0.0268225241093848,0.0230778757662316,0.0101567253836968));
#10134=CARTESIAN_POINT('',(0.0251786363626468,0.0207853656246498,0.0129391391478002));
#10135=CARTESIAN_POINT('',(0.0260446505247968,0.0212341529011787,0.0120095516264175));
#10136=CARTESIAN_POINT('',(0.0266710243435696,0.0221016755292078,0.0109530934144155));
#10137=CARTESIAN_POINT('',(0.0268208417136707,0.0230779964985202,0.0101565573626677));
#10138=CARTESIAN_POINT('',(0.0251776750359449,0.0207855222726697,0.0129383196539001));
#10139=CARTESIAN_POINT('',(0.026043422829947,0.0212343977713211,0.0120087993548696));
#10140=CARTESIAN_POINT('',(0.0266694932348222,0.0221019833261654,0.0109525681449532));
#10141=CARTESIAN_POINT('',(0.0268191593179567,0.0230781172308088,0.0101563893416385));
#10142=CARTESIAN_POINT('',(0.025176713709243,0.0207856789206897,0.01293750016));
#10143=CARTESIAN_POINT('',(0.0260421951350972,0.0212346426414634,0.0120080470833217));
#10144=CARTESIAN_POINT('',(0.0266679621260748,0.0221022911231231,0.0109520428754909));
#10145=CARTESIAN_POINT('',(0.0268174769222427,0.0230782379630975,0.0101562213206094));
#10146=CARTESIAN_POINT('',(0.0250805810390528,0.020801343722684,0.0128555507699877));
#10147=CARTESIAN_POINT('',(0.0259194256501144,0.0212591296556974,0.0119328199285333));
#10148=CARTESIAN_POINT('',(0.0265148512513349,0.0221330708188908,0.0108995159292592));
#10149=CARTESIAN_POINT('',(0.0266492373508397,0.0230903111919631,0.0101394192176957));
#10150=CARTESIAN_POINT('',(0.0249844483688626,0.0208170085246782,0.0127736013799753));
#10151=CARTESIAN_POINT('',(0.0257966561651316,0.0212836166699315,0.011857592773745));
#10152=CARTESIAN_POINT('',(0.026361740376595,0.0221638505146584,0.0108469889830274));
#10153=CARTESIAN_POINT('',(0.0264809977794367,0.0231023844208287,0.0101226171147821));
#10154=CARTESIAN_POINT('',(0.0248883156986724,0.0208326733266725,0.012691651989963));
#10155=CARTESIAN_POINT('',(0.0256738866801488,0.0213081036841655,0.0117823656189566));
#10156=CARTESIAN_POINT('',(0.0262086295018551,0.0221946302104261,0.0107944620367957));
#10157=CARTESIAN_POINT('',(0.0263127582080337,0.0231144576496943,0.0101058150118684));
#10158=CARTESIAN_POINT('',(0.025176713709243,0.0207856789206897,0.01293750016));
#10159=CARTESIAN_POINT('',(0.0255586011160607,0.020983780908739,0.0125273857258732));
#10160=CARTESIAN_POINT('',(0.0258834113958889,0.0212548923623901,0.0121060054270737));
#10161=CARTESIAN_POINT('',(0.0261490834370554,0.0215818160759392,0.0116869769504119));
#10162=CARTESIAN_POINT('',(0.025176713709243,0.0207856789206897,0.01293750016));
#10163=CARTESIAN_POINT('',(0.0250347566545493,0.0209276359753835,0.0125179573953371));
#10164=CARTESIAN_POINT('',(0.0250852720124592,0.0208771206174736,0.0126556419479642));
#10165=CARTESIAN_POINT('',(0.0251325910306904,0.0208298015992423,0.0127954895361851));
#10166=CARTESIAN_POINT('',(0.025176713709243,0.0207856789206898,0.01293750016));
#10167=CARTESIAN_POINT('',(0.0250347356105564,0.020927758115482,0.0125180101305114));
#10168=CARTESIAN_POINT('',(0.0263127582080337,0.0231144576496943,0.0101058150118684));
#10169=CARTESIAN_POINT('',(0.0262049632164196,0.0221622438487045,0.0108187087277463));
#10170=CARTESIAN_POINT('',(0.0257295743030484,0.021410412399316,0.0116776896962499));
#10171=CARTESIAN_POINT('',(0.0250349091482649,0.0209278514809576,0.0125182071581001));
#10172=CARTESIAN_POINT('',(0.0258096234397031,0.0258096234397031,0.012));
#10173=CARTESIAN_POINT('',(0.0229811963149665,0.0229811963149665,0.012));
#10174=CARTESIAN_POINT('',(0.020927758115482,0.0250347356105564,0.0125180101305114));
#10175=CARTESIAN_POINT('',(0.0209276359753836,0.0250347566545493,0.0125179573953371));
#10176=CARTESIAN_POINT('',(0.0209695902248998,0.0250952346973508,0.0124445155880154));
#10177=CARTESIAN_POINT('',(0.021076433143827,0.0252401409439793,0.0122649131448196));
#10178=CARTESIAN_POINT('',(0.0212942637462063,0.0254742834962809,0.0119435111547301));
#10179=CARTESIAN_POINT('',(0.0215148526871918,0.025661509655899,0.0116555457725534));
#10180=CARTESIAN_POINT('',(0.0216568635321964,0.0257659352232329,0.0114822565204969));
#10181=CARTESIAN_POINT('',(0.0217584220588818,0.0258332844080674,0.011364153381777));
#10182=CARTESIAN_POINT('',(0.0218348018218327,0.0258800733266481,0.0112782823057118));
#10183=CARTESIAN_POINT('',(0.0218680305066705,0.0259000939993157,0.0112411759557784));
#10184=CARTESIAN_POINT('',(0.0219646997559616,0.02595457933531,0.0111358746090258));
#10185=CARTESIAN_POINT('',(0.0220711579942213,0.0260094267964495,0.0110237382892885));
#10186=CARTESIAN_POINT('',(0.0222665317550857,0.0261001475591938,0.0108254732808206));
#10187=CARTESIAN_POINT('',(0.0226412437579283,0.0262352076725578,0.0104755150471876));
#10188=CARTESIAN_POINT('',(0.0229378385858919,0.0262927641158647,0.0102380443710292));
#10189=CARTESIAN_POINT('',(0.0231144576496943,0.0263127582080336,0.0101058150118684));
#10190=CARTESIAN_POINT('',(0.0230778757662316,0.026822524109385,0.0101567253836969));
#10191=CARTESIAN_POINT('',(0.0221013677322405,0.0266725554523157,0.0109536186838858));
#10192=CARTESIAN_POINT('',(0.0212339080310198,0.0260458782196341,0.0120103038979862));
#10193=CARTESIAN_POINT('',(0.0207852089766168,0.0251795976893235,0.0129399586417278));
#10194=CARTESIAN_POINT('',(0.0230779964985202,0.026820841713671,0.0101565573626678));
#10195=CARTESIAN_POINT('',(0.0221016755291983,0.0266710243435683,0.0109530934144234));
#10196=CARTESIAN_POINT('',(0.0212341529011621,0.0260446505247844,0.0120095516264383));
#10197=CARTESIAN_POINT('',(0.0207853656246367,0.0251786363626216,0.0129391391478276));
#10198=CARTESIAN_POINT('',(0.0230781172308088,0.0268191593179569,0.0101563893416386));
#10199=CARTESIAN_POINT('',(0.0221019833261559,0.0266694932348209,0.0109525681449611));
#10200=CARTESIAN_POINT('',(0.0212343977713044,0.0260434228299346,0.0120087993548904));
#10201=CARTESIAN_POINT('',(0.0207855222726566,0.0251776750359197,0.0129383196539275));
#10202=CARTESIAN_POINT('',(0.0230782379630975,0.0268174769222429,0.0101562213206095));
#10203=CARTESIAN_POINT('',(0.0221022911231136,0.0266679621260735,0.0109520428754988));
#10204=CARTESIAN_POINT('',(0.0212346426414468,0.0260421951350847,0.0120080470833425));
#10205=CARTESIAN_POINT('',(0.0207856789206766,0.0251767137092178,0.0129375001600274));
#10206=CARTESIAN_POINT('',(0.0230903111919631,0.0266492373508398,0.0101394192176958));
#10207=CARTESIAN_POINT('',(0.0221330708188814,0.0265148512513337,0.0108995159292667));
#10208=CARTESIAN_POINT('',(0.0212591296556807,0.0259194256501024,0.0119328199285537));
#10209=CARTESIAN_POINT('',(0.0208013437226706,0.0250805810390283,0.0128555507700148));
#10210=CARTESIAN_POINT('',(0.0231023844208287,0.0264809977794367,0.0101226171147821));
#10211=CARTESIAN_POINT('',(0.0221638505146493,0.0263617403765939,0.0108469889830345));
#10212=CARTESIAN_POINT('',(0.0212836166699147,0.0257966561651201,0.0118575927737649));
#10213=CARTESIAN_POINT('',(0.0208170085246646,0.0249844483688388,0.0127736013800022));
#10214=CARTESIAN_POINT('',(0.0231144576496943,0.0263127582080336,0.0101058150118684));
#10215=CARTESIAN_POINT('',(0.0221946302104171,0.0262086295018541,0.0107944620368024));
#10216=CARTESIAN_POINT('',(0.0213081036841486,0.0256738866801378,0.0117823656189761));
#10217=CARTESIAN_POINT('',(0.0208326733266586,0.0248883156986493,0.0126916519899896));
#10218=CARTESIAN_POINT('',(0.0207856789206898,0.025176713709243,0.01293750016));
#10219=CARTESIAN_POINT('',(0.0208298015960005,0.0251325910339323,0.0127954895339912));
#10220=CARTESIAN_POINT('',(0.0208771206142318,0.025085272015701,0.0126556419457702));
#10221=CARTESIAN_POINT('',(0.0209276359753835,0.0250347566545492,0.0125179573953371));
#10222=CARTESIAN_POINT('',(0.0207856789206845,0.0251767137092329,0.012937500160011));
#10223=CARTESIAN_POINT('',(0.0215787177259478,0.0261524761375765,0.0116867688131563));
#10224=CARTESIAN_POINT('',(0.0212472111507033,0.0258820908394055,0.0121123706383895));
#10225=CARTESIAN_POINT('',(0.0209828648822839,0.0255568366966277,0.0125292810873374));
#10226=CARTESIAN_POINT('',(0.0207856789206898,0.025176713709243,0.01293750016));
#10227=CARTESIAN_POINT('',(0.0299874195044311,0.0251231672202397,0.00646875008));
#10228=CARTESIAN_POINT('',(0.0143408463599696,0.0316215462699632,0.01293750016));
#10229=CARTESIAN_POINT('',(0.0163549944994674,0.0296073981304654,0.01293750016));
#10230=CARTESIAN_POINT('',(0.0163549944994674,0.029667308888561,0.0128951368566846));
#10231=CARTESIAN_POINT('',(0.0163549944994674,0.0272245419019679,-0.00169977217964756));
#10232=CARTESIAN_POINT('',(0.0163549944994674,0.0296073981304654,-0.00169977217964756));
#10233=CARTESIAN_POINT('',(0.0163549944994674,0.0296073981304654,0.0221004556407049));
#10234=CARTESIAN_POINT('',(0.0163549944994674,0.0272245419019679,0.0221004556407049));
#10235=CARTESIAN_POINT('',(0.0299874195044311,0.0251231672202397,0.00646875008));
#10236=CARTESIAN_POINT('',(0.0323590732925916,0.0150175328996545,0.0119375001600422));
#10237=CARTESIAN_POINT('',(0.0316519665114272,0.0143104261184901,0.01293750016));
#10238=CARTESIAN_POINT('',(0.0143408463599696,0.0316215462699632,0.01293750016));
#10239=CARTESIAN_POINT('',(0.0229811963149664,0.0229811963149664,0.012));
#10240=CARTESIAN_POINT('',(0.0229811963149664,0.0229811963149664,0.012));
#10241=CARTESIAN_POINT('',(0.0219205361431866,0.0240418564867462,0.012));
#10242=CARTESIAN_POINT('',(-0.0356438551885372,0.045440941711686,-2.22044604925031E-18));
#10243=CARTESIAN_POINT('',(-0.0326438551885372,0.0325034415516495,0.01293750016));
#10244=CARTESIAN_POINT('',(-0.0326438551885372,0.0325034415516495,0.01293750016));
#10245=CARTESIAN_POINT('',(-0.0356438551885372,0.0325034415516495,0.01293750016));
#10246=CARTESIAN_POINT('',(-0.0346438551885372,0.0325034415516495,0.01293750016));
#10247=CARTESIAN_POINT('',(-0.0346438551885372,0.0552065666716861,-0.00976562495997254));
#10248=CARTESIAN_POINT('',(-0.0346438551885372,0.0559136734528716,-0.009058518178785));
#10249=CARTESIAN_POINT('',(-0.0356438551885372,0.0458551552740583,0.001));
#10250=CARTESIAN_POINT('',(-0.0356438551885372,0.0325034415516495,0.0143517137223711));
#10251=CARTESIAN_POINT('',(-0.0346438551885372,0.0325034415516495,0.014351713722371));
#10252=CARTESIAN_POINT('',(-0.0326438551885372,0.0418532825734505,-0.000249900770964908));
#10253=CARTESIAN_POINT('',(-0.0326438551885372,0.0419468780414884,0.0221004556407049));
#10254=CARTESIAN_POINT('',(-0.0326438551885372,0.0325034415516495,0.0221004556407049));
#10255=CARTESIAN_POINT('',(-0.0326438551885372,0.0325034415516495,0.024));
#10256=CARTESIAN_POINT('',(-0.0356438551885372,0.0585034415516495,-0.026));
#10257=CARTESIAN_POINT('',(-0.0356438551885372,0.0325034415516495,-0.026));
#10258=CARTESIAN_POINT('',(-0.0356438551885372,0.0325034415516495,0.0221000000000017));
#10259=CARTESIAN_POINT('',(-0.0356438551885372,0.0585034415516495,0.0221000000000016));
#10260=CARTESIAN_POINT('',(-0.0102783549828403,-0.0413562499999711,0.01285625));
#10261=CARTESIAN_POINT('',(-0.0356439783211096,-0.0342124999999384,0.02));
#10262=CARTESIAN_POINT('',(-0.0356439783211096,-0.0342124999999384,0.02));
#10263=CARTESIAN_POINT('',(0.0122193000900201,-0.0342124999999843,0.02));
#10264=CARTESIAN_POINT('',(-0.035644984564574,-0.048207106781125,0.00600539321881344));
#10265=CARTESIAN_POINT('',(0.0122193000900066,-0.0413562499999856,0.0128562500000145));
#10266=CARTESIAN_POINT('',(0.0136537978742808,-0.0389687500800018,0.00646875008));
#10267=CARTESIAN_POINT('',(-0.0356438551885372,-0.0324999999999384,0.01293750016));
#10268=CARTESIAN_POINT('',(-0.0356438551885372,-0.0324999999999384,0.01293750016));
#10269=CARTESIAN_POINT('',(0.0136537978742808,-0.0324999999999701,0.0129375001600317));
#10270=CARTESIAN_POINT('',(0.0122193000900063,-0.0324999999999646,0.0129375001600034));
#10271=CARTESIAN_POINT('',(0.0122193000900063,-0.0389687500799373,0.00646875008));
#10272=CARTESIAN_POINT('',(0.0296038612010034,0.0122623208080663,0.0119375002030333));
#10273=CARTESIAN_POINT('',(0.033499999956968,0.0122124229317391,0.0119375002030461));
#10274=CARTESIAN_POINT('',(0.0331666666379826,0.0122147153186616,0.0122708335220315));
#10275=CARTESIAN_POINT('',(0.0328333333189971,0.0122170077055841,0.0126041668410169));
#10276=CARTESIAN_POINT('',(0.0325000000000117,0.0122193000925066,0.0129375001600023));
#10277=CARTESIAN_POINT('',(0.0324999999999994,0.0122193000925068,0.0129375001599955));
#10278=CARTESIAN_POINT('',(0.0296038612010034,0.0122623208080663,0.01293750016));
#10279=CARTESIAN_POINT('',(-0.00894443034453489,0.0419468780414884,0.0221004556407049));
#10280=CARTESIAN_POINT('',(0.0123549944994674,0.0298266232276572,0.0221004556407049));
#10281=CARTESIAN_POINT('',(0.0143408463602389,0.0316215462697196,0.0221004556407049));
#10282=CARTESIAN_POINT('',(0.0123549944994674,0.0325034415516495,0.0221004556407049));
#10283=CARTESIAN_POINT('',(-0.00894443034453489,0.0325034415516495,0.0221004556407049));
#10284=CARTESIAN_POINT('',(-0.00764443034453489,0.0325034415516495,0.0221004556407049));
#10285=CARTESIAN_POINT('',(-0.00764443034453489,0.0419468780414884,0.0221004556407049));
#10286=CARTESIAN_POINT('',(-0.00764443034453489,0.0350034415516496,0.0221004556407049));
#10287=CARTESIAN_POINT('',(-0.0101444303445349,0.0350034415516496,0.0221004556407049));
#10288=CARTESIAN_POINT('',(-0.0126444303445349,0.0350034415516495,0.0221004556407049));
#10289=CARTESIAN_POINT('',(-0.0126444303445349,0.0419468780414884,0.0221004556407049));
#10290=CARTESIAN_POINT('',(-0.0126444303445349,0.0325034415516495,0.0221004556407049));
#10291=CARTESIAN_POINT('',(-0.00894443034453489,0.0325034415516495,0.0221004556407049));
#10292=CARTESIAN_POINT('',(0.0143408463599696,0.0316215462699632,0.0221004556407049));
#10293=CARTESIAN_POINT('',(0.0123549944994674,0.0298266232276572,0.));
#10294=CARTESIAN_POINT('',(0.0258113234513439,0.0427784861765394,0.));
#10295=CARTESIAN_POINT('',(0.0258113234513514,0.0427784861765466,0.00144999999999651));
#10296=CARTESIAN_POINT('',(0.0258113234513525,0.0427784861765477,0.00571249999997861));
#10297=CARTESIAN_POINT('',(0.0258113234513541,0.0427784861765489,0.0014499999999861));
#10298=CARTESIAN_POINT('',(0.0257623729768822,0.0428287728680512,0.00144905515186274));
#10299=CARTESIAN_POINT('',(0.0257134225024103,0.0428790595595535,0.00144811030373937));
#10300=CARTESIAN_POINT('',(0.0256644720279385,0.0429293462510559,0.00144716545561601));
#10301=CARTESIAN_POINT('',(0.0123549944994674,0.0298266232276572,0.00571249999986087));
#10302=CARTESIAN_POINT('',(0.0484633296076211,0.0211517848529827,0.000725));
#10303=CARTESIAN_POINT('',(0.,0.,0.0499503195081704));
#10304=CARTESIAN_POINT('',(0.0258113234513439,0.0427784861765394,0.00145));
#10305=CARTESIAN_POINT('',(0.0428890600256353,0.0257007496022481,0.00144999999999995));
#10306=CARTESIAN_POINT('',(0.,0.,0.0499503195081704));
#10307=CARTESIAN_POINT('',(0.0123549944994674,0.0298266232276572,0.00571249999991387));
#10308=CARTESIAN_POINT('',(0.0258113234513439,0.0427784861765394,0.00571250000000005));
#10309=CARTESIAN_POINT('',(0.0225758645881957,0.0396042428216423,0.0102448439037664));
#10310=CARTESIAN_POINT('',(0.0199237549375702,0.0370133486847346,0.0139522074357179));
#10311=CARTESIAN_POINT('',(0.0178549944994674,0.0350058037658163,0.0168345905958545));
#10312=CARTESIAN_POINT('',(0.0178549944994645,0.0350058037658135,0.0168345905958504));
#10313=CARTESIAN_POINT('',(0.0178406199326779,0.0350011094957723,0.0168482710139594));
#10314=CARTESIAN_POINT('',(0.0178467500891316,0.0349990077810959,0.0168452538669394));
#10315=CARTESIAN_POINT('',(0.0178514122469791,0.0350023275148263,0.0168395817115323));
#10316=CARTESIAN_POINT('',(0.0178549944989926,0.0350058037662984,0.0168345905958494));
#10317=CARTESIAN_POINT('',(0.0316365185285391,0.0316365668049697,0.00904988586276654));
#10318=CARTESIAN_POINT('',(0.0319476986257198,0.0313253955557246,0.00904988088920274));
#10319=CARTESIAN_POINT('',(0.0323793660871985,0.0305122045006911,0.00925014571528055));
#10320=CARTESIAN_POINT('',(0.0323270702434993,0.0289607312066268,0.0100923467299407));
#10321=CARTESIAN_POINT('',(0.0315857015526967,0.0273832558164213,0.0113111825536622));
#10322=CARTESIAN_POINT('',(0.0304451278376801,0.0262359832903491,0.0125156443543481));
#10323=CARTESIAN_POINT('',(0.0292592993974687,0.0255828937825759,0.0134857273015548));
#10324=CARTESIAN_POINT('',(0.0282925778824914,0.0253334950792647,0.0141287116654119));
#10325=CARTESIAN_POINT('',(0.0276215586275472,0.0253367605421713,0.0144825497954632));
#10326=CARTESIAN_POINT('',(0.0266736876768114,0.0254955875129677,0.0149013080573229));
#10327=CARTESIAN_POINT('',(0.0258280395686709,0.0260595435148967,0.0150514505490916));
#10328=CARTESIAN_POINT('',(0.0252954558920727,0.02734855326673,0.0146489858809233));
#10329=CARTESIAN_POINT('',(0.0253438172572366,0.0287290942939354,0.0138918397656349));
#10330=CARTESIAN_POINT('',(0.0260928165920217,0.0303028793141691,0.0126658787999267));
#10331=CARTESIAN_POINT('',(0.0273833385976215,0.0315856525937668,0.0113111763014253));
#10332=CARTESIAN_POINT('',(0.0289605838408856,0.0323272270443063,0.0100923342566933));
#10333=CARTESIAN_POINT('',(0.0305122855041135,0.0323792319961619,0.00925017555666331));
#10334=CARTESIAN_POINT('',(0.0313253384313582,0.0319477380542149,0.00904989083633032));
#10335=CARTESIAN_POINT('',(0.0316365185285391,0.0316365668049697,0.00904988586276654));
#10336=CARTESIAN_POINT('',(0.0316383881931048,0.0316384367939525,0.00904988538094536));
#10337=CARTESIAN_POINT('',(0.0319498478653157,0.0313269859283975,0.00904988052952645));
#10338=CARTESIAN_POINT('',(0.0323821087778327,0.0305132687880673,0.00925051474242301));
#10339=CARTESIAN_POINT('',(0.0323302929447218,0.0289616409128965,0.0100941229963433));
#10340=CARTESIAN_POINT('',(0.0315887240285434,0.0273849784420179,0.0113145446365842));
#10341=CARTESIAN_POINT('',(0.0304474886415566,0.0262392977088163,0.0125197593894165));
#10342=CARTESIAN_POINT('',(0.0292611958197831,0.0255878939598188,0.0134895425555094));
#10343=CARTESIAN_POINT('',(0.0282945097693889,0.0253397523760382,0.0141315908116619));
#10344=CARTESIAN_POINT('',(0.0276240288208649,0.0253435305304326,0.0144844731099447));
#10345=CARTESIAN_POINT('',(0.0266774009660113,0.025502698336404,0.0149017048672098));
#10346=CARTESIAN_POINT('',(0.0258344065724801,0.0260649563166827,0.0150508816549204));
#10347=CARTESIAN_POINT('',(0.0253026364176697,0.0273510241180992,0.0146505415944093));
#10348=CARTESIAN_POINT('',(0.0253495859757598,0.0287308055368165,0.0138953933914144));
#10349=CARTESIAN_POINT('',(0.0260963265260304,0.0303051529871851,0.0126701003197644));
#10350=CARTESIAN_POINT('',(0.0273850626704272,0.0315886755425848,0.0113145335006322));
#10351=CARTESIAN_POINT('',(0.0289614916160639,0.0323304502122742,0.0100941137932928));
#10352=CARTESIAN_POINT('',(0.0305133507445672,0.0323819739813969,0.00925054385093639));
#10353=CARTESIAN_POINT('',(0.0313269285208939,0.0319498876595074,0.00904989023236424));
#10354=CARTESIAN_POINT('',(0.0316383881931048,0.0316384367939525,0.00904988538094536));
#10355=CARTESIAN_POINT('',(0.0316402578576707,0.0316403067829352,0.00904988489912417));
#10356=CARTESIAN_POINT('',(0.0319519971049116,0.0313285763010705,0.00904988016985017));
#10357=CARTESIAN_POINT('',(0.0323848514684669,0.0305143330754435,0.00925088376956547));
#10358=CARTESIAN_POINT('',(0.0323335156459444,0.0289625506191662,0.010095899262746));
#10359=CARTESIAN_POINT('',(0.03159174650439,0.0273867010676145,0.0113179067195062));
#10360=CARTESIAN_POINT('',(0.0304498494454331,0.0262426121272835,0.0125238744244848));
#10361=CARTESIAN_POINT('',(0.0292630922420975,0.0255928941370618,0.013493357809464));
#10362=CARTESIAN_POINT('',(0.0282964416562864,0.0253460096728116,0.014134469957912));
#10363=CARTESIAN_POINT('',(0.0276264990141824,0.0253503005186939,0.0144863964244262));
#10364=CARTESIAN_POINT('',(0.0266811142552112,0.0255098091598403,0.0149021016770968));
#10365=CARTESIAN_POINT('',(0.0258407735762892,0.0260703691184689,0.0150503127607494));
#10366=CARTESIAN_POINT('',(0.0253098169432667,0.0273534949694684,0.0146520973078952));
#10367=CARTESIAN_POINT('',(0.025355354694283,0.0287325167796974,0.0138989470171938));
#10368=CARTESIAN_POINT('',(0.0260998364600392,0.0303074266602011,0.012674321839602));
#10369=CARTESIAN_POINT('',(0.0273867867432329,0.0315916984914027,0.0113178906998392));
#10370=CARTESIAN_POINT('',(0.0289623993912423,0.0323336733802422,0.0100958933298924));
#10371=CARTESIAN_POINT('',(0.0305144159850211,0.0323847159666319,0.00925091214520948));
#10372=CARTESIAN_POINT('',(0.0313285186104297,0.0319520372647999,0.00904988962839817));
#10373=CARTESIAN_POINT('',(0.0316402578576707,0.0316403067829352,0.00904988489912417));
#10374=CARTESIAN_POINT('',(0.0316421275222365,0.0316421767719179,0.00904988441730299));
#10375=CARTESIAN_POINT('',(0.0319541463445075,0.0313301666737434,0.00904987981017388));
#10376=CARTESIAN_POINT('',(0.0323875941591011,0.0305153973628196,0.00925125279670793));
#10377=CARTESIAN_POINT('',(0.0323367383471669,0.0289634603254358,0.0100976755291486));
#10378=CARTESIAN_POINT('',(0.0315947689802367,0.0273884236932111,0.0113212688024282));
#10379=CARTESIAN_POINT('',(0.0304522102493097,0.0262459265457507,0.0125279894595532));
#10380=CARTESIAN_POINT('',(0.0292649886644118,0.0255978943143048,0.0134971730634187));
#10381=CARTESIAN_POINT('',(0.0282983735431838,0.0253522669695851,0.0141373491041621));
#10382=CARTESIAN_POINT('',(0.0276289692075001,0.0253570705069552,0.0144883197389077));
#10383=CARTESIAN_POINT('',(0.0266848275444111,0.0255169199832765,0.0149024984869837));
#10384=CARTESIAN_POINT('',(0.0258471405800984,0.0260757819202549,0.0150497438665782));
#10385=CARTESIAN_POINT('',(0.0253169974688637,0.0273559658208377,0.0146536530213812));
#10386=CARTESIAN_POINT('',(0.0253611234128061,0.0287342280225785,0.0139025006429733));
#10387=CARTESIAN_POINT('',(0.0261033463940479,0.0303097003332171,0.0126785433594397));
#10388=CARTESIAN_POINT('',(0.0273885108160386,0.0315947214402206,0.0113212478990461));
#10389=CARTESIAN_POINT('',(0.0289633071664206,0.0323368965482101,0.0100976728664919));
#10390=CARTESIAN_POINT('',(0.0305154812254748,0.032387457951867,0.00925128043948256));
#10391=CARTESIAN_POINT('',(0.0313301086999654,0.0319541868700925,0.00904988902443209));
#10392=CARTESIAN_POINT('',(0.0316421275222365,0.0316421767719179,0.00904988441730299));
#10393=CARTESIAN_POINT('',(0.0316950176089642,0.0316950760359274,0.00904987078728371));
#10394=CARTESIAN_POINT('',(0.0320149452015342,0.0313751559997099,0.00904986963545576));
#10395=CARTESIAN_POINT('',(0.0324651808814264,0.0305455045021731,0.00926169203694721));
#10396=CARTESIAN_POINT('',(0.0324279038697286,0.0289891945904894,0.0101479235179077));
#10397=CARTESIAN_POINT('',(0.0316802704186147,0.0274371542617145,0.0114163772302076));
#10398=CARTESIAN_POINT('',(0.0305189939516161,0.0263396866155449,0.0126443978066072));
#10399=CARTESIAN_POINT('',(0.0293186356888637,0.0257393420439507,0.0136051010395049));
#10400=CARTESIAN_POINT('',(0.0283530238090246,0.0255292767793016,0.0142187959570638));
#10401=CARTESIAN_POINT('',(0.0276988473777302,0.0255485836119422,0.0145427275035897));
#10402=CARTESIAN_POINT('',(0.0267898710861339,0.0257180748188145,0.0149137236605885));
#10403=CARTESIAN_POINT('',(0.0260272538420267,0.0262289021970887,0.0150336506792761));
#10404=CARTESIAN_POINT('',(0.0255201240769824,0.0274258626063894,0.0146976618894425));
#10405=CARTESIAN_POINT('',(0.025524312055611,0.0287826365906416,0.014003027539139));
#10406=CARTESIAN_POINT('',(0.0262026373136728,0.0303740192304164,0.0127979640054838));
#10407=CARTESIAN_POINT('',(0.0274372823239794,0.0316802362582663,0.0114162181736413));
#10408=CARTESIAN_POINT('',(0.028988986803714,0.0324280752743187,0.0101480133643569));
#10409=CARTESIAN_POINT('',(0.030545615326006,0.0324650247194778,0.00926169894791493));
#10410=CARTESIAN_POINT('',(0.0313750900163941,0.0320149960721448,0.00904987193911166));
#10411=CARTESIAN_POINT('',(0.0316950176089642,0.0316950760359274,0.00904987078728371));
#10412=CARTESIAN_POINT('',(0.0318007909067658,0.0318008672852176,0.00903299329862896));
#10413=CARTESIAN_POINT('',(0.0321383183758731,0.0314633439568212,0.00903299522671925));
#10414=CARTESIAN_POINT('',(0.0326256789106991,0.0306003762547661,0.0092636714574587));
#10415=CARTESIAN_POINT('',(0.0326276168092301,0.0290232384496794,0.0102252771979019));
#10416=CARTESIAN_POINT('',(0.0318888822214184,0.0274969230322294,0.0115902366351601));
#10417=CARTESIAN_POINT('',(0.0307094579136039,0.0264701697831395,0.0128877966062046));
#10418=CARTESIAN_POINT('',(0.0294914537796602,0.0259564632147909,0.0138715410628442));
#10419=CARTESIAN_POINT('',(0.0285253677729088,0.0258199268674579,0.0144705696654194));
#10420=CARTESIAN_POINT('',(0.0278917770176851,0.025878031752499,0.0147670554846514));
#10421=CARTESIAN_POINT('',(0.0270321944766613,0.0260877614667835,0.0150874864629966));
#10422=CARTESIAN_POINT('',(0.0263797820029674,0.0265422759115755,0.0151690787097178));
#10423=CARTESIAN_POINT('',(0.0258742999179558,0.02761731852748,0.0149132242787264));
#10424=CARTESIAN_POINT('',(0.0257821349587728,0.0289476925676948,0.0142740766021882));
#10425=CARTESIAN_POINT('',(0.0263417438417033,0.0305619636758295,0.0130505137375423));
#10426=CARTESIAN_POINT('',(0.0274971121526177,0.0318889256928163,0.0115899358624262));
#10427=CARTESIAN_POINT('',(0.0290229445559843,0.0326277808939701,0.0102254748378378));
#10428=CARTESIAN_POINT('',(0.0306005140960556,0.0326255162251447,0.00926365988891699));
#10429=CARTESIAN_POINT('',(0.0314632634376586,0.032138390613614,0.00903299137053868));
#10430=CARTESIAN_POINT('',(0.0318007909067658,0.0318008672852176,0.00903299329862896));
#10431=CARTESIAN_POINT('',(0.0319389411011369,0.0319390206560991,0.00896460881964457));
#10432=CARTESIAN_POINT('',(0.0323043694363927,0.0315735945429586,0.00896460941936368));
#10433=CARTESIAN_POINT('',(0.0328488189315043,0.0306560911211174,0.00921479827588773));
#10434=CARTESIAN_POINT('',(0.0329244196401312,0.0290172670087184,0.0102600132824332));
#10435=CARTESIAN_POINT('',(0.0322340534759341,0.027464022415765,0.0117502582115151));
#10436=CARTESIAN_POINT('',(0.0310673012012078,0.0264546342406713,0.0131774960332219));
#10437=CARTESIAN_POINT('',(0.0298382213574886,0.0259881955421823,0.0142690692861895));
#10438=CARTESIAN_POINT('',(0.0288524699678078,0.0259069024823497,0.0149395151309567));
#10439=CARTESIAN_POINT('',(0.0282009021796862,0.0260103508130779,0.0152739090230684));
#10440=CARTESIAN_POINT('',(0.0273124977680276,0.026288926675761,0.0156367985279839));
#10441=CARTESIAN_POINT('',(0.0266257172774702,0.0268005397297764,0.0157307526728507));
#10442=CARTESIAN_POINT('',(0.0260252384847058,0.0279189296238039,0.0154386756812032));
#10443=CARTESIAN_POINT('',(0.0258381238829158,0.0292871801791903,0.0147172433534239));
#10444=CARTESIAN_POINT('',(0.026328297735132,0.0309212649635416,0.013356395972051));
#10445=CARTESIAN_POINT('',(0.0274642677185916,0.0322341122670649,0.0117499666659012));
#10446=CARTESIAN_POINT('',(0.0290169308800404,0.0329245806245681,0.0102601937817687));
#10447=CARTESIAN_POINT('',(0.0306562489199694,0.0328486477999606,0.00921479467757306));
#10448=CARTESIAN_POINT('',(0.0315735127658811,0.0323044467692396,0.00896460821992546));
#10449=CARTESIAN_POINT('',(0.0319389411011369,0.0319390206560991,0.00896460881964457));
#10450=CARTESIAN_POINT('',(0.0320532346288108,0.0320533107721071,0.00886925564821116));
#10451=CARTESIAN_POINT('',(0.0324458443420867,0.031660705852741,0.00886925291300145));
#10452=CARTESIAN_POINT('',(0.0330437651764416,0.0306879683165774,0.00913198909498101));
#10453=CARTESIAN_POINT('',(0.0331899166927248,0.0289697728536563,0.0102333193932698));
#10454=CARTESIAN_POINT('',(0.0325515627972274,0.0273468934164793,0.0118155420014895));
#10455=CARTESIAN_POINT('',(0.031403945985492,0.0262894550392728,0.0133548823288763));
#10456=CARTESIAN_POINT('',(0.0301583810235608,0.025798948781399,0.0145628716580171));
#10457=CARTESIAN_POINT('',(0.0291305274918002,0.025714682065943,0.015333592853826));
#10458=CARTESIAN_POINT('',(0.0284228259769562,0.0258364884413192,0.0157378197478363));
#10459=CARTESIAN_POINT('',(0.0274301065326995,0.0261613517588566,0.0161970506483124));
#10460=CARTESIAN_POINT('',(0.0265737207334524,0.0268068837816104,0.0163403167030347));
#10461=CARTESIAN_POINT('',(0.0258495778845812,0.0281281174156309,0.0159324178097336));
#10462=CARTESIAN_POINT('',(0.0256402051435504,0.0295964129177952,0.0150637378282637));
#10463=CARTESIAN_POINT('',(0.0261572399905075,0.0312604928785885,0.0135473740478201));
#10464=CARTESIAN_POINT('',(0.0273470748987868,0.0325515834612189,0.0118153805321701));
#10465=CARTESIAN_POINT('',(0.0289694877022447,0.0331900911111119,0.0102334116719713));
#10466=CARTESIAN_POINT('',(0.030688106896786,0.033043597832774,0.00913200550623923));
#10467=CARTESIAN_POINT('',(0.0316606249155348,0.0324459156914732,0.00886925838342086));
#10468=CARTESIAN_POINT('',(0.0320532346288108,0.0320533107721071,0.00886925564821116));
#10469=CARTESIAN_POINT('',(0.032114063798499,0.032114131328181,0.00879661245580062));
#10470=CARTESIAN_POINT('',(0.03252345927703,0.0317047420494659,0.00879660683190105));
#10471=CARTESIAN_POINT('',(0.0331530484388651,0.0306965394634787,0.00906432184994547));
#10472=CARTESIAN_POINT('',(0.0333386818835193,0.0289207634117161,0.0101887171962489));
#10473=CARTESIAN_POINT('',(0.0327273448523383,0.0272376000237593,0.0118111647750126));
#10474=CARTESIAN_POINT('',(0.0315853874569219,0.0261258461478221,0.0134048131200759));
#10475=CARTESIAN_POINT('',(0.0303200569726559,0.0255936063061711,0.014675891052367));
#10476=CARTESIAN_POINT('',(0.0292533727362624,0.0254852020110422,0.0155068259084233));
#10477=CARTESIAN_POINT('',(0.0284962477745992,0.025606414012975,0.0159564806693279));
#10478=CARTESIAN_POINT('',(0.0274128463436444,0.0259476855069457,0.0164812734837695));
#10479=CARTESIAN_POINT('',(0.0264120065321167,0.0266937346444174,0.0166614053861078));
#10480=CARTESIAN_POINT('',(0.0256110433040497,0.028190141835498,0.0161696720547416));
#10481=CARTESIAN_POINT('',(0.0254171104548643,0.0297466839216345,0.0152061295196977));
#10482=CARTESIAN_POINT('',(0.0259870030738879,0.0314428318815924,0.013603784894314));
#10483=CARTESIAN_POINT('',(0.0272377642817395,0.0327273086056811,0.0118111017049095));
#10484=CARTESIAN_POINT('',(0.0289205204890685,0.0333388774210442,0.0101887381488769));
#10485=CARTESIAN_POINT('',(0.0306966755676792,0.0331528751357696,0.00906435559334288));
#10486=CARTESIAN_POINT('',(0.031704668319968,0.0325235206068962,0.00879661807970019));
#10487=CARTESIAN_POINT('',(0.032114063798499,0.032114131328181,0.00879661245580062));
#10488=CARTESIAN_POINT('',(0.0321421191748329,0.0321421851193216,0.00875695201791429));
#10489=CARTESIAN_POINT('',(0.0325599056107388,0.0317244074075121,0.00875694584904651));
#10490=CARTESIAN_POINT('',(0.0332049156499963,0.0306980758719244,0.00902658086491411));
#10491=CARTESIAN_POINT('',(0.0334084803847484,0.0288917182878542,0.0101599265575042));
#10492=CARTESIAN_POINT('',(0.0328077088593936,0.0271754838140542,0.0117982972115565));
#10493=CARTESIAN_POINT('',(0.0316651396905909,0.0260329971044695,0.0134140757185544));
#10494=CARTESIAN_POINT('',(0.0303865300796842,0.0254763528990325,0.0147117961372896));
#10495=CARTESIAN_POINT('',(0.0292977136404039,0.0253529268723649,0.0155689810054035));
#10496=CARTESIAN_POINT('',(0.0285140367838636,0.0254720029305916,0.0160389247366731));
#10497=CARTESIAN_POINT('',(0.0273827779785018,0.0258189695491859,0.0165935030603681));
#10498=CARTESIAN_POINT('',(0.0263083878105803,0.0266145346897729,0.0167906621279608));
#10499=CARTESIAN_POINT('',(0.025471409612597,0.0282015536771045,0.0162603031996462));
#10500=CARTESIAN_POINT('',(0.025289410767082,0.0298059406683026,0.0152545228963542));
#10501=CARTESIAN_POINT('',(0.025890405048426,0.031522641678839,0.0136156648387414));
#10502=CARTESIAN_POINT('',(0.0271755937610925,0.0328076384951667,0.0117982692222821));
#10503=CARTESIAN_POINT('',(0.0288915123559477,0.0334086913586829,0.0101599229922519));
#10504=CARTESIAN_POINT('',(0.0306981970345609,0.0332047421427809,0.00902661787812083));
#10505=CARTESIAN_POINT('',(0.031724332738927,0.032559962831131,0.00875695818678208));
#10506=CARTESIAN_POINT('',(0.0321421191748329,0.0321421851193216,0.00875695201791429));
#10507=CARTESIAN_POINT('',(0.0321434284257285,0.0321434942962415,0.0087551011974796));
#10508=CARTESIAN_POINT('',(0.0325616064396452,0.031725325124221,0.00875509500317997));
#10509=CARTESIAN_POINT('',(0.0332073361198491,0.0306981475709852,0.00902481961894598));
#10510=CARTESIAN_POINT('',(0.0334117376481391,0.0288903628487406,0.0101585829943628));
#10511=CARTESIAN_POINT('',(0.0328114591797229,0.0271725850576013,0.0117976967252619));
#10512=CARTESIAN_POINT('',(0.0316688614614954,0.0260286641491131,0.0134145079731501));
#10513=CARTESIAN_POINT('',(0.0303896321580122,0.0254708810733661,0.0147134717079193));
#10514=CARTESIAN_POINT('',(0.0292997828825972,0.02534675403256,0.0155718815765959));
#10515=CARTESIAN_POINT('',(0.0285148669376293,0.0254657304134137,0.0160427721264826));
#10516=CARTESIAN_POINT('',(0.0273813747881285,0.0258129628044904,0.0165987404406093));
#10517=CARTESIAN_POINT('',(0.026303552270242,0.0266108386918895,0.0167966941092472));
#10518=CARTESIAN_POINT('',(0.0254648933736625,0.0282020862297128,0.0162645326530751));
#10519=CARTESIAN_POINT('',(0.0252834514483188,0.0298087059831471,0.0152567812539315));
#10520=CARTESIAN_POINT('',(0.0258858971405711,0.0315263661360438,0.013616219236148));
#10521=CARTESIAN_POINT('',(0.027172692470129,0.0328113872233427,0.0117976703730928));
#10522=CARTESIAN_POINT('',(0.0288901586430688,0.0334119493424394,0.0101585782849427));
#10523=CARTESIAN_POINT('',(0.0306982680363487,0.0332071626031081,0.0090248567847438));
#10524=CARTESIAN_POINT('',(0.0317252504118118,0.032561663468262,0.00875510739177923));
#10525=CARTESIAN_POINT('',(0.0321434284257285,0.0321434942962415,0.0087551011974796));
#10526=CARTESIAN_POINT('',(0.032144737676624,0.0321448034731614,0.0087532503770449));
#10527=CARTESIAN_POINT('',(0.0325633072685516,0.0317262428409298,0.00875324415731342));
#10528=CARTESIAN_POINT('',(0.0332097565897019,0.030698219270046,0.00902305837297785));
#10529=CARTESIAN_POINT('',(0.0334149949115298,0.0288890074096271,0.0101572394312214));
#10530=CARTESIAN_POINT('',(0.0328152095000521,0.0271696863011484,0.0117970962389673));
#10531=CARTESIAN_POINT('',(0.0316725832324,0.0260243311937566,0.0134149402277457));
#10532=CARTESIAN_POINT('',(0.0303927342363402,0.0254654092476995,0.014715147278549));
#10533=CARTESIAN_POINT('',(0.0293018521247905,0.025340581192755,0.0155747821477883));
#10534=CARTESIAN_POINT('',(0.028515697091395,0.0254594578962358,0.016046619516292));
#10535=CARTESIAN_POINT('',(0.0273799715977552,0.025806956059795,0.0166039778208507));
#10536=CARTESIAN_POINT('',(0.0262987167299035,0.0266071426940061,0.0168027260905338));
#10537=CARTESIAN_POINT('',(0.0254583771347281,0.0282026187823211,0.016268762106504));
#10538=CARTESIAN_POINT('',(0.0252774921295556,0.0298114712979916,0.0152590396115088));
#10539=CARTESIAN_POINT('',(0.0258813892327162,0.0315300905932487,0.0136167736335546));
#10540=CARTESIAN_POINT('',(0.0271697911791654,0.0328151359515187,0.0117970715239035));
#10541=CARTESIAN_POINT('',(0.0288888049301897,0.0334152073261959,0.0101572335776336));
#10542=CARTESIAN_POINT('',(0.0306983390381366,0.0332095830634353,0.00902309569136677));
#10543=CARTESIAN_POINT('',(0.0317261680846965,0.0325633641053929,0.00875325659677639));
#10544=CARTESIAN_POINT('',(0.032144737676624,0.0321448034731614,0.0087532503770449));
#10545=CARTESIAN_POINT('',(0.0321460469275197,0.0321461126500813,0.0087513995566102));
#10546=CARTESIAN_POINT('',(0.032565008097458,0.0317271605576385,0.00875139331144688));
#10547=CARTESIAN_POINT('',(0.0332121770595547,0.0306982909691068,0.00902129712700972));
#10548=CARTESIAN_POINT('',(0.0334182521749205,0.0288876519705135,0.0101558958680799));
#10549=CARTESIAN_POINT('',(0.0328189598203813,0.0271667875446955,0.0117964957526726));
#10550=CARTESIAN_POINT('',(0.0316763050033046,0.0260199982384002,0.0134153724823414));
#10551=CARTESIAN_POINT('',(0.0303958363146681,0.0254599374220331,0.0147168228491788));
#10552=CARTESIAN_POINT('',(0.0293039213669837,0.0253344083529501,0.0155776827189808));
#10553=CARTESIAN_POINT('',(0.0285165272451606,0.025453185379058,0.0160504669061015));
#10554=CARTESIAN_POINT('',(0.0273785684073818,0.0258009493150996,0.0166092152010919));
#10555=CARTESIAN_POINT('',(0.0262938811895652,0.0266034466961227,0.0168087580718202));
#10556=CARTESIAN_POINT('',(0.0254518608957936,0.0282031513349294,0.0162729915599329));
#10557=CARTESIAN_POINT('',(0.0252715328107925,0.0298142366128361,0.0152612979690861));
#10558=CARTESIAN_POINT('',(0.0258768813248614,0.0315338150504536,0.0136173280309612));
#10559=CARTESIAN_POINT('',(0.0271668898882019,0.0328188846796947,0.0117964726747143));
#10560=CARTESIAN_POINT('',(0.0288874512173108,0.0334184653099523,0.0101558888703244));
#10561=CARTESIAN_POINT('',(0.0306984100399243,0.0332120035237625,0.00902133459798974));
#10562=CARTESIAN_POINT('',(0.0317270857575812,0.0325650647425239,0.00875140580177354));
#10563=CARTESIAN_POINT('',(0.0321460469275197,0.0321461126500813,0.0087513995566102));
#10564=CARTESIAN_POINT('',(0.0315863851194738,0.0326340950017356,0.00880208252340767));
#10565=CARTESIAN_POINT('',(0.03213978588168,0.0321737079731354,0.00873631188163136));
#10566=CARTESIAN_POINT('',(0.0326023962635806,0.0316273316012722,0.00879554338116677));
#10567=CARTESIAN_POINT('',(0.0329799010685851,0.0309695140528081,0.0089937544229201));
#10568=CARTESIAN_POINT('',(0.0332327857792345,0.0302088064751144,0.00935283941584864));
#10569=CARTESIAN_POINT('',(0.0333269554221589,0.0293919975349086,0.00986382256330814));
#10570=CARTESIAN_POINT('',(0.0332518034787012,0.0285754393452053,0.0104943568453192));
#10571=CARTESIAN_POINT('',(0.0330103612247075,0.0278034462369732,0.0112109638622432));
#10572=CARTESIAN_POINT('',(0.032667589682368,0.0271658403300776,0.0119041954047197));
#10573=CARTESIAN_POINT('',(0.0322093640415452,0.0265914889080565,0.0126343376479543));
#10574=CARTESIAN_POINT('',(0.0316429774061011,0.026104541474952,0.0133791573106798));
#10575=CARTESIAN_POINT('',(0.031000983289036,0.0257330502496003,0.0140957996689359));
#10576=CARTESIAN_POINT('',(0.0302225708957004,0.0254659718731089,0.0148350732819486));
#10577=CARTESIAN_POINT('',(0.0293935720838815,0.0253708653378279,0.0154885144394137));
#10578=CARTESIAN_POINT('',(0.028573465441162,0.0254473380091935,0.0160143430632787));
#10579=CARTESIAN_POINT('',(0.0278041994773204,0.0256848214043113,0.01639037012374));
#10580=CARTESIAN_POINT('',(0.0271232871646009,0.0260574478225384,0.0166083611702798));
#10581=CARTESIAN_POINT('',(0.0265680933258094,0.0265145469915136,0.0166777245765051));
#10582=CARTESIAN_POINT('',(0.0261025174653074,0.0270585648647142,0.016622257697396));
#10583=CARTESIAN_POINT('',(0.0257183266296256,0.0277276561493103,0.0164208026580057));
#10584=CARTESIAN_POINT('',(0.0254651476573062,0.0284891165553215,0.0160613934094909));
#10585=CARTESIAN_POINT('',(0.0253709897441808,0.0293059373730073,0.0155503935691644));
#10586=CARTESIAN_POINT('',(0.0254461374157794,0.0301225037761393,0.0149198565000429));
#10587=CARTESIAN_POINT('',(0.0256875808719174,0.0308944952591987,0.014203249782245));
#10588=CARTESIAN_POINT('',(0.026030352102238,0.0315321016212137,0.0135100181385812));
#10589=CARTESIAN_POINT('',(0.0264885778508176,0.0321064529075178,0.0127798759151174));
#10590=CARTESIAN_POINT('',(0.0270549643657328,0.0325934004364535,0.0120350562698558));
#10591=CARTESIAN_POINT('',(0.0276969588633788,0.0329648914124768,0.0113184138187901));
#10592=CARTESIAN_POINT('',(0.0284753698107028,0.0332319707186469,0.0105791405708801));
#10593=CARTESIAN_POINT('',(0.0293043738287697,0.0333270739113772,0.00992569809558195));
#10594=CARTESIAN_POINT('',(0.030124461287425,0.033250613555452,0.00939987432856742));
#10595=CARTESIAN_POINT('',(0.0308937988302041,0.0330130842096994,0.00902382914615932));
#10596=CARTESIAN_POINT('',(0.0315863851194738,0.0326340950017356,0.00880208252340767));
#10597=CARTESIAN_POINT('',(0.03213978588168,0.0321737079731354,0.00873631188163136));
#10598=CARTESIAN_POINT('',(0.0326023962635806,0.0316273316012722,0.00879554338116677));
#10599=CARTESIAN_POINT('',(0.0321420427129182,0.0321420427129182,0.00875710678118659));
#10600=CARTESIAN_POINT('',(0.0183549944994674,0.0393268611738257,0.0148398017725345));
#10601=CARTESIAN_POINT('',(0.0178549944994645,0.0305292388560075,0.02));
#10602=CARTESIAN_POINT('',(0.0175568846697722,0.0308273486857006,0.02));
#10603=CARTESIAN_POINT('',(0.0173549944994674,0.0310292388560059,0.0202839088584465));
#10604=CARTESIAN_POINT('',(0.0173549944994674,0.0310292388560059,0.0207071067811897));
#10605=CARTESIAN_POINT('',(0.0178549944994667,0.0305292388560097,0.02));
#10606=CARTESIAN_POINT('',(0.0173549944994674,0.0310292388560059,0.0207071067811897));
#10607=CARTESIAN_POINT('',(0.0178549944994674,0.0388268611738257,0.0141326949913479));
#10608=CARTESIAN_POINT('',(0.0173549944994674,0.0310292388560059,0.0207071067811897));
#10609=CARTESIAN_POINT('',(0.0173549944994674,0.0478327886696885,-0.00108781558378461));
#10610=CARTESIAN_POINT('',(0.0173549944994674,0.0478327886696885,0.0221000000000024));
#10611=CARTESIAN_POINT('',(0.0173549944994674,0.0310292388560059,0.022100000000002));
#10612=CARTESIAN_POINT('',(0.0173549944994674,0.0310292388560059,0.02));
#10613=CARTESIAN_POINT('',(0.0122193000900063,-0.0295,0.00600539321886223));
#10614=CARTESIAN_POINT('',(0.0122193000900063,-0.0295,0.02));
#10615=CARTESIAN_POINT('',(0.0155515407963303,-0.0328322407062641,0.0199999999999954));
#10616=CARTESIAN_POINT('',(0.0206029348644804,-0.0378836347743233,0.01285625));
#10617=CARTESIAN_POINT('',(0.0122193000900063,-0.0295,0.0119375001599547));
#10618=CARTESIAN_POINT('',(0.0122193000900063,-0.0295,0.01293750016));
#10619=CARTESIAN_POINT('',(0.0143406204335353,-0.031621320343529,0.012937500159988));
#10620=CARTESIAN_POINT('',(0.0189147174808906,-0.0361954173908843,0.00646875008));
#10621=CARTESIAN_POINT('',(0.0325017069812633,-0.00310730205792392,0.0129399586417004));
#10622=CARTESIAN_POINT('',(0.0334315379627352,-0.00340257675122701,0.0120103038979596));
#10623=CARTESIAN_POINT('',(0.0344880523207132,-0.00323231783492557,0.010953618683865));
#10624=CARTESIAN_POINT('',(0.0352845916278047,-0.00264786623658432,0.0101567253836822));
#10625=CARTESIAN_POINT('',(0.0325011379875106,-0.00310651153041691,0.0129391391478002));
#10626=CARTESIAN_POINT('',(0.0334308430007198,-0.0034015354905353,0.0120095516264118));
#10627=CARTESIAN_POINT('',(0.0344871873086511,-0.00323101753223154,0.0109530934144027));
#10628=CARTESIAN_POINT('',(0.0352834873650067,-0.00264659123254627,0.0101565573626531));
#10629=CARTESIAN_POINT('',(0.0325005689937579,-0.0031057210029099,0.0129383196539001));
#10630=CARTESIAN_POINT('',(0.0334301480387045,-0.0034004942298436,0.0120087993548639));
#10631=CARTESIAN_POINT('',(0.0344863222965891,-0.00322971722953751,0.0109525681449404));
#10632=CARTESIAN_POINT('',(0.0352823831022087,-0.00264531622850822,0.0101563893416239));
#10633=CARTESIAN_POINT('',(0.0325000000000052,-0.00310493047540289,0.01293750016));
#10634=CARTESIAN_POINT('',(0.0334294530766891,-0.0033994529691519,0.012008047083316));
#10635=CARTESIAN_POINT('',(0.0344854572845271,-0.00322841692684349,0.0109520428754781));
#10636=CARTESIAN_POINT('',(0.0352812788394107,-0.00264404122447018,0.0101562213205948));
#10637=CARTESIAN_POINT('',(0.0324431006247363,-0.00302587772470171,0.0128555507699877));
#10638=CARTESIAN_POINT('',(0.0333599568751508,-0.00329532689998169,0.0119328199285277));
#10639=CARTESIAN_POINT('',(0.0343989560783251,-0.00309838665744095,0.0108995159292466));
#10640=CARTESIAN_POINT('',(0.035170852559609,-0.00251654082066549,0.0101394192176818));
#10641=CARTESIAN_POINT('',(0.0323862012494673,-0.00294682497400052,0.0127736013799753));
#10642=CARTESIAN_POINT('',(0.0332904606736126,-0.00319120083081148,0.0118575927737394));
#10643=CARTESIAN_POINT('',(0.0343124548721232,-0.00296835638803841,0.0108469889830152));
#10644=CARTESIAN_POINT('',(0.0350604262798074,-0.00238904041686081,0.0101226171147688));
#10645=CARTESIAN_POINT('',(0.0323293018741984,-0.00286777222329934,0.012691651989963));
#10646=CARTESIAN_POINT('',(0.0332209644720743,-0.00308707476164128,0.011782365618951));
#10647=CARTESIAN_POINT('',(0.0342259536659212,-0.00283832611863587,0.0107944620367837));
#10648=CARTESIAN_POINT('',(0.0349500000000057,-0.00226154001305612,0.0101058150118557));
#10649=CARTESIAN_POINT('',(0.0325000000000052,-0.00310493047540289,0.01293750016));
#10650=CARTESIAN_POINT('',(0.0329082190726771,-0.00323428648687265,0.0125292810873281));
#10651=CARTESIAN_POINT('',(0.0333251295216343,-0.0032773548578585,0.0121123706383709));
#10652=CARTESIAN_POINT('',(0.0337507313468768,-0.00323413558836044,0.0116867688131284));
#10653=CARTESIAN_POINT('',(0.0325000000000053,-0.00310493047540289,0.01293750016));
#10654=CARTESIAN_POINT('',(0.0325000000000054,-0.0029041728833805,0.0125179573953371));
#10655=CARTESIAN_POINT('',(0.0325000000000054,-0.00297561238764473,0.0126556419479642));
#10656=CARTESIAN_POINT('',(0.0325000000000053,-0.00304253158498553,0.0127954895361851));
#10657=CARTESIAN_POINT('',(0.0325000000000053,-0.0031049304754029,0.01293750016));
#10658=CARTESIAN_POINT('',(0.0325000714857472,-0.00290407163693849,0.0125180101305114));
#10659=CARTESIAN_POINT('',(0.0349500000000057,-0.00226154001305609,0.0101058150118557));
#10660=CARTESIAN_POINT('',(0.0348109786170924,-0.00237228651955455,0.0102380395080486));
#10661=CARTESIAN_POINT('',(0.0345601812059202,-0.0025414081028043,0.0104758792230076));
#10662=CARTESIAN_POINT('',(0.0342005999590776,-0.00271064185415065,0.010824966132156));
#10663=CARTESIAN_POINT('',(0.0339970831966085,-0.0027849577643296,0.011024433548287));
#10664=CARTESIAN_POINT('',(0.033884977691882,-0.0028209481203028,0.0111346398999276));
#10665=CARTESIAN_POINT('',(0.0337720817088028,-0.0028523285583755,0.0112458796300433));
#10666=CARTESIAN_POINT('',(0.033757007325094,-0.00285584223655738,0.0112606912982614));
#10667=CARTESIAN_POINT('',(0.0336861475645635,-0.00287351580669386,0.0113303636421493));
#10668=CARTESIAN_POINT('',(0.0335438807262883,-0.00290416748144683,0.0114704585416489));
#10669=CARTESIAN_POINT('',(0.0333007310970567,-0.00294420984615215,0.0117124385826396));
#10670=CARTESIAN_POINT('',(0.0329620618786357,-0.0029523228786494,0.0120519461042838));
#10671=CARTESIAN_POINT('',(0.0327361117773613,-0.00293990367227434,0.0122791979862101));
#10672=CARTESIAN_POINT('',(0.0325827671812024,-0.00291914044319017,0.0124340346987582));
#10673=CARTESIAN_POINT('',(0.0325000000000055,-0.00290417288338048,0.0125179573953371));
#10674=CARTESIAN_POINT('',(0.036500000000007,6.86173340369578E-15,0.012));
#10675=CARTESIAN_POINT('',(0.0325000000000071,9.14879283441616E-15,0.012));
#10676=CARTESIAN_POINT('',(0.0325000714857504,0.00290407163695673,0.0125180101305116));
#10677=CARTESIAN_POINT('',(0.0325000000000087,0.00290417288339874,0.0125179573953373));
#10678=CARTESIAN_POINT('',(0.0325724305676773,0.00291727118309179,0.012444515588869));
#10679=CARTESIAN_POINT('',(0.0327504441093046,0.00294418602007935,0.0122649131462187));
#10680=CARTESIAN_POINT('',(0.0330700373890739,0.00295572031102393,0.0119435111589417));
#10681=CARTESIAN_POINT('',(0.0333584062179115,0.00293212926173977,0.0116555457710599));
#10682=CARTESIAN_POINT('',(0.0335326630766038,0.00290555245677946,0.0114822565187428));
#10683=CARTESIAN_POINT('',(0.0336520988634488,0.00288136279943892,0.011364153381514));
#10684=CARTESIAN_POINT('',(0.0337391922714939,0.0028604389132241,0.0112782823074413));
#10685=CARTESIAN_POINT('',(0.033776845250168,0.00285109943911592,0.0112411759606271));
#10686=CARTESIAN_POINT('',(0.0338837276830688,0.00282127090802557,0.0111358746133978));
#10687=CARTESIAN_POINT('',(0.0339977880365294,0.00278477657792921,0.0110237382942689));
#10688=CARTESIAN_POINT('',(0.0342000874141486,0.00271077573388904,0.0108254732862598));
#10689=CARTESIAN_POINT('',(0.0345605507340137,0.00254131625922451,0.0104755150538555));
#10690=CARTESIAN_POINT('',(0.0348109734997389,0.00237229059802673,0.0102380443784005));
#10691=CARTESIAN_POINT('',(0.0349499999959077,0.00226154001960477,0.0101058150196559));
#10692=CARTESIAN_POINT('',(0.0352845916278313,0.00264786623658221,0.0101567253836587));
#10693=CARTESIAN_POINT('',(0.0344880523207298,0.00323231783494343,0.010953618683852));
#10694=CARTESIAN_POINT('',(0.0334315379627279,0.00340257675124995,0.012010303897971));
#10695=CARTESIAN_POINT('',(0.0325017069812399,0.00310730205793365,0.0129399586417274));
#10696=CARTESIAN_POINT('',(0.0352834873650332,0.00264659123254417,0.0101565573626295));
#10697=CARTESIAN_POINT('',(0.0344871873086677,0.0032310175322494,0.0109530934143897));
#10698=CARTESIAN_POINT('',(0.0334308430007125,0.00340153549055825,0.0120095516264231));
#10699=CARTESIAN_POINT('',(0.0325011379874871,0.00310651153042665,0.0129391391478272));
#10700=CARTESIAN_POINT('',(0.0352823831022352,0.00264531622850613,0.0101563893416004));
#10701=CARTESIAN_POINT('',(0.0344863222966057,0.00322971722955537,0.0109525681449274));
#10702=CARTESIAN_POINT('',(0.0334301480386971,0.00340049422986655,0.0120087993548752));
#10703=CARTESIAN_POINT('',(0.0325005689937345,0.00310572100291965,0.0129383196539271));
#10704=CARTESIAN_POINT('',(0.0352812788394372,0.00264404122446808,0.0101562213205713));
#10705=CARTESIAN_POINT('',(0.0344854572845437,0.00322841692686134,0.0109520428754651));
#10706=CARTESIAN_POINT('',(0.0334294530766817,0.00339945296917485,0.0120080470833273));
#10707=CARTESIAN_POINT('',(0.0324999999999818,0.00310493047541264,0.012937500160027));
#10708=CARTESIAN_POINT('',(0.0351708525596347,0.00251654082066359,0.0101394192176594));
#10709=CARTESIAN_POINT('',(0.0343989560783415,0.00309838665745832,0.0108995159292339));
#10710=CARTESIAN_POINT('',(0.0333599568751435,0.00329532690000494,0.0119328199285387));
#10711=CARTESIAN_POINT('',(0.0324431006247132,0.00302587772471225,0.0128555507700144));
#10712=CARTESIAN_POINT('',(0.0350604262798322,0.0023890404168591,0.0101226171147474));
#10713=CARTESIAN_POINT('',(0.0343124548721393,0.0029683563880553,0.0108469889830026));
#10714=CARTESIAN_POINT('',(0.0332904606736053,0.00319120083083503,0.01185759277375));
#10715=CARTESIAN_POINT('',(0.0323862012494445,0.00294682497401186,0.0127736013800019));
#10716=CARTESIAN_POINT('',(0.0349500000000296,0.00226154001305461,0.0101058150118354));
#10717=CARTESIAN_POINT('',(0.034225953665937,0.00283832611865227,0.0107944620367713));
#10718=CARTESIAN_POINT('',(0.0332209644720671,0.00308707476166511,0.0117823656189614));
#10719=CARTESIAN_POINT('',(0.0323293018741758,0.00286777222331147,0.0126916519899894));
#10720=CARTESIAN_POINT('',(0.0325000000000089,0.00310493047542135,0.0129375001599997));
#10721=CARTESIAN_POINT('',(0.0325000000000088,0.00304253158958862,0.0127954895339911));
#10722=CARTESIAN_POINT('',(0.0325000000000088,0.00297561239224775,0.0126556419457703));
#10723=CARTESIAN_POINT('',(0.0325000000000087,0.00290417288339874,0.0125179573953373));
#10724=CARTESIAN_POINT('',(0.0324999999999981,0.00310493047541786,0.0129375001600106));
#10725=CARTESIAN_POINT('',(0.0337507313468248,0.00323413558838297,0.0116867688131841));
#10726=CARTESIAN_POINT('',(0.033325129521601,0.00327735485787184,0.0121123706384079));
#10727=CARTESIAN_POINT('',(0.0329082190726625,0.00323428648688464,0.0125292810873464));
#10728=CARTESIAN_POINT('',(0.0325000000000091,0.00310493047542135,0.0129375001599997));
#10729=CARTESIAN_POINT('',(0.0389687500800071,0.000149195636355454,0.00646875008));
#10730=CARTESIAN_POINT('',(0.0325000000000141,0.0122193000925066,0.01293750016));
#10731=CARTESIAN_POINT('',(0.0389687500800071,0.000149195636355454,0.00646875008));
#10732=CARTESIAN_POINT('',(0.0389687500800036,-0.0122193000900063,0.00646875007999644));
#10733=CARTESIAN_POINT('',(0.0324999999999753,-0.0122193000900063,0.01293750016));
#10734=CARTESIAN_POINT('',(0.0325000000000141,0.0122193000925066,0.01293750016));
#10735=CARTESIAN_POINT('',(0.032500000000007,-1.87028170728354E-14,0.012));
#10736=CARTESIAN_POINT('',(0.0325000000000071,-1.87028170728354E-14,0.012));
#10737=CARTESIAN_POINT('',(0.0325000000000079,0.0014999999999813,0.012));
#10738=CARTESIAN_POINT('',(0.0295,-0.0122193000900063,0.0119375001599368));
#10739=CARTESIAN_POINT('',(0.036195417390859,-0.0189147174808652,0.00646875008));
#10740=CARTESIAN_POINT('',(0.0316213203435044,-0.0143406204335107,0.0129375001599959));
#10741=CARTESIAN_POINT('',(0.0295,-0.0122193000900063,0.01293750016));
#10742=CARTESIAN_POINT('',(0.0207849830502263,-0.0251793717629451,0.0129399586417004));
#10743=CARTESIAN_POINT('',(0.0212336821046083,-0.0260456522931958,0.0120103038980162));
#10744=CARTESIAN_POINT('',(0.0221011418057503,-0.0266723295258473,0.0109536186839926));
#10745=CARTESIAN_POINT('',(0.0230776498396679,-0.0268222981829566,0.0101567253838274));
#10746=CARTESIAN_POINT('',(0.0207851396982462,-0.0251784104362432,0.0129391391478002));
#10747=CARTESIAN_POINT('',(0.0212339269747507,-0.0260444245983459,0.0120095516264683));
#10748=CARTESIAN_POINT('',(0.0221014496027079,-0.0266707984171,0.0109530934145303));
#10749=CARTESIAN_POINT('',(0.0230777705719566,-0.0268206157872426,0.0101565573627982));
#10750=CARTESIAN_POINT('',(0.0207852963462661,-0.0251774491095413,0.0129383196539001));
#10751=CARTESIAN_POINT('',(0.021234171844893,-0.0260431969034961,0.0120087993549204));
#10752=CARTESIAN_POINT('',(0.0221017573996657,-0.0266692673083526,0.0109525681450679));
#10753=CARTESIAN_POINT('',(0.0230778913042453,-0.0268189333915286,0.010156389341769));
#10754=CARTESIAN_POINT('',(0.0207854529942861,-0.0251764877828394,0.01293750016));
#10755=CARTESIAN_POINT('',(0.0212344167150353,-0.0260419692086463,0.0120080470833725));
#10756=CARTESIAN_POINT('',(0.0221020651966233,-0.0266677361996052,0.0109520428756056));
#10757=CARTESIAN_POINT('',(0.023078012036534,-0.0268172509958146,0.0101562213207398));
#10758=CARTESIAN_POINT('',(0.0208011177962804,-0.0250803551126492,0.0128555507699877));
#10759=CARTESIAN_POINT('',(0.0212589037292688,-0.025919199723665,0.0119328199285837));
#10760=CARTESIAN_POINT('',(0.0221328448923902,-0.0265146253248689,0.0108995159293711));
#10761=CARTESIAN_POINT('',(0.0230900852654026,-0.0266490114244141,0.0101394192178203));
#10762=CARTESIAN_POINT('',(0.0208167825982746,-0.024984222442459,0.0127736013799753));
#10763=CARTESIAN_POINT('',(0.0212833907435024,-0.0257964302386836,0.011857592773795));
#10764=CARTESIAN_POINT('',(0.022163624588157,-0.0263615144501325,0.0108469889831365));
#10765=CARTESIAN_POINT('',(0.0231021584942713,-0.0264807718530136,0.0101226171149008));
#10766=CARTESIAN_POINT('',(0.0208324474002689,-0.0248880897722688,0.012691651989963));
#10767=CARTESIAN_POINT('',(0.0213078777577359,-0.0256736607537023,0.0117823656190063));
#10768=CARTESIAN_POINT('',(0.0221944042839239,-0.0262084035753962,0.010794462036902));
#10769=CARTESIAN_POINT('',(0.02311423172314,-0.026312532281613,0.0101058150119812));
#10770=CARTESIAN_POINT('',(0.0207854529942861,-0.0251764877828394,0.0129375001600001));
#10771=CARTESIAN_POINT('',(0.0209826389558803,-0.0255566107702242,0.0125292810873374));
#10772=CARTESIAN_POINT('',(0.0212469852242997,-0.025881864913002,0.0121123706383895));
#10773=CARTESIAN_POINT('',(0.0215784917995441,-0.026152250211173,0.0116867688131563));
#10774=CARTESIAN_POINT('',(0.0207854529942861,-0.0251764877828394,0.01293750016));
#10775=CARTESIAN_POINT('',(0.0209274100489798,-0.0250345307281456,0.0125179573953371));
#10776=CARTESIAN_POINT('',(0.0208768946910699,-0.0250850460860556,0.0126556419479641));
#10777=CARTESIAN_POINT('',(0.0208295756728386,-0.0251323651042868,0.0127954895361851));
#10778=CARTESIAN_POINT('',(0.0207854529942861,-0.0251764877828394,0.01293750016));
#10779=CARTESIAN_POINT('',(0.0209275321890783,-0.0250345096841528,0.0125180101305114));
#10780=CARTESIAN_POINT('',(0.0231142317231399,-0.026312532281613,0.0101058150119813));
#10781=CARTESIAN_POINT('',(0.0229376191550153,-0.0262925389247763,0.0102380395080305));
#10782=CARTESIAN_POINT('',(0.0226406915866046,-0.0262347853930048,0.0104758792228905));
#10783=CARTESIAN_POINT('',(0.0222667629154184,-0.0261001893882135,0.0108249661319734));
#10784=CARTESIAN_POINT('',(0.022070305548348,-0.0260088305893231,0.0110244335483295));
#10785=CARTESIAN_POINT('',(0.0219655859611379,-0.0259550090515883,0.0111346398998011));
#10786=CARTESIAN_POINT('',(0.0218635671246894,-0.0258973688565414,0.0112458796306897));
#10787=CARTESIAN_POINT('',(0.021850423382444,-0.025889194204658,0.011260691296286));
#10788=CARTESIAN_POINT('',(0.021787820865361,-0.0258515858896821,0.0113303636385443));
#10789=CARTESIAN_POINT('',(0.0216655490137425,-0.0257726620518887,0.0114704585360541));
#10790=CARTESIAN_POINT('',(0.0214653020329984,-0.0256290435276376,0.0117124385781343));
#10791=CARTESIAN_POINT('',(0.0212200899478402,-0.0253953050034238,0.0120519461052056));
#10792=CARTESIAN_POINT('',(0.0210691008036355,-0.0252267524487883,0.0122791979880136));
#10793=CARTESIAN_POINT('',(0.0209753516202948,-0.0251036396252168,0.0124340347000361));
#10794=CARTESIAN_POINT('',(0.02092741004898,-0.0250345307281458,0.0125179573953371));
#10795=CARTESIAN_POINT('',(0.0258093975132156,-0.0258093975132157,0.012));
#10796=CARTESIAN_POINT('',(0.0229809703885629,-0.0229809703885629,0.012));
#10797=CARTESIAN_POINT('',(0.0250345096841527,-0.0209275321890784,0.0125180101305114));
#10798=CARTESIAN_POINT('',(0.0250345307281457,-0.02092741004898,0.0125179573953371));
#10799=CARTESIAN_POINT('',(0.0250950087713545,-0.0209693642987788,0.0124445155875207));
#10800=CARTESIAN_POINT('',(0.0252399150182779,-0.0210762072179824,0.0122649131438975));
#10801=CARTESIAN_POINT('',(0.0254740575702099,-0.0212940378202476,0.0119435111541752));
#10802=CARTESIAN_POINT('',(0.0256612837286797,-0.0215146267597923,0.0116555457738495));
#10803=CARTESIAN_POINT('',(0.0257657092959197,-0.0216566376044804,0.0114822565220693));
#10804=CARTESIAN_POINT('',(0.0258330584809708,-0.0217581961313879,0.0113641533830274));
#10805=CARTESIAN_POINT('',(0.0258798473998379,-0.0218345758947449,0.0112782823064716));
#10806=CARTESIAN_POINT('',(0.0258998680729759,-0.0218678045803747,0.0112411759556577));
#10807=CARTESIAN_POINT('',(0.0259543534088294,-0.0219644738294167,0.0111358746091836));
#10808=CARTESIAN_POINT('',(0.0260092008699995,-0.0220709320677107,0.0110237382894054));
#10809=CARTESIAN_POINT('',(0.026099921632707,-0.022266305828474,0.0108254732810383));
#10810=CARTESIAN_POINT('',(0.0262349817460975,-0.022641017831276,0.0104755150474093));
#10811=CARTESIAN_POINT('',(0.0262925381894267,-0.0229376126592592,0.0102380443712071));
#10812=CARTESIAN_POINT('',(0.026312532281613,-0.02311423172314,0.0101058150119813));
#10813=CARTESIAN_POINT('',(0.0268222981829568,-0.0230776498396679,0.0101567253838275));
#10814=CARTESIAN_POINT('',(0.026672329525846,-0.0221011418057408,0.0109536186840005));
#10815=CARTESIAN_POINT('',(0.0260456522931833,-0.0212336821045917,0.0120103038980369));
#10816=CARTESIAN_POINT('',(0.0251793717629198,-0.0207849830502132,0.0129399586417278));
#10817=CARTESIAN_POINT('',(0.0268206157872428,-0.0230777705719566,0.0101565573627983));
#10818=CARTESIAN_POINT('',(0.0266707984170986,-0.0221014496026984,0.0109530934145382));
#10819=CARTESIAN_POINT('',(0.0260444245983334,-0.0212339269747341,0.012009551626489));
#10820=CARTESIAN_POINT('',(0.0251784104362179,-0.0207851396982331,0.0129391391478276));
#10821=CARTESIAN_POINT('',(0.0268189333915288,-0.0230778913042453,0.0101563893417691));
#10822=CARTESIAN_POINT('',(0.0266692673083513,-0.0221017573996562,0.0109525681450758));
#10823=CARTESIAN_POINT('',(0.0260431969034836,-0.0212341718448763,0.0120087993549411));
#10824=CARTESIAN_POINT('',(0.025177449109516,-0.020785296346253,0.0129383196539275));
#10825=CARTESIAN_POINT('',(0.0268172509958148,-0.023078012036534,0.0101562213207399));
#10826=CARTESIAN_POINT('',(0.0266677361996039,-0.0221020651966138,0.0109520428756135));
#10827=CARTESIAN_POINT('',(0.0260419692086338,-0.0212344167150187,0.0120080470833932));
#10828=CARTESIAN_POINT('',(0.0251764877828141,-0.020785452994273,0.0129375001600274));
#10829=CARTESIAN_POINT('',(0.0266490114244142,-0.0230900852654027,0.0101394192178203));
#10830=CARTESIAN_POINT('',(0.0265146253248676,-0.0221328448923809,0.0108995159293786));
#10831=CARTESIAN_POINT('',(0.025919199723653,-0.0212589037292521,0.0119328199286041));
#10832=CARTESIAN_POINT('',(0.0250803551126247,-0.020801117796267,0.0128555507700148));
#10833=CARTESIAN_POINT('',(0.0264807718530136,-0.0231021584942713,0.0101226171149008));
#10834=CARTESIAN_POINT('',(0.0263615144501314,-0.0221636245881479,0.0108469889831436));
#10835=CARTESIAN_POINT('',(0.0257964302386721,-0.0212833907434856,0.0118575927738149));
#10836=CARTESIAN_POINT('',(0.0249842224424352,-0.020816782598261,0.0127736013800022));
#10837=CARTESIAN_POINT('',(0.026312532281613,-0.02311423172314,0.0101058150119813));
#10838=CARTESIAN_POINT('',(0.0262084035753951,-0.0221944042839149,0.0107944620369087));
#10839=CARTESIAN_POINT('',(0.0256736607536913,-0.021307877757719,0.0117823656190257));
#10840=CARTESIAN_POINT('',(0.0248880897722457,-0.020832447400255,0.0126916519899896));
#10841=CARTESIAN_POINT('',(0.0251764877828393,-0.0207854529942861,0.01293750016));
#10842=CARTESIAN_POINT('',(0.0251323651075286,-0.0208295756695969,0.0127954895339912));
#10843=CARTESIAN_POINT('',(0.0250850460892973,-0.0208768946878281,0.0126556419457703));
#10844=CARTESIAN_POINT('',(0.0250345307281456,-0.0209274100489799,0.0125179573953371));
#10845=CARTESIAN_POINT('',(0.0251764877828293,-0.0207854529942809,0.012937500160011));
#10846=CARTESIAN_POINT('',(0.0261522502111729,-0.0215784917995442,0.0116867688131563));
#10847=CARTESIAN_POINT('',(0.0258818649130019,-0.0212469852242997,0.0121123706383895));
#10848=CARTESIAN_POINT('',(0.0255566107702241,-0.0209826389558804,0.0125292810873374));
#10849=CARTESIAN_POINT('',(0.0251764877828394,-0.0207854529942862,0.01293750016));
#10850=CARTESIAN_POINT('',(0.0326670891231353,-0.0224430457487284,0.00646875008));
#10851=CARTESIAN_POINT('',(0.0316213203435596,-0.0143406204335659,0.01293750016));
#10852=CARTESIAN_POINT('',(0.0326670891231353,-0.0224430457487284,0.00646875008));
#10853=CARTESIAN_POINT('',(0.0316213203435596,-0.0143406204335659,0.01293750016));
#10854=CARTESIAN_POINT('',(0.0229809703885628,-0.0229809703885628,0.012));
#10855=CARTESIAN_POINT('',(0.0229809703885628,-0.0229809703885628,0.012));
#10856=CARTESIAN_POINT('',(0.0240416305603426,-0.021920310216783,0.012));
#10857=CARTESIAN_POINT('',(0.0257149565516198,-0.0327716130870858,0.01285625));
#10858=CARTESIAN_POINT('',(0.0155515407963335,-0.0328322407062673,0.02));
#10859=CARTESIAN_POINT('',(0.0328322407062788,-0.0155515407962358,0.02));
#10860=CARTESIAN_POINT('',(0.0427279220612892,-0.0254472221512461,0.00600539321881346));
#10861=CARTESIAN_POINT('',(0.0295,-0.0122193000900063,0.00600539321884766));
#10862=CARTESIAN_POINT('',(0.0295,-0.0122193000900063,0.02));
#10863=CARTESIAN_POINT('',(0.0342124999998969,-0.0122193000900229,0.0199999999999954));
#10864=CARTESIAN_POINT('',(0.0413562499999014,-0.0122193000900481,0.01285625));
#10865=CARTESIAN_POINT('',(0.0199205318563396,0.000628406208989615,-0.016708353905216));
#10866=CARTESIAN_POINT('',(0.0485941473645211,-0.0105636310574278,0.00636116551606126));
#10867=CARTESIAN_POINT('',(0.044047857876849,-0.0105636310574278,0.0109074550037334));
#10868=CARTESIAN_POINT('',(0.0395015683891769,-0.0105636310574278,0.0154537444914054));
#10869=CARTESIAN_POINT('',(0.0349552789015048,-0.0105636310574278,0.0200000339790775));
#10870=CARTESIAN_POINT('',(0.0349552512729831,-0.0105636214813381,0.0200000063505559));
#10871=CARTESIAN_POINT('',(0.0349552624042649,-0.0105636262942617,0.020000052536862));
#10872=CARTESIAN_POINT('',(0.034722683144709,-0.0111011700129527,0.0200000905505067));
#10873=CARTESIAN_POINT('',(0.0344750838484401,-0.011631703902294,0.0199998666004905));
#10874=CARTESIAN_POINT('',(0.0342124645126304,-0.0121552279680841,0.0200000350367677));
#10875=CARTESIAN_POINT('',(0.0342125,-0.0121552457811293,0.02));
#10876=CARTESIAN_POINT('',(0.0412176205504861,-0.0121552457811293,0.0129948794495139));
#10877=CARTESIAN_POINT('',(0.0502237994905731,-0.0111482742725747,0.00743629949056609));
#10878=CARTESIAN_POINT('',(0.050161404489885,-0.00915022178883503,0.00737390448987794));
#10879=CARTESIAN_POINT('',(0.0375353089797629,-0.00915022178883502,0.02));
#10880=CARTESIAN_POINT('',(0.0349552261818626,-0.0105636106343461,0.02));
#10881=CARTESIAN_POINT('',(0.0350359375067382,-0.0103769102393611,0.0199999999989395));
#10882=CARTESIAN_POINT('',(0.0352239867204278,-0.010098677784964,0.0200000745569127));
#10883=CARTESIAN_POINT('',(0.0355761240073706,-0.0097831294435264,0.0199998757388657));
#10884=CARTESIAN_POINT('',(0.0359307057857205,-0.00955508438012815,0.0200000815501505));
#10885=CARTESIAN_POINT('',(0.0362120625486942,-0.00942576225712491,0.0199998453088289));
#10886=CARTESIAN_POINT('',(0.0364762625949584,-0.0093286749781851,0.0199999212086185));
#10887=CARTESIAN_POINT('',(0.0367250190873277,-0.00925883515688774,0.0200000523152309));
#10888=CARTESIAN_POINT('',(0.0368578059387631,-0.00922944080929533,0.019999869530465));
#10889=CARTESIAN_POINT('',(0.0371247506739732,-0.0091796415213393,0.0199996246850922));
#10890=CARTESIAN_POINT('',(0.0373579976361252,-0.00915575885129877,0.02));
#10891=CARTESIAN_POINT('',(0.0375353089797629,-0.00915022178883503,0.02));
#10892=CARTESIAN_POINT('',(0.0551718922694162,-0.004,0.0120406077305769));
#10893=CARTESIAN_POINT('',(0.0422975745428827,-0.004,0.0249149254571104));
#10894=CARTESIAN_POINT('',(0.0551718922694162,-0.00458888307050472,0.0120406077305769));
#10895=CARTESIAN_POINT('',(0.0422975745428828,-0.00458888307050472,0.0249149254571104));
#10896=CARTESIAN_POINT('',(0.0549653722182702,-0.00585346570591991,0.0118340876794309));
#10897=CARTESIAN_POINT('',(0.0420910544917368,-0.00585346570591991,0.0247084054059643));
#10898=CARTESIAN_POINT('',(0.0538748258879338,-0.00762943902010373,0.0107435413490944));
#10899=CARTESIAN_POINT('',(0.0410005081614003,-0.00762943902010373,0.0236178590756279));
#10900=CARTESIAN_POINT('',(0.0521702847773173,-0.00882856875183495,0.00903900023847803));
#10901=CARTESIAN_POINT('',(0.0392959670507839,-0.00882856875183495,0.0219133179650115));
#10902=CARTESIAN_POINT('',(0.0509210346423402,-0.00911351413884573,0.00778975010350094));
#10903=CARTESIAN_POINT('',(0.0380467169158068,-0.00911351413884573,0.0206640678300344));
#10904=CARTESIAN_POINT('',(0.0503332967593011,-0.00915022178883501,0.0072020122204618));
#10905=CARTESIAN_POINT('',(0.0374589790327676,-0.00915022178883501,0.0200763299469952));
#10906=CARTESIAN_POINT('',(0.0487347334061495,-0.004,0.0184777665938437));
#10907=CARTESIAN_POINT('',(0.0472124999999931,-0.004,0.02));
#10908=CARTESIAN_POINT('',(0.0472124999999931,-0.004,0.02));
#10909=CARTESIAN_POINT('',(0.0472124999999931,-0.00460436332623687,0.02));
#10910=CARTESIAN_POINT('',(0.0469082393731692,-0.00552820126076724,0.0200000635763341));
#10911=CARTESIAN_POINT('',(0.0458507800953262,-0.00659857913066204,0.0199999152315548));
#10912=CARTESIAN_POINT('',(0.0451077574540957,-0.00713722678306949,0.0200001483447792));
#10913=CARTESIAN_POINT('',(0.044412225753993,-0.00754650815988987,0.0199999107455638));
#10914=CARTESIAN_POINT('',(0.0438399987852829,-0.00782152728959928,0.0200001590183987));
#10915=CARTESIAN_POINT('',(0.0433167930757045,-0.00804167808879881,0.0200000766129549));
#10916=CARTESIAN_POINT('',(0.0428642198403823,-0.00821089557569528,0.019999953014604));
#10917=CARTESIAN_POINT('',(0.0425173456509999,-0.00832807517941593,0.0200001113286291));
#10918=CARTESIAN_POINT('',(0.042096660391698,-0.00845850304482734,0.0200002306170736));
#10919=CARTESIAN_POINT('',(0.0417194569764035,-0.00856225492285976,0.0200001439250427));
#10920=CARTESIAN_POINT('',(0.0414073059829062,-0.00864094298329722,0.0200000325296276));
#10921=CARTESIAN_POINT('',(0.0411371103586073,-0.00870406408160173,0.0199999876468773));
#10922=CARTESIAN_POINT('',(0.0409612944937378,-0.0087425015500906,0.0200000168828631));
#10923=CARTESIAN_POINT('',(0.0406680169009345,-0.00880390476526375,0.0200000322725217));
#10924=CARTESIAN_POINT('',(0.0400625191876644,-0.00891580932939283,0.0200000060270303));
#10925=CARTESIAN_POINT('',(0.0395279170372068,-0.00899406869915571,0.0199998137232777));
#10926=CARTESIAN_POINT('',(0.0388189881313429,-0.00907180028046121,0.0200003244775064));
#10927=CARTESIAN_POINT('',(0.0382023787224663,-0.00912223094641543,0.0199999803924381));
#10928=CARTESIAN_POINT('',(0.0377859970934017,-0.00914239332329154,0.02));
#10929=CARTESIAN_POINT('',(0.0375353089797629,-0.00915022178883501,0.02));
#10930=CARTESIAN_POINT('',(0.055,-0.004,0.012212499999993));
#10931=CARTESIAN_POINT('',(0.0487347334061495,0.004,0.0184777665938436));
#10932=CARTESIAN_POINT('',(0.0472124999999931,0.004,0.02));
#10933=CARTESIAN_POINT('',(0.0472124999999931,-0.004,0.02));
#10934=CARTESIAN_POINT('',(0.0503332967593012,0.00915022178883501,0.00720201222046172));
#10935=CARTESIAN_POINT('',(0.0374589790327676,0.00915022178883501,0.0200763299469953));
#10936=CARTESIAN_POINT('',(0.0509210346423403,0.00911351413884573,0.00778975010350086));
#10937=CARTESIAN_POINT('',(0.0380467169158068,0.00911351413884573,0.0206640678300344));
#10938=CARTESIAN_POINT('',(0.0521702847773174,0.00882856875183496,0.00903900023847795));
#10939=CARTESIAN_POINT('',(0.0392959670507839,0.00882856875183496,0.0219133179650115));
#10940=CARTESIAN_POINT('',(0.053874825887934,0.00762943902010374,0.0107435413490944));
#10941=CARTESIAN_POINT('',(0.0410005081614004,0.00762943902010374,0.023617859075628));
#10942=CARTESIAN_POINT('',(0.0549653722182704,0.0058534657059199,0.0118340876794308));
#10943=CARTESIAN_POINT('',(0.0420910544917369,0.0058534657059199,0.0247084054059644));
#10944=CARTESIAN_POINT('',(0.0551718922694163,0.00458888307050472,0.0120406077305768));
#10945=CARTESIAN_POINT('',(0.0422975745428828,0.00458888307050472,0.0249149254571104));
#10946=CARTESIAN_POINT('',(0.0551718922694163,0.004,0.0120406077305768));
#10947=CARTESIAN_POINT('',(0.0422975745428827,0.004,0.0249149254571104));
#10948=CARTESIAN_POINT('',(0.0438961378960344,0.00915022178883501,0.0136391710837285));
#10949=CARTESIAN_POINT('',(0.0375353089797629,0.00915022178883501,0.02));
#10950=CARTESIAN_POINT('',(0.0375353089797629,0.00915022178883501,0.02));
#10951=CARTESIAN_POINT('',(0.0376708685253517,0.00914598854771191,0.02));
#10952=CARTESIAN_POINT('',(0.0379458681611272,0.00913529473306696,0.0199999751225167));
#10953=CARTESIAN_POINT('',(0.0384539922579842,0.00910223562541424,0.0200000153254396));
#10954=CARTESIAN_POINT('',(0.0388060789528442,0.00907247980367708,0.0199999635757251));
#10955=CARTESIAN_POINT('',(0.0393557950471276,0.00901343122585574,0.0199999577206005));
#10956=CARTESIAN_POINT('',(0.0397876863453875,0.0089545409655638,0.0200002055418732));
#10957=CARTESIAN_POINT('',(0.0402483746747178,0.00888193986071541,0.0199999995002028));
#10958=CARTESIAN_POINT('',(0.0407106237796879,0.00879590339194659,0.0199997964573157));
#10959=CARTESIAN_POINT('',(0.0411384574045569,0.00870564895709175,0.0200000251390083));
#10960=CARTESIAN_POINT('',(0.0416525885131583,0.00858120163948115,0.020000102986651));
#10961=CARTESIAN_POINT('',(0.0420943065494204,0.00845900241120497,0.0200002369663143));
#10962=CARTESIAN_POINT('',(0.0425179204688688,0.0083279593897899,0.0200001103290537));
#10963=CARTESIAN_POINT('',(0.0428640754128697,0.00821092293279044,0.0199999535119726));
#10964=CARTESIAN_POINT('',(0.0433167959678867,0.00804168445004425,0.0200000756230562));
#10965=CARTESIAN_POINT('',(0.0438399245108038,0.00782155578516141,0.0200001597882479));
#10966=CARTESIAN_POINT('',(0.044412265751629,0.00754648888514145,0.0199999104522617));
#10967=CARTESIAN_POINT('',(0.0451076945924548,0.00713726583243877,0.0200001485355085));
#10968=CARTESIAN_POINT('',(0.0458508160162641,0.00659855741492215,0.0199999151225667));
#10969=CARTESIAN_POINT('',(0.046908212432466,0.00552821021979997,0.0200000636580751));
#10970=CARTESIAN_POINT('',(0.0472124999999932,0.00460439682462375,0.02));
#10971=CARTESIAN_POINT('',(0.0472124999999931,0.004,0.02));
#10972=CARTESIAN_POINT('',(-0.00914443034453489,0.0558210328387472,0.0197086172131712));
#10973=CARTESIAN_POINT('',(-0.00914443034453489,0.052722543271261,0.0228071067811345));
#10974=CARTESIAN_POINT('',(0.0163549944994674,0.05201543649002,0.0221000000000024));
#10975=CARTESIAN_POINT('',(0.0163549944994674,0.05201543649002,0.0221000000000024));
#10976=CARTESIAN_POINT('',(0.0163549944994674,0.05201543649002,0.0231000000000024));
#10977=CARTESIAN_POINT('',(0.0163549944994674,0.05201543649002,0.0221000000000024));
#10978=CARTESIAN_POINT('',(0.0485467312355995,0.0107524520471694,0.00632609387082193));
#10979=CARTESIAN_POINT('',(0.0485604895675832,0.0106894695499751,0.00634007316023796));
#10980=CARTESIAN_POINT('',(0.0485762782637251,0.0106264237781514,0.00635179362358315));
#10981=CARTESIAN_POINT('',(0.0485941038617865,0.0105636121616825,0.00636112165980333));
#10982=CARTESIAN_POINT('',(0.0487266142863438,0.0107518615739923,0.00614647086568019));
#10983=CARTESIAN_POINT('',(0.0487376367623747,0.0106965099552494,0.00615979205812733));
#10984=CARTESIAN_POINT('',(0.0487506877931481,0.010641136914817,0.00617098232488323));
#10985=CARTESIAN_POINT('',(0.0487656669658023,0.0105860323716022,0.00617986623747289));
#10986=CARTESIAN_POINT('',(0.0488370775491042,0.0107211361258069,0.00589939941062274));
#10987=CARTESIAN_POINT('',(0.0488462145478732,0.0106739098016228,0.00591284792113417));
#10988=CARTESIAN_POINT('',(0.0488571656917431,0.0106266279586091,0.00592411236738041));
#10989=CARTESIAN_POINT('',(0.0488698188453597,0.010579578622659,0.00593302752589453));
#10990=CARTESIAN_POINT('',(0.0488485745339031,0.0106684940833144,0.00565096567844744));
#10991=CARTESIAN_POINT('',(0.0488575023884362,0.0106276154959355,0.00566457841767943));
#10992=CARTESIAN_POINT('',(0.0488677855462488,0.0105866971373826,0.0056759349216017));
#10993=CARTESIAN_POINT('',(0.048879429503099,0.0105459320193373,0.00568490329503573));
#10994=CARTESIAN_POINT('',(0.0485467312355995,0.0107524520471694,0.00632609387082193));
#10995=CARTESIAN_POINT('',(0.0487266142863438,0.0107518615739923,0.00614647086568019));
#10996=CARTESIAN_POINT('',(0.0488370775491042,0.0107211361258069,0.00589939941062274));
#10997=CARTESIAN_POINT('',(0.0488485745339031,0.0106684940833144,0.00565096567844744));
#10998=CARTESIAN_POINT('',(0.0485467312355995,0.0107524520471694,0.00632609387082194));
#10999=CARTESIAN_POINT('',(0.0485941078492136,0.0105636138857113,0.00636112564723042));
#11000=CARTESIAN_POINT('',(0.0485763752481722,0.0106260906353469,0.0063518454111749));
#11001=CARTESIAN_POINT('',(0.0485605850703557,0.0106890378851102,0.00634017017909361));
#11002=CARTESIAN_POINT('',(0.0485467317719531,0.0107524522833911,0.00632609440717549));
#11003=CARTESIAN_POINT('',(0.0502237994905731,0.0111482742725747,0.00743629949056608));
#11004=CARTESIAN_POINT('',(0.0488713627607985,0.0105636121616825,0.00608386276079144));
#11005=CARTESIAN_POINT('',(0.0349552255215899,0.0105636121616825,0.02));
#11006=CARTESIAN_POINT('',(0.0375353089797629,0.00915022178883503,0.02));
#11007=CARTESIAN_POINT('',(0.0373580166300995,0.00915575825815667,0.02));
#11008=CARTESIAN_POINT('',(0.0371247807194187,0.00917963774110845,0.0199996244457584));
#11009=CARTESIAN_POINT('',(0.0368578337668429,0.00922943455120154,0.0199998689960245));
#11010=CARTESIAN_POINT('',(0.0367250026107415,0.00925883949301631,0.0200000522534459));
#11011=CARTESIAN_POINT('',(0.0364762982379587,0.00932866450902863,0.0199999219901917));
#11012=CARTESIAN_POINT('',(0.0362121075333934,0.00942574195685786,0.0199998445281503));
#11013=CARTESIAN_POINT('',(0.0359306759949067,0.00955510210414163,0.0200000818583489));
#11014=CARTESIAN_POINT('',(0.0355761780228785,0.00978308930556635,0.0199998755044937));
#11015=CARTESIAN_POINT('',(0.0352239511131065,0.0100987071440777,0.0200000746973038));
#11016=CARTESIAN_POINT('',(0.0350359447392484,0.0103768929734089,0.02));
#11017=CARTESIAN_POINT('',(0.0349552255215899,0.0105636121616825,0.02));
#11018=CARTESIAN_POINT('',(0.04135625,-0.0120701044549313,0.01285625));
#11019=CARTESIAN_POINT('',(0.0342124999999015,-0.0122193000900229,0.02));
#11020=CARTESIAN_POINT('',(-0.0346438551885372,0.0585034415516476,0.0221000000000027));
#11021=CARTESIAN_POINT('',(-0.0346438551885372,0.05201543649002,0.0221000000000025));
#11022=CARTESIAN_POINT('',(-0.0346438551885372,0.0520154364900199,0.0231000000000024));
#11023=CARTESIAN_POINT('',(-0.0346438551885372,0.0325034415516495,0.0221000000000017));
#11024=CARTESIAN_POINT('',(-0.0346438551885372,0.0325034415516495,0.0231000000000017));
#11025=CARTESIAN_POINT('',(-0.0346438551885372,0.0585034415516476,0.0231000000000027));
#11026=CARTESIAN_POINT('',(-0.00764443034453489,0.0350034415516495,0.0231000000000017));
#11027=CARTESIAN_POINT('',(-0.00764443034453489,0.0325034415516495,0.024));
#11028=CARTESIAN_POINT('',(-0.00764443034453489,0.0325034415516495,0.0231000000000017));
#11029=CARTESIAN_POINT('',(-0.00764443034453489,0.0350034415516495,0.0231000000000017));
#11030=CARTESIAN_POINT('',(-0.0076444303445349,0.0350034415516495,0.0231000000000017));
#11031=CARTESIAN_POINT('',(-0.0076444303445349,0.0350034415516495,0.0231000000000017));
#11032=CARTESIAN_POINT('',(-0.0101444303445349,0.0350034415516495,0.0231000000000017));
#11033=CARTESIAN_POINT('',(-0.0101444303445349,0.0350034415516495,0.0231000000000017));
#11034=CARTESIAN_POINT('',(-0.0126444303445349,0.0350034415516495,0.0231000000000017));
#11035=CARTESIAN_POINT('',(-0.0126444303445349,0.0350034415516495,0.0231000000000016));
#11036=CARTESIAN_POINT('',(-0.0126444303445349,0.0325034415516495,0.0231000000000016));
#11037=CARTESIAN_POINT('',(-0.0126444303445349,0.0325034415516495,0.0231000000000016));
#11038=CARTESIAN_POINT('',(-0.0126444303445349,0.0325034415516495,0.0231000000000016));
#11039=CARTESIAN_POINT('',(-0.0126444303445349,0.0325034415516495,0.024));
#11040=CARTESIAN_POINT('',(0.0123549944994674,0.0298266232276572,0.));
#11041=CARTESIAN_POINT('',(0.0123549944994674,0.0325034415516495,0.024));
#11042=CARTESIAN_POINT('',(0.0123549944994674,0.0325034415516617,0.0231000000000016));
#11043=CARTESIAN_POINT('',(0.0143408463599966,0.0316215462699877,0.));
#11044=CARTESIAN_POINT('',(0.0143408463599878,0.0316215462699794,0.0231000000000013));
#11045=CARTESIAN_POINT('',(0.0123549944994674,0.0298266232276572,0.0231000000000016));
#11046=CARTESIAN_POINT('',(-0.0356438551885372,0.0325034415516495,0.024));
#11047=CARTESIAN_POINT('',(-0.0356438551885372,0.0325034415516495,0.0231000000000016));
#11048=CARTESIAN_POINT('',(-0.0356438551885372,0.0325034415516495,0.024));
#11049=CARTESIAN_POINT('',(-0.0356438551885372,0.0325034415516495,0.0231000000000016));
#11050=CARTESIAN_POINT('',(0.0316213203435596,-0.0143406204335659,0.));
#11051=CARTESIAN_POINT('',(0.0143406204335216,-0.0316213203435153,0.));
#11052=CARTESIAN_POINT('',(0.0143406204335364,-0.03162132034353,0.0230999999999991));
#11053=CARTESIAN_POINT('',(0.0316213203435596,-0.0143406204335659,0.0230999999999991));
#11054=CARTESIAN_POINT('',(0.0316213203435131,-0.0143406204335195,0.0230999999999996));
#11055=CARTESIAN_POINT('',(0.0316213203434899,-0.0143406204334962,0.));
#11056=CARTESIAN_POINT('',(0.0295,-0.0122193000900063,0.));
#11057=CARTESIAN_POINT('',(0.0325,-0.0122193000900063,0.));
#11058=CARTESIAN_POINT('',(0.0324999999999672,-0.0122193000900063,0.0231));
#11059=CARTESIAN_POINT('',(0.0295,-0.0122193000900063,0.0231));
#11060=CARTESIAN_POINT('',(0.0325000000000141,0.0122193000925066,0.));
#11061=CARTESIAN_POINT('',(0.0325000000000141,0.0122193000925066,0.0231));
#11062=CARTESIAN_POINT('',(0.0325000000000044,0.0122193000925068,0.0231000000000005));
#11063=CARTESIAN_POINT('',(0.0324999999999932,0.0122193000925069,0.));
#11064=CARTESIAN_POINT('',(0.0122193000900063,-0.0295,0.));
#11065=CARTESIAN_POINT('',(0.0122193000900063,-0.0325,0.));
#11066=CARTESIAN_POINT('',(0.0122193000900063,-0.0324999999999791,0.0230999999999991));
#11067=CARTESIAN_POINT('',(0.0122193000900063,-0.0295,0.0230999999999991));
#11068=CARTESIAN_POINT('',(0.0296038612010034,0.0122623208080663,0.));
#11069=CARTESIAN_POINT('',(0.031651966511435,0.0143104261184978,0.));
#11070=CARTESIAN_POINT('',(0.0316519665114246,0.0143104261184875,0.0231000000000009));
#11071=CARTESIAN_POINT('',(0.0296038612010034,0.0122623208080663,0.0231000000000009));
#11072=CARTESIAN_POINT('',(0.0122193000900063,-0.0325,0.));
#11073=CARTESIAN_POINT('',(-0.0356438551885372,-0.0324999999999384,0.));
#11074=CARTESIAN_POINT('',(-0.0356438551885372,-0.0324999999999384,0.0230999999999991));
#11075=CARTESIAN_POINT('',(0.0122193000900063,-0.0325,0.0230999999999991));
#11076=CARTESIAN_POINT('',(0.0143408463599696,0.0316215462699632,0.));
#11077=CARTESIAN_POINT('',(0.0143408463599696,0.0316215462699632,0.0231000000000009));
#11078=CARTESIAN_POINT('',(0.0202899271023128,-0.000546196732196837,-0.0167254345327005));
#11079=CARTESIAN_POINT('',(0.0484656006622789,0.0111173487929932,0.00624366142000153));
#11080=CARTESIAN_POINT('',(0.048493077335897,0.0109959118331174,0.00627157205278629));
#11081=CARTESIAN_POINT('',(0.0485201215001824,0.010874277606082,0.00629905017623824));
#11082=CARTESIAN_POINT('',(0.0485467317719531,0.0107524522833911,0.0063260944071755));
#11083=CARTESIAN_POINT('',(0.0342018900490208,0.0121762878709999,0.0199999485014301));
#11084=CARTESIAN_POINT('',(0.0344684369826096,0.011645939567118,0.0199998984783636));
#11085=CARTESIAN_POINT('',(0.0347195608760346,0.0111083862252283,0.0200001311308458));
#11086=CARTESIAN_POINT('',(0.0349552617320133,0.0105636278392871,0.0199999657313716));
#11087=CARTESIAN_POINT('',(0.00647481527908829,-0.00175901974329312,0.0215499999999787));
#11088=CARTESIAN_POINT('',(0.0349552617358124,0.0105636278305064,0.0231000000000008));
#11089=CARTESIAN_POINT('',(0.0349552617358124,0.0105636278305064,0.0220666666666672));
#11090=CARTESIAN_POINT('',(0.0349552617358124,0.0105636278305064,0.0210333333333336));
#11091=CARTESIAN_POINT('',(0.0349552617358124,0.0105636278305064,0.02));
#11092=CARTESIAN_POINT('',(0.0349552255215899,0.0105636121616825,0.0231000000000008));
#11093=CARTESIAN_POINT('',(0.0342116142264534,0.0121569228318918,0.0231000000000009));
#11094=CARTESIAN_POINT('',(0.0342116142264534,0.0121569228318918,0.0231000000000007));
#11095=CARTESIAN_POINT('',(0.00647481527908829,-0.00175901974329312,0.0231000000000007));
#11096=CARTESIAN_POINT('',(0.0375353089797629,0.00915022178883501,0.02));
#11097=CARTESIAN_POINT('',(0.0375353089797629,0.00915022178883501,0.0231000000000008));
#11098=CARTESIAN_POINT('',(0.0369918774917217,0.00916719201776855,0.02));
#11099=CARTESIAN_POINT('',(0.0369918774917217,0.00916719201776855,0.0231000000000008));
#11100=CARTESIAN_POINT('',(0.0358026987357216,0.00945297206149698,0.0200000000000001));
#11101=CARTESIAN_POINT('',(0.0358026987357216,0.00945297206149698,0.0231000000000009));
#11102=CARTESIAN_POINT('',(0.0351142422658992,0.0101957756255934,0.02));
#11103=CARTESIAN_POINT('',(0.0351142422658992,0.0101957756255934,0.0231000000000008));
#11104=CARTESIAN_POINT('',(0.0349552255215899,0.0105636121616825,0.02));
#11105=CARTESIAN_POINT('',(0.0349552255215899,0.0105636121616825,0.0231000000000008));
#11106=CARTESIAN_POINT('',(0.0375353089797629,0.00915022178883503,0.0231000000000006));
#11107=CARTESIAN_POINT('',(0.0372507248571158,0.0091591087558556,0.0231000000000006));
#11108=CARTESIAN_POINT('',(0.0367031941943146,0.00923311701515733,0.0231000000000006));
#11109=CARTESIAN_POINT('',(0.0358968754819925,0.00953888434546133,0.0231000000000006));
#11110=CARTESIAN_POINT('',(0.0352765797213115,0.0100147132525312,0.0231000000000006));
#11111=CARTESIAN_POINT('',(0.0350386122726856,0.0103707224517845,0.0231000000000007));
#11112=CARTESIAN_POINT('',(0.0349552255215899,0.0105636121616825,0.0231000000000007));
#11113=CARTESIAN_POINT('',(0.0375353089797629,0.00915022178883501,0.0231000000000007));
#11114=CARTESIAN_POINT('',(0.0375353089797629,0.00915022178883501,0.0215500000000004));
#11115=CARTESIAN_POINT('',(0.0375353089797629,0.00915022178883501,0.02));
#11116=CARTESIAN_POINT('',(0.0375353089797629,0.00915022178883501,0.0231000000000007));
#11117=CARTESIAN_POINT('',(0.0387107847458412,0.00911351413884573,0.02));
#11118=CARTESIAN_POINT('',(0.0387107847458412,0.00911351413884573,0.0231000000000007));
#11119=CARTESIAN_POINT('',(0.0412092850157953,0.00882856875183496,0.02));
#11120=CARTESIAN_POINT('',(0.0412092850157953,0.00882856875183496,0.0231000000000008));
#11121=CARTESIAN_POINT('',(0.0446183672370282,0.00762943902010373,0.02));
#11122=CARTESIAN_POINT('',(0.0446183672370282,0.00762943902010373,0.0231000000000008));
#11123=CARTESIAN_POINT('',(0.0467994598977011,0.00585346570591991,0.02));
#11124=CARTESIAN_POINT('',(0.0467994598977011,0.00585346570591991,0.0231000000000008));
#11125=CARTESIAN_POINT('',(0.0472124999999931,0.00458888307050472,0.02));
#11126=CARTESIAN_POINT('',(0.0472124999999931,0.00458888307050472,0.0231000000000008));
#11127=CARTESIAN_POINT('',(0.0472124999999931,0.004,0.02));
#11128=CARTESIAN_POINT('',(0.0472124999999931,0.004,0.0231000000000008));
#11129=CARTESIAN_POINT('',(0.0472124999999931,0.004,0.02));
#11130=CARTESIAN_POINT('',(0.0472124999999931,0.004,0.0231000000000006));
#11131=CARTESIAN_POINT('',(0.0472124999999931,0.004,0.0231000000000004));
#11132=CARTESIAN_POINT('',(0.0472124999999931,0.00430460888689117,0.0231000000000004));
#11133=CARTESIAN_POINT('',(0.0471109601203173,0.00489900160578442,0.0231000000000004));
#11134=CARTESIAN_POINT('',(0.0464342659422298,0.00615336118672977,0.0231000000000005));
#11135=CARTESIAN_POINT('',(0.0449867516810645,0.00733025246291489,0.0231000000000005));
#11136=CARTESIAN_POINT('',(0.0431658533380944,0.00812069307487804,0.0231000000000006));
#11137=CARTESIAN_POINT('',(0.0420536740332181,0.00847820172316505,0.0231000000000006));
#11138=CARTESIAN_POINT('',(0.0408461556015079,0.00878611581955741,0.0231000000000006));
#11139=CARTESIAN_POINT('',(0.0394088341980228,0.00903320115764453,0.0231000000000006));
#11140=CARTESIAN_POINT('',(0.0381658892675266,0.00913053008513398,0.0231000000000006));
#11141=CARTESIAN_POINT('',(0.0375353089797629,0.00915022178883503,0.0231000000000006));
#11142=CARTESIAN_POINT('',(0.0472124999999931,-0.004,0.02));
#11143=CARTESIAN_POINT('',(0.0472124999999931,-0.004,0.0231000000000005));
#11144=CARTESIAN_POINT('',(0.047212499999993,-0.004,0.0231000000000002));
#11145=CARTESIAN_POINT('',(0.047212499999993,-0.004,0.02155));
#11146=CARTESIAN_POINT('',(0.047212499999993,-0.004,0.02));
#11147=CARTESIAN_POINT('',(0.047212499999993,-0.004,0.0231000000000002));
#11148=CARTESIAN_POINT('',(0.047212499999993,-0.00458888307050471,0.02));
#11149=CARTESIAN_POINT('',(0.047212499999993,-0.00458888307050471,0.0231000000000002));
#11150=CARTESIAN_POINT('',(0.0467994598977008,-0.00585346570591987,0.02));
#11151=CARTESIAN_POINT('',(0.0467994598977008,-0.00585346570591987,0.0231000000000002));
#11152=CARTESIAN_POINT('',(0.0446183672370281,-0.0076294390201037,0.02));
#11153=CARTESIAN_POINT('',(0.0446183672370281,-0.0076294390201037,0.0231000000000002));
#11154=CARTESIAN_POINT('',(0.0412092850157953,-0.00882856875183495,0.02));
#11155=CARTESIAN_POINT('',(0.0412092850157953,-0.00882856875183495,0.0231000000000003));
#11156=CARTESIAN_POINT('',(0.0387107847458412,-0.00911351413884573,0.02));
#11157=CARTESIAN_POINT('',(0.0387107847458412,-0.00911351413884573,0.0231000000000003));
#11158=CARTESIAN_POINT('',(0.0375353089797629,-0.00915022178883501,0.02));
#11159=CARTESIAN_POINT('',(0.0375353089797629,-0.00915022178883501,0.0231000000000003));
#11160=CARTESIAN_POINT('',(0.0375353089797629,-0.00915022178883501,0.02155));
#11161=CARTESIAN_POINT('',(0.0375353089797629,-0.00915022178883501,0.0231));
#11162=CARTESIAN_POINT('',(0.0375353089797629,-0.00915022178883501,0.0230999999999999));
#11163=CARTESIAN_POINT('',(0.0381434978807009,-0.00913122932131908,0.0230999999999999));
#11164=CARTESIAN_POINT('',(0.0390149628173543,-0.00906742867985263,0.0230999999999999));
#11165=CARTESIAN_POINT('',(0.0402690354208801,-0.00888424859613785,0.0230999999999999));
#11166=CARTESIAN_POINT('',(0.0411488315312327,-0.00870926500599665,0.0230999999999999));
#11167=CARTESIAN_POINT('',(0.0420526803652628,-0.00847839223967026,0.0230999999999999));
#11168=CARTESIAN_POINT('',(0.0431664201956527,-0.00812058548854204,0.0230999999999999));
#11169=CARTESIAN_POINT('',(0.0449863382084923,-0.00733031746974656,0.0231));
#11170=CARTESIAN_POINT('',(0.0464343326313544,-0.00615343510891941,0.0231));
#11171=CARTESIAN_POINT('',(0.0471109467824923,-0.00489885599024461,0.0231000000000001));
#11172=CARTESIAN_POINT('',(0.047212499999993,-0.00430493596464595,0.0231000000000001));
#11173=CARTESIAN_POINT('',(0.047212499999993,-0.004,0.0231000000000001));
#11174=CARTESIAN_POINT('',(0.0349552255167389,-0.0105636121729038,0.02));
#11175=CARTESIAN_POINT('',(0.0349552255167389,-0.0105636121729038,0.0231));
#11176=CARTESIAN_POINT('',(0.0351142422585086,-0.0101957756349701,0.02));
#11177=CARTESIAN_POINT('',(0.0351142422585086,-0.0101957756349701,0.0231));
#11178=CARTESIAN_POINT('',(0.0358026987263573,-0.00945297206467642,0.0200000000000001));
#11179=CARTESIAN_POINT('',(0.0358026987263573,-0.00945297206467642,0.0231000000000001));
#11180=CARTESIAN_POINT('',(0.0369918774889587,-0.00916719201785483,0.02));
#11181=CARTESIAN_POINT('',(0.0369918774889587,-0.00916719201785483,0.0231));
#11182=CARTESIAN_POINT('',(0.0375353089797629,-0.00915022178883501,0.02));
#11183=CARTESIAN_POINT('',(0.0375353089797629,-0.00915022178883501,0.0231));
#11184=CARTESIAN_POINT('',(0.0349552255215899,-0.0105636121616825,0.0230999999999998));
#11185=CARTESIAN_POINT('',(0.0350384891110177,-0.0103710073485825,0.0230999999999998));
#11186=CARTESIAN_POINT('',(0.0352766500558592,-0.0100145805682977,0.0230999999999998));
#11187=CARTESIAN_POINT('',(0.0358968140535774,-0.00953892139508184,0.0230999999999999));
#11188=CARTESIAN_POINT('',(0.0367033695734275,-0.00923310150090877,0.0230999999999999));
#11189=CARTESIAN_POINT('',(0.0372503565914626,-0.00915912025602182,0.0230999999999999));
#11190=CARTESIAN_POINT('',(0.0375353089797629,-0.00915022178883501,0.0230999999999999));
#11191=CARTESIAN_POINT('',(0.0349552255215899,-0.0105636121616825,0.0231));
#11192=CARTESIAN_POINT('',(0.0349552617389833,-0.0105636278318792,0.0200000063505559));
#11193=CARTESIAN_POINT('',(0.0349552617389833,-0.0105636278318792,0.0210333375670372));
#11194=CARTESIAN_POINT('',(0.0349552617389833,-0.0105636278318792,0.0220666687835186));
#11195=CARTESIAN_POINT('',(0.0349552617389833,-0.0105636278318792,0.0230999999999999));
#11196=CARTESIAN_POINT('',(0.0342124999999015,-0.0122193000900229,0.02));
#11197=CARTESIAN_POINT('',(0.0342125000000002,-0.0121551572248117,0.02));
#11198=CARTESIAN_POINT('',(0.0342125000000002,-0.0121551572248117,0.0230999999999998));
#11199=CARTESIAN_POINT('',(0.0342124999999015,-0.0122193000900229,0.0231));
#11200=CARTESIAN_POINT('',(0.0342124999999014,-0.0122193000900229,0.0231));
#11201=CARTESIAN_POINT('',(0.0342124999999014,-0.0122193000900229,0.02));
#11202=CARTESIAN_POINT('',(0.0064747921219475,0.00175903037485127,0.0215500000000714));
#11203=CARTESIAN_POINT('',(0.0064747921219475,0.00175903037485127,0.0230999999999998));
#11204=CARTESIAN_POINT('',(0.0295,-0.0122193000900063,0.02));
#11205=CARTESIAN_POINT('',(0.0295,-0.0122193000900063,0.0231));
#11206=CARTESIAN_POINT('',(0.0328322407062808,-0.0155515407962378,0.0231));
#11207=CARTESIAN_POINT('',(0.0328322407062729,-0.0155515407962299,0.02));
#11208=CARTESIAN_POINT('',(0.0155515407963335,-0.0328322407062673,0.02));
#11209=CARTESIAN_POINT('',(0.0155515407963335,-0.0328322407062673,0.0231));
#11210=CARTESIAN_POINT('',(0.0155515407963335,-0.0328322407062673,0.0230999999999994));
#11211=CARTESIAN_POINT('',(0.0155515407963335,-0.0328322407062673,0.02));
#11212=CARTESIAN_POINT('',(0.0122193000900063,-0.0295,0.02));
#11213=CARTESIAN_POINT('',(0.0122193000900063,-0.0295,0.0230999999999991));
#11214=CARTESIAN_POINT('',(0.0122193000900222,-0.0342124999999791,0.0230999999999991));
#11215=CARTESIAN_POINT('',(0.0122193000900246,-0.0342125,0.02));
#11216=CARTESIAN_POINT('',(-0.0356439783211096,-0.0342124999999384,0.02));
#11217=CARTESIAN_POINT('',(-0.0356439783211096,-0.0342124999999384,0.0230999999999991));
#11218=CARTESIAN_POINT('',(-0.0356439783211096,-0.0342124999999384,0.023099999999999));
#11219=CARTESIAN_POINT('',(-0.0356439783211096,-0.0342124999999384,0.));
#11220=CARTESIAN_POINT('',(0.0481958881543913,0.012248571541042,0.00596964161164832));
#11221=CARTESIAN_POINT('',(0.0483200116160072,0.0117534152522795,0.00609574064401896));
#11222=CARTESIAN_POINT('',(0.0484370496040265,0.0112545494715538,0.00621465076324145));
#11223=CARTESIAN_POINT('',(0.0485467312355995,0.0107524520471694,0.00632609387082192));
#11224=CARTESIAN_POINT('',(0.0483742029469824,0.012247924464632,0.00579165381293114));
#11225=CARTESIAN_POINT('',(0.048498893812485,0.0117527775545277,0.00591718354647658));
#11226=CARTESIAN_POINT('',(0.048616428506408,0.01125394812659,0.0060355342265268));
#11227=CARTESIAN_POINT('',(0.0487266142863438,0.0107518615739923,0.00614647086568018));
#11228=CARTESIAN_POINT('',(0.0484853244358666,0.0122138022920288,0.00554835870491128));
#11229=CARTESIAN_POINT('',(0.0486097948430395,0.011719728784726,0.00567256523460581));
#11230=CARTESIAN_POINT('',(0.0487271078148451,0.0112220321732598,0.00578965816802655));
#11231=CARTESIAN_POINT('',(0.0488370775491042,0.0107211361258069,0.00589939941062273));
#11232=CARTESIAN_POINT('',(0.0485000157833926,0.0121551828044942,0.00530376892498179));
#11233=CARTESIAN_POINT('',(0.0486233637353895,0.0116630159885011,0.0054266254886935));
#11234=CARTESIAN_POINT('',(0.0487396362809055,0.0111672972255002,0.00554244471450229));
#11235=CARTESIAN_POINT('',(0.0488485745339031,0.0106684940833144,0.00565096567844743));
#11236=CARTESIAN_POINT('',(0.0485000157833929,0.0121551828044928,0.00530376892498253));
#11237=CARTESIAN_POINT('',(0.0486239125636282,0.0116608261260643,0.00542717241813225));
#11238=CARTESIAN_POINT('',(0.0487400982843996,0.0111651818180265,0.00554290466928721));
#11239=CARTESIAN_POINT('',(0.0488485745339031,0.0106684940833144,0.00565096567844742));
#11240=CARTESIAN_POINT('',(-0.0356438551885372,-0.0324999999999384,0.));
#11241=CARTESIAN_POINT('',(-0.0356438551885372,-0.0324999999999384,0.023099999999999));
#11242=CARTESIAN_POINT('',(0.0296038612010034,0.0122623208080663,0.02));
#11243=CARTESIAN_POINT('',(0.0328628868742056,0.0155213464812289,0.02));
#11244=CARTESIAN_POINT('',(0.0328628868742056,0.0155213464812289,0.0231000000000013));
#11245=CARTESIAN_POINT('',(0.0296038612010034,0.0122623208080663,0.023100000000001));
#11246=CARTESIAN_POINT('',(0.0328628868742056,0.0155213464812289,0.02));
#11247=CARTESIAN_POINT('',(0.0163549944994674,0.0320292388560083,0.0221000000000016));
#11248=CARTESIAN_POINT('',(0.0163549944994674,0.0320292388560084,0.0231000000000016));
#11249=CARTESIAN_POINT('',(0.0328628868742056,0.0155213464812289,0.0231000000000016));
#11250=CARTESIAN_POINT('',(0.0178549944994674,0.0305292388560104,0.02));
#11251=CARTESIAN_POINT('',(0.0403311969637093,0.0181558245279713,0.01285625));
#11252=CARTESIAN_POINT('',(0.0429656750104914,0.025624134617392,0.0057125));
#11253=CARTESIAN_POINT('',(0.0429656750104914,0.025624134617392,0.));
#11254=CARTESIAN_POINT('',(0.0428890600256353,0.0257007496022481,0.));
#11255=CARTESIAN_POINT('',(0.0428890600256353,0.0257007496022481,0.));
#11256=CARTESIAN_POINT('',(0.0428890600256353,0.0257007496022481,0.));
#11257=CARTESIAN_POINT('',(0.0163549944994674,-0.00619865127082928,0.0221));
#11258=CARTESIAN_POINT('',(0.0163549944994674,-0.00619865127082932,0.0231));
#11259=CARTESIAN_POINT('',(0.0150882956585983,-0.0119209088197782,0.));
#11260=CARTESIAN_POINT('',(0.,0.,0.));
#11261=CARTESIAN_POINT('',(0.,0.,0.));
#11262=CARTESIAN_POINT('',(-0.0346438551885372,0.05201543649002,0.0221000000000024));
#11263=CARTESIAN_POINT('',(-0.0346438551885372,0.05201543649002,0.0221000000000024));
#11264=CARTESIAN_POINT('',(-0.00541050873007813,0.05201543649002,0.0221000000000024));
#11265=CARTESIAN_POINT('',(0.0163549944994674,0.0520154364900199,0.0231000000000023));
#11266=CARTESIAN_POINT('',(-0.00064462206320078,0.0520154364900199,0.0231000000000023));
#11267=CARTESIAN_POINT('',(-0.017644238625869,0.0520154364900199,0.0231000000000023));
#11268=CARTESIAN_POINT('',(-0.0346438551885372,0.0520154364900199,0.0231000000000023));
#11269=CARTESIAN_POINT('',(0.0498397431775085,-0.004,-0.026));
#11270=CARTESIAN_POINT('',(0.0528397431775085,-0.00399999999999999,0.0100522431775015));
#11271=CARTESIAN_POINT('',(0.0528397431775085,-0.00437242188218705,0.0100522431775015));
#11272=CARTESIAN_POINT('',(0.0527405802019313,-0.00492635778301169,0.00995338916065964));
#11273=CARTESIAN_POINT('',(0.0524190433491447,-0.00555497907814629,0.00963113140415731));
#11274=CARTESIAN_POINT('',(0.0521801213224797,-0.00588640152141156,0.00939240756977681));
#11275=CARTESIAN_POINT('',(0.0519566561807248,-0.00613274802882599,0.0091692919378749));
#11276=CARTESIAN_POINT('',(0.0517596350810299,-0.00631052842464231,0.00897180580509048));
#11277=CARTESIAN_POINT('',(0.0515182841152506,-0.00649322683272253,0.00873009429835539));
#11278=CARTESIAN_POINT('',(0.0512922270492706,-0.00662845247002604,0.00850429323301581));
#11279=CARTESIAN_POINT('',(0.0511016017235463,-0.00672367640663495,0.00831400372688551));
#11280=CARTESIAN_POINT('',(0.0509346266967901,-0.00679441280954223,0.0081471617815658));
#11281=CARTESIAN_POINT('',(0.0508240553264581,-0.0068348617743199,0.00803651298397393));
#11282=CARTESIAN_POINT('',(0.0506839653469128,-0.00687991275896935,0.00789639056340925));
#11283=CARTESIAN_POINT('',(0.0505468265109336,-0.00691721251397271,0.00775928088639336));
#11284=CARTESIAN_POINT('',(0.0503683743214,-0.00695409497342973,0.00758090525754049));
#11285=CARTESIAN_POINT('',(0.0502934702119359,-0.00696590422380674,0.00750589209187209));
#11286=CARTESIAN_POINT('',(0.0501182555499798,-0.00698974243688483,0.00733051914940049));
#11287=CARTESIAN_POINT('',(0.0499616692574145,-0.007,0.00717416925740748));
#11288=CARTESIAN_POINT('',(0.0498397431775085,-0.007,0.0070522431775015));
#11289=CARTESIAN_POINT('',(0.0528397431775085,-0.004,0.0100522431775015));
#11290=CARTESIAN_POINT('',(0.0498397431775085,-0.007,0.00705224317750148));
#11291=CARTESIAN_POINT('',(0.0528397431775085,-0.004,-0.026));
#11292=CARTESIAN_POINT('',(0.0498397431775085,-0.007,0.0070522431775015));
#11293=CARTESIAN_POINT('',(0.0497296530956513,-0.007,0.00694237533969863));
#11294=CARTESIAN_POINT('',(0.0496195632831579,-0.00699393397392913,0.00683250750189577));
#11295=CARTESIAN_POINT('',(0.0495101396640999,-0.00698183861467194,0.0067226396640929));
#11296=CARTESIAN_POINT('',(0.053839743177506,0.00271859847967229,0.0108546955399079));
#11297=CARTESIAN_POINT('',(0.053156948114766,0.00293342662284616,0.0113646310930934));
#11298=CARTESIAN_POINT('',(0.0516267556356295,0.00306805836670512,0.0125074330711825));
#11299=CARTESIAN_POINT('',(0.0495381102545768,0.00232511267868972,0.0140673074696907));
#11300=CARTESIAN_POINT('',(0.0483063876554164,0.000863410347054129,0.0149872015627348));
#11301=CARTESIAN_POINT('',(0.0483041492841873,-0.000863744034251042,0.0149888732577029));
#11302=CARTESIAN_POINT('',(0.049539845484849,-0.00232396280587627,0.0140660115382216));
#11303=CARTESIAN_POINT('',(0.0516257435235677,-0.00306892303323481,0.0125081889523436));
#11304=CARTESIAN_POINT('',(0.0531569481147651,-0.00293342662285183,0.0113646310930948));
#11305=CARTESIAN_POINT('',(0.0538397431775053,-0.00271859847967886,0.010854695539909));
#11306=CARTESIAN_POINT('',(0.0537102573233506,0.0026722703982006,0.0107447270064358));
#11307=CARTESIAN_POINT('',(0.0530410841648595,0.00290898704350222,0.0112487663721498));
#11308=CARTESIAN_POINT('',(0.0515304692133825,0.00309162487383529,0.0124049792224058));
#11309=CARTESIAN_POINT('',(0.049457029599241,0.00237494382338902,0.0140234191398337));
#11310=CARTESIAN_POINT('',(0.0482318765006637,0.000887204828799044,0.0149889766000885));
#11311=CARTESIAN_POINT('',(0.0482296287220571,-0.000887597003394456,0.0149908379093254));
#11312=CARTESIAN_POINT('',(0.0494587816136296,-0.00237359444045707,0.0140220048534806));
#11313=CARTESIAN_POINT('',(0.0515294384668196,-0.00309262282722743,0.0124057923325779));
#11314=CARTESIAN_POINT('',(0.0530410841648587,-0.00290898704350781,0.0112487663721512));
#11315=CARTESIAN_POINT('',(0.0537102573233499,-0.00267227039820711,0.0107447270064369));
#11316=CARTESIAN_POINT('',(0.0534520620056193,0.00266780749146147,0.0104884118438768));
#11317=CARTESIAN_POINT('',(0.0528099576795082,0.00294265523211723,0.0110024680385506));
#11318=CARTESIAN_POINT('',(0.051338125475214,0.00319647221350911,0.0122165588227623));
#11319=CARTESIAN_POINT('',(0.0492949745092158,0.00249506061994904,0.0139596035617578));
#11320=CARTESIAN_POINT('',(0.048082880557179,0.000938196990737986,0.0150091997688008));
#11321=CARTESIAN_POINT('',(0.0480806326594155,-0.000938655264643161,0.0150113626541888));
#11322=CARTESIAN_POINT('',(0.0492967389649269,-0.0024934958315532,0.013957928353813));
#11323=CARTESIAN_POINT('',(0.0513370661195245,-0.00319764235023447,0.0122175261315026));
#11324=CARTESIAN_POINT('',(0.0528099576795074,-0.00294265523212269,0.0110024680385521));
#11325=CARTESIAN_POINT('',(0.0534520620056187,-0.00266780749146784,0.0104884118438782));
#11326=CARTESIAN_POINT('',(0.0531213954580023,0.00296804107179055,0.010031261425548));
#11327=CARTESIAN_POINT('',(0.0524974660983296,0.00327240176577863,0.0106174199431771));
#11328=CARTESIAN_POINT('',(0.0510543481290271,0.00354752270220917,0.0119904559475645));
#11329=CARTESIAN_POINT('',(0.0490354702464592,0.00276034780762696,0.0139365697358276));
#11330=CARTESIAN_POINT('',(0.0478346286816512,0.00103626662644088,0.0151008077290551));
#11331=CARTESIAN_POINT('',(0.0478323141884987,-0.00103674903927545,0.015103094349937));
#11332=CARTESIAN_POINT('',(0.0490373109515077,-0.00275872218461252,0.0139347688571841));
#11333=CARTESIAN_POINT('',(0.0510532520565145,-0.00354875342679206,0.0119915304379078));
#11334=CARTESIAN_POINT('',(0.0524974660983285,-0.00327240176578403,0.0106174199431789));
#11335=CARTESIAN_POINT('',(0.0531213954580016,-0.00296804107179672,0.0100312614255498));
#11336=CARTESIAN_POINT('',(0.0530793154899419,0.00338702261331061,0.00981267086506747));
#11337=CARTESIAN_POINT('',(0.0524263794839066,0.00368144513098474,0.0104664315034057));
#11338=CARTESIAN_POINT('',(0.0509416954271551,0.00389767622473027,0.01195048431033));
#11339=CARTESIAN_POINT('',(0.0488930991293346,0.00298102512754009,0.0139996309285978));
#11340=CARTESIAN_POINT('',(0.0476794831490329,0.00111115857318958,0.0152126708920555));
#11341=CARTESIAN_POINT('',(0.0476773665580992,-0.00111162146058746,0.0152150620038141));
#11342=CARTESIAN_POINT('',(0.0488947133535545,-0.00297941798786303,0.0139977347597016));
#11343=CARTESIAN_POINT('',(0.0509407030822351,-0.00389886257302933,0.0119515516292415));
#11344=CARTESIAN_POINT('',(0.0524263794839051,-0.00368144513099019,0.0104664315034078));
#11345=CARTESIAN_POINT('',(0.0530793154899408,-0.00338702261331669,0.00981267086506968));
#11346=CARTESIAN_POINT('',(0.0531326363963198,0.00364015728634225,0.00975934995868962));
#11347=CARTESIAN_POINT('',(0.0524498413335798,0.00392780852889677,0.0104421450214298));
#11348=CARTESIAN_POINT('',(0.0509196488544438,0.00410807815202906,0.0119723375005665));
#11349=CARTESIAN_POINT('',(0.0488310034733912,0.0031132864680757,0.0140609828816197));
#11350=CARTESIAN_POINT('',(0.0475992808742303,0.00115609182063206,0.0152927054807801));
#11351=CARTESIAN_POINT('',(0.0475970425030003,-0.00115653862213243,0.0152949438520091));
#11352=CARTESIAN_POINT('',(0.0488327387036615,-0.0031117468078686,0.0140592476513474));
#11353=CARTESIAN_POINT('',(0.0509186367423804,-0.00410923592585666,0.0119733496126292));
#11354=CARTESIAN_POINT('',(0.0524498413335782,-0.00392780852890224,0.0104421450214321));
#11355=CARTESIAN_POINT('',(0.0531326363963185,-0.00364015728634827,0.00975934995869205));
#11356=CARTESIAN_POINT('',(0.053133880550802,0.00364606376204632,0.00975810580420747));
#11357=CARTESIAN_POINT('',(0.0524503887767388,0.00393355700818139,0.0104415783368504));
#11358=CARTESIAN_POINT('',(0.0509191344344139,0.0041129875303327,0.0119728474083387));
#11359=CARTESIAN_POINT('',(0.0488295545747525,0.00311637256602153,0.0140624144271902));
#11360=CARTESIAN_POINT('',(0.0475974094878182,0.00115714026307238,0.015294572954517));
#11361=CARTESIAN_POINT('',(0.047595168275048,-0.00115758668923515,0.0152968077618003));
#11362=CARTESIAN_POINT('',(0.0488312926284973,-0.0031148344803354,0.0140606829521525));
#11363=CARTESIAN_POINT('',(0.0509181218611171,-0.00411414463742263,0.0119738582322416));
#11364=CARTESIAN_POINT('',(0.0524503887767372,-0.00393355700818685,0.0104415783368527));
#11365=CARTESIAN_POINT('',(0.0531338805508007,-0.00364606376205234,0.0097581058042099));
#11366=CARTESIAN_POINT('',(0.0531351247052841,0.00365197023775039,0.00975686164972532));
#11367=CARTESIAN_POINT('',(0.0524509362198979,0.003939305487466,0.0104410116522709));
#11368=CARTESIAN_POINT('',(0.0509186200143839,0.00411789690863634,0.0119733573161109));
#11369=CARTESIAN_POINT('',(0.0488281056761138,0.00311945866396736,0.0140638459727607));
#11370=CARTESIAN_POINT('',(0.0475955381014062,0.00115818870551271,0.0152964404282539));
#11371=CARTESIAN_POINT('',(0.0475932940470957,-0.00115863475633786,0.0152986716715915));
#11372=CARTESIAN_POINT('',(0.0488298465533332,-0.00311792215280219,0.0140621182529575));
#11373=CARTESIAN_POINT('',(0.0509176069798539,-0.0041190533489886,0.011974366851854));
#11374=CARTESIAN_POINT('',(0.0524509362198963,-0.00393930548747147,0.0104410116522732));
#11375=CARTESIAN_POINT('',(0.0531351247052828,-0.00365197023775641,0.00975686164972776));
#11376=CARTESIAN_POINT('',(0.0531363688597663,0.00365787671345447,0.00975561749524317));
#11377=CARTESIAN_POINT('',(0.0524514836630569,0.00394505396675061,0.0104404449676915));
#11378=CARTESIAN_POINT('',(0.050918105594354,0.00412280628693997,0.011973867223883));
#11379=CARTESIAN_POINT('',(0.0488266567774752,0.00312254476191319,0.0140652775183312));
#11380=CARTESIAN_POINT('',(0.0475936667149941,0.00115923714795303,0.0152983079019908));
#11381=CARTESIAN_POINT('',(0.0475914198191434,-0.00115968282344058,0.0153005355813827));
#11382=CARTESIAN_POINT('',(0.048828400478169,-0.00312100982526899,0.0140635535537626));
#11383=CARTESIAN_POINT('',(0.0509170920985906,-0.00412396206055457,0.0119748754714663));
#11384=CARTESIAN_POINT('',(0.0524514836630553,-0.00394505396675609,0.0104404449676938));
#11385=CARTESIAN_POINT('',(0.0531363688597649,-0.00365787671346048,0.00975561749524561));
#11386=CARTESIAN_POINT('',(0.0528397431775085,-0.00375010499519835,0.0100522431775015));
#11387=CARTESIAN_POINT('',(0.0528397431775085,-0.00365100146709645,0.0100522447396766));
#11388=CARTESIAN_POINT('',(0.0528397431775085,-0.00355716934684303,0.010071570496923));
#11389=CARTESIAN_POINT('',(0.0528397431775085,-0.0034686086344381,0.0101102204492407));
#11390=CARTESIAN_POINT('',(0.0528397431263224,-0.0037501049951427,0.0100522431263337));
#11391=CARTESIAN_POINT('',(0.0528397431775085,-0.00375010499519835,0.0100522431775015));
#11392=CARTESIAN_POINT('',(0.0525533402071161,-0.00384485590417401,0.0103386461478939));
#11393=CARTESIAN_POINT('',(0.0519749282652247,-0.00396751447391031,0.0109170580897854));
#11394=CARTESIAN_POINT('',(0.0506918817806866,-0.00394115968616407,0.0122001045743234));
#11395=CARTESIAN_POINT('',(0.0494562153072697,-0.00342358690799204,0.0134357710477404));
#11396=CARTESIAN_POINT('',(0.0485595206900613,-0.00257290783704122,0.0143324656649487));
#11397=CARTESIAN_POINT('',(0.0479045123028424,-0.00160746652074024,0.0149874740521677));
#11398=CARTESIAN_POINT('',(0.0474788133474262,1.2416622869199E-10,0.0154131730075838));
#11399=CARTESIAN_POINT('',(0.0479045133358615,0.00160746614823636,0.0149874730191486));
#11400=CARTESIAN_POINT('',(0.0485595188306269,0.00257290845787472,0.0143324675243831));
#11401=CARTESIAN_POINT('',(0.0494562254308566,0.00342358355547396,0.0134357609241534));
#11402=CARTESIAN_POINT('',(0.0506918183533152,0.00394118067042065,0.0122001680016948));
#11403=CARTESIAN_POINT('',(0.0519750367322278,0.0039674785895788,0.0109169496227822));
#11404=CARTESIAN_POINT('',(0.0525531007532938,0.00384493512285631,0.0103388856017163));
#11405=CARTESIAN_POINT('',(0.0528397431775085,0.0037501049951933,0.0100522431775015));
#11406=CARTESIAN_POINT('',(0.0528397431219169,0.00375010499513328,0.0100522431219296));
#11407=CARTESIAN_POINT('',(0.0528397431775085,0.00346860861620324,0.0101102204571955));
#11408=CARTESIAN_POINT('',(0.0528397431775085,0.00355716934545276,0.0100715704977805));
#11409=CARTESIAN_POINT('',(0.0528397431775085,0.00365100147178278,0.0100522447378825));
#11410=CARTESIAN_POINT('',(0.0528397431775085,0.00375010499519329,0.0100522431775015));
#11411=CARTESIAN_POINT('',(0.0528397431775085,0.004,0.0057125));
#11412=CARTESIAN_POINT('',(0.0528397431775085,-0.004,0.0100522431775015));
#11413=CARTESIAN_POINT('',(0.0528397431775085,-0.004,0.0100522431775015));
#11414=CARTESIAN_POINT('',(0.0182462032160471,-3.73750067782086E-17,-0.0112639364480531));
#11415=CARTESIAN_POINT('',(0.0362323978705182,-0.00698173046246057,0.0199996185423254));
#11416=CARTESIAN_POINT('',(0.0406581846491539,-0.00698173046246057,0.0155738317636897));
#11417=CARTESIAN_POINT('',(0.0450839714277896,-0.00698173046246058,0.011148044985054));
#11418=CARTESIAN_POINT('',(0.0495097582064253,-0.00698173046246059,0.00672225820641829));
#11419=CARTESIAN_POINT('',(0.0362327793281928,-0.00698183861467195,0.02));
#11420=CARTESIAN_POINT('',(0.0495097582064253,0.00698173046246046,0.00672225820641833));
#11421=CARTESIAN_POINT('',(0.0450839714277896,0.00698173046246045,0.011148044985054));
#11422=CARTESIAN_POINT('',(0.0406581846491539,0.00698173046246046,0.0155738317636897));
#11423=CARTESIAN_POINT('',(0.0362323978705182,0.00698173046246046,0.0199996185423254));
#11424=CARTESIAN_POINT('',(0.0362327793281928,0.00698183861467187,0.02));
#11425=CARTESIAN_POINT('',(0.0362323978705182,0.00698173046246046,0.0199996185423254));
#11426=CARTESIAN_POINT('',(0.0375420021640337,0.00235102294786006,0.020002928606774));
#11427=CARTESIAN_POINT('',(0.0375420021640338,-0.00235102294786008,0.020002928606774));
#11428=CARTESIAN_POINT('',(0.0362323978705182,-0.00698173046246059,0.0199996185423254));
#11429=CARTESIAN_POINT('',(0.0495902296967904,0.00698183861467195,0.0066425496314024));
#11430=CARTESIAN_POINT('',(0.0361531126261932,0.00698183861467194,0.0200796667019996));
#11431=CARTESIAN_POINT('',(0.0499957227592046,0.00702666060382217,0.00704804269381661));
#11432=CARTESIAN_POINT('',(0.0365586056886075,0.00702666060382216,0.0204851597644138));
#11433=CARTESIAN_POINT('',(0.0508683521351732,0.00694326239147262,0.00792067206978518));
#11434=CARTESIAN_POINT('',(0.037431235064576,0.00694326239147261,0.0213577891403824));
#11435=CARTESIAN_POINT('',(0.0519794925794085,0.0062998726485067,0.00903181251402054));
#11436=CARTESIAN_POINT('',(0.0385423755088113,0.00629987264850669,0.0224689295846177));
#11437=CARTESIAN_POINT('',(0.0527410659707986,0.00526614666078263,0.00979338590541055));
#11438=CARTESIAN_POINT('',(0.0393039489002014,0.00526614666078261,0.0232305029760077));
#11439=CARTESIAN_POINT('',(0.052919833210199,0.00440796278553005,0.00997215314481099));
#11440=CARTESIAN_POINT('',(0.0394827161396018,0.00440796278553004,0.0234092702154082));
#11441=CARTESIAN_POINT('',(0.052919833210199,0.00399999999999999,0.009972153144811));
#11442=CARTESIAN_POINT('',(0.0394827161396018,0.00399999999999998,0.0234092702154082));
#11443=CARTESIAN_POINT('',(0.046201063009555,0.004,0.016690923345455));
#11444=CARTESIAN_POINT('',(0.0428919863550099,0.004,0.02));
#11445=CARTESIAN_POINT('',(0.0428919863550099,0.004,0.0200000000000001));
#11446=CARTESIAN_POINT('',(0.0428919863550099,0.00438492336369783,0.0200000000000001));
#11447=CARTESIAN_POINT('',(0.0426923357249117,0.00488581382840282,0.0199998973738034));
#11448=CARTESIAN_POINT('',(0.0421994125521254,0.00541016543488303,0.020000082100957));
#11449=CARTESIAN_POINT('',(0.0418770520083818,0.00567797668605237,0.0199999524375857));
#11450=CARTESIAN_POINT('',(0.0415508483147088,0.00589788566791654,0.0200001081487001));
#11451=CARTESIAN_POINT('',(0.041132646433488,0.00612933246171366,0.0199999687921868));
#11452=CARTESIAN_POINT('',(0.0407192027744442,0.0063162682644495,0.0200000166825528));
#11453=CARTESIAN_POINT('',(0.040242771601743,0.00649422072616464,0.0199999644775995));
#11454=CARTESIAN_POINT('',(0.0398490783253806,0.00661321808770728,0.0200000985854744));
#11455=CARTESIAN_POINT('',(0.0394964516218797,0.0067043397367695,0.0200000515902989));
#11456=CARTESIAN_POINT('',(0.0391885745705336,0.00677277941519613,0.0199999652553973));
#11457=CARTESIAN_POINT('',(0.0389704111049555,0.00681511229440567,0.0200000873881119));
#11458=CARTESIAN_POINT('',(0.0386943212313493,0.00686288286319179,0.0200001880360075));
#11459=CARTESIAN_POINT('',(0.0384426080580462,0.0068988075028987,0.0200001191420108));
#11460=CARTESIAN_POINT('',(0.0382377705427755,0.00692408571847428,0.0200000279554245));
#11461=CARTESIAN_POINT('',(0.0380443928205112,0.00694444374336724,0.0199999874027546));
#11462=CARTESIAN_POINT('',(0.0379699415295758,0.00695126773916704,0.0200000224335571));
#11463=CARTESIAN_POINT('',(0.0377864660821784,0.00696735378272782,0.0200000580956452));
#11464=CARTESIAN_POINT('',(0.0374736951652624,0.00698793103436508,0.019999996087386));
#11465=CARTESIAN_POINT('',(0.0371234280589368,0.00699901663577972,0.0199999451531592));
#11466=CARTESIAN_POINT('',(0.0369604027465674,0.00699999999999999,0.02));
#11467=CARTESIAN_POINT('',(0.0368919863550099,0.00699999999999999,0.02));
#11468=CARTESIAN_POINT('',(0.0368919863550099,0.007,0.02));
#11469=CARTESIAN_POINT('',(0.0368919863550099,0.00699999999999999,0.02));
#11470=CARTESIAN_POINT('',(0.0366455162088983,0.00699999999999999,0.02));
#11471=CARTESIAN_POINT('',(0.0364257805332926,0.00699250550237337,0.02));
#11472=CARTESIAN_POINT('',(0.0362327793281928,0.00698183861467194,0.02));
#11473=CARTESIAN_POINT('',(0.0529197045866375,-0.00399999999999999,0.00997228176837257));
#11474=CARTESIAN_POINT('',(0.0394827169067403,-0.00399999999999999,0.0234092694482697));
#11475=CARTESIAN_POINT('',(0.0529197045866375,-0.00440796278553006,0.00997228176837256));
#11476=CARTESIAN_POINT('',(0.0394827169067403,-0.00440796278553005,0.0234092694482697));
#11477=CARTESIAN_POINT('',(0.052740937347237,-0.00526614666078265,0.00979351452897212));
#11478=CARTESIAN_POINT('',(0.0393039496673398,-0.00526614666078264,0.0232305022088692));
#11479=CARTESIAN_POINT('',(0.051979363955847,-0.00629987264850669,0.00903194113758211));
#11480=CARTESIAN_POINT('',(0.0385423762759498,-0.00629987264850668,0.0224689288174792));
#11481=CARTESIAN_POINT('',(0.0508682235116116,-0.00694326239147264,0.0079208006933467));
#11482=CARTESIAN_POINT('',(0.0374312358317144,-0.00694326239147263,0.0213577883732438));
#11483=CARTESIAN_POINT('',(0.0499955941356431,-0.00702666060382217,0.00704817131737815));
#11484=CARTESIAN_POINT('',(0.0365586064557459,-0.00702666060382216,0.0204851589972752));
#11485=CARTESIAN_POINT('',(0.0495901010732289,-0.00698183861467195,0.00664267825496393));
#11486=CARTESIAN_POINT('',(0.0361531133933317,-0.00698183861467194,0.020079665934861));
#11487=CARTESIAN_POINT('',(0.0362327793281928,-0.00698183861467195,0.02));
#11488=CARTESIAN_POINT('',(0.0364257805332921,-0.00699250550237335,0.02));
#11489=CARTESIAN_POINT('',(0.0366455162088979,-0.007,0.02));
#11490=CARTESIAN_POINT('',(0.0368919863550099,-0.007,0.02));
#11491=CARTESIAN_POINT('',(0.0368919863550099,-0.007,0.02));
#11492=CARTESIAN_POINT('',(0.0368919863550099,-0.007,0.02));
#11493=CARTESIAN_POINT('',(0.0372525728961453,-0.007,0.02));
#11494=CARTESIAN_POINT('',(0.0377801179633703,-0.00697863485876401,0.020000591672934));
#11495=CARTESIAN_POINT('',(0.0385669064374493,-0.00688535688447582,0.0199990138784434));
#11496=CARTESIAN_POINT('',(0.0390806052777583,-0.00679926094529356,0.0200002232619293));
#11497=CARTESIAN_POINT('',(0.0397140001258031,-0.00665378875347394,0.0200000930738392));
#11498=CARTESIAN_POINT('',(0.0401913426078021,-0.00651155320845443,0.0199999657414363));
#11499=CARTESIAN_POINT('',(0.0406260569013416,-0.00635161113256858,0.0200000309239189));
#11500=CARTESIAN_POINT('',(0.0409015904972018,-0.00623346245787261,0.0199999511886587));
#11501=CARTESIAN_POINT('',(0.0413762335507116,-0.00600842989433153,0.0200000597221117));
#11502=CARTESIAN_POINT('',(0.0418953739487361,-0.00568771858461061,0.0199999770299571));
#11503=CARTESIAN_POINT('',(0.0426723477653702,-0.00497146333001757,0.0200000137820258));
#11504=CARTESIAN_POINT('',(0.0428919863550099,-0.00438480861349684,0.02));
#11505=CARTESIAN_POINT('',(0.0428919863550099,-0.004,0.02));
#11506=CARTESIAN_POINT('',(0.0428919863550099,-0.004,0.02));
#11507=CARTESIAN_POINT('',(0.0462010630095549,-0.004,0.016690923345455));
#11508=CARTESIAN_POINT('',(0.0528397431775085,-0.004,0.0100522431775015));
#11509=CARTESIAN_POINT('',(0.0428919863550099,-0.004,0.02));
#11510=CARTESIAN_POINT('',(0.0428919863550099,-0.004,0.02));
#11511=CARTESIAN_POINT('',(0.0428919863550099,0.004,0.0215500000000003));
#11512=CARTESIAN_POINT('',(0.0428919863550099,0.004,0.0231000000000006));
#11513=CARTESIAN_POINT('',(0.0428919863550099,-0.004,0.02155));
#11514=CARTESIAN_POINT('',(0.0428919863550099,-0.004,0.0231000000000003));
#11515=CARTESIAN_POINT('',(0.0428919863550099,-0.004,0.0231000000000005));
#11516=CARTESIAN_POINT('',(0.0428919863550099,-0.004,0.0199806160296361));
#11517=CARTESIAN_POINT('',(0.0428919863550099,-0.004,0.0231000000000003));
#11518=CARTESIAN_POINT('',(0.04289198635501,-0.00440796278553006,0.0199806160296361));
#11519=CARTESIAN_POINT('',(0.04289198635501,-0.00440796278553006,0.0231000000000004));
#11520=CARTESIAN_POINT('',(0.0425377252886718,-0.00526508281127431,0.0199806160296362));
#11521=CARTESIAN_POINT('',(0.0425377252886718,-0.00526508281127431,0.0231000000000004));
#11522=CARTESIAN_POINT('',(0.0412561610062869,-0.00613051057003391,0.0199806160296361));
#11523=CARTESIAN_POINT('',(0.0412561610062869,-0.00613051057003391,0.0231000000000003));
#11524=CARTESIAN_POINT('',(0.039915713358391,-0.00661651423482512,0.0199806160296361));
#11525=CARTESIAN_POINT('',(0.039915713358391,-0.00661651423482512,0.0231000000000003));
#11526=CARTESIAN_POINT('',(0.0383433802914557,-0.00696714391565873,0.0199806160296361));
#11527=CARTESIAN_POINT('',(0.0383433802914557,-0.00696714391565873,0.0231000000000004));
#11528=CARTESIAN_POINT('',(0.0370437654530212,-0.00702666060382217,0.0199806160296361));
#11529=CARTESIAN_POINT('',(0.0370437654530212,-0.00702666060382217,0.0231000000000003));
#11530=CARTESIAN_POINT('',(0.0362327793281928,-0.00698183861467195,0.0199806160296361));
#11531=CARTESIAN_POINT('',(0.0362327793281928,-0.00698183861467195,0.0231000000000003));
#11532=CARTESIAN_POINT('',(0.0362327793281928,-0.00698183861467195,0.0215500000000003));
#11533=CARTESIAN_POINT('',(0.0362327793281928,-0.00698183861467195,0.0231000000000003));
#11534=CARTESIAN_POINT('',(0.0428919863550099,-0.004,0.0231000000000001));
#11535=CARTESIAN_POINT('',(0.0428919863550099,-0.00441671281512777,0.0231000000000001));
#11536=CARTESIAN_POINT('',(0.0425331276334832,-0.00526201095812764,0.0231));
#11537=CARTESIAN_POINT('',(0.0410159399429695,-0.00630122256340258,0.0231));
#11538=CARTESIAN_POINT('',(0.0387718090495227,-0.00694199843454407,0.0231));
#11539=CARTESIAN_POINT('',(0.0370808442493441,-0.0070287098933915,0.0231));
#11540=CARTESIAN_POINT('',(0.0362327793281928,-0.00698183861467195,0.0231));
#11541=CARTESIAN_POINT('',(0.0362327793281928,0.00698183861467195,0.02));
#11542=CARTESIAN_POINT('',(0.0362327793281928,0.00698183861467195,0.0231000000000006));
#11543=CARTESIAN_POINT('',(0.0370437654530213,0.00702666060382217,0.02));
#11544=CARTESIAN_POINT('',(0.0370437654530213,0.00702666060382217,0.0231000000000006));
#11545=CARTESIAN_POINT('',(0.0383433802914557,0.00696714391565872,0.02));
#11546=CARTESIAN_POINT('',(0.0383433802914557,0.00696714391565872,0.0231000000000006));
#11547=CARTESIAN_POINT('',(0.0399157133583911,0.00661651423482513,0.02));
#11548=CARTESIAN_POINT('',(0.0399157133583911,0.00661651423482513,0.0231000000000006));
#11549=CARTESIAN_POINT('',(0.041256161006287,0.0061305105700339,0.02));
#11550=CARTESIAN_POINT('',(0.041256161006287,0.0061305105700339,0.0231000000000006));
#11551=CARTESIAN_POINT('',(0.0425377252886716,0.00526508281127432,0.02));
#11552=CARTESIAN_POINT('',(0.0425377252886716,0.00526508281127432,0.0231000000000006));
#11553=CARTESIAN_POINT('',(0.0428919863550098,0.00440796278553005,0.02));
#11554=CARTESIAN_POINT('',(0.0428919863550098,0.00440796278553005,0.0231000000000006));
#11555=CARTESIAN_POINT('',(0.0428919863550099,0.00399999999999999,0.02));
#11556=CARTESIAN_POINT('',(0.0428919863550099,0.00399999999999999,0.0231000000000006));
#11557=CARTESIAN_POINT('',(0.0362327793281928,0.00698183861467194,0.0231000000000005));
#11558=CARTESIAN_POINT('',(0.0366471163574532,0.00700473840205606,0.0231000000000005));
#11559=CARTESIAN_POINT('',(0.0374726798905529,0.00700796842967871,0.0231000000000005));
#11560=CARTESIAN_POINT('',(0.0387376113879846,0.00687920572637829,0.0231000000000005));
#11561=CARTESIAN_POINT('',(0.039915412547824,0.00661649058920218,0.0231000000000005));
#11562=CARTESIAN_POINT('',(0.0412563351597733,0.00613101892065997,0.0231000000000005));
#11563=CARTESIAN_POINT('',(0.0425376619601311,0.00526062588375453,0.0231000000000004));
#11564=CARTESIAN_POINT('',(0.0428919863550099,0.00441736134557278,0.0231000000000004));
#11565=CARTESIAN_POINT('',(0.0428919863550099,0.004,0.0231000000000004));
#11566=CARTESIAN_POINT('',(0.0362327793281928,0.00698183861467188,0.0231000000000006));
#11567=CARTESIAN_POINT('',(0.0362327793281928,0.00698183861467183,0.0215500000000003));
#11568=CARTESIAN_POINT('',(0.0362327793281745,0.00698183861473669,0.02));
#11569=CARTESIAN_POINT('',(0.0362327793281745,0.00698183861473669,0.0231000000000006));
#11570=CARTESIAN_POINT('',(0.0375326745399673,0.00237288121569996,0.02));
#11571=CARTESIAN_POINT('',(0.0375326745399673,0.00237288121569996,0.0231000000000006));
#11572=CARTESIAN_POINT('',(0.0375326745399672,-0.0023728812157,0.02));
#11573=CARTESIAN_POINT('',(0.0375326745399672,-0.0023728812157,0.0231000000000006));
#11574=CARTESIAN_POINT('',(0.0362327793281745,-0.00698183861473681,0.02));
#11575=CARTESIAN_POINT('',(0.0362327793281745,-0.00698183861473681,0.0231000000000006));
#11576=CARTESIAN_POINT('',(0.0362327793281928,-0.00698183861467195,0.0231));
#11577=CARTESIAN_POINT('',(0.0375389730366112,-0.00235054902884103,0.0231000000000002));
#11578=CARTESIAN_POINT('',(0.037539174062592,0.00234983626355579,0.0231000000000003));
#11579=CARTESIAN_POINT('',(0.0362327793281928,0.00698183861467182,0.0231000000000005));
#11580=CARTESIAN_POINT('',(-0.00167658711562138,-0.00619865127082932,0.0231));
#11581=MECHANICAL_DESIGN_GEOMETRIC_PRESENTATION_REPRESENTATION('',(#5041),
#11582);
#11582=(
GEOMETRIC_REPRESENTATION_CONTEXT(3)
GLOBAL_UNCERTAINTY_ASSIGNED_CONTEXT((#11583))
GLOBAL_UNIT_ASSIGNED_CONTEXT((#11586,#11585,#11584))
REPRESENTATION_CONTEXT('KP0016-01_PivotSkirtV2',
'TOP_LEVEL_ASSEMBLY_PART')
);
#11583=UNCERTAINTY_MEASURE_WITH_UNIT(LENGTH_MEASURE(5.30698185823416E-5),
#11586,'DISTANCE_ACCURACY_VALUE','Maximum Tolerance applied to model');
#11584=(
NAMED_UNIT(*)
SI_UNIT($,.STERADIAN.)
SOLID_ANGLE_UNIT()
);
#11585=(
NAMED_UNIT(*)
PLANE_ANGLE_UNIT()
SI_UNIT($,.RADIAN.)
);
#11586=(
LENGTH_UNIT()
NAMED_UNIT(*)
SI_UNIT($,.METRE.)
);
#11587=PRODUCT_DEFINITION_SHAPE('','',#11588);
#11588=PRODUCT_DEFINITION('','',#11590,#11589);
#11589=PRODUCT_DEFINITION_CONTEXT('',#11596,'design');
#11590=PRODUCT_DEFINITION_FORMATION_WITH_SPECIFIED_SOURCE('','',#11592,
 .NOT_KNOWN.);
#11591=PRODUCT_RELATED_PRODUCT_CATEGORY('','',(#11592));
#11592=PRODUCT('KP0016-01_PivotSkirtV2','KP0016-01_PivotSkirtV2',
'KP0016-01_PivotSkirtV2',(#11594));
#11593=PRODUCT_CATEGORY('','');
#11594=PRODUCT_CONTEXT('',#11596,'mechanical');
#11595=APPLICATION_PROTOCOL_DEFINITION('international standard',
'automotive_design',2010,#11596);
#11596=APPLICATION_CONTEXT(
'core data for automotive mechanical design processes');
ENDSEC;
END-ISO-10303-21;
