ISO-10303-21;
HEADER;
/* Generated by software containing ST-Developer
 * from STEP Tools, Inc. (www.steptools.com) 
 */
/* OPTION: using custom renumber hook */

FILE_DESCRIPTION(
/* description */ ('STEP AP214',
'CAx-IF Rec.Pracs.---User Defined Attributes---1.5---2016-08-15'),
/* implementation_level */ '2;1');

FILE_NAME(
/* name */ '6a65b55a52ede2b56cfc46b0',
/* time_stamp */ '2026-07-26T07:20:58Z',
/* author */ (''),
/* organization */ (''),
/* preprocessor_version */ 'ST-DEVELOPER v20',
/* originating_system */ 'ONSHAPE BY PTC INC, 1.218',
/* authorisation */ '  ');

FILE_SCHEMA (('AUTOMOTIVE_DESIGN {1 0 10303 214 3 1 1}'));
ENDSEC;

DATA;
#10=PROPERTY_DEFINITION_REPRESENTATION(#14,#12);
#11=PROPERTY_DEFINITION_REPRESENTATION(#15,#13);
#12=REPRESENTATION('',(#16),#5558);
#13=REPRESENTATION('',(#17),#5558);
#14=PROPERTY_DEFINITION('pmi validation property','',#5563);
#15=PROPERTY_DEFINITION('pmi validation property','',#5563);
#16=VALUE_REPRESENTATION_ITEM('number of annotations',COUNT_MEASURE(0.));
#17=VALUE_REPRESENTATION_ITEM('number of views',COUNT_MEASURE(0.));
#18=SHAPE_REPRESENTATION_RELATIONSHIP('','',#3311,#19);
#19=ADVANCED_BREP_SHAPE_REPRESENTATION('',(#3309),#5558);
#20=SPHERICAL_SURFACE('',#3594,0.002);
#21=SPHERICAL_SURFACE('',#3596,0.002);
#22=TOROIDAL_SURFACE('',#3567,0.00275860656343086,0.000500000000000001);
#23=TOROIDAL_SURFACE('',#3571,0.0322586065634309,0.0005);
#24=TOROIDAL_SURFACE('',#3573,0.00175860656343085,0.0005);
#25=TOROIDAL_SURFACE('',#3581,0.00175860656343085,0.0005);
#26=TOROIDAL_SURFACE('',#3583,0.0322586065634309,0.0005);
#27=TOROIDAL_SURFACE('',#3587,0.00275860656343086,0.000500000000000007);
#28=CONICAL_SURFACE('',#3541,0.0116500000000021,0.7853981634);
#29=B_SPLINE_CURVE_WITH_KNOTS('',3,(#5150,#5151,#5152,#5153,#5154,#5155,
#5156,#5157,#5158,#5159,#5160,#5161,#5162,#5163,#5164,#5165,#5166,#5167,
#5168,#5169,#5170,#5171,#5172),.UNSPECIFIED.,.F.,.F.,(4,1,1,1,1,1,1,1,1,
1,1,1,1,1,1,1,1,1,1,1,4),(0.,0.0625,0.125,0.15625,0.1875,0.25,0.3125,0.34375,
0.375,0.4375,0.5,0.5625,0.625,0.65625,0.6875,0.75,0.8125,0.84375,0.875,
0.9375,1.),.UNSPECIFIED.);
#30=B_SPLINE_CURVE_WITH_KNOTS('',3,(#5174,#5175,#5176,#5177,#5178),
 .UNSPECIFIED.,.F.,.F.,(4,1,4),(0.,0.5,1.),.UNSPECIFIED.);
#31=B_SPLINE_CURVE_WITH_KNOTS('',3,(#5216,#5217,#5218,#5219,#5220),
 .UNSPECIFIED.,.F.,.F.,(4,1,4),(0.,0.5,1.),.UNSPECIFIED.);
#32=B_SPLINE_CURVE_WITH_KNOTS('',3,(#5222,#5223,#5224,#5225,#5226,#5227,
#5228,#5229,#5230,#5231,#5232,#5233,#5234,#5235,#5236,#5237,#5238,#5239,
#5240,#5241,#5242,#5243,#5244),.UNSPECIFIED.,.F.,.F.,(4,1,1,1,1,1,1,1,1,
1,1,1,1,1,1,1,1,1,1,1,4),(0.,0.0625,0.125,0.15625,0.1875,0.25,0.3125,0.34375,
0.375,0.4375,0.5,0.5625,0.625,0.65625,0.6875,0.75,0.8125,0.84375,0.875,
0.9375,1.),.UNSPECIFIED.);
#33=B_SPLINE_CURVE_WITH_KNOTS('',3,(#5248,#5249,#5250,#5251,#5252),
 .UNSPECIFIED.,.F.,.F.,(4,1,4),(0.,0.5,1.),.UNSPECIFIED.);
#34=B_SPLINE_CURVE_WITH_KNOTS('',3,(#5276,#5277,#5278,#5279,#5280),
 .UNSPECIFIED.,.F.,.F.,(4,1,4),(0.,0.5,1.),.UNSPECIFIED.);
#35=B_SPLINE_CURVE_WITH_KNOTS('',3,(#5379,#5380,#5381,#5382,#5383),
 .UNSPECIFIED.,.F.,.F.,(4,1,4),(0.,0.00213433154090901,0.00426866308181802),
 .UNSPECIFIED.);
#36=B_SPLINE_CURVE_WITH_KNOTS('',3,(#5397,#5398,#5399,#5400,#5401),
 .UNSPECIFIED.,.F.,.F.,(4,1,4),(0.,0.00213433154090903,0.00426866308181806),
 .UNSPECIFIED.);
#37=B_SPLINE_CURVE_WITH_KNOTS('',3,(#5430,#5431,#5432,#5433,#5434),
 .UNSPECIFIED.,.F.,.F.,(4,1,4),(0.,0.000439671832940785,0.00087934366588157),
 .UNSPECIFIED.);
#38=B_SPLINE_CURVE_WITH_KNOTS('',3,(#5476,#5477,#5478,#5479,#5480),
 .UNSPECIFIED.,.F.,.F.,(4,1,4),(0.,0.000438301394429579,0.000876602788859157),
 .UNSPECIFIED.);
#39=B_SPLINE_CURVE_WITH_KNOTS('',3,(#5493,#5494,#5495,#5496,#5497,#5498,
#5499),.UNSPECIFIED.,.F.,.F.,(4,1,1,1,4),(0.,0.25,0.5,0.75,1.),
 .UNSPECIFIED.);
#40=B_SPLINE_CURVE_WITH_KNOTS('',3,(#5501,#5502,#5503,#5504),
 .UNSPECIFIED.,.F.,.F.,(4,4),(0.,0.000179062225921668),.UNSPECIFIED.);
#41=B_SPLINE_CURVE_WITH_KNOTS('',3,(#5521,#5522,#5523,#5524),
 .UNSPECIFIED.,.F.,.F.,(4,4),(0.,0.000179016237480859),.UNSPECIFIED.);
#42=B_SPLINE_CURVE_WITH_KNOTS('',3,(#5526,#5527,#5528,#5529,#5530,#5531,
#5532),.UNSPECIFIED.,.F.,.F.,(4,1,1,1,4),(0.,0.25,0.5,0.75,1.),
 .UNSPECIFIED.);
#43=ELLIPSE('',#3399,0.00214606993343343,0.002);
#44=ELLIPSE('',#3405,0.00214606993343343,0.002);
#45=ELLIPSE('',#3407,0.00282842712474619,0.002);
#46=ELLIPSE('',#3408,0.00282842712474619,0.002);
#47=ELLIPSE('',#3590,0.00282842712474619,0.002);
#48=ELLIPSE('',#3592,0.00282842712474619,0.002);
#49=CYLINDRICAL_SURFACE('',#3338,0.0117);
#50=CYLINDRICAL_SURFACE('',#3340,0.0015);
#51=CYLINDRICAL_SURFACE('',#3343,0.0015);
#52=CYLINDRICAL_SURFACE('',#3346,0.0015);
#53=CYLINDRICAL_SURFACE('',#3349,0.0015);
#54=CYLINDRICAL_SURFACE('',#3352,0.0015);
#55=CYLINDRICAL_SURFACE('',#3355,0.0015);
#56=CYLINDRICAL_SURFACE('',#3400,0.0325);
#57=CYLINDRICAL_SURFACE('',#3406,0.002);
#58=CYLINDRICAL_SURFACE('',#3427,0.0002);
#59=CYLINDRICAL_SURFACE('',#3453,0.0002);
#60=CYLINDRICAL_SURFACE('',#3483,0.0002);
#61=CYLINDRICAL_SURFACE('',#3484,0.0002);
#62=CYLINDRICAL_SURFACE('',#3485,0.0002);
#63=CYLINDRICAL_SURFACE('',#3486,0.0002);
#64=CYLINDRICAL_SURFACE('',#3487,0.0002);
#65=CYLINDRICAL_SURFACE('',#3500,0.0002);
#66=CYLINDRICAL_SURFACE('',#3501,0.0002);
#67=CYLINDRICAL_SURFACE('',#3502,0.0002);
#68=CYLINDRICAL_SURFACE('',#3503,0.0002);
#69=CYLINDRICAL_SURFACE('',#3504,0.0002);
#70=CYLINDRICAL_SURFACE('',#3521,0.002);
#71=CYLINDRICAL_SURFACE('',#3523,0.002);
#72=CYLINDRICAL_SURFACE('',#3525,0.003);
#73=CYLINDRICAL_SURFACE('',#3531,0.003);
#74=CYLINDRICAL_SURFACE('',#3532,0.002);
#75=CYLINDRICAL_SURFACE('',#3534,0.002);
#76=CYLINDRICAL_SURFACE('',#3543,0.0145);
#77=CYLINDRICAL_SURFACE('',#3544,0.0145);
#78=CYLINDRICAL_SURFACE('',#3546,0.00225860656343087);
#79=CYLINDRICAL_SURFACE('',#3549,0.0317586065634309);
#80=CYLINDRICAL_SURFACE('',#3551,0.00125860656343087);
#81=CYLINDRICAL_SURFACE('',#3555,0.00125860656343087);
#82=CYLINDRICAL_SURFACE('',#3557,0.0317586065634309);
#83=CYLINDRICAL_SURFACE('',#3560,0.00225860656343087);
#84=CYLINDRICAL_SURFACE('',#3563,0.0145);
#85=CYLINDRICAL_SURFACE('',#3564,0.0145);
#86=CYLINDRICAL_SURFACE('',#3565,0.0145);
#87=CYLINDRICAL_SURFACE('',#3566,0.01);
#88=CYLINDRICAL_SURFACE('',#3569,0.0005);
#89=CYLINDRICAL_SURFACE('',#3574,0.002);
#90=CYLINDRICAL_SURFACE('',#3576,0.0145);
#91=CYLINDRICAL_SURFACE('',#3577,0.0145);
#92=CYLINDRICAL_SURFACE('',#3578,0.0145);
#93=CYLINDRICAL_SURFACE('',#3580,0.002);
#94=CYLINDRICAL_SURFACE('',#3585,0.0005);
#95=CYLINDRICAL_SURFACE('',#3588,0.002);
#96=CYLINDRICAL_SURFACE('',#3589,0.002);
#97=CYLINDRICAL_SURFACE('',#3591,0.002);
#98=CYLINDRICAL_SURFACE('',#3593,0.002);
#99=CYLINDRICAL_SURFACE('',#3598,0.002);
#100=CYLINDRICAL_SURFACE('',#3599,0.002);
#101=CYLINDRICAL_SURFACE('',#3600,0.0005);
#102=CYLINDRICAL_SURFACE('',#3601,0.0005);
#103=CYLINDRICAL_SURFACE('',#3602,0.0005);
#104=CYLINDRICAL_SURFACE('',#3603,0.0005);
#105=CIRCLE('',#3314,0.0117);
#106=CIRCLE('',#3315,0.0015);
#107=CIRCLE('',#3316,0.0015);
#108=CIRCLE('',#3317,0.0015);
#109=CIRCLE('',#3318,0.0015);
#110=CIRCLE('',#3319,0.0015);
#111=CIRCLE('',#3320,0.0015);
#112=CIRCLE('',#3321,0.0325);
#113=CIRCLE('',#3339,0.0117);
#114=CIRCLE('',#3341,0.0015);
#115=CIRCLE('',#3342,0.0015);
#116=CIRCLE('',#3344,0.0015);
#117=CIRCLE('',#3345,0.0015);
#118=CIRCLE('',#3347,0.0015);
#119=CIRCLE('',#3348,0.0015);
#120=CIRCLE('',#3350,0.0015);
#121=CIRCLE('',#3351,0.0015);
#122=CIRCLE('',#3353,0.0015);
#123=CIRCLE('',#3354,0.0015);
#124=CIRCLE('',#3356,0.0015);
#125=CIRCLE('',#3357,0.0015);
#126=CIRCLE('',#3401,0.0325);
#127=CIRCLE('',#3402,0.0325);
#128=CIRCLE('',#3403,0.0325);
#129=CIRCLE('',#3426,0.0116500000000021);
#130=CIRCLE('',#3428,0.0002);
#131=CIRCLE('',#3429,0.0002);
#132=CIRCLE('',#3431,0.0145);
#133=CIRCLE('',#3432,0.0002);
#134=CIRCLE('',#3433,0.0145);
#135=CIRCLE('',#3434,0.00225860656343087);
#136=CIRCLE('',#3435,0.0317586065634309);
#137=CIRCLE('',#3436,0.00125860656343087);
#138=CIRCLE('',#3437,0.0005);
#139=CIRCLE('',#3438,0.0005);
#140=CIRCLE('',#3439,0.0005);
#141=CIRCLE('',#3440,0.0005);
#142=CIRCLE('',#3441,0.00125860656343087);
#143=CIRCLE('',#3442,0.0317586065634309);
#144=CIRCLE('',#3443,0.00225860656343087);
#145=CIRCLE('',#3444,0.0145);
#146=CIRCLE('',#3445,0.0002);
#147=CIRCLE('',#3446,0.0002);
#148=CIRCLE('',#3447,0.0145);
#149=CIRCLE('',#3448,0.0002);
#150=CIRCLE('',#3449,0.0002);
#151=CIRCLE('',#3450,0.0145);
#152=CIRCLE('',#3451,0.0002);
#153=CIRCLE('',#3452,0.0002);
#154=CIRCLE('',#3454,0.0002);
#155=CIRCLE('',#3456,0.01);
#156=CIRCLE('',#3457,0.0005);
#157=CIRCLE('',#3458,0.002);
#158=CIRCLE('',#3459,0.003);
#159=CIRCLE('',#3460,0.002);
#160=CIRCLE('',#3461,0.0145);
#161=CIRCLE('',#3462,0.0002);
#162=CIRCLE('',#3463,0.0002);
#163=CIRCLE('',#3464,0.0145);
#164=CIRCLE('',#3465,0.0002);
#165=CIRCLE('',#3466,0.0002);
#166=CIRCLE('',#3467,0.0145);
#167=CIRCLE('',#3468,0.002);
#168=CIRCLE('',#3469,0.003);
#169=CIRCLE('',#3470,0.002);
#170=CIRCLE('',#3471,0.0005);
#171=CIRCLE('',#3472,0.0145);
#172=CIRCLE('',#3473,0.0145);
#173=CIRCLE('',#3474,0.0002);
#174=CIRCLE('',#3475,0.0002);
#175=CIRCLE('',#3476,0.0145);
#176=CIRCLE('',#3477,0.0002);
#177=CIRCLE('',#3478,0.0002);
#178=CIRCLE('',#3479,0.0145);
#179=CIRCLE('',#3480,0.0002);
#180=CIRCLE('',#3481,0.0002);
#181=CIRCLE('',#3482,0.0145);
#182=CIRCLE('',#3488,0.0002);
#183=CIRCLE('',#3490,0.0145);
#184=CIRCLE('',#3491,0.002);
#185=CIRCLE('',#3492,0.002);
#186=CIRCLE('',#3493,0.002);
#187=CIRCLE('',#3494,0.002);
#188=CIRCLE('',#3495,0.0145);
#189=CIRCLE('',#3496,0.0002);
#190=CIRCLE('',#3497,0.0145);
#191=CIRCLE('',#3498,0.0002);
#192=CIRCLE('',#3499,0.0002);
#193=CIRCLE('',#3522,0.002);
#194=CIRCLE('',#3524,0.002);
#195=CIRCLE('',#3527,0.0005);
#196=CIRCLE('',#3528,0.002);
#197=CIRCLE('',#3529,0.002);
#198=CIRCLE('',#3530,0.0005);
#199=CIRCLE('',#3533,0.002);
#200=CIRCLE('',#3535,0.002);
#201=CIRCLE('',#3538,0.002);
#202=CIRCLE('',#3540,0.002);
#203=CIRCLE('',#3542,0.00999999999999789);
#204=CIRCLE('',#3547,0.00225860656343087);
#205=CIRCLE('',#3550,0.0317586065634309);
#206=CIRCLE('',#3552,0.00125860656343087);
#207=CIRCLE('',#3556,0.00125860656343087);
#208=CIRCLE('',#3558,0.0317586065634309);
#209=CIRCLE('',#3561,0.00225860656343087);
#210=CIRCLE('',#3568,0.0005);
#211=CIRCLE('',#3570,0.0005);
#212=CIRCLE('',#3572,0.0005);
#213=CIRCLE('',#3582,0.0005);
#214=CIRCLE('',#3584,0.0005);
#215=CIRCLE('',#3586,0.0005);
#216=CIRCLE('',#3595,0.002);
#217=CIRCLE('',#3597,0.002);
#218=ORIENTED_EDGE('',*,*,#1154,.T.);
#219=ORIENTED_EDGE('',*,*,#1155,.T.);
#220=ORIENTED_EDGE('',*,*,#1156,.T.);
#221=ORIENTED_EDGE('',*,*,#1157,.T.);
#222=ORIENTED_EDGE('',*,*,#1158,.T.);
#223=ORIENTED_EDGE('',*,*,#1159,.T.);
#224=ORIENTED_EDGE('',*,*,#1160,.T.);
#225=ORIENTED_EDGE('',*,*,#1161,.T.);
#226=ORIENTED_EDGE('',*,*,#1162,.T.);
#227=ORIENTED_EDGE('',*,*,#1163,.T.);
#228=ORIENTED_EDGE('',*,*,#1164,.T.);
#229=ORIENTED_EDGE('',*,*,#1165,.T.);
#230=ORIENTED_EDGE('',*,*,#1166,.T.);
#231=ORIENTED_EDGE('',*,*,#1167,.T.);
#232=ORIENTED_EDGE('',*,*,#1168,.T.);
#233=ORIENTED_EDGE('',*,*,#1169,.T.);
#234=ORIENTED_EDGE('',*,*,#1170,.T.);
#235=ORIENTED_EDGE('',*,*,#1171,.T.);
#236=ORIENTED_EDGE('',*,*,#1172,.T.);
#237=ORIENTED_EDGE('',*,*,#1173,.T.);
#238=ORIENTED_EDGE('',*,*,#1174,.T.);
#239=ORIENTED_EDGE('',*,*,#1175,.T.);
#240=ORIENTED_EDGE('',*,*,#1176,.T.);
#241=ORIENTED_EDGE('',*,*,#1177,.T.);
#242=ORIENTED_EDGE('',*,*,#1178,.T.);
#243=ORIENTED_EDGE('',*,*,#1179,.T.);
#244=ORIENTED_EDGE('',*,*,#1180,.T.);
#245=ORIENTED_EDGE('',*,*,#1181,.T.);
#246=ORIENTED_EDGE('',*,*,#1182,.T.);
#247=ORIENTED_EDGE('',*,*,#1183,.T.);
#248=ORIENTED_EDGE('',*,*,#1184,.T.);
#249=ORIENTED_EDGE('',*,*,#1185,.T.);
#250=ORIENTED_EDGE('',*,*,#1186,.T.);
#251=ORIENTED_EDGE('',*,*,#1187,.T.);
#252=ORIENTED_EDGE('',*,*,#1188,.T.);
#253=ORIENTED_EDGE('',*,*,#1189,.T.);
#254=ORIENTED_EDGE('',*,*,#1190,.T.);
#255=ORIENTED_EDGE('',*,*,#1191,.T.);
#256=ORIENTED_EDGE('',*,*,#1192,.T.);
#257=ORIENTED_EDGE('',*,*,#1193,.T.);
#258=ORIENTED_EDGE('',*,*,#1194,.T.);
#259=ORIENTED_EDGE('',*,*,#1195,.T.);
#260=ORIENTED_EDGE('',*,*,#1196,.T.);
#261=ORIENTED_EDGE('',*,*,#1197,.T.);
#262=ORIENTED_EDGE('',*,*,#1198,.T.);
#263=ORIENTED_EDGE('',*,*,#1199,.T.);
#264=ORIENTED_EDGE('',*,*,#1200,.T.);
#265=ORIENTED_EDGE('',*,*,#1201,.T.);
#266=ORIENTED_EDGE('',*,*,#1202,.T.);
#267=ORIENTED_EDGE('',*,*,#1203,.T.);
#268=ORIENTED_EDGE('',*,*,#1204,.T.);
#269=ORIENTED_EDGE('',*,*,#1205,.T.);
#270=ORIENTED_EDGE('',*,*,#1206,.T.);
#271=ORIENTED_EDGE('',*,*,#1207,.T.);
#272=ORIENTED_EDGE('',*,*,#1208,.T.);
#273=ORIENTED_EDGE('',*,*,#1209,.T.);
#274=ORIENTED_EDGE('',*,*,#1210,.T.);
#275=ORIENTED_EDGE('',*,*,#1211,.T.);
#276=ORIENTED_EDGE('',*,*,#1212,.T.);
#277=ORIENTED_EDGE('',*,*,#1213,.T.);
#278=ORIENTED_EDGE('',*,*,#1214,.T.);
#279=ORIENTED_EDGE('',*,*,#1215,.T.);
#280=ORIENTED_EDGE('',*,*,#1216,.T.);
#281=ORIENTED_EDGE('',*,*,#1217,.T.);
#282=ORIENTED_EDGE('',*,*,#1218,.T.);
#283=ORIENTED_EDGE('',*,*,#1219,.T.);
#284=ORIENTED_EDGE('',*,*,#1220,.T.);
#285=ORIENTED_EDGE('',*,*,#1221,.T.);
#286=ORIENTED_EDGE('',*,*,#1222,.T.);
#287=ORIENTED_EDGE('',*,*,#1155,.F.);
#288=ORIENTED_EDGE('',*,*,#1223,.T.);
#289=ORIENTED_EDGE('',*,*,#1154,.F.);
#290=ORIENTED_EDGE('',*,*,#1224,.T.);
#291=ORIENTED_EDGE('',*,*,#1225,.T.);
#292=ORIENTED_EDGE('',*,*,#1223,.F.);
#293=ORIENTED_EDGE('',*,*,#1226,.T.);
#294=ORIENTED_EDGE('',*,*,#1224,.F.);
#295=ORIENTED_EDGE('',*,*,#1157,.F.);
#296=ORIENTED_EDGE('',*,*,#1227,.T.);
#297=ORIENTED_EDGE('',*,*,#1228,.T.);
#298=ORIENTED_EDGE('',*,*,#1227,.F.);
#299=ORIENTED_EDGE('',*,*,#1156,.F.);
#300=ORIENTED_EDGE('',*,*,#1222,.F.);
#301=ORIENTED_EDGE('',*,*,#1159,.F.);
#302=ORIENTED_EDGE('',*,*,#1229,.T.);
#303=ORIENTED_EDGE('',*,*,#1230,.T.);
#304=ORIENTED_EDGE('',*,*,#1231,.T.);
#305=ORIENTED_EDGE('',*,*,#1232,.T.);
#306=ORIENTED_EDGE('',*,*,#1229,.F.);
#307=ORIENTED_EDGE('',*,*,#1158,.F.);
#308=ORIENTED_EDGE('',*,*,#1233,.T.);
#309=ORIENTED_EDGE('',*,*,#1234,.T.);
#310=ORIENTED_EDGE('',*,*,#1233,.F.);
#311=ORIENTED_EDGE('',*,*,#1161,.F.);
#312=ORIENTED_EDGE('',*,*,#1235,.T.);
#313=ORIENTED_EDGE('',*,*,#1236,.T.);
#314=ORIENTED_EDGE('',*,*,#1235,.F.);
#315=ORIENTED_EDGE('',*,*,#1160,.F.);
#316=ORIENTED_EDGE('',*,*,#1231,.F.);
#317=ORIENTED_EDGE('',*,*,#1237,.T.);
#318=ORIENTED_EDGE('',*,*,#1238,.T.);
#319=ORIENTED_EDGE('',*,*,#1163,.F.);
#320=ORIENTED_EDGE('',*,*,#1239,.T.);
#321=ORIENTED_EDGE('',*,*,#1162,.F.);
#322=ORIENTED_EDGE('',*,*,#1240,.T.);
#323=ORIENTED_EDGE('',*,*,#1241,.T.);
#324=ORIENTED_EDGE('',*,*,#1239,.F.);
#325=ORIENTED_EDGE('',*,*,#1242,.T.);
#326=ORIENTED_EDGE('',*,*,#1240,.F.);
#327=ORIENTED_EDGE('',*,*,#1165,.F.);
#328=ORIENTED_EDGE('',*,*,#1243,.T.);
#329=ORIENTED_EDGE('',*,*,#1244,.T.);
#330=ORIENTED_EDGE('',*,*,#1243,.F.);
#331=ORIENTED_EDGE('',*,*,#1164,.F.);
#332=ORIENTED_EDGE('',*,*,#1238,.F.);
#333=ORIENTED_EDGE('',*,*,#1245,.T.);
#334=ORIENTED_EDGE('',*,*,#1246,.T.);
#335=ORIENTED_EDGE('',*,*,#1167,.F.);
#336=ORIENTED_EDGE('',*,*,#1247,.T.);
#337=ORIENTED_EDGE('',*,*,#1248,.T.);
#338=ORIENTED_EDGE('',*,*,#1247,.F.);
#339=ORIENTED_EDGE('',*,*,#1166,.F.);
#340=ORIENTED_EDGE('',*,*,#1249,.T.);
#341=ORIENTED_EDGE('',*,*,#1169,.F.);
#342=ORIENTED_EDGE('',*,*,#1250,.T.);
#343=ORIENTED_EDGE('',*,*,#1251,.T.);
#344=ORIENTED_EDGE('',*,*,#1249,.F.);
#345=ORIENTED_EDGE('',*,*,#1252,.T.);
#346=ORIENTED_EDGE('',*,*,#1250,.F.);
#347=ORIENTED_EDGE('',*,*,#1168,.F.);
#348=ORIENTED_EDGE('',*,*,#1246,.F.);
#349=ORIENTED_EDGE('',*,*,#1253,.F.);
#350=ORIENTED_EDGE('',*,*,#1170,.F.);
#351=ORIENTED_EDGE('',*,*,#1171,.F.);
#352=ORIENTED_EDGE('',*,*,#1254,.F.);
#353=ORIENTED_EDGE('',*,*,#1255,.F.);
#354=ORIENTED_EDGE('',*,*,#1256,.F.);
#355=ORIENTED_EDGE('',*,*,#1257,.F.);
#356=ORIENTED_EDGE('',*,*,#1172,.F.);
#357=ORIENTED_EDGE('',*,*,#1258,.F.);
#358=ORIENTED_EDGE('',*,*,#1259,.F.);
#359=ORIENTED_EDGE('',*,*,#1260,.F.);
#360=ORIENTED_EDGE('',*,*,#1261,.F.);
#361=ORIENTED_EDGE('',*,*,#1173,.F.);
#362=ORIENTED_EDGE('',*,*,#1262,.F.);
#363=ORIENTED_EDGE('',*,*,#1263,.F.);
#364=ORIENTED_EDGE('',*,*,#1264,.F.);
#365=ORIENTED_EDGE('',*,*,#1265,.F.);
#366=ORIENTED_EDGE('',*,*,#1174,.F.);
#367=ORIENTED_EDGE('',*,*,#1266,.F.);
#368=ORIENTED_EDGE('',*,*,#1267,.F.);
#369=ORIENTED_EDGE('',*,*,#1268,.F.);
#370=ORIENTED_EDGE('',*,*,#1269,.F.);
#371=ORIENTED_EDGE('',*,*,#1175,.F.);
#372=ORIENTED_EDGE('',*,*,#1270,.F.);
#373=ORIENTED_EDGE('',*,*,#1271,.F.);
#374=ORIENTED_EDGE('',*,*,#1272,.F.);
#375=ORIENTED_EDGE('',*,*,#1273,.F.);
#376=ORIENTED_EDGE('',*,*,#1176,.F.);
#377=ORIENTED_EDGE('',*,*,#1274,.F.);
#378=ORIENTED_EDGE('',*,*,#1275,.F.);
#379=ORIENTED_EDGE('',*,*,#1276,.F.);
#380=ORIENTED_EDGE('',*,*,#1277,.F.);
#381=ORIENTED_EDGE('',*,*,#1278,.F.);
#382=ORIENTED_EDGE('',*,*,#1178,.F.);
#383=ORIENTED_EDGE('',*,*,#1279,.F.);
#384=ORIENTED_EDGE('',*,*,#1280,.F.);
#385=ORIENTED_EDGE('',*,*,#1279,.T.);
#386=ORIENTED_EDGE('',*,*,#1177,.F.);
#387=ORIENTED_EDGE('',*,*,#1281,.F.);
#388=ORIENTED_EDGE('',*,*,#1282,.F.);
#389=ORIENTED_EDGE('',*,*,#1281,.T.);
#390=ORIENTED_EDGE('',*,*,#1180,.F.);
#391=ORIENTED_EDGE('',*,*,#1283,.F.);
#392=ORIENTED_EDGE('',*,*,#1284,.F.);
#393=ORIENTED_EDGE('',*,*,#1283,.T.);
#394=ORIENTED_EDGE('',*,*,#1179,.F.);
#395=ORIENTED_EDGE('',*,*,#1278,.T.);
#396=ORIENTED_EDGE('',*,*,#1285,.F.);
#397=ORIENTED_EDGE('',*,*,#1286,.F.);
#398=ORIENTED_EDGE('',*,*,#1182,.F.);
#399=ORIENTED_EDGE('',*,*,#1287,.F.);
#400=ORIENTED_EDGE('',*,*,#1288,.F.);
#401=ORIENTED_EDGE('',*,*,#1287,.T.);
#402=ORIENTED_EDGE('',*,*,#1181,.F.);
#403=ORIENTED_EDGE('',*,*,#1289,.F.);
#404=ORIENTED_EDGE('',*,*,#1290,.F.);
#405=ORIENTED_EDGE('',*,*,#1289,.T.);
#406=ORIENTED_EDGE('',*,*,#1184,.F.);
#407=ORIENTED_EDGE('',*,*,#1291,.F.);
#408=ORIENTED_EDGE('',*,*,#1292,.F.);
#409=ORIENTED_EDGE('',*,*,#1291,.T.);
#410=ORIENTED_EDGE('',*,*,#1183,.F.);
#411=ORIENTED_EDGE('',*,*,#1286,.T.);
#412=ORIENTED_EDGE('',*,*,#1293,.F.);
#413=ORIENTED_EDGE('',*,*,#1294,.F.);
#414=ORIENTED_EDGE('',*,*,#1186,.F.);
#415=ORIENTED_EDGE('',*,*,#1295,.F.);
#416=ORIENTED_EDGE('',*,*,#1296,.F.);
#417=ORIENTED_EDGE('',*,*,#1295,.T.);
#418=ORIENTED_EDGE('',*,*,#1185,.F.);
#419=ORIENTED_EDGE('',*,*,#1297,.F.);
#420=ORIENTED_EDGE('',*,*,#1298,.F.);
#421=ORIENTED_EDGE('',*,*,#1297,.T.);
#422=ORIENTED_EDGE('',*,*,#1188,.F.);
#423=ORIENTED_EDGE('',*,*,#1299,.F.);
#424=ORIENTED_EDGE('',*,*,#1300,.F.);
#425=ORIENTED_EDGE('',*,*,#1299,.T.);
#426=ORIENTED_EDGE('',*,*,#1187,.F.);
#427=ORIENTED_EDGE('',*,*,#1294,.T.);
#428=ORIENTED_EDGE('',*,*,#1301,.F.);
#429=ORIENTED_EDGE('',*,*,#1302,.F.);
#430=ORIENTED_EDGE('',*,*,#1190,.F.);
#431=ORIENTED_EDGE('',*,*,#1303,.F.);
#432=ORIENTED_EDGE('',*,*,#1304,.F.);
#433=ORIENTED_EDGE('',*,*,#1303,.T.);
#434=ORIENTED_EDGE('',*,*,#1189,.F.);
#435=ORIENTED_EDGE('',*,*,#1305,.F.);
#436=ORIENTED_EDGE('',*,*,#1306,.F.);
#437=ORIENTED_EDGE('',*,*,#1305,.T.);
#438=ORIENTED_EDGE('',*,*,#1192,.F.);
#439=ORIENTED_EDGE('',*,*,#1307,.F.);
#440=ORIENTED_EDGE('',*,*,#1308,.F.);
#441=ORIENTED_EDGE('',*,*,#1307,.T.);
#442=ORIENTED_EDGE('',*,*,#1191,.F.);
#443=ORIENTED_EDGE('',*,*,#1302,.T.);
#444=ORIENTED_EDGE('',*,*,#1309,.F.);
#445=ORIENTED_EDGE('',*,*,#1310,.F.);
#446=ORIENTED_EDGE('',*,*,#1194,.F.);
#447=ORIENTED_EDGE('',*,*,#1311,.F.);
#448=ORIENTED_EDGE('',*,*,#1312,.F.);
#449=ORIENTED_EDGE('',*,*,#1311,.T.);
#450=ORIENTED_EDGE('',*,*,#1193,.F.);
#451=ORIENTED_EDGE('',*,*,#1313,.F.);
#452=ORIENTED_EDGE('',*,*,#1314,.F.);
#453=ORIENTED_EDGE('',*,*,#1313,.T.);
#454=ORIENTED_EDGE('',*,*,#1196,.F.);
#455=ORIENTED_EDGE('',*,*,#1315,.F.);
#456=ORIENTED_EDGE('',*,*,#1316,.F.);
#457=ORIENTED_EDGE('',*,*,#1315,.T.);
#458=ORIENTED_EDGE('',*,*,#1195,.F.);
#459=ORIENTED_EDGE('',*,*,#1310,.T.);
#460=ORIENTED_EDGE('',*,*,#1317,.F.);
#461=ORIENTED_EDGE('',*,*,#1318,.F.);
#462=ORIENTED_EDGE('',*,*,#1198,.F.);
#463=ORIENTED_EDGE('',*,*,#1319,.F.);
#464=ORIENTED_EDGE('',*,*,#1320,.F.);
#465=ORIENTED_EDGE('',*,*,#1319,.T.);
#466=ORIENTED_EDGE('',*,*,#1197,.F.);
#467=ORIENTED_EDGE('',*,*,#1321,.F.);
#468=ORIENTED_EDGE('',*,*,#1322,.F.);
#469=ORIENTED_EDGE('',*,*,#1321,.T.);
#470=ORIENTED_EDGE('',*,*,#1200,.F.);
#471=ORIENTED_EDGE('',*,*,#1323,.F.);
#472=ORIENTED_EDGE('',*,*,#1324,.F.);
#473=ORIENTED_EDGE('',*,*,#1323,.T.);
#474=ORIENTED_EDGE('',*,*,#1199,.F.);
#475=ORIENTED_EDGE('',*,*,#1318,.T.);
#476=ORIENTED_EDGE('',*,*,#1325,.F.);
#477=ORIENTED_EDGE('',*,*,#1202,.F.);
#478=ORIENTED_EDGE('',*,*,#1326,.T.);
#479=ORIENTED_EDGE('',*,*,#1327,.T.);
#480=ORIENTED_EDGE('',*,*,#1328,.T.);
#481=ORIENTED_EDGE('',*,*,#1329,.T.);
#482=ORIENTED_EDGE('',*,*,#1326,.F.);
#483=ORIENTED_EDGE('',*,*,#1201,.F.);
#484=ORIENTED_EDGE('',*,*,#1330,.T.);
#485=ORIENTED_EDGE('',*,*,#1331,.T.);
#486=ORIENTED_EDGE('',*,*,#1330,.F.);
#487=ORIENTED_EDGE('',*,*,#1204,.F.);
#488=ORIENTED_EDGE('',*,*,#1332,.T.);
#489=ORIENTED_EDGE('',*,*,#1333,.T.);
#490=ORIENTED_EDGE('',*,*,#1332,.F.);
#491=ORIENTED_EDGE('',*,*,#1203,.F.);
#492=ORIENTED_EDGE('',*,*,#1328,.F.);
#493=ORIENTED_EDGE('',*,*,#1334,.T.);
#494=ORIENTED_EDGE('',*,*,#1335,.T.);
#495=ORIENTED_EDGE('',*,*,#1206,.F.);
#496=ORIENTED_EDGE('',*,*,#1336,.T.);
#497=ORIENTED_EDGE('',*,*,#1337,.T.);
#498=ORIENTED_EDGE('',*,*,#1336,.F.);
#499=ORIENTED_EDGE('',*,*,#1205,.F.);
#500=ORIENTED_EDGE('',*,*,#1338,.T.);
#501=ORIENTED_EDGE('',*,*,#1208,.F.);
#502=ORIENTED_EDGE('',*,*,#1339,.T.);
#503=ORIENTED_EDGE('',*,*,#1340,.T.);
#504=ORIENTED_EDGE('',*,*,#1338,.F.);
#505=ORIENTED_EDGE('',*,*,#1341,.T.);
#506=ORIENTED_EDGE('',*,*,#1339,.F.);
#507=ORIENTED_EDGE('',*,*,#1207,.F.);
#508=ORIENTED_EDGE('',*,*,#1335,.F.);
#509=ORIENTED_EDGE('',*,*,#1342,.T.);
#510=ORIENTED_EDGE('',*,*,#1343,.T.);
#511=ORIENTED_EDGE('',*,*,#1210,.F.);
#512=ORIENTED_EDGE('',*,*,#1344,.T.);
#513=ORIENTED_EDGE('',*,*,#1345,.T.);
#514=ORIENTED_EDGE('',*,*,#1344,.F.);
#515=ORIENTED_EDGE('',*,*,#1209,.F.);
#516=ORIENTED_EDGE('',*,*,#1346,.T.);
#517=ORIENTED_EDGE('',*,*,#1212,.F.);
#518=ORIENTED_EDGE('',*,*,#1347,.T.);
#519=ORIENTED_EDGE('',*,*,#1348,.T.);
#520=ORIENTED_EDGE('',*,*,#1346,.F.);
#521=ORIENTED_EDGE('',*,*,#1349,.T.);
#522=ORIENTED_EDGE('',*,*,#1347,.F.);
#523=ORIENTED_EDGE('',*,*,#1211,.F.);
#524=ORIENTED_EDGE('',*,*,#1343,.F.);
#525=ORIENTED_EDGE('',*,*,#1350,.T.);
#526=ORIENTED_EDGE('',*,*,#1351,.T.);
#527=ORIENTED_EDGE('',*,*,#1214,.F.);
#528=ORIENTED_EDGE('',*,*,#1352,.T.);
#529=ORIENTED_EDGE('',*,*,#1353,.T.);
#530=ORIENTED_EDGE('',*,*,#1352,.F.);
#531=ORIENTED_EDGE('',*,*,#1213,.F.);
#532=ORIENTED_EDGE('',*,*,#1354,.T.);
#533=ORIENTED_EDGE('',*,*,#1355,.T.);
#534=ORIENTED_EDGE('',*,*,#1354,.F.);
#535=ORIENTED_EDGE('',*,*,#1216,.F.);
#536=ORIENTED_EDGE('',*,*,#1356,.T.);
#537=ORIENTED_EDGE('',*,*,#1215,.F.);
#538=ORIENTED_EDGE('',*,*,#1351,.F.);
#539=ORIENTED_EDGE('',*,*,#1357,.T.);
#540=ORIENTED_EDGE('',*,*,#1356,.F.);
#541=ORIENTED_EDGE('',*,*,#1218,.F.);
#542=ORIENTED_EDGE('',*,*,#1358,.T.);
#543=ORIENTED_EDGE('',*,*,#1359,.T.);
#544=ORIENTED_EDGE('',*,*,#1360,.T.);
#545=ORIENTED_EDGE('',*,*,#1361,.T.);
#546=ORIENTED_EDGE('',*,*,#1362,.T.);
#547=ORIENTED_EDGE('',*,*,#1363,.T.);
#548=ORIENTED_EDGE('',*,*,#1364,.T.);
#549=ORIENTED_EDGE('',*,*,#1365,.T.);
#550=ORIENTED_EDGE('',*,*,#1366,.T.);
#551=ORIENTED_EDGE('',*,*,#1367,.T.);
#552=ORIENTED_EDGE('',*,*,#1368,.T.);
#553=ORIENTED_EDGE('',*,*,#1369,.T.);
#554=ORIENTED_EDGE('',*,*,#1358,.F.);
#555=ORIENTED_EDGE('',*,*,#1217,.F.);
#556=ORIENTED_EDGE('',*,*,#1370,.T.);
#557=ORIENTED_EDGE('',*,*,#1371,.T.);
#558=ORIENTED_EDGE('',*,*,#1372,.T.);
#559=ORIENTED_EDGE('',*,*,#1364,.F.);
#560=ORIENTED_EDGE('',*,*,#1220,.F.);
#561=ORIENTED_EDGE('',*,*,#1373,.T.);
#562=ORIENTED_EDGE('',*,*,#1374,.T.);
#563=ORIENTED_EDGE('',*,*,#1375,.T.);
#564=ORIENTED_EDGE('',*,*,#1373,.F.);
#565=ORIENTED_EDGE('',*,*,#1219,.F.);
#566=ORIENTED_EDGE('',*,*,#1363,.F.);
#567=ORIENTED_EDGE('',*,*,#1376,.T.);
#568=ORIENTED_EDGE('',*,*,#1377,.T.);
#569=ORIENTED_EDGE('',*,*,#1378,.F.);
#570=ORIENTED_EDGE('',*,*,#1379,.F.);
#571=ORIENTED_EDGE('',*,*,#1380,.F.);
#572=ORIENTED_EDGE('',*,*,#1381,.F.);
#573=ORIENTED_EDGE('',*,*,#1221,.F.);
#574=ORIENTED_EDGE('',*,*,#1382,.F.);
#575=ORIENTED_EDGE('',*,*,#1383,.F.);
#576=ORIENTED_EDGE('',*,*,#1384,.F.);
#577=ORIENTED_EDGE('',*,*,#1378,.T.);
#578=ORIENTED_EDGE('',*,*,#1225,.F.);
#579=ORIENTED_EDGE('',*,*,#1385,.F.);
#580=ORIENTED_EDGE('',*,*,#1386,.F.);
#581=ORIENTED_EDGE('',*,*,#1382,.T.);
#582=ORIENTED_EDGE('',*,*,#1226,.F.);
#583=ORIENTED_EDGE('',*,*,#1381,.T.);
#584=ORIENTED_EDGE('',*,*,#1387,.F.);
#585=ORIENTED_EDGE('',*,*,#1385,.T.);
#586=ORIENTED_EDGE('',*,*,#1228,.F.);
#587=ORIENTED_EDGE('',*,*,#1388,.F.);
#588=ORIENTED_EDGE('',*,*,#1389,.F.);
#589=ORIENTED_EDGE('',*,*,#1390,.F.);
#590=ORIENTED_EDGE('',*,*,#1230,.F.);
#591=ORIENTED_EDGE('',*,*,#1391,.F.);
#592=ORIENTED_EDGE('',*,*,#1392,.F.);
#593=ORIENTED_EDGE('',*,*,#1388,.T.);
#594=ORIENTED_EDGE('',*,*,#1232,.F.);
#595=ORIENTED_EDGE('',*,*,#1393,.F.);
#596=ORIENTED_EDGE('',*,*,#1394,.F.);
#597=ORIENTED_EDGE('',*,*,#1391,.T.);
#598=ORIENTED_EDGE('',*,*,#1234,.F.);
#599=ORIENTED_EDGE('',*,*,#1390,.T.);
#600=ORIENTED_EDGE('',*,*,#1395,.F.);
#601=ORIENTED_EDGE('',*,*,#1393,.T.);
#602=ORIENTED_EDGE('',*,*,#1236,.F.);
#603=ORIENTED_EDGE('',*,*,#1396,.F.);
#604=ORIENTED_EDGE('',*,*,#1397,.F.);
#605=ORIENTED_EDGE('',*,*,#1398,.F.);
#606=ORIENTED_EDGE('',*,*,#1237,.F.);
#607=ORIENTED_EDGE('',*,*,#1399,.F.);
#608=ORIENTED_EDGE('',*,*,#1400,.F.);
#609=ORIENTED_EDGE('',*,*,#1396,.T.);
#610=ORIENTED_EDGE('',*,*,#1241,.F.);
#611=ORIENTED_EDGE('',*,*,#1401,.F.);
#612=ORIENTED_EDGE('',*,*,#1402,.F.);
#613=ORIENTED_EDGE('',*,*,#1399,.T.);
#614=ORIENTED_EDGE('',*,*,#1242,.F.);
#615=ORIENTED_EDGE('',*,*,#1398,.T.);
#616=ORIENTED_EDGE('',*,*,#1403,.F.);
#617=ORIENTED_EDGE('',*,*,#1401,.T.);
#618=ORIENTED_EDGE('',*,*,#1244,.F.);
#619=ORIENTED_EDGE('',*,*,#1404,.F.);
#620=ORIENTED_EDGE('',*,*,#1405,.F.);
#621=ORIENTED_EDGE('',*,*,#1406,.F.);
#622=ORIENTED_EDGE('',*,*,#1245,.F.);
#623=ORIENTED_EDGE('',*,*,#1407,.F.);
#624=ORIENTED_EDGE('',*,*,#1408,.F.);
#625=ORIENTED_EDGE('',*,*,#1409,.F.);
#626=ORIENTED_EDGE('',*,*,#1404,.T.);
#627=ORIENTED_EDGE('',*,*,#1248,.F.);
#628=ORIENTED_EDGE('',*,*,#1410,.F.);
#629=ORIENTED_EDGE('',*,*,#1411,.F.);
#630=ORIENTED_EDGE('',*,*,#1412,.F.);
#631=ORIENTED_EDGE('',*,*,#1407,.T.);
#632=ORIENTED_EDGE('',*,*,#1251,.F.);
#633=ORIENTED_EDGE('',*,*,#1406,.T.);
#634=ORIENTED_EDGE('',*,*,#1413,.F.);
#635=ORIENTED_EDGE('',*,*,#1410,.T.);
#636=ORIENTED_EDGE('',*,*,#1252,.F.);
#637=ORIENTED_EDGE('',*,*,#1414,.T.);
#638=ORIENTED_EDGE('',*,*,#1253,.T.);
#639=ORIENTED_EDGE('',*,*,#1415,.T.);
#640=ORIENTED_EDGE('',*,*,#1416,.T.);
#641=ORIENTED_EDGE('',*,*,#1417,.T.);
#642=ORIENTED_EDGE('',*,*,#1257,.T.);
#643=ORIENTED_EDGE('',*,*,#1397,.T.);
#644=ORIENTED_EDGE('',*,*,#1400,.T.);
#645=ORIENTED_EDGE('',*,*,#1402,.T.);
#646=ORIENTED_EDGE('',*,*,#1403,.T.);
#647=ORIENTED_EDGE('',*,*,#1418,.F.);
#648=ORIENTED_EDGE('',*,*,#1419,.F.);
#649=ORIENTED_EDGE('',*,*,#1420,.F.);
#650=ORIENTED_EDGE('',*,*,#1421,.F.);
#651=ORIENTED_EDGE('',*,*,#1389,.T.);
#652=ORIENTED_EDGE('',*,*,#1392,.T.);
#653=ORIENTED_EDGE('',*,*,#1394,.T.);
#654=ORIENTED_EDGE('',*,*,#1395,.T.);
#655=ORIENTED_EDGE('',*,*,#1422,.F.);
#656=ORIENTED_EDGE('',*,*,#1423,.F.);
#657=ORIENTED_EDGE('',*,*,#1424,.F.);
#658=ORIENTED_EDGE('',*,*,#1425,.F.);
#659=ORIENTED_EDGE('',*,*,#1426,.F.);
#660=ORIENTED_EDGE('',*,*,#1427,.F.);
#661=ORIENTED_EDGE('',*,*,#1254,.T.);
#662=ORIENTED_EDGE('',*,*,#1417,.F.);
#663=ORIENTED_EDGE('',*,*,#1428,.F.);
#664=ORIENTED_EDGE('',*,*,#1429,.F.);
#665=ORIENTED_EDGE('',*,*,#1430,.F.);
#666=ORIENTED_EDGE('',*,*,#1431,.F.);
#667=ORIENTED_EDGE('',*,*,#1432,.F.);
#668=ORIENTED_EDGE('',*,*,#1433,.F.);
#669=ORIENTED_EDGE('',*,*,#1434,.T.);
#670=ORIENTED_EDGE('',*,*,#1435,.F.);
#671=ORIENTED_EDGE('',*,*,#1436,.F.);
#672=ORIENTED_EDGE('',*,*,#1437,.F.);
#673=ORIENTED_EDGE('',*,*,#1438,.F.);
#674=ORIENTED_EDGE('',*,*,#1439,.F.);
#675=ORIENTED_EDGE('',*,*,#1440,.F.);
#676=ORIENTED_EDGE('',*,*,#1441,.F.);
#677=ORIENTED_EDGE('',*,*,#1442,.F.);
#678=ORIENTED_EDGE('',*,*,#1443,.F.);
#679=ORIENTED_EDGE('',*,*,#1444,.T.);
#680=ORIENTED_EDGE('',*,*,#1445,.F.);
#681=ORIENTED_EDGE('',*,*,#1446,.F.);
#682=ORIENTED_EDGE('',*,*,#1447,.F.);
#683=ORIENTED_EDGE('',*,*,#1448,.F.);
#684=ORIENTED_EDGE('',*,*,#1449,.F.);
#685=ORIENTED_EDGE('',*,*,#1450,.F.);
#686=ORIENTED_EDGE('',*,*,#1451,.F.);
#687=ORIENTED_EDGE('',*,*,#1258,.T.);
#688=ORIENTED_EDGE('',*,*,#1452,.F.);
#689=ORIENTED_EDGE('',*,*,#1453,.F.);
#690=ORIENTED_EDGE('',*,*,#1454,.F.);
#691=ORIENTED_EDGE('',*,*,#1262,.T.);
#692=ORIENTED_EDGE('',*,*,#1455,.F.);
#693=ORIENTED_EDGE('',*,*,#1456,.F.);
#694=ORIENTED_EDGE('',*,*,#1457,.F.);
#695=ORIENTED_EDGE('',*,*,#1274,.T.);
#696=ORIENTED_EDGE('',*,*,#1458,.F.);
#697=ORIENTED_EDGE('',*,*,#1459,.T.);
#698=ORIENTED_EDGE('',*,*,#1255,.T.);
#699=ORIENTED_EDGE('',*,*,#1427,.T.);
#700=ORIENTED_EDGE('',*,*,#1460,.T.);
#701=ORIENTED_EDGE('',*,*,#1461,.F.);
#702=ORIENTED_EDGE('',*,*,#1462,.F.);
#703=ORIENTED_EDGE('',*,*,#1463,.F.);
#704=ORIENTED_EDGE('',*,*,#1464,.F.);
#705=ORIENTED_EDGE('',*,*,#1465,.F.);
#706=ORIENTED_EDGE('',*,*,#1466,.F.);
#707=ORIENTED_EDGE('',*,*,#1365,.F.);
#708=ORIENTED_EDGE('',*,*,#1372,.F.);
#709=ORIENTED_EDGE('',*,*,#1467,.F.);
#710=ORIENTED_EDGE('',*,*,#1468,.F.);
#711=ORIENTED_EDGE('',*,*,#1469,.F.);
#712=ORIENTED_EDGE('',*,*,#1470,.F.);
#713=ORIENTED_EDGE('',*,*,#1383,.T.);
#714=ORIENTED_EDGE('',*,*,#1386,.T.);
#715=ORIENTED_EDGE('',*,*,#1387,.T.);
#716=ORIENTED_EDGE('',*,*,#1380,.T.);
#717=ORIENTED_EDGE('',*,*,#1471,.F.);
#718=ORIENTED_EDGE('',*,*,#1472,.F.);
#719=ORIENTED_EDGE('',*,*,#1473,.F.);
#720=ORIENTED_EDGE('',*,*,#1272,.T.);
#721=ORIENTED_EDGE('',*,*,#1474,.F.);
#722=ORIENTED_EDGE('',*,*,#1475,.F.);
#723=ORIENTED_EDGE('',*,*,#1476,.F.);
#724=ORIENTED_EDGE('',*,*,#1268,.T.);
#725=ORIENTED_EDGE('',*,*,#1477,.F.);
#726=ORIENTED_EDGE('',*,*,#1478,.F.);
#727=ORIENTED_EDGE('',*,*,#1479,.F.);
#728=ORIENTED_EDGE('',*,*,#1411,.T.);
#729=ORIENTED_EDGE('',*,*,#1413,.T.);
#730=ORIENTED_EDGE('',*,*,#1405,.T.);
#731=ORIENTED_EDGE('',*,*,#1409,.T.);
#732=ORIENTED_EDGE('',*,*,#1480,.F.);
#733=ORIENTED_EDGE('',*,*,#1481,.F.);
#734=ORIENTED_EDGE('',*,*,#1482,.F.);
#735=ORIENTED_EDGE('',*,*,#1483,.F.);
#736=ORIENTED_EDGE('',*,*,#1359,.F.);
#737=ORIENTED_EDGE('',*,*,#1369,.F.);
#738=ORIENTED_EDGE('',*,*,#1484,.F.);
#739=ORIENTED_EDGE('',*,*,#1485,.F.);
#740=ORIENTED_EDGE('',*,*,#1486,.F.);
#741=ORIENTED_EDGE('',*,*,#1487,.F.);
#742=ORIENTED_EDGE('',*,*,#1488,.F.);
#743=ORIENTED_EDGE('',*,*,#1489,.F.);
#744=ORIENTED_EDGE('',*,*,#1490,.F.);
#745=ORIENTED_EDGE('',*,*,#1491,.F.);
#746=ORIENTED_EDGE('',*,*,#1415,.F.);
#747=ORIENTED_EDGE('',*,*,#1256,.T.);
#748=ORIENTED_EDGE('',*,*,#1459,.F.);
#749=ORIENTED_EDGE('',*,*,#1492,.F.);
#750=ORIENTED_EDGE('',*,*,#1493,.F.);
#751=ORIENTED_EDGE('',*,*,#1276,.T.);
#752=ORIENTED_EDGE('',*,*,#1494,.F.);
#753=ORIENTED_EDGE('',*,*,#1495,.F.);
#754=ORIENTED_EDGE('',*,*,#1496,.F.);
#755=ORIENTED_EDGE('',*,*,#1264,.T.);
#756=ORIENTED_EDGE('',*,*,#1497,.F.);
#757=ORIENTED_EDGE('',*,*,#1498,.F.);
#758=ORIENTED_EDGE('',*,*,#1499,.F.);
#759=ORIENTED_EDGE('',*,*,#1260,.T.);
#760=ORIENTED_EDGE('',*,*,#1500,.F.);
#761=ORIENTED_EDGE('',*,*,#1501,.F.);
#762=ORIENTED_EDGE('',*,*,#1502,.F.);
#763=ORIENTED_EDGE('',*,*,#1503,.F.);
#764=ORIENTED_EDGE('',*,*,#1499,.T.);
#765=ORIENTED_EDGE('',*,*,#1504,.T.);
#766=ORIENTED_EDGE('',*,*,#1452,.T.);
#767=ORIENTED_EDGE('',*,*,#1261,.T.);
#768=ORIENTED_EDGE('',*,*,#1500,.T.);
#769=ORIENTED_EDGE('',*,*,#1259,.T.);
#770=ORIENTED_EDGE('',*,*,#1451,.T.);
#771=ORIENTED_EDGE('',*,*,#1505,.T.);
#772=ORIENTED_EDGE('',*,*,#1496,.T.);
#773=ORIENTED_EDGE('',*,*,#1506,.T.);
#774=ORIENTED_EDGE('',*,*,#1455,.T.);
#775=ORIENTED_EDGE('',*,*,#1265,.T.);
#776=ORIENTED_EDGE('',*,*,#1497,.T.);
#777=ORIENTED_EDGE('',*,*,#1263,.T.);
#778=ORIENTED_EDGE('',*,*,#1454,.T.);
#779=ORIENTED_EDGE('',*,*,#1507,.T.);
#780=ORIENTED_EDGE('',*,*,#1476,.T.);
#781=ORIENTED_EDGE('',*,*,#1508,.T.);
#782=ORIENTED_EDGE('',*,*,#1509,.T.);
#783=ORIENTED_EDGE('',*,*,#1269,.T.);
#784=ORIENTED_EDGE('',*,*,#1510,.F.);
#785=ORIENTED_EDGE('',*,*,#1511,.F.);
#786=ORIENTED_EDGE('',*,*,#1512,.F.);
#787=ORIENTED_EDGE('',*,*,#1513,.F.);
#788=ORIENTED_EDGE('',*,*,#1320,.T.);
#789=ORIENTED_EDGE('',*,*,#1322,.T.);
#790=ORIENTED_EDGE('',*,*,#1324,.T.);
#791=ORIENTED_EDGE('',*,*,#1325,.T.);
#792=ORIENTED_EDGE('',*,*,#1312,.T.);
#793=ORIENTED_EDGE('',*,*,#1314,.T.);
#794=ORIENTED_EDGE('',*,*,#1316,.T.);
#795=ORIENTED_EDGE('',*,*,#1317,.T.);
#796=ORIENTED_EDGE('',*,*,#1304,.T.);
#797=ORIENTED_EDGE('',*,*,#1306,.T.);
#798=ORIENTED_EDGE('',*,*,#1308,.T.);
#799=ORIENTED_EDGE('',*,*,#1309,.T.);
#800=ORIENTED_EDGE('',*,*,#1296,.T.);
#801=ORIENTED_EDGE('',*,*,#1298,.T.);
#802=ORIENTED_EDGE('',*,*,#1300,.T.);
#803=ORIENTED_EDGE('',*,*,#1301,.T.);
#804=ORIENTED_EDGE('',*,*,#1288,.T.);
#805=ORIENTED_EDGE('',*,*,#1290,.T.);
#806=ORIENTED_EDGE('',*,*,#1292,.T.);
#807=ORIENTED_EDGE('',*,*,#1293,.T.);
#808=ORIENTED_EDGE('',*,*,#1280,.T.);
#809=ORIENTED_EDGE('',*,*,#1282,.T.);
#810=ORIENTED_EDGE('',*,*,#1284,.T.);
#811=ORIENTED_EDGE('',*,*,#1285,.T.);
#812=ORIENTED_EDGE('',*,*,#1514,.F.);
#813=ORIENTED_EDGE('',*,*,#1515,.F.);
#814=ORIENTED_EDGE('',*,*,#1516,.F.);
#815=ORIENTED_EDGE('',*,*,#1517,.F.);
#816=ORIENTED_EDGE('',*,*,#1518,.F.);
#817=ORIENTED_EDGE('',*,*,#1519,.F.);
#818=ORIENTED_EDGE('',*,*,#1520,.F.);
#819=ORIENTED_EDGE('',*,*,#1521,.F.);
#820=ORIENTED_EDGE('',*,*,#1522,.F.);
#821=ORIENTED_EDGE('',*,*,#1523,.F.);
#822=ORIENTED_EDGE('',*,*,#1266,.T.);
#823=ORIENTED_EDGE('',*,*,#1509,.F.);
#824=ORIENTED_EDGE('',*,*,#1524,.F.);
#825=ORIENTED_EDGE('',*,*,#1525,.F.);
#826=ORIENTED_EDGE('',*,*,#1270,.T.);
#827=ORIENTED_EDGE('',*,*,#1526,.F.);
#828=ORIENTED_EDGE('',*,*,#1477,.T.);
#829=ORIENTED_EDGE('',*,*,#1267,.T.);
#830=ORIENTED_EDGE('',*,*,#1523,.T.);
#831=ORIENTED_EDGE('',*,*,#1527,.T.);
#832=ORIENTED_EDGE('',*,*,#1473,.T.);
#833=ORIENTED_EDGE('',*,*,#1528,.T.);
#834=ORIENTED_EDGE('',*,*,#1526,.T.);
#835=ORIENTED_EDGE('',*,*,#1273,.T.);
#836=ORIENTED_EDGE('',*,*,#1474,.T.);
#837=ORIENTED_EDGE('',*,*,#1271,.T.);
#838=ORIENTED_EDGE('',*,*,#1525,.T.);
#839=ORIENTED_EDGE('',*,*,#1529,.T.);
#840=ORIENTED_EDGE('',*,*,#1493,.T.);
#841=ORIENTED_EDGE('',*,*,#1530,.T.);
#842=ORIENTED_EDGE('',*,*,#1458,.T.);
#843=ORIENTED_EDGE('',*,*,#1277,.T.);
#844=ORIENTED_EDGE('',*,*,#1494,.T.);
#845=ORIENTED_EDGE('',*,*,#1275,.T.);
#846=ORIENTED_EDGE('',*,*,#1457,.T.);
#847=ORIENTED_EDGE('',*,*,#1531,.T.);
#848=ORIENTED_EDGE('',*,*,#1532,.F.);
#849=ORIENTED_EDGE('',*,*,#1510,.T.);
#850=ORIENTED_EDGE('',*,*,#1533,.F.);
#851=ORIENTED_EDGE('',*,*,#1327,.F.);
#852=ORIENTED_EDGE('',*,*,#1534,.F.);
#853=ORIENTED_EDGE('',*,*,#1511,.T.);
#854=ORIENTED_EDGE('',*,*,#1532,.T.);
#855=ORIENTED_EDGE('',*,*,#1329,.F.);
#856=ORIENTED_EDGE('',*,*,#1535,.F.);
#857=ORIENTED_EDGE('',*,*,#1512,.T.);
#858=ORIENTED_EDGE('',*,*,#1534,.T.);
#859=ORIENTED_EDGE('',*,*,#1331,.F.);
#860=ORIENTED_EDGE('',*,*,#1533,.T.);
#861=ORIENTED_EDGE('',*,*,#1513,.T.);
#862=ORIENTED_EDGE('',*,*,#1535,.T.);
#863=ORIENTED_EDGE('',*,*,#1333,.F.);
#864=ORIENTED_EDGE('',*,*,#1536,.F.);
#865=ORIENTED_EDGE('',*,*,#1422,.T.);
#866=ORIENTED_EDGE('',*,*,#1537,.F.);
#867=ORIENTED_EDGE('',*,*,#1334,.F.);
#868=ORIENTED_EDGE('',*,*,#1538,.F.);
#869=ORIENTED_EDGE('',*,*,#1423,.T.);
#870=ORIENTED_EDGE('',*,*,#1536,.T.);
#871=ORIENTED_EDGE('',*,*,#1337,.F.);
#872=ORIENTED_EDGE('',*,*,#1539,.F.);
#873=ORIENTED_EDGE('',*,*,#1424,.T.);
#874=ORIENTED_EDGE('',*,*,#1538,.T.);
#875=ORIENTED_EDGE('',*,*,#1340,.F.);
#876=ORIENTED_EDGE('',*,*,#1537,.T.);
#877=ORIENTED_EDGE('',*,*,#1425,.T.);
#878=ORIENTED_EDGE('',*,*,#1539,.T.);
#879=ORIENTED_EDGE('',*,*,#1341,.F.);
#880=ORIENTED_EDGE('',*,*,#1540,.F.);
#881=ORIENTED_EDGE('',*,*,#1438,.T.);
#882=ORIENTED_EDGE('',*,*,#1541,.F.);
#883=ORIENTED_EDGE('',*,*,#1342,.F.);
#884=ORIENTED_EDGE('',*,*,#1542,.F.);
#885=ORIENTED_EDGE('',*,*,#1439,.T.);
#886=ORIENTED_EDGE('',*,*,#1540,.T.);
#887=ORIENTED_EDGE('',*,*,#1345,.F.);
#888=ORIENTED_EDGE('',*,*,#1543,.F.);
#889=ORIENTED_EDGE('',*,*,#1440,.T.);
#890=ORIENTED_EDGE('',*,*,#1542,.T.);
#891=ORIENTED_EDGE('',*,*,#1348,.F.);
#892=ORIENTED_EDGE('',*,*,#1541,.T.);
#893=ORIENTED_EDGE('',*,*,#1437,.T.);
#894=ORIENTED_EDGE('',*,*,#1544,.F.);
#895=ORIENTED_EDGE('',*,*,#1545,.F.);
#896=ORIENTED_EDGE('',*,*,#1546,.F.);
#897=ORIENTED_EDGE('',*,*,#1441,.T.);
#898=ORIENTED_EDGE('',*,*,#1543,.T.);
#899=ORIENTED_EDGE('',*,*,#1349,.F.);
#900=ORIENTED_EDGE('',*,*,#1547,.F.);
#901=ORIENTED_EDGE('',*,*,#1420,.T.);
#902=ORIENTED_EDGE('',*,*,#1548,.F.);
#903=ORIENTED_EDGE('',*,*,#1350,.F.);
#904=ORIENTED_EDGE('',*,*,#1549,.F.);
#905=ORIENTED_EDGE('',*,*,#1421,.T.);
#906=ORIENTED_EDGE('',*,*,#1547,.T.);
#907=ORIENTED_EDGE('',*,*,#1353,.F.);
#908=ORIENTED_EDGE('',*,*,#1550,.F.);
#909=ORIENTED_EDGE('',*,*,#1418,.T.);
#910=ORIENTED_EDGE('',*,*,#1549,.T.);
#911=ORIENTED_EDGE('',*,*,#1355,.F.);
#912=ORIENTED_EDGE('',*,*,#1548,.T.);
#913=ORIENTED_EDGE('',*,*,#1419,.T.);
#914=ORIENTED_EDGE('',*,*,#1550,.T.);
#915=ORIENTED_EDGE('',*,*,#1357,.F.);
#916=ORIENTED_EDGE('',*,*,#1376,.F.);
#917=ORIENTED_EDGE('',*,*,#1362,.F.);
#918=ORIENTED_EDGE('',*,*,#1551,.T.);
#919=ORIENTED_EDGE('',*,*,#1552,.T.);
#920=ORIENTED_EDGE('',*,*,#1553,.T.);
#921=ORIENTED_EDGE('',*,*,#1361,.F.);
#922=ORIENTED_EDGE('',*,*,#1554,.T.);
#923=ORIENTED_EDGE('',*,*,#1482,.T.);
#924=ORIENTED_EDGE('',*,*,#1554,.F.);
#925=ORIENTED_EDGE('',*,*,#1360,.F.);
#926=ORIENTED_EDGE('',*,*,#1483,.T.);
#927=ORIENTED_EDGE('',*,*,#1555,.F.);
#928=ORIENTED_EDGE('',*,*,#1556,.F.);
#929=ORIENTED_EDGE('',*,*,#1557,.F.);
#930=ORIENTED_EDGE('',*,*,#1367,.F.);
#931=ORIENTED_EDGE('',*,*,#1558,.F.);
#932=ORIENTED_EDGE('',*,*,#1559,.F.);
#933=ORIENTED_EDGE('',*,*,#1560,.F.);
#934=ORIENTED_EDGE('',*,*,#1545,.T.);
#935=ORIENTED_EDGE('',*,*,#1371,.F.);
#936=ORIENTED_EDGE('',*,*,#1561,.T.);
#937=ORIENTED_EDGE('',*,*,#1467,.T.);
#938=ORIENTED_EDGE('',*,*,#1562,.T.);
#939=ORIENTED_EDGE('',*,*,#1468,.T.);
#940=ORIENTED_EDGE('',*,*,#1561,.F.);
#941=ORIENTED_EDGE('',*,*,#1370,.F.);
#942=ORIENTED_EDGE('',*,*,#1375,.F.);
#943=ORIENTED_EDGE('',*,*,#1563,.T.);
#944=ORIENTED_EDGE('',*,*,#1564,.T.);
#945=ORIENTED_EDGE('',*,*,#1374,.F.);
#946=ORIENTED_EDGE('',*,*,#1565,.T.);
#947=ORIENTED_EDGE('',*,*,#1566,.T.);
#948=ORIENTED_EDGE('',*,*,#1518,.T.);
#949=ORIENTED_EDGE('',*,*,#1567,.T.);
#950=ORIENTED_EDGE('',*,*,#1568,.T.);
#951=ORIENTED_EDGE('',*,*,#1563,.F.);
#952=ORIENTED_EDGE('',*,*,#1377,.F.);
#953=ORIENTED_EDGE('',*,*,#1552,.F.);
#954=ORIENTED_EDGE('',*,*,#1384,.T.);
#955=ORIENTED_EDGE('',*,*,#1569,.T.);
#956=ORIENTED_EDGE('',*,*,#1570,.T.);
#957=ORIENTED_EDGE('',*,*,#1379,.T.);
#958=ORIENTED_EDGE('',*,*,#1408,.T.);
#959=ORIENTED_EDGE('',*,*,#1412,.T.);
#960=ORIENTED_EDGE('',*,*,#1571,.T.);
#961=ORIENTED_EDGE('',*,*,#1572,.T.);
#962=ORIENTED_EDGE('',*,*,#1414,.F.);
#963=ORIENTED_EDGE('',*,*,#1573,.F.);
#964=ORIENTED_EDGE('',*,*,#1491,.T.);
#965=ORIENTED_EDGE('',*,*,#1574,.F.);
#966=ORIENTED_EDGE('',*,*,#1428,.T.);
#967=ORIENTED_EDGE('',*,*,#1416,.F.);
#968=ORIENTED_EDGE('',*,*,#1492,.T.);
#969=ORIENTED_EDGE('',*,*,#1460,.F.);
#970=ORIENTED_EDGE('',*,*,#1426,.T.);
#971=ORIENTED_EDGE('',*,*,#1530,.F.);
#972=ORIENTED_EDGE('',*,*,#1429,.T.);
#973=ORIENTED_EDGE('',*,*,#1574,.T.);
#974=ORIENTED_EDGE('',*,*,#1490,.T.);
#975=ORIENTED_EDGE('',*,*,#1575,.F.);
#976=ORIENTED_EDGE('',*,*,#1576,.F.);
#977=ORIENTED_EDGE('',*,*,#1577,.T.);
#978=ORIENTED_EDGE('',*,*,#1430,.T.);
#979=ORIENTED_EDGE('',*,*,#1576,.T.);
#980=ORIENTED_EDGE('',*,*,#1578,.T.);
#981=ORIENTED_EDGE('',*,*,#1579,.F.);
#982=ORIENTED_EDGE('',*,*,#1431,.T.);
#983=ORIENTED_EDGE('',*,*,#1577,.F.);
#984=ORIENTED_EDGE('',*,*,#1580,.F.);
#985=ORIENTED_EDGE('',*,*,#1432,.T.);
#986=ORIENTED_EDGE('',*,*,#1579,.T.);
#987=ORIENTED_EDGE('',*,*,#1581,.T.);
#988=ORIENTED_EDGE('',*,*,#1582,.T.);
#989=ORIENTED_EDGE('',*,*,#1582,.F.);
#990=ORIENTED_EDGE('',*,*,#1583,.T.);
#991=ORIENTED_EDGE('',*,*,#1584,.T.);
#992=ORIENTED_EDGE('',*,*,#1433,.T.);
#993=ORIENTED_EDGE('',*,*,#1436,.T.);
#994=ORIENTED_EDGE('',*,*,#1585,.F.);
#995=ORIENTED_EDGE('',*,*,#1555,.T.);
#996=ORIENTED_EDGE('',*,*,#1544,.T.);
#997=ORIENTED_EDGE('',*,*,#1560,.T.);
#998=ORIENTED_EDGE('',*,*,#1586,.F.);
#999=ORIENTED_EDGE('',*,*,#1442,.T.);
#1000=ORIENTED_EDGE('',*,*,#1546,.T.);
#1001=ORIENTED_EDGE('',*,*,#1445,.T.);
#1002=ORIENTED_EDGE('',*,*,#1587,.T.);
#1003=ORIENTED_EDGE('',*,*,#1588,.T.);
#1004=ORIENTED_EDGE('',*,*,#1589,.T.);
#1005=ORIENTED_EDGE('',*,*,#1446,.T.);
#1006=ORIENTED_EDGE('',*,*,#1589,.F.);
#1007=ORIENTED_EDGE('',*,*,#1590,.T.);
#1008=ORIENTED_EDGE('',*,*,#1591,.T.);
#1009=ORIENTED_EDGE('',*,*,#1592,.F.);
#1010=ORIENTED_EDGE('',*,*,#1447,.T.);
#1011=ORIENTED_EDGE('',*,*,#1591,.F.);
#1012=ORIENTED_EDGE('',*,*,#1593,.F.);
#1013=ORIENTED_EDGE('',*,*,#1592,.T.);
#1014=ORIENTED_EDGE('',*,*,#1594,.T.);
#1015=ORIENTED_EDGE('',*,*,#1595,.T.);
#1016=ORIENTED_EDGE('',*,*,#1448,.T.);
#1017=ORIENTED_EDGE('',*,*,#1596,.F.);
#1018=ORIENTED_EDGE('',*,*,#1502,.T.);
#1019=ORIENTED_EDGE('',*,*,#1597,.F.);
#1020=ORIENTED_EDGE('',*,*,#1449,.T.);
#1021=ORIENTED_EDGE('',*,*,#1595,.F.);
#1022=ORIENTED_EDGE('',*,*,#1450,.T.);
#1023=ORIENTED_EDGE('',*,*,#1597,.T.);
#1024=ORIENTED_EDGE('',*,*,#1501,.T.);
#1025=ORIENTED_EDGE('',*,*,#1505,.F.);
#1026=ORIENTED_EDGE('',*,*,#1453,.T.);
#1027=ORIENTED_EDGE('',*,*,#1504,.F.);
#1028=ORIENTED_EDGE('',*,*,#1498,.T.);
#1029=ORIENTED_EDGE('',*,*,#1507,.F.);
#1030=ORIENTED_EDGE('',*,*,#1456,.T.);
#1031=ORIENTED_EDGE('',*,*,#1506,.F.);
#1032=ORIENTED_EDGE('',*,*,#1495,.T.);
#1033=ORIENTED_EDGE('',*,*,#1531,.F.);
#1034=ORIENTED_EDGE('',*,*,#1573,.T.);
#1035=ORIENTED_EDGE('',*,*,#1461,.T.);
#1036=ORIENTED_EDGE('',*,*,#1594,.F.);
#1037=ORIENTED_EDGE('',*,*,#1598,.F.);
#1038=ORIENTED_EDGE('',*,*,#1503,.T.);
#1039=ORIENTED_EDGE('',*,*,#1596,.T.);
#1040=ORIENTED_EDGE('',*,*,#1462,.T.);
#1041=ORIENTED_EDGE('',*,*,#1598,.T.);
#1042=ORIENTED_EDGE('',*,*,#1593,.T.);
#1043=ORIENTED_EDGE('',*,*,#1599,.F.);
#1044=ORIENTED_EDGE('',*,*,#1463,.T.);
#1045=ORIENTED_EDGE('',*,*,#1599,.T.);
#1046=ORIENTED_EDGE('',*,*,#1590,.F.);
#1047=ORIENTED_EDGE('',*,*,#1600,.F.);
#1048=ORIENTED_EDGE('',*,*,#1600,.T.);
#1049=ORIENTED_EDGE('',*,*,#1588,.F.);
#1050=ORIENTED_EDGE('',*,*,#1601,.F.);
#1051=ORIENTED_EDGE('',*,*,#1602,.F.);
#1052=ORIENTED_EDGE('',*,*,#1464,.T.);
#1053=ORIENTED_EDGE('',*,*,#1366,.F.);
#1054=ORIENTED_EDGE('',*,*,#1466,.T.);
#1055=ORIENTED_EDGE('',*,*,#1603,.F.);
#1056=ORIENTED_EDGE('',*,*,#1558,.T.);
#1057=ORIENTED_EDGE('',*,*,#1470,.T.);
#1058=ORIENTED_EDGE('',*,*,#1604,.T.);
#1059=ORIENTED_EDGE('',*,*,#1516,.T.);
#1060=ORIENTED_EDGE('',*,*,#1605,.T.);
#1061=ORIENTED_EDGE('',*,*,#1569,.F.);
#1062=ORIENTED_EDGE('',*,*,#1472,.T.);
#1063=ORIENTED_EDGE('',*,*,#1606,.F.);
#1064=ORIENTED_EDGE('',*,*,#1514,.T.);
#1065=ORIENTED_EDGE('',*,*,#1528,.F.);
#1066=ORIENTED_EDGE('',*,*,#1524,.T.);
#1067=ORIENTED_EDGE('',*,*,#1508,.F.);
#1068=ORIENTED_EDGE('',*,*,#1475,.T.);
#1069=ORIENTED_EDGE('',*,*,#1529,.F.);
#1070=ORIENTED_EDGE('',*,*,#1522,.T.);
#1071=ORIENTED_EDGE('',*,*,#1607,.F.);
#1072=ORIENTED_EDGE('',*,*,#1478,.T.);
#1073=ORIENTED_EDGE('',*,*,#1527,.F.);
#1074=ORIENTED_EDGE('',*,*,#1572,.F.);
#1075=ORIENTED_EDGE('',*,*,#1608,.T.);
#1076=ORIENTED_EDGE('',*,*,#1520,.T.);
#1077=ORIENTED_EDGE('',*,*,#1609,.T.);
#1078=ORIENTED_EDGE('',*,*,#1480,.T.);
#1079=ORIENTED_EDGE('',*,*,#1610,.F.);
#1080=ORIENTED_EDGE('',*,*,#1484,.T.);
#1081=ORIENTED_EDGE('',*,*,#1368,.F.);
#1082=ORIENTED_EDGE('',*,*,#1557,.T.);
#1083=ORIENTED_EDGE('',*,*,#1486,.T.);
#1084=ORIENTED_EDGE('',*,*,#1611,.F.);
#1085=ORIENTED_EDGE('',*,*,#1612,.F.);
#1086=ORIENTED_EDGE('',*,*,#1583,.F.);
#1087=ORIENTED_EDGE('',*,*,#1613,.F.);
#1088=ORIENTED_EDGE('',*,*,#1487,.T.);
#1089=ORIENTED_EDGE('',*,*,#1613,.T.);
#1090=ORIENTED_EDGE('',*,*,#1581,.F.);
#1091=ORIENTED_EDGE('',*,*,#1614,.F.);
#1092=ORIENTED_EDGE('',*,*,#1488,.T.);
#1093=ORIENTED_EDGE('',*,*,#1614,.T.);
#1094=ORIENTED_EDGE('',*,*,#1580,.T.);
#1095=ORIENTED_EDGE('',*,*,#1615,.F.);
#1096=ORIENTED_EDGE('',*,*,#1489,.T.);
#1097=ORIENTED_EDGE('',*,*,#1615,.T.);
#1098=ORIENTED_EDGE('',*,*,#1578,.F.);
#1099=ORIENTED_EDGE('',*,*,#1575,.T.);
#1100=ORIENTED_EDGE('',*,*,#1605,.F.);
#1101=ORIENTED_EDGE('',*,*,#1515,.T.);
#1102=ORIENTED_EDGE('',*,*,#1606,.T.);
#1103=ORIENTED_EDGE('',*,*,#1471,.T.);
#1104=ORIENTED_EDGE('',*,*,#1570,.F.);
#1105=ORIENTED_EDGE('',*,*,#1616,.T.);
#1106=ORIENTED_EDGE('',*,*,#1567,.F.);
#1107=ORIENTED_EDGE('',*,*,#1517,.T.);
#1108=ORIENTED_EDGE('',*,*,#1604,.F.);
#1109=ORIENTED_EDGE('',*,*,#1617,.T.);
#1110=ORIENTED_EDGE('',*,*,#1609,.F.);
#1111=ORIENTED_EDGE('',*,*,#1519,.T.);
#1112=ORIENTED_EDGE('',*,*,#1566,.F.);
#1113=ORIENTED_EDGE('',*,*,#1571,.F.);
#1114=ORIENTED_EDGE('',*,*,#1479,.T.);
#1115=ORIENTED_EDGE('',*,*,#1607,.T.);
#1116=ORIENTED_EDGE('',*,*,#1521,.T.);
#1117=ORIENTED_EDGE('',*,*,#1608,.F.);
#1118=ORIENTED_EDGE('',*,*,#1618,.T.);
#1119=ORIENTED_EDGE('',*,*,#1551,.F.);
#1120=ORIENTED_EDGE('',*,*,#1553,.F.);
#1121=ORIENTED_EDGE('',*,*,#1564,.F.);
#1122=ORIENTED_EDGE('',*,*,#1619,.T.);
#1123=ORIENTED_EDGE('',*,*,#1562,.F.);
#1124=ORIENTED_EDGE('',*,*,#1617,.F.);
#1125=ORIENTED_EDGE('',*,*,#1565,.F.);
#1126=ORIENTED_EDGE('',*,*,#1618,.F.);
#1127=ORIENTED_EDGE('',*,*,#1481,.T.);
#1128=ORIENTED_EDGE('',*,*,#1616,.F.);
#1129=ORIENTED_EDGE('',*,*,#1469,.T.);
#1130=ORIENTED_EDGE('',*,*,#1619,.F.);
#1131=ORIENTED_EDGE('',*,*,#1568,.F.);
#1132=ORIENTED_EDGE('',*,*,#1434,.F.);
#1133=ORIENTED_EDGE('',*,*,#1584,.F.);
#1134=ORIENTED_EDGE('',*,*,#1612,.T.);
#1135=ORIENTED_EDGE('',*,*,#1620,.F.);
#1136=ORIENTED_EDGE('',*,*,#1556,.T.);
#1137=ORIENTED_EDGE('',*,*,#1585,.T.);
#1138=ORIENTED_EDGE('',*,*,#1435,.T.);
#1139=ORIENTED_EDGE('',*,*,#1620,.T.);
#1140=ORIENTED_EDGE('',*,*,#1611,.T.);
#1141=ORIENTED_EDGE('',*,*,#1485,.T.);
#1142=ORIENTED_EDGE('',*,*,#1610,.T.);
#1143=ORIENTED_EDGE('',*,*,#1586,.T.);
#1144=ORIENTED_EDGE('',*,*,#1559,.T.);
#1145=ORIENTED_EDGE('',*,*,#1603,.T.);
#1146=ORIENTED_EDGE('',*,*,#1465,.T.);
#1147=ORIENTED_EDGE('',*,*,#1602,.T.);
#1148=ORIENTED_EDGE('',*,*,#1621,.T.);
#1149=ORIENTED_EDGE('',*,*,#1443,.T.);
#1150=ORIENTED_EDGE('',*,*,#1601,.T.);
#1151=ORIENTED_EDGE('',*,*,#1587,.F.);
#1152=ORIENTED_EDGE('',*,*,#1444,.F.);
#1153=ORIENTED_EDGE('',*,*,#1621,.F.);
#1154=EDGE_CURVE('',#1622,#1623,#1921,.T.);
#1155=EDGE_CURVE('',#1623,#1624,#1922,.T.);
#1156=EDGE_CURVE('',#1624,#1625,#1923,.T.);
#1157=EDGE_CURVE('',#1625,#1622,#1924,.T.);
#1158=EDGE_CURVE('',#1626,#1627,#1925,.T.);
#1159=EDGE_CURVE('',#1627,#1628,#1926,.T.);
#1160=EDGE_CURVE('',#1628,#1629,#1927,.T.);
#1161=EDGE_CURVE('',#1629,#1626,#1928,.T.);
#1162=EDGE_CURVE('',#1630,#1631,#1929,.T.);
#1163=EDGE_CURVE('',#1631,#1632,#1930,.T.);
#1164=EDGE_CURVE('',#1632,#1633,#1931,.T.);
#1165=EDGE_CURVE('',#1633,#1630,#1932,.T.);
#1166=EDGE_CURVE('',#1634,#1635,#1933,.T.);
#1167=EDGE_CURVE('',#1635,#1636,#1934,.T.);
#1168=EDGE_CURVE('',#1636,#1637,#1935,.T.);
#1169=EDGE_CURVE('',#1637,#1634,#1936,.T.);
#1170=EDGE_CURVE('',#1638,#1638,#105,.F.);
#1171=EDGE_CURVE('',#1639,#1639,#106,.T.);
#1172=EDGE_CURVE('',#1640,#1640,#107,.T.);
#1173=EDGE_CURVE('',#1641,#1641,#108,.T.);
#1174=EDGE_CURVE('',#1642,#1642,#109,.T.);
#1175=EDGE_CURVE('',#1643,#1643,#110,.T.);
#1176=EDGE_CURVE('',#1644,#1644,#111,.T.);
#1177=EDGE_CURVE('',#1645,#1646,#1937,.F.);
#1178=EDGE_CURVE('',#1646,#1647,#1938,.T.);
#1179=EDGE_CURVE('',#1647,#1648,#1939,.T.);
#1180=EDGE_CURVE('',#1648,#1645,#1940,.F.);
#1181=EDGE_CURVE('',#1649,#1650,#1941,.T.);
#1182=EDGE_CURVE('',#1650,#1651,#1942,.F.);
#1183=EDGE_CURVE('',#1651,#1652,#1943,.F.);
#1184=EDGE_CURVE('',#1652,#1649,#1944,.T.);
#1185=EDGE_CURVE('',#1653,#1654,#1945,.F.);
#1186=EDGE_CURVE('',#1654,#1655,#1946,.T.);
#1187=EDGE_CURVE('',#1655,#1656,#1947,.T.);
#1188=EDGE_CURVE('',#1656,#1653,#1948,.F.);
#1189=EDGE_CURVE('',#1657,#1658,#1949,.F.);
#1190=EDGE_CURVE('',#1658,#1659,#1950,.F.);
#1191=EDGE_CURVE('',#1659,#1660,#1951,.T.);
#1192=EDGE_CURVE('',#1660,#1657,#1952,.T.);
#1193=EDGE_CURVE('',#1661,#1662,#1953,.T.);
#1194=EDGE_CURVE('',#1662,#1663,#1954,.F.);
#1195=EDGE_CURVE('',#1663,#1664,#1955,.F.);
#1196=EDGE_CURVE('',#1664,#1661,#1956,.T.);
#1197=EDGE_CURVE('',#1665,#1666,#1957,.F.);
#1198=EDGE_CURVE('',#1666,#1667,#1958,.F.);
#1199=EDGE_CURVE('',#1667,#1668,#1959,.T.);
#1200=EDGE_CURVE('',#1668,#1665,#1960,.T.);
#1201=EDGE_CURVE('',#1669,#1670,#1961,.T.);
#1202=EDGE_CURVE('',#1670,#1671,#1962,.T.);
#1203=EDGE_CURVE('',#1671,#1672,#1963,.F.);
#1204=EDGE_CURVE('',#1672,#1669,#1964,.F.);
#1205=EDGE_CURVE('',#1673,#1674,#1965,.F.);
#1206=EDGE_CURVE('',#1674,#1675,#1966,.F.);
#1207=EDGE_CURVE('',#1675,#1676,#1967,.T.);
#1208=EDGE_CURVE('',#1676,#1673,#1968,.T.);
#1209=EDGE_CURVE('',#1677,#1678,#1969,.F.);
#1210=EDGE_CURVE('',#1678,#1679,#1970,.F.);
#1211=EDGE_CURVE('',#1679,#1680,#1971,.T.);
#1212=EDGE_CURVE('',#1680,#1677,#1972,.T.);
#1213=EDGE_CURVE('',#1681,#1682,#1973,.T.);
#1214=EDGE_CURVE('',#1682,#1683,#1974,.F.);
#1215=EDGE_CURVE('',#1683,#1684,#1975,.F.);
#1216=EDGE_CURVE('',#1684,#1681,#1976,.T.);
#1217=EDGE_CURVE('',#1685,#1686,#112,.T.);
#1218=EDGE_CURVE('',#1686,#1687,#1977,.T.);
#1219=EDGE_CURVE('',#1687,#1688,#1978,.T.);
#1220=EDGE_CURVE('',#1688,#1685,#1979,.T.);
#1221=EDGE_CURVE('',#1689,#1690,#1980,.T.);
#1222=EDGE_CURVE('',#1690,#1624,#1981,.F.);
#1223=EDGE_CURVE('',#1623,#1689,#1982,.T.);
#1224=EDGE_CURVE('',#1622,#1691,#1983,.F.);
#1225=EDGE_CURVE('',#1691,#1689,#1984,.T.);
#1226=EDGE_CURVE('',#1692,#1691,#1985,.T.);
#1227=EDGE_CURVE('',#1625,#1692,#1986,.T.);
#1228=EDGE_CURVE('',#1690,#1692,#1987,.T.);
#1229=EDGE_CURVE('',#1627,#1693,#1988,.T.);
#1230=EDGE_CURVE('',#1693,#1694,#1989,.T.);
#1231=EDGE_CURVE('',#1694,#1628,#1990,.T.);
#1232=EDGE_CURVE('',#1695,#1693,#1991,.T.);
#1233=EDGE_CURVE('',#1626,#1695,#1992,.T.);
#1234=EDGE_CURVE('',#1696,#1695,#1993,.T.);
#1235=EDGE_CURVE('',#1629,#1696,#1994,.F.);
#1236=EDGE_CURVE('',#1694,#1696,#1995,.T.);
#1237=EDGE_CURVE('',#1697,#1698,#1996,.T.);
#1238=EDGE_CURVE('',#1698,#1632,#1997,.T.);
#1239=EDGE_CURVE('',#1631,#1697,#1998,.T.);
#1240=EDGE_CURVE('',#1630,#1699,#1999,.T.);
#1241=EDGE_CURVE('',#1699,#1697,#2000,.T.);
#1242=EDGE_CURVE('',#1700,#1699,#2001,.T.);
#1243=EDGE_CURVE('',#1633,#1700,#2002,.T.);
#1244=EDGE_CURVE('',#1698,#1700,#2003,.T.);
#1245=EDGE_CURVE('',#1701,#1702,#2004,.T.);
#1246=EDGE_CURVE('',#1702,#1636,#2005,.T.);
#1247=EDGE_CURVE('',#1635,#1701,#2006,.F.);
#1248=EDGE_CURVE('',#1703,#1701,#2007,.T.);
#1249=EDGE_CURVE('',#1634,#1703,#2008,.T.);
#1250=EDGE_CURVE('',#1637,#1704,#2009,.T.);
#1251=EDGE_CURVE('',#1704,#1703,#2010,.T.);
#1252=EDGE_CURVE('',#1702,#1704,#2011,.T.);
#1253=EDGE_CURVE('',#1705,#1705,#113,.T.);
#1254=EDGE_CURVE('',#1706,#1707,#114,.F.);
#1255=EDGE_CURVE('',#1708,#1706,#2012,.T.);
#1256=EDGE_CURVE('',#1709,#1708,#115,.F.);
#1257=EDGE_CURVE('',#1707,#1709,#2013,.F.);
#1258=EDGE_CURVE('',#1710,#1711,#116,.F.);
#1259=EDGE_CURVE('',#1712,#1710,#2014,.T.);
#1260=EDGE_CURVE('',#1713,#1712,#117,.F.);
#1261=EDGE_CURVE('',#1711,#1713,#2015,.F.);
#1262=EDGE_CURVE('',#1714,#1715,#118,.F.);
#1263=EDGE_CURVE('',#1716,#1714,#2016,.T.);
#1264=EDGE_CURVE('',#1717,#1716,#119,.F.);
#1265=EDGE_CURVE('',#1715,#1717,#2017,.F.);
#1266=EDGE_CURVE('',#1718,#1719,#120,.F.);
#1267=EDGE_CURVE('',#1720,#1718,#2018,.T.);
#1268=EDGE_CURVE('',#1721,#1720,#121,.F.);
#1269=EDGE_CURVE('',#1719,#1721,#2019,.F.);
#1270=EDGE_CURVE('',#1722,#1723,#122,.F.);
#1271=EDGE_CURVE('',#1724,#1722,#2020,.T.);
#1272=EDGE_CURVE('',#1725,#1724,#123,.F.);
#1273=EDGE_CURVE('',#1723,#1725,#2021,.F.);
#1274=EDGE_CURVE('',#1726,#1727,#124,.F.);
#1275=EDGE_CURVE('',#1728,#1726,#2022,.T.);
#1276=EDGE_CURVE('',#1729,#1728,#125,.F.);
#1277=EDGE_CURVE('',#1727,#1729,#2023,.F.);
#1278=EDGE_CURVE('',#1647,#1730,#2024,.F.);
#1279=EDGE_CURVE('',#1731,#1646,#2025,.T.);
#1280=EDGE_CURVE('',#1730,#1731,#2026,.F.);
#1281=EDGE_CURVE('',#1732,#1645,#2027,.F.);
#1282=EDGE_CURVE('',#1731,#1732,#2028,.T.);
#1283=EDGE_CURVE('',#1733,#1648,#2029,.F.);
#1284=EDGE_CURVE('',#1732,#1733,#2030,.T.);
#1285=EDGE_CURVE('',#1733,#1730,#2031,.F.);
#1286=EDGE_CURVE('',#1651,#1734,#2032,.T.);
#1287=EDGE_CURVE('',#1735,#1650,#2033,.F.);
#1288=EDGE_CURVE('',#1734,#1735,#2034,.T.);
#1289=EDGE_CURVE('',#1736,#1649,#2035,.T.);
#1290=EDGE_CURVE('',#1735,#1736,#2036,.F.);
#1291=EDGE_CURVE('',#1737,#1652,#2037,.T.);
#1292=EDGE_CURVE('',#1736,#1737,#2038,.F.);
#1293=EDGE_CURVE('',#1737,#1734,#2039,.T.);
#1294=EDGE_CURVE('',#1655,#1738,#2040,.F.);
#1295=EDGE_CURVE('',#1739,#1654,#2041,.T.);
#1296=EDGE_CURVE('',#1738,#1739,#2042,.F.);
#1297=EDGE_CURVE('',#1740,#1653,#2043,.F.);
#1298=EDGE_CURVE('',#1739,#1740,#2044,.T.);
#1299=EDGE_CURVE('',#1741,#1656,#2045,.F.);
#1300=EDGE_CURVE('',#1740,#1741,#2046,.T.);
#1301=EDGE_CURVE('',#1741,#1738,#2047,.F.);
#1302=EDGE_CURVE('',#1659,#1742,#2048,.T.);
#1303=EDGE_CURVE('',#1743,#1658,#2049,.F.);
#1304=EDGE_CURVE('',#1742,#1743,#2050,.T.);
#1305=EDGE_CURVE('',#1744,#1657,#2051,.F.);
#1306=EDGE_CURVE('',#1743,#1744,#2052,.T.);
#1307=EDGE_CURVE('',#1745,#1660,#2053,.T.);
#1308=EDGE_CURVE('',#1744,#1745,#2054,.F.);
#1309=EDGE_CURVE('',#1745,#1742,#2055,.F.);
#1310=EDGE_CURVE('',#1663,#1746,#2056,.T.);
#1311=EDGE_CURVE('',#1747,#1662,#2057,.F.);
#1312=EDGE_CURVE('',#1746,#1747,#2058,.T.);
#1313=EDGE_CURVE('',#1748,#1661,#2059,.T.);
#1314=EDGE_CURVE('',#1747,#1748,#2060,.F.);
#1315=EDGE_CURVE('',#1749,#1664,#2061,.T.);
#1316=EDGE_CURVE('',#1748,#1749,#2062,.F.);
#1317=EDGE_CURVE('',#1749,#1746,#2063,.T.);
#1318=EDGE_CURVE('',#1667,#1750,#2064,.T.);
#1319=EDGE_CURVE('',#1751,#1666,#2065,.F.);
#1320=EDGE_CURVE('',#1750,#1751,#2066,.T.);
#1321=EDGE_CURVE('',#1752,#1665,#2067,.F.);
#1322=EDGE_CURVE('',#1751,#1752,#2068,.T.);
#1323=EDGE_CURVE('',#1753,#1668,#2069,.T.);
#1324=EDGE_CURVE('',#1752,#1753,#2070,.F.);
#1325=EDGE_CURVE('',#1753,#1750,#2071,.F.);
#1326=EDGE_CURVE('',#1670,#1754,#2072,.T.);
#1327=EDGE_CURVE('',#1754,#1755,#2073,.T.);
#1328=EDGE_CURVE('',#1755,#1671,#2074,.T.);
#1329=EDGE_CURVE('',#1756,#1754,#2075,.T.);
#1330=EDGE_CURVE('',#1669,#1756,#2076,.T.);
#1331=EDGE_CURVE('',#1757,#1756,#2077,.F.);
#1332=EDGE_CURVE('',#1672,#1757,#2078,.T.);
#1333=EDGE_CURVE('',#1755,#1757,#2079,.F.);
#1334=EDGE_CURVE('',#1758,#1759,#2080,.F.);
#1335=EDGE_CURVE('',#1759,#1675,#2081,.T.);
#1336=EDGE_CURVE('',#1674,#1758,#2082,.T.);
#1337=EDGE_CURVE('',#1760,#1758,#2083,.F.);
#1338=EDGE_CURVE('',#1673,#1760,#2084,.T.);
#1339=EDGE_CURVE('',#1676,#1761,#2085,.T.);
#1340=EDGE_CURVE('',#1761,#1760,#2086,.T.);
#1341=EDGE_CURVE('',#1759,#1761,#2087,.T.);
#1342=EDGE_CURVE('',#1762,#1763,#2088,.F.);
#1343=EDGE_CURVE('',#1763,#1679,#2089,.T.);
#1344=EDGE_CURVE('',#1678,#1762,#2090,.T.);
#1345=EDGE_CURVE('',#1764,#1762,#2091,.F.);
#1346=EDGE_CURVE('',#1677,#1764,#2092,.T.);
#1347=EDGE_CURVE('',#1680,#1765,#2093,.T.);
#1348=EDGE_CURVE('',#1765,#1764,#2094,.T.);
#1349=EDGE_CURVE('',#1763,#1765,#2095,.T.);
#1350=EDGE_CURVE('',#1766,#1767,#2096,.F.);
#1351=EDGE_CURVE('',#1767,#1683,#2097,.T.);
#1352=EDGE_CURVE('',#1682,#1766,#2098,.T.);
#1353=EDGE_CURVE('',#1768,#1766,#2099,.T.);
#1354=EDGE_CURVE('',#1681,#1768,#2100,.T.);
#1355=EDGE_CURVE('',#1769,#1768,#2101,.T.);
#1356=EDGE_CURVE('',#1684,#1769,#2102,.T.);
#1357=EDGE_CURVE('',#1767,#1769,#2103,.F.);
#1358=EDGE_CURVE('',#1686,#1770,#2104,.F.);
#1359=EDGE_CURVE('',#1770,#1771,#2105,.T.);
#1360=EDGE_CURVE('',#1771,#1772,#2106,.T.);
#1361=EDGE_CURVE('',#1772,#1773,#2107,.T.);
#1362=EDGE_CURVE('',#1773,#1774,#2108,.T.);
#1363=EDGE_CURVE('',#1774,#1687,#43,.T.);
#1364=EDGE_CURVE('',#1685,#1775,#2109,.F.);
#1365=EDGE_CURVE('',#1775,#1776,#126,.T.);
#1366=EDGE_CURVE('',#1776,#1777,#2110,.F.);
#1367=EDGE_CURVE('',#1777,#1778,#127,.T.);
#1368=EDGE_CURVE('',#1778,#1779,#2111,.T.);
#1369=EDGE_CURVE('',#1779,#1770,#128,.T.);
#1370=EDGE_CURVE('',#1780,#1781,#2112,.T.);
#1371=EDGE_CURVE('',#1781,#1782,#2113,.F.);
#1372=EDGE_CURVE('',#1782,#1775,#2114,.T.);
#1373=EDGE_CURVE('',#1688,#1783,#44,.T.);
#1374=EDGE_CURVE('',#1783,#1780,#2115,.F.);
#1375=EDGE_CURVE('',#1784,#1783,#45,.T.);
#1376=EDGE_CURVE('',#1774,#1785,#46,.F.);
#1377=EDGE_CURVE('',#1785,#1784,#2116,.F.);
#1378=EDGE_CURVE('',#1786,#1689,#2117,.T.);
#1379=EDGE_CURVE('',#1787,#1786,#2118,.T.);
#1380=EDGE_CURVE('',#1788,#1787,#2119,.T.);
#1381=EDGE_CURVE('',#1690,#1788,#2120,.F.);
#1382=EDGE_CURVE('',#1789,#1691,#2121,.T.);
#1383=EDGE_CURVE('',#1790,#1789,#2122,.T.);
#1384=EDGE_CURVE('',#1786,#1790,#2123,.T.);
#1385=EDGE_CURVE('',#1791,#1692,#2124,.T.);
#1386=EDGE_CURVE('',#1789,#1791,#2125,.T.);
#1387=EDGE_CURVE('',#1791,#1788,#2126,.T.);
#1388=EDGE_CURVE('',#1792,#1693,#2127,.T.);
#1389=EDGE_CURVE('',#1793,#1792,#2128,.T.);
#1390=EDGE_CURVE('',#1694,#1793,#2129,.F.);
#1391=EDGE_CURVE('',#1794,#1695,#2130,.T.);
#1392=EDGE_CURVE('',#1792,#1794,#2131,.T.);
#1393=EDGE_CURVE('',#1795,#1696,#2132,.T.);
#1394=EDGE_CURVE('',#1794,#1795,#2133,.T.);
#1395=EDGE_CURVE('',#1795,#1793,#2134,.T.);
#1396=EDGE_CURVE('',#1796,#1697,#2135,.T.);
#1397=EDGE_CURVE('',#1797,#1796,#2136,.T.);
#1398=EDGE_CURVE('',#1698,#1797,#2137,.F.);
#1399=EDGE_CURVE('',#1798,#1699,#2138,.T.);
#1400=EDGE_CURVE('',#1796,#1798,#2139,.T.);
#1401=EDGE_CURVE('',#1799,#1700,#2140,.T.);
#1402=EDGE_CURVE('',#1798,#1799,#2141,.T.);
#1403=EDGE_CURVE('',#1799,#1797,#2142,.T.);
#1404=EDGE_CURVE('',#1800,#1701,#2143,.T.);
#1405=EDGE_CURVE('',#1801,#1800,#2144,.T.);
#1406=EDGE_CURVE('',#1702,#1801,#2145,.F.);
#1407=EDGE_CURVE('',#1802,#1703,#2146,.T.);
#1408=EDGE_CURVE('',#1803,#1802,#2147,.T.);
#1409=EDGE_CURVE('',#1800,#1803,#2148,.T.);
#1410=EDGE_CURVE('',#1804,#1704,#2149,.T.);
#1411=EDGE_CURVE('',#1805,#1804,#2150,.T.);
#1412=EDGE_CURVE('',#1802,#1805,#2151,.T.);
#1413=EDGE_CURVE('',#1804,#1801,#2152,.T.);
#1414=EDGE_CURVE('',#1806,#1806,#129,.F.);
#1415=EDGE_CURVE('',#1709,#1807,#130,.T.);
#1416=EDGE_CURVE('',#1807,#1808,#2153,.T.);
#1417=EDGE_CURVE('',#1808,#1707,#131,.F.);
#1418=EDGE_CURVE('',#1809,#1810,#2154,.F.);
#1419=EDGE_CURVE('',#1811,#1809,#2155,.F.);
#1420=EDGE_CURVE('',#1812,#1811,#2156,.T.);
#1421=EDGE_CURVE('',#1810,#1812,#2157,.T.);
#1422=EDGE_CURVE('',#1813,#1814,#2158,.F.);
#1423=EDGE_CURVE('',#1815,#1813,#2159,.T.);
#1424=EDGE_CURVE('',#1816,#1815,#2160,.T.);
#1425=EDGE_CURVE('',#1814,#1816,#2161,.F.);
#1426=EDGE_CURVE('',#1817,#1818,#132,.F.);
#1427=EDGE_CURVE('',#1706,#1817,#133,.T.);
#1428=EDGE_CURVE('',#1819,#1808,#134,.F.);
#1429=EDGE_CURVE('',#1820,#1819,#2162,.F.);
#1430=EDGE_CURVE('',#1821,#1820,#135,.T.);
#1431=EDGE_CURVE('',#1822,#1821,#2163,.T.);
#1432=EDGE_CURVE('',#1823,#1822,#136,.T.);
#1433=EDGE_CURVE('',#1824,#1823,#137,.T.);
#1434=EDGE_CURVE('',#1824,#1825,#138,.T.);
#1435=EDGE_CURVE('',#1826,#1825,#139,.T.);
#1436=EDGE_CURVE('',#1827,#1826,#2164,.F.);
#1437=EDGE_CURVE('',#1828,#1827,#2165,.F.);
#1438=EDGE_CURVE('',#1829,#1828,#2166,.F.);
#1439=EDGE_CURVE('',#1830,#1829,#2167,.T.);
#1440=EDGE_CURVE('',#1831,#1830,#2168,.T.);
#1441=EDGE_CURVE('',#1832,#1831,#2169,.F.);
#1442=EDGE_CURVE('',#1833,#1832,#2170,.T.);
#1443=EDGE_CURVE('',#1834,#1833,#140,.F.);
#1444=EDGE_CURVE('',#1834,#1835,#141,.T.);
#1445=EDGE_CURVE('',#1836,#1835,#142,.T.);
#1446=EDGE_CURVE('',#1837,#1836,#143,.T.);
#1447=EDGE_CURVE('',#1838,#1837,#2171,.T.);
#1448=EDGE_CURVE('',#1839,#1838,#144,.T.);
#1449=EDGE_CURVE('',#1840,#1839,#2172,.T.);
#1450=EDGE_CURVE('',#1841,#1840,#145,.F.);
#1451=EDGE_CURVE('',#1710,#1841,#146,.T.);
#1452=EDGE_CURVE('',#1842,#1711,#147,.F.);
#1453=EDGE_CURVE('',#1843,#1842,#148,.F.);
#1454=EDGE_CURVE('',#1714,#1843,#149,.T.);
#1455=EDGE_CURVE('',#1844,#1715,#150,.F.);
#1456=EDGE_CURVE('',#1845,#1844,#151,.F.);
#1457=EDGE_CURVE('',#1726,#1845,#152,.T.);
#1458=EDGE_CURVE('',#1818,#1727,#153,.F.);
#1459=EDGE_CURVE('',#1846,#1708,#154,.F.);
#1460=EDGE_CURVE('',#1817,#1846,#2173,.T.);
#1461=EDGE_CURVE('',#1847,#1847,#155,.T.);
#1462=EDGE_CURVE('',#1848,#1849,#2174,.T.);
#1463=EDGE_CURVE('',#1850,#1848,#29,.T.);
#1464=EDGE_CURVE('',#1851,#1850,#30,.T.);
#1465=EDGE_CURVE('',#1852,#1851,#156,.T.);
#1466=EDGE_CURVE('',#1776,#1852,#157,.T.);
#1467=EDGE_CURVE('',#1853,#1782,#158,.F.);
#1468=EDGE_CURVE('',#1854,#1853,#2175,.T.);
#1469=EDGE_CURVE('',#1855,#1854,#2176,.T.);
#1470=EDGE_CURVE('',#1790,#1855,#2177,.T.);
#1471=EDGE_CURVE('',#1856,#1787,#159,.T.);
#1472=EDGE_CURVE('',#1857,#1856,#160,.T.);
#1473=EDGE_CURVE('',#1725,#1857,#161,.T.);
#1474=EDGE_CURVE('',#1858,#1724,#162,.F.);
#1475=EDGE_CURVE('',#1859,#1858,#163,.T.);
#1476=EDGE_CURVE('',#1721,#1859,#164,.T.);
#1477=EDGE_CURVE('',#1860,#1720,#165,.F.);
#1478=EDGE_CURVE('',#1861,#1860,#166,.T.);
#1479=EDGE_CURVE('',#1805,#1861,#167,.T.);
#1480=EDGE_CURVE('',#1862,#1803,#2178,.F.);
#1481=EDGE_CURVE('',#1863,#1862,#2179,.T.);
#1482=EDGE_CURVE('',#1864,#1863,#2180,.T.);
#1483=EDGE_CURVE('',#1771,#1864,#168,.F.);
#1484=EDGE_CURVE('',#1865,#1779,#169,.T.);
#1485=EDGE_CURVE('',#1866,#1865,#170,.F.);
#1486=EDGE_CURVE('',#1867,#1866,#31,.T.);
#1487=EDGE_CURVE('',#1868,#1867,#32,.T.);
#1488=EDGE_CURVE('',#1869,#1868,#2181,.T.);
#1489=EDGE_CURVE('',#1870,#1869,#33,.T.);
#1490=EDGE_CURVE('',#1871,#1870,#2182,.T.);
#1491=EDGE_CURVE('',#1807,#1871,#171,.T.);
#1492=EDGE_CURVE('',#1872,#1846,#172,.T.);
#1493=EDGE_CURVE('',#1729,#1872,#173,.T.);
#1494=EDGE_CURVE('',#1873,#1728,#174,.F.);
#1495=EDGE_CURVE('',#1874,#1873,#175,.T.);
#1496=EDGE_CURVE('',#1717,#1874,#176,.T.);
#1497=EDGE_CURVE('',#1875,#1716,#177,.F.);
#1498=EDGE_CURVE('',#1876,#1875,#178,.T.);
#1499=EDGE_CURVE('',#1713,#1876,#179,.T.);
#1500=EDGE_CURVE('',#1877,#1712,#180,.F.);
#1501=EDGE_CURVE('',#1878,#1877,#181,.T.);
#1502=EDGE_CURVE('',#1879,#1878,#2183,.F.);
#1503=EDGE_CURVE('',#1849,#1879,#34,.T.);
#1504=EDGE_CURVE('',#1876,#1842,#2184,.T.);
#1505=EDGE_CURVE('',#1841,#1877,#2185,.T.);
#1506=EDGE_CURVE('',#1874,#1844,#2186,.T.);
#1507=EDGE_CURVE('',#1843,#1875,#2187,.T.);
#1508=EDGE_CURVE('',#1859,#1880,#2188,.T.);
#1509=EDGE_CURVE('',#1880,#1719,#182,.F.);
#1510=EDGE_CURVE('',#1881,#1882,#2189,.T.);
#1511=EDGE_CURVE('',#1883,#1881,#2190,.F.);
#1512=EDGE_CURVE('',#1884,#1883,#2191,.F.);
#1513=EDGE_CURVE('',#1882,#1884,#2192,.T.);
#1514=EDGE_CURVE('',#1885,#1886,#183,.F.);
#1515=EDGE_CURVE('',#1887,#1885,#184,.F.);
#1516=EDGE_CURVE('',#1888,#1887,#2193,.F.);
#1517=EDGE_CURVE('',#1889,#1888,#185,.F.);
#1518=EDGE_CURVE('',#1890,#1889,#2194,.F.);
#1519=EDGE_CURVE('',#1891,#1890,#186,.F.);
#1520=EDGE_CURVE('',#1892,#1891,#2195,.T.);
#1521=EDGE_CURVE('',#1893,#1892,#187,.F.);
#1522=EDGE_CURVE('',#1894,#1893,#188,.F.);
#1523=EDGE_CURVE('',#1718,#1894,#189,.T.);
#1524=EDGE_CURVE('',#1895,#1880,#190,.F.);
#1525=EDGE_CURVE('',#1722,#1895,#191,.T.);
#1526=EDGE_CURVE('',#1886,#1723,#192,.F.);
#1527=EDGE_CURVE('',#1894,#1860,#2196,.T.);
#1528=EDGE_CURVE('',#1857,#1886,#2197,.T.);
#1529=EDGE_CURVE('',#1895,#1858,#2198,.T.);
#1530=EDGE_CURVE('',#1872,#1818,#2199,.T.);
#1531=EDGE_CURVE('',#1845,#1873,#2200,.T.);
#1532=EDGE_CURVE('',#1881,#1754,#2201,.T.);
#1533=EDGE_CURVE('',#1755,#1882,#2202,.F.);
#1534=EDGE_CURVE('',#1883,#1756,#2203,.T.);
#1535=EDGE_CURVE('',#1884,#1757,#2204,.F.);
#1536=EDGE_CURVE('',#1813,#1758,#2205,.F.);
#1537=EDGE_CURVE('',#1759,#1814,#2206,.T.);
#1538=EDGE_CURVE('',#1815,#1760,#2207,.F.);
#1539=EDGE_CURVE('',#1816,#1761,#2208,.T.);
#1540=EDGE_CURVE('',#1829,#1762,#2209,.T.);
#1541=EDGE_CURVE('',#1763,#1828,#2210,.F.);
#1542=EDGE_CURVE('',#1830,#1764,#2211,.F.);
#1543=EDGE_CURVE('',#1831,#1765,#2212,.T.);
#1544=EDGE_CURVE('',#1896,#1827,#2213,.F.);
#1545=EDGE_CURVE('',#1897,#1896,#2214,.F.);
#1546=EDGE_CURVE('',#1832,#1897,#2215,.T.);
#1547=EDGE_CURVE('',#1812,#1766,#2216,.F.);
#1548=EDGE_CURVE('',#1767,#1811,#2217,.T.);
#1549=EDGE_CURVE('',#1810,#1768,#2218,.T.);
#1550=EDGE_CURVE('',#1809,#1769,#2219,.T.);
#1551=EDGE_CURVE('',#1773,#1898,#193,.T.);
#1552=EDGE_CURVE('',#1898,#1785,#2220,.T.);
#1553=EDGE_CURVE('',#1863,#1773,#194,.F.);
#1554=EDGE_CURVE('',#1772,#1864,#35,.F.);
#1555=EDGE_CURVE('',#1899,#1896,#2221,.T.);
#1556=EDGE_CURVE('',#1900,#1899,#195,.F.);
#1557=EDGE_CURVE('',#1778,#1900,#196,.F.);
#1558=EDGE_CURVE('',#1901,#1777,#197,.F.);
#1559=EDGE_CURVE('',#1902,#1901,#198,.T.);
#1560=EDGE_CURVE('',#1897,#1902,#2222,.F.);
#1561=EDGE_CURVE('',#1781,#1853,#36,.F.);
#1562=EDGE_CURVE('',#1780,#1854,#199,.F.);
#1563=EDGE_CURVE('',#1784,#1903,#2223,.F.);
#1564=EDGE_CURVE('',#1903,#1780,#200,.T.);
#1565=EDGE_CURVE('',#1898,#1904,#2224,.T.);
#1566=EDGE_CURVE('',#1904,#1890,#2225,.T.);
#1567=EDGE_CURVE('',#1889,#1905,#2226,.F.);
#1568=EDGE_CURVE('',#1905,#1903,#2227,.T.);
#1569=EDGE_CURVE('',#1790,#1906,#2228,.F.);
#1570=EDGE_CURVE('',#1906,#1787,#201,.F.);
#1571=EDGE_CURVE('',#1805,#1907,#202,.F.);
#1572=EDGE_CURVE('',#1907,#1803,#2229,.T.);
#1573=EDGE_CURVE('',#1908,#1908,#203,.T.);
#1574=EDGE_CURVE('',#1819,#1871,#2230,.T.);
#1575=EDGE_CURVE('',#1909,#1870,#37,.T.);
#1576=EDGE_CURVE('',#1820,#1909,#2231,.F.);
#1577=EDGE_CURVE('',#1910,#1821,#2232,.F.);
#1578=EDGE_CURVE('',#1909,#1910,#204,.F.);
#1579=EDGE_CURVE('',#1822,#1911,#2233,.T.);
#1580=EDGE_CURVE('',#1911,#1910,#2234,.F.);
#1581=EDGE_CURVE('',#1911,#1912,#205,.F.);
#1582=EDGE_CURVE('',#1912,#1823,#2235,.F.);
#1583=EDGE_CURVE('',#1912,#1913,#206,.F.);
#1584=EDGE_CURVE('',#1913,#1824,#2236,.F.);
#1585=EDGE_CURVE('',#1899,#1826,#2237,.T.);
#1586=EDGE_CURVE('',#1833,#1902,#2238,.T.);
#1587=EDGE_CURVE('',#1835,#1914,#2239,.T.);
#1588=EDGE_CURVE('',#1914,#1915,#207,.F.);
#1589=EDGE_CURVE('',#1915,#1836,#2240,.F.);
#1590=EDGE_CURVE('',#1915,#1916,#208,.F.);
#1591=EDGE_CURVE('',#1916,#1837,#2241,.F.);
#1592=EDGE_CURVE('',#1838,#1917,#2242,.T.);
#1593=EDGE_CURVE('',#1917,#1916,#2243,.F.);
#1594=EDGE_CURVE('',#1917,#1918,#209,.F.);
#1595=EDGE_CURVE('',#1918,#1839,#2244,.F.);
#1596=EDGE_CURVE('',#1879,#1918,#38,.T.);
#1597=EDGE_CURVE('',#1840,#1878,#2245,.T.);
#1598=EDGE_CURVE('',#1849,#1917,#210,.F.);
#1599=EDGE_CURVE('',#1848,#1916,#211,.F.);
#1600=EDGE_CURVE('',#1850,#1915,#212,.F.);
#1601=EDGE_CURVE('',#1919,#1914,#39,.F.);
#1602=EDGE_CURVE('',#1851,#1919,#40,.T.);
#1603=EDGE_CURVE('',#1901,#1852,#2246,.T.);
#1604=EDGE_CURVE('',#1855,#1888,#2247,.F.);
#1605=EDGE_CURVE('',#1887,#1906,#2248,.T.);
#1606=EDGE_CURVE('',#1885,#1856,#2249,.T.);
#1607=EDGE_CURVE('',#1861,#1893,#2250,.F.);
#1608=EDGE_CURVE('',#1907,#1892,#2251,.F.);
#1609=EDGE_CURVE('',#1891,#1862,#2252,.T.);
#1610=EDGE_CURVE('',#1865,#1900,#2253,.F.);
#1611=EDGE_CURVE('',#1920,#1866,#41,.T.);
#1612=EDGE_CURVE('',#1913,#1920,#42,.F.);
#1613=EDGE_CURVE('',#1867,#1912,#213,.F.);
#1614=EDGE_CURVE('',#1868,#1911,#214,.F.);
#1615=EDGE_CURVE('',#1869,#1910,#215,.F.);
#1616=EDGE_CURVE('',#1855,#1905,#47,.F.);
#1617=EDGE_CURVE('',#1904,#1862,#48,.T.);
#1618=EDGE_CURVE('',#1863,#1898,#216,.F.);
#1619=EDGE_CURVE('',#1903,#1854,#217,.T.);
#1620=EDGE_CURVE('',#1825,#1920,#2254,.T.);
#1621=EDGE_CURVE('',#1919,#1834,#2255,.T.);
#1622=VERTEX_POINT('',#4526);
#1623=VERTEX_POINT('',#4527);
#1624=VERTEX_POINT('',#4529);
#1625=VERTEX_POINT('',#4531);
#1626=VERTEX_POINT('',#4534);
#1627=VERTEX_POINT('',#4535);
#1628=VERTEX_POINT('',#4537);
#1629=VERTEX_POINT('',#4539);
#1630=VERTEX_POINT('',#4542);
#1631=VERTEX_POINT('',#4543);
#1632=VERTEX_POINT('',#4545);
#1633=VERTEX_POINT('',#4547);
#1634=VERTEX_POINT('',#4550);
#1635=VERTEX_POINT('',#4551);
#1636=VERTEX_POINT('',#4553);
#1637=VERTEX_POINT('',#4555);
#1638=VERTEX_POINT('',#4558);
#1639=VERTEX_POINT('',#4560);
#1640=VERTEX_POINT('',#4562);
#1641=VERTEX_POINT('',#4564);
#1642=VERTEX_POINT('',#4566);
#1643=VERTEX_POINT('',#4568);
#1644=VERTEX_POINT('',#4570);
#1645=VERTEX_POINT('',#4572);
#1646=VERTEX_POINT('',#4573);
#1647=VERTEX_POINT('',#4575);
#1648=VERTEX_POINT('',#4577);
#1649=VERTEX_POINT('',#4580);
#1650=VERTEX_POINT('',#4581);
#1651=VERTEX_POINT('',#4583);
#1652=VERTEX_POINT('',#4585);
#1653=VERTEX_POINT('',#4588);
#1654=VERTEX_POINT('',#4589);
#1655=VERTEX_POINT('',#4591);
#1656=VERTEX_POINT('',#4593);
#1657=VERTEX_POINT('',#4596);
#1658=VERTEX_POINT('',#4597);
#1659=VERTEX_POINT('',#4599);
#1660=VERTEX_POINT('',#4601);
#1661=VERTEX_POINT('',#4604);
#1662=VERTEX_POINT('',#4605);
#1663=VERTEX_POINT('',#4607);
#1664=VERTEX_POINT('',#4609);
#1665=VERTEX_POINT('',#4612);
#1666=VERTEX_POINT('',#4613);
#1667=VERTEX_POINT('',#4615);
#1668=VERTEX_POINT('',#4617);
#1669=VERTEX_POINT('',#4620);
#1670=VERTEX_POINT('',#4621);
#1671=VERTEX_POINT('',#4623);
#1672=VERTEX_POINT('',#4625);
#1673=VERTEX_POINT('',#4628);
#1674=VERTEX_POINT('',#4629);
#1675=VERTEX_POINT('',#4631);
#1676=VERTEX_POINT('',#4633);
#1677=VERTEX_POINT('',#4636);
#1678=VERTEX_POINT('',#4637);
#1679=VERTEX_POINT('',#4639);
#1680=VERTEX_POINT('',#4641);
#1681=VERTEX_POINT('',#4644);
#1682=VERTEX_POINT('',#4645);
#1683=VERTEX_POINT('',#4647);
#1684=VERTEX_POINT('',#4649);
#1685=VERTEX_POINT('',#4652);
#1686=VERTEX_POINT('',#4653);
#1687=VERTEX_POINT('',#4655);
#1688=VERTEX_POINT('',#4657);
#1689=VERTEX_POINT('',#4661);
#1690=VERTEX_POINT('',#4662);
#1691=VERTEX_POINT('',#4667);
#1692=VERTEX_POINT('',#4671);
#1693=VERTEX_POINT('',#4677);
#1694=VERTEX_POINT('',#4679);
#1695=VERTEX_POINT('',#4683);
#1696=VERTEX_POINT('',#4687);
#1697=VERTEX_POINT('',#4693);
#1698=VERTEX_POINT('',#4694);
#1699=VERTEX_POINT('',#4699);
#1700=VERTEX_POINT('',#4703);
#1701=VERTEX_POINT('',#4709);
#1702=VERTEX_POINT('',#4710);
#1703=VERTEX_POINT('',#4715);
#1704=VERTEX_POINT('',#4719);
#1705=VERTEX_POINT('',#4725);
#1706=VERTEX_POINT('',#4728);
#1707=VERTEX_POINT('',#4729);
#1708=VERTEX_POINT('',#4731);
#1709=VERTEX_POINT('',#4733);
#1710=VERTEX_POINT('',#4737);
#1711=VERTEX_POINT('',#4738);
#1712=VERTEX_POINT('',#4740);
#1713=VERTEX_POINT('',#4742);
#1714=VERTEX_POINT('',#4746);
#1715=VERTEX_POINT('',#4747);
#1716=VERTEX_POINT('',#4749);
#1717=VERTEX_POINT('',#4751);
#1718=VERTEX_POINT('',#4755);
#1719=VERTEX_POINT('',#4756);
#1720=VERTEX_POINT('',#4758);
#1721=VERTEX_POINT('',#4760);
#1722=VERTEX_POINT('',#4764);
#1723=VERTEX_POINT('',#4765);
#1724=VERTEX_POINT('',#4767);
#1725=VERTEX_POINT('',#4769);
#1726=VERTEX_POINT('',#4773);
#1727=VERTEX_POINT('',#4774);
#1728=VERTEX_POINT('',#4776);
#1729=VERTEX_POINT('',#4778);
#1730=VERTEX_POINT('',#4782);
#1731=VERTEX_POINT('',#4784);
#1732=VERTEX_POINT('',#4788);
#1733=VERTEX_POINT('',#4792);
#1734=VERTEX_POINT('',#4798);
#1735=VERTEX_POINT('',#4800);
#1736=VERTEX_POINT('',#4804);
#1737=VERTEX_POINT('',#4808);
#1738=VERTEX_POINT('',#4814);
#1739=VERTEX_POINT('',#4816);
#1740=VERTEX_POINT('',#4820);
#1741=VERTEX_POINT('',#4824);
#1742=VERTEX_POINT('',#4830);
#1743=VERTEX_POINT('',#4832);
#1744=VERTEX_POINT('',#4836);
#1745=VERTEX_POINT('',#4840);
#1746=VERTEX_POINT('',#4846);
#1747=VERTEX_POINT('',#4848);
#1748=VERTEX_POINT('',#4852);
#1749=VERTEX_POINT('',#4856);
#1750=VERTEX_POINT('',#4862);
#1751=VERTEX_POINT('',#4864);
#1752=VERTEX_POINT('',#4868);
#1753=VERTEX_POINT('',#4872);
#1754=VERTEX_POINT('',#4878);
#1755=VERTEX_POINT('',#4880);
#1756=VERTEX_POINT('',#4884);
#1757=VERTEX_POINT('',#4888);
#1758=VERTEX_POINT('',#4894);
#1759=VERTEX_POINT('',#4895);
#1760=VERTEX_POINT('',#4900);
#1761=VERTEX_POINT('',#4904);
#1762=VERTEX_POINT('',#4910);
#1763=VERTEX_POINT('',#4911);
#1764=VERTEX_POINT('',#4916);
#1765=VERTEX_POINT('',#4920);
#1766=VERTEX_POINT('',#4926);
#1767=VERTEX_POINT('',#4927);
#1768=VERTEX_POINT('',#4932);
#1769=VERTEX_POINT('',#4936);
#1770=VERTEX_POINT('',#4942);
#1771=VERTEX_POINT('',#4944);
#1772=VERTEX_POINT('',#4946);
#1773=VERTEX_POINT('',#4948);
#1774=VERTEX_POINT('',#4950);
#1775=VERTEX_POINT('',#4954);
#1776=VERTEX_POINT('',#4956);
#1777=VERTEX_POINT('',#4958);
#1778=VERTEX_POINT('',#4960);
#1779=VERTEX_POINT('',#4962);
#1780=VERTEX_POINT('',#4966);
#1781=VERTEX_POINT('',#4967);
#1782=VERTEX_POINT('',#4969);
#1783=VERTEX_POINT('',#4972);
#1784=VERTEX_POINT('',#4976);
#1785=VERTEX_POINT('',#4978);
#1786=VERTEX_POINT('',#4982);
#1787=VERTEX_POINT('',#4984);
#1788=VERTEX_POINT('',#4986);
#1789=VERTEX_POINT('',#4990);
#1790=VERTEX_POINT('',#4992);
#1791=VERTEX_POINT('',#4996);
#1792=VERTEX_POINT('',#5002);
#1793=VERTEX_POINT('',#5004);
#1794=VERTEX_POINT('',#5008);
#1795=VERTEX_POINT('',#5012);
#1796=VERTEX_POINT('',#5018);
#1797=VERTEX_POINT('',#5020);
#1798=VERTEX_POINT('',#5024);
#1799=VERTEX_POINT('',#5028);
#1800=VERTEX_POINT('',#5034);
#1801=VERTEX_POINT('',#5036);
#1802=VERTEX_POINT('',#5040);
#1803=VERTEX_POINT('',#5042);
#1804=VERTEX_POINT('',#5046);
#1805=VERTEX_POINT('',#5048);
#1806=VERTEX_POINT('',#5054);
#1807=VERTEX_POINT('',#5057);
#1808=VERTEX_POINT('',#5059);
#1809=VERTEX_POINT('',#5063);
#1810=VERTEX_POINT('',#5064);
#1811=VERTEX_POINT('',#5066);
#1812=VERTEX_POINT('',#5068);
#1813=VERTEX_POINT('',#5071);
#1814=VERTEX_POINT('',#5072);
#1815=VERTEX_POINT('',#5074);
#1816=VERTEX_POINT('',#5076);
#1817=VERTEX_POINT('',#5079);
#1818=VERTEX_POINT('',#5080);
#1819=VERTEX_POINT('',#5083);
#1820=VERTEX_POINT('',#5085);
#1821=VERTEX_POINT('',#5087);
#1822=VERTEX_POINT('',#5089);
#1823=VERTEX_POINT('',#5091);
#1824=VERTEX_POINT('',#5093);
#1825=VERTEX_POINT('',#5095);
#1826=VERTEX_POINT('',#5097);
#1827=VERTEX_POINT('',#5099);
#1828=VERTEX_POINT('',#5101);
#1829=VERTEX_POINT('',#5103);
#1830=VERTEX_POINT('',#5105);
#1831=VERTEX_POINT('',#5107);
#1832=VERTEX_POINT('',#5109);
#1833=VERTEX_POINT('',#5111);
#1834=VERTEX_POINT('',#5113);
#1835=VERTEX_POINT('',#5115);
#1836=VERTEX_POINT('',#5117);
#1837=VERTEX_POINT('',#5119);
#1838=VERTEX_POINT('',#5121);
#1839=VERTEX_POINT('',#5123);
#1840=VERTEX_POINT('',#5125);
#1841=VERTEX_POINT('',#5127);
#1842=VERTEX_POINT('',#5130);
#1843=VERTEX_POINT('',#5132);
#1844=VERTEX_POINT('',#5135);
#1845=VERTEX_POINT('',#5137);
#1846=VERTEX_POINT('',#5142);
#1847=VERTEX_POINT('',#5146);
#1848=VERTEX_POINT('',#5148);
#1849=VERTEX_POINT('',#5149);
#1850=VERTEX_POINT('',#5173);
#1851=VERTEX_POINT('',#5179);
#1852=VERTEX_POINT('',#5181);
#1853=VERTEX_POINT('',#5184);
#1854=VERTEX_POINT('',#5186);
#1855=VERTEX_POINT('',#5188);
#1856=VERTEX_POINT('',#5191);
#1857=VERTEX_POINT('',#5193);
#1858=VERTEX_POINT('',#5196);
#1859=VERTEX_POINT('',#5198);
#1860=VERTEX_POINT('',#5201);
#1861=VERTEX_POINT('',#5203);
#1862=VERTEX_POINT('',#5206);
#1863=VERTEX_POINT('',#5208);
#1864=VERTEX_POINT('',#5210);
#1865=VERTEX_POINT('',#5213);
#1866=VERTEX_POINT('',#5215);
#1867=VERTEX_POINT('',#5221);
#1868=VERTEX_POINT('',#5245);
#1869=VERTEX_POINT('',#5247);
#1870=VERTEX_POINT('',#5253);
#1871=VERTEX_POINT('',#5255);
#1872=VERTEX_POINT('',#5258);
#1873=VERTEX_POINT('',#5261);
#1874=VERTEX_POINT('',#5263);
#1875=VERTEX_POINT('',#5266);
#1876=VERTEX_POINT('',#5268);
#1877=VERTEX_POINT('',#5271);
#1878=VERTEX_POINT('',#5273);
#1879=VERTEX_POINT('',#5275);
#1880=VERTEX_POINT('',#5291);
#1881=VERTEX_POINT('',#5295);
#1882=VERTEX_POINT('',#5296);
#1883=VERTEX_POINT('',#5298);
#1884=VERTEX_POINT('',#5300);
#1885=VERTEX_POINT('',#5303);
#1886=VERTEX_POINT('',#5304);
#1887=VERTEX_POINT('',#5306);
#1888=VERTEX_POINT('',#5308);
#1889=VERTEX_POINT('',#5310);
#1890=VERTEX_POINT('',#5312);
#1891=VERTEX_POINT('',#5314);
#1892=VERTEX_POINT('',#5316);
#1893=VERTEX_POINT('',#5318);
#1894=VERTEX_POINT('',#5320);
#1895=VERTEX_POINT('',#5323);
#1896=VERTEX_POINT('',#5361);
#1897=VERTEX_POINT('',#5363);
#1898=VERTEX_POINT('',#5375);
#1899=VERTEX_POINT('',#5387);
#1900=VERTEX_POINT('',#5389);
#1901=VERTEX_POINT('',#5392);
#1902=VERTEX_POINT('',#5394);
#1903=VERTEX_POINT('',#5406);
#1904=VERTEX_POINT('',#5410);
#1905=VERTEX_POINT('',#5413);
#1906=VERTEX_POINT('',#5417);
#1907=VERTEX_POINT('',#5421);
#1908=VERTEX_POINT('',#5425);
#1909=VERTEX_POINT('',#5435);
#1910=VERTEX_POINT('',#5439);
#1911=VERTEX_POINT('',#5443);
#1912=VERTEX_POINT('',#5447);
#1913=VERTEX_POINT('',#5451);
#1914=VERTEX_POINT('',#5459);
#1915=VERTEX_POINT('',#5461);
#1916=VERTEX_POINT('',#5465);
#1917=VERTEX_POINT('',#5469);
#1918=VERTEX_POINT('',#5473);
#1919=VERTEX_POINT('',#5500);
#1920=VERTEX_POINT('',#5525);
#1921=LINE('',#4525,#2256);
#1922=LINE('',#4528,#2257);
#1923=LINE('',#4530,#2258);
#1924=LINE('',#4532,#2259);
#1925=LINE('',#4533,#2260);
#1926=LINE('',#4536,#2261);
#1927=LINE('',#4538,#2262);
#1928=LINE('',#4540,#2263);
#1929=LINE('',#4541,#2264);
#1930=LINE('',#4544,#2265);
#1931=LINE('',#4546,#2266);
#1932=LINE('',#4548,#2267);
#1933=LINE('',#4549,#2268);
#1934=LINE('',#4552,#2269);
#1935=LINE('',#4554,#2270);
#1936=LINE('',#4556,#2271);
#1937=LINE('',#4571,#2272);
#1938=LINE('',#4574,#2273);
#1939=LINE('',#4576,#2274);
#1940=LINE('',#4578,#2275);
#1941=LINE('',#4579,#2276);
#1942=LINE('',#4582,#2277);
#1943=LINE('',#4584,#2278);
#1944=LINE('',#4586,#2279);
#1945=LINE('',#4587,#2280);
#1946=LINE('',#4590,#2281);
#1947=LINE('',#4592,#2282);
#1948=LINE('',#4594,#2283);
#1949=LINE('',#4595,#2284);
#1950=LINE('',#4598,#2285);
#1951=LINE('',#4600,#2286);
#1952=LINE('',#4602,#2287);
#1953=LINE('',#4603,#2288);
#1954=LINE('',#4606,#2289);
#1955=LINE('',#4608,#2290);
#1956=LINE('',#4610,#2291);
#1957=LINE('',#4611,#2292);
#1958=LINE('',#4614,#2293);
#1959=LINE('',#4616,#2294);
#1960=LINE('',#4618,#2295);
#1961=LINE('',#4619,#2296);
#1962=LINE('',#4622,#2297);
#1963=LINE('',#4624,#2298);
#1964=LINE('',#4626,#2299);
#1965=LINE('',#4627,#2300);
#1966=LINE('',#4630,#2301);
#1967=LINE('',#4632,#2302);
#1968=LINE('',#4634,#2303);
#1969=LINE('',#4635,#2304);
#1970=LINE('',#4638,#2305);
#1971=LINE('',#4640,#2306);
#1972=LINE('',#4642,#2307);
#1973=LINE('',#4643,#2308);
#1974=LINE('',#4646,#2309);
#1975=LINE('',#4648,#2310);
#1976=LINE('',#4650,#2311);
#1977=LINE('',#4654,#2312);
#1978=LINE('',#4656,#2313);
#1979=LINE('',#4658,#2314);
#1980=LINE('',#4660,#2315);
#1981=LINE('',#4663,#2316);
#1982=LINE('',#4664,#2317);
#1983=LINE('',#4666,#2318);
#1984=LINE('',#4668,#2319);
#1985=LINE('',#4670,#2320);
#1986=LINE('',#4672,#2321);
#1987=LINE('',#4674,#2322);
#1988=LINE('',#4676,#2323);
#1989=LINE('',#4678,#2324);
#1990=LINE('',#4680,#2325);
#1991=LINE('',#4682,#2326);
#1992=LINE('',#4684,#2327);
#1993=LINE('',#4686,#2328);
#1994=LINE('',#4688,#2329);
#1995=LINE('',#4690,#2330);
#1996=LINE('',#4692,#2331);
#1997=LINE('',#4695,#2332);
#1998=LINE('',#4696,#2333);
#1999=LINE('',#4698,#2334);
#2000=LINE('',#4700,#2335);
#2001=LINE('',#4702,#2336);
#2002=LINE('',#4704,#2337);
#2003=LINE('',#4706,#2338);
#2004=LINE('',#4708,#2339);
#2005=LINE('',#4711,#2340);
#2006=LINE('',#4712,#2341);
#2007=LINE('',#4714,#2342);
#2008=LINE('',#4716,#2343);
#2009=LINE('',#4718,#2344);
#2010=LINE('',#4720,#2345);
#2011=LINE('',#4722,#2346);
#2012=LINE('',#4730,#2347);
#2013=LINE('',#4734,#2348);
#2014=LINE('',#4739,#2349);
#2015=LINE('',#4743,#2350);
#2016=LINE('',#4748,#2351);
#2017=LINE('',#4752,#2352);
#2018=LINE('',#4757,#2353);
#2019=LINE('',#4761,#2354);
#2020=LINE('',#4766,#2355);
#2021=LINE('',#4770,#2356);
#2022=LINE('',#4775,#2357);
#2023=LINE('',#4779,#2358);
#2024=LINE('',#4781,#2359);
#2025=LINE('',#4783,#2360);
#2026=LINE('',#4785,#2361);
#2027=LINE('',#4787,#2362);
#2028=LINE('',#4789,#2363);
#2029=LINE('',#4791,#2364);
#2030=LINE('',#4793,#2365);
#2031=LINE('',#4795,#2366);
#2032=LINE('',#4797,#2367);
#2033=LINE('',#4799,#2368);
#2034=LINE('',#4801,#2369);
#2035=LINE('',#4803,#2370);
#2036=LINE('',#4805,#2371);
#2037=LINE('',#4807,#2372);
#2038=LINE('',#4809,#2373);
#2039=LINE('',#4811,#2374);
#2040=LINE('',#4813,#2375);
#2041=LINE('',#4815,#2376);
#2042=LINE('',#4817,#2377);
#2043=LINE('',#4819,#2378);
#2044=LINE('',#4821,#2379);
#2045=LINE('',#4823,#2380);
#2046=LINE('',#4825,#2381);
#2047=LINE('',#4827,#2382);
#2048=LINE('',#4829,#2383);
#2049=LINE('',#4831,#2384);
#2050=LINE('',#4833,#2385);
#2051=LINE('',#4835,#2386);
#2052=LINE('',#4837,#2387);
#2053=LINE('',#4839,#2388);
#2054=LINE('',#4841,#2389);
#2055=LINE('',#4843,#2390);
#2056=LINE('',#4845,#2391);
#2057=LINE('',#4847,#2392);
#2058=LINE('',#4849,#2393);
#2059=LINE('',#4851,#2394);
#2060=LINE('',#4853,#2395);
#2061=LINE('',#4855,#2396);
#2062=LINE('',#4857,#2397);
#2063=LINE('',#4859,#2398);
#2064=LINE('',#4861,#2399);
#2065=LINE('',#4863,#2400);
#2066=LINE('',#4865,#2401);
#2067=LINE('',#4867,#2402);
#2068=LINE('',#4869,#2403);
#2069=LINE('',#4871,#2404);
#2070=LINE('',#4873,#2405);
#2071=LINE('',#4875,#2406);
#2072=LINE('',#4877,#2407);
#2073=LINE('',#4879,#2408);
#2074=LINE('',#4881,#2409);
#2075=LINE('',#4883,#2410);
#2076=LINE('',#4885,#2411);
#2077=LINE('',#4887,#2412);
#2078=LINE('',#4889,#2413);
#2079=LINE('',#4891,#2414);
#2080=LINE('',#4893,#2415);
#2081=LINE('',#4896,#2416);
#2082=LINE('',#4897,#2417);
#2083=LINE('',#4899,#2418);
#2084=LINE('',#4901,#2419);
#2085=LINE('',#4903,#2420);
#2086=LINE('',#4905,#2421);
#2087=LINE('',#4907,#2422);
#2088=LINE('',#4909,#2423);
#2089=LINE('',#4912,#2424);
#2090=LINE('',#4913,#2425);
#2091=LINE('',#4915,#2426);
#2092=LINE('',#4917,#2427);
#2093=LINE('',#4919,#2428);
#2094=LINE('',#4921,#2429);
#2095=LINE('',#4923,#2430);
#2096=LINE('',#4925,#2431);
#2097=LINE('',#4928,#2432);
#2098=LINE('',#4929,#2433);
#2099=LINE('',#4931,#2434);
#2100=LINE('',#4933,#2435);
#2101=LINE('',#4935,#2436);
#2102=LINE('',#4937,#2437);
#2103=LINE('',#4939,#2438);
#2104=LINE('',#4941,#2439);
#2105=LINE('',#4943,#2440);
#2106=LINE('',#4945,#2441);
#2107=LINE('',#4947,#2442);
#2108=LINE('',#4949,#2443);
#2109=LINE('',#4953,#2444);
#2110=LINE('',#4957,#2445);
#2111=LINE('',#4961,#2446);
#2112=LINE('',#4965,#2447);
#2113=LINE('',#4968,#2448);
#2114=LINE('',#4970,#2449);
#2115=LINE('',#4973,#2450);
#2116=LINE('',#4979,#2451);
#2117=LINE('',#4981,#2452);
#2118=LINE('',#4983,#2453);
#2119=LINE('',#4985,#2454);
#2120=LINE('',#4987,#2455);
#2121=LINE('',#4989,#2456);
#2122=LINE('',#4991,#2457);
#2123=LINE('',#4993,#2458);
#2124=LINE('',#4995,#2459);
#2125=LINE('',#4997,#2460);
#2126=LINE('',#4999,#2461);
#2127=LINE('',#5001,#2462);
#2128=LINE('',#5003,#2463);
#2129=LINE('',#5005,#2464);
#2130=LINE('',#5007,#2465);
#2131=LINE('',#5009,#2466);
#2132=LINE('',#5011,#2467);
#2133=LINE('',#5013,#2468);
#2134=LINE('',#5015,#2469);
#2135=LINE('',#5017,#2470);
#2136=LINE('',#5019,#2471);
#2137=LINE('',#5021,#2472);
#2138=LINE('',#5023,#2473);
#2139=LINE('',#5025,#2474);
#2140=LINE('',#5027,#2475);
#2141=LINE('',#5029,#2476);
#2142=LINE('',#5031,#2477);
#2143=LINE('',#5033,#2478);
#2144=LINE('',#5035,#2479);
#2145=LINE('',#5037,#2480);
#2146=LINE('',#5039,#2481);
#2147=LINE('',#5041,#2482);
#2148=LINE('',#5043,#2483);
#2149=LINE('',#5045,#2484);
#2150=LINE('',#5047,#2485);
#2151=LINE('',#5049,#2486);
#2152=LINE('',#5051,#2487);
#2153=LINE('',#5058,#2488);
#2154=LINE('',#5062,#2489);
#2155=LINE('',#5065,#2490);
#2156=LINE('',#5067,#2491);
#2157=LINE('',#5069,#2492);
#2158=LINE('',#5070,#2493);
#2159=LINE('',#5073,#2494);
#2160=LINE('',#5075,#2495);
#2161=LINE('',#5077,#2496);
#2162=LINE('',#5084,#2497);
#2163=LINE('',#5088,#2498);
#2164=LINE('',#5098,#2499);
#2165=LINE('',#5100,#2500);
#2166=LINE('',#5102,#2501);
#2167=LINE('',#5104,#2502);
#2168=LINE('',#5106,#2503);
#2169=LINE('',#5108,#2504);
#2170=LINE('',#5110,#2505);
#2171=LINE('',#5120,#2506);
#2172=LINE('',#5124,#2507);
#2173=LINE('',#5143,#2508);
#2174=LINE('',#5147,#2509);
#2175=LINE('',#5185,#2510);
#2176=LINE('',#5187,#2511);
#2177=LINE('',#5189,#2512);
#2178=LINE('',#5205,#2513);
#2179=LINE('',#5207,#2514);
#2180=LINE('',#5209,#2515);
#2181=LINE('',#5246,#2516);
#2182=LINE('',#5254,#2517);
#2183=LINE('',#5274,#2518);
#2184=LINE('',#5282,#2519);
#2185=LINE('',#5284,#2520);
#2186=LINE('',#5286,#2521);
#2187=LINE('',#5288,#2522);
#2188=LINE('',#5290,#2523);
#2189=LINE('',#5294,#2524);
#2190=LINE('',#5297,#2525);
#2191=LINE('',#5299,#2526);
#2192=LINE('',#5301,#2527);
#2193=LINE('',#5307,#2528);
#2194=LINE('',#5311,#2529);
#2195=LINE('',#5315,#2530);
#2196=LINE('',#5327,#2531);
#2197=LINE('',#5329,#2532);
#2198=LINE('',#5331,#2533);
#2199=LINE('',#5333,#2534);
#2200=LINE('',#5335,#2535);
#2201=LINE('',#5337,#2536);
#2202=LINE('',#5338,#2537);
#2203=LINE('',#5340,#2538);
#2204=LINE('',#5342,#2539);
#2205=LINE('',#5345,#2540);
#2206=LINE('',#5346,#2541);
#2207=LINE('',#5348,#2542);
#2208=LINE('',#5350,#2543);
#2209=LINE('',#5353,#2544);
#2210=LINE('',#5354,#2545);
#2211=LINE('',#5356,#2546);
#2212=LINE('',#5358,#2547);
#2213=LINE('',#5360,#2548);
#2214=LINE('',#5362,#2549);
#2215=LINE('',#5364,#2550);
#2216=LINE('',#5366,#2551);
#2217=LINE('',#5367,#2552);
#2218=LINE('',#5369,#2553);
#2219=LINE('',#5371,#2554);
#2220=LINE('',#5376,#2555);
#2221=LINE('',#5386,#2556);
#2222=LINE('',#5395,#2557);
#2223=LINE('',#5405,#2558);
#2224=LINE('',#5409,#2559);
#2225=LINE('',#5411,#2560);
#2226=LINE('',#5412,#2561);
#2227=LINE('',#5414,#2562);
#2228=LINE('',#5416,#2563);
#2229=LINE('',#5422,#2564);
#2230=LINE('',#5427,#2565);
#2231=LINE('',#5436,#2566);
#2232=LINE('',#5438,#2567);
#2233=LINE('',#5442,#2568);
#2234=LINE('',#5444,#2569);
#2235=LINE('',#5448,#2570);
#2236=LINE('',#5452,#2571);
#2237=LINE('',#5454,#2572);
#2238=LINE('',#5456,#2573);
#2239=LINE('',#5458,#2574);
#2240=LINE('',#5462,#2575);
#2241=LINE('',#5466,#2576);
#2242=LINE('',#5468,#2577);
#2243=LINE('',#5470,#2578);
#2244=LINE('',#5474,#2579);
#2245=LINE('',#5481,#2580);
#2246=LINE('',#5506,#2581);
#2247=LINE('',#5508,#2582);
#2248=LINE('',#5509,#2583);
#2249=LINE('',#5511,#2584);
#2250=LINE('',#5514,#2585);
#2251=LINE('',#5516,#2586);
#2252=LINE('',#5517,#2587);
#2253=LINE('',#5519,#2588);
#2254=LINE('',#5552,#2589);
#2255=LINE('',#5555,#2590);
#2256=VECTOR('',#3608,1.);
#2257=VECTOR('',#3609,1.);
#2258=VECTOR('',#3610,1.);
#2259=VECTOR('',#3611,1.);
#2260=VECTOR('',#3612,1.);
#2261=VECTOR('',#3613,1.);
#2262=VECTOR('',#3614,1.);
#2263=VECTOR('',#3615,1.);
#2264=VECTOR('',#3616,1.);
#2265=VECTOR('',#3617,1.);
#2266=VECTOR('',#3618,1.);
#2267=VECTOR('',#3619,1.);
#2268=VECTOR('',#3620,1.);
#2269=VECTOR('',#3621,1.);
#2270=VECTOR('',#3622,1.);
#2271=VECTOR('',#3623,1.);
#2272=VECTOR('',#3638,1.);
#2273=VECTOR('',#3639,1.);
#2274=VECTOR('',#3640,1.);
#2275=VECTOR('',#3641,1.);
#2276=VECTOR('',#3642,1.);
#2277=VECTOR('',#3643,1.);
#2278=VECTOR('',#3644,1.);
#2279=VECTOR('',#3645,1.);
#2280=VECTOR('',#3646,1.);
#2281=VECTOR('',#3647,1.);
#2282=VECTOR('',#3648,1.);
#2283=VECTOR('',#3649,1.);
#2284=VECTOR('',#3650,1.);
#2285=VECTOR('',#3651,1.);
#2286=VECTOR('',#3652,1.);
#2287=VECTOR('',#3653,1.);
#2288=VECTOR('',#3654,1.);
#2289=VECTOR('',#3655,1.);
#2290=VECTOR('',#3656,1.);
#2291=VECTOR('',#3657,1.);
#2292=VECTOR('',#3658,1.);
#2293=VECTOR('',#3659,1.);
#2294=VECTOR('',#3660,1.);
#2295=VECTOR('',#3661,1.);
#2296=VECTOR('',#3662,1.);
#2297=VECTOR('',#3663,1.);
#2298=VECTOR('',#3664,1.);
#2299=VECTOR('',#3665,1.);
#2300=VECTOR('',#3666,1.);
#2301=VECTOR('',#3667,1.);
#2302=VECTOR('',#3668,1.);
#2303=VECTOR('',#3669,1.);
#2304=VECTOR('',#3670,1.);
#2305=VECTOR('',#3671,1.);
#2306=VECTOR('',#3672,1.);
#2307=VECTOR('',#3673,1.);
#2308=VECTOR('',#3674,1.);
#2309=VECTOR('',#3675,1.);
#2310=VECTOR('',#3676,1.);
#2311=VECTOR('',#3677,1.);
#2312=VECTOR('',#3680,1.);
#2313=VECTOR('',#3681,1.);
#2314=VECTOR('',#3682,1.);
#2315=VECTOR('',#3685,1.);
#2316=VECTOR('',#3686,1.);
#2317=VECTOR('',#3687,1.);
#2318=VECTOR('',#3690,1.);
#2319=VECTOR('',#3691,1.);
#2320=VECTOR('',#3694,1.);
#2321=VECTOR('',#3695,1.);
#2322=VECTOR('',#3698,1.);
#2323=VECTOR('',#3701,1.);
#2324=VECTOR('',#3702,1.);
#2325=VECTOR('',#3703,1.);
#2326=VECTOR('',#3706,1.);
#2327=VECTOR('',#3707,1.);
#2328=VECTOR('',#3710,1.);
#2329=VECTOR('',#3711,1.);
#2330=VECTOR('',#3714,1.);
#2331=VECTOR('',#3717,1.);
#2332=VECTOR('',#3718,1.);
#2333=VECTOR('',#3719,1.);
#2334=VECTOR('',#3722,1.);
#2335=VECTOR('',#3723,1.);
#2336=VECTOR('',#3726,1.);
#2337=VECTOR('',#3727,1.);
#2338=VECTOR('',#3730,1.);
#2339=VECTOR('',#3733,1.);
#2340=VECTOR('',#3734,1.);
#2341=VECTOR('',#3735,1.);
#2342=VECTOR('',#3738,1.);
#2343=VECTOR('',#3739,1.);
#2344=VECTOR('',#3742,1.);
#2345=VECTOR('',#3743,1.);
#2346=VECTOR('',#3746,1.);
#2347=VECTOR('',#3755,1.);
#2348=VECTOR('',#3758,1.);
#2349=VECTOR('',#3763,1.);
#2350=VECTOR('',#3766,1.);
#2351=VECTOR('',#3771,1.);
#2352=VECTOR('',#3774,1.);
#2353=VECTOR('',#3779,1.);
#2354=VECTOR('',#3782,1.);
#2355=VECTOR('',#3787,1.);
#2356=VECTOR('',#3790,1.);
#2357=VECTOR('',#3795,1.);
#2358=VECTOR('',#3798,1.);
#2359=VECTOR('',#3801,1.);
#2360=VECTOR('',#3802,1.);
#2361=VECTOR('',#3803,1.);
#2362=VECTOR('',#3806,1.);
#2363=VECTOR('',#3807,1.);
#2364=VECTOR('',#3810,1.);
#2365=VECTOR('',#3811,1.);
#2366=VECTOR('',#3814,1.);
#2367=VECTOR('',#3817,1.);
#2368=VECTOR('',#3818,1.);
#2369=VECTOR('',#3819,1.);
#2370=VECTOR('',#3822,1.);
#2371=VECTOR('',#3823,1.);
#2372=VECTOR('',#3826,1.);
#2373=VECTOR('',#3827,1.);
#2374=VECTOR('',#3830,1.);
#2375=VECTOR('',#3833,1.);
#2376=VECTOR('',#3834,1.);
#2377=VECTOR('',#3835,1.);
#2378=VECTOR('',#3838,1.);
#2379=VECTOR('',#3839,1.);
#2380=VECTOR('',#3842,1.);
#2381=VECTOR('',#3843,1.);
#2382=VECTOR('',#3846,1.);
#2383=VECTOR('',#3849,1.);
#2384=VECTOR('',#3850,1.);
#2385=VECTOR('',#3851,1.);
#2386=VECTOR('',#3854,1.);
#2387=VECTOR('',#3855,1.);
#2388=VECTOR('',#3858,1.);
#2389=VECTOR('',#3859,1.);
#2390=VECTOR('',#3862,1.);
#2391=VECTOR('',#3865,1.);
#2392=VECTOR('',#3866,1.);
#2393=VECTOR('',#3867,1.);
#2394=VECTOR('',#3870,1.);
#2395=VECTOR('',#3871,1.);
#2396=VECTOR('',#3874,1.);
#2397=VECTOR('',#3875,1.);
#2398=VECTOR('',#3878,1.);
#2399=VECTOR('',#3881,1.);
#2400=VECTOR('',#3882,1.);
#2401=VECTOR('',#3883,1.);
#2402=VECTOR('',#3886,1.);
#2403=VECTOR('',#3887,1.);
#2404=VECTOR('',#3890,1.);
#2405=VECTOR('',#3891,1.);
#2406=VECTOR('',#3894,1.);
#2407=VECTOR('',#3897,1.);
#2408=VECTOR('',#3898,1.);
#2409=VECTOR('',#3899,1.);
#2410=VECTOR('',#3902,1.);
#2411=VECTOR('',#3903,1.);
#2412=VECTOR('',#3906,1.);
#2413=VECTOR('',#3907,1.);
#2414=VECTOR('',#3910,1.);
#2415=VECTOR('',#3913,1.);
#2416=VECTOR('',#3914,1.);
#2417=VECTOR('',#3915,1.);
#2418=VECTOR('',#3918,1.);
#2419=VECTOR('',#3919,1.);
#2420=VECTOR('',#3922,1.);
#2421=VECTOR('',#3923,1.);
#2422=VECTOR('',#3926,1.);
#2423=VECTOR('',#3929,1.);
#2424=VECTOR('',#3930,1.);
#2425=VECTOR('',#3931,1.);
#2426=VECTOR('',#3934,1.);
#2427=VECTOR('',#3935,1.);
#2428=VECTOR('',#3938,1.);
#2429=VECTOR('',#3939,1.);
#2430=VECTOR('',#3942,1.);
#2431=VECTOR('',#3945,1.);
#2432=VECTOR('',#3946,1.);
#2433=VECTOR('',#3947,1.);
#2434=VECTOR('',#3950,1.);
#2435=VECTOR('',#3951,1.);
#2436=VECTOR('',#3954,1.);
#2437=VECTOR('',#3955,1.);
#2438=VECTOR('',#3958,1.);
#2439=VECTOR('',#3961,1.);
#2440=VECTOR('',#3962,1.);
#2441=VECTOR('',#3963,1.);
#2442=VECTOR('',#3964,1.);
#2443=VECTOR('',#3965,1.);
#2444=VECTOR('',#3970,1.);
#2445=VECTOR('',#3973,1.);
#2446=VECTOR('',#3976,1.);
#2447=VECTOR('',#3981,1.);
#2448=VECTOR('',#3982,1.);
#2449=VECTOR('',#3983,1.);
#2450=VECTOR('',#3986,1.);
#2451=VECTOR('',#3993,1.);
#2452=VECTOR('',#3996,1.);
#2453=VECTOR('',#3997,1.);
#2454=VECTOR('',#3998,1.);
#2455=VECTOR('',#3999,1.);
#2456=VECTOR('',#4002,1.);
#2457=VECTOR('',#4003,1.);
#2458=VECTOR('',#4004,1.);
#2459=VECTOR('',#4007,1.);
#2460=VECTOR('',#4008,1.);
#2461=VECTOR('',#4011,1.);
#2462=VECTOR('',#4014,1.);
#2463=VECTOR('',#4015,1.);
#2464=VECTOR('',#4016,1.);
#2465=VECTOR('',#4019,1.);
#2466=VECTOR('',#4020,1.);
#2467=VECTOR('',#4023,1.);
#2468=VECTOR('',#4024,1.);
#2469=VECTOR('',#4027,1.);
#2470=VECTOR('',#4030,1.);
#2471=VECTOR('',#4031,1.);
#2472=VECTOR('',#4032,1.);
#2473=VECTOR('',#4035,1.);
#2474=VECTOR('',#4036,1.);
#2475=VECTOR('',#4039,1.);
#2476=VECTOR('',#4040,1.);
#2477=VECTOR('',#4043,1.);
#2478=VECTOR('',#4046,1.);
#2479=VECTOR('',#4047,1.);
#2480=VECTOR('',#4048,1.);
#2481=VECTOR('',#4051,1.);
#2482=VECTOR('',#4052,1.);
#2483=VECTOR('',#4053,1.);
#2484=VECTOR('',#4056,1.);
#2485=VECTOR('',#4057,1.);
#2486=VECTOR('',#4058,1.);
#2487=VECTOR('',#4061,1.);
#2488=VECTOR('',#4070,1.);
#2489=VECTOR('',#4075,1.);
#2490=VECTOR('',#4076,1.);
#2491=VECTOR('',#4077,1.);
#2492=VECTOR('',#4078,1.);
#2493=VECTOR('',#4079,1.);
#2494=VECTOR('',#4080,1.);
#2495=VECTOR('',#4081,1.);
#2496=VECTOR('',#4082,1.);
#2497=VECTOR('',#4089,1.);
#2498=VECTOR('',#4092,1.);
#2499=VECTOR('',#4101,1.);
#2500=VECTOR('',#4102,1.);
#2501=VECTOR('',#4103,1.);
#2502=VECTOR('',#4104,1.);
#2503=VECTOR('',#4105,1.);
#2504=VECTOR('',#4106,1.);
#2505=VECTOR('',#4107,1.);
#2506=VECTOR('',#4116,1.);
#2507=VECTOR('',#4119,1.);
#2508=VECTOR('',#4142,1.);
#2509=VECTOR('',#4147,1.);
#2510=VECTOR('',#4154,1.);
#2511=VECTOR('',#4155,1.);
#2512=VECTOR('',#4156,1.);
#2513=VECTOR('',#4175,1.);
#2514=VECTOR('',#4176,1.);
#2515=VECTOR('',#4177,1.);
#2516=VECTOR('',#4184,1.);
#2517=VECTOR('',#4185,1.);
#2518=VECTOR('',#4208,1.);
#2519=VECTOR('',#4211,1.);
#2520=VECTOR('',#4214,1.);
#2521=VECTOR('',#4217,1.);
#2522=VECTOR('',#4220,1.);
#2523=VECTOR('',#4223,1.);
#2524=VECTOR('',#4228,1.);
#2525=VECTOR('',#4229,1.);
#2526=VECTOR('',#4230,1.);
#2527=VECTOR('',#4231,1.);
#2528=VECTOR('',#4236,1.);
#2529=VECTOR('',#4239,1.);
#2530=VECTOR('',#4242,1.);
#2531=VECTOR('',#4257,1.);
#2532=VECTOR('',#4260,1.);
#2533=VECTOR('',#4263,1.);
#2534=VECTOR('',#4266,1.);
#2535=VECTOR('',#4269,1.);
#2536=VECTOR('',#4272,1.);
#2537=VECTOR('',#4273,1.);
#2538=VECTOR('',#4276,1.);
#2539=VECTOR('',#4279,1.);
#2540=VECTOR('',#4284,1.);
#2541=VECTOR('',#4285,1.);
#2542=VECTOR('',#4288,1.);
#2543=VECTOR('',#4291,1.);
#2544=VECTOR('',#4296,1.);
#2545=VECTOR('',#4297,1.);
#2546=VECTOR('',#4300,1.);
#2547=VECTOR('',#4303,1.);
#2548=VECTOR('',#4306,1.);
#2549=VECTOR('',#4307,1.);
#2550=VECTOR('',#4308,1.);
#2551=VECTOR('',#4311,1.);
#2552=VECTOR('',#4312,1.);
#2553=VECTOR('',#4315,1.);
#2554=VECTOR('',#4318,1.);
#2555=VECTOR('',#4325,1.);
#2556=VECTOR('',#4334,1.);
#2557=VECTOR('',#4343,1.);
#2558=VECTOR('',#4352,1.);
#2559=VECTOR('',#4357,1.);
#2560=VECTOR('',#4358,1.);
#2561=VECTOR('',#4359,1.);
#2562=VECTOR('',#4360,1.);
#2563=VECTOR('',#4363,1.);
#2564=VECTOR('',#4370,1.);
#2565=VECTOR('',#4377,1.);
#2566=VECTOR('',#4382,1.);
#2567=VECTOR('',#4385,1.);
#2568=VECTOR('',#4390,1.);
#2569=VECTOR('',#4391,1.);
#2570=VECTOR('',#4396,1.);
#2571=VECTOR('',#4401,1.);
#2572=VECTOR('',#4404,1.);
#2573=VECTOR('',#4407,1.);
#2574=VECTOR('',#4410,1.);
#2575=VECTOR('',#4413,1.);
#2576=VECTOR('',#4418,1.);
#2577=VECTOR('',#4421,1.);
#2578=VECTOR('',#4422,1.);
#2579=VECTOR('',#4427,1.);
#2580=VECTOR('',#4430,1.);
#2581=VECTOR('',#4455,1.);
#2582=VECTOR('',#4458,1.);
#2583=VECTOR('',#4459,1.);
#2584=VECTOR('',#4462,1.);
#2585=VECTOR('',#4467,1.);
#2586=VECTOR('',#4470,1.);
#2587=VECTOR('',#4471,1.);
#2588=VECTOR('',#4474,1.);
#2589=VECTOR('',#4515,1.);
#2590=VECTOR('',#4520,1.);
#2591=EDGE_LOOP('',(#218,#219,#220,#221));
#2592=EDGE_LOOP('',(#222,#223,#224,#225));
#2593=EDGE_LOOP('',(#226,#227,#228,#229));
#2594=EDGE_LOOP('',(#230,#231,#232,#233));
#2595=EDGE_LOOP('',(#234));
#2596=EDGE_LOOP('',(#235));
#2597=EDGE_LOOP('',(#236));
#2598=EDGE_LOOP('',(#237));
#2599=EDGE_LOOP('',(#238));
#2600=EDGE_LOOP('',(#239));
#2601=EDGE_LOOP('',(#240));
#2602=EDGE_LOOP('',(#241,#242,#243,#244));
#2603=EDGE_LOOP('',(#245,#246,#247,#248));
#2604=EDGE_LOOP('',(#249,#250,#251,#252));
#2605=EDGE_LOOP('',(#253,#254,#255,#256));
#2606=EDGE_LOOP('',(#257,#258,#259,#260));
#2607=EDGE_LOOP('',(#261,#262,#263,#264));
#2608=EDGE_LOOP('',(#265,#266,#267,#268));
#2609=EDGE_LOOP('',(#269,#270,#271,#272));
#2610=EDGE_LOOP('',(#273,#274,#275,#276));
#2611=EDGE_LOOP('',(#277,#278,#279,#280));
#2612=EDGE_LOOP('',(#281,#282,#283,#284));
#2613=EDGE_LOOP('',(#285,#286,#287,#288));
#2614=EDGE_LOOP('',(#289,#290,#291,#292));
#2615=EDGE_LOOP('',(#293,#294,#295,#296));
#2616=EDGE_LOOP('',(#297,#298,#299,#300));
#2617=EDGE_LOOP('',(#301,#302,#303,#304));
#2618=EDGE_LOOP('',(#305,#306,#307,#308));
#2619=EDGE_LOOP('',(#309,#310,#311,#312));
#2620=EDGE_LOOP('',(#313,#314,#315,#316));
#2621=EDGE_LOOP('',(#317,#318,#319,#320));
#2622=EDGE_LOOP('',(#321,#322,#323,#324));
#2623=EDGE_LOOP('',(#325,#326,#327,#328));
#2624=EDGE_LOOP('',(#329,#330,#331,#332));
#2625=EDGE_LOOP('',(#333,#334,#335,#336));
#2626=EDGE_LOOP('',(#337,#338,#339,#340));
#2627=EDGE_LOOP('',(#341,#342,#343,#344));
#2628=EDGE_LOOP('',(#345,#346,#347,#348));
#2629=EDGE_LOOP('',(#349));
#2630=EDGE_LOOP('',(#350));
#2631=EDGE_LOOP('',(#351));
#2632=EDGE_LOOP('',(#352,#353,#354,#355));
#2633=EDGE_LOOP('',(#356));
#2634=EDGE_LOOP('',(#357,#358,#359,#360));
#2635=EDGE_LOOP('',(#361));
#2636=EDGE_LOOP('',(#362,#363,#364,#365));
#2637=EDGE_LOOP('',(#366));
#2638=EDGE_LOOP('',(#367,#368,#369,#370));
#2639=EDGE_LOOP('',(#371));
#2640=EDGE_LOOP('',(#372,#373,#374,#375));
#2641=EDGE_LOOP('',(#376));
#2642=EDGE_LOOP('',(#377,#378,#379,#380));
#2643=EDGE_LOOP('',(#381,#382,#383,#384));
#2644=EDGE_LOOP('',(#385,#386,#387,#388));
#2645=EDGE_LOOP('',(#389,#390,#391,#392));
#2646=EDGE_LOOP('',(#393,#394,#395,#396));
#2647=EDGE_LOOP('',(#397,#398,#399,#400));
#2648=EDGE_LOOP('',(#401,#402,#403,#404));
#2649=EDGE_LOOP('',(#405,#406,#407,#408));
#2650=EDGE_LOOP('',(#409,#410,#411,#412));
#2651=EDGE_LOOP('',(#413,#414,#415,#416));
#2652=EDGE_LOOP('',(#417,#418,#419,#420));
#2653=EDGE_LOOP('',(#421,#422,#423,#424));
#2654=EDGE_LOOP('',(#425,#426,#427,#428));
#2655=EDGE_LOOP('',(#429,#430,#431,#432));
#2656=EDGE_LOOP('',(#433,#434,#435,#436));
#2657=EDGE_LOOP('',(#437,#438,#439,#440));
#2658=EDGE_LOOP('',(#441,#442,#443,#444));
#2659=EDGE_LOOP('',(#445,#446,#447,#448));
#2660=EDGE_LOOP('',(#449,#450,#451,#452));
#2661=EDGE_LOOP('',(#453,#454,#455,#456));
#2662=EDGE_LOOP('',(#457,#458,#459,#460));
#2663=EDGE_LOOP('',(#461,#462,#463,#464));
#2664=EDGE_LOOP('',(#465,#466,#467,#468));
#2665=EDGE_LOOP('',(#469,#470,#471,#472));
#2666=EDGE_LOOP('',(#473,#474,#475,#476));
#2667=EDGE_LOOP('',(#477,#478,#479,#480));
#2668=EDGE_LOOP('',(#481,#482,#483,#484));
#2669=EDGE_LOOP('',(#485,#486,#487,#488));
#2670=EDGE_LOOP('',(#489,#490,#491,#492));
#2671=EDGE_LOOP('',(#493,#494,#495,#496));
#2672=EDGE_LOOP('',(#497,#498,#499,#500));
#2673=EDGE_LOOP('',(#501,#502,#503,#504));
#2674=EDGE_LOOP('',(#505,#506,#507,#508));
#2675=EDGE_LOOP('',(#509,#510,#511,#512));
#2676=EDGE_LOOP('',(#513,#514,#515,#516));
#2677=EDGE_LOOP('',(#517,#518,#519,#520));
#2678=EDGE_LOOP('',(#521,#522,#523,#524));
#2679=EDGE_LOOP('',(#525,#526,#527,#528));
#2680=EDGE_LOOP('',(#529,#530,#531,#532));
#2681=EDGE_LOOP('',(#533,#534,#535,#536));
#2682=EDGE_LOOP('',(#537,#538,#539,#540));
#2683=EDGE_LOOP('',(#541,#542,#543,#544,#545,#546,#547));
#2684=EDGE_LOOP('',(#548,#549,#550,#551,#552,#553,#554,#555));
#2685=EDGE_LOOP('',(#556,#557,#558,#559,#560,#561,#562));
#2686=EDGE_LOOP('',(#563,#564,#565,#566,#567,#568));
#2687=EDGE_LOOP('',(#569,#570,#571,#572,#573));
#2688=EDGE_LOOP('',(#574,#575,#576,#577,#578));
#2689=EDGE_LOOP('',(#579,#580,#581,#582));
#2690=EDGE_LOOP('',(#583,#584,#585,#586));
#2691=EDGE_LOOP('',(#587,#588,#589,#590));
#2692=EDGE_LOOP('',(#591,#592,#593,#594));
#2693=EDGE_LOOP('',(#595,#596,#597,#598));
#2694=EDGE_LOOP('',(#599,#600,#601,#602));
#2695=EDGE_LOOP('',(#603,#604,#605,#606));
#2696=EDGE_LOOP('',(#607,#608,#609,#610));
#2697=EDGE_LOOP('',(#611,#612,#613,#614));
#2698=EDGE_LOOP('',(#615,#616,#617,#618));
#2699=EDGE_LOOP('',(#619,#620,#621,#622));
#2700=EDGE_LOOP('',(#623,#624,#625,#626,#627));
#2701=EDGE_LOOP('',(#628,#629,#630,#631,#632));
#2702=EDGE_LOOP('',(#633,#634,#635,#636));
#2703=EDGE_LOOP('',(#637));
#2704=EDGE_LOOP('',(#638));
#2705=EDGE_LOOP('',(#639,#640,#641,#642));
#2706=EDGE_LOOP('',(#643,#644,#645,#646));
#2707=EDGE_LOOP('',(#647,#648,#649,#650));
#2708=EDGE_LOOP('',(#651,#652,#653,#654));
#2709=EDGE_LOOP('',(#655,#656,#657,#658));
#2710=EDGE_LOOP('',(#659,#660,#661,#662,#663,#664,#665,#666,#667,#668,#669,
#670,#671,#672,#673,#674,#675,#676,#677,#678,#679,#680,#681,#682,#683,#684,
#685,#686,#687,#688,#689,#690,#691,#692,#693,#694,#695,#696));
#2711=EDGE_LOOP('',(#697,#698,#699,#700));
#2712=EDGE_LOOP('',(#701));
#2713=EDGE_LOOP('',(#702,#703,#704,#705,#706,#707,#708,#709,#710,#711,#712,
#713,#714,#715,#716,#717,#718,#719,#720,#721,#722,#723,#724,#725,#726,#727,
#728,#729,#730,#731,#732,#733,#734,#735,#736,#737,#738,#739,#740,#741,#742,
#743,#744,#745,#746,#747,#748,#749,#750,#751,#752,#753,#754,#755,#756,#757,
#758,#759,#760,#761,#762,#763));
#2714=EDGE_LOOP('',(#764,#765,#766,#767));
#2715=EDGE_LOOP('',(#768,#769,#770,#771));
#2716=EDGE_LOOP('',(#772,#773,#774,#775));
#2717=EDGE_LOOP('',(#776,#777,#778,#779));
#2718=EDGE_LOOP('',(#780,#781,#782,#783));
#2719=EDGE_LOOP('',(#784,#785,#786,#787));
#2720=EDGE_LOOP('',(#788,#789,#790,#791));
#2721=EDGE_LOOP('',(#792,#793,#794,#795));
#2722=EDGE_LOOP('',(#796,#797,#798,#799));
#2723=EDGE_LOOP('',(#800,#801,#802,#803));
#2724=EDGE_LOOP('',(#804,#805,#806,#807));
#2725=EDGE_LOOP('',(#808,#809,#810,#811));
#2726=EDGE_LOOP('',(#812,#813,#814,#815,#816,#817,#818,#819,#820,#821,#822,
#823,#824,#825,#826,#827));
#2727=EDGE_LOOP('',(#828,#829,#830,#831));
#2728=EDGE_LOOP('',(#832,#833,#834,#835));
#2729=EDGE_LOOP('',(#836,#837,#838,#839));
#2730=EDGE_LOOP('',(#840,#841,#842,#843));
#2731=EDGE_LOOP('',(#844,#845,#846,#847));
#2732=EDGE_LOOP('',(#848,#849,#850,#851));
#2733=EDGE_LOOP('',(#852,#853,#854,#855));
#2734=EDGE_LOOP('',(#856,#857,#858,#859));
#2735=EDGE_LOOP('',(#860,#861,#862,#863));
#2736=EDGE_LOOP('',(#864,#865,#866,#867));
#2737=EDGE_LOOP('',(#868,#869,#870,#871));
#2738=EDGE_LOOP('',(#872,#873,#874,#875));
#2739=EDGE_LOOP('',(#876,#877,#878,#879));
#2740=EDGE_LOOP('',(#880,#881,#882,#883));
#2741=EDGE_LOOP('',(#884,#885,#886,#887));
#2742=EDGE_LOOP('',(#888,#889,#890,#891));
#2743=EDGE_LOOP('',(#892,#893,#894,#895,#896,#897,#898,#899));
#2744=EDGE_LOOP('',(#900,#901,#902,#903));
#2745=EDGE_LOOP('',(#904,#905,#906,#907));
#2746=EDGE_LOOP('',(#908,#909,#910,#911));
#2747=EDGE_LOOP('',(#912,#913,#914,#915));
#2748=EDGE_LOOP('',(#916,#917,#918,#919));
#2749=EDGE_LOOP('',(#920,#921,#922,#923));
#2750=EDGE_LOOP('',(#924,#925,#926));
#2751=EDGE_LOOP('',(#927,#928,#929,#930,#931,#932,#933,#934));
#2752=EDGE_LOOP('',(#935,#936,#937));
#2753=EDGE_LOOP('',(#938,#939,#940,#941));
#2754=EDGE_LOOP('',(#942,#943,#944,#945));
#2755=EDGE_LOOP('',(#946,#947,#948,#949,#950,#951,#952,#953));
#2756=EDGE_LOOP('',(#954,#955,#956,#957));
#2757=EDGE_LOOP('',(#958,#959,#960,#961));
#2758=EDGE_LOOP('',(#962));
#2759=EDGE_LOOP('',(#963));
#2760=EDGE_LOOP('',(#964,#965,#966,#967));
#2761=EDGE_LOOP('',(#968,#969,#970,#971));
#2762=EDGE_LOOP('',(#972,#973,#974,#975,#976));
#2763=EDGE_LOOP('',(#977,#978,#979,#980));
#2764=EDGE_LOOP('',(#981,#982,#983,#984));
#2765=EDGE_LOOP('',(#985,#986,#987,#988));
#2766=EDGE_LOOP('',(#989,#990,#991,#992));
#2767=EDGE_LOOP('',(#993,#994,#995,#996));
#2768=EDGE_LOOP('',(#997,#998,#999,#1000));
#2769=EDGE_LOOP('',(#1001,#1002,#1003,#1004));
#2770=EDGE_LOOP('',(#1005,#1006,#1007,#1008));
#2771=EDGE_LOOP('',(#1009,#1010,#1011,#1012));
#2772=EDGE_LOOP('',(#1013,#1014,#1015,#1016));
#2773=EDGE_LOOP('',(#1017,#1018,#1019,#1020,#1021));
#2774=EDGE_LOOP('',(#1022,#1023,#1024,#1025));
#2775=EDGE_LOOP('',(#1026,#1027,#1028,#1029));
#2776=EDGE_LOOP('',(#1030,#1031,#1032,#1033));
#2777=EDGE_LOOP('',(#1034));
#2778=EDGE_LOOP('',(#1035));
#2779=EDGE_LOOP('',(#1036,#1037,#1038,#1039));
#2780=EDGE_LOOP('',(#1040,#1041,#1042,#1043));
#2781=EDGE_LOOP('',(#1044,#1045,#1046,#1047));
#2782=EDGE_LOOP('',(#1048,#1049,#1050,#1051,#1052));
#2783=EDGE_LOOP('',(#1053,#1054,#1055,#1056));
#2784=EDGE_LOOP('',(#1057,#1058,#1059,#1060,#1061));
#2785=EDGE_LOOP('',(#1062,#1063,#1064,#1065));
#2786=EDGE_LOOP('',(#1066,#1067,#1068,#1069));
#2787=EDGE_LOOP('',(#1070,#1071,#1072,#1073));
#2788=EDGE_LOOP('',(#1074,#1075,#1076,#1077,#1078));
#2789=EDGE_LOOP('',(#1079,#1080,#1081,#1082));
#2790=EDGE_LOOP('',(#1083,#1084,#1085,#1086,#1087));
#2791=EDGE_LOOP('',(#1088,#1089,#1090,#1091));
#2792=EDGE_LOOP('',(#1092,#1093,#1094,#1095));
#2793=EDGE_LOOP('',(#1096,#1097,#1098,#1099));
#2794=EDGE_LOOP('',(#1100,#1101,#1102,#1103,#1104));
#2795=EDGE_LOOP('',(#1105,#1106,#1107,#1108));
#2796=EDGE_LOOP('',(#1109,#1110,#1111,#1112));
#2797=EDGE_LOOP('',(#1113,#1114,#1115,#1116,#1117));
#2798=EDGE_LOOP('',(#1118,#1119,#1120));
#2799=EDGE_LOOP('',(#1121,#1122,#1123));
#2800=EDGE_LOOP('',(#1124,#1125,#1126,#1127));
#2801=EDGE_LOOP('',(#1128,#1129,#1130,#1131));
#2802=EDGE_LOOP('',(#1132,#1133,#1134,#1135));
#2803=EDGE_LOOP('',(#1136,#1137,#1138,#1139,#1140,#1141,#1142));
#2804=EDGE_LOOP('',(#1143,#1144,#1145,#1146,#1147,#1148,#1149));
#2805=EDGE_LOOP('',(#1150,#1151,#1152,#1153));
#2806=FACE_BOUND('',#2591,.T.);
#2807=FACE_BOUND('',#2592,.T.);
#2808=FACE_BOUND('',#2593,.T.);
#2809=FACE_BOUND('',#2594,.T.);
#2810=FACE_BOUND('',#2595,.T.);
#2811=FACE_BOUND('',#2596,.T.);
#2812=FACE_BOUND('',#2597,.T.);
#2813=FACE_BOUND('',#2598,.T.);
#2814=FACE_BOUND('',#2599,.T.);
#2815=FACE_BOUND('',#2600,.T.);
#2816=FACE_BOUND('',#2601,.T.);
#2817=FACE_BOUND('',#2602,.T.);
#2818=FACE_BOUND('',#2603,.T.);
#2819=FACE_BOUND('',#2604,.T.);
#2820=FACE_BOUND('',#2605,.T.);
#2821=FACE_BOUND('',#2606,.T.);
#2822=FACE_BOUND('',#2607,.T.);
#2823=FACE_BOUND('',#2608,.T.);
#2824=FACE_BOUND('',#2609,.T.);
#2825=FACE_BOUND('',#2610,.T.);
#2826=FACE_BOUND('',#2611,.T.);
#2827=FACE_BOUND('',#2612,.T.);
#2828=FACE_BOUND('',#2613,.T.);
#2829=FACE_BOUND('',#2614,.T.);
#2830=FACE_BOUND('',#2615,.T.);
#2831=FACE_BOUND('',#2616,.T.);
#2832=FACE_BOUND('',#2617,.T.);
#2833=FACE_BOUND('',#2618,.T.);
#2834=FACE_BOUND('',#2619,.T.);
#2835=FACE_BOUND('',#2620,.T.);
#2836=FACE_BOUND('',#2621,.T.);
#2837=FACE_BOUND('',#2622,.T.);
#2838=FACE_BOUND('',#2623,.T.);
#2839=FACE_BOUND('',#2624,.T.);
#2840=FACE_BOUND('',#2625,.T.);
#2841=FACE_BOUND('',#2626,.T.);
#2842=FACE_BOUND('',#2627,.T.);
#2843=FACE_BOUND('',#2628,.T.);
#2844=FACE_BOUND('',#2629,.T.);
#2845=FACE_BOUND('',#2630,.T.);
#2846=FACE_BOUND('',#2631,.T.);
#2847=FACE_BOUND('',#2632,.T.);
#2848=FACE_BOUND('',#2633,.T.);
#2849=FACE_BOUND('',#2634,.T.);
#2850=FACE_BOUND('',#2635,.T.);
#2851=FACE_BOUND('',#2636,.T.);
#2852=FACE_BOUND('',#2637,.T.);
#2853=FACE_BOUND('',#2638,.T.);
#2854=FACE_BOUND('',#2639,.T.);
#2855=FACE_BOUND('',#2640,.T.);
#2856=FACE_BOUND('',#2641,.T.);
#2857=FACE_BOUND('',#2642,.T.);
#2858=FACE_BOUND('',#2643,.T.);
#2859=FACE_BOUND('',#2644,.T.);
#2860=FACE_BOUND('',#2645,.T.);
#2861=FACE_BOUND('',#2646,.T.);
#2862=FACE_BOUND('',#2647,.T.);
#2863=FACE_BOUND('',#2648,.T.);
#2864=FACE_BOUND('',#2649,.T.);
#2865=FACE_BOUND('',#2650,.T.);
#2866=FACE_BOUND('',#2651,.T.);
#2867=FACE_BOUND('',#2652,.T.);
#2868=FACE_BOUND('',#2653,.T.);
#2869=FACE_BOUND('',#2654,.T.);
#2870=FACE_BOUND('',#2655,.T.);
#2871=FACE_BOUND('',#2656,.T.);
#2872=FACE_BOUND('',#2657,.T.);
#2873=FACE_BOUND('',#2658,.T.);
#2874=FACE_BOUND('',#2659,.T.);
#2875=FACE_BOUND('',#2660,.T.);
#2876=FACE_BOUND('',#2661,.T.);
#2877=FACE_BOUND('',#2662,.T.);
#2878=FACE_BOUND('',#2663,.T.);
#2879=FACE_BOUND('',#2664,.T.);
#2880=FACE_BOUND('',#2665,.T.);
#2881=FACE_BOUND('',#2666,.T.);
#2882=FACE_BOUND('',#2667,.T.);
#2883=FACE_BOUND('',#2668,.T.);
#2884=FACE_BOUND('',#2669,.T.);
#2885=FACE_BOUND('',#2670,.T.);
#2886=FACE_BOUND('',#2671,.T.);
#2887=FACE_BOUND('',#2672,.T.);
#2888=FACE_BOUND('',#2673,.T.);
#2889=FACE_BOUND('',#2674,.T.);
#2890=FACE_BOUND('',#2675,.T.);
#2891=FACE_BOUND('',#2676,.T.);
#2892=FACE_BOUND('',#2677,.T.);
#2893=FACE_BOUND('',#2678,.T.);
#2894=FACE_BOUND('',#2679,.T.);
#2895=FACE_BOUND('',#2680,.T.);
#2896=FACE_BOUND('',#2681,.T.);
#2897=FACE_BOUND('',#2682,.T.);
#2898=FACE_BOUND('',#2683,.T.);
#2899=FACE_BOUND('',#2684,.T.);
#2900=FACE_BOUND('',#2685,.T.);
#2901=FACE_BOUND('',#2686,.T.);
#2902=FACE_BOUND('',#2687,.T.);
#2903=FACE_BOUND('',#2688,.T.);
#2904=FACE_BOUND('',#2689,.T.);
#2905=FACE_BOUND('',#2690,.T.);
#2906=FACE_BOUND('',#2691,.T.);
#2907=FACE_BOUND('',#2692,.T.);
#2908=FACE_BOUND('',#2693,.T.);
#2909=FACE_BOUND('',#2694,.T.);
#2910=FACE_BOUND('',#2695,.T.);
#2911=FACE_BOUND('',#2696,.T.);
#2912=FACE_BOUND('',#2697,.T.);
#2913=FACE_BOUND('',#2698,.T.);
#2914=FACE_BOUND('',#2699,.T.);
#2915=FACE_BOUND('',#2700,.T.);
#2916=FACE_BOUND('',#2701,.T.);
#2917=FACE_BOUND('',#2702,.T.);
#2918=FACE_BOUND('',#2703,.T.);
#2919=FACE_BOUND('',#2704,.T.);
#2920=FACE_BOUND('',#2705,.T.);
#2921=FACE_BOUND('',#2706,.T.);
#2922=FACE_BOUND('',#2707,.T.);
#2923=FACE_BOUND('',#2708,.T.);
#2924=FACE_BOUND('',#2709,.T.);
#2925=FACE_BOUND('',#2710,.T.);
#2926=FACE_BOUND('',#2711,.T.);
#2927=FACE_BOUND('',#2712,.T.);
#2928=FACE_BOUND('',#2713,.T.);
#2929=FACE_BOUND('',#2714,.T.);
#2930=FACE_BOUND('',#2715,.T.);
#2931=FACE_BOUND('',#2716,.T.);
#2932=FACE_BOUND('',#2717,.T.);
#2933=FACE_BOUND('',#2718,.T.);
#2934=FACE_BOUND('',#2719,.T.);
#2935=FACE_BOUND('',#2720,.T.);
#2936=FACE_BOUND('',#2721,.T.);
#2937=FACE_BOUND('',#2722,.T.);
#2938=FACE_BOUND('',#2723,.T.);
#2939=FACE_BOUND('',#2724,.T.);
#2940=FACE_BOUND('',#2725,.T.);
#2941=FACE_BOUND('',#2726,.T.);
#2942=FACE_BOUND('',#2727,.T.);
#2943=FACE_BOUND('',#2728,.T.);
#2944=FACE_BOUND('',#2729,.T.);
#2945=FACE_BOUND('',#2730,.T.);
#2946=FACE_BOUND('',#2731,.T.);
#2947=FACE_BOUND('',#2732,.T.);
#2948=FACE_BOUND('',#2733,.T.);
#2949=FACE_BOUND('',#2734,.T.);
#2950=FACE_BOUND('',#2735,.T.);
#2951=FACE_BOUND('',#2736,.T.);
#2952=FACE_BOUND('',#2737,.T.);
#2953=FACE_BOUND('',#2738,.T.);
#2954=FACE_BOUND('',#2739,.T.);
#2955=FACE_BOUND('',#2740,.T.);
#2956=FACE_BOUND('',#2741,.T.);
#2957=FACE_BOUND('',#2742,.T.);
#2958=FACE_BOUND('',#2743,.T.);
#2959=FACE_BOUND('',#2744,.T.);
#2960=FACE_BOUND('',#2745,.T.);
#2961=FACE_BOUND('',#2746,.T.);
#2962=FACE_BOUND('',#2747,.T.);
#2963=FACE_BOUND('',#2748,.T.);
#2964=FACE_BOUND('',#2749,.T.);
#2965=FACE_BOUND('',#2750,.T.);
#2966=FACE_BOUND('',#2751,.T.);
#2967=FACE_BOUND('',#2752,.T.);
#2968=FACE_BOUND('',#2753,.T.);
#2969=FACE_BOUND('',#2754,.T.);
#2970=FACE_BOUND('',#2755,.T.);
#2971=FACE_BOUND('',#2756,.T.);
#2972=FACE_BOUND('',#2757,.T.);
#2973=FACE_BOUND('',#2758,.T.);
#2974=FACE_BOUND('',#2759,.T.);
#2975=FACE_BOUND('',#2760,.T.);
#2976=FACE_BOUND('',#2761,.T.);
#2977=FACE_BOUND('',#2762,.T.);
#2978=FACE_BOUND('',#2763,.T.);
#2979=FACE_BOUND('',#2764,.T.);
#2980=FACE_BOUND('',#2765,.T.);
#2981=FACE_BOUND('',#2766,.T.);
#2982=FACE_BOUND('',#2767,.T.);
#2983=FACE_BOUND('',#2768,.T.);
#2984=FACE_BOUND('',#2769,.T.);
#2985=FACE_BOUND('',#2770,.T.);
#2986=FACE_BOUND('',#2771,.T.);
#2987=FACE_BOUND('',#2772,.T.);
#2988=FACE_BOUND('',#2773,.T.);
#2989=FACE_BOUND('',#2774,.T.);
#2990=FACE_BOUND('',#2775,.T.);
#2991=FACE_BOUND('',#2776,.T.);
#2992=FACE_BOUND('',#2777,.T.);
#2993=FACE_BOUND('',#2778,.T.);
#2994=FACE_BOUND('',#2779,.T.);
#2995=FACE_BOUND('',#2780,.T.);
#2996=FACE_BOUND('',#2781,.T.);
#2997=FACE_BOUND('',#2782,.T.);
#2998=FACE_BOUND('',#2783,.T.);
#2999=FACE_BOUND('',#2784,.T.);
#3000=FACE_BOUND('',#2785,.T.);
#3001=FACE_BOUND('',#2786,.T.);
#3002=FACE_BOUND('',#2787,.T.);
#3003=FACE_BOUND('',#2788,.T.);
#3004=FACE_BOUND('',#2789,.T.);
#3005=FACE_BOUND('',#2790,.T.);
#3006=FACE_BOUND('',#2791,.T.);
#3007=FACE_BOUND('',#2792,.T.);
#3008=FACE_BOUND('',#2793,.T.);
#3009=FACE_BOUND('',#2794,.T.);
#3010=FACE_BOUND('',#2795,.T.);
#3011=FACE_BOUND('',#2796,.T.);
#3012=FACE_BOUND('',#2797,.T.);
#3013=FACE_BOUND('',#2798,.T.);
#3014=FACE_BOUND('',#2799,.T.);
#3015=FACE_BOUND('',#2800,.T.);
#3016=FACE_BOUND('',#2801,.T.);
#3017=FACE_BOUND('',#2802,.T.);
#3018=FACE_BOUND('',#2803,.T.);
#3019=FACE_BOUND('',#2804,.T.);
#3020=FACE_BOUND('',#2805,.T.);
#3021=PLANE('',#3313);
#3022=PLANE('',#3322);
#3023=PLANE('',#3323);
#3024=PLANE('',#3324);
#3025=PLANE('',#3325);
#3026=PLANE('',#3326);
#3027=PLANE('',#3327);
#3028=PLANE('',#3328);
#3029=PLANE('',#3329);
#3030=PLANE('',#3330);
#3031=PLANE('',#3331);
#3032=PLANE('',#3332);
#3033=PLANE('',#3333);
#3034=PLANE('',#3334);
#3035=PLANE('',#3335);
#3036=PLANE('',#3336);
#3037=PLANE('',#3337);
#3038=PLANE('',#3358);
#3039=PLANE('',#3359);
#3040=PLANE('',#3360);
#3041=PLANE('',#3361);
#3042=PLANE('',#3362);
#3043=PLANE('',#3363);
#3044=PLANE('',#3364);
#3045=PLANE('',#3365);
#3046=PLANE('',#3366);
#3047=PLANE('',#3367);
#3048=PLANE('',#3368);
#3049=PLANE('',#3369);
#3050=PLANE('',#3370);
#3051=PLANE('',#3371);
#3052=PLANE('',#3372);
#3053=PLANE('',#3373);
#3054=PLANE('',#3374);
#3055=PLANE('',#3375);
#3056=PLANE('',#3376);
#3057=PLANE('',#3377);
#3058=PLANE('',#3378);
#3059=PLANE('',#3379);
#3060=PLANE('',#3380);
#3061=PLANE('',#3381);
#3062=PLANE('',#3382);
#3063=PLANE('',#3383);
#3064=PLANE('',#3384);
#3065=PLANE('',#3385);
#3066=PLANE('',#3386);
#3067=PLANE('',#3387);
#3068=PLANE('',#3388);
#3069=PLANE('',#3389);
#3070=PLANE('',#3390);
#3071=PLANE('',#3391);
#3072=PLANE('',#3392);
#3073=PLANE('',#3393);
#3074=PLANE('',#3394);
#3075=PLANE('',#3395);
#3076=PLANE('',#3396);
#3077=PLANE('',#3397);
#3078=PLANE('',#3398);
#3079=PLANE('',#3404);
#3080=PLANE('',#3409);
#3081=PLANE('',#3410);
#3082=PLANE('',#3411);
#3083=PLANE('',#3412);
#3084=PLANE('',#3413);
#3085=PLANE('',#3414);
#3086=PLANE('',#3415);
#3087=PLANE('',#3416);
#3088=PLANE('',#3417);
#3089=PLANE('',#3418);
#3090=PLANE('',#3419);
#3091=PLANE('',#3420);
#3092=PLANE('',#3421);
#3093=PLANE('',#3422);
#3094=PLANE('',#3423);
#3095=PLANE('',#3424);
#3096=PLANE('',#3425);
#3097=PLANE('',#3430);
#3098=PLANE('',#3455);
#3099=PLANE('',#3489);
#3100=PLANE('',#3505);
#3101=PLANE('',#3506);
#3102=PLANE('',#3507);
#3103=PLANE('',#3508);
#3104=PLANE('',#3509);
#3105=PLANE('',#3510);
#3106=PLANE('',#3511);
#3107=PLANE('',#3512);
#3108=PLANE('',#3513);
#3109=PLANE('',#3514);
#3110=PLANE('',#3515);
#3111=PLANE('',#3516);
#3112=PLANE('',#3517);
#3113=PLANE('',#3518);
#3114=PLANE('',#3519);
#3115=PLANE('',#3520);
#3116=PLANE('',#3526);
#3117=PLANE('',#3536);
#3118=PLANE('',#3537);
#3119=PLANE('',#3539);
#3120=PLANE('',#3545);
#3121=PLANE('',#3548);
#3122=PLANE('',#3553);
#3123=PLANE('',#3554);
#3124=PLANE('',#3559);
#3125=PLANE('',#3562);
#3126=PLANE('',#3575);
#3127=PLANE('',#3579);
#3128=ADVANCED_FACE('',(#2806,#2807,#2808,#2809,#2810,#2811,#2812,#2813,
#2814,#2815,#2816,#2817,#2818,#2819,#2820,#2821,#2822,#2823,#2824,#2825,
#2826,#2827),#3021,.T.);
#3129=ADVANCED_FACE('',(#2828),#3022,.T.);
#3130=ADVANCED_FACE('',(#2829),#3023,.T.);
#3131=ADVANCED_FACE('',(#2830),#3024,.T.);
#3132=ADVANCED_FACE('',(#2831),#3025,.T.);
#3133=ADVANCED_FACE('',(#2832),#3026,.T.);
#3134=ADVANCED_FACE('',(#2833),#3027,.T.);
#3135=ADVANCED_FACE('',(#2834),#3028,.T.);
#3136=ADVANCED_FACE('',(#2835),#3029,.T.);
#3137=ADVANCED_FACE('',(#2836),#3030,.T.);
#3138=ADVANCED_FACE('',(#2837),#3031,.T.);
#3139=ADVANCED_FACE('',(#2838),#3032,.T.);
#3140=ADVANCED_FACE('',(#2839),#3033,.T.);
#3141=ADVANCED_FACE('',(#2840),#3034,.T.);
#3142=ADVANCED_FACE('',(#2841),#3035,.T.);
#3143=ADVANCED_FACE('',(#2842),#3036,.T.);
#3144=ADVANCED_FACE('',(#2843),#3037,.T.);
#3145=ADVANCED_FACE('',(#2844,#2845),#49,.F.);
#3146=ADVANCED_FACE('',(#2846,#2847),#50,.F.);
#3147=ADVANCED_FACE('',(#2848,#2849),#51,.F.);
#3148=ADVANCED_FACE('',(#2850,#2851),#52,.F.);
#3149=ADVANCED_FACE('',(#2852,#2853),#53,.F.);
#3150=ADVANCED_FACE('',(#2854,#2855),#54,.F.);
#3151=ADVANCED_FACE('',(#2856,#2857),#55,.F.);
#3152=ADVANCED_FACE('',(#2858),#3038,.F.);
#3153=ADVANCED_FACE('',(#2859),#3039,.F.);
#3154=ADVANCED_FACE('',(#2860),#3040,.F.);
#3155=ADVANCED_FACE('',(#2861),#3041,.F.);
#3156=ADVANCED_FACE('',(#2862),#3042,.F.);
#3157=ADVANCED_FACE('',(#2863),#3043,.F.);
#3158=ADVANCED_FACE('',(#2864),#3044,.F.);
#3159=ADVANCED_FACE('',(#2865),#3045,.F.);
#3160=ADVANCED_FACE('',(#2866),#3046,.F.);
#3161=ADVANCED_FACE('',(#2867),#3047,.F.);
#3162=ADVANCED_FACE('',(#2868),#3048,.F.);
#3163=ADVANCED_FACE('',(#2869),#3049,.F.);
#3164=ADVANCED_FACE('',(#2870),#3050,.F.);
#3165=ADVANCED_FACE('',(#2871),#3051,.F.);
#3166=ADVANCED_FACE('',(#2872),#3052,.F.);
#3167=ADVANCED_FACE('',(#2873),#3053,.F.);
#3168=ADVANCED_FACE('',(#2874),#3054,.F.);
#3169=ADVANCED_FACE('',(#2875),#3055,.F.);
#3170=ADVANCED_FACE('',(#2876),#3056,.F.);
#3171=ADVANCED_FACE('',(#2877),#3057,.F.);
#3172=ADVANCED_FACE('',(#2878),#3058,.F.);
#3173=ADVANCED_FACE('',(#2879),#3059,.F.);
#3174=ADVANCED_FACE('',(#2880),#3060,.F.);
#3175=ADVANCED_FACE('',(#2881),#3061,.F.);
#3176=ADVANCED_FACE('',(#2882),#3062,.T.);
#3177=ADVANCED_FACE('',(#2883),#3063,.T.);
#3178=ADVANCED_FACE('',(#2884),#3064,.T.);
#3179=ADVANCED_FACE('',(#2885),#3065,.T.);
#3180=ADVANCED_FACE('',(#2886),#3066,.T.);
#3181=ADVANCED_FACE('',(#2887),#3067,.T.);
#3182=ADVANCED_FACE('',(#2888),#3068,.T.);
#3183=ADVANCED_FACE('',(#2889),#3069,.T.);
#3184=ADVANCED_FACE('',(#2890),#3070,.T.);
#3185=ADVANCED_FACE('',(#2891),#3071,.T.);
#3186=ADVANCED_FACE('',(#2892),#3072,.T.);
#3187=ADVANCED_FACE('',(#2893),#3073,.T.);
#3188=ADVANCED_FACE('',(#2894),#3074,.T.);
#3189=ADVANCED_FACE('',(#2895),#3075,.T.);
#3190=ADVANCED_FACE('',(#2896),#3076,.T.);
#3191=ADVANCED_FACE('',(#2897),#3077,.T.);
#3192=ADVANCED_FACE('',(#2898),#3078,.T.);
#3193=ADVANCED_FACE('',(#2899),#56,.T.);
#3194=ADVANCED_FACE('',(#2900),#3079,.T.);
#3195=ADVANCED_FACE('',(#2901),#57,.T.);
#3196=ADVANCED_FACE('',(#2902),#3080,.F.);
#3197=ADVANCED_FACE('',(#2903),#3081,.F.);
#3198=ADVANCED_FACE('',(#2904),#3082,.F.);
#3199=ADVANCED_FACE('',(#2905),#3083,.F.);
#3200=ADVANCED_FACE('',(#2906),#3084,.F.);
#3201=ADVANCED_FACE('',(#2907),#3085,.F.);
#3202=ADVANCED_FACE('',(#2908),#3086,.F.);
#3203=ADVANCED_FACE('',(#2909),#3087,.F.);
#3204=ADVANCED_FACE('',(#2910),#3088,.F.);
#3205=ADVANCED_FACE('',(#2911),#3089,.F.);
#3206=ADVANCED_FACE('',(#2912),#3090,.F.);
#3207=ADVANCED_FACE('',(#2913),#3091,.F.);
#3208=ADVANCED_FACE('',(#2914),#3092,.F.);
#3209=ADVANCED_FACE('',(#2915),#3093,.F.);
#3210=ADVANCED_FACE('',(#2916),#3094,.F.);
#3211=ADVANCED_FACE('',(#2917),#3095,.F.);
#3212=ADVANCED_FACE('',(#2918,#2919),#3096,.T.);
#3213=ADVANCED_FACE('',(#2920),#58,.T.);
#3214=ADVANCED_FACE('',(#2921,#2922,#2923,#2924,#2925),#3097,.F.);
#3215=ADVANCED_FACE('',(#2926),#59,.T.);
#3216=ADVANCED_FACE('',(#2927,#2928),#3098,.F.);
#3217=ADVANCED_FACE('',(#2929),#60,.T.);
#3218=ADVANCED_FACE('',(#2930),#61,.T.);
#3219=ADVANCED_FACE('',(#2931),#62,.T.);
#3220=ADVANCED_FACE('',(#2932),#63,.T.);
#3221=ADVANCED_FACE('',(#2933),#64,.T.);
#3222=ADVANCED_FACE('',(#2934,#2935,#2936,#2937,#2938,#2939,#2940,#2941),
#3099,.F.);
#3223=ADVANCED_FACE('',(#2942),#65,.T.);
#3224=ADVANCED_FACE('',(#2943),#66,.T.);
#3225=ADVANCED_FACE('',(#2944),#67,.T.);
#3226=ADVANCED_FACE('',(#2945),#68,.T.);
#3227=ADVANCED_FACE('',(#2946),#69,.T.);
#3228=ADVANCED_FACE('',(#2947),#3100,.F.);
#3229=ADVANCED_FACE('',(#2948),#3101,.F.);
#3230=ADVANCED_FACE('',(#2949),#3102,.F.);
#3231=ADVANCED_FACE('',(#2950),#3103,.F.);
#3232=ADVANCED_FACE('',(#2951),#3104,.F.);
#3233=ADVANCED_FACE('',(#2952),#3105,.F.);
#3234=ADVANCED_FACE('',(#2953),#3106,.F.);
#3235=ADVANCED_FACE('',(#2954),#3107,.F.);
#3236=ADVANCED_FACE('',(#2955),#3108,.F.);
#3237=ADVANCED_FACE('',(#2956),#3109,.F.);
#3238=ADVANCED_FACE('',(#2957),#3110,.F.);
#3239=ADVANCED_FACE('',(#2958),#3111,.F.);
#3240=ADVANCED_FACE('',(#2959),#3112,.F.);
#3241=ADVANCED_FACE('',(#2960),#3113,.F.);
#3242=ADVANCED_FACE('',(#2961),#3114,.F.);
#3243=ADVANCED_FACE('',(#2962),#3115,.F.);
#3244=ADVANCED_FACE('',(#2963),#70,.T.);
#3245=ADVANCED_FACE('',(#2964),#71,.T.);
#3246=ADVANCED_FACE('',(#2965),#72,.T.);
#3247=ADVANCED_FACE('',(#2966),#3116,.F.);
#3248=ADVANCED_FACE('',(#2967),#73,.T.);
#3249=ADVANCED_FACE('',(#2968),#74,.T.);
#3250=ADVANCED_FACE('',(#2969),#75,.T.);
#3251=ADVANCED_FACE('',(#2970),#3117,.T.);
#3252=ADVANCED_FACE('',(#2971),#3118,.T.);
#3253=ADVANCED_FACE('',(#2972),#3119,.T.);
#3254=ADVANCED_FACE('',(#2973,#2974),#28,.F.);
#3255=ADVANCED_FACE('',(#2975),#76,.F.);
#3256=ADVANCED_FACE('',(#2976),#77,.F.);
#3257=ADVANCED_FACE('',(#2977),#3120,.F.);
#3258=ADVANCED_FACE('',(#2978),#78,.T.);
#3259=ADVANCED_FACE('',(#2979),#3121,.F.);
#3260=ADVANCED_FACE('',(#2980),#79,.T.);
#3261=ADVANCED_FACE('',(#2981),#80,.T.);
#3262=ADVANCED_FACE('',(#2982),#3122,.F.);
#3263=ADVANCED_FACE('',(#2983),#3123,.F.);
#3264=ADVANCED_FACE('',(#2984),#81,.T.);
#3265=ADVANCED_FACE('',(#2985),#82,.T.);
#3266=ADVANCED_FACE('',(#2986),#3124,.F.);
#3267=ADVANCED_FACE('',(#2987),#83,.T.);
#3268=ADVANCED_FACE('',(#2988),#3125,.F.);
#3269=ADVANCED_FACE('',(#2989),#84,.F.);
#3270=ADVANCED_FACE('',(#2990),#85,.F.);
#3271=ADVANCED_FACE('',(#2991),#86,.F.);
#3272=ADVANCED_FACE('',(#2992,#2993),#87,.F.);
#3273=ADVANCED_FACE('',(#2994),#22,.F.);
#3274=ADVANCED_FACE('',(#2995),#88,.F.);
#3275=ADVANCED_FACE('',(#2996),#23,.F.);
#3276=ADVANCED_FACE('',(#2997),#24,.F.);
#3277=ADVANCED_FACE('',(#2998),#89,.F.);
#3278=ADVANCED_FACE('',(#2999),#3126,.T.);
#3279=ADVANCED_FACE('',(#3000),#90,.F.);
#3280=ADVANCED_FACE('',(#3001),#91,.F.);
#3281=ADVANCED_FACE('',(#3002),#92,.F.);
#3282=ADVANCED_FACE('',(#3003),#3127,.T.);
#3283=ADVANCED_FACE('',(#3004),#93,.F.);
#3284=ADVANCED_FACE('',(#3005),#25,.F.);
#3285=ADVANCED_FACE('',(#3006),#26,.F.);
#3286=ADVANCED_FACE('',(#3007),#94,.F.);
#3287=ADVANCED_FACE('',(#3008),#27,.F.);
#3288=ADVANCED_FACE('',(#3009),#95,.T.);
#3289=ADVANCED_FACE('',(#3010),#96,.T.);
#3290=ADVANCED_FACE('',(#3011),#97,.T.);
#3291=ADVANCED_FACE('',(#3012),#98,.T.);
#3292=ADVANCED_FACE('',(#3013),#20,.T.);
#3293=ADVANCED_FACE('',(#3014),#21,.T.);
#3294=ADVANCED_FACE('',(#3015),#99,.T.);
#3295=ADVANCED_FACE('',(#3016),#100,.T.);
#3296=ADVANCED_FACE('',(#3017),#101,.F.);
#3297=ADVANCED_FACE('',(#3018),#102,.T.);
#3298=ADVANCED_FACE('',(#3019),#103,.T.);
#3299=ADVANCED_FACE('',(#3020),#104,.F.);
#3300=CLOSED_SHELL('',(#3128,#3129,#3130,#3131,#3132,#3133,#3134,#3135,
#3136,#3137,#3138,#3139,#3140,#3141,#3142,#3143,#3144,#3145,#3146,#3147,
#3148,#3149,#3150,#3151,#3152,#3153,#3154,#3155,#3156,#3157,#3158,#3159,
#3160,#3161,#3162,#3163,#3164,#3165,#3166,#3167,#3168,#3169,#3170,#3171,
#3172,#3173,#3174,#3175,#3176,#3177,#3178,#3179,#3180,#3181,#3182,#3183,
#3184,#3185,#3186,#3187,#3188,#3189,#3190,#3191,#3192,#3193,#3194,#3195,
#3196,#3197,#3198,#3199,#3200,#3201,#3202,#3203,#3204,#3205,#3206,#3207,
#3208,#3209,#3210,#3211,#3212,#3213,#3214,#3215,#3216,#3217,#3218,#3219,
#3220,#3221,#3222,#3223,#3224,#3225,#3226,#3227,#3228,#3229,#3230,#3231,
#3232,#3233,#3234,#3235,#3236,#3237,#3238,#3239,#3240,#3241,#3242,#3243,
#3244,#3245,#3246,#3247,#3248,#3249,#3250,#3251,#3252,#3253,#3254,#3255,
#3256,#3257,#3258,#3259,#3260,#3261,#3262,#3263,#3264,#3265,#3266,#3267,
#3268,#3269,#3270,#3271,#3272,#3273,#3274,#3275,#3276,#3277,#3278,#3279,
#3280,#3281,#3282,#3283,#3284,#3285,#3286,#3287,#3288,#3289,#3290,#3291,
#3292,#3293,#3294,#3295,#3296,#3297,#3298,#3299));
#3301=STYLED_ITEM('',(#3302),#3309);
#3302=PRESENTATION_STYLE_ASSIGNMENT((#3303));
#3303=SURFACE_STYLE_USAGE(.BOTH.,#3304);
#3304=SURFACE_SIDE_STYLE('',(#3305));
#3305=SURFACE_STYLE_FILL_AREA(#3306);
#3306=FILL_AREA_STYLE('',(#3307));
#3307=FILL_AREA_STYLE_COLOUR('',#3308);
#3308=COLOUR_RGB('',0.745098039215686,0.745098039215686,0.745098039215686);
#3309=MANIFOLD_SOLID_BREP('KP0066-01_EndArmHubBottom',#3300);
#3310=SHAPE_DEFINITION_REPRESENTATION(#5563,#3311);
#3311=SHAPE_REPRESENTATION('KP0066-01_EndArmHubBottom',(#3312),#5558);
#3312=AXIS2_PLACEMENT_3D('',#4523,#3604,#3605);
#3313=AXIS2_PLACEMENT_3D('',#4524,#3606,#3607);
#3314=AXIS2_PLACEMENT_3D('',#4557,#3624,#3625);
#3315=AXIS2_PLACEMENT_3D('',#4559,#3626,#3627);
#3316=AXIS2_PLACEMENT_3D('',#4561,#3628,#3629);
#3317=AXIS2_PLACEMENT_3D('',#4563,#3630,#3631);
#3318=AXIS2_PLACEMENT_3D('',#4565,#3632,#3633);
#3319=AXIS2_PLACEMENT_3D('',#4567,#3634,#3635);
#3320=AXIS2_PLACEMENT_3D('',#4569,#3636,#3637);
#3321=AXIS2_PLACEMENT_3D('',#4651,#3678,#3679);
#3322=AXIS2_PLACEMENT_3D('',#4659,#3683,#3684);
#3323=AXIS2_PLACEMENT_3D('',#4665,#3688,#3689);
#3324=AXIS2_PLACEMENT_3D('',#4669,#3692,#3693);
#3325=AXIS2_PLACEMENT_3D('',#4673,#3696,#3697);
#3326=AXIS2_PLACEMENT_3D('',#4675,#3699,#3700);
#3327=AXIS2_PLACEMENT_3D('',#4681,#3704,#3705);
#3328=AXIS2_PLACEMENT_3D('',#4685,#3708,#3709);
#3329=AXIS2_PLACEMENT_3D('',#4689,#3712,#3713);
#3330=AXIS2_PLACEMENT_3D('',#4691,#3715,#3716);
#3331=AXIS2_PLACEMENT_3D('',#4697,#3720,#3721);
#3332=AXIS2_PLACEMENT_3D('',#4701,#3724,#3725);
#3333=AXIS2_PLACEMENT_3D('',#4705,#3728,#3729);
#3334=AXIS2_PLACEMENT_3D('',#4707,#3731,#3732);
#3335=AXIS2_PLACEMENT_3D('',#4713,#3736,#3737);
#3336=AXIS2_PLACEMENT_3D('',#4717,#3740,#3741);
#3337=AXIS2_PLACEMENT_3D('',#4721,#3744,#3745);
#3338=AXIS2_PLACEMENT_3D('',#4723,#3747,#3748);
#3339=AXIS2_PLACEMENT_3D('',#4724,#3749,#3750);
#3340=AXIS2_PLACEMENT_3D('',#4726,#3751,#3752);
#3341=AXIS2_PLACEMENT_3D('',#4727,#3753,#3754);
#3342=AXIS2_PLACEMENT_3D('',#4732,#3756,#3757);
#3343=AXIS2_PLACEMENT_3D('',#4735,#3759,#3760);
#3344=AXIS2_PLACEMENT_3D('',#4736,#3761,#3762);
#3345=AXIS2_PLACEMENT_3D('',#4741,#3764,#3765);
#3346=AXIS2_PLACEMENT_3D('',#4744,#3767,#3768);
#3347=AXIS2_PLACEMENT_3D('',#4745,#3769,#3770);
#3348=AXIS2_PLACEMENT_3D('',#4750,#3772,#3773);
#3349=AXIS2_PLACEMENT_3D('',#4753,#3775,#3776);
#3350=AXIS2_PLACEMENT_3D('',#4754,#3777,#3778);
#3351=AXIS2_PLACEMENT_3D('',#4759,#3780,#3781);
#3352=AXIS2_PLACEMENT_3D('',#4762,#3783,#3784);
#3353=AXIS2_PLACEMENT_3D('',#4763,#3785,#3786);
#3354=AXIS2_PLACEMENT_3D('',#4768,#3788,#3789);
#3355=AXIS2_PLACEMENT_3D('',#4771,#3791,#3792);
#3356=AXIS2_PLACEMENT_3D('',#4772,#3793,#3794);
#3357=AXIS2_PLACEMENT_3D('',#4777,#3796,#3797);
#3358=AXIS2_PLACEMENT_3D('',#4780,#3799,#3800);
#3359=AXIS2_PLACEMENT_3D('',#4786,#3804,#3805);
#3360=AXIS2_PLACEMENT_3D('',#4790,#3808,#3809);
#3361=AXIS2_PLACEMENT_3D('',#4794,#3812,#3813);
#3362=AXIS2_PLACEMENT_3D('',#4796,#3815,#3816);
#3363=AXIS2_PLACEMENT_3D('',#4802,#3820,#3821);
#3364=AXIS2_PLACEMENT_3D('',#4806,#3824,#3825);
#3365=AXIS2_PLACEMENT_3D('',#4810,#3828,#3829);
#3366=AXIS2_PLACEMENT_3D('',#4812,#3831,#3832);
#3367=AXIS2_PLACEMENT_3D('',#4818,#3836,#3837);
#3368=AXIS2_PLACEMENT_3D('',#4822,#3840,#3841);
#3369=AXIS2_PLACEMENT_3D('',#4826,#3844,#3845);
#3370=AXIS2_PLACEMENT_3D('',#4828,#3847,#3848);
#3371=AXIS2_PLACEMENT_3D('',#4834,#3852,#3853);
#3372=AXIS2_PLACEMENT_3D('',#4838,#3856,#3857);
#3373=AXIS2_PLACEMENT_3D('',#4842,#3860,#3861);
#3374=AXIS2_PLACEMENT_3D('',#4844,#3863,#3864);
#3375=AXIS2_PLACEMENT_3D('',#4850,#3868,#3869);
#3376=AXIS2_PLACEMENT_3D('',#4854,#3872,#3873);
#3377=AXIS2_PLACEMENT_3D('',#4858,#3876,#3877);
#3378=AXIS2_PLACEMENT_3D('',#4860,#3879,#3880);
#3379=AXIS2_PLACEMENT_3D('',#4866,#3884,#3885);
#3380=AXIS2_PLACEMENT_3D('',#4870,#3888,#3889);
#3381=AXIS2_PLACEMENT_3D('',#4874,#3892,#3893);
#3382=AXIS2_PLACEMENT_3D('',#4876,#3895,#3896);
#3383=AXIS2_PLACEMENT_3D('',#4882,#3900,#3901);
#3384=AXIS2_PLACEMENT_3D('',#4886,#3904,#3905);
#3385=AXIS2_PLACEMENT_3D('',#4890,#3908,#3909);
#3386=AXIS2_PLACEMENT_3D('',#4892,#3911,#3912);
#3387=AXIS2_PLACEMENT_3D('',#4898,#3916,#3917);
#3388=AXIS2_PLACEMENT_3D('',#4902,#3920,#3921);
#3389=AXIS2_PLACEMENT_3D('',#4906,#3924,#3925);
#3390=AXIS2_PLACEMENT_3D('',#4908,#3927,#3928);
#3391=AXIS2_PLACEMENT_3D('',#4914,#3932,#3933);
#3392=AXIS2_PLACEMENT_3D('',#4918,#3936,#3937);
#3393=AXIS2_PLACEMENT_3D('',#4922,#3940,#3941);
#3394=AXIS2_PLACEMENT_3D('',#4924,#3943,#3944);
#3395=AXIS2_PLACEMENT_3D('',#4930,#3948,#3949);
#3396=AXIS2_PLACEMENT_3D('',#4934,#3952,#3953);
#3397=AXIS2_PLACEMENT_3D('',#4938,#3956,#3957);
#3398=AXIS2_PLACEMENT_3D('',#4940,#3959,#3960);
#3399=AXIS2_PLACEMENT_3D('',#4951,#3966,#3967);
#3400=AXIS2_PLACEMENT_3D('',#4952,#3968,#3969);
#3401=AXIS2_PLACEMENT_3D('',#4955,#3971,#3972);
#3402=AXIS2_PLACEMENT_3D('',#4959,#3974,#3975);
#3403=AXIS2_PLACEMENT_3D('',#4963,#3977,#3978);
#3404=AXIS2_PLACEMENT_3D('',#4964,#3979,#3980);
#3405=AXIS2_PLACEMENT_3D('',#4971,#3984,#3985);
#3406=AXIS2_PLACEMENT_3D('',#4974,#3987,#3988);
#3407=AXIS2_PLACEMENT_3D('',#4975,#3989,#3990);
#3408=AXIS2_PLACEMENT_3D('',#4977,#3991,#3992);
#3409=AXIS2_PLACEMENT_3D('',#4980,#3994,#3995);
#3410=AXIS2_PLACEMENT_3D('',#4988,#4000,#4001);
#3411=AXIS2_PLACEMENT_3D('',#4994,#4005,#4006);
#3412=AXIS2_PLACEMENT_3D('',#4998,#4009,#4010);
#3413=AXIS2_PLACEMENT_3D('',#5000,#4012,#4013);
#3414=AXIS2_PLACEMENT_3D('',#5006,#4017,#4018);
#3415=AXIS2_PLACEMENT_3D('',#5010,#4021,#4022);
#3416=AXIS2_PLACEMENT_3D('',#5014,#4025,#4026);
#3417=AXIS2_PLACEMENT_3D('',#5016,#4028,#4029);
#3418=AXIS2_PLACEMENT_3D('',#5022,#4033,#4034);
#3419=AXIS2_PLACEMENT_3D('',#5026,#4037,#4038);
#3420=AXIS2_PLACEMENT_3D('',#5030,#4041,#4042);
#3421=AXIS2_PLACEMENT_3D('',#5032,#4044,#4045);
#3422=AXIS2_PLACEMENT_3D('',#5038,#4049,#4050);
#3423=AXIS2_PLACEMENT_3D('',#5044,#4054,#4055);
#3424=AXIS2_PLACEMENT_3D('',#5050,#4059,#4060);
#3425=AXIS2_PLACEMENT_3D('',#5052,#4062,#4063);
#3426=AXIS2_PLACEMENT_3D('',#5053,#4064,#4065);
#3427=AXIS2_PLACEMENT_3D('',#5055,#4066,#4067);
#3428=AXIS2_PLACEMENT_3D('',#5056,#4068,#4069);
#3429=AXIS2_PLACEMENT_3D('',#5060,#4071,#4072);
#3430=AXIS2_PLACEMENT_3D('',#5061,#4073,#4074);
#3431=AXIS2_PLACEMENT_3D('',#5078,#4083,#4084);
#3432=AXIS2_PLACEMENT_3D('',#5081,#4085,#4086);
#3433=AXIS2_PLACEMENT_3D('',#5082,#4087,#4088);
#3434=AXIS2_PLACEMENT_3D('',#5086,#4090,#4091);
#3435=AXIS2_PLACEMENT_3D('',#5090,#4093,#4094);
#3436=AXIS2_PLACEMENT_3D('',#5092,#4095,#4096);
#3437=AXIS2_PLACEMENT_3D('',#5094,#4097,#4098);
#3438=AXIS2_PLACEMENT_3D('',#5096,#4099,#4100);
#3439=AXIS2_PLACEMENT_3D('',#5112,#4108,#4109);
#3440=AXIS2_PLACEMENT_3D('',#5114,#4110,#4111);
#3441=AXIS2_PLACEMENT_3D('',#5116,#4112,#4113);
#3442=AXIS2_PLACEMENT_3D('',#5118,#4114,#4115);
#3443=AXIS2_PLACEMENT_3D('',#5122,#4117,#4118);
#3444=AXIS2_PLACEMENT_3D('',#5126,#4120,#4121);
#3445=AXIS2_PLACEMENT_3D('',#5128,#4122,#4123);
#3446=AXIS2_PLACEMENT_3D('',#5129,#4124,#4125);
#3447=AXIS2_PLACEMENT_3D('',#5131,#4126,#4127);
#3448=AXIS2_PLACEMENT_3D('',#5133,#4128,#4129);
#3449=AXIS2_PLACEMENT_3D('',#5134,#4130,#4131);
#3450=AXIS2_PLACEMENT_3D('',#5136,#4132,#4133);
#3451=AXIS2_PLACEMENT_3D('',#5138,#4134,#4135);
#3452=AXIS2_PLACEMENT_3D('',#5139,#4136,#4137);
#3453=AXIS2_PLACEMENT_3D('',#5140,#4138,#4139);
#3454=AXIS2_PLACEMENT_3D('',#5141,#4140,#4141);
#3455=AXIS2_PLACEMENT_3D('',#5144,#4143,#4144);
#3456=AXIS2_PLACEMENT_3D('',#5145,#4145,#4146);
#3457=AXIS2_PLACEMENT_3D('',#5180,#4148,#4149);
#3458=AXIS2_PLACEMENT_3D('',#5182,#4150,#4151);
#3459=AXIS2_PLACEMENT_3D('',#5183,#4152,#4153);
#3460=AXIS2_PLACEMENT_3D('',#5190,#4157,#4158);
#3461=AXIS2_PLACEMENT_3D('',#5192,#4159,#4160);
#3462=AXIS2_PLACEMENT_3D('',#5194,#4161,#4162);
#3463=AXIS2_PLACEMENT_3D('',#5195,#4163,#4164);
#3464=AXIS2_PLACEMENT_3D('',#5197,#4165,#4166);
#3465=AXIS2_PLACEMENT_3D('',#5199,#4167,#4168);
#3466=AXIS2_PLACEMENT_3D('',#5200,#4169,#4170);
#3467=AXIS2_PLACEMENT_3D('',#5202,#4171,#4172);
#3468=AXIS2_PLACEMENT_3D('',#5204,#4173,#4174);
#3469=AXIS2_PLACEMENT_3D('',#5211,#4178,#4179);
#3470=AXIS2_PLACEMENT_3D('',#5212,#4180,#4181);
#3471=AXIS2_PLACEMENT_3D('',#5214,#4182,#4183);
#3472=AXIS2_PLACEMENT_3D('',#5256,#4186,#4187);
#3473=AXIS2_PLACEMENT_3D('',#5257,#4188,#4189);
#3474=AXIS2_PLACEMENT_3D('',#5259,#4190,#4191);
#3475=AXIS2_PLACEMENT_3D('',#5260,#4192,#4193);
#3476=AXIS2_PLACEMENT_3D('',#5262,#4194,#4195);
#3477=AXIS2_PLACEMENT_3D('',#5264,#4196,#4197);
#3478=AXIS2_PLACEMENT_3D('',#5265,#4198,#4199);
#3479=AXIS2_PLACEMENT_3D('',#5267,#4200,#4201);
#3480=AXIS2_PLACEMENT_3D('',#5269,#4202,#4203);
#3481=AXIS2_PLACEMENT_3D('',#5270,#4204,#4205);
#3482=AXIS2_PLACEMENT_3D('',#5272,#4206,#4207);
#3483=AXIS2_PLACEMENT_3D('',#5281,#4209,#4210);
#3484=AXIS2_PLACEMENT_3D('',#5283,#4212,#4213);
#3485=AXIS2_PLACEMENT_3D('',#5285,#4215,#4216);
#3486=AXIS2_PLACEMENT_3D('',#5287,#4218,#4219);
#3487=AXIS2_PLACEMENT_3D('',#5289,#4221,#4222);
#3488=AXIS2_PLACEMENT_3D('',#5292,#4224,#4225);
#3489=AXIS2_PLACEMENT_3D('',#5293,#4226,#4227);
#3490=AXIS2_PLACEMENT_3D('',#5302,#4232,#4233);
#3491=AXIS2_PLACEMENT_3D('',#5305,#4234,#4235);
#3492=AXIS2_PLACEMENT_3D('',#5309,#4237,#4238);
#3493=AXIS2_PLACEMENT_3D('',#5313,#4240,#4241);
#3494=AXIS2_PLACEMENT_3D('',#5317,#4243,#4244);
#3495=AXIS2_PLACEMENT_3D('',#5319,#4245,#4246);
#3496=AXIS2_PLACEMENT_3D('',#5321,#4247,#4248);
#3497=AXIS2_PLACEMENT_3D('',#5322,#4249,#4250);
#3498=AXIS2_PLACEMENT_3D('',#5324,#4251,#4252);
#3499=AXIS2_PLACEMENT_3D('',#5325,#4253,#4254);
#3500=AXIS2_PLACEMENT_3D('',#5326,#4255,#4256);
#3501=AXIS2_PLACEMENT_3D('',#5328,#4258,#4259);
#3502=AXIS2_PLACEMENT_3D('',#5330,#4261,#4262);
#3503=AXIS2_PLACEMENT_3D('',#5332,#4264,#4265);
#3504=AXIS2_PLACEMENT_3D('',#5334,#4267,#4268);
#3505=AXIS2_PLACEMENT_3D('',#5336,#4270,#4271);
#3506=AXIS2_PLACEMENT_3D('',#5339,#4274,#4275);
#3507=AXIS2_PLACEMENT_3D('',#5341,#4277,#4278);
#3508=AXIS2_PLACEMENT_3D('',#5343,#4280,#4281);
#3509=AXIS2_PLACEMENT_3D('',#5344,#4282,#4283);
#3510=AXIS2_PLACEMENT_3D('',#5347,#4286,#4287);
#3511=AXIS2_PLACEMENT_3D('',#5349,#4289,#4290);
#3512=AXIS2_PLACEMENT_3D('',#5351,#4292,#4293);
#3513=AXIS2_PLACEMENT_3D('',#5352,#4294,#4295);
#3514=AXIS2_PLACEMENT_3D('',#5355,#4298,#4299);
#3515=AXIS2_PLACEMENT_3D('',#5357,#4301,#4302);
#3516=AXIS2_PLACEMENT_3D('',#5359,#4304,#4305);
#3517=AXIS2_PLACEMENT_3D('',#5365,#4309,#4310);
#3518=AXIS2_PLACEMENT_3D('',#5368,#4313,#4314);
#3519=AXIS2_PLACEMENT_3D('',#5370,#4316,#4317);
#3520=AXIS2_PLACEMENT_3D('',#5372,#4319,#4320);
#3521=AXIS2_PLACEMENT_3D('',#5373,#4321,#4322);
#3522=AXIS2_PLACEMENT_3D('',#5374,#4323,#4324);
#3523=AXIS2_PLACEMENT_3D('',#5377,#4326,#4327);
#3524=AXIS2_PLACEMENT_3D('',#5378,#4328,#4329);
#3525=AXIS2_PLACEMENT_3D('',#5384,#4330,#4331);
#3526=AXIS2_PLACEMENT_3D('',#5385,#4332,#4333);
#3527=AXIS2_PLACEMENT_3D('',#5388,#4335,#4336);
#3528=AXIS2_PLACEMENT_3D('',#5390,#4337,#4338);
#3529=AXIS2_PLACEMENT_3D('',#5391,#4339,#4340);
#3530=AXIS2_PLACEMENT_3D('',#5393,#4341,#4342);
#3531=AXIS2_PLACEMENT_3D('',#5396,#4344,#4345);
#3532=AXIS2_PLACEMENT_3D('',#5402,#4346,#4347);
#3533=AXIS2_PLACEMENT_3D('',#5403,#4348,#4349);
#3534=AXIS2_PLACEMENT_3D('',#5404,#4350,#4351);
#3535=AXIS2_PLACEMENT_3D('',#5407,#4353,#4354);
#3536=AXIS2_PLACEMENT_3D('',#5408,#4355,#4356);
#3537=AXIS2_PLACEMENT_3D('',#5415,#4361,#4362);
#3538=AXIS2_PLACEMENT_3D('',#5418,#4364,#4365);
#3539=AXIS2_PLACEMENT_3D('',#5419,#4366,#4367);
#3540=AXIS2_PLACEMENT_3D('',#5420,#4368,#4369);
#3541=AXIS2_PLACEMENT_3D('',#5423,#4371,#4372);
#3542=AXIS2_PLACEMENT_3D('',#5424,#4373,#4374);
#3543=AXIS2_PLACEMENT_3D('',#5426,#4375,#4376);
#3544=AXIS2_PLACEMENT_3D('',#5428,#4378,#4379);
#3545=AXIS2_PLACEMENT_3D('',#5429,#4380,#4381);
#3546=AXIS2_PLACEMENT_3D('',#5437,#4383,#4384);
#3547=AXIS2_PLACEMENT_3D('',#5440,#4386,#4387);
#3548=AXIS2_PLACEMENT_3D('',#5441,#4388,#4389);
#3549=AXIS2_PLACEMENT_3D('',#5445,#4392,#4393);
#3550=AXIS2_PLACEMENT_3D('',#5446,#4394,#4395);
#3551=AXIS2_PLACEMENT_3D('',#5449,#4397,#4398);
#3552=AXIS2_PLACEMENT_3D('',#5450,#4399,#4400);
#3553=AXIS2_PLACEMENT_3D('',#5453,#4402,#4403);
#3554=AXIS2_PLACEMENT_3D('',#5455,#4405,#4406);
#3555=AXIS2_PLACEMENT_3D('',#5457,#4408,#4409);
#3556=AXIS2_PLACEMENT_3D('',#5460,#4411,#4412);
#3557=AXIS2_PLACEMENT_3D('',#5463,#4414,#4415);
#3558=AXIS2_PLACEMENT_3D('',#5464,#4416,#4417);
#3559=AXIS2_PLACEMENT_3D('',#5467,#4419,#4420);
#3560=AXIS2_PLACEMENT_3D('',#5471,#4423,#4424);
#3561=AXIS2_PLACEMENT_3D('',#5472,#4425,#4426);
#3562=AXIS2_PLACEMENT_3D('',#5475,#4428,#4429);
#3563=AXIS2_PLACEMENT_3D('',#5482,#4431,#4432);
#3564=AXIS2_PLACEMENT_3D('',#5483,#4433,#4434);
#3565=AXIS2_PLACEMENT_3D('',#5484,#4435,#4436);
#3566=AXIS2_PLACEMENT_3D('',#5485,#4437,#4438);
#3567=AXIS2_PLACEMENT_3D('',#5486,#4439,#4440);
#3568=AXIS2_PLACEMENT_3D('',#5487,#4441,#4442);
#3569=AXIS2_PLACEMENT_3D('',#5488,#4443,#4444);
#3570=AXIS2_PLACEMENT_3D('',#5489,#4445,#4446);
#3571=AXIS2_PLACEMENT_3D('',#5490,#4447,#4448);
#3572=AXIS2_PLACEMENT_3D('',#5491,#4449,#4450);
#3573=AXIS2_PLACEMENT_3D('',#5492,#4451,#4452);
#3574=AXIS2_PLACEMENT_3D('',#5505,#4453,#4454);
#3575=AXIS2_PLACEMENT_3D('',#5507,#4456,#4457);
#3576=AXIS2_PLACEMENT_3D('',#5510,#4460,#4461);
#3577=AXIS2_PLACEMENT_3D('',#5512,#4463,#4464);
#3578=AXIS2_PLACEMENT_3D('',#5513,#4465,#4466);
#3579=AXIS2_PLACEMENT_3D('',#5515,#4468,#4469);
#3580=AXIS2_PLACEMENT_3D('',#5518,#4472,#4473);
#3581=AXIS2_PLACEMENT_3D('',#5520,#4475,#4476);
#3582=AXIS2_PLACEMENT_3D('',#5533,#4477,#4478);
#3583=AXIS2_PLACEMENT_3D('',#5534,#4479,#4480);
#3584=AXIS2_PLACEMENT_3D('',#5535,#4481,#4482);
#3585=AXIS2_PLACEMENT_3D('',#5536,#4483,#4484);
#3586=AXIS2_PLACEMENT_3D('',#5537,#4485,#4486);
#3587=AXIS2_PLACEMENT_3D('',#5538,#4487,#4488);
#3588=AXIS2_PLACEMENT_3D('',#5539,#4489,#4490);
#3589=AXIS2_PLACEMENT_3D('',#5540,#4491,#4492);
#3590=AXIS2_PLACEMENT_3D('',#5541,#4493,#4494);
#3591=AXIS2_PLACEMENT_3D('',#5542,#4495,#4496);
#3592=AXIS2_PLACEMENT_3D('',#5543,#4497,#4498);
#3593=AXIS2_PLACEMENT_3D('',#5544,#4499,#4500);
#3594=AXIS2_PLACEMENT_3D('',#5545,#4501,#4502);
#3595=AXIS2_PLACEMENT_3D('',#5546,#4503,#4504);
#3596=AXIS2_PLACEMENT_3D('',#5547,#4505,#4506);
#3597=AXIS2_PLACEMENT_3D('',#5548,#4507,#4508);
#3598=AXIS2_PLACEMENT_3D('',#5549,#4509,#4510);
#3599=AXIS2_PLACEMENT_3D('',#5550,#4511,#4512);
#3600=AXIS2_PLACEMENT_3D('',#5551,#4513,#4514);
#3601=AXIS2_PLACEMENT_3D('',#5553,#4516,#4517);
#3602=AXIS2_PLACEMENT_3D('',#5554,#4518,#4519);
#3603=AXIS2_PLACEMENT_3D('',#5556,#4521,#4522);
#3604=DIRECTION('',(0.,0.,1.));
#3605=DIRECTION('',(1.,0.,0.));
#3606=DIRECTION('',(0.,-1.,0.));
#3607=DIRECTION('',(1.,0.,0.));
#3608=DIRECTION('',(-0.707106781186537,0.,-0.707106781186558));
#3609=DIRECTION('',(-0.707106781186549,0.,0.707106781186546));
#3610=DIRECTION('',(0.707106781224972,0.,0.707106781148123));
#3611=DIRECTION('',(0.707106781168012,0.,-0.707106781205083));
#3612=DIRECTION('',(0.707106781168012,0.,0.707106781205083));
#3613=DIRECTION('',(0.707106781199355,0.,-0.70710678117374));
#3614=DIRECTION('',(-0.707106781186553,0.,-0.707106781186542));
#3615=DIRECTION('',(-0.707106781237779,0.,0.707106781135316));
#3616=DIRECTION('',(0.707106781198905,0.,-0.707106781174191));
#3617=DIRECTION('',(-0.707106781212152,0.,-0.707106781160943));
#3618=DIRECTION('',(-0.707106781205083,0.,0.707106781168012));
#3619=DIRECTION('',(0.707106781173736,0.,0.70710678119936));
#3620=DIRECTION('',(0.707106781173745,0.,-0.70710678119935));
#3621=DIRECTION('',(-0.707106781155655,0.,-0.70710678121744));
#3622=DIRECTION('',(-0.707106781186531,0.,0.707106781186564));
#3623=DIRECTION('',(0.707106781174193,0.,0.707106781198902));
#3624=DIRECTION('',(0.,-1.,0.));
#3625=DIRECTION('',(1.,0.,0.));
#3626=DIRECTION('',(0.,1.,0.));
#3627=DIRECTION('',(-1.,0.,0.));
#3628=DIRECTION('',(0.,1.,0.));
#3629=DIRECTION('',(-1.,0.,0.));
#3630=DIRECTION('',(0.,1.,0.));
#3631=DIRECTION('',(-1.,0.,0.));
#3632=DIRECTION('',(0.,1.,0.));
#3633=DIRECTION('',(-1.,0.,0.));
#3634=DIRECTION('',(0.,1.,0.));
#3635=DIRECTION('',(-1.,0.,0.));
#3636=DIRECTION('',(0.,1.,0.));
#3637=DIRECTION('',(-1.,0.,0.));
#3638=DIRECTION('',(1.,0.,0.));
#3639=DIRECTION('',(0.,0.,1.));
#3640=DIRECTION('',(1.,0.,0.));
#3641=DIRECTION('',(0.,0.,1.));
#3642=DIRECTION('',(1.,0.,0.));
#3643=DIRECTION('',(0.,0.,1.));
#3644=DIRECTION('',(1.,0.,0.));
#3645=DIRECTION('',(0.,0.,1.));
#3646=DIRECTION('',(1.,0.,0.));
#3647=DIRECTION('',(0.,0.,1.));
#3648=DIRECTION('',(1.,0.,0.));
#3649=DIRECTION('',(0.,0.,1.));
#3650=DIRECTION('',(0.,0.,1.));
#3651=DIRECTION('',(1.,0.,0.));
#3652=DIRECTION('',(0.,0.,1.));
#3653=DIRECTION('',(1.,0.,0.));
#3654=DIRECTION('',(1.,0.,0.));
#3655=DIRECTION('',(0.,0.,1.));
#3656=DIRECTION('',(1.,0.,0.));
#3657=DIRECTION('',(0.,0.,1.));
#3658=DIRECTION('',(0.,0.,1.));
#3659=DIRECTION('',(1.,0.,0.));
#3660=DIRECTION('',(0.,0.,1.));
#3661=DIRECTION('',(1.,0.,0.));
#3662=DIRECTION('',(0.,0.,1.));
#3663=DIRECTION('',(1.,0.,0.));
#3664=DIRECTION('',(0.,0.,1.));
#3665=DIRECTION('',(1.,0.,0.));
#3666=DIRECTION('',(0.,0.,1.));
#3667=DIRECTION('',(1.,0.,0.));
#3668=DIRECTION('',(0.,0.,1.));
#3669=DIRECTION('',(1.,0.,0.));
#3670=DIRECTION('',(0.,0.,1.));
#3671=DIRECTION('',(1.,0.,0.));
#3672=DIRECTION('',(0.,0.,1.));
#3673=DIRECTION('',(1.,0.,0.));
#3674=DIRECTION('',(1.,0.,0.));
#3675=DIRECTION('',(0.,0.,1.));
#3676=DIRECTION('',(1.,0.,0.));
#3677=DIRECTION('',(0.,0.,1.));
#3678=DIRECTION('',(0.,-1.,0.));
#3679=DIRECTION('',(1.,0.,0.));
#3680=DIRECTION('',(0.931936079454905,0.,0.362622591422846));
#3681=DIRECTION('',(0.,0.,1.));
#3682=DIRECTION('',(-0.931936079454905,0.,0.362622591422846));
#3683=DIRECTION('',(0.5,-0.70710678118655,0.5));
#3684=DIRECTION('',(0.816496580927728,0.577350269189623,0.));
#3685=DIRECTION('',(-0.707106781186549,-2.50427132228857E-15,0.707106781186546));
#3686=DIRECTION('',(0.816496580927728,0.577350269189623,0.));
#3687=DIRECTION('',(0.,0.577350269189624,0.816496580927727));
#3688=DIRECTION('',(-0.5,-0.707106781186549,0.5));
#3689=DIRECTION('',(0.816496580927727,-0.577350269189624,0.));
#3690=DIRECTION('',(0.816496580927727,-0.577350269189624,0.));
#3691=DIRECTION('',(-0.707106781186543,-6.10818125383387E-15,-0.707106781186552));
#3692=DIRECTION('',(-0.500000000013108,-0.707106781186546,-0.499999999986894));
#3693=DIRECTION('',(0.81649658092059,-0.577350269199717,0.));
#3694=DIRECTION('',(0.707106781168015,-4.78757752803014E-15,-0.707106781205081));
#3695=DIRECTION('',(-3.28506125593559E-11,0.577350269195024,-0.816496580923909));
#3696=DIRECTION('',(0.499999999972827,-0.707106781186546,-0.500000000027175));
#3697=DIRECTION('',(0.,0.577350269210546,-0.816496580912933));
#3698=DIRECTION('',(0.707106781224978,1.67974984471304E-15,0.707106781148117));
#3699=DIRECTION('',(-0.499999999990939,-0.707106781186552,-0.500000000009055));
#3700=DIRECTION('',(0.,0.577350269196594,-0.816496580922798));
#3701=DIRECTION('',(0.,0.577350269196594,-0.816496580922798));
#3702=DIRECTION('',(0.707106781199362,-5.65006765948943E-15,-0.707106781173733));
#3703=DIRECTION('',(0.816496580930238,-0.577350269186073,7.2611872271858E-12));
#3704=DIRECTION('',(0.500000000013104,-0.707106781186552,-0.49999999998689));
#3705=DIRECTION('',(0.816496580920595,0.577350269199711,0.));
#3706=DIRECTION('',(0.70710678116801,-9.57515505572555E-16,0.707106781205085));
#3707=DIRECTION('',(0.816496580920595,0.577350269199711,0.));
#3708=DIRECTION('',(0.499999999963766,-0.707106781186551,0.500000000036229));
#3709=DIRECTION('',(0.,-0.577350269217513,-0.816496580908007));
#3710=DIRECTION('',(-0.707106781237787,-6.10818125383402E-16,0.707106781135308));
#3711=DIRECTION('',(0.,-0.577350269217513,-0.816496580908007));
#3712=DIRECTION('',(-0.5,-0.70710678118655,0.5));
#3713=DIRECTION('',(0.816496580927728,-0.577350269189623,0.));
#3714=DIRECTION('',(-0.707106781186546,-2.28330620565594E-15,-0.707106781186549));
#3715=DIRECTION('',(-0.499999999981884,-0.707106781186548,0.500000000018116));
#3716=DIRECTION('',(0.,-0.577350269203571,-0.816496580917865));
#3717=DIRECTION('',(-0.707106781212167,-1.22163625072253E-15,-0.707106781160929));
#3718=DIRECTION('',(0.,-0.577350269203571,-0.816496580917865));
#3719=DIRECTION('',(-0.816496580935071,0.577350269179239,7.54662700085463E-12));
#3720=DIRECTION('',(-0.499999999991258,-0.707106781186553,-0.500000000008734));
#3721=DIRECTION('',(0.,0.577350269196346,-0.816496580922974));
#3722=DIRECTION('',(0.,0.577350269196346,-0.816496580922974));
#3723=DIRECTION('',(0.707106781198905,8.83860466674629E-16,-0.707106781174191));
#3724=DIRECTION('',(0.500000000009057,-0.70710678118655,-0.499999999990941));
#3725=DIRECTION('',(0.816496580922797,0.577350269196597,0.));
#3726=DIRECTION('',(0.707106781173742,6.26088578483949E-15,0.707106781199353));
#3727=DIRECTION('',(0.816496580922797,0.577350269196597,0.));
#3728=DIRECTION('',(0.499999999986898,-0.70710678118654,0.500000000013112));
#3729=DIRECTION('',(0.,-0.577350269199723,-0.816496580920586));
#3730=DIRECTION('',(-0.707106781205085,-1.2521356611552E-15,0.707106781168011));
#3731=DIRECTION('',(-0.500000000021846,-0.707106781186546,0.499999999978156));
#3732=DIRECTION('',(0.816496580915834,-0.577350269206444,0.));
#3733=DIRECTION('',(-0.707106781155654,2.20965116678309E-16,-0.707106781217441));
#3734=DIRECTION('',(1.78775437247117E-11,-0.577350269181238,-0.816496580933657));
#3735=DIRECTION('',(0.816496580915834,-0.577350269206444,0.));
#3736=DIRECTION('',(-0.500000000009056,-0.70710678118655,-0.49999999999094));
#3737=DIRECTION('',(0.816496580922798,-0.577350269196596,0.));
#3738=DIRECTION('',(0.707106781173742,-5.95547672216439E-15,-0.707106781199353));
#3739=DIRECTION('',(-2.85439773756675E-13,0.577350269182782,-0.816496580932565));
#3740=DIRECTION('',(0.500000000008737,-0.707106781186549,-0.499999999991261));
#3741=DIRECTION('',(0.816496580922971,0.577350269196351,0.));
#3742=DIRECTION('',(0.816496580922971,0.577350269196351,0.));
#3743=DIRECTION('',(0.707106781174189,-2.06234108897955E-15,0.707106781198906));
#3744=DIRECTION('',(0.5,-0.707106781186547,0.5));
#3745=DIRECTION('',(0.,-0.577350269189626,-0.816496580927726));
#3746=DIRECTION('',(-0.707106781186543,6.41359031582853E-15,0.707106781186552));
#3747=DIRECTION('',(0.,-1.,0.));
#3748=DIRECTION('',(1.,0.,0.));
#3749=DIRECTION('',(0.,-1.,0.));
#3750=DIRECTION('',(1.,0.,0.));
#3751=DIRECTION('',(0.,1.,0.));
#3752=DIRECTION('',(-1.,0.,0.));
#3753=DIRECTION('',(0.,1.,0.));
#3754=DIRECTION('',(-1.,0.,0.));
#3755=DIRECTION('',(0.,1.,0.));
#3756=DIRECTION('',(0.,1.,0.));
#3757=DIRECTION('',(-1.,0.,0.));
#3758=DIRECTION('',(0.,1.,0.));
#3759=DIRECTION('',(0.,1.,0.));
#3760=DIRECTION('',(-1.,0.,0.));
#3761=DIRECTION('',(0.,1.,0.));
#3762=DIRECTION('',(-1.,0.,0.));
#3763=DIRECTION('',(0.,1.,0.));
#3764=DIRECTION('',(0.,1.,0.));
#3765=DIRECTION('',(-1.,0.,0.));
#3766=DIRECTION('',(0.,1.,0.));
#3767=DIRECTION('',(0.,1.,0.));
#3768=DIRECTION('',(-1.,0.,0.));
#3769=DIRECTION('',(0.,1.,0.));
#3770=DIRECTION('',(-1.,0.,0.));
#3771=DIRECTION('',(0.,1.,0.));
#3772=DIRECTION('',(0.,1.,0.));
#3773=DIRECTION('',(-1.,0.,0.));
#3774=DIRECTION('',(0.,1.,0.));
#3775=DIRECTION('',(0.,1.,0.));
#3776=DIRECTION('',(-1.,0.,0.));
#3777=DIRECTION('',(0.,1.,0.));
#3778=DIRECTION('',(-1.,0.,0.));
#3779=DIRECTION('',(0.,1.,0.));
#3780=DIRECTION('',(0.,1.,0.));
#3781=DIRECTION('',(-1.,0.,0.));
#3782=DIRECTION('',(0.,1.,0.));
#3783=DIRECTION('',(0.,1.,0.));
#3784=DIRECTION('',(-1.,0.,0.));
#3785=DIRECTION('',(0.,1.,0.));
#3786=DIRECTION('',(-1.,0.,0.));
#3787=DIRECTION('',(0.,1.,0.));
#3788=DIRECTION('',(0.,1.,0.));
#3789=DIRECTION('',(-1.,0.,0.));
#3790=DIRECTION('',(0.,1.,0.));
#3791=DIRECTION('',(0.,1.,0.));
#3792=DIRECTION('',(-1.,0.,0.));
#3793=DIRECTION('',(0.,1.,0.));
#3794=DIRECTION('',(-1.,0.,0.));
#3795=DIRECTION('',(0.,1.,0.));
#3796=DIRECTION('',(0.,1.,0.));
#3797=DIRECTION('',(-1.,0.,0.));
#3798=DIRECTION('',(0.,1.,0.));
#3799=DIRECTION('',(-1.,0.,0.));
#3800=DIRECTION('',(0.,-1.,0.));
#3801=DIRECTION('',(0.,-1.,0.));
#3802=DIRECTION('',(0.,-1.,0.));
#3803=DIRECTION('',(0.,0.,1.));
#3804=DIRECTION('',(0.,0.,-1.));
#3805=DIRECTION('',(0.,1.,0.));
#3806=DIRECTION('',(0.,1.,0.));
#3807=DIRECTION('',(1.,0.,0.));
#3808=DIRECTION('',(1.,0.,0.));
#3809=DIRECTION('',(0.,1.,0.));
#3810=DIRECTION('',(0.,1.,0.));
#3811=DIRECTION('',(0.,0.,1.));
#3812=DIRECTION('',(0.,0.,1.));
#3813=DIRECTION('',(0.,-1.,0.));
#3814=DIRECTION('',(1.,0.,0.));
#3815=DIRECTION('',(1.,0.,0.));
#3816=DIRECTION('',(0.,1.,0.));
#3817=DIRECTION('',(0.,1.,0.));
#3818=DIRECTION('',(0.,1.,0.));
#3819=DIRECTION('',(0.,0.,1.));
#3820=DIRECTION('',(0.,0.,1.));
#3821=DIRECTION('',(0.,-1.,0.));
#3822=DIRECTION('',(0.,-1.,0.));
#3823=DIRECTION('',(1.,0.,0.));
#3824=DIRECTION('',(-1.,0.,0.));
#3825=DIRECTION('',(0.,-1.,0.));
#3826=DIRECTION('',(0.,-1.,0.));
#3827=DIRECTION('',(0.,0.,1.));
#3828=DIRECTION('',(0.,0.,-1.));
#3829=DIRECTION('',(0.,1.,0.));
#3830=DIRECTION('',(1.,0.,0.));
#3831=DIRECTION('',(-1.,0.,0.));
#3832=DIRECTION('',(0.,-1.,0.));
#3833=DIRECTION('',(0.,-1.,0.));
#3834=DIRECTION('',(0.,-1.,0.));
#3835=DIRECTION('',(0.,0.,1.));
#3836=DIRECTION('',(0.,0.,-1.));
#3837=DIRECTION('',(0.,1.,0.));
#3838=DIRECTION('',(0.,1.,0.));
#3839=DIRECTION('',(1.,0.,0.));
#3840=DIRECTION('',(1.,0.,0.));
#3841=DIRECTION('',(0.,1.,0.));
#3842=DIRECTION('',(0.,1.,0.));
#3843=DIRECTION('',(0.,0.,1.));
#3844=DIRECTION('',(0.,0.,1.));
#3845=DIRECTION('',(0.,-1.,0.));
#3846=DIRECTION('',(1.,0.,0.));
#3847=DIRECTION('',(0.,0.,-1.));
#3848=DIRECTION('',(0.,1.,0.));
#3849=DIRECTION('',(0.,1.,0.));
#3850=DIRECTION('',(0.,1.,0.));
#3851=DIRECTION('',(1.,0.,0.));
#3852=DIRECTION('',(1.,0.,0.));
#3853=DIRECTION('',(0.,1.,0.));
#3854=DIRECTION('',(0.,1.,0.));
#3855=DIRECTION('',(0.,0.,1.));
#3856=DIRECTION('',(0.,0.,1.));
#3857=DIRECTION('',(0.,-1.,0.));
#3858=DIRECTION('',(0.,-1.,0.));
#3859=DIRECTION('',(1.,0.,0.));
#3860=DIRECTION('',(-1.,0.,0.));
#3861=DIRECTION('',(0.,-1.,0.));
#3862=DIRECTION('',(0.,0.,1.));
#3863=DIRECTION('',(1.,0.,0.));
#3864=DIRECTION('',(0.,1.,0.));
#3865=DIRECTION('',(0.,1.,0.));
#3866=DIRECTION('',(0.,1.,0.));
#3867=DIRECTION('',(0.,0.,1.));
#3868=DIRECTION('',(0.,0.,1.));
#3869=DIRECTION('',(0.,-1.,0.));
#3870=DIRECTION('',(0.,-1.,0.));
#3871=DIRECTION('',(1.,0.,0.));
#3872=DIRECTION('',(-1.,0.,0.));
#3873=DIRECTION('',(0.,-1.,0.));
#3874=DIRECTION('',(0.,-1.,0.));
#3875=DIRECTION('',(0.,0.,1.));
#3876=DIRECTION('',(0.,0.,-1.));
#3877=DIRECTION('',(0.,1.,0.));
#3878=DIRECTION('',(1.,0.,0.));
#3879=DIRECTION('',(0.,0.,-1.));
#3880=DIRECTION('',(0.,1.,0.));
#3881=DIRECTION('',(0.,1.,0.));
#3882=DIRECTION('',(0.,1.,0.));
#3883=DIRECTION('',(1.,0.,0.));
#3884=DIRECTION('',(1.,0.,0.));
#3885=DIRECTION('',(0.,1.,0.));
#3886=DIRECTION('',(0.,1.,0.));
#3887=DIRECTION('',(0.,0.,1.));
#3888=DIRECTION('',(0.,0.,1.));
#3889=DIRECTION('',(0.,-1.,0.));
#3890=DIRECTION('',(0.,-1.,0.));
#3891=DIRECTION('',(1.,0.,0.));
#3892=DIRECTION('',(-1.,0.,0.));
#3893=DIRECTION('',(0.,-1.,0.));
#3894=DIRECTION('',(0.,0.,1.));
#3895=DIRECTION('',(0.,-0.707106781186548,-0.707106781186548));
#3896=DIRECTION('',(0.,0.707106781186548,-0.707106781186548));
#3897=DIRECTION('',(0.577350269189622,0.577350269189627,-0.577350269189627));
#3898=DIRECTION('',(1.,0.,0.));
#3899=DIRECTION('',(0.577350269189622,-0.577350269189627,0.577350269189627));
#3900=DIRECTION('',(0.707106781186548,-0.707106781186548,0.));
#3901=DIRECTION('',(0.707106781186548,0.707106781186548,0.));
#3902=DIRECTION('',(0.,0.,1.));
#3903=DIRECTION('',(0.577350269189624,0.577350269189628,0.577350269189626));
#3904=DIRECTION('',(0.,-0.707106781186548,0.707106781186548));
#3905=DIRECTION('',(0.,-0.707106781186548,-0.707106781186548));
#3906=DIRECTION('',(1.,0.,0.));
#3907=DIRECTION('',(-0.577350269189622,0.577350269189627,0.577350269189627));
#3908=DIRECTION('',(-0.707106781186548,-0.707106781186548,0.));
#3909=DIRECTION('',(0.707106781186548,-0.707106781186548,0.));
#3910=DIRECTION('',(0.,0.,1.));
#3911=DIRECTION('',(0.,-0.707106781186548,0.707106781186548));
#3912=DIRECTION('',(0.,-0.707106781186548,-0.707106781186548));
#3913=DIRECTION('',(1.,0.,0.));
#3914=DIRECTION('',(-0.577350269189623,-0.577350269189627,-0.577350269189628));
#3915=DIRECTION('',(-0.577350269189621,0.577350269189627,0.577350269189629));
#3916=DIRECTION('',(-0.707106781186548,-0.707106781186548,0.));
#3917=DIRECTION('',(0.707106781186548,-0.707106781186548,0.));
#3918=DIRECTION('',(0.,0.,1.));
#3919=DIRECTION('',(-0.577350269189627,0.577350269189627,-0.577350269189623));
#3920=DIRECTION('',(0.,-0.707106781186548,-0.707106781186548));
#3921=DIRECTION('',(0.,0.707106781186548,-0.707106781186548));
#3922=DIRECTION('',(0.577350269189625,0.577350269189628,-0.577350269189625));
#3923=DIRECTION('',(1.,0.,0.));
#3924=DIRECTION('',(0.707106781186546,-0.707106781186549,0.));
#3925=DIRECTION('',(0.707106781186549,0.707106781186546,0.));
#3926=DIRECTION('',(0.,0.,1.));
#3927=DIRECTION('',(1.3821236432084E-16,-0.707106781186549,0.707106781186547));
#3928=DIRECTION('',(0.,-0.707106781186547,-0.707106781186549));
#3929=DIRECTION('',(1.,9.77309000550917E-17,-9.77309000550914E-17));
#3930=DIRECTION('',(-0.577350269189623,-0.577350269189627,-0.577350269189627));
#3931=DIRECTION('',(-0.577350269189614,0.577350269189632,0.577350269189632));
#3932=DIRECTION('',(-0.707106781186548,-0.707106781186548,0.));
#3933=DIRECTION('',(0.707106781186548,-0.707106781186548,0.));
#3934=DIRECTION('',(0.,0.,1.));
#3935=DIRECTION('',(-0.577350269189624,0.577350269189628,-0.577350269189626));
#3936=DIRECTION('',(-1.3821236432084E-16,-0.707106781186548,-0.707106781186548));
#3937=DIRECTION('',(0.,0.707106781186548,-0.707106781186548));
#3938=DIRECTION('',(0.577350269189622,0.577350269189627,-0.577350269189627));
#3939=DIRECTION('',(1.,-9.77309000550915E-17,-9.77309000550915E-17));
#3940=DIRECTION('',(0.707106781186548,-0.707106781186548,0.));
#3941=DIRECTION('',(0.707106781186548,0.707106781186548,0.));
#3942=DIRECTION('',(0.,0.,1.));
#3943=DIRECTION('',(-0.707106781186548,-0.707106781186548,0.));
#3944=DIRECTION('',(0.707106781186548,-0.707106781186548,0.));
#3945=DIRECTION('',(0.,0.,1.));
#3946=DIRECTION('',(0.577350269189626,-0.577350269189628,-0.577350269189623));
#3947=DIRECTION('',(-0.577350269189626,0.577350269189628,-0.577350269189623));
#3948=DIRECTION('',(0.,-0.707106781186548,-0.707106781186548));
#3949=DIRECTION('',(0.,0.707106781186548,-0.707106781186548));
#3950=DIRECTION('',(1.,0.,0.));
#3951=DIRECTION('',(0.577350269189623,0.577350269189627,-0.577350269189628));
#3952=DIRECTION('',(0.70710678118655,-0.707106781186546,0.));
#3953=DIRECTION('',(0.707106781186546,0.70710678118655,0.));
#3954=DIRECTION('',(0.,0.,1.));
#3955=DIRECTION('',(0.577350269189626,0.577350269189628,0.577350269189623));
#3956=DIRECTION('',(0.,-0.707106781186548,0.707106781186548));
#3957=DIRECTION('',(0.,-0.707106781186548,-0.707106781186548));
#3958=DIRECTION('',(1.,0.,0.));
#3959=DIRECTION('',(0.362622591422847,0.,-0.931936079454905));
#3960=DIRECTION('',(0.931936079454905,0.,0.362622591422847));
#3961=DIRECTION('',(0.,-1.,0.));
#3962=DIRECTION('',(0.931936079454905,0.,0.362622591422847));
#3963=DIRECTION('',(0.,-1.,0.));
#3964=DIRECTION('',(0.931936079454905,0.,0.362622591422847));
#3965=DIRECTION('',(0.,-1.,0.));
#3966=DIRECTION('',(0.362622591422847,0.,-0.931936079454905));
#3967=DIRECTION('',(-0.931936079454905,0.,-0.362622591422847));
#3968=DIRECTION('',(0.,-1.,0.));
#3969=DIRECTION('',(1.,0.,0.));
#3970=DIRECTION('',(0.,-1.,0.));
#3971=DIRECTION('',(0.,-1.,0.));
#3972=DIRECTION('',(1.,0.,0.));
#3973=DIRECTION('',(0.,-1.,-3.4656347537245E-16));
#3974=DIRECTION('',(0.,-1.,0.));
#3975=DIRECTION('',(1.,0.,0.));
#3976=DIRECTION('',(0.,-1.,-3.4656347537245E-16));
#3977=DIRECTION('',(0.,-1.,0.));
#3978=DIRECTION('',(1.,0.,0.));
#3979=DIRECTION('',(0.362622591422847,0.,0.931936079454905));
#3980=DIRECTION('',(-0.931936079454905,0.,0.362622591422847));
#3981=DIRECTION('',(-0.931936079454905,0.,0.362622591422847));
#3982=DIRECTION('',(0.,-1.,0.));
#3983=DIRECTION('',(-0.931936079454905,0.,0.362622591422847));
#3984=DIRECTION('',(0.362622591422847,0.,0.931936079454905));
#3985=DIRECTION('',(0.931936079454905,0.,-0.362622591422847));
#3986=DIRECTION('',(0.,-1.,0.));
#3987=DIRECTION('',(0.,0.,-1.));
#3988=DIRECTION('',(0.,1.,0.));
#3989=DIRECTION('',(0.,-0.707106781186548,-0.707106781186548));
#3990=DIRECTION('',(0.,0.707106781186548,-0.707106781186548));
#3991=DIRECTION('',(0.,0.707106781186548,-0.707106781186548));
#3992=DIRECTION('',(0.,-0.707106781186548,-0.707106781186548));
#3993=DIRECTION('',(0.,0.,-1.));
#3994=DIRECTION('',(-0.707106781186548,0.,-0.707106781186548));
#3995=DIRECTION('',(0.707106781186548,0.,-0.707106781186548));
#3996=DIRECTION('',(0.,-1.,0.));
#3997=DIRECTION('',(0.707106781186548,0.,-0.707106781186548));
#3998=DIRECTION('',(0.707106781186548,0.,-0.707106781186548));
#3999=DIRECTION('',(0.,-1.,0.));
#4000=DIRECTION('',(0.707106781186548,0.,-0.707106781186548));
#4001=DIRECTION('',(0.707106781186548,0.,0.707106781186548));
#4002=DIRECTION('',(0.,-1.,0.));
#4003=DIRECTION('',(0.707106781186548,0.,0.707106781186548));
#4004=DIRECTION('',(0.707106781186548,0.,0.707106781186548));
#4005=DIRECTION('',(0.707106781205083,0.,0.707106781168012));
#4006=DIRECTION('',(-0.707106781168012,0.,0.707106781205083));
#4007=DIRECTION('',(0.,-1.,0.));
#4008=DIRECTION('',(-0.707106781168012,0.,0.707106781205083));
#4009=DIRECTION('',(-0.707106781148118,0.,0.707106781224977));
#4010=DIRECTION('',(-0.707106781224977,0.,-0.707106781148118));
#4011=DIRECTION('',(-0.707106781224977,0.,-0.707106781148118));
#4012=DIRECTION('',(0.707106781173738,0.,0.707106781199357));
#4013=DIRECTION('',(-0.707106781199357,0.,0.707106781173738));
#4014=DIRECTION('',(0.,-1.,0.));
#4015=DIRECTION('',(-0.707106781199357,0.,0.707106781173738));
#4016=DIRECTION('',(0.,-1.,0.));
#4017=DIRECTION('',(-0.707106781205084,0.,0.707106781168012));
#4018=DIRECTION('',(-0.707106781168012,0.,-0.707106781205084));
#4019=DIRECTION('',(0.,-1.,0.));
#4020=DIRECTION('',(-0.707106781168012,0.,-0.707106781205084));
#4021=DIRECTION('',(-0.707106781135308,0.,-0.707106781237787));
#4022=DIRECTION('',(0.707106781237787,0.,-0.707106781135308));
#4023=DIRECTION('',(0.,-1.,0.));
#4024=DIRECTION('',(0.707106781237787,0.,-0.707106781135308));
#4025=DIRECTION('',(0.707106781186548,0.,-0.707106781186548));
#4026=DIRECTION('',(0.707106781186548,0.,0.707106781186548));
#4027=DIRECTION('',(0.707106781186548,0.,0.707106781186548));
#4028=DIRECTION('',(0.707106781160928,0.,-0.707106781212167));
#4029=DIRECTION('',(0.707106781212167,0.,0.707106781160928));
#4030=DIRECTION('',(0.,-1.,0.));
#4031=DIRECTION('',(0.707106781212167,0.,0.707106781160928));
#4032=DIRECTION('',(0.,-1.,0.));
#4033=DIRECTION('',(0.70710678117419,0.,0.707106781198905));
#4034=DIRECTION('',(-0.707106781198905,0.,0.70710678117419));
#4035=DIRECTION('',(0.,-1.,0.));
#4036=DIRECTION('',(-0.707106781198905,0.,0.70710678117419));
#4037=DIRECTION('',(-0.707106781199357,0.,0.707106781173738));
#4038=DIRECTION('',(-0.707106781173738,0.,-0.707106781199357));
#4039=DIRECTION('',(0.,-1.,0.));
#4040=DIRECTION('',(-0.707106781173738,0.,-0.707106781199357));
#4041=DIRECTION('',(-0.707106781168012,0.,-0.707106781205083));
#4042=DIRECTION('',(0.707106781205083,0.,-0.707106781168012));
#4043=DIRECTION('',(0.707106781205083,0.,-0.707106781168012));
#4044=DIRECTION('',(0.707106781217441,0.,-0.707106781155654));
#4045=DIRECTION('',(0.707106781155654,0.,0.707106781217441));
#4046=DIRECTION('',(0.,-1.,0.));
#4047=DIRECTION('',(0.707106781155654,0.,0.707106781217441));
#4048=DIRECTION('',(0.,-1.,0.));
#4049=DIRECTION('',(0.707106781199357,0.,0.707106781173738));
#4050=DIRECTION('',(-0.707106781173738,0.,0.707106781199357));
#4051=DIRECTION('',(0.,-1.,0.));
#4052=DIRECTION('',(-0.707106781173738,0.,0.707106781199357));
#4053=DIRECTION('',(-0.707106781173738,0.,0.707106781199357));
#4054=DIRECTION('',(-0.707106781198905,0.,0.70710678117419));
#4055=DIRECTION('',(-0.70710678117419,0.,-0.707106781198905));
#4056=DIRECTION('',(0.,-1.,0.));
#4057=DIRECTION('',(-0.70710678117419,0.,-0.707106781198905));
#4058=DIRECTION('',(-0.70710678117419,0.,-0.707106781198905));
#4059=DIRECTION('',(-0.707106781186548,0.,-0.707106781186548));
#4060=DIRECTION('',(0.707106781186548,0.,-0.707106781186548));
#4061=DIRECTION('',(0.707106781186548,0.,-0.707106781186548));
#4062=DIRECTION('',(0.,-1.,0.));
#4063=DIRECTION('',(1.,0.,0.));
#4064=DIRECTION('',(0.,-1.,0.));
#4065=DIRECTION('',(1.,0.,0.));
#4066=DIRECTION('',(0.,1.,0.));
#4067=DIRECTION('',(-1.,0.,0.));
#4068=DIRECTION('',(0.,1.,0.));
#4069=DIRECTION('',(-1.,0.,0.));
#4070=DIRECTION('',(0.,1.,0.));
#4071=DIRECTION('',(0.,1.,0.));
#4072=DIRECTION('',(-1.,0.,0.));
#4073=DIRECTION('',(0.,-1.,-3.49676543189026E-16));
#4074=DIRECTION('',(0.,3.49676543189026E-16,-1.));
#4075=DIRECTION('',(0.,3.49676543189026E-16,-1.));
#4076=DIRECTION('',(1.,0.,0.));
#4077=DIRECTION('',(0.,3.49676543189026E-16,-1.));
#4078=DIRECTION('',(1.,0.,0.));
#4079=DIRECTION('',(1.,0.,0.));
#4080=DIRECTION('',(0.,3.49676543189026E-16,-1.));
#4081=DIRECTION('',(1.,0.,0.));
#4082=DIRECTION('',(0.,3.49676543189026E-16,-1.));
#4083=DIRECTION('',(0.,-1.,-3.49676543189026E-16));
#4084=DIRECTION('',(0.,3.49676543189026E-16,-1.));
#4085=DIRECTION('',(0.,-1.,0.));
#4086=DIRECTION('',(1.,0.,0.));
#4087=DIRECTION('',(0.,-1.,-3.49676543189026E-16));
#4088=DIRECTION('',(0.,3.49676543189026E-16,-1.));
#4089=DIRECTION('',(1.,0.,0.));
#4090=DIRECTION('',(0.,-1.,-3.4656347537245E-16));
#4091=DIRECTION('',(0.,3.4656347537245E-16,-1.));
#4092=DIRECTION('',(0.931936079454384,-1.09475054535193E-16,0.362622591424188));
#4093=DIRECTION('',(0.,-1.,-3.4656347537245E-16));
#4094=DIRECTION('',(0.,3.4656347537245E-16,-1.));
#4095=DIRECTION('',(0.,-1.,-3.4656347537245E-16));
#4096=DIRECTION('',(0.,3.4656347537245E-16,-1.));
#4097=DIRECTION('',(0.,-1.,-3.4656347537245E-16));
#4098=DIRECTION('',(0.,3.4656347537245E-16,-1.));
#4099=DIRECTION('',(0.,-1.,0.));
#4100=DIRECTION('',(1.,0.,0.));
#4101=DIRECTION('',(1.,0.,0.));
#4102=DIRECTION('',(0.,3.49676543189026E-16,-1.));
#4103=DIRECTION('',(1.,0.,0.));
#4104=DIRECTION('',(0.,3.49676543189026E-16,-1.));
#4105=DIRECTION('',(1.,0.,0.));
#4106=DIRECTION('',(0.,3.49676543189026E-16,-1.));
#4107=DIRECTION('',(1.,0.,0.));
#4108=DIRECTION('',(0.,1.,0.));
#4109=DIRECTION('',(-1.,0.,0.));
#4110=DIRECTION('',(0.,-1.,-3.4656347537245E-16));
#4111=DIRECTION('',(0.,3.4656347537245E-16,-1.));
#4112=DIRECTION('',(0.,-1.,-3.4656347537245E-16));
#4113=DIRECTION('',(0.,3.4656347537245E-16,-1.));
#4114=DIRECTION('',(0.,-1.,-3.4656347537245E-16));
#4115=DIRECTION('',(0.,3.4656347537245E-16,-1.));
#4116=DIRECTION('',(-0.931936079455418,-1.09475054533696E-16,0.362622591421528));
#4117=DIRECTION('',(0.,-1.,-3.4656347537245E-16));
#4118=DIRECTION('',(0.,3.4656347537245E-16,-1.));
#4119=DIRECTION('',(1.,0.,0.));
#4120=DIRECTION('',(0.,-1.,-3.49676543189026E-16));
#4121=DIRECTION('',(0.,3.49676543189026E-16,-1.));
#4122=DIRECTION('',(0.,-1.,0.));
#4123=DIRECTION('',(1.,0.,0.));
#4124=DIRECTION('',(0.,1.,0.));
#4125=DIRECTION('',(-1.,0.,0.));
#4126=DIRECTION('',(0.,-1.,-3.49676543189026E-16));
#4127=DIRECTION('',(0.,3.49676543189026E-16,-1.));
#4128=DIRECTION('',(0.,-1.,0.));
#4129=DIRECTION('',(1.,0.,0.));
#4130=DIRECTION('',(0.,1.,0.));
#4131=DIRECTION('',(-1.,0.,0.));
#4132=DIRECTION('',(0.,-1.,-3.49676543189026E-16));
#4133=DIRECTION('',(0.,3.49676543189026E-16,-1.));
#4134=DIRECTION('',(0.,-1.,0.));
#4135=DIRECTION('',(1.,0.,0.));
#4136=DIRECTION('',(0.,1.,0.));
#4137=DIRECTION('',(-1.,0.,0.));
#4138=DIRECTION('',(0.,-1.,0.));
#4139=DIRECTION('',(1.,0.,0.));
#4140=DIRECTION('',(0.,-1.,0.));
#4141=DIRECTION('',(1.,0.,0.));
#4142=DIRECTION('',(0.,-1.,0.));
#4143=DIRECTION('',(0.,-1.,0.));
#4144=DIRECTION('',(1.,0.,0.));
#4145=DIRECTION('',(0.,1.,0.));
#4146=DIRECTION('',(-1.,0.,0.));
#4147=DIRECTION('',(0.931936079454227,0.,-0.362622591424589));
#4148=DIRECTION('',(0.,1.,0.));
#4149=DIRECTION('',(-1.,0.,0.));
#4150=DIRECTION('',(0.,-1.,-3.4656347537245E-16));
#4151=DIRECTION('',(0.,3.4656347537245E-16,-1.));
#4152=DIRECTION('',(0.,1.,0.));
#4153=DIRECTION('',(-1.,0.,0.));
#4154=DIRECTION('',(-0.931936079454906,0.,0.362622591422845));
#4155=DIRECTION('',(0.,0.,1.));
#4156=DIRECTION('',(1.,0.,0.));
#4157=DIRECTION('',(0.,1.,0.));
#4158=DIRECTION('',(-1.,0.,0.));
#4159=DIRECTION('',(0.,-1.,-3.49676543189026E-16));
#4160=DIRECTION('',(0.,3.49676543189026E-16,-1.));
#4161=DIRECTION('',(0.,1.,0.));
#4162=DIRECTION('',(-1.,0.,0.));
#4163=DIRECTION('',(0.,-1.,0.));
#4164=DIRECTION('',(1.,0.,0.));
#4165=DIRECTION('',(0.,-1.,-3.49676543189026E-16));
#4166=DIRECTION('',(0.,3.49676543189026E-16,-1.));
#4167=DIRECTION('',(0.,1.,0.));
#4168=DIRECTION('',(-1.,0.,0.));
#4169=DIRECTION('',(0.,-1.,0.));
#4170=DIRECTION('',(1.,0.,0.));
#4171=DIRECTION('',(0.,-1.,-3.49676543189026E-16));
#4172=DIRECTION('',(0.,3.49676543189026E-16,-1.));
#4173=DIRECTION('',(0.,1.,0.));
#4174=DIRECTION('',(-1.,0.,0.));
#4175=DIRECTION('',(1.,0.,0.));
#4176=DIRECTION('',(0.,0.,1.));
#4177=DIRECTION('',(0.931936079454906,0.,0.362622591422845));
#4178=DIRECTION('',(0.,1.,0.));
#4179=DIRECTION('',(-1.,0.,0.));
#4180=DIRECTION('',(0.,-1.,-3.4656347537245E-16));
#4181=DIRECTION('',(0.,3.4656347537245E-16,-1.));
#4182=DIRECTION('',(0.,-1.,0.));
#4183=DIRECTION('',(1.,0.,0.));
#4184=DIRECTION('',(-0.931936079454218,0.,-0.362622591424612));
#4185=DIRECTION('',(1.,0.,0.));
#4186=DIRECTION('',(0.,-1.,-3.49676543189026E-16));
#4187=DIRECTION('',(0.,3.49676543189026E-16,-1.));
#4188=DIRECTION('',(0.,-1.,-3.49676543189026E-16));
#4189=DIRECTION('',(0.,3.49676543189026E-16,-1.));
#4190=DIRECTION('',(0.,1.,0.));
#4191=DIRECTION('',(-1.,0.,0.));
#4192=DIRECTION('',(0.,-1.,0.));
#4193=DIRECTION('',(1.,0.,0.));
#4194=DIRECTION('',(0.,-1.,-3.49676543189026E-16));
#4195=DIRECTION('',(0.,3.49676543189026E-16,-1.));
#4196=DIRECTION('',(0.,1.,0.));
#4197=DIRECTION('',(-1.,0.,0.));
#4198=DIRECTION('',(0.,-1.,0.));
#4199=DIRECTION('',(1.,0.,0.));
#4200=DIRECTION('',(0.,-1.,-3.49676543189026E-16));
#4201=DIRECTION('',(0.,3.49676543189026E-16,-1.));
#4202=DIRECTION('',(0.,1.,0.));
#4203=DIRECTION('',(-1.,0.,0.));
#4204=DIRECTION('',(0.,-1.,0.));
#4205=DIRECTION('',(1.,0.,0.));
#4206=DIRECTION('',(0.,-1.,-3.49676543189026E-16));
#4207=DIRECTION('',(0.,3.49676543189026E-16,-1.));
#4208=DIRECTION('',(1.,0.,0.));
#4209=DIRECTION('',(0.,1.,0.));
#4210=DIRECTION('',(-1.,0.,0.));
#4211=DIRECTION('',(0.,1.,0.));
#4212=DIRECTION('',(0.,-1.,0.));
#4213=DIRECTION('',(1.,0.,0.));
#4214=DIRECTION('',(0.,-1.,0.));
#4215=DIRECTION('',(0.,1.,0.));
#4216=DIRECTION('',(-1.,0.,0.));
#4217=DIRECTION('',(0.,1.,0.));
#4218=DIRECTION('',(0.,-1.,0.));
#4219=DIRECTION('',(1.,0.,0.));
#4220=DIRECTION('',(0.,-1.,0.));
#4221=DIRECTION('',(0.,1.,0.));
#4222=DIRECTION('',(-1.,0.,0.));
#4223=DIRECTION('',(0.,1.,0.));
#4224=DIRECTION('',(0.,1.,0.));
#4225=DIRECTION('',(-1.,0.,0.));
#4226=DIRECTION('',(0.,-1.,-3.49676543189026E-16));
#4227=DIRECTION('',(0.,3.49676543189026E-16,-1.));
#4228=DIRECTION('',(1.,0.,0.));
#4229=DIRECTION('',(0.,3.49676543189026E-16,-1.));
#4230=DIRECTION('',(1.,0.,0.));
#4231=DIRECTION('',(0.,3.49676543189026E-16,-1.));
#4232=DIRECTION('',(0.,-1.,-3.49676543189026E-16));
#4233=DIRECTION('',(0.,3.49676543189026E-16,-1.));
#4234=DIRECTION('',(0.,1.,0.));
#4235=DIRECTION('',(-1.,0.,0.));
#4236=DIRECTION('',(1.,0.,0.));
#4237=DIRECTION('',(0.,1.,0.));
#4238=DIRECTION('',(-1.,0.,0.));
#4239=DIRECTION('',(0.,3.49676543189026E-16,-1.));
#4240=DIRECTION('',(0.,1.,0.));
#4241=DIRECTION('',(-1.,0.,0.));
#4242=DIRECTION('',(1.,0.,0.));
#4243=DIRECTION('',(0.,1.,0.));
#4244=DIRECTION('',(-1.,0.,0.));
#4245=DIRECTION('',(0.,-1.,-3.49676543189026E-16));
#4246=DIRECTION('',(0.,3.49676543189026E-16,-1.));
#4247=DIRECTION('',(0.,-1.,0.));
#4248=DIRECTION('',(1.,0.,0.));
#4249=DIRECTION('',(0.,-1.,-3.49676543189026E-16));
#4250=DIRECTION('',(0.,3.49676543189026E-16,-1.));
#4251=DIRECTION('',(0.,-1.,0.));
#4252=DIRECTION('',(1.,0.,0.));
#4253=DIRECTION('',(0.,1.,0.));
#4254=DIRECTION('',(-1.,0.,0.));
#4255=DIRECTION('',(0.,-1.,0.));
#4256=DIRECTION('',(1.,0.,0.));
#4257=DIRECTION('',(0.,-1.,0.));
#4258=DIRECTION('',(0.,1.,0.));
#4259=DIRECTION('',(-1.,0.,0.));
#4260=DIRECTION('',(0.,1.,0.));
#4261=DIRECTION('',(0.,-1.,0.));
#4262=DIRECTION('',(1.,0.,0.));
#4263=DIRECTION('',(0.,-1.,0.));
#4264=DIRECTION('',(0.,1.,0.));
#4265=DIRECTION('',(-1.,0.,0.));
#4266=DIRECTION('',(0.,1.,0.));
#4267=DIRECTION('',(0.,-1.,0.));
#4268=DIRECTION('',(1.,0.,0.));
#4269=DIRECTION('',(0.,-1.,0.));
#4270=DIRECTION('',(0.,0.,1.));
#4271=DIRECTION('',(0.,-1.,0.));
#4272=DIRECTION('',(0.,-1.,0.));
#4273=DIRECTION('',(0.,-1.,0.));
#4274=DIRECTION('',(-1.,0.,0.));
#4275=DIRECTION('',(0.,-1.,0.));
#4276=DIRECTION('',(0.,-1.,0.));
#4277=DIRECTION('',(0.,0.,-1.));
#4278=DIRECTION('',(0.,1.,0.));
#4279=DIRECTION('',(0.,1.,0.));
#4280=DIRECTION('',(1.,0.,0.));
#4281=DIRECTION('',(0.,1.,0.));
#4282=DIRECTION('',(0.,0.,-1.));
#4283=DIRECTION('',(0.,1.,0.));
#4284=DIRECTION('',(0.,1.,0.));
#4285=DIRECTION('',(0.,1.,0.));
#4286=DIRECTION('',(1.,0.,0.));
#4287=DIRECTION('',(0.,1.,0.));
#4288=DIRECTION('',(0.,1.,0.));
#4289=DIRECTION('',(0.,0.,1.));
#4290=DIRECTION('',(0.,-1.,0.));
#4291=DIRECTION('',(0.,-1.,0.));
#4292=DIRECTION('',(-1.,0.,0.));
#4293=DIRECTION('',(0.,-1.,0.));
#4294=DIRECTION('',(-1.95461800110183E-16,0.,-1.));
#4295=DIRECTION('',(1.,0.,-1.95461800110183E-16));
#4296=DIRECTION('',(0.,-1.,0.));
#4297=DIRECTION('',(0.,-1.,0.));
#4298=DIRECTION('',(1.,0.,0.));
#4299=DIRECTION('',(0.,1.,0.));
#4300=DIRECTION('',(0.,1.,0.));
#4301=DIRECTION('',(1.95461800110183E-16,0.,1.));
#4302=DIRECTION('',(-1.,0.,1.95461800110183E-16));
#4303=DIRECTION('',(0.,-1.,0.));
#4304=DIRECTION('',(-1.,0.,0.));
#4305=DIRECTION('',(0.,-1.,0.));
#4306=DIRECTION('',(0.,-1.,0.));
#4307=DIRECTION('',(0.,0.,1.));
#4308=DIRECTION('',(0.,-1.,0.));
#4309=DIRECTION('',(1.,0.,0.));
#4310=DIRECTION('',(0.,1.,0.));
#4311=DIRECTION('',(0.,1.,0.));
#4312=DIRECTION('',(0.,1.,0.));
#4313=DIRECTION('',(0.,0.,1.));
#4314=DIRECTION('',(0.,-1.,0.));
#4315=DIRECTION('',(0.,-1.,0.));
#4316=DIRECTION('',(-1.,0.,0.));
#4317=DIRECTION('',(0.,-1.,0.));
#4318=DIRECTION('',(0.,-1.,0.));
#4319=DIRECTION('',(0.,0.,-1.));
#4320=DIRECTION('',(0.,1.,0.));
#4321=DIRECTION('',(0.,-1.,0.));
#4322=DIRECTION('',(1.,0.,0.));
#4323=DIRECTION('',(0.,-1.,0.));
#4324=DIRECTION('',(1.,0.,0.));
#4325=DIRECTION('',(0.,-1.,0.));
#4326=DIRECTION('',(0.931936079454905,0.,0.362622591422847));
#4327=DIRECTION('',(-0.362622591422847,0.,0.931936079454905));
#4328=DIRECTION('',(0.931936079454905,0.,0.362622591422847));
#4329=DIRECTION('',(-0.362622591422847,0.,0.931936079454905));
#4330=DIRECTION('',(0.,1.,0.));
#4331=DIRECTION('',(-1.,0.,0.));
#4332=DIRECTION('',(8.03105293689032E-31,-1.,7.76156592693635E-31));
#4333=DIRECTION('',(1.,8.03105293689032E-31,0.));
#4334=DIRECTION('',(1.,8.03105293689032E-31,0.));
#4335=DIRECTION('',(0.,-1.,0.));
#4336=DIRECTION('',(1.,0.,0.));
#4337=DIRECTION('',(0.,-1.,-3.4656347537245E-16));
#4338=DIRECTION('',(0.,3.4656347537245E-16,-1.));
#4339=DIRECTION('',(0.,-1.,-3.4656347537245E-16));
#4340=DIRECTION('',(0.,3.4656347537245E-16,-1.));
#4341=DIRECTION('',(0.,1.,0.));
#4342=DIRECTION('',(-1.,0.,0.));
#4343=DIRECTION('',(1.,8.03105293689032E-31,0.));
#4344=DIRECTION('',(0.,1.,0.));
#4345=DIRECTION('',(-1.,0.,0.));
#4346=DIRECTION('',(0.931936079454905,0.,-0.362622591422847));
#4347=DIRECTION('',(0.362622591422847,0.,0.931936079454905));
#4348=DIRECTION('',(0.931936079454905,0.,-0.362622591422847));
#4349=DIRECTION('',(0.362622591422847,0.,0.931936079454905));
#4350=DIRECTION('',(0.,-1.,0.));
#4351=DIRECTION('',(1.,0.,0.));
#4352=DIRECTION('',(0.,-1.,0.));
#4353=DIRECTION('',(0.,-1.,0.));
#4354=DIRECTION('',(1.,0.,0.));
#4355=DIRECTION('',(1.,0.,0.));
#4356=DIRECTION('',(0.,1.,0.));
#4357=DIRECTION('',(0.,0.,1.));
#4358=DIRECTION('',(0.,1.,0.));
#4359=DIRECTION('',(0.,1.,0.));
#4360=DIRECTION('',(0.,0.,1.));
#4361=DIRECTION('',(-2.75217773172023E-33,-1.,8.57021839544277E-33));
#4362=DIRECTION('',(0.,-8.57021839544277E-33,-1.));
#4363=DIRECTION('',(1.,-2.75217773172023E-33,2.35867642239167E-65));
#4364=DIRECTION('',(0.,1.,0.));
#4365=DIRECTION('',(-1.,0.,0.));
#4366=DIRECTION('',(-2.75217773172023E-33,-1.,8.57021839544277E-33));
#4367=DIRECTION('',(0.,-8.57021839544277E-33,-1.));
#4368=DIRECTION('',(0.,1.,0.));
#4369=DIRECTION('',(-1.,0.,0.));
#4370=DIRECTION('',(1.,-2.75217773172023E-33,2.35867642239167E-65));
#4371=DIRECTION('',(0.,-1.,0.));
#4372=DIRECTION('',(1.,0.,0.));
#4373=DIRECTION('',(0.,-1.,0.));
#4374=DIRECTION('',(1.,0.,0.));
#4375=DIRECTION('',(0.,-1.,-3.49676543189026E-16));
#4376=DIRECTION('',(0.,3.49676543189026E-16,-1.));
#4377=DIRECTION('',(0.,-1.,-3.49676543189026E-16));
#4378=DIRECTION('',(0.,-1.,-3.49676543189026E-16));
#4379=DIRECTION('',(0.,3.49676543189026E-16,-1.));
#4380=DIRECTION('',(0.,3.32700936357552E-16,-1.));
#4381=DIRECTION('',(0.,1.,3.32700936357552E-16));
#4382=DIRECTION('',(0.,1.,3.32700936357552E-16));
#4383=DIRECTION('',(0.,-1.,-3.4656347537245E-16));
#4384=DIRECTION('',(0.,3.4656347537245E-16,-1.));
#4385=DIRECTION('',(0.,-1.,-3.4656347537245E-16));
#4386=DIRECTION('',(0.,-1.,-3.4656347537245E-16));
#4387=DIRECTION('',(0.,3.4656347537245E-16,-1.));
#4388=DIRECTION('',(-0.362622591424188,-3.22975006520686E-16,0.931936079454383));
#4389=DIRECTION('',(-0.931936079454383,0.,-0.362622591424188));
#4390=DIRECTION('',(1.17118033829775E-16,-1.,-3.00992061338642E-16));
#4391=DIRECTION('',(-0.931936079454383,0.,-0.362622591424188));
#4392=DIRECTION('',(0.,-1.,-3.4656347537245E-16));
#4393=DIRECTION('',(0.,3.4656347537245E-16,-1.));
#4394=DIRECTION('',(0.,-1.,-3.4656347537245E-16));
#4395=DIRECTION('',(0.,3.4656347537245E-16,-1.));
#4396=DIRECTION('',(0.,-1.,-3.4656347537245E-16));
#4397=DIRECTION('',(0.,-1.,-3.4656347537245E-16));
#4398=DIRECTION('',(0.,3.4656347537245E-16,-1.));
#4399=DIRECTION('',(0.,-1.,-3.4656347537245E-16));
#4400=DIRECTION('',(0.,3.4656347537245E-16,-1.));
#4401=DIRECTION('',(0.,-1.,-3.4656347537245E-16));
#4402=DIRECTION('',(0.,3.49676543189026E-16,-1.));
#4403=DIRECTION('',(0.,1.,3.49676543189026E-16));
#4404=DIRECTION('',(0.,1.,3.49676543189026E-16));
#4405=DIRECTION('',(0.,-3.49676543189026E-16,1.));
#4406=DIRECTION('',(0.,-1.,-3.49676543189026E-16));
#4407=DIRECTION('',(0.,-1.,-3.49676543189026E-16));
#4408=DIRECTION('',(0.,-1.,-3.4656347537245E-16));
#4409=DIRECTION('',(0.,3.4656347537245E-16,-1.));
#4410=DIRECTION('',(0.,-1.,-3.4656347537245E-16));
#4411=DIRECTION('',(0.,-1.,-3.4656347537245E-16));
#4412=DIRECTION('',(0.,3.4656347537245E-16,-1.));
#4413=DIRECTION('',(0.,-1.,-3.4656347537245E-16));
#4414=DIRECTION('',(0.,-1.,-3.4656347537245E-16));
#4415=DIRECTION('',(0.,3.4656347537245E-16,-1.));
#4416=DIRECTION('',(0.,-1.,-3.4656347537245E-16));
#4417=DIRECTION('',(0.,3.4656347537245E-16,-1.));
#4418=DIRECTION('',(0.,-1.,-3.4656347537245E-16));
#4419=DIRECTION('',(-0.362622591421527,3.22975006521045E-16,-0.931936079455419));
#4420=DIRECTION('',(0.931936079455419,0.,-0.362622591421527));
#4421=DIRECTION('',(-1.17118033829046E-16,-1.,-3.00992061339311E-16));
#4422=DIRECTION('',(0.931936079455419,0.,-0.362622591421527));
#4423=DIRECTION('',(0.,-1.,-3.4656347537245E-16));
#4424=DIRECTION('',(0.,3.4656347537245E-16,-1.));
#4425=DIRECTION('',(0.,-1.,-3.4656347537245E-16));
#4426=DIRECTION('',(0.,3.4656347537245E-16,-1.));
#4427=DIRECTION('',(0.,-1.,-3.4656347537245E-16));
#4428=DIRECTION('',(-1.22230451917845E-16,-3.32700936357552E-16,1.));
#4429=DIRECTION('',(0.,-1.,-3.32700936357552E-16));
#4430=DIRECTION('',(0.,-1.,-3.32700936357552E-16));
#4431=DIRECTION('',(0.,-1.,-3.49676543189026E-16));
#4432=DIRECTION('',(0.,3.49676543189026E-16,-1.));
#4433=DIRECTION('',(0.,-1.,-3.49676543189026E-16));
#4434=DIRECTION('',(0.,3.49676543189026E-16,-1.));
#4435=DIRECTION('',(0.,-1.,-3.49676543189026E-16));
#4436=DIRECTION('',(0.,3.49676543189026E-16,-1.));
#4437=DIRECTION('',(0.,1.,0.));
#4438=DIRECTION('',(-1.,0.,0.));
#4439=DIRECTION('',(0.,-1.,0.));
#4440=DIRECTION('',(1.,0.,0.));
#4441=DIRECTION('',(-0.931936079483138,0.,0.362622591350288));
#4442=DIRECTION('',(0.362622591350288,0.,0.931936079483138));
#4443=DIRECTION('',(-0.931936079455419,0.,0.362622591421527));
#4444=DIRECTION('',(-0.362622591421527,0.,-0.931936079455419));
#4445=DIRECTION('',(-0.931936079455419,0.,0.362622591421527));
#4446=DIRECTION('',(-0.362622591421527,0.,-0.931936079455419));
#4447=DIRECTION('',(0.,-1.,0.));
#4448=DIRECTION('',(1.,0.,0.));
#4449=DIRECTION('',(-0.119704918032787,0.,-0.992809514760391));
#4450=DIRECTION('',(-0.992809514760391,0.,0.119704918032787));
#4451=DIRECTION('',(0.,-1.,0.));
#4452=DIRECTION('',(1.,0.,0.));
#4453=DIRECTION('',(0.,-1.,-3.4656347537245E-16));
#4454=DIRECTION('',(0.,3.4656347537245E-16,-1.));
#4455=DIRECTION('',(0.,-1.,-3.4656347537245E-16));
#4456=DIRECTION('',(2.30723651236504E-16,0.,1.));
#4457=DIRECTION('',(-1.,0.,2.30723651236504E-16));
#4458=DIRECTION('',(0.,-1.,0.));
#4459=DIRECTION('',(0.,-1.,0.));
#4460=DIRECTION('',(0.,-1.,-3.49676543189026E-16));
#4461=DIRECTION('',(0.,3.49676543189026E-16,-1.));
#4462=DIRECTION('',(0.,-1.,-3.49676543189026E-16));
#4463=DIRECTION('',(0.,-1.,-3.49676543189026E-16));
#4464=DIRECTION('',(0.,3.49676543189026E-16,-1.));
#4465=DIRECTION('',(0.,-1.,-3.49676543189026E-16));
#4466=DIRECTION('',(0.,3.49676543189026E-16,-1.));
#4467=DIRECTION('',(0.,-1.,-3.49676543189026E-16));
#4468=DIRECTION('',(-2.53796016360154E-16,0.,-1.));
#4469=DIRECTION('',(1.,0.,-2.53796016360154E-16));
#4470=DIRECTION('',(0.,-1.,0.));
#4471=DIRECTION('',(0.,-1.,0.));
#4472=DIRECTION('',(0.,-1.,-3.4656347537245E-16));
#4473=DIRECTION('',(0.,3.4656347537245E-16,-1.));
#4474=DIRECTION('',(0.,-1.,-3.4656347537245E-16));
#4475=DIRECTION('',(0.,-1.,0.));
#4476=DIRECTION('',(1.,0.,0.));
#4477=DIRECTION('',(0.119704918032781,0.,-0.992809514760392));
#4478=DIRECTION('',(-0.992809514760392,0.,-0.119704918032781));
#4479=DIRECTION('',(0.,-1.,0.));
#4480=DIRECTION('',(1.,0.,0.));
#4481=DIRECTION('',(0.931936079453318,0.,0.362622591426924));
#4482=DIRECTION('',(0.362622591426924,0.,-0.931936079453318));
#4483=DIRECTION('',(0.931936079454383,0.,0.362622591424188));
#4484=DIRECTION('',(-0.362622591424188,0.,0.931936079454383));
#4485=DIRECTION('',(0.931936079454383,0.,0.362622591424188));
#4486=DIRECTION('',(-0.362622591424188,0.,0.931936079454383));
#4487=DIRECTION('',(0.,-1.,0.));
#4488=DIRECTION('',(1.,0.,0.));
#4489=DIRECTION('',(0.,1.,0.));
#4490=DIRECTION('',(-1.,0.,0.));
#4491=DIRECTION('',(0.,1.,0.));
#4492=DIRECTION('',(-1.,0.,0.));
#4493=DIRECTION('',(0.,-0.707106781186548,0.707106781186548));
#4494=DIRECTION('',(0.,0.707106781186548,0.707106781186548));
#4495=DIRECTION('',(0.,1.,0.));
#4496=DIRECTION('',(-1.,0.,0.));
#4497=DIRECTION('',(0.,0.707106781186548,0.707106781186548));
#4498=DIRECTION('',(0.,-0.707106781186548,0.707106781186548));
#4499=DIRECTION('',(0.,1.,0.));
#4500=DIRECTION('',(-1.,0.,0.));
#4501=DIRECTION('',(1.,0.,0.));
#4502=DIRECTION('',(0.,0.,-1.));
#4503=DIRECTION('',(0.,1.83697019872103E-16,1.));
#4504=DIRECTION('',(1.,0.,0.));
#4505=DIRECTION('',(1.,0.,0.));
#4506=DIRECTION('',(0.,0.,-1.));
#4507=DIRECTION('',(0.,1.83697019872103E-16,1.));
#4508=DIRECTION('',(1.,0.,0.));
#4509=DIRECTION('',(0.,0.,1.));
#4510=DIRECTION('',(0.,-1.,0.));
#4511=DIRECTION('',(0.,0.,1.));
#4512=DIRECTION('',(0.,-1.,0.));
#4513=DIRECTION('',(0.,-1.,-3.4656347537245E-16));
#4514=DIRECTION('',(0.,3.4656347537245E-16,-1.));
#4515=DIRECTION('',(0.,-1.,-3.4656347537245E-16));
#4516=DIRECTION('',(0.,-1.,0.));
#4517=DIRECTION('',(1.,0.,0.));
#4518=DIRECTION('',(0.,1.,0.));
#4519=DIRECTION('',(-1.,0.,0.));
#4520=DIRECTION('',(0.,1.,0.));
#4521=DIRECTION('',(0.,-1.,-3.4656347537245E-16));
#4522=DIRECTION('',(0.,3.4656347537245E-16,-1.));
#4523=CARTESIAN_POINT('',(0.,0.,0.));
#4524=CARTESIAN_POINT('',(0.0161335169285508,-0.004,5.55111512312578E-19));
#4525=CARTESIAN_POINT('',(0.0146862678759439,-0.004,0.0102399804357228));
#4526=CARTESIAN_POINT('',(0.0146862678759421,-0.004,0.0102399804357246));
#4527=CARTESIAN_POINT('',(0.0123952419050329,-0.004,0.00794895446481173));
#4528=CARTESIAN_POINT('',(0.0123952419050329,-0.004,0.00794895446481173));
#4529=CARTESIAN_POINT('',(0.00794895446487874,-0.004,0.0123952419049659));
#4530=CARTESIAN_POINT('',(0.00794895446487681,-0.004,0.0123952419049678));
#4531=CARTESIAN_POINT('',(0.0102399804360232,-0.004,0.0146862678758652));
#4532=CARTESIAN_POINT('',(0.0102399804360289,-0.004,0.0146862678758709));
#4533=CARTESIAN_POINT('',(-0.0146862678758814,-0.004,0.010239980435567));
#4534=CARTESIAN_POINT('',(-0.0146862678758814,-0.004,0.010239980435567));
#4535=CARTESIAN_POINT('',(-0.0102399804358055,-0.004,0.014686267875876));
#4536=CARTESIAN_POINT('',(-0.0102399804358055,-0.004,0.014686267875876));
#4537=CARTESIAN_POINT('',(-0.00794895446473642,-0.004,0.0123952419048899));
#4538=CARTESIAN_POINT('',(-0.00794895446473641,-0.004,0.0123952419048899));
#4539=CARTESIAN_POINT('',(-0.0123952419048044,-0.004,0.00794895446482198));
#4540=CARTESIAN_POINT('',(-0.0123952419048044,-0.004,0.00794895446482198));
#4541=CARTESIAN_POINT('',(-0.0123952419050379,-0.004,-0.00794895446473888));
#4542=CARTESIAN_POINT('',(-0.0123952419050379,-0.004,-0.00794895446473888));
#4543=CARTESIAN_POINT('',(-0.00794895446473139,-0.004,-0.01239524190489));
#4544=CARTESIAN_POINT('',(-0.00794895446473138,-0.004,-0.01239524190489));
#4545=CARTESIAN_POINT('',(-0.0102399804358002,-0.004,-0.0146862678757929));
#4546=CARTESIAN_POINT('',(-0.0102399804358006,-0.004,-0.0146862678757933));
#4547=CARTESIAN_POINT('',(-0.0146862678760215,-0.004,-0.0102399804358055));
#4548=CARTESIAN_POINT('',(-0.0146862678760215,-0.004,-0.0102399804358055));
#4549=CARTESIAN_POINT('',(0.0123952419048147,-0.004,-0.00794895446473394));
#4550=CARTESIAN_POINT('',(0.0123952419048147,-0.004,-0.00794895446473394));
#4551=CARTESIAN_POINT('',(0.0146862678757952,-0.004,-0.0102399804357974));
#4552=CARTESIAN_POINT('',(0.0146862678757934,-0.004,-0.0102399804357956));
#4553=CARTESIAN_POINT('',(0.0102399804359509,-0.004,-0.0146862678760266));
#4554=CARTESIAN_POINT('',(0.0102399804359509,-0.004,-0.0146862678760266));
#4555=CARTESIAN_POINT('',(0.00794895446481421,-0.004,-0.0123952419048898));
#4556=CARTESIAN_POINT('',(0.00794895446481421,-0.004,-0.0123952419048898));
#4557=CARTESIAN_POINT('',(0.,-0.004,0.));
#4558=CARTESIAN_POINT('',(0.0117,-0.004,0.));
#4559=CARTESIAN_POINT('',(-0.00583592234356762,-0.004,-0.0140891628707971));
#4560=CARTESIAN_POINT('',(-0.00733592234356762,-0.004,-0.0140891628707971));
#4561=CARTESIAN_POINT('',(-0.00583592234356762,-0.004,0.0140891628707971));
#4562=CARTESIAN_POINT('',(-0.00733592234356762,-0.004,0.0140891628707971));
#4563=CARTESIAN_POINT('',(-0.0140891628707971,-0.004,0.00583592234356762));
#4564=CARTESIAN_POINT('',(-0.0155891628707971,-0.004,0.00583592234356762));
#4565=CARTESIAN_POINT('',(0.0140891628707971,-0.004,-0.00583592234356762));
#4566=CARTESIAN_POINT('',(0.0125891628707971,-0.004,-0.00583592234356762));
#4567=CARTESIAN_POINT('',(0.0140891628707971,-0.004,0.00583592234356762));
#4568=CARTESIAN_POINT('',(0.0125891628707971,-0.004,0.00583592234356762));
#4569=CARTESIAN_POINT('',(-0.0140891628707971,-0.004,-0.00583592234356762));
#4570=CARTESIAN_POINT('',(-0.0155891628707971,-0.004,-0.00583592234356762));
#4571=CARTESIAN_POINT('',(0.0161335169285508,-0.004,-0.00903999999997497));
#4572=CARTESIAN_POINT('',(0.0369223918598418,-0.004,-0.00903999999997497));
#4573=CARTESIAN_POINT('',(0.0310343918598532,-0.004,-0.00903999999997497));
#4574=CARTESIAN_POINT('',(0.0310343918598532,-0.004,5.55111512312578E-19));
#4575=CARTESIAN_POINT('',(0.0310343918598532,-0.004,-0.00619999999997672));
#4576=CARTESIAN_POINT('',(0.0161335169285508,-0.004,-0.00619999999997672));
#4577=CARTESIAN_POINT('',(0.0369223918598418,-0.004,-0.00619999999997672));
#4578=CARTESIAN_POINT('',(0.0369223918598418,-0.004,5.55111512312578E-19));
#4579=CARTESIAN_POINT('',(0.0161335169285508,-0.004,0.00903999999997497));
#4580=CARTESIAN_POINT('',(0.0450343918598241,-0.004,0.00903999999997497));
#4581=CARTESIAN_POINT('',(0.0509223918598127,-0.004,0.00903999999997497));
#4582=CARTESIAN_POINT('',(0.0509223918598127,-0.004,5.55111512312578E-19));
#4583=CARTESIAN_POINT('',(0.0509223918598127,-0.004,0.00619999999997672));
#4584=CARTESIAN_POINT('',(0.0161335169285508,-0.004,0.00619999999997672));
#4585=CARTESIAN_POINT('',(0.0450343918598241,-0.004,0.00619999999997672));
#4586=CARTESIAN_POINT('',(0.0450343918598241,-0.004,5.55111512312578E-19));
#4587=CARTESIAN_POINT('',(0.0161335169285508,-0.004,0.00619999999997672));
#4588=CARTESIAN_POINT('',(0.0229223918598709,-0.004,0.00619999999997672));
#4589=CARTESIAN_POINT('',(0.0170343918598096,-0.004,0.00619999999997672));
#4590=CARTESIAN_POINT('',(0.0170343918598096,-0.004,5.55111512312578E-19));
#4591=CARTESIAN_POINT('',(0.0170343918598096,-0.004,0.00904000000004773));
#4592=CARTESIAN_POINT('',(0.0161335169285508,-0.004,0.00904000000004773));
#4593=CARTESIAN_POINT('',(0.0229223918598709,-0.004,0.00904000000004773));
#4594=CARTESIAN_POINT('',(0.0229223918598709,-0.004,5.55111512312578E-19));
#4595=CARTESIAN_POINT('',(0.0369223918598418,-0.004,5.55111512312578E-19));
#4596=CARTESIAN_POINT('',(0.0369223918598418,-0.004,0.00903999999997497));
#4597=CARTESIAN_POINT('',(0.0369223918598418,-0.004,0.00619999999997672));
#4598=CARTESIAN_POINT('',(0.0161335169285508,-0.004,0.00619999999997672));
#4599=CARTESIAN_POINT('',(0.0310343918598532,-0.004,0.00619999999997672));
#4600=CARTESIAN_POINT('',(0.0310343918598532,-0.004,5.55111512312578E-19));
#4601=CARTESIAN_POINT('',(0.0310343918598532,-0.004,0.00903999999997497));
#4602=CARTESIAN_POINT('',(0.0161335169285508,-0.004,0.00903999999997497));
#4603=CARTESIAN_POINT('',(0.0161335169285508,-0.004,-0.00619999999997672));
#4604=CARTESIAN_POINT('',(0.0450343918598241,-0.004,-0.00619999999997672));
#4605=CARTESIAN_POINT('',(0.0509223918598127,-0.004,-0.00619999999997672));
#4606=CARTESIAN_POINT('',(0.0509223918598127,-0.004,5.55111512312578E-19));
#4607=CARTESIAN_POINT('',(0.0509223918598127,-0.004,-0.00903999999997497));
#4608=CARTESIAN_POINT('',(0.0161335169285508,-0.004,-0.00903999999997497));
#4609=CARTESIAN_POINT('',(0.0450343918598241,-0.004,-0.00903999999997497));
#4610=CARTESIAN_POINT('',(0.0450343918598241,-0.004,5.55111512312578E-19));
#4611=CARTESIAN_POINT('',(0.0229223918598709,-0.004,5.55111512312578E-19));
#4612=CARTESIAN_POINT('',(0.0229223918598709,-0.004,-0.00619999999997672));
#4613=CARTESIAN_POINT('',(0.0229223918598709,-0.004,-0.00904000000004773));
#4614=CARTESIAN_POINT('',(0.0161335169285508,-0.004,-0.00904000000004773));
#4615=CARTESIAN_POINT('',(0.0170343918598096,-0.004,-0.00904000000004773));
#4616=CARTESIAN_POINT('',(0.0170343918598096,-0.004,5.55111512312578E-19));
#4617=CARTESIAN_POINT('',(0.0170343918598096,-0.004,-0.00619999999997672));
#4618=CARTESIAN_POINT('',(0.0161335169285508,-0.004,-0.00619999999997672));
#4619=CARTESIAN_POINT('',(0.0143855192106948,-0.004,5.55111512312578E-19));
#4620=CARTESIAN_POINT('',(0.0143855192106948,-0.004,-0.0031439999999943));
#4621=CARTESIAN_POINT('',(0.0143855192106948,-0.004,0.0031439999999943));
#4622=CARTESIAN_POINT('',(0.0161335169285508,-0.004,0.0031439999999943));
#4623=CARTESIAN_POINT('',(0.017625519210693,-0.004,0.0031439999999943));
#4624=CARTESIAN_POINT('',(0.017625519210693,-0.004,5.55111512312578E-19));
#4625=CARTESIAN_POINT('',(0.017625519210693,-0.004,-0.0031439999999943));
#4626=CARTESIAN_POINT('',(0.0161335169285508,-0.004,-0.0031439999999943));
#4627=CARTESIAN_POINT('',(0.00314400000006705,-0.004,5.55111512312578E-19));
#4628=CARTESIAN_POINT('',(0.00314400000006705,-0.004,-0.0143855192106948));
#4629=CARTESIAN_POINT('',(0.00314400000006705,-0.004,-0.017625519210693));
#4630=CARTESIAN_POINT('',(0.0161335169285508,-0.004,-0.017625519210693));
#4631=CARTESIAN_POINT('',(-0.00314400000006706,-0.004,-0.017625519210693));
#4632=CARTESIAN_POINT('',(-0.00314400000006706,-0.004,5.55111512312578E-19));
#4633=CARTESIAN_POINT('',(-0.00314400000006706,-0.004,-0.0143855192106948));
#4634=CARTESIAN_POINT('',(0.0161335169285508,-0.004,-0.0143855192106948));
#4635=CARTESIAN_POINT('',(-0.0143855192106948,-0.004,5.55111512312578E-19));
#4636=CARTESIAN_POINT('',(-0.0143855192106948,-0.004,0.00314400000006706));
#4637=CARTESIAN_POINT('',(-0.0143855192106948,-0.004,-0.00314400000006706));
#4638=CARTESIAN_POINT('',(0.0161335169285508,-0.004,-0.00314400000006706));
#4639=CARTESIAN_POINT('',(-0.017625519210693,-0.004,-0.00314400000006705));
#4640=CARTESIAN_POINT('',(-0.017625519210693,-0.004,5.55111512312578E-19));
#4641=CARTESIAN_POINT('',(-0.017625519210693,-0.004,0.00314400000006706));
#4642=CARTESIAN_POINT('',(0.0161335169285508,-0.004,0.00314400000006706));
#4643=CARTESIAN_POINT('',(0.0161335169285508,-0.004,0.017625519210693));
#4644=CARTESIAN_POINT('',(-0.00314399999999429,-0.004,0.017625519210693));
#4645=CARTESIAN_POINT('',(0.0031439999999943,-0.004,0.017625519210693));
#4646=CARTESIAN_POINT('',(0.0031439999999943,-0.004,5.55111512312578E-19));
#4647=CARTESIAN_POINT('',(0.0031439999999943,-0.004,0.0143855192106948));
#4648=CARTESIAN_POINT('',(0.0161335169285508,-0.004,0.0143855192106948));
#4649=CARTESIAN_POINT('',(-0.0031439999999943,-0.004,0.0143855192106948));
#4650=CARTESIAN_POINT('',(-0.00314399999999429,-0.004,5.55111512312578E-19));
#4651=CARTESIAN_POINT('',(0.,-0.004,0.));
#4652=CARTESIAN_POINT('',(0.0117852342212425,-0.004,0.0302879225822844));
#4653=CARTESIAN_POINT('',(0.0117852342212425,-0.004,-0.0302879225822845));
#4654=CARTESIAN_POINT('',(0.0117852342212425,-0.004,-0.0302879225822844));
#4655=CARTESIAN_POINT('',(0.0555,-0.004,-0.0132782134406363));
#4656=CARTESIAN_POINT('',(0.0555,-0.004,5.55111512312578E-19));
#4657=CARTESIAN_POINT('',(0.0555,-0.004,0.0132782134406363));
#4658=CARTESIAN_POINT('',(0.0555,-0.004,0.0132782134406363));
#4659=CARTESIAN_POINT('',(0.0153170492771153,-0.0039,0.00516856844896663));
#4660=CARTESIAN_POINT('',(0.0123952419050329,-0.0038,0.00823179717728635));
#4661=CARTESIAN_POINT('',(0.0123952419050329,-0.0038,0.00823179717728636));
#4662=CARTESIAN_POINT('',(0.00823179717735913,-0.0038,0.0123952419049601));
#4663=CARTESIAN_POINT('',(0.0129081581251175,-0.000493313462564134,0.0123952419049601));
#4664=CARTESIAN_POINT('',(0.0123952419050329,-0.004,0.00794895446481173));
#4665=CARTESIAN_POINT('',(0.0123466636739295,-0.0039,0.00804179758994565));
#4666=CARTESIAN_POINT('',(0.0130793912891885,-0.00286376666897537,0.0102399804357228));
#4667=CARTESIAN_POINT('',(0.0144034251634725,-0.0038,0.010239980435726));
#4668=CARTESIAN_POINT('',(0.014403425163473,-0.0038,0.0102399804357265));
#4669=CARTESIAN_POINT('',(0.0153849315280442,-0.0039,0.00939989542734487));
#4670=CARTESIAN_POINT('',(0.0102399804360175,-0.0038,0.0144034251634002));
#4671=CARTESIAN_POINT('',(0.0102399804360175,-0.0038,0.0144034251634002));
#4672=CARTESIAN_POINT('',(0.0102399804360289,-0.004,0.0146862678758709));
#4673=CARTESIAN_POINT('',(0.00703770596101692,-0.0039,0.0113425720449773));
#4674=CARTESIAN_POINT('',(0.00823179717735912,-0.0038,0.0123952419049601));
#4675=CARTESIAN_POINT('',(2.49608744946115E-5,-0.0039,0.00427990520971307));
#4676=CARTESIAN_POINT('',(-0.0102399804358055,0.000938939739183966,0.00770155231310507));
#4677=CARTESIAN_POINT('',(-0.0102399804358,-0.0038,0.014403425163401));
#4678=CARTESIAN_POINT('',(-0.0102399804357992,-0.0038,0.0144034251634002));
#4679=CARTESIAN_POINT('',(-0.00823179717721328,-0.0038,0.0123952419048877));
#4680=CARTESIAN_POINT('',(-0.0082317971772136,-0.0038,0.0123952419048874));
#4681=CARTESIAN_POINT('',(-0.00939989542782846,-0.0039,0.0153849315276561));
#4682=CARTESIAN_POINT('',(-0.0144034251634002,-0.0038,0.0102399804355809));
#4683=CARTESIAN_POINT('',(-0.0144034251634019,-0.0038,0.0102399804355792));
#4684=CARTESIAN_POINT('',(-0.0111148791251615,-0.00147464679604642,0.010239980435567));
#4685=CARTESIAN_POINT('',(-0.00327581357923155,-0.0039,-0.00102905250320212));
#4686=CARTESIAN_POINT('',(-0.0123952419048146,-0.0038,0.00823179717728635));
#4687=CARTESIAN_POINT('',(-0.0123952419048133,-0.0038,0.00823179717728509));
#4688=CARTESIAN_POINT('',(-0.0123952419048044,-0.00819893973918562,0.0020107569385086));
#4689=CARTESIAN_POINT('',(-0.00516856844887567,-0.0039,0.015317049276988));
#4690=CARTESIAN_POINT('',(-0.00823179717721359,-0.0038,0.0123952419048874));
#4691=CARTESIAN_POINT('',(0.00102905250400684,-0.0039,-0.00327581358057019));
#4692=CARTESIAN_POINT('',(-0.0082317971772136,-0.0038,-0.0123952419048874));
#4693=CARTESIAN_POINT('',(-0.00823179717721359,-0.0038,-0.0123952419048874));
#4694=CARTESIAN_POINT('',(-0.0102399804357994,-0.0038,-0.0144034251633273));
#4695=CARTESIAN_POINT('',(-0.0102399804357992,0.00141227307244683,-0.00703215789374814));
#4696=CARTESIAN_POINT('',(-0.00794895446473138,-0.004,-0.01239524190489));
#4697=CARTESIAN_POINT('',(-0.00725029081257366,-0.0039,-0.0132353269132582));
#4698=CARTESIAN_POINT('',(-0.0123952419050379,-0.00147464679583425,-0.0115203432157901));
#4699=CARTESIAN_POINT('',(-0.0123952419050335,-0.0038,-0.00823179717721296));
#4700=CARTESIAN_POINT('',(-0.0123952419050329,-0.0038,-0.0082317971772136));
#4701=CARTESIAN_POINT('',(-0.00427990520996835,-0.0039,2.49608743848547E-5));
#4702=CARTESIAN_POINT('',(-0.0144034251635458,-0.0038,-0.0102399804357992));
#4703=CARTESIAN_POINT('',(-0.0144034251635466,-0.0038,-0.0102399804358));
#4704=CARTESIAN_POINT('',(-0.00770155231332378,0.000938939739132235,-0.0102399804358055));
#4705=CARTESIAN_POINT('',(-0.00731817306331471,-0.0039,-0.0174666538918924));
#4706=CARTESIAN_POINT('',(-0.0102399804357992,-0.0038,-0.0144034251633275));
#4707=CARTESIAN_POINT('',(0.0174666538916671,-0.0039,-0.00731817306343546));
#4708=CARTESIAN_POINT('',(0.0144034251633275,-0.0038,-0.0102399804357992));
#4709=CARTESIAN_POINT('',(0.0144034251633279,-0.0038,-0.0102399804357988));
#4710=CARTESIAN_POINT('',(0.0102399804359455,-0.0038,-0.0144034251635466));
#4711=CARTESIAN_POINT('',(0.0102399804359447,-0.0038,-0.0144034251635458));
#4712=CARTESIAN_POINT('',(0.0164927181009088,-0.00527735320411084,-0.0102399804357956));
#4713=CARTESIAN_POINT('',(0.0113425720445313,-0.0039,-0.00703770596065231));
#4714=CARTESIAN_POINT('',(0.0123952419048146,-0.0038,-0.0082317971772136));
#4715=CARTESIAN_POINT('',(0.0123952419048146,-0.0038,-0.0082317971772136));
#4716=CARTESIAN_POINT('',(0.0123952419048147,-0.004,-0.00794895446473395));
#4717=CARTESIAN_POINT('',(0.0132353269131354,-0.0039,-0.00725029081262368));
#4718=CARTESIAN_POINT('',(0.0115203432157333,-0.00147464679592763,-0.0123952419048898));
#4719=CARTESIAN_POINT('',(0.00823179717728604,-0.0038,-0.0123952419048877));
#4720=CARTESIAN_POINT('',(0.00823179717728635,-0.0038,-0.0123952419048874));
#4721=CARTESIAN_POINT('',(0.00804179759009117,-0.0039,-0.0123466636739295));
#4722=CARTESIAN_POINT('',(0.0102399804359447,-0.0038,-0.0144034251635458));
#4723=CARTESIAN_POINT('',(0.,0.,0.));
#4724=CARTESIAN_POINT('',(0.,0.,0.));
#4725=CARTESIAN_POINT('',(0.0117,0.,0.));
#4726=CARTESIAN_POINT('',(-0.00583592234356762,-0.004,-0.0140891628707971));
#4727=CARTESIAN_POINT('',(-0.00583592234356762,0.015348,-0.0140891628707971));
#4728=CARTESIAN_POINT('',(-0.00690712761920444,0.015348,-0.0130391537006239));
#4729=CARTESIAN_POINT('',(-0.00433599722458448,0.015348,-0.0141041507807052));
#4730=CARTESIAN_POINT('',(-0.00690712761920444,-0.004,-0.0130391537006239));
#4731=CARTESIAN_POINT('',(-0.00690712761920443,0.002,-0.0130391537006239));
#4732=CARTESIAN_POINT('',(-0.00583592234356762,0.002,-0.0140891628707971));
#4733=CARTESIAN_POINT('',(-0.00433599722458448,0.002,-0.0141041507807052));
#4734=CARTESIAN_POINT('',(-0.00433599722458448,-0.004,-0.0141041507807052));
#4735=CARTESIAN_POINT('',(-0.00583592234356762,-0.004,0.0140891628707971));
#4736=CARTESIAN_POINT('',(-0.00583592234356762,0.015348,0.0140891628707971));
#4737=CARTESIAN_POINT('',(-0.00433599722458448,0.015348,0.0141041507807052));
#4738=CARTESIAN_POINT('',(-0.00690712761920444,0.015348,0.0130391537006239));
#4739=CARTESIAN_POINT('',(-0.00433599722458448,-0.004,0.0141041507807052));
#4740=CARTESIAN_POINT('',(-0.00433599722458448,0.002,0.0141041507807052));
#4741=CARTESIAN_POINT('',(-0.00583592234356762,0.002,0.0140891628707971));
#4742=CARTESIAN_POINT('',(-0.00690712761920444,0.002,0.0130391537006239));
#4743=CARTESIAN_POINT('',(-0.00690712761920444,-0.004,0.0130391537006239));
#4744=CARTESIAN_POINT('',(-0.0140891628707971,-0.004,0.00583592234356762));
#4745=CARTESIAN_POINT('',(-0.0140891628707971,0.015348,0.00583592234356762));
#4746=CARTESIAN_POINT('',(-0.0130391537006239,0.015348,0.00690712761920444));
#4747=CARTESIAN_POINT('',(-0.0141041507807052,0.015348,0.00433599722458448));
#4748=CARTESIAN_POINT('',(-0.0130391537006239,-0.004,0.00690712761920444));
#4749=CARTESIAN_POINT('',(-0.0130391537006239,0.002,0.00690712761920444));
#4750=CARTESIAN_POINT('',(-0.0140891628707971,0.002,0.00583592234356762));
#4751=CARTESIAN_POINT('',(-0.0141041507807052,0.002,0.00433599722458448));
#4752=CARTESIAN_POINT('',(-0.0141041507807052,-0.004,0.00433599722458448));
#4753=CARTESIAN_POINT('',(0.0140891628707971,-0.004,-0.00583592234356762));
#4754=CARTESIAN_POINT('',(0.0140891628707971,0.015348,-0.00583592234356762));
#4755=CARTESIAN_POINT('',(0.0130391537006239,0.015348,-0.00690712761920444));
#4756=CARTESIAN_POINT('',(0.0141041507807052,0.015348,-0.00433599722458448));
#4757=CARTESIAN_POINT('',(0.0130391537006239,-0.004,-0.00690712761920445));
#4758=CARTESIAN_POINT('',(0.0130391537006239,0.002,-0.00690712761920444));
#4759=CARTESIAN_POINT('',(0.0140891628707971,0.002,-0.00583592234356762));
#4760=CARTESIAN_POINT('',(0.0141041507807052,0.002,-0.00433599722458448));
#4761=CARTESIAN_POINT('',(0.0141041507807052,-0.004,-0.00433599722458448));
#4762=CARTESIAN_POINT('',(0.0140891628707971,-0.004,0.00583592234356762));
#4763=CARTESIAN_POINT('',(0.0140891628707971,0.015348,0.00583592234356762));
#4764=CARTESIAN_POINT('',(0.0141041507807052,0.015348,0.00433599722458448));
#4765=CARTESIAN_POINT('',(0.0130391537006239,0.015348,0.00690712761920444));
#4766=CARTESIAN_POINT('',(0.0141041507807052,-0.004,0.00433599722458448));
#4767=CARTESIAN_POINT('',(0.0141041507807052,0.002,0.00433599722458448));
#4768=CARTESIAN_POINT('',(0.0140891628707971,0.002,0.00583592234356762));
#4769=CARTESIAN_POINT('',(0.0130391537006239,0.002,0.00690712761920444));
#4770=CARTESIAN_POINT('',(0.0130391537006239,-0.004,0.00690712761920444));
#4771=CARTESIAN_POINT('',(-0.0140891628707971,-0.004,-0.00583592234356762));
#4772=CARTESIAN_POINT('',(-0.0140891628707971,0.015348,-0.00583592234356762));
#4773=CARTESIAN_POINT('',(-0.0141041507807052,0.015348,-0.00433599722458448));
#4774=CARTESIAN_POINT('',(-0.0130391537006239,0.015348,-0.00690712761920444));
#4775=CARTESIAN_POINT('',(-0.0141041507807052,-0.004,-0.00433599722458448));
#4776=CARTESIAN_POINT('',(-0.0141041507807052,0.002,-0.00433599722458448));
#4777=CARTESIAN_POINT('',(-0.0140891628707971,0.002,-0.00583592234356762));
#4778=CARTESIAN_POINT('',(-0.0130391537006239,0.002,-0.00690712761920444));
#4779=CARTESIAN_POINT('',(-0.0130391537006239,-0.004,-0.00690712761920444));
#4780=CARTESIAN_POINT('',(0.0310343918598532,-0.004,-0.00903999999997497));
#4781=CARTESIAN_POINT('',(0.0310343918598532,-0.004,-0.00619999999997672));
#4782=CARTESIAN_POINT('',(0.0310343918598532,0.015348,-0.00619999999997672));
#4783=CARTESIAN_POINT('',(0.0310343918598532,-0.004,-0.00903999999997497));
#4784=CARTESIAN_POINT('',(0.0310343918598532,0.015348,-0.00903999999997497));
#4785=CARTESIAN_POINT('',(0.0310343918598532,0.015348,-0.00903999999997497));
#4786=CARTESIAN_POINT('',(0.0369223918598418,-0.004,-0.00903999999997497));
#4787=CARTESIAN_POINT('',(0.0369223918598418,-0.004,-0.00903999999997497));
#4788=CARTESIAN_POINT('',(0.0369223918598418,0.015348,-0.00903999999997497));
#4789=CARTESIAN_POINT('',(0.0369223918598418,0.015348,-0.00903999999997497));
#4790=CARTESIAN_POINT('',(0.0369223918598418,-0.004,-0.00619999999997672));
#4791=CARTESIAN_POINT('',(0.0369223918598418,-0.004,-0.00619999999997672));
#4792=CARTESIAN_POINT('',(0.0369223918598418,0.015348,-0.00619999999997672));
#4793=CARTESIAN_POINT('',(0.0369223918598418,0.015348,-0.00619999999997672));
#4794=CARTESIAN_POINT('',(0.0310343918598532,-0.004,-0.00619999999997672));
#4795=CARTESIAN_POINT('',(0.0310343918598532,0.015348,-0.00619999999997672));
#4796=CARTESIAN_POINT('',(0.0509223918598127,-0.004,0.00903999999997497));
#4797=CARTESIAN_POINT('',(0.0509223918598127,-0.004,0.00619999999997672));
#4798=CARTESIAN_POINT('',(0.0509223918598127,0.015348,0.00619999999997672));
#4799=CARTESIAN_POINT('',(0.0509223918598127,-0.004,0.00903999999997497));
#4800=CARTESIAN_POINT('',(0.0509223918598127,0.015348,0.00903999999997497));
#4801=CARTESIAN_POINT('',(0.0509223918598127,0.015348,0.00903999999997497));
#4802=CARTESIAN_POINT('',(0.0450343918598241,-0.004,0.00903999999997497));
#4803=CARTESIAN_POINT('',(0.0450343918598241,-0.004,0.00903999999997497));
#4804=CARTESIAN_POINT('',(0.0450343918598241,0.015348,0.00903999999997497));
#4805=CARTESIAN_POINT('',(0.0450343918598241,0.015348,0.00903999999997497));
#4806=CARTESIAN_POINT('',(0.0450343918598241,-0.004,0.00619999999997672));
#4807=CARTESIAN_POINT('',(0.0450343918598241,-0.004,0.00619999999997672));
#4808=CARTESIAN_POINT('',(0.0450343918598241,0.015348,0.00619999999997672));
#4809=CARTESIAN_POINT('',(0.0450343918598241,0.015348,0.00619999999997672));
#4810=CARTESIAN_POINT('',(0.0509223918598127,-0.004,0.00619999999997672));
#4811=CARTESIAN_POINT('',(0.0509223918598127,0.015348,0.00619999999997672));
#4812=CARTESIAN_POINT('',(0.0170343918598096,-0.004,0.00619999999997672));
#4813=CARTESIAN_POINT('',(0.0170343918598096,-0.004,0.00904000000004773));
#4814=CARTESIAN_POINT('',(0.0170343918598096,0.015348,0.00904000000004773));
#4815=CARTESIAN_POINT('',(0.0170343918598096,-0.004,0.00619999999997672));
#4816=CARTESIAN_POINT('',(0.0170343918598096,0.015348,0.00619999999997672));
#4817=CARTESIAN_POINT('',(0.0170343918598096,0.015348,0.00619999999997672));
#4818=CARTESIAN_POINT('',(0.0229223918598709,-0.004,0.00619999999997672));
#4819=CARTESIAN_POINT('',(0.0229223918598709,-0.004,0.00619999999997672));
#4820=CARTESIAN_POINT('',(0.0229223918598709,0.015348,0.00619999999997672));
#4821=CARTESIAN_POINT('',(0.0229223918598709,0.015348,0.00619999999997672));
#4822=CARTESIAN_POINT('',(0.0229223918598709,-0.004,0.00904000000004773));
#4823=CARTESIAN_POINT('',(0.0229223918598709,-0.004,0.00904000000004773));
#4824=CARTESIAN_POINT('',(0.0229223918598709,0.015348,0.00904000000004773));
#4825=CARTESIAN_POINT('',(0.0229223918598709,0.015348,0.00904000000004773));
#4826=CARTESIAN_POINT('',(0.0170343918598096,-0.004,0.00904000000004773));
#4827=CARTESIAN_POINT('',(0.0170343918598096,0.015348,0.00904000000004773));
#4828=CARTESIAN_POINT('',(0.0369223918598418,-0.004,0.00619999999997672));
#4829=CARTESIAN_POINT('',(0.0310343918598532,-0.004,0.00619999999997672));
#4830=CARTESIAN_POINT('',(0.0310343918598532,0.015348,0.00619999999997672));
#4831=CARTESIAN_POINT('',(0.0369223918598418,-0.004,0.00619999999997672));
#4832=CARTESIAN_POINT('',(0.0369223918598418,0.015348,0.00619999999997672));
#4833=CARTESIAN_POINT('',(0.0369223918598418,0.015348,0.00619999999997672));
#4834=CARTESIAN_POINT('',(0.0369223918598418,-0.004,0.00903999999997497));
#4835=CARTESIAN_POINT('',(0.0369223918598418,-0.004,0.00903999999997497));
#4836=CARTESIAN_POINT('',(0.0369223918598418,0.015348,0.00903999999997497));
#4837=CARTESIAN_POINT('',(0.0369223918598418,0.015348,0.00903999999997497));
#4838=CARTESIAN_POINT('',(0.0310343918598532,-0.004,0.00903999999997497));
#4839=CARTESIAN_POINT('',(0.0310343918598532,-0.004,0.00903999999997497));
#4840=CARTESIAN_POINT('',(0.0310343918598532,0.015348,0.00903999999997497));
#4841=CARTESIAN_POINT('',(0.0310343918598532,0.015348,0.00903999999997497));
#4842=CARTESIAN_POINT('',(0.0310343918598532,-0.004,0.00619999999997672));
#4843=CARTESIAN_POINT('',(0.0310343918598532,0.015348,0.00619999999997672));
#4844=CARTESIAN_POINT('',(0.0509223918598127,-0.004,-0.00619999999997672));
#4845=CARTESIAN_POINT('',(0.0509223918598127,-0.004,-0.00903999999997497));
#4846=CARTESIAN_POINT('',(0.0509223918598127,0.015348,-0.00903999999997497));
#4847=CARTESIAN_POINT('',(0.0509223918598127,-0.004,-0.00619999999997672));
#4848=CARTESIAN_POINT('',(0.0509223918598127,0.015348,-0.00619999999997672));
#4849=CARTESIAN_POINT('',(0.0509223918598127,0.015348,-0.00619999999997672));
#4850=CARTESIAN_POINT('',(0.0450343918598241,-0.004,-0.00619999999997672));
#4851=CARTESIAN_POINT('',(0.0450343918598241,-0.004,-0.00619999999997672));
#4852=CARTESIAN_POINT('',(0.0450343918598241,0.015348,-0.00619999999997672));
#4853=CARTESIAN_POINT('',(0.0450343918598241,0.015348,-0.00619999999997672));
#4854=CARTESIAN_POINT('',(0.0450343918598241,-0.004,-0.00903999999997497));
#4855=CARTESIAN_POINT('',(0.0450343918598241,-0.004,-0.00903999999997497));
#4856=CARTESIAN_POINT('',(0.0450343918598241,0.015348,-0.00903999999997497));
#4857=CARTESIAN_POINT('',(0.0450343918598241,0.015348,-0.00903999999997497));
#4858=CARTESIAN_POINT('',(0.0509223918598127,-0.004,-0.00903999999997497));
#4859=CARTESIAN_POINT('',(0.0509223918598127,0.015348,-0.00903999999997497));
#4860=CARTESIAN_POINT('',(0.0229223918598709,-0.004,-0.00904000000004773));
#4861=CARTESIAN_POINT('',(0.0170343918598096,-0.004,-0.00904000000004773));
#4862=CARTESIAN_POINT('',(0.0170343918598096,0.015348,-0.00904000000004773));
#4863=CARTESIAN_POINT('',(0.0229223918598709,-0.004,-0.00904000000004773));
#4864=CARTESIAN_POINT('',(0.0229223918598709,0.015348,-0.00904000000004773));
#4865=CARTESIAN_POINT('',(0.0229223918598709,0.015348,-0.00904000000004773));
#4866=CARTESIAN_POINT('',(0.0229223918598709,-0.004,-0.00619999999997672));
#4867=CARTESIAN_POINT('',(0.0229223918598709,-0.004,-0.00619999999997672));
#4868=CARTESIAN_POINT('',(0.0229223918598709,0.015348,-0.00619999999997672));
#4869=CARTESIAN_POINT('',(0.0229223918598709,0.015348,-0.00619999999997672));
#4870=CARTESIAN_POINT('',(0.0170343918598096,-0.004,-0.00619999999997672));
#4871=CARTESIAN_POINT('',(0.0170343918598096,-0.004,-0.00619999999997672));
#4872=CARTESIAN_POINT('',(0.0170343918598096,0.015348,-0.00619999999997672));
#4873=CARTESIAN_POINT('',(0.0170343918598096,0.015348,-0.00619999999997672));
#4874=CARTESIAN_POINT('',(0.0170343918598096,-0.004,-0.00904000000004773));
#4875=CARTESIAN_POINT('',(0.0170343918598096,0.015348,-0.00904000000004773));
#4876=CARTESIAN_POINT('',(0.0153595180696228,-0.0039,0.0030439999999943));
#4877=CARTESIAN_POINT('',(0.0143855192106948,-0.004,0.0031439999999943));
#4878=CARTESIAN_POINT('',(0.0145855192106948,-0.0038,0.0029439999999943));
#4879=CARTESIAN_POINT('',(0.0153595180696228,-0.0038,0.0029439999999943));
#4880=CARTESIAN_POINT('',(0.017425519210693,-0.0038,0.0029439999999943));
#4881=CARTESIAN_POINT('',(0.017425519210693,-0.0038,0.0029439999999943));
#4882=CARTESIAN_POINT('',(0.0144855192106948,-0.0039,-0.00147199999999715));
#4883=CARTESIAN_POINT('',(0.0145855192106948,-0.0038,-0.00147199999999715));
#4884=CARTESIAN_POINT('',(0.0145855192106948,-0.0038,-0.0029439999999943));
#4885=CARTESIAN_POINT('',(0.0143855192106948,-0.004,-0.0031439999999943));
#4886=CARTESIAN_POINT('',(0.0167795180696219,-0.0039,-0.0030439999999943));
#4887=CARTESIAN_POINT('',(0.0167795180696219,-0.0038,-0.0029439999999943));
#4888=CARTESIAN_POINT('',(0.017425519210693,-0.0038,-0.0029439999999943));
#4889=CARTESIAN_POINT('',(0.017625519210693,-0.004,-0.0031439999999943));
#4890=CARTESIAN_POINT('',(0.017525519210693,-0.0039,0.00147199999999715));
#4891=CARTESIAN_POINT('',(0.017425519210693,-0.0038,0.00147199999999715));
#4892=CARTESIAN_POINT('',(0.00953875846430894,-0.0039,-0.017525519210693));
#4893=CARTESIAN_POINT('',(0.00953875846430894,-0.0038,-0.017425519210693));
#4894=CARTESIAN_POINT('',(0.00294400000006705,-0.0038,-0.017425519210693));
#4895=CARTESIAN_POINT('',(-0.00294400000006706,-0.0038,-0.017425519210693));
#4896=CARTESIAN_POINT('',(-0.00294400000006706,-0.0038,-0.017425519210693));
#4897=CARTESIAN_POINT('',(0.00314400000006704,-0.004,-0.017625519210693));
#4898=CARTESIAN_POINT('',(0.00304400000006705,-0.0039,-0.00729275960534739));
#4899=CARTESIAN_POINT('',(0.00294400000006705,-0.0038,-0.00729275960534739));
#4900=CARTESIAN_POINT('',(0.00294400000006705,-0.0038,-0.0145855192106948));
#4901=CARTESIAN_POINT('',(0.00314400000006705,-0.004,-0.0143855192106948));
#4902=CARTESIAN_POINT('',(0.00659475846424189,-0.0039,-0.0144855192106948));
#4903=CARTESIAN_POINT('',(-0.00314400000006706,-0.004,-0.0143855192106948));
#4904=CARTESIAN_POINT('',(-0.00294400000006706,-0.0038,-0.0145855192106948));
#4905=CARTESIAN_POINT('',(0.00659475846424189,-0.0038,-0.0145855192106948));
#4906=CARTESIAN_POINT('',(-0.00304400000006706,-0.0039,-0.00871275960534652));
#4907=CARTESIAN_POINT('',(-0.00294400000006706,-0.0038,-0.00871275960534652));
#4908=CARTESIAN_POINT('',(0.000773998858928024,-0.0039,-0.00304400000006706));
#4909=CARTESIAN_POINT('',(0.000773998858928024,-0.0038,-0.00294400000006705));
#4910=CARTESIAN_POINT('',(-0.0145855192106948,-0.0038,-0.00294400000006705));
#4911=CARTESIAN_POINT('',(-0.017425519210693,-0.0038,-0.00294400000006705));
#4912=CARTESIAN_POINT('',(-0.017425519210693,-0.0038,-0.00294400000006705));
#4913=CARTESIAN_POINT('',(-0.0143855192106948,-0.004,-0.00314400000006706));
#4914=CARTESIAN_POINT('',(-0.0144855192106948,-0.0039,0.00147200000003353));
#4915=CARTESIAN_POINT('',(-0.0145855192106948,-0.0038,0.00147200000003353));
#4916=CARTESIAN_POINT('',(-0.0145855192106948,-0.0038,0.00294400000006706));
#4917=CARTESIAN_POINT('',(-0.0143855192106948,-0.004,0.00314400000006706));
#4918=CARTESIAN_POINT('',(-0.000646001141071102,-0.0039,0.00304400000006705));
#4919=CARTESIAN_POINT('',(-0.017625519210693,-0.004,0.00314400000006705));
#4920=CARTESIAN_POINT('',(-0.017425519210693,-0.0038,0.00294400000006706));
#4921=CARTESIAN_POINT('',(-0.000646001141071102,-0.0038,0.00294400000006705));
#4922=CARTESIAN_POINT('',(-0.017525519210693,-0.0039,-0.00147200000003353));
#4923=CARTESIAN_POINT('',(-0.017425519210693,-0.0038,-0.00147200000003353));
#4924=CARTESIAN_POINT('',(0.0030439999999943,-0.0039,0.00871275960534652));
#4925=CARTESIAN_POINT('',(0.0029439999999943,-0.0038,0.00871275960534652));
#4926=CARTESIAN_POINT('',(0.0029439999999943,-0.0038,0.017425519210693));
#4927=CARTESIAN_POINT('',(0.0029439999999943,-0.0038,0.0145855192106948));
#4928=CARTESIAN_POINT('',(0.0029439999999943,-0.0038,0.0145855192106948));
#4929=CARTESIAN_POINT('',(0.0031439999999943,-0.004,0.017625519210693));
#4930=CARTESIAN_POINT('',(0.00659475846427827,-0.0039,0.017525519210693));
#4931=CARTESIAN_POINT('',(0.00659475846427827,-0.0038,0.017425519210693));
#4932=CARTESIAN_POINT('',(-0.00294399999999429,-0.0038,0.017425519210693));
#4933=CARTESIAN_POINT('',(-0.0031439999999943,-0.004,0.017625519210693));
#4934=CARTESIAN_POINT('',(-0.00304399999999429,-0.0039,0.00729275960534739));
#4935=CARTESIAN_POINT('',(-0.00294399999999429,-0.0038,0.00729275960534739));
#4936=CARTESIAN_POINT('',(-0.00294399999999429,-0.0038,0.0145855192106948));
#4937=CARTESIAN_POINT('',(-0.00314399999999429,-0.004,0.0143855192106948));
#4938=CARTESIAN_POINT('',(0.00953875846427256,-0.0039,0.0144855192106948));
#4939=CARTESIAN_POINT('',(0.00953875846427256,-0.0038,0.0145855192106948));
#4940=CARTESIAN_POINT('',(0.0575,0.,-0.0125));
#4941=CARTESIAN_POINT('',(0.0117852342212425,0.,-0.0302879225822845));
#4942=CARTESIAN_POINT('',(0.0117852342212425,0.002,-0.0302879225822845));
#4943=CARTESIAN_POINT('',(0.0575,0.002,-0.0125));
#4944=CARTESIAN_POINT('',(0.0413198419363791,0.002,-0.0187958082383647));
#4945=CARTESIAN_POINT('',(0.041319841936379,0.,-0.0187958082383647));
#4946=CARTESIAN_POINT('',(0.041319841936379,-7.27271014699839E-18,-0.0187958082383647));
#4947=CARTESIAN_POINT('',(0.0575,0.,-0.0125));
#4948=CARTESIAN_POINT('',(0.0562252451828457,0.,-0.0129960156661127));
#4949=CARTESIAN_POINT('',(0.0562252451828457,0.,-0.0129960156661127));
#4950=CARTESIAN_POINT('',(0.0562252451828457,-0.00386387215890979,-0.0129960156661127));
#4951=CARTESIAN_POINT('',(0.0555,-0.002,-0.0132782134406363));
#4952=CARTESIAN_POINT('',(0.,0.,0.));
#4953=CARTESIAN_POINT('',(0.0117852342212425,0.,0.0302879225822844));
#4954=CARTESIAN_POINT('',(0.0117852342212425,0.002,0.0302879225822844));
#4955=CARTESIAN_POINT('',(0.,0.002,0.));
#4956=CARTESIAN_POINT('',(-0.0322663092297127,0.002,0.00389040983606557));
#4957=CARTESIAN_POINT('',(-0.0322663092297127,0.015348,0.00389040983606558));
#4958=CARTESIAN_POINT('',(-0.0322663092297127,0.002648,0.00389040983606557));
#4959=CARTESIAN_POINT('',(0.,0.002648,0.));
#4960=CARTESIAN_POINT('',(-0.0322663092297127,0.002648,-0.00389040983606559));
#4961=CARTESIAN_POINT('',(-0.0322663092297127,0.015348,-0.00389040983606559));
#4962=CARTESIAN_POINT('',(-0.0322663092297127,0.002,-0.00389040983606559));
#4963=CARTESIAN_POINT('',(0.,0.002,0.));
#4964=CARTESIAN_POINT('',(0.0117852342212425,0.,0.0302879225822844));
#4965=CARTESIAN_POINT('',(0.0117852342212425,0.,0.0302879225822844));
#4966=CARTESIAN_POINT('',(0.0562252451828457,0.,0.0129960156661126));
#4967=CARTESIAN_POINT('',(0.041319841936379,-3.45165380428438E-18,0.0187958082383647));
#4968=CARTESIAN_POINT('',(0.041319841936379,0.,0.0187958082383647));
#4969=CARTESIAN_POINT('',(0.041319841936379,0.002,0.0187958082383647));
#4970=CARTESIAN_POINT('',(0.0117852342212425,0.002,0.0302879225822844));
#4971=CARTESIAN_POINT('',(0.0555,-0.002,0.0132782134406362));
#4972=CARTESIAN_POINT('',(0.0562252451828457,-0.00386387215890977,0.0129960156661126));
#4973=CARTESIAN_POINT('',(0.0562252451828457,0.,0.0129960156661126));
#4974=CARTESIAN_POINT('',(0.0555,-0.002,0.00625));
#4975=CARTESIAN_POINT('',(0.0555,-0.002,0.0111321435072029));
#4976=CARTESIAN_POINT('',(0.0575,-0.002,0.0111321435072029));
#4977=CARTESIAN_POINT('',(0.0555,-0.002,-0.0111321435072029));
#4978=CARTESIAN_POINT('',(0.0575,-0.002,-0.0111321435072029));
#4979=CARTESIAN_POINT('',(0.0575,-0.002,0.00625));
#4980=CARTESIAN_POINT('',(0.0123952419050329,-0.004,0.00823179717728635));
#4981=CARTESIAN_POINT('',(0.0123952419050329,-0.004,0.00823179717728635));
#4982=CARTESIAN_POINT('',(0.0123952419050329,0.002,0.00823179717728636));
#4983=CARTESIAN_POINT('',(0.0118527191422544,0.002,0.00877431994006485));
#4984=CARTESIAN_POINT('',(0.0118527191422544,0.002,0.00877431994006485));
#4985=CARTESIAN_POINT('',(0.0123952419050329,0.002,0.00823179717728635));
#4986=CARTESIAN_POINT('',(0.00823179717735912,0.002,0.0123952419049601));
#4987=CARTESIAN_POINT('',(0.00823179717735913,-0.004,0.0123952419049601));
#4988=CARTESIAN_POINT('',(0.014403425163473,-0.004,0.0102399804357265));
#4989=CARTESIAN_POINT('',(0.014403425163473,-0.004,0.0102399804357265));
#4990=CARTESIAN_POINT('',(0.014403425163473,0.002,0.0102399804357265));
#4991=CARTESIAN_POINT('',(0.014403425163473,0.002,0.0102399804357265));
#4992=CARTESIAN_POINT('',(0.0136634447277465,0.002,0.0095));
#4993=CARTESIAN_POINT('',(0.014403425163473,0.002,0.0102399804357265));
#4994=CARTESIAN_POINT('',(0.0102399804360175,-0.004,0.0144034251634002));
#4995=CARTESIAN_POINT('',(0.0102399804360175,-0.004,0.0144034251634002));
#4996=CARTESIAN_POINT('',(0.0102399804360175,0.002,0.0144034251634002));
#4997=CARTESIAN_POINT('',(0.0102399804360175,0.002,0.0144034251634002));
#4998=CARTESIAN_POINT('',(0.00823179717735911,-0.004,0.0123952419049601));
#4999=CARTESIAN_POINT('',(0.00823179717735911,0.002,0.0123952419049601));
#5000=CARTESIAN_POINT('',(-0.0102399804357992,-0.004,0.0144034251634002));
#5001=CARTESIAN_POINT('',(-0.0102399804357992,-0.004,0.0144034251634002));
#5002=CARTESIAN_POINT('',(-0.0102399804357992,0.015348,0.0144034251634002));
#5003=CARTESIAN_POINT('',(-0.0102399804357992,0.015348,0.0144034251634002));
#5004=CARTESIAN_POINT('',(-0.0082317971772136,0.015348,0.0123952419048874));
#5005=CARTESIAN_POINT('',(-0.00823179717721361,-0.004,0.0123952419048874));
#5006=CARTESIAN_POINT('',(-0.0144034251634002,-0.004,0.0102399804355809));
#5007=CARTESIAN_POINT('',(-0.0144034251634002,-0.004,0.0102399804355809));
#5008=CARTESIAN_POINT('',(-0.0144034251634002,0.015348,0.0102399804355809));
#5009=CARTESIAN_POINT('',(-0.0144034251634002,0.015348,0.0102399804355809));
#5010=CARTESIAN_POINT('',(-0.0123952419048146,-0.004,0.00823179717728635));
#5011=CARTESIAN_POINT('',(-0.0123952419048146,-0.004,0.00823179717728635));
#5012=CARTESIAN_POINT('',(-0.0123952419048146,0.015348,0.00823179717728636));
#5013=CARTESIAN_POINT('',(-0.0123952419048146,0.015348,0.00823179717728635));
#5014=CARTESIAN_POINT('',(-0.00823179717721359,-0.004,0.0123952419048874));
#5015=CARTESIAN_POINT('',(-0.00823179717721359,0.015348,0.0123952419048874));
#5016=CARTESIAN_POINT('',(-0.00823179717721359,-0.004,-0.0123952419048874));
#5017=CARTESIAN_POINT('',(-0.00823179717721359,-0.004,-0.0123952419048874));
#5018=CARTESIAN_POINT('',(-0.00823179717721359,0.015348,-0.0123952419048874));
#5019=CARTESIAN_POINT('',(-0.00823179717721359,0.015348,-0.0123952419048874));
#5020=CARTESIAN_POINT('',(-0.0102399804357992,0.015348,-0.0144034251633275));
#5021=CARTESIAN_POINT('',(-0.0102399804357992,-0.004,-0.0144034251633275));
#5022=CARTESIAN_POINT('',(-0.0123952419050329,-0.004,-0.00823179717721359));
#5023=CARTESIAN_POINT('',(-0.0123952419050329,-0.004,-0.00823179717721359));
#5024=CARTESIAN_POINT('',(-0.0123952419050329,0.015348,-0.00823179717721358));
#5025=CARTESIAN_POINT('',(-0.0123952419050329,0.015348,-0.00823179717721359));
#5026=CARTESIAN_POINT('',(-0.0144034251635458,-0.004,-0.0102399804357992));
#5027=CARTESIAN_POINT('',(-0.0144034251635458,-0.004,-0.0102399804357992));
#5028=CARTESIAN_POINT('',(-0.0144034251635458,0.015348,-0.0102399804357992));
#5029=CARTESIAN_POINT('',(-0.0144034251635458,0.015348,-0.0102399804357992));
#5030=CARTESIAN_POINT('',(-0.0102399804357992,-0.004,-0.0144034251633275));
#5031=CARTESIAN_POINT('',(-0.0102399804357992,0.015348,-0.0144034251633275));
#5032=CARTESIAN_POINT('',(0.0144034251633275,-0.004,-0.0102399804357992));
#5033=CARTESIAN_POINT('',(0.0144034251633275,-0.004,-0.0102399804357992));
#5034=CARTESIAN_POINT('',(0.0144034251633275,0.002,-0.0102399804357992));
#5035=CARTESIAN_POINT('',(0.0144034251633275,0.002,-0.0102399804357992));
#5036=CARTESIAN_POINT('',(0.0102399804359447,0.002,-0.0144034251635458));
#5037=CARTESIAN_POINT('',(0.0102399804359447,-0.004,-0.0144034251635458));
#5038=CARTESIAN_POINT('',(0.0123952419048146,-0.004,-0.00823179717721359));
#5039=CARTESIAN_POINT('',(0.0123952419048146,-0.004,-0.00823179717721359));
#5040=CARTESIAN_POINT('',(0.0123952419048146,0.002,-0.00823179717721361));
#5041=CARTESIAN_POINT('',(0.0123952419048146,0.002,-0.00823179717721359));
#5042=CARTESIAN_POINT('',(0.0136634447275551,0.002,-0.0095));
#5043=CARTESIAN_POINT('',(0.0123952419048146,0.002,-0.00823179717721359));
#5044=CARTESIAN_POINT('',(0.00823179717728635,-0.004,-0.0123952419048874));
#5045=CARTESIAN_POINT('',(0.00823179717728635,-0.004,-0.0123952419048874));
#5046=CARTESIAN_POINT('',(0.00823179717728634,0.002,-0.0123952419048874));
#5047=CARTESIAN_POINT('',(0.00823179717728635,0.002,-0.0123952419048874));
#5048=CARTESIAN_POINT('',(0.0118527191421313,0.002,-0.00877431993991589));
#5049=CARTESIAN_POINT('',(0.00823179717728635,0.002,-0.0123952419048874));
#5050=CARTESIAN_POINT('',(0.0102399804359447,-0.004,-0.0144034251635458));
#5051=CARTESIAN_POINT('',(0.0102399804359447,0.002,-0.0144034251635458));
#5052=CARTESIAN_POINT('',(0.0128514121621123,0.,-5.55111512312578E-19));
#5053=CARTESIAN_POINT('',(0.,2.10530377853235E-15,0.));
#5054=CARTESIAN_POINT('',(0.0116500000000021,2.10530377853235E-15,0.));
#5055=CARTESIAN_POINT('',(-0.00413600720872006,-0.004,-0.0141061491686929));
#5056=CARTESIAN_POINT('',(-0.00413600720872006,0.002,-0.0141061491686929));
#5057=CARTESIAN_POINT('',(-0.00407973500179871,0.002,-0.0139142287718399));
#5058=CARTESIAN_POINT('',(-0.00407973500179871,-0.004,-0.0139142287718399));
#5059=CARTESIAN_POINT('',(-0.00407973500179871,0.015348,-0.0139142287718399));
#5060=CARTESIAN_POINT('',(-0.00413600720872006,0.015348,-0.0141061491686929));
#5061=CARTESIAN_POINT('',(0.,0.015348,0.));
#5062=CARTESIAN_POINT('',(-0.00294399999999429,0.015348,0.));
#5063=CARTESIAN_POINT('',(-0.00294399999999429,0.015348,0.0145855192106948));
#5064=CARTESIAN_POINT('',(-0.00294399999999429,0.015348,0.017425519210693));
#5065=CARTESIAN_POINT('',(0.,0.015348,0.0145855192106948));
#5066=CARTESIAN_POINT('',(0.0029439999999943,0.015348,0.0145855192106948));
#5067=CARTESIAN_POINT('',(0.0029439999999943,0.015348,0.));
#5068=CARTESIAN_POINT('',(0.0029439999999943,0.015348,0.017425519210693));
#5069=CARTESIAN_POINT('',(0.,0.015348,0.017425519210693));
#5070=CARTESIAN_POINT('',(0.,0.015348,-0.017425519210693));
#5071=CARTESIAN_POINT('',(0.00294400000006705,0.015348,-0.017425519210693));
#5072=CARTESIAN_POINT('',(-0.00294400000006706,0.015348,-0.017425519210693));
#5073=CARTESIAN_POINT('',(0.00294400000006705,0.015348,0.));
#5074=CARTESIAN_POINT('',(0.00294400000006705,0.015348,-0.0145855192106948));
#5075=CARTESIAN_POINT('',(0.,0.015348,-0.0145855192106948));
#5076=CARTESIAN_POINT('',(-0.00294400000006706,0.015348,-0.0145855192106948));
#5077=CARTESIAN_POINT('',(-0.00294400000006706,0.015348,0.));
#5078=CARTESIAN_POINT('',(0.,0.015348,4.44089209850063E-18));
#5079=CARTESIAN_POINT('',(-0.00695403723433301,0.015348,-0.0127236538047649));
#5080=CARTESIAN_POINT('',(-0.0127236538047649,0.015348,-0.00695403723433302));
#5081=CARTESIAN_POINT('',(-0.00704995498928934,0.015348,-0.0128991524779341));
#5082=CARTESIAN_POINT('',(0.,0.015348,4.44089209850063E-18));
#5083=CARTESIAN_POINT('',(0.,0.015348,-0.0145));
#5084=CARTESIAN_POINT('',(0.,0.015348,-0.0145));
#5085=CARTESIAN_POINT('',(0.0419205545150617,0.015348,-0.0145));
#5086=CARTESIAN_POINT('',(0.0402319741621105,0.015348,-0.016));
#5087=CARTESIAN_POINT('',(0.0410509959271577,0.015348,-0.0181048769457183));
#5088=CARTESIAN_POINT('',(0.0115163882121343,0.015348,-0.0295969912896107));
#5089=CARTESIAN_POINT('',(0.0115163882120908,0.015348,-0.0295969912896276));
#5090=CARTESIAN_POINT('',(0.,0.015348,-4.5660326532855E-34));
#5091=CARTESIAN_POINT('',(-0.031530246771706,0.015348,-0.00380166139551103));
#5092=CARTESIAN_POINT('',(-0.0302806902001919,0.015348,-0.003651));
#5093=CARTESIAN_POINT('',(-0.0306385321955604,0.015348,-0.00244433534573107));
#5094=CARTESIAN_POINT('',(-0.0307806902002005,0.015348,-0.00196497003439038));
#5095=CARTESIAN_POINT('',(-0.030289418164589,0.015348,-0.00205798501719518));
#5096=CARTESIAN_POINT('',(-0.0297981461289775,0.015348,-0.002151));
#5097=CARTESIAN_POINT('',(-0.0297981461289775,0.015348,-0.001651));
#5098=CARTESIAN_POINT('',(0.,0.015348,-0.001651));
#5099=CARTESIAN_POINT('',(-0.017425519210693,0.015348,-0.001651));
#5100=CARTESIAN_POINT('',(-0.017425519210693,0.015348,0.));
#5101=CARTESIAN_POINT('',(-0.017425519210693,0.015348,-0.00294400000006705));
#5102=CARTESIAN_POINT('',(0.,0.015348,-0.00294400000006705));
#5103=CARTESIAN_POINT('',(-0.0145855192106948,0.015348,-0.00294400000006705));
#5104=CARTESIAN_POINT('',(-0.0145855192106948,0.015348,0.));
#5105=CARTESIAN_POINT('',(-0.0145855192106948,0.015348,0.00294400000006706));
#5106=CARTESIAN_POINT('',(0.,0.015348,0.00294400000006706));
#5107=CARTESIAN_POINT('',(-0.017425519210693,0.015348,0.00294400000006706));
#5108=CARTESIAN_POINT('',(-0.017425519210693,0.015348,0.));
#5109=CARTESIAN_POINT('',(-0.017425519210693,0.015348,0.001651));
#5110=CARTESIAN_POINT('',(0.,0.015348,0.001651));
#5111=CARTESIAN_POINT('',(-0.0297981461289775,0.015348,0.001651));
#5112=CARTESIAN_POINT('',(-0.0297981461289775,0.015348,0.002151));
#5113=CARTESIAN_POINT('',(-0.030289418164589,0.015348,0.00205798501719517));
#5114=CARTESIAN_POINT('',(-0.0307806902002005,0.015348,0.00196497003439037));
#5115=CARTESIAN_POINT('',(-0.0306385321955604,0.015348,0.00244433534573106));
#5116=CARTESIAN_POINT('',(-0.0302806902001919,0.015348,0.003651));
#5117=CARTESIAN_POINT('',(-0.031530246771706,0.015348,0.00380166139551102));
#5118=CARTESIAN_POINT('',(0.,0.015348,3.55478341201258E-33));
#5119=CARTESIAN_POINT('',(0.0115163882117601,0.015348,0.0295969912898036));
#5120=CARTESIAN_POINT('',(0.0410509959270203,0.015348,0.0181048769459157));
#5121=CARTESIAN_POINT('',(0.0410509959271008,0.015348,0.0181048769458844));
#5122=CARTESIAN_POINT('',(0.0402319741621105,0.015348,0.016));
#5123=CARTESIAN_POINT('',(0.0419205545150617,0.015348,0.0145));
#5124=CARTESIAN_POINT('',(0.,0.015348,0.0145));
#5125=CARTESIAN_POINT('',(-2.6333102365328E-14,0.015348,0.0145));
#5126=CARTESIAN_POINT('',(0.,0.015348,4.44089209850063E-18));
#5127=CARTESIAN_POINT('',(-0.00407973500179869,0.015348,0.0139142287718399));
#5128=CARTESIAN_POINT('',(-0.00413600720872006,0.015348,0.0141061491686929));
#5129=CARTESIAN_POINT('',(-0.00704995498928934,0.015348,0.0128991524779341));
#5130=CARTESIAN_POINT('',(-0.00695403723433302,0.015348,0.012723653804765));
#5131=CARTESIAN_POINT('',(0.,0.015348,4.44089209850063E-18));
#5132=CARTESIAN_POINT('',(-0.0127236538047649,0.015348,0.00695403723433301));
#5133=CARTESIAN_POINT('',(-0.0128991524779341,0.015348,0.00704995498928934));
#5134=CARTESIAN_POINT('',(-0.0141061491686929,0.015348,0.00413600720872006));
#5135=CARTESIAN_POINT('',(-0.0139142287718399,0.015348,0.00407973500179871));
#5136=CARTESIAN_POINT('',(0.,0.015348,4.44089209850063E-18));
#5137=CARTESIAN_POINT('',(-0.0139142287718399,0.015348,-0.0040797350017987));
#5138=CARTESIAN_POINT('',(-0.0141061491686929,0.015348,-0.00413600720872006));
#5139=CARTESIAN_POINT('',(-0.0128991524779341,0.015348,-0.00704995498928934));
#5140=CARTESIAN_POINT('',(-0.00704995498928934,-0.004,-0.0128991524779341));
#5141=CARTESIAN_POINT('',(-0.00704995498928934,0.002,-0.0128991524779341));
#5142=CARTESIAN_POINT('',(-0.00695403723433302,0.002,-0.0127236538047649));
#5143=CARTESIAN_POINT('',(-0.00695403723433299,-0.004,-0.0127236538047649));
#5144=CARTESIAN_POINT('',(0.0128514121621123,0.002,-5.55111512312578E-19));
#5145=CARTESIAN_POINT('',(0.,0.002,0.));
#5146=CARTESIAN_POINT('',(-0.01,0.002,0.));
#5147=CARTESIAN_POINT('',(0.0116976995072629,0.002,0.030062959329644));
#5148=CARTESIAN_POINT('',(0.0116976995072491,0.002,0.0300629593296135));
#5149=CARTESIAN_POINT('',(0.0412323072226577,0.002,0.0185708449855602));
#5150=CARTESIAN_POINT('',(-0.0320266515290862,0.002,0.00386151385452741));
#5151=CARTESIAN_POINT('',(-0.0318814079300602,0.002,0.00506613626637791));
#5152=CARTESIAN_POINT('',(-0.0314550371420795,0.002,0.00745271063464312));
#5153=CARTESIAN_POINT('',(-0.0306083214767693,0.002,0.0103149219140778));
#5154=CARTESIAN_POINT('',(-0.0296959754062427,0.002,0.0126478819052408));
#5155=CARTESIAN_POINT('',(-0.0286631175276067,0.002,0.0148919429651137));
#5156=CARTESIAN_POINT('',(-0.0271229815718199,0.002,0.0175950446315658));
#5157=CARTESIAN_POINT('',(-0.0252831207149773,0.002,0.0201024406621413));
#5158=CARTESIAN_POINT('',(-0.0236549275292612,0.002,0.0219604931862542));
#5159=CARTESIAN_POINT('',(-0.0218958611909313,0.002,0.023745279143232));
#5160=CARTESIAN_POINT('',(-0.0196291186948922,0.002,0.0256839808718687));
#5161=CARTESIAN_POINT('',(-0.0166166204662392,0.002,0.0277299532325831));
#5162=CARTESIAN_POINT('',(-0.0133932848374745,0.002,0.0294208995096988));
#5163=CARTESIAN_POINT('',(-0.0106133799249056,0.002,0.030506095108179));
#5164=CARTESIAN_POINT('',(-0.00821081431170797,0.002,0.0312154239833343));
#5165=CARTESIAN_POINT('',(-0.00580469654795337,0.002,0.0317749836185988));
#5166=CARTESIAN_POINT('',(-0.00272490599051598,0.002,0.032215160420243));
#5167=CARTESIAN_POINT('',(0.000383957553598321,0.002,0.0322985631953421));
#5168=CARTESIAN_POINT('',(0.00285009538609874,0.002,0.0321511338985012));
#5169=CARTESIAN_POINT('',(0.00533837275982371,0.002,0.0318554593803166));
#5170=CARTESIAN_POINT('',(0.00826084657053712,0.002,0.0312525566509888));
#5171=CARTESIAN_POINT('',(0.0105667761257733,0.002,0.0305030092175209));
#5172=CARTESIAN_POINT('',(0.0116976995072629,0.002,0.030062959329644));
#5173=CARTESIAN_POINT('',(-0.032026651529098,0.002,0.00386151385452882));
#5174=CARTESIAN_POINT('',(-0.0302265765942139,0.002,0.00189322619128905));
#5175=CARTESIAN_POINT('',(-0.0307384965797349,0.002,0.00187746657748011));
#5176=CARTESIAN_POINT('',(-0.0317435861749428,0.002,0.00231344839457818));
#5177=CARTESIAN_POINT('',(-0.0320880474836691,0.002,0.003352307642457));
#5178=CARTESIAN_POINT('',(-0.0320266515290862,0.002,0.00386151385452741));
#5179=CARTESIAN_POINT('',(-0.0302265765942139,0.002,0.00189322619128905));
#5180=CARTESIAN_POINT('',(-0.0297981461289775,0.002,0.002151));
#5181=CARTESIAN_POINT('',(-0.0299579241369828,0.002,0.00167721630657244));
#5182=CARTESIAN_POINT('',(-0.0302806902001919,0.002,0.003651));
#5183=CARTESIAN_POINT('',(0.0402319741621105,0.002,0.016));
#5184=CARTESIAN_POINT('',(0.0432305100391932,0.002,0.0159062845058288));
#5185=CARTESIAN_POINT('',(0.0555,0.002,0.0111321435072029));
#5186=CARTESIAN_POINT('',(0.0555,0.002,0.0111321435072029));
#5187=CARTESIAN_POINT('',(0.0555,0.002,0.00625));
#5188=CARTESIAN_POINT('',(0.0555,0.002,0.0095));
#5189=CARTESIAN_POINT('',(0.0128514121621123,0.002,0.0095));
#5190=CARTESIAN_POINT('',(0.0133941823076765,0.002,0.0075));
#5191=CARTESIAN_POINT('',(0.0117007266288217,0.002,0.00856405256625525));
#5192=CARTESIAN_POINT('',(0.,0.002,-2.26590399986488E-19));
#5193=CARTESIAN_POINT('',(0.0127236538047649,0.002,0.00695403723433301));
#5194=CARTESIAN_POINT('',(0.0128991524779341,0.002,0.00704995498928934));
#5195=CARTESIAN_POINT('',(0.0141061491686929,0.002,0.00413600720872006));
#5196=CARTESIAN_POINT('',(0.0139142287718399,0.002,0.00407973500179871));
#5197=CARTESIAN_POINT('',(0.,0.002,-2.26590399986489E-19));
#5198=CARTESIAN_POINT('',(0.0139142287718399,0.002,-0.00407973500179871));
#5199=CARTESIAN_POINT('',(0.0141061491686929,0.002,-0.00413600720872006));
#5200=CARTESIAN_POINT('',(0.0128991524779341,0.002,-0.00704995498928934));
#5201=CARTESIAN_POINT('',(0.0127236538047649,0.002,-0.00695403723433302));
#5202=CARTESIAN_POINT('',(0.,0.002,-2.2659039998649E-19));
#5203=CARTESIAN_POINT('',(0.0117007266288217,0.002,-0.00856405256625524));
#5204=CARTESIAN_POINT('',(0.0133941823076765,0.002,-0.0075));
#5205=CARTESIAN_POINT('',(0.0128514121621123,0.002,-0.0095));
#5206=CARTESIAN_POINT('',(0.0555,0.002,-0.0095));
#5207=CARTESIAN_POINT('',(0.0555,0.002,0.00625));
#5208=CARTESIAN_POINT('',(0.0555,0.002,-0.0111321435072029));
#5209=CARTESIAN_POINT('',(0.0432305100391932,0.002,-0.0159062845058288));
#5210=CARTESIAN_POINT('',(0.0432305100391932,0.002,-0.0159062845058288));
#5211=CARTESIAN_POINT('',(0.0402319741621105,0.002,-0.016));
#5212=CARTESIAN_POINT('',(-0.0302806902001919,0.002,-0.003651));
#5213=CARTESIAN_POINT('',(-0.0299579241369829,0.002,-0.00167721630657245));
#5214=CARTESIAN_POINT('',(-0.0297981461289775,0.002,-0.002151));
#5215=CARTESIAN_POINT('',(-0.0302265765942139,0.002,-0.00189322619128907));
#5216=CARTESIAN_POINT('',(-0.0320266515290862,0.002,-0.00386151385452743));
#5217=CARTESIAN_POINT('',(-0.0320879599004066,0.002,-0.00335303404115255));
#5218=CARTESIAN_POINT('',(-0.0317432643099642,0.002,-0.00231309645208135));
#5219=CARTESIAN_POINT('',(-0.0307392278929546,0.002,-0.0018774440637783));
#5220=CARTESIAN_POINT('',(-0.0302265765942139,0.002,-0.00189322619128907));
#5221=CARTESIAN_POINT('',(-0.0320266515290862,0.002,-0.00386151385452742));
#5222=CARTESIAN_POINT('',(0.0116976995078529,0.002,-0.0300629593293508));
#5223=CARTESIAN_POINT('',(0.0105669376939855,0.002,-0.0305029463502114));
#5224=CARTESIAN_POINT('',(0.00826132652975086,0.002,-0.031252403769667));
#5225=CARTESIAN_POINT('',(0.00533806267179796,0.002,-0.0318554868842214));
#5226=CARTESIAN_POINT('',(0.00285055755437842,0.002,-0.0321511149673873));
#5227=CARTESIAN_POINT('',(0.000384615887879524,0.002,-0.0322985501578041));
#5228=CARTESIAN_POINT('',(-0.00272533870358964,0.002,-0.0322151246138042));
#5229=CARTESIAN_POINT('',(-0.0058040567405896,0.002,-0.031775104075588));
#5230=CARTESIAN_POINT('',(-0.00821034929633052,0.002,-0.0312155253332293));
#5231=CARTESIAN_POINT('',(-0.0106137495718275,0.002,-0.0305059885745363));
#5232=CARTESIAN_POINT('',(-0.0133922830862827,0.002,-0.0294213515648462));
#5233=CARTESIAN_POINT('',(-0.0166170886617829,0.002,-0.0277296726703904));
#5234=CARTESIAN_POINT('',(-0.0196282476622205,0.002,-0.0256846510665042));
#5235=CARTESIAN_POINT('',(-0.0218961294505657,0.002,-0.023745003416794));
#5236=CARTESIAN_POINT('',(-0.0236546188679141,0.002,-0.0219608554554336));
#5237=CARTESIAN_POINT('',(-0.02528271277743,0.002,-0.020102948057191));
#5238=CARTESIAN_POINT('',(-0.0271232172026184,0.002,-0.0175946799384909));
#5239=CARTESIAN_POINT('',(-0.0286628185723123,0.002,-0.014892529649977));
#5240=CARTESIAN_POINT('',(-0.0296957741545304,0.002,-0.012648298384776));
#5241=CARTESIAN_POINT('',(-0.0306084434521816,0.002,-0.0103146354994363));
#5242=CARTESIAN_POINT('',(-0.0314549456215305,0.002,-0.00745320596985297));
#5243=CARTESIAN_POINT('',(-0.03188138717709,0.002,-0.00506630838751277));
#5244=CARTESIAN_POINT('',(-0.0320266515290862,0.002,-0.00386151385452743));
#5245=CARTESIAN_POINT('',(0.0116976995078529,0.002,-0.0300629593293509));
#5246=CARTESIAN_POINT('',(0.0412323072228779,0.002,-0.0185708449854101));
#5247=CARTESIAN_POINT('',(0.041232307222884,0.002,-0.0185708449854196));
#5248=CARTESIAN_POINT('',(0.0425471221426516,0.002,-0.0145));
#5249=CARTESIAN_POINT('',(0.0429866331885664,0.002,-0.0151783554069167));
#5250=CARTESIAN_POINT('',(0.0432273528818801,0.002,-0.0169679189009133));
#5251=CARTESIAN_POINT('',(0.0419868802494688,0.002,-0.0182772355498185));
#5252=CARTESIAN_POINT('',(0.0412323072228779,0.002,-0.0185708449854101));
#5253=CARTESIAN_POINT('',(0.0425471221426466,0.002,-0.0145000000000033));
#5254=CARTESIAN_POINT('',(0.0128514121621123,0.002,-0.0145));
#5255=CARTESIAN_POINT('',(0.,0.002,-0.0145));
#5256=CARTESIAN_POINT('',(0.,0.002,-2.26590399986491E-19));
#5257=CARTESIAN_POINT('',(0.,0.002,-2.26590399986491E-19));
#5258=CARTESIAN_POINT('',(-0.0127236538047649,0.002,-0.00695403723433301));
#5259=CARTESIAN_POINT('',(-0.0128991524779341,0.002,-0.00704995498928934));
#5260=CARTESIAN_POINT('',(-0.0141061491686929,0.002,-0.00413600720872006));
#5261=CARTESIAN_POINT('',(-0.0139142287718399,0.002,-0.0040797350017987));
#5262=CARTESIAN_POINT('',(0.,0.002,-2.2659039998649E-19));
#5263=CARTESIAN_POINT('',(-0.0139142287718399,0.002,0.00407973500179871));
#5264=CARTESIAN_POINT('',(-0.0141061491686929,0.002,0.00413600720872006));
#5265=CARTESIAN_POINT('',(-0.0128991524779341,0.002,0.00704995498928934));
#5266=CARTESIAN_POINT('',(-0.0127236538047649,0.002,0.00695403723433302));
#5267=CARTESIAN_POINT('',(0.,0.002,-2.26590399986489E-19));
#5268=CARTESIAN_POINT('',(-0.00695403723433301,0.002,0.0127236538047649));
#5269=CARTESIAN_POINT('',(-0.00704995498928934,0.002,0.0128991524779341));
#5270=CARTESIAN_POINT('',(-0.00413600720872006,0.002,0.0141061491686929));
#5271=CARTESIAN_POINT('',(-0.0040797350017987,0.002,0.0139142287718399));
#5272=CARTESIAN_POINT('',(0.,0.002,-2.26590399986488E-19));
#5273=CARTESIAN_POINT('',(-2.6333102365328E-14,0.002,0.0145));
#5274=CARTESIAN_POINT('',(0.0128514121621123,0.002,0.0145));
#5275=CARTESIAN_POINT('',(0.0425471221426517,0.002,0.0145));
#5276=CARTESIAN_POINT('',(0.0412323072226577,0.002,0.0185708449855602));
#5277=CARTESIAN_POINT('',(0.041985583735044,0.002,0.0182777400324005));
#5278=CARTESIAN_POINT('',(0.0432276229031642,0.002,0.0169670828785622));
#5279=CARTESIAN_POINT('',(0.0429873896602634,0.002,0.0151795229695313));
#5280=CARTESIAN_POINT('',(0.0425471221426517,0.002,0.0145));
#5281=CARTESIAN_POINT('',(-0.00704995498928934,-0.004,0.0128991524779341));
#5282=CARTESIAN_POINT('',(-0.00695403723433299,-0.004,0.0127236538047649));
#5283=CARTESIAN_POINT('',(-0.00413600720872006,-0.004,0.0141061491686929));
#5284=CARTESIAN_POINT('',(-0.00407973500179869,-0.004,0.0139142287718399));
#5285=CARTESIAN_POINT('',(-0.0141061491686929,-0.004,0.00413600720872006));
#5286=CARTESIAN_POINT('',(-0.0139142287718399,-0.004,0.00407973500179871));
#5287=CARTESIAN_POINT('',(-0.0128991524779341,-0.004,0.00704995498928934));
#5288=CARTESIAN_POINT('',(-0.0127236538047649,-0.004,0.006954037234333));
#5289=CARTESIAN_POINT('',(0.0141061491686929,-0.004,-0.00413600720872006));
#5290=CARTESIAN_POINT('',(0.0139142287718399,-0.004,-0.00407973500179871));
#5291=CARTESIAN_POINT('',(0.0139142287718399,0.015348,-0.00407973500179871));
#5292=CARTESIAN_POINT('',(0.0141061491686929,0.015348,-0.00413600720872006));
#5293=CARTESIAN_POINT('',(0.0575,0.015348,0.00635));
#5294=CARTESIAN_POINT('',(0.0575,0.015348,0.0029439999999943));
#5295=CARTESIAN_POINT('',(0.0145855192106948,0.015348,0.0029439999999943));
#5296=CARTESIAN_POINT('',(0.017425519210693,0.015348,0.0029439999999943));
#5297=CARTESIAN_POINT('',(0.0145855192106948,0.015348,0.00635));
#5298=CARTESIAN_POINT('',(0.0145855192106948,0.015348,-0.0029439999999943));
#5299=CARTESIAN_POINT('',(0.0575,0.015348,-0.0029439999999943));
#5300=CARTESIAN_POINT('',(0.017425519210693,0.015348,-0.0029439999999943));
#5301=CARTESIAN_POINT('',(0.017425519210693,0.015348,0.00635));
#5302=CARTESIAN_POINT('',(0.,0.015348,4.44089209850063E-18));
#5303=CARTESIAN_POINT('',(0.0117007266288217,0.015348,0.00856405256625525));
#5304=CARTESIAN_POINT('',(0.0127236538047649,0.015348,0.00695403723433302));
#5305=CARTESIAN_POINT('',(0.0133941823076765,0.015348,0.0075));
#5306=CARTESIAN_POINT('',(0.0133941823076765,0.015348,0.0095));
#5307=CARTESIAN_POINT('',(0.0575,0.015348,0.0095));
#5308=CARTESIAN_POINT('',(0.0555,0.015348,0.0095));
#5309=CARTESIAN_POINT('',(0.0555,0.015348,0.0075));
#5310=CARTESIAN_POINT('',(0.0575,0.015348,0.0075));
#5311=CARTESIAN_POINT('',(0.0575,0.015348,0.00635));
#5312=CARTESIAN_POINT('',(0.0575,0.015348,-0.0075));
#5313=CARTESIAN_POINT('',(0.0555,0.015348,-0.0075));
#5314=CARTESIAN_POINT('',(0.0555,0.015348,-0.0095));
#5315=CARTESIAN_POINT('',(0.0575,0.015348,-0.0095));
#5316=CARTESIAN_POINT('',(0.0133941823076765,0.015348,-0.0095));
#5317=CARTESIAN_POINT('',(0.0133941823076765,0.015348,-0.0075));
#5318=CARTESIAN_POINT('',(0.0117007266288217,0.015348,-0.00856405256625523));
#5319=CARTESIAN_POINT('',(0.,0.015348,4.44089209850063E-18));
#5320=CARTESIAN_POINT('',(0.0127236538047649,0.015348,-0.00695403723433301));
#5321=CARTESIAN_POINT('',(0.0128991524779341,0.015348,-0.00704995498928934));
#5322=CARTESIAN_POINT('',(0.,0.015348,4.44089209850063E-18));
#5323=CARTESIAN_POINT('',(0.0139142287718399,0.015348,0.00407973500179871));
#5324=CARTESIAN_POINT('',(0.0141061491686929,0.015348,0.00413600720872006));
#5325=CARTESIAN_POINT('',(0.0128991524779341,0.015348,0.00704995498928934));
#5326=CARTESIAN_POINT('',(0.0128991524779341,-0.004,-0.00704995498928934));
#5327=CARTESIAN_POINT('',(0.0127236538047649,-0.004,-0.00695403723433299));
#5328=CARTESIAN_POINT('',(0.0128991524779341,-0.004,0.00704995498928934));
#5329=CARTESIAN_POINT('',(0.0127236538047649,-0.004,0.00695403723433299));
#5330=CARTESIAN_POINT('',(0.0141061491686929,-0.004,0.00413600720872006));
#5331=CARTESIAN_POINT('',(0.0139142287718399,-0.004,0.00407973500179871));
#5332=CARTESIAN_POINT('',(-0.0128991524779341,-0.004,-0.00704995498928934));
#5333=CARTESIAN_POINT('',(-0.0127236538047649,-0.004,-0.00695403723433299));
#5334=CARTESIAN_POINT('',(-0.0141061491686929,-0.004,-0.00413600720872006));
#5335=CARTESIAN_POINT('',(-0.0139142287718399,-0.004,-0.0040797350017987));
#5336=CARTESIAN_POINT('',(0.0145855192106948,-0.004,0.0029439999999943));
#5337=CARTESIAN_POINT('',(0.0145855192106948,-0.004,0.0029439999999943));
#5338=CARTESIAN_POINT('',(0.017425519210693,-0.004,0.0029439999999943));
#5339=CARTESIAN_POINT('',(0.0145855192106948,-0.004,-0.0029439999999943));
#5340=CARTESIAN_POINT('',(0.0145855192106948,-0.004,-0.0029439999999943));
#5341=CARTESIAN_POINT('',(0.017425519210693,-0.004,-0.0029439999999943));
#5342=CARTESIAN_POINT('',(0.017425519210693,-0.004,-0.0029439999999943));
#5343=CARTESIAN_POINT('',(0.017425519210693,-0.004,0.0029439999999943));
#5344=CARTESIAN_POINT('',(0.00294400000006705,-0.004,-0.017425519210693));
#5345=CARTESIAN_POINT('',(0.00294400000006705,-0.004,-0.017425519210693));
#5346=CARTESIAN_POINT('',(-0.00294400000006706,-0.004,-0.017425519210693));
#5347=CARTESIAN_POINT('',(0.00294400000006705,-0.004,-0.0145855192106948));
#5348=CARTESIAN_POINT('',(0.00294400000006705,-0.004,-0.0145855192106948));
#5349=CARTESIAN_POINT('',(-0.00294400000006706,-0.004,-0.0145855192106948));
#5350=CARTESIAN_POINT('',(-0.00294400000006706,-0.004,-0.0145855192106948));
#5351=CARTESIAN_POINT('',(-0.00294400000006706,-0.004,-0.017425519210693));
#5352=CARTESIAN_POINT('',(-0.0145855192106948,-0.004,-0.00294400000006705));
#5353=CARTESIAN_POINT('',(-0.0145855192106948,-0.004,-0.00294400000006705));
#5354=CARTESIAN_POINT('',(-0.017425519210693,-0.004,-0.00294400000006705));
#5355=CARTESIAN_POINT('',(-0.0145855192106948,-0.004,0.00294400000006706));
#5356=CARTESIAN_POINT('',(-0.0145855192106948,-0.004,0.00294400000006706));
#5357=CARTESIAN_POINT('',(-0.017425519210693,-0.004,0.00294400000006706));
#5358=CARTESIAN_POINT('',(-0.017425519210693,-0.004,0.00294400000006706));
#5359=CARTESIAN_POINT('',(-0.017425519210693,-0.004,-0.00294400000006705));
#5360=CARTESIAN_POINT('',(-0.017425519210693,-0.004,-0.001651));
#5361=CARTESIAN_POINT('',(-0.017425519210693,0.002648,-0.001651));
#5362=CARTESIAN_POINT('',(-0.017425519210693,0.002648,-0.00294400000006705));
#5363=CARTESIAN_POINT('',(-0.017425519210693,0.002648,0.001651));
#5364=CARTESIAN_POINT('',(-0.017425519210693,-0.004,0.001651));
#5365=CARTESIAN_POINT('',(0.0029439999999943,-0.004,0.017425519210693));
#5366=CARTESIAN_POINT('',(0.0029439999999943,-0.004,0.017425519210693));
#5367=CARTESIAN_POINT('',(0.0029439999999943,-0.004,0.0145855192106948));
#5368=CARTESIAN_POINT('',(-0.00294399999999429,-0.004,0.017425519210693));
#5369=CARTESIAN_POINT('',(-0.00294399999999429,-0.004,0.017425519210693));
#5370=CARTESIAN_POINT('',(-0.00294399999999429,-0.004,0.0145855192106948));
#5371=CARTESIAN_POINT('',(-0.00294399999999429,-0.004,0.0145855192106948));
#5372=CARTESIAN_POINT('',(0.0029439999999943,-0.004,0.0145855192106948));
#5373=CARTESIAN_POINT('',(0.0555,0.,-0.0111321435072029));
#5374=CARTESIAN_POINT('',(0.0555,0.,-0.0111321435072029));
#5375=CARTESIAN_POINT('',(0.0575,0.,-0.0111321435072029));
#5376=CARTESIAN_POINT('',(0.0575,0.,-0.0111321435072029));
#5377=CARTESIAN_POINT('',(0.039498128863621,0.,-0.0173585791040328));
#5378=CARTESIAN_POINT('',(0.0555,0.,-0.0111321435072028));
#5379=CARTESIAN_POINT('',(0.0432305100391932,0.002,-0.0159062845058288));
#5380=CARTESIAN_POINT('',(0.0432531220503218,0.00199999999999998,-0.016629782015198));
#5381=CARTESIAN_POINT('',(0.0427602866492668,0.00135098452081489,-0.0179336985502398));
#5382=CARTESIAN_POINT('',(0.0418334155780898,0.000449956731175148,-0.0185959732829968));
#5383=CARTESIAN_POINT('',(0.0413198419363791,-1.71265080472307E-67,-0.0187958082383647));
#5384=CARTESIAN_POINT('',(0.0402319741621105,0.001,-0.016));
#5385=CARTESIAN_POINT('',(-0.025943611089125,0.002648,-4.43281801673921E-18));
#5386=CARTESIAN_POINT('',(-0.025943611089125,0.002648,-0.001651));
#5387=CARTESIAN_POINT('',(-0.0297981461289775,0.002648,-0.001651));
#5388=CARTESIAN_POINT('',(-0.0297981461289775,0.002648,-0.002151));
#5389=CARTESIAN_POINT('',(-0.0299579241369829,0.002648,-0.00167721630657245));
#5390=CARTESIAN_POINT('',(-0.0302806902001919,0.002648,-0.003651));
#5391=CARTESIAN_POINT('',(-0.0302806902001919,0.002648,0.003651));
#5392=CARTESIAN_POINT('',(-0.0299579241369828,0.002648,0.00167721630657244));
#5393=CARTESIAN_POINT('',(-0.0297981461289775,0.002648,0.002151));
#5394=CARTESIAN_POINT('',(-0.0297981461289775,0.002648,0.001651));
#5395=CARTESIAN_POINT('',(-0.025943611089125,0.002648,0.001651));
#5396=CARTESIAN_POINT('',(0.0402319741621105,0.001,0.016));
#5397=CARTESIAN_POINT('',(0.0432305100391932,0.002,0.0159062845058288));
#5398=CARTESIAN_POINT('',(0.0432531220503218,0.00199999999999998,0.016629782015198));
#5399=CARTESIAN_POINT('',(0.0427602866492773,0.00135098452080114,0.0179336985502357));
#5400=CARTESIAN_POINT('',(0.0418334155780688,0.000449956731202624,0.0185959732830049));
#5401=CARTESIAN_POINT('',(0.041319841936379,3.03858167864311E-64,0.0187958082383647));
#5402=CARTESIAN_POINT('',(0.0166407459742423,0.,0.026252540395175));
#5403=CARTESIAN_POINT('',(0.0555,0.,0.0111321435072028));
#5404=CARTESIAN_POINT('',(0.0555,0.,0.0111321435072029));
#5405=CARTESIAN_POINT('',(0.0575,0.,0.0111321435072029));
#5406=CARTESIAN_POINT('',(0.0575,0.,0.0111321435072029));
#5407=CARTESIAN_POINT('',(0.0555,0.,0.0111321435072029));
#5408=CARTESIAN_POINT('',(0.0575,0.,0.0125));
#5409=CARTESIAN_POINT('',(0.0575,0.,0.0125));
#5410=CARTESIAN_POINT('',(0.0575,0.,-0.0075));
#5411=CARTESIAN_POINT('',(0.0575,0.,-0.0075));
#5412=CARTESIAN_POINT('',(0.0575,0.,0.0075));
#5413=CARTESIAN_POINT('',(0.0575,0.,0.0075));
#5414=CARTESIAN_POINT('',(0.0575,0.,0.0125));
#5415=CARTESIAN_POINT('',(0.0334282989719816,0.002,7.7715611723761E-18));
#5416=CARTESIAN_POINT('',(0.0334282989719816,0.002,0.0095));
#5417=CARTESIAN_POINT('',(0.0133941823076765,0.002,0.0095));
#5418=CARTESIAN_POINT('',(0.0133941823076765,0.002,0.0075));
#5419=CARTESIAN_POINT('',(0.0334282989719816,0.002,7.7715611723761E-18));
#5420=CARTESIAN_POINT('',(0.0133941823076765,0.002,-0.0075));
#5421=CARTESIAN_POINT('',(0.0133941823076765,0.002,-0.0095));
#5422=CARTESIAN_POINT('',(0.0334282989719816,0.002,-0.0095));
#5423=CARTESIAN_POINT('',(0.,2.10530377853235E-15,0.));
#5424=CARTESIAN_POINT('',(0.,0.00164999999999789,0.));
#5425=CARTESIAN_POINT('',(-0.00999999999999789,0.00164999999999789,1.22464679914709E-18));
#5426=CARTESIAN_POINT('',(0.,0.015348,4.44089209850063E-18));
#5427=CARTESIAN_POINT('',(0.,0.015348,-0.0145));
#5428=CARTESIAN_POINT('',(0.,0.015348,4.44089209850063E-18));
#5429=CARTESIAN_POINT('',(0.,0.015348,-0.0145));
#5430=CARTESIAN_POINT('',(0.0419205545150617,0.0025,-0.0145));
#5431=CARTESIAN_POINT('',(0.0419205545150617,0.00235091314790743,-0.0145));
#5432=CARTESIAN_POINT('',(0.0421052579942719,0.00208665648268783,-0.0145));
#5433=CARTESIAN_POINT('',(0.0423988681699017,0.00200000000000107,-0.0145));
#5434=CARTESIAN_POINT('',(0.0425471221426466,0.002,-0.0145));
#5435=CARTESIAN_POINT('',(0.0419205545150617,0.0025,-0.0145));
#5436=CARTESIAN_POINT('',(0.0419205545150617,0.015348,-0.0145));
#5437=CARTESIAN_POINT('',(0.0402319741621105,0.015348,-0.016));
#5438=CARTESIAN_POINT('',(0.0410509959271876,0.015348,-0.0181048769457389));
#5439=CARTESIAN_POINT('',(0.0410509959271767,0.0025,-0.0181048769457109));
#5440=CARTESIAN_POINT('',(0.0402319741621105,0.0025,-0.016));
#5441=CARTESIAN_POINT('',(0.0115163882121343,0.015348,-0.0295969912896107));
#5442=CARTESIAN_POINT('',(0.0115163882121343,0.015348,-0.0295969912896107));
#5443=CARTESIAN_POINT('',(0.0115163882121369,0.0025,-0.0295969912896174));
#5444=CARTESIAN_POINT('',(0.0115163882121343,0.0025,-0.0295969912896107));
#5445=CARTESIAN_POINT('',(0.,0.015348,0.));
#5446=CARTESIAN_POINT('',(0.,0.0025,-4.45264753158524E-18));
#5447=CARTESIAN_POINT('',(-0.031530246771706,0.0025,-0.00380166139551103));
#5448=CARTESIAN_POINT('',(-0.031530246771706,0.015348,-0.00380166139551102));
#5449=CARTESIAN_POINT('',(-0.0302806902001919,0.015348,-0.003651));
#5450=CARTESIAN_POINT('',(-0.0302806902001919,0.0025,-0.003651));
#5451=CARTESIAN_POINT('',(-0.0306385321955604,0.0025,-0.00244433534573108));
#5452=CARTESIAN_POINT('',(-0.0306385321955604,0.015348,-0.00244433534573108));
#5453=CARTESIAN_POINT('',(-0.0172755192107213,0.015348,-0.001651));
#5454=CARTESIAN_POINT('',(-0.0297981461289775,0.015348,-0.001651));
#5455=CARTESIAN_POINT('',(-0.0346117029675287,0.015348,0.001651));
#5456=CARTESIAN_POINT('',(-0.0297981461289775,0.015348,0.001651));
#5457=CARTESIAN_POINT('',(-0.0302806902001919,0.015348,0.003651));
#5458=CARTESIAN_POINT('',(-0.0306385321955604,0.015348,0.00244433534573107));
#5459=CARTESIAN_POINT('',(-0.0306385321955604,0.0025,0.00244433534573106));
#5460=CARTESIAN_POINT('',(-0.0302806902001919,0.0025,0.003651));
#5461=CARTESIAN_POINT('',(-0.031530246771706,0.0025,0.00380166139551101));
#5462=CARTESIAN_POINT('',(-0.0315302467717059,0.015348,0.00380166139551101));
#5463=CARTESIAN_POINT('',(0.,0.015348,0.));
#5464=CARTESIAN_POINT('',(0.,0.0025,-4.45264753158524E-18));
#5465=CARTESIAN_POINT('',(0.0115163882115414,0.0025,0.0295969912898887));
#5466=CARTESIAN_POINT('',(0.0115163882115307,0.015348,0.0295969912898611));
#5467=CARTESIAN_POINT('',(0.0410509959270203,0.015348,0.0181048769459157));
#5468=CARTESIAN_POINT('',(0.0410509959270203,0.015348,0.0181048769459157));
#5469=CARTESIAN_POINT('',(0.0410509959270014,0.0025,0.0181048769458672));
#5470=CARTESIAN_POINT('',(0.0410509959270203,0.0025,0.0181048769459157));
#5471=CARTESIAN_POINT('',(0.0402319741621105,0.015348,0.016));
#5472=CARTESIAN_POINT('',(0.0402319741621105,0.0025,0.016));
#5473=CARTESIAN_POINT('',(0.0419205545150617,0.0025,0.0145));
#5474=CARTESIAN_POINT('',(0.0419205545150618,0.015348,0.0145));
#5475=CARTESIAN_POINT('',(0.0476859144985678,0.015348,0.0145));
#5476=CARTESIAN_POINT('',(0.0425471221426517,0.002,0.0145));
#5477=CARTESIAN_POINT('',(0.0423987258669238,0.00199999999999999,0.0145));
#5478=CARTESIAN_POINT('',(0.0421078478499586,0.00208495656055373,0.0145));
#5479=CARTESIAN_POINT('',(0.0419205545150629,0.00235070546118981,0.0145));
#5480=CARTESIAN_POINT('',(0.041920554515063,0.00250000000000026,0.0145));
#5481=CARTESIAN_POINT('',(-5.26662047306559E-14,0.015348,0.0145));
#5482=CARTESIAN_POINT('',(0.,0.015348,4.44089209850063E-18));
#5483=CARTESIAN_POINT('',(0.,0.015348,4.44089209850063E-18));
#5484=CARTESIAN_POINT('',(0.,0.015348,4.44089209850063E-18));
#5485=CARTESIAN_POINT('',(0.,0.,0.));
#5486=CARTESIAN_POINT('',(0.0402319741621105,0.0025,0.016));
#5487=CARTESIAN_POINT('',(0.0412323072226577,0.0025,0.0185708449855602));
#5488=CARTESIAN_POINT('',(0.0320457603010673,0.0025,0.0221453921293658));
#5489=CARTESIAN_POINT('',(0.0116976995072629,0.0025,0.0300629593296441));
#5490=CARTESIAN_POINT('',(0.,0.0025,-4.45264753158524E-18));
#5491=CARTESIAN_POINT('',(-0.0320266515290862,0.0025,0.00386151385452741));
#5492=CARTESIAN_POINT('',(-0.0302806902001919,0.0025,0.003651));
#5493=CARTESIAN_POINT('',(-0.0306385321955604,0.0025,0.00244433534573104));
#5494=CARTESIAN_POINT('',(-0.0305869793944113,0.00243643837126025,0.0024290471236349));
#5495=CARTESIAN_POINT('',(-0.0304973048870018,0.00232171534162404,0.00238046547524414));
#5496=CARTESIAN_POINT('',(-0.0304369216106759,0.00223887248785017,0.00233563752680755));
#5497=CARTESIAN_POINT('',(-0.0303263072548837,0.0020891483033051,0.00219656894825207));
#5498=CARTESIAN_POINT('',(-0.0302983964122104,0.00204483210605207,0.00210540492581821));
#5499=CARTESIAN_POINT('',(-0.030289418164589,0.00202820836556776,0.00205798501719515));
#5500=CARTESIAN_POINT('',(-0.030289418164589,0.00202820836556775,0.00205798501719516));
#5501=CARTESIAN_POINT('',(-0.0302265765942139,0.002,0.00189322619128907));
#5502=CARTESIAN_POINT('',(-0.0302577712965133,0.002,0.00194507304448904));
#5503=CARTESIAN_POINT('',(-0.030278767065965,0.00200848724549364,0.00200172970493596));
#5504=CARTESIAN_POINT('',(-0.030289418164589,0.00202820836556775,0.00205798501719517));
#5505=CARTESIAN_POINT('',(-0.0302806902001919,0.015348,0.003651));
#5506=CARTESIAN_POINT('',(-0.0299579241369828,0.015348,0.00167721630657245));
#5507=CARTESIAN_POINT('',(0.0575,0.002,0.0095));
#5508=CARTESIAN_POINT('',(0.0555,0.002,0.0095));
#5509=CARTESIAN_POINT('',(0.0133941823076765,0.002,0.0095));
#5510=CARTESIAN_POINT('',(0.,0.015348,4.44089209850063E-18));
#5511=CARTESIAN_POINT('',(0.0117007266288217,0.015348,0.00856405256625524));
#5512=CARTESIAN_POINT('',(0.,0.015348,4.44089209850063E-18));
#5513=CARTESIAN_POINT('',(0.,0.015348,4.44089209850063E-18));
#5514=CARTESIAN_POINT('',(0.0117007266288217,0.015348,-0.00856405256625523));
#5515=CARTESIAN_POINT('',(0.00938083151964686,0.002,-0.0095));
#5516=CARTESIAN_POINT('',(0.0133941823076765,0.002,-0.0095));
#5517=CARTESIAN_POINT('',(0.0555,0.002,-0.0095));
#5518=CARTESIAN_POINT('',(-0.0302806902001919,0.015348,-0.003651));
#5519=CARTESIAN_POINT('',(-0.0299579241369829,0.015348,-0.00167721630657244));
#5520=CARTESIAN_POINT('',(-0.0302806902001919,0.0025,-0.003651));
#5521=CARTESIAN_POINT('',(-0.0302894181645889,0.00202820836556776,-0.00205798501719517));
#5522=CARTESIAN_POINT('',(-0.0302787651237343,0.00200848364934199,-0.00200171944676436));
#5523=CARTESIAN_POINT('',(-0.0302577904553878,0.002,-0.00194510488731116));
#5524=CARTESIAN_POINT('',(-0.0302265765942139,0.002,-0.00189322619128908));
#5525=CARTESIAN_POINT('',(-0.030289418164589,0.00202820836556775,-0.00205798501719517));
#5526=CARTESIAN_POINT('',(-0.030289418164589,0.00202820836556776,-0.00205798501719516));
#5527=CARTESIAN_POINT('',(-0.0302983950215402,0.0020448295311464,-0.00210539758079306));
#5528=CARTESIAN_POINT('',(-0.0303262966204077,0.00208913998344715,-0.00219655273447039));
#5529=CARTESIAN_POINT('',(-0.0304369297021409,0.00223888229556467,-0.00233564569256178));
#5530=CARTESIAN_POINT('',(-0.0304972831556303,0.00232168443064064,-0.00238044902602126));
#5531=CARTESIAN_POINT('',(-0.0305869687552824,0.00243642525382937,-0.00242904396855194));
#5532=CARTESIAN_POINT('',(-0.0306385321955604,0.0025,-0.00244433534573106));
#5533=CARTESIAN_POINT('',(-0.0320266515290862,0.0025,-0.00386151385452742));
#5534=CARTESIAN_POINT('',(0.,0.0025,-4.45264753158524E-18));
#5535=CARTESIAN_POINT('',(0.0116976995078529,0.0025,-0.0300629593293509));
#5536=CARTESIAN_POINT('',(0.0172784564436421,0.0025,-0.0278914493011485));
#5537=CARTESIAN_POINT('',(0.0412323072228779,0.0025,-0.0185708449854102));
#5538=CARTESIAN_POINT('',(0.0402319741621105,0.00250000000000001,-0.016));
#5539=CARTESIAN_POINT('',(0.0133941823076765,0.002,0.0075));
#5540=CARTESIAN_POINT('',(0.0555,0.001,0.0075));
#5541=CARTESIAN_POINT('',(0.0555,0.,0.0075));
#5542=CARTESIAN_POINT('',(0.0555,0.001,-0.0075));
#5543=CARTESIAN_POINT('',(0.0555,0.,-0.0075));
#5544=CARTESIAN_POINT('',(0.0133941823076765,0.002,-0.0075));
#5545=CARTESIAN_POINT('',(0.0555,1.02835063396696E-19,-0.0111321435072029));
#5546=CARTESIAN_POINT('',(0.0555,0.,-0.0111321435072029));
#5547=CARTESIAN_POINT('',(0.0555,1.02835063396696E-19,0.0111321435072029));
#5548=CARTESIAN_POINT('',(0.0555,0.,0.0111321435072029));
#5549=CARTESIAN_POINT('',(0.0555,0.,0.00625));
#5550=CARTESIAN_POINT('',(0.0555,0.,0.00625));
#5551=CARTESIAN_POINT('',(-0.0307806902002005,0.015348,-0.00196497003439038));
#5552=CARTESIAN_POINT('',(-0.030289418164589,0.015348,-0.00205798501719518));
#5553=CARTESIAN_POINT('',(-0.0297981461289775,0.015348,-0.002151));
#5554=CARTESIAN_POINT('',(-0.0297981461289775,0.015348,0.002151));
#5555=CARTESIAN_POINT('',(-0.0302894181645889,0.015348,0.00205798501719517));
#5556=CARTESIAN_POINT('',(-0.0307806902002005,0.015348,0.00196497003439037));
#5557=MECHANICAL_DESIGN_GEOMETRIC_PRESENTATION_REPRESENTATION('',(#3301),
#5558);
#5558=(
GEOMETRIC_REPRESENTATION_CONTEXT(3)
GLOBAL_UNCERTAINTY_ASSIGNED_CONTEXT((#5559))
GLOBAL_UNIT_ASSIGNED_CONTEXT((#5562,#5561,#5560))
REPRESENTATION_CONTEXT('KP0066-01_EndArmHubBottom',
'TOP_LEVEL_ASSEMBLY_PART')
);
#5559=UNCERTAINTY_MEASURE_WITH_UNIT(LENGTH_MEASURE(2.E-5),#5562,
'DISTANCE_ACCURACY_VALUE','Maximum Tolerance applied to model');
#5560=(
NAMED_UNIT(*)
SI_UNIT($,.STERADIAN.)
SOLID_ANGLE_UNIT()
);
#5561=(
NAMED_UNIT(*)
PLANE_ANGLE_UNIT()
SI_UNIT($,.RADIAN.)
);
#5562=(
LENGTH_UNIT()
NAMED_UNIT(*)
SI_UNIT($,.METRE.)
);
#5563=PRODUCT_DEFINITION_SHAPE('','',#5564);
#5564=PRODUCT_DEFINITION('','',#5566,#5565);
#5565=PRODUCT_DEFINITION_CONTEXT('',#5572,'design');
#5566=PRODUCT_DEFINITION_FORMATION_WITH_SPECIFIED_SOURCE('','',#5568,
 .NOT_KNOWN.);
#5567=PRODUCT_RELATED_PRODUCT_CATEGORY('','',(#5568));
#5568=PRODUCT('KP0066-01_EndArmHubBottom','KP0066-01_EndArmHubBottom',
'KP0066-01_EndArmHubBottom',(#5570));
#5569=PRODUCT_CATEGORY('','');
#5570=PRODUCT_CONTEXT('',#5572,'mechanical');
#5571=APPLICATION_PROTOCOL_DEFINITION('international standard',
'automotive_design',2010,#5572);
#5572=APPLICATION_CONTEXT(
'core data for automotive mechanical design processes');
ENDSEC;
END-ISO-10303-21;
