ISO-10303-21;
HEADER;
/* Generated by software containing ST-Developer
 * from STEP Tools, Inc. (www.steptools.com) 
 */
/* OPTION: using custom renumber hook */

FILE_DESCRIPTION(
/* description */ ('STEP AP214',
'CAx-IF Rec.Pracs.---User Defined Attributes---1.5---2016-08-15'),
/* implementation_level */ '2;1');

FILE_NAME(
/* name */ '6a65b5443184da9fa51bbeb7',
/* time_stamp */ '2026-07-26T07:20:36Z',
/* author */ (''),
/* organization */ (''),
/* preprocessor_version */ 'ST-DEVELOPER v20',
/* originating_system */ 'ONSHAPE BY PTC INC, 1.218',
/* authorisation */ '  ');

FILE_SCHEMA (('AUTOMOTIVE_DESIGN {1 0 10303 214 3 1 1}'));
ENDSEC;

DATA;
#10=PROPERTY_DEFINITION_REPRESENTATION(#14,#12);
#11=PROPERTY_DEFINITION_REPRESENTATION(#15,#13);
#12=REPRESENTATION('',(#16),#10923);
#13=REPRESENTATION('',(#17),#10923);
#14=PROPERTY_DEFINITION('pmi validation property','',#10928);
#15=PROPERTY_DEFINITION('pmi validation property','',#10928);
#16=VALUE_REPRESENTATION_ITEM('number of annotations',COUNT_MEASURE(0.));
#17=VALUE_REPRESENTATION_ITEM('number of views',COUNT_MEASURE(0.));
#18=SHAPE_REPRESENTATION_RELATIONSHIP('','',#1315,#19);
#19=ADVANCED_BREP_SHAPE_REPRESENTATION('',(#1313),#10923);
#20=B_SPLINE_SURFACE_WITH_KNOTS('',3,3,((#2505,#2506,#2507,#2508,#2509,
#2510,#2511),(#2512,#2513,#2514,#2515,#2516,#2517,#2518),(#2519,#2520,#2521,
#2522,#2523,#2524,#2525),(#2526,#2527,#2528,#2529,#2530,#2531,#2532),(#2533,
#2534,#2535,#2536,#2537,#2538,#2539),(#2540,#2541,#2542,#2543,#2544,#2545,
#2546),(#2547,#2548,#2549,#2550,#2551,#2552,#2553),(#2554,#2555,#2556,#2557,
#2558,#2559,#2560),(#2561,#2562,#2563,#2564,#2565,#2566,#2567),(#2568,#2569,
#2570,#2571,#2572,#2573,#2574),(#2575,#2576,#2577,#2578,#2579,#2580,#2581),
(#2582,#2583,#2584,#2585,#2586,#2587,#2588),(#2589,#2590,#2591,#2592,#2593,
#2594,#2595),(#2596,#2597,#2598,#2599,#2600,#2601,#2602),(#2603,#2604,#2605,
#2606,#2607,#2608,#2609),(#2610,#2611,#2612,#2613,#2614,#2615,#2616),(#2617,
#2618,#2619,#2620,#2621,#2622,#2623),(#2624,#2625,#2626,#2627,#2628,#2629,
#2630),(#2631,#2632,#2633,#2634,#2635,#2636,#2637),(#2638,#2639,#2640,#2641,
#2642,#2643,#2644),(#2645,#2646,#2647,#2648,#2649,#2650,#2651),(#2652,#2653,
#2654,#2655,#2656,#2657,#2658),(#2659,#2660,#2661,#2662,#2663,#2664,#2665),
(#2666,#2667,#2668,#2669,#2670,#2671,#2672),(#2673,#2674,#2675,#2676,#2677,
#2678,#2679),(#2680,#2681,#2682,#2683,#2684,#2685,#2686),(#2687,#2688,#2689,
#2690,#2691,#2692,#2693),(#2694,#2695,#2696,#2697,#2698,#2699,#2700),(#2701,
#2702,#2703,#2704,#2705,#2706,#2707),(#2708,#2709,#2710,#2711,#2712,#2713,
#2714),(#2715,#2716,#2717,#2718,#2719,#2720,#2721),(#2722,#2723,#2724,#2725,
#2726,#2727,#2728),(#2729,#2730,#2731,#2732,#2733,#2734,#2735),(#2736,#2737,
#2738,#2739,#2740,#2741,#2742),(#2743,#2744,#2745,#2746,#2747,#2748,#2749),
(#2750,#2751,#2752,#2753,#2754,#2755,#2756),(#2757,#2758,#2759,#2760,#2761,
#2762,#2763),(#2764,#2765,#2766,#2767,#2768,#2769,#2770),(#2771,#2772,#2773,
#2774,#2775,#2776,#2777),(#2778,#2779,#2780,#2781,#2782,#2783,#2784),(#2785,
#2786,#2787,#2788,#2789,#2790,#2791),(#2792,#2793,#2794,#2795,#2796,#2797,
#2798),(#2799,#2800,#2801,#2802,#2803,#2804,#2805),(#2806,#2807,#2808,#2809,
#2810,#2811,#2812),(#2813,#2814,#2815,#2816,#2817,#2818,#2819),(#2820,#2821,
#2822,#2823,#2824,#2825,#2826),(#2827,#2828,#2829,#2830,#2831,#2832,#2833),
(#2834,#2835,#2836,#2837,#2838,#2839,#2840),(#2841,#2842,#2843,#2844,#2845,
#2846,#2847),(#2848,#2849,#2850,#2851,#2852,#2853,#2854),(#2855,#2856,#2857,
#2858,#2859,#2860,#2861),(#2862,#2863,#2864,#2865,#2866,#2867,#2868),(#2869,
#2870,#2871,#2872,#2873,#2874,#2875),(#2876,#2877,#2878,#2879,#2880,#2881,
#2882),(#2883,#2884,#2885,#2886,#2887,#2888,#2889),(#2890,#2891,#2892,#2893,
#2894,#2895,#2896)),.RULED_SURF.,.F.,.F.,.F.,(4,1,1,1,1,1,1,1,1,1,1,1,1,
1,1,1,1,1,1,1,1,1,1,1,1,1,1,1,1,1,1,1,1,1,1,1,1,1,1,1,1,1,1,1,1,1,1,1,1,
1,1,1,1,4),(4,1,1,1,4),(0.,0.0666709477937893,0.0971114948097908,0.125670499973543,
0.152378892826796,0.177263817057352,0.200349043204901,0.221655178502722,
0.241200126086685,0.258999018348949,0.275064993287556,0.289409295333864,
0.302041443159399,0.312969517725138,0.322200686893477,0.32974125396557,
0.335597080739302,0.339773453839971,0.346802247860505,0.355914583644771,
0.37328937856233,0.389823573263555,0.406047242306744,0.422810677658761,
0.441336412136177,0.462713111172564,0.479074740167295,0.520925259832705,
0.537286888827436,0.558663587863823,0.577189322341239,0.593952757693255,
0.610176426736444,0.62671062143767,0.644085416355229,0.653197752139495,
0.660226546160029,0.664402919260698,0.67025874603443,0.677799313106523,
0.687030482274861,0.697958556840601,0.710590704666137,0.724935006712444,
0.741000981651051,0.758799873913314,0.778344821497279,0.799650956795099,
0.822736182942648,0.847621107173205,0.874329500026457,0.902888505190209,
0.933329052206211,1.),(0.278058591324089,0.285714285714286,0.428571428571429,
0.571428571428571,0.651705045482958),.UNSPECIFIED.);
#21=B_SPLINE_SURFACE_WITH_KNOTS('',3,3,((#2927,#2928,#2929,#2930,#2931,
#2932,#2933),(#2934,#2935,#2936,#2937,#2938,#2939,#2940),(#2941,#2942,#2943,
#2944,#2945,#2946,#2947),(#2948,#2949,#2950,#2951,#2952,#2953,#2954),(#2955,
#2956,#2957,#2958,#2959,#2960,#2961),(#2962,#2963,#2964,#2965,#2966,#2967,
#2968),(#2969,#2970,#2971,#2972,#2973,#2974,#2975),(#2976,#2977,#2978,#2979,
#2980,#2981,#2982),(#2983,#2984,#2985,#2986,#2987,#2988,#2989),(#2990,#2991,
#2992,#2993,#2994,#2995,#2996),(#2997,#2998,#2999,#3000,#3001,#3002,#3003),
(#3004,#3005,#3006,#3007,#3008,#3009,#3010),(#3011,#3012,#3013,#3014,#3015,
#3016,#3017),(#3018,#3019,#3020,#3021,#3022,#3023,#3024),(#3025,#3026,#3027,
#3028,#3029,#3030,#3031),(#3032,#3033,#3034,#3035,#3036,#3037,#3038),(#3039,
#3040,#3041,#3042,#3043,#3044,#3045),(#3046,#3047,#3048,#3049,#3050,#3051,
#3052),(#3053,#3054,#3055,#3056,#3057,#3058,#3059),(#3060,#3061,#3062,#3063,
#3064,#3065,#3066),(#3067,#3068,#3069,#3070,#3071,#3072,#3073),(#3074,#3075,
#3076,#3077,#3078,#3079,#3080),(#3081,#3082,#3083,#3084,#3085,#3086,#3087),
(#3088,#3089,#3090,#3091,#3092,#3093,#3094),(#3095,#3096,#3097,#3098,#3099,
#3100,#3101),(#3102,#3103,#3104,#3105,#3106,#3107,#3108),(#3109,#3110,#3111,
#3112,#3113,#3114,#3115),(#3116,#3117,#3118,#3119,#3120,#3121,#3122),(#3123,
#3124,#3125,#3126,#3127,#3128,#3129),(#3130,#3131,#3132,#3133,#3134,#3135,
#3136),(#3137,#3138,#3139,#3140,#3141,#3142,#3143),(#3144,#3145,#3146,#3147,
#3148,#3149,#3150),(#3151,#3152,#3153,#3154,#3155,#3156,#3157),(#3158,#3159,
#3160,#3161,#3162,#3163,#3164),(#3165,#3166,#3167,#3168,#3169,#3170,#3171),
(#3172,#3173,#3174,#3175,#3176,#3177,#3178),(#3179,#3180,#3181,#3182,#3183,
#3184,#3185),(#3186,#3187,#3188,#3189,#3190,#3191,#3192),(#3193,#3194,#3195,
#3196,#3197,#3198,#3199),(#3200,#3201,#3202,#3203,#3204,#3205,#3206),(#3207,
#3208,#3209,#3210,#3211,#3212,#3213),(#3214,#3215,#3216,#3217,#3218,#3219,
#3220),(#3221,#3222,#3223,#3224,#3225,#3226,#3227),(#3228,#3229,#3230,#3231,
#3232,#3233,#3234),(#3235,#3236,#3237,#3238,#3239,#3240,#3241),(#3242,#3243,
#3244,#3245,#3246,#3247,#3248),(#3249,#3250,#3251,#3252,#3253,#3254,#3255),
(#3256,#3257,#3258,#3259,#3260,#3261,#3262),(#3263,#3264,#3265,#3266,#3267,
#3268,#3269),(#3270,#3271,#3272,#3273,#3274,#3275,#3276),(#3277,#3278,#3279,
#3280,#3281,#3282,#3283),(#3284,#3285,#3286,#3287,#3288,#3289,#3290),(#3291,
#3292,#3293,#3294,#3295,#3296,#3297),(#3298,#3299,#3300,#3301,#3302,#3303,
#3304),(#3305,#3306,#3307,#3308,#3309,#3310,#3311),(#3312,#3313,#3314,#3315,
#3316,#3317,#3318)),.RULED_SURF.,.F.,.F.,.F.,(4,1,1,1,1,1,1,1,1,1,1,1,1,
1,1,1,1,1,1,1,1,1,1,1,1,1,1,1,1,1,1,1,1,1,1,1,1,1,1,1,1,1,1,1,1,1,1,1,1,
1,1,1,1,4),(4,1,1,1,4),(0.,0.0666709477937893,0.0971114948097908,0.125670499973543,
0.152378892826796,0.177263817057352,0.200349043204901,0.221655178502722,
0.241200126086685,0.258999018348949,0.275064993287556,0.289409295333864,
0.302041443159399,0.312969517725138,0.322200686893477,0.32974125396557,
0.335597080739302,0.339773453839971,0.346802247860505,0.355914583644771,
0.37328937856233,0.389823573263555,0.406047242306744,0.422810677658761,
0.441336412136177,0.462713111172564,0.479074740167295,0.520925259832705,
0.537286888827436,0.558663587863823,0.577189322341239,0.593952757693255,
0.610176426736444,0.62671062143767,0.644085416355229,0.653197752139495,
0.660226546160029,0.664402919260698,0.67025874603443,0.677799313106523,
0.687030482274861,0.697958556840601,0.710590704666137,0.724935006712444,
0.741000981651051,0.758799873913314,0.778344821497279,0.799650956795099,
0.822736182942648,0.847621107173205,0.874329500026457,0.902888505190209,
0.933329052206211,1.),(0.278058591324087,0.285714285714286,0.428571428571429,
0.571428571428571,0.651705045482974),.UNSPECIFIED.);
#22=B_SPLINE_SURFACE_WITH_KNOTS('',3,3,((#3349,#3350,#3351,#3352,#3353,
#3354,#3355),(#3356,#3357,#3358,#3359,#3360,#3361,#3362),(#3363,#3364,#3365,
#3366,#3367,#3368,#3369),(#3370,#3371,#3372,#3373,#3374,#3375,#3376),(#3377,
#3378,#3379,#3380,#3381,#3382,#3383),(#3384,#3385,#3386,#3387,#3388,#3389,
#3390),(#3391,#3392,#3393,#3394,#3395,#3396,#3397),(#3398,#3399,#3400,#3401,
#3402,#3403,#3404),(#3405,#3406,#3407,#3408,#3409,#3410,#3411),(#3412,#3413,
#3414,#3415,#3416,#3417,#3418),(#3419,#3420,#3421,#3422,#3423,#3424,#3425),
(#3426,#3427,#3428,#3429,#3430,#3431,#3432),(#3433,#3434,#3435,#3436,#3437,
#3438,#3439),(#3440,#3441,#3442,#3443,#3444,#3445,#3446),(#3447,#3448,#3449,
#3450,#3451,#3452,#3453),(#3454,#3455,#3456,#3457,#3458,#3459,#3460),(#3461,
#3462,#3463,#3464,#3465,#3466,#3467),(#3468,#3469,#3470,#3471,#3472,#3473,
#3474),(#3475,#3476,#3477,#3478,#3479,#3480,#3481),(#3482,#3483,#3484,#3485,
#3486,#3487,#3488),(#3489,#3490,#3491,#3492,#3493,#3494,#3495),(#3496,#3497,
#3498,#3499,#3500,#3501,#3502),(#3503,#3504,#3505,#3506,#3507,#3508,#3509),
(#3510,#3511,#3512,#3513,#3514,#3515,#3516),(#3517,#3518,#3519,#3520,#3521,
#3522,#3523),(#3524,#3525,#3526,#3527,#3528,#3529,#3530),(#3531,#3532,#3533,
#3534,#3535,#3536,#3537),(#3538,#3539,#3540,#3541,#3542,#3543,#3544),(#3545,
#3546,#3547,#3548,#3549,#3550,#3551),(#3552,#3553,#3554,#3555,#3556,#3557,
#3558),(#3559,#3560,#3561,#3562,#3563,#3564,#3565),(#3566,#3567,#3568,#3569,
#3570,#3571,#3572),(#3573,#3574,#3575,#3576,#3577,#3578,#3579),(#3580,#3581,
#3582,#3583,#3584,#3585,#3586),(#3587,#3588,#3589,#3590,#3591,#3592,#3593),
(#3594,#3595,#3596,#3597,#3598,#3599,#3600),(#3601,#3602,#3603,#3604,#3605,
#3606,#3607),(#3608,#3609,#3610,#3611,#3612,#3613,#3614),(#3615,#3616,#3617,
#3618,#3619,#3620,#3621),(#3622,#3623,#3624,#3625,#3626,#3627,#3628),(#3629,
#3630,#3631,#3632,#3633,#3634,#3635),(#3636,#3637,#3638,#3639,#3640,#3641,
#3642),(#3643,#3644,#3645,#3646,#3647,#3648,#3649),(#3650,#3651,#3652,#3653,
#3654,#3655,#3656),(#3657,#3658,#3659,#3660,#3661,#3662,#3663),(#3664,#3665,
#3666,#3667,#3668,#3669,#3670),(#3671,#3672,#3673,#3674,#3675,#3676,#3677),
(#3678,#3679,#3680,#3681,#3682,#3683,#3684),(#3685,#3686,#3687,#3688,#3689,
#3690,#3691),(#3692,#3693,#3694,#3695,#3696,#3697,#3698),(#3699,#3700,#3701,
#3702,#3703,#3704,#3705),(#3706,#3707,#3708,#3709,#3710,#3711,#3712),(#3713,
#3714,#3715,#3716,#3717,#3718,#3719),(#3720,#3721,#3722,#3723,#3724,#3725,
#3726),(#3727,#3728,#3729,#3730,#3731,#3732,#3733),(#3734,#3735,#3736,#3737,
#3738,#3739,#3740)),.RULED_SURF.,.F.,.F.,.F.,(4,1,1,1,1,1,1,1,1,1,1,1,1,
1,1,1,1,1,1,1,1,1,1,1,1,1,1,1,1,1,1,1,1,1,1,1,1,1,1,1,1,1,1,1,1,1,1,1,1,
1,1,1,1,4),(4,1,1,1,4),(0.,0.0666709477937893,0.0971114948097908,0.125670499973543,
0.152378892826796,0.177263817057352,0.200349043204901,0.221655178502722,
0.241200126086685,0.258999018348949,0.275064993287556,0.289409295333864,
0.302041443159399,0.312969517725138,0.322200686893477,0.32974125396557,
0.335597080739302,0.339773453839971,0.346802247860505,0.355914583644771,
0.37328937856233,0.389823573263555,0.406047242306744,0.422810677658761,
0.441336412136177,0.462713111172564,0.479074740167295,0.520925259832705,
0.537286888827436,0.558663587863823,0.577189322341239,0.593952757693255,
0.610176426736444,0.62671062143767,0.644085416355229,0.653197752139495,
0.660226546160029,0.664402919260698,0.67025874603443,0.677799313106523,
0.687030482274861,0.697958556840601,0.710590704666137,0.724935006712444,
0.741000981651051,0.758799873913314,0.778344821497279,0.799650956795099,
0.822736182942648,0.847621107173205,0.874329500026457,0.902888505190209,
0.933329052206211,1.),(0.278058591324087,0.285714285714286,0.428571428571429,
0.571428571428571,0.651705045482979),.UNSPECIFIED.);
#23=B_SPLINE_SURFACE_WITH_KNOTS('',3,3,((#3771,#3772,#3773,#3774,#3775,
#3776,#3777),(#3778,#3779,#3780,#3781,#3782,#3783,#3784),(#3785,#3786,#3787,
#3788,#3789,#3790,#3791),(#3792,#3793,#3794,#3795,#3796,#3797,#3798),(#3799,
#3800,#3801,#3802,#3803,#3804,#3805),(#3806,#3807,#3808,#3809,#3810,#3811,
#3812),(#3813,#3814,#3815,#3816,#3817,#3818,#3819),(#3820,#3821,#3822,#3823,
#3824,#3825,#3826),(#3827,#3828,#3829,#3830,#3831,#3832,#3833),(#3834,#3835,
#3836,#3837,#3838,#3839,#3840),(#3841,#3842,#3843,#3844,#3845,#3846,#3847),
(#3848,#3849,#3850,#3851,#3852,#3853,#3854),(#3855,#3856,#3857,#3858,#3859,
#3860,#3861),(#3862,#3863,#3864,#3865,#3866,#3867,#3868),(#3869,#3870,#3871,
#3872,#3873,#3874,#3875),(#3876,#3877,#3878,#3879,#3880,#3881,#3882),(#3883,
#3884,#3885,#3886,#3887,#3888,#3889),(#3890,#3891,#3892,#3893,#3894,#3895,
#3896),(#3897,#3898,#3899,#3900,#3901,#3902,#3903),(#3904,#3905,#3906,#3907,
#3908,#3909,#3910),(#3911,#3912,#3913,#3914,#3915,#3916,#3917),(#3918,#3919,
#3920,#3921,#3922,#3923,#3924),(#3925,#3926,#3927,#3928,#3929,#3930,#3931),
(#3932,#3933,#3934,#3935,#3936,#3937,#3938),(#3939,#3940,#3941,#3942,#3943,
#3944,#3945),(#3946,#3947,#3948,#3949,#3950,#3951,#3952),(#3953,#3954,#3955,
#3956,#3957,#3958,#3959),(#3960,#3961,#3962,#3963,#3964,#3965,#3966),(#3967,
#3968,#3969,#3970,#3971,#3972,#3973),(#3974,#3975,#3976,#3977,#3978,#3979,
#3980),(#3981,#3982,#3983,#3984,#3985,#3986,#3987),(#3988,#3989,#3990,#3991,
#3992,#3993,#3994),(#3995,#3996,#3997,#3998,#3999,#4000,#4001),(#4002,#4003,
#4004,#4005,#4006,#4007,#4008),(#4009,#4010,#4011,#4012,#4013,#4014,#4015),
(#4016,#4017,#4018,#4019,#4020,#4021,#4022),(#4023,#4024,#4025,#4026,#4027,
#4028,#4029),(#4030,#4031,#4032,#4033,#4034,#4035,#4036),(#4037,#4038,#4039,
#4040,#4041,#4042,#4043),(#4044,#4045,#4046,#4047,#4048,#4049,#4050),(#4051,
#4052,#4053,#4054,#4055,#4056,#4057),(#4058,#4059,#4060,#4061,#4062,#4063,
#4064),(#4065,#4066,#4067,#4068,#4069,#4070,#4071),(#4072,#4073,#4074,#4075,
#4076,#4077,#4078),(#4079,#4080,#4081,#4082,#4083,#4084,#4085),(#4086,#4087,
#4088,#4089,#4090,#4091,#4092),(#4093,#4094,#4095,#4096,#4097,#4098,#4099),
(#4100,#4101,#4102,#4103,#4104,#4105,#4106),(#4107,#4108,#4109,#4110,#4111,
#4112,#4113),(#4114,#4115,#4116,#4117,#4118,#4119,#4120),(#4121,#4122,#4123,
#4124,#4125,#4126,#4127),(#4128,#4129,#4130,#4131,#4132,#4133,#4134),(#4135,
#4136,#4137,#4138,#4139,#4140,#4141),(#4142,#4143,#4144,#4145,#4146,#4147,
#4148),(#4149,#4150,#4151,#4152,#4153,#4154,#4155),(#4156,#4157,#4158,#4159,
#4160,#4161,#4162)),.RULED_SURF.,.F.,.F.,.F.,(4,1,1,1,1,1,1,1,1,1,1,1,1,
1,1,1,1,1,1,1,1,1,1,1,1,1,1,1,1,1,1,1,1,1,1,1,1,1,1,1,1,1,1,1,1,1,1,1,1,
1,1,1,1,4),(4,1,1,1,4),(0.,0.0666709477937893,0.0971114948097908,0.125670499973543,
0.152378892826796,0.177263817057352,0.200349043204901,0.221655178502722,
0.241200126086685,0.258999018348949,0.275064993287556,0.289409295333864,
0.302041443159399,0.312969517725138,0.322200686893477,0.32974125396557,
0.335597080739302,0.339773453839971,0.346802247860505,0.355914583644771,
0.37328937856233,0.389823573263555,0.406047242306744,0.422810677658761,
0.441336412136177,0.462713111172564,0.479074740167295,0.520925259832705,
0.537286888827436,0.558663587863823,0.577189322341239,0.593952757693255,
0.610176426736444,0.62671062143767,0.644085416355229,0.653197752139495,
0.660226546160029,0.664402919260698,0.67025874603443,0.677799313106523,
0.687030482274861,0.697958556840601,0.710590704666137,0.724935006712444,
0.741000981651051,0.758799873913314,0.778344821497279,0.799650956795099,
0.822736182942648,0.847621107173205,0.874329500026457,0.902888505190209,
0.933329052206211,1.),(0.278058591324087,0.285714285714286,0.428571428571429,
0.571428571428571,0.651705045482972),.UNSPECIFIED.);
#24=B_SPLINE_SURFACE_WITH_KNOTS('',3,3,((#4193,#4194,#4195,#4196,#4197,
#4198,#4199),(#4200,#4201,#4202,#4203,#4204,#4205,#4206),(#4207,#4208,#4209,
#4210,#4211,#4212,#4213),(#4214,#4215,#4216,#4217,#4218,#4219,#4220),(#4221,
#4222,#4223,#4224,#4225,#4226,#4227),(#4228,#4229,#4230,#4231,#4232,#4233,
#4234),(#4235,#4236,#4237,#4238,#4239,#4240,#4241),(#4242,#4243,#4244,#4245,
#4246,#4247,#4248),(#4249,#4250,#4251,#4252,#4253,#4254,#4255),(#4256,#4257,
#4258,#4259,#4260,#4261,#4262),(#4263,#4264,#4265,#4266,#4267,#4268,#4269),
(#4270,#4271,#4272,#4273,#4274,#4275,#4276),(#4277,#4278,#4279,#4280,#4281,
#4282,#4283),(#4284,#4285,#4286,#4287,#4288,#4289,#4290),(#4291,#4292,#4293,
#4294,#4295,#4296,#4297),(#4298,#4299,#4300,#4301,#4302,#4303,#4304),(#4305,
#4306,#4307,#4308,#4309,#4310,#4311),(#4312,#4313,#4314,#4315,#4316,#4317,
#4318),(#4319,#4320,#4321,#4322,#4323,#4324,#4325),(#4326,#4327,#4328,#4329,
#4330,#4331,#4332),(#4333,#4334,#4335,#4336,#4337,#4338,#4339),(#4340,#4341,
#4342,#4343,#4344,#4345,#4346),(#4347,#4348,#4349,#4350,#4351,#4352,#4353),
(#4354,#4355,#4356,#4357,#4358,#4359,#4360),(#4361,#4362,#4363,#4364,#4365,
#4366,#4367),(#4368,#4369,#4370,#4371,#4372,#4373,#4374),(#4375,#4376,#4377,
#4378,#4379,#4380,#4381),(#4382,#4383,#4384,#4385,#4386,#4387,#4388),(#4389,
#4390,#4391,#4392,#4393,#4394,#4395),(#4396,#4397,#4398,#4399,#4400,#4401,
#4402),(#4403,#4404,#4405,#4406,#4407,#4408,#4409),(#4410,#4411,#4412,#4413,
#4414,#4415,#4416),(#4417,#4418,#4419,#4420,#4421,#4422,#4423),(#4424,#4425,
#4426,#4427,#4428,#4429,#4430),(#4431,#4432,#4433,#4434,#4435,#4436,#4437),
(#4438,#4439,#4440,#4441,#4442,#4443,#4444),(#4445,#4446,#4447,#4448,#4449,
#4450,#4451),(#4452,#4453,#4454,#4455,#4456,#4457,#4458),(#4459,#4460,#4461,
#4462,#4463,#4464,#4465),(#4466,#4467,#4468,#4469,#4470,#4471,#4472),(#4473,
#4474,#4475,#4476,#4477,#4478,#4479),(#4480,#4481,#4482,#4483,#4484,#4485,
#4486),(#4487,#4488,#4489,#4490,#4491,#4492,#4493),(#4494,#4495,#4496,#4497,
#4498,#4499,#4500),(#4501,#4502,#4503,#4504,#4505,#4506,#4507),(#4508,#4509,
#4510,#4511,#4512,#4513,#4514),(#4515,#4516,#4517,#4518,#4519,#4520,#4521),
(#4522,#4523,#4524,#4525,#4526,#4527,#4528),(#4529,#4530,#4531,#4532,#4533,
#4534,#4535),(#4536,#4537,#4538,#4539,#4540,#4541,#4542),(#4543,#4544,#4545,
#4546,#4547,#4548,#4549),(#4550,#4551,#4552,#4553,#4554,#4555,#4556),(#4557,
#4558,#4559,#4560,#4561,#4562,#4563),(#4564,#4565,#4566,#4567,#4568,#4569,
#4570),(#4571,#4572,#4573,#4574,#4575,#4576,#4577),(#4578,#4579,#4580,#4581,
#4582,#4583,#4584)),.RULED_SURF.,.F.,.F.,.F.,(4,1,1,1,1,1,1,1,1,1,1,1,1,
1,1,1,1,1,1,1,1,1,1,1,1,1,1,1,1,1,1,1,1,1,1,1,1,1,1,1,1,1,1,1,1,1,1,1,1,
1,1,1,1,4),(4,1,1,1,4),(0.,0.0666709477937893,0.0971114948097908,0.125670499973543,
0.152378892826796,0.177263817057352,0.200349043204901,0.221655178502722,
0.241200126086685,0.258999018348949,0.275064993287556,0.289409295333864,
0.302041443159399,0.312969517725138,0.322200686893477,0.32974125396557,
0.335597080739302,0.339773453839971,0.346802247860505,0.355914583644771,
0.37328937856233,0.389823573263555,0.406047242306744,0.422810677658761,
0.441336412136177,0.462713111172564,0.479074740167295,0.520925259832705,
0.537286888827436,0.558663587863823,0.577189322341239,0.593952757693255,
0.610176426736444,0.62671062143767,0.644085416355229,0.653197752139495,
0.660226546160029,0.664402919260698,0.67025874603443,0.677799313106523,
0.687030482274861,0.697958556840601,0.710590704666137,0.724935006712444,
0.741000981651051,0.758799873913314,0.778344821497279,0.799650956795099,
0.822736182942648,0.847621107173205,0.874329500026457,0.902888505190209,
0.933329052206211,1.),(0.278058591324088,0.285714285714286,0.428571428571429,
0.571428571428571,0.651705045482975),.UNSPECIFIED.);
#25=B_SPLINE_SURFACE_WITH_KNOTS('',3,3,((#4615,#4616,#4617,#4618,#4619,
#4620,#4621),(#4622,#4623,#4624,#4625,#4626,#4627,#4628),(#4629,#4630,#4631,
#4632,#4633,#4634,#4635),(#4636,#4637,#4638,#4639,#4640,#4641,#4642),(#4643,
#4644,#4645,#4646,#4647,#4648,#4649),(#4650,#4651,#4652,#4653,#4654,#4655,
#4656),(#4657,#4658,#4659,#4660,#4661,#4662,#4663),(#4664,#4665,#4666,#4667,
#4668,#4669,#4670),(#4671,#4672,#4673,#4674,#4675,#4676,#4677),(#4678,#4679,
#4680,#4681,#4682,#4683,#4684),(#4685,#4686,#4687,#4688,#4689,#4690,#4691),
(#4692,#4693,#4694,#4695,#4696,#4697,#4698),(#4699,#4700,#4701,#4702,#4703,
#4704,#4705),(#4706,#4707,#4708,#4709,#4710,#4711,#4712),(#4713,#4714,#4715,
#4716,#4717,#4718,#4719),(#4720,#4721,#4722,#4723,#4724,#4725,#4726),(#4727,
#4728,#4729,#4730,#4731,#4732,#4733),(#4734,#4735,#4736,#4737,#4738,#4739,
#4740),(#4741,#4742,#4743,#4744,#4745,#4746,#4747),(#4748,#4749,#4750,#4751,
#4752,#4753,#4754),(#4755,#4756,#4757,#4758,#4759,#4760,#4761),(#4762,#4763,
#4764,#4765,#4766,#4767,#4768),(#4769,#4770,#4771,#4772,#4773,#4774,#4775),
(#4776,#4777,#4778,#4779,#4780,#4781,#4782),(#4783,#4784,#4785,#4786,#4787,
#4788,#4789),(#4790,#4791,#4792,#4793,#4794,#4795,#4796),(#4797,#4798,#4799,
#4800,#4801,#4802,#4803),(#4804,#4805,#4806,#4807,#4808,#4809,#4810),(#4811,
#4812,#4813,#4814,#4815,#4816,#4817),(#4818,#4819,#4820,#4821,#4822,#4823,
#4824),(#4825,#4826,#4827,#4828,#4829,#4830,#4831),(#4832,#4833,#4834,#4835,
#4836,#4837,#4838),(#4839,#4840,#4841,#4842,#4843,#4844,#4845),(#4846,#4847,
#4848,#4849,#4850,#4851,#4852),(#4853,#4854,#4855,#4856,#4857,#4858,#4859),
(#4860,#4861,#4862,#4863,#4864,#4865,#4866),(#4867,#4868,#4869,#4870,#4871,
#4872,#4873),(#4874,#4875,#4876,#4877,#4878,#4879,#4880),(#4881,#4882,#4883,
#4884,#4885,#4886,#4887),(#4888,#4889,#4890,#4891,#4892,#4893,#4894),(#4895,
#4896,#4897,#4898,#4899,#4900,#4901),(#4902,#4903,#4904,#4905,#4906,#4907,
#4908),(#4909,#4910,#4911,#4912,#4913,#4914,#4915),(#4916,#4917,#4918,#4919,
#4920,#4921,#4922),(#4923,#4924,#4925,#4926,#4927,#4928,#4929),(#4930,#4931,
#4932,#4933,#4934,#4935,#4936),(#4937,#4938,#4939,#4940,#4941,#4942,#4943),
(#4944,#4945,#4946,#4947,#4948,#4949,#4950),(#4951,#4952,#4953,#4954,#4955,
#4956,#4957),(#4958,#4959,#4960,#4961,#4962,#4963,#4964),(#4965,#4966,#4967,
#4968,#4969,#4970,#4971),(#4972,#4973,#4974,#4975,#4976,#4977,#4978),(#4979,
#4980,#4981,#4982,#4983,#4984,#4985),(#4986,#4987,#4988,#4989,#4990,#4991,
#4992),(#4993,#4994,#4995,#4996,#4997,#4998,#4999),(#5000,#5001,#5002,#5003,
#5004,#5005,#5006)),.RULED_SURF.,.F.,.F.,.F.,(4,1,1,1,1,1,1,1,1,1,1,1,1,
1,1,1,1,1,1,1,1,1,1,1,1,1,1,1,1,1,1,1,1,1,1,1,1,1,1,1,1,1,1,1,1,1,1,1,1,
1,1,1,1,4),(4,1,1,1,4),(0.,0.0666709477937893,0.0971114948097908,0.125670499973543,
0.152378892826796,0.177263817057352,0.200349043204901,0.221655178502722,
0.241200126086685,0.258999018348949,0.275064993287556,0.289409295333864,
0.302041443159399,0.312969517725138,0.322200686893477,0.32974125396557,
0.335597080739302,0.339773453839971,0.346802247860505,0.355914583644771,
0.37328937856233,0.389823573263555,0.406047242306744,0.422810677658761,
0.441336412136177,0.462713111172564,0.479074740167295,0.520925259832705,
0.537286888827436,0.558663587863823,0.577189322341239,0.593952757693255,
0.610176426736444,0.62671062143767,0.644085416355229,0.653197752139495,
0.660226546160029,0.664402919260698,0.67025874603443,0.677799313106523,
0.687030482274861,0.697958556840601,0.710590704666137,0.724935006712444,
0.741000981651051,0.758799873913314,0.778344821497279,0.799650956795099,
0.822736182942648,0.847621107173205,0.874329500026457,0.902888505190209,
0.933329052206211,1.),(0.278058591324088,0.285714285714286,0.428571428571429,
0.571428571428571,0.651705045482961),.UNSPECIFIED.);
#26=B_SPLINE_SURFACE_WITH_KNOTS('',3,3,((#5037,#5038,#5039,#5040,#5041,
#5042,#5043),(#5044,#5045,#5046,#5047,#5048,#5049,#5050),(#5051,#5052,#5053,
#5054,#5055,#5056,#5057),(#5058,#5059,#5060,#5061,#5062,#5063,#5064),(#5065,
#5066,#5067,#5068,#5069,#5070,#5071),(#5072,#5073,#5074,#5075,#5076,#5077,
#5078),(#5079,#5080,#5081,#5082,#5083,#5084,#5085),(#5086,#5087,#5088,#5089,
#5090,#5091,#5092),(#5093,#5094,#5095,#5096,#5097,#5098,#5099),(#5100,#5101,
#5102,#5103,#5104,#5105,#5106),(#5107,#5108,#5109,#5110,#5111,#5112,#5113),
(#5114,#5115,#5116,#5117,#5118,#5119,#5120),(#5121,#5122,#5123,#5124,#5125,
#5126,#5127),(#5128,#5129,#5130,#5131,#5132,#5133,#5134),(#5135,#5136,#5137,
#5138,#5139,#5140,#5141),(#5142,#5143,#5144,#5145,#5146,#5147,#5148),(#5149,
#5150,#5151,#5152,#5153,#5154,#5155),(#5156,#5157,#5158,#5159,#5160,#5161,
#5162),(#5163,#5164,#5165,#5166,#5167,#5168,#5169),(#5170,#5171,#5172,#5173,
#5174,#5175,#5176),(#5177,#5178,#5179,#5180,#5181,#5182,#5183),(#5184,#5185,
#5186,#5187,#5188,#5189,#5190),(#5191,#5192,#5193,#5194,#5195,#5196,#5197),
(#5198,#5199,#5200,#5201,#5202,#5203,#5204),(#5205,#5206,#5207,#5208,#5209,
#5210,#5211),(#5212,#5213,#5214,#5215,#5216,#5217,#5218),(#5219,#5220,#5221,
#5222,#5223,#5224,#5225),(#5226,#5227,#5228,#5229,#5230,#5231,#5232),(#5233,
#5234,#5235,#5236,#5237,#5238,#5239),(#5240,#5241,#5242,#5243,#5244,#5245,
#5246),(#5247,#5248,#5249,#5250,#5251,#5252,#5253),(#5254,#5255,#5256,#5257,
#5258,#5259,#5260),(#5261,#5262,#5263,#5264,#5265,#5266,#5267),(#5268,#5269,
#5270,#5271,#5272,#5273,#5274),(#5275,#5276,#5277,#5278,#5279,#5280,#5281),
(#5282,#5283,#5284,#5285,#5286,#5287,#5288),(#5289,#5290,#5291,#5292,#5293,
#5294,#5295),(#5296,#5297,#5298,#5299,#5300,#5301,#5302),(#5303,#5304,#5305,
#5306,#5307,#5308,#5309),(#5310,#5311,#5312,#5313,#5314,#5315,#5316),(#5317,
#5318,#5319,#5320,#5321,#5322,#5323),(#5324,#5325,#5326,#5327,#5328,#5329,
#5330),(#5331,#5332,#5333,#5334,#5335,#5336,#5337),(#5338,#5339,#5340,#5341,
#5342,#5343,#5344),(#5345,#5346,#5347,#5348,#5349,#5350,#5351),(#5352,#5353,
#5354,#5355,#5356,#5357,#5358),(#5359,#5360,#5361,#5362,#5363,#5364,#5365),
(#5366,#5367,#5368,#5369,#5370,#5371,#5372),(#5373,#5374,#5375,#5376,#5377,
#5378,#5379),(#5380,#5381,#5382,#5383,#5384,#5385,#5386),(#5387,#5388,#5389,
#5390,#5391,#5392,#5393),(#5394,#5395,#5396,#5397,#5398,#5399,#5400),(#5401,
#5402,#5403,#5404,#5405,#5406,#5407),(#5408,#5409,#5410,#5411,#5412,#5413,
#5414),(#5415,#5416,#5417,#5418,#5419,#5420,#5421),(#5422,#5423,#5424,#5425,
#5426,#5427,#5428)),.RULED_SURF.,.F.,.F.,.F.,(4,1,1,1,1,1,1,1,1,1,1,1,1,
1,1,1,1,1,1,1,1,1,1,1,1,1,1,1,1,1,1,1,1,1,1,1,1,1,1,1,1,1,1,1,1,1,1,1,1,
1,1,1,1,4),(4,1,1,1,4),(0.,0.0666709477937893,0.0971114948097908,0.125670499973543,
0.152378892826796,0.177263817057352,0.200349043204901,0.221655178502722,
0.241200126086685,0.258999018348949,0.275064993287556,0.289409295333864,
0.302041443159399,0.312969517725138,0.322200686893477,0.32974125396557,
0.335597080739302,0.339773453839971,0.346802247860505,0.355914583644771,
0.37328937856233,0.389823573263555,0.406047242306744,0.422810677658761,
0.441336412136177,0.462713111172564,0.479074740167295,0.520925259832705,
0.537286888827436,0.558663587863823,0.577189322341239,0.593952757693255,
0.610176426736444,0.62671062143767,0.644085416355229,0.653197752139495,
0.660226546160029,0.664402919260698,0.67025874603443,0.677799313106523,
0.687030482274861,0.697958556840601,0.710590704666137,0.724935006712444,
0.741000981651051,0.758799873913314,0.778344821497279,0.799650956795099,
0.822736182942648,0.847621107173205,0.874329500026457,0.902888505190209,
0.933329052206211,1.),(0.278058591324086,0.285714285714286,0.428571428571429,
0.571428571428571,0.651705045482989),.UNSPECIFIED.);
#27=B_SPLINE_SURFACE_WITH_KNOTS('',3,3,((#5459,#5460,#5461,#5462,#5463,
#5464,#5465),(#5466,#5467,#5468,#5469,#5470,#5471,#5472),(#5473,#5474,#5475,
#5476,#5477,#5478,#5479),(#5480,#5481,#5482,#5483,#5484,#5485,#5486),(#5487,
#5488,#5489,#5490,#5491,#5492,#5493),(#5494,#5495,#5496,#5497,#5498,#5499,
#5500),(#5501,#5502,#5503,#5504,#5505,#5506,#5507),(#5508,#5509,#5510,#5511,
#5512,#5513,#5514),(#5515,#5516,#5517,#5518,#5519,#5520,#5521),(#5522,#5523,
#5524,#5525,#5526,#5527,#5528),(#5529,#5530,#5531,#5532,#5533,#5534,#5535),
(#5536,#5537,#5538,#5539,#5540,#5541,#5542),(#5543,#5544,#5545,#5546,#5547,
#5548,#5549),(#5550,#5551,#5552,#5553,#5554,#5555,#5556),(#5557,#5558,#5559,
#5560,#5561,#5562,#5563),(#5564,#5565,#5566,#5567,#5568,#5569,#5570),(#5571,
#5572,#5573,#5574,#5575,#5576,#5577),(#5578,#5579,#5580,#5581,#5582,#5583,
#5584),(#5585,#5586,#5587,#5588,#5589,#5590,#5591),(#5592,#5593,#5594,#5595,
#5596,#5597,#5598),(#5599,#5600,#5601,#5602,#5603,#5604,#5605),(#5606,#5607,
#5608,#5609,#5610,#5611,#5612),(#5613,#5614,#5615,#5616,#5617,#5618,#5619),
(#5620,#5621,#5622,#5623,#5624,#5625,#5626),(#5627,#5628,#5629,#5630,#5631,
#5632,#5633),(#5634,#5635,#5636,#5637,#5638,#5639,#5640),(#5641,#5642,#5643,
#5644,#5645,#5646,#5647),(#5648,#5649,#5650,#5651,#5652,#5653,#5654),(#5655,
#5656,#5657,#5658,#5659,#5660,#5661),(#5662,#5663,#5664,#5665,#5666,#5667,
#5668),(#5669,#5670,#5671,#5672,#5673,#5674,#5675),(#5676,#5677,#5678,#5679,
#5680,#5681,#5682),(#5683,#5684,#5685,#5686,#5687,#5688,#5689),(#5690,#5691,
#5692,#5693,#5694,#5695,#5696),(#5697,#5698,#5699,#5700,#5701,#5702,#5703),
(#5704,#5705,#5706,#5707,#5708,#5709,#5710),(#5711,#5712,#5713,#5714,#5715,
#5716,#5717),(#5718,#5719,#5720,#5721,#5722,#5723,#5724),(#5725,#5726,#5727,
#5728,#5729,#5730,#5731),(#5732,#5733,#5734,#5735,#5736,#5737,#5738),(#5739,
#5740,#5741,#5742,#5743,#5744,#5745),(#5746,#5747,#5748,#5749,#5750,#5751,
#5752),(#5753,#5754,#5755,#5756,#5757,#5758,#5759),(#5760,#5761,#5762,#5763,
#5764,#5765,#5766),(#5767,#5768,#5769,#5770,#5771,#5772,#5773),(#5774,#5775,
#5776,#5777,#5778,#5779,#5780),(#5781,#5782,#5783,#5784,#5785,#5786,#5787),
(#5788,#5789,#5790,#5791,#5792,#5793,#5794),(#5795,#5796,#5797,#5798,#5799,
#5800,#5801),(#5802,#5803,#5804,#5805,#5806,#5807,#5808),(#5809,#5810,#5811,
#5812,#5813,#5814,#5815),(#5816,#5817,#5818,#5819,#5820,#5821,#5822),(#5823,
#5824,#5825,#5826,#5827,#5828,#5829),(#5830,#5831,#5832,#5833,#5834,#5835,
#5836),(#5837,#5838,#5839,#5840,#5841,#5842,#5843),(#5844,#5845,#5846,#5847,
#5848,#5849,#5850)),.RULED_SURF.,.F.,.F.,.F.,(4,1,1,1,1,1,1,1,1,1,1,1,1,
1,1,1,1,1,1,1,1,1,1,1,1,1,1,1,1,1,1,1,1,1,1,1,1,1,1,1,1,1,1,1,1,1,1,1,1,
1,1,1,1,4),(4,1,1,1,4),(0.,0.0666709477937893,0.0971114948097908,0.125670499973543,
0.152378892826796,0.177263817057352,0.200349043204901,0.221655178502722,
0.241200126086685,0.258999018348949,0.275064993287556,0.289409295333864,
0.302041443159399,0.312969517725138,0.322200686893477,0.32974125396557,
0.335597080739302,0.339773453839971,0.346802247860505,0.355914583644771,
0.37328937856233,0.389823573263555,0.406047242306744,0.422810677658761,
0.441336412136177,0.462713111172564,0.479074740167295,0.520925259832705,
0.537286888827436,0.558663587863823,0.577189322341239,0.593952757693255,
0.610176426736444,0.62671062143767,0.644085416355229,0.653197752139495,
0.660226546160029,0.664402919260698,0.67025874603443,0.677799313106523,
0.687030482274861,0.697958556840601,0.710590704666137,0.724935006712444,
0.741000981651051,0.758799873913314,0.778344821497279,0.799650956795099,
0.822736182942648,0.847621107173205,0.874329500026457,0.902888505190209,
0.933329052206211,1.),(0.278058591324089,0.285714285714286,0.428571428571429,
0.571428571428571,0.651705045482958),.UNSPECIFIED.);
#28=B_SPLINE_SURFACE_WITH_KNOTS('',3,3,((#5881,#5882,#5883,#5884,#5885,
#5886,#5887),(#5888,#5889,#5890,#5891,#5892,#5893,#5894),(#5895,#5896,#5897,
#5898,#5899,#5900,#5901),(#5902,#5903,#5904,#5905,#5906,#5907,#5908),(#5909,
#5910,#5911,#5912,#5913,#5914,#5915),(#5916,#5917,#5918,#5919,#5920,#5921,
#5922),(#5923,#5924,#5925,#5926,#5927,#5928,#5929),(#5930,#5931,#5932,#5933,
#5934,#5935,#5936),(#5937,#5938,#5939,#5940,#5941,#5942,#5943),(#5944,#5945,
#5946,#5947,#5948,#5949,#5950),(#5951,#5952,#5953,#5954,#5955,#5956,#5957),
(#5958,#5959,#5960,#5961,#5962,#5963,#5964),(#5965,#5966,#5967,#5968,#5969,
#5970,#5971),(#5972,#5973,#5974,#5975,#5976,#5977,#5978),(#5979,#5980,#5981,
#5982,#5983,#5984,#5985),(#5986,#5987,#5988,#5989,#5990,#5991,#5992),(#5993,
#5994,#5995,#5996,#5997,#5998,#5999),(#6000,#6001,#6002,#6003,#6004,#6005,
#6006),(#6007,#6008,#6009,#6010,#6011,#6012,#6013),(#6014,#6015,#6016,#6017,
#6018,#6019,#6020),(#6021,#6022,#6023,#6024,#6025,#6026,#6027),(#6028,#6029,
#6030,#6031,#6032,#6033,#6034),(#6035,#6036,#6037,#6038,#6039,#6040,#6041),
(#6042,#6043,#6044,#6045,#6046,#6047,#6048),(#6049,#6050,#6051,#6052,#6053,
#6054,#6055),(#6056,#6057,#6058,#6059,#6060,#6061,#6062),(#6063,#6064,#6065,
#6066,#6067,#6068,#6069),(#6070,#6071,#6072,#6073,#6074,#6075,#6076),(#6077,
#6078,#6079,#6080,#6081,#6082,#6083),(#6084,#6085,#6086,#6087,#6088,#6089,
#6090),(#6091,#6092,#6093,#6094,#6095,#6096,#6097),(#6098,#6099,#6100,#6101,
#6102,#6103,#6104),(#6105,#6106,#6107,#6108,#6109,#6110,#6111),(#6112,#6113,
#6114,#6115,#6116,#6117,#6118),(#6119,#6120,#6121,#6122,#6123,#6124,#6125),
(#6126,#6127,#6128,#6129,#6130,#6131,#6132),(#6133,#6134,#6135,#6136,#6137,
#6138,#6139),(#6140,#6141,#6142,#6143,#6144,#6145,#6146),(#6147,#6148,#6149,
#6150,#6151,#6152,#6153),(#6154,#6155,#6156,#6157,#6158,#6159,#6160),(#6161,
#6162,#6163,#6164,#6165,#6166,#6167),(#6168,#6169,#6170,#6171,#6172,#6173,
#6174),(#6175,#6176,#6177,#6178,#6179,#6180,#6181),(#6182,#6183,#6184,#6185,
#6186,#6187,#6188),(#6189,#6190,#6191,#6192,#6193,#6194,#6195),(#6196,#6197,
#6198,#6199,#6200,#6201,#6202),(#6203,#6204,#6205,#6206,#6207,#6208,#6209),
(#6210,#6211,#6212,#6213,#6214,#6215,#6216),(#6217,#6218,#6219,#6220,#6221,
#6222,#6223),(#6224,#6225,#6226,#6227,#6228,#6229,#6230),(#6231,#6232,#6233,
#6234,#6235,#6236,#6237),(#6238,#6239,#6240,#6241,#6242,#6243,#6244),(#6245,
#6246,#6247,#6248,#6249,#6250,#6251),(#6252,#6253,#6254,#6255,#6256,#6257,
#6258),(#6259,#6260,#6261,#6262,#6263,#6264,#6265),(#6266,#6267,#6268,#6269,
#6270,#6271,#6272)),.RULED_SURF.,.F.,.F.,.F.,(4,1,1,1,1,1,1,1,1,1,1,1,1,
1,1,1,1,1,1,1,1,1,1,1,1,1,1,1,1,1,1,1,1,1,1,1,1,1,1,1,1,1,1,1,1,1,1,1,1,
1,1,1,1,4),(4,1,1,1,4),(0.,0.0666709477937893,0.0971114948097908,0.125670499973543,
0.152378892826796,0.177263817057352,0.200349043204901,0.221655178502722,
0.241200126086685,0.258999018348949,0.275064993287556,0.289409295333864,
0.302041443159399,0.312969517725138,0.322200686893477,0.32974125396557,
0.335597080739302,0.339773453839971,0.346802247860505,0.355914583644771,
0.37328937856233,0.389823573263555,0.406047242306744,0.422810677658761,
0.441336412136177,0.462713111172564,0.479074740167295,0.520925259832705,
0.537286888827436,0.558663587863823,0.577189322341239,0.593952757693255,
0.610176426736444,0.62671062143767,0.644085416355229,0.653197752139495,
0.660226546160029,0.664402919260698,0.67025874603443,0.677799313106523,
0.687030482274861,0.697958556840601,0.710590704666137,0.724935006712444,
0.741000981651051,0.758799873913314,0.778344821497279,0.799650956795099,
0.822736182942648,0.847621107173205,0.874329500026457,0.902888505190209,
0.933329052206211,1.),(0.278058591324087,0.285714285714286,0.428571428571429,
0.571428571428571,0.651705045482965),.UNSPECIFIED.);
#29=B_SPLINE_SURFACE_WITH_KNOTS('',3,3,((#6303,#6304,#6305,#6306,#6307,
#6308,#6309),(#6310,#6311,#6312,#6313,#6314,#6315,#6316),(#6317,#6318,#6319,
#6320,#6321,#6322,#6323),(#6324,#6325,#6326,#6327,#6328,#6329,#6330),(#6331,
#6332,#6333,#6334,#6335,#6336,#6337),(#6338,#6339,#6340,#6341,#6342,#6343,
#6344),(#6345,#6346,#6347,#6348,#6349,#6350,#6351),(#6352,#6353,#6354,#6355,
#6356,#6357,#6358),(#6359,#6360,#6361,#6362,#6363,#6364,#6365),(#6366,#6367,
#6368,#6369,#6370,#6371,#6372),(#6373,#6374,#6375,#6376,#6377,#6378,#6379),
(#6380,#6381,#6382,#6383,#6384,#6385,#6386),(#6387,#6388,#6389,#6390,#6391,
#6392,#6393),(#6394,#6395,#6396,#6397,#6398,#6399,#6400),(#6401,#6402,#6403,
#6404,#6405,#6406,#6407),(#6408,#6409,#6410,#6411,#6412,#6413,#6414),(#6415,
#6416,#6417,#6418,#6419,#6420,#6421),(#6422,#6423,#6424,#6425,#6426,#6427,
#6428),(#6429,#6430,#6431,#6432,#6433,#6434,#6435),(#6436,#6437,#6438,#6439,
#6440,#6441,#6442),(#6443,#6444,#6445,#6446,#6447,#6448,#6449),(#6450,#6451,
#6452,#6453,#6454,#6455,#6456),(#6457,#6458,#6459,#6460,#6461,#6462,#6463),
(#6464,#6465,#6466,#6467,#6468,#6469,#6470),(#6471,#6472,#6473,#6474,#6475,
#6476,#6477),(#6478,#6479,#6480,#6481,#6482,#6483,#6484),(#6485,#6486,#6487,
#6488,#6489,#6490,#6491),(#6492,#6493,#6494,#6495,#6496,#6497,#6498),(#6499,
#6500,#6501,#6502,#6503,#6504,#6505),(#6506,#6507,#6508,#6509,#6510,#6511,
#6512),(#6513,#6514,#6515,#6516,#6517,#6518,#6519),(#6520,#6521,#6522,#6523,
#6524,#6525,#6526),(#6527,#6528,#6529,#6530,#6531,#6532,#6533),(#6534,#6535,
#6536,#6537,#6538,#6539,#6540),(#6541,#6542,#6543,#6544,#6545,#6546,#6547),
(#6548,#6549,#6550,#6551,#6552,#6553,#6554),(#6555,#6556,#6557,#6558,#6559,
#6560,#6561),(#6562,#6563,#6564,#6565,#6566,#6567,#6568),(#6569,#6570,#6571,
#6572,#6573,#6574,#6575),(#6576,#6577,#6578,#6579,#6580,#6581,#6582),(#6583,
#6584,#6585,#6586,#6587,#6588,#6589),(#6590,#6591,#6592,#6593,#6594,#6595,
#6596),(#6597,#6598,#6599,#6600,#6601,#6602,#6603),(#6604,#6605,#6606,#6607,
#6608,#6609,#6610),(#6611,#6612,#6613,#6614,#6615,#6616,#6617),(#6618,#6619,
#6620,#6621,#6622,#6623,#6624),(#6625,#6626,#6627,#6628,#6629,#6630,#6631),
(#6632,#6633,#6634,#6635,#6636,#6637,#6638),(#6639,#6640,#6641,#6642,#6643,
#6644,#6645),(#6646,#6647,#6648,#6649,#6650,#6651,#6652),(#6653,#6654,#6655,
#6656,#6657,#6658,#6659),(#6660,#6661,#6662,#6663,#6664,#6665,#6666),(#6667,
#6668,#6669,#6670,#6671,#6672,#6673),(#6674,#6675,#6676,#6677,#6678,#6679,
#6680),(#6681,#6682,#6683,#6684,#6685,#6686,#6687),(#6688,#6689,#6690,#6691,
#6692,#6693,#6694)),.RULED_SURF.,.F.,.F.,.F.,(4,1,1,1,1,1,1,1,1,1,1,1,1,
1,1,1,1,1,1,1,1,1,1,1,1,1,1,1,1,1,1,1,1,1,1,1,1,1,1,1,1,1,1,1,1,1,1,1,1,
1,1,1,1,4),(4,1,1,1,4),(0.,0.0666709477937893,0.0971114948097908,0.125670499973543,
0.152378892826796,0.177263817057352,0.200349043204901,0.221655178502722,
0.241200126086685,0.258999018348949,0.275064993287556,0.289409295333864,
0.302041443159399,0.312969517725138,0.322200686893477,0.32974125396557,
0.335597080739302,0.339773453839971,0.346802247860505,0.355914583644771,
0.37328937856233,0.389823573263555,0.406047242306744,0.422810677658761,
0.441336412136177,0.462713111172564,0.479074740167295,0.520925259832705,
0.537286888827436,0.558663587863823,0.577189322341239,0.593952757693255,
0.610176426736444,0.62671062143767,0.644085416355229,0.653197752139495,
0.660226546160029,0.664402919260698,0.67025874603443,0.677799313106523,
0.687030482274861,0.697958556840601,0.710590704666137,0.724935006712444,
0.741000981651051,0.758799873913314,0.778344821497279,0.799650956795099,
0.822736182942648,0.847621107173205,0.874329500026457,0.902888505190209,
0.933329052206211,1.),(0.278058591324084,0.285714285714286,0.428571428571429,
0.571428571428571,0.651705045482987),.UNSPECIFIED.);
#30=B_SPLINE_SURFACE_WITH_KNOTS('',3,3,((#6725,#6726,#6727,#6728,#6729,
#6730,#6731),(#6732,#6733,#6734,#6735,#6736,#6737,#6738),(#6739,#6740,#6741,
#6742,#6743,#6744,#6745),(#6746,#6747,#6748,#6749,#6750,#6751,#6752),(#6753,
#6754,#6755,#6756,#6757,#6758,#6759),(#6760,#6761,#6762,#6763,#6764,#6765,
#6766),(#6767,#6768,#6769,#6770,#6771,#6772,#6773),(#6774,#6775,#6776,#6777,
#6778,#6779,#6780),(#6781,#6782,#6783,#6784,#6785,#6786,#6787),(#6788,#6789,
#6790,#6791,#6792,#6793,#6794),(#6795,#6796,#6797,#6798,#6799,#6800,#6801),
(#6802,#6803,#6804,#6805,#6806,#6807,#6808),(#6809,#6810,#6811,#6812,#6813,
#6814,#6815),(#6816,#6817,#6818,#6819,#6820,#6821,#6822),(#6823,#6824,#6825,
#6826,#6827,#6828,#6829),(#6830,#6831,#6832,#6833,#6834,#6835,#6836),(#6837,
#6838,#6839,#6840,#6841,#6842,#6843),(#6844,#6845,#6846,#6847,#6848,#6849,
#6850),(#6851,#6852,#6853,#6854,#6855,#6856,#6857),(#6858,#6859,#6860,#6861,
#6862,#6863,#6864),(#6865,#6866,#6867,#6868,#6869,#6870,#6871),(#6872,#6873,
#6874,#6875,#6876,#6877,#6878),(#6879,#6880,#6881,#6882,#6883,#6884,#6885),
(#6886,#6887,#6888,#6889,#6890,#6891,#6892),(#6893,#6894,#6895,#6896,#6897,
#6898,#6899),(#6900,#6901,#6902,#6903,#6904,#6905,#6906),(#6907,#6908,#6909,
#6910,#6911,#6912,#6913),(#6914,#6915,#6916,#6917,#6918,#6919,#6920),(#6921,
#6922,#6923,#6924,#6925,#6926,#6927),(#6928,#6929,#6930,#6931,#6932,#6933,
#6934),(#6935,#6936,#6937,#6938,#6939,#6940,#6941),(#6942,#6943,#6944,#6945,
#6946,#6947,#6948),(#6949,#6950,#6951,#6952,#6953,#6954,#6955),(#6956,#6957,
#6958,#6959,#6960,#6961,#6962),(#6963,#6964,#6965,#6966,#6967,#6968,#6969),
(#6970,#6971,#6972,#6973,#6974,#6975,#6976),(#6977,#6978,#6979,#6980,#6981,
#6982,#6983),(#6984,#6985,#6986,#6987,#6988,#6989,#6990),(#6991,#6992,#6993,
#6994,#6995,#6996,#6997),(#6998,#6999,#7000,#7001,#7002,#7003,#7004),(#7005,
#7006,#7007,#7008,#7009,#7010,#7011),(#7012,#7013,#7014,#7015,#7016,#7017,
#7018),(#7019,#7020,#7021,#7022,#7023,#7024,#7025),(#7026,#7027,#7028,#7029,
#7030,#7031,#7032),(#7033,#7034,#7035,#7036,#7037,#7038,#7039),(#7040,#7041,
#7042,#7043,#7044,#7045,#7046),(#7047,#7048,#7049,#7050,#7051,#7052,#7053),
(#7054,#7055,#7056,#7057,#7058,#7059,#7060),(#7061,#7062,#7063,#7064,#7065,
#7066,#7067),(#7068,#7069,#7070,#7071,#7072,#7073,#7074),(#7075,#7076,#7077,
#7078,#7079,#7080,#7081),(#7082,#7083,#7084,#7085,#7086,#7087,#7088),(#7089,
#7090,#7091,#7092,#7093,#7094,#7095),(#7096,#7097,#7098,#7099,#7100,#7101,
#7102),(#7103,#7104,#7105,#7106,#7107,#7108,#7109),(#7110,#7111,#7112,#7113,
#7114,#7115,#7116)),.RULED_SURF.,.F.,.F.,.F.,(4,1,1,1,1,1,1,1,1,1,1,1,1,
1,1,1,1,1,1,1,1,1,1,1,1,1,1,1,1,1,1,1,1,1,1,1,1,1,1,1,1,1,1,1,1,1,1,1,1,
1,1,1,1,4),(4,1,1,1,4),(0.,0.0666709477937893,0.0971114948097908,0.125670499973543,
0.152378892826796,0.177263817057352,0.200349043204901,0.221655178502722,
0.241200126086685,0.258999018348949,0.275064993287556,0.289409295333864,
0.302041443159399,0.312969517725138,0.322200686893477,0.32974125396557,
0.335597080739302,0.339773453839971,0.346802247860505,0.355914583644771,
0.37328937856233,0.389823573263555,0.406047242306744,0.422810677658761,
0.441336412136177,0.462713111172564,0.479074740167295,0.520925259832705,
0.537286888827436,0.558663587863823,0.577189322341239,0.593952757693255,
0.610176426736444,0.62671062143767,0.644085416355229,0.653197752139495,
0.660226546160029,0.664402919260698,0.67025874603443,0.677799313106523,
0.687030482274861,0.697958556840601,0.710590704666137,0.724935006712444,
0.741000981651051,0.758799873913314,0.778344821497279,0.799650956795099,
0.822736182942648,0.847621107173205,0.874329500026457,0.902888505190209,
0.933329052206211,1.),(0.278058591324139,0.285714285714286,0.428571428571429,
0.571428571428571,0.651705045482975),.UNSPECIFIED.);
#31=B_SPLINE_SURFACE_WITH_KNOTS('',3,3,((#7147,#7148,#7149,#7150,#7151,
#7152,#7153),(#7154,#7155,#7156,#7157,#7158,#7159,#7160),(#7161,#7162,#7163,
#7164,#7165,#7166,#7167),(#7168,#7169,#7170,#7171,#7172,#7173,#7174),(#7175,
#7176,#7177,#7178,#7179,#7180,#7181),(#7182,#7183,#7184,#7185,#7186,#7187,
#7188),(#7189,#7190,#7191,#7192,#7193,#7194,#7195),(#7196,#7197,#7198,#7199,
#7200,#7201,#7202),(#7203,#7204,#7205,#7206,#7207,#7208,#7209),(#7210,#7211,
#7212,#7213,#7214,#7215,#7216),(#7217,#7218,#7219,#7220,#7221,#7222,#7223),
(#7224,#7225,#7226,#7227,#7228,#7229,#7230),(#7231,#7232,#7233,#7234,#7235,
#7236,#7237),(#7238,#7239,#7240,#7241,#7242,#7243,#7244),(#7245,#7246,#7247,
#7248,#7249,#7250,#7251),(#7252,#7253,#7254,#7255,#7256,#7257,#7258),(#7259,
#7260,#7261,#7262,#7263,#7264,#7265),(#7266,#7267,#7268,#7269,#7270,#7271,
#7272),(#7273,#7274,#7275,#7276,#7277,#7278,#7279),(#7280,#7281,#7282,#7283,
#7284,#7285,#7286),(#7287,#7288,#7289,#7290,#7291,#7292,#7293),(#7294,#7295,
#7296,#7297,#7298,#7299,#7300),(#7301,#7302,#7303,#7304,#7305,#7306,#7307),
(#7308,#7309,#7310,#7311,#7312,#7313,#7314),(#7315,#7316,#7317,#7318,#7319,
#7320,#7321),(#7322,#7323,#7324,#7325,#7326,#7327,#7328),(#7329,#7330,#7331,
#7332,#7333,#7334,#7335),(#7336,#7337,#7338,#7339,#7340,#7341,#7342),(#7343,
#7344,#7345,#7346,#7347,#7348,#7349),(#7350,#7351,#7352,#7353,#7354,#7355,
#7356),(#7357,#7358,#7359,#7360,#7361,#7362,#7363),(#7364,#7365,#7366,#7367,
#7368,#7369,#7370),(#7371,#7372,#7373,#7374,#7375,#7376,#7377),(#7378,#7379,
#7380,#7381,#7382,#7383,#7384),(#7385,#7386,#7387,#7388,#7389,#7390,#7391),
(#7392,#7393,#7394,#7395,#7396,#7397,#7398),(#7399,#7400,#7401,#7402,#7403,
#7404,#7405),(#7406,#7407,#7408,#7409,#7410,#7411,#7412),(#7413,#7414,#7415,
#7416,#7417,#7418,#7419),(#7420,#7421,#7422,#7423,#7424,#7425,#7426),(#7427,
#7428,#7429,#7430,#7431,#7432,#7433),(#7434,#7435,#7436,#7437,#7438,#7439,
#7440),(#7441,#7442,#7443,#7444,#7445,#7446,#7447),(#7448,#7449,#7450,#7451,
#7452,#7453,#7454),(#7455,#7456,#7457,#7458,#7459,#7460,#7461),(#7462,#7463,
#7464,#7465,#7466,#7467,#7468),(#7469,#7470,#7471,#7472,#7473,#7474,#7475),
(#7476,#7477,#7478,#7479,#7480,#7481,#7482),(#7483,#7484,#7485,#7486,#7487,
#7488,#7489),(#7490,#7491,#7492,#7493,#7494,#7495,#7496),(#7497,#7498,#7499,
#7500,#7501,#7502,#7503),(#7504,#7505,#7506,#7507,#7508,#7509,#7510),(#7511,
#7512,#7513,#7514,#7515,#7516,#7517),(#7518,#7519,#7520,#7521,#7522,#7523,
#7524),(#7525,#7526,#7527,#7528,#7529,#7530,#7531),(#7532,#7533,#7534,#7535,
#7536,#7537,#7538)),.RULED_SURF.,.F.,.F.,.F.,(4,1,1,1,1,1,1,1,1,1,1,1,1,
1,1,1,1,1,1,1,1,1,1,1,1,1,1,1,1,1,1,1,1,1,1,1,1,1,1,1,1,1,1,1,1,1,1,1,1,
1,1,1,1,4),(4,1,1,1,4),(0.,0.0666709477937893,0.0971114948097908,0.125670499973543,
0.152378892826796,0.177263817057352,0.200349043204901,0.221655178502722,
0.241200126086685,0.258999018348949,0.275064993287556,0.289409295333864,
0.302041443159399,0.312969517725138,0.322200686893477,0.32974125396557,
0.335597080739302,0.339773453839971,0.346802247860505,0.355914583644771,
0.37328937856233,0.389823573263555,0.406047242306744,0.422810677658761,
0.441336412136177,0.462713111172564,0.479074740167295,0.520925259832705,
0.537286888827436,0.558663587863823,0.577189322341239,0.593952757693255,
0.610176426736444,0.62671062143767,0.644085416355229,0.653197752139495,
0.660226546160029,0.664402919260698,0.67025874603443,0.677799313106523,
0.687030482274861,0.697958556840601,0.710590704666137,0.724935006712444,
0.741000981651051,0.758799873913314,0.778344821497279,0.799650956795099,
0.822736182942648,0.847621107173205,0.874329500026457,0.902888505190209,
0.933329052206211,1.),(0.278058591324141,0.285714285714286,0.428571428571429,
0.571428571428571,0.65170504548294),.UNSPECIFIED.);
#32=B_SPLINE_SURFACE_WITH_KNOTS('',3,3,((#7569,#7570,#7571,#7572,#7573,
#7574,#7575),(#7576,#7577,#7578,#7579,#7580,#7581,#7582),(#7583,#7584,#7585,
#7586,#7587,#7588,#7589),(#7590,#7591,#7592,#7593,#7594,#7595,#7596),(#7597,
#7598,#7599,#7600,#7601,#7602,#7603),(#7604,#7605,#7606,#7607,#7608,#7609,
#7610),(#7611,#7612,#7613,#7614,#7615,#7616,#7617),(#7618,#7619,#7620,#7621,
#7622,#7623,#7624),(#7625,#7626,#7627,#7628,#7629,#7630,#7631),(#7632,#7633,
#7634,#7635,#7636,#7637,#7638),(#7639,#7640,#7641,#7642,#7643,#7644,#7645),
(#7646,#7647,#7648,#7649,#7650,#7651,#7652),(#7653,#7654,#7655,#7656,#7657,
#7658,#7659),(#7660,#7661,#7662,#7663,#7664,#7665,#7666),(#7667,#7668,#7669,
#7670,#7671,#7672,#7673),(#7674,#7675,#7676,#7677,#7678,#7679,#7680),(#7681,
#7682,#7683,#7684,#7685,#7686,#7687),(#7688,#7689,#7690,#7691,#7692,#7693,
#7694),(#7695,#7696,#7697,#7698,#7699,#7700,#7701),(#7702,#7703,#7704,#7705,
#7706,#7707,#7708),(#7709,#7710,#7711,#7712,#7713,#7714,#7715),(#7716,#7717,
#7718,#7719,#7720,#7721,#7722),(#7723,#7724,#7725,#7726,#7727,#7728,#7729),
(#7730,#7731,#7732,#7733,#7734,#7735,#7736),(#7737,#7738,#7739,#7740,#7741,
#7742,#7743),(#7744,#7745,#7746,#7747,#7748,#7749,#7750),(#7751,#7752,#7753,
#7754,#7755,#7756,#7757),(#7758,#7759,#7760,#7761,#7762,#7763,#7764),(#7765,
#7766,#7767,#7768,#7769,#7770,#7771),(#7772,#7773,#7774,#7775,#7776,#7777,
#7778),(#7779,#7780,#7781,#7782,#7783,#7784,#7785),(#7786,#7787,#7788,#7789,
#7790,#7791,#7792),(#7793,#7794,#7795,#7796,#7797,#7798,#7799),(#7800,#7801,
#7802,#7803,#7804,#7805,#7806),(#7807,#7808,#7809,#7810,#7811,#7812,#7813),
(#7814,#7815,#7816,#7817,#7818,#7819,#7820),(#7821,#7822,#7823,#7824,#7825,
#7826,#7827),(#7828,#7829,#7830,#7831,#7832,#7833,#7834),(#7835,#7836,#7837,
#7838,#7839,#7840,#7841),(#7842,#7843,#7844,#7845,#7846,#7847,#7848),(#7849,
#7850,#7851,#7852,#7853,#7854,#7855),(#7856,#7857,#7858,#7859,#7860,#7861,
#7862),(#7863,#7864,#7865,#7866,#7867,#7868,#7869),(#7870,#7871,#7872,#7873,
#7874,#7875,#7876),(#7877,#7878,#7879,#7880,#7881,#7882,#7883),(#7884,#7885,
#7886,#7887,#7888,#7889,#7890),(#7891,#7892,#7893,#7894,#7895,#7896,#7897),
(#7898,#7899,#7900,#7901,#7902,#7903,#7904),(#7905,#7906,#7907,#7908,#7909,
#7910,#7911),(#7912,#7913,#7914,#7915,#7916,#7917,#7918),(#7919,#7920,#7921,
#7922,#7923,#7924,#7925),(#7926,#7927,#7928,#7929,#7930,#7931,#7932),(#7933,
#7934,#7935,#7936,#7937,#7938,#7939),(#7940,#7941,#7942,#7943,#7944,#7945,
#7946),(#7947,#7948,#7949,#7950,#7951,#7952,#7953),(#7954,#7955,#7956,#7957,
#7958,#7959,#7960)),.RULED_SURF.,.F.,.F.,.F.,(4,1,1,1,1,1,1,1,1,1,1,1,1,
1,1,1,1,1,1,1,1,1,1,1,1,1,1,1,1,1,1,1,1,1,1,1,1,1,1,1,1,1,1,1,1,1,1,1,1,
1,1,1,1,4),(4,1,1,1,4),(0.,0.0666709477937893,0.0971114948097908,0.125670499973543,
0.152378892826796,0.177263817057352,0.200349043204901,0.221655178502722,
0.241200126086685,0.258999018348949,0.275064993287556,0.289409295333864,
0.302041443159399,0.312969517725138,0.322200686893477,0.32974125396557,
0.335597080739302,0.339773453839971,0.346802247860505,0.355914583644771,
0.37328937856233,0.389823573263555,0.406047242306744,0.422810677658761,
0.441336412136177,0.462713111172564,0.479074740167295,0.520925259832705,
0.537286888827436,0.558663587863823,0.577189322341239,0.593952757693255,
0.610176426736444,0.62671062143767,0.644085416355229,0.653197752139495,
0.660226546160029,0.664402919260698,0.67025874603443,0.677799313106523,
0.687030482274861,0.697958556840601,0.710590704666137,0.724935006712444,
0.741000981651051,0.758799873913314,0.778344821497279,0.799650956795099,
0.822736182942648,0.847621107173205,0.874329500026457,0.902888505190209,
0.933329052206211,1.),(0.278058591324141,0.285714285714286,0.428571428571429,
0.571428571428571,0.651705045482962),.UNSPECIFIED.);
#33=B_SPLINE_SURFACE_WITH_KNOTS('',3,3,((#7991,#7992,#7993,#7994,#7995,
#7996,#7997),(#7998,#7999,#8000,#8001,#8002,#8003,#8004),(#8005,#8006,#8007,
#8008,#8009,#8010,#8011),(#8012,#8013,#8014,#8015,#8016,#8017,#8018),(#8019,
#8020,#8021,#8022,#8023,#8024,#8025),(#8026,#8027,#8028,#8029,#8030,#8031,
#8032),(#8033,#8034,#8035,#8036,#8037,#8038,#8039),(#8040,#8041,#8042,#8043,
#8044,#8045,#8046),(#8047,#8048,#8049,#8050,#8051,#8052,#8053),(#8054,#8055,
#8056,#8057,#8058,#8059,#8060),(#8061,#8062,#8063,#8064,#8065,#8066,#8067),
(#8068,#8069,#8070,#8071,#8072,#8073,#8074),(#8075,#8076,#8077,#8078,#8079,
#8080,#8081),(#8082,#8083,#8084,#8085,#8086,#8087,#8088),(#8089,#8090,#8091,
#8092,#8093,#8094,#8095),(#8096,#8097,#8098,#8099,#8100,#8101,#8102),(#8103,
#8104,#8105,#8106,#8107,#8108,#8109),(#8110,#8111,#8112,#8113,#8114,#8115,
#8116),(#8117,#8118,#8119,#8120,#8121,#8122,#8123),(#8124,#8125,#8126,#8127,
#8128,#8129,#8130),(#8131,#8132,#8133,#8134,#8135,#8136,#8137),(#8138,#8139,
#8140,#8141,#8142,#8143,#8144),(#8145,#8146,#8147,#8148,#8149,#8150,#8151),
(#8152,#8153,#8154,#8155,#8156,#8157,#8158),(#8159,#8160,#8161,#8162,#8163,
#8164,#8165),(#8166,#8167,#8168,#8169,#8170,#8171,#8172),(#8173,#8174,#8175,
#8176,#8177,#8178,#8179),(#8180,#8181,#8182,#8183,#8184,#8185,#8186),(#8187,
#8188,#8189,#8190,#8191,#8192,#8193),(#8194,#8195,#8196,#8197,#8198,#8199,
#8200),(#8201,#8202,#8203,#8204,#8205,#8206,#8207),(#8208,#8209,#8210,#8211,
#8212,#8213,#8214),(#8215,#8216,#8217,#8218,#8219,#8220,#8221),(#8222,#8223,
#8224,#8225,#8226,#8227,#8228),(#8229,#8230,#8231,#8232,#8233,#8234,#8235),
(#8236,#8237,#8238,#8239,#8240,#8241,#8242),(#8243,#8244,#8245,#8246,#8247,
#8248,#8249),(#8250,#8251,#8252,#8253,#8254,#8255,#8256),(#8257,#8258,#8259,
#8260,#8261,#8262,#8263),(#8264,#8265,#8266,#8267,#8268,#8269,#8270),(#8271,
#8272,#8273,#8274,#8275,#8276,#8277),(#8278,#8279,#8280,#8281,#8282,#8283,
#8284),(#8285,#8286,#8287,#8288,#8289,#8290,#8291),(#8292,#8293,#8294,#8295,
#8296,#8297,#8298),(#8299,#8300,#8301,#8302,#8303,#8304,#8305),(#8306,#8307,
#8308,#8309,#8310,#8311,#8312),(#8313,#8314,#8315,#8316,#8317,#8318,#8319),
(#8320,#8321,#8322,#8323,#8324,#8325,#8326),(#8327,#8328,#8329,#8330,#8331,
#8332,#8333),(#8334,#8335,#8336,#8337,#8338,#8339,#8340),(#8341,#8342,#8343,
#8344,#8345,#8346,#8347),(#8348,#8349,#8350,#8351,#8352,#8353,#8354),(#8355,
#8356,#8357,#8358,#8359,#8360,#8361),(#8362,#8363,#8364,#8365,#8366,#8367,
#8368),(#8369,#8370,#8371,#8372,#8373,#8374,#8375),(#8376,#8377,#8378,#8379,
#8380,#8381,#8382)),.RULED_SURF.,.F.,.F.,.F.,(4,1,1,1,1,1,1,1,1,1,1,1,1,
1,1,1,1,1,1,1,1,1,1,1,1,1,1,1,1,1,1,1,1,1,1,1,1,1,1,1,1,1,1,1,1,1,1,1,1,
1,1,1,1,4),(4,1,1,1,4),(0.,0.0666709477937893,0.0971114948097908,0.125670499973543,
0.152378892826796,0.177263817057352,0.200349043204901,0.221655178502722,
0.241200126086685,0.258999018348949,0.275064993287556,0.289409295333864,
0.302041443159399,0.312969517725138,0.322200686893477,0.32974125396557,
0.335597080739302,0.339773453839971,0.346802247860505,0.355914583644771,
0.37328937856233,0.389823573263555,0.406047242306744,0.422810677658761,
0.441336412136177,0.462713111172564,0.479074740167295,0.520925259832705,
0.537286888827436,0.558663587863823,0.577189322341239,0.593952757693255,
0.610176426736444,0.62671062143767,0.644085416355229,0.653197752139495,
0.660226546160029,0.664402919260698,0.67025874603443,0.677799313106523,
0.687030482274861,0.697958556840601,0.710590704666137,0.724935006712444,
0.741000981651051,0.758799873913314,0.778344821497279,0.799650956795099,
0.822736182942648,0.847621107173205,0.874329500026457,0.902888505190209,
0.933329052206211,1.),(0.278058591324141,0.285714285714286,0.428571428571429,
0.571428571428571,0.651705045482952),.UNSPECIFIED.);
#34=B_SPLINE_SURFACE_WITH_KNOTS('',3,3,((#8413,#8414,#8415,#8416,#8417,
#8418,#8419),(#8420,#8421,#8422,#8423,#8424,#8425,#8426),(#8427,#8428,#8429,
#8430,#8431,#8432,#8433),(#8434,#8435,#8436,#8437,#8438,#8439,#8440),(#8441,
#8442,#8443,#8444,#8445,#8446,#8447),(#8448,#8449,#8450,#8451,#8452,#8453,
#8454),(#8455,#8456,#8457,#8458,#8459,#8460,#8461),(#8462,#8463,#8464,#8465,
#8466,#8467,#8468),(#8469,#8470,#8471,#8472,#8473,#8474,#8475),(#8476,#8477,
#8478,#8479,#8480,#8481,#8482),(#8483,#8484,#8485,#8486,#8487,#8488,#8489),
(#8490,#8491,#8492,#8493,#8494,#8495,#8496),(#8497,#8498,#8499,#8500,#8501,
#8502,#8503),(#8504,#8505,#8506,#8507,#8508,#8509,#8510),(#8511,#8512,#8513,
#8514,#8515,#8516,#8517),(#8518,#8519,#8520,#8521,#8522,#8523,#8524),(#8525,
#8526,#8527,#8528,#8529,#8530,#8531),(#8532,#8533,#8534,#8535,#8536,#8537,
#8538),(#8539,#8540,#8541,#8542,#8543,#8544,#8545),(#8546,#8547,#8548,#8549,
#8550,#8551,#8552),(#8553,#8554,#8555,#8556,#8557,#8558,#8559),(#8560,#8561,
#8562,#8563,#8564,#8565,#8566),(#8567,#8568,#8569,#8570,#8571,#8572,#8573),
(#8574,#8575,#8576,#8577,#8578,#8579,#8580),(#8581,#8582,#8583,#8584,#8585,
#8586,#8587),(#8588,#8589,#8590,#8591,#8592,#8593,#8594),(#8595,#8596,#8597,
#8598,#8599,#8600,#8601),(#8602,#8603,#8604,#8605,#8606,#8607,#8608),(#8609,
#8610,#8611,#8612,#8613,#8614,#8615),(#8616,#8617,#8618,#8619,#8620,#8621,
#8622),(#8623,#8624,#8625,#8626,#8627,#8628,#8629),(#8630,#8631,#8632,#8633,
#8634,#8635,#8636),(#8637,#8638,#8639,#8640,#8641,#8642,#8643),(#8644,#8645,
#8646,#8647,#8648,#8649,#8650),(#8651,#8652,#8653,#8654,#8655,#8656,#8657),
(#8658,#8659,#8660,#8661,#8662,#8663,#8664),(#8665,#8666,#8667,#8668,#8669,
#8670,#8671),(#8672,#8673,#8674,#8675,#8676,#8677,#8678),(#8679,#8680,#8681,
#8682,#8683,#8684,#8685),(#8686,#8687,#8688,#8689,#8690,#8691,#8692),(#8693,
#8694,#8695,#8696,#8697,#8698,#8699),(#8700,#8701,#8702,#8703,#8704,#8705,
#8706),(#8707,#8708,#8709,#8710,#8711,#8712,#8713),(#8714,#8715,#8716,#8717,
#8718,#8719,#8720),(#8721,#8722,#8723,#8724,#8725,#8726,#8727),(#8728,#8729,
#8730,#8731,#8732,#8733,#8734),(#8735,#8736,#8737,#8738,#8739,#8740,#8741),
(#8742,#8743,#8744,#8745,#8746,#8747,#8748),(#8749,#8750,#8751,#8752,#8753,
#8754,#8755),(#8756,#8757,#8758,#8759,#8760,#8761,#8762),(#8763,#8764,#8765,
#8766,#8767,#8768,#8769),(#8770,#8771,#8772,#8773,#8774,#8775,#8776),(#8777,
#8778,#8779,#8780,#8781,#8782,#8783),(#8784,#8785,#8786,#8787,#8788,#8789,
#8790),(#8791,#8792,#8793,#8794,#8795,#8796,#8797),(#8798,#8799,#8800,#8801,
#8802,#8803,#8804)),.RULED_SURF.,.F.,.F.,.F.,(4,1,1,1,1,1,1,1,1,1,1,1,1,
1,1,1,1,1,1,1,1,1,1,1,1,1,1,1,1,1,1,1,1,1,1,1,1,1,1,1,1,1,1,1,1,1,1,1,1,
1,1,1,1,4),(4,1,1,1,4),(0.,0.0666709477937893,0.0971114948097908,0.125670499973543,
0.152378892826796,0.177263817057352,0.200349043204901,0.221655178502722,
0.241200126086685,0.258999018348949,0.275064993287556,0.289409295333864,
0.302041443159399,0.312969517725138,0.322200686893477,0.32974125396557,
0.335597080739302,0.339773453839971,0.346802247860505,0.355914583644771,
0.37328937856233,0.389823573263555,0.406047242306744,0.422810677658761,
0.441336412136177,0.462713111172564,0.479074740167295,0.520925259832705,
0.537286888827436,0.558663587863823,0.577189322341239,0.593952757693255,
0.610176426736444,0.62671062143767,0.644085416355229,0.653197752139495,
0.660226546160029,0.664402919260698,0.67025874603443,0.677799313106523,
0.687030482274861,0.697958556840601,0.710590704666137,0.724935006712444,
0.741000981651051,0.758799873913314,0.778344821497279,0.799650956795099,
0.822736182942648,0.847621107173205,0.874329500026457,0.902888505190209,
0.933329052206211,1.),(0.278058591324138,0.285714285714286,0.428571428571429,
0.571428571428571,0.651705045482979),.UNSPECIFIED.);
#35=B_SPLINE_SURFACE_WITH_KNOTS('',3,3,((#8835,#8836,#8837,#8838,#8839,
#8840,#8841),(#8842,#8843,#8844,#8845,#8846,#8847,#8848),(#8849,#8850,#8851,
#8852,#8853,#8854,#8855),(#8856,#8857,#8858,#8859,#8860,#8861,#8862),(#8863,
#8864,#8865,#8866,#8867,#8868,#8869),(#8870,#8871,#8872,#8873,#8874,#8875,
#8876),(#8877,#8878,#8879,#8880,#8881,#8882,#8883),(#8884,#8885,#8886,#8887,
#8888,#8889,#8890),(#8891,#8892,#8893,#8894,#8895,#8896,#8897),(#8898,#8899,
#8900,#8901,#8902,#8903,#8904),(#8905,#8906,#8907,#8908,#8909,#8910,#8911),
(#8912,#8913,#8914,#8915,#8916,#8917,#8918),(#8919,#8920,#8921,#8922,#8923,
#8924,#8925),(#8926,#8927,#8928,#8929,#8930,#8931,#8932),(#8933,#8934,#8935,
#8936,#8937,#8938,#8939),(#8940,#8941,#8942,#8943,#8944,#8945,#8946),(#8947,
#8948,#8949,#8950,#8951,#8952,#8953),(#8954,#8955,#8956,#8957,#8958,#8959,
#8960),(#8961,#8962,#8963,#8964,#8965,#8966,#8967),(#8968,#8969,#8970,#8971,
#8972,#8973,#8974),(#8975,#8976,#8977,#8978,#8979,#8980,#8981),(#8982,#8983,
#8984,#8985,#8986,#8987,#8988),(#8989,#8990,#8991,#8992,#8993,#8994,#8995),
(#8996,#8997,#8998,#8999,#9000,#9001,#9002),(#9003,#9004,#9005,#9006,#9007,
#9008,#9009),(#9010,#9011,#9012,#9013,#9014,#9015,#9016),(#9017,#9018,#9019,
#9020,#9021,#9022,#9023),(#9024,#9025,#9026,#9027,#9028,#9029,#9030),(#9031,
#9032,#9033,#9034,#9035,#9036,#9037),(#9038,#9039,#9040,#9041,#9042,#9043,
#9044),(#9045,#9046,#9047,#9048,#9049,#9050,#9051),(#9052,#9053,#9054,#9055,
#9056,#9057,#9058),(#9059,#9060,#9061,#9062,#9063,#9064,#9065),(#9066,#9067,
#9068,#9069,#9070,#9071,#9072),(#9073,#9074,#9075,#9076,#9077,#9078,#9079),
(#9080,#9081,#9082,#9083,#9084,#9085,#9086),(#9087,#9088,#9089,#9090,#9091,
#9092,#9093),(#9094,#9095,#9096,#9097,#9098,#9099,#9100),(#9101,#9102,#9103,
#9104,#9105,#9106,#9107),(#9108,#9109,#9110,#9111,#9112,#9113,#9114),(#9115,
#9116,#9117,#9118,#9119,#9120,#9121),(#9122,#9123,#9124,#9125,#9126,#9127,
#9128),(#9129,#9130,#9131,#9132,#9133,#9134,#9135),(#9136,#9137,#9138,#9139,
#9140,#9141,#9142),(#9143,#9144,#9145,#9146,#9147,#9148,#9149),(#9150,#9151,
#9152,#9153,#9154,#9155,#9156),(#9157,#9158,#9159,#9160,#9161,#9162,#9163),
(#9164,#9165,#9166,#9167,#9168,#9169,#9170),(#9171,#9172,#9173,#9174,#9175,
#9176,#9177),(#9178,#9179,#9180,#9181,#9182,#9183,#9184),(#9185,#9186,#9187,
#9188,#9189,#9190,#9191),(#9192,#9193,#9194,#9195,#9196,#9197,#9198),(#9199,
#9200,#9201,#9202,#9203,#9204,#9205),(#9206,#9207,#9208,#9209,#9210,#9211,
#9212),(#9213,#9214,#9215,#9216,#9217,#9218,#9219),(#9220,#9221,#9222,#9223,
#9224,#9225,#9226)),.RULED_SURF.,.F.,.F.,.F.,(4,1,1,1,1,1,1,1,1,1,1,1,1,
1,1,1,1,1,1,1,1,1,1,1,1,1,1,1,1,1,1,1,1,1,1,1,1,1,1,1,1,1,1,1,1,1,1,1,1,
1,1,1,1,4),(4,1,1,1,4),(0.,0.0666709477937893,0.0971114948097908,0.125670499973543,
0.152378892826796,0.177263817057352,0.200349043204901,0.221655178502722,
0.241200126086685,0.258999018348949,0.275064993287556,0.289409295333864,
0.302041443159399,0.312969517725138,0.322200686893477,0.32974125396557,
0.335597080739302,0.339773453839971,0.346802247860505,0.355914583644771,
0.37328937856233,0.389823573263555,0.406047242306744,0.422810677658761,
0.441336412136177,0.462713111172564,0.479074740167295,0.520925259832705,
0.537286888827436,0.558663587863823,0.577189322341239,0.593952757693255,
0.610176426736444,0.62671062143767,0.644085416355229,0.653197752139495,
0.660226546160029,0.664402919260698,0.67025874603443,0.677799313106523,
0.687030482274861,0.697958556840601,0.710590704666137,0.724935006712444,
0.741000981651051,0.758799873913314,0.778344821497279,0.799650956795099,
0.822736182942648,0.847621107173205,0.874329500026457,0.902888505190209,
0.933329052206211,1.),(0.278058591324138,0.285714285714286,0.428571428571429,
0.571428571428571,0.651705045482983),.UNSPECIFIED.);
#36=B_SPLINE_SURFACE_WITH_KNOTS('',3,3,((#9257,#9258,#9259,#9260,#9261,
#9262,#9263),(#9264,#9265,#9266,#9267,#9268,#9269,#9270),(#9271,#9272,#9273,
#9274,#9275,#9276,#9277),(#9278,#9279,#9280,#9281,#9282,#9283,#9284),(#9285,
#9286,#9287,#9288,#9289,#9290,#9291),(#9292,#9293,#9294,#9295,#9296,#9297,
#9298),(#9299,#9300,#9301,#9302,#9303,#9304,#9305),(#9306,#9307,#9308,#9309,
#9310,#9311,#9312),(#9313,#9314,#9315,#9316,#9317,#9318,#9319),(#9320,#9321,
#9322,#9323,#9324,#9325,#9326),(#9327,#9328,#9329,#9330,#9331,#9332,#9333),
(#9334,#9335,#9336,#9337,#9338,#9339,#9340),(#9341,#9342,#9343,#9344,#9345,
#9346,#9347),(#9348,#9349,#9350,#9351,#9352,#9353,#9354),(#9355,#9356,#9357,
#9358,#9359,#9360,#9361),(#9362,#9363,#9364,#9365,#9366,#9367,#9368),(#9369,
#9370,#9371,#9372,#9373,#9374,#9375),(#9376,#9377,#9378,#9379,#9380,#9381,
#9382),(#9383,#9384,#9385,#9386,#9387,#9388,#9389),(#9390,#9391,#9392,#9393,
#9394,#9395,#9396),(#9397,#9398,#9399,#9400,#9401,#9402,#9403),(#9404,#9405,
#9406,#9407,#9408,#9409,#9410),(#9411,#9412,#9413,#9414,#9415,#9416,#9417),
(#9418,#9419,#9420,#9421,#9422,#9423,#9424),(#9425,#9426,#9427,#9428,#9429,
#9430,#9431),(#9432,#9433,#9434,#9435,#9436,#9437,#9438),(#9439,#9440,#9441,
#9442,#9443,#9444,#9445),(#9446,#9447,#9448,#9449,#9450,#9451,#9452),(#9453,
#9454,#9455,#9456,#9457,#9458,#9459),(#9460,#9461,#9462,#9463,#9464,#9465,
#9466),(#9467,#9468,#9469,#9470,#9471,#9472,#9473),(#9474,#9475,#9476,#9477,
#9478,#9479,#9480),(#9481,#9482,#9483,#9484,#9485,#9486,#9487),(#9488,#9489,
#9490,#9491,#9492,#9493,#9494),(#9495,#9496,#9497,#9498,#9499,#9500,#9501),
(#9502,#9503,#9504,#9505,#9506,#9507,#9508),(#9509,#9510,#9511,#9512,#9513,
#9514,#9515),(#9516,#9517,#9518,#9519,#9520,#9521,#9522),(#9523,#9524,#9525,
#9526,#9527,#9528,#9529),(#9530,#9531,#9532,#9533,#9534,#9535,#9536),(#9537,
#9538,#9539,#9540,#9541,#9542,#9543),(#9544,#9545,#9546,#9547,#9548,#9549,
#9550),(#9551,#9552,#9553,#9554,#9555,#9556,#9557),(#9558,#9559,#9560,#9561,
#9562,#9563,#9564),(#9565,#9566,#9567,#9568,#9569,#9570,#9571),(#9572,#9573,
#9574,#9575,#9576,#9577,#9578),(#9579,#9580,#9581,#9582,#9583,#9584,#9585),
(#9586,#9587,#9588,#9589,#9590,#9591,#9592),(#9593,#9594,#9595,#9596,#9597,
#9598,#9599),(#9600,#9601,#9602,#9603,#9604,#9605,#9606),(#9607,#9608,#9609,
#9610,#9611,#9612,#9613),(#9614,#9615,#9616,#9617,#9618,#9619,#9620),(#9621,
#9622,#9623,#9624,#9625,#9626,#9627),(#9628,#9629,#9630,#9631,#9632,#9633,
#9634),(#9635,#9636,#9637,#9638,#9639,#9640,#9641),(#9642,#9643,#9644,#9645,
#9646,#9647,#9648)),.RULED_SURF.,.F.,.F.,.F.,(4,1,1,1,1,1,1,1,1,1,1,1,1,
1,1,1,1,1,1,1,1,1,1,1,1,1,1,1,1,1,1,1,1,1,1,1,1,1,1,1,1,1,1,1,1,1,1,1,1,
1,1,1,1,4),(4,1,1,1,4),(0.,0.0666709477937893,0.0971114948097908,0.125670499973543,
0.152378892826796,0.177263817057352,0.200349043204901,0.221655178502722,
0.241200126086685,0.258999018348949,0.275064993287556,0.289409295333864,
0.302041443159399,0.312969517725138,0.322200686893477,0.32974125396557,
0.335597080739302,0.339773453839971,0.346802247860505,0.355914583644771,
0.37328937856233,0.389823573263555,0.406047242306744,0.422810677658761,
0.441336412136177,0.462713111172564,0.479074740167295,0.520925259832705,
0.537286888827436,0.558663587863823,0.577189322341239,0.593952757693255,
0.610176426736444,0.62671062143767,0.644085416355229,0.653197752139495,
0.660226546160029,0.664402919260698,0.67025874603443,0.677799313106523,
0.687030482274861,0.697958556840601,0.710590704666137,0.724935006712444,
0.741000981651051,0.758799873913314,0.778344821497279,0.799650956795099,
0.822736182942648,0.847621107173205,0.874329500026457,0.902888505190209,
0.933329052206211,1.),(0.278058591324141,0.285714285714286,0.428571428571429,
0.571428571428571,0.651705045482952),.UNSPECIFIED.);
#37=B_SPLINE_SURFACE_WITH_KNOTS('',3,3,((#9679,#9680,#9681,#9682,#9683,
#9684,#9685),(#9686,#9687,#9688,#9689,#9690,#9691,#9692),(#9693,#9694,#9695,
#9696,#9697,#9698,#9699),(#9700,#9701,#9702,#9703,#9704,#9705,#9706),(#9707,
#9708,#9709,#9710,#9711,#9712,#9713),(#9714,#9715,#9716,#9717,#9718,#9719,
#9720),(#9721,#9722,#9723,#9724,#9725,#9726,#9727),(#9728,#9729,#9730,#9731,
#9732,#9733,#9734),(#9735,#9736,#9737,#9738,#9739,#9740,#9741),(#9742,#9743,
#9744,#9745,#9746,#9747,#9748),(#9749,#9750,#9751,#9752,#9753,#9754,#9755),
(#9756,#9757,#9758,#9759,#9760,#9761,#9762),(#9763,#9764,#9765,#9766,#9767,
#9768,#9769),(#9770,#9771,#9772,#9773,#9774,#9775,#9776),(#9777,#9778,#9779,
#9780,#9781,#9782,#9783),(#9784,#9785,#9786,#9787,#9788,#9789,#9790),(#9791,
#9792,#9793,#9794,#9795,#9796,#9797),(#9798,#9799,#9800,#9801,#9802,#9803,
#9804),(#9805,#9806,#9807,#9808,#9809,#9810,#9811),(#9812,#9813,#9814,#9815,
#9816,#9817,#9818),(#9819,#9820,#9821,#9822,#9823,#9824,#9825),(#9826,#9827,
#9828,#9829,#9830,#9831,#9832),(#9833,#9834,#9835,#9836,#9837,#9838,#9839),
(#9840,#9841,#9842,#9843,#9844,#9845,#9846),(#9847,#9848,#9849,#9850,#9851,
#9852,#9853),(#9854,#9855,#9856,#9857,#9858,#9859,#9860),(#9861,#9862,#9863,
#9864,#9865,#9866,#9867),(#9868,#9869,#9870,#9871,#9872,#9873,#9874),(#9875,
#9876,#9877,#9878,#9879,#9880,#9881),(#9882,#9883,#9884,#9885,#9886,#9887,
#9888),(#9889,#9890,#9891,#9892,#9893,#9894,#9895),(#9896,#9897,#9898,#9899,
#9900,#9901,#9902),(#9903,#9904,#9905,#9906,#9907,#9908,#9909),(#9910,#9911,
#9912,#9913,#9914,#9915,#9916),(#9917,#9918,#9919,#9920,#9921,#9922,#9923),
(#9924,#9925,#9926,#9927,#9928,#9929,#9930),(#9931,#9932,#9933,#9934,#9935,
#9936,#9937),(#9938,#9939,#9940,#9941,#9942,#9943,#9944),(#9945,#9946,#9947,
#9948,#9949,#9950,#9951),(#9952,#9953,#9954,#9955,#9956,#9957,#9958),(#9959,
#9960,#9961,#9962,#9963,#9964,#9965),(#9966,#9967,#9968,#9969,#9970,#9971,
#9972),(#9973,#9974,#9975,#9976,#9977,#9978,#9979),(#9980,#9981,#9982,#9983,
#9984,#9985,#9986),(#9987,#9988,#9989,#9990,#9991,#9992,#9993),(#9994,#9995,
#9996,#9997,#9998,#9999,#10000),(#10001,#10002,#10003,#10004,#10005,#10006,
#10007),(#10008,#10009,#10010,#10011,#10012,#10013,#10014),(#10015,#10016,
#10017,#10018,#10019,#10020,#10021),(#10022,#10023,#10024,#10025,#10026,
#10027,#10028),(#10029,#10030,#10031,#10032,#10033,#10034,#10035),(#10036,
#10037,#10038,#10039,#10040,#10041,#10042),(#10043,#10044,#10045,#10046,
#10047,#10048,#10049),(#10050,#10051,#10052,#10053,#10054,#10055,#10056),
(#10057,#10058,#10059,#10060,#10061,#10062,#10063),(#10064,#10065,#10066,
#10067,#10068,#10069,#10070)),.RULED_SURF.,.F.,.F.,.F.,(4,1,1,1,1,1,1,1,
1,1,1,1,1,1,1,1,1,1,1,1,1,1,1,1,1,1,1,1,1,1,1,1,1,1,1,1,1,1,1,1,1,1,1,1,
1,1,1,1,1,1,1,1,1,4),(4,1,1,1,4),(0.,0.0666709477937893,0.0971114948097908,
0.125670499973543,0.152378892826796,0.177263817057352,0.200349043204901,
0.221655178502722,0.241200126086685,0.258999018348949,0.275064993287556,
0.289409295333864,0.302041443159399,0.312969517725138,0.322200686893477,
0.32974125396557,0.335597080739302,0.339773453839971,0.346802247860505,
0.355914583644771,0.37328937856233,0.389823573263555,0.406047242306744,
0.422810677658761,0.441336412136177,0.462713111172564,0.479074740167295,
0.520925259832705,0.537286888827436,0.558663587863823,0.577189322341239,
0.593952757693255,0.610176426736444,0.62671062143767,0.644085416355229,
0.653197752139495,0.660226546160029,0.664402919260698,0.67025874603443,
0.677799313106523,0.687030482274861,0.697958556840601,0.710590704666137,
0.724935006712444,0.741000981651051,0.758799873913314,0.778344821497279,
0.799650956795099,0.822736182942648,0.847621107173205,0.874329500026457,
0.902888505190209,0.933329052206211,1.),(0.278058591324138,0.285714285714286,
0.428571428571429,0.571428571428571,0.651705045482985),.UNSPECIFIED.);
#38=B_SPLINE_SURFACE_WITH_KNOTS('',3,3,((#10101,#10102,#10103,#10104,#10105,
#10106,#10107),(#10108,#10109,#10110,#10111,#10112,#10113,#10114),(#10115,
#10116,#10117,#10118,#10119,#10120,#10121),(#10122,#10123,#10124,#10125,
#10126,#10127,#10128),(#10129,#10130,#10131,#10132,#10133,#10134,#10135),
(#10136,#10137,#10138,#10139,#10140,#10141,#10142),(#10143,#10144,#10145,
#10146,#10147,#10148,#10149),(#10150,#10151,#10152,#10153,#10154,#10155,
#10156),(#10157,#10158,#10159,#10160,#10161,#10162,#10163),(#10164,#10165,
#10166,#10167,#10168,#10169,#10170),(#10171,#10172,#10173,#10174,#10175,
#10176,#10177),(#10178,#10179,#10180,#10181,#10182,#10183,#10184),(#10185,
#10186,#10187,#10188,#10189,#10190,#10191),(#10192,#10193,#10194,#10195,
#10196,#10197,#10198),(#10199,#10200,#10201,#10202,#10203,#10204,#10205),
(#10206,#10207,#10208,#10209,#10210,#10211,#10212),(#10213,#10214,#10215,
#10216,#10217,#10218,#10219),(#10220,#10221,#10222,#10223,#10224,#10225,
#10226),(#10227,#10228,#10229,#10230,#10231,#10232,#10233),(#10234,#10235,
#10236,#10237,#10238,#10239,#10240),(#10241,#10242,#10243,#10244,#10245,
#10246,#10247),(#10248,#10249,#10250,#10251,#10252,#10253,#10254),(#10255,
#10256,#10257,#10258,#10259,#10260,#10261),(#10262,#10263,#10264,#10265,
#10266,#10267,#10268),(#10269,#10270,#10271,#10272,#10273,#10274,#10275),
(#10276,#10277,#10278,#10279,#10280,#10281,#10282),(#10283,#10284,#10285,
#10286,#10287,#10288,#10289),(#10290,#10291,#10292,#10293,#10294,#10295,
#10296),(#10297,#10298,#10299,#10300,#10301,#10302,#10303),(#10304,#10305,
#10306,#10307,#10308,#10309,#10310),(#10311,#10312,#10313,#10314,#10315,
#10316,#10317),(#10318,#10319,#10320,#10321,#10322,#10323,#10324),(#10325,
#10326,#10327,#10328,#10329,#10330,#10331),(#10332,#10333,#10334,#10335,
#10336,#10337,#10338),(#10339,#10340,#10341,#10342,#10343,#10344,#10345),
(#10346,#10347,#10348,#10349,#10350,#10351,#10352),(#10353,#10354,#10355,
#10356,#10357,#10358,#10359),(#10360,#10361,#10362,#10363,#10364,#10365,
#10366),(#10367,#10368,#10369,#10370,#10371,#10372,#10373),(#10374,#10375,
#10376,#10377,#10378,#10379,#10380),(#10381,#10382,#10383,#10384,#10385,
#10386,#10387),(#10388,#10389,#10390,#10391,#10392,#10393,#10394),(#10395,
#10396,#10397,#10398,#10399,#10400,#10401),(#10402,#10403,#10404,#10405,
#10406,#10407,#10408),(#10409,#10410,#10411,#10412,#10413,#10414,#10415),
(#10416,#10417,#10418,#10419,#10420,#10421,#10422),(#10423,#10424,#10425,
#10426,#10427,#10428,#10429),(#10430,#10431,#10432,#10433,#10434,#10435,
#10436),(#10437,#10438,#10439,#10440,#10441,#10442,#10443),(#10444,#10445,
#10446,#10447,#10448,#10449,#10450),(#10451,#10452,#10453,#10454,#10455,
#10456,#10457),(#10458,#10459,#10460,#10461,#10462,#10463,#10464),(#10465,
#10466,#10467,#10468,#10469,#10470,#10471),(#10472,#10473,#10474,#10475,
#10476,#10477,#10478),(#10479,#10480,#10481,#10482,#10483,#10484,#10485),
(#10486,#10487,#10488,#10489,#10490,#10491,#10492)),.RULED_SURF.,.F.,.F.,
 .F.,(4,1,1,1,1,1,1,1,1,1,1,1,1,1,1,1,1,1,1,1,1,1,1,1,1,1,1,1,1,1,1,1,1,
1,1,1,1,1,1,1,1,1,1,1,1,1,1,1,1,1,1,1,1,4),(4,1,1,1,4),(0.,0.0666709477937893,
0.0971114948097908,0.125670499973543,0.152378892826796,0.177263817057352,
0.200349043204901,0.221655178502722,0.241200126086685,0.258999018348949,
0.275064993287556,0.289409295333864,0.302041443159399,0.312969517725138,
0.322200686893477,0.32974125396557,0.335597080739302,0.339773453839971,
0.346802247860505,0.355914583644771,0.37328937856233,0.389823573263555,
0.406047242306744,0.422810677658761,0.441336412136177,0.462713111172564,
0.479074740167295,0.520925259832705,0.537286888827436,0.558663587863823,
0.577189322341239,0.593952757693255,0.610176426736444,0.62671062143767,
0.644085416355229,0.653197752139495,0.660226546160029,0.664402919260698,
0.67025874603443,0.677799313106523,0.687030482274861,0.697958556840601,
0.710590704666137,0.724935006712444,0.741000981651051,0.758799873913314,
0.778344821497279,0.799650956795099,0.822736182942648,0.847621107173205,
0.874329500026457,0.902888505190209,0.933329052206211,1.),(0.278058591324139,
0.285714285714286,0.428571428571429,0.571428571428571,0.651705045482977),
 .UNSPECIFIED.);
#39=B_SPLINE_SURFACE_WITH_KNOTS('',3,3,((#10511,#10512,#10513,#10514,#10515,
#10516,#10517),(#10518,#10519,#10520,#10521,#10522,#10523,#10524),(#10525,
#10526,#10527,#10528,#10529,#10530,#10531),(#10532,#10533,#10534,#10535,
#10536,#10537,#10538),(#10539,#10540,#10541,#10542,#10543,#10544,#10545),
(#10546,#10547,#10548,#10549,#10550,#10551,#10552),(#10553,#10554,#10555,
#10556,#10557,#10558,#10559),(#10560,#10561,#10562,#10563,#10564,#10565,
#10566),(#10567,#10568,#10569,#10570,#10571,#10572,#10573),(#10574,#10575,
#10576,#10577,#10578,#10579,#10580),(#10581,#10582,#10583,#10584,#10585,
#10586,#10587),(#10588,#10589,#10590,#10591,#10592,#10593,#10594),(#10595,
#10596,#10597,#10598,#10599,#10600,#10601),(#10602,#10603,#10604,#10605,
#10606,#10607,#10608),(#10609,#10610,#10611,#10612,#10613,#10614,#10615),
(#10616,#10617,#10618,#10619,#10620,#10621,#10622),(#10623,#10624,#10625,
#10626,#10627,#10628,#10629),(#10630,#10631,#10632,#10633,#10634,#10635,
#10636),(#10637,#10638,#10639,#10640,#10641,#10642,#10643),(#10644,#10645,
#10646,#10647,#10648,#10649,#10650),(#10651,#10652,#10653,#10654,#10655,
#10656,#10657),(#10658,#10659,#10660,#10661,#10662,#10663,#10664),(#10665,
#10666,#10667,#10668,#10669,#10670,#10671),(#10672,#10673,#10674,#10675,
#10676,#10677,#10678),(#10679,#10680,#10681,#10682,#10683,#10684,#10685),
(#10686,#10687,#10688,#10689,#10690,#10691,#10692),(#10693,#10694,#10695,
#10696,#10697,#10698,#10699),(#10700,#10701,#10702,#10703,#10704,#10705,
#10706),(#10707,#10708,#10709,#10710,#10711,#10712,#10713),(#10714,#10715,
#10716,#10717,#10718,#10719,#10720),(#10721,#10722,#10723,#10724,#10725,
#10726,#10727),(#10728,#10729,#10730,#10731,#10732,#10733,#10734),(#10735,
#10736,#10737,#10738,#10739,#10740,#10741),(#10742,#10743,#10744,#10745,
#10746,#10747,#10748),(#10749,#10750,#10751,#10752,#10753,#10754,#10755),
(#10756,#10757,#10758,#10759,#10760,#10761,#10762),(#10763,#10764,#10765,
#10766,#10767,#10768,#10769),(#10770,#10771,#10772,#10773,#10774,#10775,
#10776),(#10777,#10778,#10779,#10780,#10781,#10782,#10783),(#10784,#10785,
#10786,#10787,#10788,#10789,#10790),(#10791,#10792,#10793,#10794,#10795,
#10796,#10797),(#10798,#10799,#10800,#10801,#10802,#10803,#10804),(#10805,
#10806,#10807,#10808,#10809,#10810,#10811),(#10812,#10813,#10814,#10815,
#10816,#10817,#10818),(#10819,#10820,#10821,#10822,#10823,#10824,#10825),
(#10826,#10827,#10828,#10829,#10830,#10831,#10832),(#10833,#10834,#10835,
#10836,#10837,#10838,#10839),(#10840,#10841,#10842,#10843,#10844,#10845,
#10846),(#10847,#10848,#10849,#10850,#10851,#10852,#10853),(#10854,#10855,
#10856,#10857,#10858,#10859,#10860),(#10861,#10862,#10863,#10864,#10865,
#10866,#10867),(#10868,#10869,#10870,#10871,#10872,#10873,#10874),(#10875,
#10876,#10877,#10878,#10879,#10880,#10881),(#10882,#10883,#10884,#10885,
#10886,#10887,#10888),(#10889,#10890,#10891,#10892,#10893,#10894,#10895),
(#10896,#10897,#10898,#10899,#10900,#10901,#10902)),.RULED_SURF.,.F.,.F.,
 .F.,(4,1,1,1,1,1,1,1,1,1,1,1,1,1,1,1,1,1,1,1,1,1,1,1,1,1,1,1,1,1,1,1,1,
1,1,1,1,1,1,1,1,1,1,1,1,1,1,1,1,1,1,1,1,4),(4,1,1,1,4),(0.,0.0666709477937893,
0.0971114948097908,0.125670499973543,0.152378892826796,0.177263817057352,
0.200349043204901,0.221655178502722,0.241200126086685,0.258999018348949,
0.275064993287556,0.289409295333864,0.302041443159399,0.312969517725138,
0.322200686893477,0.32974125396557,0.335597080739302,0.339773453839971,
0.346802247860505,0.355914583644771,0.37328937856233,0.389823573263555,
0.406047242306744,0.422810677658761,0.441336412136177,0.462713111172564,
0.479074740167295,0.520925259832705,0.537286888827436,0.558663587863823,
0.577189322341239,0.593952757693255,0.610176426736444,0.62671062143767,
0.644085416355229,0.653197752139495,0.660226546160029,0.664402919260698,
0.67025874603443,0.677799313106523,0.687030482274861,0.697958556840601,
0.710590704666137,0.724935006712444,0.741000981651051,0.758799873913314,
0.778344821497279,0.799650956795099,0.822736182942648,0.847621107173205,
0.874329500026457,0.902888505190209,0.933329052206211,1.),(0.27805859132414,
0.285714285714286,0.428571428571429,0.571428571428571,0.651705045482956),
 .UNSPECIFIED.);
#40=PLANE('',#1358);
#41=PLANE('',#1360);
#42=PLANE('',#1365);
#43=PLANE('',#1367);
#44=PLANE('',#1369);
#45=PLANE('',#1371);
#46=PLANE('',#1373);
#47=PLANE('',#1375);
#48=PLANE('',#1377);
#49=PLANE('',#1379);
#50=PLANE('',#1381);
#51=PLANE('',#1383);
#52=PLANE('',#1385);
#53=PLANE('',#1387);
#54=PLANE('',#1389);
#55=PLANE('',#1391);
#56=PLANE('',#1393);
#57=PLANE('',#1395);
#58=PLANE('',#1397);
#59=PLANE('',#1399);
#60=PLANE('',#1401);
#61=PLANE('',#1403);
#62=TOROIDAL_SURFACE('',#1348,0.0095,0.001);
#63=DEGENERATE_TOROIDAL_SURFACE('',#1342,0.00176924087457049,0.0250000000000014,
 .T.);
#64=CYLINDRICAL_SURFACE('',#1339,0.0135);
#65=CYLINDRICAL_SURFACE('',#1344,0.00075);
#66=CYLINDRICAL_SURFACE('',#1345,0.00075);
#67=CYLINDRICAL_SURFACE('',#1346,0.00075);
#68=CYLINDRICAL_SURFACE('',#1347,0.00075);
#69=CYLINDRICAL_SURFACE('',#1350,0.0096);
#70=CYLINDRICAL_SURFACE('',#1351,0.0096);
#71=CYLINDRICAL_SURFACE('',#1352,0.0096);
#72=CYLINDRICAL_SURFACE('',#1353,0.0096);
#73=CYLINDRICAL_SURFACE('',#1354,0.0116);
#74=CYLINDRICAL_SURFACE('',#1356,0.0085);
#75=CYLINDRICAL_SURFACE('',#1364,0.0062);
#76=CIRCLE('',#1318,0.0152190917430066);
#77=CIRCLE('',#1319,0.0152190917430066);
#78=CIRCLE('',#1320,0.0152190917430066);
#79=CIRCLE('',#1321,0.0152190917430066);
#80=CIRCLE('',#1322,0.0152190917430066);
#81=CIRCLE('',#1323,0.0152190917430066);
#82=CIRCLE('',#1324,0.0152190917430066);
#83=CIRCLE('',#1325,0.0152190917430066);
#84=CIRCLE('',#1326,0.0152190917430066);
#85=CIRCLE('',#1327,0.0152190917430066);
#86=CIRCLE('',#1328,0.0152190917430066);
#87=CIRCLE('',#1329,0.0152190917430066);
#88=CIRCLE('',#1330,0.0152190917430066);
#89=CIRCLE('',#1331,0.0152190917430066);
#90=CIRCLE('',#1332,0.0152190917430066);
#91=CIRCLE('',#1333,0.0152190917430066);
#92=CIRCLE('',#1334,0.0152190917430066);
#93=CIRCLE('',#1335,0.0152190917430066);
#94=CIRCLE('',#1336,0.0152190917430066);
#95=CIRCLE('',#1337,0.0152190917430066);
#96=CIRCLE('',#1338,0.0116);
#97=CIRCLE('',#1340,0.0135);
#98=CIRCLE('',#1341,0.0135);
#99=CIRCLE('',#1343,0.00920266311056042);
#100=CIRCLE('',#1349,0.0085);
#101=CIRCLE('',#1355,0.0116);
#102=CIRCLE('',#1357,0.0085);
#103=CIRCLE('',#1359,0.011);
#104=CIRCLE('',#1361,0.0062);
#105=CIRCLE('',#1363,0.0062);
#106=CIRCLE('',#1366,0.0153345152666715);
#107=CIRCLE('',#1368,0.0153345152666715);
#108=CIRCLE('',#1370,0.0153345152666715);
#109=CIRCLE('',#1372,0.0153345152666715);
#110=CIRCLE('',#1374,0.0153345152666715);
#111=CIRCLE('',#1376,0.0153345152666715);
#112=CIRCLE('',#1378,0.0153345152666715);
#113=CIRCLE('',#1380,0.0153345152666715);
#114=CIRCLE('',#1382,0.0153345152666715);
#115=CIRCLE('',#1384,0.0153345152666715);
#116=CIRCLE('',#1386,0.0153345152666715);
#117=CIRCLE('',#1388,0.0153345152666715);
#118=CIRCLE('',#1390,0.0153345152666715);
#119=CIRCLE('',#1392,0.0153345152666715);
#120=CIRCLE('',#1394,0.0153345152666715);
#121=CIRCLE('',#1396,0.0153345152666715);
#122=CIRCLE('',#1398,0.0153345152666715);
#123=CIRCLE('',#1400,0.0153345152666715);
#124=CIRCLE('',#1402,0.0153345152666715);
#125=CIRCLE('',#1404,0.0153345152666715);
#126=CIRCLE('',#1406,0.0186431972201573);
#127=CIRCLE('',#1408,0.0186431972201573);
#128=CIRCLE('',#1410,0.0186431972201573);
#129=CIRCLE('',#1412,0.0186431972201573);
#130=CIRCLE('',#1414,0.0186431972201573);
#131=CIRCLE('',#1416,0.0186431972201573);
#132=CIRCLE('',#1418,0.0186431972201573);
#133=CIRCLE('',#1420,0.0186431972201573);
#134=CIRCLE('',#1422,0.0186431972201573);
#135=CIRCLE('',#1424,0.0186431972201573);
#136=CIRCLE('',#1426,0.0186431972201573);
#137=CIRCLE('',#1428,0.0186431972201573);
#138=CIRCLE('',#1430,0.0186431972201573);
#139=CIRCLE('',#1432,0.0186431972201573);
#140=CIRCLE('',#1434,0.0186431972201573);
#141=CIRCLE('',#1436,0.0186431972201573);
#142=CIRCLE('',#1438,0.0186431972201573);
#143=CIRCLE('',#1440,0.0186431972201573);
#144=CIRCLE('',#1442,0.0186431972201573);
#145=CIRCLE('',#1444,0.0186431972201573);
#146=ORIENTED_EDGE('',*,*,#542,.T.);
#147=ORIENTED_EDGE('',*,*,#543,.T.);
#148=ORIENTED_EDGE('',*,*,#544,.T.);
#149=ORIENTED_EDGE('',*,*,#545,.T.);
#150=ORIENTED_EDGE('',*,*,#546,.T.);
#151=ORIENTED_EDGE('',*,*,#547,.T.);
#152=ORIENTED_EDGE('',*,*,#548,.T.);
#153=ORIENTED_EDGE('',*,*,#549,.T.);
#154=ORIENTED_EDGE('',*,*,#550,.T.);
#155=ORIENTED_EDGE('',*,*,#551,.T.);
#156=ORIENTED_EDGE('',*,*,#552,.T.);
#157=ORIENTED_EDGE('',*,*,#553,.T.);
#158=ORIENTED_EDGE('',*,*,#554,.T.);
#159=ORIENTED_EDGE('',*,*,#555,.T.);
#160=ORIENTED_EDGE('',*,*,#556,.T.);
#161=ORIENTED_EDGE('',*,*,#557,.T.);
#162=ORIENTED_EDGE('',*,*,#558,.T.);
#163=ORIENTED_EDGE('',*,*,#559,.T.);
#164=ORIENTED_EDGE('',*,*,#560,.T.);
#165=ORIENTED_EDGE('',*,*,#561,.T.);
#166=ORIENTED_EDGE('',*,*,#562,.T.);
#167=ORIENTED_EDGE('',*,*,#563,.T.);
#168=ORIENTED_EDGE('',*,*,#564,.T.);
#169=ORIENTED_EDGE('',*,*,#565,.T.);
#170=ORIENTED_EDGE('',*,*,#566,.T.);
#171=ORIENTED_EDGE('',*,*,#567,.T.);
#172=ORIENTED_EDGE('',*,*,#568,.T.);
#173=ORIENTED_EDGE('',*,*,#569,.T.);
#174=ORIENTED_EDGE('',*,*,#570,.T.);
#175=ORIENTED_EDGE('',*,*,#571,.T.);
#176=ORIENTED_EDGE('',*,*,#572,.T.);
#177=ORIENTED_EDGE('',*,*,#573,.T.);
#178=ORIENTED_EDGE('',*,*,#574,.T.);
#179=ORIENTED_EDGE('',*,*,#575,.T.);
#180=ORIENTED_EDGE('',*,*,#576,.T.);
#181=ORIENTED_EDGE('',*,*,#577,.T.);
#182=ORIENTED_EDGE('',*,*,#578,.T.);
#183=ORIENTED_EDGE('',*,*,#579,.T.);
#184=ORIENTED_EDGE('',*,*,#580,.T.);
#185=ORIENTED_EDGE('',*,*,#581,.T.);
#186=ORIENTED_EDGE('',*,*,#582,.T.);
#187=ORIENTED_EDGE('',*,*,#583,.T.);
#188=ORIENTED_EDGE('',*,*,#584,.T.);
#189=ORIENTED_EDGE('',*,*,#585,.T.);
#190=ORIENTED_EDGE('',*,*,#586,.T.);
#191=ORIENTED_EDGE('',*,*,#587,.T.);
#192=ORIENTED_EDGE('',*,*,#588,.F.);
#193=ORIENTED_EDGE('',*,*,#583,.F.);
#194=ORIENTED_EDGE('',*,*,#589,.T.);
#195=ORIENTED_EDGE('',*,*,#590,.F.);
#196=ORIENTED_EDGE('',*,*,#584,.F.);
#197=ORIENTED_EDGE('',*,*,#591,.F.);
#198=ORIENTED_EDGE('',*,*,#585,.F.);
#199=ORIENTED_EDGE('',*,*,#592,.F.);
#200=ORIENTED_EDGE('',*,*,#586,.F.);
#201=ORIENTED_EDGE('',*,*,#593,.F.);
#202=ORIENTED_EDGE('',*,*,#587,.F.);
#203=ORIENTED_EDGE('',*,*,#589,.F.);
#204=ORIENTED_EDGE('',*,*,#594,.F.);
#205=ORIENTED_EDGE('',*,*,#590,.T.);
#206=ORIENTED_EDGE('',*,*,#591,.T.);
#207=ORIENTED_EDGE('',*,*,#592,.T.);
#208=ORIENTED_EDGE('',*,*,#593,.T.);
#209=ORIENTED_EDGE('',*,*,#595,.F.);
#210=ORIENTED_EDGE('',*,*,#582,.F.);
#211=ORIENTED_EDGE('',*,*,#594,.T.);
#212=ORIENTED_EDGE('',*,*,#596,.T.);
#213=ORIENTED_EDGE('',*,*,#597,.T.);
#214=ORIENTED_EDGE('',*,*,#595,.T.);
#215=ORIENTED_EDGE('',*,*,#596,.F.);
#216=ORIENTED_EDGE('',*,*,#598,.T.);
#217=ORIENTED_EDGE('',*,*,#597,.F.);
#218=ORIENTED_EDGE('',*,*,#599,.F.);
#219=ORIENTED_EDGE('',*,*,#598,.F.);
#220=ORIENTED_EDGE('',*,*,#599,.T.);
#221=ORIENTED_EDGE('',*,*,#600,.T.);
#222=ORIENTED_EDGE('',*,*,#545,.F.);
#223=ORIENTED_EDGE('',*,*,#601,.T.);
#224=ORIENTED_EDGE('',*,*,#602,.T.);
#225=ORIENTED_EDGE('',*,*,#603,.T.);
#226=ORIENTED_EDGE('',*,*,#547,.F.);
#227=ORIENTED_EDGE('',*,*,#604,.T.);
#228=ORIENTED_EDGE('',*,*,#605,.T.);
#229=ORIENTED_EDGE('',*,*,#606,.T.);
#230=ORIENTED_EDGE('',*,*,#549,.F.);
#231=ORIENTED_EDGE('',*,*,#607,.T.);
#232=ORIENTED_EDGE('',*,*,#608,.T.);
#233=ORIENTED_EDGE('',*,*,#609,.T.);
#234=ORIENTED_EDGE('',*,*,#551,.F.);
#235=ORIENTED_EDGE('',*,*,#610,.T.);
#236=ORIENTED_EDGE('',*,*,#611,.T.);
#237=ORIENTED_EDGE('',*,*,#612,.T.);
#238=ORIENTED_EDGE('',*,*,#553,.F.);
#239=ORIENTED_EDGE('',*,*,#613,.T.);
#240=ORIENTED_EDGE('',*,*,#614,.T.);
#241=ORIENTED_EDGE('',*,*,#615,.T.);
#242=ORIENTED_EDGE('',*,*,#555,.F.);
#243=ORIENTED_EDGE('',*,*,#616,.T.);
#244=ORIENTED_EDGE('',*,*,#617,.T.);
#245=ORIENTED_EDGE('',*,*,#618,.T.);
#246=ORIENTED_EDGE('',*,*,#557,.F.);
#247=ORIENTED_EDGE('',*,*,#619,.T.);
#248=ORIENTED_EDGE('',*,*,#620,.T.);
#249=ORIENTED_EDGE('',*,*,#621,.T.);
#250=ORIENTED_EDGE('',*,*,#559,.F.);
#251=ORIENTED_EDGE('',*,*,#622,.T.);
#252=ORIENTED_EDGE('',*,*,#623,.T.);
#253=ORIENTED_EDGE('',*,*,#624,.T.);
#254=ORIENTED_EDGE('',*,*,#561,.F.);
#255=ORIENTED_EDGE('',*,*,#625,.T.);
#256=ORIENTED_EDGE('',*,*,#626,.T.);
#257=ORIENTED_EDGE('',*,*,#627,.T.);
#258=ORIENTED_EDGE('',*,*,#563,.F.);
#259=ORIENTED_EDGE('',*,*,#628,.T.);
#260=ORIENTED_EDGE('',*,*,#629,.T.);
#261=ORIENTED_EDGE('',*,*,#630,.T.);
#262=ORIENTED_EDGE('',*,*,#565,.F.);
#263=ORIENTED_EDGE('',*,*,#631,.T.);
#264=ORIENTED_EDGE('',*,*,#632,.T.);
#265=ORIENTED_EDGE('',*,*,#633,.T.);
#266=ORIENTED_EDGE('',*,*,#567,.F.);
#267=ORIENTED_EDGE('',*,*,#634,.T.);
#268=ORIENTED_EDGE('',*,*,#635,.T.);
#269=ORIENTED_EDGE('',*,*,#636,.T.);
#270=ORIENTED_EDGE('',*,*,#569,.F.);
#271=ORIENTED_EDGE('',*,*,#637,.T.);
#272=ORIENTED_EDGE('',*,*,#638,.T.);
#273=ORIENTED_EDGE('',*,*,#639,.T.);
#274=ORIENTED_EDGE('',*,*,#571,.F.);
#275=ORIENTED_EDGE('',*,*,#640,.T.);
#276=ORIENTED_EDGE('',*,*,#641,.T.);
#277=ORIENTED_EDGE('',*,*,#642,.T.);
#278=ORIENTED_EDGE('',*,*,#573,.F.);
#279=ORIENTED_EDGE('',*,*,#643,.T.);
#280=ORIENTED_EDGE('',*,*,#644,.T.);
#281=ORIENTED_EDGE('',*,*,#645,.T.);
#282=ORIENTED_EDGE('',*,*,#575,.F.);
#283=ORIENTED_EDGE('',*,*,#646,.T.);
#284=ORIENTED_EDGE('',*,*,#647,.T.);
#285=ORIENTED_EDGE('',*,*,#648,.T.);
#286=ORIENTED_EDGE('',*,*,#577,.F.);
#287=ORIENTED_EDGE('',*,*,#649,.T.);
#288=ORIENTED_EDGE('',*,*,#650,.T.);
#289=ORIENTED_EDGE('',*,*,#651,.T.);
#290=ORIENTED_EDGE('',*,*,#579,.F.);
#291=ORIENTED_EDGE('',*,*,#652,.T.);
#292=ORIENTED_EDGE('',*,*,#653,.T.);
#293=ORIENTED_EDGE('',*,*,#654,.T.);
#294=ORIENTED_EDGE('',*,*,#581,.F.);
#295=ORIENTED_EDGE('',*,*,#655,.T.);
#296=ORIENTED_EDGE('',*,*,#656,.T.);
#297=ORIENTED_EDGE('',*,*,#657,.T.);
#298=ORIENTED_EDGE('',*,*,#543,.F.);
#299=ORIENTED_EDGE('',*,*,#658,.T.);
#300=ORIENTED_EDGE('',*,*,#659,.T.);
#301=ORIENTED_EDGE('',*,*,#660,.F.);
#302=ORIENTED_EDGE('',*,*,#661,.T.);
#303=ORIENTED_EDGE('',*,*,#659,.F.);
#304=ORIENTED_EDGE('',*,*,#662,.T.);
#305=ORIENTED_EDGE('',*,*,#663,.F.);
#306=ORIENTED_EDGE('',*,*,#664,.T.);
#307=ORIENTED_EDGE('',*,*,#602,.F.);
#308=ORIENTED_EDGE('',*,*,#665,.T.);
#309=ORIENTED_EDGE('',*,*,#666,.F.);
#310=ORIENTED_EDGE('',*,*,#665,.F.);
#311=ORIENTED_EDGE('',*,*,#601,.F.);
#312=ORIENTED_EDGE('',*,*,#544,.F.);
#313=ORIENTED_EDGE('',*,*,#657,.F.);
#314=ORIENTED_EDGE('',*,*,#661,.F.);
#315=ORIENTED_EDGE('',*,*,#667,.F.);
#316=ORIENTED_EDGE('',*,*,#668,.T.);
#317=ORIENTED_EDGE('',*,*,#605,.F.);
#318=ORIENTED_EDGE('',*,*,#669,.T.);
#319=ORIENTED_EDGE('',*,*,#670,.F.);
#320=ORIENTED_EDGE('',*,*,#669,.F.);
#321=ORIENTED_EDGE('',*,*,#604,.F.);
#322=ORIENTED_EDGE('',*,*,#546,.F.);
#323=ORIENTED_EDGE('',*,*,#600,.F.);
#324=ORIENTED_EDGE('',*,*,#664,.F.);
#325=ORIENTED_EDGE('',*,*,#671,.F.);
#326=ORIENTED_EDGE('',*,*,#672,.T.);
#327=ORIENTED_EDGE('',*,*,#608,.F.);
#328=ORIENTED_EDGE('',*,*,#673,.T.);
#329=ORIENTED_EDGE('',*,*,#674,.F.);
#330=ORIENTED_EDGE('',*,*,#673,.F.);
#331=ORIENTED_EDGE('',*,*,#607,.F.);
#332=ORIENTED_EDGE('',*,*,#548,.F.);
#333=ORIENTED_EDGE('',*,*,#603,.F.);
#334=ORIENTED_EDGE('',*,*,#668,.F.);
#335=ORIENTED_EDGE('',*,*,#675,.F.);
#336=ORIENTED_EDGE('',*,*,#676,.T.);
#337=ORIENTED_EDGE('',*,*,#611,.F.);
#338=ORIENTED_EDGE('',*,*,#677,.T.);
#339=ORIENTED_EDGE('',*,*,#678,.F.);
#340=ORIENTED_EDGE('',*,*,#677,.F.);
#341=ORIENTED_EDGE('',*,*,#610,.F.);
#342=ORIENTED_EDGE('',*,*,#550,.F.);
#343=ORIENTED_EDGE('',*,*,#606,.F.);
#344=ORIENTED_EDGE('',*,*,#672,.F.);
#345=ORIENTED_EDGE('',*,*,#679,.F.);
#346=ORIENTED_EDGE('',*,*,#680,.T.);
#347=ORIENTED_EDGE('',*,*,#614,.F.);
#348=ORIENTED_EDGE('',*,*,#681,.T.);
#349=ORIENTED_EDGE('',*,*,#682,.F.);
#350=ORIENTED_EDGE('',*,*,#681,.F.);
#351=ORIENTED_EDGE('',*,*,#613,.F.);
#352=ORIENTED_EDGE('',*,*,#552,.F.);
#353=ORIENTED_EDGE('',*,*,#609,.F.);
#354=ORIENTED_EDGE('',*,*,#676,.F.);
#355=ORIENTED_EDGE('',*,*,#683,.F.);
#356=ORIENTED_EDGE('',*,*,#684,.T.);
#357=ORIENTED_EDGE('',*,*,#617,.F.);
#358=ORIENTED_EDGE('',*,*,#685,.T.);
#359=ORIENTED_EDGE('',*,*,#686,.F.);
#360=ORIENTED_EDGE('',*,*,#685,.F.);
#361=ORIENTED_EDGE('',*,*,#616,.F.);
#362=ORIENTED_EDGE('',*,*,#554,.F.);
#363=ORIENTED_EDGE('',*,*,#612,.F.);
#364=ORIENTED_EDGE('',*,*,#680,.F.);
#365=ORIENTED_EDGE('',*,*,#687,.F.);
#366=ORIENTED_EDGE('',*,*,#688,.T.);
#367=ORIENTED_EDGE('',*,*,#620,.F.);
#368=ORIENTED_EDGE('',*,*,#689,.T.);
#369=ORIENTED_EDGE('',*,*,#690,.F.);
#370=ORIENTED_EDGE('',*,*,#689,.F.);
#371=ORIENTED_EDGE('',*,*,#619,.F.);
#372=ORIENTED_EDGE('',*,*,#556,.F.);
#373=ORIENTED_EDGE('',*,*,#615,.F.);
#374=ORIENTED_EDGE('',*,*,#684,.F.);
#375=ORIENTED_EDGE('',*,*,#691,.F.);
#376=ORIENTED_EDGE('',*,*,#692,.T.);
#377=ORIENTED_EDGE('',*,*,#623,.F.);
#378=ORIENTED_EDGE('',*,*,#693,.T.);
#379=ORIENTED_EDGE('',*,*,#694,.F.);
#380=ORIENTED_EDGE('',*,*,#693,.F.);
#381=ORIENTED_EDGE('',*,*,#622,.F.);
#382=ORIENTED_EDGE('',*,*,#558,.F.);
#383=ORIENTED_EDGE('',*,*,#618,.F.);
#384=ORIENTED_EDGE('',*,*,#688,.F.);
#385=ORIENTED_EDGE('',*,*,#695,.F.);
#386=ORIENTED_EDGE('',*,*,#696,.T.);
#387=ORIENTED_EDGE('',*,*,#626,.F.);
#388=ORIENTED_EDGE('',*,*,#697,.T.);
#389=ORIENTED_EDGE('',*,*,#698,.F.);
#390=ORIENTED_EDGE('',*,*,#697,.F.);
#391=ORIENTED_EDGE('',*,*,#625,.F.);
#392=ORIENTED_EDGE('',*,*,#560,.F.);
#393=ORIENTED_EDGE('',*,*,#621,.F.);
#394=ORIENTED_EDGE('',*,*,#692,.F.);
#395=ORIENTED_EDGE('',*,*,#699,.F.);
#396=ORIENTED_EDGE('',*,*,#700,.T.);
#397=ORIENTED_EDGE('',*,*,#629,.F.);
#398=ORIENTED_EDGE('',*,*,#701,.T.);
#399=ORIENTED_EDGE('',*,*,#702,.F.);
#400=ORIENTED_EDGE('',*,*,#701,.F.);
#401=ORIENTED_EDGE('',*,*,#628,.F.);
#402=ORIENTED_EDGE('',*,*,#562,.F.);
#403=ORIENTED_EDGE('',*,*,#624,.F.);
#404=ORIENTED_EDGE('',*,*,#696,.F.);
#405=ORIENTED_EDGE('',*,*,#703,.F.);
#406=ORIENTED_EDGE('',*,*,#704,.T.);
#407=ORIENTED_EDGE('',*,*,#632,.F.);
#408=ORIENTED_EDGE('',*,*,#705,.T.);
#409=ORIENTED_EDGE('',*,*,#706,.F.);
#410=ORIENTED_EDGE('',*,*,#705,.F.);
#411=ORIENTED_EDGE('',*,*,#631,.F.);
#412=ORIENTED_EDGE('',*,*,#564,.F.);
#413=ORIENTED_EDGE('',*,*,#627,.F.);
#414=ORIENTED_EDGE('',*,*,#700,.F.);
#415=ORIENTED_EDGE('',*,*,#707,.F.);
#416=ORIENTED_EDGE('',*,*,#708,.T.);
#417=ORIENTED_EDGE('',*,*,#635,.F.);
#418=ORIENTED_EDGE('',*,*,#709,.T.);
#419=ORIENTED_EDGE('',*,*,#710,.F.);
#420=ORIENTED_EDGE('',*,*,#709,.F.);
#421=ORIENTED_EDGE('',*,*,#634,.F.);
#422=ORIENTED_EDGE('',*,*,#566,.F.);
#423=ORIENTED_EDGE('',*,*,#630,.F.);
#424=ORIENTED_EDGE('',*,*,#704,.F.);
#425=ORIENTED_EDGE('',*,*,#711,.F.);
#426=ORIENTED_EDGE('',*,*,#712,.T.);
#427=ORIENTED_EDGE('',*,*,#638,.F.);
#428=ORIENTED_EDGE('',*,*,#713,.T.);
#429=ORIENTED_EDGE('',*,*,#714,.F.);
#430=ORIENTED_EDGE('',*,*,#713,.F.);
#431=ORIENTED_EDGE('',*,*,#637,.F.);
#432=ORIENTED_EDGE('',*,*,#568,.F.);
#433=ORIENTED_EDGE('',*,*,#633,.F.);
#434=ORIENTED_EDGE('',*,*,#708,.F.);
#435=ORIENTED_EDGE('',*,*,#715,.F.);
#436=ORIENTED_EDGE('',*,*,#716,.T.);
#437=ORIENTED_EDGE('',*,*,#641,.F.);
#438=ORIENTED_EDGE('',*,*,#717,.T.);
#439=ORIENTED_EDGE('',*,*,#718,.F.);
#440=ORIENTED_EDGE('',*,*,#717,.F.);
#441=ORIENTED_EDGE('',*,*,#640,.F.);
#442=ORIENTED_EDGE('',*,*,#570,.F.);
#443=ORIENTED_EDGE('',*,*,#636,.F.);
#444=ORIENTED_EDGE('',*,*,#712,.F.);
#445=ORIENTED_EDGE('',*,*,#719,.F.);
#446=ORIENTED_EDGE('',*,*,#720,.T.);
#447=ORIENTED_EDGE('',*,*,#644,.F.);
#448=ORIENTED_EDGE('',*,*,#721,.T.);
#449=ORIENTED_EDGE('',*,*,#722,.F.);
#450=ORIENTED_EDGE('',*,*,#721,.F.);
#451=ORIENTED_EDGE('',*,*,#643,.F.);
#452=ORIENTED_EDGE('',*,*,#572,.F.);
#453=ORIENTED_EDGE('',*,*,#639,.F.);
#454=ORIENTED_EDGE('',*,*,#716,.F.);
#455=ORIENTED_EDGE('',*,*,#723,.F.);
#456=ORIENTED_EDGE('',*,*,#724,.T.);
#457=ORIENTED_EDGE('',*,*,#647,.F.);
#458=ORIENTED_EDGE('',*,*,#725,.T.);
#459=ORIENTED_EDGE('',*,*,#726,.F.);
#460=ORIENTED_EDGE('',*,*,#725,.F.);
#461=ORIENTED_EDGE('',*,*,#646,.F.);
#462=ORIENTED_EDGE('',*,*,#574,.F.);
#463=ORIENTED_EDGE('',*,*,#642,.F.);
#464=ORIENTED_EDGE('',*,*,#720,.F.);
#465=ORIENTED_EDGE('',*,*,#727,.F.);
#466=ORIENTED_EDGE('',*,*,#728,.T.);
#467=ORIENTED_EDGE('',*,*,#650,.F.);
#468=ORIENTED_EDGE('',*,*,#729,.T.);
#469=ORIENTED_EDGE('',*,*,#730,.F.);
#470=ORIENTED_EDGE('',*,*,#729,.F.);
#471=ORIENTED_EDGE('',*,*,#649,.F.);
#472=ORIENTED_EDGE('',*,*,#576,.F.);
#473=ORIENTED_EDGE('',*,*,#645,.F.);
#474=ORIENTED_EDGE('',*,*,#724,.F.);
#475=ORIENTED_EDGE('',*,*,#731,.F.);
#476=ORIENTED_EDGE('',*,*,#732,.T.);
#477=ORIENTED_EDGE('',*,*,#653,.F.);
#478=ORIENTED_EDGE('',*,*,#733,.T.);
#479=ORIENTED_EDGE('',*,*,#734,.F.);
#480=ORIENTED_EDGE('',*,*,#733,.F.);
#481=ORIENTED_EDGE('',*,*,#652,.F.);
#482=ORIENTED_EDGE('',*,*,#578,.F.);
#483=ORIENTED_EDGE('',*,*,#648,.F.);
#484=ORIENTED_EDGE('',*,*,#728,.F.);
#485=ORIENTED_EDGE('',*,*,#735,.F.);
#486=ORIENTED_EDGE('',*,*,#736,.T.);
#487=ORIENTED_EDGE('',*,*,#656,.F.);
#488=ORIENTED_EDGE('',*,*,#737,.T.);
#489=ORIENTED_EDGE('',*,*,#738,.F.);
#490=ORIENTED_EDGE('',*,*,#737,.F.);
#491=ORIENTED_EDGE('',*,*,#655,.F.);
#492=ORIENTED_EDGE('',*,*,#580,.F.);
#493=ORIENTED_EDGE('',*,*,#651,.F.);
#494=ORIENTED_EDGE('',*,*,#732,.F.);
#495=ORIENTED_EDGE('',*,*,#739,.F.);
#496=ORIENTED_EDGE('',*,*,#662,.F.);
#497=ORIENTED_EDGE('',*,*,#658,.F.);
#498=ORIENTED_EDGE('',*,*,#542,.F.);
#499=ORIENTED_EDGE('',*,*,#654,.F.);
#500=ORIENTED_EDGE('',*,*,#736,.F.);
#501=ORIENTED_EDGE('',*,*,#588,.T.);
#502=ORIENTED_EDGE('',*,*,#699,.T.);
#503=ORIENTED_EDGE('',*,*,#702,.T.);
#504=ORIENTED_EDGE('',*,*,#695,.T.);
#505=ORIENTED_EDGE('',*,*,#698,.T.);
#506=ORIENTED_EDGE('',*,*,#691,.T.);
#507=ORIENTED_EDGE('',*,*,#694,.T.);
#508=ORIENTED_EDGE('',*,*,#687,.T.);
#509=ORIENTED_EDGE('',*,*,#690,.T.);
#510=ORIENTED_EDGE('',*,*,#683,.T.);
#511=ORIENTED_EDGE('',*,*,#686,.T.);
#512=ORIENTED_EDGE('',*,*,#679,.T.);
#513=ORIENTED_EDGE('',*,*,#682,.T.);
#514=ORIENTED_EDGE('',*,*,#675,.T.);
#515=ORIENTED_EDGE('',*,*,#678,.T.);
#516=ORIENTED_EDGE('',*,*,#671,.T.);
#517=ORIENTED_EDGE('',*,*,#674,.T.);
#518=ORIENTED_EDGE('',*,*,#667,.T.);
#519=ORIENTED_EDGE('',*,*,#670,.T.);
#520=ORIENTED_EDGE('',*,*,#663,.T.);
#521=ORIENTED_EDGE('',*,*,#666,.T.);
#522=ORIENTED_EDGE('',*,*,#660,.T.);
#523=ORIENTED_EDGE('',*,*,#739,.T.);
#524=ORIENTED_EDGE('',*,*,#735,.T.);
#525=ORIENTED_EDGE('',*,*,#738,.T.);
#526=ORIENTED_EDGE('',*,*,#731,.T.);
#527=ORIENTED_EDGE('',*,*,#734,.T.);
#528=ORIENTED_EDGE('',*,*,#727,.T.);
#529=ORIENTED_EDGE('',*,*,#730,.T.);
#530=ORIENTED_EDGE('',*,*,#723,.T.);
#531=ORIENTED_EDGE('',*,*,#726,.T.);
#532=ORIENTED_EDGE('',*,*,#719,.T.);
#533=ORIENTED_EDGE('',*,*,#722,.T.);
#534=ORIENTED_EDGE('',*,*,#715,.T.);
#535=ORIENTED_EDGE('',*,*,#718,.T.);
#536=ORIENTED_EDGE('',*,*,#711,.T.);
#537=ORIENTED_EDGE('',*,*,#714,.T.);
#538=ORIENTED_EDGE('',*,*,#707,.T.);
#539=ORIENTED_EDGE('',*,*,#710,.T.);
#540=ORIENTED_EDGE('',*,*,#703,.T.);
#541=ORIENTED_EDGE('',*,*,#706,.T.);
#542=EDGE_CURVE('',#740,#741,#878,.T.);
#543=EDGE_CURVE('',#741,#742,#76,.T.);
#544=EDGE_CURVE('',#742,#743,#879,.T.);
#545=EDGE_CURVE('',#743,#744,#77,.T.);
#546=EDGE_CURVE('',#744,#745,#880,.T.);
#547=EDGE_CURVE('',#745,#746,#78,.T.);
#548=EDGE_CURVE('',#746,#747,#881,.T.);
#549=EDGE_CURVE('',#747,#748,#79,.T.);
#550=EDGE_CURVE('',#748,#749,#882,.T.);
#551=EDGE_CURVE('',#749,#750,#80,.T.);
#552=EDGE_CURVE('',#750,#751,#883,.T.);
#553=EDGE_CURVE('',#751,#752,#81,.T.);
#554=EDGE_CURVE('',#752,#753,#884,.T.);
#555=EDGE_CURVE('',#753,#754,#82,.T.);
#556=EDGE_CURVE('',#754,#755,#885,.T.);
#557=EDGE_CURVE('',#755,#756,#83,.T.);
#558=EDGE_CURVE('',#756,#757,#886,.T.);
#559=EDGE_CURVE('',#757,#758,#84,.T.);
#560=EDGE_CURVE('',#758,#759,#887,.T.);
#561=EDGE_CURVE('',#759,#760,#85,.T.);
#562=EDGE_CURVE('',#760,#761,#888,.T.);
#563=EDGE_CURVE('',#761,#762,#86,.T.);
#564=EDGE_CURVE('',#762,#763,#889,.T.);
#565=EDGE_CURVE('',#763,#764,#87,.T.);
#566=EDGE_CURVE('',#764,#765,#890,.T.);
#567=EDGE_CURVE('',#765,#766,#88,.T.);
#568=EDGE_CURVE('',#766,#767,#891,.T.);
#569=EDGE_CURVE('',#767,#768,#89,.T.);
#570=EDGE_CURVE('',#768,#769,#892,.T.);
#571=EDGE_CURVE('',#769,#770,#90,.T.);
#572=EDGE_CURVE('',#770,#771,#893,.T.);
#573=EDGE_CURVE('',#771,#772,#91,.T.);
#574=EDGE_CURVE('',#772,#773,#894,.T.);
#575=EDGE_CURVE('',#773,#774,#92,.T.);
#576=EDGE_CURVE('',#774,#775,#895,.T.);
#577=EDGE_CURVE('',#775,#776,#93,.T.);
#578=EDGE_CURVE('',#776,#777,#896,.T.);
#579=EDGE_CURVE('',#777,#778,#94,.T.);
#580=EDGE_CURVE('',#778,#779,#897,.T.);
#581=EDGE_CURVE('',#779,#740,#95,.T.);
#582=EDGE_CURVE('',#780,#780,#96,.F.);
#583=EDGE_CURVE('',#781,#781,#97,.T.);
#584=EDGE_CURVE('',#782,#782,#898,.T.);
#585=EDGE_CURVE('',#783,#783,#899,.T.);
#586=EDGE_CURVE('',#784,#784,#900,.T.);
#587=EDGE_CURVE('',#785,#785,#901,.T.);
#588=EDGE_CURVE('',#786,#786,#98,.T.);
#589=EDGE_CURVE('',#787,#787,#99,.T.);
#590=EDGE_CURVE('',#788,#788,#902,.T.);
#591=EDGE_CURVE('',#789,#789,#903,.T.);
#592=EDGE_CURVE('',#790,#790,#904,.T.);
#593=EDGE_CURVE('',#791,#791,#905,.T.);
#594=EDGE_CURVE('',#792,#792,#100,.F.);
#595=EDGE_CURVE('',#793,#793,#101,.T.);
#596=EDGE_CURVE('',#794,#794,#102,.T.);
#597=EDGE_CURVE('',#795,#795,#103,.F.);
#598=EDGE_CURVE('',#796,#796,#104,.T.);
#599=EDGE_CURVE('',#797,#797,#105,.T.);
#600=EDGE_CURVE('',#798,#744,#906,.T.);
#601=EDGE_CURVE('',#743,#799,#907,.T.);
#602=EDGE_CURVE('',#799,#798,#106,.T.);
#603=EDGE_CURVE('',#800,#746,#908,.T.);
#604=EDGE_CURVE('',#745,#801,#909,.T.);
#605=EDGE_CURVE('',#801,#800,#107,.T.);
#606=EDGE_CURVE('',#802,#748,#910,.T.);
#607=EDGE_CURVE('',#747,#803,#911,.T.);
#608=EDGE_CURVE('',#803,#802,#108,.T.);
#609=EDGE_CURVE('',#804,#750,#912,.T.);
#610=EDGE_CURVE('',#749,#805,#913,.T.);
#611=EDGE_CURVE('',#805,#804,#109,.T.);
#612=EDGE_CURVE('',#806,#752,#914,.T.);
#613=EDGE_CURVE('',#751,#807,#915,.T.);
#614=EDGE_CURVE('',#807,#806,#110,.T.);
#615=EDGE_CURVE('',#808,#754,#916,.T.);
#616=EDGE_CURVE('',#753,#809,#917,.T.);
#617=EDGE_CURVE('',#809,#808,#111,.T.);
#618=EDGE_CURVE('',#810,#756,#918,.T.);
#619=EDGE_CURVE('',#755,#811,#919,.T.);
#620=EDGE_CURVE('',#811,#810,#112,.T.);
#621=EDGE_CURVE('',#812,#758,#920,.T.);
#622=EDGE_CURVE('',#757,#813,#921,.T.);
#623=EDGE_CURVE('',#813,#812,#113,.T.);
#624=EDGE_CURVE('',#814,#760,#922,.T.);
#625=EDGE_CURVE('',#759,#815,#923,.T.);
#626=EDGE_CURVE('',#815,#814,#114,.T.);
#627=EDGE_CURVE('',#816,#762,#924,.T.);
#628=EDGE_CURVE('',#761,#817,#925,.T.);
#629=EDGE_CURVE('',#817,#816,#115,.T.);
#630=EDGE_CURVE('',#818,#764,#926,.T.);
#631=EDGE_CURVE('',#763,#819,#927,.T.);
#632=EDGE_CURVE('',#819,#818,#116,.T.);
#633=EDGE_CURVE('',#820,#766,#928,.T.);
#634=EDGE_CURVE('',#765,#821,#929,.T.);
#635=EDGE_CURVE('',#821,#820,#117,.T.);
#636=EDGE_CURVE('',#822,#768,#930,.T.);
#637=EDGE_CURVE('',#767,#823,#931,.T.);
#638=EDGE_CURVE('',#823,#822,#118,.T.);
#639=EDGE_CURVE('',#824,#770,#932,.T.);
#640=EDGE_CURVE('',#769,#825,#933,.T.);
#641=EDGE_CURVE('',#825,#824,#119,.T.);
#642=EDGE_CURVE('',#826,#772,#934,.T.);
#643=EDGE_CURVE('',#771,#827,#935,.T.);
#644=EDGE_CURVE('',#827,#826,#120,.T.);
#645=EDGE_CURVE('',#828,#774,#936,.T.);
#646=EDGE_CURVE('',#773,#829,#937,.T.);
#647=EDGE_CURVE('',#829,#828,#121,.T.);
#648=EDGE_CURVE('',#830,#776,#938,.T.);
#649=EDGE_CURVE('',#775,#831,#939,.T.);
#650=EDGE_CURVE('',#831,#830,#122,.T.);
#651=EDGE_CURVE('',#832,#778,#940,.T.);
#652=EDGE_CURVE('',#777,#833,#941,.T.);
#653=EDGE_CURVE('',#833,#832,#123,.T.);
#654=EDGE_CURVE('',#834,#740,#942,.T.);
#655=EDGE_CURVE('',#779,#835,#943,.T.);
#656=EDGE_CURVE('',#835,#834,#124,.T.);
#657=EDGE_CURVE('',#836,#742,#944,.T.);
#658=EDGE_CURVE('',#741,#837,#945,.T.);
#659=EDGE_CURVE('',#837,#836,#125,.T.);
#660=EDGE_CURVE('',#838,#839,#126,.F.);
#661=EDGE_CURVE('',#838,#836,#946,.T.);
#662=EDGE_CURVE('',#837,#839,#947,.T.);
#663=EDGE_CURVE('',#840,#841,#127,.F.);
#664=EDGE_CURVE('',#840,#798,#948,.T.);
#665=EDGE_CURVE('',#799,#841,#949,.T.);
#666=EDGE_CURVE('',#841,#838,#950,.T.);
#667=EDGE_CURVE('',#842,#843,#128,.F.);
#668=EDGE_CURVE('',#842,#800,#951,.T.);
#669=EDGE_CURVE('',#801,#843,#952,.T.);
#670=EDGE_CURVE('',#843,#840,#953,.T.);
#671=EDGE_CURVE('',#844,#845,#129,.F.);
#672=EDGE_CURVE('',#844,#802,#954,.T.);
#673=EDGE_CURVE('',#803,#845,#955,.T.);
#674=EDGE_CURVE('',#845,#842,#956,.T.);
#675=EDGE_CURVE('',#846,#847,#130,.F.);
#676=EDGE_CURVE('',#846,#804,#957,.T.);
#677=EDGE_CURVE('',#805,#847,#958,.T.);
#678=EDGE_CURVE('',#847,#844,#959,.T.);
#679=EDGE_CURVE('',#848,#849,#131,.F.);
#680=EDGE_CURVE('',#848,#806,#960,.T.);
#681=EDGE_CURVE('',#807,#849,#961,.T.);
#682=EDGE_CURVE('',#849,#846,#962,.T.);
#683=EDGE_CURVE('',#850,#851,#132,.F.);
#684=EDGE_CURVE('',#850,#808,#963,.T.);
#685=EDGE_CURVE('',#809,#851,#964,.T.);
#686=EDGE_CURVE('',#851,#848,#965,.T.);
#687=EDGE_CURVE('',#852,#853,#133,.F.);
#688=EDGE_CURVE('',#852,#810,#966,.T.);
#689=EDGE_CURVE('',#811,#853,#967,.T.);
#690=EDGE_CURVE('',#853,#850,#968,.T.);
#691=EDGE_CURVE('',#854,#855,#134,.F.);
#692=EDGE_CURVE('',#854,#812,#969,.T.);
#693=EDGE_CURVE('',#813,#855,#970,.T.);
#694=EDGE_CURVE('',#855,#852,#971,.T.);
#695=EDGE_CURVE('',#856,#857,#135,.F.);
#696=EDGE_CURVE('',#856,#814,#972,.T.);
#697=EDGE_CURVE('',#815,#857,#973,.T.);
#698=EDGE_CURVE('',#857,#854,#974,.T.);
#699=EDGE_CURVE('',#858,#859,#136,.F.);
#700=EDGE_CURVE('',#858,#816,#975,.T.);
#701=EDGE_CURVE('',#817,#859,#976,.T.);
#702=EDGE_CURVE('',#859,#856,#977,.T.);
#703=EDGE_CURVE('',#860,#861,#137,.F.);
#704=EDGE_CURVE('',#860,#818,#978,.T.);
#705=EDGE_CURVE('',#819,#861,#979,.T.);
#706=EDGE_CURVE('',#861,#858,#980,.T.);
#707=EDGE_CURVE('',#862,#863,#138,.F.);
#708=EDGE_CURVE('',#862,#820,#981,.T.);
#709=EDGE_CURVE('',#821,#863,#982,.T.);
#710=EDGE_CURVE('',#863,#860,#983,.T.);
#711=EDGE_CURVE('',#864,#865,#139,.F.);
#712=EDGE_CURVE('',#864,#822,#984,.T.);
#713=EDGE_CURVE('',#823,#865,#985,.T.);
#714=EDGE_CURVE('',#865,#862,#986,.T.);
#715=EDGE_CURVE('',#866,#867,#140,.F.);
#716=EDGE_CURVE('',#866,#824,#987,.T.);
#717=EDGE_CURVE('',#825,#867,#988,.T.);
#718=EDGE_CURVE('',#867,#864,#989,.T.);
#719=EDGE_CURVE('',#868,#869,#141,.F.);
#720=EDGE_CURVE('',#868,#826,#990,.T.);
#721=EDGE_CURVE('',#827,#869,#991,.T.);
#722=EDGE_CURVE('',#869,#866,#992,.T.);
#723=EDGE_CURVE('',#870,#871,#142,.F.);
#724=EDGE_CURVE('',#870,#828,#993,.T.);
#725=EDGE_CURVE('',#829,#871,#994,.T.);
#726=EDGE_CURVE('',#871,#868,#995,.T.);
#727=EDGE_CURVE('',#872,#873,#143,.F.);
#728=EDGE_CURVE('',#872,#830,#996,.T.);
#729=EDGE_CURVE('',#831,#873,#997,.T.);
#730=EDGE_CURVE('',#873,#870,#998,.T.);
#731=EDGE_CURVE('',#874,#875,#144,.F.);
#732=EDGE_CURVE('',#874,#832,#999,.T.);
#733=EDGE_CURVE('',#833,#875,#1000,.T.);
#734=EDGE_CURVE('',#875,#872,#1001,.T.);
#735=EDGE_CURVE('',#876,#877,#145,.F.);
#736=EDGE_CURVE('',#876,#834,#1002,.T.);
#737=EDGE_CURVE('',#835,#877,#1003,.T.);
#738=EDGE_CURVE('',#877,#874,#1004,.T.);
#739=EDGE_CURVE('',#839,#876,#1005,.T.);
#740=VERTEX_POINT('',#1725);
#741=VERTEX_POINT('',#1726);
#742=VERTEX_POINT('',#1728);
#743=VERTEX_POINT('',#1746);
#744=VERTEX_POINT('',#1748);
#745=VERTEX_POINT('',#1766);
#746=VERTEX_POINT('',#1768);
#747=VERTEX_POINT('',#1786);
#748=VERTEX_POINT('',#1788);
#749=VERTEX_POINT('',#1806);
#750=VERTEX_POINT('',#1808);
#751=VERTEX_POINT('',#1826);
#752=VERTEX_POINT('',#1828);
#753=VERTEX_POINT('',#1846);
#754=VERTEX_POINT('',#1848);
#755=VERTEX_POINT('',#1866);
#756=VERTEX_POINT('',#1868);
#757=VERTEX_POINT('',#1886);
#758=VERTEX_POINT('',#1888);
#759=VERTEX_POINT('',#1906);
#760=VERTEX_POINT('',#1908);
#761=VERTEX_POINT('',#1926);
#762=VERTEX_POINT('',#1928);
#763=VERTEX_POINT('',#1946);
#764=VERTEX_POINT('',#1948);
#765=VERTEX_POINT('',#1966);
#766=VERTEX_POINT('',#1968);
#767=VERTEX_POINT('',#1986);
#768=VERTEX_POINT('',#1988);
#769=VERTEX_POINT('',#2006);
#770=VERTEX_POINT('',#2008);
#771=VERTEX_POINT('',#2026);
#772=VERTEX_POINT('',#2028);
#773=VERTEX_POINT('',#2046);
#774=VERTEX_POINT('',#2048);
#775=VERTEX_POINT('',#2066);
#776=VERTEX_POINT('',#2068);
#777=VERTEX_POINT('',#2086);
#778=VERTEX_POINT('',#2088);
#779=VERTEX_POINT('',#2106);
#780=VERTEX_POINT('',#2109);
#781=VERTEX_POINT('',#2112);
#782=VERTEX_POINT('',#2124);
#783=VERTEX_POINT('',#2136);
#784=VERTEX_POINT('',#2148);
#785=VERTEX_POINT('',#2160);
#786=VERTEX_POINT('',#2162);
#787=VERTEX_POINT('',#2165);
#788=VERTEX_POINT('',#2178);
#789=VERTEX_POINT('',#2191);
#790=VERTEX_POINT('',#2204);
#791=VERTEX_POINT('',#2217);
#792=VERTEX_POINT('',#2220);
#793=VERTEX_POINT('',#2227);
#794=VERTEX_POINT('',#2230);
#795=VERTEX_POINT('',#2233);
#796=VERTEX_POINT('',#2236);
#797=VERTEX_POINT('',#2239);
#798=VERTEX_POINT('',#2246);
#799=VERTEX_POINT('',#2251);
#800=VERTEX_POINT('',#2258);
#801=VERTEX_POINT('',#2263);
#802=VERTEX_POINT('',#2270);
#803=VERTEX_POINT('',#2275);
#804=VERTEX_POINT('',#2282);
#805=VERTEX_POINT('',#2287);
#806=VERTEX_POINT('',#2294);
#807=VERTEX_POINT('',#2299);
#808=VERTEX_POINT('',#2306);
#809=VERTEX_POINT('',#2311);
#810=VERTEX_POINT('',#2318);
#811=VERTEX_POINT('',#2323);
#812=VERTEX_POINT('',#2330);
#813=VERTEX_POINT('',#2335);
#814=VERTEX_POINT('',#2342);
#815=VERTEX_POINT('',#2347);
#816=VERTEX_POINT('',#2354);
#817=VERTEX_POINT('',#2359);
#818=VERTEX_POINT('',#2366);
#819=VERTEX_POINT('',#2371);
#820=VERTEX_POINT('',#2378);
#821=VERTEX_POINT('',#2383);
#822=VERTEX_POINT('',#2390);
#823=VERTEX_POINT('',#2395);
#824=VERTEX_POINT('',#2402);
#825=VERTEX_POINT('',#2407);
#826=VERTEX_POINT('',#2414);
#827=VERTEX_POINT('',#2419);
#828=VERTEX_POINT('',#2426);
#829=VERTEX_POINT('',#2431);
#830=VERTEX_POINT('',#2438);
#831=VERTEX_POINT('',#2443);
#832=VERTEX_POINT('',#2450);
#833=VERTEX_POINT('',#2455);
#834=VERTEX_POINT('',#2462);
#835=VERTEX_POINT('',#2467);
#836=VERTEX_POINT('',#2474);
#837=VERTEX_POINT('',#2479);
#838=VERTEX_POINT('',#2483);
#839=VERTEX_POINT('',#2484);
#840=VERTEX_POINT('',#2495);
#841=VERTEX_POINT('',#2496);
#842=VERTEX_POINT('',#2917);
#843=VERTEX_POINT('',#2918);
#844=VERTEX_POINT('',#3339);
#845=VERTEX_POINT('',#3340);
#846=VERTEX_POINT('',#3761);
#847=VERTEX_POINT('',#3762);
#848=VERTEX_POINT('',#4183);
#849=VERTEX_POINT('',#4184);
#850=VERTEX_POINT('',#4605);
#851=VERTEX_POINT('',#4606);
#852=VERTEX_POINT('',#5027);
#853=VERTEX_POINT('',#5028);
#854=VERTEX_POINT('',#5449);
#855=VERTEX_POINT('',#5450);
#856=VERTEX_POINT('',#5871);
#857=VERTEX_POINT('',#5872);
#858=VERTEX_POINT('',#6293);
#859=VERTEX_POINT('',#6294);
#860=VERTEX_POINT('',#6715);
#861=VERTEX_POINT('',#6716);
#862=VERTEX_POINT('',#7137);
#863=VERTEX_POINT('',#7138);
#864=VERTEX_POINT('',#7559);
#865=VERTEX_POINT('',#7560);
#866=VERTEX_POINT('',#7981);
#867=VERTEX_POINT('',#7982);
#868=VERTEX_POINT('',#8403);
#869=VERTEX_POINT('',#8404);
#870=VERTEX_POINT('',#8825);
#871=VERTEX_POINT('',#8826);
#872=VERTEX_POINT('',#9247);
#873=VERTEX_POINT('',#9248);
#874=VERTEX_POINT('',#9669);
#875=VERTEX_POINT('',#9670);
#876=VERTEX_POINT('',#10091);
#877=VERTEX_POINT('',#10092);
#878=B_SPLINE_CURVE_WITH_KNOTS('',3,(#1708,#1709,#1710,#1711,#1712,#1713,
#1714,#1715,#1716,#1717,#1718,#1719,#1720,#1721,#1722,#1723,#1724),
 .UNSPECIFIED.,.F.,.F.,(4,1,1,1,1,1,1,1,1,1,1,1,1,1,4),(2.88487434801272E-18,
0.00090413608568372,0.00135620412852558,0.00180827217136744,0.0022603402142093,
0.00271240825705116,0.00316447629989301,0.00361654434273487,0.00406861238557673,
0.00452068042841859,0.00497274847126045,0.00542481651410231,0.00587688455694417,
0.00632895259978603,0.00723308868546974),.UNSPECIFIED.);
#879=B_SPLINE_CURVE_WITH_KNOTS('',3,(#1729,#1730,#1731,#1732,#1733,#1734,
#1735,#1736,#1737,#1738,#1739,#1740,#1741,#1742,#1743,#1744,#1745),
 .UNSPECIFIED.,.F.,.F.,(4,1,1,1,1,1,1,1,1,1,1,1,1,1,4),(3.05966079206356E-16,
0.00090413608568383,0.00135620412852559,0.00180827217136735,0.00226034021420912,
0.00271240825705088,0.00316447629989264,0.0036165443427344,0.00406861238557616,
0.00452068042841792,0.00497274847125969,0.00542481651410145,0.00587688455694321,
0.00632895259978497,0.00723308868546849),.UNSPECIFIED.);
#880=B_SPLINE_CURVE_WITH_KNOTS('',3,(#1749,#1750,#1751,#1752,#1753,#1754,
#1755,#1756,#1757,#1758,#1759,#1760,#1761,#1762,#1763,#1764,#1765),
 .UNSPECIFIED.,.F.,.F.,(4,1,1,1,1,1,1,1,1,1,1,1,1,1,4),(3.05465298939844E-16,
0.000904136085683841,0.00135620412852561,0.00180827217136738,0.00226034021420915,
0.00271240825705091,0.00316447629989268,0.00361654434273445,0.00406861238557622,
0.00452068042841799,0.00497274847125975,0.00542481651410152,0.00587688455694329,
0.00632895259978506,0.00723308868546859),.UNSPECIFIED.);
#881=B_SPLINE_CURVE_WITH_KNOTS('',3,(#1769,#1770,#1771,#1772,#1773,#1774,
#1775,#1776,#1777,#1778,#1779,#1780,#1781,#1782,#1783,#1784,#1785),
 .UNSPECIFIED.,.F.,.F.,(4,1,1,1,1,1,1,1,1,1,1,1,1,1,4),(3.00462919747432E-18,
0.00090413608568376,0.00135620412852564,0.00180827217136752,0.0022603402142094,
0.00271240825705127,0.00316447629989315,0.00361654434273503,0.00406861238557691,
0.00452068042841879,0.00497274847126067,0.00542481651410254,0.00587688455694442,
0.0063289525997863,0.00723308868547006),.UNSPECIFIED.);
#882=B_SPLINE_CURVE_WITH_KNOTS('',3,(#1789,#1790,#1791,#1792,#1793,#1794,
#1795,#1796,#1797,#1798,#1799,#1800,#1801,#1802,#1803,#1804,#1805),
 .UNSPECIFIED.,.F.,.F.,(4,1,1,1,1,1,1,1,1,1,1,1,1,1,4),(3.03850323392041E-16,
0.000904136085683804,0.00135620412852555,0.00180827217136731,0.00226034021420906,
0.00271240825705081,0.00316447629989256,0.00361654434273431,0.00406861238557606,
0.00452068042841781,0.00497274847125956,0.00542481651410131,0.00587688455694306,
0.00632895259978481,0.00723308868546831),.UNSPECIFIED.);
#883=B_SPLINE_CURVE_WITH_KNOTS('',3,(#1809,#1810,#1811,#1812,#1813,#1814,
#1815,#1816,#1817,#1818,#1819,#1820,#1821,#1822,#1823,#1824,#1825),
 .UNSPECIFIED.,.F.,.F.,(4,1,1,1,1,1,1,1,1,1,1,1,1,1,4),(3.06215624798512E-16,
0.000904136085683856,0.00135620412852563,0.0018082721713674,0.00226034021420918,
0.00271240825705095,0.00316447629989273,0.0036165443427345,0.00406861238557628,
0.00452068042841805,0.00497274847125983,0.0054248165141016,0.00587688455694338,
0.00632895259978515,0.0072330886854687),.UNSPECIFIED.);
#884=B_SPLINE_CURVE_WITH_KNOTS('',3,(#1829,#1830,#1831,#1832,#1833,#1834,
#1835,#1836,#1837,#1838,#1839,#1840,#1841,#1842,#1843,#1844,#1845),
 .UNSPECIFIED.,.F.,.F.,(4,1,1,1,1,1,1,1,1,1,1,1,1,1,4),(3.21953940089456E-16,
0.000904136085683904,0.00135620412852569,0.00180827217136749,0.00226034021420928,
0.00271240825705107,0.00316447629989286,0.00361654434273465,0.00406861238557644,
0.00452068042841823,0.00497274847126002,0.00542481651410181,0.0058768845569436,
0.0063289525997854,0.00723308868546898),.UNSPECIFIED.);
#885=B_SPLINE_CURVE_WITH_KNOTS('',3,(#1849,#1850,#1851,#1852,#1853,#1854,
#1855,#1856,#1857,#1858,#1859,#1860,#1861,#1862,#1863,#1864,#1865),
 .UNSPECIFIED.,.F.,.F.,(4,1,1,1,1,1,1,1,1,1,1,1,1,1,4),(3.87895961444886E-18,
0.000904136085683521,0.00135620412852528,0.00180827217136704,0.0022603402142088,
0.00271240825705056,0.00316447629989231,0.00361654434273407,0.00406861238557583,
0.00452068042841759,0.00497274847125935,0.00542481651410111,0.00587688455694286,
0.00632895259978462,0.00723308868546814),.UNSPECIFIED.);
#886=B_SPLINE_CURVE_WITH_KNOTS('',3,(#1869,#1870,#1871,#1872,#1873,#1874,
#1875,#1876,#1877,#1878,#1879,#1880,#1881,#1882,#1883,#1884,#1885),
 .UNSPECIFIED.,.F.,.F.,(4,1,1,1,1,1,1,1,1,1,1,1,1,1,4),(3.00462919747432E-18,
0.000904136085683843,0.00135620412852576,0.00180827217136768,0.0022603402142096,
0.00271240825705152,0.00316447629989344,0.00361654434273536,0.00406861238557728,
0.0045206804284192,0.00497274847126112,0.00542481651410304,0.00587688455694496,
0.00632895259978688,0.00723308868547072),.UNSPECIFIED.);
#887=B_SPLINE_CURVE_WITH_KNOTS('',3,(#1889,#1890,#1891,#1892,#1893,#1894,
#1895,#1896,#1897,#1898,#1899,#1900,#1901,#1902,#1903,#1904,#1905),
 .UNSPECIFIED.,.F.,.F.,(4,1,1,1,1,1,1,1,1,1,1,1,1,1,4),(1.93947980722443E-18,
0.000904136085683472,0.00135620412852521,0.00180827217136694,0.00226034021420868,
0.00271240825705041,0.00316447629989215,0.00361654434273388,0.00406861238557562,
0.00452068042841735,0.00497274847125909,0.00542481651410082,0.00587688455694256,
0.00632895259978429,0.00723308868546776),.UNSPECIFIED.);
#888=B_SPLINE_CURVE_WITH_KNOTS('',3,(#1909,#1910,#1911,#1912,#1913,#1914,
#1915,#1916,#1917,#1918,#1919,#1920,#1921,#1922,#1923,#1924,#1925),
 .UNSPECIFIED.,.F.,.F.,(4,1,1,1,1,1,1,1,1,1,1,1,1,1,4),(3.03704904257471E-16,
0.000904136085683865,0.00135620412852565,0.00180827217136743,0.00226034021420921,
0.00271240825705099,0.00316447629989277,0.00361654434273455,0.00406861238557633,
0.00452068042841811,0.00497274847125989,0.00542481651410167,0.00587688455694345,
0.00632895259978523,0.00723308868546879),.UNSPECIFIED.);
#889=B_SPLINE_CURVE_WITH_KNOTS('',3,(#1929,#1930,#1931,#1932,#1933,#1934,
#1935,#1936,#1937,#1938,#1939,#1940,#1941,#1942,#1943,#1944,#1945),
 .UNSPECIFIED.,.F.,.F.,(4,1,1,1,1,1,1,1,1,1,1,1,1,1,4),(3.07555575040272E-16,
0.00090413608568382,0.00135620412852558,0.00180827217136733,0.00226034021420909,
0.00271240825705084,0.0031644762998926,0.00361654434273436,0.00406861238557611,
0.00452068042841787,0.00497274847125963,0.00542481651410138,0.00587688455694314,
0.00632895259978489,0.00723308868546841),.UNSPECIFIED.);
#890=B_SPLINE_CURVE_WITH_KNOTS('',3,(#1949,#1950,#1951,#1952,#1953,#1954,
#1955,#1956,#1957,#1958,#1959,#1960,#1961,#1962,#1963,#1964,#1965),
 .UNSPECIFIED.,.F.,.F.,(4,1,1,1,1,1,1,1,1,1,1,1,1,1,4),(2.4532694666934E-18,
0.000904136085683863,0.00135620412852579,0.00180827217136772,0.00226034021420966,
0.00271240825705159,0.00316447629989352,0.00361654434273545,0.00406861238557738,
0.00452068042841931,0.00497274847126124,0.00542481651410317,0.0058768845569451,
0.00632895259978703,0.00723308868547089),.UNSPECIFIED.);
#891=B_SPLINE_CURVE_WITH_KNOTS('',3,(#1969,#1970,#1971,#1972,#1973,#1974,
#1975,#1976,#1977,#1978,#1979,#1980,#1981,#1982,#1983,#1984,#1985),
 .UNSPECIFIED.,.F.,.F.,(4,1,1,1,1,1,1,1,1,1,1,1,1,1,4),(1.73472347597681E-18,
0.000904136085683923,0.00135620412852588,0.00180827217136784,0.0022603402142098,
0.00271240825705176,0.00316447629989373,0.00361654434273569,0.00406861238557765,
0.00452068042841961,0.00497274847126157,0.00542481651410353,0.00587688455694549,
0.00632895259978745,0.00723308868547137),.UNSPECIFIED.);
#892=B_SPLINE_CURVE_WITH_KNOTS('',3,(#1989,#1990,#1991,#1992,#1993,#1994,
#1995,#1996,#1997,#1998,#1999,#2000,#2001,#2002,#2003,#2004,#2005),
 .UNSPECIFIED.,.F.,.F.,(4,1,1,1,1,1,1,1,1,1,1,1,1,1,4),(3.03259235819832E-16,
0.000904136085683874,0.00135620412852566,0.00180827217136744,0.00226034021420923,
0.00271240825705101,0.0031644762998928,0.00361654434273459,0.00406861238557637,
0.00452068042841816,0.00497274847125994,0.00542481651410173,0.00587688455694351,
0.0063289525997853,0.00723308868546887),.UNSPECIFIED.);
#893=B_SPLINE_CURVE_WITH_KNOTS('',3,(#2009,#2010,#2011,#2012,#2013,#2014,
#2015,#2016,#2017,#2018,#2019,#2020,#2021,#2022,#2023,#2024,#2025),
 .UNSPECIFIED.,.F.,.F.,(4,1,1,1,1,1,1,1,1,1,1,1,1,1,4),(4.24918736097037E-18,
0.000904136085683682,0.00135620412852552,0.00180827217136736,0.0022603402142092,
0.00271240825705104,0.00316447629989287,0.00361654434273471,0.00406861238557655,
0.00452068042841839,0.00497274847126023,0.00542481651410207,0.00587688455694391,
0.00632895259978575,0.00723308868546942),.UNSPECIFIED.);
#894=B_SPLINE_CURVE_WITH_KNOTS('',3,(#2029,#2030,#2031,#2032,#2033,#2034,
#2035,#2036,#2037,#2038,#2039,#2040,#2041,#2042,#2043,#2044,#2045),
 .UNSPECIFIED.,.F.,.F.,(4,1,1,1,1,1,1,1,1,1,1,1,1,1,4),(0.,0.000904136085683605,
0.00135620412852541,0.00180827217136721,0.00226034021420901,0.00271240825705082,
0.00316447629989262,0.00361654434273442,0.00406861238557622,0.00452068042841803,
0.00497274847125983,0.00542481651410163,0.00587688455694343,0.00632895259978524,
0.00723308868546884),.UNSPECIFIED.);
#895=B_SPLINE_CURVE_WITH_KNOTS('',3,(#2049,#2050,#2051,#2052,#2053,#2054,
#2055,#2056,#2057,#2058,#2059,#2060,#2061,#2062,#2063,#2064,#2065),
 .UNSPECIFIED.,.F.,.F.,(4,1,1,1,1,1,1,1,1,1,1,1,1,1,4),(3.2492741413316E-16,
0.000904136085683885,0.00135620412852566,0.00180827217136744,0.00226034021420922,
0.002712408257051,0.00316447629989278,0.00361654434273456,0.00406861238557634,
0.00452068042841812,0.0049727484712599,0.00542481651410168,0.00587688455694346,
0.00632895259978524,0.0072330886854688),.UNSPECIFIED.);
#896=B_SPLINE_CURVE_WITH_KNOTS('',3,(#2069,#2070,#2071,#2072,#2073,#2074,
#2075,#2076,#2077,#2078,#2079,#2080,#2081,#2082,#2083,#2084,#2085),
 .UNSPECIFIED.,.F.,.F.,(4,1,1,1,1,1,1,1,1,1,1,1,1,1,4),(2.4532694666934E-18,
0.000904136085683795,0.00135620412852569,0.00180827217136759,0.00226034021420948,
0.00271240825705138,0.00316447629989328,0.00361654434273517,0.00406861238557707,
0.00452068042841897,0.00497274847126086,0.00542481651410276,0.00587688455694465,
0.00632895259978655,0.00723308868547034),.UNSPECIFIED.);
#897=B_SPLINE_CURVE_WITH_KNOTS('',3,(#2089,#2090,#2091,#2092,#2093,#2094,
#2095,#2096,#2097,#2098,#2099,#2100,#2101,#2102,#2103,#2104,#2105),
 .UNSPECIFIED.,.F.,.F.,(4,1,1,1,1,1,1,1,1,1,1,1,1,1,4),(3.5762240613455E-18,
0.000904136085683831,0.00135620412852574,0.00180827217136766,0.00226034021420957,
0.00271240825705149,0.0031644762998934,0.00361654434273531,0.00406861238557723,
0.00452068042841914,0.00497274847126105,0.00542481651410297,0.00587688455694488,
0.00632895259978679,0.00723308868547062),.UNSPECIFIED.);
#898=B_SPLINE_CURVE_WITH_KNOTS('',3,(#2113,#2114,#2115,#2116,#2117,#2118,
#2119,#2120,#2121,#2122,#2123),.UNSPECIFIED.,.T.,.F.,(1,1,1,1,1,1,1,1,1,
1,1,1,1,1,1),(-0.00175876925077573,-0.00117251283385049,-0.000586256416925244,
0.,0.000586256416925244,0.00117251283385049,0.00175876925077573,0.00234502566770097,
0.00293128208462622,0.00351753850155146,0.00410379491847671,0.00469005133540195,
0.00527630775232719,0.00586256416925244,0.00644882058617768),
 .UNSPECIFIED.);
#899=B_SPLINE_CURVE_WITH_KNOTS('',3,(#2125,#2126,#2127,#2128,#2129,#2130,
#2131,#2132,#2133,#2134,#2135),.UNSPECIFIED.,.T.,.F.,(1,1,1,1,1,1,1,1,1,
1,1,1,1,1,1),(-0.00175876925077573,-0.00117251283385049,-0.000586256416925244,
0.,0.000586256416925244,0.00117251283385049,0.00175876925077573,0.00234502566770098,
0.00293128208462622,0.00351753850155146,0.00410379491847671,0.00469005133540195,
0.0052763077523272,0.00586256416925244,0.00644882058617768),
 .UNSPECIFIED.);
#900=B_SPLINE_CURVE_WITH_KNOTS('',3,(#2137,#2138,#2139,#2140,#2141,#2142,
#2143,#2144,#2145,#2146,#2147),.UNSPECIFIED.,.T.,.F.,(1,1,1,1,1,1,1,1,1,
1,1,1,1,1,1),(-0.00175876925077573,-0.00117251283385049,-0.000586256416925244,
0.,0.000586256416925244,0.00117251283385049,0.00175876925077573,0.00234502566770098,
0.00293128208462622,0.00351753850155146,0.00410379491847671,0.00469005133540195,
0.0052763077523272,0.00586256416925244,0.00644882058617768),
 .UNSPECIFIED.);
#901=B_SPLINE_CURVE_WITH_KNOTS('',3,(#2149,#2150,#2151,#2152,#2153,#2154,
#2155,#2156,#2157,#2158,#2159),.UNSPECIFIED.,.T.,.F.,(1,1,1,1,1,1,1,1,1,
1,1,1,1,1,1),(-0.00175876925077573,-0.00117251283385049,-0.000586256416925244,
0.,0.000586256416925244,0.00117251283385049,0.00175876925077573,0.00234502566770097,
0.00293128208462622,0.00351753850155146,0.00410379491847671,0.00469005133540195,
0.00527630775232719,0.00586256416925244,0.00644882058617768),
 .UNSPECIFIED.);
#902=B_SPLINE_CURVE_WITH_KNOTS('',3,(#2167,#2168,#2169,#2170,#2171,#2172,
#2173,#2174,#2175,#2176,#2177),.UNSPECIFIED.,.T.,.F.,(1,1,1,1,1,1,1,1,1,
1,1,1,1,1,1),(-0.00175909798095772,-0.00117273198730514,-0.000586365993652573,
0.,0.000586365993652572,0.00117273198730514,0.00175909798095772,0.00234546397461029,
0.00293182996826286,0.00351819596191543,0.00410456195556801,0.00469092794922058,
0.00527729394287315,0.00586365993652572,0.0064500259301783),
 .UNSPECIFIED.);
#903=B_SPLINE_CURVE_WITH_KNOTS('',3,(#2180,#2181,#2182,#2183,#2184,#2185,
#2186,#2187,#2188,#2189,#2190),.UNSPECIFIED.,.T.,.F.,(1,1,1,1,1,1,1,1,1,
1,1,1,1,1,1),(-0.00175909798095772,-0.00117273198730515,-0.000586365993652573,
0.,0.000586365993652573,0.00117273198730515,0.00175909798095772,0.00234546397461029,
0.00293182996826287,0.00351819596191544,0.00410456195556801,0.00469092794922058,
0.00527729394287316,0.00586365993652573,0.0064500259301783),
 .UNSPECIFIED.);
#904=B_SPLINE_CURVE_WITH_KNOTS('',3,(#2193,#2194,#2195,#2196,#2197,#2198,
#2199,#2200,#2201,#2202,#2203),.UNSPECIFIED.,.T.,.F.,(1,1,1,1,1,1,1,1,1,
1,1,1,1,1,1),(-0.00175909798095772,-0.00117273198730514,-0.000586365993652572,
0.,0.000586365993652572,0.00117273198730514,0.00175909798095772,0.00234546397461029,
0.00293182996826286,0.00351819596191543,0.004104561955568,0.00469092794922058,
0.00527729394287315,0.00586365993652572,0.00645002593017829),
 .UNSPECIFIED.);
#905=B_SPLINE_CURVE_WITH_KNOTS('',3,(#2206,#2207,#2208,#2209,#2210,#2211,
#2212,#2213,#2214,#2215,#2216),.UNSPECIFIED.,.T.,.F.,(1,1,1,1,1,1,1,1,1,
1,1,1,1,1,1),(-0.00175909798095771,-0.00117273198730514,-0.000586365993652571,
0.,0.000586365993652572,0.00117273198730514,0.00175909798095771,0.00234546397461029,
0.00293182996826286,0.00351819596191543,0.004104561955568,0.00469092794922057,
0.00527729394287314,0.00586365993652571,0.00645002593017829),
 .UNSPECIFIED.);
#906=B_SPLINE_CURVE_WITH_KNOTS('',3,(#2242,#2243,#2244,#2245),
 .UNSPECIFIED.,.F.,.F.,(4,4),(0.,0.000124147446794002),.UNSPECIFIED.);
#907=B_SPLINE_CURVE_WITH_KNOTS('',3,(#2247,#2248,#2249,#2250),
 .UNSPECIFIED.,.F.,.F.,(4,4),(8.67361737988404E-19,0.000124147446803649),
 .UNSPECIFIED.);
#908=B_SPLINE_CURVE_WITH_KNOTS('',3,(#2254,#2255,#2256,#2257),
 .UNSPECIFIED.,.F.,.F.,(4,4),(2.4532694666934E-18,0.000124147446791849),
 .UNSPECIFIED.);
#909=B_SPLINE_CURVE_WITH_KNOTS('',3,(#2259,#2260,#2261,#2262),
 .UNSPECIFIED.,.F.,.F.,(4,4),(1.73472347597681E-18,0.000124147446791863),
 .UNSPECIFIED.);
#910=B_SPLINE_CURVE_WITH_KNOTS('',3,(#2266,#2267,#2268,#2269),
 .UNSPECIFIED.,.F.,.F.,(4,4),(8.67361737988404E-19,0.000124147446794013),
 .UNSPECIFIED.);
#911=B_SPLINE_CURVE_WITH_KNOTS('',3,(#2271,#2272,#2273,#2274),
 .UNSPECIFIED.,.F.,.F.,(4,4),(0.,0.000124147446807549),.UNSPECIFIED.);
#912=B_SPLINE_CURVE_WITH_KNOTS('',3,(#2278,#2279,#2280,#2281),
 .UNSPECIFIED.,.F.,.F.,(4,4),(2.16840434497101E-19,0.000124147446794044),
 .UNSPECIFIED.);
#913=B_SPLINE_CURVE_WITH_KNOTS('',3,(#2283,#2284,#2285,#2286),
 .UNSPECIFIED.,.F.,.F.,(4,4),(0.,0.000124147446807568),.UNSPECIFIED.);
#914=B_SPLINE_CURVE_WITH_KNOTS('',3,(#2290,#2291,#2292,#2293),
 .UNSPECIFIED.,.F.,.F.,(4,4),(1.78811203067275E-18,0.000124147446794153),
 .UNSPECIFIED.);
#915=B_SPLINE_CURVE_WITH_KNOTS('',3,(#2295,#2296,#2297,#2298),
 .UNSPECIFIED.,.F.,.F.,(4,4),(0.,0.000124147446791851),.UNSPECIFIED.);
#916=B_SPLINE_CURVE_WITH_KNOTS('',3,(#2302,#2303,#2304,#2305),
 .UNSPECIFIED.,.F.,.F.,(4,4),(0.,0.000124147446791851),.UNSPECIFIED.);
#917=B_SPLINE_CURVE_WITH_KNOTS('',3,(#2307,#2308,#2309,#2310),
 .UNSPECIFIED.,.F.,.F.,(4,4),(0.,0.000124147446776166),.UNSPECIFIED.);
#918=B_SPLINE_CURVE_WITH_KNOTS('',3,(#2314,#2315,#2316,#2317),
 .UNSPECIFIED.,.F.,.F.,(4,4),(0.,0.000124147446791851),.UNSPECIFIED.);
#919=B_SPLINE_CURVE_WITH_KNOTS('',3,(#2319,#2320,#2321,#2322),
 .UNSPECIFIED.,.F.,.F.,(4,4),(1.73472347597681E-18,0.000124147446776145),
 .UNSPECIFIED.);
#920=B_SPLINE_CURVE_WITH_KNOTS('',3,(#2326,#2327,#2328,#2329),
 .UNSPECIFIED.,.F.,.F.,(4,4),(8.67361737988404E-19,0.000124147446791848),
 .UNSPECIFIED.);
#921=B_SPLINE_CURVE_WITH_KNOTS('',3,(#2331,#2332,#2333,#2334),
 .UNSPECIFIED.,.F.,.F.,(4,4),(0.,0.000124147446807571),.UNSPECIFIED.);
#922=B_SPLINE_CURVE_WITH_KNOTS('',3,(#2338,#2339,#2340,#2341),
 .UNSPECIFIED.,.F.,.F.,(4,4),(0.,0.000124147446794044),.UNSPECIFIED.);
#923=B_SPLINE_CURVE_WITH_KNOTS('',3,(#2343,#2344,#2345,#2346),
 .UNSPECIFIED.,.F.,.F.,(4,4),(1.73472347597681E-18,0.000124147446780134),
 .UNSPECIFIED.);
#924=B_SPLINE_CURVE_WITH_KNOTS('',3,(#2350,#2351,#2352,#2353),
 .UNSPECIFIED.,.F.,.F.,(4,4),(0.,0.00012414744679407),.UNSPECIFIED.);
#925=B_SPLINE_CURVE_WITH_KNOTS('',3,(#2355,#2356,#2357,#2358),
 .UNSPECIFIED.,.F.,.F.,(4,4),(4.33680868994202E-19,0.000124147446776156),
 .UNSPECIFIED.);
#926=B_SPLINE_CURVE_WITH_KNOTS('',3,(#2362,#2363,#2364,#2365),
 .UNSPECIFIED.,.F.,.F.,(4,4),(0.,0.000124147446791851),.UNSPECIFIED.);
#927=B_SPLINE_CURVE_WITH_KNOTS('',3,(#2367,#2368,#2369,#2370),
 .UNSPECIFIED.,.F.,.F.,(4,4),(0.,0.000124147446791871),.UNSPECIFIED.);
#928=B_SPLINE_CURVE_WITH_KNOTS('',3,(#2374,#2375,#2376,#2377),
 .UNSPECIFIED.,.F.,.F.,(4,4),(0.,0.000124147446791852),.UNSPECIFIED.);
#929=B_SPLINE_CURVE_WITH_KNOTS('',3,(#2379,#2380,#2381,#2382),
 .UNSPECIFIED.,.F.,.F.,(4,4),(1.73472347597681E-18,0.000124147446776145),
 .UNSPECIFIED.);
#930=B_SPLINE_CURVE_WITH_KNOTS('',3,(#2386,#2387,#2388,#2389),
 .UNSPECIFIED.,.F.,.F.,(4,4),(0.,0.000124147446794007),.UNSPECIFIED.);
#931=B_SPLINE_CURVE_WITH_KNOTS('',3,(#2391,#2392,#2393,#2394),
 .UNSPECIFIED.,.F.,.F.,(4,4),(0.,0.000124147446807571),.UNSPECIFIED.);
#932=B_SPLINE_CURVE_WITH_KNOTS('',3,(#2398,#2399,#2400,#2401),
 .UNSPECIFIED.,.F.,.F.,(4,4),(4.33680868994202E-19,0.000124147446791877),
 .UNSPECIFIED.);
#933=B_SPLINE_CURVE_WITH_KNOTS('',3,(#2403,#2404,#2405,#2406),
 .UNSPECIFIED.,.F.,.F.,(4,4),(0.,0.000124147446791891),.UNSPECIFIED.);
#934=B_SPLINE_CURVE_WITH_KNOTS('',3,(#2410,#2411,#2412,#2413),
 .UNSPECIFIED.,.F.,.F.,(4,4),(0.,0.000124147446791862),.UNSPECIFIED.);
#935=B_SPLINE_CURVE_WITH_KNOTS('',3,(#2415,#2416,#2417,#2418),
 .UNSPECIFIED.,.F.,.F.,(4,4),(4.33680868994202E-19,0.000124147446776154),
 .UNSPECIFIED.);
#936=B_SPLINE_CURVE_WITH_KNOTS('',3,(#2422,#2423,#2424,#2425),
 .UNSPECIFIED.,.F.,.F.,(4,4),(0.,0.000124147446794158),.UNSPECIFIED.);
#937=B_SPLINE_CURVE_WITH_KNOTS('',3,(#2427,#2428,#2429,#2430),
 .UNSPECIFIED.,.F.,.F.,(4,4),(0.,0.000124147446791856),.UNSPECIFIED.);
#938=B_SPLINE_CURVE_WITH_KNOTS('',3,(#2434,#2435,#2436,#2437),
 .UNSPECIFIED.,.F.,.F.,(4,4),(2.4532694666934E-18,0.000124147446791849),
 .UNSPECIFIED.);
#939=B_SPLINE_CURVE_WITH_KNOTS('',3,(#2439,#2440,#2441,#2442),
 .UNSPECIFIED.,.F.,.F.,(4,4),(0.,0.000124147446776135),.UNSPECIFIED.);
#940=B_SPLINE_CURVE_WITH_KNOTS('',3,(#2446,#2447,#2448,#2449),
 .UNSPECIFIED.,.F.,.F.,(4,4),(8.67361737988404E-19,0.000124147446791842),
 .UNSPECIFIED.);
#941=B_SPLINE_CURVE_WITH_KNOTS('',3,(#2451,#2452,#2453,#2454),
 .UNSPECIFIED.,.F.,.F.,(4,4),(0.,0.000124147446776142),.UNSPECIFIED.);
#942=B_SPLINE_CURVE_WITH_KNOTS('',3,(#2458,#2459,#2460,#2461),
 .UNSPECIFIED.,.F.,.F.,(4,4),(4.33680868994202E-19,0.000124147446791877),
 .UNSPECIFIED.);
#943=B_SPLINE_CURVE_WITH_KNOTS('',3,(#2463,#2464,#2465,#2466),
 .UNSPECIFIED.,.F.,.F.,(4,4),(1.78811203067275E-18,0.00012414744679189),
 .UNSPECIFIED.);
#944=B_SPLINE_CURVE_WITH_KNOTS('',3,(#2470,#2471,#2472,#2473),
 .UNSPECIFIED.,.F.,.F.,(4,4),(0.,0.000124147446794018),.UNSPECIFIED.);
#945=B_SPLINE_CURVE_WITH_KNOTS('',3,(#2475,#2476,#2477,#2478),
 .UNSPECIFIED.,.F.,.F.,(4,4),(1.93947980722443E-18,0.00012414744677616),
 .UNSPECIFIED.);
#946=B_SPLINE_CURVE_WITH_KNOTS('',3,(#2485,#2486,#2487,#2488),
 .UNSPECIFIED.,.F.,.F.,(4,4),(0.00220776930428784,0.00653978352805673),
 .UNSPECIFIED.);
#947=B_SPLINE_CURVE_WITH_KNOTS('',3,(#2489,#2490,#2491,#2492),
 .UNSPECIFIED.,.F.,.F.,(4,4),(0.,0.00433201422219005),.UNSPECIFIED.);
#948=B_SPLINE_CURVE_WITH_KNOTS('',3,(#2497,#2498,#2499,#2500),
 .UNSPECIFIED.,.F.,.F.,(4,4),(0.00220776930428183,0.00653978352805075),
 .UNSPECIFIED.);
#949=B_SPLINE_CURVE_WITH_KNOTS('',3,(#2501,#2502,#2503,#2504),
 .UNSPECIFIED.,.F.,.F.,(4,4),(0.00186361763234677,0.00619563185093342),
 .UNSPECIFIED.);
#950=B_SPLINE_CURVE_WITH_KNOTS('',3,(#2897,#2898,#2899,#2900,#2901,#2902,
#2903,#2904,#2905,#2906,#2907,#2908,#2909,#2910,#2911,#2912,#2913,#2914),
 .UNSPECIFIED.,.F.,.F.,(4,1,1,1,1,1,1,1,1,1,1,1,1,1,1,4),(3.87895961444886E-18,
0.00115377514591971,0.00173066271887957,0.00230755029183943,0.00288443786479928,
0.00346132543775914,0.00403821301071899,0.00432665679719892,0.00461510058367885,
0.0051919881566387,0.00576887572959856,0.00634576330255841,0.00692265087551827,
0.00749953844847813,0.00807642602143798,0.00923020116735769),
 .UNSPECIFIED.);
#951=B_SPLINE_CURVE_WITH_KNOTS('',3,(#2919,#2920,#2921,#2922),
 .UNSPECIFIED.,.F.,.F.,(4,4),(0.00220776930428994,0.00653978352805886),
 .UNSPECIFIED.);
#952=B_SPLINE_CURVE_WITH_KNOTS('',3,(#2923,#2924,#2925,#2926),
 .UNSPECIFIED.,.F.,.F.,(4,4),(0.00186361763234596,0.00619563185094102),
 .UNSPECIFIED.);
#953=B_SPLINE_CURVE_WITH_KNOTS('',3,(#3319,#3320,#3321,#3322,#3323,#3324,
#3325,#3326,#3327,#3328,#3329,#3330,#3331,#3332,#3333,#3334,#3335,#3336),
 .UNSPECIFIED.,.F.,.F.,(4,1,1,1,1,1,1,1,1,1,1,1,1,1,1,4),(1.73472347597681E-18,
0.00115377514591434,0.00173066271887151,0.00230755029182868,0.00288443786478585,
0.00346132543774302,0.00403821301070019,0.00432665679717877,0.00461510058365736,
0.00519198815661453,0.0057688757295717,0.00634576330252887,0.00692265087548604,
0.00749953844844321,0.00807642602140038,0.00923020116731472),
 .UNSPECIFIED.);
#954=B_SPLINE_CURVE_WITH_KNOTS('',3,(#3341,#3342,#3343,#3344),
 .UNSPECIFIED.,.F.,.F.,(4,4),(0.0110388465590304,0.0153708607834446),
 .UNSPECIFIED.);
#955=B_SPLINE_CURVE_WITH_KNOTS('',3,(#3345,#3346,#3347,#3348),
 .UNSPECIFIED.,.F.,.F.,(4,4),(0.00186361763234341,0.00619563185092729),
 .UNSPECIFIED.);
#956=B_SPLINE_CURVE_WITH_KNOTS('',3,(#3741,#3742,#3743,#3744,#3745,#3746,
#3747,#3748,#3749,#3750,#3751,#3752,#3753,#3754,#3755,#3756,#3757,#3758),
 .UNSPECIFIED.,.F.,.F.,(4,1,1,1,1,1,1,1,1,1,1,1,1,1,1,4),(3.46944695195361E-18,
0.00115377514591718,0.00173066271887576,0.00230755029183435,0.00288443786479293,
0.00346132543775152,0.00403821301071011,0.0043266567971894,0.00461510058366869,
0.00519198815662728,0.00576887572958586,0.00634576330254445,0.00692265087550304,
0.00749953844846162,0.00807642602142021,0.00923020116733738),
 .UNSPECIFIED.);
#957=B_SPLINE_CURVE_WITH_KNOTS('',3,(#3763,#3764,#3765,#3766),
 .UNSPECIFIED.,.F.,.F.,(4,4),(0.00220776930428931,0.0065397835280582),
 .UNSPECIFIED.);
#958=B_SPLINE_CURVE_WITH_KNOTS('',3,(#3767,#3768,#3769,#3770),
 .UNSPECIFIED.,.F.,.F.,(4,4),(0.00186361763233891,0.00619563185092278),
 .UNSPECIFIED.);
#959=B_SPLINE_CURVE_WITH_KNOTS('',3,(#4163,#4164,#4165,#4166,#4167,#4168,
#4169,#4170,#4171,#4172,#4173,#4174,#4175,#4176,#4177,#4178,#4179,#4180),
 .UNSPECIFIED.,.F.,.F.,(4,1,1,1,1,1,1,1,1,1,1,1,1,1,1,4),(0.,0.00115377514591654,
0.00173066271887481,0.00230755029183308,0.00288443786479135,0.00346132543774963,
0.0040382130107079,0.00432665679718703,0.00461510058366617,0.00519198815662444,
0.00576887572958271,0.00634576330254098,0.00692265087549925,0.00749953844845752,
0.00807642602141579,0.00923020116733234),.UNSPECIFIED.);
#960=B_SPLINE_CURVE_WITH_KNOTS('',3,(#4185,#4186,#4187,#4188),
 .UNSPECIFIED.,.F.,.F.,(4,4),(0.00220776930429029,0.0065397835280592),
 .UNSPECIFIED.);
#961=B_SPLINE_CURVE_WITH_KNOTS('',3,(#4189,#4190,#4191,#4192),
 .UNSPECIFIED.,.F.,.F.,(4,4),(0.0018636176323443,0.00619563185093935),
 .UNSPECIFIED.);
#962=B_SPLINE_CURVE_WITH_KNOTS('',3,(#4585,#4586,#4587,#4588,#4589,#4590,
#4591,#4592,#4593,#4594,#4595,#4596,#4597,#4598,#4599,#4600,#4601,#4602),
 .UNSPECIFIED.,.F.,.F.,(4,1,1,1,1,1,1,1,1,1,1,1,1,1,1,4),(1.30104260698261E-18,
0.00115377514591638,0.00173066271887457,0.00230755029183276,0.00288443786479095,
0.00346132543774914,0.00403821301070733,0.00432665679718643,0.00461510058366552,
0.00519198815662371,0.0057688757295819,0.00634576330254009,0.00692265087549828,
0.00749953844845647,0.00807642602141466,0.00923020116733104),
 .UNSPECIFIED.);
#963=B_SPLINE_CURVE_WITH_KNOTS('',3,(#4607,#4608,#4609,#4610),
 .UNSPECIFIED.,.F.,.F.,(4,4),(0.00220776930428606,0.00653978352805497),
 .UNSPECIFIED.);
#964=B_SPLINE_CURVE_WITH_KNOTS('',3,(#4611,#4612,#4613,#4614),
 .UNSPECIFIED.,.F.,.F.,(4,4),(0.00186361763234345,0.00619563185094972),
 .UNSPECIFIED.);
#965=B_SPLINE_CURVE_WITH_KNOTS('',3,(#5007,#5008,#5009,#5010,#5011,#5012,
#5013,#5014,#5015,#5016,#5017,#5018,#5019,#5020,#5021,#5022,#5023,#5024),
 .UNSPECIFIED.,.F.,.F.,(4,1,1,1,1,1,1,1,1,1,1,1,1,1,1,4),(1.73472347597681E-18,
0.00115377514592346,0.00173066271888519,0.00230755029184692,0.00288443786480865,
0.00346132543777038,0.00403821301073211,0.00432665679721297,0.00461510058369384,
0.00519198815665557,0.0057688757296173,0.00634576330257902,0.00692265087554075,
0.00749953844850248,0.00807642602146421,0.00923020116738767),
 .UNSPECIFIED.);
#966=B_SPLINE_CURVE_WITH_KNOTS('',3,(#5029,#5030,#5031,#5032),
 .UNSPECIFIED.,.F.,.F.,(4,4),(0.00220776930428908,0.006539783528058),
 .UNSPECIFIED.);
#967=B_SPLINE_CURVE_WITH_KNOTS('',3,(#5033,#5034,#5035,#5036),
 .UNSPECIFIED.,.F.,.F.,(4,4),(0.00186361763235006,0.00619563185095635),
 .UNSPECIFIED.);
#968=B_SPLINE_CURVE_WITH_KNOTS('',3,(#5429,#5430,#5431,#5432,#5433,#5434,
#5435,#5436,#5437,#5438,#5439,#5440,#5441,#5442,#5443,#5444,#5445,#5446),
 .UNSPECIFIED.,.F.,.F.,(4,1,1,1,1,1,1,1,1,1,1,1,1,1,1,4),(1.73472347597681E-18,
0.00115377514591192,0.00173066271886788,0.00230755029182385,0.00288443786477981,
0.00346132543773577,0.00403821301069173,0.00432665679716971,0.00461510058364769,
0.00519198815660365,0.00576887572955961,0.00634576330251557,0.00692265087547153,
0.0074995384484275,0.00807642602138346,0.00923020116729538),
 .UNSPECIFIED.);
#969=B_SPLINE_CURVE_WITH_KNOTS('',3,(#5451,#5452,#5453,#5454),
 .UNSPECIFIED.,.F.,.F.,(4,4),(0.0110388465590758,0.01537086078349),
 .UNSPECIFIED.);
#970=B_SPLINE_CURVE_WITH_KNOTS('',3,(#5455,#5456,#5457,#5458),
 .UNSPECIFIED.,.F.,.F.,(4,4),(0.00186361763234284,0.00619563185092669),
 .UNSPECIFIED.);
#971=B_SPLINE_CURVE_WITH_KNOTS('',3,(#5851,#5852,#5853,#5854,#5855,#5856,
#5857,#5858,#5859,#5860,#5861,#5862,#5863,#5864,#5865,#5866,#5867,#5868),
 .UNSPECIFIED.,.F.,.F.,(4,1,1,1,1,1,1,1,1,1,1,1,1,1,1,4),(0.,0.0011537751459154,
0.0017306627188731,0.0023075502918308,0.00288443786478849,0.00346132543774619,
0.00403821301070389,0.00432665679718274,0.00461510058366159,0.00519198815661929,
0.00576887572957699,0.00634576330253469,0.00692265087549239,0.00749953844845008,
0.00807642602140778,0.00923020116732318),.UNSPECIFIED.);
#972=B_SPLINE_CURVE_WITH_KNOTS('',3,(#5873,#5874,#5875,#5876),
 .UNSPECIFIED.,.F.,.F.,(4,4),(0.00220776930428266,0.00653978352805154),
 .UNSPECIFIED.);
#973=B_SPLINE_CURVE_WITH_KNOTS('',3,(#5877,#5878,#5879,#5880),
 .UNSPECIFIED.,.F.,.F.,(4,4),(0.00186361763233852,0.00619563185094198),
 .UNSPECIFIED.);
#974=B_SPLINE_CURVE_WITH_KNOTS('',3,(#6273,#6274,#6275,#6276,#6277,#6278,
#6279,#6280,#6281,#6282,#6283,#6284,#6285,#6286,#6287,#6288,#6289,#6290),
 .UNSPECIFIED.,.F.,.F.,(4,1,1,1,1,1,1,1,1,1,1,1,1,1,1,4),(4.33680868994202E-19,
0.00115377514591447,0.00173066271887171,0.00230755029182895,0.00288443786478619,
0.00346132543774342,0.00403821301070066,0.00432665679717928,0.0046151005836579,
0.00519198815661513,0.00576887572957237,0.00634576330252961,0.00692265087548685,
0.00749953844844408,0.00807642602140132,0.00923020116731579),
 .UNSPECIFIED.);
#975=B_SPLINE_CURVE_WITH_KNOTS('',3,(#6295,#6296,#6297,#6298),
 .UNSPECIFIED.,.F.,.F.,(4,4),(0.00220776930428068,0.00653978352804397),
 .UNSPECIFIED.);
#976=B_SPLINE_CURVE_WITH_KNOTS('',3,(#6299,#6300,#6301,#6302),
 .UNSPECIFIED.,.F.,.F.,(4,4),(0.00186361763232794,0.00619563185093423),
 .UNSPECIFIED.);
#977=B_SPLINE_CURVE_WITH_KNOTS('',3,(#6695,#6696,#6697,#6698,#6699,#6700,
#6701,#6702,#6703,#6704,#6705,#6706,#6707,#6708,#6709,#6710,#6711,#6712),
 .UNSPECIFIED.,.F.,.F.,(4,1,1,1,1,1,1,1,1,1,1,1,1,1,1,4),(3.87895961444886E-18,
0.001153775145913,0.0017306627188695,0.00230755029182599,0.00288443786478249,
0.00346132543773899,0.00403821301069549,0.00432665679717374,0.00461510058365198,
0.00519198815660848,0.00576887572956498,0.00634576330252148,0.00692265087547798,
0.00749953844843447,0.00807642602139097,0.00923020116730397),
 .UNSPECIFIED.);
#978=B_SPLINE_CURVE_WITH_KNOTS('',3,(#6717,#6718,#6719,#6720),
 .UNSPECIFIED.,.F.,.F.,(4,4),(0.00220776930428816,0.00653978352805142),
 .UNSPECIFIED.);
#979=B_SPLINE_CURVE_WITH_KNOTS('',3,(#6721,#6722,#6723,#6724),
 .UNSPECIFIED.,.F.,.F.,(4,4),(0.0018636176323352,0.00619563185092908),
 .UNSPECIFIED.);
#980=B_SPLINE_CURVE_WITH_KNOTS('',3,(#7117,#7118,#7119,#7120,#7121,#7122,
#7123,#7124,#7125,#7126,#7127,#7128,#7129,#7130,#7131,#7132,#7133,#7134),
 .UNSPECIFIED.,.F.,.F.,(4,1,1,1,1,1,1,1,1,1,1,1,1,1,1,4),(0.,0.00115377514591759,
0.00173066271887639,0.00230755029183519,0.00288443786479399,0.00346132543775278,
0.00403821301071158,0.00432665679719098,0.00461510058367038,0.00519198815662918,
0.00576887572958797,0.00634576330254677,0.00692265087550557,0.00749953844846437,
0.00807642602142316,0.00923020116734076),.UNSPECIFIED.);
#981=B_SPLINE_CURVE_WITH_KNOTS('',3,(#7139,#7140,#7141,#7142),
 .UNSPECIFIED.,.F.,.F.,(4,4),(0.00220776930429696,0.00653978352806022),
 .UNSPECIFIED.);
#982=B_SPLINE_CURVE_WITH_KNOTS('',3,(#7143,#7144,#7145,#7146),
 .UNSPECIFIED.,.F.,.F.,(4,4),(0.00186361763233589,0.00619563185094101),
 .UNSPECIFIED.);
#983=B_SPLINE_CURVE_WITH_KNOTS('',3,(#7539,#7540,#7541,#7542,#7543,#7544,
#7545,#7546,#7547,#7548,#7549,#7550,#7551,#7552,#7553,#7554,#7555,#7556),
 .UNSPECIFIED.,.F.,.F.,(4,1,1,1,1,1,1,1,1,1,1,1,1,1,1,4),(7.94950163848063E-18,
0.00115377514591595,0.00173066271887392,0.00230755029183189,0.00288443786478986,
0.00346132543774783,0.0040382130107058,0.00432665679718479,0.00461510058366378,
0.00519198815662175,0.00576887572957972,0.00634576330253769,0.00692265087549566,
0.00749953844845363,0.0080764260214116,0.00923020116732754),
 .UNSPECIFIED.);
#984=B_SPLINE_CURVE_WITH_KNOTS('',3,(#7561,#7562,#7563,#7564),
 .UNSPECIFIED.,.F.,.F.,(4,4),(0.0110388465590676,0.0153708607834761),
 .UNSPECIFIED.);
#985=B_SPLINE_CURVE_WITH_KNOTS('',3,(#7565,#7566,#7567,#7568),
 .UNSPECIFIED.,.F.,.F.,(4,4),(0.00186361763234693,0.00619563185092958),
 .UNSPECIFIED.);
#986=B_SPLINE_CURVE_WITH_KNOTS('',3,(#7961,#7962,#7963,#7964,#7965,#7966,
#7967,#7968,#7969,#7970,#7971,#7972,#7973,#7974,#7975,#7976,#7977,#7978),
 .UNSPECIFIED.,.F.,.F.,(4,1,1,1,1,1,1,1,1,1,1,1,1,1,1,4),(0.,0.00115377514590984,
0.00173066271886476,0.00230755029181967,0.00288443786477459,0.00346132543772951,
0.00403821301068443,0.00432665679716189,0.00461510058363935,0.00519198815659427,
0.00576887572954919,0.00634576330250411,0.00692265087545902,0.00749953844841394,
0.00807642602136886,0.0092302011672787),.UNSPECIFIED.);
#987=B_SPLINE_CURVE_WITH_KNOTS('',3,(#7983,#7984,#7985,#7986),
 .UNSPECIFIED.,.F.,.F.,(4,4),(0.00220776930428561,0.00653978352804885),
 .UNSPECIFIED.);
#988=B_SPLINE_CURVE_WITH_KNOTS('',3,(#7987,#7988,#7989,#7990),
 .UNSPECIFIED.,.F.,.F.,(4,4),(0.00186361763233741,0.0061956318509313),
 .UNSPECIFIED.);
#989=B_SPLINE_CURVE_WITH_KNOTS('',3,(#8383,#8384,#8385,#8386,#8387,#8388,
#8389,#8390,#8391,#8392,#8393,#8394,#8395,#8396,#8397,#8398,#8399,#8400),
 .UNSPECIFIED.,.F.,.F.,(4,1,1,1,1,1,1,1,1,1,1,1,1,1,1,4),(1.12757025938492E-17,
0.00115377514591474,0.00173066271887211,0.00230755029182947,0.00288443786478684,
0.0034613254377442,0.00403821301070157,0.00432665679718025,0.00461510058365893,
0.0051919881566163,0.00576887572957366,0.00634576330253103,0.00692265087548839,
0.00749953844844576,0.00807642602140312,0.00923020116731785),
 .UNSPECIFIED.);
#990=B_SPLINE_CURVE_WITH_KNOTS('',3,(#8405,#8406,#8407,#8408),
 .UNSPECIFIED.,.F.,.F.,(4,4),(0.00220776930428794,0.00653978352805119),
 .UNSPECIFIED.);
#991=B_SPLINE_CURVE_WITH_KNOTS('',3,(#8409,#8410,#8411,#8412),
 .UNSPECIFIED.,.F.,.F.,(4,4),(0.00186361763233716,0.00619563185094227),
 .UNSPECIFIED.);
#992=B_SPLINE_CURVE_WITH_KNOTS('',3,(#8805,#8806,#8807,#8808,#8809,#8810,
#8811,#8812,#8813,#8814,#8815,#8816,#8817,#8818,#8819,#8820,#8821,#8822),
 .UNSPECIFIED.,.F.,.F.,(4,1,1,1,1,1,1,1,1,1,1,1,1,1,1,4),(8.68445263380243E-18,
0.0011537751459156,0.0017306627188734,0.0023075502918312,0.002884437864789,
0.00346132543774679,0.00403821301070459,0.00432665679718349,0.00461510058366239,
0.00519198815662019,0.00576887572957799,0.00634576330253578,0.00692265087549358,
0.00749953844845138,0.00807642602140918,0.00923020116732477),
 .UNSPECIFIED.);
#993=B_SPLINE_CURVE_WITH_KNOTS('',3,(#8827,#8828,#8829,#8830),
 .UNSPECIFIED.,.F.,.F.,(4,4),(0.00220776930428713,0.0065397835280504),
 .UNSPECIFIED.);
#994=B_SPLINE_CURVE_WITH_KNOTS('',3,(#8831,#8832,#8833,#8834),
 .UNSPECIFIED.,.F.,.F.,(4,4),(0.00186361763234317,0.00619563185093707),
 .UNSPECIFIED.);
#995=B_SPLINE_CURVE_WITH_KNOTS('',3,(#9227,#9228,#9229,#9230,#9231,#9232,
#9233,#9234,#9235,#9236,#9237,#9238,#9239,#9240,#9241,#9242,#9243,#9244),
 .UNSPECIFIED.,.F.,.F.,(4,1,1,1,1,1,1,1,1,1,1,1,1,1,1,4),(1.04083408558608E-17,
0.00115377514590875,0.00173066271886313,0.0023075502918175,0.00288443786477187,
0.00346132543772624,0.00403821301068061,0.0043266567971578,0.00461510058363499,
0.00519198815658936,0.00576887572954373,0.0063457633024981,0.00692265087545248,
0.00749953844840685,0.00807642602136122,0.00923020116726996),
 .UNSPECIFIED.);
#996=B_SPLINE_CURVE_WITH_KNOTS('',3,(#9249,#9250,#9251,#9252),
 .UNSPECIFIED.,.F.,.F.,(4,4),(0.00220776930429191,0.00653978352805519),
 .UNSPECIFIED.);
#997=B_SPLINE_CURVE_WITH_KNOTS('',3,(#9253,#9254,#9255,#9256),
 .UNSPECIFIED.,.F.,.F.,(4,4),(0.00186361763234879,0.00619563185095391),
 .UNSPECIFIED.);
#998=B_SPLINE_CURVE_WITH_KNOTS('',3,(#9649,#9650,#9651,#9652,#9653,#9654,
#9655,#9656,#9657,#9658,#9659,#9660,#9661,#9662,#9663,#9664,#9665,#9666),
 .UNSPECIFIED.,.F.,.F.,(4,1,1,1,1,1,1,1,1,1,1,1,1,1,1,4),(7.94950163848063E-18,
0.0011537751459144,0.00173066271887159,0.00230755029182878,0.00288443786478598,
0.00346132543774317,0.00403821301070037,0.00432665679717896,0.00461510058365756,
0.00519198815661476,0.00576887572957195,0.00634576330252914,0.00692265087548634,
0.00749953844844353,0.00807642602140073,0.00923020116731511),
 .UNSPECIFIED.);
#999=B_SPLINE_CURVE_WITH_KNOTS('',3,(#9671,#9672,#9673,#9674),
 .UNSPECIFIED.,.F.,.F.,(4,4),(0.0110388465590664,0.015370860783475),
 .UNSPECIFIED.);
#1000=B_SPLINE_CURVE_WITH_KNOTS('',3,(#9675,#9676,#9677,#9678),
 .UNSPECIFIED.,.F.,.F.,(4,4),(0.00186361763234123,0.00619563185094631),
 .UNSPECIFIED.);
#1001=B_SPLINE_CURVE_WITH_KNOTS('',3,(#10071,#10072,#10073,#10074,#10075,
#10076,#10077,#10078,#10079,#10080,#10081,#10082,#10083,#10084,#10085,#10086,
#10087,#10088),.UNSPECIFIED.,.F.,.F.,(4,1,1,1,1,1,1,1,1,1,1,1,1,1,1,4),
(0.,0.00115377514591255,0.00173066271886883,0.00230755029182511,0.00288443786478139,
0.00346132543773766,0.00403821301069394,0.00432665679717208,0.00461510058365022,
0.0051919881566065,0.00576887572956277,0.00634576330251905,0.00692265087547533,
0.00749953844843161,0.00807642602138788,0.00923020116730044),
 .UNSPECIFIED.);
#1002=B_SPLINE_CURVE_WITH_KNOTS('',3,(#10093,#10094,#10095,#10096),
 .UNSPECIFIED.,.F.,.F.,(4,4),(4.92566781269017E-18,0.00433201422261798),
 .UNSPECIFIED.);
#1003=B_SPLINE_CURVE_WITH_KNOTS('',3,(#10097,#10098,#10099,#10100),
 .UNSPECIFIED.,.F.,.F.,(4,4),(0.00186361763234171,0.00619563185093559),
 .UNSPECIFIED.);
#1004=B_SPLINE_CURVE_WITH_KNOTS('',3,(#10493,#10494,#10495,#10496,#10497,
#10498,#10499,#10500,#10501,#10502,#10503,#10504,#10505,#10506,#10507,#10508,
#10509,#10510),.UNSPECIFIED.,.F.,.F.,(4,1,1,1,1,1,1,1,1,1,1,1,1,1,1,4),
(7.94950163848063E-18,0.00115377514591241,0.00173066271886861,0.00230755029182481,
0.00288443786478101,0.00346132543773721,0.00403821301069342,0.00432665679717152,
0.00461510058364962,0.00519198815660582,0.00576887572956202,0.00634576330251822,
0.00692265087547442,0.00749953844843062,0.00807642602138682,0.00923020116729923),
 .UNSPECIFIED.);
#1005=B_SPLINE_CURVE_WITH_KNOTS('',3,(#10903,#10904,#10905,#10906,#10907,
#10908,#10909,#10910,#10911,#10912,#10913,#10914,#10915,#10916,#10917,#10918,
#10919,#10920),.UNSPECIFIED.,.F.,.F.,(4,1,1,1,1,1,1,1,1,1,1,1,1,1,1,4),
(9.10729824887824E-18,0.00115377514591814,0.0017306627188772,0.00230755029183626,
0.00288443786479533,0.00346132543775439,0.00403821301071346,0.00432665679719299,
0.00461510058367252,0.00519198815663158,0.00576887572959065,0.00634576330254971,
0.00692265087550878,0.00749953844846784,0.0080764260214269,0.00923020116734503),
 .UNSPECIFIED.);
#1006=EDGE_LOOP('',(#146,#147,#148,#149,#150,#151,#152,#153,#154,#155,#156,
#157,#158,#159,#160,#161,#162,#163,#164,#165,#166,#167,#168,#169,#170,#171,
#172,#173,#174,#175,#176,#177,#178,#179,#180,#181,#182,#183,#184,#185));
#1007=EDGE_LOOP('',(#186));
#1008=EDGE_LOOP('',(#187));
#1009=EDGE_LOOP('',(#188));
#1010=EDGE_LOOP('',(#189));
#1011=EDGE_LOOP('',(#190));
#1012=EDGE_LOOP('',(#191));
#1013=EDGE_LOOP('',(#192));
#1014=EDGE_LOOP('',(#193));
#1015=EDGE_LOOP('',(#194));
#1016=EDGE_LOOP('',(#195));
#1017=EDGE_LOOP('',(#196));
#1018=EDGE_LOOP('',(#197));
#1019=EDGE_LOOP('',(#198));
#1020=EDGE_LOOP('',(#199));
#1021=EDGE_LOOP('',(#200));
#1022=EDGE_LOOP('',(#201));
#1023=EDGE_LOOP('',(#202));
#1024=EDGE_LOOP('',(#203));
#1025=EDGE_LOOP('',(#204));
#1026=EDGE_LOOP('',(#205));
#1027=EDGE_LOOP('',(#206));
#1028=EDGE_LOOP('',(#207));
#1029=EDGE_LOOP('',(#208));
#1030=EDGE_LOOP('',(#209));
#1031=EDGE_LOOP('',(#210));
#1032=EDGE_LOOP('',(#211));
#1033=EDGE_LOOP('',(#212));
#1034=EDGE_LOOP('',(#213));
#1035=EDGE_LOOP('',(#214));
#1036=EDGE_LOOP('',(#215));
#1037=EDGE_LOOP('',(#216));
#1038=EDGE_LOOP('',(#217));
#1039=EDGE_LOOP('',(#218));
#1040=EDGE_LOOP('',(#219));
#1041=EDGE_LOOP('',(#220));
#1042=EDGE_LOOP('',(#221,#222,#223,#224));
#1043=EDGE_LOOP('',(#225,#226,#227,#228));
#1044=EDGE_LOOP('',(#229,#230,#231,#232));
#1045=EDGE_LOOP('',(#233,#234,#235,#236));
#1046=EDGE_LOOP('',(#237,#238,#239,#240));
#1047=EDGE_LOOP('',(#241,#242,#243,#244));
#1048=EDGE_LOOP('',(#245,#246,#247,#248));
#1049=EDGE_LOOP('',(#249,#250,#251,#252));
#1050=EDGE_LOOP('',(#253,#254,#255,#256));
#1051=EDGE_LOOP('',(#257,#258,#259,#260));
#1052=EDGE_LOOP('',(#261,#262,#263,#264));
#1053=EDGE_LOOP('',(#265,#266,#267,#268));
#1054=EDGE_LOOP('',(#269,#270,#271,#272));
#1055=EDGE_LOOP('',(#273,#274,#275,#276));
#1056=EDGE_LOOP('',(#277,#278,#279,#280));
#1057=EDGE_LOOP('',(#281,#282,#283,#284));
#1058=EDGE_LOOP('',(#285,#286,#287,#288));
#1059=EDGE_LOOP('',(#289,#290,#291,#292));
#1060=EDGE_LOOP('',(#293,#294,#295,#296));
#1061=EDGE_LOOP('',(#297,#298,#299,#300));
#1062=EDGE_LOOP('',(#301,#302,#303,#304));
#1063=EDGE_LOOP('',(#305,#306,#307,#308));
#1064=EDGE_LOOP('',(#309,#310,#311,#312,#313,#314));
#1065=EDGE_LOOP('',(#315,#316,#317,#318));
#1066=EDGE_LOOP('',(#319,#320,#321,#322,#323,#324));
#1067=EDGE_LOOP('',(#325,#326,#327,#328));
#1068=EDGE_LOOP('',(#329,#330,#331,#332,#333,#334));
#1069=EDGE_LOOP('',(#335,#336,#337,#338));
#1070=EDGE_LOOP('',(#339,#340,#341,#342,#343,#344));
#1071=EDGE_LOOP('',(#345,#346,#347,#348));
#1072=EDGE_LOOP('',(#349,#350,#351,#352,#353,#354));
#1073=EDGE_LOOP('',(#355,#356,#357,#358));
#1074=EDGE_LOOP('',(#359,#360,#361,#362,#363,#364));
#1075=EDGE_LOOP('',(#365,#366,#367,#368));
#1076=EDGE_LOOP('',(#369,#370,#371,#372,#373,#374));
#1077=EDGE_LOOP('',(#375,#376,#377,#378));
#1078=EDGE_LOOP('',(#379,#380,#381,#382,#383,#384));
#1079=EDGE_LOOP('',(#385,#386,#387,#388));
#1080=EDGE_LOOP('',(#389,#390,#391,#392,#393,#394));
#1081=EDGE_LOOP('',(#395,#396,#397,#398));
#1082=EDGE_LOOP('',(#399,#400,#401,#402,#403,#404));
#1083=EDGE_LOOP('',(#405,#406,#407,#408));
#1084=EDGE_LOOP('',(#409,#410,#411,#412,#413,#414));
#1085=EDGE_LOOP('',(#415,#416,#417,#418));
#1086=EDGE_LOOP('',(#419,#420,#421,#422,#423,#424));
#1087=EDGE_LOOP('',(#425,#426,#427,#428));
#1088=EDGE_LOOP('',(#429,#430,#431,#432,#433,#434));
#1089=EDGE_LOOP('',(#435,#436,#437,#438));
#1090=EDGE_LOOP('',(#439,#440,#441,#442,#443,#444));
#1091=EDGE_LOOP('',(#445,#446,#447,#448));
#1092=EDGE_LOOP('',(#449,#450,#451,#452,#453,#454));
#1093=EDGE_LOOP('',(#455,#456,#457,#458));
#1094=EDGE_LOOP('',(#459,#460,#461,#462,#463,#464));
#1095=EDGE_LOOP('',(#465,#466,#467,#468));
#1096=EDGE_LOOP('',(#469,#470,#471,#472,#473,#474));
#1097=EDGE_LOOP('',(#475,#476,#477,#478));
#1098=EDGE_LOOP('',(#479,#480,#481,#482,#483,#484));
#1099=EDGE_LOOP('',(#485,#486,#487,#488));
#1100=EDGE_LOOP('',(#489,#490,#491,#492,#493,#494));
#1101=EDGE_LOOP('',(#495,#496,#497,#498,#499,#500));
#1102=EDGE_LOOP('',(#501));
#1103=EDGE_LOOP('',(#502,#503,#504,#505,#506,#507,#508,#509,#510,#511,#512,
#513,#514,#515,#516,#517,#518,#519,#520,#521,#522,#523,#524,#525,#526,#527,
#528,#529,#530,#531,#532,#533,#534,#535,#536,#537,#538,#539,#540,#541));
#1104=FACE_BOUND('',#1006,.T.);
#1105=FACE_BOUND('',#1007,.T.);
#1106=FACE_BOUND('',#1008,.T.);
#1107=FACE_BOUND('',#1009,.T.);
#1108=FACE_BOUND('',#1010,.T.);
#1109=FACE_BOUND('',#1011,.T.);
#1110=FACE_BOUND('',#1012,.T.);
#1111=FACE_BOUND('',#1013,.T.);
#1112=FACE_BOUND('',#1014,.T.);
#1113=FACE_BOUND('',#1015,.T.);
#1114=FACE_BOUND('',#1016,.T.);
#1115=FACE_BOUND('',#1017,.T.);
#1116=FACE_BOUND('',#1018,.T.);
#1117=FACE_BOUND('',#1019,.T.);
#1118=FACE_BOUND('',#1020,.T.);
#1119=FACE_BOUND('',#1021,.T.);
#1120=FACE_BOUND('',#1022,.T.);
#1121=FACE_BOUND('',#1023,.T.);
#1122=FACE_BOUND('',#1024,.T.);
#1123=FACE_BOUND('',#1025,.T.);
#1124=FACE_BOUND('',#1026,.T.);
#1125=FACE_BOUND('',#1027,.T.);
#1126=FACE_BOUND('',#1028,.T.);
#1127=FACE_BOUND('',#1029,.T.);
#1128=FACE_BOUND('',#1030,.T.);
#1129=FACE_BOUND('',#1031,.T.);
#1130=FACE_BOUND('',#1032,.T.);
#1131=FACE_BOUND('',#1033,.T.);
#1132=FACE_BOUND('',#1034,.T.);
#1133=FACE_BOUND('',#1035,.T.);
#1134=FACE_BOUND('',#1036,.T.);
#1135=FACE_BOUND('',#1037,.T.);
#1136=FACE_BOUND('',#1038,.T.);
#1137=FACE_BOUND('',#1039,.T.);
#1138=FACE_BOUND('',#1040,.T.);
#1139=FACE_BOUND('',#1041,.T.);
#1140=FACE_BOUND('',#1042,.T.);
#1141=FACE_BOUND('',#1043,.T.);
#1142=FACE_BOUND('',#1044,.T.);
#1143=FACE_BOUND('',#1045,.T.);
#1144=FACE_BOUND('',#1046,.T.);
#1145=FACE_BOUND('',#1047,.T.);
#1146=FACE_BOUND('',#1048,.T.);
#1147=FACE_BOUND('',#1049,.T.);
#1148=FACE_BOUND('',#1050,.T.);
#1149=FACE_BOUND('',#1051,.T.);
#1150=FACE_BOUND('',#1052,.T.);
#1151=FACE_BOUND('',#1053,.T.);
#1152=FACE_BOUND('',#1054,.T.);
#1153=FACE_BOUND('',#1055,.T.);
#1154=FACE_BOUND('',#1056,.T.);
#1155=FACE_BOUND('',#1057,.T.);
#1156=FACE_BOUND('',#1058,.T.);
#1157=FACE_BOUND('',#1059,.T.);
#1158=FACE_BOUND('',#1060,.T.);
#1159=FACE_BOUND('',#1061,.T.);
#1160=FACE_BOUND('',#1062,.T.);
#1161=FACE_BOUND('',#1063,.T.);
#1162=FACE_BOUND('',#1064,.T.);
#1163=FACE_BOUND('',#1065,.T.);
#1164=FACE_BOUND('',#1066,.T.);
#1165=FACE_BOUND('',#1067,.T.);
#1166=FACE_BOUND('',#1068,.T.);
#1167=FACE_BOUND('',#1069,.T.);
#1168=FACE_BOUND('',#1070,.T.);
#1169=FACE_BOUND('',#1071,.T.);
#1170=FACE_BOUND('',#1072,.T.);
#1171=FACE_BOUND('',#1073,.T.);
#1172=FACE_BOUND('',#1074,.T.);
#1173=FACE_BOUND('',#1075,.T.);
#1174=FACE_BOUND('',#1076,.T.);
#1175=FACE_BOUND('',#1077,.T.);
#1176=FACE_BOUND('',#1078,.T.);
#1177=FACE_BOUND('',#1079,.T.);
#1178=FACE_BOUND('',#1080,.T.);
#1179=FACE_BOUND('',#1081,.T.);
#1180=FACE_BOUND('',#1082,.T.);
#1181=FACE_BOUND('',#1083,.T.);
#1182=FACE_BOUND('',#1084,.T.);
#1183=FACE_BOUND('',#1085,.T.);
#1184=FACE_BOUND('',#1086,.T.);
#1185=FACE_BOUND('',#1087,.T.);
#1186=FACE_BOUND('',#1088,.T.);
#1187=FACE_BOUND('',#1089,.T.);
#1188=FACE_BOUND('',#1090,.T.);
#1189=FACE_BOUND('',#1091,.T.);
#1190=FACE_BOUND('',#1092,.T.);
#1191=FACE_BOUND('',#1093,.T.);
#1192=FACE_BOUND('',#1094,.T.);
#1193=FACE_BOUND('',#1095,.T.);
#1194=FACE_BOUND('',#1096,.T.);
#1195=FACE_BOUND('',#1097,.T.);
#1196=FACE_BOUND('',#1098,.T.);
#1197=FACE_BOUND('',#1099,.T.);
#1198=FACE_BOUND('',#1100,.T.);
#1199=FACE_BOUND('',#1101,.T.);
#1200=FACE_BOUND('',#1102,.T.);
#1201=FACE_BOUND('',#1103,.T.);
#1202=CONICAL_SURFACE('',#1317,0.0115,1.0471975511966);
#1203=CONICAL_SURFACE('',#1362,0.011,0.785398163397448);
#1204=CONICAL_SURFACE('',#1405,0.0221106104193253,0.869205683204844);
#1205=CONICAL_SURFACE('',#1407,0.0221106104193253,0.869205683204844);
#1206=CONICAL_SURFACE('',#1409,0.0221106104193253,0.869205683204844);
#1207=CONICAL_SURFACE('',#1411,0.0221106104193253,0.869205683204844);
#1208=CONICAL_SURFACE('',#1413,0.0221106104193253,0.869205683204844);
#1209=CONICAL_SURFACE('',#1415,0.0221106104193253,0.869205683204844);
#1210=CONICAL_SURFACE('',#1417,0.0221106104193253,0.869205683204844);
#1211=CONICAL_SURFACE('',#1419,0.0221106104193253,0.869205683204844);
#1212=CONICAL_SURFACE('',#1421,0.0221106104193253,0.869205683204844);
#1213=CONICAL_SURFACE('',#1423,0.0221106104193253,0.869205683204844);
#1214=CONICAL_SURFACE('',#1425,0.0221106104193253,0.869205683204844);
#1215=CONICAL_SURFACE('',#1427,0.0221106104193253,0.869205683204844);
#1216=CONICAL_SURFACE('',#1429,0.0221106104193253,0.869205683204844);
#1217=CONICAL_SURFACE('',#1431,0.0221106104193253,0.869205683204844);
#1218=CONICAL_SURFACE('',#1433,0.0221106104193253,0.869205683204844);
#1219=CONICAL_SURFACE('',#1435,0.0221106104193253,0.869205683204844);
#1220=CONICAL_SURFACE('',#1437,0.0221106104193253,0.869205683204844);
#1221=CONICAL_SURFACE('',#1439,0.0221106104193253,0.869205683204844);
#1222=CONICAL_SURFACE('',#1441,0.0221106104193253,0.869205683204844);
#1223=CONICAL_SURFACE('',#1443,0.0221106104193253,0.869205683204844);
#1224=CONICAL_SURFACE('',#1445,0.0205450674231653,1.0471975511966);
#1225=ADVANCED_FACE('',(#1104,#1105),#1202,.F.);
#1226=ADVANCED_FACE('',(#1106,#1107,#1108,#1109,#1110,#1111),#64,.T.);
#1227=ADVANCED_FACE('',(#1112,#1113),#63,.T.);
#1228=ADVANCED_FACE('',(#1114,#1115),#65,.F.);
#1229=ADVANCED_FACE('',(#1116,#1117),#66,.F.);
#1230=ADVANCED_FACE('',(#1118,#1119),#67,.F.);
#1231=ADVANCED_FACE('',(#1120,#1121),#68,.F.);
#1232=ADVANCED_FACE('',(#1122,#1123),#62,.F.);
#1233=ADVANCED_FACE('',(#1124),#69,.T.);
#1234=ADVANCED_FACE('',(#1125),#70,.T.);
#1235=ADVANCED_FACE('',(#1126),#71,.T.);
#1236=ADVANCED_FACE('',(#1127),#72,.T.);
#1237=ADVANCED_FACE('',(#1128,#1129),#73,.F.);
#1238=ADVANCED_FACE('',(#1130,#1131),#74,.T.);
#1239=ADVANCED_FACE('',(#1132,#1133),#40,.T.);
#1240=ADVANCED_FACE('',(#1134,#1135),#41,.T.);
#1241=ADVANCED_FACE('',(#1136,#1137),#1203,.F.);
#1242=ADVANCED_FACE('$',(#1138,#1139),#75,.F.);
#1243=ADVANCED_FACE('',(#1140),#42,.T.);
#1244=ADVANCED_FACE('',(#1141),#43,.T.);
#1245=ADVANCED_FACE('',(#1142),#44,.T.);
#1246=ADVANCED_FACE('',(#1143),#45,.T.);
#1247=ADVANCED_FACE('',(#1144),#46,.T.);
#1248=ADVANCED_FACE('',(#1145),#47,.T.);
#1249=ADVANCED_FACE('',(#1146),#48,.T.);
#1250=ADVANCED_FACE('',(#1147),#49,.T.);
#1251=ADVANCED_FACE('',(#1148),#50,.T.);
#1252=ADVANCED_FACE('',(#1149),#51,.T.);
#1253=ADVANCED_FACE('',(#1150),#52,.T.);
#1254=ADVANCED_FACE('',(#1151),#53,.T.);
#1255=ADVANCED_FACE('',(#1152),#54,.T.);
#1256=ADVANCED_FACE('',(#1153),#55,.T.);
#1257=ADVANCED_FACE('',(#1154),#56,.T.);
#1258=ADVANCED_FACE('',(#1155),#57,.T.);
#1259=ADVANCED_FACE('',(#1156),#58,.T.);
#1260=ADVANCED_FACE('',(#1157),#59,.T.);
#1261=ADVANCED_FACE('',(#1158),#60,.T.);
#1262=ADVANCED_FACE('',(#1159),#61,.T.);
#1263=ADVANCED_FACE('',(#1160),#1204,.T.);
#1264=ADVANCED_FACE('',(#1161),#1205,.T.);
#1265=ADVANCED_FACE('',(#1162),#20,.F.);
#1266=ADVANCED_FACE('',(#1163),#1206,.T.);
#1267=ADVANCED_FACE('',(#1164),#21,.F.);
#1268=ADVANCED_FACE('',(#1165),#1207,.T.);
#1269=ADVANCED_FACE('',(#1166),#22,.F.);
#1270=ADVANCED_FACE('',(#1167),#1208,.T.);
#1271=ADVANCED_FACE('',(#1168),#23,.F.);
#1272=ADVANCED_FACE('',(#1169),#1209,.T.);
#1273=ADVANCED_FACE('',(#1170),#24,.F.);
#1274=ADVANCED_FACE('',(#1171),#1210,.T.);
#1275=ADVANCED_FACE('',(#1172),#25,.F.);
#1276=ADVANCED_FACE('',(#1173),#1211,.T.);
#1277=ADVANCED_FACE('',(#1174),#26,.F.);
#1278=ADVANCED_FACE('',(#1175),#1212,.T.);
#1279=ADVANCED_FACE('',(#1176),#27,.F.);
#1280=ADVANCED_FACE('',(#1177),#1213,.T.);
#1281=ADVANCED_FACE('',(#1178),#28,.F.);
#1282=ADVANCED_FACE('',(#1179),#1214,.T.);
#1283=ADVANCED_FACE('',(#1180),#29,.F.);
#1284=ADVANCED_FACE('',(#1181),#1215,.T.);
#1285=ADVANCED_FACE('',(#1182),#30,.F.);
#1286=ADVANCED_FACE('',(#1183),#1216,.T.);
#1287=ADVANCED_FACE('',(#1184),#31,.F.);
#1288=ADVANCED_FACE('',(#1185),#1217,.T.);
#1289=ADVANCED_FACE('',(#1186),#32,.F.);
#1290=ADVANCED_FACE('',(#1187),#1218,.T.);
#1291=ADVANCED_FACE('',(#1188),#33,.F.);
#1292=ADVANCED_FACE('',(#1189),#1219,.T.);
#1293=ADVANCED_FACE('',(#1190),#34,.F.);
#1294=ADVANCED_FACE('',(#1191),#1220,.T.);
#1295=ADVANCED_FACE('',(#1192),#35,.F.);
#1296=ADVANCED_FACE('',(#1193),#1221,.T.);
#1297=ADVANCED_FACE('',(#1194),#36,.F.);
#1298=ADVANCED_FACE('',(#1195),#1222,.T.);
#1299=ADVANCED_FACE('',(#1196),#37,.F.);
#1300=ADVANCED_FACE('',(#1197),#1223,.T.);
#1301=ADVANCED_FACE('',(#1198),#38,.F.);
#1302=ADVANCED_FACE('',(#1199),#39,.F.);
#1303=ADVANCED_FACE('',(#1200,#1201),#1224,.T.);
#1304=CLOSED_SHELL('',(#1225,#1226,#1227,#1228,#1229,#1230,#1231,#1232,
#1233,#1234,#1235,#1236,#1237,#1238,#1239,#1240,#1241,#1242,#1243,#1244,
#1245,#1246,#1247,#1248,#1249,#1250,#1251,#1252,#1253,#1254,#1255,#1256,
#1257,#1258,#1259,#1260,#1261,#1262,#1263,#1264,#1265,#1266,#1267,#1268,
#1269,#1270,#1271,#1272,#1273,#1274,#1275,#1276,#1277,#1278,#1279,#1280,
#1281,#1282,#1283,#1284,#1285,#1286,#1287,#1288,#1289,#1290,#1291,#1292,
#1293,#1294,#1295,#1296,#1297,#1298,#1299,#1300,#1301,#1302,#1303));
#1305=STYLED_ITEM('',(#1306),#1313);
#1306=PRESENTATION_STYLE_ASSIGNMENT((#1307));
#1307=SURFACE_STYLE_USAGE(.BOTH.,#1308);
#1308=SURFACE_SIDE_STYLE('',(#1309));
#1309=SURFACE_STYLE_FILL_AREA(#1310);
#1310=FILL_AREA_STYLE('',(#1311));
#1311=FILL_AREA_STYLE_COLOUR('',#1312);
#1312=COLOUR_RGB('',0.792156862745098,0.819607843137255,0.933333333333333);
#1313=MANIFOLD_SOLID_BREP('KP0088-01_InnerFrontDifferentialGear',#1304);
#1314=SHAPE_DEFINITION_REPRESENTATION(#10928,#1315);
#1315=SHAPE_REPRESENTATION('KP0088-01_InnerFrontDifferentialGear',(#1316),
#10923);
#1316=AXIS2_PLACEMENT_3D('',#1706,#1446,#1447);
#1317=AXIS2_PLACEMENT_3D('',#1707,#1448,#1449);
#1318=AXIS2_PLACEMENT_3D('',#1727,#1450,#1451);
#1319=AXIS2_PLACEMENT_3D('',#1747,#1452,#1453);
#1320=AXIS2_PLACEMENT_3D('',#1767,#1454,#1455);
#1321=AXIS2_PLACEMENT_3D('',#1787,#1456,#1457);
#1322=AXIS2_PLACEMENT_3D('',#1807,#1458,#1459);
#1323=AXIS2_PLACEMENT_3D('',#1827,#1460,#1461);
#1324=AXIS2_PLACEMENT_3D('',#1847,#1462,#1463);
#1325=AXIS2_PLACEMENT_3D('',#1867,#1464,#1465);
#1326=AXIS2_PLACEMENT_3D('',#1887,#1466,#1467);
#1327=AXIS2_PLACEMENT_3D('',#1907,#1468,#1469);
#1328=AXIS2_PLACEMENT_3D('',#1927,#1470,#1471);
#1329=AXIS2_PLACEMENT_3D('',#1947,#1472,#1473);
#1330=AXIS2_PLACEMENT_3D('',#1967,#1474,#1475);
#1331=AXIS2_PLACEMENT_3D('',#1987,#1476,#1477);
#1332=AXIS2_PLACEMENT_3D('',#2007,#1478,#1479);
#1333=AXIS2_PLACEMENT_3D('',#2027,#1480,#1481);
#1334=AXIS2_PLACEMENT_3D('',#2047,#1482,#1483);
#1335=AXIS2_PLACEMENT_3D('',#2067,#1484,#1485);
#1336=AXIS2_PLACEMENT_3D('',#2087,#1486,#1487);
#1337=AXIS2_PLACEMENT_3D('',#2107,#1488,#1489);
#1338=AXIS2_PLACEMENT_3D('',#2108,#1490,#1491);
#1339=AXIS2_PLACEMENT_3D('',#2110,#1492,#1493);
#1340=AXIS2_PLACEMENT_3D('',#2111,#1494,#1495);
#1341=AXIS2_PLACEMENT_3D('',#2161,#1496,#1497);
#1342=AXIS2_PLACEMENT_3D('',#2163,#1498,#1499);
#1343=AXIS2_PLACEMENT_3D('',#2164,#1500,#1501);
#1344=AXIS2_PLACEMENT_3D('',#2166,#1502,#1503);
#1345=AXIS2_PLACEMENT_3D('',#2179,#1504,#1505);
#1346=AXIS2_PLACEMENT_3D('',#2192,#1506,#1507);
#1347=AXIS2_PLACEMENT_3D('',#2205,#1508,#1509);
#1348=AXIS2_PLACEMENT_3D('',#2218,#1510,#1511);
#1349=AXIS2_PLACEMENT_3D('',#2219,#1512,#1513);
#1350=AXIS2_PLACEMENT_3D('',#2221,#1514,#1515);
#1351=AXIS2_PLACEMENT_3D('',#2222,#1516,#1517);
#1352=AXIS2_PLACEMENT_3D('',#2223,#1518,#1519);
#1353=AXIS2_PLACEMENT_3D('',#2224,#1520,#1521);
#1354=AXIS2_PLACEMENT_3D('',#2225,#1522,#1523);
#1355=AXIS2_PLACEMENT_3D('',#2226,#1524,#1525);
#1356=AXIS2_PLACEMENT_3D('',#2228,#1526,#1527);
#1357=AXIS2_PLACEMENT_3D('',#2229,#1528,#1529);
#1358=AXIS2_PLACEMENT_3D('',#2231,#1530,#1531);
#1359=AXIS2_PLACEMENT_3D('',#2232,#1532,#1533);
#1360=AXIS2_PLACEMENT_3D('',#2234,#1534,#1535);
#1361=AXIS2_PLACEMENT_3D('',#2235,#1536,#1537);
#1362=AXIS2_PLACEMENT_3D('',#2237,#1538,#1539);
#1363=AXIS2_PLACEMENT_3D('',#2238,#1540,#1541);
#1364=AXIS2_PLACEMENT_3D('',#2240,#1542,#1543);
#1365=AXIS2_PLACEMENT_3D('',#2241,#1544,#1545);
#1366=AXIS2_PLACEMENT_3D('',#2252,#1546,#1547);
#1367=AXIS2_PLACEMENT_3D('',#2253,#1548,#1549);
#1368=AXIS2_PLACEMENT_3D('',#2264,#1550,#1551);
#1369=AXIS2_PLACEMENT_3D('',#2265,#1552,#1553);
#1370=AXIS2_PLACEMENT_3D('',#2276,#1554,#1555);
#1371=AXIS2_PLACEMENT_3D('',#2277,#1556,#1557);
#1372=AXIS2_PLACEMENT_3D('',#2288,#1558,#1559);
#1373=AXIS2_PLACEMENT_3D('',#2289,#1560,#1561);
#1374=AXIS2_PLACEMENT_3D('',#2300,#1562,#1563);
#1375=AXIS2_PLACEMENT_3D('',#2301,#1564,#1565);
#1376=AXIS2_PLACEMENT_3D('',#2312,#1566,#1567);
#1377=AXIS2_PLACEMENT_3D('',#2313,#1568,#1569);
#1378=AXIS2_PLACEMENT_3D('',#2324,#1570,#1571);
#1379=AXIS2_PLACEMENT_3D('',#2325,#1572,#1573);
#1380=AXIS2_PLACEMENT_3D('',#2336,#1574,#1575);
#1381=AXIS2_PLACEMENT_3D('',#2337,#1576,#1577);
#1382=AXIS2_PLACEMENT_3D('',#2348,#1578,#1579);
#1383=AXIS2_PLACEMENT_3D('',#2349,#1580,#1581);
#1384=AXIS2_PLACEMENT_3D('',#2360,#1582,#1583);
#1385=AXIS2_PLACEMENT_3D('',#2361,#1584,#1585);
#1386=AXIS2_PLACEMENT_3D('',#2372,#1586,#1587);
#1387=AXIS2_PLACEMENT_3D('',#2373,#1588,#1589);
#1388=AXIS2_PLACEMENT_3D('',#2384,#1590,#1591);
#1389=AXIS2_PLACEMENT_3D('',#2385,#1592,#1593);
#1390=AXIS2_PLACEMENT_3D('',#2396,#1594,#1595);
#1391=AXIS2_PLACEMENT_3D('',#2397,#1596,#1597);
#1392=AXIS2_PLACEMENT_3D('',#2408,#1598,#1599);
#1393=AXIS2_PLACEMENT_3D('',#2409,#1600,#1601);
#1394=AXIS2_PLACEMENT_3D('',#2420,#1602,#1603);
#1395=AXIS2_PLACEMENT_3D('',#2421,#1604,#1605);
#1396=AXIS2_PLACEMENT_3D('',#2432,#1606,#1607);
#1397=AXIS2_PLACEMENT_3D('',#2433,#1608,#1609);
#1398=AXIS2_PLACEMENT_3D('',#2444,#1610,#1611);
#1399=AXIS2_PLACEMENT_3D('',#2445,#1612,#1613);
#1400=AXIS2_PLACEMENT_3D('',#2456,#1614,#1615);
#1401=AXIS2_PLACEMENT_3D('',#2457,#1616,#1617);
#1402=AXIS2_PLACEMENT_3D('',#2468,#1618,#1619);
#1403=AXIS2_PLACEMENT_3D('',#2469,#1620,#1621);
#1404=AXIS2_PLACEMENT_3D('',#2480,#1622,#1623);
#1405=AXIS2_PLACEMENT_3D('',#2481,#1624,#1625);
#1406=AXIS2_PLACEMENT_3D('',#2482,#1626,#1627);
#1407=AXIS2_PLACEMENT_3D('',#2493,#1628,#1629);
#1408=AXIS2_PLACEMENT_3D('',#2494,#1630,#1631);
#1409=AXIS2_PLACEMENT_3D('',#2915,#1632,#1633);
#1410=AXIS2_PLACEMENT_3D('',#2916,#1634,#1635);
#1411=AXIS2_PLACEMENT_3D('',#3337,#1636,#1637);
#1412=AXIS2_PLACEMENT_3D('',#3338,#1638,#1639);
#1413=AXIS2_PLACEMENT_3D('',#3759,#1640,#1641);
#1414=AXIS2_PLACEMENT_3D('',#3760,#1642,#1643);
#1415=AXIS2_PLACEMENT_3D('',#4181,#1644,#1645);
#1416=AXIS2_PLACEMENT_3D('',#4182,#1646,#1647);
#1417=AXIS2_PLACEMENT_3D('',#4603,#1648,#1649);
#1418=AXIS2_PLACEMENT_3D('',#4604,#1650,#1651);
#1419=AXIS2_PLACEMENT_3D('',#5025,#1652,#1653);
#1420=AXIS2_PLACEMENT_3D('',#5026,#1654,#1655);
#1421=AXIS2_PLACEMENT_3D('',#5447,#1656,#1657);
#1422=AXIS2_PLACEMENT_3D('',#5448,#1658,#1659);
#1423=AXIS2_PLACEMENT_3D('',#5869,#1660,#1661);
#1424=AXIS2_PLACEMENT_3D('',#5870,#1662,#1663);
#1425=AXIS2_PLACEMENT_3D('',#6291,#1664,#1665);
#1426=AXIS2_PLACEMENT_3D('',#6292,#1666,#1667);
#1427=AXIS2_PLACEMENT_3D('',#6713,#1668,#1669);
#1428=AXIS2_PLACEMENT_3D('',#6714,#1670,#1671);
#1429=AXIS2_PLACEMENT_3D('',#7135,#1672,#1673);
#1430=AXIS2_PLACEMENT_3D('',#7136,#1674,#1675);
#1431=AXIS2_PLACEMENT_3D('',#7557,#1676,#1677);
#1432=AXIS2_PLACEMENT_3D('',#7558,#1678,#1679);
#1433=AXIS2_PLACEMENT_3D('',#7979,#1680,#1681);
#1434=AXIS2_PLACEMENT_3D('',#7980,#1682,#1683);
#1435=AXIS2_PLACEMENT_3D('',#8401,#1684,#1685);
#1436=AXIS2_PLACEMENT_3D('',#8402,#1686,#1687);
#1437=AXIS2_PLACEMENT_3D('',#8823,#1688,#1689);
#1438=AXIS2_PLACEMENT_3D('',#8824,#1690,#1691);
#1439=AXIS2_PLACEMENT_3D('',#9245,#1692,#1693);
#1440=AXIS2_PLACEMENT_3D('',#9246,#1694,#1695);
#1441=AXIS2_PLACEMENT_3D('',#9667,#1696,#1697);
#1442=AXIS2_PLACEMENT_3D('',#9668,#1698,#1699);
#1443=AXIS2_PLACEMENT_3D('',#10089,#1700,#1701);
#1444=AXIS2_PLACEMENT_3D('',#10090,#1702,#1703);
#1445=AXIS2_PLACEMENT_3D('',#10921,#1704,#1705);
#1446=DIRECTION('',(0.,0.,1.));
#1447=DIRECTION('',(1.,0.,0.));
#1448=DIRECTION('',(0.,-1.,0.));
#1449=DIRECTION('',(1.,0.,0.));
#1450=DIRECTION('',(0.,-1.,0.));
#1451=DIRECTION('',(1.,0.,0.));
#1452=DIRECTION('',(0.,-1.,0.));
#1453=DIRECTION('',(1.,0.,0.));
#1454=DIRECTION('',(0.,-1.,0.));
#1455=DIRECTION('',(1.,0.,0.));
#1456=DIRECTION('',(0.,-1.,0.));
#1457=DIRECTION('',(1.,0.,0.));
#1458=DIRECTION('',(0.,-1.,0.));
#1459=DIRECTION('',(1.,0.,0.));
#1460=DIRECTION('',(0.,-1.,0.));
#1461=DIRECTION('',(1.,0.,0.));
#1462=DIRECTION('',(0.,-1.,0.));
#1463=DIRECTION('',(1.,0.,0.));
#1464=DIRECTION('',(0.,-1.,0.));
#1465=DIRECTION('',(1.,0.,0.));
#1466=DIRECTION('',(0.,-1.,0.));
#1467=DIRECTION('',(1.,0.,0.));
#1468=DIRECTION('',(0.,-1.,0.));
#1469=DIRECTION('',(1.,0.,0.));
#1470=DIRECTION('',(0.,-1.,0.));
#1471=DIRECTION('',(1.,0.,0.));
#1472=DIRECTION('',(0.,-1.,0.));
#1473=DIRECTION('',(1.,0.,0.));
#1474=DIRECTION('',(0.,-1.,0.));
#1475=DIRECTION('',(1.,0.,0.));
#1476=DIRECTION('',(0.,-1.,0.));
#1477=DIRECTION('',(1.,0.,0.));
#1478=DIRECTION('',(0.,-1.,0.));
#1479=DIRECTION('',(1.,0.,0.));
#1480=DIRECTION('',(0.,-1.,0.));
#1481=DIRECTION('',(1.,0.,0.));
#1482=DIRECTION('',(0.,-1.,0.));
#1483=DIRECTION('',(1.,0.,0.));
#1484=DIRECTION('',(0.,-1.,0.));
#1485=DIRECTION('',(1.,0.,0.));
#1486=DIRECTION('',(0.,-1.,0.));
#1487=DIRECTION('',(1.,0.,0.));
#1488=DIRECTION('',(0.,-1.,0.));
#1489=DIRECTION('',(1.,0.,0.));
#1490=DIRECTION('',(0.,-1.,0.));
#1491=DIRECTION('',(1.,0.,0.));
#1492=DIRECTION('',(0.,-1.,0.));
#1493=DIRECTION('',(1.,0.,0.));
#1494=DIRECTION('',(0.,-1.,0.));
#1495=DIRECTION('',(1.,0.,0.));
#1496=DIRECTION('',(0.,-1.,0.));
#1497=DIRECTION('',(1.,0.,0.));
#1498=DIRECTION('',(0.,-1.,0.));
#1499=DIRECTION('',(1.,0.,0.));
#1500=DIRECTION('',(0.,-1.,0.));
#1501=DIRECTION('',(1.,0.,0.));
#1502=DIRECTION('',(1.,-2.22044604925031E-16,1.83697019872103E-16));
#1503=DIRECTION('',(2.22044604925031E-16,1.,0.));
#1504=DIRECTION('',(-1.22464679914735E-16,-2.22044604925031E-16,1.));
#1505=DIRECTION('',(0.,-1.,-2.22044604925031E-16));
#1506=DIRECTION('',(-1.,-2.22044604925031E-16,-6.12323399573677E-17));
#1507=DIRECTION('',(2.22044604925031E-16,-1.,0.));
#1508=DIRECTION('',(0.,-2.22044604925031E-16,-1.));
#1509=DIRECTION('',(0.,1.,-2.22044604925031E-16));
#1510=DIRECTION('',(0.,-1.,0.));
#1511=DIRECTION('',(1.,0.,0.));
#1512=DIRECTION('',(0.,-1.,0.));
#1513=DIRECTION('',(1.,0.,0.));
#1514=DIRECTION('',(0.,-1.,0.));
#1515=DIRECTION('',(1.,0.,0.));
#1516=DIRECTION('',(0.,-1.,0.));
#1517=DIRECTION('',(1.,0.,0.));
#1518=DIRECTION('',(0.,-1.,0.));
#1519=DIRECTION('',(1.,0.,0.));
#1520=DIRECTION('',(0.,-1.,0.));
#1521=DIRECTION('',(1.,0.,0.));
#1522=DIRECTION('',(0.,-1.,0.));
#1523=DIRECTION('',(1.,0.,0.));
#1524=DIRECTION('',(0.,-1.,0.));
#1525=DIRECTION('',(1.,0.,0.));
#1526=DIRECTION('',(0.,-1.,0.));
#1527=DIRECTION('',(1.,0.,0.));
#1528=DIRECTION('',(0.,-1.,0.));
#1529=DIRECTION('',(1.,0.,0.));
#1530=DIRECTION('',(0.,-1.,0.));
#1531=DIRECTION('',(1.,0.,0.));
#1532=DIRECTION('',(0.,-1.,0.));
#1533=DIRECTION('',(1.,0.,0.));
#1534=DIRECTION('',(0.,1.,0.));
#1535=DIRECTION('',(-1.,0.,0.));
#1536=DIRECTION('',(0.,-1.,0.));
#1537=DIRECTION('',(1.,0.,0.));
#1538=DIRECTION('',(0.,-1.,0.));
#1539=DIRECTION('',(1.,0.,0.));
#1540=DIRECTION('',(0.,-1.,0.));
#1541=DIRECTION('',(1.,0.,0.));
#1542=DIRECTION('',(0.,-1.,0.));
#1543=DIRECTION('',(1.,0.,0.));
#1544=DIRECTION('',(0.,-1.,0.));
#1545=DIRECTION('',(1.,0.,0.));
#1546=DIRECTION('',(0.,-1.,0.));
#1547=DIRECTION('',(1.,0.,0.));
#1548=DIRECTION('',(0.,-1.,0.));
#1549=DIRECTION('',(1.,0.,0.));
#1550=DIRECTION('',(0.,-1.,0.));
#1551=DIRECTION('',(1.,0.,0.));
#1552=DIRECTION('',(0.,-1.,0.));
#1553=DIRECTION('',(1.,0.,0.));
#1554=DIRECTION('',(0.,-1.,0.));
#1555=DIRECTION('',(1.,0.,0.));
#1556=DIRECTION('',(0.,-1.,0.));
#1557=DIRECTION('',(1.,0.,0.));
#1558=DIRECTION('',(0.,-1.,0.));
#1559=DIRECTION('',(1.,0.,0.));
#1560=DIRECTION('',(0.,-1.,0.));
#1561=DIRECTION('',(1.,0.,0.));
#1562=DIRECTION('',(0.,-1.,0.));
#1563=DIRECTION('',(1.,0.,0.));
#1564=DIRECTION('',(0.,-1.,0.));
#1565=DIRECTION('',(1.,0.,0.));
#1566=DIRECTION('',(0.,-1.,0.));
#1567=DIRECTION('',(1.,0.,0.));
#1568=DIRECTION('',(0.,-1.,0.));
#1569=DIRECTION('',(1.,0.,0.));
#1570=DIRECTION('',(0.,-1.,0.));
#1571=DIRECTION('',(1.,0.,0.));
#1572=DIRECTION('',(0.,-1.,0.));
#1573=DIRECTION('',(1.,0.,0.));
#1574=DIRECTION('',(0.,-1.,0.));
#1575=DIRECTION('',(1.,0.,0.));
#1576=DIRECTION('',(0.,-1.,0.));
#1577=DIRECTION('',(1.,0.,0.));
#1578=DIRECTION('',(0.,-1.,0.));
#1579=DIRECTION('',(1.,0.,0.));
#1580=DIRECTION('',(0.,-1.,0.));
#1581=DIRECTION('',(1.,0.,0.));
#1582=DIRECTION('',(0.,-1.,0.));
#1583=DIRECTION('',(1.,0.,0.));
#1584=DIRECTION('',(0.,-1.,0.));
#1585=DIRECTION('',(1.,0.,0.));
#1586=DIRECTION('',(0.,-1.,0.));
#1587=DIRECTION('',(1.,0.,0.));
#1588=DIRECTION('',(0.,-1.,0.));
#1589=DIRECTION('',(1.,0.,0.));
#1590=DIRECTION('',(0.,-1.,0.));
#1591=DIRECTION('',(1.,0.,0.));
#1592=DIRECTION('',(0.,-1.,0.));
#1593=DIRECTION('',(1.,0.,0.));
#1594=DIRECTION('',(0.,-1.,0.));
#1595=DIRECTION('',(1.,0.,0.));
#1596=DIRECTION('',(0.,-1.,0.));
#1597=DIRECTION('',(1.,0.,0.));
#1598=DIRECTION('',(0.,-1.,0.));
#1599=DIRECTION('',(1.,0.,0.));
#1600=DIRECTION('',(0.,-1.,0.));
#1601=DIRECTION('',(1.,0.,0.));
#1602=DIRECTION('',(0.,-1.,0.));
#1603=DIRECTION('',(1.,0.,0.));
#1604=DIRECTION('',(0.,-1.,0.));
#1605=DIRECTION('',(1.,0.,0.));
#1606=DIRECTION('',(0.,-1.,0.));
#1607=DIRECTION('',(1.,0.,0.));
#1608=DIRECTION('',(0.,-1.,0.));
#1609=DIRECTION('',(1.,0.,0.));
#1610=DIRECTION('',(0.,-1.,0.));
#1611=DIRECTION('',(1.,0.,0.));
#1612=DIRECTION('',(0.,-1.,0.));
#1613=DIRECTION('',(1.,0.,0.));
#1614=DIRECTION('',(0.,-1.,0.));
#1615=DIRECTION('',(1.,0.,0.));
#1616=DIRECTION('',(0.,-1.,0.));
#1617=DIRECTION('',(1.,0.,0.));
#1618=DIRECTION('',(0.,-1.,0.));
#1619=DIRECTION('',(1.,0.,0.));
#1620=DIRECTION('',(0.,-1.,0.));
#1621=DIRECTION('',(1.,0.,0.));
#1622=DIRECTION('',(0.,-1.,0.));
#1623=DIRECTION('',(1.,0.,0.));
#1624=DIRECTION('',(0.,1.,0.));
#1625=DIRECTION('',(-1.,0.,0.));
#1626=DIRECTION('',(0.,-1.,0.));
#1627=DIRECTION('',(1.,0.,0.));
#1628=DIRECTION('',(0.,1.,0.));
#1629=DIRECTION('',(-1.,0.,0.));
#1630=DIRECTION('',(0.,-1.,0.));
#1631=DIRECTION('',(1.,0.,0.));
#1632=DIRECTION('',(0.,1.,0.));
#1633=DIRECTION('',(-1.,0.,0.));
#1634=DIRECTION('',(0.,-1.,0.));
#1635=DIRECTION('',(1.,0.,0.));
#1636=DIRECTION('',(0.,1.,0.));
#1637=DIRECTION('',(-1.,0.,0.));
#1638=DIRECTION('',(0.,-1.,0.));
#1639=DIRECTION('',(1.,0.,0.));
#1640=DIRECTION('',(0.,1.,0.));
#1641=DIRECTION('',(-1.,0.,0.));
#1642=DIRECTION('',(0.,-1.,0.));
#1643=DIRECTION('',(1.,0.,0.));
#1644=DIRECTION('',(0.,1.,0.));
#1645=DIRECTION('',(-1.,0.,0.));
#1646=DIRECTION('',(0.,-1.,0.));
#1647=DIRECTION('',(1.,0.,0.));
#1648=DIRECTION('',(0.,1.,0.));
#1649=DIRECTION('',(-1.,0.,0.));
#1650=DIRECTION('',(0.,-1.,0.));
#1651=DIRECTION('',(1.,0.,0.));
#1652=DIRECTION('',(0.,1.,0.));
#1653=DIRECTION('',(-1.,0.,0.));
#1654=DIRECTION('',(0.,-1.,0.));
#1655=DIRECTION('',(1.,0.,0.));
#1656=DIRECTION('',(0.,1.,0.));
#1657=DIRECTION('',(-1.,0.,0.));
#1658=DIRECTION('',(0.,-1.,0.));
#1659=DIRECTION('',(1.,0.,0.));
#1660=DIRECTION('',(0.,1.,0.));
#1661=DIRECTION('',(-1.,0.,0.));
#1662=DIRECTION('',(0.,-1.,0.));
#1663=DIRECTION('',(1.,0.,0.));
#1664=DIRECTION('',(0.,1.,0.));
#1665=DIRECTION('',(-1.,0.,0.));
#1666=DIRECTION('',(0.,-1.,0.));
#1667=DIRECTION('',(1.,0.,0.));
#1668=DIRECTION('',(0.,1.,0.));
#1669=DIRECTION('',(-1.,0.,0.));
#1670=DIRECTION('',(0.,-1.,0.));
#1671=DIRECTION('',(1.,0.,0.));
#1672=DIRECTION('',(0.,1.,0.));
#1673=DIRECTION('',(-1.,0.,0.));
#1674=DIRECTION('',(0.,-1.,0.));
#1675=DIRECTION('',(1.,0.,0.));
#1676=DIRECTION('',(0.,1.,0.));
#1677=DIRECTION('',(-1.,0.,0.));
#1678=DIRECTION('',(0.,-1.,0.));
#1679=DIRECTION('',(1.,0.,0.));
#1680=DIRECTION('',(0.,1.,0.));
#1681=DIRECTION('',(-1.,0.,0.));
#1682=DIRECTION('',(0.,-1.,0.));
#1683=DIRECTION('',(1.,0.,0.));
#1684=DIRECTION('',(0.,1.,0.));
#1685=DIRECTION('',(-1.,0.,0.));
#1686=DIRECTION('',(0.,-1.,0.));
#1687=DIRECTION('',(1.,0.,0.));
#1688=DIRECTION('',(0.,1.,0.));
#1689=DIRECTION('',(-1.,0.,0.));
#1690=DIRECTION('',(0.,-1.,0.));
#1691=DIRECTION('',(1.,0.,0.));
#1692=DIRECTION('',(0.,1.,0.));
#1693=DIRECTION('',(-1.,0.,0.));
#1694=DIRECTION('',(0.,-1.,0.));
#1695=DIRECTION('',(1.,0.,0.));
#1696=DIRECTION('',(0.,1.,0.));
#1697=DIRECTION('',(-1.,0.,0.));
#1698=DIRECTION('',(0.,-1.,0.));
#1699=DIRECTION('',(1.,0.,0.));
#1700=DIRECTION('',(0.,1.,0.));
#1701=DIRECTION('',(-1.,0.,0.));
#1702=DIRECTION('',(0.,-1.,0.));
#1703=DIRECTION('',(1.,0.,0.));
#1704=DIRECTION('',(0.,-1.,0.));
#1705=DIRECTION('',(1.,0.,0.));
#1706=CARTESIAN_POINT('',(0.,0.,0.));
#1707=CARTESIAN_POINT('',(0.,0.0156115445899657,0.));
#1708=CARTESIAN_POINT('',(0.00181858088248578,0.0134643259709999,0.0151100468912545));
#1709=CARTESIAN_POINT('',(0.00164326361656221,0.0135966644513706,0.0149002761660219));
#1710=CARTESIAN_POINT('',(0.00139915889076826,0.0137978774385521,0.0145752548225894));
#1711=CARTESIAN_POINT('',(0.00112592343119043,0.0140756724373794,0.0141156912080485));
#1712=CARTESIAN_POINT('',(0.000949598015129309,0.0142906661949269,0.0137552827316369));
#1713=CARTESIAN_POINT('',(0.000831007634814548,0.0145158719040522,0.0133719762084149));
#1714=CARTESIAN_POINT('',(0.000773486752044721,0.0147410783824429,0.0129847762321135));
#1715=CARTESIAN_POINT('',(0.000497359279502849,0.0149553129265088,0.012628712483097));
#1716=CARTESIAN_POINT('',(2.74890028509911E-5,0.0149819186600384,0.0125939698199192));
#1717=CARTESIAN_POINT('',(-0.000451182877765944,0.0149697260969398,0.012605712257028));
#1718=CARTESIAN_POINT('',(-0.000756406387359519,0.0147661222687415,0.0129424449792026));
#1719=CARTESIAN_POINT('',(-0.000830264371559628,0.0145372363295404,0.0133349167188239));
#1720=CARTESIAN_POINT('',(-0.00093444886083126,0.0143092739381187,0.0137239977205722));
#1721=CARTESIAN_POINT('',(-0.00111168380622234,0.0140918853667717,0.0140886636791834));
#1722=CARTESIAN_POINT('',(-0.00138977229965504,0.0138052556693342,0.0145633505376493));
#1723=CARTESIAN_POINT('',(-0.00163968353293763,0.0135993668824403,0.0148959925221129));
#1724=CARTESIAN_POINT('',(-0.00181858088248575,0.0134643259709999,0.0151100468912545));
#1725=CARTESIAN_POINT('',(0.0018185808824858,0.0134643259709999,0.0151100468912545));
#1726=CARTESIAN_POINT('',(-0.00181858088248576,0.0134643259709999,0.0151100468912545));
#1727=CARTESIAN_POINT('',(0.,0.0134643259709999,0.));
#1728=CARTESIAN_POINT('',(-0.00293968807650783,0.0134643259709999,0.0149324809557853));
#1729=CARTESIAN_POINT('',(-0.00293968807650556,0.0134643259710009,0.0149324809557849));
#1730=CARTESIAN_POINT('',(-0.00304160198566186,0.0135966644513716,0.0146788011260467));
#1731=CARTESIAN_POINT('',(-0.00317332225712825,0.0137978774385534,0.0142942549507617));
#1732=CARTESIAN_POINT('',(-0.00329117165455345,0.0140756724373806,0.0137727495800253));
#1733=CARTESIAN_POINT('',(-0.0033474947463586,0.0142906661949281,0.0133754931999029));
#1734=CARTESIAN_POINT('',(-0.00334183267059579,0.0145158719040533,0.0129743005903679));
#1735=CARTESIAN_POINT('',(-0.00327688690807899,0.0147410783824439,0.0125882765994899));
#1736=CARTESIAN_POINT('',(-0.00342946999064226,0.0149553129265094,0.0121643117691425));
#1737=CARTESIAN_POINT('',(-0.00386560710571391,0.0149819186600384,0.0119860716322975));
#1738=CARTESIAN_POINT('',(-0.00432447972956378,0.0149697260969394,0.0118493216077877));
#1739=CARTESIAN_POINT('',(-0.00471882067100258,0.0147661222687408,0.0120752542059151));
#1740=CARTESIAN_POINT('',(-0.00491034422551097,0.0145372363295398,0.0124256936390555));
#1741=CARTESIAN_POINT('',(-0.00512966220465851,0.0143092739381183,0.0127635368833994));
#1742=CARTESIAN_POINT('',(-0.00541091063286867,0.0140918853667714,0.0130555862094844));
#1743=CARTESIAN_POINT('',(-0.00582207481292684,0.013805255669334,0.0134211061690171));
#1744=CARTESIAN_POINT('',(-0.0061625465460773,0.0135993668824402,0.0136602406777649));
#1745=CARTESIAN_POINT('',(-0.00639883447389785,0.0134643259709999,0.0138085361591194));
#1746=CARTESIAN_POINT('',(-0.00639883447389786,0.0134643259709999,0.0138085361591194));
#1747=CARTESIAN_POINT('',(0.,0.0134643259709999,0.));
#1748=CARTESIAN_POINT('',(-0.00741019988455586,0.0134643259709999,0.0132932197436506));
#1749=CARTESIAN_POINT('',(-0.00741019988455357,0.0134643259710009,0.0132932197436509));
#1750=CARTESIAN_POINT('',(-0.00742873439343853,0.0135966644513716,0.0130204627586332));
#1751=CARTESIAN_POINT('',(-0.00743517651265984,0.0137978774385534,0.0126140338104252));
#1752=CARTESIAN_POINT('',(-0.00738610392780719,0.0140756724373807,0.0120816352627222));
#1753=CARTESIAN_POINT('',(-0.00731691139870468,0.0142906661949281,0.0116864172012235));
#1754=CARTESIAN_POINT('',(-0.00718755111029071,0.0145158719040534,0.0113066100332699));
#1755=CARTESIAN_POINT('',(-0.00700649604622563,0.0147410783824439,0.0109595487456294));
#1756=CARTESIAN_POINT('',(-0.00702059884357925,0.0149553129265094,0.0105091834654814));
#1757=CARTESIAN_POINT('',(-0.0073803106575015,0.0149819186600384,0.0102048932414349));
#1758=CARTESIAN_POINT('',(-0.00777446637500863,0.0149697260969394,0.00993303680049827));
#1759=CARTESIAN_POINT('',(-0.00821932390941061,0.0147661222687408,0.0100260534177084));
#1760=CARTESIAN_POINT('',(-0.00850976537428933,0.0145372363295398,0.0103001570909972));
#1761=CARTESIAN_POINT('',(-0.00882274847143532,0.0143092739381183,0.0105536921272882));
#1762=CARTESIAN_POINT('',(-0.00918047982673837,0.0140918853667714,0.0107445369979828));
#1763=CARTESIAN_POINT('',(-0.00968447207872868,0.013805255669334,0.010965110418216));
#1764=CARTESIAN_POINT('',(-0.0100821765663003,0.0135993668824402,0.0110873292993839));
#1765=CARTESIAN_POINT('',(-0.0103527255637035,0.0134643259709999,0.0111553496980011));
#1766=CARTESIAN_POINT('',(-0.0103527255637035,0.0134643259709999,0.0111553496980011));
#1767=CARTESIAN_POINT('',(0.,0.0134643259709999,0.));
#1768=CARTESIAN_POINT('',(-0.011155349698001,0.0134643259709999,0.0103527255637035));
#1769=CARTESIAN_POINT('',(-0.0111553496980011,0.0134643259709999,0.0103527255637035));
#1770=CARTESIAN_POINT('',(-0.0110886905197476,0.0135966644513706,0.0100875907775095));
#1771=CARTESIAN_POINT('',(-0.0109692238872128,0.0137978774385521,0.00969906315358508));
#1772=CARTESIAN_POINT('',(-0.0107580328865959,0.0140756724373795,0.00920788630820336));
#1773=CARTESIAN_POINT('',(-0.0105700977834272,0.0142906661949269,0.00885339326283374));
#1774=CARTESIAN_POINT('',(-0.0103297019686986,0.0145158719040523,0.00853214970833232));
#1775=CARTESIAN_POINT('',(-0.0100502605342401,0.014741078382443,0.00825802390088207));
#1776=CARTESIAN_POINT('',(-0.00992450256631797,0.0149553129265089,0.00782534306243403));
#1777=CARTESIAN_POINT('',(-0.0101725779804838,0.0149819186600384,0.00742478879842976));
#1778=CARTESIAN_POINT('',(-0.010463434083774,0.0149697260969398,0.00704443714363987));
#1779=CARTESIAN_POINT('',(-0.0109152624561674,0.0147661222687414,0.00699543266535445));
#1780=CARTESIAN_POINT('',(-0.0112761913972098,0.0145372363295404,0.00716636940145726));
#1781=CARTESIAN_POINT('',(-0.0116522026461241,0.0143092739381187,0.00731077845386106));
#1782=CARTESIAN_POINT('',(-0.0120513996910023,0.0140918853667717,0.00738173764352731));
#1783=CARTESIAN_POINT('',(-0.0125988857417796,0.0138052556693341,0.0074357732612634));
#1784=CARTESIAN_POINT('',(-0.013014892897559,0.0135993668824403,0.00742911287921361));
#1785=CARTESIAN_POINT('',(-0.0132932197436534,0.0134643259709999,0.00741019988455077));
#1786=CARTESIAN_POINT('',(-0.0132932197436534,0.0134643259709999,0.00741019988455076));
#1787=CARTESIAN_POINT('',(0.,0.0134643259709999,0.));
#1788=CARTESIAN_POINT('',(-0.0138085361591219,0.0134643259709999,0.00639883447389256));
#1789=CARTESIAN_POINT('',(-0.0138085361591202,0.0134643259710009,0.00639883447389416));
#1790=CARTESIAN_POINT('',(-0.0136632083585374,0.0135966644513716,0.00616727512669934));
#1791=CARTESIAN_POINT('',(-0.0134295272006059,0.0137978774385534,0.00583468061792138));
#1792=CARTESIAN_POINT('',(-0.0130768906308204,0.0140756724373806,0.00543280528671736));
#1793=CARTESIAN_POINT('',(-0.0127886093509041,0.0142906661949281,0.00515373750665626));
#1794=CARTESIAN_POINT('',(-0.012460709627142,0.0145158719040533,0.00492250312295838));
#1795=CARTESIAN_POINT('',(-0.0121102354968789,0.0147410783824439,0.00474814613967793));
#1796=CARTESIAN_POINT('',(-0.0118569268297906,0.0149553129265093,0.00437550355806132));
#1797=CARTESIAN_POINT('',(-0.0119690824942198,0.0149819186600384,0.00391789429628664));
#1798=CARTESIAN_POINT('',(-0.0121281679613898,0.0149697260969394,0.00346627889768115));
#1799=CARTESIAN_POINT('',(-0.012542739062611,0.0147661222687409,0.0032800502236707));
#1800=CARTESIAN_POINT('',(-0.0129388252403274,0.0145372363295399,0.00333108754387195));
#1801=CARTESIAN_POINT('',(-0.0133410580401418,0.0143092739381184,0.00335223484818159));
#1802=CARTESIAN_POINT('',(-0.0137426445864728,0.0140918853667714,0.0032963623769331));
#1803=CARTESIAN_POINT('',(-0.0142800326868271,0.013805255669334,0.00317857080941962));
#1804=CARTESIAN_POINT('',(-0.0146736208319139,0.0135993668824402,0.00304368312875277));
#1805=CARTESIAN_POINT('',(-0.0149324809557864,0.0134643259709999,0.00293968807650212));
#1806=CARTESIAN_POINT('',(-0.0149324809557864,0.0134643259709999,0.00293968807650211));
#1807=CARTESIAN_POINT('',(0.,0.0134643259709999,0.));
#1808=CARTESIAN_POINT('',(-0.0151100468912552,0.0134643259709999,0.00181858088247997));
#1809=CARTESIAN_POINT('',(-0.0151100468912541,0.0134643259710009,0.00181858088248201));
#1810=CARTESIAN_POINT('',(-0.0149002761660214,0.0135966644513716,0.00164326361655852));
#1811=CARTESIAN_POINT('',(-0.014575254822587,0.0137978774385534,0.00139915889076729));
#1812=CARTESIAN_POINT('',(-0.0141156912080464,0.0140756724373807,0.00112592343118923));
#1813=CARTESIAN_POINT('',(-0.0137552827316348,0.0142906661949281,0.000949598015128379));
#1814=CARTESIAN_POINT('',(-0.0133719762084128,0.0145158719040534,0.000831007634814425));
#1815=CARTESIAN_POINT('',(-0.0129847762321117,0.014741078382444,0.000773486752043976));
#1816=CARTESIAN_POINT('',(-0.0126287124830961,0.0149553129265094,0.000497359279501075));
#1817=CARTESIAN_POINT('',(-0.0125939698199192,0.0149819186600384,2.74890028491902E-5));
#1818=CARTESIAN_POINT('',(-0.0126057122570287,0.0149697260969394,-0.000451182877767356));
#1819=CARTESIAN_POINT('',(-0.0129424449792037,0.0147661222687408,-0.000756406387359973));
#1820=CARTESIAN_POINT('',(-0.0133349167188248,0.0145372363295398,-0.000830264371559639));
#1821=CARTESIAN_POINT('',(-0.0137239977205729,0.0143092739381183,-0.000934448860831614));
#1822=CARTESIAN_POINT('',(-0.0140886636791839,0.0140918853667714,-0.0011116838062226));
#1823=CARTESIAN_POINT('',(-0.0145633505376495,0.013805255669334,-0.00138977229965525));
#1824=CARTESIAN_POINT('',(-0.014895992522113,0.0135993668824402,-0.00163968353293772));
#1825=CARTESIAN_POINT('',(-0.0151100468912545,0.0134643259709999,-0.00181858088248575));
#1826=CARTESIAN_POINT('',(-0.0151100468912545,0.0134643259709999,-0.00181858088248576));
#1827=CARTESIAN_POINT('',(0.,0.0134643259709999,0.));
#1828=CARTESIAN_POINT('',(-0.0149324809557852,0.0134643259709999,-0.00293968807650815));
#1829=CARTESIAN_POINT('',(-0.0149324809557848,0.0134643259710009,-0.00293968807650575));
#1830=CARTESIAN_POINT('',(-0.0146788011260465,0.0135966644513717,-0.00304160198566206));
#1831=CARTESIAN_POINT('',(-0.0142942549507615,0.0137978774385535,-0.00317332225712828));
#1832=CARTESIAN_POINT('',(-0.013772749580025,0.0140756724373808,-0.0032911716545535));
#1833=CARTESIAN_POINT('',(-0.0133754931999027,0.0142906661949282,-0.00334749474635864));
#1834=CARTESIAN_POINT('',(-0.0129743005903675,0.0145158719040536,-0.0033418326705957));
#1835=CARTESIAN_POINT('',(-0.0125882765994895,0.0147410783824441,-0.00327688690807902));
#1836=CARTESIAN_POINT('',(-0.0121643117691422,0.0149553129265095,-0.00342946999064255));
#1837=CARTESIAN_POINT('',(-0.0119860716322974,0.0149819186600383,-0.00386560710571429));
#1838=CARTESIAN_POINT('',(-0.0118493216077877,0.0149697260969393,-0.00432447972956409));
#1839=CARTESIAN_POINT('',(-0.0120752542059153,0.0147661222687407,-0.00471882067100274));
#1840=CARTESIAN_POINT('',(-0.0124256936390557,0.0145372363295397,-0.00491034422551102));
#1841=CARTESIAN_POINT('',(-0.0127635368833995,0.0143092739381182,-0.00512966220465862));
#1842=CARTESIAN_POINT('',(-0.0130555862094845,0.0140918853667713,-0.00541091063286875));
#1843=CARTESIAN_POINT('',(-0.0134211061690171,0.013805255669334,-0.00582207481292688));
#1844=CARTESIAN_POINT('',(-0.0136602406777649,0.0135993668824402,-0.00616254654607732));
#1845=CARTESIAN_POINT('',(-0.0138085361591194,0.0134643259709999,-0.00639883447389785));
#1846=CARTESIAN_POINT('',(-0.0138085361591194,0.0134643259709999,-0.00639883447389786));
#1847=CARTESIAN_POINT('',(0.,0.0134643259709999,0.));
#1848=CARTESIAN_POINT('',(-0.0132932197436534,0.0134643259709999,-0.00741019988455073));
#1849=CARTESIAN_POINT('',(-0.0132932197436534,0.0134643259709999,-0.00741019988455075));
#1850=CARTESIAN_POINT('',(-0.0130204627586358,0.0135966644513706,-0.00742873439343581));
#1851=CARTESIAN_POINT('',(-0.0126140338104279,0.013797877438552,-0.00743517651266048));
#1852=CARTESIAN_POINT('',(-0.0120816352627248,0.0140756724373793,-0.00738610392780746));
#1853=CARTESIAN_POINT('',(-0.011686417201226,0.0142906661949267,-0.00731691139870518));
#1854=CARTESIAN_POINT('',(-0.0113066100332721,0.0145158719040519,-0.0071875511102921));
#1855=CARTESIAN_POINT('',(-0.0109595487456319,0.0147410783824425,-0.00700649604622627));
#1856=CARTESIAN_POINT('',(-0.0105091834654838,0.0149553129265086,-0.00702059884357808));
#1857=CARTESIAN_POINT('',(-0.0102048932414363,0.0149819186600384,-0.00738031065749946));
#1858=CARTESIAN_POINT('',(-0.00993303680049869,0.01496972609694,-0.00777446637500653));
#1859=CARTESIAN_POINT('',(-0.0100260534177076,0.0147661222687417,-0.00821932390940919));
#1860=CARTESIAN_POINT('',(-0.0103001570909961,0.0145372363295406,-0.00850976537428853));
#1861=CARTESIAN_POINT('',(-0.0105536921272877,0.0143092739381189,-0.00882274847143433));
#1862=CARTESIAN_POINT('',(-0.0107445369979824,0.0140918853667718,-0.00918047982673767));
#1863=CARTESIAN_POINT('',(-0.0109651104182159,0.0138052556693342,-0.00968447207872825));
#1864=CARTESIAN_POINT('',(-0.0110873292993839,0.0135993668824403,-0.0100821765663001));
#1865=CARTESIAN_POINT('',(-0.0111553496980011,0.0134643259709999,-0.0103527255637035));
#1866=CARTESIAN_POINT('',(-0.0111553496980011,0.0134643259709999,-0.0103527255637035));
#1867=CARTESIAN_POINT('',(0.,0.0134643259709999,0.));
#1868=CARTESIAN_POINT('',(-0.0103527255637035,0.0134643259709999,-0.011155349698001));
#1869=CARTESIAN_POINT('',(-0.0103527255637035,0.0134643259709999,-0.0111553496980011));
#1870=CARTESIAN_POINT('',(-0.0100875907775095,0.0135966644513707,-0.0110886905197476));
#1871=CARTESIAN_POINT('',(-0.009699063153585,0.0137978774385521,-0.0109692238872127));
#1872=CARTESIAN_POINT('',(-0.00920788630820322,0.0140756724373796,-0.0107580328865959));
#1873=CARTESIAN_POINT('',(-0.00885339326283364,0.014290666194927,-0.0105700977834272));
#1874=CARTESIAN_POINT('',(-0.00853214970833211,0.0145158719040525,-0.0103297019686983));
#1875=CARTESIAN_POINT('',(-0.0082580239008818,0.0147410783824432,-0.01005026053424));
#1876=CARTESIAN_POINT('',(-0.00782534306243365,0.014955312926509,-0.00992450256631799));
#1877=CARTESIAN_POINT('',(-0.00742478879842944,0.0149819186600384,-0.0101725779804841));
#1878=CARTESIAN_POINT('',(-0.0070444371436397,0.0149697260969397,-0.0104634340837743));
#1879=CARTESIAN_POINT('',(-0.00699543266535452,0.0147661222687413,-0.0109152624561677));
#1880=CARTESIAN_POINT('',(-0.00716636940145738,0.0145372363295402,-0.01127619139721));
#1881=CARTESIAN_POINT('',(-0.00731077845386109,0.0143092739381186,-0.0116522026461243));
#1882=CARTESIAN_POINT('',(-0.00738173764352734,0.0140918853667716,-0.0120513996910024));
#1883=CARTESIAN_POINT('',(-0.0074357732612634,0.0138052556693341,-0.0125988857417797));
#1884=CARTESIAN_POINT('',(-0.00742911287921361,0.0135993668824403,-0.013014892897559));
#1885=CARTESIAN_POINT('',(-0.00741019988455078,0.0134643259709999,-0.0132932197436534));
#1886=CARTESIAN_POINT('',(-0.00741019988455076,0.0134643259709999,-0.0132932197436534));
#1887=CARTESIAN_POINT('',(0.,0.0134643259709999,0.));
#1888=CARTESIAN_POINT('',(-0.00639883447389789,0.0134643259709999,-0.0138085361591194));
#1889=CARTESIAN_POINT('',(-0.00639883447389788,0.0134643259709999,-0.0138085361591194));
#1890=CARTESIAN_POINT('',(-0.00616727512670306,0.0135966644513706,-0.0136632083585368));
#1891=CARTESIAN_POINT('',(-0.0058346806179232,0.0137978774385519,-0.013429527200608));
#1892=CARTESIAN_POINT('',(-0.00543280528671934,0.0140756724373792,-0.0130768906308222));
#1893=CARTESIAN_POINT('',(-0.00515373750665801,0.0142906661949267,-0.012788609350906));
#1894=CARTESIAN_POINT('',(-0.00492250312295935,0.0145158719040518,-0.0124607096271444));
#1895=CARTESIAN_POINT('',(-0.00474814613967962,0.0147410783824425,-0.012110235496881));
#1896=CARTESIAN_POINT('',(-0.00437550355806401,0.0149553129265085,-0.0118569268297911));
#1897=CARTESIAN_POINT('',(-0.00391789429628902,0.0149819186600384,-0.0119690824942189));
#1898=CARTESIAN_POINT('',(-0.00346627889768275,0.01496972609694,-0.0121281679613883));
#1899=CARTESIAN_POINT('',(-0.00328005022367082,0.0147661222687418,-0.0125427390626093));
#1900=CARTESIAN_POINT('',(-0.00333108754387154,0.0145372363295407,-0.0129388252403261));
#1901=CARTESIAN_POINT('',(-0.00335223484818176,0.0143092739381189,-0.0133410580401408));
#1902=CARTESIAN_POINT('',(-0.00329636237693323,0.0140918853667718,-0.013742644586472));
#1903=CARTESIAN_POINT('',(-0.00317857080941977,0.0138052556693342,-0.0142800326868267));
#1904=CARTESIAN_POINT('',(-0.00304368312875284,0.0135993668824403,-0.0146736208319137));
#1905=CARTESIAN_POINT('',(-0.00293968807650213,0.0134643259709999,-0.0149324809557864));
#1906=CARTESIAN_POINT('',(-0.00293968807650211,0.0134643259709999,-0.0149324809557864));
#1907=CARTESIAN_POINT('',(0.,0.0134643259709999,0.));
#1908=CARTESIAN_POINT('',(-0.00181858088247997,0.0134643259709999,-0.0151100468912552));
#1909=CARTESIAN_POINT('',(-0.00181858088248201,0.0134643259710009,-0.0151100468912541));
#1910=CARTESIAN_POINT('',(-0.00164326361655852,0.0135966644513716,-0.0149002761660214));
#1911=CARTESIAN_POINT('',(-0.0013991588907673,0.0137978774385534,-0.014575254822587));
#1912=CARTESIAN_POINT('',(-0.00112592343118923,0.0140756724373807,-0.0141156912080464));
#1913=CARTESIAN_POINT('',(-0.000949598015128372,0.0142906661949281,-0.0137552827316348));
#1914=CARTESIAN_POINT('',(-0.000831007634814426,0.0145158719040534,-0.0133719762084128));
#1915=CARTESIAN_POINT('',(-0.000773486752043977,0.014741078382444,-0.0129847762321117));
#1916=CARTESIAN_POINT('',(-0.00049735927950105,0.0149553129265094,-0.012628712483096));
#1917=CARTESIAN_POINT('',(-2.7489002849166E-5,0.0149819186600383,-0.0125939698199192));
#1918=CARTESIAN_POINT('',(0.000451182877767399,0.0149697260969394,-0.0126057122570287));
#1919=CARTESIAN_POINT('',(0.000756406387359988,0.0147661222687408,-0.0129424449792037));
#1920=CARTESIAN_POINT('',(0.000830264371559638,0.0145372363295398,-0.0133349167188249));
#1921=CARTESIAN_POINT('',(0.000934448860831625,0.0143092739381183,-0.0137239977205729));
#1922=CARTESIAN_POINT('',(0.00111168380622261,0.0140918853667713,-0.0140886636791839));
#1923=CARTESIAN_POINT('',(0.00138977229965525,0.013805255669334,-0.0145633505376495));
#1924=CARTESIAN_POINT('',(0.00163968353293772,0.0135993668824402,-0.014895992522113));
#1925=CARTESIAN_POINT('',(0.00181858088248575,0.0134643259709999,-0.0151100468912545));
#1926=CARTESIAN_POINT('',(0.00181858088248576,0.0134643259709999,-0.0151100468912545));
#1927=CARTESIAN_POINT('',(0.,0.0134643259709999,0.));
#1928=CARTESIAN_POINT('',(0.00293968807650789,0.0134643259709999,-0.0149324809557853));
#1929=CARTESIAN_POINT('',(0.0029396880765056,0.0134643259710009,-0.0149324809557848));
#1930=CARTESIAN_POINT('',(0.0030416019856619,0.0135966644513716,-0.0146788011260466));
#1931=CARTESIAN_POINT('',(0.00317332225712825,0.0137978774385534,-0.0142942549507616));
#1932=CARTESIAN_POINT('',(0.00329117165455346,0.0140756724373807,-0.0137727495800252));
#1933=CARTESIAN_POINT('',(0.0033474947463586,0.0142906661949281,-0.0133754931999029));
#1934=CARTESIAN_POINT('',(0.00334183267059577,0.0145158719040534,-0.0129743005903679));
#1935=CARTESIAN_POINT('',(0.003276886908079,0.0147410783824439,-0.0125882765994898));
#1936=CARTESIAN_POINT('',(0.00342946999064228,0.0149553129265094,-0.0121643117691425));
#1937=CARTESIAN_POINT('',(0.00386560710571391,0.0149819186600384,-0.0119860716322975));
#1938=CARTESIAN_POINT('',(0.00432447972956375,0.0149697260969394,-0.0118493216077877));
#1939=CARTESIAN_POINT('',(0.00471882067100256,0.0147661222687408,-0.0120752542059151));
#1940=CARTESIAN_POINT('',(0.00491034422551096,0.0145372363295399,-0.0124256936390555));
#1941=CARTESIAN_POINT('',(0.00512966220465849,0.0143092739381183,-0.0127635368833993));
#1942=CARTESIAN_POINT('',(0.00541091063286865,0.0140918853667714,-0.0130555862094844));
#1943=CARTESIAN_POINT('',(0.00582207481292684,0.013805255669334,-0.0134211061690171));
#1944=CARTESIAN_POINT('',(0.00616254654607729,0.0135993668824402,-0.0136602406777649));
#1945=CARTESIAN_POINT('',(0.00639883447389785,0.0134643259709999,-0.0138085361591194));
#1946=CARTESIAN_POINT('',(0.00639883447389786,0.0134643259709999,-0.0138085361591194));
#1947=CARTESIAN_POINT('',(0.,0.0134643259709999,0.));
#1948=CARTESIAN_POINT('',(0.00741019988455073,0.0134643259709999,-0.0132932197436534));
#1949=CARTESIAN_POINT('',(0.00741019988455075,0.0134643259709999,-0.0132932197436534));
#1950=CARTESIAN_POINT('',(0.00742873439343583,0.0135966644513707,-0.0130204627586357));
#1951=CARTESIAN_POINT('',(0.0074351765126605,0.0137978774385521,-0.0126140338104276));
#1952=CARTESIAN_POINT('',(0.00738610392780736,0.0140756724373796,-0.0120816352627242));
#1953=CARTESIAN_POINT('',(0.00731691139870513,0.014290666194927,-0.0116864172012255));
#1954=CARTESIAN_POINT('',(0.00718755111029154,0.0145158719040525,-0.0113066100332711));
#1955=CARTESIAN_POINT('',(0.00700649604622593,0.0147410783824432,-0.0109595487456307));
#1956=CARTESIAN_POINT('',(0.00702059884357865,0.014955312926509,-0.0105091834654826));
#1957=CARTESIAN_POINT('',(0.00738031065750059,0.0149819186600384,-0.0102048932414355));
#1958=CARTESIAN_POINT('',(0.00777446637500767,0.0149697260969397,-0.00993303680049848));
#1959=CARTESIAN_POINT('',(0.00821932390940998,0.0147661222687412,-0.0100260534177081));
#1960=CARTESIAN_POINT('',(0.00850976537428897,0.0145372363295402,-0.0103001570909967));
#1961=CARTESIAN_POINT('',(0.00882274847143488,0.0143092739381186,-0.0105536921272879));
#1962=CARTESIAN_POINT('',(0.00918047982673805,0.0140918853667716,-0.0107445369979827));
#1963=CARTESIAN_POINT('',(0.00968447207872847,0.0138052556693341,-0.010965110418216));
#1964=CARTESIAN_POINT('',(0.0100821765663002,0.0135993668824403,-0.0110873292993839));
#1965=CARTESIAN_POINT('',(0.0103527255637035,0.0134643259709999,-0.0111553496980011));
#1966=CARTESIAN_POINT('',(0.0103527255637035,0.0134643259709999,-0.0111553496980011));
#1967=CARTESIAN_POINT('',(0.,0.0134643259709999,0.));
#1968=CARTESIAN_POINT('',(0.011155349698001,0.0134643259709999,-0.0103527255637035));
#1969=CARTESIAN_POINT('',(0.0111553496980011,0.0134643259709999,-0.0103527255637035));
#1970=CARTESIAN_POINT('',(0.0110886905197476,0.0135966644513707,-0.0100875907775095));
#1971=CARTESIAN_POINT('',(0.0109692238872127,0.0137978774385522,-0.00969906315358491));
#1972=CARTESIAN_POINT('',(0.0107580328865958,0.0140756724373796,-0.00920788630820309));
#1973=CARTESIAN_POINT('',(0.0105700977834271,0.014290666194927,-0.00885339326283353));
#1974=CARTESIAN_POINT('',(0.0103297019686981,0.0145158719040527,-0.00853214970833193));
#1975=CARTESIAN_POINT('',(0.0100502605342398,0.0147410783824434,-0.00825802390088154));
#1976=CARTESIAN_POINT('',(0.00992450256631804,0.0149553129265091,-0.00782534306243332));
#1977=CARTESIAN_POINT('',(0.0101725779804843,0.0149819186600384,-0.00742478879842918));
#1978=CARTESIAN_POINT('',(0.0104634340837746,0.0149697260969396,-0.00704443714363956));
#1979=CARTESIAN_POINT('',(0.0109152624561679,0.0147661222687411,-0.00699543266535457));
#1980=CARTESIAN_POINT('',(0.0112761913972101,0.0145372363295401,-0.00716636940145749));
#1981=CARTESIAN_POINT('',(0.0116522026461244,0.0143092739381185,-0.00731077845386111));
#1982=CARTESIAN_POINT('',(0.0120513996910025,0.0140918853667715,-0.00738173764352735));
#1983=CARTESIAN_POINT('',(0.0125988857417797,0.0138052556693341,-0.00743577326126339));
#1984=CARTESIAN_POINT('',(0.0130148928975591,0.0135993668824402,-0.0074291128792136));
#1985=CARTESIAN_POINT('',(0.0132932197436534,0.0134643259709999,-0.00741019988455077));
#1986=CARTESIAN_POINT('',(0.0132932197436534,0.0134643259709999,-0.00741019988455076));
#1987=CARTESIAN_POINT('',(0.,0.0134643259709999,0.));
#1988=CARTESIAN_POINT('',(0.0138085361591219,0.0134643259709999,-0.00639883447389257));
#1989=CARTESIAN_POINT('',(0.0138085361591202,0.0134643259710009,-0.00639883447389417));
#1990=CARTESIAN_POINT('',(0.0136632083585374,0.0135966644513716,-0.00616727512669932));
#1991=CARTESIAN_POINT('',(0.0134295272006058,0.0137978774385534,-0.00583468061792133));
#1992=CARTESIAN_POINT('',(0.0130768906308203,0.0140756724373807,-0.00543280528671728));
#1993=CARTESIAN_POINT('',(0.0127886093509041,0.0142906661949281,-0.00515373750665619));
#1994=CARTESIAN_POINT('',(0.0124607096271417,0.0145158719040535,-0.00492250312295829));
#1995=CARTESIAN_POINT('',(0.0121102354968787,0.014741078382444,-0.00474814613967779));
#1996=CARTESIAN_POINT('',(0.0118569268297905,0.0149553129265094,-0.00437550355806105));
#1997=CARTESIAN_POINT('',(0.0119690824942199,0.0149819186600384,-0.00391789429628639));
#1998=CARTESIAN_POINT('',(0.0121281679613899,0.0149697260969394,-0.00346627889768098));
#1999=CARTESIAN_POINT('',(0.0125427390626112,0.0147661222687408,-0.00328005022367068));
#2000=CARTESIAN_POINT('',(0.0129388252403275,0.0145372363295398,-0.003331087543872));
#2001=CARTESIAN_POINT('',(0.0133410580401419,0.0143092739381183,-0.00335223484818157));
#2002=CARTESIAN_POINT('',(0.0137426445864729,0.0140918853667714,-0.00329636237693309));
#2003=CARTESIAN_POINT('',(0.0142800326868271,0.013805255669334,-0.0031785708094196));
#2004=CARTESIAN_POINT('',(0.0146736208319139,0.0135993668824402,-0.00304368312875277));
#2005=CARTESIAN_POINT('',(0.0149324809557864,0.0134643259709999,-0.00293968807650213));
#2006=CARTESIAN_POINT('',(0.0149324809557864,0.0134643259709999,-0.00293968807650211));
#2007=CARTESIAN_POINT('',(0.,0.0134643259709999,0.));
#2008=CARTESIAN_POINT('',(0.0151100468912545,0.0134643259709999,-0.0018185808824858));
#2009=CARTESIAN_POINT('',(0.0151100468912545,0.0134643259709999,-0.00181858088248578));
#2010=CARTESIAN_POINT('',(0.0149002761660219,0.0135966644513706,-0.00164326361656223));
#2011=CARTESIAN_POINT('',(0.0145752548225895,0.0137978774385521,-0.00139915889076828));
#2012=CARTESIAN_POINT('',(0.0141156912080485,0.0140756724373794,-0.00112592343119046));
#2013=CARTESIAN_POINT('',(0.0137552827316369,0.0142906661949268,-0.000949598015129338));
#2014=CARTESIAN_POINT('',(0.013371976208415,0.0145158719040522,-0.000831007634814558));
#2015=CARTESIAN_POINT('',(0.0129847762321136,0.0147410783824428,-0.000773486752044775));
#2016=CARTESIAN_POINT('',(0.0126287124830971,0.0149553129265088,-0.000497359279502983));
#2017=CARTESIAN_POINT('',(0.0125939698199192,0.0149819186600384,-2.74890028511533E-5));
#2018=CARTESIAN_POINT('',(0.012605712257028,0.0149697260969398,0.000451182877765815));
#2019=CARTESIAN_POINT('',(0.0129424449792025,0.0147661222687415,0.000756406387359477));
#2020=CARTESIAN_POINT('',(0.0133349167188238,0.0145372363295404,0.000830264371559629));
#2021=CARTESIAN_POINT('',(0.0137239977205721,0.0143092739381188,0.000934448860831226));
#2022=CARTESIAN_POINT('',(0.0140886636791833,0.0140918853667717,0.00111168380622231));
#2023=CARTESIAN_POINT('',(0.0145633505376492,0.0138052556693341,0.00138977229965503));
#2024=CARTESIAN_POINT('',(0.0148959925221129,0.0135993668824403,0.00163968353293762));
#2025=CARTESIAN_POINT('',(0.0151100468912545,0.0134643259709999,0.00181858088248575));
#2026=CARTESIAN_POINT('',(0.0151100468912545,0.0134643259709999,0.00181858088248576));
#2027=CARTESIAN_POINT('',(0.,0.0134643259709999,0.));
#2028=CARTESIAN_POINT('',(0.0149324809557864,0.0134643259709999,0.00293968807650207));
#2029=CARTESIAN_POINT('',(0.0149324809557864,0.0134643259709999,0.00293968807650209));
#2030=CARTESIAN_POINT('',(0.0146788011260483,0.0135966644513706,0.00304160198565847));
#2031=CARTESIAN_POINT('',(0.0142942549507644,0.013797877438552,0.00317332225712805));
#2032=CARTESIAN_POINT('',(0.0137727495800277,0.0140756724373793,0.00329117165455292));
#2033=CARTESIAN_POINT('',(0.0133754931999053,0.0142906661949268,0.00334749474635833));
#2034=CARTESIAN_POINT('',(0.0129743005903701,0.014515871904052,0.00334183267059636));
#2035=CARTESIAN_POINT('',(0.0125882765994921,0.0147410783824427,0.00327688690807884));
#2036=CARTESIAN_POINT('',(0.0121643117691442,0.0149553129265087,0.00342946999064066));
#2037=CARTESIAN_POINT('',(0.0119860716322981,0.0149819186600384,0.00386560710571187));
#2038=CARTESIAN_POINT('',(0.0118493216077875,0.0149697260969399,0.00432447972956194));
#2039=CARTESIAN_POINT('',(0.012075254205914,0.0147661222687416,0.00471882067100166));
#2040=CARTESIAN_POINT('',(0.0124256936390544,0.0145372363295405,0.00491034422551059));
#2041=CARTESIAN_POINT('',(0.0127635368833987,0.0143092739381188,0.00512966220465786));
#2042=CARTESIAN_POINT('',(0.013055586209484,0.0140918853667718,0.00541091063286817));
#2043=CARTESIAN_POINT('',(0.0134211061690168,0.0138052556693342,0.00582207481292651));
#2044=CARTESIAN_POINT('',(0.0136602406777648,0.0135993668824403,0.00616254654607717));
#2045=CARTESIAN_POINT('',(0.0138085361591195,0.0134643259709999,0.00639883447389786));
#2046=CARTESIAN_POINT('',(0.0138085361591194,0.0134643259709999,0.00639883447389786));
#2047=CARTESIAN_POINT('',(0.,0.0134643259709999,0.));
#2048=CARTESIAN_POINT('',(0.0132932197436504,0.0134643259709999,0.0074101998845562));
#2049=CARTESIAN_POINT('',(0.0132932197436507,0.013464325971001,0.00741019988455375));
#2050=CARTESIAN_POINT('',(0.013020462758633,0.0135966644513717,0.00742873439343872));
#2051=CARTESIAN_POINT('',(0.012614033810425,0.0137978774385535,0.00743517651265979));
#2052=CARTESIAN_POINT('',(0.012081635262722,0.0140756724373808,0.00738610392780715));
#2053=CARTESIAN_POINT('',(0.0116864172012233,0.0142906661949282,0.00731691139870465));
#2054=CARTESIAN_POINT('',(0.0113066100332696,0.0145158719040535,0.00718755111029057));
#2055=CARTESIAN_POINT('',(0.0109595487456291,0.0147410783824441,0.00700649604622555));
#2056=CARTESIAN_POINT('',(0.0105091834654811,0.0149553129265095,0.00702059884357937));
#2057=CARTESIAN_POINT('',(0.0102048932414347,0.0149819186600383,0.00738031065750173));
#2058=CARTESIAN_POINT('',(0.00993303680049822,0.0149697260969393,0.00777446637500887));
#2059=CARTESIAN_POINT('',(0.0100260534177086,0.0147661222687407,0.00821932390941078));
#2060=CARTESIAN_POINT('',(0.0103001570909974,0.0145372363295398,0.00850976537428942));
#2061=CARTESIAN_POINT('',(0.0105536921272882,0.0143092739381182,0.00882274847143542));
#2062=CARTESIAN_POINT('',(0.0107445369979829,0.0140918853667713,0.00918047982673845));
#2063=CARTESIAN_POINT('',(0.010965110418216,0.0138052556693339,0.00968447207872875));
#2064=CARTESIAN_POINT('',(0.0110873292993839,0.0135993668824402,0.0100821765663003));
#2065=CARTESIAN_POINT('',(0.0111553496980011,0.0134643259709999,0.0103527255637035));
#2066=CARTESIAN_POINT('',(0.0111553496980011,0.0134643259709999,0.0103527255637035));
#2067=CARTESIAN_POINT('',(0.,0.0134643259709999,0.));
#2068=CARTESIAN_POINT('',(0.0103527255637035,0.0134643259709999,0.011155349698001));
#2069=CARTESIAN_POINT('',(0.0103527255637035,0.0134643259709999,0.0111553496980011));
#2070=CARTESIAN_POINT('',(0.0100875907775095,0.0135966644513707,0.0110886905197476));
#2071=CARTESIAN_POINT('',(0.00969906315358507,0.0137978774385521,0.0109692238872128));
#2072=CARTESIAN_POINT('',(0.00920788630820328,0.0140756724373795,0.0107580328865959));
#2073=CARTESIAN_POINT('',(0.0088533932628337,0.0142906661949269,0.0105700977834272));
#2074=CARTESIAN_POINT('',(0.00853214970833221,0.0145158719040524,0.0103297019686985));
#2075=CARTESIAN_POINT('',(0.00825802390088196,0.0147410783824431,0.0100502605342401));
#2076=CARTESIAN_POINT('',(0.00782534306243387,0.0149553129265089,0.00992450256631798));
#2077=CARTESIAN_POINT('',(0.00742478879842961,0.0149819186600384,0.0101725779804839));
#2078=CARTESIAN_POINT('',(0.00704443714363979,0.0149697260969397,0.0104634340837742));
#2079=CARTESIAN_POINT('',(0.00699543266535448,0.0147661222687413,0.0109152624561676));
#2080=CARTESIAN_POINT('',(0.00716636940145732,0.0145372363295403,0.0112761913972099));
#2081=CARTESIAN_POINT('',(0.00731077845386107,0.0143092739381186,0.0116522026461242));
#2082=CARTESIAN_POINT('',(0.00738173764352733,0.0140918853667716,0.0120513996910024));
#2083=CARTESIAN_POINT('',(0.00743577326126339,0.0138052556693341,0.0125988857417796));
#2084=CARTESIAN_POINT('',(0.00742911287921362,0.0135993668824403,0.013014892897559));
#2085=CARTESIAN_POINT('',(0.00741019988455078,0.0134643259709999,0.0132932197436534));
#2086=CARTESIAN_POINT('',(0.00741019988455076,0.0134643259709999,0.0132932197436534));
#2087=CARTESIAN_POINT('',(0.,0.0134643259709999,0.));
#2088=CARTESIAN_POINT('',(0.0063988344738979,0.0134643259709999,0.0138085361591194));
#2089=CARTESIAN_POINT('',(0.00639883447389789,0.0134643259709999,0.0138085361591194));
#2090=CARTESIAN_POINT('',(0.00616727512670293,0.0135966644513706,0.0136632083585367));
#2091=CARTESIAN_POINT('',(0.00583468061792292,0.0137978774385522,0.0134295272006078));
#2092=CARTESIAN_POINT('',(0.00543280528671893,0.0140756724373795,0.0130768906308218));
#2093=CARTESIAN_POINT('',(0.0051537375066576,0.014290666194927,0.0127886093509057));
#2094=CARTESIAN_POINT('',(0.00492250312295893,0.0145158719040524,0.0124607096271434));
#2095=CARTESIAN_POINT('',(0.00474814613967884,0.0147410783824431,0.01211023549688));
#2096=CARTESIAN_POINT('',(0.00437550355806266,0.0149553129265089,0.0118569268297908));
#2097=CARTESIAN_POINT('',(0.00391789429628774,0.0149819186600384,0.0119690824942194));
#2098=CARTESIAN_POINT('',(0.0034662788976819,0.0149697260969397,0.0121281679613891));
#2099=CARTESIAN_POINT('',(0.00328005022367074,0.0147661222687413,0.0125427390626102));
#2100=CARTESIAN_POINT('',(0.00333108754387177,0.0145372363295402,0.0129388252403268));
#2101=CARTESIAN_POINT('',(0.00335223484818166,0.0143092739381186,0.0133410580401414));
#2102=CARTESIAN_POINT('',(0.00329636237693317,0.0140918853667716,0.0137426445864724));
#2103=CARTESIAN_POINT('',(0.00317857080941969,0.0138052556693341,0.0142800326868269));
#2104=CARTESIAN_POINT('',(0.00304368312875281,0.0135993668824403,0.0146736208319138));
#2105=CARTESIAN_POINT('',(0.00293968807650213,0.0134643259709999,0.0149324809557864));
#2106=CARTESIAN_POINT('',(0.00293968807650211,0.0134643259709999,0.0149324809557864));
#2107=CARTESIAN_POINT('',(0.,0.0134643259709999,0.));
#2108=CARTESIAN_POINT('',(0.,0.0155538095630467,0.));
#2109=CARTESIAN_POINT('',(0.0116,0.0155538095630467,0.));
#2110=CARTESIAN_POINT('',(0.,0.0307296254326206,0.));
#2111=CARTESIAN_POINT('',(0.,0.0302296254326207,0.));
#2112=CARTESIAN_POINT('',(0.0135,0.0302296254326207,0.));
#2113=CARTESIAN_POINT('',(-0.0134896099696251,0.0290679990703105,0.000587246456915734));
#2114=CARTESIAN_POINT('',(-0.0134739259327085,0.0284794754705672,0.000831329949865273));
#2115=CARTESIAN_POINT('',(-0.0134895896997925,0.0278918516431446,0.000587433743623176));
#2116=CARTESIAN_POINT('',(-0.013505202812805,0.027648593059054,6.18585076600967E-7));
#2117=CARTESIAN_POINT('',(-0.0134895990131075,0.0278915293622008,-0.000587497163166327));
#2118=CARTESIAN_POINT('',(-0.0134739381644565,0.028479506249731,-0.000831054364355431));
#2119=CARTESIAN_POINT('',(-0.0134895517453474,0.0290665880316562,-0.000588285091328239));
#2120=CARTESIAN_POINT('',(-0.01350520953993,0.0293107908095549,-8.6672482473682E-7));
#2121=CARTESIAN_POINT('',(-0.0134896099696251,0.0290679990703105,0.000587246456915734));
#2122=CARTESIAN_POINT('',(-0.0134739259327085,0.0284794754705672,0.000831329949865273));
#2123=CARTESIAN_POINT('',(-0.0134895896997925,0.0278918516431446,0.000587433743623176));
#2124=CARTESIAN_POINT('',(-0.0134791505667086,0.0284796254326206,0.00075));
#2125=CARTESIAN_POINT('',(-0.000587246456915726,0.0290679990703106,-0.0134896099696251));
#2126=CARTESIAN_POINT('',(-0.000831329949865275,0.0284794754705672,-0.0134739259327084));
#2127=CARTESIAN_POINT('',(-0.000587433743623174,0.0278918516431446,-0.0134895896997925));
#2128=CARTESIAN_POINT('',(-6.1858507660114E-7,0.027648593059054,-0.013505202812805));
#2129=CARTESIAN_POINT('',(0.000587497163166328,0.0278915293622008,-0.0134895990131075));
#2130=CARTESIAN_POINT('',(0.000831054364355432,0.028479506249731,-0.0134739381644565));
#2131=CARTESIAN_POINT('',(0.000588285091328244,0.0290665880316562,-0.0134895517453474));
#2132=CARTESIAN_POINT('',(8.66724824733804E-7,0.0293107908095549,-0.01350520953993));
#2133=CARTESIAN_POINT('',(-0.000587246456915726,0.0290679990703106,-0.0134896099696251));
#2134=CARTESIAN_POINT('',(-0.000831329949865275,0.0284794754705672,-0.0134739259327084));
#2135=CARTESIAN_POINT('',(-0.000587433743623174,0.0278918516431446,-0.0134895896997925));
#2136=CARTESIAN_POINT('',(-0.00075,0.0284796254326206,-0.0134791505667086));
#2137=CARTESIAN_POINT('',(0.0134896099696251,0.0290679990703106,-0.00058724645691573));
#2138=CARTESIAN_POINT('',(0.0134739259327084,0.0284794754705672,-0.000831329949865273));
#2139=CARTESIAN_POINT('',(0.0134895896997925,0.0278918516431446,-0.000587433743623178));
#2140=CARTESIAN_POINT('',(0.013505202812805,0.027648593059054,-6.18585076602112E-7));
#2141=CARTESIAN_POINT('',(0.0134895990131075,0.0278915293622008,0.000587497163166328));
#2142=CARTESIAN_POINT('',(0.0134739381644565,0.028479506249731,0.000831054364355428));
#2143=CARTESIAN_POINT('',(0.0134895517453474,0.0290665880316562,0.000588285091328238));
#2144=CARTESIAN_POINT('',(0.01350520953993,0.0293107908095549,8.66724824728349E-7));
#2145=CARTESIAN_POINT('',(0.0134896099696251,0.0290679990703106,-0.00058724645691573));
#2146=CARTESIAN_POINT('',(0.0134739259327084,0.0284794754705672,-0.000831329949865273));
#2147=CARTESIAN_POINT('',(0.0134895896997925,0.0278918516431446,-0.000587433743623178));
#2148=CARTESIAN_POINT('',(0.0134791505667086,0.0284796254326206,-0.00075));
#2149=CARTESIAN_POINT('',(0.000587246456915738,0.0290679990703105,0.0134896099696251));
#2150=CARTESIAN_POINT('',(0.00083132994986527,0.0284794754705672,0.0134739259327084));
#2151=CARTESIAN_POINT('',(0.000587433743623182,0.0278918516431446,0.0134895896997925));
#2152=CARTESIAN_POINT('',(6.18585076603488E-7,0.027648593059054,0.013505202812805));
#2153=CARTESIAN_POINT('',(-0.000587497163166324,0.0278915293622008,0.0134895990131075));
#2154=CARTESIAN_POINT('',(-0.000831054364355426,0.028479506249731,0.0134739381644565));
#2155=CARTESIAN_POINT('',(-0.000588285091328238,0.0290665880316562,0.0134895517453474));
#2156=CARTESIAN_POINT('',(-8.66724824728559E-7,0.0293107908095549,0.01350520953993));
#2157=CARTESIAN_POINT('',(0.000587246456915738,0.0290679990703105,0.0134896099696251));
#2158=CARTESIAN_POINT('',(0.00083132994986527,0.0284794754705672,0.0134739259327084));
#2159=CARTESIAN_POINT('',(0.000587433743623182,0.0278918516431446,0.0134895896997925));
#2160=CARTESIAN_POINT('',(0.00075,0.0284796254326206,0.0134791505667086));
#2161=CARTESIAN_POINT('',(0.,0.0192296254326207,0.));
#2162=CARTESIAN_POINT('',(0.0135,0.0192296254326207,0.));
#2163=CARTESIAN_POINT('',(0.,0.00815273048923646,0.));
#2164=CARTESIAN_POINT('',(0.,0.032022046228519,0.));
#2165=CARTESIAN_POINT('',(0.00920266311056042,0.032022046228519,0.));
#2166=CARTESIAN_POINT('',(-0.012,0.0284796254326206,-3.46944695195361E-18));
#2167=CARTESIAN_POINT('',(-0.00958538888869266,0.0278912549898575,0.000587242279205529));
#2168=CARTESIAN_POINT('',(-0.00956330005167685,0.0284797742186982,0.00083133263055129));
#2169=CARTESIAN_POINT('',(-0.0095853606120173,0.0290674007310737,0.000587427198589312));
#2170=CARTESIAN_POINT('',(-0.0096073167262386,0.0293106633738915,6.31654908786789E-7));
#2171=CARTESIAN_POINT('',(-0.00958537243168628,0.0290676977119061,-0.000587521822794751));
#2172=CARTESIAN_POINT('',(-0.00956331753883121,0.0284797565645881,-0.000831046517494592));
#2173=CARTESIAN_POINT('',(-0.00958530714352244,0.0278926579949847,-0.000588291812244108));
#2174=CARTESIAN_POINT('',(-0.0096073259496977,0.0276484604435017,-8.40684081157374E-7));
#2175=CARTESIAN_POINT('',(-0.00958538888869266,0.0278912549898575,0.000587242279205529));
#2176=CARTESIAN_POINT('',(-0.00956330005167685,0.0284797742186982,0.00083133263055129));
#2177=CARTESIAN_POINT('',(-0.0095853606120173,0.0290674007310737,0.000587427198589312));
#2178=CARTESIAN_POINT('',(-0.00957065828456956,0.0284796254326206,0.00075));
#2179=CARTESIAN_POINT('',(5.20417042793042E-18,0.0284796254326206,-0.012));
#2180=CARTESIAN_POINT('',(-0.000587242279205526,0.0278912549898575,-0.00958538888869266));
#2181=CARTESIAN_POINT('',(-0.000831332630551291,0.0284797742186982,-0.00956330005167685));
#2182=CARTESIAN_POINT('',(-0.000587427198589309,0.0290674007310738,-0.0095853606120173));
#2183=CARTESIAN_POINT('',(-6.31654908785403E-7,0.0293106633738915,-0.00960731672623859));
#2184=CARTESIAN_POINT('',(0.000587521822794753,0.0290676977119061,-0.00958537243168628));
#2185=CARTESIAN_POINT('',(0.000831046517494594,0.0284797565645881,-0.00956331753883121));
#2186=CARTESIAN_POINT('',(0.000588291812244111,0.0278926579949847,-0.00958530714352244));
#2187=CARTESIAN_POINT('',(8.40684081154304E-7,0.0276484604435017,-0.0096073259496977));
#2188=CARTESIAN_POINT('',(-0.000587242279205526,0.0278912549898575,-0.00958538888869266));
#2189=CARTESIAN_POINT('',(-0.000831332630551291,0.0284797742186982,-0.00956330005167685));
#2190=CARTESIAN_POINT('',(-0.000587427198589309,0.0290674007310738,-0.0095853606120173));
#2191=CARTESIAN_POINT('',(-0.00075,0.0284796254326206,-0.00957065828456956));
#2192=CARTESIAN_POINT('',(0.012,0.0284796254326206,1.7347234759768E-18));
#2193=CARTESIAN_POINT('',(0.00958538888869266,0.0278912549898575,-0.000587242279205531));
#2194=CARTESIAN_POINT('',(0.00956330005167685,0.0284797742186982,-0.000831332630551289));
#2195=CARTESIAN_POINT('',(0.0095853606120173,0.0290674007310738,-0.000587427198589314));
#2196=CARTESIAN_POINT('',(0.00960731672623859,0.0293106633738915,-6.3165490878702E-7));
#2197=CARTESIAN_POINT('',(0.00958537243168628,0.0290676977119061,0.00058752182279475));
#2198=CARTESIAN_POINT('',(0.00956331753883121,0.0284797565645881,0.000831046517494592));
#2199=CARTESIAN_POINT('',(0.00958530714352244,0.0278926579949847,0.000588291812244102));
#2200=CARTESIAN_POINT('',(0.0096073259496977,0.0276484604435017,8.40684081155158E-7));
#2201=CARTESIAN_POINT('',(0.00958538888869266,0.0278912549898575,-0.000587242279205531));
#2202=CARTESIAN_POINT('',(0.00956330005167685,0.0284797742186982,-0.000831332630551289));
#2203=CARTESIAN_POINT('',(0.0095853606120173,0.0290674007310738,-0.000587427198589314));
#2204=CARTESIAN_POINT('',(0.00957065828456956,0.0284796254326206,-0.00075));
#2205=CARTESIAN_POINT('',(0.,0.0284796254326206,0.012));
#2206=CARTESIAN_POINT('',(0.000587242279205533,0.0278912549898575,0.00958538888869267));
#2207=CARTESIAN_POINT('',(0.000831332630551287,0.0284797742186982,0.00956330005167684));
#2208=CARTESIAN_POINT('',(0.000587427198589316,0.0290674007310737,0.0095853606120173));
#2209=CARTESIAN_POINT('',(6.31654908788334E-7,0.0293106633738915,0.0096073167262386));
#2210=CARTESIAN_POINT('',(-0.000587521822794748,0.029067697711906,0.00958537243168628));
#2211=CARTESIAN_POINT('',(-0.00083104651749459,0.0284797565645881,0.00956331753883121));
#2212=CARTESIAN_POINT('',(-0.000588291812244101,0.0278926579949847,0.00958530714352245));
#2213=CARTESIAN_POINT('',(-8.4068408115219E-7,0.0276484604435017,0.0096073259496977));
#2214=CARTESIAN_POINT('',(0.000587242279205533,0.0278912549898575,0.00958538888869267));
#2215=CARTESIAN_POINT('',(0.000831332630551287,0.0284797742186982,0.00956330005167684));
#2216=CARTESIAN_POINT('',(0.000587427198589316,0.0290674007310737,0.0095853606120173));
#2217=CARTESIAN_POINT('',(0.00075,0.0284796254326206,0.00957065828456956));
#2218=CARTESIAN_POINT('',(0.,0.0329768188580902,0.));
#2219=CARTESIAN_POINT('',(0.,0.0329768188580902,0.));
#2220=CARTESIAN_POINT('',(0.0085,0.0329768188580902,0.));
#2221=CARTESIAN_POINT('',(0.,0.0222296256710393,0.));
#2222=CARTESIAN_POINT('',(0.,0.0222296256710393,0.));
#2223=CARTESIAN_POINT('',(0.,0.0222296256710393,0.));
#2224=CARTESIAN_POINT('',(0.,0.0222296256710393,0.));
#2225=CARTESIAN_POINT('',(1.7347234759768E-18,0.0297296249557835,0.));
#2226=CARTESIAN_POINT('',(1.7347234759768E-18,0.0232296256710393,0.));
#2227=CARTESIAN_POINT('',(0.0116,0.0232296256710393,0.));
#2228=CARTESIAN_POINT('',(0.,0.0367296254326206,0.));
#2229=CARTESIAN_POINT('',(0.,0.0372296254326206,0.));
#2230=CARTESIAN_POINT('',(0.0085,0.0372296254326206,0.));
#2231=CARTESIAN_POINT('',(0.,0.0232296256710393,0.));
#2232=CARTESIAN_POINT('',(1.7347234759768E-18,0.0232296256710393,0.));
#2233=CARTESIAN_POINT('',(0.011,0.0232296256710393,0.));
#2234=CARTESIAN_POINT('',(0.,0.0372296254326206,0.));
#2235=CARTESIAN_POINT('',(0.,0.0372296254326206,0.));
#2236=CARTESIAN_POINT('',(0.0062,0.0372296254326206,0.));
#2237=CARTESIAN_POINT('',(1.7347234759768E-18,0.0232296256710393,0.));
#2238=CARTESIAN_POINT('',(1.7347234759768E-18,0.0280296256710393,0.));
#2239=CARTESIAN_POINT('',(-0.0062,0.0280296256710393,8.67361737988404E-19));
#2240=CARTESIAN_POINT('',(0.,0.0312296254326206,0.));
#2241=CARTESIAN_POINT('',(0.,0.0134643259709999,0.));
#2242=CARTESIAN_POINT('',(-0.00742628386422646,0.0134643259709999,0.0134163208977614));
#2243=CARTESIAN_POINT('',(-0.00742108006539304,0.0134643259709999,0.0133752665976859));
#2244=CARTESIAN_POINT('',(-0.00741572018184811,0.0134643259709999,0.0133342326911099));
#2245=CARTESIAN_POINT('',(-0.00741019988455048,0.0134643259709999,0.0132932197436513));
#2246=CARTESIAN_POINT('',(-0.00742628386422646,0.0134643259709999,0.0134163208977614));
#2247=CARTESIAN_POINT('',(-0.00639883447389785,0.0134643259709999,0.0138085361591194));
#2248=CARTESIAN_POINT('',(-0.00642876989604381,0.0134643259709999,0.0138371089791187));
#2249=CARTESIAN_POINT('',(-0.00645881656331001,0.0134643259709999,0.0138655643411259));
#2250=CARTESIAN_POINT('',(-0.00648897147355546,0.0134643259709999,0.0138939054149472));
#2251=CARTESIAN_POINT('',(-0.00648897147355547,0.0134643259709999,0.0138939054149472));
#2252=CARTESIAN_POINT('',(0.,0.0134643259709999,0.));
#2253=CARTESIAN_POINT('',(0.,0.0134643259709999,0.));
#2254=CARTESIAN_POINT('',(-0.0112086868203262,0.0134643259709999,0.0104648314954244));
#2255=CARTESIAN_POINT('',(-0.0111910512371209,0.0134643259709999,0.0104273945980911));
#2256=CARTESIAN_POINT('',(-0.0111732735104717,0.0134643259709999,0.0103900253289569));
#2257=CARTESIAN_POINT('',(-0.0111553496980011,0.0134643259709999,0.0103527255637035));
#2258=CARTESIAN_POINT('',(-0.0112086868203262,0.0134643259709999,0.0104648314954244));
#2259=CARTESIAN_POINT('',(-0.0103527255637035,0.0134643259709999,0.0111553496980011));
#2260=CARTESIAN_POINT('',(-0.0103900253289569,0.0134643259709999,0.0111732735104717));
#2261=CARTESIAN_POINT('',(-0.0104273945980911,0.0134643259709999,0.0111910512371209));
#2262=CARTESIAN_POINT('',(-0.0104648314954244,0.0134643259709999,0.0112086868203262));
#2263=CARTESIAN_POINT('',(-0.0104648314954244,0.0134643259709999,0.0112086868203262));
#2264=CARTESIAN_POINT('',(0.,0.0134643259709999,0.));
#2265=CARTESIAN_POINT('',(0.,0.0134643259709999,0.));
#2266=CARTESIAN_POINT('',(-0.0138939054149391,0.0134643259709999,0.00648897147354688));
#2267=CARTESIAN_POINT('',(-0.01386556434112,0.0134643259709999,0.00645881656330379));
#2268=CARTESIAN_POINT('',(-0.013837108979115,0.0134643259709999,0.00642876989603991));
#2269=CARTESIAN_POINT('',(-0.013808536159118,0.0134643259709999,0.00639883447389629));
#2270=CARTESIAN_POINT('',(-0.0138939054149391,0.0134643259709999,0.00648897147354688));
#2271=CARTESIAN_POINT('',(-0.0132932197436534,0.0134643259709999,0.00741019988455076));
#2272=CARTESIAN_POINT('',(-0.0133342326911165,0.0134643259709999,0.00741572018184898));
#2273=CARTESIAN_POINT('',(-0.013375266597697,0.0134643259709999,0.00742108006539448));
#2274=CARTESIAN_POINT('',(-0.013416320897777,0.0134643259709999,0.00742628386422843));
#2275=CARTESIAN_POINT('',(-0.013416320897777,0.0134643259709999,0.00742628386422842));
#2276=CARTESIAN_POINT('',(0.,0.0134643259709999,0.));
#2277=CARTESIAN_POINT('',(0.,0.0134643259709999,0.));
#2278=CARTESIAN_POINT('',(-0.0152190917430066,0.0134643259709999,0.00187792571251583));
#2279=CARTESIAN_POINT('',(-0.0151828194003432,0.0134643259709999,0.00185800456207979));
#2280=CARTESIAN_POINT('',(-0.0151464718120759,0.0134643259709999,0.00183822167382618));
#2281=CARTESIAN_POINT('',(-0.0151100468912526,0.0134643259709999,0.00181858088248473));
#2282=CARTESIAN_POINT('',(-0.0152190917430066,0.0134643259709999,0.00187792571251583));
#2283=CARTESIAN_POINT('',(-0.0149324809557864,0.0134643259709999,0.00293968807650211));
#2284=CARTESIAN_POINT('',(-0.0149731924524028,0.0134643259709999,0.00293226449346397));
#2285=CARTESIAN_POINT('',(-0.0150138743117487,0.0134643259709999,0.00292468187115753));
#2286=CARTESIAN_POINT('',(-0.0150545273336367,0.0134643259709999,0.00291694450153115));
#2287=CARTESIAN_POINT('',(-0.0150545273336367,0.0134643259709999,0.00291694450153115));
#2288=CARTESIAN_POINT('',(0.,0.0134643259709999,0.));
#2289=CARTESIAN_POINT('',(0.,0.0134643259709999,0.));
#2290=CARTESIAN_POINT('',(-0.0150545273336213,0.0134643259709999,-0.00291694450153409));
#2291=CARTESIAN_POINT('',(-0.0150138743117376,0.0134643259709999,-0.00292468187115959));
#2292=CARTESIAN_POINT('',(-0.0149731924523962,0.0134643259709999,-0.00293226449346519));
#2293=CARTESIAN_POINT('',(-0.0149324809557842,0.0134643259709999,-0.00293968807650253));
#2294=CARTESIAN_POINT('',(-0.0150545273336213,0.0134643259709999,-0.00291694450153409));
#2295=CARTESIAN_POINT('',(-0.0151100468912545,0.0134643259709999,-0.00181858088248576));
#2296=CARTESIAN_POINT('',(-0.0151464718120771,0.0134643259709999,-0.00183822167382687));
#2297=CARTESIAN_POINT('',(-0.0151828194003438,0.0134643259709999,-0.00185800456208013));
#2298=CARTESIAN_POINT('',(-0.0152190917430066,0.0134643259709999,-0.00187792571251582));
#2299=CARTESIAN_POINT('',(-0.0152190917430066,0.0134643259709999,-0.00187792571251583));
#2300=CARTESIAN_POINT('',(0.,0.0134643259709999,0.));
#2301=CARTESIAN_POINT('',(0.,0.0134643259709999,0.));
#2302=CARTESIAN_POINT('',(-0.0134163208977614,0.0134643259709999,-0.00742628386422646));
#2303=CARTESIAN_POINT('',(-0.0133752665976866,0.0134643259709999,-0.00742108006539313));
#2304=CARTESIAN_POINT('',(-0.0133342326911113,0.0134643259709999,-0.00741572018184829));
#2305=CARTESIAN_POINT('',(-0.0132932197436534,0.0134643259709999,-0.00741019988455077));
#2306=CARTESIAN_POINT('',(-0.0134163208977614,0.0134643259709999,-0.00742628386422646));
#2307=CARTESIAN_POINT('',(-0.0138085361591194,0.0134643259709999,-0.00639883447389785));
#2308=CARTESIAN_POINT('',(-0.0138371089791123,0.0134643259709999,-0.00642876989603718));
#2309=CARTESIAN_POINT('',(-0.0138655643411133,0.0134643259709999,-0.00645881656329671));
#2310=CARTESIAN_POINT('',(-0.0138939054149284,0.0134643259709999,-0.00648897147353544));
#2311=CARTESIAN_POINT('',(-0.0138939054149284,0.0134643259709999,-0.00648897147353544));
#2312=CARTESIAN_POINT('',(0.,0.0134643259709999,0.));
#2313=CARTESIAN_POINT('',(0.,0.0134643259709999,0.));
#2314=CARTESIAN_POINT('',(-0.0104648314954244,0.0134643259709999,-0.0112086868203262));
#2315=CARTESIAN_POINT('',(-0.0104273945980911,0.0134643259709999,-0.0111910512371209));
#2316=CARTESIAN_POINT('',(-0.0103900253289569,0.0134643259709999,-0.0111732735104717));
#2317=CARTESIAN_POINT('',(-0.0103527255637035,0.0134643259709999,-0.0111553496980011));
#2318=CARTESIAN_POINT('',(-0.0104648314954244,0.0134643259709999,-0.0112086868203262));
#2319=CARTESIAN_POINT('',(-0.0111553496980011,0.0134643259709999,-0.0103527255637035));
#2320=CARTESIAN_POINT('',(-0.0111732735104694,0.0134643259709999,-0.0103900253289522));
#2321=CARTESIAN_POINT('',(-0.0111910512371164,0.0134643259709999,-0.0104273945980817));
#2322=CARTESIAN_POINT('',(-0.0112086868203195,0.0134643259709999,-0.0104648314954102));
#2323=CARTESIAN_POINT('',(-0.0112086868203195,0.0134643259709999,-0.0104648314954102));
#2324=CARTESIAN_POINT('',(0.,0.0134643259709999,0.));
#2325=CARTESIAN_POINT('',(0.,0.0134643259709999,0.));
#2326=CARTESIAN_POINT('',(-0.00648897147354688,0.0134643259709999,-0.0138939054149391));
#2327=CARTESIAN_POINT('',(-0.00645881656330431,0.0134643259709999,-0.0138655643411205));
#2328=CARTESIAN_POINT('',(-0.00642876989604097,0.0134643259709999,-0.013837108979116));
#2329=CARTESIAN_POINT('',(-0.00639883447389786,0.0134643259709999,-0.0138085361591195));
#2330=CARTESIAN_POINT('',(-0.00648897147354688,0.0134643259709999,-0.0138939054149391));
#2331=CARTESIAN_POINT('',(-0.00741019988455076,0.0134643259709999,-0.0132932197436534));
#2332=CARTESIAN_POINT('',(-0.00741572018184899,0.0134643259709999,-0.0133342326911165));
#2333=CARTESIAN_POINT('',(-0.00742108006539448,0.0134643259709999,-0.013375266597697));
#2334=CARTESIAN_POINT('',(-0.00742628386422843,0.0134643259709999,-0.013416320897777));
#2335=CARTESIAN_POINT('',(-0.00742628386422843,0.0134643259709999,-0.013416320897777));
#2336=CARTESIAN_POINT('',(0.,0.0134643259709999,0.));
#2337=CARTESIAN_POINT('',(0.,0.0134643259709999,0.));
#2338=CARTESIAN_POINT('',(-0.00187792571251583,0.0134643259709999,-0.0152190917430066));
#2339=CARTESIAN_POINT('',(-0.00185800456207979,0.0134643259709999,-0.0151828194003432));
#2340=CARTESIAN_POINT('',(-0.00183822167382618,0.0134643259709999,-0.0151464718120759));
#2341=CARTESIAN_POINT('',(-0.00181858088248473,0.0134643259709999,-0.0151100468912526));
#2342=CARTESIAN_POINT('',(-0.00187792571251583,0.0134643259709999,-0.0152190917430066));
#2343=CARTESIAN_POINT('',(-0.00293968807650212,0.0134643259709999,-0.0149324809557864));
#2344=CARTESIAN_POINT('',(-0.00293226449346561,0.0134643259709999,-0.0149731924523938));
#2345=CARTESIAN_POINT('',(-0.00292468187116088,0.0134643259709999,-0.0150138743117307));
#2346=CARTESIAN_POINT('',(-0.00291694450153629,0.0134643259709999,-0.0150545273336097));
#2347=CARTESIAN_POINT('',(-0.00291694450153629,0.0134643259709999,-0.0150545273336097));
#2348=CARTESIAN_POINT('',(0.,0.0134643259709999,0.));
#2349=CARTESIAN_POINT('',(0.,0.0134643259709999,0.));
#2350=CARTESIAN_POINT('',(0.00291694450153409,0.0134643259709999,-0.0150545273336213));
#2351=CARTESIAN_POINT('',(0.00292468187115959,0.0134643259709999,-0.0150138743117377));
#2352=CARTESIAN_POINT('',(0.00293226449346518,0.0134643259709999,-0.0149731924523962));
#2353=CARTESIAN_POINT('',(0.00293968807650252,0.0134643259709999,-0.0149324809557843));
#2354=CARTESIAN_POINT('',(0.00291694450153409,0.0134643259709999,-0.0150545273336213));
#2355=CARTESIAN_POINT('',(0.00181858088248576,0.0134643259709999,-0.0151100468912545));
#2356=CARTESIAN_POINT('',(0.00183822167382439,0.0134643259709999,-0.0151464718120725));
#2357=CARTESIAN_POINT('',(0.00185800456207513,0.0134643259709999,-0.0151828194003346));
#2358=CARTESIAN_POINT('',(0.00187792571250826,0.0134643259709999,-0.0152190917429929));
#2359=CARTESIAN_POINT('',(0.00187792571250827,0.0134643259709999,-0.0152190917429929));
#2360=CARTESIAN_POINT('',(0.,0.0134643259709999,0.));
#2361=CARTESIAN_POINT('',(0.,0.0134643259709999,0.));
#2362=CARTESIAN_POINT('',(0.00742628386422646,0.0134643259709999,-0.0134163208977614));
#2363=CARTESIAN_POINT('',(0.00742108006539313,0.0134643259709999,-0.0133752665976866));
#2364=CARTESIAN_POINT('',(0.00741572018184829,0.0134643259709999,-0.0133342326911113));
#2365=CARTESIAN_POINT('',(0.00741019988455077,0.0134643259709999,-0.0132932197436534));
#2366=CARTESIAN_POINT('',(0.00742628386422646,0.0134643259709999,-0.0134163208977614));
#2367=CARTESIAN_POINT('',(0.00639883447389785,0.0134643259709999,-0.0138085361591194));
#2368=CARTESIAN_POINT('',(0.00642876989604097,0.0134643259709999,-0.0138371089791159));
#2369=CARTESIAN_POINT('',(0.00645881656330431,0.0134643259709999,-0.0138655643411205));
#2370=CARTESIAN_POINT('',(0.00648897147354688,0.0134643259709999,-0.0138939054149391));
#2371=CARTESIAN_POINT('',(0.00648897147354688,0.0134643259709999,-0.0138939054149391));
#2372=CARTESIAN_POINT('',(0.,0.0134643259709999,0.));
#2373=CARTESIAN_POINT('',(0.,0.0134643259709999,0.));
#2374=CARTESIAN_POINT('',(0.0112086868203262,0.0134643259709999,-0.0104648314954244));
#2375=CARTESIAN_POINT('',(0.0111910512371209,0.0134643259709999,-0.0104273945980911));
#2376=CARTESIAN_POINT('',(0.0111732735104717,0.0134643259709999,-0.0103900253289569));
#2377=CARTESIAN_POINT('',(0.0111553496980011,0.0134643259709999,-0.0103527255637035));
#2378=CARTESIAN_POINT('',(0.0112086868203262,0.0134643259709999,-0.0104648314954244));
#2379=CARTESIAN_POINT('',(0.0103527255637035,0.0134643259709999,-0.0111553496980011));
#2380=CARTESIAN_POINT('',(0.0103900253289522,0.0134643259709999,-0.0111732735104694));
#2381=CARTESIAN_POINT('',(0.0104273945980817,0.0134643259709999,-0.0111910512371164));
#2382=CARTESIAN_POINT('',(0.0104648314954102,0.0134643259709999,-0.0112086868203195));
#2383=CARTESIAN_POINT('',(0.0104648314954102,0.0134643259709999,-0.0112086868203195));
#2384=CARTESIAN_POINT('',(0.,0.0134643259709999,0.));
#2385=CARTESIAN_POINT('',(0.,0.0134643259709999,0.));
#2386=CARTESIAN_POINT('',(0.0138939054149391,0.0134643259709999,-0.00648897147354688));
#2387=CARTESIAN_POINT('',(0.01386556434112,0.0134643259709999,-0.00645881656330379));
#2388=CARTESIAN_POINT('',(0.013837108979115,0.0134643259709999,-0.00642876989603992));
#2389=CARTESIAN_POINT('',(0.013808536159118,0.0134643259709999,-0.0063988344738963));
#2390=CARTESIAN_POINT('',(0.0138939054149391,0.0134643259709999,-0.00648897147354688));
#2391=CARTESIAN_POINT('',(0.0132932197436534,0.0134643259709999,-0.00741019988455076));
#2392=CARTESIAN_POINT('',(0.0133342326911165,0.0134643259709999,-0.00741572018184898));
#2393=CARTESIAN_POINT('',(0.013375266597697,0.0134643259709999,-0.00742108006539448));
#2394=CARTESIAN_POINT('',(0.013416320897777,0.0134643259709999,-0.00742628386422843));
#2395=CARTESIAN_POINT('',(0.013416320897777,0.0134643259709999,-0.00742628386422843));
#2396=CARTESIAN_POINT('',(0.,0.0134643259709999,0.));
#2397=CARTESIAN_POINT('',(0.,0.0134643259709999,0.));
#2398=CARTESIAN_POINT('',(0.0152190917430066,0.0134643259709999,-0.00187792571251583));
#2399=CARTESIAN_POINT('',(0.0151828194003438,0.0134643259709999,-0.00185800456208014));
#2400=CARTESIAN_POINT('',(0.0151464718120771,0.0134643259709999,-0.00183822167382688));
#2401=CARTESIAN_POINT('',(0.0151100468912545,0.0134643259709999,-0.00181858088248576));
#2402=CARTESIAN_POINT('',(0.0152190917430066,0.0134643259709999,-0.00187792571251583));
#2403=CARTESIAN_POINT('',(0.0149324809557864,0.0134643259709999,-0.00293968807650211));
#2404=CARTESIAN_POINT('',(0.0149731924523977,0.0134643259709999,-0.00293226449346491));
#2405=CARTESIAN_POINT('',(0.0150138743117384,0.0134643259709999,-0.00292468187115945));
#2406=CARTESIAN_POINT('',(0.0150545273336213,0.0134643259709999,-0.00291694450153409));
#2407=CARTESIAN_POINT('',(0.0150545273336213,0.0134643259709999,-0.00291694450153409));
#2408=CARTESIAN_POINT('',(0.,0.0134643259709999,0.));
#2409=CARTESIAN_POINT('',(0.,0.0134643259709999,0.));
#2410=CARTESIAN_POINT('',(0.0150545273336213,0.0134643259709999,0.00291694450153409));
#2411=CARTESIAN_POINT('',(0.0150138743117384,0.0134643259709999,0.00292468187115945));
#2412=CARTESIAN_POINT('',(0.0149731924523977,0.0134643259709999,0.00293226449346491));
#2413=CARTESIAN_POINT('',(0.0149324809557864,0.0134643259709999,0.00293968807650212));
#2414=CARTESIAN_POINT('',(0.0150545273336213,0.0134643259709999,0.00291694450153409));
#2415=CARTESIAN_POINT('',(0.0151100468912545,0.0134643259709999,0.00181858088248576));
#2416=CARTESIAN_POINT('',(0.0151464718120725,0.0134643259709999,0.00183822167382439));
#2417=CARTESIAN_POINT('',(0.0151828194003346,0.0134643259709999,0.00185800456207512));
#2418=CARTESIAN_POINT('',(0.0152190917429929,0.0134643259709999,0.00187792571250826));
#2419=CARTESIAN_POINT('',(0.0152190917429929,0.0134643259709999,0.00187792571250827));
#2420=CARTESIAN_POINT('',(0.,0.0134643259709999,0.));
#2421=CARTESIAN_POINT('',(0.,0.0134643259709999,0.));
#2422=CARTESIAN_POINT('',(0.0134163208977614,0.0134643259709999,0.00742628386422646));
#2423=CARTESIAN_POINT('',(0.0133752665976858,0.0134643259709999,0.00742108006539303));
#2424=CARTESIAN_POINT('',(0.0133342326911098,0.0134643259709999,0.00741572018184809));
#2425=CARTESIAN_POINT('',(0.0132932197436511,0.0134643259709999,0.00741019988455046));
#2426=CARTESIAN_POINT('',(0.0134163208977614,0.0134643259709999,0.00742628386422646));
#2427=CARTESIAN_POINT('',(0.0138085361591194,0.0134643259709999,0.00639883447389786));
#2428=CARTESIAN_POINT('',(0.013837108979116,0.0134643259709999,0.00642876989604097));
#2429=CARTESIAN_POINT('',(0.0138655643411205,0.0134643259709999,0.00645881656330431));
#2430=CARTESIAN_POINT('',(0.0138939054149391,0.0134643259709999,0.00648897147354688));
#2431=CARTESIAN_POINT('',(0.0138939054149391,0.0134643259709999,0.00648897147354688));
#2432=CARTESIAN_POINT('',(0.,0.0134643259709999,0.));
#2433=CARTESIAN_POINT('',(0.,0.0134643259709999,0.));
#2434=CARTESIAN_POINT('',(0.0104648314954244,0.0134643259709999,0.0112086868203262));
#2435=CARTESIAN_POINT('',(0.0104273945980911,0.0134643259709999,0.0111910512371209));
#2436=CARTESIAN_POINT('',(0.0103900253289569,0.0134643259709999,0.0111732735104717));
#2437=CARTESIAN_POINT('',(0.0103527255637035,0.0134643259709999,0.0111553496980011));
#2438=CARTESIAN_POINT('',(0.0104648314954244,0.0134643259709999,0.0112086868203262));
#2439=CARTESIAN_POINT('',(0.0111553496980011,0.0134643259709999,0.0103527255637035));
#2440=CARTESIAN_POINT('',(0.0111732735104694,0.0134643259709999,0.0103900253289522));
#2441=CARTESIAN_POINT('',(0.0111910512371164,0.0134643259709999,0.0104273945980817));
#2442=CARTESIAN_POINT('',(0.0112086868203195,0.0134643259709999,0.0104648314954102));
#2443=CARTESIAN_POINT('',(0.0112086868203195,0.0134643259709999,0.0104648314954102));
#2444=CARTESIAN_POINT('',(0.,0.0134643259709999,0.));
#2445=CARTESIAN_POINT('',(0.,0.0134643259709999,0.));
#2446=CARTESIAN_POINT('',(0.00648897147354688,0.0134643259709999,0.0138939054149391));
#2447=CARTESIAN_POINT('',(0.00645881656330432,0.0134643259709999,0.0138655643411205));
#2448=CARTESIAN_POINT('',(0.00642876989604097,0.0134643259709999,0.013837108979116));
#2449=CARTESIAN_POINT('',(0.00639883447389787,0.0134643259709999,0.0138085361591195));
#2450=CARTESIAN_POINT('',(0.00648897147354688,0.0134643259709999,0.0138939054149391));
#2451=CARTESIAN_POINT('',(0.00741019988455076,0.0134643259709999,0.0132932197436534));
#2452=CARTESIAN_POINT('',(0.00741572018184759,0.0134643259709999,0.0133342326911061));
#2453=CARTESIAN_POINT('',(0.00742108006539177,0.0134643259709999,0.0133752665976762));
#2454=CARTESIAN_POINT('',(0.00742628386422448,0.0134643259709999,0.0134163208977458));
#2455=CARTESIAN_POINT('',(0.00742628386422448,0.0134643259709999,0.0134163208977458));
#2456=CARTESIAN_POINT('',(0.,0.0134643259709999,0.));
#2457=CARTESIAN_POINT('',(0.,0.0134643259709999,0.));
#2458=CARTESIAN_POINT('',(0.00187792571251583,0.0134643259709999,0.0152190917430066));
#2459=CARTESIAN_POINT('',(0.00185800456208014,0.0134643259709999,0.0151828194003438));
#2460=CARTESIAN_POINT('',(0.00183822167382688,0.0134643259709999,0.0151464718120771));
#2461=CARTESIAN_POINT('',(0.00181858088248576,0.0134643259709999,0.0151100468912545));
#2462=CARTESIAN_POINT('',(0.00187792571251583,0.0134643259709999,0.0152190917430066));
#2463=CARTESIAN_POINT('',(0.00293968807650212,0.0134643259709999,0.0149324809557864));
#2464=CARTESIAN_POINT('',(0.00293226449346491,0.0134643259709999,0.0149731924523977));
#2465=CARTESIAN_POINT('',(0.00292468187115945,0.0134643259709999,0.0150138743117384));
#2466=CARTESIAN_POINT('',(0.00291694450153409,0.0134643259709999,0.0150545273336213));
#2467=CARTESIAN_POINT('',(0.00291694450153409,0.0134643259709999,0.0150545273336213));
#2468=CARTESIAN_POINT('',(0.,0.0134643259709999,0.));
#2469=CARTESIAN_POINT('',(0.,0.0134643259709999,0.));
#2470=CARTESIAN_POINT('',(-0.00291694450153409,0.0134643259709999,0.0150545273336213));
#2471=CARTESIAN_POINT('',(-0.00292468187115959,0.0134643259709999,0.0150138743117377));
#2472=CARTESIAN_POINT('',(-0.00293226449346518,0.0134643259709999,0.0149731924523963));
#2473=CARTESIAN_POINT('',(-0.00293968807650251,0.0134643259709999,0.0149324809557843));
#2474=CARTESIAN_POINT('',(-0.00291694450153409,0.0134643259709999,0.0150545273336213));
#2475=CARTESIAN_POINT('',(-0.00181858088248576,0.0134643259709999,0.0151100468912545));
#2476=CARTESIAN_POINT('',(-0.00183822167382438,0.0134643259709999,0.0151464718120725));
#2477=CARTESIAN_POINT('',(-0.00185800456207513,0.0134643259709999,0.0151828194003346));
#2478=CARTESIAN_POINT('',(-0.00187792571250826,0.0134643259709999,0.0152190917429928));
#2479=CARTESIAN_POINT('',(-0.00187792571250827,0.0134643259709999,0.0152190917429929));
#2480=CARTESIAN_POINT('',(0.,0.0134643259709999,0.));
#2481=CARTESIAN_POINT('',(0.,0.0191902019685288,0.));
#2482=CARTESIAN_POINT('',(0.,0.0162601991330675,0.));
#2483=CARTESIAN_POINT('',(-0.00349713135814291,0.0162601991330675,0.0183122602333402));
#2484=CARTESIAN_POINT('',(-0.00233283005101691,0.0162601991330675,0.0184966674442385));
#2485=CARTESIAN_POINT('',(-0.0034971313581429,0.0162601991330675,0.0183122602333402));
#2486=CARTESIAN_POINT('',(-0.00330386138030688,0.0153282330917351,0.0172263340348285));
#2487=CARTESIAN_POINT('',(-0.00311049298333959,0.0143962737752823,0.0161404195802871));
#2488=CARTESIAN_POINT('',(-0.0029169445015341,0.0134643259709999,0.0150545273336213));
#2489=CARTESIAN_POINT('',(-0.00187792571250864,0.0134643259709963,0.0152190917429959));
#2490=CARTESIAN_POINT('',(-0.00202940932597089,0.0143962737754185,0.016311646410459));
#2491=CARTESIAN_POINT('',(-0.00218107107287821,0.0153282330918174,0.017404166549371));
#2492=CARTESIAN_POINT('',(-0.00233283005101675,0.0162601991330675,0.0184966674442385));
#2493=CARTESIAN_POINT('',(0.,0.0191902019685288,0.));
#2494=CARTESIAN_POINT('',(0.,0.0162601991330675,0.));
#2495=CARTESIAN_POINT('',(-0.0089847691840206,0.0162601991330675,0.0163353214017831));
#2496=CARTESIAN_POINT('',(-0.00793443780100324,0.0162601991330658,0.0168704919718365));
#2497=CARTESIAN_POINT('',(-0.00898476918402059,0.0162601991330675,0.0163353214017831));
#2498=CARTESIAN_POINT('',(-0.00846538886221831,0.0153282330917351,0.0153622679221267));
#2499=CARTESIAN_POINT('',(-0.00794591856734633,0.0143962737752823,0.014389256024834));
#2500=CARTESIAN_POINT('',(-0.00742628386422645,0.0134643259709999,0.0134163208977614));
#2501=CARTESIAN_POINT('',(-0.00648897147354968,0.0134643259710054,0.0138939054149449));
#2502=CARTESIAN_POINT('',(-0.00697065891065982,0.0143962737752052,0.0148861756396785));
#2503=CARTESIAN_POINT('',(-0.00745250509331036,0.0153282330923183,0.0158783579805397));
#2504=CARTESIAN_POINT('',(-0.00793443780100056,0.0162601991330683,0.0168704919718355));
#2505=CARTESIAN_POINT('',(-0.0086711013041167,0.016203292443696,0.0174868951608259));
#2506=CARTESIAN_POINT('',(-0.00865628390327406,0.0161756038409813,0.0174570131047868));
#2507=CARTESIAN_POINT('',(-0.00836497015330106,0.0156312390921296,0.016869524523346));
#2508=CARTESIAN_POINT('',(-0.00779716005419769,0.0145701981971411,0.0157244294165036));
#2509=CARTESIAN_POINT('',(-0.00708879429195726,0.0132465073301882,0.0142958775653176));
#2510=CARTESIAN_POINT('',(-0.00665692487884721,0.0124394926093721,0.0134249322395333));
#2511=CARTESIAN_POINT('',(-0.00650155181486754,0.012149154034693,0.0131115934391506));
#2512=CARTESIAN_POINT('',(-0.00848230647845678,0.016340395965818,0.0174136055307685));
#2513=CARTESIAN_POINT('',(-0.00846781169506615,0.0163124730770797,0.0173838487139335));
#2514=CARTESIAN_POINT('',(-0.00818284068365767,0.0157635022073026,0.0167988223660911));
#2515=CARTESIAN_POINT('',(-0.00762739344423134,0.0146934833564867,0.0156585264872414));
#2516=CARTESIAN_POINT('',(-0.00693445084288999,0.0133585921312923,0.014235961864533));
#2517=CARTESIAN_POINT('',(-0.00651198446956651,0.0125447488871368,0.0133686667728319));
#2518=CARTESIAN_POINT('',(-0.00635999432426089,0.0122519536240201,0.0130566412121382));
#2519=CARTESIAN_POINT('',(-0.00821307148030983,0.0165446999395592,0.0173004630609623));
#2520=CARTESIAN_POINT('',(-0.00819903677260607,0.0165164279309379,0.0172708995848885));
#2521=CARTESIAN_POINT('',(-0.0079231109625144,0.0159605932782759,0.0166896743640316));
#2522=CARTESIAN_POINT('',(-0.0073852940500348,0.014877195981573,0.0155567873983914));
#2523=CARTESIAN_POINT('',(-0.00671434598525754,0.0135256146111466,0.0141434656906318));
#2524=CARTESIAN_POINT('',(-0.00630528902286819,0.0127015958847609,0.0132818057276554));
#2525=CARTESIAN_POINT('',(-0.00615812316286676,0.0124051398024161,0.0129718075094622));
#2526=CARTESIAN_POINT('',(-0.00787824839863919,0.0168183602295402,0.0171405250012641));
#2527=CARTESIAN_POINT('',(-0.00786478584522569,0.0167896205831797,0.0171112348314587));
#2528=CARTESIAN_POINT('',(-0.00760010872939765,0.016224592057387,0.0165353828791521));
#2529=CARTESIAN_POINT('',(-0.00708421705115506,0.0151232746521622,0.0154129691443442));
#2530=CARTESIAN_POINT('',(-0.00644062159121366,0.0137493372310901,0.014012713210077));
#2531=CARTESIAN_POINT('',(-0.00604824069368682,0.0129116886894503,0.0131590190583111));
#2532=CARTESIAN_POINT('',(-0.00590707435857453,0.0126103290272425,0.0128518866890465));
#2533=CARTESIAN_POINT('',(-0.0076561679398431,0.017008962843387,0.0170255155413344));
#2534=CARTESIAN_POINT('',(-0.00764308488322729,0.0169798974903795,0.016996421902651));
#2535=CARTESIAN_POINT('',(-0.00738586876790871,0.0164084654916891,0.0164244338006074));
#2536=CARTESIAN_POINT('',(-0.00688451959388736,0.0152946668473158,0.0153095512352034));
#2537=CARTESIAN_POINT('',(-0.00625906648841241,0.013905158582229,0.0139186907353673));
#2538=CARTESIAN_POINT('',(-0.00587774644164024,0.0130580169628251,0.0130707246988915));
#2539=CARTESIAN_POINT('',(-0.00574055945357084,0.0127532419891042,0.012765653125776));
#2540=CARTESIAN_POINT('',(-0.0074545969970805,0.0171907904640911,0.0169124589951827));
#2541=CARTESIAN_POINT('',(-0.00744185839007408,0.0171614143993706,0.0168835585504321));
#2542=CARTESIAN_POINT('',(-0.00719141423891119,0.0165838737318758,0.0163153686886885));
#2543=CARTESIAN_POINT('',(-0.00670326454359181,0.0154581684616067,0.0152078894099517));
#2544=CARTESIAN_POINT('',(-0.00609427831464243,0.0140538062054733,0.0138262648057282));
#2545=CARTESIAN_POINT('',(-0.00572299762984953,0.0131976085521141,0.0129839296184977));
#2546=CARTESIAN_POINT('',(-0.0055894224892131,0.0128895755015291,0.0126808838482604));
#2547=CARTESIAN_POINT('',(-0.00727271815731503,0.0173634068559888,0.0168020493306907));
#2548=CARTESIAN_POINT('',(-0.00726029034954611,0.0173337358199398,0.0167733375568135));
#2549=CARTESIAN_POINT('',(-0.0070159565879398,0.0167503959434787,0.0162088570109073));
#2550=CARTESIAN_POINT('',(-0.00653971687249611,0.0156133872266055,0.0151086076929724));
#2551=CARTESIAN_POINT('',(-0.00594558881881735,0.0141949234696668,0.0137360027534262));
#2552=CARTESIAN_POINT('',(-0.00558336671897598,0.0133301285531403,0.0128991665859089));
#2553=CARTESIAN_POINT('',(-0.00545305057297198,0.0130190024770258,0.0125980991904204));
#2554=CARTESIAN_POINT('',(-0.00710970287109282,0.0175263819768529,0.0166949780523561));
#2555=CARTESIAN_POINT('',(-0.00709755362803612,0.0174964324447273,0.0166664492446321));
#2556=CARTESIAN_POINT('',(-0.00685869651728035,0.0169076172668084,0.0161055658583614));
#2557=CARTESIAN_POINT('',(-0.00639313153882552,0.0157599364430962,0.0150123278935441));
#2558=CARTESIAN_POINT('',(-0.0058123206456125,0.0143281588069088,0.0136484698968639));
#2559=CARTESIAN_POINT('',(-0.00545821762009855,0.0134552468165146,0.0128169664787302));
#2560=CARTESIAN_POINT('',(-0.00533082246228367,0.0131412004719137,0.0125178176391432));
#2561=CARTESIAN_POINT('',(-0.00696470648619068,0.0176792943389221,0.0165919334964775));
#2562=CARTESIAN_POINT('',(-0.00695280501668436,0.0176490835062208,0.0165635807739398));
#2563=CARTESIAN_POINT('',(-0.00671881919495371,0.0170551310946277,0.0160061592658014));
#2564=CARTESIAN_POINT('',(-0.00626274902099872,0.0158974371041429,0.0149196689720623));
#2565=CARTESIAN_POINT('',(-0.00569378327537549,0.0144531676427404,0.013564228964379));
#2566=CARTESIAN_POINT('',(-0.0053469018819766,0.0135726397602296,0.0127378577422964));
#2567=CARTESIAN_POINT('',(-0.00522210484080205,0.0132558534566106,0.0124405553058146));
#2568=CARTESIAN_POINT('',(-0.00683686736451487,0.017821733967025,0.016493598213275));
#2569=CARTESIAN_POINT('',(-0.00682518434978641,0.0177912797298251,0.0164654135285974));
#2570=CARTESIAN_POINT('',(-0.00659549340279225,0.0171925419258405,0.0159112956861757));
#2571=CARTESIAN_POINT('',(-0.00614779452353239,0.0160255205550711,0.0148312446860099));
#2572=CARTESIAN_POINT('',(-0.00558927230217373,0.0145696148144699,0.0134838379540776));
#2573=CARTESIAN_POINT('',(-0.00524875801308078,0.0136819926406535,0.0126623643798894));
#2574=CARTESIAN_POINT('',(-0.00512625165625353,0.0133626540336218,0.0123668239634455));
#2575=CARTESIAN_POINT('',(-0.00672530073298263,0.0179533049574257,0.0164006484521275));
#2576=CARTESIAN_POINT('',(-0.00671380836618252,0.0179226258883346,0.0163726226023915));
#2577=CARTESIAN_POINT('',(-0.00648786560441462,0.0173194678339969,0.0158216274940412));
#2578=CARTESIAN_POINT('',(-0.00604747244767894,0.0161438307944124,0.0147476631270766));
#2579=CARTESIAN_POINT('',(-0.00549806440677028,0.014677176663078,0.0134078497130051));
#2580=CARTESIAN_POINT('',(-0.0051631067608294,0.0137830015169904,0.0125910055575479));
#2581=CARTESIAN_POINT('',(-0.00504259950985631,0.0134613053561495,0.0122971306607052));
#2582=CARTESIAN_POINT('',(-0.00662910065324244,0.0180736300988044,0.0163137489838651));
#2583=CARTESIAN_POINT('',(-0.0066177726756119,0.0180427454150182,0.0162858716301747));
#2584=CARTESIAN_POINT('',(-0.00639506184540539,0.0174355449251326,0.0157377959906534));
#2585=CARTESIAN_POINT('',(-0.00596096816262293,0.0162520286291475,0.0146695220653011));
#2586=CARTESIAN_POINT('',(-0.00541941896690852,0.0147755448109602,0.0133368077042697));
#2587=CARTESIAN_POINT('',(-0.00508925262377008,0.0138753767988724,0.0125242916290692));
#2588=CARTESIAN_POINT('',(-0.00497046913320758,0.0135515245928841,0.0122319738396997));
#2589=CARTESIAN_POINT('',(-0.00654733642905365,0.0181823537215449,0.0162335514701424));
#2590=CARTESIAN_POINT('',(-0.00653614817223156,0.0181512832480369,0.0162058111600254));
#2591=CARTESIAN_POINT('',(-0.00631618428753136,0.0175404300864617,0.0156604298309084));
#2592=CARTESIAN_POINT('',(-0.00588744477495306,0.0163497942368192,0.0145974074827916));
#2593=CARTESIAN_POINT('',(-0.00535257512027503,0.014864428491274,0.0132712446739731));
#2594=CARTESIAN_POINT('',(-0.00502648109347512,0.0139588454337961,0.0124627228841546));
#2595=CARTESIAN_POINT('',(-0.0049091626945533,0.0136330450643854,0.012171842113336));
#2596=CARTESIAN_POINT('',(-0.0064790523787537,0.0182791444337088,0.0161606918506983));
#2597=CARTESIAN_POINT('',(-0.00646798080747234,0.0182479085617434,0.0161330760449722));
#2598=CARTESIAN_POINT('',(-0.00625031098924174,0.0176338036257587,0.0155901425028453));
#2599=CARTESIAN_POINT('',(-0.00582604292406188,0.0164368296257546,0.0145318912243177));
#2600=CARTESIAN_POINT('',(-0.00529675157848707,0.014943556784652,0.0132116805152446));
#2601=CARTESIAN_POINT('',(-0.0049740584798615,0.0140331530075687,0.0124067875425723));
#2602=CARTESIAN_POINT('',(-0.00485796362818518,0.0137056182945047,0.0121172123063007));
#2603=CARTESIAN_POINT('',(-0.00642326848292285,0.0183636985897642,0.0160957867266982));
#2604=CARTESIAN_POINT('',(-0.00641229223659689,0.018332318229483,0.0160682818325166));
#2605=CARTESIAN_POINT('',(-0.00619649653046723,0.0177153726176242,0.0155275288386733));
#2606=CARTESIAN_POINT('',(-0.00577588136453388,0.0165128617541878,0.0144735277451681));
#2607=CARTESIAN_POINT('',(-0.00525114715657111,0.0150126814549545,0.0131586193115527));
#2608=CARTESIAN_POINT('',(-0.00493123240841206,0.0140980664072989,0.0123569589775991));
#2609=CARTESIAN_POINT('',(-0.0048161371200567,0.0137690166112209,0.0120685467433073));
#2610=CARTESIAN_POINT('',(-0.00637897317979564,0.0184357429129593,0.0160394331265308));
#2611=CARTESIAN_POINT('',(-0.0063680726264225,0.0184042394414864,0.0160120245308301));
#2612=CARTESIAN_POINT('',(-0.00615376506238779,0.0177848734332767,0.0154731647888372));
#2613=CARTESIAN_POINT('',(-0.0057360504876915,0.0165776448883303,0.014422853900552));
#2614=CARTESIAN_POINT('',(-0.00521493488307137,0.0150715790931116,0.0131125491452397));
#2615=CARTESIAN_POINT('',(-0.00489722628911282,0.0141533758346296,0.0123136955362195));
#2616=CARTESIAN_POINT('',(-0.00478292470581584,0.0138230351128843,0.0120262930734916));
#2617=CARTESIAN_POINT('',(-0.00634515133748942,0.0184950414607143,0.0159921925772115));
#2618=CARTESIAN_POINT('',(-0.00633430857974997,0.0184634366583584,0.015964864707376));
#2619=CARTESIAN_POINT('',(-0.00612113729210827,0.0178420784600325,0.0154275920557757));
#2620=CARTESIAN_POINT('',(-0.0057056374745643,0.0166309668657368,0.0143803746224105));
#2621=CARTESIAN_POINT('',(-0.00518728486789164,0.0151200568114663,0.0130739290755831));
#2622=CARTESIAN_POINT('',(-0.00487126079112125,0.0141989001531659,0.0122774283105206));
#2623=CARTESIAN_POINT('',(-0.00475756524425312,0.0138674968908354,0.011990872327223));
#2624=CARTESIAN_POINT('',(-0.00632070468822757,0.0185413863907075,0.0159546260243795));
#2625=CARTESIAN_POINT('',(-0.00630990370555091,0.0185097023929437,0.0159273623492353));
#2626=CARTESIAN_POINT('',(-0.00609755372593236,0.0178867871933933,0.0153913517810769));
#2627=CARTESIAN_POINT('',(-0.00568365474937194,0.0166726407920564,0.0143465943199042));
#2628=CARTESIAN_POINT('',(-0.00516729925572233,0.0151579446948706,0.0130432176865745));
#2629=CARTESIAN_POINT('',(-0.00485249275901461,0.0142344797994715,0.0122485879462591));
#2630=CARTESIAN_POINT('',(-0.00473923525924876,0.0139022461058589,0.0119627050989579));
#2631=CARTESIAN_POINT('',(-0.00629886572406279,0.0185866339021627,0.0159172898253197));
#2632=CARTESIAN_POINT('',(-0.00628810206036957,0.018554872584288,0.0158900899512324));
#2633=CARTESIAN_POINT('',(-0.00607648578115692,0.0179304372523142,0.0153553337275657));
#2634=CARTESIAN_POINT('',(-0.00566401688642484,0.0167133279062414,0.0143130211543196));
#2635=CARTESIAN_POINT('',(-0.00514944547693646,0.0151949354172344,0.0130126946162636));
#2636=CARTESIAN_POINT('',(-0.00483572668296752,0.0142692169423266,0.0122199244277871));
#2637=CARTESIAN_POINT('',(-0.00472286050451801,0.0139361724815178,0.0119347105888901));
#2638=CARTESIAN_POINT('',(-0.00627587685940053,0.018640823176318,0.0158715466278698));
#2639=CARTESIAN_POINT('',(-0.00626515247967029,0.0186089692584185,0.0158444249209344));
#2640=CARTESIAN_POINT('',(-0.00605430853284513,0.0179827133871488,0.0153112054827252));
#2641=CARTESIAN_POINT('',(-0.00564334501892505,0.0167620555625091,0.0142718883132422));
#2642=CARTESIAN_POINT('',(-0.00513065163208552,0.0152392362048559,0.0129752986609396));
#2643=CARTESIAN_POINT('',(-0.00481807781234091,0.0143108188005727,0.0121848067399108));
#2644=CARTESIAN_POINT('',(-0.00470562355969121,0.0139768033496595,0.0119004125501557));
#2645=CARTESIAN_POINT('',(-0.00623238459167444,0.0187296513686497,0.0157984506976845));
#2646=CARTESIAN_POINT('',(-0.00622173453264948,0.0186976456588513,0.0157714538989539));
#2647=CARTESIAN_POINT('',(-0.00601235174919466,0.0180684055214655,0.0152406901868149));
#2648=CARTESIAN_POINT('',(-0.00560423624131,0.0168419309564924,0.0142061595612676));
#2649=CARTESIAN_POINT('',(-0.00509509585567514,0.0153118549831034,0.0129155413135751));
#2650=CARTESIAN_POINT('',(-0.00478468819447013,0.0143790134373018,0.012128689979291));
#2651=CARTESIAN_POINT('',(-0.00467301325769497,0.0140434063190876,0.0118456055584152));
#2652=CARTESIAN_POINT('',(-0.00616812482850757,0.0188425519205782,0.0157084639828158));
#2653=CARTESIAN_POINT('',(-0.00615758457821803,0.018810353283414,0.0156816209556971));
#2654=CARTESIAN_POINT('',(-0.00595036066154656,0.0181773201464999,0.0151538804313213));
#2655=CARTESIAN_POINT('',(-0.00554645307849317,0.016943452509836,0.0141252424096885));
#2656=CARTESIAN_POINT('',(-0.00504256224704071,0.0154041533844252,0.0128419754205771));
#2657=CARTESIAN_POINT('',(-0.00473535508197018,0.0144656887587643,0.0120596059287228));
#2658=CARTESIAN_POINT('',(-0.00462483158328157,0.0141280586328532,0.0117781339341256));
#2659=CARTESIAN_POINT('',(-0.00607684850026067,0.0189706075701765,0.0156123734935369));
#2660=CARTESIAN_POINT('',(-0.00606646422530755,0.0189381901082259,0.0155856946683168));
#2661=CARTESIAN_POINT('',(-0.00586230682216566,0.0183008548221175,0.0150611823937085));
#2662=CARTESIAN_POINT('',(-0.00546437629083499,0.0170586017118512,0.014038836669712));
#2663=CARTESIAN_POINT('',(-0.00496794206997506,0.0155088413734232,0.0127634195730531));
#2664=CARTESIAN_POINT('',(-0.0046652809773039,0.014563998859153,0.0119858359257824));
#2665=CARTESIAN_POINT('',(-0.00455639301282152,0.0142240741690406,0.0117060857278999));
#2666=CARTESIAN_POINT('',(-0.00596844447584717,0.0190911410314836,0.0155292347614638));
#2667=CARTESIAN_POINT('',(-0.00595824544447803,0.0190585175988554,0.0155026980058465));
#2668=CARTESIAN_POINT('',(-0.00575772997582134,0.0184171328784965,0.0149809788546211));
#2669=CARTESIAN_POINT('',(-0.00536689806987707,0.0171669868704068,0.0139640773077876));
#2670=CARTESIAN_POINT('',(-0.00487931966752166,0.0156073798269063,0.0126954520394388));
#2671=CARTESIAN_POINT('',(-0.00458205770245382,0.0146565340711367,0.0119220091666981));
#2672=CARTESIAN_POINT('',(-0.00447511217467355,0.0143144496030978,0.0116437486895655));
#2673=CARTESIAN_POINT('',(-0.00583350964661926,0.0192059979061353,0.0154602906996464));
#2674=CARTESIAN_POINT('',(-0.00582354119535549,0.0191731782031268,0.0154338717574146));
#2675=CARTESIAN_POINT('',(-0.00562755898836022,0.0185279347587498,0.0149144688463624));
#2676=CARTESIAN_POINT('',(-0.00524556302563345,0.0172702675730045,0.0139020819664898));
#2677=CARTESIAN_POINT('',(-0.00476900781512029,0.0157012775601777,0.0126390889253736));
#2678=CARTESIAN_POINT('',(-0.00447846636033862,0.0147447112887195,0.0118690798530776));
#2679=CARTESIAN_POINT('',(-0.00437393866128845,0.0144005687586297,0.011592054749602));
#2680=CARTESIAN_POINT('',(-0.00565823604974083,0.0193109417684178,0.0154141878685059));
#2681=CARTESIAN_POINT('',(-0.00564856711050569,0.0192779427346393,0.0153878477079772));
#2682=CARTESIAN_POINT('',(-0.00545847338376075,0.0186291736031569,0.0148699936646124));
#2683=CARTESIAN_POINT('',(-0.00508795486950602,0.0173646343739704,0.0138606257384115));
#2684=CARTESIAN_POINT('',(-0.00462571823407333,0.01578707121266,0.0126013989624992));
#2685=CARTESIAN_POINT('',(-0.00434390638615044,0.0148252781490535,0.0118336860694231));
#2686=CARTESIAN_POINT('',(-0.00424251932573735,0.0144792551831509,0.0115574870591831));
#2687=CARTESIAN_POINT('',(-0.00545832641767256,0.0193816424283915,0.0154097158779716));
#2688=CARTESIAN_POINT('',(-0.00544899908915638,0.0193485225795076,0.0153833833592953));
#2689=CARTESIAN_POINT('',(-0.00526562151328214,0.0186973781932956,0.0148656795566307));
#2690=CARTESIAN_POINT('',(-0.00490819369004984,0.0174282092697557,0.0138566044699781));
#2691=CARTESIAN_POINT('',(-0.00446228821417032,0.0158448703799493,0.0125977430230906));
#2692=CARTESIAN_POINT('',(-0.00419043298564887,0.0148795560274709,0.0118302528601914));
#2693=CARTESIAN_POINT('',(-0.00409262800448547,0.0145322662123204,0.0115541339812804));
#2694=CARTESIAN_POINT('',(-0.0051737710354149,0.019402143896641,0.0154820415138631));
#2695=CARTESIAN_POINT('',(-0.00516492996245185,0.0193689890143209,0.0154555854032807));
#2696=CARTESIAN_POINT('',(-0.00499111229051289,0.018717155862128,0.0149354517533024));
#2697=CARTESIAN_POINT('',(-0.00465231801959803,0.0174466444400623,0.0139216405639284));
#2698=CARTESIAN_POINT('',(-0.00422965864397534,0.0158616307297603,0.012656870639859));
#2699=CARTESIAN_POINT('',(-0.00397197586732855,0.0148952952893312,0.0118857782551855));
#2700=CARTESIAN_POINT('',(-0.00387926968965766,0.0145476381187749,0.0116083634099077));
#2701=CARTESIAN_POINT('',(-0.00491444698457303,0.019402143896641,0.0155663010056885));
#2702=CARTESIAN_POINT('',(-0.00490604905121528,0.0193689890143209,0.0155397009103201));
#2703=CARTESIAN_POINT('',(-0.00474094361305833,0.018717155862128,0.015016736483988));
#2704=CARTESIAN_POINT('',(-0.00441913067010218,0.0174466444400623,0.013997407726692));
#2705=CARTESIAN_POINT('',(-0.0040176561789018,0.0158616307297603,0.0127257544164114));
#2706=CARTESIAN_POINT('',(-0.00377288919250062,0.0148952952893312,0.0119504654370946));
#2707=CARTESIAN_POINT('',(-0.00368482971089863,0.0145476381187749,0.0116715407887416));
#2708=CARTESIAN_POINT('',(-0.00464172490234604,0.0193816424283915,0.0156750457942748));
#2709=CARTESIAN_POINT('',(-0.00463379300349408,0.0193485225795076,0.0156482598730159));
#2710=CARTESIAN_POINT('',(-0.0044778499185017,0.0186973781932956,0.0151216420639077));
#2711=CARTESIAN_POINT('',(-0.00417389564736887,0.0174282092697557,0.0140951923669504));
#2712=CARTESIAN_POINT('',(-0.00379470056208026,0.0158448703799493,0.0128146554002166));
#2713=CARTESIAN_POINT('',(-0.00356351666293209,0.0148795560274709,0.012033950321332));
#2714=CARTESIAN_POINT('',(-0.00348034394992436,0.0145322662123204,0.0117530771302966));
#2715=CARTESIAN_POINT('',(-0.00448262318274806,0.0193109417684178,0.0157961676441367));
#2716=CARTESIAN_POINT('',(-0.00447496316100506,0.0192779427346393,0.0157691747467467));
#2717=CARTESIAN_POINT('',(-0.00432436524693591,0.0186291736031569,0.0152384877359248));
#2718=CARTESIAN_POINT('',(-0.00403082944054061,0.0173646343739704,0.014204106611671));
#2719=CARTESIAN_POINT('',(-0.00366463180585534,0.01578707121266,0.0129136748728094));
#2720=CARTESIAN_POINT('',(-0.00344137206349622,0.0148252781490535,0.0121269372473797));
#2721=CARTESIAN_POINT('',(-0.00336105021346326,0.0144792551831509,0.0118438937353818));
#2722=CARTESIAN_POINT('',(-0.00436792242844149,0.0192059979061353,0.0159364888533796));
#2723=CARTESIAN_POINT('',(-0.00436045841029641,0.0191731782031268,0.0159092561714995));
#2724=CARTESIAN_POINT('',(-0.00421371397523643,0.0185279347587498,0.0153738549385469));
#2725=CARTESIAN_POINT('',(-0.00392768912326154,0.0172702675730045,0.0143302851545218));
#2726=CARTESIAN_POINT('',(-0.00357086170400846,0.0157012775601777,0.0130283901958387));
#2727=CARTESIAN_POINT('',(-0.00335331470167028,0.0147447112887195,0.0122346637882281));
#2728=CARTESIAN_POINT('',(-0.00327504811624701,0.0144005687586297,0.0119491059316901));
#2729=CARTESIAN_POINT('',(-0.0042992821612324,0.0190911410314836,0.0160715784736918));
#2730=CARTESIAN_POINT('',(-0.00429193543734067,0.0190585175988554,0.0160441149471954));
#2731=CARTESIAN_POINT('',(-0.00414749703619016,0.0184171328784965,0.0155041752522303));
#2732=CARTESIAN_POINT('',(-0.00386596695778089,0.0171669868704068,0.0144517593887964));
#2733=CARTESIAN_POINT('',(-0.00351474694795559,0.0156073798269063,0.0131388285929679));
#2734=CARTESIAN_POINT('',(-0.00330061861538907,0.0146565340711367,0.0123383739656082));
#2735=CARTESIAN_POINT('',(-0.00322358196008131,0.0143144496030978,0.0120503955067171));
#2736=CARTESIAN_POINT('',(-0.00426044918383013,0.0189706075701765,0.0162025574076692));
#2737=CARTESIAN_POINT('',(-0.00425316881872858,0.0189381901082259,0.0161748700610029));
#2738=CARTESIAN_POINT('',(-0.00411003504773668,0.0183008548221175,0.0156305300063734));
#2739=CARTESIAN_POINT('',(-0.00383104787085444,0.0170586017118512,0.0145695372437806));
#2740=CARTESIAN_POINT('',(-0.00348300023218164,0.0155088413734232,0.0132459064239125));
#2741=CARTESIAN_POINT('',(-0.0032708059993992,0.014563998859153,0.0124389283120076));
#2742=CARTESIAN_POINT('',(-0.0031944651725071,0.0142240741690406,0.012148602908066));
#2743=CARTESIAN_POINT('',(-0.00424308565557794,0.0188425519205782,0.0163339471261205));
#2744=CARTESIAN_POINT('',(-0.00423583496171989,0.018810353283414,0.0163060352573254));
#2745=CARTESIAN_POINT('',(-0.00409328453468287,0.0181773201464999,0.0157572810423433));
#2746=CARTESIAN_POINT('',(-0.00381543437446689,0.016943452509836,0.0146876844811742));
#2747=CARTESIAN_POINT('',(-0.00346880520946822,0.0154041533844252,0.0133533200791696));
#2748=CARTESIAN_POINT('',(-0.00325747577764851,0.0144656887587643,0.0125397980233519));
#2749=CARTESIAN_POINT('',(-0.00318144607900776,0.0141280586328532,0.0122471183137212));
#2750=CARTESIAN_POINT('',(-0.00424399127902351,0.0187296513686497,0.0164445188488226));
#2751=CARTESIAN_POINT('',(-0.00423673903761283,0.0186976456588513,0.0164164180322249));
#2752=CARTESIAN_POINT('',(-0.00409415818531001,0.0180684055214655,0.0158639490569082));
#2753=CARTESIAN_POINT('',(-0.00381624872211506,0.0168419309564924,0.0147871119228727));
#2754=CARTESIAN_POINT('',(-0.00346954557428308,0.0153118549831034,0.0134437146172163));
#2755=CARTESIAN_POINT('',(-0.00325817103734324,0.0143790134373018,0.012624685470279));
#2756=CARTESIAN_POINT('',(-0.00318212511129555,0.0140434063190876,0.0123300244820606));
#2757=CARTESIAN_POINT('',(-0.00425177000507472,0.018640823176318,0.0165292188121203));
#2758=CARTESIAN_POINT('',(-0.00424450447117697,0.0186089692584185,0.0165009732580477));
#2759=CARTESIAN_POINT('',(-0.00410166228530457,0.0179827133871488,0.0159456587083264));
#2760=CARTESIAN_POINT('',(-0.00382324344745752,0.0167620555625091,0.0148632751629565));
#2761=CARTESIAN_POINT('',(-0.00347590483441585,0.0152392362048559,0.0135129584877808));
#2762=CARTESIAN_POINT('',(-0.00326414287334883,0.0143108188005727,0.0126897108082538));
#2763=CARTESIAN_POINT('',(-0.00318795756425647,0.0139768033496595,0.0123935321243754));
#2764=CARTESIAN_POINT('',(-0.00426005879973532,0.0185866339021627,0.0165797383518498));
#2765=CARTESIAN_POINT('',(-0.00425277910173215,0.018554872584288,0.0165514064686888));
#2766=CARTESIAN_POINT('',(-0.00410965844605866,0.0179304372523142,0.0159943946678284));
#2767=CARTESIAN_POINT('',(-0.00383069683271486,0.0167133279062414,0.0149087029492687));
#2768=CARTESIAN_POINT('',(-0.00348268108557663,0.0151949354172344,0.0135542591959961));
#2769=CARTESIAN_POINT('',(-0.0032705062961087,0.0142692169423266,0.0127284953604228));
#2770=CARTESIAN_POINT('',(-0.0031941724643111,0.0139361724815178,0.012431411442549));
#2771=CARTESIAN_POINT('',(-0.00426433637377044,0.0185413863907075,0.0166227805924558));
#2772=CARTESIAN_POINT('',(-0.00425704936613878,0.0185097023929437,0.0165943751576075));
#2773=CARTESIAN_POINT('',(-0.00411378500136893,0.0178867871933933,0.0160359173124584));
#2774=CARTESIAN_POINT('',(-0.00383454327946087,0.0166726407920564,0.0149474070570085));
#2775=CARTESIAN_POINT('',(-0.00348617808570846,0.0151579446948706,0.0135894470664661));
#2776=CARTESIAN_POINT('',(-0.00327379024909424,0.0142344797994715,0.0127615394862245));
#2777=CARTESIAN_POINT('',(-0.00319737976961822,0.0139022461058589,0.0124636843162837));
#2778=CARTESIAN_POINT('',(-0.00426663968479619,0.0184950414607143,0.0166675419520211));
#2779=CARTESIAN_POINT('',(-0.00425934874120743,0.0184634366583584,0.0166390600278107));
#2780=CARTESIAN_POINT('',(-0.00411600699455162,0.0178420784600325,0.0160790983829651));
#2781=CARTESIAN_POINT('',(-0.00383661444482874,0.0166309668657368,0.0149876570174844));
#2782=CARTESIAN_POINT('',(-0.00348806108735718,0.0151200568114663,0.0136260403501861));
#2783=CARTESIAN_POINT('',(-0.00327555853295269,0.0141989001531659,0.0127959034035229));
#2784=CARTESIAN_POINT('',(-0.00319910678161525,0.0138674968908354,0.0124972461774949));
#2785=CARTESIAN_POINT('',(-0.00426704453778951,0.0184357429129593,0.016725640339357));
#2786=CARTESIAN_POINT('',(-0.00425975290237755,0.0184042394414864,0.0166970591351287));
#2787=CARTESIAN_POINT('',(-0.00411639755430716,0.0177848734332767,0.0161351456206775));
#2788=CARTESIAN_POINT('',(-0.00383697849357834,0.0165776448883303,0.0150398997960037));
#2789=CARTESIAN_POINT('',(-0.00348839206256869,0.0150715790931116,0.0136735369140105));
#2790=CARTESIAN_POINT('',(-0.00327586934421748,0.0141533758346296,0.0128405063422401));
#2791=CARTESIAN_POINT('',(-0.00319941033852471,0.0138230351128843,0.0125408080806923));
#2792=CARTESIAN_POINT('',(-0.00426433269988057,0.0183636985897642,0.0167972674855106));
#2793=CARTESIAN_POINT('',(-0.00425704569852695,0.018332318229483,0.0167685638829734));
#2794=CARTESIAN_POINT('',(-0.00411378145718486,0.0177153726176242,0.0162042439876239));
#2795=CARTESIAN_POINT('',(-0.0038345399758543,0.0165128617541878,0.0151043077994623));
#2796=CARTESIAN_POINT('',(-0.0034861750822319,0.0150126814549545,0.0137320935018065));
#2797=CARTESIAN_POINT('',(-0.00327378742859797,0.0140980664072989,0.012895495496963));
#2798=CARTESIAN_POINT('',(-0.00319737701495252,0.0137690166112209,0.0125945137849317));
#2799=CARTESIAN_POINT('',(-0.00425735285482646,0.0182791444337088,0.0168825657851335));
#2800=CARTESIAN_POINT('',(-0.00425007778081152,0.0182479085617434,0.0168537164226689));
#2801=CARTESIAN_POINT('',(-0.00410704803388549,0.0176338036257587,0.0162865308512469));
#2802=CARTESIAN_POINT('',(-0.00382826361404837,0.0164368296257546,0.0151810090708676));
#2803=CARTESIAN_POINT('',(-0.00348046892288223,0.014943556784652,0.0138018265239768));
#2804=CARTESIAN_POINT('',(-0.00326842890462718,0.0140331530075687,0.0129609801860432));
#2805=CARTESIAN_POINT('',(-0.00319214355928322,0.0137056182945047,0.012658470057067));
#2806=CARTESIAN_POINT('',(-0.00424493570748593,0.0181823537215449,0.0169816468132006));
#2807=CARTESIAN_POINT('',(-0.00423768185221161,0.0181512832480369,0.0169526281385278));
#2808=CARTESIAN_POINT('',(-0.00409506927095219,0.0175404300864617,0.0163821138473937));
#2809=CARTESIAN_POINT('',(-0.00381709796370766,0.0163497942368192,0.0152701039397982));
#2810=CARTESIAN_POINT('',(-0.00347031766295541,0.014864428491274,0.0138828271952375));
#2811=CARTESIAN_POINT('',(-0.00325889608818826,0.0139588454337961,0.0130370460671382));
#2812=CARTESIAN_POINT('',(-0.00318283323940621,0.0136330450643854,0.0127327605555003));
#2813=CARTESIAN_POINT('',(-0.00422592597642202,0.0180736300988044,0.0170945877698522));
#2814=CARTESIAN_POINT('',(-0.00421870460546489,0.0180427454150183,0.0170653760987689));
#2815=CARTESIAN_POINT('',(-0.0040767306738819,0.0174355449251326,0.0164910674506721));
#2816=CARTESIAN_POINT('',(-0.00380000418167306,0.0162520286291475,0.0153716618255616));
#2817=CARTESIAN_POINT('',(-0.00345477683736345,0.0147755448109602,0.0139751586282079));
#2818=CARTESIAN_POINT('',(-0.0032443020536797,0.0138753767988724,0.0131237524078677));
#2819=CARTESIAN_POINT('',(-0.00316857983062179,0.0135515245928841,0.0128174431645412));
#2820=CARTESIAN_POINT('',(-0.00419917670292867,0.0179533049574257,0.0172214359046193));
#2821=CARTESIAN_POINT('',(-0.0041920010418178,0.0179226258883346,0.017192007472182));
#2822=CARTESIAN_POINT('',(-0.00405092577707044,0.0173194678339969,0.0166134372424798));
#2823=CARTESIAN_POINT('',(-0.00377595090868659,0.0161438307944124,0.0154857252155125));
#2824=CARTESIAN_POINT('',(-0.00343290878501309,0.014677176663078,0.0140788594503001));
#2825=CARTESIAN_POINT('',(-0.00322376626497608,0.0137830015169904,0.0132211354823528));
#2826=CARTESIAN_POINT('',(-0.00314852334857555,0.0134613053561495,0.0129125533116705));
#2827=CARTESIAN_POINT('',(-0.00416355190082054,0.017821733967025,0.0173622110616733));
#2828=CARTESIAN_POINT('',(-0.00415643711628743,0.0177912797298251,0.0173325420690283));
#2829=CARTESIAN_POINT('',(-0.00401655870005218,0.0171925419258405,0.0167492423663946));
#2830=CARTESIAN_POINT('',(-0.00374391665211478,0.0160255205550711,0.0156123119537719));
#2831=CARTESIAN_POINT('',(-0.00340378481506058,0.0145696148144699,0.0141939458845112));
#2832=CARTESIAN_POINT('',(-0.00319641660970852,0.0136819926406535,0.0133292105252394));
#2833=CARTESIAN_POINT('',(-0.0031218120360586,0.0133626540336218,0.0130181058759564));
#2834=CARTESIAN_POINT('',(-0.00411792790808529,0.0176792943389221,0.0175169079273179));
#2835=CARTESIAN_POINT('',(-0.00411089108700396,0.0176490835062208,0.0174869745846917));
#2836=CARTESIAN_POINT('',(-0.00397254545143247,0.0170551310946277,0.0168984776963188));
#2837=CARTESIAN_POINT('',(-0.00370289100137081,0.0158974371041429,0.0157514172621992));
#2838=CARTESIAN_POINT('',(-0.00336648631191377,0.0144531676427404,0.0143204135867908));
#2839=CARTESIAN_POINT('',(-0.00316139043694689,0.0135726397602296,0.013447973457129));
#2840=CARTESIAN_POINT('',(-0.00308760337647017,0.0132558534566106,0.013134096873214));
#2841=CARTESIAN_POINT('',(-0.00406119143885099,0.0175263819768529,0.0176854994608827));
#2842=CARTESIAN_POINT('',(-0.00405425157050698,0.0174964324447273,0.0176552780247094));
#2843=CARTESIAN_POINT('',(-0.00391781204962994,0.0169076172668084,0.0170611171462465));
#2844=CARTESIAN_POINT('',(-0.00365187287621987,0.0157599364430962,0.0159030168254938));
#2845=CARTESIAN_POINT('',(-0.00332010314267748,0.0143281588069088,0.0144582404508638));
#2846=CARTESIAN_POINT('',(-0.00311783306166811,0.0134552468165146,0.0135774035185236));
#2847=CARTESIAN_POINT('',(-0.00304506263319177,0.0131412004719137,0.0132605060284731));
#2848=CARTESIAN_POINT('',(-0.00399224422030352,0.0173634068559888,0.0178679399258045));
#2849=CARTESIAN_POINT('',(-0.0039854221707392,0.0173337358199398,0.0178374067306742));
#2850=CARTESIAN_POINT('',(-0.00385129899608865,0.0167503959434787,0.0172371165943328));
#2851=CARTESIAN_POINT('',(-0.00358987469635187,0.0156133872266055,0.0160670695167803));
#2852=CARTESIAN_POINT('',(-0.00326373744792385,0.0141949234696668,0.0146073890861988));
#2853=CARTESIAN_POINT('',(-0.00306490132458207,0.0133301285531403,0.0137174655968285));
#2854=CARTESIAN_POINT('',(-0.00299336632632651,0.0130190024770258,0.0133972990486694));
#2855=CARTESIAN_POINT('',(-0.00390999832051499,0.0171907904640911,0.0180641689204399));
#2856=CARTESIAN_POINT('',(-0.00390331681485877,0.0171614143993706,0.0180333004041586));
#2857=CARTESIAN_POINT('',(-0.00377195676805634,0.0165838737318758,0.0174264177713999));
#2858=CARTESIAN_POINT('',(-0.00351591818010771,0.0154581684616067,0.016243521022164));
#2859=CARTESIAN_POINT('',(-0.00319649982210105,0.0140538062054733,0.014767810113275));
#2860=CARTESIAN_POINT('',(-0.0030017600052406,0.0131976085521141,0.0138681133208632));
#2861=CARTESIAN_POINT('',(-0.00293169872952636,0.0128895755015291,0.0135444306449288));
#2862=CARTESIAN_POINT('',(-0.00381337697275094,0.017008962843387,0.0182741140150485));
#2863=CARTESIAN_POINT('',(-0.00380686057613792,0.0169798974903795,0.0182428867391918));
#2864=CARTESIAN_POINT('',(-0.00367874661378975,0.0164084654916891,0.017628950804822));
#2865=CARTESIAN_POINT('',(-0.00342903508570644,0.0152946668473158,0.0164323062119392));
#2866=CARTESIAN_POINT('',(-0.00311750998742043,0.013905158582229,0.0149394443193682));
#2867=CARTESIAN_POINT('',(-0.00292758245486959,0.0130580169628251,0.0140292910853103));
#2868=CARTESIAN_POINT('',(-0.00285925248805389,0.0127532419891042,0.0137018465097655));
#2869=CARTESIAN_POINT('',(-0.00370131097188716,0.0168183602295402,0.0184976942411482));
#2870=CARTESIAN_POINT('',(-0.00369498607653763,0.0167896205831797,0.0184660849056529));
#2871=CARTESIAN_POINT('',(-0.00357063707619499,0.016224592057387,0.0178446375846898));
#2872=CARTESIAN_POINT('',(-0.00332826397085924,0.0151232746521622,0.0166333522782589));
#2873=CARTESIAN_POINT('',(-0.00302589384785711,0.0137493372310901,0.0151222255111665));
#2874=CARTESIAN_POINT('',(-0.0028415478298481,0.0129116886894503,0.0142009367295418));
#2875=CARTESIAN_POINT('',(-0.0027752259168322,0.0126103290272425,0.0138694859333849));
#2876=CARTESIAN_POINT('',(-0.0035244426414775,0.0165446999395592,0.0188238909190246));
#2877=CARTESIAN_POINT('',(-0.00351841998327826,0.0165164279309379,0.0187917241702596));
#2878=CARTESIAN_POINT('',(-0.00340001303974894,0.0159605932782759,0.0181593179671282));
#2879=CARTESIAN_POINT('',(-0.00316922181088954,0.014877195981573,0.0169266723096305));
#2880=CARTESIAN_POINT('',(-0.00288130054107141,0.0135256146111466,0.0153888976520037));
#2881=CARTESIAN_POINT('',(-0.00270576355658338,0.0127015958847609,0.0144513624487433));
#2882=CARTESIAN_POINT('',(-0.00264261085742543,0.0124051398024161,0.0141140666998492));
#2883=CARTESIAN_POINT('',(-0.00337313042765615,0.016340395965818,0.0190736774611951));
#2884=CARTESIAN_POINT('',(-0.00336736633565814,0.0163124730770797,0.0190410838707649));
#2885=CARTESIAN_POINT('',(-0.00325404286732753,0.0157635022073026,0.0184002858553665));
#2886=CARTESIAN_POINT('',(-0.00303316002266433,0.0146934833564867,0.017151283415));
#2887=CARTESIAN_POINT('',(-0.00275759985761487,0.0133585921312923,0.0155931030178787));
#2888=CARTESIAN_POINT('',(-0.002589599068898,0.0125447488871368,0.0146431270457256));
#2889=CARTESIAN_POINT('',(-0.00252915765651371,0.0122519536240201,0.0143013554985405));
#2890=CARTESIAN_POINT('',(-0.00326347076894095,0.016203292443696,0.0192439408316551));
#2891=CARTESIAN_POINT('',(-0.0032578940661871,0.0161756038409813,0.0192110562907999));
#2892=CARTESIAN_POINT('',(-0.00314825471654923,0.0156312390921296,0.0185645381183889));
#2893=CARTESIAN_POINT('',(-0.00293455272002734,0.0145701981971411,0.0173043863144221));
#2894=CARTESIAN_POINT('',(-0.00266795094965099,0.0132465073301882,0.015732296641193));
#2895=CARTESIAN_POINT('',(-0.00250541182615866,0.0124394926093721,0.0147738405995198));
#2896=CARTESIAN_POINT('',(-0.00244693534955034,0.012149154034693,0.0144290181894024));
#2897=CARTESIAN_POINT('',(-0.00793443780100324,0.0162601991330658,0.0168704919718365));
#2898=CARTESIAN_POINT('',(-0.00763503377626298,0.0164276359685164,0.0166908235689654));
#2899=CARTESIAN_POINT('',(-0.00720447898788121,0.0166824897374255,0.0164003933945504));
#2900=CARTESIAN_POINT('',(-0.00668104027116772,0.0170343674512739,0.0159608482317267));
#2901=CARTESIAN_POINT('',(-0.00631826757947874,0.0173083120201013,0.0155969558120078));
#2902=CARTESIAN_POINT('',(-0.00600549140464236,0.0175905396550916,0.0151953370139369));
#2903=CARTESIAN_POINT('',(-0.00579280564989063,0.0178821288355282,0.0147362725575605));
#2904=CARTESIAN_POINT('',(-0.00542488074634473,0.0181052514119246,0.0144651772881447));
#2905=CARTESIAN_POINT('',(-0.00503700061997027,0.0181871667347272,0.0144539438148894));
#2906=CARTESIAN_POINT('',(-0.00467263183939889,0.0181886705285514,0.0145746069608129));
#2907=CARTESIAN_POINT('',(-0.00419035003631221,0.0181804520475884,0.0147358631939205));
#2908=CARTESIAN_POINT('',(-0.00397414888403807,0.0179108469211835,0.0152758402548701));
#2909=CARTESIAN_POINT('',(-0.00406481959907634,0.0176170186504102,0.0157779464556276));
#2910=CARTESIAN_POINT('',(-0.00406174854241158,0.0173300980892715,0.0162916693435637));
#2911=CARTESIAN_POINT('',(-0.00398377321317234,0.0170539831457664,0.0168029881373789));
#2912=CARTESIAN_POINT('',(-0.00381778852889252,0.0166910610810597,0.0174863440014611));
#2913=CARTESIAN_POINT('',(-0.00363643643037828,0.0164309310674634,0.0179845963107025));
#2914=CARTESIAN_POINT('',(-0.00349713135814291,0.0162601991330675,0.0183122602333402));
#2915=CARTESIAN_POINT('',(0.,0.0191902019685288,0.));
#2916=CARTESIAN_POINT('',(0.,0.0162601991330675,0.));
#2917=CARTESIAN_POINT('',(-0.0135929152015984,0.0162601991330675,0.0127593674965428));
#2918=CARTESIAN_POINT('',(-0.0127593674965463,0.0162601991330658,0.0135929152015992));
#2919=CARTESIAN_POINT('',(-0.0135929152015985,0.0162601991330675,0.0127593674965428));
#2920=CARTESIAN_POINT('',(-0.0127982651004634,0.0153282330917351,0.0119944359899928));
#2921=CARTESIAN_POINT('',(-0.0120035422795112,0.0143962737752823,0.0112295718338282));
#2922=CARTESIAN_POINT('',(-0.0112086868203262,0.0134643259709999,0.0104648314954244));
#2923=CARTESIAN_POINT('',(-0.0104648314954244,0.0134643259709999,0.0112086868203261));
#2924=CARTESIAN_POINT('',(-0.011229571833762,0.0143962737752016,0.0120035422794423));
#2925=CARTESIAN_POINT('',(-0.01199443599047,0.0153282330923165,0.0127982651009592));
#2926=CARTESIAN_POINT('',(-0.0127593674965435,0.0162601991330683,0.0135929152015991));
#2927=CARTESIAN_POINT('',(-0.0136504551822839,0.016203292443696,0.0139515079295549));
#2928=CARTESIAN_POINT('',(-0.0136271289335149,0.0161756038409813,0.0139276672341114));
#2929=CARTESIAN_POINT('',(-0.0131685291376503,0.0156312390921297,0.0134589532899199));
#2930=CARTESIAN_POINT('',(-0.0122746557946899,0.0145701981971411,0.0125453660969803));
#2931=CARTESIAN_POINT('',(-0.0111595131212285,0.0132465073301881,0.0114056296088101));
#2932=CARTESIAN_POINT('',(-0.0104796439948628,0.012439492609372,0.0107107663693878));
#2933=CARTESIAN_POINT('',(-0.0102350484155928,0.0121491540346928,0.0104607763787134));
#2934=CARTESIAN_POINT('',(-0.013448252891898,0.016340395965818,0.0139401461588909));
#2935=CARTESIAN_POINT('',(-0.0134252721716015,0.0163124730770797,0.0139163248787332));
#2936=CARTESIAN_POINT('',(-0.0129734655506058,0.0157635022073026,0.0134479926438428));
#2937=CARTESIAN_POINT('',(-0.012092833028911,0.0146934833564867,0.0125351494542196));
#2938=CARTESIAN_POINT('',(-0.0109942088084733,0.0133585921312923,0.0113963411398827));
#2939=CARTESIAN_POINT('',(-0.0103244104887347,0.0125447488871367,0.0107020437802784));
#2940=CARTESIAN_POINT('',(-0.0100834380696954,0.0122519536240199,0.010452257375407));
#2941=CARTESIAN_POINT('',(-0.0131572322465399,0.0165446999395592,0.0139157394656199));
#2942=CARTESIAN_POINT('',(-0.0131347488298044,0.016516427930938,0.0138919598922471));
#2943=CARTESIAN_POINT('',(-0.0126927193192985,0.0159605932782759,0.013424447623021));
#2944=CARTESIAN_POINT('',(-0.0118311437150224,0.014877195981573,0.0125132026579415));
#2945=CARTESIAN_POINT('',(-0.0107562937597036,0.0135256146111465,0.0113763881925145));
#2946=CARTESIAN_POINT('',(-0.010100989898155,0.0127015958847608,0.0106833064229408));
#2947=CARTESIAN_POINT('',(-0.00986523213037679,0.0124051398024159,0.0104339573492204));
#2948=CARTESIAN_POINT('',(-0.0127893729944169,0.0168183602295402,0.0138670953540855));
#2949=CARTESIAN_POINT('',(-0.0127675181850291,0.0167896205831797,0.0138433989050212));
#2950=CARTESIAN_POINT('',(-0.0123378472497999,0.016224592057387,0.0133775208801717));
#2951=CARTESIAN_POINT('',(-0.0115003601887293,0.0151232746521622,0.012469461279537));
#2952=CARTESIAN_POINT('',(-0.0104555616525311,0.0137493372310901,0.0113366206833956));
#2953=CARTESIAN_POINT('',(-0.00981857924217422,0.0129116886894501,0.0106459616630394));
#2954=CARTESIAN_POINT('',(-0.00958941295765872,0.0126103290272423,0.0103974842184684));
#2955=CARTESIAN_POINT('',(-0.0125426220493049,0.017008962843387,0.0138263414936703));
#2956=CARTESIAN_POINT('',(-0.0125211888942761,0.0169798974903795,0.0138027146858505));
#2957=CARTESIAN_POINT('',(-0.0120998077875944,0.0164084654916891,0.0133382058250191));
#2958=CARTESIAN_POINT('',(-0.0112784787292601,0.0152946668473158,0.0124328149111763));
#2959=CARTESIAN_POINT('',(-0.0102538379464068,0.0139051585822289,0.0113033036083259));
#2960=CARTESIAN_POINT('',(-0.00962914511520637,0.013058016962825,0.010614674358487));
#2961=CARTESIAN_POINT('',(-0.00940440023565862,0.012753241989104,0.0103669271616596));
#2962=CARTESIAN_POINT('',(-0.0123159802966086,0.0171907904640912,0.0137811071756288));
#2963=CARTESIAN_POINT('',(-0.0122949344328337,0.0171614143993706,0.0137575576653745));
#2964=CARTESIAN_POINT('',(-0.0118811675675919,0.0165838737318758,0.0132945684937215));
#2965=CARTESIAN_POINT('',(-0.0110746797008831,0.0154581684616067,0.0123921396606697));
#2966=CARTESIAN_POINT('',(-0.0100685538969551,0.0140538062054732,0.0112663236718348));
#2967=CARTESIAN_POINT('',(-0.00945514909449405,0.0131976085521139,0.0105799473443988));
#2968=CARTESIAN_POINT('',(-0.0092344652934999,0.0128895755015289,0.0103330106783615));
#2969=CARTESIAN_POINT('',(-0.0121088847782022,0.0173634068559888,0.0137323049971564));
#2970=CARTESIAN_POINT('',(-0.0120881928045736,0.0173337358199398,0.0137088388813195));
#2971=CARTESIAN_POINT('',(-0.0116813835067679,0.0167503959434787,0.0132474892644496));
#2972=CARTESIAN_POINT('',(-0.0108884568847853,0.0156133872266055,0.0123482561465466));
#2973=CARTESIAN_POINT('',(-0.00989924927493758,0.0141949234696668,0.0112264269399139));
#2974=CARTESIAN_POINT('',(-0.00929615898926683,0.0133301285531402,0.0105424812343142));
#2975=CARTESIAN_POINT('',(-0.00907918602777308,0.0130190024770257,0.0102964190297475));
#2976=CARTESIAN_POINT('',(-0.01192076118337,0.0175263819768529,0.0136808486539738));
#2977=CARTESIAN_POINT('',(-0.0119003906801769,0.0174964324447273,0.0136574704680591));
#2978=CARTESIAN_POINT('',(-0.011499901570309,0.0169076172668084,0.0131978495751155));
#2979=CARTESIAN_POINT('',(-0.0107192938537663,0.0157599364430962,0.0123019859751431));
#2980=CARTESIAN_POINT('',(-0.0097454545701524,0.0143281588069087,0.0111843603766199));
#2981=CARTESIAN_POINT('',(-0.00915173389321334,0.0134552468165145,0.0105029774851256));
#2982=CARTESIAN_POINT('',(-0.00893813182294906,0.0131412004719135,0.01025783730066));
#2983=CARTESIAN_POINT('',(-0.0117510189077253,0.0176792943389221,0.0136276538046944));
#2984=CARTESIAN_POINT('',(-0.0117309384644969,0.0176490835062208,0.0136043665195058));
#2985=CARTESIAN_POINT('',(-0.0113361520049744,0.0170551310946277,0.0131465327572252));
#2986=CARTESIAN_POINT('',(-0.0105666595291578,0.0158974371041429,0.0122541525178528));
#2987=CARTESIAN_POINT('',(-0.00960668695200419,0.0144531676427403,0.0111408725507132));
#2988=CARTESIAN_POINT('',(-0.00902142039114468,0.0135726397602295,0.0104621390606654));
#2989=CARTESIAN_POINT('',(-0.00881085984657926,0.0132558534566105,0.0102179520477096));
#2990=CARTESIAN_POINT('',(-0.0115990494043618,0.0178217339670251,0.0135736358539667));
#2991=CARTESIAN_POINT('',(-0.0115792286505279,0.0177912797298251,0.0135504408760411));
#2992=CARTESIAN_POINT('',(-0.0111895477484604,0.0171925419258405,0.0130944218972858));
#2993=CARTESIAN_POINT('',(-0.0104300066981593,0.0160255205550711,0.0122055789177008));
#2994=CARTESIAN_POINT('',(-0.00948244892153819,0.0145696148144699,0.0110967118233325));
#2995=CARTESIAN_POINT('',(-0.00890475129315063,0.0136819926406534,0.0104206687297938));
#2996=CARTESIAN_POINT('',(-0.00869691381299662,0.0133626540336216,0.0101774496370847));
#2997=CARTESIAN_POINT('',(-0.0114642201766243,0.0179533049574257,0.013519711363088));
#2998=CARTESIAN_POINT('',(-0.0114446298224412,0.0179226258883347,0.0134966085327187));
#2999=CARTESIAN_POINT('',(-0.0110594786342544,0.0173194678339969,0.0130424011976177));
#3000=CARTESIAN_POINT('',(-0.0103087666120639,0.0161438307944124,0.0121570893577849));
#3001=CARTESIAN_POINT('',(-0.00937222340041311,0.014677176663078,0.0110526275011995));
#3002=CARTESIAN_POINT('',(-0.00880124102276601,0.0137830015169903,0.0103792701493459));
#3003=CARTESIAN_POINT('',(-0.00859581947912259,0.0134613053561493,0.010137017302224));
#3004=CARTESIAN_POINT('',(-0.011345875051424,0.0180736300988044,0.0134667925170344));
#3005=CARTESIAN_POINT('',(-0.0113264869284335,0.0180427454150183,0.0134437801157498));
#3006=CARTESIAN_POINT('',(-0.0109453116553011,0.0174355449251326,0.0129913506387256));
#3007=CARTESIAN_POINT('',(-0.0102023492320268,0.0162520286291475,0.0121095040859617));
#3008=CARTESIAN_POINT('',(-0.00927547395434192,0.0147755448109602,0.0110093653133084));
#3009=CARTESIAN_POINT('',(-0.00871038582679895,0.0138753767988723,0.0103386436163948));
#3010=CARTESIAN_POINT('',(-0.00850708484939787,0.0135515245928839,0.0100973389952209));
#3011=CARTESIAN_POINT('',(-0.0112433302585626,0.0181823537215449,0.013415786683824));
#3012=CARTESIAN_POINT('',(-0.0112241173667505,0.0181512832480369,0.0133928614426185));
#3013=CARTESIAN_POINT('',(-0.0108463871817448,0.0175404300864617,0.0129421455542172));
#3014=CARTESIAN_POINT('',(-0.0101101397035456,0.0163497942368192,0.0120636390186201));
#3015=CARTESIAN_POINT('',(-0.00919164158786255,0.014864428491274,0.0109676670506959));
#3016=CARTESIAN_POINT('',(-0.00863166076537315,0.013958845433796,0.0102994857299677));
#3017=CARTESIAN_POINT('',(-0.00843019723607736,0.0136330450643852,0.0100590950564353));
#3018=CARTESIAN_POINT('',(-0.0111558734069538,0.0182791444337089,0.0133675939999643));
#3019=CARTESIAN_POINT('',(-0.0111368099636583,0.0182479085617434,0.0133447511116561));
#3020=CARTESIAN_POINT('',(-0.0107620179732959,0.0176338036257587,0.0128956543014969));
#3021=CARTESIAN_POINT('',(-0.0100314974358666,0.0164368296257546,0.0120203035694866));
#3022=CARTESIAN_POINT('',(-0.00912014390737967,0.0149435567846519,0.0109282685924982));
#3023=CARTESIAN_POINT('',(-0.00856451892595959,0.0140331530075686,0.0102624875373608));
#3024=CARTESIAN_POINT('',(-0.0083646224916064,0.0137056182945045,0.0100229604040743));
#3025=CARTESIAN_POINT('',(-0.0110827629829815,0.0183636985897642,0.0133231037306672));
#3026=CARTESIAN_POINT('',(-0.0110638244726582,0.018332318229483,0.013300336868475));
#3027=CARTESIAN_POINT('',(-0.0106914886952983,0.0177153726176242,0.0128527347504814));
#3028=CARTESIAN_POINT('',(-0.00996575565090195,0.0165128617541878,0.0119802973766863));
#3029=CARTESIAN_POINT('',(-0.00906037471106184,0.0150126814549544,0.0108918969303552));
#3030=CARTESIAN_POINT('',(-0.00850839103825825,0.0140980664072987,0.0102283317398256));
#3031=CARTESIAN_POINT('',(-0.00830980463249118,0.0137690166112207,0.00998960180509741));
#3032=CARTESIAN_POINT('',(-0.0110232214261552,0.0184357429129593,0.0132831962734486));
#3033=CARTESIAN_POINT('',(-0.011004384661975,0.0184042394414864,0.0132604976061454));
#3034=CARTESIAN_POINT('',(-0.0106340492388481,0.0177848734332767,0.0128142362164637));
#3035=CARTESIAN_POINT('',(-0.00991221515677457,0.0165776448883303,0.0119444121044036));
#3036=CARTESIAN_POINT('',(-0.00901169832805565,0.0150715790931115,0.0108592718063928));
#3037=CARTESIAN_POINT('',(-0.00846268015828338,0.0141533758346295,0.0101976942307604));
#3038=CARTESIAN_POINT('',(-0.00826516064745776,0.0138230351128841,0.00995967937750647));
#3039=CARTESIAN_POINT('',(-0.0109764568100735,0.0184950414607143,0.0132487193652388));
#3040=CARTESIAN_POINT('',(-0.0109576999584715,0.0184634366583584,0.0132260796129627));
#3041=CARTESIAN_POINT('',(-0.0105889356363154,0.0178420784600325,0.0127809765072251));
#3042=CARTESIAN_POINT('',(-0.00987016384360525,0.0166309668657368,0.011913410048026));
#3043=CARTESIAN_POINT('',(-0.00897346734309548,0.0151200568114663,0.0108310862620714));
#3044=CARTESIAN_POINT('',(-0.00842677831313985,0.0141989001531658,0.0101712258295783));
#3045=CARTESIAN_POINT('',(-0.00823009675373835,0.0138674968908352,0.00993382875054673));
#3046=CARTESIAN_POINT('',(-0.0109415979617462,0.0185413863907075,0.0132205458804506));
#3047=CARTESIAN_POINT('',(-0.0109229006778405,0.0185097023929437,0.0131979542717496));
#3048=CARTESIAN_POINT('',(-0.0105553074712636,0.0178867871933933,0.0127537976805568));
#3049=CARTESIAN_POINT('',(-0.00983881834201557,0.0166726407920564,0.0118880761068721));
#3050=CARTESIAN_POINT('',(-0.00894496955528519,0.0151579446948705,0.0108080538892336));
#3051=CARTESIAN_POINT('',(-0.008400016691226,0.0142344797994713,0.010149596654087));
#3052=CARTESIAN_POINT('',(-0.00820395974983799,0.0139022461058587,0.00991270440143219));
#3053=CARTESIAN_POINT('',(-0.0109092903525533,0.0185866339021627,0.0131917856561076));
#3054=CARTESIAN_POINT('',(-0.0108906482767209,0.018554872584288,0.0131692431936174));
#3055=CARTESIAN_POINT('',(-0.0105241404744607,0.0179304372523142,0.0127260528290329));
#3056=CARTESIAN_POINT('',(-0.009809766945773,0.0167133279062414,0.011862214562354));
#3057=CARTESIAN_POINT('',(-0.00891855745518383,0.0151949354172343,0.0107845418453758));
#3058=CARTESIAN_POINT('',(-0.00837521369102231,0.0142692169423264,0.0101275170304918));
#3059=CARTESIAN_POINT('',(-0.00817973565328842,0.0139361724815176,0.00989114011770222));
#3060=CARTESIAN_POINT('',(-0.010873291217625,0.0186408231763181,0.0131553852399587));
#3061=CARTESIAN_POINT('',(-0.0108547106580398,0.0186089692584185,0.0131329049794355));
#3062=CARTESIAN_POINT('',(-0.0104894122803527,0.0179827133871489,0.0126909375208415));
#3063=CARTESIAN_POINT('',(-0.00977739608456352,0.0167620555625091,0.0118294828641766));
#3064=CARTESIAN_POINT('',(-0.00888912746085609,0.0152392362048558,0.0107547837958304));
#3065=CARTESIAN_POINT('',(-0.00834757665525067,0.0143108188005725,0.010099571925555));
#3066=CARTESIAN_POINT('',(-0.00815274366774723,0.0139768033496593,0.00986384725335035));
#3067=CARTESIAN_POINT('',(-0.0108093397283488,0.0187296513686497,0.0130993067290926));
#3068=CARTESIAN_POINT('',(-0.0107908684507127,0.0186976456588513,0.0130769222969706));
#3069=CARTESIAN_POINT('',(-0.0104277185830595,0.0180684055214655,0.0126368388483449));
#3070=CARTESIAN_POINT('',(-0.00971989012538917,0.0168419309564924,0.0117790563832155));
#3071=CARTESIAN_POINT('',(-0.00883684587213468,0.0153118549831033,0.0107089385203819));
#3072=CARTESIAN_POINT('',(-0.00829848020889728,0.0143790134373017,0.0100565196740519));
#3073=CARTESIAN_POINT('',(-0.00810479313567698,0.0140434063190874,0.00982179984422558));
#3074=CARTESIAN_POINT('',(-0.0107204176376909,0.0188425519205782,0.0130335816364098));
#3075=CARTESIAN_POINT('',(-0.0107020983124095,0.018810353283414,0.0130113095170159));
#3076=CARTESIAN_POINT('',(-0.0103419358654744,0.0181773201464999,0.0125734341642877));
#3077=CARTESIAN_POINT('',(-0.00963993029688573,0.016943452509836,0.0117199555782253));
#3078=CARTESIAN_POINT('',(-0.00876415033017567,0.0154041533844251,0.0106552069763129));
#3079=CARTESIAN_POINT('',(-0.00823021348511927,0.0144656887587642,0.0100060616077349));
#3080=CARTESIAN_POINT('',(-0.00803811976171653,0.0141280586328531,0.00977251947249108));
#3081=CARTESIAN_POINT('',(-0.0106039150967432,0.0189706075701765,0.0129704000870396));
#3082=CARTESIAN_POINT('',(-0.0105857948539991,0.018938190108226,0.0129482359339016));
#3083=CARTESIAN_POINT('',(-0.0102295464187789,0.0183008548221175,0.0125124832243569));
#3084=CARTESIAN_POINT('',(-0.00953516979108255,0.0170586017118512,0.0116631419584054));
#3085=CARTESIAN_POINT('',(-0.00866890723263782,0.0155088413734231,0.0106035548284687));
#3086=CARTESIAN_POINT('',(-0.00814077286666918,0.0145639988591528,0.00995755625493878));
#3087=CARTESIAN_POINT('',(-0.0079507666931766,0.0142240741690404,0.00972514623781566));
#3088=CARTESIAN_POINT('',(-0.0104751254618307,0.0190911410314836,0.0129248291399473));
#3089=CARTESIAN_POINT('',(-0.0104572252981259,0.0190585175988554,0.0129027428596154));
#3090=CARTESIAN_POINT('',(-0.0101053036710225,0.0184171328784965,0.0124685211486165));
#3091=CARTESIAN_POINT('',(-0.0094193605805204,0.0171669868704068,0.0116221640069506));
#3092=CARTESIAN_POINT('',(-0.00856361919634221,0.0156073798269062,0.0105662996911687));
#3093=CARTESIAN_POINT('',(-0.00804189927556265,0.0146565340711365,0.00992257080605385));
#3094=CARTESIAN_POINT('',(-0.00785420081818172,0.0143144496030976,0.00969097735160598));
#3095=CARTESIAN_POINT('',(-0.0103254899264556,0.0192059979061354,0.0129009565960606));
#3096=CARTESIAN_POINT('',(-0.0103078454638007,0.0191731782031268,0.0128789111097454));
#3097=CARTESIAN_POINT('',(-0.00996095098231703,0.0185279347587499,0.0124454914191632));
#3098=CARTESIAN_POINT('',(-0.00928480648200446,0.0172702675730045,0.0116006975243139));
#3099=CARTESIAN_POINT('',(-0.00844128923018925,0.0157012775601777,0.0105467834213313));
#3100=CARTESIAN_POINT('',(-0.00792702199720291,0.0147447112887194,0.00990424352261576));
#3101=CARTESIAN_POINT('',(-0.00774200478304542,0.0144005687586295,0.00967307782816729));
#3102=CARTESIAN_POINT('',(-0.0101445482716987,0.0193109417684178,0.0129112727181854));
#3103=CARTESIAN_POINT('',(-0.0101272130067955,0.0192779427346393,0.0128892096034155));
#3104=CARTESIAN_POINT('',(-0.00978639742926236,0.0186291736031569,0.0124554433330719));
#3105=CARTESIAN_POINT('',(-0.00912210153909931,0.0173646343739704,0.0116099739071544));
#3106=CARTESIAN_POINT('',(-0.00829336590137181,0.0157870712126599,0.0105552170522011));
#3107=CARTESIAN_POINT('',(-0.00778811057627425,0.0148252781490533,0.00991216335282158));
#3108=CARTESIAN_POINT('',(-0.00760633556380662,0.0144792551831507,0.00968081280901584));
#3109=CARTESIAN_POINT('',(-0.00995304099237617,0.0193816424283916,0.0129687950760952));
#3110=CARTESIAN_POINT('',(-0.00993603298003555,0.0193485225795076,0.0129466336656413));
#3111=CARTESIAN_POINT('',(-0.00960165126848207,0.0186973781932956,0.0125109348779388));
#3112=CARTESIAN_POINT('',(-0.00894989585771573,0.0174282092697557,0.0116616987129879));
#3113=CARTESIAN_POINT('',(-0.00813680496857714,0.0158448703799493,0.0106022427007444));
#3114=CARTESIAN_POINT('',(-0.00764108777865142,0.0148795560274708,0.00995632406574949));
#3115=CARTESIAN_POINT('',(-0.00746274428793854,0.0145322662123202,0.009723942808003));
#3116=CARTESIAN_POINT('',(-0.00970476259245261,0.019402143896641,0.0131255132923635));
#3117=CARTESIAN_POINT('',(-0.00968817884462502,0.019368989014321,0.0131030840777923));
#3118=CARTESIAN_POINT('',(-0.00936213827789067,0.0187171558621281,0.012662120195188));
#3119=CARTESIAN_POINT('',(-0.00872664089224958,0.0174466444400623,0.0118026216445504));
#3120=CARTESIAN_POINT('',(-0.00793383253837859,0.0158616307297602,0.0107303628965494));
#3121=CARTESIAN_POINT('',(-0.00745048100341436,0.014895295289331,0.0100766388165816));
#3122=CARTESIAN_POINT('',(-0.00727658628735688,0.0145476381187747,0.00984144940464696));
#3123=CARTESIAN_POINT('',(-0.00948416837897885,0.019402143896641,0.0132857843698841));
#3124=CARTESIAN_POINT('',(-0.00946796158821472,0.019368989014321,0.0132630812799751));
#3125=CARTESIAN_POINT('',(-0.00914933209018959,0.0187171558621281,0.0128167329407755));
#3126=CARTESIAN_POINT('',(-0.00852827988490346,0.0174466444400623,0.0119467393522854));
#3127=CARTESIAN_POINT('',(-0.00775349247009116,0.0158616307297602,0.0108613876256636));
#3128=CARTESIAN_POINT('',(-0.00728112776253987,0.014895295289331,0.0101996811483325));
#3129=CARTESIAN_POINT('',(-0.00711118576224957,0.0145476381187747,0.00996161992029184));
#3130=CARTESIAN_POINT('',(-0.00925839825326217,0.0193816424283916,0.0134734825678317));
#3131=CARTESIAN_POINT('',(-0.00924257726429342,0.0193485225795076,0.0134504587344163));
#3132=CARTESIAN_POINT('',(-0.00893153272458531,0.0186973781932956,0.0129978044988848));
#3133=CARTESIAN_POINT('',(-0.00832526463413785,0.0174282092697557,0.0121155198612373));
#3134=CARTESIAN_POINT('',(-0.0075689209926809,0.0158448703799493,0.0110148345602058));
#3135=CARTESIAN_POINT('',(-0.00710780090196331,0.0148795560274708,0.0103437796612905));
#3136=CARTESIAN_POINT('',(-0.00694190436198508,0.0145322662123202,0.0101023551644914));
#3137=CARTESIAN_POINT('',(-0.0091445122360822,0.0193109417684178,0.0136378414275987));
#3138=CARTESIAN_POINT('',(-0.00912888585846761,0.0192779427346393,0.013614536733538));
#3139=CARTESIAN_POINT('',(-0.00882166742591368,0.0186291736031569,0.0131563607085474));
#3140=CARTESIAN_POINT('',(-0.00822285693842039,0.0173646343739704,0.0122633133526269));
#3141=CARTESIAN_POINT('',(-0.007475816954312,0.0157870712126599,0.0111492011309661));
#3142=CARTESIAN_POINT('',(-0.00702036902514299,0.0148252781490533,0.0104699602402353));
#3143=CARTESIAN_POINT('',(-0.00685651315091332,0.0144792551831507,0.0102255906804344));
#3144=CARTESIAN_POINT('',(-0.00907878697460225,0.0192059979061354,0.0138067393103718));
#3145=CARTESIAN_POINT('',(-0.00906327291000428,0.0191731782031268,0.0137831459992668));
#3146=CARTESIAN_POINT('',(-0.00875826257901878,0.0185279347587499,0.0133192956920982));
#3147=CARTESIAN_POINT('',(-0.00816375598164574,0.0172702675730045,0.0124151883888662));
#3148=CARTESIAN_POINT('',(-0.00742208527224812,0.0157012775601777,0.0112872784414869));
#3149=CARTESIAN_POINT('',(-0.00696991082923805,0.0147447112887194,0.0105996254901711));
#3150=CARTESIAN_POINT('',(-0.00680723265261551,0.0144005687586295,0.0103522295349188));
#3151=CARTESIAN_POINT('',(-0.00905525118963294,0.0190911410314836,0.0139564281831197));
#3152=CARTESIAN_POINT('',(-0.00903977734358943,0.0190585175988554,0.0139325790798203));
#3153=CARTESIAN_POINT('',(-0.00873555771929014,0.0184171328784965,0.0134636998351132));
#3154=CARTESIAN_POINT('',(-0.00814259231673506,0.0171669868704068,0.0125497904489982));
#3155=CARTESIAN_POINT('',(-0.0074028443093882,0.0156073798269062,0.0114096520119814));
#3156=CARTESIAN_POINT('',(-0.00695184208029713,0.0146565340711365,0.0107145437163725));
#3157=CARTESIAN_POINT('',(-0.00678958562946185,0.0143144496030976,0.0104644655621714));
#3158=CARTESIAN_POINT('',(-0.00905879354993149,0.0189706075701765,0.0140929966017357));
#3159=CARTESIAN_POINT('',(-0.00904331365061163,0.018938190108226,0.0140689141268115));
#3160=CARTESIAN_POINT('',(-0.00873897501740838,0.0183008548221175,0.0135954467384811));
#3161=CARTESIAN_POINT('',(-0.00814577765032174,0.0170586017118512,0.0126725944367445));
#3162=CARTESIAN_POINT('',(-0.00740574025796309,0.0155088413734231,0.0115212993555417));
#3163=CARTESIAN_POINT('',(-0.00695456159948786,0.0145639988591528,0.0108193891877451));
#3164=CARTESIAN_POINT('',(-0.00679224167489601,0.0142240741690404,0.0105668639333547));
#3165=CARTESIAN_POINT('',(-0.00908288150912899,0.0188425519205782,0.0142233212749553));
#3166=CARTESIAN_POINT('',(-0.00906736044768515,0.018810353283414,0.0141990160978788));
#3167=CARTESIAN_POINT('',(-0.00876221255698658,0.0181773201464999,0.0137211703303855));
#3168=CARTESIAN_POINT('',(-0.00816743783703328,0.016943452509836,0.0127897839724753));
#3169=CARTESIAN_POINT('',(-0.00742543263401492,0.0154041533844251,0.0116278423155671));
#3170=CARTESIAN_POINT('',(-0.0069730542602513,0.0144656887587642,0.0109194412490757));
#3171=CARTESIAN_POINT('',(-0.00681030271574241,0.0141280586328531,0.0106645807730012));
#3172=CARTESIAN_POINT('',(-0.00911791134962046,0.0187296513686497,0.0143282013793139));
#3173=CARTESIAN_POINT('',(-0.00910233042828457,0.0186976456588513,0.0143037169804186));
#3174=CARTESIAN_POINT('',(-0.0087960056773653,0.0180684055214655,0.0138223476678269));
#3175=CARTESIAN_POINT('',(-0.00819893709686264,0.0168419309564924,0.0128840934415386));
#3176=CARTESIAN_POINT('',(-0.00745407021125164,0.0153118549831033,0.0117135838447041));
#3177=CARTESIAN_POINT('',(-0.00699994715522406,0.0143790134373017,0.0109999591615662));
#3178=CARTESIAN_POINT('',(-0.00683656792877986,0.0140434063190874,0.0107432193921247));
#3179=CARTESIAN_POINT('',(-0.00915148308580186,0.0186408231763181,0.0144063520727937));
#3180=CARTESIAN_POINT('',(-0.00913584479622005,0.0186089692584185,0.0143817341279842));
#3181=CARTESIAN_POINT('',(-0.00882839217145672,0.0179827133871489,0.0138977392698265));
#3182=CARTESIAN_POINT('',(-0.00822912521151185,0.0167620555625091,0.0129543674983207));
#3183=CARTESIAN_POINT('',(-0.00748151575980045,0.0152392362048558,0.0117774735595653));
#3184=CARTESIAN_POINT('',(-0.0070257206432706,0.0143108188005725,0.011059956534158));
#3185=CARTESIAN_POINT('',(-0.00686173986192228,0.0139768033496593,0.0108018164220989));
#3186=CARTESIAN_POINT('',(-0.00917497759430045,0.0185866339021627,0.0144518376318406));
#3187=CARTESIAN_POINT('',(-0.00915929915669848,0.018554872584288,0.0144271419601384));
#3188=CARTESIAN_POINT('',(-0.00885105721197053,0.0179304372523142,0.013941618972126));
#3189=CARTESIAN_POINT('',(-0.00825025176011661,0.0167133279062414,0.0129952686678036));
#3190=CARTESIAN_POINT('',(-0.0075007229783412,0.0151949354172343,0.0118146588904742));
#3191=CARTESIAN_POINT('',(-0.00704375770369178,0.0142692169423264,0.0110948764294548));
#3192=CARTESIAN_POINT('',(-0.00687935593616834,0.0139361724815176,0.0108359212847456));
#3193=CARTESIAN_POINT('',(-0.00919234659278375,0.0185413863907075,0.0144914513921735));
#3194=CARTESIAN_POINT('',(-0.00917663847459062,0.0185097023929437,0.014466688027459));
#3195=CARTESIAN_POINT('',(-0.00886781300213027,0.0178867871933933,0.013979834178156));
#3196=CARTESIAN_POINT('',(-0.0082658701754027,0.0166726407920564,0.0130308898442644));
#3197=CARTESIAN_POINT('',(-0.00751492247307516,0.0151579446948705,0.0118470439115092));
#3198=CARTESIAN_POINT('',(-0.00705709212501485,0.0142344797994713,0.0111252884633425));
#3199=CARTESIAN_POINT('',(-0.00689237913122176,0.0139022461058587,0.0108656234997645));
#3200=CARTESIAN_POINT('',(-0.00920836919254083,0.0184950414607143,0.0145333102126159));
#3201=CARTESIAN_POINT('',(-0.00919263369451729,0.0184634366583584,0.014508475318473));
#3202=CARTESIAN_POINT('',(-0.00888326992784772,0.0178420784600325,0.0140202151829873));
#3203=CARTESIAN_POINT('',(-0.00828027789253212,0.0166309668657368,0.0130685298061589));
#3204=CARTESIAN_POINT('',(-0.00752802126061285,0.0151200568114663,0.0118812643129338));
#3205=CARTESIAN_POINT('',(-0.0070693928973396,0.0141989001531658,0.0111574240610515));
#3206=CARTESIAN_POINT('',(-0.00690439280271238,0.0138674968908352,0.0108970090505118));
#3207=CARTESIAN_POINT('',(-0.00922670761965085,0.0184357429129593,0.0145884399560229));
#3208=CARTESIAN_POINT('',(-0.00921094078445158,0.0184042394414864,0.014563510854757));
#3209=CARTESIAN_POINT('',(-0.00890096092118913,0.0177848734332767,0.0140733985840322));
#3210=CARTESIAN_POINT('',(-0.00829676802986349,0.0165776448883303,0.0131181031438486));
#3211=CARTESIAN_POINT('',(-0.00754301328214064,0.0150715790931115,0.0119263339524956));
#3212=CARTESIAN_POINT('',(-0.00708347156248098,0.0141533758346295,0.0111997479306014));
#3213=CARTESIAN_POINT('',(-0.00691814287088451,0.0138230351128841,0.0109383450781662));
#3214=CARTESIAN_POINT('',(-0.00924626251395646,0.0183636985897642,0.0146573994241157));
#3215=CARTESIAN_POINT('',(-0.00923046226285104,0.018332318229483,0.0146323524831378));
#3216=CARTESIAN_POINT('',(-0.00891982543464369,0.0177153726176242,0.0141399234546516));
#3217=CARTESIAN_POINT('',(-0.00831435202933439,0.0165128617541878,0.0131801123386572));
#3218=CARTESIAN_POINT('',(-0.00755899978930641,0.0150126814549544,0.0119827096614913));
#3219=CARTESIAN_POINT('',(-0.00709848412638038,0.0140980664072987,0.0112526890718336));
#3220=CARTESIAN_POINT('',(-0.00693280504055629,0.0137690166112207,0.0109900505696841));
#3221=CARTESIAN_POINT('',(-0.00926598291100977,0.0182791444337089,0.0147406798185408));
#3222=CARTESIAN_POINT('',(-0.00925014896118286,0.0182479085617434,0.0147154905658837));
#3223=CARTESIAN_POINT('',(-0.00893884960781116,0.0176338036257587,0.0142202636547356));
#3224=CARTESIAN_POINT('',(-0.00833208485089468,0.0164368296257546,0.0132549990850963));
#3225=CARTESIAN_POINT('',(-0.00757512159819363,0.0149435567846519,0.0120507930068389));
#3226=CARTESIAN_POINT('',(-0.00711362374903738,0.0140331530075686,0.0113166245870726));
#3227=CARTESIAN_POINT('',(-0.00694759130342592,0.0137056182945045,0.0110524938257974));
#3228=CARTESIAN_POINT('',(-0.00928479122361065,0.0181823537215449,0.0148387485854751));
#3229=CARTESIAN_POINT('',(-0.0092689251336556,0.0181512832480369,0.0148133917503878));
#3230=CARTESIAN_POINT('',(-0.00895699389744892,0.0175404300864617,0.014314870127386));
#3231=CARTESIAN_POINT('',(-0.00834899751499061,0.0163497942368192,0.0133431837164697));
#3232=CARTESIAN_POINT('',(-0.00759049776026696,0.014864428491274,0.0121309661348974));
#3233=CARTESIAN_POINT('',(-0.00712806315179495,0.013958845433796,0.0113919133412396));
#3234=CARTESIAN_POINT('',(-0.00696169368957458,0.0136330450643852,0.0111260253354963));
#3235=CARTESIAN_POINT('',(-0.0093016125699756,0.0180736300988045,0.0149520361482124));
#3236=CARTESIAN_POINT('',(-0.00928571773527141,0.0180427454150183,0.0149264857244253));
#3237=CARTESIAN_POINT('',(-0.00897322137021693,0.0174355449251326,0.0144241580999054));
#3238=CARTESIAN_POINT('',(-0.00836412347481216,0.0162520286291475,0.013445053274653));
#3239=CARTESIAN_POINT('',(-0.00760424953872194,0.0147755448109602,0.0122235809250972));
#3240=CARTESIAN_POINT('',(-0.00714097713298203,0.0138753767988723,0.0114788857762741));
#3241=CARTESIAN_POINT('',(-0.0069743062575924,0.0135515245928839,0.0112109678281837));
#3242=CARTESIAN_POINT('',(-0.00931537072846136,0.0179533049574257,0.0150809418734592));
#3243=CARTESIAN_POINT('',(-0.00929945238346222,0.0179226258883347,0.0150551711722545));
#3244=CARTESIAN_POINT('',(-0.00898649380021877,0.0173194678339969,0.0145485128394547));
#3245=CARTESIAN_POINT('',(-0.00837649497873099,0.0161438307944124,0.0135609668750596));
#3246=CARTESIAN_POINT('',(-0.00761549710139261,0.014677176663078,0.0123289638675034));
#3247=CARTESIAN_POINT('',(-0.00715153946229855,0.0137830015169903,0.0115778484915423));
#3248=CARTESIAN_POINT('',(-0.00698462206144881,0.0134613053561493,0.0113076207471765));
#3249=CARTESIAN_POINT('',(-0.00932499144419019,0.0178217339670251,0.0152258356731805));
#3250=CARTESIAN_POINT('',(-0.00930905665906467,0.0177912797298251,0.0151998173737257));
#3251=CARTESIAN_POINT('',(-0.00899577485888739,0.0171925419258405,0.0146882911983457));
#3252=CARTESIAN_POINT('',(-0.00838514604365835,0.0160255205550711,0.0136912571470406));
#3253=CARTESIAN_POINT('',(-0.00762336222398213,0.0145696148144699,0.012447417372356));
#3254=CARTESIAN_POINT('',(-0.00715892541935768,0.0136819926406534,0.0116890854735965));
#3255=CARTESIAN_POINT('',(-0.00699183562978498,0.0133626540336216,0.0114162614507621));
#3256=CARTESIAN_POINT('',(-0.00932940440906064,0.0176792943389221,0.0153870597244087));
#3257=CARTESIAN_POINT('',(-0.00931346208294729,0.0176490835062208,0.01536076592115));
#3258=CARTESIAN_POINT('',(-0.00900003202509203,0.0170551310946277,0.0148438232731328));
#3259=CARTESIAN_POINT('',(-0.00838911423549485,0.0158974371041429,0.0138362317803569));
#3260=CARTESIAN_POINT('',(-0.00762696990876024,0.0144531676427403,0.012579221176047));
#3261=CARTESIAN_POINT('',(-0.00716231331376754,0.0135726397602295,0.0118128594164957));
#3262=CARTESIAN_POINT('',(-0.00699514445051676,0.0132558534566105,0.0115371465017031));
#3263=CARTESIAN_POINT('',(-0.00932754246926304,0.0175263819768529,0.0155649323341919));
#3264=CARTESIAN_POINT('',(-0.00931160332488029,0.0174964324447273,0.0155383345776445));
#3265=CARTESIAN_POINT('',(-0.00899823582063219,0.0169076172668084,0.0150154161331101));
#3266=CARTESIAN_POINT('',(-0.00838743995651875,0.0157599364430962,0.0139961770005885));
#3267=CARTESIAN_POINT('',(-0.00762544773669163,0.0143281588069087,0.0127246355007912));
#3268=CARTESIAN_POINT('',(-0.00716088387672987,0.0134552468165145,0.011949414688981));
#3269=CARTESIAN_POINT('',(-0.00699374837663345,0.0131412004719135,0.011670514565158));
#3270=CARTESIAN_POINT('',(-0.00931834697190556,0.0173634068559888,0.0157597493894377));
#3271=CARTESIAN_POINT('',(-0.00930242354102511,0.0173337358199398,0.0157328187244976));
#3272=CARTESIAN_POINT('',(-0.00898936496810235,0.0167503959434787,0.015203355218969));
#3273=CARTESIAN_POINT('',(-0.0083791712531373,0.0156133872266055,0.0141713588728517));
#3274=CARTESIAN_POINT('',(-0.00761793023840701,0.0141949234696668,0.0128839022399016));
#3275=CARTESIAN_POINT('',(-0.00715382436571904,0.0133301285531402,0.0120989784475401));
#3276=CARTESIAN_POINT('',(-0.00698685363507337,0.0130190024770257,0.0118165874957671));
#3277=CARTESIAN_POINT('',(-0.00930076456710457,0.0171907904640912,0.0159717896342241));
#3278=CARTESIAN_POINT('',(-0.00928487118148949,0.0171614143993706,0.0159444966294622));
#3279=CARTESIAN_POINT('',(-0.00897240330588378,0.0165838737318758,0.0154079094337946));
#3280=CARTESIAN_POINT('',(-0.00836336094028744,0.0154581684616067,0.0143620280472213));
#3281=CARTESIAN_POINT('',(-0.00760355627984965,0.0140538062054732,0.0130572492720938));
#3282=CARTESIAN_POINT('',(-0.0071403261094025,0.0131976085521139,0.0122617646878721));
#3283=CARTESIAN_POINT('',(-0.00697367042894598,0.0128895755015289,0.011975574294556));
#3284=CARTESIAN_POINT('',(-0.00927374880682007,0.017008962843387,0.0162013169229943));
#3285=CARTESIAN_POINT('',(-0.00925790158643074,0.0169798974903795,0.0161736316961002));
#3286=CARTESIAN_POINT('',(-0.00894634133053339,0.0164084654916891,0.0156293333167123));
#3287=CARTESIAN_POINT('',(-0.00833906803912803,0.0152946668473158,0.0145684217848308));
#3288=CARTESIAN_POINT('',(-0.00758147036935442,0.0139051585822289,0.0132448923035171));
#3289=CARTESIAN_POINT('',(-0.00711958573508885,0.013058016962825,0.0124379759746971));
#3290=CARTESIAN_POINT('',(-0.0069534141363313,0.012753241989104,0.0121476727983709));
#3291=CARTESIAN_POINT('',(-0.00923625779591444,0.0168183602295402,0.0164485846526998));
#3292=CARTESIAN_POINT('',(-0.00922047464112844,0.0167896205831797,0.0164204768883519));
#3293=CARTESIAN_POINT('',(-0.0089101739307714,0.016224592057387,0.0158678713185552));
#3294=CARTESIAN_POINT('',(-0.00830535566484333,0.0151232746521622,0.0147907679433097));
#3295=CARTESIAN_POINT('',(-0.00755082073734271,0.0137493372310901,0.0134470384911172));
#3296=CARTESIAN_POINT('',(-0.00709080336541312,0.0129116886894501,0.0126278068443735));
#3297=CARTESIAN_POINT('',(-0.00692530354905457,0.0126103290272424,0.0123330730030786));
#3298=CARTESIAN_POINT('',(-0.00916884633472452,0.0165446999395592,0.0168134714486512));
#3299=CARTESIAN_POINT('',(-0.00915317837437655,0.016516427930938,0.0167847401563651));
#3300=CARTESIAN_POINT('',(-0.00884514241504267,0.0159605932782759,0.0162198758737341));
#3301=CARTESIAN_POINT('',(-0.00824473845672288,0.014877195981573,0.0151188786007582));
#3302=CARTESIAN_POINT('',(-0.00749571055415655,0.0135256146111465,0.0137453405574444));
#3303=CARTESIAN_POINT('',(-0.00703905065057613,0.0127015958847608,0.0129079355044756));
#3304=CARTESIAN_POINT('',(-0.00687475874598163,0.0124051398024159,0.0126066634418517));
#3305=CARTESIAN_POINT('',(-0.00910212815427154,0.016340395965818,0.0170977906127926));
#3306=CARTESIAN_POINT('',(-0.00908657420366566,0.0163124730770797,0.017068573468609));
#3307=CARTESIAN_POINT('',(-0.00878077970394082,0.0157635022073026,0.016494157218011));
#3308=CARTESIAN_POINT('',(-0.00818474465509705,0.0146934833564867,0.0153745418609987));
#3309=CARTESIAN_POINT('',(-0.00744116714148298,0.0133585921312923,0.0139777770147262));
#3310=CARTESIAN_POINT('',(-0.00698783017698785,0.0125447488871367,0.0131262112748679));
#3311=CARTESIAN_POINT('',(-0.00682473376161167,0.0122519536240199,0.0128198446414241));
#3312=CARTESIAN_POINT('',(-0.00905044989626744,0.016203292443696,0.0172936073988953));
#3313=CARTESIAN_POINT('',(-0.00903498425479747,0.0161756038409813,0.0172640556379531));
#3314=CARTESIAN_POINT('',(-0.00873092593443478,0.0156312390921297,0.0166830607394688));
#3315=CARTESIAN_POINT('',(-0.00813827493517936,0.0145701981971411,0.0155506227034422));
#3316=CARTESIAN_POINT('',(-0.00739891915849794,0.0132465073301881,0.014137861053294));
#3317=CARTESIAN_POINT('',(-0.00694815606070925,0.012439492609372,0.0132765425406881));
#3318=CARTESIAN_POINT('',(-0.00678598564181329,0.0121491540346928,0.0129666671656244));
#3319=CARTESIAN_POINT('',(-0.0127593674965463,0.0162601991330658,0.0135929152015992));
#3320=CARTESIAN_POINT('',(-0.0124190967579743,0.0164276359685157,0.0135145613281057));
#3321=CARTESIAN_POINT('',(-0.0119198669612905,0.0166824897374235,0.0133713945648197));
#3322=CARTESIAN_POINT('',(-0.0112862202337737,0.0170343674512702,0.0131151137324903));
#3323=CARTESIAN_POINT('',(-0.0108287539595938,0.0173083120200961,0.0128811344023149));
#3324=CARTESIAN_POINT('',(-0.0104071791065091,0.0175905396550848,0.0125958253808068));
#3325=CARTESIAN_POINT('',(-0.0100630442149979,0.0178821288355207,0.01222495265085));
#3326=CARTESIAN_POINT('',(-0.0096293537926369,0.0181052514119166,0.0120808207761797));
#3327=CARTESIAN_POINT('',(-0.00925698653676314,0.0181871667347265,0.012189998659056));
#3328=CARTESIAN_POINT('',(-0.0089477381963523,0.0181886705285509,0.0124173522756789));
#3329=CARTESIAN_POINT('',(-0.00853889186130889,0.0181804520475954,0.0127197493401901));
#3330=CARTESIAN_POINT('',(-0.00850013443499817,0.0179108469211917,0.0133001078729205));
#3331=CARTESIAN_POINT('',(-0.00874152675838715,0.0176170186504167,0.0137496204551877));
#3332=CARTESIAN_POINT('',(-0.00889735511271003,0.0173300980892761,0.014239148964031));
#3333=CARTESIAN_POINT('',(-0.00898120236455934,0.0170539831457705,0.0147495377366706));
#3334=CARTESIAN_POINT('',(-0.0090345101241782,0.0166910610810624,0.0154507398724053));
#3335=CARTESIAN_POINT('',(-0.00901600246018455,0.0164309310674642,0.0159806468582786));
#3336=CARTESIAN_POINT('',(-0.00898476918402059,0.0162601991330675,0.0163353214017831));
#3337=CARTESIAN_POINT('',(0.,0.0191902019685288,0.));
#3338=CARTESIAN_POINT('',(0.,0.0162601991330675,0.));
#3339=CARTESIAN_POINT('',(-0.0168704919718347,0.0162601991330675,0.00793443780100015));
#3340=CARTESIAN_POINT('',(-0.0163353214017867,0.0162601991330658,0.00898476918402027));
#3341=CARTESIAN_POINT('',(-0.0168704919718347,0.0162601991330675,0.00793443780100015));
#3342=CARTESIAN_POINT('',(-0.0158783579799188,0.0153282330917351,0.00745250509300874));
#3343=CARTESIAN_POINT('',(-0.0148861756397607,0.0143962737752823,0.00697065891069967));
#3344=CARTESIAN_POINT('',(-0.0138939054149391,0.0134643259709999,0.00648897147354688));
#3345=CARTESIAN_POINT('',(-0.013416320897769,0.0134643259710072,0.00742628386423047));
#3346=CARTESIAN_POINT('',(-0.0143892560247547,0.0143962737752064,0.007945918567304));
#3347=CARTESIAN_POINT('',(-0.0153622679227363,0.0153282330923189,0.00846538886254368));
#3348=CARTESIAN_POINT('',(-0.0163353214017839,0.0162601991330683,0.00898476918402101));
#3349=CARTESIAN_POINT('',(-0.0172936073988953,0.016203292443696,0.00905044989626743));
#3350=CARTESIAN_POINT('',(-0.0172640556379531,0.0161756038409813,0.00903498425479746));
#3351=CARTESIAN_POINT('',(-0.0166830607394688,0.0156312390921297,0.00873092593443477));
#3352=CARTESIAN_POINT('',(-0.0155506227034422,0.0145701981971411,0.00813827493517935));
#3353=CARTESIAN_POINT('',(-0.014137861053294,0.0132465073301881,0.00739891915849792));
#3354=CARTESIAN_POINT('',(-0.0132765425406881,0.012439492609372,0.00694815606070922));
#3355=CARTESIAN_POINT('',(-0.0129666671656243,0.0121491540346927,0.00678598564181325));
#3356=CARTESIAN_POINT('',(-0.0170977906127926,0.016340395965818,0.00910212815427153));
#3357=CARTESIAN_POINT('',(-0.017068573468609,0.0163124730770797,0.00908657420366565));
#3358=CARTESIAN_POINT('',(-0.016494157218011,0.0157635022073026,0.00878077970394081));
#3359=CARTESIAN_POINT('',(-0.0153745418609987,0.0146934833564867,0.00818474465509704));
#3360=CARTESIAN_POINT('',(-0.0139777770147261,0.0133585921312923,0.00744116714148296));
#3361=CARTESIAN_POINT('',(-0.0131262112748679,0.0125447488871366,0.00698783017698782));
#3362=CARTESIAN_POINT('',(-0.012819844641424,0.0122519536240199,0.00682473376161163));
#3363=CARTESIAN_POINT('',(-0.0168134714486512,0.0165446999395592,0.00916884633472451));
#3364=CARTESIAN_POINT('',(-0.0167847401563651,0.016516427930938,0.00915317837437654));
#3365=CARTESIAN_POINT('',(-0.0162198758737341,0.0159605932782759,0.00884514241504266));
#3366=CARTESIAN_POINT('',(-0.0151188786007582,0.014877195981573,0.00824473845672287));
#3367=CARTESIAN_POINT('',(-0.0137453405574444,0.0135256146111465,0.00749571055415653));
#3368=CARTESIAN_POINT('',(-0.0129079355044755,0.0127015958847608,0.0070390506505761));
#3369=CARTESIAN_POINT('',(-0.0126066634418516,0.0124051398024158,0.00687475874598158));
#3370=CARTESIAN_POINT('',(-0.0164485846526998,0.0168183602295402,0.00923625779591443));
#3371=CARTESIAN_POINT('',(-0.0164204768883519,0.0167896205831797,0.00922047464112842));
#3372=CARTESIAN_POINT('',(-0.0158678713185552,0.016224592057387,0.00891017393077139));
#3373=CARTESIAN_POINT('',(-0.0147907679433097,0.0151232746521622,0.00830535566484332));
#3374=CARTESIAN_POINT('',(-0.0134470384911172,0.01374933723109,0.00755082073734268));
#3375=CARTESIAN_POINT('',(-0.0126278068443735,0.0129116886894501,0.00709080336541309));
#3376=CARTESIAN_POINT('',(-0.0123330730030785,0.0126103290272423,0.00692530354905453));
#3377=CARTESIAN_POINT('',(-0.0162013169229943,0.017008962843387,0.00927374880682007));
#3378=CARTESIAN_POINT('',(-0.0161736316961002,0.0169798974903795,0.00925790158643073));
#3379=CARTESIAN_POINT('',(-0.0156293333167123,0.0164084654916891,0.00894634133053339));
#3380=CARTESIAN_POINT('',(-0.0145684217848308,0.0152946668473158,0.00833906803912802));
#3381=CARTESIAN_POINT('',(-0.0132448923035171,0.0139051585822289,0.00758147036935441));
#3382=CARTESIAN_POINT('',(-0.0124379759746971,0.013058016962825,0.00711958573508883));
#3383=CARTESIAN_POINT('',(-0.0121476727983708,0.012753241989104,0.00695341413633126));
#3384=CARTESIAN_POINT('',(-0.0159717896342242,0.0171907904640912,0.00930076456710457));
#3385=CARTESIAN_POINT('',(-0.0159444966294622,0.0171614143993706,0.00928487118148949));
#3386=CARTESIAN_POINT('',(-0.0154079094337946,0.0165838737318758,0.00897240330588377));
#3387=CARTESIAN_POINT('',(-0.0143620280472213,0.0154581684616067,0.00836336094028743));
#3388=CARTESIAN_POINT('',(-0.0130572492720938,0.0140538062054732,0.00760355627984963));
#3389=CARTESIAN_POINT('',(-0.0122617646878721,0.0131976085521139,0.00714032610940247));
#3390=CARTESIAN_POINT('',(-0.0119755742945559,0.0128895755015288,0.00697367042894595));
#3391=CARTESIAN_POINT('',(-0.0157597493894377,0.0173634068559888,0.00931834697190555));
#3392=CARTESIAN_POINT('',(-0.0157328187244976,0.0173337358199398,0.0093024235410251));
#3393=CARTESIAN_POINT('',(-0.015203355218969,0.0167503959434787,0.00898936496810235));
#3394=CARTESIAN_POINT('',(-0.0141713588728517,0.0156133872266055,0.00837917125313729));
#3395=CARTESIAN_POINT('',(-0.0128839022399016,0.0141949234696667,0.00761793023840699));
#3396=CARTESIAN_POINT('',(-0.01209897844754,0.0133301285531401,0.00715382436571901));
#3397=CARTESIAN_POINT('',(-0.011816587495767,0.0130190024770256,0.00698685363507332));
#3398=CARTESIAN_POINT('',(-0.0155649323341919,0.0175263819768529,0.00932754246926304));
#3399=CARTESIAN_POINT('',(-0.0155383345776445,0.0174964324447273,0.00931160332488029));
#3400=CARTESIAN_POINT('',(-0.0150154161331101,0.0169076172668084,0.00899823582063219));
#3401=CARTESIAN_POINT('',(-0.0139961770005885,0.0157599364430962,0.00838743995651874));
#3402=CARTESIAN_POINT('',(-0.0127246355007912,0.0143281588069087,0.00762544773669161));
#3403=CARTESIAN_POINT('',(-0.011949414688981,0.0134552468165144,0.00716088387672983));
#3404=CARTESIAN_POINT('',(-0.0116705145651579,0.0131412004719135,0.0069937483766334));
#3405=CARTESIAN_POINT('',(-0.0153870597244087,0.0176792943389221,0.00932940440906063));
#3406=CARTESIAN_POINT('',(-0.01536076592115,0.0176490835062208,0.00931346208294729));
#3407=CARTESIAN_POINT('',(-0.0148438232731328,0.0170551310946277,0.00900003202509202));
#3408=CARTESIAN_POINT('',(-0.0138362317803569,0.0158974371041429,0.00838911423549485));
#3409=CARTESIAN_POINT('',(-0.0125792211760469,0.0144531676427403,0.00762696990876022));
#3410=CARTESIAN_POINT('',(-0.0118128594164957,0.0135726397602295,0.00716231331376751));
#3411=CARTESIAN_POINT('',(-0.011537146501703,0.0132558534566104,0.00699514445051672));
#3412=CARTESIAN_POINT('',(-0.0152258356731805,0.0178217339670251,0.00932499144419019));
#3413=CARTESIAN_POINT('',(-0.0151998173737257,0.0177912797298251,0.00930905665906467));
#3414=CARTESIAN_POINT('',(-0.0146882911983457,0.0171925419258405,0.00899577485888739));
#3415=CARTESIAN_POINT('',(-0.0136912571470406,0.0160255205550711,0.00838514604365835));
#3416=CARTESIAN_POINT('',(-0.012447417372356,0.0145696148144698,0.00762336222398211));
#3417=CARTESIAN_POINT('',(-0.0116890854735964,0.0136819926406533,0.00715892541935764));
#3418=CARTESIAN_POINT('',(-0.011416261450762,0.0133626540336215,0.00699183562978494));
#3419=CARTESIAN_POINT('',(-0.0150809418734592,0.0179533049574257,0.00931537072846135));
#3420=CARTESIAN_POINT('',(-0.0150551711722545,0.0179226258883347,0.00929945238346222));
#3421=CARTESIAN_POINT('',(-0.0145485128394547,0.0173194678339969,0.00898649380021876));
#3422=CARTESIAN_POINT('',(-0.0135609668750596,0.0161438307944124,0.00837649497873098));
#3423=CARTESIAN_POINT('',(-0.0123289638675033,0.014677176663078,0.00761549710139258));
#3424=CARTESIAN_POINT('',(-0.0115778484915423,0.0137830015169902,0.00715153946229852));
#3425=CARTESIAN_POINT('',(-0.0113076207471764,0.0134613053561493,0.00698462206144877));
#3426=CARTESIAN_POINT('',(-0.0149520361482124,0.0180736300988044,0.00930161256997559));
#3427=CARTESIAN_POINT('',(-0.0149264857244253,0.0180427454150183,0.0092857177352714));
#3428=CARTESIAN_POINT('',(-0.0144241580999054,0.0174355449251326,0.00897322137021692));
#3429=CARTESIAN_POINT('',(-0.013445053274653,0.0162520286291475,0.00836412347481215));
#3430=CARTESIAN_POINT('',(-0.0122235809250972,0.0147755448109601,0.00760424953872192));
#3431=CARTESIAN_POINT('',(-0.0114788857762741,0.0138753767988722,0.00714097713298199));
#3432=CARTESIAN_POINT('',(-0.0112109678281837,0.0135515245928838,0.00697430625759235));
#3433=CARTESIAN_POINT('',(-0.0148387485854751,0.0181823537215449,0.00928479122361064));
#3434=CARTESIAN_POINT('',(-0.0148133917503878,0.0181512832480369,0.00926892513365559));
#3435=CARTESIAN_POINT('',(-0.014314870127386,0.0175404300864617,0.00895699389744891));
#3436=CARTESIAN_POINT('',(-0.0133431837164697,0.0163497942368192,0.0083489975149906));
#3437=CARTESIAN_POINT('',(-0.0121309661348974,0.014864428491274,0.00759049776026695));
#3438=CARTESIAN_POINT('',(-0.0113919133412396,0.0139588454337959,0.00712806315179493));
#3439=CARTESIAN_POINT('',(-0.0111260253354963,0.0136330450643851,0.00696169368957454));
#3440=CARTESIAN_POINT('',(-0.0147406798185408,0.0182791444337089,0.00926598291100977));
#3441=CARTESIAN_POINT('',(-0.0147154905658838,0.0182479085617434,0.00925014896118286));
#3442=CARTESIAN_POINT('',(-0.0142202636547356,0.0176338036257587,0.00893884960781115));
#3443=CARTESIAN_POINT('',(-0.0132549990850963,0.0164368296257546,0.00833208485089467));
#3444=CARTESIAN_POINT('',(-0.0120507930068389,0.0149435567846519,0.00757512159819361));
#3445=CARTESIAN_POINT('',(-0.0113166245870726,0.0140331530075685,0.00711362374903735));
#3446=CARTESIAN_POINT('',(-0.0110524938257974,0.0137056182945045,0.00694759130342588));
#3447=CARTESIAN_POINT('',(-0.0146573994241157,0.0183636985897642,0.00924626251395645));
#3448=CARTESIAN_POINT('',(-0.0146323524831378,0.018332318229483,0.00923046226285104));
#3449=CARTESIAN_POINT('',(-0.0141399234546516,0.0177153726176242,0.00891982543464368));
#3450=CARTESIAN_POINT('',(-0.0131801123386572,0.0165128617541878,0.00831435202933439));
#3451=CARTESIAN_POINT('',(-0.0119827096614913,0.0150126814549544,0.00755899978930639));
#3452=CARTESIAN_POINT('',(-0.0112526890718335,0.0140980664072987,0.00709848412638035));
#3453=CARTESIAN_POINT('',(-0.0109900505696841,0.0137690166112206,0.00693280504055625));
#3454=CARTESIAN_POINT('',(-0.0145884399560229,0.0184357429129593,0.00922670761965084));
#3455=CARTESIAN_POINT('',(-0.014563510854757,0.0184042394414864,0.00921094078445157));
#3456=CARTESIAN_POINT('',(-0.0140733985840322,0.0177848734332767,0.00890096092118912));
#3457=CARTESIAN_POINT('',(-0.0131181031438486,0.0165776448883303,0.00829676802986348));
#3458=CARTESIAN_POINT('',(-0.0119263339524955,0.0150715790931115,0.00754301328214062));
#3459=CARTESIAN_POINT('',(-0.0111997479306014,0.0141533758346294,0.00708347156248095));
#3460=CARTESIAN_POINT('',(-0.0109383450781661,0.0138230351128841,0.00691814287088446));
#3461=CARTESIAN_POINT('',(-0.0145333102126159,0.0184950414607143,0.00920836919254082));
#3462=CARTESIAN_POINT('',(-0.014508475318473,0.0184634366583584,0.00919263369451728));
#3463=CARTESIAN_POINT('',(-0.0140202151829873,0.0178420784600325,0.00888326992784771));
#3464=CARTESIAN_POINT('',(-0.0130685298061589,0.0166309668657368,0.00828027789253211));
#3465=CARTESIAN_POINT('',(-0.0118812643129338,0.0151200568114662,0.00752802126061282));
#3466=CARTESIAN_POINT('',(-0.0111574240610514,0.0141989001531657,0.00706939289733957));
#3467=CARTESIAN_POINT('',(-0.0108970090505118,0.0138674968908351,0.00690439280271234));
#3468=CARTESIAN_POINT('',(-0.0144914513921735,0.0185413863907075,0.00919234659278374));
#3469=CARTESIAN_POINT('',(-0.014466688027459,0.0185097023929437,0.00917663847459061));
#3470=CARTESIAN_POINT('',(-0.013979834178156,0.0178867871933933,0.00886781300213026));
#3471=CARTESIAN_POINT('',(-0.0130308898442644,0.0166726407920564,0.00826587017540269));
#3472=CARTESIAN_POINT('',(-0.0118470439115091,0.0151579446948705,0.00751492247307515));
#3473=CARTESIAN_POINT('',(-0.0111252884633425,0.0142344797994713,0.00705709212501483));
#3474=CARTESIAN_POINT('',(-0.0108656234997644,0.0139022461058586,0.00689237913122172));
#3475=CARTESIAN_POINT('',(-0.0144518376318406,0.0185866339021627,0.00917497759430044));
#3476=CARTESIAN_POINT('',(-0.0144271419601384,0.018554872584288,0.00915929915669847));
#3477=CARTESIAN_POINT('',(-0.013941618972126,0.0179304372523142,0.00885105721197052));
#3478=CARTESIAN_POINT('',(-0.0129952686678036,0.0167133279062414,0.0082502517601166));
#3479=CARTESIAN_POINT('',(-0.0118146588904742,0.0151949354172343,0.00750072297834118));
#3480=CARTESIAN_POINT('',(-0.0110948764294548,0.0142692169423264,0.00704375770369175));
#3481=CARTESIAN_POINT('',(-0.0108359212847455,0.0139361724815176,0.00687935593616829));
#3482=CARTESIAN_POINT('',(-0.0144063520727937,0.0186408231763181,0.00915148308580185));
#3483=CARTESIAN_POINT('',(-0.0143817341279842,0.0186089692584185,0.00913584479622005));
#3484=CARTESIAN_POINT('',(-0.0138977392698265,0.0179827133871489,0.00882839217145671));
#3485=CARTESIAN_POINT('',(-0.0129543674983207,0.0167620555625091,0.00822912521151184));
#3486=CARTESIAN_POINT('',(-0.0117774735595653,0.0152392362048558,0.00748151575980043));
#3487=CARTESIAN_POINT('',(-0.011059956534158,0.0143108188005725,0.00702572064327057));
#3488=CARTESIAN_POINT('',(-0.0108018164220989,0.0139768033496593,0.00686173986192224));
#3489=CARTESIAN_POINT('',(-0.0143282013793139,0.0187296513686497,0.00911791134962046));
#3490=CARTESIAN_POINT('',(-0.0143037169804186,0.0186976456588513,0.00910233042828457));
#3491=CARTESIAN_POINT('',(-0.0138223476678269,0.0180684055214655,0.0087960056773653));
#3492=CARTESIAN_POINT('',(-0.0128840934415386,0.0168419309564924,0.00819893709686263));
#3493=CARTESIAN_POINT('',(-0.0117135838447041,0.0153118549831033,0.00745407021125163));
#3494=CARTESIAN_POINT('',(-0.0109999591615661,0.0143790134373016,0.00699994715522403));
#3495=CARTESIAN_POINT('',(-0.0107432193921247,0.0140434063190873,0.00683656792877982));
#3496=CARTESIAN_POINT('',(-0.0142233212749553,0.0188425519205782,0.00908288150912898));
#3497=CARTESIAN_POINT('',(-0.0141990160978788,0.018810353283414,0.00906736044768514));
#3498=CARTESIAN_POINT('',(-0.0137211703303855,0.0181773201464999,0.00876221255698657));
#3499=CARTESIAN_POINT('',(-0.0127897839724753,0.016943452509836,0.00816743783703327));
#3500=CARTESIAN_POINT('',(-0.0116278423155671,0.0154041533844251,0.0074254326340149));
#3501=CARTESIAN_POINT('',(-0.0109194412490757,0.0144656887587641,0.00697305426025127));
#3502=CARTESIAN_POINT('',(-0.0106645807730011,0.014128058632853,0.00681030271574237));
#3503=CARTESIAN_POINT('',(-0.0140929966017357,0.0189706075701765,0.00905879354993148));
#3504=CARTESIAN_POINT('',(-0.0140689141268115,0.018938190108226,0.00904331365061163));
#3505=CARTESIAN_POINT('',(-0.0135954467384811,0.0183008548221175,0.00873897501740837));
#3506=CARTESIAN_POINT('',(-0.0126725944367445,0.0170586017118512,0.00814577765032173));
#3507=CARTESIAN_POINT('',(-0.0115212993555417,0.0155088413734231,0.00740574025796308));
#3508=CARTESIAN_POINT('',(-0.0108193891877451,0.0145639988591528,0.00695456159948783));
#3509=CARTESIAN_POINT('',(-0.0105668639333546,0.0142240741690404,0.00679224167489597));
#3510=CARTESIAN_POINT('',(-0.0139564281831197,0.0190911410314836,0.00905525118963293));
#3511=CARTESIAN_POINT('',(-0.0139325790798203,0.0190585175988554,0.00903977734358942));
#3512=CARTESIAN_POINT('',(-0.0134636998351132,0.0184171328784965,0.00873555771929013));
#3513=CARTESIAN_POINT('',(-0.0125497904489982,0.0171669868704068,0.00814259231673506));
#3514=CARTESIAN_POINT('',(-0.0114096520119814,0.0156073798269062,0.00740284430938818));
#3515=CARTESIAN_POINT('',(-0.0107145437163725,0.0146565340711365,0.0069518420802971));
#3516=CARTESIAN_POINT('',(-0.0104644655621714,0.0143144496030975,0.00678958562946181));
#3517=CARTESIAN_POINT('',(-0.0138067393103718,0.0192059979061354,0.00907878697460224));
#3518=CARTESIAN_POINT('',(-0.0137831459992668,0.0191731782031268,0.00906327291000427));
#3519=CARTESIAN_POINT('',(-0.0133192956920982,0.0185279347587499,0.00875826257901877));
#3520=CARTESIAN_POINT('',(-0.0124151883888662,0.0172702675730045,0.00816375598164573));
#3521=CARTESIAN_POINT('',(-0.0112872784414869,0.0157012775601776,0.00742208527224811));
#3522=CARTESIAN_POINT('',(-0.0105996254901711,0.0147447112887193,0.00696991082923802));
#3523=CARTESIAN_POINT('',(-0.0103522295349187,0.0144005687586294,0.00680723265261548));
#3524=CARTESIAN_POINT('',(-0.0136378414275987,0.0193109417684178,0.0091445122360822));
#3525=CARTESIAN_POINT('',(-0.0136145367335381,0.0192779427346393,0.00912888585846762));
#3526=CARTESIAN_POINT('',(-0.0131563607085475,0.0186291736031569,0.00882166742591367));
#3527=CARTESIAN_POINT('',(-0.0122633133526269,0.0173646343739704,0.00822285693842038));
#3528=CARTESIAN_POINT('',(-0.011149201130966,0.0157870712126599,0.00747581695431198));
#3529=CARTESIAN_POINT('',(-0.0104699602402352,0.0148252781490533,0.00702036902514295));
#3530=CARTESIAN_POINT('',(-0.0102255906804344,0.0144792551831506,0.00685651315091328));
#3531=CARTESIAN_POINT('',(-0.0134734825678317,0.0193816424283916,0.00925839825326216));
#3532=CARTESIAN_POINT('',(-0.0134504587344163,0.0193485225795076,0.00924257726429341));
#3533=CARTESIAN_POINT('',(-0.0129978044988848,0.0186973781932956,0.00893153272458531));
#3534=CARTESIAN_POINT('',(-0.0121155198612373,0.0174282092697557,0.00832526463413785));
#3535=CARTESIAN_POINT('',(-0.0110148345602058,0.0158448703799492,0.00756892099268088));
#3536=CARTESIAN_POINT('',(-0.0103437796612905,0.0148795560274707,0.00710780090196328));
#3537=CARTESIAN_POINT('',(-0.0101023551644913,0.0145322662123202,0.00694190436198503));
#3538=CARTESIAN_POINT('',(-0.0132857843698841,0.019402143896641,0.00948416837897883));
#3539=CARTESIAN_POINT('',(-0.0132630812799751,0.019368989014321,0.0094679615882147));
#3540=CARTESIAN_POINT('',(-0.0128167329407755,0.0187171558621281,0.00914933209018958));
#3541=CARTESIAN_POINT('',(-0.0119467393522854,0.0174466444400623,0.00852827988490345));
#3542=CARTESIAN_POINT('',(-0.0108613876256636,0.0158616307297602,0.00775349247009115));
#3543=CARTESIAN_POINT('',(-0.0101996811483324,0.014895295289331,0.00728112776253984));
#3544=CARTESIAN_POINT('',(-0.00996161992029179,0.0145476381187747,0.00711118576224953));
#3545=CARTESIAN_POINT('',(-0.0131255132923635,0.019402143896641,0.0097047625924526));
#3546=CARTESIAN_POINT('',(-0.0131030840777923,0.019368989014321,0.00968817884462501));
#3547=CARTESIAN_POINT('',(-0.012662120195188,0.0187171558621281,0.00936213827789066));
#3548=CARTESIAN_POINT('',(-0.0118026216445505,0.0174466444400623,0.00872664089224957));
#3549=CARTESIAN_POINT('',(-0.0107303628965494,0.0158616307297602,0.00793383253837857));
#3550=CARTESIAN_POINT('',(-0.0100766388165816,0.014895295289331,0.00745048100341433));
#3551=CARTESIAN_POINT('',(-0.00984144940464691,0.0145476381187747,0.00727658628735684));
#3552=CARTESIAN_POINT('',(-0.0129687950760953,0.0193816424283916,0.00995304099237616));
#3553=CARTESIAN_POINT('',(-0.0129466336656413,0.0193485225795076,0.00993603298003554));
#3554=CARTESIAN_POINT('',(-0.0125109348779388,0.0186973781932956,0.00960165126848206));
#3555=CARTESIAN_POINT('',(-0.0116616987129879,0.0174282092697557,0.00894989585771573));
#3556=CARTESIAN_POINT('',(-0.0106022427007444,0.0158448703799492,0.00813680496857713));
#3557=CARTESIAN_POINT('',(-0.00995632406574946,0.0148795560274707,0.00764108777865139));
#3558=CARTESIAN_POINT('',(-0.00972394280800295,0.0145322662123202,0.0074627442879385));
#3559=CARTESIAN_POINT('',(-0.0129112727181854,0.0193109417684178,0.0101445482716987));
#3560=CARTESIAN_POINT('',(-0.0128892096034156,0.0192779427346393,0.0101272130067955));
#3561=CARTESIAN_POINT('',(-0.0124554433330719,0.0186291736031569,0.00978639742926235));
#3562=CARTESIAN_POINT('',(-0.0116099739071544,0.0173646343739704,0.0091221015390993));
#3563=CARTESIAN_POINT('',(-0.0105552170522011,0.0157870712126599,0.00829336590137179));
#3564=CARTESIAN_POINT('',(-0.00991216335282155,0.0148252781490533,0.00778811057627422));
#3565=CARTESIAN_POINT('',(-0.00968081280901579,0.0144792551831506,0.00760633556380658));
#3566=CARTESIAN_POINT('',(-0.0129009565960606,0.0192059979061354,0.0103254899264556));
#3567=CARTESIAN_POINT('',(-0.0128789111097454,0.0191731782031268,0.0103078454638007));
#3568=CARTESIAN_POINT('',(-0.0124454914191632,0.0185279347587499,0.00996095098231703));
#3569=CARTESIAN_POINT('',(-0.0116006975243139,0.0172702675730045,0.00928480648200446));
#3570=CARTESIAN_POINT('',(-0.0105467834213313,0.0157012775601776,0.00844128923018923));
#3571=CARTESIAN_POINT('',(-0.00990424352261573,0.0147447112887193,0.00792702199720287));
#3572=CARTESIAN_POINT('',(-0.00967307782816724,0.0144005687586294,0.00774200478304537));
#3573=CARTESIAN_POINT('',(-0.0129248291399473,0.0190911410314836,0.0104751254618307));
#3574=CARTESIAN_POINT('',(-0.0129027428596154,0.0190585175988554,0.0104572252981259));
#3575=CARTESIAN_POINT('',(-0.0124685211486165,0.0184171328784965,0.0101053036710225));
#3576=CARTESIAN_POINT('',(-0.0116221640069506,0.0171669868704068,0.00941936058052039));
#3577=CARTESIAN_POINT('',(-0.0105662996911687,0.0156073798269062,0.00856361919634219));
#3578=CARTESIAN_POINT('',(-0.00992257080605382,0.0146565340711365,0.00804189927556262));
#3579=CARTESIAN_POINT('',(-0.00969097735160593,0.0143144496030975,0.00785420081818167));
#3580=CARTESIAN_POINT('',(-0.0129704000870396,0.0189706075701765,0.0106039150967432));
#3581=CARTESIAN_POINT('',(-0.0129482359339016,0.018938190108226,0.0105857948539991));
#3582=CARTESIAN_POINT('',(-0.0125124832243569,0.0183008548221175,0.0102295464187788));
#3583=CARTESIAN_POINT('',(-0.0116631419584054,0.0170586017118512,0.00953516979108255));
#3584=CARTESIAN_POINT('',(-0.0106035548284687,0.0155088413734231,0.00866890723263781));
#3585=CARTESIAN_POINT('',(-0.00995755625493874,0.0145639988591528,0.00814077286666914));
#3586=CARTESIAN_POINT('',(-0.00972514623781561,0.0142240741690404,0.00795076669317656));
#3587=CARTESIAN_POINT('',(-0.0130335816364098,0.0188425519205782,0.0107204176376909));
#3588=CARTESIAN_POINT('',(-0.0130113095170159,0.018810353283414,0.0107020983124095));
#3589=CARTESIAN_POINT('',(-0.0125734341642877,0.0181773201464999,0.0103419358654744));
#3590=CARTESIAN_POINT('',(-0.0117199555782253,0.016943452509836,0.00963993029688573));
#3591=CARTESIAN_POINT('',(-0.0106552069763129,0.0154041533844251,0.00876415033017565));
#3592=CARTESIAN_POINT('',(-0.0100060616077348,0.0144656887587641,0.00823021348511923));
#3593=CARTESIAN_POINT('',(-0.00977251947249103,0.014128058632853,0.00803811976171648));
#3594=CARTESIAN_POINT('',(-0.0130993067290926,0.0187296513686497,0.0108093397283488));
#3595=CARTESIAN_POINT('',(-0.0130769222969706,0.0186976456588513,0.0107908684507127));
#3596=CARTESIAN_POINT('',(-0.0126368388483449,0.0180684055214655,0.0104277185830595));
#3597=CARTESIAN_POINT('',(-0.0117790563832155,0.0168419309564924,0.00971989012538917));
#3598=CARTESIAN_POINT('',(-0.0107089385203819,0.0153118549831033,0.00883684587213465));
#3599=CARTESIAN_POINT('',(-0.0100565196740519,0.0143790134373016,0.00829848020889725));
#3600=CARTESIAN_POINT('',(-0.00982179984422553,0.0140434063190873,0.00810479313567693));
#3601=CARTESIAN_POINT('',(-0.0131553852399588,0.0186408231763181,0.010873291217625));
#3602=CARTESIAN_POINT('',(-0.0131329049794355,0.0186089692584185,0.0108547106580398));
#3603=CARTESIAN_POINT('',(-0.0126909375208415,0.0179827133871489,0.0104894122803527));
#3604=CARTESIAN_POINT('',(-0.0118294828641766,0.0167620555625091,0.00977739608456351));
#3605=CARTESIAN_POINT('',(-0.0107547837958304,0.0152392362048558,0.00888912746085608));
#3606=CARTESIAN_POINT('',(-0.0100995719255549,0.0143108188005725,0.00834757665525064));
#3607=CARTESIAN_POINT('',(-0.0098638472533503,0.0139768033496593,0.00815274366774718));
#3608=CARTESIAN_POINT('',(-0.0131917856561076,0.0185866339021627,0.0109092903525533));
#3609=CARTESIAN_POINT('',(-0.0131692431936174,0.018554872584288,0.0108906482767209));
#3610=CARTESIAN_POINT('',(-0.0127260528290329,0.0179304372523142,0.0105241404744607));
#3611=CARTESIAN_POINT('',(-0.011862214562354,0.0167133279062414,0.00980976694577299));
#3612=CARTESIAN_POINT('',(-0.0107845418453758,0.0151949354172343,0.00891855745518381));
#3613=CARTESIAN_POINT('',(-0.0101275170304918,0.0142692169423264,0.00837521369102228));
#3614=CARTESIAN_POINT('',(-0.00989114011770218,0.0139361724815176,0.00817973565328838));
#3615=CARTESIAN_POINT('',(-0.0132205458804506,0.0185413863907075,0.0109415979617462));
#3616=CARTESIAN_POINT('',(-0.0131979542717497,0.0185097023929437,0.0109229006778405));
#3617=CARTESIAN_POINT('',(-0.0127537976805568,0.0178867871933933,0.0105553074712636));
#3618=CARTESIAN_POINT('',(-0.0118880761068721,0.0166726407920564,0.00983881834201556));
#3619=CARTESIAN_POINT('',(-0.0108080538892336,0.0151579446948705,0.00894496955528516));
#3620=CARTESIAN_POINT('',(-0.0101495966540869,0.0142344797994713,0.00840001669122596));
#3621=CARTESIAN_POINT('',(-0.00991270440143215,0.0139022461058586,0.00820395974983795));
#3622=CARTESIAN_POINT('',(-0.0132487193652388,0.0184950414607143,0.0109764568100734));
#3623=CARTESIAN_POINT('',(-0.0132260796129627,0.0184634366583584,0.0109576999584715));
#3624=CARTESIAN_POINT('',(-0.0127809765072251,0.0178420784600325,0.0105889356363154));
#3625=CARTESIAN_POINT('',(-0.011913410048026,0.0166309668657368,0.00987016384360524));
#3626=CARTESIAN_POINT('',(-0.0108310862620714,0.0151200568114662,0.00897346734309546));
#3627=CARTESIAN_POINT('',(-0.0101712258295783,0.0141989001531657,0.00842677831313982));
#3628=CARTESIAN_POINT('',(-0.00993382875054668,0.0138674968908351,0.0082300967537383));
#3629=CARTESIAN_POINT('',(-0.0132831962734487,0.0184357429129593,0.0110232214261552));
#3630=CARTESIAN_POINT('',(-0.0132604976061454,0.0184042394414864,0.011004384661975));
#3631=CARTESIAN_POINT('',(-0.0128142362164637,0.0177848734332767,0.0106340492388481));
#3632=CARTESIAN_POINT('',(-0.0119444121044036,0.0165776448883303,0.00991221515677456));
#3633=CARTESIAN_POINT('',(-0.0108592718063928,0.0150715790931115,0.00901169832805562));
#3634=CARTESIAN_POINT('',(-0.0101976942307604,0.0141533758346294,0.00846268015828334));
#3635=CARTESIAN_POINT('',(-0.00995967937750642,0.0138230351128841,0.00826516064745771));
#3636=CARTESIAN_POINT('',(-0.0133231037306672,0.0183636985897642,0.0110827629829815));
#3637=CARTESIAN_POINT('',(-0.013300336868475,0.018332318229483,0.0110638244726582));
#3638=CARTESIAN_POINT('',(-0.0128527347504814,0.0177153726176242,0.0106914886952983));
#3639=CARTESIAN_POINT('',(-0.0119802973766863,0.0165128617541878,0.00996575565090195));
#3640=CARTESIAN_POINT('',(-0.0108918969303552,0.0150126814549544,0.00906037471106182));
#3641=CARTESIAN_POINT('',(-0.0102283317398256,0.0140980664072987,0.00850839103825822));
#3642=CARTESIAN_POINT('',(-0.00998960180509736,0.0137690166112206,0.00830980463249113));
#3643=CARTESIAN_POINT('',(-0.0133675939999643,0.0182791444337089,0.0111558734069538));
#3644=CARTESIAN_POINT('',(-0.0133447511116561,0.0182479085617434,0.0111368099636583));
#3645=CARTESIAN_POINT('',(-0.0128956543014969,0.0176338036257587,0.0107620179732959));
#3646=CARTESIAN_POINT('',(-0.0120203035694867,0.0164368296257546,0.0100314974358666));
#3647=CARTESIAN_POINT('',(-0.0109282685924982,0.0149435567846519,0.00912014390737964));
#3648=CARTESIAN_POINT('',(-0.0102624875373607,0.0140331530075685,0.00856451892595955));
#3649=CARTESIAN_POINT('',(-0.0100229604040743,0.0137056182945045,0.00836462249160635));
#3650=CARTESIAN_POINT('',(-0.013415786683824,0.0181823537215449,0.0112433302585625));
#3651=CARTESIAN_POINT('',(-0.0133928614426186,0.0181512832480369,0.0112241173667505));
#3652=CARTESIAN_POINT('',(-0.0129421455542173,0.0175404300864617,0.0108463871817448));
#3653=CARTESIAN_POINT('',(-0.0120636390186201,0.0163497942368192,0.0101101397035456));
#3654=CARTESIAN_POINT('',(-0.0109676670506959,0.014864428491274,0.00919164158786253));
#3655=CARTESIAN_POINT('',(-0.0102994857299677,0.0139588454337959,0.00863166076537311));
#3656=CARTESIAN_POINT('',(-0.0100590950564353,0.0136330450643851,0.00843019723607732));
#3657=CARTESIAN_POINT('',(-0.0134667925170344,0.0180736300988045,0.011345875051424));
#3658=CARTESIAN_POINT('',(-0.0134437801157498,0.0180427454150183,0.0113264869284335));
#3659=CARTESIAN_POINT('',(-0.0129913506387256,0.0174355449251326,0.0109453116553011));
#3660=CARTESIAN_POINT('',(-0.0121095040859617,0.0162520286291475,0.0102023492320268));
#3661=CARTESIAN_POINT('',(-0.0110093653133084,0.0147755448109601,0.0092754739543419));
#3662=CARTESIAN_POINT('',(-0.0103386436163948,0.0138753767988723,0.00871038582679891));
#3663=CARTESIAN_POINT('',(-0.0100973389952208,0.0135515245928838,0.00850708484939782));
#3664=CARTESIAN_POINT('',(-0.013519711363088,0.0179533049574257,0.0114642201766243));
#3665=CARTESIAN_POINT('',(-0.0134966085327187,0.0179226258883347,0.0114446298224412));
#3666=CARTESIAN_POINT('',(-0.0130424011976177,0.0173194678339969,0.0110594786342544));
#3667=CARTESIAN_POINT('',(-0.0121570893577849,0.0161438307944124,0.0103087666120639));
#3668=CARTESIAN_POINT('',(-0.0110526275011995,0.014677176663078,0.00937222340041308));
#3669=CARTESIAN_POINT('',(-0.0103792701493459,0.0137830015169902,0.00880124102276597));
#3670=CARTESIAN_POINT('',(-0.010137017302224,0.0134613053561493,0.00859581947912253));
#3671=CARTESIAN_POINT('',(-0.0135736358539667,0.0178217339670251,0.0115990494043618));
#3672=CARTESIAN_POINT('',(-0.0135504408760411,0.0177912797298251,0.0115792286505279));
#3673=CARTESIAN_POINT('',(-0.0130944218972858,0.0171925419258405,0.0111895477484604));
#3674=CARTESIAN_POINT('',(-0.0122055789177008,0.0160255205550711,0.0104300066981593));
#3675=CARTESIAN_POINT('',(-0.0110967118233325,0.0145696148144698,0.00948244892153816));
#3676=CARTESIAN_POINT('',(-0.0104206687297937,0.0136819926406533,0.00890475129315059));
#3677=CARTESIAN_POINT('',(-0.0101774496370847,0.0133626540336215,0.00869691381299657));
#3678=CARTESIAN_POINT('',(-0.0136276538046944,0.0176792943389221,0.0117510189077253));
#3679=CARTESIAN_POINT('',(-0.0136043665195058,0.0176490835062208,0.0117309384644968));
#3680=CARTESIAN_POINT('',(-0.0131465327572252,0.0170551310946277,0.0113361520049743));
#3681=CARTESIAN_POINT('',(-0.0122541525178528,0.0158974371041429,0.0105666595291578));
#3682=CARTESIAN_POINT('',(-0.0111408725507132,0.0144531676427403,0.00960668695200416));
#3683=CARTESIAN_POINT('',(-0.0104621390606654,0.0135726397602295,0.00902142039114465));
#3684=CARTESIAN_POINT('',(-0.0102179520477095,0.0132558534566104,0.00881085984657921));
#3685=CARTESIAN_POINT('',(-0.0136808486539738,0.0175263819768529,0.01192076118337));
#3686=CARTESIAN_POINT('',(-0.0136574704680591,0.0174964324447273,0.0119003906801769));
#3687=CARTESIAN_POINT('',(-0.0131978495751155,0.0169076172668084,0.011499901570309));
#3688=CARTESIAN_POINT('',(-0.0123019859751431,0.0157599364430962,0.0107192938537663));
#3689=CARTESIAN_POINT('',(-0.0111843603766199,0.0143281588069087,0.00974545457015238));
#3690=CARTESIAN_POINT('',(-0.0105029774851256,0.0134552468165144,0.0091517338932133));
#3691=CARTESIAN_POINT('',(-0.01025783730066,0.0131412004719135,0.00893813182294901));
#3692=CARTESIAN_POINT('',(-0.0137323049971564,0.0173634068559888,0.0121088847782022));
#3693=CARTESIAN_POINT('',(-0.0137088388813195,0.0173337358199398,0.0120881928045736));
#3694=CARTESIAN_POINT('',(-0.0132474892644496,0.0167503959434787,0.0116813835067679));
#3695=CARTESIAN_POINT('',(-0.0123482561465466,0.0156133872266055,0.0108884568847853));
#3696=CARTESIAN_POINT('',(-0.0112264269399139,0.0141949234696667,0.00989924927493756));
#3697=CARTESIAN_POINT('',(-0.0105424812343142,0.0133301285531401,0.0092961589892668));
#3698=CARTESIAN_POINT('',(-0.0102964190297475,0.0130190024770256,0.00907918602777303));
#3699=CARTESIAN_POINT('',(-0.0137811071756288,0.0171907904640912,0.0123159802966086));
#3700=CARTESIAN_POINT('',(-0.0137575576653745,0.0171614143993706,0.0122949344328337));
#3701=CARTESIAN_POINT('',(-0.0132945684937215,0.0165838737318758,0.0118811675675919));
#3702=CARTESIAN_POINT('',(-0.0123921396606697,0.0154581684616067,0.0110746797008831));
#3703=CARTESIAN_POINT('',(-0.0112663236718348,0.0140538062054732,0.0100685538969551));
#3704=CARTESIAN_POINT('',(-0.0105799473443987,0.0131976085521139,0.009455149094494));
#3705=CARTESIAN_POINT('',(-0.0103330106783614,0.0128895755015288,0.00923446529349984));
#3706=CARTESIAN_POINT('',(-0.0138263414936703,0.017008962843387,0.0125426220493049));
#3707=CARTESIAN_POINT('',(-0.0138027146858505,0.0169798974903795,0.012521188894276));
#3708=CARTESIAN_POINT('',(-0.0133382058250191,0.0164084654916891,0.0120998077875944));
#3709=CARTESIAN_POINT('',(-0.0124328149111763,0.0152946668473158,0.0112784787292601));
#3710=CARTESIAN_POINT('',(-0.0113033036083259,0.0139051585822289,0.0102538379464068));
#3711=CARTESIAN_POINT('',(-0.010614674358487,0.013058016962825,0.00962914511520633));
#3712=CARTESIAN_POINT('',(-0.0103669271616595,0.012753241989104,0.00940440023565857));
#3713=CARTESIAN_POINT('',(-0.0138670953540855,0.0168183602295402,0.0127893729944169));
#3714=CARTESIAN_POINT('',(-0.0138433989050212,0.0167896205831797,0.0127675181850291));
#3715=CARTESIAN_POINT('',(-0.0133775208801717,0.016224592057387,0.0123378472497999));
#3716=CARTESIAN_POINT('',(-0.012469461279537,0.0151232746521622,0.0115003601887293));
#3717=CARTESIAN_POINT('',(-0.0113366206833956,0.01374933723109,0.0104555616525311));
#3718=CARTESIAN_POINT('',(-0.0106459616630394,0.0129116886894501,0.00981857924217418));
#3719=CARTESIAN_POINT('',(-0.0103974842184684,0.0126103290272423,0.00958941295765867));
#3720=CARTESIAN_POINT('',(-0.0139157394656199,0.0165446999395592,0.0131572322465399));
#3721=CARTESIAN_POINT('',(-0.0138919598922471,0.016516427930938,0.0131347488298044));
#3722=CARTESIAN_POINT('',(-0.013424447623021,0.0159605932782759,0.0126927193192985));
#3723=CARTESIAN_POINT('',(-0.0125132026579415,0.014877195981573,0.0118311437150224));
#3724=CARTESIAN_POINT('',(-0.0113763881925145,0.0135256146111465,0.0107562937597035));
#3725=CARTESIAN_POINT('',(-0.0106833064229408,0.0127015958847608,0.010100989898155));
#3726=CARTESIAN_POINT('',(-0.0104339573492204,0.0124051398024158,0.00986523213037674));
#3727=CARTESIAN_POINT('',(-0.0139401461588909,0.016340395965818,0.013448252891898));
#3728=CARTESIAN_POINT('',(-0.0139163248787332,0.0163124730770797,0.0134252721716015));
#3729=CARTESIAN_POINT('',(-0.0134479926438428,0.0157635022073026,0.0129734655506058));
#3730=CARTESIAN_POINT('',(-0.0125351494542196,0.0146934833564867,0.012092833028911));
#3731=CARTESIAN_POINT('',(-0.0113963411398827,0.0133585921312923,0.0109942088084732));
#3732=CARTESIAN_POINT('',(-0.0107020437802784,0.0125447488871366,0.0103244104887347));
#3733=CARTESIAN_POINT('',(-0.0104522573754069,0.0122519536240199,0.0100834380696953));
#3734=CARTESIAN_POINT('',(-0.0139515079295549,0.016203292443696,0.0136504551822839));
#3735=CARTESIAN_POINT('',(-0.0139276672341114,0.0161756038409813,0.0136271289335149));
#3736=CARTESIAN_POINT('',(-0.0134589532899199,0.0156312390921297,0.0131685291376503));
#3737=CARTESIAN_POINT('',(-0.0125453660969804,0.0145701981971411,0.0122746557946899));
#3738=CARTESIAN_POINT('',(-0.01140562960881,0.0132465073301881,0.0111595131212285));
#3739=CARTESIAN_POINT('',(-0.0107107663693877,0.012439492609372,0.0104796439948627));
#3740=CARTESIAN_POINT('',(-0.0104607763787134,0.0121491540346927,0.0102350484155927));
#3741=CARTESIAN_POINT('',(-0.0163353214017867,0.0162601991330658,0.00898476918402027));
#3742=CARTESIAN_POINT('',(-0.0159874920200777,0.0164276359685161,0.00901539966296459));
#3743=CARTESIAN_POINT('',(-0.0154684553059266,0.0166824897374246,0.00903351047109824));
#3744=CARTESIAN_POINT('',(-0.0147866263241687,0.0170343674512722,0.00898558052274209));
#3745=CARTESIAN_POINT('',(-0.0142792464537667,0.0173083120200989,0.00890441780917493));
#3746=CARTESIAN_POINT('',(-0.0137901396063393,0.0175905396550884,0.00876334659911416));
#3747=CARTESIAN_POINT('',(-0.013348241898975,0.0178821288355247,0.00851696920240745));
#3748=CARTESIAN_POINT('',(-0.0128912385980265,0.0181052514119208,0.00851390935460742));
#3749=CARTESIAN_POINT('',(-0.0125708341140948,0.0181871667347269,0.00873281150177248));
#3750=CARTESIAN_POINT('',(-0.0123469775960623,0.0181886705285511,0.00904460063303458));
#3751=CARTESIAN_POINT('',(-0.0120515874569439,0.0181804520475918,0.00945853779736705));
#3752=CARTESIAN_POINT('',(-0.0121940676035471,0.0179108469211873,0.0100224682650893));
#3753=CARTESIAN_POINT('',(-0.0125625523727953,0.0176170186504132,0.0103753858053705));
#3754=CARTESIAN_POINT('',(-0.0128620265730589,0.0173300980892737,0.0107928014739268));
#3755=CARTESIAN_POINT('',(-0.0130994888527872,0.0170539831457684,0.0112522998162363));
#3756=CARTESIAN_POINT('',(-0.0133668709213748,0.016691061081061,0.0119027096730116));
#3757=CARTESIAN_POINT('',(-0.0135130193510046,0.0164309310674638,0.012412400347655));
#3758=CARTESIAN_POINT('',(-0.0135929152015984,0.0162601991330675,0.0127593674965428));
#3759=CARTESIAN_POINT('',(0.,0.0191902019685288,0.));
#3760=CARTESIAN_POINT('',(0.,0.0162601991330675,0.));
#3761=CARTESIAN_POINT('',(-0.0184966674442385,0.0162601991330675,0.00233283005101673));
#3762=CARTESIAN_POINT('',(-0.0183122602333435,0.0162601991330658,0.00349713135814149));
#3763=CARTESIAN_POINT('',(-0.0184966674442385,0.0162601991330675,0.00233283005101674));
#3764=CARTESIAN_POINT('',(-0.0174041665492745,0.0153282330917351,0.00218107107286481));
#3765=CARTESIAN_POINT('',(-0.0163116464103059,0.0143962737752823,0.00202940932595541));
#3766=CARTESIAN_POINT('',(-0.0152190917430066,0.0134643259709999,0.00187792571251583));
#3767=CARTESIAN_POINT('',(-0.0150545273336297,0.0134643259710072,0.00291694450153559));
#3768=CARTESIAN_POINT('',(-0.0161404195801987,0.0143962737752064,0.00311049298332382));
#3769=CARTESIAN_POINT('',(-0.0172263340355088,0.015328233092319,0.00330386138042795));
#3770=CARTESIAN_POINT('',(-0.0183122602333411,0.0162601991330683,0.00349713135814305));
#3771=CARTESIAN_POINT('',(-0.0192439408316551,0.016203292443696,0.00326347076894095));
#3772=CARTESIAN_POINT('',(-0.0192110562907999,0.0161756038409813,0.00325789406618709));
#3773=CARTESIAN_POINT('',(-0.0185645381183889,0.0156312390921297,0.00314825471654922));
#3774=CARTESIAN_POINT('',(-0.0173043863144221,0.0145701981971411,0.00293455272002733));
#3775=CARTESIAN_POINT('',(-0.015732296641193,0.0132465073301881,0.00266795094965097));
#3776=CARTESIAN_POINT('',(-0.0147738405995197,0.012439492609372,0.00250541182615863));
#3777=CARTESIAN_POINT('',(-0.0144290181894022,0.0121491540346928,0.00244693534955031));
#3778=CARTESIAN_POINT('',(-0.0190736774611951,0.016340395965818,0.00337313042765615));
#3779=CARTESIAN_POINT('',(-0.0190410838707649,0.0163124730770797,0.00336736633565813));
#3780=CARTESIAN_POINT('',(-0.0184002858553665,0.0157635022073027,0.00325404286732752));
#3781=CARTESIAN_POINT('',(-0.017151283415,0.0146934833564867,0.00303316002266432));
#3782=CARTESIAN_POINT('',(-0.0155931030178787,0.0133585921312923,0.00275759985761485));
#3783=CARTESIAN_POINT('',(-0.0146431270457254,0.0125447488871367,0.00258959906889797));
#3784=CARTESIAN_POINT('',(-0.0143013554985404,0.01225195362402,0.00252915765651368));
#3785=CARTESIAN_POINT('',(-0.0188238909190246,0.0165446999395592,0.00352444264147749));
#3786=CARTESIAN_POINT('',(-0.0187917241702596,0.016516427930938,0.00351841998327825));
#3787=CARTESIAN_POINT('',(-0.0181593179671283,0.0159605932782759,0.00340001303974893));
#3788=CARTESIAN_POINT('',(-0.0169266723096305,0.014877195981573,0.00316922181088953));
#3789=CARTESIAN_POINT('',(-0.0153888976520036,0.0135256146111465,0.00288130054107139));
#3790=CARTESIAN_POINT('',(-0.0144513624487432,0.0127015958847608,0.00270576355658335));
#3791=CARTESIAN_POINT('',(-0.0141140666998491,0.0124051398024159,0.00264261085742539));
#3792=CARTESIAN_POINT('',(-0.0184976942411483,0.0168183602295403,0.00370131097188715));
#3793=CARTESIAN_POINT('',(-0.0184660849056529,0.0167896205831797,0.00369498607653762));
#3794=CARTESIAN_POINT('',(-0.0178446375846899,0.016224592057387,0.00357063707619498));
#3795=CARTESIAN_POINT('',(-0.0166333522782589,0.0151232746521622,0.00332826397085923));
#3796=CARTESIAN_POINT('',(-0.0151222255111664,0.0137493372310901,0.00302589384785709));
#3797=CARTESIAN_POINT('',(-0.0142009367295417,0.0129116886894502,0.00284154782984807));
#3798=CARTESIAN_POINT('',(-0.0138694859333848,0.0126103290272424,0.00277522591683215));
#3799=CARTESIAN_POINT('',(-0.0182741140150485,0.017008962843387,0.00381337697275094));
#3800=CARTESIAN_POINT('',(-0.0182428867391918,0.0169798974903795,0.00380686057613792));
#3801=CARTESIAN_POINT('',(-0.017628950804822,0.0164084654916891,0.00367874661378975));
#3802=CARTESIAN_POINT('',(-0.0164323062119392,0.0152946668473158,0.00342903508570643));
#3803=CARTESIAN_POINT('',(-0.0149394443193681,0.0139051585822289,0.00311750998742042));
#3804=CARTESIAN_POINT('',(-0.0140292910853102,0.013058016962825,0.00292758245486956));
#3805=CARTESIAN_POINT('',(-0.0137018465097654,0.0127532419891041,0.00285925248805385));
#3806=CARTESIAN_POINT('',(-0.0180641689204399,0.0171907904640912,0.00390999832051499));
#3807=CARTESIAN_POINT('',(-0.0180333004041586,0.0171614143993706,0.00390331681485877));
#3808=CARTESIAN_POINT('',(-0.0174264177714,0.0165838737318758,0.00377195676805634));
#3809=CARTESIAN_POINT('',(-0.016243521022164,0.0154581684616067,0.0035159181801077));
#3810=CARTESIAN_POINT('',(-0.0147678101132749,0.0140538062054732,0.00319649982210103));
#3811=CARTESIAN_POINT('',(-0.0138681133208631,0.013197608552114,0.00300176000524057));
#3812=CARTESIAN_POINT('',(-0.0135444306449286,0.0128895755015289,0.00293169872952632));
#3813=CARTESIAN_POINT('',(-0.0178679399258045,0.0173634068559888,0.00399224422030352));
#3814=CARTESIAN_POINT('',(-0.0178374067306743,0.0173337358199398,0.0039854221707392));
#3815=CARTESIAN_POINT('',(-0.0172371165943328,0.0167503959434787,0.00385129899608865));
#3816=CARTESIAN_POINT('',(-0.0160670695167803,0.0156133872266055,0.00358987469635187));
#3817=CARTESIAN_POINT('',(-0.0146073890861987,0.0141949234696668,0.00326373744792383));
#3818=CARTESIAN_POINT('',(-0.0137174655968284,0.0133301285531402,0.00306490132458203));
#3819=CARTESIAN_POINT('',(-0.0133972990486692,0.0130190024770257,0.00299336632632647));
#3820=CARTESIAN_POINT('',(-0.0176854994608827,0.0175263819768529,0.00406119143885099));
#3821=CARTESIAN_POINT('',(-0.0176552780247094,0.0174964324447273,0.00405425157050698));
#3822=CARTESIAN_POINT('',(-0.0170611171462465,0.0169076172668084,0.00391781204962994));
#3823=CARTESIAN_POINT('',(-0.0159030168254938,0.0157599364430962,0.00365187287621987));
#3824=CARTESIAN_POINT('',(-0.0144582404508638,0.0143281588069087,0.00332010314267746));
#3825=CARTESIAN_POINT('',(-0.0135774035185235,0.0134552468165145,0.00311783306166808));
#3826=CARTESIAN_POINT('',(-0.013260506028473,0.0131412004719135,0.00304506263319173));
#3827=CARTESIAN_POINT('',(-0.0175169079273179,0.0176792943389221,0.00411792790808528));
#3828=CARTESIAN_POINT('',(-0.0174869745846917,0.0176490835062208,0.00411089108700395));
#3829=CARTESIAN_POINT('',(-0.0168984776963188,0.0170551310946277,0.00397254545143246));
#3830=CARTESIAN_POINT('',(-0.0157514172621992,0.0158974371041429,0.00370289100137081));
#3831=CARTESIAN_POINT('',(-0.0143204135867907,0.0144531676427403,0.00336648631191375));
#3832=CARTESIAN_POINT('',(-0.0134479734571289,0.0135726397602295,0.00316139043694686));
#3833=CARTESIAN_POINT('',(-0.0131340968732139,0.0132558534566105,0.00308760337647012));
#3834=CARTESIAN_POINT('',(-0.0173622110616733,0.0178217339670251,0.00416355190082053));
#3835=CARTESIAN_POINT('',(-0.0173325420690284,0.0177912797298251,0.00415643711628742));
#3836=CARTESIAN_POINT('',(-0.0167492423663946,0.0171925419258405,0.00401655870005217));
#3837=CARTESIAN_POINT('',(-0.0156123119537719,0.0160255205550711,0.00374391665211478));
#3838=CARTESIAN_POINT('',(-0.0141939458845111,0.0145696148144699,0.00340378481506057));
#3839=CARTESIAN_POINT('',(-0.0133292105252393,0.0136819926406534,0.00319641660970849));
#3840=CARTESIAN_POINT('',(-0.0130181058759563,0.0133626540336216,0.00312181203605856));
#3841=CARTESIAN_POINT('',(-0.0172214359046193,0.0179533049574257,0.00419917670292867));
#3842=CARTESIAN_POINT('',(-0.0171920074721821,0.0179226258883347,0.0041920010418178));
#3843=CARTESIAN_POINT('',(-0.0166134372424798,0.0173194678339969,0.00405092577707044));
#3844=CARTESIAN_POINT('',(-0.0154857252155125,0.0161438307944124,0.00377595090868658));
#3845=CARTESIAN_POINT('',(-0.0140788594503001,0.014677176663078,0.00343290878501307));
#3846=CARTESIAN_POINT('',(-0.0132211354823527,0.0137830015169903,0.00322376626497605));
#3847=CARTESIAN_POINT('',(-0.0129125533116703,0.0134613053561494,0.00314852334857551));
#3848=CARTESIAN_POINT('',(-0.0170945877698522,0.0180736300988044,0.00422592597642202));
#3849=CARTESIAN_POINT('',(-0.017065376098769,0.0180427454150183,0.00421870460546488));
#3850=CARTESIAN_POINT('',(-0.0164910674506721,0.0174355449251326,0.00407673067388189));
#3851=CARTESIAN_POINT('',(-0.0153716618255616,0.0162520286291475,0.00380000418167306));
#3852=CARTESIAN_POINT('',(-0.0139751586282078,0.0147755448109602,0.00345477683736343));
#3853=CARTESIAN_POINT('',(-0.0131237524078676,0.0138753767988723,0.00324430205367967));
#3854=CARTESIAN_POINT('',(-0.0128174431645411,0.0135515245928839,0.00316857983062175));
#3855=CARTESIAN_POINT('',(-0.0169816468132007,0.018182353721545,0.00424493570748593));
#3856=CARTESIAN_POINT('',(-0.0169526281385278,0.018151283248037,0.00423768185221161));
#3857=CARTESIAN_POINT('',(-0.0163821138473937,0.0175404300864617,0.00409506927095219));
#3858=CARTESIAN_POINT('',(-0.0152701039397982,0.0163497942368192,0.00381709796370765));
#3859=CARTESIAN_POINT('',(-0.0138828271952375,0.014864428491274,0.00347031766295539));
#3860=CARTESIAN_POINT('',(-0.0130370460671381,0.013958845433796,0.00325889608818823));
#3861=CARTESIAN_POINT('',(-0.0127327605555001,0.0136330450643852,0.00318283323940617));
#3862=CARTESIAN_POINT('',(-0.0168825657851336,0.0182791444337089,0.00425735285482645));
#3863=CARTESIAN_POINT('',(-0.0168537164226689,0.0182479085617434,0.00425007778081151));
#3864=CARTESIAN_POINT('',(-0.0162865308512469,0.0176338036257587,0.00410704803388548));
#3865=CARTESIAN_POINT('',(-0.0151810090708676,0.0164368296257546,0.00382826361404837));
#3866=CARTESIAN_POINT('',(-0.0138018265239768,0.0149435567846519,0.00348046892288221));
#3867=CARTESIAN_POINT('',(-0.0129609801860431,0.0140331530075686,0.00326842890462715));
#3868=CARTESIAN_POINT('',(-0.0126584700570668,0.0137056182945046,0.00319214355928318));
#3869=CARTESIAN_POINT('',(-0.0167972674855107,0.0183636985897642,0.00426433269988057));
#3870=CARTESIAN_POINT('',(-0.0167685638829734,0.018332318229483,0.00425704569852695));
#3871=CARTESIAN_POINT('',(-0.0162042439876239,0.0177153726176242,0.00411378145718485));
#3872=CARTESIAN_POINT('',(-0.0151043077994623,0.0165128617541878,0.00383453997585429));
#3873=CARTESIAN_POINT('',(-0.0137320935018065,0.0150126814549544,0.00348617508223188));
#3874=CARTESIAN_POINT('',(-0.0128954954969629,0.0140980664072988,0.00327378742859794));
#3875=CARTESIAN_POINT('',(-0.0125945137849316,0.0137690166112207,0.00319737701495248));
#3876=CARTESIAN_POINT('',(-0.0167256403393571,0.0184357429129594,0.00426704453778951));
#3877=CARTESIAN_POINT('',(-0.0166970591351287,0.0184042394414864,0.00425975290237755));
#3878=CARTESIAN_POINT('',(-0.0161351456206776,0.0177848734332767,0.00411639755430715));
#3879=CARTESIAN_POINT('',(-0.0150398997960037,0.0165776448883303,0.00383697849357833));
#3880=CARTESIAN_POINT('',(-0.0136735369140105,0.0150715790931115,0.00348839206256867));
#3881=CARTESIAN_POINT('',(-0.0128405063422399,0.0141533758346295,0.00327586934421745));
#3882=CARTESIAN_POINT('',(-0.0125408080806922,0.0138230351128842,0.00319941033852466));
#3883=CARTESIAN_POINT('',(-0.0166675419520211,0.0184950414607143,0.00426663968479619));
#3884=CARTESIAN_POINT('',(-0.0166390600278107,0.0184634366583584,0.00425934874120743));
#3885=CARTESIAN_POINT('',(-0.0160790983829651,0.0178420784600325,0.00411600699455161));
#3886=CARTESIAN_POINT('',(-0.0149876570174844,0.0166309668657368,0.00383661444482873));
#3887=CARTESIAN_POINT('',(-0.013626040350186,0.0151200568114663,0.00348806108735717));
#3888=CARTESIAN_POINT('',(-0.0127959034035228,0.0141989001531658,0.00327555853295266));
#3889=CARTESIAN_POINT('',(-0.0124972461774948,0.0138674968908352,0.0031991067816152));
#3890=CARTESIAN_POINT('',(-0.0166227805924559,0.0185413863907075,0.00426433637377044));
#3891=CARTESIAN_POINT('',(-0.0165943751576075,0.0185097023929437,0.00425704936613878));
#3892=CARTESIAN_POINT('',(-0.0160359173124584,0.0178867871933933,0.00411378500136893));
#3893=CARTESIAN_POINT('',(-0.0149474070570085,0.0166726407920564,0.00383454327946087));
#3894=CARTESIAN_POINT('',(-0.0135894470664661,0.0151579446948705,0.00348617808570844));
#3895=CARTESIAN_POINT('',(-0.0127615394862244,0.0142344797994713,0.00327379024909421));
#3896=CARTESIAN_POINT('',(-0.0124636843162835,0.0139022461058587,0.00319737976961817));
#3897=CARTESIAN_POINT('',(-0.0165797383518498,0.0185866339021627,0.00426005879973532));
#3898=CARTESIAN_POINT('',(-0.0165514064686888,0.018554872584288,0.00425277910173214));
#3899=CARTESIAN_POINT('',(-0.0159943946678284,0.0179304372523142,0.00410965844605866));
#3900=CARTESIAN_POINT('',(-0.0149087029492687,0.0167133279062414,0.00383069683271486));
#3901=CARTESIAN_POINT('',(-0.013554259195996,0.0151949354172344,0.00348268108557661));
#3902=CARTESIAN_POINT('',(-0.0127284953604227,0.0142692169423265,0.00327050629610867));
#3903=CARTESIAN_POINT('',(-0.0124314114425488,0.0139361724815177,0.00319417246431105));
#3904=CARTESIAN_POINT('',(-0.0165292188121203,0.0186408231763181,0.00425177000507472));
#3905=CARTESIAN_POINT('',(-0.0165009732580477,0.0186089692584185,0.00424450447117697));
#3906=CARTESIAN_POINT('',(-0.0159456587083264,0.0179827133871489,0.00410166228530457));
#3907=CARTESIAN_POINT('',(-0.0148632751629565,0.0167620555625091,0.00382324344745752));
#3908=CARTESIAN_POINT('',(-0.0135129584877808,0.0152392362048558,0.00347590483441583));
#3909=CARTESIAN_POINT('',(-0.0126897108082537,0.0143108188005726,0.0032641428733488));
#3910=CARTESIAN_POINT('',(-0.0123935321243752,0.0139768033496594,0.00318795756425642));
#3911=CARTESIAN_POINT('',(-0.0164445188488226,0.0187296513686497,0.00424399127902351));
#3912=CARTESIAN_POINT('',(-0.0164164180322249,0.0186976456588513,0.00423673903761283));
#3913=CARTESIAN_POINT('',(-0.0158639490569082,0.0180684055214655,0.00409415818531001));
#3914=CARTESIAN_POINT('',(-0.0147871119228727,0.0168419309564924,0.00381624872211505));
#3915=CARTESIAN_POINT('',(-0.0134437146172163,0.0153118549831033,0.00346954557428306));
#3916=CARTESIAN_POINT('',(-0.0126246854702789,0.0143790134373017,0.00325817103734321));
#3917=CARTESIAN_POINT('',(-0.0123300244820604,0.0140434063190874,0.00318212511129551));
#3918=CARTESIAN_POINT('',(-0.0163339471261206,0.0188425519205782,0.00424308565557794));
#3919=CARTESIAN_POINT('',(-0.0163060352573254,0.018810353283414,0.00423583496171989));
#3920=CARTESIAN_POINT('',(-0.0157572810423433,0.0181773201464999,0.00409328453468287));
#3921=CARTESIAN_POINT('',(-0.0146876844811742,0.016943452509836,0.00381543437446689));
#3922=CARTESIAN_POINT('',(-0.0133533200791695,0.0154041533844252,0.0034688052094682));
#3923=CARTESIAN_POINT('',(-0.0125397980233518,0.0144656887587642,0.00325747577764848));
#3924=CARTESIAN_POINT('',(-0.0122471183137211,0.0141280586328531,0.00318144607900772));
#3925=CARTESIAN_POINT('',(-0.0162025574076692,0.0189706075701765,0.00426044918383013));
#3926=CARTESIAN_POINT('',(-0.016174870061003,0.018938190108226,0.00425316881872858));
#3927=CARTESIAN_POINT('',(-0.0156305300063734,0.0183008548221175,0.00411003504773668));
#3928=CARTESIAN_POINT('',(-0.0145695372437806,0.0170586017118512,0.00383104787085443));
#3929=CARTESIAN_POINT('',(-0.0132459064239124,0.0155088413734231,0.00348300023218162));
#3930=CARTESIAN_POINT('',(-0.0124389283120075,0.0145639988591528,0.00327080599939917));
#3931=CARTESIAN_POINT('',(-0.0121486029080659,0.0142240741690405,0.00319446517250706));
#3932=CARTESIAN_POINT('',(-0.0160715784736918,0.0190911410314836,0.00429928216123239));
#3933=CARTESIAN_POINT('',(-0.0160441149471954,0.0190585175988554,0.00429193543734066));
#3934=CARTESIAN_POINT('',(-0.0155041752522303,0.0184171328784965,0.00414749703619016));
#3935=CARTESIAN_POINT('',(-0.0144517593887964,0.0171669868704068,0.00386596695778088));
#3936=CARTESIAN_POINT('',(-0.0131388285929679,0.0156073798269062,0.00351474694795558));
#3937=CARTESIAN_POINT('',(-0.0123383739656081,0.0146565340711365,0.00330061861538904));
#3938=CARTESIAN_POINT('',(-0.012050395506717,0.0143144496030976,0.00322358196008127));
#3939=CARTESIAN_POINT('',(-0.0159364888533796,0.0192059979061354,0.00436792242844149));
#3940=CARTESIAN_POINT('',(-0.0159092561714996,0.0191731782031268,0.0043604584102964));
#3941=CARTESIAN_POINT('',(-0.015373854938547,0.0185279347587499,0.00421371397523642));
#3942=CARTESIAN_POINT('',(-0.0143302851545218,0.0172702675730045,0.00392768912326154));
#3943=CARTESIAN_POINT('',(-0.0130283901958386,0.0157012775601777,0.00357086170400844));
#3944=CARTESIAN_POINT('',(-0.012234663788228,0.0147447112887194,0.00335331470167025));
#3945=CARTESIAN_POINT('',(-0.0119491059316899,0.0144005687586295,0.00327504811624696));
#3946=CARTESIAN_POINT('',(-0.0157961676441368,0.0193109417684178,0.00448262318274806));
#3947=CARTESIAN_POINT('',(-0.0157691747467467,0.0192779427346393,0.00447496316100506));
#3948=CARTESIAN_POINT('',(-0.0152384877359248,0.0186291736031569,0.00432436524693591));
#3949=CARTESIAN_POINT('',(-0.014204106611671,0.0173646343739704,0.0040308294405406));
#3950=CARTESIAN_POINT('',(-0.0129136748728093,0.0157870712126599,0.00366463180585532));
#3951=CARTESIAN_POINT('',(-0.0121269372473796,0.0148252781490534,0.00344137206349619));
#3952=CARTESIAN_POINT('',(-0.0118438937353817,0.0144792551831507,0.00336105021346321));
#3953=CARTESIAN_POINT('',(-0.0156750457942748,0.0193816424283916,0.00464172490234604));
#3954=CARTESIAN_POINT('',(-0.0156482598730159,0.0193485225795076,0.00463379300349409));
#3955=CARTESIAN_POINT('',(-0.0151216420639077,0.0186973781932956,0.0044778499185017));
#3956=CARTESIAN_POINT('',(-0.0140951923669504,0.0174282092697557,0.00417389564736887));
#3957=CARTESIAN_POINT('',(-0.0128146554002165,0.0158448703799493,0.00379470056208024));
#3958=CARTESIAN_POINT('',(-0.0120339503213319,0.0148795560274708,0.00356351666293206));
#3959=CARTESIAN_POINT('',(-0.0117530771302965,0.0145322662123203,0.00348034394992431));
#3960=CARTESIAN_POINT('',(-0.0155663010056885,0.019402143896641,0.00491444698457303));
#3961=CARTESIAN_POINT('',(-0.0155397009103202,0.019368989014321,0.00490604905121528));
#3962=CARTESIAN_POINT('',(-0.015016736483988,0.0187171558621281,0.00474094361305833));
#3963=CARTESIAN_POINT('',(-0.013997407726692,0.0174466444400623,0.00441913067010218));
#3964=CARTESIAN_POINT('',(-0.0127257544164113,0.0158616307297602,0.00401765617890178));
#3965=CARTESIAN_POINT('',(-0.0119504654370945,0.0148952952893311,0.00377288919250059));
#3966=CARTESIAN_POINT('',(-0.0116715407887415,0.0145476381187748,0.00368482971089859));
#3967=CARTESIAN_POINT('',(-0.0154820415138631,0.019402143896641,0.0051737710354149));
#3968=CARTESIAN_POINT('',(-0.0154555854032807,0.019368989014321,0.00516492996245185));
#3969=CARTESIAN_POINT('',(-0.0149354517533024,0.0187171558621281,0.00499111229051289));
#3970=CARTESIAN_POINT('',(-0.0139216405639284,0.0174466444400623,0.00465231801959803));
#3971=CARTESIAN_POINT('',(-0.012656870639859,0.0158616307297602,0.00422965864397532));
#3972=CARTESIAN_POINT('',(-0.0118857782551854,0.0148952952893311,0.00397197586732851));
#3973=CARTESIAN_POINT('',(-0.0116083634099075,0.0145476381187748,0.00387926968965761));
#3974=CARTESIAN_POINT('',(-0.0154097158779716,0.0193816424283916,0.00545832641767256));
#3975=CARTESIAN_POINT('',(-0.0153833833592953,0.0193485225795076,0.00544899908915638));
#3976=CARTESIAN_POINT('',(-0.0148656795566308,0.0186973781932956,0.00526562151328213));
#3977=CARTESIAN_POINT('',(-0.0138566044699781,0.0174282092697557,0.00490819369004983));
#3978=CARTESIAN_POINT('',(-0.0125977430230906,0.0158448703799493,0.0044622882141703));
#3979=CARTESIAN_POINT('',(-0.0118302528601913,0.0148795560274708,0.00419043298564883));
#3980=CARTESIAN_POINT('',(-0.0115541339812802,0.0145322662123203,0.00409262800448542));
#3981=CARTESIAN_POINT('',(-0.015414187868506,0.0193109417684178,0.00565823604974082));
#3982=CARTESIAN_POINT('',(-0.0153878477079772,0.0192779427346393,0.00564856711050568));
#3983=CARTESIAN_POINT('',(-0.0148699936646124,0.0186291736031569,0.00545847338376074));
#3984=CARTESIAN_POINT('',(-0.0138606257384115,0.0173646343739704,0.00508795486950601));
#3985=CARTESIAN_POINT('',(-0.0126013989624992,0.0157870712126599,0.0046257182340733));
#3986=CARTESIAN_POINT('',(-0.011833686069423,0.0148252781490534,0.0043439063861504));
#3987=CARTESIAN_POINT('',(-0.0115574870591829,0.0144792551831507,0.00424251932573729));
#3988=CARTESIAN_POINT('',(-0.0154602906996465,0.0192059979061354,0.00583350964661926));
#3989=CARTESIAN_POINT('',(-0.0154338717574146,0.0191731782031268,0.00582354119535548));
#3990=CARTESIAN_POINT('',(-0.0149144688463624,0.0185279347587499,0.00562755898836021));
#3991=CARTESIAN_POINT('',(-0.0139020819664898,0.0172702675730045,0.00524556302563345));
#3992=CARTESIAN_POINT('',(-0.0126390889253735,0.0157012775601777,0.00476900781512027));
#3993=CARTESIAN_POINT('',(-0.0118690798530775,0.0147447112887194,0.00447846636033859));
#3994=CARTESIAN_POINT('',(-0.0115920547496019,0.0144005687586295,0.0043739386612884));
#3995=CARTESIAN_POINT('',(-0.0155292347614638,0.0190911410314836,0.00596844447584717));
#3996=CARTESIAN_POINT('',(-0.0155026980058465,0.0190585175988554,0.00595824544447803));
#3997=CARTESIAN_POINT('',(-0.0149809788546211,0.0184171328784965,0.00575772997582133));
#3998=CARTESIAN_POINT('',(-0.0139640773077876,0.0171669868704068,0.00536689806987706));
#3999=CARTESIAN_POINT('',(-0.0126954520394387,0.0156073798269062,0.00487931966752163));
#4000=CARTESIAN_POINT('',(-0.011922009166698,0.0146565340711365,0.00458205770245377));
#4001=CARTESIAN_POINT('',(-0.0116437486895654,0.0143144496030976,0.00447511217467349));
#4002=CARTESIAN_POINT('',(-0.0156123734935369,0.0189706075701765,0.00607684850026067));
#4003=CARTESIAN_POINT('',(-0.0155856946683168,0.018938190108226,0.00606646422530755));
#4004=CARTESIAN_POINT('',(-0.0150611823937085,0.0183008548221175,0.00586230682216565));
#4005=CARTESIAN_POINT('',(-0.014038836669712,0.0170586017118512,0.00546437629083499));
#4006=CARTESIAN_POINT('',(-0.0127634195730531,0.0155088413734231,0.00496794206997503));
#4007=CARTESIAN_POINT('',(-0.0119858359257823,0.0145639988591528,0.00466528097730386));
#4008=CARTESIAN_POINT('',(-0.0117060857278998,0.0142240741690405,0.00455639301282146));
#4009=CARTESIAN_POINT('',(-0.0157084639828158,0.0188425519205782,0.00616812482850757));
#4010=CARTESIAN_POINT('',(-0.0156816209556971,0.018810353283414,0.00615758457821803));
#4011=CARTESIAN_POINT('',(-0.0151538804313214,0.0181773201464999,0.00595036066154656));
#4012=CARTESIAN_POINT('',(-0.0141252424096885,0.016943452509836,0.00554645307849317));
#4013=CARTESIAN_POINT('',(-0.0128419754205771,0.0154041533844252,0.00504256224704069));
#4014=CARTESIAN_POINT('',(-0.0120596059287227,0.0144656887587642,0.00473535508197014));
#4015=CARTESIAN_POINT('',(-0.0117781339341254,0.0141280586328531,0.00462483158328151));
#4016=CARTESIAN_POINT('',(-0.0157984506976846,0.0187296513686497,0.00623238459167445));
#4017=CARTESIAN_POINT('',(-0.0157714538989539,0.0186976456588513,0.00622173453264948));
#4018=CARTESIAN_POINT('',(-0.0152406901868149,0.0180684055214655,0.00601235174919466));
#4019=CARTESIAN_POINT('',(-0.0142061595612676,0.0168419309564924,0.00560423624130999));
#4020=CARTESIAN_POINT('',(-0.0129155413135751,0.0153118549831033,0.00509509585567511));
#4021=CARTESIAN_POINT('',(-0.0121286899792909,0.0143790134373017,0.00478468819447008));
#4022=CARTESIAN_POINT('',(-0.0118456055584151,0.0140434063190874,0.00467301325769491));
#4023=CARTESIAN_POINT('',(-0.0158715466278699,0.0186408231763181,0.00627587685940053));
#4024=CARTESIAN_POINT('',(-0.0158444249209344,0.0186089692584185,0.00626515247967029));
#4025=CARTESIAN_POINT('',(-0.0153112054827252,0.0179827133871489,0.00605430853284512));
#4026=CARTESIAN_POINT('',(-0.0142718883132422,0.0167620555625091,0.00564334501892504));
#4027=CARTESIAN_POINT('',(-0.0129752986609396,0.0152392362048558,0.00513065163208549));
#4028=CARTESIAN_POINT('',(-0.0121848067399107,0.0143108188005726,0.00481807781234086));
#4029=CARTESIAN_POINT('',(-0.0119004125501556,0.0139768033496594,0.00470562355969115));
#4030=CARTESIAN_POINT('',(-0.0159172898253197,0.0185866339021627,0.00629886572406279));
#4031=CARTESIAN_POINT('',(-0.0158900899512324,0.018554872584288,0.00628810206036957));
#4032=CARTESIAN_POINT('',(-0.0153553337275657,0.0179304372523142,0.00607648578115691));
#4033=CARTESIAN_POINT('',(-0.0143130211543196,0.0167133279062414,0.00566401688642483));
#4034=CARTESIAN_POINT('',(-0.0130126946162636,0.0151949354172344,0.00514944547693643));
#4035=CARTESIAN_POINT('',(-0.012219924427787,0.0142692169423265,0.00483572668296747));
#4036=CARTESIAN_POINT('',(-0.0119347105888899,0.0139361724815177,0.00472286050451795));
#4037=CARTESIAN_POINT('',(-0.0159546260243795,0.0185413863907075,0.00632070468822757));
#4038=CARTESIAN_POINT('',(-0.0159273623492353,0.0185097023929437,0.0063099037055509));
#4039=CARTESIAN_POINT('',(-0.0153913517810769,0.0178867871933933,0.00609755372593236));
#4040=CARTESIAN_POINT('',(-0.0143465943199042,0.0166726407920564,0.00568365474937193));
#4041=CARTESIAN_POINT('',(-0.0130432176865744,0.0151579446948705,0.0051672992557223));
#4042=CARTESIAN_POINT('',(-0.012248587946259,0.0142344797994713,0.00485249275901456));
#4043=CARTESIAN_POINT('',(-0.0119627050989578,0.0139022461058587,0.0047392352592487));
#4044=CARTESIAN_POINT('',(-0.0159921925772115,0.0184950414607143,0.00634515133748942));
#4045=CARTESIAN_POINT('',(-0.015964864707376,0.0184634366583584,0.00633430857974997));
#4046=CARTESIAN_POINT('',(-0.0154275920557757,0.0178420784600325,0.00612113729210826));
#4047=CARTESIAN_POINT('',(-0.0143803746224105,0.0166309668657368,0.00570563747456429));
#4048=CARTESIAN_POINT('',(-0.0130739290755831,0.0151200568114663,0.00518728486789161));
#4049=CARTESIAN_POINT('',(-0.0122774283105205,0.0141989001531658,0.00487126079112121));
#4050=CARTESIAN_POINT('',(-0.0119908723272229,0.0138674968908352,0.00475756524425306));
#4051=CARTESIAN_POINT('',(-0.0160394331265308,0.0184357429129594,0.00637897317979564));
#4052=CARTESIAN_POINT('',(-0.0160120245308301,0.0184042394414864,0.0063680726264225));
#4053=CARTESIAN_POINT('',(-0.0154731647888372,0.0177848734332767,0.00615376506238778));
#4054=CARTESIAN_POINT('',(-0.014422853900552,0.0165776448883303,0.00573605048769149));
#4055=CARTESIAN_POINT('',(-0.0131125491452396,0.0150715790931115,0.00521493488307135));
#4056=CARTESIAN_POINT('',(-0.0123136955362195,0.0141533758346295,0.00489722628911277));
#4057=CARTESIAN_POINT('',(-0.0120262930734915,0.0138230351128842,0.00478292470581577));
#4058=CARTESIAN_POINT('',(-0.0160957867266982,0.0183636985897642,0.00642326848292285));
#4059=CARTESIAN_POINT('',(-0.0160682818325167,0.018332318229483,0.00641229223659689));
#4060=CARTESIAN_POINT('',(-0.0155275288386733,0.0177153726176242,0.00619649653046723));
#4061=CARTESIAN_POINT('',(-0.0144735277451681,0.0165128617541878,0.00577588136453387));
#4062=CARTESIAN_POINT('',(-0.0131586193115526,0.0150126814549544,0.00525114715657109));
#4063=CARTESIAN_POINT('',(-0.012356958977599,0.0140980664072988,0.00493123240841202));
#4064=CARTESIAN_POINT('',(-0.0120685467433072,0.0137690166112207,0.00481613712005664));
#4065=CARTESIAN_POINT('',(-0.0161606918506983,0.0182791444337089,0.0064790523787537));
#4066=CARTESIAN_POINT('',(-0.0161330760449722,0.0182479085617434,0.00646798080747234));
#4067=CARTESIAN_POINT('',(-0.0155901425028453,0.0176338036257587,0.00625031098924173));
#4068=CARTESIAN_POINT('',(-0.0145318912243177,0.0164368296257546,0.00582604292406188));
#4069=CARTESIAN_POINT('',(-0.0132116805152445,0.0149435567846519,0.00529675157848704));
#4070=CARTESIAN_POINT('',(-0.0124067875425722,0.0140331530075686,0.00497405847986145));
#4071=CARTESIAN_POINT('',(-0.0121172123063005,0.0137056182945046,0.00485796362818511));
#4072=CARTESIAN_POINT('',(-0.0162335514701424,0.018182353721545,0.00654733642905365));
#4073=CARTESIAN_POINT('',(-0.0162058111600254,0.018151283248037,0.00653614817223156));
#4074=CARTESIAN_POINT('',(-0.0156604298309084,0.0175404300864617,0.00631618428753136));
#4075=CARTESIAN_POINT('',(-0.0145974074827916,0.0163497942368192,0.00588744477495306));
#4076=CARTESIAN_POINT('',(-0.0132712446739731,0.014864428491274,0.00535257512027501));
#4077=CARTESIAN_POINT('',(-0.0124627228841545,0.013958845433796,0.00502648109347507));
#4078=CARTESIAN_POINT('',(-0.0121718421133358,0.0136330450643852,0.00490916269455324));
#4079=CARTESIAN_POINT('',(-0.0163137489838651,0.0180736300988045,0.00662910065324245));
#4080=CARTESIAN_POINT('',(-0.0162858716301747,0.0180427454150183,0.00661777267561189));
#4081=CARTESIAN_POINT('',(-0.0157377959906534,0.0174355449251326,0.00639506184540538));
#4082=CARTESIAN_POINT('',(-0.0146695220653011,0.0162520286291475,0.00596096816262292));
#4083=CARTESIAN_POINT('',(-0.0133368077042696,0.0147755448109602,0.00541941896690849));
#4084=CARTESIAN_POINT('',(-0.0125242916290691,0.0138753767988723,0.00508925262377003));
#4085=CARTESIAN_POINT('',(-0.0122319738396996,0.0135515245928839,0.00497046913320751));
#4086=CARTESIAN_POINT('',(-0.0164006484521275,0.0179533049574257,0.00672530073298263));
#4087=CARTESIAN_POINT('',(-0.0163726226023915,0.0179226258883347,0.00671380836618251));
#4088=CARTESIAN_POINT('',(-0.0158216274940412,0.0173194678339969,0.00648786560441461));
#4089=CARTESIAN_POINT('',(-0.0147476631270766,0.0161438307944124,0.00604747244767893));
#4090=CARTESIAN_POINT('',(-0.013407849713005,0.014677176663078,0.00549806440677024));
#4091=CARTESIAN_POINT('',(-0.0125910055575478,0.0137830015169903,0.00516310676082935));
#4092=CARTESIAN_POINT('',(-0.012297130660705,0.0134613053561494,0.00504259950985624));
#4093=CARTESIAN_POINT('',(-0.016493598213275,0.0178217339670251,0.00683686736451487));
#4094=CARTESIAN_POINT('',(-0.0164654135285975,0.0177912797298251,0.00682518434978642));
#4095=CARTESIAN_POINT('',(-0.0159112956861758,0.0171925419258405,0.00659549340279225));
#4096=CARTESIAN_POINT('',(-0.0148312446860099,0.0160255205550711,0.00614779452353238));
#4097=CARTESIAN_POINT('',(-0.0134838379540775,0.0145696148144699,0.0055892723021737));
#4098=CARTESIAN_POINT('',(-0.0126623643798894,0.0136819926406534,0.00524875801308072));
#4099=CARTESIAN_POINT('',(-0.0123668239634454,0.0133626540336216,0.00512625165625345));
#4100=CARTESIAN_POINT('',(-0.0165919334964775,0.0176792943389221,0.00696470648619068));
#4101=CARTESIAN_POINT('',(-0.0165635807739398,0.0176490835062208,0.00695280501668436));
#4102=CARTESIAN_POINT('',(-0.0160061592658014,0.0170551310946277,0.0067188191949537));
#4103=CARTESIAN_POINT('',(-0.0149196689720623,0.0158974371041429,0.00626274902099871));
#4104=CARTESIAN_POINT('',(-0.013564228964379,0.0144531676427403,0.00569378327537546));
#4105=CARTESIAN_POINT('',(-0.0127378577422963,0.0135726397602295,0.00534690188197655));
#4106=CARTESIAN_POINT('',(-0.0124405553058144,0.0132558534566105,0.00522210484080197));
#4107=CARTESIAN_POINT('',(-0.0166949780523561,0.0175263819768529,0.00710970287109282));
#4108=CARTESIAN_POINT('',(-0.0166664492446321,0.0174964324447273,0.00709755362803612));
#4109=CARTESIAN_POINT('',(-0.0161055658583614,0.0169076172668084,0.00685869651728035));
#4110=CARTESIAN_POINT('',(-0.0150123278935441,0.0157599364430962,0.00639313153882551));
#4111=CARTESIAN_POINT('',(-0.0136484698968638,0.0143281588069087,0.00581232064561248));
#4112=CARTESIAN_POINT('',(-0.0128169664787301,0.0134552468165145,0.00545821762009851));
#4113=CARTESIAN_POINT('',(-0.012517817639143,0.0131412004719135,0.0053308224622836));
#4114=CARTESIAN_POINT('',(-0.0168020493306907,0.0173634068559888,0.00727271815731503));
#4115=CARTESIAN_POINT('',(-0.0167733375568135,0.0173337358199398,0.0072602903495461));
#4116=CARTESIAN_POINT('',(-0.0162088570109074,0.0167503959434787,0.00701595658793979));
#4117=CARTESIAN_POINT('',(-0.0151086076929724,0.0156133872266055,0.0065397168724961));
#4118=CARTESIAN_POINT('',(-0.0137360027534262,0.0141949234696668,0.00594558881881732));
#4119=CARTESIAN_POINT('',(-0.0128991665859088,0.0133301285531402,0.00558336671897592));
#4120=CARTESIAN_POINT('',(-0.0125980991904203,0.0130190024770257,0.00545305057297191));
#4121=CARTESIAN_POINT('',(-0.0169124589951827,0.0171907904640912,0.0074545969970805));
#4122=CARTESIAN_POINT('',(-0.0168835585504321,0.0171614143993706,0.00744185839007407));
#4123=CARTESIAN_POINT('',(-0.0163153686886884,0.0165838737318758,0.00719141423891117));
#4124=CARTESIAN_POINT('',(-0.0152078894099517,0.0154581684616067,0.0067032645435918));
#4125=CARTESIAN_POINT('',(-0.0138262648057281,0.0140538062054732,0.0060942783146424));
#4126=CARTESIAN_POINT('',(-0.0129839296184976,0.013197608552114,0.00572299762984947));
#4127=CARTESIAN_POINT('',(-0.0126808838482602,0.0128895755015289,0.00558942248921302));
#4128=CARTESIAN_POINT('',(-0.0170255155413344,0.017008962843387,0.0076561679398431));
#4129=CARTESIAN_POINT('',(-0.0169964219026511,0.0169798974903795,0.00764308488322729));
#4130=CARTESIAN_POINT('',(-0.0164244338006074,0.0164084654916891,0.00738586876790871));
#4131=CARTESIAN_POINT('',(-0.0153095512352035,0.0152946668473158,0.00688451959388735));
#4132=CARTESIAN_POINT('',(-0.0139186907353673,0.0139051585822289,0.00625906648841238));
#4133=CARTESIAN_POINT('',(-0.0130707246988914,0.013058016962825,0.00587774644164019));
#4134=CARTESIAN_POINT('',(-0.0127656531257759,0.0127532419891041,0.00574055945357077));
#4135=CARTESIAN_POINT('',(-0.0171405250012641,0.0168183602295403,0.00787824839863919));
#4136=CARTESIAN_POINT('',(-0.0171112348314588,0.0167896205831797,0.00786478584522569));
#4137=CARTESIAN_POINT('',(-0.0165353828791521,0.016224592057387,0.00760010872939764));
#4138=CARTESIAN_POINT('',(-0.0154129691443442,0.0151232746521622,0.00708421705115505));
#4139=CARTESIAN_POINT('',(-0.0140127132100769,0.0137493372310901,0.00644062159121363));
#4140=CARTESIAN_POINT('',(-0.013159019058311,0.0129116886894502,0.00604824069368677));
#4141=CARTESIAN_POINT('',(-0.0128518866890464,0.0126103290272424,0.00590707435857445));
#4142=CARTESIAN_POINT('',(-0.0173004630609623,0.0165446999395592,0.00821307148030983));
#4143=CARTESIAN_POINT('',(-0.0172708995848886,0.016516427930938,0.00819903677260607));
#4144=CARTESIAN_POINT('',(-0.0166896743640316,0.0159605932782759,0.00792311096251439));
#4145=CARTESIAN_POINT('',(-0.0155567873983914,0.014877195981573,0.00738529405003479));
#4146=CARTESIAN_POINT('',(-0.0141434656906317,0.0135256146111465,0.0067143459852575));
#4147=CARTESIAN_POINT('',(-0.0132818057276553,0.0127015958847608,0.00630528902286813));
#4148=CARTESIAN_POINT('',(-0.012971807509462,0.0124051398024159,0.00615812316286668));
#4149=CARTESIAN_POINT('',(-0.0174136055307686,0.016340395965818,0.00848230647845678));
#4150=CARTESIAN_POINT('',(-0.0173838487139335,0.0163124730770797,0.00846781169506615));
#4151=CARTESIAN_POINT('',(-0.0167988223660911,0.0157635022073027,0.00818284068365766));
#4152=CARTESIAN_POINT('',(-0.0156585264872414,0.0146934833564867,0.00762739344423132));
#4153=CARTESIAN_POINT('',(-0.0142359618645329,0.0133585921312923,0.00693445084288996));
#4154=CARTESIAN_POINT('',(-0.0133686667728318,0.0125447488871367,0.00651198446956646));
#4155=CARTESIAN_POINT('',(-0.0130566412121381,0.01225195362402,0.00635999432426081));
#4156=CARTESIAN_POINT('',(-0.017486895160826,0.016203292443696,0.0086711013041167));
#4157=CARTESIAN_POINT('',(-0.0174570131047868,0.0161756038409813,0.00865628390327406));
#4158=CARTESIAN_POINT('',(-0.016869524523346,0.0156312390921297,0.00836497015330106));
#4159=CARTESIAN_POINT('',(-0.0157244294165036,0.0145701981971411,0.00779716005419768));
#4160=CARTESIAN_POINT('',(-0.0142958775653176,0.0132465073301881,0.00708879429195723));
#4161=CARTESIAN_POINT('',(-0.0134249322395332,0.012439492609372,0.00665692487884716));
#4162=CARTESIAN_POINT('',(-0.0131115934391504,0.0121491540346928,0.00650155181486745));
#4163=CARTESIAN_POINT('',(-0.0183122602333435,0.0162601991330658,0.00349713135814148));
#4164=CARTESIAN_POINT('',(-0.0179909201718501,0.016427635968516,0.00363374786482964));
#4165=CARTESIAN_POINT('',(-0.0175028834701557,0.0166824897374243,0.00381136343229766));
#4166=CARTESIAN_POINT('',(-0.0168396144054748,0.0170343674512717,0.0039764760852084));
#4167=CARTESIAN_POINT('',(-0.0163319868156904,0.0173083120200982,0.00405607476014815));
#4168=CARTESIAN_POINT('',(-0.0158232251599545,0.0175905396550876,0.00407305039447881));
#4169=CARTESIAN_POINT('',(-0.0153268206632178,0.0178821288355237,0.00397528546722376));
#4170=CARTESIAN_POINT('',(-0.0148912391509123,0.0181052514119199,0.00411359716551216));
#4171=CARTESIAN_POINT('',(-0.0146541608621968,0.0181871667347268,0.00442079590961217));
#4172=CARTESIAN_POINT('',(-0.0145376088022283,0.0181886705285511,0.00478650046298254));
#4173=CARTESIAN_POINT('',(-0.0143845897039511,0.0181804520475926,0.00527145867341548));
#4174=CARTESIAN_POINT('',(-0.0146943604739918,0.0179108469211883,0.00576375963282058));
#4175=CARTESIAN_POINT('',(-0.015153867832501,0.017617018650414,0.00598553610335421));
#4176=CARTESIAN_POINT('',(-0.0155676732574267,0.0173300980892742,0.0062899793776799));
#4177=CARTESIAN_POINT('',(-0.0159355061025975,0.0170539831457689,0.00665360839040119));
#4178=CARTESIAN_POINT('',(-0.016390789260321,0.0166910610810613,0.00718955931976533));
#4179=CARTESIAN_POINT('',(-0.0166872877570062,0.0164309310674639,0.00762914160872345));
#4180=CARTESIAN_POINT('',(-0.0168704919718347,0.0162601991330675,0.00793443780100014));
#4181=CARTESIAN_POINT('',(0.,0.0191902019685288,0.));
#4182=CARTESIAN_POINT('',(0.,0.0162601991330675,0.));
#4183=CARTESIAN_POINT('',(-0.0183122602333402,0.0162601991330675,-0.00349713135814291));
#4184=CARTESIAN_POINT('',(-0.0184966674442412,0.0162601991330658,-0.0023328300510191));
#4185=CARTESIAN_POINT('',(-0.0183122602333402,0.0162601991330675,-0.00349713135814291));
#4186=CARTESIAN_POINT('',(-0.0172263340348285,0.0153282330917351,-0.00330386138030687));
#4187=CARTESIAN_POINT('',(-0.0161404195802871,0.0143962737752823,-0.00311049298333959));
#4188=CARTESIAN_POINT('',(-0.0150545273336213,0.0134643259709999,-0.00291694450153409));
#4189=CARTESIAN_POINT('',(-0.0152190917430066,0.0134643259709999,-0.00187792571251583));
#4190=CARTESIAN_POINT('',(-0.0163116464102112,0.0143962737752016,-0.00202940932594229));
#4191=CARTESIAN_POINT('',(-0.0174041665499561,0.0153282330923165,-0.0021810710729595));
#4192=CARTESIAN_POINT('',(-0.0184966674442394,0.0162601991330683,-0.00233283005101687));
#4193=CARTESIAN_POINT('',(-0.0193105432553926,0.016203292443696,-0.00284295961518733));
#4194=CARTESIAN_POINT('',(-0.0192775449026034,0.0161756038409813,-0.00283810149270436));
#4195=CARTESIAN_POINT('',(-0.0186287891595383,0.0156312390921297,-0.00274258960817259));
#4196=CARTESIAN_POINT('',(-0.0173642760261975,0.0145701981971411,-0.00255642396159204));
#4197=CARTESIAN_POINT('',(-0.0157867454204959,0.0132465073301881,-0.00232417488685514));
#4198=CARTESIAN_POINT('',(-0.0148249722050701,0.012439492609372,-0.00218257957416704));
#4199=CARTESIAN_POINT('',(-0.0144789563799201,0.0121491540346928,-0.00213163802352773));
#4200=CARTESIAN_POINT('',(-0.0191824998655706,0.016340395965818,-0.00268605280719986));
#4201=CARTESIAN_POINT('',(-0.0191497203166179,0.0163124730770797,-0.00268146281110445));
#4202=CARTESIAN_POINT('',(-0.0185052663108686,0.0157635022073026,-0.0025912223573896));
#4203=CARTESIAN_POINT('',(-0.0172491378483227,0.0146934833564867,-0.00241533144605532));
#4204=CARTESIAN_POINT('',(-0.015682067454104,0.0133585921312923,-0.00219590051364458));
#4205=CARTESIAN_POINT('',(-0.0147266715166819,0.0125447488871367,-0.0020621200388533));
#4206=CARTESIAN_POINT('',(-0.0143829500360565,0.0122519536240199,-0.00201399002168145));
#4207=CARTESIAN_POINT('',(-0.0189916967924838,0.0165446999395592,-0.00246495805375317));
#4208=CARTESIAN_POINT('',(-0.0189592432927279,0.016516427930938,-0.0024607458700568));
#4209=CARTESIAN_POINT('',(-0.0183211994944918,0.0159605932782759,-0.00237793330115923));
#4210=CARTESIAN_POINT('',(-0.0170775653977754,0.014877195981573,-0.00221652034706045));
#4211=CARTESIAN_POINT('',(-0.01552608222363,0.0135256146111465,-0.00201515124417515));
#4212=CARTESIAN_POINT('',(-0.0145801893479649,0.0127015958847608,-0.00189238252649104));
#4213=CARTESIAN_POINT('',(-0.01423988677078,0.0124051398024159,-0.00184821419400815));
#4214=CARTESIAN_POINT('',(-0.0187361206362589,0.0168183602295402,-0.00219594595861838));
#4215=CARTESIAN_POINT('',(-0.0187041038716097,0.0167896205831797,-0.00219219346970649));
#4216=CARTESIAN_POINT('',(-0.0180746463931342,0.016224592057387,-0.00211841861349077));
#4217=CARTESIAN_POINT('',(-0.0168477482008323,0.0151232746521622,-0.00197462138997121));
#4218=CARTESIAN_POINT('',(-0.0153171437354421,0.0137493372310901,-0.00179522861409889));
#4219=CARTESIAN_POINT('',(-0.0143839799838781,0.0129116886894501,-0.00168585820553041));
#4220=CARTESIAN_POINT('',(-0.0140482569461404,0.0126103290272423,-0.00164651016426575));
#4221=CARTESIAN_POINT('',(-0.0185581135040706,0.017008962843387,-0.00202027476877072));
#4222=CARTESIAN_POINT('',(-0.0185264009225854,0.0169798974903795,-0.00201682247130455));
#4223=CARTESIAN_POINT('',(-0.017902923760033,0.0164084654916891,-0.00194894945284644));
#4224=CARTESIAN_POINT('',(-0.0166876820164133,0.0152946668473158,-0.0018166557133964));
#4225=CARTESIAN_POINT('',(-0.0151716194360102,0.0139051585822289,-0.0016516139930516));
#4226=CARTESIAN_POINT('',(-0.0142473214366744,0.013058016962825,-0.00155099299369874));
#4227=CARTESIAN_POINT('',(-0.0139147880184058,0.012753241989104,-0.00151479271533781));
#4228=CARTESIAN_POINT('',(-0.0183883014922574,0.0171907904640911,-0.0018635058042468));
#4229=CARTESIAN_POINT('',(-0.0183568790899039,0.0171614143993706,-0.00186032139761774));
#4230=CARTESIAN_POINT('',(-0.0177391069205486,0.0165838737318758,-0.0017977151789966));
#4231=CARTESIAN_POINT('',(-0.0165349849841916,0.0154581684616067,-0.00167568714838337));
#4232=CARTESIAN_POINT('',(-0.0150327948071853,0.0140538062054732,-0.00152345230955868));
#4233=CARTESIAN_POINT('',(-0.0141169543971808,0.0131976085521139,-0.00143063928272607));
#4234=CARTESIAN_POINT('',(-0.0137874637541781,0.0128895755015289,-0.00139724806788553));
#4235=CARTESIAN_POINT('',(-0.0182270920089756,0.0173634068559888,-0.0017246472111829));
#4236=CARTESIAN_POINT('',(-0.0181959450855319,0.0173337358199398,-0.00172170008968772));
#4237=CARTESIAN_POINT('',(-0.0175835888993901,0.0167503959434787,-0.00166375895524017));
#4238=CARTESIAN_POINT('',(-0.0163900234505504,0.0156133872266055,-0.00155082380784024));
#4239=CARTESIAN_POINT('',(-0.0149010029130744,0.0141949234696668,-0.00140993270375806));
#4240=CARTESIAN_POINT('',(-0.0139931916382963,0.0133301285531402,-0.00132403561262825));
#4241=CARTESIAN_POINT('',(-0.0136665896262162,0.0130190024770256,-0.00129313253445082));
#4242=CARTESIAN_POINT('',(-0.0180748866782219,0.0175263819768529,-0.0016026973055804));
#4243=CARTESIAN_POINT('',(-0.0180439998471605,0.0174964324447273,-0.00159995857521925));
#4244=CARTESIAN_POINT('',(-0.0174367571413153,0.0169076172668084,-0.00154611446179174));
#4245=CARTESIAN_POINT('',(-0.0162531585606862,0.0157599364430962,-0.00144116496529788));
#4246=CARTESIAN_POINT('',(-0.0147765720891212,0.0143281588069087,-0.0013102362794608));
#4247=CARTESIAN_POINT('',(-0.01387634149234,0.0134552468165145,-0.00123041297669008));
#4248=CARTESIAN_POINT('',(-0.0135524667703427,0.0131412004719135,-0.00120169505698571));
#4249=CARTESIAN_POINT('',(-0.0179320791348271,0.0176792943389221,-0.00149664006782428));
#4250=CARTESIAN_POINT('',(-0.0179014363369675,0.0176490835062208,-0.00149408257079774));
#4251=CARTESIAN_POINT('',(-0.0172989913839718,0.0170551310946277,-0.001443801549365));
#4252=CARTESIAN_POINT('',(-0.0161247442758402,0.0158974371041429,-0.00134579700352606));
#4253=CARTESIAN_POINT('',(-0.0146598241394709,0.0144531676427403,-0.00122353242083221));
#4254=CARTESIAN_POINT('',(-0.0137667061582377,0.0135726397602295,-0.00114899136254456));
#4255=CARTESIAN_POINT('',(-0.0134453903321405,0.0132558534566104,-0.0011221738286631));
#4256=CARTESIAN_POINT('',(-0.0177990522618118,0.017821733967025,-0.0014054451117733));
#4257=CARTESIAN_POINT('',(-0.0177686367836929,0.0177912797298251,-0.00140304345103229));
#4258=CARTESIAN_POINT('',(-0.0171706609927871,0.0171925419258405,-0.00135582620935417));
#4259=CARTESIAN_POINT('',(-0.0160051248890943,0.0160255205550711,-0.00126379338673896));
#4260=CARTESIAN_POINT('',(-0.0145510720784542,0.0145696148144698,-0.00114897876712244));
#4261=CARTESIAN_POINT('',(-0.013664579580601,0.0136819926406534,-0.00107897972844303));
#4262=CARTESIAN_POINT('',(-0.0133456473955348,0.0133626540336216,-0.00105379627070072));
#4263=CARTESIAN_POINT('',(-0.0176761758006358,0.0179533049574257,-0.00132806199567114));
#4264=CARTESIAN_POINT('',(-0.0176459702969729,0.0179226258883346,-0.00132579256918844));
#4265=CARTESIAN_POINT('',(-0.0170521226555873,0.0173194678339969,-0.00128117508559707));
#4266=CARTESIAN_POINT('',(-0.015894632876479,0.0161438307944124,-0.00119420954489701));
#4267=CARTESIAN_POINT('',(-0.0144506181769195,0.014677176663078,-0.00108571656172548));
#4268=CARTESIAN_POINT('',(-0.0135702456150828,0.0137830015169903,-0.00101957163566263));
#4269=CARTESIAN_POINT('',(-0.0132535151909687,0.0134613053561493,-0.000995774766708457));
#4270=CARTESIAN_POINT('',(-0.0175638020355823,0.0180736300988044,-0.00126342369546134));
#4271=CARTESIAN_POINT('',(-0.0175337885590983,0.0180427454150182,-0.00126126472456789));
#4272=CARTESIAN_POINT('',(-0.0169437162193437,0.0174355449251326,-0.0012188188250655));
#4273=CARTESIAN_POINT('',(-0.0157935850163187,0.0162520286291475,-0.00113608599695417));
#4274=CARTESIAN_POINT('',(-0.0143587504341337,0.0147755448109602,-0.00103287349168183));
#4275=CARTESIAN_POINT('',(-0.0134839747152193,0.0138753767988723,-0.000969947915018436));
#4276=CARTESIAN_POINT('',(-0.0131692578595753,0.0135515245928839,-0.000947309266963983));
#4277=CARTESIAN_POINT('',(-0.0174622631327595,0.0181823537215449,-0.0012104436918937));
#4278=CARTESIAN_POINT('',(-0.0174324231685632,0.0181512832480369,-0.00120837525459246));
#4279=CARTESIAN_POINT('',(-0.0168457621231197,0.0175404300864617,-0.00116770926781068));
#4280=CARTESIAN_POINT('',(-0.015702279996429,0.0163497942368192,-0.00108844573154835));
#4281=CARTESIAN_POINT('',(-0.0142757404023629,0.014864428491274,-0.000989561306331176));
#4282=CARTESIAN_POINT('',(-0.013406021889544,0.013958845433796,-0.000929274430594557));
#4283=CARTESIAN_POINT('',(-0.0130931244579722,0.0136330450643852,-0.000907585104338485));
#4284=CARTESIAN_POINT('',(-0.0173718685849249,0.0182791444337088,-0.00116801656150882));
#4285=CARTESIAN_POINT('',(-0.017342183089256,0.0182479085617434,-0.00116602062477879));
#4286=CARTESIAN_POINT('',(-0.0167585589331052,0.0176338036257587,-0.00112678001708319));
#4287=CARTESIAN_POINT('',(-0.0156209961164727,0.0164368296257546,-0.001050294738422));
#4288=CARTESIAN_POINT('',(-0.0142018410979678,0.0149435567846519,-0.00095487630045382));
#4289=CARTESIAN_POINT('',(-0.0133366247399448,0.0140331530075686,-0.000896702533451215));
#4290=CARTESIAN_POINT('',(-0.0130253470424035,0.0137056182945045,-0.000875773437414186));
#4291=CARTESIAN_POINT('',(-0.0172929019719795,0.0183636985897642,-0.00113501971021261));
#4292=CARTESIAN_POINT('',(-0.017263351416489,0.018332318229483,-0.00113308015935042));
#4293=CARTESIAN_POINT('',(-0.016682380217481,0.0177153726176242,-0.00109494811170403));
#4294=CARTESIAN_POINT('',(-0.0155499883749554,0.0165128617541878,-0.00102062356727342));
#4295=CARTESIAN_POINT('',(-0.0141372843530435,0.0150126814549544,-0.000927900731501572));
#4296=CARTESIAN_POINT('',(-0.0132760009746492,0.0140980664072987,-0.000871370392513931));
#4297=CARTESIAN_POINT('',(-0.0129661382397724,0.0137690166112207,-0.000851032550310499));
#4298=CARTESIAN_POINT('',(-0.0172256185118864,0.0184357429129593,-0.00111030659367814));
#4299=CARTESIAN_POINT('',(-0.0171961829321023,0.0184042394414864,-0.00110840927322486));
#4300=CARTESIAN_POINT('',(-0.016617472183801,0.0177848734332767,-0.00107110748581862));
#4301=CARTESIAN_POINT('',(-0.0154894862669823,0.0165776448883303,-0.000998401231459417));
#4302=CARTESIAN_POINT('',(-0.0140822788132483,0.0150715790931115,-0.000907697277144178));
#4303=CARTESIAN_POINT('',(-0.0132243465280316,0.0141533758346295,-0.0008523977897819));
#4304=CARTESIAN_POINT('',(-0.0129156894113322,0.0138230351128841,-0.000832502769372584));
#4305=CARTESIAN_POINT('',(-0.0171702385555691,0.0184950414607143,-0.00109273824272299));
#4306=CARTESIAN_POINT('',(-0.0171408976104782,0.0184634366583584,-0.00109087094351951));
#4307=CARTESIAN_POINT('',(-0.0165640474035525,0.0178420784600325,-0.00105415938127823));
#4308=CARTESIAN_POINT('',(-0.0154396879347918,0.0166309668657368,-0.000982603555999149));
#4309=CARTESIAN_POINT('',(-0.0140370046197564,0.0151200568114663,-0.000893334807879657));
#4310=CARTESIAN_POINT('',(-0.0131818305665559,0.0141989001531658,-0.000838910322797967));
#4311=CARTESIAN_POINT('',(-0.0128741657751903,0.0138674968908352,-0.000819330100754077));
#4312=CARTESIAN_POINT('',(-0.0171269562106261,0.0185413863907075,-0.0010810968008861));
#4313=CARTESIAN_POINT('',(-0.017097689227519,0.0185097023929437,-0.00107924939487773));
#4314=CARTESIAN_POINT('',(-0.0165222931314116,0.0178867871933933,-0.00104292893775189));
#4315=CARTESIAN_POINT('',(-0.0154007679223037,0.0166726407920564,-0.000972135429508592));
#4316=CARTESIAN_POINT('',(-0.014001620459312,0.0151579446948705,-0.000883817702318412));
#4317=CARTESIAN_POINT('',(-0.0131486021093207,0.0142344797994713,-0.000829973026245696));
#4318=CARTESIAN_POINT('',(-0.0128417128723298,0.0139022461058587,-0.000810601401290445));
#4319=CARTESIAN_POINT('',(-0.0170846987641501,0.0185866339021627,-0.00107186423172288));
#4320=CARTESIAN_POINT('',(-0.017055503991654,0.018554872584288,-0.00107003260256606));
#4321=CARTESIAN_POINT('',(-0.0164815275739433,0.0179304372523142,-0.00103402232222752));
#4322=CARTESIAN_POINT('',(-0.015362769511018,0.0167133279062414,-0.000963833390707256));
#4323=CARTESIAN_POINT('',(-0.0139670741733369,0.0151949354172343,-0.000876269897110175));
#4324=CARTESIAN_POINT('',(-0.0131161604808705,0.0142692169423264,-0.000822885054694821));
#4325=CARTESIAN_POINT('',(-0.0128100284336188,0.0139361724815176,-0.000803678863461191));
#4326=CARTESIAN_POINT('',(-0.0170340904482772,0.018640823176318,-0.00106413594757267));
#4327=CARTESIAN_POINT('',(-0.0170049821565724,0.0186089692584185,-0.00106231752470651));
#4328=CARTESIAN_POINT('',(-0.0164327059725183,0.0179827133871488,-0.00102656688329475));
#4329=CARTESIAN_POINT('',(-0.0153172618961147,0.0167620555625091,-0.00095688402333741));
#4330=CARTESIAN_POINT('',(-0.0139257008888943,0.0152392362048558,-0.000869951874214447));
#4331=CARTESIAN_POINT('',(-0.0130773077740233,0.0143108188005725,-0.000816951943637075));
#4332=CARTESIAN_POINT('',(-0.0127720825515017,0.0139768033496593,-0.000797884231605291));
#4333=CARTESIAN_POINT('',(-0.0169511322377086,0.0187296513686497,-0.00104536022759023));
#4334=CARTESIAN_POINT('',(-0.0169221657071269,0.0186976456588513,-0.00104357388915709));
#4335=CARTESIAN_POINT('',(-0.016352676581667,0.0180684055214655,-0.00100845403560085));
#4336=CARTESIAN_POINT('',(-0.015242664861329,0.0168419309564924,-0.00094000066692149));
#4337=CARTESIAN_POINT('',(-0.0138578809351278,0.0153118549831033,-0.000854602357241815));
#4338=CARTESIAN_POINT('',(-0.0130136196038048,0.0143790134373016,-0.000802537562685248));
#4339=CARTESIAN_POINT('',(-0.0127098808673599,0.0140434063190873,-0.000783806283251791));
#4340=CARTESIAN_POINT('',(-0.0168456924272796,0.0188425519205782,-0.0010120529852572));
#4341=CARTESIAN_POINT('',(-0.0168169060749568,0.018810353283414,-0.00101032356309609));
#4342=CARTESIAN_POINT('',(-0.0162509592984438,0.0181773201464999,-0.000976322697465944));
#4343=CARTESIAN_POINT('',(-0.0151478520977405,0.016943452509836,-0.000910050388366761));
#4344=CARTESIAN_POINT('',(-0.0137716818353711,0.0154041533844251,-0.000827373037568301));
#4345=CARTESIAN_POINT('',(-0.012932671997192,0.0144656887587642,-0.00077696713023888));
#4346=CARTESIAN_POINT('',(-0.012630822583203,0.014128058632853,-0.000758832666378497));
#4347=CARTESIAN_POINT('',(-0.0167260990046845,0.0189706075701765,-0.000954937632679468));
#4348=CARTESIAN_POINT('',(-0.016697517016677,0.018938190108226,-0.000953305810701282));
#4349=CARTESIAN_POINT('',(-0.0161355880929357,0.0183008548221175,-0.000921223788705514));
#4350=CARTESIAN_POINT('',(-0.0150403122334605,0.0170586017118512,-0.000858691566692168));
#4351=CARTESIAN_POINT('',(-0.0136739118818538,0.0155088413734231,-0.000780680123815363));
#4352=CARTESIAN_POINT('',(-0.0128408584659809,0.0145639988591528,-0.00073311888095614));
#4353=CARTESIAN_POINT('',(-0.0125411519858418,0.0142240741690404,-0.0007160078381145));
#4354=CARTESIAN_POINT('',(-0.0166135306859874,0.0190911410314836,-0.000877530559969775));
#4355=CARTESIAN_POINT('',(-0.016585141057617,0.0190585175988554,-0.000876031013187574));
#4356=CARTESIAN_POINT('',(-0.0160269939717182,0.0184171328784965,-0.00084654955412316));
#4357=CARTESIAN_POINT('',(-0.0149390894282908,0.0171669868704068,-0.000789086182776532));
#4358=CARTESIAN_POINT('',(-0.0135818850876729,0.0156073798269062,-0.000717398333424895));
#4359=CARTESIAN_POINT('',(-0.0127544382045835,0.0146565340711365,-0.000673692396355474));
#4360=CARTESIAN_POINT('',(-0.0124567487790226,0.0143144496030976,-0.000657968371568265));
#4361=CARTESIAN_POINT('',(-0.0165062638313716,0.0192059979061353,-0.00077050479812019));
#4362=CARTESIAN_POINT('',(-0.0164780575033603,0.0191731782031268,-0.000769188139711471));
#4363=CARTESIAN_POINT('',(-0.0159235141476648,0.0185279347587498,-0.000743302311113663));
#4364=CARTESIAN_POINT('',(-0.0148426337642851,0.0172702675730045,-0.000692847312326771));
#4365=CARTESIAN_POINT('',(-0.0134941923436895,0.0157012775601777,-0.000629902687476037));
#4366=CARTESIAN_POINT('',(-0.012672087950778,0.0147447112887194,-0.000591527232814391));
#4367=CARTESIAN_POINT('',(-0.0123763205855507,0.0144005687586295,-0.000577720948341833));
#4368=CARTESIAN_POINT('',(-0.0164082549132952,0.0193109417684178,-0.000618056259985677));
#4369=CARTESIAN_POINT('',(-0.0163802160654428,0.0192779427346393,-0.000617000109558376));
#4370=CARTESIAN_POINT('',(-0.0158289654109227,0.0186291736031569,-0.000596235932036286));
#4371=CARTESIAN_POINT('',(-0.0147545029497347,0.0173646343739704,-0.0005557637274194));
#4372=CARTESIAN_POINT('',(-0.0134140681432386,0.0157870712126599,-0.000505273036749649));
#4373=CARTESIAN_POINT('',(-0.0125968451434102,0.0148252781490533,-0.000474490373174689));
#4374=CARTESIAN_POINT('',(-0.0123028339502498,0.0144792551831507,-0.000463415736694519));
#4375=CARTESIAN_POINT('',(-0.0163422263239083,0.0193816424283916,-0.000429312822810785));
#4376=CARTESIAN_POINT('',(-0.0163143003074071,0.0193485225795076,-0.000428579202021526));
#4377=CARTESIAN_POINT('',(-0.0157652679450398,0.0186973781932956,-0.000414156036619787));
#4378=CARTESIAN_POINT('',(-0.0146951292368065,0.0174282092697557,-0.000386043326605569));
#4379=CARTESIAN_POINT('',(-0.0133600884846998,0.0158448703799493,-0.000350971598770308));
#4380=CARTESIAN_POINT('',(-0.0125461540784592,0.0148795560274708,-0.000329589415547526));
#4381=CARTESIAN_POINT('',(-0.0122533260180846,0.0145322662123202,-0.000321896776937224));
#4382=CARTESIAN_POINT('',(-0.0163230796422596,0.019402143896641,-0.000136334721648339));
#4383=CARTESIAN_POINT('',(-0.0162951863441003,0.019368989014321,-0.000136101749370819));
#4384=CARTESIAN_POINT('',(-0.0157467972323923,0.0187171558621281,-0.000131521457015562));
#4385=CARTESIAN_POINT('',(-0.0146779123071356,0.0174466444400623,-0.00012259384458257));
#4386=CARTESIAN_POINT('',(-0.013344435699336,0.0158616307297602,-0.000111456291735111));
#4387=CARTESIAN_POINT('',(-0.0125314549050849,0.014895295289331,-0.000104666058965389));
#4388=CARTESIAN_POINT('',(-0.0122389699243826,0.0145476381187747,-0.000102223146273402));
#4389=CARTESIAN_POINT('',(-0.0163230796422596,0.019402143896641,0.000136334721648334));
#4390=CARTESIAN_POINT('',(-0.0162951863441003,0.019368989014321,0.000136101749370813));
#4391=CARTESIAN_POINT('',(-0.0157467972323923,0.0187171558621281,0.000131521457015557));
#4392=CARTESIAN_POINT('',(-0.0146779123071356,0.0174466444400623,0.000122593844582565));
#4393=CARTESIAN_POINT('',(-0.013344435699336,0.0158616307297602,0.000111456291735105));
#4394=CARTESIAN_POINT('',(-0.0125314549050849,0.014895295289331,0.000104666058965384));
#4395=CARTESIAN_POINT('',(-0.0122389699243826,0.0145476381187747,0.000102223146273398));
#4396=CARTESIAN_POINT('',(-0.0163422263239083,0.0193816424283916,0.000429312822810779));
#4397=CARTESIAN_POINT('',(-0.0163143003074071,0.0193485225795076,0.00042857920202152));
#4398=CARTESIAN_POINT('',(-0.0157652679450398,0.0186973781932956,0.000414156036619782));
#4399=CARTESIAN_POINT('',(-0.0146951292368065,0.0174282092697557,0.000386043326605564));
#4400=CARTESIAN_POINT('',(-0.0133600884846998,0.0158448703799493,0.000350971598770304));
#4401=CARTESIAN_POINT('',(-0.0125461540784592,0.0148795560274708,0.000329589415547522));
#4402=CARTESIAN_POINT('',(-0.0122533260180846,0.0145322662123202,0.00032189677693722));
#4403=CARTESIAN_POINT('',(-0.0164082549132952,0.0193109417684178,0.000618056259985671));
#4404=CARTESIAN_POINT('',(-0.0163802160654428,0.0192779427346393,0.000617000109558371));
#4405=CARTESIAN_POINT('',(-0.0158289654109227,0.0186291736031569,0.00059623593203628));
#4406=CARTESIAN_POINT('',(-0.0147545029497347,0.0173646343739704,0.000555763727419393));
#4407=CARTESIAN_POINT('',(-0.0134140681432386,0.0157870712126599,0.000505273036749645));
#4408=CARTESIAN_POINT('',(-0.0125968451434102,0.0148252781490533,0.000474490373174684));
#4409=CARTESIAN_POINT('',(-0.0123028339502498,0.0144792551831507,0.000463415736694515));
#4410=CARTESIAN_POINT('',(-0.0165062638313716,0.0192059979061353,0.000770504798120184));
#4411=CARTESIAN_POINT('',(-0.0164780575033603,0.0191731782031268,0.000769188139711465));
#4412=CARTESIAN_POINT('',(-0.0159235141476648,0.0185279347587498,0.000743302311113657));
#4413=CARTESIAN_POINT('',(-0.0148426337642851,0.0172702675730045,0.000692847312326767));
#4414=CARTESIAN_POINT('',(-0.0134941923436895,0.0157012775601777,0.000629902687476032));
#4415=CARTESIAN_POINT('',(-0.012672087950778,0.0147447112887194,0.000591527232814386));
#4416=CARTESIAN_POINT('',(-0.0123763205855507,0.0144005687586295,0.000577720948341829));
#4417=CARTESIAN_POINT('',(-0.0166135306859874,0.0190911410314836,0.000877530559969769));
#4418=CARTESIAN_POINT('',(-0.016585141057617,0.0190585175988554,0.000876031013187568));
#4419=CARTESIAN_POINT('',(-0.0160269939717182,0.0184171328784965,0.000846549554123155));
#4420=CARTESIAN_POINT('',(-0.0149390894282908,0.0171669868704068,0.000789086182776527));
#4421=CARTESIAN_POINT('',(-0.0135818850876729,0.0156073798269062,0.000717398333424891));
#4422=CARTESIAN_POINT('',(-0.0127544382045835,0.0146565340711365,0.00067369239635547));
#4423=CARTESIAN_POINT('',(-0.0124567487790226,0.0143144496030976,0.000657968371568261));
#4424=CARTESIAN_POINT('',(-0.0167260990046845,0.0189706075701765,0.000954937632679461));
#4425=CARTESIAN_POINT('',(-0.016697517016677,0.018938190108226,0.000953305810701276));
#4426=CARTESIAN_POINT('',(-0.0161355880929357,0.0183008548221175,0.000921223788705508));
#4427=CARTESIAN_POINT('',(-0.0150403122334605,0.0170586017118512,0.000858691566692162));
#4428=CARTESIAN_POINT('',(-0.0136739118818538,0.0155088413734231,0.000780680123815357));
#4429=CARTESIAN_POINT('',(-0.0128408584659809,0.0145639988591528,0.000733118880956135));
#4430=CARTESIAN_POINT('',(-0.0125411519858418,0.0142240741690404,0.000716007838114495));
#4431=CARTESIAN_POINT('',(-0.0168456924272796,0.0188425519205782,0.00101205298525719));
#4432=CARTESIAN_POINT('',(-0.0168169060749568,0.018810353283414,0.00101032356309608));
#4433=CARTESIAN_POINT('',(-0.0162509592984438,0.0181773201464999,0.00097632269746594));
#4434=CARTESIAN_POINT('',(-0.0151478520977405,0.016943452509836,0.000910050388366756));
#4435=CARTESIAN_POINT('',(-0.0137716818353711,0.0154041533844251,0.000827373037568296));
#4436=CARTESIAN_POINT('',(-0.012932671997192,0.0144656887587642,0.000776967130238876));
#4437=CARTESIAN_POINT('',(-0.012630822583203,0.014128058632853,0.000758832666378493));
#4438=CARTESIAN_POINT('',(-0.0169511322377086,0.0187296513686497,0.00104536022759022));
#4439=CARTESIAN_POINT('',(-0.0169221657071269,0.0186976456588513,0.00104357388915709));
#4440=CARTESIAN_POINT('',(-0.016352676581667,0.0180684055214655,0.00100845403560084));
#4441=CARTESIAN_POINT('',(-0.015242664861329,0.0168419309564924,0.000940000666921485));
#4442=CARTESIAN_POINT('',(-0.0138578809351278,0.0153118549831033,0.00085460235724181));
#4443=CARTESIAN_POINT('',(-0.0130136196038048,0.0143790134373016,0.000802537562685243));
#4444=CARTESIAN_POINT('',(-0.0127098808673599,0.0140434063190873,0.000783806283251786));
#4445=CARTESIAN_POINT('',(-0.0170340904482772,0.018640823176318,0.00106413594757267));
#4446=CARTESIAN_POINT('',(-0.0170049821565724,0.0186089692584185,0.0010623175247065));
#4447=CARTESIAN_POINT('',(-0.0164327059725183,0.0179827133871488,0.00102656688329475));
#4448=CARTESIAN_POINT('',(-0.0153172618961147,0.0167620555625091,0.000956884023337404));
#4449=CARTESIAN_POINT('',(-0.0139257008888943,0.0152392362048558,0.000869951874214442));
#4450=CARTESIAN_POINT('',(-0.0130773077740233,0.0143108188005725,0.00081695194363707));
#4451=CARTESIAN_POINT('',(-0.0127720825515017,0.0139768033496593,0.000797884231605286));
#4452=CARTESIAN_POINT('',(-0.0170846987641501,0.0185866339021627,0.00107186423172287));
#4453=CARTESIAN_POINT('',(-0.017055503991654,0.018554872584288,0.00107003260256605));
#4454=CARTESIAN_POINT('',(-0.0164815275739433,0.0179304372523142,0.00103402232222751));
#4455=CARTESIAN_POINT('',(-0.015362769511018,0.0167133279062414,0.00096383339070725));
#4456=CARTESIAN_POINT('',(-0.0139670741733369,0.0151949354172343,0.00087626989711017));
#4457=CARTESIAN_POINT('',(-0.0131161604808705,0.0142692169423264,0.000822885054694816));
#4458=CARTESIAN_POINT('',(-0.0128100284336188,0.0139361724815176,0.000803678863461186));
#4459=CARTESIAN_POINT('',(-0.0171269562106261,0.0185413863907075,0.00108109680088609));
#4460=CARTESIAN_POINT('',(-0.017097689227519,0.0185097023929437,0.00107924939487772));
#4461=CARTESIAN_POINT('',(-0.0165222931314116,0.0178867871933933,0.00104292893775189));
#4462=CARTESIAN_POINT('',(-0.0154007679223037,0.0166726407920564,0.000972135429508586));
#4463=CARTESIAN_POINT('',(-0.014001620459312,0.0151579446948705,0.000883817702318406));
#4464=CARTESIAN_POINT('',(-0.0131486021093207,0.0142344797994713,0.000829973026245691));
#4465=CARTESIAN_POINT('',(-0.0128417128723298,0.0139022461058587,0.00081060140129044));
#4466=CARTESIAN_POINT('',(-0.0171702385555691,0.0184950414607143,0.00109273824272299));
#4467=CARTESIAN_POINT('',(-0.0171408976104782,0.0184634366583584,0.0010908709435195));
#4468=CARTESIAN_POINT('',(-0.0165640474035525,0.0178420784600325,0.00105415938127822));
#4469=CARTESIAN_POINT('',(-0.0154396879347918,0.0166309668657368,0.000982603555999143));
#4470=CARTESIAN_POINT('',(-0.0140370046197564,0.0151200568114663,0.000893334807879652));
#4471=CARTESIAN_POINT('',(-0.0131818305665559,0.0141989001531658,0.000838910322797963));
#4472=CARTESIAN_POINT('',(-0.0128741657751903,0.0138674968908352,0.000819330100754072));
#4473=CARTESIAN_POINT('',(-0.0172256185118864,0.0184357429129593,0.00111030659367813));
#4474=CARTESIAN_POINT('',(-0.0171961829321023,0.0184042394414864,0.00110840927322485));
#4475=CARTESIAN_POINT('',(-0.016617472183801,0.0177848734332767,0.00107110748581861));
#4476=CARTESIAN_POINT('',(-0.0154894862669823,0.0165776448883303,0.000998401231459411));
#4477=CARTESIAN_POINT('',(-0.0140822788132483,0.0150715790931115,0.000907697277144172));
#4478=CARTESIAN_POINT('',(-0.0132243465280316,0.0141533758346294,0.000852397789781895));
#4479=CARTESIAN_POINT('',(-0.0129156894113322,0.0138230351128841,0.000832502769372579));
#4480=CARTESIAN_POINT('',(-0.0172929019719795,0.0183636985897642,0.0011350197102126));
#4481=CARTESIAN_POINT('',(-0.017263351416489,0.018332318229483,0.00113308015935042));
#4482=CARTESIAN_POINT('',(-0.016682380217481,0.0177153726176242,0.00109494811170402));
#4483=CARTESIAN_POINT('',(-0.0155499883749554,0.0165128617541878,0.00102062356727342));
#4484=CARTESIAN_POINT('',(-0.0141372843530435,0.0150126814549544,0.000927900731501568));
#4485=CARTESIAN_POINT('',(-0.0132760009746492,0.0140980664072987,0.000871370392513927));
#4486=CARTESIAN_POINT('',(-0.0129661382397724,0.0137690166112207,0.000851032550310495));
#4487=CARTESIAN_POINT('',(-0.0173718685849249,0.0182791444337088,0.00116801656150882));
#4488=CARTESIAN_POINT('',(-0.017342183089256,0.0182479085617434,0.00116602062477879));
#4489=CARTESIAN_POINT('',(-0.0167585589331052,0.0176338036257587,0.00112678001708318));
#4490=CARTESIAN_POINT('',(-0.0156209961164727,0.0164368296257546,0.00105029473842199));
#4491=CARTESIAN_POINT('',(-0.0142018410979678,0.0149435567846519,0.000954876300453815));
#4492=CARTESIAN_POINT('',(-0.0133366247399448,0.0140331530075686,0.000896702533451211));
#4493=CARTESIAN_POINT('',(-0.0130253470424035,0.0137056182945045,0.000875773437414182));
#4494=CARTESIAN_POINT('',(-0.0174622631327595,0.0181823537215449,0.00121044369189369));
#4495=CARTESIAN_POINT('',(-0.0174324231685632,0.0181512832480369,0.00120837525459246));
#4496=CARTESIAN_POINT('',(-0.0168457621231197,0.0175404300864617,0.00116770926781067));
#4497=CARTESIAN_POINT('',(-0.015702279996429,0.0163497942368192,0.00108844573154834));
#4498=CARTESIAN_POINT('',(-0.0142757404023629,0.014864428491274,0.000989561306331171));
#4499=CARTESIAN_POINT('',(-0.013406021889544,0.013958845433796,0.000929274430594552));
#4500=CARTESIAN_POINT('',(-0.0130931244579722,0.0136330450643852,0.000907585104338481));
#4501=CARTESIAN_POINT('',(-0.0175638020355823,0.0180736300988044,0.00126342369546134));
#4502=CARTESIAN_POINT('',(-0.0175337885590983,0.0180427454150183,0.00126126472456789));
#4503=CARTESIAN_POINT('',(-0.0169437162193437,0.0174355449251326,0.0012188188250655));
#4504=CARTESIAN_POINT('',(-0.0157935850163187,0.0162520286291475,0.00113608599695416));
#4505=CARTESIAN_POINT('',(-0.0143587504341337,0.0147755448109602,0.00103287349168182));
#4506=CARTESIAN_POINT('',(-0.0134839747152193,0.0138753767988723,0.00096994791501843));
#4507=CARTESIAN_POINT('',(-0.0131692578595753,0.0135515245928839,0.000947309266963978));
#4508=CARTESIAN_POINT('',(-0.0176761758006358,0.0179533049574257,0.00132806199567114));
#4509=CARTESIAN_POINT('',(-0.0176459702969729,0.0179226258883346,0.00132579256918844));
#4510=CARTESIAN_POINT('',(-0.0170521226555873,0.0173194678339969,0.00128117508559706));
#4511=CARTESIAN_POINT('',(-0.015894632876479,0.0161438307944124,0.00119420954489701));
#4512=CARTESIAN_POINT('',(-0.0144506181769195,0.014677176663078,0.00108571656172548));
#4513=CARTESIAN_POINT('',(-0.0135702456150828,0.0137830015169903,0.00101957163566262));
#4514=CARTESIAN_POINT('',(-0.0132535151909687,0.0134613053561493,0.000995774766708451));
#4515=CARTESIAN_POINT('',(-0.0177990522618118,0.017821733967025,0.0014054451117733));
#4516=CARTESIAN_POINT('',(-0.0177686367836929,0.0177912797298251,0.00140304345103228));
#4517=CARTESIAN_POINT('',(-0.0171706609927871,0.0171925419258405,0.00135582620935417));
#4518=CARTESIAN_POINT('',(-0.0160051248890943,0.0160255205550711,0.00126379338673895));
#4519=CARTESIAN_POINT('',(-0.0145510720784542,0.0145696148144698,0.00114897876712243));
#4520=CARTESIAN_POINT('',(-0.013664579580601,0.0136819926406534,0.00107897972844302));
#4521=CARTESIAN_POINT('',(-0.0133456473955348,0.0133626540336216,0.00105379627070071));
#4522=CARTESIAN_POINT('',(-0.0179320791348271,0.0176792943389221,0.00149664006782427));
#4523=CARTESIAN_POINT('',(-0.0179014363369675,0.0176490835062208,0.00149408257079773));
#4524=CARTESIAN_POINT('',(-0.0172989913839718,0.0170551310946277,0.00144380154936499));
#4525=CARTESIAN_POINT('',(-0.0161247442758402,0.0158974371041429,0.00134579700352606));
#4526=CARTESIAN_POINT('',(-0.0146598241394709,0.0144531676427403,0.0012235324208322));
#4527=CARTESIAN_POINT('',(-0.0137667061582377,0.0135726397602295,0.00114899136254455));
#4528=CARTESIAN_POINT('',(-0.0134453903321405,0.0132558534566104,0.0011221738286631));
#4529=CARTESIAN_POINT('',(-0.0180748866782219,0.0175263819768529,0.00160269730558039));
#4530=CARTESIAN_POINT('',(-0.0180439998471605,0.0174964324447273,0.00159995857521924));
#4531=CARTESIAN_POINT('',(-0.0174367571413153,0.0169076172668084,0.00154611446179173));
#4532=CARTESIAN_POINT('',(-0.0162531585606862,0.0157599364430962,0.00144116496529787));
#4533=CARTESIAN_POINT('',(-0.0147765720891212,0.0143281588069087,0.00131023627946079));
#4534=CARTESIAN_POINT('',(-0.01387634149234,0.0134552468165145,0.00123041297669007));
#4535=CARTESIAN_POINT('',(-0.0135524667703427,0.0131412004719135,0.0012016950569857));
#4536=CARTESIAN_POINT('',(-0.0182270920089756,0.0173634068559888,0.00172464721118289));
#4537=CARTESIAN_POINT('',(-0.0181959450855319,0.0173337358199398,0.00172170008968771));
#4538=CARTESIAN_POINT('',(-0.0175835888993901,0.0167503959434787,0.00166375895524016));
#4539=CARTESIAN_POINT('',(-0.0163900234505504,0.0156133872266055,0.00155082380784024));
#4540=CARTESIAN_POINT('',(-0.0149010029130744,0.0141949234696668,0.00140993270375805));
#4541=CARTESIAN_POINT('',(-0.0139931916382963,0.0133301285531402,0.00132403561262825));
#4542=CARTESIAN_POINT('',(-0.0136665896262162,0.0130190024770256,0.00129313253445082));
#4543=CARTESIAN_POINT('',(-0.0183883014922574,0.0171907904640911,0.00186350580424679));
#4544=CARTESIAN_POINT('',(-0.0183568790899039,0.0171614143993706,0.00186032139761773));
#4545=CARTESIAN_POINT('',(-0.0177391069205486,0.0165838737318758,0.00179771517899659));
#4546=CARTESIAN_POINT('',(-0.0165349849841916,0.0154581684616067,0.00167568714838337));
#4547=CARTESIAN_POINT('',(-0.0150327948071853,0.0140538062054732,0.00152345230955867));
#4548=CARTESIAN_POINT('',(-0.0141169543971808,0.0131976085521139,0.00143063928272606));
#4549=CARTESIAN_POINT('',(-0.0137874637541781,0.0128895755015289,0.00139724806788553));
#4550=CARTESIAN_POINT('',(-0.0185581135040706,0.017008962843387,0.00202027476877072));
#4551=CARTESIAN_POINT('',(-0.0185264009225854,0.0169798974903795,0.00201682247130454));
#4552=CARTESIAN_POINT('',(-0.017902923760033,0.0164084654916891,0.00194894945284643));
#4553=CARTESIAN_POINT('',(-0.0166876820164133,0.0152946668473158,0.00181665571339639));
#4554=CARTESIAN_POINT('',(-0.0151716194360102,0.0139051585822289,0.00165161399305159));
#4555=CARTESIAN_POINT('',(-0.0142473214366744,0.013058016962825,0.00155099299369873));
#4556=CARTESIAN_POINT('',(-0.0139147880184058,0.012753241989104,0.00151479271533781));
#4557=CARTESIAN_POINT('',(-0.0187361206362589,0.0168183602295402,0.00219594595861837));
#4558=CARTESIAN_POINT('',(-0.0187041038716097,0.0167896205831797,0.00219219346970648));
#4559=CARTESIAN_POINT('',(-0.0180746463931342,0.016224592057387,0.00211841861349076));
#4560=CARTESIAN_POINT('',(-0.0168477482008323,0.0151232746521622,0.0019746213899712));
#4561=CARTESIAN_POINT('',(-0.0153171437354421,0.0137493372310901,0.00179522861409889));
#4562=CARTESIAN_POINT('',(-0.0143839799838781,0.0129116886894501,0.0016858582055304));
#4563=CARTESIAN_POINT('',(-0.0140482569461404,0.0126103290272423,0.00164651016426575));
#4564=CARTESIAN_POINT('',(-0.0189916967924838,0.0165446999395592,0.00246495805375316));
#4565=CARTESIAN_POINT('',(-0.0189592432927279,0.016516427930938,0.00246074587005679));
#4566=CARTESIAN_POINT('',(-0.0183211994944918,0.0159605932782759,0.00237793330115922));
#4567=CARTESIAN_POINT('',(-0.0170775653977754,0.014877195981573,0.00221652034706045));
#4568=CARTESIAN_POINT('',(-0.01552608222363,0.0135256146111465,0.00201515124417514));
#4569=CARTESIAN_POINT('',(-0.0145801893479649,0.0127015958847608,0.00189238252649104));
#4570=CARTESIAN_POINT('',(-0.01423988677078,0.0124051398024159,0.00184821419400814));
#4571=CARTESIAN_POINT('',(-0.0191824998655706,0.016340395965818,0.00268605280719985));
#4572=CARTESIAN_POINT('',(-0.0191497203166179,0.0163124730770797,0.00268146281110445));
#4573=CARTESIAN_POINT('',(-0.0185052663108686,0.0157635022073026,0.0025912223573896));
#4574=CARTESIAN_POINT('',(-0.0172491378483227,0.0146934833564867,0.00241533144605531));
#4575=CARTESIAN_POINT('',(-0.015682067454104,0.0133585921312923,0.00219590051364458));
#4576=CARTESIAN_POINT('',(-0.0147266715166819,0.0125447488871367,0.00206212003885329));
#4577=CARTESIAN_POINT('',(-0.0143829500360565,0.0122519536240199,0.00201399002168145));
#4578=CARTESIAN_POINT('',(-0.0193105432553926,0.016203292443696,0.00284295961518732));
#4579=CARTESIAN_POINT('',(-0.0192775449026034,0.0161756038409813,0.00283810149270435));
#4580=CARTESIAN_POINT('',(-0.0186287891595383,0.0156312390921297,0.00274258960817259));
#4581=CARTESIAN_POINT('',(-0.0173642760261975,0.0145701981971411,0.00255642396159203));
#4582=CARTESIAN_POINT('',(-0.0157867454204959,0.0132465073301881,0.00232417488685513));
#4583=CARTESIAN_POINT('',(-0.0148249722050701,0.012439492609372,0.00218257957416703));
#4584=CARTESIAN_POINT('',(-0.0144789563799201,0.0121491540346928,0.00213163802352772));
#4585=CARTESIAN_POINT('',(-0.0184966674442412,0.0162601991330658,-0.0023328300510191));
#4586=CARTESIAN_POINT('',(-0.01823327170709,0.016427635968516,-0.00210360049212492));
#4587=CARTESIAN_POINT('',(-0.0178240074505656,0.0166824897374243,-0.00178386641458675));
#4588=CARTESIAN_POINT('',(-0.0172442237002797,0.0170343674512716,-0.00142187353728369));
#4589=CARTESIAN_POINT('',(-0.0167860385164502,0.0173083120200981,-0.00118930514673682));
#4590=CARTESIAN_POINT('',(-0.01630742318802,0.0175905396550874,-0.00101594436137961));
#4591=CARTESIAN_POINT('',(-0.0158051034327047,0.0178821288355235,-0.000955526906934911));
#4592=CARTESIAN_POINT('',(-0.0154335814623409,0.0181052514119196,-0.000689382575260205));
#4593=CARTESIAN_POINT('',(-0.0153030362435631,0.0181871667347268,-0.000323957987675994));
#4594=CARTESIAN_POINT('',(-0.0153051975693542,0.0181886705285511,5.98642781053405E-5));
#4595=CARTESIAN_POINT('',(-0.0153095280874052,0.0181804520475928,0.00056837244609998));
#4596=CARTESIAN_POINT('',(-0.0157562669596133,0.0179108469211886,0.000940854049217916));
#4597=CARTESIAN_POINT('',(-0.0162618171255565,0.0176170186504142,0.00100978042386024));
#4598=CARTESIAN_POINT('',(-0.0167494476170003,0.0173300980892744,0.00117145027508325));
#4599=CARTESIAN_POINT('',(-0.017211644985886,0.017053983145769,0.00140361541689876));
#4600=CARTESIAN_POINT('',(-0.0178102629451231,0.0166910610810614,0.00177264480769569));
#4601=CARTESIAN_POINT('',(-0.0182280881701816,0.0164309310674639,0.002099089333775));
#4602=CARTESIAN_POINT('',(-0.0184966674442385,0.0162601991330675,0.00233283005101673));
#4603=CARTESIAN_POINT('',(0.,0.0191902019685288,0.));
#4604=CARTESIAN_POINT('',(0.,0.0162601991330675,0.));
#4605=CARTESIAN_POINT('',(-0.0163353214017831,0.0162601991330675,-0.00898476918402059));
#4606=CARTESIAN_POINT('',(-0.0168704919718365,0.0162601991330658,-0.00793443780100324));
#4607=CARTESIAN_POINT('',(-0.0163353214017831,0.0162601991330675,-0.00898476918402059));
#4608=CARTESIAN_POINT('',(-0.0153622679221267,0.0153282330917351,-0.0084653888622183));
#4609=CARTESIAN_POINT('',(-0.014389256024834,0.0143962737752823,-0.00794591856734633));
#4610=CARTESIAN_POINT('',(-0.0134163208977614,0.0134643259709999,-0.00742628386422645));
#4611=CARTESIAN_POINT('',(-0.0138939054149314,0.0134643259709927,-0.00648897147354313));
#4612=CARTESIAN_POINT('',(-0.0148861756396696,0.0143962737751968,-0.00697065891065544));
#4613=CARTESIAN_POINT('',(-0.0158783579805352,0.0153282330923141,-0.00745250509330818));
#4614=CARTESIAN_POINT('',(-0.0168704919718355,0.0162601991330683,-0.00793443780100056));
#4615=CARTESIAN_POINT('',(-0.017486895160826,0.016203292443696,-0.00867110130411669));
#4616=CARTESIAN_POINT('',(-0.0174570131047868,0.0161756038409813,-0.00865628390327406));
#4617=CARTESIAN_POINT('',(-0.016869524523346,0.0156312390921297,-0.00836497015330105));
#4618=CARTESIAN_POINT('',(-0.0157244294165036,0.0145701981971411,-0.00779716005419768));
#4619=CARTESIAN_POINT('',(-0.0142958775653176,0.0132465073301882,-0.00708879429195726));
#4620=CARTESIAN_POINT('',(-0.0134249322395333,0.0124394926093721,-0.0066569248788472));
#4621=CARTESIAN_POINT('',(-0.0131115934391505,0.0121491540346929,-0.00650155181486752));
#4622=CARTESIAN_POINT('',(-0.0174136055307685,0.016340395965818,-0.00848230647845678));
#4623=CARTESIAN_POINT('',(-0.0173838487139335,0.0163124730770797,-0.00846781169506615));
#4624=CARTESIAN_POINT('',(-0.0167988223660911,0.0157635022073026,-0.00818284068365767));
#4625=CARTESIAN_POINT('',(-0.0156585264872414,0.0146934833564867,-0.00762739344423134));
#4626=CARTESIAN_POINT('',(-0.014235961864533,0.0133585921312923,-0.00693445084288998));
#4627=CARTESIAN_POINT('',(-0.0133686667728319,0.0125447488871368,-0.0065119844695665));
#4628=CARTESIAN_POINT('',(-0.0130566412121382,0.0122519536240201,-0.00635999432426087));
#4629=CARTESIAN_POINT('',(-0.0173004630609623,0.0165446999395592,-0.00821307148030982));
#4630=CARTESIAN_POINT('',(-0.0172708995848885,0.016516427930938,-0.00819903677260607));
#4631=CARTESIAN_POINT('',(-0.0166896743640316,0.0159605932782759,-0.00792311096251439));
#4632=CARTESIAN_POINT('',(-0.0155567873983914,0.014877195981573,-0.0073852940500348));
#4633=CARTESIAN_POINT('',(-0.0141434656906318,0.0135256146111466,-0.00671434598525752));
#4634=CARTESIAN_POINT('',(-0.0132818057276554,0.0127015958847609,-0.00630528902286817));
#4635=CARTESIAN_POINT('',(-0.0129718075094622,0.012405139802416,-0.00615812316286674));
#4636=CARTESIAN_POINT('',(-0.0171405250012641,0.0168183602295402,-0.00787824839863919));
#4637=CARTESIAN_POINT('',(-0.0171112348314588,0.0167896205831797,-0.0078647858452257));
#4638=CARTESIAN_POINT('',(-0.0165353828791521,0.016224592057387,-0.00760010872939765));
#4639=CARTESIAN_POINT('',(-0.0154129691443442,0.0151232746521622,-0.00708421705115506));
#4640=CARTESIAN_POINT('',(-0.014012713210077,0.0137493372310901,-0.00644062159121365));
#4641=CARTESIAN_POINT('',(-0.0131590190583111,0.0129116886894502,-0.00604824069368681));
#4642=CARTESIAN_POINT('',(-0.0128518866890465,0.0126103290272425,-0.00590707435857451));
#4643=CARTESIAN_POINT('',(-0.0170255155413344,0.017008962843387,-0.0076561679398431));
#4644=CARTESIAN_POINT('',(-0.016996421902651,0.0169798974903795,-0.00764308488322729));
#4645=CARTESIAN_POINT('',(-0.0164244338006074,0.0164084654916891,-0.00738586876790871));
#4646=CARTESIAN_POINT('',(-0.0153095512352034,0.0152946668473158,-0.00688451959388736));
#4647=CARTESIAN_POINT('',(-0.0139186907353673,0.0139051585822289,-0.00625906648841241));
#4648=CARTESIAN_POINT('',(-0.0130707246988915,0.0130580169628251,-0.00587774644164023));
#4649=CARTESIAN_POINT('',(-0.012765653125776,0.0127532419891042,-0.00574055945357083));
#4650=CARTESIAN_POINT('',(-0.0169124589951827,0.0171907904640911,-0.0074545969970805));
#4651=CARTESIAN_POINT('',(-0.0168835585504321,0.0171614143993706,-0.00744185839007408));
#4652=CARTESIAN_POINT('',(-0.0163153686886885,0.0165838737318758,-0.00719141423891118));
#4653=CARTESIAN_POINT('',(-0.0152078894099517,0.0154581684616067,-0.00670326454359181));
#4654=CARTESIAN_POINT('',(-0.0138262648057282,0.0140538062054733,-0.00609427831464242));
#4655=CARTESIAN_POINT('',(-0.0129839296184977,0.013197608552114,-0.00572299762984951));
#4656=CARTESIAN_POINT('',(-0.0126808838482603,0.012889575501529,-0.00558942248921308));
#4657=CARTESIAN_POINT('',(-0.0168020493306907,0.0173634068559888,-0.00727271815731503));
#4658=CARTESIAN_POINT('',(-0.0167733375568135,0.0173337358199398,-0.00726029034954611));
#4659=CARTESIAN_POINT('',(-0.0162088570109074,0.0167503959434787,-0.0070159565879398));
#4660=CARTESIAN_POINT('',(-0.0151086076929724,0.0156133872266055,-0.00653971687249611));
#4661=CARTESIAN_POINT('',(-0.0137360027534262,0.0141949234696668,-0.00594558881881735));
#4662=CARTESIAN_POINT('',(-0.0128991665859089,0.0133301285531403,-0.00558336671897597));
#4663=CARTESIAN_POINT('',(-0.0125980991904204,0.0130190024770258,-0.00545305057297197));
#4664=CARTESIAN_POINT('',(-0.0166949780523561,0.0175263819768529,-0.00710970287109282));
#4665=CARTESIAN_POINT('',(-0.0166664492446321,0.0174964324447273,-0.00709755362803612));
#4666=CARTESIAN_POINT('',(-0.0161055658583614,0.0169076172668084,-0.00685869651728035));
#4667=CARTESIAN_POINT('',(-0.0150123278935441,0.0157599364430962,-0.00639313153882552));
#4668=CARTESIAN_POINT('',(-0.0136484698968639,0.0143281588069087,-0.0058123206456125));
#4669=CARTESIAN_POINT('',(-0.0128169664787302,0.0134552468165146,-0.00545821762009854));
#4670=CARTESIAN_POINT('',(-0.0125178176391432,0.0131412004719137,-0.00533082246228365));
#4671=CARTESIAN_POINT('',(-0.0165919334964775,0.0176792943389221,-0.00696470648619068));
#4672=CARTESIAN_POINT('',(-0.0165635807739398,0.0176490835062208,-0.00695280501668436));
#4673=CARTESIAN_POINT('',(-0.0160061592658014,0.0170551310946277,-0.00671881919495371));
#4674=CARTESIAN_POINT('',(-0.0149196689720623,0.0158974371041429,-0.00626274902099871));
#4675=CARTESIAN_POINT('',(-0.013564228964379,0.0144531676427404,-0.00569378327537548));
#4676=CARTESIAN_POINT('',(-0.0127378577422964,0.0135726397602296,-0.00534690188197659));
#4677=CARTESIAN_POINT('',(-0.0124405553058146,0.0132558534566106,-0.00522210484080203));
#4678=CARTESIAN_POINT('',(-0.016493598213275,0.017821733967025,-0.00683686736451487));
#4679=CARTESIAN_POINT('',(-0.0164654135285974,0.0177912797298251,-0.00682518434978641));
#4680=CARTESIAN_POINT('',(-0.0159112956861757,0.0171925419258405,-0.00659549340279225));
#4681=CARTESIAN_POINT('',(-0.0148312446860099,0.0160255205550711,-0.00614779452353239));
#4682=CARTESIAN_POINT('',(-0.0134838379540776,0.0145696148144699,-0.00558927230217372));
#4683=CARTESIAN_POINT('',(-0.0126623643798894,0.0136819926406535,-0.00524875801308077));
#4684=CARTESIAN_POINT('',(-0.0123668239634455,0.0133626540336217,-0.00512625165625351));
#4685=CARTESIAN_POINT('',(-0.0164006484521275,0.0179533049574257,-0.00672530073298263));
#4686=CARTESIAN_POINT('',(-0.0163726226023915,0.0179226258883346,-0.00671380836618252));
#4687=CARTESIAN_POINT('',(-0.0158216274940412,0.0173194678339969,-0.00648786560441462));
#4688=CARTESIAN_POINT('',(-0.0147476631270766,0.0161438307944124,-0.00604747244767894));
#4689=CARTESIAN_POINT('',(-0.0134078497130051,0.014677176663078,-0.00549806440677027));
#4690=CARTESIAN_POINT('',(-0.0125910055575479,0.0137830015169904,-0.00516310676082939));
#4691=CARTESIAN_POINT('',(-0.0122971306607051,0.0134613053561495,-0.00504259950985629));
#4692=CARTESIAN_POINT('',(-0.0163137489838651,0.0180736300988044,-0.00662910065324245));
#4693=CARTESIAN_POINT('',(-0.0162858716301747,0.0180427454150182,-0.0066177726756119));
#4694=CARTESIAN_POINT('',(-0.0157377959906534,0.0174355449251326,-0.00639506184540539));
#4695=CARTESIAN_POINT('',(-0.0146695220653011,0.0162520286291475,-0.00596096816262293));
#4696=CARTESIAN_POINT('',(-0.0133368077042697,0.0147755448109602,-0.00541941896690852));
#4697=CARTESIAN_POINT('',(-0.0125242916290692,0.0138753767988724,-0.00508925262377006));
#4698=CARTESIAN_POINT('',(-0.0122319738396997,0.013551524592884,-0.00497046913320756));
#4699=CARTESIAN_POINT('',(-0.0162335514701424,0.0181823537215449,-0.00654733642905366));
#4700=CARTESIAN_POINT('',(-0.0162058111600254,0.0181512832480369,-0.00653614817223156));
#4701=CARTESIAN_POINT('',(-0.0156604298309084,0.0175404300864617,-0.00631618428753136));
#4702=CARTESIAN_POINT('',(-0.0145974074827916,0.0163497942368192,-0.00588744477495306));
#4703=CARTESIAN_POINT('',(-0.0132712446739731,0.014864428491274,-0.00535257512027503));
#4704=CARTESIAN_POINT('',(-0.0124627228841546,0.0139588454337961,-0.0050264810934751));
#4705=CARTESIAN_POINT('',(-0.0121718421133359,0.0136330450643854,-0.00490916269455328));
#4706=CARTESIAN_POINT('',(-0.0161606918506983,0.0182791444337088,-0.00647905237875369));
#4707=CARTESIAN_POINT('',(-0.0161330760449722,0.0182479085617434,-0.00646798080747234));
#4708=CARTESIAN_POINT('',(-0.0155901425028453,0.0176338036257587,-0.00625031098924173));
#4709=CARTESIAN_POINT('',(-0.0145318912243177,0.0164368296257546,-0.00582604292406188));
#4710=CARTESIAN_POINT('',(-0.0132116805152446,0.014943556784652,-0.00529675157848706));
#4711=CARTESIAN_POINT('',(-0.0124067875425722,0.0140331530075687,-0.00497405847986149));
#4712=CARTESIAN_POINT('',(-0.0121172123063006,0.0137056182945047,-0.00485796362818516));
#4713=CARTESIAN_POINT('',(-0.0160957867266982,0.0183636985897642,-0.00642326848292285));
#4714=CARTESIAN_POINT('',(-0.0160682818325167,0.018332318229483,-0.00641229223659689));
#4715=CARTESIAN_POINT('',(-0.0155275288386733,0.0177153726176242,-0.00619649653046723));
#4716=CARTESIAN_POINT('',(-0.0144735277451681,0.0165128617541878,-0.00577588136453388));
#4717=CARTESIAN_POINT('',(-0.0131586193115527,0.0150126814549545,-0.00525114715657111));
#4718=CARTESIAN_POINT('',(-0.0123569589775991,0.0140980664072988,-0.00493123240841205));
#4719=CARTESIAN_POINT('',(-0.0120685467433073,0.0137690166112209,-0.00481613712005669));
#4720=CARTESIAN_POINT('',(-0.0160394331265308,0.0184357429129593,-0.00637897317979564));
#4721=CARTESIAN_POINT('',(-0.0160120245308301,0.0184042394414864,-0.0063680726264225));
#4722=CARTESIAN_POINT('',(-0.0154731647888372,0.0177848734332767,-0.00615376506238779));
#4723=CARTESIAN_POINT('',(-0.014422853900552,0.0165776448883303,-0.0057360504876915));
#4724=CARTESIAN_POINT('',(-0.0131125491452397,0.0150715790931116,-0.00521493488307137));
#4725=CARTESIAN_POINT('',(-0.0123136955362195,0.0141533758346296,-0.00489722628911281));
#4726=CARTESIAN_POINT('',(-0.0120262930734916,0.0138230351128843,-0.00478292470581583));
#4727=CARTESIAN_POINT('',(-0.0159921925772115,0.0184950414607143,-0.00634515133748942));
#4728=CARTESIAN_POINT('',(-0.015964864707376,0.0184634366583584,-0.00633430857974997));
#4729=CARTESIAN_POINT('',(-0.0154275920557757,0.0178420784600325,-0.00612113729210826));
#4730=CARTESIAN_POINT('',(-0.0143803746224105,0.0166309668657368,-0.0057056374745643));
#4731=CARTESIAN_POINT('',(-0.0130739290755831,0.0151200568114663,-0.00518728486789164));
#4732=CARTESIAN_POINT('',(-0.0122774283105206,0.0141989001531659,-0.00487126079112125));
#4733=CARTESIAN_POINT('',(-0.011990872327223,0.0138674968908354,-0.00475756524425311));
#4734=CARTESIAN_POINT('',(-0.0159546260243795,0.0185413863907075,-0.00632070468822757));
#4735=CARTESIAN_POINT('',(-0.0159273623492353,0.0185097023929437,-0.00630990370555091));
#4736=CARTESIAN_POINT('',(-0.0153913517810769,0.0178867871933933,-0.00609755372593237));
#4737=CARTESIAN_POINT('',(-0.0143465943199042,0.0166726407920564,-0.00568365474937194));
#4738=CARTESIAN_POINT('',(-0.0130432176865745,0.0151579446948706,-0.00516729925572233));
#4739=CARTESIAN_POINT('',(-0.012248587946259,0.0142344797994714,-0.0048524927590146));
#4740=CARTESIAN_POINT('',(-0.0119627050989579,0.0139022461058589,-0.00473923525924875));
#4741=CARTESIAN_POINT('',(-0.0159172898253197,0.0185866339021627,-0.00629886572406278));
#4742=CARTESIAN_POINT('',(-0.0158900899512324,0.018554872584288,-0.00628810206036956));
#4743=CARTESIAN_POINT('',(-0.0153553337275657,0.0179304372523142,-0.00607648578115691));
#4744=CARTESIAN_POINT('',(-0.0143130211543196,0.0167133279062414,-0.00566401688642484));
#4745=CARTESIAN_POINT('',(-0.0130126946162636,0.0151949354172344,-0.00514944547693646));
#4746=CARTESIAN_POINT('',(-0.0122199244277871,0.0142692169423265,-0.00483572668296751));
#4747=CARTESIAN_POINT('',(-0.01193471058889,0.0139361724815178,-0.004722860504518));
#4748=CARTESIAN_POINT('',(-0.0158715466278698,0.018640823176318,-0.00627587685940053));
#4749=CARTESIAN_POINT('',(-0.0158444249209344,0.0186089692584185,-0.00626515247967029));
#4750=CARTESIAN_POINT('',(-0.0153112054827252,0.0179827133871488,-0.00605430853284513));
#4751=CARTESIAN_POINT('',(-0.0142718883132422,0.0167620555625091,-0.00564334501892505));
#4752=CARTESIAN_POINT('',(-0.0129752986609396,0.0152392362048559,-0.00513065163208551));
#4753=CARTESIAN_POINT('',(-0.0121848067399108,0.0143108188005726,-0.0048180778123409));
#4754=CARTESIAN_POINT('',(-0.0119004125501557,0.0139768033496595,-0.0047056235596912));
#4755=CARTESIAN_POINT('',(-0.0157984506976845,0.0187296513686497,-0.00623238459167444));
#4756=CARTESIAN_POINT('',(-0.0157714538989539,0.0186976456588513,-0.00622173453264948));
#4757=CARTESIAN_POINT('',(-0.0152406901868149,0.0180684055214655,-0.00601235174919466));
#4758=CARTESIAN_POINT('',(-0.0142061595612676,0.0168419309564924,-0.00560423624131));
#4759=CARTESIAN_POINT('',(-0.0129155413135751,0.0153118549831034,-0.00509509585567513));
#4760=CARTESIAN_POINT('',(-0.012128689979291,0.0143790134373018,-0.00478468819447012));
#4761=CARTESIAN_POINT('',(-0.0118456055584152,0.0140434063190875,-0.00467301325769496));
#4762=CARTESIAN_POINT('',(-0.0157084639828158,0.0188425519205782,-0.00616812482850757));
#4763=CARTESIAN_POINT('',(-0.0156816209556971,0.018810353283414,-0.00615758457821803));
#4764=CARTESIAN_POINT('',(-0.0151538804313213,0.0181773201464999,-0.00595036066154656));
#4765=CARTESIAN_POINT('',(-0.0141252424096885,0.016943452509836,-0.00554645307849317));
#4766=CARTESIAN_POINT('',(-0.0128419754205771,0.0154041533844252,-0.00504256224704071));
#4767=CARTESIAN_POINT('',(-0.0120596059287228,0.0144656887587643,-0.00473535508197017));
#4768=CARTESIAN_POINT('',(-0.0117781339341255,0.0141280586328532,-0.00462483158328156));
#4769=CARTESIAN_POINT('',(-0.0156123734935369,0.0189706075701765,-0.00607684850026067));
#4770=CARTESIAN_POINT('',(-0.0155856946683168,0.0189381901082259,-0.00606646422530755));
#4771=CARTESIAN_POINT('',(-0.0150611823937085,0.0183008548221175,-0.00586230682216566));
#4772=CARTESIAN_POINT('',(-0.014038836669712,0.0170586017118512,-0.00546437629083499));
#4773=CARTESIAN_POINT('',(-0.0127634195730531,0.0155088413734231,-0.00496794206997505));
#4774=CARTESIAN_POINT('',(-0.0119858359257824,0.0145639988591529,-0.00466528097730389));
#4775=CARTESIAN_POINT('',(-0.0117060857278999,0.0142240741690406,-0.0045563930128215));
#4776=CARTESIAN_POINT('',(-0.0155292347614638,0.0190911410314836,-0.00596844447584717));
#4777=CARTESIAN_POINT('',(-0.0155026980058465,0.0190585175988554,-0.00595824544447803));
#4778=CARTESIAN_POINT('',(-0.0149809788546211,0.0184171328784965,-0.00575772997582133));
#4779=CARTESIAN_POINT('',(-0.0139640773077876,0.0171669868704068,-0.00536689806987706));
#4780=CARTESIAN_POINT('',(-0.0126954520394388,0.0156073798269063,-0.00487931966752165));
#4781=CARTESIAN_POINT('',(-0.0119220091666981,0.0146565340711366,-0.00458205770245381));
#4782=CARTESIAN_POINT('',(-0.0116437486895655,0.0143144496030978,-0.00447511217467354));
#4783=CARTESIAN_POINT('',(-0.0154602906996464,0.0192059979061353,-0.00583350964661926));
#4784=CARTESIAN_POINT('',(-0.0154338717574146,0.0191731782031268,-0.00582354119535549));
#4785=CARTESIAN_POINT('',(-0.0149144688463624,0.0185279347587498,-0.00562755898836022));
#4786=CARTESIAN_POINT('',(-0.0139020819664898,0.0172702675730045,-0.00524556302563345));
#4787=CARTESIAN_POINT('',(-0.0126390889253736,0.0157012775601777,-0.00476900781512028));
#4788=CARTESIAN_POINT('',(-0.0118690798530776,0.0147447112887195,-0.00447846636033861));
#4789=CARTESIAN_POINT('',(-0.011592054749602,0.0144005687586297,-0.00437393866128844));
#4790=CARTESIAN_POINT('',(-0.0154141878685059,0.0193109417684178,-0.00565823604974083));
#4791=CARTESIAN_POINT('',(-0.0153878477079772,0.0192779427346393,-0.00564856711050569));
#4792=CARTESIAN_POINT('',(-0.0148699936646124,0.0186291736031569,-0.00545847338376075));
#4793=CARTESIAN_POINT('',(-0.0138606257384115,0.0173646343739704,-0.00508795486950601));
#4794=CARTESIAN_POINT('',(-0.0126013989624992,0.01578707121266,-0.00462571823407332));
#4795=CARTESIAN_POINT('',(-0.0118336860694231,0.0148252781490535,-0.00434390638615043));
#4796=CARTESIAN_POINT('',(-0.011557487059183,0.0144792551831509,-0.00424251932573734));
#4797=CARTESIAN_POINT('',(-0.0154097158779716,0.0193816424283915,-0.00545832641767256));
#4798=CARTESIAN_POINT('',(-0.0153833833592953,0.0193485225795076,-0.00544899908915638));
#4799=CARTESIAN_POINT('',(-0.0148656795566307,0.0186973781932956,-0.00526562151328214));
#4800=CARTESIAN_POINT('',(-0.0138566044699781,0.0174282092697557,-0.00490819369004983));
#4801=CARTESIAN_POINT('',(-0.0125977430230906,0.0158448703799493,-0.00446228821417031));
#4802=CARTESIAN_POINT('',(-0.0118302528601914,0.0148795560274709,-0.00419043298564886));
#4803=CARTESIAN_POINT('',(-0.0115541339812804,0.0145322662123204,-0.00409262800448546));
#4804=CARTESIAN_POINT('',(-0.0154820415138631,0.019402143896641,-0.00517377103541491));
#4805=CARTESIAN_POINT('',(-0.0154555854032807,0.019368989014321,-0.00516492996245185));
#4806=CARTESIAN_POINT('',(-0.0149354517533024,0.0187171558621281,-0.00499111229051289));
#4807=CARTESIAN_POINT('',(-0.0139216405639284,0.0174466444400623,-0.00465231801959803));
#4808=CARTESIAN_POINT('',(-0.012656870639859,0.0158616307297603,-0.00422965864397533));
#4809=CARTESIAN_POINT('',(-0.0118857782551854,0.0148952952893312,-0.00397197586732854));
#4810=CARTESIAN_POINT('',(-0.0116083634099076,0.0145476381187749,-0.00387926968965765));
#4811=CARTESIAN_POINT('',(-0.0155663010056885,0.019402143896641,-0.00491444698457303));
#4812=CARTESIAN_POINT('',(-0.0155397009103201,0.019368989014321,-0.00490604905121528));
#4813=CARTESIAN_POINT('',(-0.015016736483988,0.0187171558621281,-0.00474094361305833));
#4814=CARTESIAN_POINT('',(-0.013997407726692,0.0174466444400623,-0.00441913067010218));
#4815=CARTESIAN_POINT('',(-0.0127257544164113,0.0158616307297603,-0.0040176561789018));
#4816=CARTESIAN_POINT('',(-0.0119504654370946,0.0148952952893312,-0.00377288919250061));
#4817=CARTESIAN_POINT('',(-0.0116715407887416,0.0145476381187749,-0.00368482971089862));
#4818=CARTESIAN_POINT('',(-0.0156750457942748,0.0193816424283915,-0.00464172490234604));
#4819=CARTESIAN_POINT('',(-0.0156482598730159,0.0193485225795076,-0.00463379300349409));
#4820=CARTESIAN_POINT('',(-0.0151216420639077,0.0186973781932956,-0.0044778499185017));
#4821=CARTESIAN_POINT('',(-0.0140951923669504,0.0174282092697557,-0.00417389564736887));
#4822=CARTESIAN_POINT('',(-0.0128146554002166,0.0158448703799493,-0.00379470056208026));
#4823=CARTESIAN_POINT('',(-0.012033950321332,0.0148795560274709,-0.00356351666293208));
#4824=CARTESIAN_POINT('',(-0.0117530771302966,0.0145322662123204,-0.00348034394992435));
#4825=CARTESIAN_POINT('',(-0.0157961676441368,0.0193109417684178,-0.00448262318274805));
#4826=CARTESIAN_POINT('',(-0.0157691747467467,0.0192779427346393,-0.00447496316100506));
#4827=CARTESIAN_POINT('',(-0.0152384877359248,0.0186291736031569,-0.00432436524693591));
#4828=CARTESIAN_POINT('',(-0.014204106611671,0.0173646343739704,-0.00403082944054061));
#4829=CARTESIAN_POINT('',(-0.0129136748728094,0.01578707121266,-0.00366463180585533));
#4830=CARTESIAN_POINT('',(-0.0121269372473797,0.0148252781490535,-0.00344137206349621));
#4831=CARTESIAN_POINT('',(-0.0118438937353818,0.0144792551831509,-0.00336105021346325));
#4832=CARTESIAN_POINT('',(-0.0159364888533796,0.0192059979061353,-0.00436792242844149));
#4833=CARTESIAN_POINT('',(-0.0159092561714995,0.0191731782031268,-0.00436045841029641));
#4834=CARTESIAN_POINT('',(-0.0153738549385469,0.0185279347587498,-0.00421371397523643));
#4835=CARTESIAN_POINT('',(-0.0143302851545218,0.0172702675730045,-0.00392768912326154));
#4836=CARTESIAN_POINT('',(-0.0130283901958386,0.0157012775601777,-0.00357086170400846));
#4837=CARTESIAN_POINT('',(-0.0122346637882281,0.0147447112887195,-0.00335331470167028));
#4838=CARTESIAN_POINT('',(-0.01194910593169,0.0144005687586297,-0.003275048116247));
#4839=CARTESIAN_POINT('',(-0.0160715784736918,0.0190911410314836,-0.00429928216123239));
#4840=CARTESIAN_POINT('',(-0.0160441149471954,0.0190585175988554,-0.00429193543734066));
#4841=CARTESIAN_POINT('',(-0.0155041752522303,0.0184171328784965,-0.00414749703619016));
#4842=CARTESIAN_POINT('',(-0.0144517593887964,0.0171669868704068,-0.00386596695778089));
#4843=CARTESIAN_POINT('',(-0.0131388285929679,0.0156073798269063,-0.00351474694795559));
#4844=CARTESIAN_POINT('',(-0.0123383739656081,0.0146565340711366,-0.00330061861538906));
#4845=CARTESIAN_POINT('',(-0.0120503955067171,0.0143144496030978,-0.0032235819600813));
#4846=CARTESIAN_POINT('',(-0.0162025574076692,0.0189706075701765,-0.00426044918383013));
#4847=CARTESIAN_POINT('',(-0.0161748700610029,0.0189381901082259,-0.00425316881872858));
#4848=CARTESIAN_POINT('',(-0.0156305300063734,0.0183008548221175,-0.00411003504773668));
#4849=CARTESIAN_POINT('',(-0.0145695372437806,0.0170586017118512,-0.00383104787085444));
#4850=CARTESIAN_POINT('',(-0.0132459064239125,0.0155088413734231,-0.00348300023218164));
#4851=CARTESIAN_POINT('',(-0.0124389283120076,0.0145639988591529,-0.00327080599939919));
#4852=CARTESIAN_POINT('',(-0.012148602908066,0.0142240741690406,-0.00319446517250709));
#4853=CARTESIAN_POINT('',(-0.0163339471261205,0.0188425519205782,-0.00424308565557794));
#4854=CARTESIAN_POINT('',(-0.0163060352573254,0.018810353283414,-0.00423583496171989));
#4855=CARTESIAN_POINT('',(-0.0157572810423433,0.0181773201464999,-0.00409328453468287));
#4856=CARTESIAN_POINT('',(-0.0146876844811742,0.016943452509836,-0.00381543437446689));
#4857=CARTESIAN_POINT('',(-0.0133533200791696,0.0154041533844252,-0.00346880520946822));
#4858=CARTESIAN_POINT('',(-0.0125397980233519,0.0144656887587643,-0.0032574757776485));
#4859=CARTESIAN_POINT('',(-0.0122471183137212,0.0141280586328532,-0.00318144607900775));
#4860=CARTESIAN_POINT('',(-0.0164445188488226,0.0187296513686497,-0.00424399127902351));
#4861=CARTESIAN_POINT('',(-0.0164164180322249,0.0186976456588513,-0.00423673903761283));
#4862=CARTESIAN_POINT('',(-0.0158639490569082,0.0180684055214655,-0.00409415818531001));
#4863=CARTESIAN_POINT('',(-0.0147871119228727,0.0168419309564924,-0.00381624872211506));
#4864=CARTESIAN_POINT('',(-0.0134437146172163,0.0153118549831034,-0.00346954557428307));
#4865=CARTESIAN_POINT('',(-0.012624685470279,0.0143790134373018,-0.00325817103734324));
#4866=CARTESIAN_POINT('',(-0.0123300244820605,0.0140434063190875,-0.00318212511129554));
#4867=CARTESIAN_POINT('',(-0.0165292188121203,0.018640823176318,-0.00425177000507472));
#4868=CARTESIAN_POINT('',(-0.0165009732580477,0.0186089692584185,-0.00424450447117697));
#4869=CARTESIAN_POINT('',(-0.0159456587083264,0.0179827133871488,-0.00410166228530457));
#4870=CARTESIAN_POINT('',(-0.0148632751629565,0.0167620555625091,-0.00382324344745752));
#4871=CARTESIAN_POINT('',(-0.0135129584877808,0.0152392362048559,-0.00347590483441584));
#4872=CARTESIAN_POINT('',(-0.0126897108082538,0.0143108188005726,-0.00326414287334882));
#4873=CARTESIAN_POINT('',(-0.0123935321243753,0.0139768033496595,-0.00318795756425645));
#4874=CARTESIAN_POINT('',(-0.0165797383518498,0.0185866339021627,-0.00426005879973532));
#4875=CARTESIAN_POINT('',(-0.0165514064686888,0.018554872584288,-0.00425277910173215));
#4876=CARTESIAN_POINT('',(-0.0159943946678284,0.0179304372523142,-0.00410965844605866));
#4877=CARTESIAN_POINT('',(-0.0149087029492687,0.0167133279062414,-0.00383069683271486));
#4878=CARTESIAN_POINT('',(-0.0135542591959961,0.0151949354172344,-0.00348268108557662));
#4879=CARTESIAN_POINT('',(-0.0127284953604228,0.0142692169423265,-0.0032705062961087));
#4880=CARTESIAN_POINT('',(-0.0124314114425489,0.0139361724815178,-0.00319417246431108));
#4881=CARTESIAN_POINT('',(-0.0166227805924559,0.0185413863907075,-0.00426433637377044));
#4882=CARTESIAN_POINT('',(-0.0165943751576075,0.0185097023929437,-0.00425704936613878));
#4883=CARTESIAN_POINT('',(-0.0160359173124584,0.0178867871933933,-0.00411378500136893));
#4884=CARTESIAN_POINT('',(-0.0149474070570085,0.0166726407920564,-0.00383454327946087));
#4885=CARTESIAN_POINT('',(-0.0135894470664661,0.0151579446948706,-0.00348617808570845));
#4886=CARTESIAN_POINT('',(-0.0127615394862245,0.0142344797994714,-0.00327379024909423));
#4887=CARTESIAN_POINT('',(-0.0124636843162836,0.0139022461058589,-0.00319737976961821));
#4888=CARTESIAN_POINT('',(-0.0166675419520211,0.0184950414607143,-0.00426663968479619));
#4889=CARTESIAN_POINT('',(-0.0166390600278107,0.0184634366583584,-0.00425934874120743));
#4890=CARTESIAN_POINT('',(-0.0160790983829651,0.0178420784600325,-0.00411600699455162));
#4891=CARTESIAN_POINT('',(-0.0149876570174844,0.0166309668657368,-0.00383661444482874));
#4892=CARTESIAN_POINT('',(-0.0136260403501861,0.0151200568114663,-0.00348806108735718));
#4893=CARTESIAN_POINT('',(-0.0127959034035229,0.0141989001531659,-0.00327555853295268));
#4894=CARTESIAN_POINT('',(-0.0124972461774949,0.0138674968908354,-0.00319910678161524));
#4895=CARTESIAN_POINT('',(-0.016725640339357,0.0184357429129593,-0.00426704453778951));
#4896=CARTESIAN_POINT('',(-0.0166970591351287,0.0184042394414864,-0.00425975290237755));
#4897=CARTESIAN_POINT('',(-0.0161351456206775,0.0177848734332767,-0.00411639755430716));
#4898=CARTESIAN_POINT('',(-0.0150398997960037,0.0165776448883303,-0.00383697849357834));
#4899=CARTESIAN_POINT('',(-0.0136735369140105,0.0150715790931116,-0.00348839206256869));
#4900=CARTESIAN_POINT('',(-0.01284050634224,0.0141533758346296,-0.00327586934421748));
#4901=CARTESIAN_POINT('',(-0.0125408080806923,0.0138230351128843,-0.0031994103385247));
#4902=CARTESIAN_POINT('',(-0.0167972674855106,0.0183636985897642,-0.00426433269988057));
#4903=CARTESIAN_POINT('',(-0.0167685638829734,0.018332318229483,-0.00425704569852695));
#4904=CARTESIAN_POINT('',(-0.0162042439876239,0.0177153726176242,-0.00411378145718486));
#4905=CARTESIAN_POINT('',(-0.0151043077994623,0.0165128617541878,-0.00383453997585429));
#4906=CARTESIAN_POINT('',(-0.0137320935018065,0.0150126814549545,-0.00348617508223189));
#4907=CARTESIAN_POINT('',(-0.012895495496963,0.0140980664072988,-0.00327378742859797));
#4908=CARTESIAN_POINT('',(-0.0125945137849317,0.0137690166112209,-0.00319737701495251));
#4909=CARTESIAN_POINT('',(-0.0168825657851335,0.0182791444337088,-0.00425735285482646));
#4910=CARTESIAN_POINT('',(-0.0168537164226689,0.0182479085617434,-0.00425007778081152));
#4911=CARTESIAN_POINT('',(-0.0162865308512469,0.0176338036257587,-0.00410704803388549));
#4912=CARTESIAN_POINT('',(-0.0151810090708676,0.0164368296257546,-0.00382826361404837));
#4913=CARTESIAN_POINT('',(-0.0138018265239768,0.014943556784652,-0.00348046892288223));
#4914=CARTESIAN_POINT('',(-0.0129609801860432,0.0140331530075687,-0.00326842890462718));
#4915=CARTESIAN_POINT('',(-0.0126584700570669,0.0137056182945047,-0.00319214355928321));
#4916=CARTESIAN_POINT('',(-0.0169816468132007,0.0181823537215449,-0.00424493570748593));
#4917=CARTESIAN_POINT('',(-0.0169526281385278,0.0181512832480369,-0.00423768185221161));
#4918=CARTESIAN_POINT('',(-0.0163821138473937,0.0175404300864617,-0.00409506927095219));
#4919=CARTESIAN_POINT('',(-0.0152701039397982,0.0163497942368192,-0.00381709796370766));
#4920=CARTESIAN_POINT('',(-0.0138828271952375,0.014864428491274,-0.0034703176629554));
#4921=CARTESIAN_POINT('',(-0.0130370460671382,0.0139588454337961,-0.00325889608818825));
#4922=CARTESIAN_POINT('',(-0.0127327605555003,0.0136330450643854,-0.0031828332394062));
#4923=CARTESIAN_POINT('',(-0.0170945877698522,0.0180736300988044,-0.00422592597642202));
#4924=CARTESIAN_POINT('',(-0.0170653760987689,0.0180427454150183,-0.00421870460546489));
#4925=CARTESIAN_POINT('',(-0.0164910674506721,0.0174355449251326,-0.0040767306738819));
#4926=CARTESIAN_POINT('',(-0.0153716618255616,0.0162520286291475,-0.00380000418167306));
#4927=CARTESIAN_POINT('',(-0.0139751586282078,0.0147755448109602,-0.00345477683736345));
#4928=CARTESIAN_POINT('',(-0.0131237524078677,0.0138753767988724,-0.00324430205367969));
#4929=CARTESIAN_POINT('',(-0.0128174431645412,0.013551524592884,-0.00316857983062178));
#4930=CARTESIAN_POINT('',(-0.0172214359046193,0.0179533049574257,-0.00419917670292867));
#4931=CARTESIAN_POINT('',(-0.017192007472182,0.0179226258883346,-0.0041920010418178));
#4932=CARTESIAN_POINT('',(-0.0166134372424798,0.0173194678339969,-0.00405092577707044));
#4933=CARTESIAN_POINT('',(-0.0154857252155125,0.0161438307944124,-0.00377595090868659));
#4934=CARTESIAN_POINT('',(-0.0140788594503001,0.014677176663078,-0.00343290878501309));
#4935=CARTESIAN_POINT('',(-0.0132211354823527,0.0137830015169904,-0.00322376626497607));
#4936=CARTESIAN_POINT('',(-0.0129125533116704,0.0134613053561495,-0.00314852334857555));
#4937=CARTESIAN_POINT('',(-0.0173622110616733,0.017821733967025,-0.00416355190082053));
#4938=CARTESIAN_POINT('',(-0.0173325420690284,0.0177912797298251,-0.00415643711628742));
#4939=CARTESIAN_POINT('',(-0.0167492423663946,0.0171925419258405,-0.00401655870005217));
#4940=CARTESIAN_POINT('',(-0.0156123119537719,0.0160255205550711,-0.00374391665211478));
#4941=CARTESIAN_POINT('',(-0.0141939458845112,0.0145696148144699,-0.00340378481506058));
#4942=CARTESIAN_POINT('',(-0.0133292105252393,0.0136819926406535,-0.00319641660970852));
#4943=CARTESIAN_POINT('',(-0.0130181058759564,0.0133626540336217,-0.00312181203605859));
#4944=CARTESIAN_POINT('',(-0.0175169079273179,0.0176792943389221,-0.00411792790808529));
#4945=CARTESIAN_POINT('',(-0.0174869745846917,0.0176490835062208,-0.00411089108700396));
#4946=CARTESIAN_POINT('',(-0.0168984776963188,0.0170551310946277,-0.00397254545143246));
#4947=CARTESIAN_POINT('',(-0.0157514172621992,0.0158974371041429,-0.00370289100137081));
#4948=CARTESIAN_POINT('',(-0.0143204135867907,0.0144531676427404,-0.00336648631191377));
#4949=CARTESIAN_POINT('',(-0.013447973457129,0.0135726397602296,-0.00316139043694688));
#4950=CARTESIAN_POINT('',(-0.013134096873214,0.0132558534566106,-0.00308760337647016));
#4951=CARTESIAN_POINT('',(-0.0176854994608827,0.0175263819768529,-0.00406119143885099));
#4952=CARTESIAN_POINT('',(-0.0176552780247094,0.0174964324447273,-0.00405425157050698));
#4953=CARTESIAN_POINT('',(-0.0170611171462465,0.0169076172668084,-0.00391781204962994));
#4954=CARTESIAN_POINT('',(-0.0159030168254938,0.0157599364430962,-0.00365187287621987));
#4955=CARTESIAN_POINT('',(-0.0144582404508638,0.0143281588069087,-0.00332010314267747));
#4956=CARTESIAN_POINT('',(-0.0135774035185236,0.0134552468165146,-0.0031178330616681));
#4957=CARTESIAN_POINT('',(-0.0132605060284731,0.0131412004719137,-0.00304506263319176));
#4958=CARTESIAN_POINT('',(-0.0178679399258045,0.0173634068559888,-0.00399224422030352));
#4959=CARTESIAN_POINT('',(-0.0178374067306742,0.0173337358199398,-0.0039854221707392));
#4960=CARTESIAN_POINT('',(-0.0172371165943328,0.0167503959434787,-0.00385129899608865));
#4961=CARTESIAN_POINT('',(-0.0160670695167803,0.0156133872266055,-0.00358987469635187));
#4962=CARTESIAN_POINT('',(-0.0146073890861987,0.0141949234696668,-0.00326373744792385));
#4963=CARTESIAN_POINT('',(-0.0137174655968284,0.0133301285531403,-0.00306490132458206));
#4964=CARTESIAN_POINT('',(-0.0133972990486693,0.0130190024770258,-0.0029933663263265));
#4965=CARTESIAN_POINT('',(-0.0180641689204399,0.0171907904640911,-0.00390999832051499));
#4966=CARTESIAN_POINT('',(-0.0180333004041586,0.0171614143993706,-0.00390331681485877));
#4967=CARTESIAN_POINT('',(-0.0174264177713999,0.0165838737318758,-0.00377195676805634));
#4968=CARTESIAN_POINT('',(-0.016243521022164,0.0154581684616067,-0.00351591818010771));
#4969=CARTESIAN_POINT('',(-0.014767810113275,0.0140538062054733,-0.00319649982210104));
#4970=CARTESIAN_POINT('',(-0.0138681133208632,0.013197608552114,-0.00300176000524059));
#4971=CARTESIAN_POINT('',(-0.0135444306449287,0.012889575501529,-0.00293169872952635));
#4972=CARTESIAN_POINT('',(-0.0182741140150485,0.017008962843387,-0.00381337697275095));
#4973=CARTESIAN_POINT('',(-0.0182428867391918,0.0169798974903795,-0.00380686057613792));
#4974=CARTESIAN_POINT('',(-0.017628950804822,0.0164084654916891,-0.00367874661378976));
#4975=CARTESIAN_POINT('',(-0.0164323062119392,0.0152946668473158,-0.00342903508570644));
#4976=CARTESIAN_POINT('',(-0.0149394443193681,0.0139051585822289,-0.00311750998742043));
#4977=CARTESIAN_POINT('',(-0.0140292910853103,0.0130580169628251,-0.00292758245486958));
#4978=CARTESIAN_POINT('',(-0.0137018465097655,0.0127532419891042,-0.00285925248805388));
#4979=CARTESIAN_POINT('',(-0.0184976942411482,0.0168183602295402,-0.00370131097188716));
#4980=CARTESIAN_POINT('',(-0.0184660849056529,0.0167896205831797,-0.00369498607653763));
#4981=CARTESIAN_POINT('',(-0.0178446375846898,0.016224592057387,-0.00357063707619499));
#4982=CARTESIAN_POINT('',(-0.0166333522782589,0.0151232746521622,-0.00332826397085924));
#4983=CARTESIAN_POINT('',(-0.0151222255111665,0.0137493372310901,-0.00302589384785711));
#4984=CARTESIAN_POINT('',(-0.0142009367295418,0.0129116886894502,-0.00284154782984809));
#4985=CARTESIAN_POINT('',(-0.0138694859333849,0.0126103290272425,-0.00277522591683218));
#4986=CARTESIAN_POINT('',(-0.0188238909190246,0.0165446999395592,-0.0035244426414775));
#4987=CARTESIAN_POINT('',(-0.0187917241702596,0.016516427930938,-0.00351841998327826));
#4988=CARTESIAN_POINT('',(-0.0181593179671282,0.0159605932782759,-0.00340001303974894));
#4989=CARTESIAN_POINT('',(-0.0169266723096305,0.014877195981573,-0.00316922181088954));
#4990=CARTESIAN_POINT('',(-0.0153888976520037,0.0135256146111466,-0.00288130054107141));
#4991=CARTESIAN_POINT('',(-0.0144513624487433,0.0127015958847609,-0.00270576355658337));
#4992=CARTESIAN_POINT('',(-0.0141140666998492,0.012405139802416,-0.00264261085742542));
#4993=CARTESIAN_POINT('',(-0.0190736774611951,0.016340395965818,-0.00337313042765615));
#4994=CARTESIAN_POINT('',(-0.0190410838707649,0.0163124730770797,-0.00336736633565814));
#4995=CARTESIAN_POINT('',(-0.0184002858553665,0.0157635022073026,-0.00325404286732753));
#4996=CARTESIAN_POINT('',(-0.017151283415,0.0146934833564867,-0.00303316002266433));
#4997=CARTESIAN_POINT('',(-0.0155931030178787,0.0133585921312923,-0.00275759985761487));
#4998=CARTESIAN_POINT('',(-0.0146431270457255,0.0125447488871368,-0.00258959906889799));
#4999=CARTESIAN_POINT('',(-0.0143013554985405,0.0122519536240201,-0.00252915765651371));
#5000=CARTESIAN_POINT('',(-0.0192439408316551,0.016203292443696,-0.00326347076894095));
#5001=CARTESIAN_POINT('',(-0.0192110562907999,0.0161756038409813,-0.0032578940661871));
#5002=CARTESIAN_POINT('',(-0.0185645381183889,0.0156312390921297,-0.00314825471654923));
#5003=CARTESIAN_POINT('',(-0.0173043863144221,0.0145701981971411,-0.00293455272002733));
#5004=CARTESIAN_POINT('',(-0.015732296641193,0.0132465073301882,-0.00266795094965098));
#5005=CARTESIAN_POINT('',(-0.0147738405995198,0.0124394926093721,-0.00250541182615865));
#5006=CARTESIAN_POINT('',(-0.0144290181894023,0.0121491540346929,-0.00244693534955033));
#5007=CARTESIAN_POINT('',(-0.0168704919718365,0.0162601991330658,-0.00793443780100324));
#5008=CARTESIAN_POINT('',(-0.0166908235689648,0.016427635968517,-0.00763503377626203));
#5009=CARTESIAN_POINT('',(-0.0164003933945488,0.0166824897374269,-0.00720447898787888));
#5010=CARTESIAN_POINT('',(-0.0159608482317233,0.0170343674512765,-0.00668104027116408));
#5011=CARTESIAN_POINT('',(-0.015596955812003,0.0173083120201049,-0.00631826757947399));
#5012=CARTESIAN_POINT('',(-0.0151953370139297,0.0175905396550962,-0.00600549140463866));
#5013=CARTESIAN_POINT('',(-0.0147362725575529,0.0178821288355334,-0.0057928056498853));
#5014=CARTESIAN_POINT('',(-0.0144651772881388,0.0181052514119302,-0.00542488074633315));
#5015=CARTESIAN_POINT('',(-0.014453943814893,0.0181871667347278,-0.0050370006199572));
#5016=CARTESIAN_POINT('',(-0.0145746069608167,0.0181886705285518,-0.00467263183938504));
#5017=CARTESIAN_POINT('',(-0.0147358631939326,0.0181804520475835,-0.0041903500363003));
#5018=CARTESIAN_POINT('',(-0.0152758402548802,0.0179108469211777,-0.00397414888403857));
#5019=CARTESIAN_POINT('',(-0.0157779464556353,0.0176170186504056,-0.00406481959907788));
#5020=CARTESIAN_POINT('',(-0.0162916693435696,0.0173300980892683,-0.00406174854241067));
#5021=CARTESIAN_POINT('',(-0.0168029881373843,0.0170539831457635,-0.00398377321317132));
#5022=CARTESIAN_POINT('',(-0.0174863440014647,0.0166910610810579,-0.00381778852889122));
#5023=CARTESIAN_POINT('',(-0.0179845963107036,0.0164309310674628,-0.0036364364303778));
#5024=CARTESIAN_POINT('',(-0.0183122602333402,0.0162601991330675,-0.00349713135814291));
#5025=CARTESIAN_POINT('',(0.,0.0191902019685288,0.));
#5026=CARTESIAN_POINT('',(0.,0.0162601991330675,0.));
#5027=CARTESIAN_POINT('',(-0.0127593674965428,0.0162601991330675,-0.0135929152015984));
#5028=CARTESIAN_POINT('',(-0.0135929152015992,0.0162601991330658,-0.0127593674965463));
#5029=CARTESIAN_POINT('',(-0.0127593674965428,0.0162601991330675,-0.0135929152015985));
#5030=CARTESIAN_POINT('',(-0.0119944359899928,0.0153282330917351,-0.0127982651004634));
#5031=CARTESIAN_POINT('',(-0.0112295718338282,0.0143962737752823,-0.0120035422795112));
#5032=CARTESIAN_POINT('',(-0.0104648314954244,0.0134643259709999,-0.0112086868203262));
#5033=CARTESIAN_POINT('',(-0.01120868682032,0.0134643259709927,-0.0104648314954185));
#5034=CARTESIAN_POINT('',(-0.0120035422794382,0.0143962737751968,-0.011229571833758));
#5035=CARTESIAN_POINT('',(-0.0127982651009571,0.0153282330923141,-0.011994435990468));
#5036=CARTESIAN_POINT('',(-0.0135929152015991,0.0162601991330683,-0.0127593674965435));
#5037=CARTESIAN_POINT('',(-0.0139515079295549,0.016203292443696,-0.0136504551822839));
#5038=CARTESIAN_POINT('',(-0.0139276672341114,0.0161756038409813,-0.0136271289335149));
#5039=CARTESIAN_POINT('',(-0.0134589532899199,0.0156312390921297,-0.0131685291376503));
#5040=CARTESIAN_POINT('',(-0.0125453660969803,0.0145701981971411,-0.0122746557946899));
#5041=CARTESIAN_POINT('',(-0.01140562960881,0.0132465073301881,-0.0111595131212284));
#5042=CARTESIAN_POINT('',(-0.0107107663693877,0.0124394926093719,-0.0104796439948627));
#5043=CARTESIAN_POINT('',(-0.0104607763787133,0.0121491540346926,-0.0102350484155927));
#5044=CARTESIAN_POINT('',(-0.0139401461588909,0.016340395965818,-0.013448252891898));
#5045=CARTESIAN_POINT('',(-0.0139163248787332,0.0163124730770798,-0.0134252721716015));
#5046=CARTESIAN_POINT('',(-0.0134479926438428,0.0157635022073027,-0.0129734655506058));
#5047=CARTESIAN_POINT('',(-0.0125351494542196,0.0146934833564867,-0.012092833028911));
#5048=CARTESIAN_POINT('',(-0.0113963411398826,0.0133585921312922,-0.0109942088084732));
#5049=CARTESIAN_POINT('',(-0.0107020437802784,0.0125447488871366,-0.0103244104887346));
#5050=CARTESIAN_POINT('',(-0.0104522573754068,0.0122519536240198,-0.0100834380696952));
#5051=CARTESIAN_POINT('',(-0.0139157394656199,0.0165446999395592,-0.0131572322465399));
#5052=CARTESIAN_POINT('',(-0.0138919598922471,0.016516427930938,-0.0131347488298044));
#5053=CARTESIAN_POINT('',(-0.013424447623021,0.0159605932782759,-0.0126927193192985));
#5054=CARTESIAN_POINT('',(-0.0125132026579415,0.014877195981573,-0.0118311437150224));
#5055=CARTESIAN_POINT('',(-0.0113763881925144,0.0135256146111465,-0.0107562937597035));
#5056=CARTESIAN_POINT('',(-0.0106833064229407,0.0127015958847607,-0.0101009898981549));
#5057=CARTESIAN_POINT('',(-0.0104339573492203,0.0124051398024157,-0.00986523213037665));
#5058=CARTESIAN_POINT('',(-0.0138670953540855,0.0168183602295403,-0.012789372994417));
#5059=CARTESIAN_POINT('',(-0.0138433989050212,0.0167896205831797,-0.0127675181850291));
#5060=CARTESIAN_POINT('',(-0.0133775208801717,0.016224592057387,-0.0123378472497999));
#5061=CARTESIAN_POINT('',(-0.012469461279537,0.0151232746521622,-0.0115003601887293));
#5062=CARTESIAN_POINT('',(-0.0113366206833956,0.01374933723109,-0.010455561652531));
#5063=CARTESIAN_POINT('',(-0.0106459616630393,0.01291168868945,-0.00981857924217413));
#5064=CARTESIAN_POINT('',(-0.0103974842184683,0.0126103290272422,-0.00958941295765859));
#5065=CARTESIAN_POINT('',(-0.0138263414936703,0.017008962843387,-0.0125426220493049));
#5066=CARTESIAN_POINT('',(-0.0138027146858505,0.0169798974903795,-0.0125211888942761));
#5067=CARTESIAN_POINT('',(-0.0133382058250191,0.0164084654916891,-0.0120998077875944));
#5068=CARTESIAN_POINT('',(-0.0124328149111763,0.0152946668473158,-0.0112784787292601));
#5069=CARTESIAN_POINT('',(-0.0113033036083258,0.0139051585822288,-0.0102538379464068));
#5070=CARTESIAN_POINT('',(-0.0106146743584869,0.0130580169628249,-0.00962914511520628));
#5071=CARTESIAN_POINT('',(-0.0103669271616595,0.0127532419891038,-0.0094044002356585));
#5072=CARTESIAN_POINT('',(-0.0137811071756288,0.0171907904640912,-0.0123159802966086));
#5073=CARTESIAN_POINT('',(-0.0137575576653746,0.0171614143993706,-0.0122949344328337));
#5074=CARTESIAN_POINT('',(-0.0132945684937215,0.0165838737318758,-0.0118811675675919));
#5075=CARTESIAN_POINT('',(-0.0123921396606697,0.0154581684616067,-0.0110746797008831));
#5076=CARTESIAN_POINT('',(-0.0112663236718348,0.0140538062054732,-0.0100685538969551));
#5077=CARTESIAN_POINT('',(-0.0105799473443987,0.0131976085521138,-0.00945514909449396));
#5078=CARTESIAN_POINT('',(-0.0103330106783613,0.0128895755015287,-0.00923446529349976));
#5079=CARTESIAN_POINT('',(-0.0137323049971565,0.0173634068559888,-0.0121088847782022));
#5080=CARTESIAN_POINT('',(-0.0137088388813195,0.0173337358199398,-0.0120881928045736));
#5081=CARTESIAN_POINT('',(-0.0132474892644496,0.0167503959434787,-0.0116813835067679));
#5082=CARTESIAN_POINT('',(-0.0123482561465466,0.0156133872266055,-0.0108884568847853));
#5083=CARTESIAN_POINT('',(-0.0112264269399139,0.0141949234696667,-0.00989924927493754));
#5084=CARTESIAN_POINT('',(-0.0105424812343141,0.01333012855314,-0.00929615898926675));
#5085=CARTESIAN_POINT('',(-0.0102964190297474,0.0130190024770255,-0.00907918602777296));
#5086=CARTESIAN_POINT('',(-0.0136808486539738,0.0175263819768529,-0.01192076118337));
#5087=CARTESIAN_POINT('',(-0.0136574704680591,0.0174964324447273,-0.0119003906801769));
#5088=CARTESIAN_POINT('',(-0.0131978495751155,0.0169076172668084,-0.011499901570309));
#5089=CARTESIAN_POINT('',(-0.0123019859751431,0.0157599364430962,-0.0107192938537663));
#5090=CARTESIAN_POINT('',(-0.0111843603766199,0.0143281588069086,-0.00974545457015236));
#5091=CARTESIAN_POINT('',(-0.0105029774851255,0.0134552468165143,-0.00915173389321325));
#5092=CARTESIAN_POINT('',(-0.0102578373006599,0.0131412004719133,-0.00893813182294894));
#5093=CARTESIAN_POINT('',(-0.0136276538046944,0.0176792943389221,-0.0117510189077253));
#5094=CARTESIAN_POINT('',(-0.0136043665195058,0.0176490835062208,-0.0117309384644969));
#5095=CARTESIAN_POINT('',(-0.0131465327572252,0.0170551310946277,-0.0113361520049744));
#5096=CARTESIAN_POINT('',(-0.0122541525178528,0.0158974371041429,-0.0105666595291578));
#5097=CARTESIAN_POINT('',(-0.0111408725507131,0.0144531676427403,-0.00960668695200415));
#5098=CARTESIAN_POINT('',(-0.0104621390606653,0.0135726397602294,-0.0090214203911446));
#5099=CARTESIAN_POINT('',(-0.0102179520477094,0.0132558534566103,-0.00881085984657914));
#5100=CARTESIAN_POINT('',(-0.0135736358539667,0.0178217339670251,-0.0115990494043618));
#5101=CARTESIAN_POINT('',(-0.0135504408760411,0.0177912797298251,-0.0115792286505279));
#5102=CARTESIAN_POINT('',(-0.0130944218972858,0.0171925419258405,-0.0111895477484604));
#5103=CARTESIAN_POINT('',(-0.0122055789177008,0.0160255205550711,-0.0104300066981593));
#5104=CARTESIAN_POINT('',(-0.0110967118233324,0.0145696148144698,-0.00948244892153815));
#5105=CARTESIAN_POINT('',(-0.0104206687297937,0.0136819926406532,-0.00890475129315055));
#5106=CARTESIAN_POINT('',(-0.0101774496370846,0.0133626540336214,-0.0086969138129965));
#5107=CARTESIAN_POINT('',(-0.013519711363088,0.0179533049574257,-0.0114642201766243));
#5108=CARTESIAN_POINT('',(-0.0134966085327187,0.0179226258883347,-0.0114446298224412));
#5109=CARTESIAN_POINT('',(-0.0130424011976177,0.0173194678339969,-0.0110594786342544));
#5110=CARTESIAN_POINT('',(-0.0121570893577849,0.0161438307944124,-0.0103087666120639));
#5111=CARTESIAN_POINT('',(-0.0110526275011995,0.0146771766630779,-0.00937222340041306));
#5112=CARTESIAN_POINT('',(-0.0103792701493458,0.0137830015169902,-0.00880124102276592));
#5113=CARTESIAN_POINT('',(-0.0101370173022239,0.0134613053561492,-0.00859581947912246));
#5114=CARTESIAN_POINT('',(-0.0134667925170344,0.0180736300988044,-0.011345875051424));
#5115=CARTESIAN_POINT('',(-0.0134437801157498,0.0180427454150183,-0.0113264869284335));
#5116=CARTESIAN_POINT('',(-0.0129913506387256,0.0174355449251326,-0.0109453116553011));
#5117=CARTESIAN_POINT('',(-0.0121095040859617,0.0162520286291475,-0.0102023492320268));
#5118=CARTESIAN_POINT('',(-0.0110093653133083,0.0147755448109601,-0.00927547395434188));
#5119=CARTESIAN_POINT('',(-0.0103386436163947,0.0138753767988722,-0.00871038582679886));
#5120=CARTESIAN_POINT('',(-0.0100973389952207,0.0135515245928837,-0.00850708484939775));
#5121=CARTESIAN_POINT('',(-0.013415786683824,0.018182353721545,-0.0112433302585626));
#5122=CARTESIAN_POINT('',(-0.0133928614426186,0.018151283248037,-0.0112241173667505));
#5123=CARTESIAN_POINT('',(-0.0129421455542173,0.0175404300864617,-0.0108463871817449));
#5124=CARTESIAN_POINT('',(-0.0120636390186201,0.0163497942368192,-0.0101101397035456));
#5125=CARTESIAN_POINT('',(-0.0109676670506959,0.0148644284912739,-0.00919164158786251));
#5126=CARTESIAN_POINT('',(-0.0102994857299676,0.0139588454337958,-0.00863166076537307));
#5127=CARTESIAN_POINT('',(-0.0100590950564352,0.013633045064385,-0.00843019723607725));
#5128=CARTESIAN_POINT('',(-0.0133675939999643,0.0182791444337089,-0.0111558734069538));
#5129=CARTESIAN_POINT('',(-0.0133447511116561,0.0182479085617434,-0.0111368099636583));
#5130=CARTESIAN_POINT('',(-0.0128956543014969,0.0176338036257587,-0.0107620179732959));
#5131=CARTESIAN_POINT('',(-0.0120203035694866,0.0164368296257546,-0.0100314974358666));
#5132=CARTESIAN_POINT('',(-0.0109282685924981,0.0149435567846519,-0.00912014390737963));
#5133=CARTESIAN_POINT('',(-0.0102624875373607,0.0140331530075684,-0.00856451892595951));
#5134=CARTESIAN_POINT('',(-0.0100229604040742,0.0137056182945043,-0.00836462249160629));
#5135=CARTESIAN_POINT('',(-0.0133231037306672,0.0183636985897642,-0.0110827629829815));
#5136=CARTESIAN_POINT('',(-0.013300336868475,0.0183323182294831,-0.0110638244726582));
#5137=CARTESIAN_POINT('',(-0.0128527347504814,0.0177153726176242,-0.0106914886952983));
#5138=CARTESIAN_POINT('',(-0.0119802973766863,0.0165128617541878,-0.00996575565090195));
#5139=CARTESIAN_POINT('',(-0.0108918969303552,0.0150126814549544,-0.0090603747110618));
#5140=CARTESIAN_POINT('',(-0.0102283317398255,0.0140980664072986,-0.00850839103825817));
#5141=CARTESIAN_POINT('',(-0.00998960180509728,0.0137690166112205,-0.00830980463249106));
#5142=CARTESIAN_POINT('',(-0.0132831962734487,0.0184357429129594,-0.0110232214261552));
#5143=CARTESIAN_POINT('',(-0.0132604976061454,0.0184042394414864,-0.011004384661975));
#5144=CARTESIAN_POINT('',(-0.0128142362164637,0.0177848734332767,-0.0106340492388481));
#5145=CARTESIAN_POINT('',(-0.0119444121044036,0.0165776448883303,-0.00991221515677457));
#5146=CARTESIAN_POINT('',(-0.0108592718063928,0.0150715790931115,-0.00901169832805561));
#5147=CARTESIAN_POINT('',(-0.0101976942307603,0.0141533758346293,-0.0084626801582833));
#5148=CARTESIAN_POINT('',(-0.00995967937750633,0.013823035112884,-0.00826516064745765));
#5149=CARTESIAN_POINT('',(-0.0132487193652388,0.0184950414607143,-0.0109764568100735));
#5150=CARTESIAN_POINT('',(-0.0132260796129627,0.0184634366583584,-0.0109576999584715));
#5151=CARTESIAN_POINT('',(-0.0127809765072251,0.0178420784600326,-0.0105889356363154));
#5152=CARTESIAN_POINT('',(-0.011913410048026,0.0166309668657368,-0.00987016384360524));
#5153=CARTESIAN_POINT('',(-0.0108310862620714,0.0151200568114662,-0.00897346734309544));
#5154=CARTESIAN_POINT('',(-0.0101712258295782,0.0141989001531656,-0.00842677831313978));
#5155=CARTESIAN_POINT('',(-0.00993382875054659,0.013867496890835,-0.00823009675373824));
#5156=CARTESIAN_POINT('',(-0.0132205458804506,0.0185413863907075,-0.0109415979617462));
#5157=CARTESIAN_POINT('',(-0.0131979542717497,0.0185097023929437,-0.0109229006778405));
#5158=CARTESIAN_POINT('',(-0.0127537976805568,0.0178867871933933,-0.0105553074712636));
#5159=CARTESIAN_POINT('',(-0.0118880761068721,0.0166726407920564,-0.00983881834201557));
#5160=CARTESIAN_POINT('',(-0.0108080538892336,0.0151579446948705,-0.00894496955528515));
#5161=CARTESIAN_POINT('',(-0.0101495966540869,0.0142344797994712,-0.00840001669122592));
#5162=CARTESIAN_POINT('',(-0.00991270440143206,0.0139022461058585,-0.00820395974983788));
#5163=CARTESIAN_POINT('',(-0.0131917856561076,0.0185866339021627,-0.0109092903525534));
#5164=CARTESIAN_POINT('',(-0.0131692431936174,0.018554872584288,-0.0108906482767209));
#5165=CARTESIAN_POINT('',(-0.0127260528290329,0.0179304372523142,-0.0105241404744608));
#5166=CARTESIAN_POINT('',(-0.011862214562354,0.0167133279062414,-0.009809766945773));
#5167=CARTESIAN_POINT('',(-0.0107845418453757,0.0151949354172343,-0.00891855745518379));
#5168=CARTESIAN_POINT('',(-0.0101275170304917,0.0142692169423263,-0.00837521369102223));
#5169=CARTESIAN_POINT('',(-0.00989114011770208,0.0139361724815174,-0.00817973565328831));
#5170=CARTESIAN_POINT('',(-0.0131553852399588,0.0186408231763181,-0.010873291217625));
#5171=CARTESIAN_POINT('',(-0.0131329049794355,0.0186089692584185,-0.0108547106580398));
#5172=CARTESIAN_POINT('',(-0.0126909375208415,0.0179827133871489,-0.0104894122803527));
#5173=CARTESIAN_POINT('',(-0.0118294828641766,0.0167620555625091,-0.00977739608456352));
#5174=CARTESIAN_POINT('',(-0.0107547837958303,0.0152392362048557,-0.00888912746085606));
#5175=CARTESIAN_POINT('',(-0.0100995719255549,0.0143108188005724,-0.0083475766552506));
#5176=CARTESIAN_POINT('',(-0.00986384725335021,0.0139768033496592,-0.00815274366774712));
#5177=CARTESIAN_POINT('',(-0.0130993067290926,0.0187296513686497,-0.0108093397283488));
#5178=CARTESIAN_POINT('',(-0.0130769222969706,0.0186976456588513,-0.0107908684507127));
#5179=CARTESIAN_POINT('',(-0.0126368388483449,0.0180684055214655,-0.0104277185830595));
#5180=CARTESIAN_POINT('',(-0.0117790563832155,0.0168419309564924,-0.00971989012538917));
#5181=CARTESIAN_POINT('',(-0.0107089385203818,0.0153118549831033,-0.00883684587213464));
#5182=CARTESIAN_POINT('',(-0.0100565196740518,0.0143790134373015,-0.00829848020889721));
#5183=CARTESIAN_POINT('',(-0.00982179984422544,0.0140434063190872,-0.00810479313567686));
#5184=CARTESIAN_POINT('',(-0.0130335816364098,0.0188425519205782,-0.0107204176376909));
#5185=CARTESIAN_POINT('',(-0.0130113095170159,0.018810353283414,-0.0107020983124095));
#5186=CARTESIAN_POINT('',(-0.0125734341642877,0.0181773201464999,-0.0103419358654744));
#5187=CARTESIAN_POINT('',(-0.0117199555782253,0.016943452509836,-0.00963993029688573));
#5188=CARTESIAN_POINT('',(-0.0106552069763129,0.0154041533844251,-0.00876415033017563));
#5189=CARTESIAN_POINT('',(-0.0100060616077348,0.014465688758764,-0.00823021348511919));
#5190=CARTESIAN_POINT('',(-0.00977251947249094,0.0141280586328529,-0.00803811976171641));
#5191=CARTESIAN_POINT('',(-0.0129704000870396,0.0189706075701765,-0.0106039150967432));
#5192=CARTESIAN_POINT('',(-0.0129482359339016,0.018938190108226,-0.0105857948539991));
#5193=CARTESIAN_POINT('',(-0.0125124832243569,0.0183008548221175,-0.0102295464187788));
#5194=CARTESIAN_POINT('',(-0.0116631419584054,0.0170586017118512,-0.00953516979108255));
#5195=CARTESIAN_POINT('',(-0.0106035548284686,0.015508841373423,-0.00866890723263779));
#5196=CARTESIAN_POINT('',(-0.00995755625493869,0.0145639988591527,-0.0081407728666691));
#5197=CARTESIAN_POINT('',(-0.00972514623781553,0.0142240741690402,-0.00795076669317649));
#5198=CARTESIAN_POINT('',(-0.0129248291399473,0.0190911410314836,-0.0104751254618308));
#5199=CARTESIAN_POINT('',(-0.0129027428596154,0.0190585175988554,-0.0104572252981259));
#5200=CARTESIAN_POINT('',(-0.0124685211486165,0.0184171328784965,-0.0101053036710225));
#5201=CARTESIAN_POINT('',(-0.0116221640069506,0.0171669868704068,-0.0094193605805204));
#5202=CARTESIAN_POINT('',(-0.0105662996911687,0.0156073798269062,-0.00856361919634217));
#5203=CARTESIAN_POINT('',(-0.00992257080605376,0.0146565340711364,-0.00804189927556257));
#5204=CARTESIAN_POINT('',(-0.00969097735160585,0.0143144496030974,-0.0078542008181816));
#5205=CARTESIAN_POINT('',(-0.0129009565960606,0.0192059979061354,-0.0103254899264556));
#5206=CARTESIAN_POINT('',(-0.0128789111097454,0.0191731782031268,-0.0103078454638007));
#5207=CARTESIAN_POINT('',(-0.0124454914191632,0.0185279347587499,-0.00996095098231703));
#5208=CARTESIAN_POINT('',(-0.0116006975243139,0.0172702675730045,-0.00928480648200446));
#5209=CARTESIAN_POINT('',(-0.0105467834213313,0.0157012775601776,-0.00844128923018922));
#5210=CARTESIAN_POINT('',(-0.00990424352261567,0.0147447112887192,-0.00792702199720284));
#5211=CARTESIAN_POINT('',(-0.00967307782816716,0.0144005687586293,-0.00774200478304531));
#5212=CARTESIAN_POINT('',(-0.0129112727181854,0.0193109417684178,-0.0101445482716987));
#5213=CARTESIAN_POINT('',(-0.0128892096034156,0.0192779427346393,-0.0101272130067955));
#5214=CARTESIAN_POINT('',(-0.0124554433330719,0.0186291736031569,-0.00978639742926236));
#5215=CARTESIAN_POINT('',(-0.0116099739071544,0.0173646343739704,-0.00912210153909931));
#5216=CARTESIAN_POINT('',(-0.0105552170522011,0.0157870712126599,-0.00829336590137177));
#5217=CARTESIAN_POINT('',(-0.00991216335282149,0.0148252781490532,-0.00778811057627418));
#5218=CARTESIAN_POINT('',(-0.00968081280901571,0.0144792551831505,-0.00760633556380652));
#5219=CARTESIAN_POINT('',(-0.0129687950760952,0.0193816424283916,-0.00995304099237618));
#5220=CARTESIAN_POINT('',(-0.0129466336656413,0.0193485225795076,-0.00993603298003555));
#5221=CARTESIAN_POINT('',(-0.0125109348779388,0.0186973781932956,-0.00960165126848207));
#5222=CARTESIAN_POINT('',(-0.0116616987129879,0.0174282092697557,-0.00894989585771573));
#5223=CARTESIAN_POINT('',(-0.0106022427007444,0.0158448703799492,-0.00813680496857711));
#5224=CARTESIAN_POINT('',(-0.0099563240657494,0.0148795560274706,-0.00764108777865135));
#5225=CARTESIAN_POINT('',(-0.00972394280800287,0.01453226621232,-0.00746274428793844));
#5226=CARTESIAN_POINT('',(-0.0131255132923635,0.019402143896641,-0.00970476259245262));
#5227=CARTESIAN_POINT('',(-0.0131030840777923,0.019368989014321,-0.00968817884462502));
#5228=CARTESIAN_POINT('',(-0.012662120195188,0.0187171558621281,-0.00936213827789068));
#5229=CARTESIAN_POINT('',(-0.0118026216445505,0.0174466444400623,-0.00872664089224958));
#5230=CARTESIAN_POINT('',(-0.0107303628965494,0.0158616307297602,-0.00793383253837856));
#5231=CARTESIAN_POINT('',(-0.0100766388165815,0.0148952952893309,-0.0074504810034143));
#5232=CARTESIAN_POINT('',(-0.00984144940464682,0.0145476381187745,-0.00727658628735678));
#5233=CARTESIAN_POINT('',(-0.0132857843698841,0.019402143896641,-0.00948416837897885));
#5234=CARTESIAN_POINT('',(-0.0132630812799751,0.019368989014321,-0.00946796158821472));
#5235=CARTESIAN_POINT('',(-0.0128167329407755,0.0187171558621281,-0.00914933209018959));
#5236=CARTESIAN_POINT('',(-0.0119467393522854,0.0174466444400623,-0.00852827988490346));
#5237=CARTESIAN_POINT('',(-0.0108613876256636,0.0158616307297602,-0.00775349247009113));
#5238=CARTESIAN_POINT('',(-0.0101996811483324,0.0148952952893309,-0.0072811277625398));
#5239=CARTESIAN_POINT('',(-0.0099616199202917,0.0145476381187745,-0.00711118576224947));
#5240=CARTESIAN_POINT('',(-0.0134734825678317,0.0193816424283916,-0.00925839825326217));
#5241=CARTESIAN_POINT('',(-0.0134504587344163,0.0193485225795076,-0.00924257726429341));
#5242=CARTESIAN_POINT('',(-0.0129978044988849,0.0186973781932956,-0.00893153272458531));
#5243=CARTESIAN_POINT('',(-0.0121155198612373,0.0174282092697557,-0.00832526463413785));
#5244=CARTESIAN_POINT('',(-0.0110148345602058,0.0158448703799492,-0.00756892099268087));
#5245=CARTESIAN_POINT('',(-0.0103437796612905,0.0148795560274706,-0.00710780090196325));
#5246=CARTESIAN_POINT('',(-0.0101023551644912,0.01453226621232,-0.00694190436198498));
#5247=CARTESIAN_POINT('',(-0.0136378414275987,0.0193109417684178,-0.0091445122360822));
#5248=CARTESIAN_POINT('',(-0.0136145367335381,0.0192779427346393,-0.00912888585846762));
#5249=CARTESIAN_POINT('',(-0.0131563607085475,0.0186291736031569,-0.00882166742591368));
#5250=CARTESIAN_POINT('',(-0.0122633133526269,0.0173646343739704,-0.00822285693842039));
#5251=CARTESIAN_POINT('',(-0.011149201130966,0.0157870712126599,-0.00747581695431197));
#5252=CARTESIAN_POINT('',(-0.0104699602402352,0.0148252781490532,-0.00702036902514292));
#5253=CARTESIAN_POINT('',(-0.0102255906804343,0.0144792551831505,-0.00685651315091323));
#5254=CARTESIAN_POINT('',(-0.0138067393103718,0.0192059979061354,-0.00907878697460226));
#5255=CARTESIAN_POINT('',(-0.0137831459992668,0.0191731782031268,-0.00906327291000429));
#5256=CARTESIAN_POINT('',(-0.0133192956920982,0.0185279347587499,-0.00875826257901878));
#5257=CARTESIAN_POINT('',(-0.0124151883888662,0.0172702675730045,-0.00816375598164574));
#5258=CARTESIAN_POINT('',(-0.0112872784414868,0.0157012775601776,-0.00742208527224809));
#5259=CARTESIAN_POINT('',(-0.010599625490171,0.0147447112887192,-0.00696991082923799));
#5260=CARTESIAN_POINT('',(-0.0103522295349186,0.0144005687586293,-0.00680723265261542));
#5261=CARTESIAN_POINT('',(-0.0139564281831197,0.0190911410314836,-0.00905525118963295));
#5262=CARTESIAN_POINT('',(-0.0139325790798204,0.0190585175988554,-0.00903977734358944));
#5263=CARTESIAN_POINT('',(-0.0134636998351132,0.0184171328784965,-0.00873555771929014));
#5264=CARTESIAN_POINT('',(-0.0125497904489982,0.0171669868704068,-0.00814259231673506));
#5265=CARTESIAN_POINT('',(-0.0114096520119814,0.0156073798269062,-0.00740284430938817));
#5266=CARTESIAN_POINT('',(-0.0107145437163724,0.0146565340711364,-0.00695184208029707));
#5267=CARTESIAN_POINT('',(-0.0104644655621713,0.0143144496030974,-0.00678958562946175));
#5268=CARTESIAN_POINT('',(-0.0140929966017357,0.0189706075701765,-0.0090587935499315));
#5269=CARTESIAN_POINT('',(-0.0140689141268115,0.018938190108226,-0.00904331365061164));
#5270=CARTESIAN_POINT('',(-0.0135954467384811,0.0183008548221175,-0.00873897501740838));
#5271=CARTESIAN_POINT('',(-0.0126725944367445,0.0170586017118512,-0.00814577765032173));
#5272=CARTESIAN_POINT('',(-0.0115212993555417,0.015508841373423,-0.00740574025796306));
#5273=CARTESIAN_POINT('',(-0.010819389187745,0.0145639988591527,-0.00695456159948779));
#5274=CARTESIAN_POINT('',(-0.0105668639333546,0.0142240741690402,-0.00679224167489592));
#5275=CARTESIAN_POINT('',(-0.0142233212749553,0.0188425519205782,-0.009082881509129));
#5276=CARTESIAN_POINT('',(-0.0141990160978788,0.018810353283414,-0.00906736044768516));
#5277=CARTESIAN_POINT('',(-0.0137211703303855,0.0181773201464999,-0.00876221255698659));
#5278=CARTESIAN_POINT('',(-0.0127897839724753,0.016943452509836,-0.00816743783703328));
#5279=CARTESIAN_POINT('',(-0.011627842315567,0.0154041533844251,-0.00742543263401489));
#5280=CARTESIAN_POINT('',(-0.0109194412490756,0.014465688758764,-0.00697305426025123));
#5281=CARTESIAN_POINT('',(-0.010664580773001,0.0141280586328529,-0.00681030271574232));
#5282=CARTESIAN_POINT('',(-0.0143282013793139,0.0187296513686497,-0.00911791134962047));
#5283=CARTESIAN_POINT('',(-0.0143037169804186,0.0186976456588513,-0.00910233042828458));
#5284=CARTESIAN_POINT('',(-0.0138223476678269,0.0180684055214655,-0.0087960056773653));
#5285=CARTESIAN_POINT('',(-0.0128840934415386,0.0168419309564924,-0.00819893709686264));
#5286=CARTESIAN_POINT('',(-0.0117135838447041,0.0153118549831033,-0.00745407021125161));
#5287=CARTESIAN_POINT('',(-0.0109999591615661,0.0143790134373015,-0.00699994715522399));
#5288=CARTESIAN_POINT('',(-0.0107432193921246,0.0140434063190872,-0.00683656792877976));
#5289=CARTESIAN_POINT('',(-0.0144063520727938,0.0186408231763181,-0.00915148308580186));
#5290=CARTESIAN_POINT('',(-0.0143817341279842,0.0186089692584185,-0.00913584479622006));
#5291=CARTESIAN_POINT('',(-0.0138977392698265,0.0179827133871489,-0.00882839217145672));
#5292=CARTESIAN_POINT('',(-0.0129543674983207,0.0167620555625091,-0.00822912521151185));
#5293=CARTESIAN_POINT('',(-0.0117774735595652,0.0152392362048557,-0.00748151575980042));
#5294=CARTESIAN_POINT('',(-0.0110599565341579,0.0143108188005724,-0.00702572064327054));
#5295=CARTESIAN_POINT('',(-0.0108018164220988,0.0139768033496592,-0.00686173986192218));
#5296=CARTESIAN_POINT('',(-0.0144518376318406,0.0185866339021627,-0.00917497759430045));
#5297=CARTESIAN_POINT('',(-0.0144271419601384,0.018554872584288,-0.00915929915669848));
#5298=CARTESIAN_POINT('',(-0.013941618972126,0.0179304372523142,-0.00885105721197053));
#5299=CARTESIAN_POINT('',(-0.0129952686678036,0.0167133279062414,-0.00825025176011661));
#5300=CARTESIAN_POINT('',(-0.0118146588904741,0.0151949354172343,-0.00750072297834117));
#5301=CARTESIAN_POINT('',(-0.0110948764294547,0.0142692169423263,-0.00704375770369171));
#5302=CARTESIAN_POINT('',(-0.0108359212847454,0.0139361724815174,-0.00687935593616824));
#5303=CARTESIAN_POINT('',(-0.0144914513921735,0.0185413863907075,-0.00919234659278375));
#5304=CARTESIAN_POINT('',(-0.0144666880274591,0.0185097023929437,-0.00917663847459062));
#5305=CARTESIAN_POINT('',(-0.013979834178156,0.0178867871933933,-0.00886781300213026));
#5306=CARTESIAN_POINT('',(-0.0130308898442644,0.0166726407920564,-0.00826587017540269));
#5307=CARTESIAN_POINT('',(-0.0118470439115091,0.0151579446948705,-0.00751492247307513));
#5308=CARTESIAN_POINT('',(-0.0111252884633424,0.0142344797994712,-0.00705709212501479));
#5309=CARTESIAN_POINT('',(-0.0108656234997643,0.0139022461058585,-0.00689237913122167));
#5310=CARTESIAN_POINT('',(-0.0145333102126159,0.0184950414607143,-0.00920836919254084));
#5311=CARTESIAN_POINT('',(-0.014508475318473,0.0184634366583584,-0.00919263369451729));
#5312=CARTESIAN_POINT('',(-0.0140202151829873,0.0178420784600326,-0.00888326992784772));
#5313=CARTESIAN_POINT('',(-0.0130685298061589,0.0166309668657368,-0.00828027789253212));
#5314=CARTESIAN_POINT('',(-0.0118812643129338,0.0151200568114662,-0.0075280212606128));
#5315=CARTESIAN_POINT('',(-0.0111574240610514,0.0141989001531656,-0.00706939289733953));
#5316=CARTESIAN_POINT('',(-0.0108970090505117,0.013867496890835,-0.00690439280271229));
#5317=CARTESIAN_POINT('',(-0.0145884399560229,0.0184357429129594,-0.00922670761965086));
#5318=CARTESIAN_POINT('',(-0.014563510854757,0.0184042394414864,-0.00921094078445159));
#5319=CARTESIAN_POINT('',(-0.0140733985840322,0.0177848734332767,-0.00890096092118913));
#5320=CARTESIAN_POINT('',(-0.0131181031438486,0.0165776448883303,-0.00829676802986348));
#5321=CARTESIAN_POINT('',(-0.0119263339524955,0.0150715790931115,-0.0075430132821406));
#5322=CARTESIAN_POINT('',(-0.0111997479306013,0.0141533758346293,-0.00708347156248091));
#5323=CARTESIAN_POINT('',(-0.010938345078166,0.0138230351128839,-0.00691814287088441));
#5324=CARTESIAN_POINT('',(-0.0146573994241157,0.0183636985897642,-0.00924626251395647));
#5325=CARTESIAN_POINT('',(-0.0146323524831378,0.0183323182294831,-0.00923046226285105));
#5326=CARTESIAN_POINT('',(-0.0141399234546516,0.0177153726176242,-0.00891982543464369));
#5327=CARTESIAN_POINT('',(-0.0131801123386572,0.0165128617541878,-0.00831435202933439));
#5328=CARTESIAN_POINT('',(-0.0119827096614912,0.0150126814549544,-0.00755899978930638));
#5329=CARTESIAN_POINT('',(-0.0112526890718335,0.0140980664072986,-0.00709848412638031));
#5330=CARTESIAN_POINT('',(-0.010990050569684,0.0137690166112205,-0.00693280504055619));
#5331=CARTESIAN_POINT('',(-0.0147406798185408,0.0182791444337089,-0.00926598291100978));
#5332=CARTESIAN_POINT('',(-0.0147154905658838,0.0182479085617434,-0.00925014896118287));
#5333=CARTESIAN_POINT('',(-0.0142202636547356,0.0176338036257587,-0.00893884960781117));
#5334=CARTESIAN_POINT('',(-0.0132549990850963,0.0164368296257546,-0.00833208485089468));
#5335=CARTESIAN_POINT('',(-0.0120507930068388,0.0149435567846519,-0.0075751215981936));
#5336=CARTESIAN_POINT('',(-0.0113166245870725,0.0140331530075684,-0.00711362374903732));
#5337=CARTESIAN_POINT('',(-0.0110524938257973,0.0137056182945043,-0.00694759130342582));
#5338=CARTESIAN_POINT('',(-0.0148387485854751,0.018182353721545,-0.00928479122361066));
#5339=CARTESIAN_POINT('',(-0.0148133917503878,0.018151283248037,-0.00926892513365561));
#5340=CARTESIAN_POINT('',(-0.014314870127386,0.0175404300864617,-0.00895699389744892));
#5341=CARTESIAN_POINT('',(-0.0133431837164697,0.0163497942368192,-0.00834899751499061));
#5342=CARTESIAN_POINT('',(-0.0121309661348974,0.0148644284912739,-0.00759049776026693));
#5343=CARTESIAN_POINT('',(-0.0113919133412395,0.0139588454337958,-0.00712806315179489));
#5344=CARTESIAN_POINT('',(-0.0111260253354962,0.013633045064385,-0.00696169368957448));
#5345=CARTESIAN_POINT('',(-0.0149520361482125,0.0180736300988045,-0.0093016125699756));
#5346=CARTESIAN_POINT('',(-0.0149264857244253,0.0180427454150183,-0.00928571773527141));
#5347=CARTESIAN_POINT('',(-0.0144241580999055,0.0174355449251326,-0.00897322137021693));
#5348=CARTESIAN_POINT('',(-0.013445053274653,0.0162520286291475,-0.00836412347481216));
#5349=CARTESIAN_POINT('',(-0.0122235809250972,0.0147755448109601,-0.00760424953872191));
#5350=CARTESIAN_POINT('',(-0.011478885776274,0.0138753767988722,-0.00714097713298196));
#5351=CARTESIAN_POINT('',(-0.0112109678281836,0.0135515245928837,-0.0069743062575923));
#5352=CARTESIAN_POINT('',(-0.0150809418734592,0.0179533049574257,-0.00931537072846137));
#5353=CARTESIAN_POINT('',(-0.0150551711722545,0.0179226258883347,-0.00929945238346223));
#5354=CARTESIAN_POINT('',(-0.0145485128394547,0.0173194678339969,-0.00898649380021877));
#5355=CARTESIAN_POINT('',(-0.0135609668750596,0.0161438307944124,-0.00837649497873099));
#5356=CARTESIAN_POINT('',(-0.0123289638675033,0.0146771766630779,-0.00761549710139257));
#5357=CARTESIAN_POINT('',(-0.0115778484915422,0.0137830015169902,-0.00715153946229848));
#5358=CARTESIAN_POINT('',(-0.0113076207471763,0.0134613053561492,-0.00698462206144871));
#5359=CARTESIAN_POINT('',(-0.0152258356731805,0.0178217339670251,-0.0093249914441902));
#5360=CARTESIAN_POINT('',(-0.0151998173737257,0.0177912797298251,-0.00930905665906468));
#5361=CARTESIAN_POINT('',(-0.0146882911983457,0.0171925419258405,-0.00899577485888739));
#5362=CARTESIAN_POINT('',(-0.0136912571470406,0.0160255205550711,-0.00838514604365835));
#5363=CARTESIAN_POINT('',(-0.0124474173723559,0.0145696148144698,-0.0076233622239821));
#5364=CARTESIAN_POINT('',(-0.0116890854735963,0.0136819926406532,-0.00715892541935761));
#5365=CARTESIAN_POINT('',(-0.0114162614507619,0.0133626540336214,-0.00699183562978488));
#5366=CARTESIAN_POINT('',(-0.0153870597244087,0.0176792943389221,-0.00932940440906065));
#5367=CARTESIAN_POINT('',(-0.01536076592115,0.0176490835062208,-0.0093134620829473));
#5368=CARTESIAN_POINT('',(-0.0148438232731328,0.0170551310946277,-0.00900003202509203));
#5369=CARTESIAN_POINT('',(-0.0138362317803569,0.0158974371041429,-0.00838911423549485));
#5370=CARTESIAN_POINT('',(-0.0125792211760469,0.0144531676427403,-0.0076269699087602));
#5371=CARTESIAN_POINT('',(-0.0118128594164956,0.0135726397602294,-0.00716231331376748));
#5372=CARTESIAN_POINT('',(-0.0115371465017029,0.0132558534566103,-0.00699514445051667));
#5373=CARTESIAN_POINT('',(-0.0155649323341919,0.0175263819768529,-0.00932754246926305));
#5374=CARTESIAN_POINT('',(-0.0155383345776445,0.0174964324447273,-0.00931160332488029));
#5375=CARTESIAN_POINT('',(-0.0150154161331101,0.0169076172668084,-0.00899823582063219));
#5376=CARTESIAN_POINT('',(-0.0139961770005885,0.0157599364430962,-0.00838743995651874));
#5377=CARTESIAN_POINT('',(-0.0127246355007911,0.0143281588069086,-0.0076254477366916));
#5378=CARTESIAN_POINT('',(-0.0119494146889809,0.0134552468165143,-0.0071608838767298));
#5379=CARTESIAN_POINT('',(-0.0116705145651578,0.0131412004719133,-0.00699374837663335));
#5380=CARTESIAN_POINT('',(-0.0157597493894377,0.0173634068559888,-0.00931834697190556));
#5381=CARTESIAN_POINT('',(-0.0157328187244976,0.0173337358199398,-0.00930242354102511));
#5382=CARTESIAN_POINT('',(-0.015203355218969,0.0167503959434787,-0.00898936496810235));
#5383=CARTESIAN_POINT('',(-0.0141713588728517,0.0156133872266055,-0.00837917125313729));
#5384=CARTESIAN_POINT('',(-0.0128839022399015,0.0141949234696667,-0.00761793023840698));
#5385=CARTESIAN_POINT('',(-0.0120989784475399,0.01333012855314,-0.00715382436571897));
#5386=CARTESIAN_POINT('',(-0.0118165874957669,0.0130190024770255,-0.00698685363507326));
#5387=CARTESIAN_POINT('',(-0.0159717896342241,0.0171907904640912,-0.00930076456710458));
#5388=CARTESIAN_POINT('',(-0.0159444966294622,0.0171614143993706,-0.0092848711814895));
#5389=CARTESIAN_POINT('',(-0.0154079094337946,0.0165838737318758,-0.00897240330588378));
#5390=CARTESIAN_POINT('',(-0.0143620280472213,0.0154581684616067,-0.00836336094028743));
#5391=CARTESIAN_POINT('',(-0.0130572492720938,0.0140538062054732,-0.00760355627984962));
#5392=CARTESIAN_POINT('',(-0.012261764687872,0.0131976085521138,-0.00714032610940244));
#5393=CARTESIAN_POINT('',(-0.0119755742945558,0.0128895755015287,-0.00697367042894589));
#5394=CARTESIAN_POINT('',(-0.0162013169229944,0.017008962843387,-0.00927374880682008));
#5395=CARTESIAN_POINT('',(-0.0161736316961002,0.0169798974903795,-0.00925790158643074));
#5396=CARTESIAN_POINT('',(-0.0156293333167123,0.0164084654916891,-0.00894634133053339));
#5397=CARTESIAN_POINT('',(-0.0145684217848308,0.0152946668473158,-0.00833906803912803));
#5398=CARTESIAN_POINT('',(-0.013244892303517,0.0139051585822288,-0.00758147036935439));
#5399=CARTESIAN_POINT('',(-0.012437975974697,0.0130580169628249,-0.00711958573508879));
#5400=CARTESIAN_POINT('',(-0.0121476727983707,0.0127532419891038,-0.0069534141363312));
#5401=CARTESIAN_POINT('',(-0.0164485846526998,0.0168183602295403,-0.00923625779591444));
#5402=CARTESIAN_POINT('',(-0.0164204768883519,0.0167896205831797,-0.00922047464112844));
#5403=CARTESIAN_POINT('',(-0.0158678713185552,0.016224592057387,-0.0089101739307714));
#5404=CARTESIAN_POINT('',(-0.0147907679433097,0.0151232746521622,-0.00830535566484332));
#5405=CARTESIAN_POINT('',(-0.0134470384911171,0.01374933723109,-0.00755082073734267));
#5406=CARTESIAN_POINT('',(-0.0126278068443734,0.01291168868945,-0.00709080336541306));
#5407=CARTESIAN_POINT('',(-0.0123330730030784,0.0126103290272422,-0.00692530354905447));
#5408=CARTESIAN_POINT('',(-0.0168134714486512,0.0165446999395592,-0.00916884633472453));
#5409=CARTESIAN_POINT('',(-0.0167847401563651,0.016516427930938,-0.00915317837437656));
#5410=CARTESIAN_POINT('',(-0.0162198758737341,0.0159605932782759,-0.00884514241504267));
#5411=CARTESIAN_POINT('',(-0.0151188786007582,0.014877195981573,-0.00824473845672288));
#5412=CARTESIAN_POINT('',(-0.0137453405574444,0.0135256146111465,-0.00749571055415652));
#5413=CARTESIAN_POINT('',(-0.0129079355044755,0.0127015958847607,-0.00703905065057607));
#5414=CARTESIAN_POINT('',(-0.0126066634418515,0.0124051398024157,-0.00687475874598153));
#5415=CARTESIAN_POINT('',(-0.0170977906127926,0.016340395965818,-0.00910212815427155));
#5416=CARTESIAN_POINT('',(-0.017068573468609,0.0163124730770798,-0.00908657420366566));
#5417=CARTESIAN_POINT('',(-0.016494157218011,0.0157635022073027,-0.00878077970394082));
#5418=CARTESIAN_POINT('',(-0.0153745418609987,0.0146934833564867,-0.00818474465509704));
#5419=CARTESIAN_POINT('',(-0.0139777770147261,0.0133585921312922,-0.00744116714148295));
#5420=CARTESIAN_POINT('',(-0.0131262112748678,0.0125447488871366,-0.00698783017698779));
#5421=CARTESIAN_POINT('',(-0.0128198446414239,0.0122519536240198,-0.00682473376161158));
#5422=CARTESIAN_POINT('',(-0.0172936073988953,0.016203292443696,-0.00905044989626744));
#5423=CARTESIAN_POINT('',(-0.0172640556379531,0.0161756038409813,-0.00903498425479748));
#5424=CARTESIAN_POINT('',(-0.0166830607394688,0.0156312390921297,-0.00873092593443478));
#5425=CARTESIAN_POINT('',(-0.0155506227034422,0.0145701981971411,-0.00813827493517935));
#5426=CARTESIAN_POINT('',(-0.014137861053294,0.0132465073301881,-0.00739891915849791));
#5427=CARTESIAN_POINT('',(-0.013276542540688,0.0124394926093719,-0.00694815606070918));
#5428=CARTESIAN_POINT('',(-0.0129666671656242,0.0121491540346926,-0.00678598564181319));
#5429=CARTESIAN_POINT('',(-0.0135929152015992,0.0162601991330658,-0.0127593674965463));
#5430=CARTESIAN_POINT('',(-0.0135145613281058,0.0164276359685153,-0.012419096757975));
#5431=CARTESIAN_POINT('',(-0.0133713945648202,0.0166824897374226,-0.0119198669612922));
#5432=CARTESIAN_POINT('',(-0.0131151137324917,0.0170343674512685,-0.0112862202337766));
#5433=CARTESIAN_POINT('',(-0.0128811344023169,0.0173083120200938,-0.0108287539595977));
#5434=CARTESIAN_POINT('',(-0.0125958253808105,0.0175905396550818,-0.0104071791065128));
#5435=CARTESIAN_POINT('',(-0.0122249526508535,0.0178821288355173,-0.0100630442150026));
#5436=CARTESIAN_POINT('',(-0.012080820776181,0.018105251411913,-0.00962935379264514));
#5437=CARTESIAN_POINT('',(-0.0121899986590512,0.0181871667347261,-0.00925698653677041));
#5438=CARTESIAN_POINT('',(-0.0124173522756739,0.0181886705285506,-0.00894773819636001));
#5439=CARTESIAN_POINT('',(-0.0127197493401803,0.0181804520475986,-0.00853889186131378));
#5440=CARTESIAN_POINT('',(-0.0133001078729144,0.0179108469211953,-0.00850013443499583));
#5441=CARTESIAN_POINT('',(-0.0137496204551833,0.0176170186504196,-0.00874152675838466));
#5442=CARTESIAN_POINT('',(-0.0142391489640271,0.0173300980892781,-0.0088973551127094));
#5443=CARTESIAN_POINT('',(-0.0147495377366671,0.0170539831457724,-0.0089812023645589));
#5444=CARTESIAN_POINT('',(-0.0154507398724028,0.0166910610810636,-0.00903451012417827));
#5445=CARTESIAN_POINT('',(-0.0159806468582778,0.0164309310674646,-0.00901600246018462));
#5446=CARTESIAN_POINT('',(-0.0163353214017831,0.0162601991330675,-0.00898476918402058));
#5447=CARTESIAN_POINT('',(0.,0.0191902019685288,0.));
#5448=CARTESIAN_POINT('',(0.,0.0162601991330675,0.));
#5449=CARTESIAN_POINT('',(-0.00793443780100015,0.0162601991330675,-0.0168704919718347));
#5450=CARTESIAN_POINT('',(-0.00898476918402027,0.0162601991330658,-0.0163353214017867));
#5451=CARTESIAN_POINT('',(-0.00793443780100014,0.0162601991330675,-0.0168704919718347));
#5452=CARTESIAN_POINT('',(-0.00745250509300873,0.0153282330917351,-0.0158783579799188));
#5453=CARTESIAN_POINT('',(-0.00697065891069968,0.0143962737752823,-0.0148861756397607));
#5454=CARTESIAN_POINT('',(-0.00648897147354689,0.0134643259709999,-0.0138939054149392));
#5455=CARTESIAN_POINT('',(-0.00742628386423049,0.0134643259710072,-0.013416320897769));
#5456=CARTESIAN_POINT('',(-0.00794591856730401,0.0143962737752065,-0.0143892560247547));
#5457=CARTESIAN_POINT('',(-0.00846538886254369,0.0153282330923189,-0.0153622679227363));
#5458=CARTESIAN_POINT('',(-0.00898476918402101,0.0162601991330683,-0.0163353214017839));
#5459=CARTESIAN_POINT('',(-0.00905044989626742,0.016203292443696,-0.0172936073988953));
#5460=CARTESIAN_POINT('',(-0.00903498425479746,0.0161756038409813,-0.0172640556379531));
#5461=CARTESIAN_POINT('',(-0.00873092593443477,0.0156312390921296,-0.0166830607394687));
#5462=CARTESIAN_POINT('',(-0.00813827493517935,0.0145701981971411,-0.0155506227034422));
#5463=CARTESIAN_POINT('',(-0.00739891915849796,0.0132465073301882,-0.0141378610532941));
#5464=CARTESIAN_POINT('',(-0.00694815606070931,0.0124394926093721,-0.0132765425406882));
#5465=CARTESIAN_POINT('',(-0.00678598564181338,0.012149154034693,-0.0129666671656246));
#5466=CARTESIAN_POINT('',(-0.00910212815427153,0.016340395965818,-0.0170977906127927));
#5467=CARTESIAN_POINT('',(-0.00908657420366565,0.0163124730770797,-0.017068573468609));
#5468=CARTESIAN_POINT('',(-0.00878077970394082,0.0157635022073026,-0.0164941572180111));
#5469=CARTESIAN_POINT('',(-0.00818474465509705,0.0146934833564867,-0.0153745418609987));
#5470=CARTESIAN_POINT('',(-0.00744116714148301,0.0133585921312923,-0.0139777770147262));
#5471=CARTESIAN_POINT('',(-0.00698783017698792,0.0125447488871368,-0.0131262112748681));
#5472=CARTESIAN_POINT('',(-0.00682473376161177,0.0122519536240201,-0.0128198446414242));
#5473=CARTESIAN_POINT('',(-0.0091688463347245,0.0165446999395592,-0.0168134714486512));
#5474=CARTESIAN_POINT('',(-0.00915317837437653,0.0165164279309379,-0.0167847401563651));
#5475=CARTESIAN_POINT('',(-0.00884514241504266,0.0159605932782759,-0.0162198758737341));
#5476=CARTESIAN_POINT('',(-0.00824473845672288,0.014877195981573,-0.0151188786007582));
#5477=CARTESIAN_POINT('',(-0.00749571055415657,0.0135256146111466,-0.0137453405574445));
#5478=CARTESIAN_POINT('',(-0.00703905065057619,0.0127015958847609,-0.0129079355044757));
#5479=CARTESIAN_POINT('',(-0.00687475874598171,0.0124051398024161,-0.0126066634418518));
#5480=CARTESIAN_POINT('',(-0.00923625779591441,0.0168183602295402,-0.0164485846526998));
#5481=CARTESIAN_POINT('',(-0.00922047464112841,0.0167896205831797,-0.0164204768883519));
#5482=CARTESIAN_POINT('',(-0.00891017393077138,0.016224592057387,-0.0158678713185552));
#5483=CARTESIAN_POINT('',(-0.00830535566484332,0.0151232746521622,-0.0147907679433097));
#5484=CARTESIAN_POINT('',(-0.00755082073734274,0.0137493372310901,-0.0134470384911172));
#5485=CARTESIAN_POINT('',(-0.00709080336541318,0.0129116886894503,-0.0126278068443736));
#5486=CARTESIAN_POINT('',(-0.00692530354905467,0.0126103290272425,-0.0123330730030788));
#5487=CARTESIAN_POINT('',(-0.00927374880682005,0.017008962843387,-0.0162013169229943));
#5488=CARTESIAN_POINT('',(-0.00925790158643073,0.0169798974903795,-0.0161736316961002));
#5489=CARTESIAN_POINT('',(-0.00894634133053338,0.0164084654916891,-0.0156293333167123));
#5490=CARTESIAN_POINT('',(-0.00833906803912802,0.0152946668473158,-0.0145684217848308));
#5491=CARTESIAN_POINT('',(-0.00758147036935445,0.013905158582229,-0.0132448923035172));
#5492=CARTESIAN_POINT('',(-0.00711958573508892,0.0130580169628251,-0.0124379759746972));
#5493=CARTESIAN_POINT('',(-0.0069534141363314,0.0127532419891042,-0.012147672798371));
#5494=CARTESIAN_POINT('',(-0.00930076456710456,0.0171907904640911,-0.0159717896342241));
#5495=CARTESIAN_POINT('',(-0.00928487118148948,0.0171614143993706,-0.0159444966294622));
#5496=CARTESIAN_POINT('',(-0.00897240330588378,0.0165838737318758,-0.0154079094337946));
#5497=CARTESIAN_POINT('',(-0.00836336094028743,0.0154581684616067,-0.0143620280472213));
#5498=CARTESIAN_POINT('',(-0.00760355627984968,0.0140538062054733,-0.0130572492720939));
#5499=CARTESIAN_POINT('',(-0.00714032610940257,0.0131976085521141,-0.0122617646878722));
#5500=CARTESIAN_POINT('',(-0.00697367042894608,0.0128895755015291,-0.0119755742945562));
#5501=CARTESIAN_POINT('',(-0.00931834697190554,0.0173634068559888,-0.0157597493894377));
#5502=CARTESIAN_POINT('',(-0.00930242354102509,0.0173337358199398,-0.0157328187244976));
#5503=CARTESIAN_POINT('',(-0.00898936496810234,0.0167503959434787,-0.015203355218969));
#5504=CARTESIAN_POINT('',(-0.00837917125313729,0.0156133872266055,-0.0141713588728517));
#5505=CARTESIAN_POINT('',(-0.00761793023840704,0.0141949234696668,-0.0128839022399017));
#5506=CARTESIAN_POINT('',(-0.00715382436571909,0.0133301285531403,-0.0120989784475402));
#5507=CARTESIAN_POINT('',(-0.00698685363507346,0.0130190024770258,-0.0118165874957673));
#5508=CARTESIAN_POINT('',(-0.00932754246926302,0.0175263819768529,-0.0155649323341919));
#5509=CARTESIAN_POINT('',(-0.00931160332488028,0.0174964324447273,-0.0155383345776446));
#5510=CARTESIAN_POINT('',(-0.00899823582063219,0.0169076172668084,-0.0150154161331101));
#5511=CARTESIAN_POINT('',(-0.00838743995651874,0.0157599364430962,-0.0139961770005885));
#5512=CARTESIAN_POINT('',(-0.00762544773669166,0.0143281588069088,-0.0127246355007912));
#5513=CARTESIAN_POINT('',(-0.00716088387672993,0.0134552468165146,-0.0119494146889811));
#5514=CARTESIAN_POINT('',(-0.00699374837663354,0.0131412004719137,-0.0116705145651581));
#5515=CARTESIAN_POINT('',(-0.00932940440906063,0.0176792943389221,-0.0153870597244086));
#5516=CARTESIAN_POINT('',(-0.00931346208294728,0.0176490835062208,-0.01536076592115));
#5517=CARTESIAN_POINT('',(-0.00900003202509203,0.0170551310946277,-0.0148438232731327));
#5518=CARTESIAN_POINT('',(-0.00838911423549485,0.0158974371041429,-0.0138362317803569));
#5519=CARTESIAN_POINT('',(-0.00762696990876027,0.0144531676427404,-0.012579221176047));
#5520=CARTESIAN_POINT('',(-0.0071623133137676,0.0135726397602296,-0.0118128594164958));
#5521=CARTESIAN_POINT('',(-0.00699514445051686,0.0132558534566107,-0.0115371465017032));
#5522=CARTESIAN_POINT('',(-0.00932499144419017,0.017821733967025,-0.0152258356731805));
#5523=CARTESIAN_POINT('',(-0.00930905665906466,0.0177912797298251,-0.0151998173737257));
#5524=CARTESIAN_POINT('',(-0.00899577485888738,0.0171925419258405,-0.0146882911983457));
#5525=CARTESIAN_POINT('',(-0.00838514604365835,0.0160255205550711,-0.0136912571470406));
#5526=CARTESIAN_POINT('',(-0.00762336222398217,0.0145696148144699,-0.012447417372356));
#5527=CARTESIAN_POINT('',(-0.00715892541935774,0.0136819926406535,-0.0116890854735966));
#5528=CARTESIAN_POINT('',(-0.00699183562978508,0.0133626540336218,-0.0114162614507622));
#5529=CARTESIAN_POINT('',(-0.00931537072846134,0.0179533049574256,-0.0150809418734591));
#5530=CARTESIAN_POINT('',(-0.00929945238346221,0.0179226258883346,-0.0150551711722545));
#5531=CARTESIAN_POINT('',(-0.00898649380021877,0.0173194678339969,-0.0145485128394547));
#5532=CARTESIAN_POINT('',(-0.00837649497873099,0.0161438307944124,-0.0135609668750596));
#5533=CARTESIAN_POINT('',(-0.00761549710139264,0.014677176663078,-0.0123289638675034));
#5534=CARTESIAN_POINT('',(-0.00715153946229861,0.0137830015169904,-0.0115778484915424));
#5535=CARTESIAN_POINT('',(-0.00698462206144891,0.0134613053561495,-0.0113076207471766));
#5536=CARTESIAN_POINT('',(-0.00930161256997558,0.0180736300988044,-0.0149520361482124));
#5537=CARTESIAN_POINT('',(-0.00928571773527139,0.0180427454150182,-0.0149264857244253));
#5538=CARTESIAN_POINT('',(-0.00897322137021692,0.0174355449251326,-0.0144241580999054));
#5539=CARTESIAN_POINT('',(-0.00836412347481215,0.0162520286291475,-0.013445053274653));
#5540=CARTESIAN_POINT('',(-0.00760424953872197,0.0147755448109602,-0.0122235809250973));
#5541=CARTESIAN_POINT('',(-0.00714097713298209,0.0138753767988724,-0.0114788857762742));
#5542=CARTESIAN_POINT('',(-0.00697430625759249,0.0135515245928841,-0.0112109678281839));
#5543=CARTESIAN_POINT('',(-0.00928479122361063,0.0181823537215449,-0.0148387485854751));
#5544=CARTESIAN_POINT('',(-0.00926892513365559,0.0181512832480369,-0.0148133917503878));
#5545=CARTESIAN_POINT('',(-0.00895699389744892,0.0175404300864617,-0.014314870127386));
#5546=CARTESIAN_POINT('',(-0.00834899751499061,0.0163497942368192,-0.0133431837164697));
#5547=CARTESIAN_POINT('',(-0.00759049776026699,0.014864428491274,-0.0121309661348975));
#5548=CARTESIAN_POINT('',(-0.00712806315179502,0.0139588454337961,-0.0113919133412397));
#5549=CARTESIAN_POINT('',(-0.00696169368957467,0.0136330450643854,-0.0111260253354965));
#5550=CARTESIAN_POINT('',(-0.00926598291100976,0.0182791444337088,-0.0147406798185408));
#5551=CARTESIAN_POINT('',(-0.00925014896118285,0.0182479085617434,-0.0147154905658837));
#5552=CARTESIAN_POINT('',(-0.00893884960781116,0.0176338036257587,-0.0142202636547356));
#5553=CARTESIAN_POINT('',(-0.00833208485089467,0.0164368296257546,-0.0132549990850963));
#5554=CARTESIAN_POINT('',(-0.00757512159819366,0.014943556784652,-0.012050793006839));
#5555=CARTESIAN_POINT('',(-0.00711362374903745,0.0140331530075687,-0.0113166245870727));
#5556=CARTESIAN_POINT('',(-0.00694759130342602,0.0137056182945047,-0.0110524938257976));
#5557=CARTESIAN_POINT('',(-0.00924626251395645,0.0183636985897642,-0.0146573994241157));
#5558=CARTESIAN_POINT('',(-0.00923046226285104,0.018332318229483,-0.0146323524831378));
#5559=CARTESIAN_POINT('',(-0.00891982543464369,0.0177153726176242,-0.0141399234546516));
#5560=CARTESIAN_POINT('',(-0.00831435202933439,0.0165128617541878,-0.0131801123386572));
#5561=CARTESIAN_POINT('',(-0.00755899978930644,0.0150126814549545,-0.0119827096614913));
#5562=CARTESIAN_POINT('',(-0.00709848412638044,0.0140980664072989,-0.0112526890718337));
#5563=CARTESIAN_POINT('',(-0.00693280504055639,0.0137690166112209,-0.0109900505696843));
#5564=CARTESIAN_POINT('',(-0.00922670761965083,0.0184357429129593,-0.0145884399560228));
#5565=CARTESIAN_POINT('',(-0.00921094078445157,0.0184042394414864,-0.014563510854757));
#5566=CARTESIAN_POINT('',(-0.00890096092118912,0.0177848734332767,-0.0140733985840322));
#5567=CARTESIAN_POINT('',(-0.00829676802986348,0.0165776448883303,-0.0131181031438486));
#5568=CARTESIAN_POINT('',(-0.00754301328214066,0.0150715790931116,-0.0119263339524956));
#5569=CARTESIAN_POINT('',(-0.00708347156248104,0.0141533758346296,-0.0111997479306015));
#5570=CARTESIAN_POINT('',(-0.0069181428708846,0.0138230351128843,-0.0109383450781663));
#5571=CARTESIAN_POINT('',(-0.00920836919254081,0.0184950414607143,-0.0145333102126159));
#5572=CARTESIAN_POINT('',(-0.00919263369451728,0.0184634366583584,-0.014508475318473));
#5573=CARTESIAN_POINT('',(-0.00888326992784771,0.0178420784600325,-0.0140202151829873));
#5574=CARTESIAN_POINT('',(-0.00828027789253211,0.0166309668657368,-0.0130685298061589));
#5575=CARTESIAN_POINT('',(-0.00752802126061287,0.0151200568114663,-0.0118812643129339));
#5576=CARTESIAN_POINT('',(-0.00706939289733966,0.0141989001531659,-0.0111574240610516));
#5577=CARTESIAN_POINT('',(-0.00690439280271248,0.0138674968908354,-0.010897009050512));
#5578=CARTESIAN_POINT('',(-0.00919234659278373,0.0185413863907075,-0.0144914513921734));
#5579=CARTESIAN_POINT('',(-0.0091766384745906,0.0185097023929437,-0.014466688027459));
#5580=CARTESIAN_POINT('',(-0.00886781300213025,0.0178867871933933,-0.013979834178156));
#5581=CARTESIAN_POINT('',(-0.00826587017540269,0.0166726407920564,-0.0130308898442644));
#5582=CARTESIAN_POINT('',(-0.00751492247307519,0.0151579446948706,-0.0118470439115092));
#5583=CARTESIAN_POINT('',(-0.00705709212501492,0.0142344797994715,-0.0111252884633426));
#5584=CARTESIAN_POINT('',(-0.00689237913122186,0.0139022461058589,-0.0108656234997646));
#5585=CARTESIAN_POINT('',(-0.00917497759430042,0.0185866339021627,-0.0144518376318406));
#5586=CARTESIAN_POINT('',(-0.00915929915669846,0.018554872584288,-0.0144271419601383));
#5587=CARTESIAN_POINT('',(-0.00885105721197052,0.0179304372523142,-0.013941618972126));
#5588=CARTESIAN_POINT('',(-0.0082502517601166,0.0167133279062414,-0.0129952686678036));
#5589=CARTESIAN_POINT('',(-0.00750072297834123,0.0151949354172344,-0.0118146588904742));
#5590=CARTESIAN_POINT('',(-0.00704375770369184,0.0142692169423266,-0.0110948764294549));
#5591=CARTESIAN_POINT('',(-0.00687935593616843,0.0139361724815178,-0.0108359212847457));
#5592=CARTESIAN_POINT('',(-0.00915148308580184,0.018640823176318,-0.0144063520727937));
#5593=CARTESIAN_POINT('',(-0.00913584479622004,0.0186089692584185,-0.0143817341279842));
#5594=CARTESIAN_POINT('',(-0.00882839217145671,0.0179827133871488,-0.0138977392698265));
#5595=CARTESIAN_POINT('',(-0.00822912521151184,0.0167620555625091,-0.0129543674983207));
#5596=CARTESIAN_POINT('',(-0.00748151575980048,0.0152392362048559,-0.0117774735595653));
#5597=CARTESIAN_POINT('',(-0.00702572064327066,0.0143108188005727,-0.0110599565341582));
#5598=CARTESIAN_POINT('',(-0.00686173986192237,0.0139768033496595,-0.0108018164220991));
#5599=CARTESIAN_POINT('',(-0.00911791134962045,0.0187296513686497,-0.0143282013793139));
#5600=CARTESIAN_POINT('',(-0.00910233042828457,0.0186976456588513,-0.0143037169804186));
#5601=CARTESIAN_POINT('',(-0.00879600567736529,0.0180684055214655,-0.0138223476678269));
#5602=CARTESIAN_POINT('',(-0.00819893709686263,0.0168419309564924,-0.0128840934415386));
#5603=CARTESIAN_POINT('',(-0.00745407021125167,0.0153118549831034,-0.0117135838447042));
#5604=CARTESIAN_POINT('',(-0.00699994715522412,0.0143790134373018,-0.0109999591615663));
#5605=CARTESIAN_POINT('',(-0.00683656792877995,0.0140434063190876,-0.0107432193921249));
#5606=CARTESIAN_POINT('',(-0.00908288150912897,0.0188425519205782,-0.0142233212749553));
#5607=CARTESIAN_POINT('',(-0.00906736044768514,0.018810353283414,-0.0141990160978788));
#5608=CARTESIAN_POINT('',(-0.00876221255698658,0.0181773201464999,-0.0137211703303855));
#5609=CARTESIAN_POINT('',(-0.00816743783703327,0.016943452509836,-0.0127897839724753));
#5610=CARTESIAN_POINT('',(-0.00742543263401494,0.0154041533844252,-0.0116278423155671));
#5611=CARTESIAN_POINT('',(-0.00697305426025136,0.0144656887587643,-0.0109194412490758));
#5612=CARTESIAN_POINT('',(-0.0068103027157425,0.0141280586328533,-0.0106645807730013));
#5613=CARTESIAN_POINT('',(-0.00905879354993148,0.0189706075701765,-0.0140929966017357));
#5614=CARTESIAN_POINT('',(-0.00904331365061162,0.0189381901082259,-0.0140689141268115));
#5615=CARTESIAN_POINT('',(-0.00873897501740838,0.0183008548221175,-0.0135954467384811));
#5616=CARTESIAN_POINT('',(-0.00814577765032173,0.0170586017118512,-0.0126725944367445));
#5617=CARTESIAN_POINT('',(-0.00740574025796312,0.0155088413734232,-0.0115212993555418));
#5618=CARTESIAN_POINT('',(-0.00695456159948792,0.014563998859153,-0.0108193891877452));
#5619=CARTESIAN_POINT('',(-0.0067922416748961,0.0142240741690406,-0.0105668639333549));
#5620=CARTESIAN_POINT('',(-0.00905525118963292,0.0190911410314836,-0.0139564281831197));
#5621=CARTESIAN_POINT('',(-0.00903977734358941,0.0190585175988554,-0.0139325790798203));
#5622=CARTESIAN_POINT('',(-0.00873555771929013,0.0184171328784965,-0.0134636998351132));
#5623=CARTESIAN_POINT('',(-0.00814259231673506,0.0171669868704068,-0.0125497904489982));
#5624=CARTESIAN_POINT('',(-0.00740284430938824,0.0156073798269063,-0.0114096520119815));
#5625=CARTESIAN_POINT('',(-0.0069518420802972,0.0146565340711367,-0.0107145437163726));
#5626=CARTESIAN_POINT('',(-0.00678958562946194,0.0143144496030978,-0.0104644655621716));
#5627=CARTESIAN_POINT('',(-0.00907878697460224,0.0192059979061353,-0.0138067393103718));
#5628=CARTESIAN_POINT('',(-0.00906327291000427,0.0191731782031268,-0.0137831459992668));
#5629=CARTESIAN_POINT('',(-0.00875826257901878,0.0185279347587498,-0.0133192956920982));
#5630=CARTESIAN_POINT('',(-0.00816375598164574,0.0172702675730045,-0.0124151883888662));
#5631=CARTESIAN_POINT('',(-0.00742208527224815,0.0157012775601777,-0.011287278441487));
#5632=CARTESIAN_POINT('',(-0.00696991082923811,0.0147447112887195,-0.0105996254901712));
#5633=CARTESIAN_POINT('',(-0.00680723265261561,0.0144005687586297,-0.0103522295349189));
#5634=CARTESIAN_POINT('',(-0.00914451223608218,0.0193109417684178,-0.0136378414275986));
#5635=CARTESIAN_POINT('',(-0.00912888585846761,0.0192779427346393,-0.013614536733538));
#5636=CARTESIAN_POINT('',(-0.00882166742591367,0.0186291736031569,-0.0131563607085474));
#5637=CARTESIAN_POINT('',(-0.00822285693842039,0.0173646343739704,-0.0122633133526269));
#5638=CARTESIAN_POINT('',(-0.00747581695431204,0.01578707121266,-0.0111492011309661));
#5639=CARTESIAN_POINT('',(-0.00702036902514305,0.0148252781490535,-0.0104699602402353));
#5640=CARTESIAN_POINT('',(-0.00685651315091342,0.0144792551831509,-0.0102255906804346));
#5641=CARTESIAN_POINT('',(-0.00925839825326214,0.0193816424283915,-0.0134734825678317));
#5642=CARTESIAN_POINT('',(-0.0092425772642934,0.0193485225795076,-0.0134504587344163));
#5643=CARTESIAN_POINT('',(-0.0089315327245853,0.0186973781932956,-0.0129978044988849));
#5644=CARTESIAN_POINT('',(-0.00832526463413785,0.0174282092697557,-0.0121155198612373));
#5645=CARTESIAN_POINT('',(-0.00756892099268093,0.0158448703799493,-0.0110148345602059));
#5646=CARTESIAN_POINT('',(-0.00710780090196337,0.0148795560274709,-0.0103437796612906));
#5647=CARTESIAN_POINT('',(-0.00694190436198517,0.0145322662123204,-0.0101023551644915));
#5648=CARTESIAN_POINT('',(-0.00948416837897883,0.019402143896641,-0.0132857843698841));
#5649=CARTESIAN_POINT('',(-0.00946796158821471,0.0193689890143209,-0.0132630812799751));
#5650=CARTESIAN_POINT('',(-0.00914933209018958,0.018717155862128,-0.0128167329407755));
#5651=CARTESIAN_POINT('',(-0.00852827988490346,0.0174466444400623,-0.0119467393522854));
#5652=CARTESIAN_POINT('',(-0.00775349247009119,0.0158616307297603,-0.0108613876256637));
#5653=CARTESIAN_POINT('',(-0.00728112776253993,0.0148952952893312,-0.0101996811483326));
#5654=CARTESIAN_POINT('',(-0.00711118576224967,0.0145476381187749,-0.00996161992029199));
#5655=CARTESIAN_POINT('',(-0.00970476259245259,0.019402143896641,-0.0131255132923635));
#5656=CARTESIAN_POINT('',(-0.009688178844625,0.0193689890143209,-0.0131030840777923));
#5657=CARTESIAN_POINT('',(-0.00936213827789066,0.018717155862128,-0.012662120195188));
#5658=CARTESIAN_POINT('',(-0.00872664089224958,0.0174466444400623,-0.0118026216445505));
#5659=CARTESIAN_POINT('',(-0.00793383253837863,0.0158616307297603,-0.0107303628965495));
#5660=CARTESIAN_POINT('',(-0.00745048100341443,0.0148952952893312,-0.0100766388165817));
#5661=CARTESIAN_POINT('',(-0.00727658628735698,0.0145476381187749,-0.0098414494046471));
#5662=CARTESIAN_POINT('',(-0.00995304099237616,0.0193816424283915,-0.0129687950760952));
#5663=CARTESIAN_POINT('',(-0.00993603298003554,0.0193485225795076,-0.0129466336656413));
#5664=CARTESIAN_POINT('',(-0.00960165126848206,0.0186973781932956,-0.0125109348779388));
#5665=CARTESIAN_POINT('',(-0.00894989585771573,0.0174282092697557,-0.0116616987129879));
#5666=CARTESIAN_POINT('',(-0.00813680496857718,0.0158448703799493,-0.0106022427007445));
#5667=CARTESIAN_POINT('',(-0.00764108777865149,0.0148795560274709,-0.00995632406574958));
#5668=CARTESIAN_POINT('',(-0.00746274428793865,0.0145322662123204,-0.00972394280800314));
#5669=CARTESIAN_POINT('',(-0.0101445482716986,0.0193109417684178,-0.0129112727181854));
#5670=CARTESIAN_POINT('',(-0.0101272130067955,0.0192779427346393,-0.0128892096034155));
#5671=CARTESIAN_POINT('',(-0.00978639742926235,0.0186291736031569,-0.0124554433330719));
#5672=CARTESIAN_POINT('',(-0.0091221015390993,0.0173646343739704,-0.0116099739071544));
#5673=CARTESIAN_POINT('',(-0.00829336590137184,0.01578707121266,-0.0105552170522012));
#5674=CARTESIAN_POINT('',(-0.00778811057627432,0.0148252781490535,-0.00991216335282167));
#5675=CARTESIAN_POINT('',(-0.00760633556380673,0.0144792551831509,-0.00968081280901598));
#5676=CARTESIAN_POINT('',(-0.0103254899264556,0.0192059979061353,-0.0129009565960606));
#5677=CARTESIAN_POINT('',(-0.0103078454638007,0.0191731782031268,-0.0128789111097454));
#5678=CARTESIAN_POINT('',(-0.00996095098231702,0.0185279347587498,-0.0124454914191632));
#5679=CARTESIAN_POINT('',(-0.00928480648200446,0.0172702675730045,-0.0116006975243139));
#5680=CARTESIAN_POINT('',(-0.00844128923018928,0.0157012775601777,-0.0105467834213313));
#5681=CARTESIAN_POINT('',(-0.00792702199720297,0.0147447112887195,-0.00990424352261585));
#5682=CARTESIAN_POINT('',(-0.00774200478304552,0.0144005687586297,-0.00967307782816743));
#5683=CARTESIAN_POINT('',(-0.0104751254618307,0.0190911410314836,-0.0129248291399473));
#5684=CARTESIAN_POINT('',(-0.0104572252981259,0.0190585175988554,-0.0129027428596154));
#5685=CARTESIAN_POINT('',(-0.0101053036710225,0.0184171328784965,-0.0124685211486165));
#5686=CARTESIAN_POINT('',(-0.0094193605805204,0.0171669868704068,-0.0116221640069506));
#5687=CARTESIAN_POINT('',(-0.00856361919634224,0.0156073798269063,-0.0105662996911688));
#5688=CARTESIAN_POINT('',(-0.00804189927556272,0.0146565340711367,-0.00992257080605395));
#5689=CARTESIAN_POINT('',(-0.00785420081818182,0.0143144496030978,-0.00969097735160612));
#5690=CARTESIAN_POINT('',(-0.0106039150967432,0.0189706075701765,-0.0129704000870396));
#5691=CARTESIAN_POINT('',(-0.0105857948539991,0.0189381901082259,-0.0129482359339016));
#5692=CARTESIAN_POINT('',(-0.0102295464187788,0.0183008548221175,-0.0125124832243569));
#5693=CARTESIAN_POINT('',(-0.00953516979108255,0.0170586017118512,-0.0116631419584054));
#5694=CARTESIAN_POINT('',(-0.00866890723263786,0.0155088413734232,-0.0106035548284687));
#5695=CARTESIAN_POINT('',(-0.00814077286666925,0.014563998859153,-0.00995755625493887));
#5696=CARTESIAN_POINT('',(-0.00795076669317672,0.0142240741690406,-0.0097251462378158));
#5697=CARTESIAN_POINT('',(-0.0107204176376909,0.0188425519205782,-0.0130335816364098));
#5698=CARTESIAN_POINT('',(-0.0107020983124095,0.018810353283414,-0.0130113095170159));
#5699=CARTESIAN_POINT('',(-0.0103419358654744,0.0181773201464999,-0.0125734341642877));
#5700=CARTESIAN_POINT('',(-0.00963993029688573,0.016943452509836,-0.0117199555782253));
#5701=CARTESIAN_POINT('',(-0.00876415033017571,0.0154041533844252,-0.010655206976313));
#5702=CARTESIAN_POINT('',(-0.00823021348511934,0.0144656887587643,-0.010006061607735));
#5703=CARTESIAN_POINT('',(-0.00803811976171664,0.0141280586328533,-0.00977251947249122));
#5704=CARTESIAN_POINT('',(-0.0108093397283488,0.0187296513686497,-0.0130993067290926));
#5705=CARTESIAN_POINT('',(-0.0107908684507126,0.0186976456588513,-0.0130769222969706));
#5706=CARTESIAN_POINT('',(-0.0104277185830595,0.0180684055214655,-0.0126368388483448));
#5707=CARTESIAN_POINT('',(-0.00971989012538917,0.0168419309564924,-0.0117790563832155));
#5708=CARTESIAN_POINT('',(-0.00883684587213471,0.0153118549831034,-0.0107089385203819));
#5709=CARTESIAN_POINT('',(-0.00829848020889736,0.0143790134373018,-0.010056519674052));
#5710=CARTESIAN_POINT('',(-0.00810479313567709,0.0140434063190876,-0.00982179984422572));
#5711=CARTESIAN_POINT('',(-0.010873291217625,0.018640823176318,-0.0131553852399587));
#5712=CARTESIAN_POINT('',(-0.0108547106580398,0.0186089692584185,-0.0131329049794355));
#5713=CARTESIAN_POINT('',(-0.0104894122803527,0.0179827133871488,-0.0126909375208415));
#5714=CARTESIAN_POINT('',(-0.00977739608456352,0.0167620555625091,-0.0118294828641766));
#5715=CARTESIAN_POINT('',(-0.00888912746085613,0.0152392362048559,-0.0107547837958304));
#5716=CARTESIAN_POINT('',(-0.00834757665525074,0.0143108188005727,-0.0100995719255551));
#5717=CARTESIAN_POINT('',(-0.00815274366774734,0.0139768033496595,-0.0098638472533505));
#5718=CARTESIAN_POINT('',(-0.0109092903525533,0.0185866339021627,-0.0131917856561076));
#5719=CARTESIAN_POINT('',(-0.0108906482767209,0.018554872584288,-0.0131692431936174));
#5720=CARTESIAN_POINT('',(-0.0105241404744607,0.0179304372523142,-0.0127260528290329));
#5721=CARTESIAN_POINT('',(-0.009809766945773,0.0167133279062414,-0.011862214562354));
#5722=CARTESIAN_POINT('',(-0.00891855745518387,0.0151949354172344,-0.0107845418453758));
#5723=CARTESIAN_POINT('',(-0.00837521369102238,0.0142692169423266,-0.0101275170304919));
#5724=CARTESIAN_POINT('',(-0.00817973565328853,0.0139361724815178,-0.00989114011770237));
#5725=CARTESIAN_POINT('',(-0.0109415979617462,0.0185413863907075,-0.0132205458804506));
#5726=CARTESIAN_POINT('',(-0.0109229006778405,0.0185097023929437,-0.0131979542717496));
#5727=CARTESIAN_POINT('',(-0.0105553074712636,0.0178867871933933,-0.0127537976805568));
#5728=CARTESIAN_POINT('',(-0.00983881834201557,0.0166726407920564,-0.0118880761068721));
#5729=CARTESIAN_POINT('',(-0.00894496955528522,0.0151579446948706,-0.0108080538892336));
#5730=CARTESIAN_POINT('',(-0.00840001669122607,0.0142344797994715,-0.0101495966540871));
#5731=CARTESIAN_POINT('',(-0.00820395974983811,0.0139022461058589,-0.00991270440143234));
#5732=CARTESIAN_POINT('',(-0.0109764568100734,0.0184950414607143,-0.0132487193652388));
#5733=CARTESIAN_POINT('',(-0.0109576999584715,0.0184634366583584,-0.0132260796129627));
#5734=CARTESIAN_POINT('',(-0.0105889356363154,0.0178420784600325,-0.0127809765072251));
#5735=CARTESIAN_POINT('',(-0.00987016384360524,0.0166309668657368,-0.011913410048026));
#5736=CARTESIAN_POINT('',(-0.00897346734309552,0.0151200568114663,-0.0108310862620715));
#5737=CARTESIAN_POINT('',(-0.00842677831313993,0.0141989001531659,-0.0101712258295784));
#5738=CARTESIAN_POINT('',(-0.00823009675373847,0.0138674968908354,-0.00993382875054687));
#5739=CARTESIAN_POINT('',(-0.0110232214261552,0.0184357429129593,-0.0132831962734486));
#5740=CARTESIAN_POINT('',(-0.011004384661975,0.0184042394414864,-0.0132604976061454));
#5741=CARTESIAN_POINT('',(-0.0106340492388481,0.0177848734332767,-0.0128142362164637));
#5742=CARTESIAN_POINT('',(-0.00991221515677456,0.0165776448883303,-0.0119444121044036));
#5743=CARTESIAN_POINT('',(-0.00901169832805567,0.0150715790931116,-0.0108592718063928));
#5744=CARTESIAN_POINT('',(-0.00846268015828345,0.0141533758346296,-0.0101976942307605));
#5745=CARTESIAN_POINT('',(-0.00826516064745787,0.0138230351128843,-0.00995967937750662));
#5746=CARTESIAN_POINT('',(-0.0110827629829815,0.0183636985897642,-0.0133231037306672));
#5747=CARTESIAN_POINT('',(-0.0110638244726582,0.018332318229483,-0.013300336868475));
#5748=CARTESIAN_POINT('',(-0.0106914886952983,0.0177153726176242,-0.0128527347504814));
#5749=CARTESIAN_POINT('',(-0.00996575565090195,0.0165128617541878,-0.0119802973766863));
#5750=CARTESIAN_POINT('',(-0.00906037471106188,0.0150126814549545,-0.0108918969303553));
#5751=CARTESIAN_POINT('',(-0.00850839103825833,0.0140980664072989,-0.0102283317398257));
#5752=CARTESIAN_POINT('',(-0.0083098046324913,0.0137690166112209,-0.00998960180509756));
#5753=CARTESIAN_POINT('',(-0.0111558734069538,0.0182791444337088,-0.0133675939999643));
#5754=CARTESIAN_POINT('',(-0.0111368099636583,0.0182479085617434,-0.0133447511116561));
#5755=CARTESIAN_POINT('',(-0.0107620179732959,0.0176338036257587,-0.0128956543014969));
#5756=CARTESIAN_POINT('',(-0.0100314974358666,0.0164368296257546,-0.0120203035694867));
#5757=CARTESIAN_POINT('',(-0.0091201439073797,0.014943556784652,-0.0109282685924982));
#5758=CARTESIAN_POINT('',(-0.00856451892595966,0.0140331530075687,-0.0102624875373609));
#5759=CARTESIAN_POINT('',(-0.00836462249160652,0.0137056182945047,-0.0100229604040745));
#5760=CARTESIAN_POINT('',(-0.0112433302585625,0.0181823537215449,-0.013415786683824));
#5761=CARTESIAN_POINT('',(-0.0112241173667505,0.0181512832480369,-0.0133928614426185));
#5762=CARTESIAN_POINT('',(-0.0108463871817448,0.0175404300864617,-0.0129421455542172));
#5763=CARTESIAN_POINT('',(-0.0101101397035456,0.0163497942368192,-0.0120636390186201));
#5764=CARTESIAN_POINT('',(-0.00919164158786259,0.014864428491274,-0.010967667050696));
#5765=CARTESIAN_POINT('',(-0.00863166076537323,0.0139588454337961,-0.0102994857299678));
#5766=CARTESIAN_POINT('',(-0.00843019723607748,0.0136330450643854,-0.0100590950564355));
#5767=CARTESIAN_POINT('',(-0.011345875051424,0.0180736300988044,-0.0134667925170344));
#5768=CARTESIAN_POINT('',(-0.0113264869284335,0.0180427454150183,-0.0134437801157498));
#5769=CARTESIAN_POINT('',(-0.0109453116553011,0.0174355449251326,-0.0129913506387256));
#5770=CARTESIAN_POINT('',(-0.0102023492320268,0.0162520286291475,-0.0121095040859617));
#5771=CARTESIAN_POINT('',(-0.00927547395434196,0.0147755448109602,-0.0110093653133084));
#5772=CARTESIAN_POINT('',(-0.00871038582679902,0.0138753767988724,-0.0103386436163949));
#5773=CARTESIAN_POINT('',(-0.00850708484939798,0.0135515245928841,-0.010097338995221));
#5774=CARTESIAN_POINT('',(-0.0114642201766243,0.0179533049574256,-0.0135197113630879));
#5775=CARTESIAN_POINT('',(-0.0114446298224412,0.0179226258883346,-0.0134966085327187));
#5776=CARTESIAN_POINT('',(-0.0110594786342544,0.0173194678339969,-0.0130424011976177));
#5777=CARTESIAN_POINT('',(-0.0103087666120639,0.0161438307944124,-0.0121570893577849));
#5778=CARTESIAN_POINT('',(-0.00937222340041314,0.014677176663078,-0.0110526275011996));
#5779=CARTESIAN_POINT('',(-0.00880124102276608,0.0137830015169904,-0.010379270149346));
#5780=CARTESIAN_POINT('',(-0.0085958194791227,0.0134613053561495,-0.0101370173022242));
#5781=CARTESIAN_POINT('',(-0.0115990494043618,0.017821733967025,-0.0135736358539667));
#5782=CARTESIAN_POINT('',(-0.0115792286505278,0.0177912797298251,-0.0135504408760411));
#5783=CARTESIAN_POINT('',(-0.0111895477484604,0.0171925419258405,-0.0130944218972858));
#5784=CARTESIAN_POINT('',(-0.0104300066981593,0.0160255205550711,-0.0122055789177008));
#5785=CARTESIAN_POINT('',(-0.00948244892153823,0.0145696148144699,-0.0110967118233325));
#5786=CARTESIAN_POINT('',(-0.0089047512931507,0.0136819926406535,-0.0104206687297939));
#5787=CARTESIAN_POINT('',(-0.00869691381299674,0.0133626540336218,-0.0101774496370849));
#5788=CARTESIAN_POINT('',(-0.0117510189077252,0.0176792943389221,-0.0136276538046944));
#5789=CARTESIAN_POINT('',(-0.0117309384644968,0.0176490835062208,-0.0136043665195057));
#5790=CARTESIAN_POINT('',(-0.0113361520049743,0.0170551310946277,-0.0131465327572252));
#5791=CARTESIAN_POINT('',(-0.0105666595291578,0.0158974371041429,-0.0122541525178528));
#5792=CARTESIAN_POINT('',(-0.00960668695200422,0.0144531676427404,-0.0111408725507132));
#5793=CARTESIAN_POINT('',(-0.00902142039114476,0.0135726397602296,-0.0104621390606655));
#5794=CARTESIAN_POINT('',(-0.00881085984657938,0.0132558534566107,-0.0102179520477097));
#5795=CARTESIAN_POINT('',(-0.01192076118337,0.0175263819768529,-0.0136808486539738));
#5796=CARTESIAN_POINT('',(-0.0119003906801769,0.0174964324447273,-0.013657470468059));
#5797=CARTESIAN_POINT('',(-0.011499901570309,0.0169076172668084,-0.0131978495751155));
#5798=CARTESIAN_POINT('',(-0.0107192938537663,0.0157599364430962,-0.0123019859751431));
#5799=CARTESIAN_POINT('',(-0.00974545457015244,0.0143281588069088,-0.01118436037662));
#5800=CARTESIAN_POINT('',(-0.00915173389321342,0.0134552468165146,-0.0105029774851257));
#5801=CARTESIAN_POINT('',(-0.00893813182294919,0.0131412004719137,-0.0102578373006602));
#5802=CARTESIAN_POINT('',(-0.0121088847782022,0.0173634068559888,-0.0137323049971564));
#5803=CARTESIAN_POINT('',(-0.0120881928045736,0.0173337358199398,-0.0137088388813195));
#5804=CARTESIAN_POINT('',(-0.0116813835067679,0.0167503959434787,-0.0132474892644496));
#5805=CARTESIAN_POINT('',(-0.0108884568847853,0.0156133872266055,-0.0123482561465466));
#5806=CARTESIAN_POINT('',(-0.00989924927493762,0.0141949234696668,-0.011226426939914));
#5807=CARTESIAN_POINT('',(-0.00929615898926692,0.0133301285531403,-0.0105424812343143));
#5808=CARTESIAN_POINT('',(-0.00907918602777321,0.0130190024770258,-0.0102964190297477));
#5809=CARTESIAN_POINT('',(-0.0123159802966086,0.0171907904640911,-0.0137811071756287));
#5810=CARTESIAN_POINT('',(-0.0122949344328337,0.0171614143993706,-0.0137575576653745));
#5811=CARTESIAN_POINT('',(-0.0118811675675919,0.0165838737318758,-0.0132945684937215));
#5812=CARTESIAN_POINT('',(-0.0110746797008831,0.0154581684616067,-0.0123921396606697));
#5813=CARTESIAN_POINT('',(-0.0100685538969552,0.0140538062054733,-0.0112663236718349));
#5814=CARTESIAN_POINT('',(-0.00945514909449413,0.0131976085521141,-0.0105799473443989));
#5815=CARTESIAN_POINT('',(-0.00923446529350002,0.0128895755015291,-0.0103330106783616));
#5816=CARTESIAN_POINT('',(-0.0125426220493049,0.017008962843387,-0.0138263414936703));
#5817=CARTESIAN_POINT('',(-0.012521188894276,0.0169798974903795,-0.0138027146858504));
#5818=CARTESIAN_POINT('',(-0.0120998077875944,0.0164084654916891,-0.0133382058250191));
#5819=CARTESIAN_POINT('',(-0.0112784787292601,0.0152946668473158,-0.0124328149111763));
#5820=CARTESIAN_POINT('',(-0.0102538379464069,0.013905158582229,-0.0113033036083259));
#5821=CARTESIAN_POINT('',(-0.00962914511520645,0.0130580169628251,-0.0106146743584871));
#5822=CARTESIAN_POINT('',(-0.00940440023565876,0.0127532419891042,-0.0103669271616597));
#5823=CARTESIAN_POINT('',(-0.0127893729944169,0.0168183602295402,-0.0138670953540855));
#5824=CARTESIAN_POINT('',(-0.0127675181850291,0.0167896205831797,-0.0138433989050212));
#5825=CARTESIAN_POINT('',(-0.0123378472497999,0.016224592057387,-0.0133775208801717));
#5826=CARTESIAN_POINT('',(-0.0115003601887293,0.0151232746521622,-0.012469461279537));
#5827=CARTESIAN_POINT('',(-0.0104555616525311,0.0137493372310901,-0.0113366206833957));
#5828=CARTESIAN_POINT('',(-0.00981857924217431,0.0129116886894503,-0.0106459616630395));
#5829=CARTESIAN_POINT('',(-0.00958941295765886,0.0126103290272425,-0.0103974842184686));
#5830=CARTESIAN_POINT('',(-0.0131572322465399,0.0165446999395592,-0.0139157394656199));
#5831=CARTESIAN_POINT('',(-0.0131347488298044,0.0165164279309379,-0.0138919598922471));
#5832=CARTESIAN_POINT('',(-0.0126927193192985,0.0159605932782759,-0.013424447623021));
#5833=CARTESIAN_POINT('',(-0.0118311437150224,0.014877195981573,-0.0125132026579415));
#5834=CARTESIAN_POINT('',(-0.0107562937597036,0.0135256146111466,-0.0113763881925145));
#5835=CARTESIAN_POINT('',(-0.0101009898981551,0.0127015958847609,-0.0106833064229409));
#5836=CARTESIAN_POINT('',(-0.00986523213037692,0.0124051398024161,-0.0104339573492206));
#5837=CARTESIAN_POINT('',(-0.013448252891898,0.016340395965818,-0.0139401461588909));
#5838=CARTESIAN_POINT('',(-0.0134252721716015,0.0163124730770797,-0.0139163248787332));
#5839=CARTESIAN_POINT('',(-0.0129734655506058,0.0157635022073026,-0.0134479926438428));
#5840=CARTESIAN_POINT('',(-0.012092833028911,0.0146934833564867,-0.0125351494542196));
#5841=CARTESIAN_POINT('',(-0.0109942088084733,0.0133585921312923,-0.0113963411398827));
#5842=CARTESIAN_POINT('',(-0.0103244104887348,0.0125447488871368,-0.0107020437802786));
#5843=CARTESIAN_POINT('',(-0.0100834380696955,0.0122519536240201,-0.0104522573754071));
#5844=CARTESIAN_POINT('',(-0.0136504551822838,0.016203292443696,-0.0139515079295549));
#5845=CARTESIAN_POINT('',(-0.0136271289335149,0.0161756038409813,-0.0139276672341114));
#5846=CARTESIAN_POINT('',(-0.0131685291376503,0.0156312390921296,-0.0134589532899199));
#5847=CARTESIAN_POINT('',(-0.0122746557946899,0.0145701981971411,-0.0125453660969804));
#5848=CARTESIAN_POINT('',(-0.0111595131212285,0.0132465073301882,-0.0114056296088101));
#5849=CARTESIAN_POINT('',(-0.0104796439948629,0.0124394926093721,-0.0107107663693879));
#5850=CARTESIAN_POINT('',(-0.0102350484155929,0.012149154034693,-0.0104607763787136));
#5851=CARTESIAN_POINT('',(-0.00898476918402027,0.0162601991330658,-0.0163353214017867));
#5852=CARTESIAN_POINT('',(-0.00901539966296454,0.0164276359685158,-0.0159874920200783));
#5853=CARTESIAN_POINT('',(-0.00903351047109819,0.0166824897374239,-0.0154684553059279));
#5854=CARTESIAN_POINT('',(-0.00898558052274236,0.0170343674512709,-0.0147866263241711));
#5855=CARTESIAN_POINT('',(-0.00890441780917546,0.0173083120200971,-0.0142792464537698));
#5856=CARTESIAN_POINT('',(-0.00876334659911591,0.0175905396550862,-0.0137901396063428));
#5857=CARTESIAN_POINT('',(-0.00851696920240888,0.0178821288355222,-0.0133482418989792));
#5858=CARTESIAN_POINT('',(-0.00851390935460647,0.0181052514119182,-0.0128912385980326));
#5859=CARTESIAN_POINT('',(-0.00873281150176751,0.0181871667347266,-0.0125708341140988));
#5860=CARTESIAN_POINT('',(-0.00904460063302934,0.018188670528551,-0.0123469775960666));
#5861=CARTESIAN_POINT('',(-0.00945853779735912,0.0181804520475941,-0.012051587456945));
#5862=CARTESIAN_POINT('',(-0.0100224682650856,0.01791084692119,-0.0121940676035441));
#5863=CARTESIAN_POINT('',(-0.010375385805368,0.0176170186504154,-0.0125625523727926));
#5864=CARTESIAN_POINT('',(-0.0107928014739243,0.0173300980892752,-0.0128620265730576));
#5865=CARTESIAN_POINT('',(-0.011252299816234,0.0170539831457698,-0.0130994888527861));
#5866=CARTESIAN_POINT('',(-0.0119027096730098,0.0166910610810619,-0.0133668709213743));
#5867=CARTESIAN_POINT('',(-0.0124124003476545,0.0164309310674641,-0.0135130193510044));
#5868=CARTESIAN_POINT('',(-0.0127593674965428,0.0162601991330675,-0.0135929152015984));
#5869=CARTESIAN_POINT('',(0.,0.0191902019685288,0.));
#5870=CARTESIAN_POINT('',(0.,0.0162601991330675,0.));
#5871=CARTESIAN_POINT('',(-0.00233283005101673,0.0162601991330675,-0.0184966674442385));
#5872=CARTESIAN_POINT('',(-0.00349713135814148,0.0162601991330658,-0.0183122602333435));
#5873=CARTESIAN_POINT('',(-0.00233283005101674,0.0162601991330675,-0.0184966674442385));
#5874=CARTESIAN_POINT('',(-0.00218107107286481,0.0153282330917351,-0.0174041665492745));
#5875=CARTESIAN_POINT('',(-0.00202940932595542,0.0143962737752823,-0.0163116464103059));
#5876=CARTESIAN_POINT('',(-0.00187792571251583,0.0134643259709999,-0.0152190917430066));
#5877=CARTESIAN_POINT('',(-0.00291694450153297,0.0134643259709945,-0.015054527333615));
#5878=CARTESIAN_POINT('',(-0.00311049298332208,0.014396273775198,-0.0161404195801888));
#5879=CARTESIAN_POINT('',(-0.00330386138042708,0.0153282330923147,-0.0172263340355039));
#5880=CARTESIAN_POINT('',(-0.00349713135814305,0.0162601991330683,-0.0183122602333411));
#5881=CARTESIAN_POINT('',(-0.00326347076894095,0.016203292443696,-0.0192439408316551));
#5882=CARTESIAN_POINT('',(-0.0032578940661871,0.0161756038409813,-0.0192110562907999));
#5883=CARTESIAN_POINT('',(-0.00314825471654922,0.0156312390921297,-0.0185645381183889));
#5884=CARTESIAN_POINT('',(-0.00293455272002733,0.0145701981971411,-0.0173043863144221));
#5885=CARTESIAN_POINT('',(-0.00266795094965097,0.0132465073301882,-0.015732296641193));
#5886=CARTESIAN_POINT('',(-0.00250541182615864,0.0124394926093721,-0.0147738405995197));
#5887=CARTESIAN_POINT('',(-0.00244693534955032,0.0121491540346929,-0.0144290181894023));
#5888=CARTESIAN_POINT('',(-0.00337313042765615,0.016340395965818,-0.0190736774611951));
#5889=CARTESIAN_POINT('',(-0.00336736633565813,0.0163124730770797,-0.0190410838707649));
#5890=CARTESIAN_POINT('',(-0.00325404286732752,0.0157635022073026,-0.0184002858553665));
#5891=CARTESIAN_POINT('',(-0.00303316002266433,0.0146934833564867,-0.017151283415));
#5892=CARTESIAN_POINT('',(-0.00275759985761486,0.0133585921312923,-0.0155931030178787));
#5893=CARTESIAN_POINT('',(-0.00258959906889798,0.0125447488871367,-0.0146431270457255));
#5894=CARTESIAN_POINT('',(-0.00252915765651369,0.01225195362402,-0.0143013554985404));
#5895=CARTESIAN_POINT('',(-0.00352444264147749,0.0165446999395592,-0.0188238909190246));
#5896=CARTESIAN_POINT('',(-0.00351841998327825,0.016516427930938,-0.0187917241702596));
#5897=CARTESIAN_POINT('',(-0.00340001303974893,0.0159605932782759,-0.0181593179671282));
#5898=CARTESIAN_POINT('',(-0.00316922181088953,0.014877195981573,-0.0169266723096305));
#5899=CARTESIAN_POINT('',(-0.0028813005410714,0.0135256146111465,-0.0153888976520037));
#5900=CARTESIAN_POINT('',(-0.00270576355658336,0.0127015958847609,-0.0144513624487432));
#5901=CARTESIAN_POINT('',(-0.00264261085742541,0.012405139802416,-0.0141140666998491));
#5902=CARTESIAN_POINT('',(-0.00370131097188715,0.0168183602295402,-0.0184976942411483));
#5903=CARTESIAN_POINT('',(-0.00369498607653762,0.0167896205831797,-0.0184660849056529));
#5904=CARTESIAN_POINT('',(-0.00357063707619498,0.016224592057387,-0.0178446375846899));
#5905=CARTESIAN_POINT('',(-0.00332826397085923,0.0151232746521622,-0.0166333522782589));
#5906=CARTESIAN_POINT('',(-0.0030258938478571,0.0137493372310901,-0.0151222255111664));
#5907=CARTESIAN_POINT('',(-0.00284154782984808,0.0129116886894502,-0.0142009367295417));
#5908=CARTESIAN_POINT('',(-0.00277522591683217,0.0126103290272424,-0.0138694859333848));
#5909=CARTESIAN_POINT('',(-0.00381337697275094,0.017008962843387,-0.0182741140150485));
#5910=CARTESIAN_POINT('',(-0.00380686057613792,0.0169798974903795,-0.0182428867391918));
#5911=CARTESIAN_POINT('',(-0.00367874661378975,0.0164084654916891,-0.017628950804822));
#5912=CARTESIAN_POINT('',(-0.00342903508570643,0.0152946668473158,-0.0164323062119392));
#5913=CARTESIAN_POINT('',(-0.00311750998742043,0.0139051585822289,-0.0149394443193681));
#5914=CARTESIAN_POINT('',(-0.00292758245486957,0.0130580169628251,-0.0140292910853102));
#5915=CARTESIAN_POINT('',(-0.00285925248805387,0.0127532419891041,-0.0137018465097655));
#5916=CARTESIAN_POINT('',(-0.00390999832051499,0.0171907904640912,-0.0180641689204399));
#5917=CARTESIAN_POINT('',(-0.00390331681485877,0.0171614143993706,-0.0180333004041586));
#5918=CARTESIAN_POINT('',(-0.00377195676805634,0.0165838737318758,-0.0174264177713999));
#5919=CARTESIAN_POINT('',(-0.0035159181801077,0.0154581684616067,-0.016243521022164));
#5920=CARTESIAN_POINT('',(-0.00319649982210104,0.0140538062054733,-0.0147678101132749));
#5921=CARTESIAN_POINT('',(-0.00300176000524058,0.013197608552114,-0.0138681133208632));
#5922=CARTESIAN_POINT('',(-0.00293169872952634,0.012889575501529,-0.0135444306449287));
#5923=CARTESIAN_POINT('',(-0.00399224422030352,0.0173634068559888,-0.0178679399258045));
#5924=CARTESIAN_POINT('',(-0.0039854221707392,0.0173337358199398,-0.0178374067306743));
#5925=CARTESIAN_POINT('',(-0.00385129899608865,0.0167503959434787,-0.0172371165943328));
#5926=CARTESIAN_POINT('',(-0.00358987469635187,0.0156133872266055,-0.0160670695167803));
#5927=CARTESIAN_POINT('',(-0.00326373744792384,0.0141949234696668,-0.0146073890861987));
#5928=CARTESIAN_POINT('',(-0.00306490132458204,0.0133301285531402,-0.0137174655968284));
#5929=CARTESIAN_POINT('',(-0.00299336632632648,0.0130190024770258,-0.0133972990486693));
#5930=CARTESIAN_POINT('',(-0.00406119143885099,0.0175263819768529,-0.0176854994608827));
#5931=CARTESIAN_POINT('',(-0.00405425157050698,0.0174964324447273,-0.0176552780247094));
#5932=CARTESIAN_POINT('',(-0.00391781204962994,0.0169076172668084,-0.0170611171462465));
#5933=CARTESIAN_POINT('',(-0.00365187287621987,0.0157599364430962,-0.0159030168254938));
#5934=CARTESIAN_POINT('',(-0.00332010314267746,0.0143281588069087,-0.0144582404508638));
#5935=CARTESIAN_POINT('',(-0.00311783306166809,0.0134552468165145,-0.0135774035185236));
#5936=CARTESIAN_POINT('',(-0.00304506263319174,0.0131412004719136,-0.013260506028473));
#5937=CARTESIAN_POINT('',(-0.00411792790808529,0.0176792943389221,-0.0175169079273179));
#5938=CARTESIAN_POINT('',(-0.00411089108700395,0.0176490835062208,-0.0174869745846917));
#5939=CARTESIAN_POINT('',(-0.00397254545143246,0.0170551310946277,-0.0168984776963188));
#5940=CARTESIAN_POINT('',(-0.00370289100137081,0.0158974371041429,-0.0157514172621992));
#5941=CARTESIAN_POINT('',(-0.00336648631191376,0.0144531676427403,-0.0143204135867907));
#5942=CARTESIAN_POINT('',(-0.00316139043694687,0.0135726397602296,-0.013447973457129));
#5943=CARTESIAN_POINT('',(-0.00308760337647014,0.0132558534566106,-0.0131340968732139));
#5944=CARTESIAN_POINT('',(-0.00416355190082054,0.0178217339670251,-0.0173622110616733));
#5945=CARTESIAN_POINT('',(-0.00415643711628742,0.0177912797298251,-0.0173325420690284));
#5946=CARTESIAN_POINT('',(-0.00401655870005217,0.0171925419258405,-0.0167492423663946));
#5947=CARTESIAN_POINT('',(-0.00374391665211478,0.0160255205550711,-0.0156123119537719));
#5948=CARTESIAN_POINT('',(-0.00340378481506057,0.0145696148144699,-0.0141939458845112));
#5949=CARTESIAN_POINT('',(-0.0031964166097085,0.0136819926406534,-0.0133292105252393));
#5950=CARTESIAN_POINT('',(-0.00312181203605858,0.0133626540336217,-0.0130181058759564));
#5951=CARTESIAN_POINT('',(-0.00419917670292866,0.0179533049574257,-0.0172214359046193));
#5952=CARTESIAN_POINT('',(-0.0041920010418178,0.0179226258883347,-0.017192007472182));
#5953=CARTESIAN_POINT('',(-0.00405092577707044,0.0173194678339969,-0.0166134372424798));
#5954=CARTESIAN_POINT('',(-0.00377595090868659,0.0161438307944124,-0.0154857252155125));
#5955=CARTESIAN_POINT('',(-0.00343290878501308,0.014677176663078,-0.0140788594503001));
#5956=CARTESIAN_POINT('',(-0.00322376626497606,0.0137830015169904,-0.0132211354823527));
#5957=CARTESIAN_POINT('',(-0.00314852334857553,0.0134613053561494,-0.0129125533116704));
#5958=CARTESIAN_POINT('',(-0.00422592597642202,0.0180736300988044,-0.0170945877698522));
#5959=CARTESIAN_POINT('',(-0.00421870460546489,0.0180427454150183,-0.017065376098769));
#5960=CARTESIAN_POINT('',(-0.0040767306738819,0.0174355449251326,-0.0164910674506721));
#5961=CARTESIAN_POINT('',(-0.00380000418167306,0.0162520286291475,-0.0153716618255616));
#5962=CARTESIAN_POINT('',(-0.00345477683736344,0.0147755448109602,-0.0139751586282078));
#5963=CARTESIAN_POINT('',(-0.00324430205367968,0.0138753767988724,-0.0131237524078677));
#5964=CARTESIAN_POINT('',(-0.00316857983062177,0.013551524592884,-0.0128174431645411));
#5965=CARTESIAN_POINT('',(-0.00424493570748593,0.0181823537215449,-0.0169816468132007));
#5966=CARTESIAN_POINT('',(-0.00423768185221161,0.0181512832480369,-0.0169526281385278));
#5967=CARTESIAN_POINT('',(-0.00409506927095218,0.0175404300864617,-0.0163821138473937));
#5968=CARTESIAN_POINT('',(-0.00381709796370765,0.0163497942368192,-0.0152701039397982));
#5969=CARTESIAN_POINT('',(-0.0034703176629554,0.014864428491274,-0.0138828271952375));
#5970=CARTESIAN_POINT('',(-0.00325889608818824,0.013958845433796,-0.0130370460671382));
#5971=CARTESIAN_POINT('',(-0.00318283323940619,0.0136330450643853,-0.0127327605555002));
#5972=CARTESIAN_POINT('',(-0.00425735285482645,0.0182791444337089,-0.0168825657851336));
#5973=CARTESIAN_POINT('',(-0.00425007778081151,0.0182479085617434,-0.0168537164226689));
#5974=CARTESIAN_POINT('',(-0.00410704803388548,0.0176338036257587,-0.0162865308512469));
#5975=CARTESIAN_POINT('',(-0.00382826361404837,0.0164368296257546,-0.0151810090708676));
#5976=CARTESIAN_POINT('',(-0.00348046892288222,0.014943556784652,-0.0138018265239768));
#5977=CARTESIAN_POINT('',(-0.00326842890462716,0.0140331530075686,-0.0129609801860432));
#5978=CARTESIAN_POINT('',(-0.0031921435592832,0.0137056182945046,-0.0126584700570669));
#5979=CARTESIAN_POINT('',(-0.00426433269988057,0.0183636985897642,-0.0167972674855107));
#5980=CARTESIAN_POINT('',(-0.00425704569852695,0.018332318229483,-0.0167685638829734));
#5981=CARTESIAN_POINT('',(-0.00411378145718485,0.0177153726176242,-0.0162042439876239));
#5982=CARTESIAN_POINT('',(-0.00383453997585429,0.0165128617541878,-0.0151043077994623));
#5983=CARTESIAN_POINT('',(-0.00348617508223188,0.0150126814549545,-0.0137320935018065));
#5984=CARTESIAN_POINT('',(-0.00327378742859795,0.0140980664072988,-0.012895495496963));
#5985=CARTESIAN_POINT('',(-0.00319737701495249,0.0137690166112208,-0.0125945137849316));
#5986=CARTESIAN_POINT('',(-0.00426704453778951,0.0184357429129593,-0.0167256403393571));
#5987=CARTESIAN_POINT('',(-0.00425975290237754,0.0184042394414864,-0.0166970591351287));
#5988=CARTESIAN_POINT('',(-0.00411639755430715,0.0177848734332767,-0.0161351456206776));
#5989=CARTESIAN_POINT('',(-0.00383697849357833,0.0165776448883303,-0.0150398997960037));
#5990=CARTESIAN_POINT('',(-0.00348839206256868,0.0150715790931116,-0.0136735369140105));
#5991=CARTESIAN_POINT('',(-0.00327586934421746,0.0141533758346295,-0.01284050634224));
#5992=CARTESIAN_POINT('',(-0.00319941033852468,0.0138230351128842,-0.0125408080806922));
#5993=CARTESIAN_POINT('',(-0.00426663968479619,0.0184950414607143,-0.0166675419520211));
#5994=CARTESIAN_POINT('',(-0.00425934874120743,0.0184634366583584,-0.0166390600278107));
#5995=CARTESIAN_POINT('',(-0.00411600699455161,0.0178420784600325,-0.0160790983829651));
#5996=CARTESIAN_POINT('',(-0.00383661444482873,0.0166309668657368,-0.0149876570174844));
#5997=CARTESIAN_POINT('',(-0.00348806108735717,0.0151200568114663,-0.0136260403501861));
#5998=CARTESIAN_POINT('',(-0.00327555853295267,0.0141989001531658,-0.0127959034035229));
#5999=CARTESIAN_POINT('',(-0.00319910678161522,0.0138674968908353,-0.0124972461774948));
#6000=CARTESIAN_POINT('',(-0.00426433637377044,0.0185413863907075,-0.0166227805924559));
#6001=CARTESIAN_POINT('',(-0.00425704936613878,0.0185097023929437,-0.0165943751576075));
#6002=CARTESIAN_POINT('',(-0.00411378500136892,0.0178867871933933,-0.0160359173124584));
#6003=CARTESIAN_POINT('',(-0.00383454327946087,0.0166726407920564,-0.0149474070570085));
#6004=CARTESIAN_POINT('',(-0.00348617808570845,0.0151579446948706,-0.0135894470664661));
#6005=CARTESIAN_POINT('',(-0.00327379024909422,0.0142344797994714,-0.0127615394862245));
#6006=CARTESIAN_POINT('',(-0.00319737976961819,0.0139022461058588,-0.0124636843162836));
#6007=CARTESIAN_POINT('',(-0.00426005879973531,0.0185866339021627,-0.0165797383518498));
#6008=CARTESIAN_POINT('',(-0.00425277910173214,0.018554872584288,-0.0165514064686888));
#6009=CARTESIAN_POINT('',(-0.00410965844605866,0.0179304372523142,-0.0159943946678284));
#6010=CARTESIAN_POINT('',(-0.00383069683271486,0.0167133279062414,-0.0149087029492687));
#6011=CARTESIAN_POINT('',(-0.00348268108557661,0.0151949354172344,-0.0135542591959961));
#6012=CARTESIAN_POINT('',(-0.00327050629610869,0.0142692169423265,-0.0127284953604228));
#6013=CARTESIAN_POINT('',(-0.00319417246431107,0.0139361724815177,-0.0124314114425489));
#6014=CARTESIAN_POINT('',(-0.00425177000507472,0.0186408231763181,-0.0165292188121203));
#6015=CARTESIAN_POINT('',(-0.00424450447117697,0.0186089692584185,-0.0165009732580477));
#6016=CARTESIAN_POINT('',(-0.00410166228530457,0.0179827133871489,-0.0159456587083264));
#6017=CARTESIAN_POINT('',(-0.00382324344745752,0.0167620555625091,-0.0148632751629565));
#6018=CARTESIAN_POINT('',(-0.00347590483441584,0.0152392362048558,-0.0135129584877808));
#6019=CARTESIAN_POINT('',(-0.00326414287334881,0.0143108188005726,-0.0126897108082537));
#6020=CARTESIAN_POINT('',(-0.00318795756425644,0.0139768033496594,-0.0123935321243753));
#6021=CARTESIAN_POINT('',(-0.00424399127902351,0.0187296513686497,-0.0164445188488226));
#6022=CARTESIAN_POINT('',(-0.00423673903761283,0.0186976456588513,-0.0164164180322249));
#6023=CARTESIAN_POINT('',(-0.00409415818531001,0.0180684055214655,-0.0158639490569082));
#6024=CARTESIAN_POINT('',(-0.00381624872211505,0.0168419309564924,-0.0147871119228727));
#6025=CARTESIAN_POINT('',(-0.00346954557428306,0.0153118549831034,-0.0134437146172163));
#6026=CARTESIAN_POINT('',(-0.00325817103734323,0.0143790134373017,-0.0126246854702789));
#6027=CARTESIAN_POINT('',(-0.00318212511129553,0.0140434063190875,-0.0123300244820605));
#6028=CARTESIAN_POINT('',(-0.00424308565557794,0.0188425519205782,-0.0163339471261206));
#6029=CARTESIAN_POINT('',(-0.00423583496171988,0.018810353283414,-0.0163060352573254));
#6030=CARTESIAN_POINT('',(-0.00409328453468287,0.0181773201464999,-0.0157572810423433));
#6031=CARTESIAN_POINT('',(-0.00381543437446689,0.016943452509836,-0.0146876844811742));
#6032=CARTESIAN_POINT('',(-0.00346880520946821,0.0154041533844252,-0.0133533200791696));
#6033=CARTESIAN_POINT('',(-0.00325747577764849,0.0144656887587642,-0.0125397980233519));
#6034=CARTESIAN_POINT('',(-0.00318144607900774,0.0141280586328532,-0.0122471183137211));
#6035=CARTESIAN_POINT('',(-0.00426044918383013,0.0189706075701765,-0.0162025574076692));
#6036=CARTESIAN_POINT('',(-0.00425316881872858,0.018938190108226,-0.016174870061003));
#6037=CARTESIAN_POINT('',(-0.00411003504773668,0.0183008548221175,-0.0156305300063734));
#6038=CARTESIAN_POINT('',(-0.00383104787085443,0.0170586017118512,-0.0145695372437806));
#6039=CARTESIAN_POINT('',(-0.00348300023218163,0.0155088413734231,-0.0132459064239125));
#6040=CARTESIAN_POINT('',(-0.00327080599939918,0.0145639988591529,-0.0124389283120076));
#6041=CARTESIAN_POINT('',(-0.00319446517250708,0.0142240741690405,-0.0121486029080659));
#6042=CARTESIAN_POINT('',(-0.00429928216123239,0.0190911410314836,-0.0160715784736918));
#6043=CARTESIAN_POINT('',(-0.00429193543734066,0.0190585175988554,-0.0160441149471954));
#6044=CARTESIAN_POINT('',(-0.00414749703619016,0.0184171328784965,-0.0155041752522303));
#6045=CARTESIAN_POINT('',(-0.00386596695778088,0.0171669868704068,-0.0144517593887964));
#6046=CARTESIAN_POINT('',(-0.00351474694795558,0.0156073798269063,-0.0131388285929679));
#6047=CARTESIAN_POINT('',(-0.00330061861538905,0.0146565340711366,-0.0123383739656081));
#6048=CARTESIAN_POINT('',(-0.00322358196008129,0.0143144496030977,-0.0120503955067171));
#6049=CARTESIAN_POINT('',(-0.00436792242844148,0.0192059979061354,-0.0159364888533796));
#6050=CARTESIAN_POINT('',(-0.0043604584102964,0.0191731782031268,-0.0159092561714996));
#6051=CARTESIAN_POINT('',(-0.00421371397523642,0.0185279347587498,-0.015373854938547));
#6052=CARTESIAN_POINT('',(-0.00392768912326154,0.0172702675730045,-0.0143302851545218));
#6053=CARTESIAN_POINT('',(-0.00357086170400845,0.0157012775601777,-0.0130283901958386));
#6054=CARTESIAN_POINT('',(-0.00335331470167027,0.0147447112887194,-0.012234663788228));
#6055=CARTESIAN_POINT('',(-0.00327504811624698,0.0144005687586296,-0.01194910593169));
#6056=CARTESIAN_POINT('',(-0.00448262318274806,0.0193109417684178,-0.0157961676441368));
#6057=CARTESIAN_POINT('',(-0.00447496316100506,0.0192779427346393,-0.0157691747467467));
#6058=CARTESIAN_POINT('',(-0.00432436524693591,0.0186291736031569,-0.0152384877359248));
#6059=CARTESIAN_POINT('',(-0.00403082944054061,0.0173646343739704,-0.014204106611671));
#6060=CARTESIAN_POINT('',(-0.00366463180585532,0.01578707121266,-0.0129136748728094));
#6061=CARTESIAN_POINT('',(-0.0034413720634962,0.0148252781490534,-0.0121269372473796));
#6062=CARTESIAN_POINT('',(-0.00336105021346323,0.0144792551831508,-0.0118438937353818));
#6063=CARTESIAN_POINT('',(-0.00464172490234604,0.0193816424283916,-0.0156750457942748));
#6064=CARTESIAN_POINT('',(-0.00463379300349409,0.0193485225795076,-0.0156482598730159));
#6065=CARTESIAN_POINT('',(-0.0044778499185017,0.0186973781932956,-0.0151216420639077));
#6066=CARTESIAN_POINT('',(-0.00417389564736887,0.0174282092697557,-0.0140951923669504));
#6067=CARTESIAN_POINT('',(-0.00379470056208025,0.0158448703799493,-0.0128146554002166));
#6068=CARTESIAN_POINT('',(-0.00356351666293207,0.0148795560274708,-0.012033950321332));
#6069=CARTESIAN_POINT('',(-0.00348034394992433,0.0145322662123203,-0.0117530771302966));
#6070=CARTESIAN_POINT('',(-0.00491444698457303,0.019402143896641,-0.0155663010056885));
#6071=CARTESIAN_POINT('',(-0.00490604905121528,0.019368989014321,-0.0155397009103202));
#6072=CARTESIAN_POINT('',(-0.00474094361305832,0.0187171558621281,-0.015016736483988));
#6073=CARTESIAN_POINT('',(-0.00441913067010218,0.0174466444400623,-0.013997407726692));
#6074=CARTESIAN_POINT('',(-0.00401765617890179,0.0158616307297603,-0.0127257544164113));
#6075=CARTESIAN_POINT('',(-0.0037728891925006,0.0148952952893311,-0.0119504654370945));
#6076=CARTESIAN_POINT('',(-0.00368482971089861,0.0145476381187748,-0.0116715407887415));
#6077=CARTESIAN_POINT('',(-0.0051737710354149,0.019402143896641,-0.0154820415138631));
#6078=CARTESIAN_POINT('',(-0.00516492996245185,0.019368989014321,-0.0154555854032807));
#6079=CARTESIAN_POINT('',(-0.00499111229051289,0.0187171558621281,-0.0149354517533024));
#6080=CARTESIAN_POINT('',(-0.00465231801959803,0.0174466444400623,-0.0139216405639284));
#6081=CARTESIAN_POINT('',(-0.00422965864397532,0.0158616307297603,-0.012656870639859));
#6082=CARTESIAN_POINT('',(-0.00397197586732853,0.0148952952893311,-0.0118857782551854));
#6083=CARTESIAN_POINT('',(-0.00387926968965763,0.0145476381187748,-0.0116083634099076));
#6084=CARTESIAN_POINT('',(-0.00545832641767256,0.0193816424283916,-0.0154097158779716));
#6085=CARTESIAN_POINT('',(-0.00544899908915638,0.0193485225795076,-0.0153833833592953));
#6086=CARTESIAN_POINT('',(-0.00526562151328213,0.0186973781932956,-0.0148656795566308));
#6087=CARTESIAN_POINT('',(-0.00490819369004983,0.0174282092697557,-0.0138566044699781));
#6088=CARTESIAN_POINT('',(-0.0044622882141703,0.0158448703799493,-0.0125977430230906));
#6089=CARTESIAN_POINT('',(-0.00419043298564884,0.0148795560274708,-0.0118302528601914));
#6090=CARTESIAN_POINT('',(-0.00409262800448544,0.0145322662123203,-0.0115541339812803));
#6091=CARTESIAN_POINT('',(-0.00565823604974083,0.0193109417684178,-0.015414187868506));
#6092=CARTESIAN_POINT('',(-0.00564856711050569,0.0192779427346393,-0.0153878477079772));
#6093=CARTESIAN_POINT('',(-0.00545847338376075,0.0186291736031569,-0.0148699936646124));
#6094=CARTESIAN_POINT('',(-0.00508795486950601,0.0173646343739704,-0.0138606257384115));
#6095=CARTESIAN_POINT('',(-0.00462571823407331,0.01578707121266,-0.0126013989624992));
#6096=CARTESIAN_POINT('',(-0.00434390638615041,0.0148252781490534,-0.0118336860694231));
#6097=CARTESIAN_POINT('',(-0.00424251932573731,0.0144792551831508,-0.011557487059183));
#6098=CARTESIAN_POINT('',(-0.00583350964661926,0.0192059979061354,-0.0154602906996465));
#6099=CARTESIAN_POINT('',(-0.00582354119535548,0.0191731782031268,-0.0154338717574146));
#6100=CARTESIAN_POINT('',(-0.00562755898836021,0.0185279347587498,-0.0149144688463624));
#6101=CARTESIAN_POINT('',(-0.00524556302563345,0.0172702675730045,-0.0139020819664898));
#6102=CARTESIAN_POINT('',(-0.00476900781512028,0.0157012775601777,-0.0126390889253735));
#6103=CARTESIAN_POINT('',(-0.0044784663603386,0.0147447112887194,-0.0118690798530776));
#6104=CARTESIAN_POINT('',(-0.00437393866128842,0.0144005687586296,-0.0115920547496019));
#6105=CARTESIAN_POINT('',(-0.00596844447584717,0.0190911410314836,-0.0155292347614638));
#6106=CARTESIAN_POINT('',(-0.00595824544447803,0.0190585175988554,-0.0155026980058465));
#6107=CARTESIAN_POINT('',(-0.00575772997582133,0.0184171328784965,-0.0149809788546211));
#6108=CARTESIAN_POINT('',(-0.00536689806987706,0.0171669868704068,-0.0139640773077876));
#6109=CARTESIAN_POINT('',(-0.00487931966752164,0.0156073798269063,-0.0126954520394388));
#6110=CARTESIAN_POINT('',(-0.00458205770245379,0.0146565340711366,-0.0119220091666981));
#6111=CARTESIAN_POINT('',(-0.00447511217467351,0.0143144496030977,-0.0116437486895655));
#6112=CARTESIAN_POINT('',(-0.00607684850026067,0.0189706075701765,-0.0156123734935369));
#6113=CARTESIAN_POINT('',(-0.00606646422530755,0.018938190108226,-0.0155856946683168));
#6114=CARTESIAN_POINT('',(-0.00586230682216565,0.0183008548221175,-0.0150611823937085));
#6115=CARTESIAN_POINT('',(-0.00546437629083499,0.0170586017118512,-0.014038836669712));
#6116=CARTESIAN_POINT('',(-0.00496794206997505,0.0155088413734231,-0.0127634195730531));
#6117=CARTESIAN_POINT('',(-0.00466528097730388,0.0145639988591529,-0.0119858359257824));
#6118=CARTESIAN_POINT('',(-0.00455639301282148,0.0142240741690405,-0.0117060857278998));
#6119=CARTESIAN_POINT('',(-0.00616812482850757,0.0188425519205782,-0.0157084639828158));
#6120=CARTESIAN_POINT('',(-0.00615758457821803,0.018810353283414,-0.0156816209556971));
#6121=CARTESIAN_POINT('',(-0.00595036066154656,0.0181773201464999,-0.0151538804313213));
#6122=CARTESIAN_POINT('',(-0.00554645307849317,0.016943452509836,-0.0141252424096885));
#6123=CARTESIAN_POINT('',(-0.0050425622470407,0.0154041533844252,-0.0128419754205771));
#6124=CARTESIAN_POINT('',(-0.00473535508197016,0.0144656887587642,-0.0120596059287228));
#6125=CARTESIAN_POINT('',(-0.00462483158328154,0.0141280586328532,-0.0117781339341255));
#6126=CARTESIAN_POINT('',(-0.00623238459167445,0.0187296513686497,-0.0157984506976846));
#6127=CARTESIAN_POINT('',(-0.00622173453264948,0.0186976456588513,-0.0157714538989539));
#6128=CARTESIAN_POINT('',(-0.00601235174919466,0.0180684055214655,-0.0152406901868149));
#6129=CARTESIAN_POINT('',(-0.00560423624130999,0.0168419309564924,-0.0142061595612676));
#6130=CARTESIAN_POINT('',(-0.00509509585567512,0.0153118549831034,-0.0129155413135751));
#6131=CARTESIAN_POINT('',(-0.0047846881944701,0.0143790134373017,-0.0121286899792909));
#6132=CARTESIAN_POINT('',(-0.00467301325769494,0.0140434063190875,-0.0118456055584151));
#6133=CARTESIAN_POINT('',(-0.00627587685940053,0.0186408231763181,-0.0158715466278699));
#6134=CARTESIAN_POINT('',(-0.00626515247967029,0.0186089692584185,-0.0158444249209344));
#6135=CARTESIAN_POINT('',(-0.00605430853284512,0.0179827133871489,-0.0153112054827252));
#6136=CARTESIAN_POINT('',(-0.00564334501892504,0.0167620555625091,-0.0142718883132422));
#6137=CARTESIAN_POINT('',(-0.0051306516320855,0.0152392362048558,-0.0129752986609396));
#6138=CARTESIAN_POINT('',(-0.00481807781234088,0.0143108188005726,-0.0121848067399107));
#6139=CARTESIAN_POINT('',(-0.00470562355969117,0.0139768033496594,-0.0119004125501556));
#6140=CARTESIAN_POINT('',(-0.00629886572406279,0.0185866339021627,-0.0159172898253197));
#6141=CARTESIAN_POINT('',(-0.00628810206036957,0.018554872584288,-0.0158900899512324));
#6142=CARTESIAN_POINT('',(-0.00607648578115691,0.0179304372523142,-0.0153553337275657));
#6143=CARTESIAN_POINT('',(-0.00566401688642483,0.0167133279062414,-0.0143130211543196));
#6144=CARTESIAN_POINT('',(-0.00514944547693644,0.0151949354172344,-0.0130126946162636));
#6145=CARTESIAN_POINT('',(-0.00483572668296749,0.0142692169423265,-0.0122199244277871));
#6146=CARTESIAN_POINT('',(-0.00472286050451797,0.0139361724815177,-0.01193471058889));
#6147=CARTESIAN_POINT('',(-0.00632070468822757,0.0185413863907075,-0.0159546260243795));
#6148=CARTESIAN_POINT('',(-0.0063099037055509,0.0185097023929437,-0.0159273623492353));
#6149=CARTESIAN_POINT('',(-0.00609755372593236,0.0178867871933933,-0.0153913517810769));
#6150=CARTESIAN_POINT('',(-0.00568365474937194,0.0166726407920564,-0.0143465943199042));
#6151=CARTESIAN_POINT('',(-0.00516729925572231,0.0151579446948706,-0.0130432176865745));
#6152=CARTESIAN_POINT('',(-0.00485249275901458,0.0142344797994714,-0.012248587946259));
#6153=CARTESIAN_POINT('',(-0.00473923525924872,0.0139022461058588,-0.0119627050989578));
#6154=CARTESIAN_POINT('',(-0.00634515133748942,0.0184950414607143,-0.0159921925772115));
#6155=CARTESIAN_POINT('',(-0.00633430857974997,0.0184634366583584,-0.015964864707376));
#6156=CARTESIAN_POINT('',(-0.00612113729210826,0.0178420784600325,-0.0154275920557757));
#6157=CARTESIAN_POINT('',(-0.00570563747456429,0.0166309668657368,-0.0143803746224105));
#6158=CARTESIAN_POINT('',(-0.00518728486789162,0.0151200568114663,-0.0130739290755831));
#6159=CARTESIAN_POINT('',(-0.00487126079112123,0.0141989001531658,-0.0122774283105206));
#6160=CARTESIAN_POINT('',(-0.00475756524425309,0.0138674968908353,-0.0119908723272229));
#6161=CARTESIAN_POINT('',(-0.00637897317979564,0.0184357429129593,-0.0160394331265308));
#6162=CARTESIAN_POINT('',(-0.0063680726264225,0.0184042394414864,-0.0160120245308301));
#6163=CARTESIAN_POINT('',(-0.00615376506238778,0.0177848734332767,-0.0154731647888372));
#6164=CARTESIAN_POINT('',(-0.00573605048769149,0.0165776448883303,-0.014422853900552));
#6165=CARTESIAN_POINT('',(-0.00521493488307135,0.0150715790931116,-0.0131125491452396));
#6166=CARTESIAN_POINT('',(-0.0048972262891128,0.0141533758346295,-0.0123136955362195));
#6167=CARTESIAN_POINT('',(-0.00478292470581581,0.0138230351128842,-0.0120262930734916));
#6168=CARTESIAN_POINT('',(-0.00642326848292285,0.0183636985897642,-0.0160957867266982));
#6169=CARTESIAN_POINT('',(-0.00641229223659689,0.018332318229483,-0.0160682818325167));
#6170=CARTESIAN_POINT('',(-0.00619649653046723,0.0177153726176242,-0.0155275288386733));
#6171=CARTESIAN_POINT('',(-0.00577588136453387,0.0165128617541878,-0.0144735277451681));
#6172=CARTESIAN_POINT('',(-0.0052511471565711,0.0150126814549545,-0.0131586193115527));
#6173=CARTESIAN_POINT('',(-0.00493123240841204,0.0140980664072988,-0.012356958977599));
#6174=CARTESIAN_POINT('',(-0.00481613712005667,0.0137690166112208,-0.0120685467433072));
#6175=CARTESIAN_POINT('',(-0.0064790523787537,0.0182791444337089,-0.0161606918506983));
#6176=CARTESIAN_POINT('',(-0.00646798080747234,0.0182479085617434,-0.0161330760449722));
#6177=CARTESIAN_POINT('',(-0.00625031098924173,0.0176338036257587,-0.0155901425028453));
#6178=CARTESIAN_POINT('',(-0.00582604292406188,0.0164368296257546,-0.0145318912243177));
#6179=CARTESIAN_POINT('',(-0.00529675157848705,0.014943556784652,-0.0132116805152446));
#6180=CARTESIAN_POINT('',(-0.00497405847986147,0.0140331530075686,-0.0124067875425722));
#6181=CARTESIAN_POINT('',(-0.00485796362818514,0.0137056182945046,-0.0121172123063006));
#6182=CARTESIAN_POINT('',(-0.00654733642905365,0.0181823537215449,-0.0162335514701424));
#6183=CARTESIAN_POINT('',(-0.00653614817223156,0.0181512832480369,-0.0162058111600254));
#6184=CARTESIAN_POINT('',(-0.00631618428753136,0.0175404300864617,-0.0156604298309084));
#6185=CARTESIAN_POINT('',(-0.00588744477495306,0.0163497942368192,-0.0145974074827916));
#6186=CARTESIAN_POINT('',(-0.00535257512027502,0.014864428491274,-0.0132712446739731));
#6187=CARTESIAN_POINT('',(-0.00502648109347509,0.013958845433796,-0.0124627228841545));
#6188=CARTESIAN_POINT('',(-0.00490916269455327,0.0136330450643853,-0.0121718421133359));
#6189=CARTESIAN_POINT('',(-0.00662910065324245,0.0180736300988045,-0.0163137489838651));
#6190=CARTESIAN_POINT('',(-0.0066177726756119,0.0180427454150183,-0.0162858716301747));
#6191=CARTESIAN_POINT('',(-0.00639506184540539,0.0174355449251326,-0.0157377959906534));
#6192=CARTESIAN_POINT('',(-0.00596096816262292,0.0162520286291475,-0.0146695220653011));
#6193=CARTESIAN_POINT('',(-0.0054194189669085,0.0147755448109602,-0.0133368077042697));
#6194=CARTESIAN_POINT('',(-0.00508925262377004,0.0138753767988724,-0.0125242916290692));
#6195=CARTESIAN_POINT('',(-0.00497046913320754,0.013551524592884,-0.0122319738396996));
#6196=CARTESIAN_POINT('',(-0.00672530073298263,0.0179533049574257,-0.0164006484521275));
#6197=CARTESIAN_POINT('',(-0.00671380836618251,0.0179226258883347,-0.0163726226023915));
#6198=CARTESIAN_POINT('',(-0.00648786560441461,0.0173194678339969,-0.0158216274940412));
#6199=CARTESIAN_POINT('',(-0.00604747244767893,0.0161438307944124,-0.0147476631270766));
#6200=CARTESIAN_POINT('',(-0.00549806440677025,0.014677176663078,-0.0134078497130051));
#6201=CARTESIAN_POINT('',(-0.00516310676082937,0.0137830015169904,-0.0125910055575479));
#6202=CARTESIAN_POINT('',(-0.00504259950985627,0.0134613053561494,-0.0122971306607051));
#6203=CARTESIAN_POINT('',(-0.00683686736451487,0.0178217339670251,-0.016493598213275));
#6204=CARTESIAN_POINT('',(-0.00682518434978641,0.0177912797298251,-0.0164654135285975));
#6205=CARTESIAN_POINT('',(-0.00659549340279225,0.0171925419258405,-0.0159112956861757));
#6206=CARTESIAN_POINT('',(-0.00614779452353238,0.0160255205550711,-0.0148312446860099));
#6207=CARTESIAN_POINT('',(-0.00558927230217371,0.0145696148144699,-0.0134838379540775));
#6208=CARTESIAN_POINT('',(-0.00524875801308074,0.0136819926406534,-0.0126623643798894));
#6209=CARTESIAN_POINT('',(-0.00512625165625348,0.0133626540336217,-0.0123668239634454));
#6210=CARTESIAN_POINT('',(-0.00696470648619068,0.0176792943389221,-0.0165919334964775));
#6211=CARTESIAN_POINT('',(-0.00695280501668436,0.0176490835062208,-0.0165635807739398));
#6212=CARTESIAN_POINT('',(-0.0067188191949537,0.0170551310946277,-0.0160061592658014));
#6213=CARTESIAN_POINT('',(-0.00626274902099871,0.0158974371041429,-0.0149196689720623));
#6214=CARTESIAN_POINT('',(-0.00569378327537547,0.0144531676427403,-0.013564228964379));
#6215=CARTESIAN_POINT('',(-0.00534690188197657,0.0135726397602296,-0.0127378577422964));
#6216=CARTESIAN_POINT('',(-0.005222104840802,0.0132558534566106,-0.0124405553058145));
#6217=CARTESIAN_POINT('',(-0.00710970287109282,0.0175263819768529,-0.0166949780523561));
#6218=CARTESIAN_POINT('',(-0.00709755362803612,0.0174964324447273,-0.0166664492446321));
#6219=CARTESIAN_POINT('',(-0.00685869651728035,0.0169076172668084,-0.0161055658583614));
#6220=CARTESIAN_POINT('',(-0.00639313153882552,0.0157599364430962,-0.0150123278935441));
#6221=CARTESIAN_POINT('',(-0.00581232064561249,0.0143281588069087,-0.0136484698968638));
#6222=CARTESIAN_POINT('',(-0.00545821762009853,0.0134552468165145,-0.0128169664787302));
#6223=CARTESIAN_POINT('',(-0.00533082246228363,0.0131412004719136,-0.0125178176391431));
#6224=CARTESIAN_POINT('',(-0.00727271815731503,0.0173634068559888,-0.0168020493306907));
#6225=CARTESIAN_POINT('',(-0.0072602903495461,0.0173337358199398,-0.0167733375568135));
#6226=CARTESIAN_POINT('',(-0.00701595658793979,0.0167503959434787,-0.0162088570109074));
#6227=CARTESIAN_POINT('',(-0.0065397168724961,0.0156133872266055,-0.0151086076929724));
#6228=CARTESIAN_POINT('',(-0.00594558881881733,0.0141949234696668,-0.0137360027534262));
#6229=CARTESIAN_POINT('',(-0.00558336671897595,0.0133301285531402,-0.0128991665859089));
#6230=CARTESIAN_POINT('',(-0.00545305057297194,0.0130190024770258,-0.0125980991904204));
#6231=CARTESIAN_POINT('',(-0.0074545969970805,0.0171907904640912,-0.0169124589951827));
#6232=CARTESIAN_POINT('',(-0.00744185839007408,0.0171614143993706,-0.0168835585504321));
#6233=CARTESIAN_POINT('',(-0.00719141423891118,0.0165838737318758,-0.0163153686886884));
#6234=CARTESIAN_POINT('',(-0.0067032645435918,0.0154581684616067,-0.0152078894099517));
#6235=CARTESIAN_POINT('',(-0.00609427831464241,0.0140538062054733,-0.0138262648057281));
#6236=CARTESIAN_POINT('',(-0.00572299762984949,0.013197608552114,-0.0129839296184977));
#6237=CARTESIAN_POINT('',(-0.00558942248921305,0.012889575501529,-0.0126808838482603));
#6238=CARTESIAN_POINT('',(-0.0076561679398431,0.017008962843387,-0.0170255155413344));
#6239=CARTESIAN_POINT('',(-0.00764308488322729,0.0169798974903795,-0.0169964219026511));
#6240=CARTESIAN_POINT('',(-0.00738586876790871,0.0164084654916891,-0.0164244338006074));
#6241=CARTESIAN_POINT('',(-0.00688451959388735,0.0152946668473158,-0.0153095512352035));
#6242=CARTESIAN_POINT('',(-0.0062590664884124,0.0139051585822289,-0.0139186907353673));
#6243=CARTESIAN_POINT('',(-0.00587774644164022,0.0130580169628251,-0.0130707246988915));
#6244=CARTESIAN_POINT('',(-0.00574055945357081,0.0127532419891041,-0.0127656531257759));
#6245=CARTESIAN_POINT('',(-0.00787824839863918,0.0168183602295402,-0.0171405250012641));
#6246=CARTESIAN_POINT('',(-0.00786478584522569,0.0167896205831797,-0.0171112348314588));
#6247=CARTESIAN_POINT('',(-0.00760010872939765,0.016224592057387,-0.0165353828791521));
#6248=CARTESIAN_POINT('',(-0.00708421705115506,0.0151232746521622,-0.0154129691443442));
#6249=CARTESIAN_POINT('',(-0.00644062159121364,0.0137493372310901,-0.014012713210077));
#6250=CARTESIAN_POINT('',(-0.00604824069368679,0.0129116886894502,-0.013159019058311));
#6251=CARTESIAN_POINT('',(-0.00590707435857449,0.0126103290272425,-0.0128518866890464));
#6252=CARTESIAN_POINT('',(-0.00821307148030983,0.0165446999395592,-0.0173004630609623));
#6253=CARTESIAN_POINT('',(-0.00819903677260607,0.016516427930938,-0.0172708995848885));
#6254=CARTESIAN_POINT('',(-0.00792311096251439,0.0159605932782759,-0.0166896743640316));
#6255=CARTESIAN_POINT('',(-0.00738529405003479,0.014877195981573,-0.0155567873983914));
#6256=CARTESIAN_POINT('',(-0.00671434598525751,0.0135256146111465,-0.0141434656906318));
#6257=CARTESIAN_POINT('',(-0.00630528902286816,0.0127015958847609,-0.0132818057276553));
#6258=CARTESIAN_POINT('',(-0.00615812316286671,0.012405139802416,-0.0129718075094621));
#6259=CARTESIAN_POINT('',(-0.00848230647845678,0.016340395965818,-0.0174136055307686));
#6260=CARTESIAN_POINT('',(-0.00846781169506615,0.0163124730770797,-0.0173838487139335));
#6261=CARTESIAN_POINT('',(-0.00818284068365766,0.0157635022073026,-0.0167988223660911));
#6262=CARTESIAN_POINT('',(-0.00762739344423132,0.0146934833564867,-0.0156585264872414));
#6263=CARTESIAN_POINT('',(-0.00693445084288997,0.0133585921312923,-0.014235961864533));
#6264=CARTESIAN_POINT('',(-0.00651198446956648,0.0125447488871367,-0.0133686667728319));
#6265=CARTESIAN_POINT('',(-0.00635999432426084,0.01225195362402,-0.0130566412121381));
#6266=CARTESIAN_POINT('',(-0.0086711013041167,0.016203292443696,-0.017486895160826));
#6267=CARTESIAN_POINT('',(-0.00865628390327406,0.0161756038409813,-0.0174570131047868));
#6268=CARTESIAN_POINT('',(-0.00836497015330106,0.0156312390921297,-0.016869524523346));
#6269=CARTESIAN_POINT('',(-0.00779716005419768,0.0145701981971411,-0.0157244294165036));
#6270=CARTESIAN_POINT('',(-0.00708879429195724,0.0132465073301882,-0.0142958775653176));
#6271=CARTESIAN_POINT('',(-0.00665692487884718,0.0124394926093721,-0.0134249322395332));
#6272=CARTESIAN_POINT('',(-0.00650155181486749,0.0121491540346929,-0.0131115934391505));
#6273=CARTESIAN_POINT('',(-0.00349713135814148,0.0162601991330658,-0.0183122602333435));
#6274=CARTESIAN_POINT('',(-0.0036337478648294,0.0164276359685157,-0.0179909201718507));
#6275=CARTESIAN_POINT('',(-0.00381136343229713,0.0166824897374236,-0.0175028834701572));
#6276=CARTESIAN_POINT('',(-0.00397647608520787,0.0170343674512703,-0.0168396144054775));
#6277=CARTESIAN_POINT('',(-0.0040560747601476,0.0173083120200963,-0.0163319868156941));
#6278=CARTESIAN_POINT('',(-0.00407305039447952,0.017590539655085,-0.0158232251599589));
#6279=CARTESIAN_POINT('',(-0.00397528546722384,0.0178821288355209,-0.0153268206632228));
#6280=CARTESIAN_POINT('',(-0.00411359716550894,0.0181052514119168,-0.0148912391509187));
#6281=CARTESIAN_POINT('',(-0.0044207959096052,0.0181871667347265,-0.0146541608621995));
#6282=CARTESIAN_POINT('',(-0.00478650046297519,0.0181886705285509,-0.0145376088022311));
#6283=CARTESIAN_POINT('',(-0.00527145867340628,0.0181804520475953,-0.0143845897039496));
#6284=CARTESIAN_POINT('',(-0.00576375963281758,0.0179108469211915,-0.0146943604739872));
#6285=CARTESIAN_POINT('',(-0.0059855361033524,0.0176170186504165,-0.0151538678324971));
#6286=CARTESIAN_POINT('',(-0.00628997937767762,0.017330098089276,-0.0155676732574244));
#6287=CARTESIAN_POINT('',(-0.00665360839039901,0.0170539831457705,-0.0159355061025954));
#6288=CARTESIAN_POINT('',(-0.0071895593197636,0.0166910610810623,-0.0163907892603198));
#6289=CARTESIAN_POINT('',(-0.00762914160872287,0.0164309310674642,-0.0166872877570059));
#6290=CARTESIAN_POINT('',(-0.00793443780100014,0.0162601991330675,-0.0168704919718347));
#6291=CARTESIAN_POINT('',(0.,0.0191902019685288,0.));
#6292=CARTESIAN_POINT('',(0.,0.0162601991330675,0.));
#6293=CARTESIAN_POINT('',(0.00349713135814957,0.0162601991330757,-0.0183122602333245));
#6294=CARTESIAN_POINT('',(0.0023328300510191,0.0162601991330658,-0.0184966674442412));
#6295=CARTESIAN_POINT('',(0.00349713135814215,0.0162601991330639,-0.018312260233336));
#6296=CARTESIAN_POINT('',(0.00330386138030637,0.0153282330917327,-0.0172263340348257));
#6297=CARTESIAN_POINT('',(0.00311049298333934,0.0143962737752811,-0.0161404195802857));
#6298=CARTESIAN_POINT('',(0.00291694450153409,0.0134643259709999,-0.0150545273336213));
#6299=CARTESIAN_POINT('',(0.00187792571251465,0.0134643259709927,-0.0152190917429981));
#6300=CARTESIAN_POINT('',(0.0020294093259415,0.0143962737751968,-0.0163116464102056));
#6301=CARTESIAN_POINT('',(0.00218107107295911,0.0153282330923141,-0.0174041665499533));
#6302=CARTESIAN_POINT('',(0.00233283005101688,0.0162601991330683,-0.0184966674442394));
#6303=CARTESIAN_POINT('',(0.00284295961518734,0.016203292443696,-0.0193105432553926));
#6304=CARTESIAN_POINT('',(0.00283810149270436,0.0161756038409813,-0.0192775449026034));
#6305=CARTESIAN_POINT('',(0.0027425896081726,0.0156312390921297,-0.0186287891595384));
#6306=CARTESIAN_POINT('',(0.00255642396159204,0.0145701981971411,-0.0173642760261975));
#6307=CARTESIAN_POINT('',(0.00232417488685513,0.0132465073301881,-0.0157867454204958));
#6308=CARTESIAN_POINT('',(0.00218257957416702,0.0124394926093719,-0.01482497220507));
#6309=CARTESIAN_POINT('',(0.0021316380235277,0.0121491540346927,-0.0144789563799199));
#6310=CARTESIAN_POINT('',(0.00268605280719986,0.016340395965818,-0.0191824998655706));
#6311=CARTESIAN_POINT('',(0.00268146281110446,0.0163124730770798,-0.0191497203166179));
#6312=CARTESIAN_POINT('',(0.00259122235738961,0.0157635022073027,-0.0185052663108686));
#6313=CARTESIAN_POINT('',(0.00241533144605532,0.0146934833564867,-0.0172491378483227));
#6314=CARTESIAN_POINT('',(0.00219590051364457,0.0133585921312922,-0.0156820674541039));
#6315=CARTESIAN_POINT('',(0.00206212003885328,0.0125447488871366,-0.0147266715166818));
#6316=CARTESIAN_POINT('',(0.00201399002168143,0.0122519536240198,-0.0143829500360564));
#6317=CARTESIAN_POINT('',(0.00246495805375317,0.0165446999395592,-0.0189916967924838));
#6318=CARTESIAN_POINT('',(0.0024607458700568,0.016516427930938,-0.0189592432927279));
#6319=CARTESIAN_POINT('',(0.00237793330115923,0.0159605932782759,-0.0183211994944918));
#6320=CARTESIAN_POINT('',(0.00221652034706045,0.014877195981573,-0.0170775653977754));
#6321=CARTESIAN_POINT('',(0.00201515124417513,0.0135256146111465,-0.01552608222363));
#6322=CARTESIAN_POINT('',(0.00189238252649103,0.0127015958847607,-0.0145801893479648));
#6323=CARTESIAN_POINT('',(0.00184821419400812,0.0124051398024157,-0.0142398867707799));
#6324=CARTESIAN_POINT('',(0.00219594595861839,0.0168183602295403,-0.018736120636259));
#6325=CARTESIAN_POINT('',(0.00219219346970649,0.0167896205831797,-0.0187041038716098));
#6326=CARTESIAN_POINT('',(0.00211841861349077,0.016224592057387,-0.0180746463931342));
#6327=CARTESIAN_POINT('',(0.00197462138997121,0.0151232746521622,-0.0168477482008323));
#6328=CARTESIAN_POINT('',(0.00179522861409889,0.01374933723109,-0.015317143735442));
#6329=CARTESIAN_POINT('',(0.0016858582055304,0.01291168868945,-0.014383979983878));
#6330=CARTESIAN_POINT('',(0.00164651016426573,0.0126103290272422,-0.0140482569461403));
#6331=CARTESIAN_POINT('',(0.00202027476877073,0.017008962843387,-0.0185581135040706));
#6332=CARTESIAN_POINT('',(0.00201682247130455,0.0169798974903795,-0.0185264009225855));
#6333=CARTESIAN_POINT('',(0.00194894945284644,0.0164084654916891,-0.017902923760033));
#6334=CARTESIAN_POINT('',(0.0018166557133964,0.0152946668473158,-0.0166876820164133));
#6335=CARTESIAN_POINT('',(0.00165161399305159,0.0139051585822288,-0.0151716194360101));
#6336=CARTESIAN_POINT('',(0.00155099299369873,0.0130580169628249,-0.0142473214366743));
#6337=CARTESIAN_POINT('',(0.0015147927153378,0.0127532419891039,-0.0139147880184057));
#6338=CARTESIAN_POINT('',(0.00186350580424681,0.0171907904640912,-0.0183883014922575));
#6339=CARTESIAN_POINT('',(0.00186032139761774,0.0171614143993706,-0.0183568790899039));
#6340=CARTESIAN_POINT('',(0.0017977151789966,0.0165838737318758,-0.0177391069205486));
#6341=CARTESIAN_POINT('',(0.00167568714838337,0.0154581684616067,-0.0165349849841916));
#6342=CARTESIAN_POINT('',(0.00152345230955867,0.0140538062054732,-0.0150327948071852));
#6343=CARTESIAN_POINT('',(0.00143063928272606,0.0131976085521138,-0.0141169543971807));
#6344=CARTESIAN_POINT('',(0.00139724806788552,0.0128895755015287,-0.013787463754178));
#6345=CARTESIAN_POINT('',(0.0017246472111829,0.0173634068559888,-0.0182270920089757));
#6346=CARTESIAN_POINT('',(0.00172170008968772,0.0173337358199398,-0.0181959450855319));
#6347=CARTESIAN_POINT('',(0.00166375895524017,0.0167503959434787,-0.0175835888993901));
#6348=CARTESIAN_POINT('',(0.00155082380784024,0.0156133872266055,-0.0163900234505504));
#6349=CARTESIAN_POINT('',(0.00140993270375805,0.0141949234696667,-0.0149010029130743));
#6350=CARTESIAN_POINT('',(0.00132403561262824,0.0133301285531401,-0.0139931916382962));
#6351=CARTESIAN_POINT('',(0.00129313253445081,0.0130190024770255,-0.0136665896262161));
#6352=CARTESIAN_POINT('',(0.0016026973055804,0.017526381976853,-0.0180748866782219));
#6353=CARTESIAN_POINT('',(0.00159995857521924,0.0174964324447273,-0.0180439998471605));
#6354=CARTESIAN_POINT('',(0.00154611446179174,0.0169076172668084,-0.0174367571413153));
#6355=CARTESIAN_POINT('',(0.00144116496529788,0.0157599364430962,-0.0162531585606862));
#6356=CARTESIAN_POINT('',(0.00131023627946079,0.0143281588069086,-0.0147765720891211));
#6357=CARTESIAN_POINT('',(0.00123041297669007,0.0134552468165144,-0.0138763414923399));
#6358=CARTESIAN_POINT('',(0.0012016950569857,0.0131412004719134,-0.0135524667703426));
#6359=CARTESIAN_POINT('',(0.00149664006782428,0.0176792943389221,-0.0179320791348271));
#6360=CARTESIAN_POINT('',(0.00149408257079774,0.0176490835062208,-0.0179014363369675));
#6361=CARTESIAN_POINT('',(0.001443801549365,0.0170551310946277,-0.0172989913839718));
#6362=CARTESIAN_POINT('',(0.00134579700352606,0.0158974371041429,-0.0161247442758402));
#6363=CARTESIAN_POINT('',(0.0012235324208322,0.0144531676427403,-0.0146598241394709));
#6364=CARTESIAN_POINT('',(0.00114899136254455,0.0135726397602294,-0.0137667061582376));
#6365=CARTESIAN_POINT('',(0.00112217382866309,0.0132558534566103,-0.0134453903321404));
#6366=CARTESIAN_POINT('',(0.00140544511177331,0.0178217339670251,-0.0177990522618119));
#6367=CARTESIAN_POINT('',(0.00140304345103229,0.0177912797298251,-0.017768636783693));
#6368=CARTESIAN_POINT('',(0.00135582620935417,0.0171925419258405,-0.0171706609927871));
#6369=CARTESIAN_POINT('',(0.00126379338673895,0.0160255205550711,-0.0160051248890943));
#6370=CARTESIAN_POINT('',(0.00114897876712244,0.0145696148144698,-0.0145510720784541));
#6371=CARTESIAN_POINT('',(0.00107897972844302,0.0136819926406533,-0.0136645795806009));
#6372=CARTESIAN_POINT('',(0.0010537962707007,0.0133626540336214,-0.0133456473955346));
#6373=CARTESIAN_POINT('',(0.00132806199567115,0.0179533049574257,-0.0176761758006358));
#6374=CARTESIAN_POINT('',(0.00132579256918845,0.0179226258883347,-0.0176459702969729));
#6375=CARTESIAN_POINT('',(0.00128117508559707,0.0173194678339969,-0.0170521226555873));
#6376=CARTESIAN_POINT('',(0.00119420954489701,0.0161438307944124,-0.015894632876479));
#6377=CARTESIAN_POINT('',(0.00108571656172548,0.0146771766630779,-0.0144506181769195));
#6378=CARTESIAN_POINT('',(0.00101957163566262,0.0137830015169902,-0.0135702456150827));
#6379=CARTESIAN_POINT('',(0.000995774766708445,0.0134613053561492,-0.0132535151909686));
#6380=CARTESIAN_POINT('',(0.00126342369546134,0.0180736300988045,-0.0175638020355824));
#6381=CARTESIAN_POINT('',(0.00126126472456789,0.0180427454150183,-0.0175337885590983));
#6382=CARTESIAN_POINT('',(0.0012188188250655,0.0174355449251326,-0.0169437162193437));
#6383=CARTESIAN_POINT('',(0.00113608599695416,0.0162520286291475,-0.0157935850163187));
#6384=CARTESIAN_POINT('',(0.00103287349168183,0.0147755448109601,-0.0143587504341336));
#6385=CARTESIAN_POINT('',(0.000969947915018428,0.0138753767988722,-0.0134839747152192));
#6386=CARTESIAN_POINT('',(0.000947309266963973,0.0135515245928837,-0.0131692578595752));
#6387=CARTESIAN_POINT('',(0.0012104436918937,0.018182353721545,-0.0174622631327595));
#6388=CARTESIAN_POINT('',(0.00120837525459246,0.018151283248037,-0.0174324231685632));
#6389=CARTESIAN_POINT('',(0.00116770926781068,0.0175404300864617,-0.0168457621231197));
#6390=CARTESIAN_POINT('',(0.00108844573154835,0.0163497942368192,-0.015702279996429));
#6391=CARTESIAN_POINT('',(0.000989561306331172,0.0148644284912739,-0.0142757404023629));
#6392=CARTESIAN_POINT('',(0.00092927443059455,0.0139588454337959,-0.0134060218895439));
#6393=CARTESIAN_POINT('',(0.000907585104338475,0.0136330450643851,-0.0130931244579721));
#6394=CARTESIAN_POINT('',(0.00116801656150883,0.0182791444337089,-0.017371868584925));
#6395=CARTESIAN_POINT('',(0.00116602062477879,0.0182479085617434,-0.017342183089256));
#6396=CARTESIAN_POINT('',(0.00112678001708319,0.0176338036257587,-0.0167585589331053));
#6397=CARTESIAN_POINT('',(0.001050294738422,0.0164368296257546,-0.0156209961164727));
#6398=CARTESIAN_POINT('',(0.000954876300453816,0.0149435567846519,-0.0142018410979678));
#6399=CARTESIAN_POINT('',(0.000896702533451208,0.0140331530075685,-0.0133366247399447));
#6400=CARTESIAN_POINT('',(0.000875773437414175,0.0137056182945044,-0.0130253470424033));
#6401=CARTESIAN_POINT('',(0.00113501971021261,0.0183636985897643,-0.0172929019719796));
#6402=CARTESIAN_POINT('',(0.00113308015935043,0.0183323182294831,-0.017263351416489));
#6403=CARTESIAN_POINT('',(0.00109494811170403,0.0177153726176242,-0.016682380217481));
#6404=CARTESIAN_POINT('',(0.00102062356727342,0.0165128617541878,-0.0155499883749554));
#6405=CARTESIAN_POINT('',(0.000927900731501569,0.0150126814549544,-0.0141372843530435));
#6406=CARTESIAN_POINT('',(0.000871370392513924,0.0140980664072986,-0.0132760009746491));
#6407=CARTESIAN_POINT('',(0.000851032550310489,0.0137690166112206,-0.0129661382397723));
#6408=CARTESIAN_POINT('',(0.00111030659367814,0.0184357429129594,-0.0172256185118864));
#6409=CARTESIAN_POINT('',(0.00110840927322486,0.0184042394414864,-0.0171961829321023));
#6410=CARTESIAN_POINT('',(0.00107110748581862,0.0177848734332768,-0.016617472183801));
#6411=CARTESIAN_POINT('',(0.000998401231459416,0.0165776448883303,-0.0154894862669823));
#6412=CARTESIAN_POINT('',(0.000907697277144175,0.0150715790931115,-0.0140822788132483));
#6413=CARTESIAN_POINT('',(0.000852397789781894,0.0141533758346294,-0.0132243465280315));
#6414=CARTESIAN_POINT('',(0.000832502769372575,0.013823035112884,-0.0129156894113321));
#6415=CARTESIAN_POINT('',(0.00109273824272299,0.0184950414607143,-0.0171702385555691));
#6416=CARTESIAN_POINT('',(0.00109087094351951,0.0184634366583584,-0.0171408976104782));
#6417=CARTESIAN_POINT('',(0.00105415938127823,0.0178420784600326,-0.0165640474035525));
#6418=CARTESIAN_POINT('',(0.000982603555999148,0.0166309668657368,-0.0154396879347918));
#6419=CARTESIAN_POINT('',(0.000893334807879653,0.0151200568114662,-0.0140370046197564));
#6420=CARTESIAN_POINT('',(0.00083891032279796,0.0141989001531657,-0.0131818305665558));
#6421=CARTESIAN_POINT('',(0.000819330100754067,0.0138674968908351,-0.0128741657751902));
#6422=CARTESIAN_POINT('',(0.0010810968008861,0.0185413863907075,-0.0171269562106261));
#6423=CARTESIAN_POINT('',(0.00107924939487773,0.0185097023929437,-0.017097689227519));
#6424=CARTESIAN_POINT('',(0.00104292893775189,0.0178867871933933,-0.0165222931314116));
#6425=CARTESIAN_POINT('',(0.000972135429508591,0.0166726407920564,-0.0154007679223037));
#6426=CARTESIAN_POINT('',(0.000883817702318408,0.0151579446948705,-0.014001620459312));
#6427=CARTESIAN_POINT('',(0.00082997302624569,0.0142344797994712,-0.0131486021093206));
#6428=CARTESIAN_POINT('',(0.000810601401290436,0.0139022461058585,-0.0128417128723297));
#6429=CARTESIAN_POINT('',(0.00107186423172288,0.0185866339021627,-0.0170846987641502));
#6430=CARTESIAN_POINT('',(0.00107003260256606,0.018554872584288,-0.0170555039916541));
#6431=CARTESIAN_POINT('',(0.00103402232222752,0.0179304372523142,-0.0164815275739433));
#6432=CARTESIAN_POINT('',(0.000963833390707255,0.0167133279062414,-0.015362769511018));
#6433=CARTESIAN_POINT('',(0.000876269897110171,0.0151949354172343,-0.0139670741733368));
#6434=CARTESIAN_POINT('',(0.000822885054694814,0.0142692169423263,-0.0131161604808704));
#6435=CARTESIAN_POINT('',(0.000803678863461181,0.0139361724815175,-0.0128100284336186));
#6436=CARTESIAN_POINT('',(0.00106413594757267,0.0186408231763181,-0.0170340904482772));
#6437=CARTESIAN_POINT('',(0.00106231752470651,0.0186089692584185,-0.0170049821565725));
#6438=CARTESIAN_POINT('',(0.00102656688329475,0.0179827133871489,-0.0164327059725183));
#6439=CARTESIAN_POINT('',(0.000956884023337409,0.0167620555625091,-0.0153172618961147));
#6440=CARTESIAN_POINT('',(0.000869951874214443,0.0152392362048557,-0.0139257008888943));
#6441=CARTESIAN_POINT('',(0.000816951943637068,0.0143108188005724,-0.0130773077740232));
#6442=CARTESIAN_POINT('',(0.000797884231605282,0.0139768033496592,-0.0127720825515016));
#6443=CARTESIAN_POINT('',(0.00104536022759023,0.0187296513686497,-0.0169511322377086));
#6444=CARTESIAN_POINT('',(0.00104357388915709,0.0186976456588513,-0.0169221657071269));
#6445=CARTESIAN_POINT('',(0.00100845403560085,0.0180684055214655,-0.0163526765816671));
#6446=CARTESIAN_POINT('',(0.000940000666921489,0.0168419309564924,-0.015242664861329));
#6447=CARTESIAN_POINT('',(0.000854602357241811,0.0153118549831033,-0.0138578809351278));
#6448=CARTESIAN_POINT('',(0.000802537562685242,0.0143790134373015,-0.0130136196038047));
#6449=CARTESIAN_POINT('',(0.000783806283251782,0.0140434063190872,-0.0127098808673597));
#6450=CARTESIAN_POINT('',(0.0010120529852572,0.0188425519205782,-0.0168456924272796));
#6451=CARTESIAN_POINT('',(0.00101032356309609,0.018810353283414,-0.0168169060749569));
#6452=CARTESIAN_POINT('',(0.000976322697465945,0.0181773201464999,-0.0162509592984438));
#6453=CARTESIAN_POINT('',(0.00091005038836676,0.016943452509836,-0.0151478520977405));
#6454=CARTESIAN_POINT('',(0.000827373037568297,0.0154041533844251,-0.0137716818353711));
#6455=CARTESIAN_POINT('',(0.000776967130238874,0.0144656887587641,-0.0129326719971919));
#6456=CARTESIAN_POINT('',(0.000758832666378488,0.0141280586328529,-0.0126308225832029));
#6457=CARTESIAN_POINT('',(0.000954937632679468,0.0189706075701766,-0.0167260990046845));
#6458=CARTESIAN_POINT('',(0.000953305810701283,0.018938190108226,-0.016697517016677));
#6459=CARTESIAN_POINT('',(0.000921223788705514,0.0183008548221175,-0.0161355880929357));
#6460=CARTESIAN_POINT('',(0.000858691566692167,0.0170586017118512,-0.0150403122334605));
#6461=CARTESIAN_POINT('',(0.000780680123815359,0.015508841373423,-0.0136739118818537));
#6462=CARTESIAN_POINT('',(0.000733118880956134,0.0145639988591527,-0.0128408584659808));
#6463=CARTESIAN_POINT('',(0.000716007838114491,0.0142240741690403,-0.0125411519858417));
#6464=CARTESIAN_POINT('',(0.000877530559969776,0.0190911410314836,-0.0166135306859874));
#6465=CARTESIAN_POINT('',(0.000876031013187574,0.0190585175988554,-0.0165851410576171));
#6466=CARTESIAN_POINT('',(0.00084654955412316,0.0184171328784965,-0.0160269939717182));
#6467=CARTESIAN_POINT('',(0.000789086182776531,0.0171669868704068,-0.0149390894282908));
#6468=CARTESIAN_POINT('',(0.000717398333424892,0.0156073798269062,-0.0135818850876729));
#6469=CARTESIAN_POINT('',(0.000673692396355469,0.0146565340711364,-0.0127544382045834));
#6470=CARTESIAN_POINT('',(0.000657968371568257,0.0143144496030974,-0.0124567487790225));
#6471=CARTESIAN_POINT('',(0.000770504798120191,0.0192059979061354,-0.0165062638313717));
#6472=CARTESIAN_POINT('',(0.000769188139711471,0.0191731782031268,-0.0164780575033603));
#6473=CARTESIAN_POINT('',(0.000743302311113663,0.0185279347587499,-0.0159235141476648));
#6474=CARTESIAN_POINT('',(0.000692847312326771,0.0172702675730045,-0.0148426337642851));
#6475=CARTESIAN_POINT('',(0.000629902687476034,0.0157012775601776,-0.0134941923436894));
#6476=CARTESIAN_POINT('',(0.000591527232814386,0.0147447112887193,-0.0126720879507779));
#6477=CARTESIAN_POINT('',(0.000577720948341826,0.0144005687586293,-0.0123763205855506));
#6478=CARTESIAN_POINT('',(0.000618056259985677,0.0193109417684179,-0.0164082549132952));
#6479=CARTESIAN_POINT('',(0.000617000109558376,0.0192779427346393,-0.0163802160654429));
#6480=CARTESIAN_POINT('',(0.000596235932036285,0.0186291736031569,-0.0158289654109227));
#6481=CARTESIAN_POINT('',(0.000555763727419399,0.0173646343739704,-0.0147545029497347));
#6482=CARTESIAN_POINT('',(0.000505273036749648,0.0157870712126599,-0.0134140681432385));
#6483=CARTESIAN_POINT('',(0.000474490373174685,0.0148252781490532,-0.0125968451434102));
#6484=CARTESIAN_POINT('',(0.000463415736694514,0.0144792551831505,-0.0123028339502496));
#6485=CARTESIAN_POINT('',(0.000429312822810785,0.0193816424283916,-0.0163422263239084));
#6486=CARTESIAN_POINT('',(0.000428579202021526,0.0193485225795076,-0.0163143003074071));
#6487=CARTESIAN_POINT('',(0.000414156036619787,0.0186973781932957,-0.0157652679450398));
#6488=CARTESIAN_POINT('',(0.000386043326605568,0.0174282092697557,-0.0146951292368065));
#6489=CARTESIAN_POINT('',(0.000350971598770306,0.0158448703799492,-0.0133600884846997));
#6490=CARTESIAN_POINT('',(0.000329589415547523,0.0148795560274707,-0.0125461540784591));
#6491=CARTESIAN_POINT('',(0.00032189677693722,0.0145322662123201,-0.0122533260180845));
#6492=CARTESIAN_POINT('',(0.000136334721648339,0.019402143896641,-0.0163230796422597));
#6493=CARTESIAN_POINT('',(0.000136101749370818,0.019368989014321,-0.0162951863441003));
#6494=CARTESIAN_POINT('',(0.000131521457015561,0.0187171558621281,-0.0157467972323923));
#6495=CARTESIAN_POINT('',(0.000122593844582569,0.0174466444400623,-0.0146779123071356));
#6496=CARTESIAN_POINT('',(0.00011145629173511,0.0158616307297602,-0.0133444356993359));
#6497=CARTESIAN_POINT('',(0.000104666058965387,0.0148952952893309,-0.0125314549050849));
#6498=CARTESIAN_POINT('',(0.0001022231462734,0.0145476381187746,-0.0122389699243825));
#6499=CARTESIAN_POINT('',(-0.000136334721648335,0.019402143896641,-0.0163230796422597));
#6500=CARTESIAN_POINT('',(-0.000136101749370814,0.019368989014321,-0.0162951863441003));
#6501=CARTESIAN_POINT('',(-0.000131521457015558,0.0187171558621281,-0.0157467972323923));
#6502=CARTESIAN_POINT('',(-0.000122593844582566,0.0174466444400623,-0.0146779123071356));
#6503=CARTESIAN_POINT('',(-0.000111456291735105,0.0158616307297602,-0.0133444356993359));
#6504=CARTESIAN_POINT('',(-0.000104666058965384,0.0148952952893309,-0.0125314549050849));
#6505=CARTESIAN_POINT('',(-0.000102223146273398,0.0145476381187746,-0.0122389699243825));
#6506=CARTESIAN_POINT('',(-0.000429312822810781,0.0193816424283916,-0.0163422263239084));
#6507=CARTESIAN_POINT('',(-0.000428579202021522,0.0193485225795076,-0.0163143003074071));
#6508=CARTESIAN_POINT('',(-0.000414156036619783,0.0186973781932957,-0.0157652679450398));
#6509=CARTESIAN_POINT('',(-0.000386043326605565,0.0174282092697557,-0.0146951292368065));
#6510=CARTESIAN_POINT('',(-0.000350971598770304,0.0158448703799492,-0.0133600884846997));
#6511=CARTESIAN_POINT('',(-0.000329589415547521,0.0148795560274707,-0.0125461540784591));
#6512=CARTESIAN_POINT('',(-0.000321896776937217,0.0145322662123201,-0.0122533260180845));
#6513=CARTESIAN_POINT('',(-0.000618056259985674,0.0193109417684179,-0.0164082549132952));
#6514=CARTESIAN_POINT('',(-0.000617000109558373,0.0192779427346393,-0.0163802160654429));
#6515=CARTESIAN_POINT('',(-0.000596235932036281,0.0186291736031569,-0.0158289654109227));
#6516=CARTESIAN_POINT('',(-0.000555763727419394,0.0173646343739704,-0.0147545029497347));
#6517=CARTESIAN_POINT('',(-0.000505273036749644,0.0157870712126599,-0.0134140681432385));
#6518=CARTESIAN_POINT('',(-0.000474490373174682,0.0148252781490532,-0.0125968451434102));
#6519=CARTESIAN_POINT('',(-0.000463415736694511,0.0144792551831505,-0.0123028339502496));
#6520=CARTESIAN_POINT('',(-0.000770504798120186,0.0192059979061354,-0.0165062638313717));
#6521=CARTESIAN_POINT('',(-0.000769188139711467,0.0191731782031268,-0.0164780575033603));
#6522=CARTESIAN_POINT('',(-0.000743302311113658,0.0185279347587499,-0.0159235141476648));
#6523=CARTESIAN_POINT('',(-0.000692847312326767,0.0172702675730045,-0.0148426337642851));
#6524=CARTESIAN_POINT('',(-0.00062990268747603,0.0157012775601776,-0.0134941923436894));
#6525=CARTESIAN_POINT('',(-0.000591527232814383,0.0147447112887193,-0.0126720879507779));
#6526=CARTESIAN_POINT('',(-0.000577720948341823,0.0144005687586293,-0.0123763205855506));
#6527=CARTESIAN_POINT('',(-0.000877530559969772,0.0190911410314836,-0.0166135306859874));
#6528=CARTESIAN_POINT('',(-0.00087603101318757,0.0190585175988554,-0.0165851410576171));
#6529=CARTESIAN_POINT('',(-0.000846549554123156,0.0184171328784965,-0.0160269939717182));
#6530=CARTESIAN_POINT('',(-0.000789086182776528,0.0171669868704068,-0.0149390894282908));
#6531=CARTESIAN_POINT('',(-0.000717398333424889,0.0156073798269062,-0.0135818850876729));
#6532=CARTESIAN_POINT('',(-0.000673692396355466,0.0146565340711364,-0.0127544382045834));
#6533=CARTESIAN_POINT('',(-0.000657968371568254,0.0143144496030974,-0.0124567487790225));
#6534=CARTESIAN_POINT('',(-0.000954937632679464,0.0189706075701766,-0.0167260990046845));
#6535=CARTESIAN_POINT('',(-0.000953305810701278,0.018938190108226,-0.016697517016677));
#6536=CARTESIAN_POINT('',(-0.00092122378870551,0.0183008548221175,-0.0161355880929357));
#6537=CARTESIAN_POINT('',(-0.000858691566692163,0.0170586017118512,-0.0150403122334605));
#6538=CARTESIAN_POINT('',(-0.000780680123815356,0.015508841373423,-0.0136739118818537));
#6539=CARTESIAN_POINT('',(-0.000733118880956131,0.0145639988591527,-0.0128408584659808));
#6540=CARTESIAN_POINT('',(-0.000716007838114488,0.0142240741690403,-0.0125411519858417));
#6541=CARTESIAN_POINT('',(-0.00101205298525719,0.0188425519205782,-0.0168456924272796));
#6542=CARTESIAN_POINT('',(-0.00101032356309609,0.018810353283414,-0.0168169060749569));
#6543=CARTESIAN_POINT('',(-0.000976322697465941,0.0181773201464999,-0.0162509592984438));
#6544=CARTESIAN_POINT('',(-0.000910050388366757,0.016943452509836,-0.0151478520977405));
#6545=CARTESIAN_POINT('',(-0.000827373037568294,0.0154041533844251,-0.0137716818353711));
#6546=CARTESIAN_POINT('',(-0.000776967130238871,0.0144656887587641,-0.0129326719971919));
#6547=CARTESIAN_POINT('',(-0.000758832666378486,0.0141280586328529,-0.0126308225832029));
#6548=CARTESIAN_POINT('',(-0.00104536022759022,0.0187296513686497,-0.0169511322377086));
#6549=CARTESIAN_POINT('',(-0.00104357388915709,0.0186976456588513,-0.0169221657071269));
#6550=CARTESIAN_POINT('',(-0.00100845403560084,0.0180684055214655,-0.0163526765816671));
#6551=CARTESIAN_POINT('',(-0.000940000666921486,0.0168419309564924,-0.015242664861329));
#6552=CARTESIAN_POINT('',(-0.000854602357241808,0.0153118549831033,-0.0138578809351278));
#6553=CARTESIAN_POINT('',(-0.000802537562685239,0.0143790134373015,-0.0130136196038047));
#6554=CARTESIAN_POINT('',(-0.000783806283251779,0.0140434063190872,-0.0127098808673597));
#6555=CARTESIAN_POINT('',(-0.00106413594757267,0.0186408231763181,-0.0170340904482772));
#6556=CARTESIAN_POINT('',(-0.0010623175247065,0.0186089692584185,-0.0170049821565725));
#6557=CARTESIAN_POINT('',(-0.00102656688329475,0.0179827133871489,-0.0164327059725183));
#6558=CARTESIAN_POINT('',(-0.000956884023337405,0.0167620555625091,-0.0153172618961147));
#6559=CARTESIAN_POINT('',(-0.00086995187421444,0.0152392362048557,-0.0139257008888943));
#6560=CARTESIAN_POINT('',(-0.000816951943637065,0.0143108188005724,-0.0130773077740232));
#6561=CARTESIAN_POINT('',(-0.000797884231605278,0.0139768033496592,-0.0127720825515016));
#6562=CARTESIAN_POINT('',(-0.00107186423172287,0.0185866339021627,-0.0170846987641502));
#6563=CARTESIAN_POINT('',(-0.00107003260256606,0.018554872584288,-0.0170555039916541));
#6564=CARTESIAN_POINT('',(-0.00103402232222752,0.0179304372523142,-0.0164815275739433));
#6565=CARTESIAN_POINT('',(-0.000963833390707251,0.0167133279062414,-0.015362769511018));
#6566=CARTESIAN_POINT('',(-0.000876269897110167,0.0151949354172343,-0.0139670741733368));
#6567=CARTESIAN_POINT('',(-0.000822885054694811,0.0142692169423263,-0.0131161604808704));
#6568=CARTESIAN_POINT('',(-0.000803678863461178,0.0139361724815175,-0.0128100284336186));
#6569=CARTESIAN_POINT('',(-0.0010810968008861,0.0185413863907075,-0.0171269562106261));
#6570=CARTESIAN_POINT('',(-0.00107924939487772,0.0185097023929437,-0.017097689227519));
#6571=CARTESIAN_POINT('',(-0.00104292893775189,0.0178867871933933,-0.0165222931314116));
#6572=CARTESIAN_POINT('',(-0.000972135429508587,0.0166726407920564,-0.0154007679223037));
#6573=CARTESIAN_POINT('',(-0.000883817702318404,0.0151579446948705,-0.014001620459312));
#6574=CARTESIAN_POINT('',(-0.000829973026245686,0.0142344797994712,-0.0131486021093206));
#6575=CARTESIAN_POINT('',(-0.000810601401290432,0.0139022461058585,-0.0128417128723297));
#6576=CARTESIAN_POINT('',(-0.00109273824272299,0.0184950414607143,-0.0171702385555691));
#6577=CARTESIAN_POINT('',(-0.00109087094351951,0.0184634366583584,-0.0171408976104782));
#6578=CARTESIAN_POINT('',(-0.00105415938127822,0.0178420784600326,-0.0165640474035525));
#6579=CARTESIAN_POINT('',(-0.000982603555999144,0.0166309668657368,-0.0154396879347918));
#6580=CARTESIAN_POINT('',(-0.000893334807879651,0.0151200568114662,-0.0140370046197564));
#6581=CARTESIAN_POINT('',(-0.000838910322797958,0.0141989001531657,-0.0131818305665558));
#6582=CARTESIAN_POINT('',(-0.000819330100754064,0.0138674968908351,-0.0128741657751902));
#6583=CARTESIAN_POINT('',(-0.00111030659367814,0.0184357429129594,-0.0172256185118864));
#6584=CARTESIAN_POINT('',(-0.00110840927322486,0.0184042394414864,-0.0171961829321023));
#6585=CARTESIAN_POINT('',(-0.00107110748581862,0.0177848734332768,-0.016617472183801));
#6586=CARTESIAN_POINT('',(-0.000998401231459412,0.0165776448883303,-0.0154894862669823));
#6587=CARTESIAN_POINT('',(-0.00090769727714417,0.0150715790931115,-0.0140822788132483));
#6588=CARTESIAN_POINT('',(-0.000852397789781889,0.0141533758346293,-0.0132243465280315));
#6589=CARTESIAN_POINT('',(-0.000832502769372571,0.013823035112884,-0.0129156894113321));
#6590=CARTESIAN_POINT('',(-0.00113501971021261,0.0183636985897643,-0.0172929019719796));
#6591=CARTESIAN_POINT('',(-0.00113308015935042,0.0183323182294831,-0.017263351416489));
#6592=CARTESIAN_POINT('',(-0.00109494811170402,0.0177153726176242,-0.016682380217481));
#6593=CARTESIAN_POINT('',(-0.00102062356727342,0.0165128617541878,-0.0155499883749554));
#6594=CARTESIAN_POINT('',(-0.000927900731501566,0.0150126814549544,-0.0141372843530435));
#6595=CARTESIAN_POINT('',(-0.000871370392513921,0.0140980664072986,-0.0132760009746491));
#6596=CARTESIAN_POINT('',(-0.000851032550310486,0.0137690166112206,-0.0129661382397723));
#6597=CARTESIAN_POINT('',(-0.00116801656150882,0.0182791444337089,-0.017371868584925));
#6598=CARTESIAN_POINT('',(-0.00116602062477879,0.0182479085617434,-0.017342183089256));
#6599=CARTESIAN_POINT('',(-0.00112678001708318,0.0176338036257587,-0.0167585589331053));
#6600=CARTESIAN_POINT('',(-0.001050294738422,0.0164368296257546,-0.0156209961164727));
#6601=CARTESIAN_POINT('',(-0.000954876300453813,0.0149435567846519,-0.0142018410979678));
#6602=CARTESIAN_POINT('',(-0.000896702533451205,0.0140331530075685,-0.0133366247399447));
#6603=CARTESIAN_POINT('',(-0.000875773437414172,0.0137056182945044,-0.0130253470424033));
#6604=CARTESIAN_POINT('',(-0.0012104436918937,0.018182353721545,-0.0174622631327595));
#6605=CARTESIAN_POINT('',(-0.00120837525459246,0.018151283248037,-0.0174324231685632));
#6606=CARTESIAN_POINT('',(-0.00116770926781067,0.0175404300864617,-0.0168457621231197));
#6607=CARTESIAN_POINT('',(-0.00108844573154834,0.0163497942368192,-0.015702279996429));
#6608=CARTESIAN_POINT('',(-0.000989561306331169,0.0148644284912739,-0.0142757404023629));
#6609=CARTESIAN_POINT('',(-0.000929274430594546,0.0139588454337959,-0.0134060218895439));
#6610=CARTESIAN_POINT('',(-0.000907585104338471,0.0136330450643851,-0.0130931244579721));
#6611=CARTESIAN_POINT('',(-0.00126342369546134,0.0180736300988045,-0.0175638020355824));
#6612=CARTESIAN_POINT('',(-0.00126126472456789,0.0180427454150183,-0.0175337885590983));
#6613=CARTESIAN_POINT('',(-0.0012188188250655,0.0174355449251326,-0.0169437162193437));
#6614=CARTESIAN_POINT('',(-0.00113608599695416,0.0162520286291475,-0.0157935850163187));
#6615=CARTESIAN_POINT('',(-0.00103287349168182,0.0147755448109601,-0.0143587504341336));
#6616=CARTESIAN_POINT('',(-0.000969947915018425,0.0138753767988722,-0.0134839747152192));
#6617=CARTESIAN_POINT('',(-0.000947309266963969,0.0135515245928837,-0.0131692578595752));
#6618=CARTESIAN_POINT('',(-0.00132806199567114,0.0179533049574257,-0.0176761758006358));
#6619=CARTESIAN_POINT('',(-0.00132579256918844,0.0179226258883347,-0.0176459702969729));
#6620=CARTESIAN_POINT('',(-0.00128117508559706,0.0173194678339969,-0.0170521226555873));
#6621=CARTESIAN_POINT('',(-0.00119420954489701,0.0161438307944124,-0.015894632876479));
#6622=CARTESIAN_POINT('',(-0.00108571656172547,0.0146771766630779,-0.0144506181769195));
#6623=CARTESIAN_POINT('',(-0.00101957163566262,0.0137830015169902,-0.0135702456150827));
#6624=CARTESIAN_POINT('',(-0.000995774766708441,0.0134613053561492,-0.0132535151909686));
#6625=CARTESIAN_POINT('',(-0.0014054451117733,0.0178217339670251,-0.0177990522618119));
#6626=CARTESIAN_POINT('',(-0.00140304345103229,0.0177912797298251,-0.017768636783693));
#6627=CARTESIAN_POINT('',(-0.00135582620935417,0.0171925419258405,-0.0171706609927871));
#6628=CARTESIAN_POINT('',(-0.00126379338673895,0.0160255205550711,-0.0160051248890943));
#6629=CARTESIAN_POINT('',(-0.00114897876712243,0.0145696148144698,-0.0145510720784541));
#6630=CARTESIAN_POINT('',(-0.00107897972844302,0.0136819926406533,-0.0136645795806009));
#6631=CARTESIAN_POINT('',(-0.0010537962707007,0.0133626540336214,-0.0133456473955346));
#6632=CARTESIAN_POINT('',(-0.00149664006782428,0.0176792943389221,-0.0179320791348271));
#6633=CARTESIAN_POINT('',(-0.00149408257079774,0.0176490835062208,-0.0179014363369675));
#6634=CARTESIAN_POINT('',(-0.001443801549365,0.0170551310946277,-0.0172989913839718));
#6635=CARTESIAN_POINT('',(-0.00134579700352606,0.0158974371041429,-0.0161247442758402));
#6636=CARTESIAN_POINT('',(-0.0012235324208322,0.0144531676427403,-0.0146598241394709));
#6637=CARTESIAN_POINT('',(-0.00114899136254454,0.0135726397602294,-0.0137667061582376));
#6638=CARTESIAN_POINT('',(-0.00112217382866309,0.0132558534566103,-0.0134453903321404));
#6639=CARTESIAN_POINT('',(-0.00160269730558039,0.017526381976853,-0.0180748866782219));
#6640=CARTESIAN_POINT('',(-0.00159995857521924,0.0174964324447273,-0.0180439998471605));
#6641=CARTESIAN_POINT('',(-0.00154611446179174,0.0169076172668084,-0.0174367571413153));
#6642=CARTESIAN_POINT('',(-0.00144116496529787,0.0157599364430962,-0.0162531585606862));
#6643=CARTESIAN_POINT('',(-0.00131023627946079,0.0143281588069086,-0.0147765720891211));
#6644=CARTESIAN_POINT('',(-0.00123041297669006,0.0134552468165144,-0.0138763414923399));
#6645=CARTESIAN_POINT('',(-0.00120169505698569,0.0131412004719134,-0.0135524667703426));
#6646=CARTESIAN_POINT('',(-0.0017246472111829,0.0173634068559888,-0.0182270920089757));
#6647=CARTESIAN_POINT('',(-0.00172170008968772,0.0173337358199398,-0.0181959450855319));
#6648=CARTESIAN_POINT('',(-0.00166375895524016,0.0167503959434787,-0.0175835888993901));
#6649=CARTESIAN_POINT('',(-0.00155082380784024,0.0156133872266055,-0.0163900234505504));
#6650=CARTESIAN_POINT('',(-0.00140993270375805,0.0141949234696667,-0.0149010029130743));
#6651=CARTESIAN_POINT('',(-0.00132403561262824,0.0133301285531401,-0.0139931916382962));
#6652=CARTESIAN_POINT('',(-0.0012931325344508,0.0130190024770255,-0.0136665896262161));
#6653=CARTESIAN_POINT('',(-0.0018635058042468,0.0171907904640912,-0.0183883014922575));
#6654=CARTESIAN_POINT('',(-0.00186032139761774,0.0171614143993706,-0.0183568790899039));
#6655=CARTESIAN_POINT('',(-0.00179771517899659,0.0165838737318758,-0.0177391069205486));
#6656=CARTESIAN_POINT('',(-0.00167568714838337,0.0154581684616067,-0.0165349849841916));
#6657=CARTESIAN_POINT('',(-0.00152345230955867,0.0140538062054732,-0.0150327948071852));
#6658=CARTESIAN_POINT('',(-0.00143063928272605,0.0131976085521138,-0.0141169543971807));
#6659=CARTESIAN_POINT('',(-0.00139724806788551,0.0128895755015287,-0.013787463754178));
#6660=CARTESIAN_POINT('',(-0.00202027476877072,0.017008962843387,-0.0185581135040706));
#6661=CARTESIAN_POINT('',(-0.00201682247130455,0.0169798974903795,-0.0185264009225855));
#6662=CARTESIAN_POINT('',(-0.00194894945284643,0.0164084654916891,-0.017902923760033));
#6663=CARTESIAN_POINT('',(-0.00181665571339639,0.0152946668473158,-0.0166876820164133));
#6664=CARTESIAN_POINT('',(-0.00165161399305159,0.0139051585822288,-0.0151716194360101));
#6665=CARTESIAN_POINT('',(-0.00155099299369873,0.0130580169628249,-0.0142473214366743));
#6666=CARTESIAN_POINT('',(-0.00151479271533779,0.0127532419891039,-0.0139147880184057));
#6667=CARTESIAN_POINT('',(-0.00219594595861838,0.0168183602295403,-0.018736120636259));
#6668=CARTESIAN_POINT('',(-0.00219219346970648,0.0167896205831797,-0.0187041038716098));
#6669=CARTESIAN_POINT('',(-0.00211841861349076,0.016224592057387,-0.0180746463931342));
#6670=CARTESIAN_POINT('',(-0.00197462138997121,0.0151232746521622,-0.0168477482008323));
#6671=CARTESIAN_POINT('',(-0.00179522861409888,0.01374933723109,-0.015317143735442));
#6672=CARTESIAN_POINT('',(-0.00168585820553039,0.01291168868945,-0.014383979983878));
#6673=CARTESIAN_POINT('',(-0.00164651016426573,0.0126103290272422,-0.0140482569461403));
#6674=CARTESIAN_POINT('',(-0.00246495805375316,0.0165446999395592,-0.0189916967924838));
#6675=CARTESIAN_POINT('',(-0.0024607458700568,0.016516427930938,-0.0189592432927279));
#6676=CARTESIAN_POINT('',(-0.00237793330115922,0.0159605932782759,-0.0183211994944918));
#6677=CARTESIAN_POINT('',(-0.00221652034706045,0.014877195981573,-0.0170775653977754));
#6678=CARTESIAN_POINT('',(-0.00201515124417513,0.0135256146111465,-0.01552608222363));
#6679=CARTESIAN_POINT('',(-0.00189238252649103,0.0127015958847607,-0.0145801893479648));
#6680=CARTESIAN_POINT('',(-0.00184821419400812,0.0124051398024157,-0.0142398867707799));
#6681=CARTESIAN_POINT('',(-0.00268605280719986,0.016340395965818,-0.0191824998655707));
#6682=CARTESIAN_POINT('',(-0.00268146281110445,0.0163124730770798,-0.019149720316618));
#6683=CARTESIAN_POINT('',(-0.0025912223573896,0.0157635022073027,-0.0185052663108687));
#6684=CARTESIAN_POINT('',(-0.00241533144605531,0.0146934833564867,-0.0172491378483227));
#6685=CARTESIAN_POINT('',(-0.00219590051364457,0.0133585921312922,-0.0156820674541039));
#6686=CARTESIAN_POINT('',(-0.00206212003885328,0.0125447488871366,-0.0147266715166818));
#6687=CARTESIAN_POINT('',(-0.00201399002168142,0.0122519536240198,-0.0143829500360564));
#6688=CARTESIAN_POINT('',(-0.00284295961518733,0.016203292443696,-0.0193105432553926));
#6689=CARTESIAN_POINT('',(-0.00283810149270436,0.0161756038409813,-0.0192775449026034));
#6690=CARTESIAN_POINT('',(-0.00274258960817259,0.0156312390921297,-0.0186287891595384));
#6691=CARTESIAN_POINT('',(-0.00255642396159204,0.0145701981971411,-0.0173642760261975));
#6692=CARTESIAN_POINT('',(-0.00232417488685513,0.0132465073301881,-0.0157867454204958));
#6693=CARTESIAN_POINT('',(-0.00218257957416702,0.0124394926093719,-0.01482497220507));
#6694=CARTESIAN_POINT('',(-0.0021316380235277,0.0121491540346927,-0.0144789563799199));
#6695=CARTESIAN_POINT('',(0.00233283005101911,0.0162601991330658,-0.0184966674442412));
#6696=CARTESIAN_POINT('',(0.00210360049212559,0.0164276359685155,-0.0182332717070908));
#6697=CARTESIAN_POINT('',(0.00178386641458834,0.016682489737423,-0.0178240074505676));
#6698=CARTESIAN_POINT('',(0.00142187353728589,0.0170343674512693,-0.0172442237002836));
#6699=CARTESIAN_POINT('',(0.00118930514673957,0.0173083120200948,-0.0167860385164557));
#6700=CARTESIAN_POINT('',(0.00101594436138076,0.0175905396550832,-0.0163074231880273));
#6701=CARTESIAN_POINT('',(0.000955526906937377,0.0178821288355188,-0.0158051034327127));
#6702=CARTESIAN_POINT('',(0.000689382575268495,0.0181052514119146,-0.0154335814623492));
#6703=CARTESIAN_POINT('',(0.000323957987688224,0.0181871667347263,-0.0153030362435637));
#6704=CARTESIAN_POINT('',(-5.98642780924129E-5,0.0181886705285507,-0.0153051975693549));
#6705=CARTESIAN_POINT('',(-0.000568372446086368,0.0181804520475972,-0.0153095280873981));
#6706=CARTESIAN_POINT('',(-0.000940854049215518,0.0179108469211938,-0.0157562669596045));
#6707=CARTESIAN_POINT('',(-0.00100978042385938,0.0176170186504183,-0.0162618171255494));
#6708=CARTESIAN_POINT('',(-0.00117145027508081,0.0173300980892772,-0.0167494476169955));
#6709=CARTESIAN_POINT('',(-0.00140361541689637,0.0170539831457716,-0.0172116449858817));
#6710=CARTESIAN_POINT('',(-0.00177264480769357,0.0166910610810631,-0.0178102629451204));
#6711=CARTESIAN_POINT('',(-0.00209908933377427,0.0164309310674645,-0.0182280881701808));
#6712=CARTESIAN_POINT('',(-0.00233283005101673,0.0162601991330675,-0.0184966674442385));
#6713=CARTESIAN_POINT('',(0.,0.0191902019685288,0.));
#6714=CARTESIAN_POINT('',(0.,0.0162601991330675,0.));
#6715=CARTESIAN_POINT('',(0.00898476918402208,0.0162601991330757,-0.0163353214017661));
#6716=CARTESIAN_POINT('',(0.00793443780100015,0.0162601991330675,-0.0168704919718347));
#6717=CARTESIAN_POINT('',(0.00898476918401855,0.0162601991330639,-0.0163353214017793));
#6718=CARTESIAN_POINT('',(0.00846538886221695,0.0153282330917326,-0.0153622679221242));
#6719=CARTESIAN_POINT('',(0.00794591856734566,0.0143962737752811,-0.0143892560248327));
#6720=CARTESIAN_POINT('',(0.00742628386422645,0.0134643259709999,-0.0134163208977614));
#6721=CARTESIAN_POINT('',(0.00648897147354687,0.0134643259709999,-0.0138939054149391));
#6722=CARTESIAN_POINT('',(0.00697065891065781,0.0143962737752014,-0.0148861756396744));
#6723=CARTESIAN_POINT('',(0.00745250509330917,0.015328233092316,-0.0158783579805373));
#6724=CARTESIAN_POINT('',(0.00793443780100016,0.0162601991330675,-0.0168704919718347));
#6725=CARTESIAN_POINT('',(0.00867110130411639,0.0162032924436954,-0.0174868951608254));
#6726=CARTESIAN_POINT('',(0.00865628390327386,0.0161756038409809,-0.0174570131047864));
#6727=CARTESIAN_POINT('',(0.00836497015330095,0.0156312390921295,-0.0168695245233458));
#6728=CARTESIAN_POINT('',(0.00779716005419768,0.0145701981971411,-0.0157244294165036));
#6729=CARTESIAN_POINT('',(0.00708879429195723,0.0132465073301881,-0.0142958775653175));
#6730=CARTESIAN_POINT('',(0.00665692487884715,0.012439492609372,-0.0134249322395332));
#6731=CARTESIAN_POINT('',(0.00650155181486744,0.0121491540346928,-0.0131115934391504));
#6732=CARTESIAN_POINT('',(0.00848230647845649,0.0163403959658174,-0.017413605530768));
#6733=CARTESIAN_POINT('',(0.00846781169506595,0.0163124730770794,-0.0173838487139331));
#6734=CARTESIAN_POINT('',(0.00818284068365757,0.0157635022073025,-0.0167988223660909));
#6735=CARTESIAN_POINT('',(0.00762739344423133,0.0146934833564867,-0.0156585264872414));
#6736=CARTESIAN_POINT('',(0.00693445084288996,0.0133585921312923,-0.0142359618645329));
#6737=CARTESIAN_POINT('',(0.00651198446956645,0.0125447488871367,-0.0133686667728318));
#6738=CARTESIAN_POINT('',(0.00635999432426079,0.0122519536240199,-0.013056641212138));
#6739=CARTESIAN_POINT('',(0.00821307148030955,0.0165446999395586,-0.0173004630609617));
#6740=CARTESIAN_POINT('',(0.00819903677260588,0.0165164279309376,-0.0172708995848881));
#6741=CARTESIAN_POINT('',(0.0079231109625143,0.0159605932782757,-0.0166896743640314));
#6742=CARTESIAN_POINT('',(0.0073852940500348,0.014877195981573,-0.0155567873983914));
#6743=CARTESIAN_POINT('',(0.0067143459852575,0.0135256146111465,-0.0141434656906317));
#6744=CARTESIAN_POINT('',(0.00630528902286812,0.0127015958847608,-0.0132818057276553));
#6745=CARTESIAN_POINT('',(0.00615812316286666,0.0124051398024159,-0.012971807509462));
#6746=CARTESIAN_POINT('',(0.00787824839863892,0.0168183602295397,-0.0171405250012635));
#6747=CARTESIAN_POINT('',(0.00786478584522552,0.0167896205831793,-0.0171112348314584));
#6748=CARTESIAN_POINT('',(0.00760010872939756,0.0162245920573868,-0.0165353828791519));
#6749=CARTESIAN_POINT('',(0.00708421705115506,0.0151232746521622,-0.0154129691443442));
#6750=CARTESIAN_POINT('',(0.00644062159121363,0.0137493372310901,-0.0140127132100769));
#6751=CARTESIAN_POINT('',(0.00604824069368676,0.0129116886894501,-0.013159019058311));
#6752=CARTESIAN_POINT('',(0.00590707435857444,0.0126103290272423,-0.0128518866890463));
#6753=CARTESIAN_POINT('',(0.00765616793984284,0.0170089628433864,-0.0170255155413338));
#6754=CARTESIAN_POINT('',(0.00764308488322711,0.0169798974903791,-0.0169964219026507));
#6755=CARTESIAN_POINT('',(0.00738586876790862,0.0164084654916889,-0.0164244338006072));
#6756=CARTESIAN_POINT('',(0.00688451959388736,0.0152946668473158,-0.0153095512352034));
#6757=CARTESIAN_POINT('',(0.00625906648841239,0.0139051585822289,-0.0139186907353673));
#6758=CARTESIAN_POINT('',(0.00587774644164019,0.013058016962825,-0.0130707246988914));
#6759=CARTESIAN_POINT('',(0.00574055945357076,0.012753241989104,-0.0127656531257758));
#6760=CARTESIAN_POINT('',(0.00745459699708025,0.0171907904640906,-0.0169124589951821));
#6761=CARTESIAN_POINT('',(0.00744185839007391,0.0171614143993702,-0.0168835585504317));
#6762=CARTESIAN_POINT('',(0.0071914142389111,0.0165838737318756,-0.0163153686886883));
#6763=CARTESIAN_POINT('',(0.00670326454359181,0.0154581684616067,-0.0152078894099517));
#6764=CARTESIAN_POINT('',(0.0060942783146424,0.0140538062054732,-0.0138262648057281));
#6765=CARTESIAN_POINT('',(0.00572299762984947,0.0131976085521139,-0.0129839296184976));
#6766=CARTESIAN_POINT('',(0.00558942248921301,0.0128895755015289,-0.0126808838482602));
#6767=CARTESIAN_POINT('',(0.00727271815731479,0.0173634068559882,-0.0168020493306901));
#6768=CARTESIAN_POINT('',(0.00726029034954594,0.0173337358199394,-0.0167733375568131));
#6769=CARTESIAN_POINT('',(0.00701595658793972,0.0167503959434785,-0.0162088570109072));
#6770=CARTESIAN_POINT('',(0.00653971687249611,0.0156133872266055,-0.0151086076929724));
#6771=CARTESIAN_POINT('',(0.00594558881881733,0.0141949234696668,-0.0137360027534262));
#6772=CARTESIAN_POINT('',(0.00558336671897592,0.0133301285531402,-0.0128991665859088));
#6773=CARTESIAN_POINT('',(0.0054530505729719,0.0130190024770256,-0.0125980991904203));
#6774=CARTESIAN_POINT('',(0.00710970287109258,0.0175263819768523,-0.0166949780523555));
#6775=CARTESIAN_POINT('',(0.00709755362803595,0.0174964324447269,-0.0166664492446317));
#6776=CARTESIAN_POINT('',(0.00685869651728027,0.0169076172668082,-0.0161055658583612));
#6777=CARTESIAN_POINT('',(0.00639313153882552,0.0157599364430962,-0.0150123278935441));
#6778=CARTESIAN_POINT('',(0.00581232064561247,0.0143281588069087,-0.0136484698968638));
#6779=CARTESIAN_POINT('',(0.0054582176200985,0.0134552468165145,-0.0128169664787301));
#6780=CARTESIAN_POINT('',(0.00533082246228359,0.0131412004719135,-0.012517817639143));
#6781=CARTESIAN_POINT('',(0.00696470648619044,0.0176792943389215,-0.0165919334964769));
#6782=CARTESIAN_POINT('',(0.0069528050166842,0.0176490835062204,-0.0165635807739395));
#6783=CARTESIAN_POINT('',(0.00671881919495362,0.0170551310946275,-0.0160061592658013));
#6784=CARTESIAN_POINT('',(0.00626274902099871,0.0158974371041429,-0.0149196689720623));
#6785=CARTESIAN_POINT('',(0.00569378327537546,0.0144531676427403,-0.013564228964379));
#6786=CARTESIAN_POINT('',(0.00534690188197655,0.0135726397602295,-0.0127378577422963));
#6787=CARTESIAN_POINT('',(0.00522210484080197,0.0132558534566104,-0.0124405553058144));
#6788=CARTESIAN_POINT('',(0.00683686736451464,0.0178217339670244,-0.0164935982132744));
#6789=CARTESIAN_POINT('',(0.00682518434978626,0.0177912797298247,-0.0164654135285971));
#6790=CARTESIAN_POINT('',(0.00659549340279218,0.0171925419258403,-0.0159112956861756));
#6791=CARTESIAN_POINT('',(0.00614779452353239,0.0160255205550711,-0.0148312446860099));
#6792=CARTESIAN_POINT('',(0.0055892723021737,0.0145696148144698,-0.0134838379540775));
#6793=CARTESIAN_POINT('',(0.00524875801308072,0.0136819926406534,-0.0126623643798893));
#6794=CARTESIAN_POINT('',(0.00512625165625345,0.0133626540336216,-0.0123668239634453));
#6795=CARTESIAN_POINT('',(0.00672530073298241,0.0179533049574251,-0.0164006484521269));
#6796=CARTESIAN_POINT('',(0.00671380836618237,0.0179226258883342,-0.0163726226023912));
#6797=CARTESIAN_POINT('',(0.00648786560441455,0.0173194678339967,-0.015821627494041));
#6798=CARTESIAN_POINT('',(0.00604747244767894,0.0161438307944124,-0.0147476631270766));
#6799=CARTESIAN_POINT('',(0.00549806440677025,0.014677176663078,-0.013407849713005));
#6800=CARTESIAN_POINT('',(0.00516310676082935,0.0137830015169903,-0.0125910055575478));
#6801=CARTESIAN_POINT('',(0.00504259950985623,0.0134613053561493,-0.012297130660705));
#6802=CARTESIAN_POINT('',(0.00662910065324222,0.0180736300988038,-0.0163137489838645));
#6803=CARTESIAN_POINT('',(0.00661777267561175,0.0180427454150178,-0.0162858716301743));
#6804=CARTESIAN_POINT('',(0.00639506184540532,0.0174355449251324,-0.0157377959906532));
#6805=CARTESIAN_POINT('',(0.00596096816262293,0.0162520286291475,-0.0146695220653011));
#6806=CARTESIAN_POINT('',(0.00541941896690849,0.0147755448109602,-0.0133368077042696));
#6807=CARTESIAN_POINT('',(0.00508925262377002,0.0138753767988723,-0.0125242916290691));
#6808=CARTESIAN_POINT('',(0.0049704691332075,0.0135515245928839,-0.0122319738396995));
#6809=CARTESIAN_POINT('',(0.00654733642905343,0.0181823537215443,-0.0162335514701419));
#6810=CARTESIAN_POINT('',(0.00653614817223141,0.0181512832480365,-0.016205811160025));
#6811=CARTESIAN_POINT('',(0.00631618428753129,0.0175404300864615,-0.0156604298309082));
#6812=CARTESIAN_POINT('',(0.00588744477495306,0.0163497942368192,-0.0145974074827916));
#6813=CARTESIAN_POINT('',(0.00535257512027501,0.014864428491274,-0.0132712446739731));
#6814=CARTESIAN_POINT('',(0.00502648109347506,0.013958845433796,-0.0124627228841545));
#6815=CARTESIAN_POINT('',(0.00490916269455322,0.0136330450643852,-0.0121718421133358));
#6816=CARTESIAN_POINT('',(0.00647905237875347,0.0182791444337082,-0.0161606918506977));
#6817=CARTESIAN_POINT('',(0.00646798080747219,0.018247908561743,-0.0161330760449718));
#6818=CARTESIAN_POINT('',(0.00625031098924166,0.0176338036257585,-0.0155901425028451));
#6819=CARTESIAN_POINT('',(0.00582604292406188,0.0164368296257546,-0.0145318912243177));
#6820=CARTESIAN_POINT('',(0.00529675157848704,0.0149435567846519,-0.0132116805152445));
#6821=CARTESIAN_POINT('',(0.00497405847986145,0.0140331530075686,-0.0124067875425721));
#6822=CARTESIAN_POINT('',(0.0048579636281851,0.0137056182945045,-0.0121172123063005));
#6823=CARTESIAN_POINT('',(0.00642326848292263,0.0183636985897636,-0.0160957867266976));
#6824=CARTESIAN_POINT('',(0.00641229223659674,0.0183323182294826,-0.0160682818325163));
#6825=CARTESIAN_POINT('',(0.00619649653046716,0.017715372617624,-0.0155275288386731));
#6826=CARTESIAN_POINT('',(0.00577588136453388,0.0165128617541878,-0.0144735277451681));
#6827=CARTESIAN_POINT('',(0.00525114715657109,0.0150126814549544,-0.0131586193115526));
#6828=CARTESIAN_POINT('',(0.00493123240841201,0.0140980664072987,-0.012356958977599));
#6829=CARTESIAN_POINT('',(0.00481613712005663,0.0137690166112207,-0.0120685467433071));
#6830=CARTESIAN_POINT('',(0.00637897317979542,0.0184357429129587,-0.0160394331265303));
#6831=CARTESIAN_POINT('',(0.00636807262642235,0.018404239441486,-0.0160120245308298));
#6832=CARTESIAN_POINT('',(0.00615376506238772,0.0177848734332765,-0.015473164788837));
#6833=CARTESIAN_POINT('',(0.0057360504876915,0.0165776448883303,-0.014422853900552));
#6834=CARTESIAN_POINT('',(0.00521493488307134,0.0150715790931115,-0.0131125491452396));
#6835=CARTESIAN_POINT('',(0.00489722628911277,0.0141533758346295,-0.0123136955362194));
#6836=CARTESIAN_POINT('',(0.00478292470581577,0.0138230351128841,-0.0120262930734915));
#6837=CARTESIAN_POINT('',(0.0063451513374892,0.0184950414607136,-0.0159921925772109));
#6838=CARTESIAN_POINT('',(0.00633430857974982,0.018463436658358,-0.0159648647073756));
#6839=CARTESIAN_POINT('',(0.00612113729210819,0.0178420784600323,-0.0154275920557755));
#6840=CARTESIAN_POINT('',(0.00570563747456429,0.0166309668657368,-0.0143803746224105));
#6841=CARTESIAN_POINT('',(0.00518728486789161,0.0151200568114663,-0.013073929075583));
#6842=CARTESIAN_POINT('',(0.0048712607911212,0.0141989001531658,-0.0122774283105205));
#6843=CARTESIAN_POINT('',(0.00475756524425305,0.0138674968908352,-0.0119908723272228));
#6844=CARTESIAN_POINT('',(0.00632070468822735,0.0185413863907068,-0.0159546260243789));
#6845=CARTESIAN_POINT('',(0.00630990370555076,0.0185097023929433,-0.015927362349235));
#6846=CARTESIAN_POINT('',(0.00609755372593229,0.0178867871933931,-0.0153913517810767));
#6847=CARTESIAN_POINT('',(0.00568365474937194,0.0166726407920564,-0.0143465943199042));
#6848=CARTESIAN_POINT('',(0.00516729925572231,0.0151579446948705,-0.0130432176865744));
#6849=CARTESIAN_POINT('',(0.00485249275901456,0.0142344797994713,-0.0122485879462589));
#6850=CARTESIAN_POINT('',(0.00473923525924869,0.0139022461058587,-0.0119627050989577));
#6851=CARTESIAN_POINT('',(0.00629886572406257,0.0185866339021621,-0.0159172898253192));
#6852=CARTESIAN_POINT('',(0.00628810206036942,0.0185548725842876,-0.0158900899512321));
#6853=CARTESIAN_POINT('',(0.00607648578115684,0.017930437252314,-0.0153553337275655));
#6854=CARTESIAN_POINT('',(0.00566401688642484,0.0167133279062414,-0.0143130211543196));
#6855=CARTESIAN_POINT('',(0.00514944547693644,0.0151949354172343,-0.0130126946162636));
#6856=CARTESIAN_POINT('',(0.00483572668296747,0.0142692169423264,-0.012219924427787));
#6857=CARTESIAN_POINT('',(0.00472286050451794,0.0139361724815176,-0.0119347105888899));
#6858=CARTESIAN_POINT('',(0.00627587685940031,0.0186408231763174,-0.0158715466278693));
#6859=CARTESIAN_POINT('',(0.00626515247967014,0.0186089692584181,-0.0158444249209341));
#6860=CARTESIAN_POINT('',(0.00605430853284505,0.0179827133871486,-0.015311205482725));
#6861=CARTESIAN_POINT('',(0.00564334501892505,0.0167620555625091,-0.0142718883132422));
#6862=CARTESIAN_POINT('',(0.00513065163208549,0.0152392362048558,-0.0129752986609396));
#6863=CARTESIAN_POINT('',(0.00481807781234086,0.0143108188005725,-0.0121848067399107));
#6864=CARTESIAN_POINT('',(0.00470562355969114,0.0139768033496593,-0.0119004125501555));
#6865=CARTESIAN_POINT('',(0.00623238459167423,0.0187296513686491,-0.015798450697684));
#6866=CARTESIAN_POINT('',(0.00622173453264934,0.0186976456588509,-0.0157714538989535));
#6867=CARTESIAN_POINT('',(0.00601235174919459,0.0180684055214653,-0.0152406901868148));
#6868=CARTESIAN_POINT('',(0.00560423624131,0.0168419309564924,-0.0142061595612676));
#6869=CARTESIAN_POINT('',(0.00509509585567511,0.0153118549831033,-0.0129155413135751));
#6870=CARTESIAN_POINT('',(0.00478468819447008,0.0143790134373016,-0.0121286899792909));
#6871=CARTESIAN_POINT('',(0.0046730132576949,0.0140434063190873,-0.011845605558415));
#6872=CARTESIAN_POINT('',(0.00616812482850736,0.0188425519205775,-0.0157084639828153));
#6873=CARTESIAN_POINT('',(0.00615758457821789,0.0188103532834135,-0.0156816209556968));
#6874=CARTESIAN_POINT('',(0.00595036066154649,0.0181773201464997,-0.0151538804313212));
#6875=CARTESIAN_POINT('',(0.00554645307849317,0.016943452509836,-0.0141252424096885));
#6876=CARTESIAN_POINT('',(0.00504256224704069,0.0154041533844251,-0.0128419754205771));
#6877=CARTESIAN_POINT('',(0.00473535508197014,0.0144656887587642,-0.0120596059287227));
#6878=CARTESIAN_POINT('',(0.0046248315832815,0.014128058632853,-0.0117781339341254));
#6879=CARTESIAN_POINT('',(0.00607684850026047,0.0189706075701759,-0.0156123734935364));
#6880=CARTESIAN_POINT('',(0.00606646422530741,0.0189381901082255,-0.0155856946683164));
#6881=CARTESIAN_POINT('',(0.00586230682216559,0.0183008548221173,-0.0150611823937083));
#6882=CARTESIAN_POINT('',(0.00546437629083499,0.0170586017118512,-0.014038836669712));
#6883=CARTESIAN_POINT('',(0.00496794206997504,0.0155088413734231,-0.012763419573053));
#6884=CARTESIAN_POINT('',(0.00466528097730386,0.0145639988591528,-0.0119858359257823));
#6885=CARTESIAN_POINT('',(0.00455639301282145,0.0142240741690404,-0.0117060857278997));
#6886=CARTESIAN_POINT('',(0.00596844447584697,0.0190911410314829,-0.0155292347614632));
#6887=CARTESIAN_POINT('',(0.0059582454444779,0.019058517598855,-0.0155026980058461));
#6888=CARTESIAN_POINT('',(0.00575772997582127,0.0184171328784963,-0.0149809788546209));
#6889=CARTESIAN_POINT('',(0.00536689806987706,0.0171669868704068,-0.0139640773077876));
#6890=CARTESIAN_POINT('',(0.00487931966752163,0.0156073798269062,-0.0126954520394387));
#6891=CARTESIAN_POINT('',(0.00458205770245378,0.0146565340711365,-0.011922009166698));
#6892=CARTESIAN_POINT('',(0.00447511217467348,0.0143144496030976,-0.0116437486895654));
#6893=CARTESIAN_POINT('',(0.00583350964661906,0.0192059979061347,-0.0154602906996459));
#6894=CARTESIAN_POINT('',(0.00582354119535535,0.0191731782031264,-0.0154338717574142));
#6895=CARTESIAN_POINT('',(0.00562755898836015,0.0185279347587496,-0.0149144688463622));
#6896=CARTESIAN_POINT('',(0.00524556302563345,0.0172702675730045,-0.0139020819664898));
#6897=CARTESIAN_POINT('',(0.00476900781512026,0.0157012775601777,-0.0126390889253735));
#6898=CARTESIAN_POINT('',(0.00447846636033858,0.0147447112887194,-0.0118690798530775));
#6899=CARTESIAN_POINT('',(0.00437393866128839,0.0144005687586295,-0.0115920547496018));
#6900=CARTESIAN_POINT('',(0.00565823604974064,0.0193109417684172,-0.0154141878685054));
#6901=CARTESIAN_POINT('',(0.00564856711050556,0.0192779427346389,-0.0153878477079769));
#6902=CARTESIAN_POINT('',(0.00545847338376069,0.0186291736031566,-0.0148699936646122));
#6903=CARTESIAN_POINT('',(0.00508795486950601,0.0173646343739704,-0.0138606257384115));
#6904=CARTESIAN_POINT('',(0.00462571823407331,0.0157870712126599,-0.0126013989624992));
#6905=CARTESIAN_POINT('',(0.0043439063861504,0.0148252781490533,-0.011833686069423));
#6906=CARTESIAN_POINT('',(0.00424251932573729,0.0144792551831507,-0.0115574870591829));
#6907=CARTESIAN_POINT('',(0.00545832641767238,0.0193816424283909,-0.0154097158779711));
#6908=CARTESIAN_POINT('',(0.00544899908915626,0.0193485225795071,-0.0153833833592949));
#6909=CARTESIAN_POINT('',(0.00526562151328208,0.0186973781932954,-0.0148656795566306));
#6910=CARTESIAN_POINT('',(0.00490819369004983,0.0174282092697557,-0.0138566044699781));
#6911=CARTESIAN_POINT('',(0.00446228821417029,0.0158448703799493,-0.0125977430230906));
#6912=CARTESIAN_POINT('',(0.00419043298564882,0.0148795560274708,-0.0118302528601913));
#6913=CARTESIAN_POINT('',(0.00409262800448541,0.0145322662123202,-0.0115541339812802));
#6914=CARTESIAN_POINT('',(0.00517377103541473,0.0194021438966403,-0.0154820415138626));
#6915=CARTESIAN_POINT('',(0.00516492996245173,0.0193689890143205,-0.0154555854032803));
#6916=CARTESIAN_POINT('',(0.00499111229051283,0.0187171558621278,-0.0149354517533023));
#6917=CARTESIAN_POINT('',(0.00465231801959803,0.0174466444400623,-0.0139216405639284));
#6918=CARTESIAN_POINT('',(0.00422965864397532,0.0158616307297602,-0.012656870639859));
#6919=CARTESIAN_POINT('',(0.00397197586732851,0.014895295289331,-0.0118857782551853));
#6920=CARTESIAN_POINT('',(0.0038792696896576,0.0145476381187747,-0.0116083634099075));
#6921=CARTESIAN_POINT('',(0.00491444698457286,0.0194021438966403,-0.015566301005688));
#6922=CARTESIAN_POINT('',(0.00490604905121516,0.0193689890143205,-0.0155397009103198));
#6923=CARTESIAN_POINT('',(0.00474094361305827,0.0187171558621278,-0.0150167364839878));
#6924=CARTESIAN_POINT('',(0.00441913067010218,0.0174466444400623,-0.013997407726692));
#6925=CARTESIAN_POINT('',(0.00401765617890178,0.0158616307297602,-0.0127257544164113));
#6926=CARTESIAN_POINT('',(0.00377288919250058,0.014895295289331,-0.0119504654370945));
#6927=CARTESIAN_POINT('',(0.00368482971089858,0.0145476381187747,-0.0116715407887414));
#6928=CARTESIAN_POINT('',(0.00464172490234588,0.0193816424283909,-0.0156750457942743));
#6929=CARTESIAN_POINT('',(0.00463379300349398,0.0193485225795071,-0.0156482598730155));
#6930=CARTESIAN_POINT('',(0.00447784991850164,0.0186973781932954,-0.0151216420639076));
#6931=CARTESIAN_POINT('',(0.00417389564736887,0.0174282092697557,-0.0140951923669504));
#6932=CARTESIAN_POINT('',(0.00379470056208024,0.0158448703799493,-0.0128146554002165));
#6933=CARTESIAN_POINT('',(0.00356351666293206,0.0148795560274708,-0.0120339503213319));
#6934=CARTESIAN_POINT('',(0.00348034394992431,0.0145322662123202,-0.0117530771302965));
#6935=CARTESIAN_POINT('',(0.0044826231827479,0.0193109417684172,-0.0157961676441362));
#6936=CARTESIAN_POINT('',(0.00447496316100495,0.0192779427346389,-0.0157691747467464));
#6937=CARTESIAN_POINT('',(0.00432436524693585,0.0186291736031566,-0.0152384877359246));
#6938=CARTESIAN_POINT('',(0.00403082944054061,0.0173646343739704,-0.014204106611671));
#6939=CARTESIAN_POINT('',(0.00366463180585532,0.0157870712126599,-0.0129136748728093));
#6940=CARTESIAN_POINT('',(0.00344137206349619,0.0148252781490533,-0.0121269372473796));
#6941=CARTESIAN_POINT('',(0.00336105021346321,0.0144792551831507,-0.0118438937353817));
#6942=CARTESIAN_POINT('',(0.00436792242844134,0.0192059979061347,-0.0159364888533791));
#6943=CARTESIAN_POINT('',(0.00436045841029631,0.0191731782031264,-0.0159092561714992));
#6944=CARTESIAN_POINT('',(0.00421371397523638,0.0185279347587496,-0.0153738549385468));
#6945=CARTESIAN_POINT('',(0.00392768912326154,0.0172702675730045,-0.0143302851545218));
#6946=CARTESIAN_POINT('',(0.00357086170400844,0.0157012775601777,-0.0130283901958386));
#6947=CARTESIAN_POINT('',(0.00335331470167025,0.0147447112887194,-0.012234663788228));
#6948=CARTESIAN_POINT('',(0.00327504811624696,0.0144005687586295,-0.0119491059316899));
#6949=CARTESIAN_POINT('',(0.00429928216123225,0.0190911410314829,-0.0160715784736913));
#6950=CARTESIAN_POINT('',(0.00429193543734056,0.019058517598855,-0.0160441149471951));
#6951=CARTESIAN_POINT('',(0.00414749703619011,0.0184171328784963,-0.0155041752522301));
#6952=CARTESIAN_POINT('',(0.00386596695778089,0.0171669868704068,-0.0144517593887964));
#6953=CARTESIAN_POINT('',(0.00351474694795558,0.0156073798269062,-0.0131388285929679));
#6954=CARTESIAN_POINT('',(0.00330061861538904,0.0146565340711365,-0.012338373965608));
#6955=CARTESIAN_POINT('',(0.00322358196008127,0.0143144496030976,-0.012050395506717));
#6956=CARTESIAN_POINT('',(0.00426044918382998,0.0189706075701759,-0.0162025574076686));
#6957=CARTESIAN_POINT('',(0.00425316881872848,0.0189381901082255,-0.0161748700610026));
#6958=CARTESIAN_POINT('',(0.00411003504773663,0.0183008548221173,-0.0156305300063732));
#6959=CARTESIAN_POINT('',(0.00383104787085444,0.0170586017118512,-0.0145695372437806));
#6960=CARTESIAN_POINT('',(0.00348300023218162,0.0155088413734231,-0.0132459064239124));
#6961=CARTESIAN_POINT('',(0.00327080599939916,0.0145639988591528,-0.0124389283120075));
#6962=CARTESIAN_POINT('',(0.00319446517250705,0.0142240741690404,-0.0121486029080658));
#6963=CARTESIAN_POINT('',(0.00424308565557779,0.0188425519205775,-0.01633394712612));
#6964=CARTESIAN_POINT('',(0.00423583496171979,0.0188103532834135,-0.016306035257325));
#6965=CARTESIAN_POINT('',(0.00409328453468282,0.0181773201464997,-0.0157572810423431));
#6966=CARTESIAN_POINT('',(0.00381543437446689,0.016943452509836,-0.0146876844811742));
#6967=CARTESIAN_POINT('',(0.0034688052094682,0.0154041533844251,-0.0133533200791695));
#6968=CARTESIAN_POINT('',(0.00325747577764848,0.0144656887587642,-0.0125397980233518));
#6969=CARTESIAN_POINT('',(0.00318144607900772,0.014128058632853,-0.012247118313721));
#6970=CARTESIAN_POINT('',(0.00424399127902337,0.0187296513686491,-0.0164445188488221));
#6971=CARTESIAN_POINT('',(0.00423673903761273,0.0186976456588509,-0.0164164180322245));
#6972=CARTESIAN_POINT('',(0.00409415818530996,0.0180684055214653,-0.0158639490569081));
#6973=CARTESIAN_POINT('',(0.00381624872211506,0.0168419309564924,-0.0147871119228727));
#6974=CARTESIAN_POINT('',(0.00346954557428306,0.0153118549831033,-0.0134437146172163));
#6975=CARTESIAN_POINT('',(0.00325817103734321,0.0143790134373016,-0.0126246854702789));
#6976=CARTESIAN_POINT('',(0.0031821251112955,0.0140434063190873,-0.0123300244820604));
#6977=CARTESIAN_POINT('',(0.00425177000507458,0.0186408231763174,-0.0165292188121197));
#6978=CARTESIAN_POINT('',(0.00424450447117688,0.0186089692584181,-0.0165009732580473));
#6979=CARTESIAN_POINT('',(0.00410166228530452,0.0179827133871486,-0.0159456587083262));
#6980=CARTESIAN_POINT('',(0.00382324344745752,0.0167620555625091,-0.0148632751629565));
#6981=CARTESIAN_POINT('',(0.00347590483441583,0.0152392362048558,-0.0135129584877808));
#6982=CARTESIAN_POINT('',(0.0032641428733488,0.0143108188005725,-0.0126897108082537));
#6983=CARTESIAN_POINT('',(0.00318795756425642,0.0139768033496593,-0.0123935321243752));
#6984=CARTESIAN_POINT('',(0.00426005879973517,0.0185866339021621,-0.0165797383518492));
#6985=CARTESIAN_POINT('',(0.00425277910173205,0.0185548725842876,-0.0165514064686884));
#6986=CARTESIAN_POINT('',(0.00410965844605861,0.017930437252314,-0.0159943946678282));
#6987=CARTESIAN_POINT('',(0.00383069683271486,0.0167133279062414,-0.0149087029492687));
#6988=CARTESIAN_POINT('',(0.00348268108557661,0.0151949354172343,-0.013554259195996));
#6989=CARTESIAN_POINT('',(0.00327050629610867,0.0142692169423264,-0.0127284953604227));
#6990=CARTESIAN_POINT('',(0.00319417246431105,0.0139361724815176,-0.0124314114425488));
#6991=CARTESIAN_POINT('',(0.0042643363737703,0.0185413863907068,-0.0166227805924553));
#6992=CARTESIAN_POINT('',(0.00425704936613869,0.0185097023929433,-0.0165943751576071));
#6993=CARTESIAN_POINT('',(0.00411378500136888,0.0178867871933931,-0.0160359173124582));
#6994=CARTESIAN_POINT('',(0.00383454327946087,0.0166726407920564,-0.0149474070570085));
#6995=CARTESIAN_POINT('',(0.00348617808570844,0.0151579446948705,-0.013589447066466));
#6996=CARTESIAN_POINT('',(0.0032737902490942,0.0142344797994713,-0.0127615394862244));
#6997=CARTESIAN_POINT('',(0.00319737976961817,0.0139022461058587,-0.0124636843162835));
#6998=CARTESIAN_POINT('',(0.00426663968479604,0.0184950414607136,-0.0166675419520205));
#6999=CARTESIAN_POINT('',(0.00425934874120733,0.018463436658358,-0.0166390600278103));
#7000=CARTESIAN_POINT('',(0.00411600699455157,0.0178420784600323,-0.016079098382965));
#7001=CARTESIAN_POINT('',(0.00383661444482874,0.0166309668657368,-0.0149876570174844));
#7002=CARTESIAN_POINT('',(0.00348806108735716,0.0151200568114663,-0.013626040350186));
#7003=CARTESIAN_POINT('',(0.00327555853295265,0.0141989001531658,-0.0127959034035228));
#7004=CARTESIAN_POINT('',(0.0031991067816152,0.0138674968908352,-0.0124972461774947));
#7005=CARTESIAN_POINT('',(0.00426704453778936,0.0184357429129587,-0.0167256403393565));
#7006=CARTESIAN_POINT('',(0.00425975290237745,0.018404239441486,-0.0166970591351283));
#7007=CARTESIAN_POINT('',(0.00411639755430711,0.0177848734332765,-0.0161351456206774));
#7008=CARTESIAN_POINT('',(0.00383697849357834,0.0165776448883303,-0.0150398997960037));
#7009=CARTESIAN_POINT('',(0.00348839206256867,0.0150715790931115,-0.0136735369140104));
#7010=CARTESIAN_POINT('',(0.00327586934421745,0.0141533758346294,-0.0128405063422399));
#7011=CARTESIAN_POINT('',(0.00319941033852466,0.0138230351128841,-0.0125408080806921));
#7012=CARTESIAN_POINT('',(0.00426433269988043,0.0183636985897636,-0.0167972674855101));
#7013=CARTESIAN_POINT('',(0.00425704569852685,0.0183323182294826,-0.016768563882973));
#7014=CARTESIAN_POINT('',(0.00411378145718481,0.017715372617624,-0.0162042439876237));
#7015=CARTESIAN_POINT('',(0.00383453997585429,0.0165128617541878,-0.0151043077994623));
#7016=CARTESIAN_POINT('',(0.00348617508223188,0.0150126814549544,-0.0137320935018065));
#7017=CARTESIAN_POINT('',(0.00327378742859794,0.0140980664072987,-0.0128954954969629));
#7018=CARTESIAN_POINT('',(0.00319737701495247,0.0137690166112207,-0.0125945137849315));
#7019=CARTESIAN_POINT('',(0.00425735285482631,0.0182791444337082,-0.016882565785133));
#7020=CARTESIAN_POINT('',(0.00425007778081142,0.018247908561743,-0.0168537164226685));
#7021=CARTESIAN_POINT('',(0.00410704803388544,0.0176338036257585,-0.0162865308512467));
#7022=CARTESIAN_POINT('',(0.00382826361404837,0.0164368296257546,-0.0151810090708676));
#7023=CARTESIAN_POINT('',(0.00348046892288222,0.0149435567846519,-0.0138018265239767));
#7024=CARTESIAN_POINT('',(0.00326842890462715,0.0140331530075686,-0.0129609801860431));
#7025=CARTESIAN_POINT('',(0.00319214355928317,0.0137056182945045,-0.0126584700570668));
#7026=CARTESIAN_POINT('',(0.00424493570748578,0.0181823537215443,-0.0169816468132001));
#7027=CARTESIAN_POINT('',(0.00423768185221151,0.0181512832480365,-0.0169526281385275));
#7028=CARTESIAN_POINT('',(0.00409506927095214,0.0175404300864615,-0.0163821138473935));
#7029=CARTESIAN_POINT('',(0.00381709796370766,0.0163497942368192,-0.0152701039397982));
#7030=CARTESIAN_POINT('',(0.00347031766295539,0.014864428491274,-0.0138828271952375));
#7031=CARTESIAN_POINT('',(0.00325889608818823,0.013958845433796,-0.0130370460671381));
#7032=CARTESIAN_POINT('',(0.00318283323940616,0.0136330450643852,-0.0127327605555001));
#7033=CARTESIAN_POINT('',(0.00422592597642188,0.0180736300988038,-0.0170945877698516));
#7034=CARTESIAN_POINT('',(0.00421870460546479,0.0180427454150179,-0.0170653760987685));
#7035=CARTESIAN_POINT('',(0.00407673067388185,0.0174355449251324,-0.0164910674506719));
#7036=CARTESIAN_POINT('',(0.00380000418167306,0.0162520286291475,-0.0153716618255616));
#7037=CARTESIAN_POINT('',(0.00345477683736343,0.0147755448109602,-0.0139751586282078));
#7038=CARTESIAN_POINT('',(0.00324430205367966,0.0138753767988723,-0.0131237524078676));
#7039=CARTESIAN_POINT('',(0.00316857983062174,0.0135515245928839,-0.012817443164541));
#7040=CARTESIAN_POINT('',(0.00419917670292852,0.0179533049574251,-0.0172214359046187));
#7041=CARTESIAN_POINT('',(0.0041920010418177,0.0179226258883342,-0.0171920074721817));
#7042=CARTESIAN_POINT('',(0.00405092577707039,0.0173194678339967,-0.0166134372424796));
#7043=CARTESIAN_POINT('',(0.00377595090868659,0.0161438307944124,-0.0154857252155125));
#7044=CARTESIAN_POINT('',(0.00343290878501307,0.014677176663078,-0.0140788594503));
#7045=CARTESIAN_POINT('',(0.00322376626497605,0.0137830015169903,-0.0132211354823526));
#7046=CARTESIAN_POINT('',(0.00314852334857551,0.0134613053561493,-0.0129125533116703));
#7047=CARTESIAN_POINT('',(0.00416355190082039,0.0178217339670244,-0.0173622110616727));
#7048=CARTESIAN_POINT('',(0.00415643711628733,0.0177912797298247,-0.017332542069028));
#7049=CARTESIAN_POINT('',(0.00401655870005212,0.0171925419258403,-0.0167492423663944));
#7050=CARTESIAN_POINT('',(0.00374391665211478,0.0160255205550711,-0.0156123119537719));
#7051=CARTESIAN_POINT('',(0.00340378481506057,0.0145696148144698,-0.0141939458845111));
#7052=CARTESIAN_POINT('',(0.00319641660970849,0.0136819926406534,-0.0133292105252392));
#7053=CARTESIAN_POINT('',(0.00312181203605856,0.0133626540336216,-0.0130181058759562));
#7054=CARTESIAN_POINT('',(0.00411792790808515,0.0176792943389215,-0.0175169079273173));
#7055=CARTESIAN_POINT('',(0.00411089108700386,0.0176490835062204,-0.0174869745846913));
#7056=CARTESIAN_POINT('',(0.00397254545143242,0.0170551310946275,-0.0168984776963186));
#7057=CARTESIAN_POINT('',(0.00370289100137081,0.0158974371041429,-0.0157514172621992));
#7058=CARTESIAN_POINT('',(0.00336648631191375,0.0144531676427403,-0.0143204135867907));
#7059=CARTESIAN_POINT('',(0.00316139043694686,0.0135726397602295,-0.0134479734571289));
#7060=CARTESIAN_POINT('',(0.00308760337647012,0.0132558534566104,-0.0131340968732138));
#7061=CARTESIAN_POINT('',(0.00406119143885085,0.0175263819768523,-0.0176854994608821));
#7062=CARTESIAN_POINT('',(0.00405425157050689,0.0174964324447269,-0.017655278024709));
#7063=CARTESIAN_POINT('',(0.0039178120496299,0.0169076172668082,-0.0170611171462463));
#7064=CARTESIAN_POINT('',(0.00365187287621987,0.0157599364430962,-0.0159030168254938));
#7065=CARTESIAN_POINT('',(0.00332010314267746,0.0143281588069087,-0.0144582404508638));
#7066=CARTESIAN_POINT('',(0.00311783306166808,0.0134552468165145,-0.0135774035185235));
#7067=CARTESIAN_POINT('',(0.00304506263319172,0.0131412004719135,-0.0132605060284729));
#7068=CARTESIAN_POINT('',(0.00399224422030338,0.0173634068559882,-0.0178679399258039));
#7069=CARTESIAN_POINT('',(0.00398542217073911,0.0173337358199394,-0.0178374067306738));
#7070=CARTESIAN_POINT('',(0.0038512989960886,0.0167503959434785,-0.0172371165943326));
#7071=CARTESIAN_POINT('',(0.00358987469635187,0.0156133872266055,-0.0160670695167803));
#7072=CARTESIAN_POINT('',(0.00326373744792383,0.0141949234696668,-0.0146073890861987));
#7073=CARTESIAN_POINT('',(0.00306490132458203,0.0133301285531402,-0.0137174655968283));
#7074=CARTESIAN_POINT('',(0.00299336632632646,0.0130190024770256,-0.0133972990486692));
#7075=CARTESIAN_POINT('',(0.00390999832051486,0.0171907904640906,-0.0180641689204393));
#7076=CARTESIAN_POINT('',(0.00390331681485868,0.0171614143993702,-0.0180333004041582));
#7077=CARTESIAN_POINT('',(0.0037719567680563,0.0165838737318756,-0.0174264177713997));
#7078=CARTESIAN_POINT('',(0.00351591818010771,0.0154581684616067,-0.016243521022164));
#7079=CARTESIAN_POINT('',(0.00319649982210103,0.0140538062054732,-0.0147678101132749));
#7080=CARTESIAN_POINT('',(0.00300176000524057,0.0131976085521139,-0.0138681133208631));
#7081=CARTESIAN_POINT('',(0.00293169872952632,0.0128895755015289,-0.0135444306449286));
#7082=CARTESIAN_POINT('',(0.00381337697275082,0.0170089628433864,-0.0182741140150479));
#7083=CARTESIAN_POINT('',(0.00380686057613784,0.0169798974903791,-0.0182428867391914));
#7084=CARTESIAN_POINT('',(0.00367874661378971,0.0164084654916889,-0.0176289508048218));
#7085=CARTESIAN_POINT('',(0.00342903508570643,0.0152946668473158,-0.0164323062119392));
#7086=CARTESIAN_POINT('',(0.00311750998742042,0.0139051585822289,-0.0149394443193681));
#7087=CARTESIAN_POINT('',(0.00292758245486956,0.013058016962825,-0.0140292910853102));
#7088=CARTESIAN_POINT('',(0.00285925248805385,0.012753241989104,-0.0137018465097653));
#7089=CARTESIAN_POINT('',(0.00370131097188703,0.0168183602295397,-0.0184976942411476));
#7090=CARTESIAN_POINT('',(0.00369498607653754,0.0167896205831793,-0.0184660849056525));
#7091=CARTESIAN_POINT('',(0.00357063707619495,0.0162245920573868,-0.0178446375846896));
#7092=CARTESIAN_POINT('',(0.00332826397085924,0.0151232746521622,-0.0166333522782589));
#7093=CARTESIAN_POINT('',(0.0030258938478571,0.0137493372310901,-0.0151222255111664));
#7094=CARTESIAN_POINT('',(0.00284154782984807,0.0129116886894501,-0.0142009367295417));
#7095=CARTESIAN_POINT('',(0.00277522591683215,0.0126103290272423,-0.0138694859333847));
#7096=CARTESIAN_POINT('',(0.00352444264147738,0.0165446999395586,-0.0188238909190239));
#7097=CARTESIAN_POINT('',(0.00351841998327818,0.0165164279309376,-0.0187917241702592));
#7098=CARTESIAN_POINT('',(0.0034000130397489,0.0159605932782757,-0.018159317967128));
#7099=CARTESIAN_POINT('',(0.00316922181088954,0.014877195981573,-0.0169266723096305));
#7100=CARTESIAN_POINT('',(0.0028813005410714,0.0135256146111465,-0.0153888976520036));
#7101=CARTESIAN_POINT('',(0.00270576355658335,0.0127015958847608,-0.0144513624487431));
#7102=CARTESIAN_POINT('',(0.00264261085742539,0.0124051398024159,-0.014114066699849));
#7103=CARTESIAN_POINT('',(0.00337313042765603,0.0163403959658174,-0.0190736774611945));
#7104=CARTESIAN_POINT('',(0.00336736633565806,0.0163124730770794,-0.0190410838707644));
#7105=CARTESIAN_POINT('',(0.00325404286732749,0.0157635022073025,-0.0184002858553663));
#7106=CARTESIAN_POINT('',(0.00303316002266433,0.0146934833564867,-0.017151283415));
#7107=CARTESIAN_POINT('',(0.00275759985761486,0.0133585921312923,-0.0155931030178786));
#7108=CARTESIAN_POINT('',(0.00258959906889797,0.0125447488871367,-0.0146431270457254));
#7109=CARTESIAN_POINT('',(0.00252915765651367,0.0122519536240199,-0.0143013554985403));
#7110=CARTESIAN_POINT('',(0.00326347076894084,0.0162032924436954,-0.0192439408316544));
#7111=CARTESIAN_POINT('',(0.00325789406618703,0.0161756038409809,-0.0192110562907995));
#7112=CARTESIAN_POINT('',(0.00314825471654919,0.0156312390921295,-0.0185645381183887));
#7113=CARTESIAN_POINT('',(0.00293455272002733,0.0145701981971411,-0.0173043863144221));
#7114=CARTESIAN_POINT('',(0.00266795094965097,0.0132465073301881,-0.015732296641193));
#7115=CARTESIAN_POINT('',(0.00250541182615863,0.012439492609372,-0.0147738405995197));
#7116=CARTESIAN_POINT('',(0.00244693534955031,0.0121491540346928,-0.0144290181894022));
#7117=CARTESIAN_POINT('',(0.00793443780100014,0.0162601991330675,-0.0168704919718347));
#7118=CARTESIAN_POINT('',(0.00763503377626052,0.0164276359685179,-0.0166908235689638));
#7119=CARTESIAN_POINT('',(0.00720447898787965,0.0166824897374265,-0.0164003933945492));
#7120=CARTESIAN_POINT('',(0.00668104027116719,0.0170343674512743,-0.0159608482317262));
#7121=CARTESIAN_POINT('',(0.00631826757947896,0.0173083120201012,-0.015596955812008));
#7122=CARTESIAN_POINT('',(0.00600549140464293,0.0175905396550909,-0.015195337013938));
#7123=CARTESIAN_POINT('',(0.00579280564989173,0.017882128835527,-0.0147362725575622));
#7124=CARTESIAN_POINT('',(0.00542488074634785,0.018105251411923,-0.0144651772881465));
#7125=CARTESIAN_POINT('',(0.00503700061997431,0.018187166734727,-0.0144539438148884));
#7126=CARTESIAN_POINT('',(0.00467263183940346,0.0181886705285513,-0.0145746069608117));
#7127=CARTESIAN_POINT('',(0.00419035003631699,0.0181804520475899,-0.0147358631939165));
#7128=CARTESIAN_POINT('',(0.00397414888403885,0.0179108469211874,-0.0152758402548627));
#7129=CARTESIAN_POINT('',(0.00406481959907424,0.0176170186504153,-0.0157779464556189));
#7130=CARTESIAN_POINT('',(0.00406174854241285,0.0173300980892771,-0.0162916693435534));
#7131=CARTESIAN_POINT('',(0.00398377321317452,0.0170539831457727,-0.0168029881373672));
#7132=CARTESIAN_POINT('',(0.00381778852889673,0.0166910610810669,-0.0174863440014476));
#7133=CARTESIAN_POINT('',(0.00363643643038392,0.0164309310674711,-0.0179845963106876));
#7134=CARTESIAN_POINT('',(0.00349713135814956,0.0162601991330757,-0.0183122602333245));
#7135=CARTESIAN_POINT('',(0.,0.0191902019685288,0.));
#7136=CARTESIAN_POINT('',(0.,0.0162601991330675,0.));
#7137=CARTESIAN_POINT('',(0.0135929152015946,0.0162601991330757,-0.0127593674965262));
#7138=CARTESIAN_POINT('',(0.0127593674965427,0.0162601991330675,-0.0135929152015986));
#7139=CARTESIAN_POINT('',(0.0135929152015953,0.0162601991330639,-0.0127593674965398));
#7140=CARTESIAN_POINT('',(0.0127982651004613,0.0153282330917326,-0.0119944359899908));
#7141=CARTESIAN_POINT('',(0.0120035422795101,0.0143962737752811,-0.0112295718338272));
#7142=CARTESIAN_POINT('',(0.0112086868203262,0.0134643259709999,-0.0104648314954244));
#7143=CARTESIAN_POINT('',(0.0104648314954185,0.0134643259709927,-0.01120868682032));
#7144=CARTESIAN_POINT('',(0.0112295718337578,0.0143962737751965,-0.012003542279438));
#7145=CARTESIAN_POINT('',(0.0119944359904676,0.0153282330923136,-0.0127982651009567));
#7146=CARTESIAN_POINT('',(0.0127593674965428,0.0162601991330675,-0.0135929152015984));
#7147=CARTESIAN_POINT('',(0.0136504551822834,0.0162032924436954,-0.0139515079295544));
#7148=CARTESIAN_POINT('',(0.0136271289335146,0.0161756038409809,-0.013927667234111));
#7149=CARTESIAN_POINT('',(0.0131685291376501,0.0156312390921295,-0.0134589532899197));
#7150=CARTESIAN_POINT('',(0.0122746557946899,0.0145701981971411,-0.0125453660969803));
#7151=CARTESIAN_POINT('',(0.0111595131212286,0.0132465073301882,-0.0114056296088102));
#7152=CARTESIAN_POINT('',(0.010479643994863,0.0124394926093723,-0.010710766369388));
#7153=CARTESIAN_POINT('',(0.0102350484155931,0.0121491540346932,-0.0104607763787138));
#7154=CARTESIAN_POINT('',(0.0134482528918975,0.0163403959658174,-0.0139401461588904));
#7155=CARTESIAN_POINT('',(0.0134252721716012,0.0163124730770793,-0.0139163248787329));
#7156=CARTESIAN_POINT('',(0.0129734655506057,0.0157635022073025,-0.0134479926438426));
#7157=CARTESIAN_POINT('',(0.012092833028911,0.0146934833564867,-0.0125351494542196));
#7158=CARTESIAN_POINT('',(0.0109942088084734,0.0133585921312924,-0.0113963411398828));
#7159=CARTESIAN_POINT('',(0.0103244104887349,0.0125447488871369,-0.0107020437802787));
#7160=CARTESIAN_POINT('',(0.0100834380696957,0.0122519536240203,-0.0104522573754073));
#7161=CARTESIAN_POINT('',(0.0131572322465395,0.0165446999395586,-0.0139157394656194));
#7162=CARTESIAN_POINT('',(0.0131347488298041,0.0165164279309376,-0.0138919598922468));
#7163=CARTESIAN_POINT('',(0.0126927193192984,0.0159605932782757,-0.0134244476230208));
#7164=CARTESIAN_POINT('',(0.0118311437150224,0.014877195981573,-0.0125132026579415));
#7165=CARTESIAN_POINT('',(0.0107562937597037,0.0135256146111466,-0.0113763881925146));
#7166=CARTESIAN_POINT('',(0.0101009898981552,0.012701595884761,-0.010683306422941));
#7167=CARTESIAN_POINT('',(0.00986523213037709,0.0124051398024163,-0.0104339573492208));
#7168=CARTESIAN_POINT('',(0.0127893729944165,0.0168183602295396,-0.013867095354085));
#7169=CARTESIAN_POINT('',(0.0127675181850288,0.0167896205831793,-0.0138433989050209));
#7170=CARTESIAN_POINT('',(0.0123378472497997,0.0162245920573868,-0.0133775208801715));
#7171=CARTESIAN_POINT('',(0.0115003601887293,0.0151232746521622,-0.012469461279537));
#7172=CARTESIAN_POINT('',(0.0104555616525312,0.0137493372310902,-0.0113366206833957));
#7173=CARTESIAN_POINT('',(0.00981857924217441,0.0129116886894504,-0.0106459616630396));
#7174=CARTESIAN_POINT('',(0.00958941295765901,0.0126103290272427,-0.0103974842184688));
#7175=CARTESIAN_POINT('',(0.0125426220493045,0.0170089628433864,-0.0138263414936698));
#7176=CARTESIAN_POINT('',(0.0125211888942757,0.0169798974903791,-0.0138027146858501));
#7177=CARTESIAN_POINT('',(0.0120998077875943,0.0164084654916889,-0.0133382058250189));
#7178=CARTESIAN_POINT('',(0.0112784787292601,0.0152946668473158,-0.0124328149111763));
#7179=CARTESIAN_POINT('',(0.0102538379464069,0.013905158582229,-0.011303303608326));
#7180=CARTESIAN_POINT('',(0.00962914511520655,0.0130580169628253,-0.0106146743584872));
#7181=CARTESIAN_POINT('',(0.00940440023565891,0.0127532419891044,-0.0103669271616599));
#7182=CARTESIAN_POINT('',(0.0123159802966082,0.0171907904640905,-0.0137811071756283));
#7183=CARTESIAN_POINT('',(0.0122949344328334,0.0171614143993702,-0.0137575576653742));
#7184=CARTESIAN_POINT('',(0.0118811675675917,0.0165838737318756,-0.0132945684937214));
#7185=CARTESIAN_POINT('',(0.0110746797008831,0.0154581684616067,-0.0123921396606697));
#7186=CARTESIAN_POINT('',(0.0100685538969552,0.0140538062054734,-0.011266323671835));
#7187=CARTESIAN_POINT('',(0.00945514909449423,0.0131976085521142,-0.010579947344399));
#7188=CARTESIAN_POINT('',(0.00923446529350017,0.0128895755015293,-0.0103330106783618));
#7189=CARTESIAN_POINT('',(0.0121088847782017,0.0173634068559882,-0.0137323049971559));
#7190=CARTESIAN_POINT('',(0.0120881928045733,0.0173337358199394,-0.0137088388813192));
#7191=CARTESIAN_POINT('',(0.0116813835067678,0.0167503959434785,-0.0132474892644494));
#7192=CARTESIAN_POINT('',(0.0108884568847853,0.0156133872266055,-0.0123482561465466));
#7193=CARTESIAN_POINT('',(0.00989924927493767,0.0141949234696669,-0.011226426939914));
#7194=CARTESIAN_POINT('',(0.00929615898926701,0.0133301285531404,-0.0105424812343144));
#7195=CARTESIAN_POINT('',(0.00907918602777336,0.0130190024770261,-0.0102964190297478));
#7196=CARTESIAN_POINT('',(0.0119207611833696,0.0175263819768523,-0.0136808486539733));
#7197=CARTESIAN_POINT('',(0.0119003906801766,0.0174964324447269,-0.0136574704680587));
#7198=CARTESIAN_POINT('',(0.0114999015703088,0.0169076172668082,-0.0131978495751153));
#7199=CARTESIAN_POINT('',(0.0107192938537663,0.0157599364430962,-0.0123019859751431));
#7200=CARTESIAN_POINT('',(0.00974545457015249,0.0143281588069088,-0.01118436037662));
#7201=CARTESIAN_POINT('',(0.00915173389321352,0.0134552468165147,-0.0105029774851258));
#7202=CARTESIAN_POINT('',(0.00893813182294933,0.0131412004719139,-0.0102578373006604));
#7203=CARTESIAN_POINT('',(0.0117510189077248,0.0176792943389215,-0.0136276538046939));
#7204=CARTESIAN_POINT('',(0.0117309384644966,0.0176490835062204,-0.0136043665195054));
#7205=CARTESIAN_POINT('',(0.0113361520049742,0.0170551310946275,-0.0131465327572251));
#7206=CARTESIAN_POINT('',(0.0105666595291578,0.0158974371041429,-0.0122541525178528));
#7207=CARTESIAN_POINT('',(0.00960668695200428,0.0144531676427405,-0.0111408725507133));
#7208=CARTESIAN_POINT('',(0.00902142039114486,0.0135726397602298,-0.0104621390606657));
#7209=CARTESIAN_POINT('',(0.00881085984657953,0.0132558534566109,-0.0102179520477099));
#7210=CARTESIAN_POINT('',(0.0115990494043614,0.0178217339670244,-0.0135736358539662));
#7211=CARTESIAN_POINT('',(0.0115792286505276,0.0177912797298247,-0.0135504408760407));
#7212=CARTESIAN_POINT('',(0.0111895477484602,0.0171925419258403,-0.0130944218972856));
#7213=CARTESIAN_POINT('',(0.0104300066981593,0.0160255205550711,-0.0122055789177008));
#7214=CARTESIAN_POINT('',(0.00948244892153828,0.01456961481447,-0.0110967118233326));
#7215=CARTESIAN_POINT('',(0.0089047512931508,0.0136819926406536,-0.010420668729794));
#7216=CARTESIAN_POINT('',(0.00869691381299689,0.013362654033622,-0.010177449637085));
#7217=CARTESIAN_POINT('',(0.0114642201766239,0.017953304957425,-0.0135197113630875));
#7218=CARTESIAN_POINT('',(0.0114446298224409,0.0179226258883342,-0.0134966085327184));
#7219=CARTESIAN_POINT('',(0.0110594786342542,0.0173194678339967,-0.0130424011976175));
#7220=CARTESIAN_POINT('',(0.0103087666120639,0.0161438307944124,-0.0121570893577849));
#7221=CARTESIAN_POINT('',(0.00937222340041318,0.0146771766630781,-0.0110526275011996));
#7222=CARTESIAN_POINT('',(0.00880124102276617,0.0137830015169906,-0.0103792701493461));
#7223=CARTESIAN_POINT('',(0.00859581947912284,0.0134613053561497,-0.0101370173022243));
#7224=CARTESIAN_POINT('',(0.0113458750514236,0.0180736300988038,-0.0134667925170339));
#7225=CARTESIAN_POINT('',(0.0113264869284333,0.0180427454150178,-0.0134437801157495));
#7226=CARTESIAN_POINT('',(0.010945311655301,0.0174355449251324,-0.0129913506387254));
#7227=CARTESIAN_POINT('',(0.0102023492320268,0.0162520286291475,-0.0121095040859617));
#7228=CARTESIAN_POINT('',(0.009275473954342,0.0147755448109603,-0.0110093653133085));
#7229=CARTESIAN_POINT('',(0.00871038582679911,0.0138753767988726,-0.010338643616395));
#7230=CARTESIAN_POINT('',(0.00850708484939812,0.0135515245928843,-0.0100973389952212));
#7231=CARTESIAN_POINT('',(0.0112433302585621,0.0181823537215443,-0.0134157866838235));
#7232=CARTESIAN_POINT('',(0.0112241173667502,0.0181512832480365,-0.0133928614426182));
#7233=CARTESIAN_POINT('',(0.0108463871817447,0.0175404300864615,-0.0129421455542171));
#7234=CARTESIAN_POINT('',(0.0101101397035456,0.0163497942368192,-0.0120636390186201));
#7235=CARTESIAN_POINT('',(0.00919164158786263,0.0148644284912741,-0.010967667050696));
#7236=CARTESIAN_POINT('',(0.00863166076537332,0.0139588454337962,-0.0102994857299679));
#7237=CARTESIAN_POINT('',(0.00843019723607762,0.0136330450643856,-0.0100590950564356));
#7238=CARTESIAN_POINT('',(0.0111558734069534,0.0182791444337082,-0.0133675939999638));
#7239=CARTESIAN_POINT('',(0.0111368099636581,0.018247908561743,-0.0133447511116558));
#7240=CARTESIAN_POINT('',(0.0107620179732958,0.0176338036257584,-0.0128956543014967));
#7241=CARTESIAN_POINT('',(0.0100314974358666,0.0164368296257546,-0.0120203035694866));
#7242=CARTESIAN_POINT('',(0.00912014390737975,0.0149435567846521,-0.0109282685924983));
#7243=CARTESIAN_POINT('',(0.00856451892595976,0.0140331530075688,-0.010262487537361));
#7244=CARTESIAN_POINT('',(0.00836462249160666,0.0137056182945049,-0.0100229604040746));
#7245=CARTESIAN_POINT('',(0.0110827629829811,0.0183636985897636,-0.0133231037306667));
#7246=CARTESIAN_POINT('',(0.0110638244726579,0.0183323182294826,-0.0133003368684747));
#7247=CARTESIAN_POINT('',(0.0106914886952982,0.017715372617624,-0.0128527347504812));
#7248=CARTESIAN_POINT('',(0.00996575565090195,0.0165128617541878,-0.0119802973766863));
#7249=CARTESIAN_POINT('',(0.00906037471106192,0.0150126814549546,-0.0108918969303553));
#7250=CARTESIAN_POINT('',(0.00850839103825842,0.014098066407299,-0.0102283317398258));
#7251=CARTESIAN_POINT('',(0.00830980463249143,0.0137690166112211,-0.00998960180509772));
#7252=CARTESIAN_POINT('',(0.0110232214261548,0.0184357429129587,-0.0132831962734482));
#7253=CARTESIAN_POINT('',(0.0110043846619747,0.018404239441486,-0.0132604976061451));
#7254=CARTESIAN_POINT('',(0.010634049238848,0.0177848734332765,-0.0128142362164635));
#7255=CARTESIAN_POINT('',(0.00991221515677457,0.0165776448883303,-0.0119444121044036));
#7256=CARTESIAN_POINT('',(0.00901169832805573,0.0150715790931117,-0.0108592718063929));
#7257=CARTESIAN_POINT('',(0.00846268015828355,0.0141533758346297,-0.0101976942307606));
#7258=CARTESIAN_POINT('',(0.00826516064745801,0.0138230351128846,-0.00995967937750677));
#7259=CARTESIAN_POINT('',(0.0109764568100731,0.0184950414607136,-0.0132487193652383));
#7260=CARTESIAN_POINT('',(0.0109576999584712,0.0184634366583579,-0.0132260796129624));
#7261=CARTESIAN_POINT('',(0.0105889356363153,0.0178420784600323,-0.0127809765072249));
#7262=CARTESIAN_POINT('',(0.00987016384360524,0.0166309668657368,-0.011913410048026));
#7263=CARTESIAN_POINT('',(0.00897346734309556,0.0151200568114664,-0.0108310862620715));
#7264=CARTESIAN_POINT('',(0.00842677831314002,0.014198900153166,-0.0101712258295785));
#7265=CARTESIAN_POINT('',(0.0082300967537386,0.0138674968908356,-0.00993382875054703));
#7266=CARTESIAN_POINT('',(0.0109415979617458,0.0185413863907068,-0.0132205458804501));
#7267=CARTESIAN_POINT('',(0.0109229006778403,0.0185097023929432,-0.0131979542717493));
#7268=CARTESIAN_POINT('',(0.0105553074712635,0.0178867871933931,-0.0127537976805566));
#7269=CARTESIAN_POINT('',(0.00983881834201557,0.0166726407920564,-0.0118880761068721));
#7270=CARTESIAN_POINT('',(0.00894496955528527,0.0151579446948707,-0.0108080538892337));
#7271=CARTESIAN_POINT('',(0.00840001669122616,0.0142344797994716,-0.0101495966540872));
#7272=CARTESIAN_POINT('',(0.00820395974983824,0.0139022461058591,-0.00991270440143249));
#7273=CARTESIAN_POINT('',(0.0109092903525529,0.018586633902162,-0.0131917856561071));
#7274=CARTESIAN_POINT('',(0.0108906482767206,0.0185548725842876,-0.0131692431936171));
#7275=CARTESIAN_POINT('',(0.0105241404744606,0.017930437252314,-0.0127260528290327));
#7276=CARTESIAN_POINT('',(0.009809766945773,0.0167133279062414,-0.011862214562354));
#7277=CARTESIAN_POINT('',(0.00891855745518391,0.0151949354172345,-0.0107845418453759));
#7278=CARTESIAN_POINT('',(0.00837521369102247,0.0142692169423267,-0.010127517030492));
#7279=CARTESIAN_POINT('',(0.00817973565328867,0.013936172481518,-0.00989114011770252));
#7280=CARTESIAN_POINT('',(0.0108732912176246,0.0186408231763174,-0.0131553852399583));
#7281=CARTESIAN_POINT('',(0.0108547106580396,0.018608969258418,-0.0131329049794352));
#7282=CARTESIAN_POINT('',(0.0104894122803525,0.0179827133871486,-0.0126909375208413));
#7283=CARTESIAN_POINT('',(0.00977739608456352,0.0167620555625091,-0.0118294828641766));
#7284=CARTESIAN_POINT('',(0.00888912746085618,0.0152392362048559,-0.0107547837958305));
#7285=CARTESIAN_POINT('',(0.00834757665525084,0.0143108188005728,-0.0100995719255552));
#7286=CARTESIAN_POINT('',(0.00815274366774748,0.0139768033496598,-0.00986384725335065));
#7287=CARTESIAN_POINT('',(0.0108093397283484,0.018729651368649,-0.0130993067290922));
#7288=CARTESIAN_POINT('',(0.0107908684507124,0.0186976456588509,-0.0130769222969702));
#7289=CARTESIAN_POINT('',(0.0104277185830593,0.0180684055214653,-0.0126368388483447));
#7290=CARTESIAN_POINT('',(0.00971989012538917,0.0168419309564924,-0.0117790563832155));
#7291=CARTESIAN_POINT('',(0.00883684587213476,0.0153118549831035,-0.010708938520382));
#7292=CARTESIAN_POINT('',(0.00829848020889744,0.0143790134373019,-0.0100565196740521));
#7293=CARTESIAN_POINT('',(0.00810479313567722,0.0140434063190878,-0.00982179984422588));
#7294=CARTESIAN_POINT('',(0.0107204176376905,0.0188425519205775,-0.0130335816364093));
#7295=CARTESIAN_POINT('',(0.0107020983124093,0.0188103532834135,-0.0130113095170156));
#7296=CARTESIAN_POINT('',(0.0103419358654743,0.0181773201464997,-0.0125734341642876));
#7297=CARTESIAN_POINT('',(0.00963993029688573,0.016943452509836,-0.0117199555782253));
#7298=CARTESIAN_POINT('',(0.00876415033017575,0.0154041533844253,-0.010655206976313));
#7299=CARTESIAN_POINT('',(0.00823021348511943,0.0144656887587645,-0.0100060616077351));
#7300=CARTESIAN_POINT('',(0.00803811976171677,0.0141280586328535,-0.00977251947249138));
#7301=CARTESIAN_POINT('',(0.0106039150967428,0.0189706075701758,-0.0129704000870391));
#7302=CARTESIAN_POINT('',(0.0105857948539988,0.0189381901082255,-0.0129482359339013));
#7303=CARTESIAN_POINT('',(0.0102295464187787,0.0183008548221173,-0.0125124832243567));
#7304=CARTESIAN_POINT('',(0.00953516979108255,0.0170586017118512,-0.0116631419584054));
#7305=CARTESIAN_POINT('',(0.0086689072326379,0.0155088413734232,-0.0106035548284688));
#7306=CARTESIAN_POINT('',(0.00814077286666934,0.0145639988591531,-0.00995755625493897));
#7307=CARTESIAN_POINT('',(0.00795076669317684,0.0142240741690409,-0.00972514623781596));
#7308=CARTESIAN_POINT('',(0.0104751254618304,0.0190911410314829,-0.0129248291399468));
#7309=CARTESIAN_POINT('',(0.0104572252981257,0.019058517598855,-0.0129027428596151));
#7310=CARTESIAN_POINT('',(0.0101053036710223,0.0184171328784962,-0.0124685211486163));
#7311=CARTESIAN_POINT('',(0.0094193605805204,0.0171669868704068,-0.0116221640069506));
#7312=CARTESIAN_POINT('',(0.00856361919634228,0.0156073798269064,-0.0105662996911688));
#7313=CARTESIAN_POINT('',(0.00804189927556281,0.0146565340711368,-0.00992257080605405));
#7314=CARTESIAN_POINT('',(0.00785420081818195,0.014314449603098,-0.00969097735160627));
#7315=CARTESIAN_POINT('',(0.0103254899264552,0.0192059979061347,-0.0129009565960601));
#7316=CARTESIAN_POINT('',(0.0103078454638005,0.0191731782031264,-0.0128789111097451));
#7317=CARTESIAN_POINT('',(0.0099609509823169,0.0185279347587496,-0.012445491419163));
#7318=CARTESIAN_POINT('',(0.00928480648200446,0.0172702675730045,-0.0116006975243139));
#7319=CARTESIAN_POINT('',(0.00844128923018933,0.0157012775601778,-0.0105467834213314));
#7320=CARTESIAN_POINT('',(0.00792702199720306,0.0147447112887197,-0.00990424352261596));
#7321=CARTESIAN_POINT('',(0.00774200478304565,0.01440056875863,-0.00967307782816759));
#7322=CARTESIAN_POINT('',(0.0101445482716983,0.0193109417684171,-0.012911272718185));
#7323=CARTESIAN_POINT('',(0.0101272130067952,0.0192779427346388,-0.0128892096034152));
#7324=CARTESIAN_POINT('',(0.00978639742926223,0.0186291736031566,-0.0124554433330717));
#7325=CARTESIAN_POINT('',(0.00912210153909931,0.0173646343739704,-0.0116099739071544));
#7326=CARTESIAN_POINT('',(0.00829336590137188,0.0157870712126601,-0.0105552170522012));
#7327=CARTESIAN_POINT('',(0.0077881105762744,0.0148252781490536,-0.00991216335282178));
#7328=CARTESIAN_POINT('',(0.00760633556380685,0.0144792551831511,-0.00968081280901614));
#7329=CARTESIAN_POINT('',(0.00995304099237581,0.0193816424283909,-0.0129687950760948));
#7330=CARTESIAN_POINT('',(0.00993603298003531,0.0193485225795071,-0.0129466336656409));
#7331=CARTESIAN_POINT('',(0.00960165126848195,0.0186973781932954,-0.0125109348779387));
#7332=CARTESIAN_POINT('',(0.00894989585771573,0.0174282092697557,-0.0116616987129879));
#7333=CARTESIAN_POINT('',(0.00813680496857722,0.0158448703799494,-0.0106022427007445));
#7334=CARTESIAN_POINT('',(0.00764108777865157,0.0148795560274711,-0.00995632406574968));
#7335=CARTESIAN_POINT('',(0.00746274428793877,0.0145322662123207,-0.00972394280800329));
#7336=CARTESIAN_POINT('',(0.00970476259245226,0.0194021438966403,-0.013125513292363));
#7337=CARTESIAN_POINT('',(0.00968817884462479,0.0193689890143205,-0.013103084077792));
#7338=CARTESIAN_POINT('',(0.00936213827789056,0.0187171558621278,-0.0126621201951878));
#7339=CARTESIAN_POINT('',(0.00872664089224958,0.0174466444400623,-0.0118026216445505));
#7340=CARTESIAN_POINT('',(0.00793383253837867,0.0158616307297604,-0.0107303628965495));
#7341=CARTESIAN_POINT('',(0.00745048100341451,0.0148952952893313,-0.0100766388165818));
#7342=CARTESIAN_POINT('',(0.0072765862873571,0.0145476381187752,-0.00984144940464726));
#7343=CARTESIAN_POINT('',(0.0094841683789785,0.0194021438966403,-0.0132857843698836));
#7344=CARTESIAN_POINT('',(0.00946796158821449,0.0193689890143205,-0.0132630812799748));
#7345=CARTESIAN_POINT('',(0.00914933209018947,0.0187171558621278,-0.0128167329407754));
#7346=CARTESIAN_POINT('',(0.00852827988490346,0.0174466444400623,-0.0119467393522854));
#7347=CARTESIAN_POINT('',(0.00775349247009123,0.0158616307297604,-0.0108613876256637));
#7348=CARTESIAN_POINT('',(0.00728112776254001,0.0148952952893313,-0.0101996811483327));
#7349=CARTESIAN_POINT('',(0.00711118576224978,0.0145476381187752,-0.00996161992029214));
#7350=CARTESIAN_POINT('',(0.00925839825326182,0.0193816424283909,-0.0134734825678312));
#7351=CARTESIAN_POINT('',(0.00924257726429318,0.0193485225795071,-0.013450458734416));
#7352=CARTESIAN_POINT('',(0.00893153272458519,0.0186973781932954,-0.0129978044988847));
#7353=CARTESIAN_POINT('',(0.00832526463413785,0.0174282092697557,-0.0121155198612373));
#7354=CARTESIAN_POINT('',(0.00756892099268097,0.0158448703799494,-0.0110148345602059));
#7355=CARTESIAN_POINT('',(0.00710780090196345,0.0148795560274711,-0.0103437796612907));
#7356=CARTESIAN_POINT('',(0.00694190436198529,0.0145322662123207,-0.0101023551644917));
#7357=CARTESIAN_POINT('',(0.00914451223608186,0.0193109417684171,-0.0136378414275982));
#7358=CARTESIAN_POINT('',(0.00912888585846739,0.0192779427346388,-0.0136145367335377));
#7359=CARTESIAN_POINT('',(0.00882166742591356,0.0186291736031566,-0.0131563607085473));
#7360=CARTESIAN_POINT('',(0.00822285693842039,0.0173646343739704,-0.0122633133526269));
#7361=CARTESIAN_POINT('',(0.00747581695431207,0.0157870712126601,-0.0111492011309662));
#7362=CARTESIAN_POINT('',(0.00702036902514313,0.0148252781490536,-0.0104699602402355));
#7363=CARTESIAN_POINT('',(0.00685651315091353,0.0144792551831511,-0.0102255906804347));
#7364=CARTESIAN_POINT('',(0.00907878697460192,0.0192059979061347,-0.0138067393103713));
#7365=CARTESIAN_POINT('',(0.00906327291000406,0.0191731782031264,-0.0137831459992664));
#7366=CARTESIAN_POINT('',(0.00875826257901867,0.0185279347587496,-0.0133192956920981));
#7367=CARTESIAN_POINT('',(0.00816375598164574,0.0172702675730045,-0.0124151883888662));
#7368=CARTESIAN_POINT('',(0.00742208527224819,0.0157012775601778,-0.011287278441487));
#7369=CARTESIAN_POINT('',(0.00696991082923819,0.0147447112887197,-0.0105996254901713));
#7370=CARTESIAN_POINT('',(0.00680723265261572,0.01440056875863,-0.0103522295349191));
#7371=CARTESIAN_POINT('',(0.00905525118963261,0.0190911410314829,-0.0139564281831192));
#7372=CARTESIAN_POINT('',(0.00903977734358921,0.019058517598855,-0.01393257907982));
#7373=CARTESIAN_POINT('',(0.00873555771929003,0.0184171328784962,-0.013463699835113));
#7374=CARTESIAN_POINT('',(0.00814259231673506,0.0171669868704068,-0.0125497904489982));
#7375=CARTESIAN_POINT('',(0.00740284430938827,0.0156073798269064,-0.0114096520119815));
#7376=CARTESIAN_POINT('',(0.00695184208029727,0.0146565340711368,-0.0107145437163727));
#7377=CARTESIAN_POINT('',(0.00678958562946205,0.014314449603098,-0.0104644655621717));
#7378=CARTESIAN_POINT('',(0.00905879354993116,0.0189706075701758,-0.0140929966017352));
#7379=CARTESIAN_POINT('',(0.00904331365061142,0.0189381901082255,-0.0140689141268111));
#7380=CARTESIAN_POINT('',(0.00873897501740827,0.0183008548221173,-0.0135954467384809));
#7381=CARTESIAN_POINT('',(0.00814577765032173,0.0170586017118512,-0.0126725944367445));
#7382=CARTESIAN_POINT('',(0.00740574025796316,0.0155088413734232,-0.0115212993555418));
#7383=CARTESIAN_POINT('',(0.00695456159948799,0.0145639988591531,-0.0108193891877453));
#7384=CARTESIAN_POINT('',(0.00679224167489622,0.0142240741690409,-0.010566863933355));
#7385=CARTESIAN_POINT('',(0.00908288150912866,0.0188425519205775,-0.0142233212749548));
#7386=CARTESIAN_POINT('',(0.00906736044768493,0.0188103532834135,-0.0141990160978785));
#7387=CARTESIAN_POINT('',(0.00876221255698647,0.0181773201464997,-0.0137211703303853));
#7388=CARTESIAN_POINT('',(0.00816743783703328,0.016943452509836,-0.0127897839724753));
#7389=CARTESIAN_POINT('',(0.00742543263401499,0.0154041533844253,-0.0116278423155672));
#7390=CARTESIAN_POINT('',(0.00697305426025143,0.0144656887587645,-0.0109194412490759));
#7391=CARTESIAN_POINT('',(0.00681030271574262,0.0141280586328535,-0.0106645807730015));
#7392=CARTESIAN_POINT('',(0.00911791134962013,0.018729651368649,-0.0143282013793134));
#7393=CARTESIAN_POINT('',(0.00910233042828435,0.0186976456588509,-0.0143037169804183));
#7394=CARTESIAN_POINT('',(0.00879600567736519,0.0180684055214653,-0.0138223476678267));
#7395=CARTESIAN_POINT('',(0.00819893709686264,0.0168419309564924,-0.0128840934415386));
#7396=CARTESIAN_POINT('',(0.00745407021125171,0.0153118549831035,-0.0117135838447042));
#7397=CARTESIAN_POINT('',(0.00699994715522419,0.0143790134373019,-0.0109999591615664));
#7398=CARTESIAN_POINT('',(0.00683656792878006,0.0140434063190878,-0.010743219392125));
#7399=CARTESIAN_POINT('',(0.00915148308580152,0.0186408231763174,-0.0144063520727932));
#7400=CARTESIAN_POINT('',(0.00913584479621983,0.018608969258418,-0.0143817341279838));
#7401=CARTESIAN_POINT('',(0.00882839217145661,0.0179827133871486,-0.0138977392698263));
#7402=CARTESIAN_POINT('',(0.00822912521151185,0.0167620555625091,-0.0129543674983207));
#7403=CARTESIAN_POINT('',(0.00748151575980052,0.0152392362048559,-0.0117774735595654));
#7404=CARTESIAN_POINT('',(0.00702572064327074,0.0143108188005728,-0.0110599565341583));
#7405=CARTESIAN_POINT('',(0.00686173986192248,0.0139768033496598,-0.0108018164220993));
#7406=CARTESIAN_POINT('',(0.0091749775943001,0.018586633902162,-0.0144518376318401));
#7407=CARTESIAN_POINT('',(0.00915929915669825,0.0185548725842876,-0.014427141960138));
#7408=CARTESIAN_POINT('',(0.00885105721197041,0.017930437252314,-0.0139416189721258));
#7409=CARTESIAN_POINT('',(0.00825025176011661,0.0167133279062414,-0.0129952686678036));
#7410=CARTESIAN_POINT('',(0.00750072297834127,0.0151949354172345,-0.0118146588904743));
#7411=CARTESIAN_POINT('',(0.00704375770369192,0.0142692169423267,-0.0110948764294551));
#7412=CARTESIAN_POINT('',(0.00687935593616854,0.013936172481518,-0.0108359212847459));
#7413=CARTESIAN_POINT('',(0.00919234659278341,0.0185413863907068,-0.0144914513921729));
#7414=CARTESIAN_POINT('',(0.00917663847459039,0.0185097023929432,-0.0144666880274587));
#7415=CARTESIAN_POINT('',(0.00886781300213015,0.0178867871933931,-0.0139798341781559));
#7416=CARTESIAN_POINT('',(0.00826587017540269,0.0166726407920564,-0.0130308898442644));
#7417=CARTESIAN_POINT('',(0.00751492247307523,0.0151579446948707,-0.0118470439115093));
#7418=CARTESIAN_POINT('',(0.00705709212501499,0.0142344797994716,-0.0111252884633427));
#7419=CARTESIAN_POINT('',(0.00689237913122197,0.0139022461058591,-0.0108656234997648));
#7420=CARTESIAN_POINT('',(0.00920836919254049,0.0184950414607136,-0.0145333102126154));
#7421=CARTESIAN_POINT('',(0.00919263369451706,0.0184634366583579,-0.0145084753184726));
#7422=CARTESIAN_POINT('',(0.0088832699278476,0.0178420784600323,-0.0140202151829871));
#7423=CARTESIAN_POINT('',(0.00828027789253212,0.0166309668657368,-0.0130685298061589));
#7424=CARTESIAN_POINT('',(0.00752802126061291,0.0151200568114664,-0.0118812643129339));
#7425=CARTESIAN_POINT('',(0.00706939289733973,0.014198900153166,-0.0111574240610517));
#7426=CARTESIAN_POINT('',(0.00690439280271259,0.0138674968908356,-0.0108970090505122));
#7427=CARTESIAN_POINT('',(0.00922670761965051,0.0184357429129587,-0.0145884399560223));
#7428=CARTESIAN_POINT('',(0.00921094078445136,0.018404239441486,-0.0145635108547566));
#7429=CARTESIAN_POINT('',(0.00890096092118901,0.0177848734332765,-0.014073398584032));
#7430=CARTESIAN_POINT('',(0.00829676802986348,0.0165776448883303,-0.0131181031438486));
#7431=CARTESIAN_POINT('',(0.0075430132821407,0.0150715790931117,-0.0119263339524957));
#7432=CARTESIAN_POINT('',(0.00708347156248112,0.0141533758346297,-0.0111997479306017));
#7433=CARTESIAN_POINT('',(0.00691814287088472,0.0138230351128846,-0.0109383450781665));
#7434=CARTESIAN_POINT('',(0.00924626251395612,0.0183636985897636,-0.0146573994241152));
#7435=CARTESIAN_POINT('',(0.00923046226285082,0.0183323182294826,-0.0146323524831374));
#7436=CARTESIAN_POINT('',(0.00891982543464358,0.017715372617624,-0.0141399234546515));
#7437=CARTESIAN_POINT('',(0.00831435202933439,0.0165128617541878,-0.0131801123386572));
#7438=CARTESIAN_POINT('',(0.00755899978930648,0.0150126814549546,-0.0119827096614914));
#7439=CARTESIAN_POINT('',(0.00709848412638052,0.014098066407299,-0.0112526890718338));
#7440=CARTESIAN_POINT('',(0.0069328050405565,0.0137690166112211,-0.0109900505696845));
#7441=CARTESIAN_POINT('',(0.00926598291100944,0.0182791444337082,-0.0147406798185403));
#7442=CARTESIAN_POINT('',(0.00925014896118264,0.018247908561743,-0.0147154905658834));
#7443=CARTESIAN_POINT('',(0.00893884960781105,0.0176338036257584,-0.0142202636547354));
#7444=CARTESIAN_POINT('',(0.00833208485089468,0.0164368296257546,-0.0132549990850963));
#7445=CARTESIAN_POINT('',(0.0075751215981937,0.0149435567846521,-0.012050793006839));
#7446=CARTESIAN_POINT('',(0.00711362374903752,0.0140331530075688,-0.0113166245870728));
#7447=CARTESIAN_POINT('',(0.00694759130342613,0.0137056182945049,-0.0110524938257978));
#7448=CARTESIAN_POINT('',(0.00928479122361031,0.0181823537215443,-0.0148387485854746));
#7449=CARTESIAN_POINT('',(0.00926892513365538,0.0181512832480365,-0.0148133917503874));
#7450=CARTESIAN_POINT('',(0.00895699389744881,0.0175404300864615,-0.0143148701273858));
#7451=CARTESIAN_POINT('',(0.00834899751499061,0.0163497942368192,-0.0133431837164697));
#7452=CARTESIAN_POINT('',(0.00759049776026703,0.0148644284912741,-0.0121309661348975));
#7453=CARTESIAN_POINT('',(0.00712806315179509,0.0139588454337962,-0.0113919133412398));
#7454=CARTESIAN_POINT('',(0.00696169368957479,0.0136330450643856,-0.0111260253354966));
#7455=CARTESIAN_POINT('',(0.00930161256997526,0.0180736300988038,-0.0149520361482119));
#7456=CARTESIAN_POINT('',(0.00928571773527118,0.0180427454150178,-0.0149264857244249));
#7457=CARTESIAN_POINT('',(0.00897322137021681,0.0174355449251324,-0.0144241580999053));
#7458=CARTESIAN_POINT('',(0.00836412347481216,0.0162520286291475,-0.013445053274653));
#7459=CARTESIAN_POINT('',(0.00760424953872201,0.0147755448109603,-0.0122235809250973));
#7460=CARTESIAN_POINT('',(0.00714097713298217,0.0138753767988726,-0.0114788857762744));
#7461=CARTESIAN_POINT('',(0.00697430625759261,0.0135515245928843,-0.0112109678281841));
#7462=CARTESIAN_POINT('',(0.00931537072846102,0.017953304957425,-0.0150809418734586));
#7463=CARTESIAN_POINT('',(0.009299452383462,0.0179226258883342,-0.0150551711722542));
#7464=CARTESIAN_POINT('',(0.00898649380021866,0.0173194678339967,-0.0145485128394545));
#7465=CARTESIAN_POINT('',(0.00837649497873099,0.0161438307944124,-0.0135609668750596));
#7466=CARTESIAN_POINT('',(0.00761549710139268,0.0146771766630781,-0.0123289638675035));
#7467=CARTESIAN_POINT('',(0.00715153946229869,0.0137830015169906,-0.0115778484915425));
#7468=CARTESIAN_POINT('',(0.00698462206144902,0.0134613053561497,-0.0113076207471768));
#7469=CARTESIAN_POINT('',(0.00932499144418985,0.0178217339670244,-0.01522583567318));
#7470=CARTESIAN_POINT('',(0.00930905665906444,0.0177912797298247,-0.0151998173737253));
#7471=CARTESIAN_POINT('',(0.00899577485888728,0.0171925419258403,-0.0146882911983456));
#7472=CARTESIAN_POINT('',(0.00838514604365835,0.0160255205550711,-0.0136912571470406));
#7473=CARTESIAN_POINT('',(0.0076233622239822,0.01456961481447,-0.0124474173723561));
#7474=CARTESIAN_POINT('',(0.00715892541935782,0.0136819926406536,-0.0116890854735967));
#7475=CARTESIAN_POINT('',(0.00699183562978519,0.013362654033622,-0.0114162614507624));
#7476=CARTESIAN_POINT('',(0.0093294044090603,0.0176792943389215,-0.0153870597244081));
#7477=CARTESIAN_POINT('',(0.00931346208294707,0.0176490835062204,-0.0153607659211496));
#7478=CARTESIAN_POINT('',(0.00900003202509192,0.0170551310946275,-0.0148438232731326));
#7479=CARTESIAN_POINT('',(0.00838911423549485,0.0158974371041429,-0.0138362317803569));
#7480=CARTESIAN_POINT('',(0.00762696990876031,0.0144531676427405,-0.0125792211760471));
#7481=CARTESIAN_POINT('',(0.00716231331376768,0.0135726397602298,-0.0118128594164959));
#7482=CARTESIAN_POINT('',(0.00699514445051697,0.0132558534566109,-0.0115371465017034));
#7483=CARTESIAN_POINT('',(0.0093275424692627,0.0175263819768523,-0.0155649323341913));
#7484=CARTESIAN_POINT('',(0.00931160332488006,0.0174964324447269,-0.0155383345776442));
#7485=CARTESIAN_POINT('',(0.00899823582063208,0.0169076172668082,-0.0150154161331099));
#7486=CARTESIAN_POINT('',(0.00838743995651874,0.0157599364430962,-0.0139961770005885));
#7487=CARTESIAN_POINT('',(0.0076254477366917,0.0143281588069088,-0.0127246355007913));
#7488=CARTESIAN_POINT('',(0.00716088387673001,0.0134552468165147,-0.0119494146889813));
#7489=CARTESIAN_POINT('',(0.00699374837663366,0.0131412004719139,-0.0116705145651583));
#7490=CARTESIAN_POINT('',(0.00931834697190521,0.0173634068559882,-0.0157597493894372));
#7491=CARTESIAN_POINT('',(0.00930242354102488,0.0173337358199394,-0.0157328187244973));
#7492=CARTESIAN_POINT('',(0.00898936496810223,0.0167503959434785,-0.0152033552189688));
#7493=CARTESIAN_POINT('',(0.00837917125313729,0.0156133872266055,-0.0141713588728517));
#7494=CARTESIAN_POINT('',(0.00761793023840708,0.0141949234696669,-0.0128839022399017));
#7495=CARTESIAN_POINT('',(0.00715382436571918,0.0133301285531404,-0.0120989784475403));
#7496=CARTESIAN_POINT('',(0.00698685363507357,0.0130190024770261,-0.0118165874957674));
#7497=CARTESIAN_POINT('',(0.00930076456710424,0.0171907904640905,-0.0159717896342236));
#7498=CARTESIAN_POINT('',(0.00928487118148927,0.0171614143993702,-0.0159444966294618));
#7499=CARTESIAN_POINT('',(0.00897240330588366,0.0165838737318756,-0.0154079094337944));
#7500=CARTESIAN_POINT('',(0.00836336094028743,0.0154581684616067,-0.0143620280472213));
#7501=CARTESIAN_POINT('',(0.00760355627984972,0.0140538062054734,-0.013057249272094));
#7502=CARTESIAN_POINT('',(0.00714032610940264,0.0131976085521142,-0.0122617646878723));
#7503=CARTESIAN_POINT('',(0.0069736704289462,0.0128895755015293,-0.0119755742945564));
#7504=CARTESIAN_POINT('',(0.00927374880681973,0.0170089628433864,-0.0162013169229938));
#7505=CARTESIAN_POINT('',(0.00925790158643051,0.0169798974903791,-0.0161736316960998));
#7506=CARTESIAN_POINT('',(0.00894634133053328,0.0164084654916889,-0.0156293333167121));
#7507=CARTESIAN_POINT('',(0.00833906803912803,0.0152946668473158,-0.0145684217848308));
#7508=CARTESIAN_POINT('',(0.00758147036935449,0.013905158582229,-0.0132448923035172));
#7509=CARTESIAN_POINT('',(0.007119585735089,0.0130580169628253,-0.0124379759746974));
#7510=CARTESIAN_POINT('',(0.00695341413633151,0.0127532419891044,-0.0121476727983712));
#7511=CARTESIAN_POINT('',(0.0092362577959141,0.0168183602295396,-0.0164485846526992));
#7512=CARTESIAN_POINT('',(0.00922047464112821,0.0167896205831793,-0.0164204768883515));
#7513=CARTESIAN_POINT('',(0.00891017393077128,0.0162245920573868,-0.015867871318555));
#7514=CARTESIAN_POINT('',(0.00830535566484332,0.0151232746521622,-0.0147907679433097));
#7515=CARTESIAN_POINT('',(0.00755082073734278,0.0137493372310902,-0.0134470384911173));
#7516=CARTESIAN_POINT('',(0.00709080336541326,0.0129116886894504,-0.0126278068443737));
#7517=CARTESIAN_POINT('',(0.00692530354905478,0.0126103290272427,-0.012333073003079));
#7518=CARTESIAN_POINT('',(0.00916884633472419,0.0165446999395586,-0.0168134714486506));
#7519=CARTESIAN_POINT('',(0.00915317837437633,0.0165164279309376,-0.0167847401563647));
#7520=CARTESIAN_POINT('',(0.00884514241504256,0.0159605932782757,-0.0162198758737339));
#7521=CARTESIAN_POINT('',(0.00824473845672288,0.014877195981573,-0.0151188786007582));
#7522=CARTESIAN_POINT('',(0.00749571055415662,0.0135256146111466,-0.0137453405574446));
#7523=CARTESIAN_POINT('',(0.00703905065057627,0.012701595884761,-0.0129079355044758));
#7524=CARTESIAN_POINT('',(0.00687475874598183,0.0124051398024163,-0.012606663441852));
#7525=CARTESIAN_POINT('',(0.00910212815427121,0.0163403959658174,-0.017097790612792));
#7526=CARTESIAN_POINT('',(0.00908657420366544,0.0163124730770793,-0.0170685734686086));
#7527=CARTESIAN_POINT('',(0.00878077970394071,0.0157635022073025,-0.0164941572180108));
#7528=CARTESIAN_POINT('',(0.00818474465509704,0.0146934833564867,-0.0153745418609987));
#7529=CARTESIAN_POINT('',(0.00744116714148305,0.0133585921312924,-0.0139777770147263));
#7530=CARTESIAN_POINT('',(0.00698783017698799,0.0125447488871369,-0.0131262112748682));
#7531=CARTESIAN_POINT('',(0.00682473376161188,0.0122519536240203,-0.0128198446414245));
#7532=CARTESIAN_POINT('',(0.0090504498962671,0.0162032924436954,-0.0172936073988947));
#7533=CARTESIAN_POINT('',(0.00903498425479725,0.0161756038409809,-0.0172640556379527));
#7534=CARTESIAN_POINT('',(0.00873092593443467,0.0156312390921295,-0.0166830607394685));
#7535=CARTESIAN_POINT('',(0.00813827493517935,0.0145701981971411,-0.0155506227034422));
#7536=CARTESIAN_POINT('',(0.00739891915849801,0.0132465073301882,-0.0141378610532941));
#7537=CARTESIAN_POINT('',(0.00694815606070939,0.0124394926093723,-0.0132765425406884));
#7538=CARTESIAN_POINT('',(0.00678598564181349,0.0121491540346932,-0.0129666671656248));
#7539=CARTESIAN_POINT('',(0.0127593674965427,0.0162601991330676,-0.0135929152015985));
#7540=CARTESIAN_POINT('',(0.0124190967579703,0.0164276359685177,-0.0135145613281047));
#7541=CARTESIAN_POINT('',(0.0119198669612859,0.0166824897374259,-0.0133713945648182));
#7542=CARTESIAN_POINT('',(0.0112862202337685,0.0170343674512732,-0.013115113732488));
#7543=CARTESIAN_POINT('',(0.010828753959588,0.0173083120200996,-0.0128811344023118));
#7544=CARTESIAN_POINT('',(0.0104071791065042,0.0175905396550888,-0.0125958253808018));
#7545=CARTESIAN_POINT('',(0.010063044214992,0.0178821288355248,-0.0122249526508457));
#7546=CARTESIAN_POINT('',(0.00962935379262763,0.0181052514119206,-0.0120808207761783));
#7547=CARTESIAN_POINT('',(0.0092569865367554,0.0181871667347268,-0.0121899986590612));
#7548=CARTESIAN_POINT('',(0.00894773819634431,0.0181886705285511,-0.0124173522756841));
#7549=CARTESIAN_POINT('',(0.00853889186130468,0.0181804520475921,-0.0127197493401999));
#7550=CARTESIAN_POINT('',(0.00850013443500021,0.01791084692119,-0.0133001078729227));
#7551=CARTESIAN_POINT('',(0.00874152675838633,0.0176170186504173,-0.0137496204551871));
#7552=CARTESIAN_POINT('',(0.008897355112709,0.0173300980892785,-0.0142391489640266));
#7553=CARTESIAN_POINT('',(0.00898120236455852,0.017053983145774,-0.0147495377366643));
#7554=CARTESIAN_POINT('',(0.0090345101241779,0.0166910610810676,-0.0154507398723949));
#7555=CARTESIAN_POINT('',(0.0090160024601852,0.0164309310674714,-0.0159806468582639));
#7556=CARTESIAN_POINT('',(0.00898476918402208,0.0162601991330757,-0.0163353214017662));
#7557=CARTESIAN_POINT('',(0.,0.0191902019685288,0.));
#7558=CARTESIAN_POINT('',(0.,0.0162601991330675,0.));
#7559=CARTESIAN_POINT('',(0.0168704919718259,0.0162601991330757,-0.00793443780098552));
#7560=CARTESIAN_POINT('',(0.0163353214017831,0.0162601991330675,-0.00898476918402059));
#7561=CARTESIAN_POINT('',(0.0168704919718308,0.0162601991330639,-0.00793443780099827));
#7562=CARTESIAN_POINT('',(0.0158783579799162,0.0153282330917327,-0.00745250509300749));
#7563=CARTESIAN_POINT('',(0.0148861756397594,0.0143962737752811,-0.00697065891069905));
#7564=CARTESIAN_POINT('',(0.0138939054149391,0.0134643259709999,-0.00648897147354688));
#7565=CARTESIAN_POINT('',(0.013416320897769,0.0134643259710072,-0.00742628386423049));
#7566=CARTESIAN_POINT('',(0.0143892560247545,0.0143962737752062,-0.00794591856730388));
#7567=CARTESIAN_POINT('',(0.0153622679227358,0.0153282330923184,-0.00846538886254341));
#7568=CARTESIAN_POINT('',(0.0163353214017831,0.0162601991330675,-0.00898476918402058));
#7569=CARTESIAN_POINT('',(0.0172936073988947,0.0162032924436954,-0.0090504498962671));
#7570=CARTESIAN_POINT('',(0.0172640556379527,0.0161756038409809,-0.00903498425479725));
#7571=CARTESIAN_POINT('',(0.0166830607394685,0.0156312390921295,-0.00873092593443467));
#7572=CARTESIAN_POINT('',(0.0155506227034422,0.0145701981971411,-0.00813827493517935));
#7573=CARTESIAN_POINT('',(0.0141378610532941,0.0132465073301882,-0.00739891915849795));
#7574=CARTESIAN_POINT('',(0.0132765425406882,0.0124394926093721,-0.00694815606070929));
#7575=CARTESIAN_POINT('',(0.0129666671656245,0.0121491540346929,-0.00678598564181335));
#7576=CARTESIAN_POINT('',(0.0170977906127921,0.0163403959658174,-0.00910212815427121));
#7577=CARTESIAN_POINT('',(0.0170685734686086,0.0163124730770794,-0.00908657420366544));
#7578=CARTESIAN_POINT('',(0.0164941572180109,0.0157635022073025,-0.00878077970394072));
#7579=CARTESIAN_POINT('',(0.0153745418609987,0.0146934833564867,-0.00818474465509705));
#7580=CARTESIAN_POINT('',(0.0139777770147262,0.0133585921312923,-0.007441167141483));
#7581=CARTESIAN_POINT('',(0.013126211274868,0.0125447488871368,-0.0069878301769879));
#7582=CARTESIAN_POINT('',(0.0128198446414242,0.0122519536240201,-0.00682473376161174));
#7583=CARTESIAN_POINT('',(0.0168134714486506,0.0165446999395586,-0.00916884633472418));
#7584=CARTESIAN_POINT('',(0.0167847401563647,0.0165164279309376,-0.00915317837437632));
#7585=CARTESIAN_POINT('',(0.0162198758737339,0.0159605932782757,-0.00884514241504255));
#7586=CARTESIAN_POINT('',(0.0151188786007582,0.014877195981573,-0.00824473845672288));
#7587=CARTESIAN_POINT('',(0.0137453405574445,0.0135256146111466,-0.00749571055415657));
#7588=CARTESIAN_POINT('',(0.0129079355044757,0.0127015958847609,-0.00703905065057617));
#7589=CARTESIAN_POINT('',(0.0126066634418518,0.012405139802416,-0.00687475874598169));
#7590=CARTESIAN_POINT('',(0.0164485846526992,0.0168183602295396,-0.00923625779591409));
#7591=CARTESIAN_POINT('',(0.0164204768883515,0.0167896205831793,-0.0092204746411282));
#7592=CARTESIAN_POINT('',(0.015867871318555,0.0162245920573868,-0.00891017393077128));
#7593=CARTESIAN_POINT('',(0.0147907679433097,0.0151232746521622,-0.00830535566484332));
#7594=CARTESIAN_POINT('',(0.0134470384911172,0.0137493372310901,-0.00755082073734273));
#7595=CARTESIAN_POINT('',(0.0126278068443736,0.0129116886894502,-0.00709080336541317));
#7596=CARTESIAN_POINT('',(0.0123330730030787,0.0126103290272425,-0.00692530354905464));
#7597=CARTESIAN_POINT('',(0.0162013169229938,0.0170089628433864,-0.00927374880681973));
#7598=CARTESIAN_POINT('',(0.0161736316960998,0.0169798974903791,-0.00925790158643051));
#7599=CARTESIAN_POINT('',(0.0156293333167122,0.0164084654916889,-0.00894634133053327));
#7600=CARTESIAN_POINT('',(0.0145684217848308,0.0152946668473158,-0.00833906803912802));
#7601=CARTESIAN_POINT('',(0.0132448923035171,0.0139051585822289,-0.00758147036935445));
#7602=CARTESIAN_POINT('',(0.0124379759746972,0.0130580169628251,-0.0071195857350889));
#7603=CARTESIAN_POINT('',(0.012147672798371,0.0127532419891042,-0.00695341413633137));
#7604=CARTESIAN_POINT('',(0.0159717896342236,0.0171907904640905,-0.00930076456710424));
#7605=CARTESIAN_POINT('',(0.0159444966294618,0.0171614143993702,-0.00928487118148927));
#7606=CARTESIAN_POINT('',(0.0154079094337944,0.0165838737318756,-0.00897240330588367));
#7607=CARTESIAN_POINT('',(0.0143620280472213,0.0154581684616067,-0.00836336094028743));
#7608=CARTESIAN_POINT('',(0.0130572492720939,0.0140538062054733,-0.00760355627984967));
#7609=CARTESIAN_POINT('',(0.0122617646878722,0.013197608552114,-0.00714032610940255));
#7610=CARTESIAN_POINT('',(0.0119755742945561,0.012889575501529,-0.00697367042894605));
#7611=CARTESIAN_POINT('',(0.0157597493894372,0.0173634068559882,-0.00931834697190522));
#7612=CARTESIAN_POINT('',(0.0157328187244973,0.0173337358199394,-0.00930242354102488));
#7613=CARTESIAN_POINT('',(0.0152033552189688,0.0167503959434785,-0.00898936496810224));
#7614=CARTESIAN_POINT('',(0.0141713588728517,0.0156133872266055,-0.00837917125313729));
#7615=CARTESIAN_POINT('',(0.0128839022399016,0.0141949234696668,-0.00761793023840703));
#7616=CARTESIAN_POINT('',(0.0120989784475401,0.0133301285531403,-0.00715382436571908));
#7617=CARTESIAN_POINT('',(0.0118165874957672,0.0130190024770258,-0.00698685363507343));
#7618=CARTESIAN_POINT('',(0.0155649323341914,0.0175263819768523,-0.0093275424692627));
#7619=CARTESIAN_POINT('',(0.0155383345776442,0.0174964324447269,-0.00931160332488007));
#7620=CARTESIAN_POINT('',(0.0150154161331099,0.0169076172668082,-0.00899823582063208));
#7621=CARTESIAN_POINT('',(0.0139961770005885,0.0157599364430962,-0.00838743995651874));
#7622=CARTESIAN_POINT('',(0.0127246355007912,0.0143281588069087,-0.00762544773669165));
#7623=CARTESIAN_POINT('',(0.0119494146889811,0.0134552468165146,-0.00716088387672991));
#7624=CARTESIAN_POINT('',(0.0116705145651581,0.0131412004719136,-0.00699374837663351));
#7625=CARTESIAN_POINT('',(0.0153870597244081,0.0176792943389215,-0.0093294044090603));
#7626=CARTESIAN_POINT('',(0.0153607659211497,0.0176490835062204,-0.00931346208294707));
#7627=CARTESIAN_POINT('',(0.0148438232731326,0.0170551310946275,-0.00900003202509192));
#7628=CARTESIAN_POINT('',(0.0138362317803569,0.0158974371041429,-0.00838911423549485));
#7629=CARTESIAN_POINT('',(0.012579221176047,0.0144531676427404,-0.00762696990876026));
#7630=CARTESIAN_POINT('',(0.0118128594164958,0.0135726397602296,-0.00716231331376758));
#7631=CARTESIAN_POINT('',(0.0115371465017032,0.0132558534566106,-0.00699514445051683));
#7632=CARTESIAN_POINT('',(0.01522583567318,0.0178217339670244,-0.00932499144418985));
#7633=CARTESIAN_POINT('',(0.0151998173737253,0.0177912797298247,-0.00930905665906444));
#7634=CARTESIAN_POINT('',(0.0146882911983456,0.0171925419258403,-0.00899577485888728));
#7635=CARTESIAN_POINT('',(0.0136912571470406,0.0160255205550711,-0.00838514604365835));
#7636=CARTESIAN_POINT('',(0.012447417372356,0.0145696148144699,-0.00762336222398216));
#7637=CARTESIAN_POINT('',(0.0116890854735965,0.0136819926406534,-0.00715892541935772));
#7638=CARTESIAN_POINT('',(0.0114162614507622,0.0133626540336217,-0.00699183562978505));
#7639=CARTESIAN_POINT('',(0.0150809418734586,0.017953304957425,-0.00931537072846102));
#7640=CARTESIAN_POINT('',(0.0150551711722542,0.0179226258883342,-0.009299452383462));
#7641=CARTESIAN_POINT('',(0.0145485128394545,0.0173194678339967,-0.00898649380021866));
#7642=CARTESIAN_POINT('',(0.0135609668750596,0.0161438307944124,-0.00837649497873099));
#7643=CARTESIAN_POINT('',(0.0123289638675034,0.014677176663078,-0.00761549710139263));
#7644=CARTESIAN_POINT('',(0.0115778484915424,0.0137830015169904,-0.00715153946229859));
#7645=CARTESIAN_POINT('',(0.0113076207471766,0.0134613053561495,-0.00698462206144888));
#7646=CARTESIAN_POINT('',(0.0149520361482119,0.0180736300988038,-0.00930161256997526));
#7647=CARTESIAN_POINT('',(0.0149264857244249,0.0180427454150178,-0.00928571773527118));
#7648=CARTESIAN_POINT('',(0.0144241580999053,0.0174355449251324,-0.00897322137021681));
#7649=CARTESIAN_POINT('',(0.013445053274653,0.0162520286291475,-0.00836412347481215));
#7650=CARTESIAN_POINT('',(0.0122235809250973,0.0147755448109602,-0.00760424953872196));
#7651=CARTESIAN_POINT('',(0.0114788857762742,0.0138753767988724,-0.00714097713298207));
#7652=CARTESIAN_POINT('',(0.0112109678281838,0.013551524592884,-0.00697430625759246));
#7653=CARTESIAN_POINT('',(0.0148387485854746,0.0181823537215443,-0.00928479122361031));
#7654=CARTESIAN_POINT('',(0.0148133917503874,0.0181512832480365,-0.00926892513365538));
#7655=CARTESIAN_POINT('',(0.0143148701273858,0.0175404300864615,-0.00895699389744881));
#7656=CARTESIAN_POINT('',(0.0133431837164697,0.0163497942368192,-0.00834899751499061));
#7657=CARTESIAN_POINT('',(0.0121309661348974,0.014864428491274,-0.00759049776026698));
#7658=CARTESIAN_POINT('',(0.0113919133412397,0.0139588454337961,-0.007128063151795));
#7659=CARTESIAN_POINT('',(0.0111260253354964,0.0136330450643854,-0.00696169368957465));
#7660=CARTESIAN_POINT('',(0.0147406798185403,0.0182791444337082,-0.00926598291100944));
#7661=CARTESIAN_POINT('',(0.0147154905658834,0.018247908561743,-0.00925014896118264));
#7662=CARTESIAN_POINT('',(0.0142202636547354,0.0176338036257584,-0.00893884960781105));
#7663=CARTESIAN_POINT('',(0.0132549990850963,0.0164368296257546,-0.00833208485089467));
#7664=CARTESIAN_POINT('',(0.0120507930068389,0.014943556784652,-0.00757512159819365));
#7665=CARTESIAN_POINT('',(0.0113166245870727,0.0140331530075687,-0.00711362374903743));
#7666=CARTESIAN_POINT('',(0.0110524938257975,0.0137056182945047,-0.00694759130342599));
#7667=CARTESIAN_POINT('',(0.0146573994241152,0.0183636985897636,-0.00924626251395613));
#7668=CARTESIAN_POINT('',(0.0146323524831375,0.0183323182294826,-0.00923046226285082));
#7669=CARTESIAN_POINT('',(0.0141399234546515,0.017715372617624,-0.00891982543464358));
#7670=CARTESIAN_POINT('',(0.0131801123386572,0.0165128617541878,-0.00831435202933439));
#7671=CARTESIAN_POINT('',(0.0119827096614913,0.0150126814549545,-0.00755899978930643));
#7672=CARTESIAN_POINT('',(0.0112526890718337,0.0140980664072988,-0.00709848412638043));
#7673=CARTESIAN_POINT('',(0.0109900505696842,0.0137690166112209,-0.00693280504055636));
#7674=CARTESIAN_POINT('',(0.0145884399560223,0.0184357429129587,-0.00922670761965051));
#7675=CARTESIAN_POINT('',(0.0145635108547566,0.018404239441486,-0.00921094078445135));
#7676=CARTESIAN_POINT('',(0.014073398584032,0.0177848734332765,-0.00890096092118901));
#7677=CARTESIAN_POINT('',(0.0131181031438486,0.0165776448883303,-0.00829676802986348));
#7678=CARTESIAN_POINT('',(0.0119263339524956,0.0150715790931116,-0.00754301328214065));
#7679=CARTESIAN_POINT('',(0.0111997479306015,0.0141533758346296,-0.00708347156248102));
#7680=CARTESIAN_POINT('',(0.0109383450781663,0.0138230351128843,-0.00691814287088457));
#7681=CARTESIAN_POINT('',(0.0145333102126154,0.0184950414607136,-0.00920836919254049));
#7682=CARTESIAN_POINT('',(0.0145084753184726,0.0184634366583579,-0.00919263369451706));
#7683=CARTESIAN_POINT('',(0.0140202151829871,0.0178420784600323,-0.0088832699278476));
#7684=CARTESIAN_POINT('',(0.0130685298061589,0.0166309668657368,-0.00828027789253211));
#7685=CARTESIAN_POINT('',(0.0118812643129338,0.0151200568114663,-0.00752802126061286));
#7686=CARTESIAN_POINT('',(0.0111574240610515,0.0141989001531659,-0.00706939289733964));
#7687=CARTESIAN_POINT('',(0.0108970090505119,0.0138674968908354,-0.00690439280271245));
#7688=CARTESIAN_POINT('',(0.0144914513921729,0.0185413863907068,-0.00919234659278342));
#7689=CARTESIAN_POINT('',(0.0144666880274587,0.0185097023929433,-0.00917663847459039));
#7690=CARTESIAN_POINT('',(0.0139798341781559,0.0178867871933931,-0.00886781300213015));
#7691=CARTESIAN_POINT('',(0.0130308898442644,0.0166726407920564,-0.00826587017540269));
#7692=CARTESIAN_POINT('',(0.0118470439115092,0.0151579446948706,-0.00751492247307518));
#7693=CARTESIAN_POINT('',(0.0111252884633426,0.0142344797994714,-0.0070570921250149));
#7694=CARTESIAN_POINT('',(0.0108656234997646,0.0139022461058589,-0.00689237913122183));
#7695=CARTESIAN_POINT('',(0.0144518376318401,0.018586633902162,-0.00917497759430011));
#7696=CARTESIAN_POINT('',(0.014427141960138,0.0185548725842876,-0.00915929915669825));
#7697=CARTESIAN_POINT('',(0.0139416189721258,0.017930437252314,-0.00885105721197041));
#7698=CARTESIAN_POINT('',(0.0129952686678036,0.0167133279062414,-0.0082502517601166));
#7699=CARTESIAN_POINT('',(0.0118146588904742,0.0151949354172344,-0.00750072297834123));
#7700=CARTESIAN_POINT('',(0.0110948764294549,0.0142692169423265,-0.00704375770369182));
#7701=CARTESIAN_POINT('',(0.0108359212847457,0.0139361724815178,-0.0068793559361684));
#7702=CARTESIAN_POINT('',(0.0144063520727932,0.0186408231763174,-0.00915148308580153));
#7703=CARTESIAN_POINT('',(0.0143817341279838,0.018608969258418,-0.00913584479621983));
#7704=CARTESIAN_POINT('',(0.0138977392698263,0.0179827133871486,-0.00882839217145661));
#7705=CARTESIAN_POINT('',(0.0129543674983207,0.0167620555625091,-0.00822912521151184));
#7706=CARTESIAN_POINT('',(0.0117774735595653,0.0152392362048558,-0.00748151575980048));
#7707=CARTESIAN_POINT('',(0.0110599565341581,0.0143108188005726,-0.00702572064327064));
#7708=CARTESIAN_POINT('',(0.0108018164220991,0.0139768033496595,-0.00686173986192234));
#7709=CARTESIAN_POINT('',(0.0143282013793134,0.018729651368649,-0.00911791134962013));
#7710=CARTESIAN_POINT('',(0.0143037169804183,0.0186976456588509,-0.00910233042828436));
#7711=CARTESIAN_POINT('',(0.0138223476678267,0.0180684055214653,-0.00879600567736519));
#7712=CARTESIAN_POINT('',(0.0128840934415386,0.0168419309564924,-0.00819893709686263));
#7713=CARTESIAN_POINT('',(0.0117135838447042,0.0153118549831034,-0.00745407021125166));
#7714=CARTESIAN_POINT('',(0.0109999591615662,0.0143790134373018,-0.0069999471552241));
#7715=CARTESIAN_POINT('',(0.0107432193921248,0.0140434063190875,-0.00683656792877992));
#7716=CARTESIAN_POINT('',(0.0142233212749548,0.0188425519205775,-0.00908288150912866));
#7717=CARTESIAN_POINT('',(0.0141990160978785,0.0188103532834135,-0.00906736044768493));
#7718=CARTESIAN_POINT('',(0.0137211703303853,0.0181773201464997,-0.00876221255698647));
#7719=CARTESIAN_POINT('',(0.0127897839724753,0.016943452509836,-0.00816743783703327));
#7720=CARTESIAN_POINT('',(0.0116278423155671,0.0154041533844252,-0.00742543263401493));
#7721=CARTESIAN_POINT('',(0.0109194412490758,0.0144656887587643,-0.00697305426025134));
#7722=CARTESIAN_POINT('',(0.0106645807730013,0.0141280586328532,-0.00681030271574247));
#7723=CARTESIAN_POINT('',(0.0140929966017352,0.0189706075701758,-0.00905879354993117));
#7724=CARTESIAN_POINT('',(0.0140689141268112,0.0189381901082255,-0.00904331365061142));
#7725=CARTESIAN_POINT('',(0.0135954467384809,0.0183008548221173,-0.00873897501740827));
#7726=CARTESIAN_POINT('',(0.0126725944367445,0.0170586017118512,-0.00814577765032173));
#7727=CARTESIAN_POINT('',(0.0115212993555418,0.0155088413734231,-0.00740574025796311));
#7728=CARTESIAN_POINT('',(0.0108193891877452,0.0145639988591529,-0.0069545615994879));
#7729=CARTESIAN_POINT('',(0.0105668639333548,0.0142240741690406,-0.00679224167489607));
#7730=CARTESIAN_POINT('',(0.0139564281831192,0.0190911410314829,-0.0090552511896326));
#7731=CARTESIAN_POINT('',(0.01393257907982,0.019058517598855,-0.00903977734358921));
#7732=CARTESIAN_POINT('',(0.013463699835113,0.0184171328784962,-0.00873555771929002));
#7733=CARTESIAN_POINT('',(0.0125497904489982,0.0171669868704068,-0.00814259231673506));
#7734=CARTESIAN_POINT('',(0.0114096520119814,0.0156073798269063,-0.00740284430938823));
#7735=CARTESIAN_POINT('',(0.0107145437163726,0.0146565340711366,-0.00695184208029718));
#7736=CARTESIAN_POINT('',(0.0104644655621715,0.0143144496030977,-0.00678958562946192));
#7737=CARTESIAN_POINT('',(0.0138067393103713,0.0192059979061347,-0.00907878697460192));
#7738=CARTESIAN_POINT('',(0.0137831459992664,0.0191731782031264,-0.00906327291000406));
#7739=CARTESIAN_POINT('',(0.0133192956920981,0.0185279347587496,-0.00875826257901867));
#7740=CARTESIAN_POINT('',(0.0124151883888662,0.0172702675730045,-0.00816375598164574));
#7741=CARTESIAN_POINT('',(0.0112872784414869,0.0157012775601777,-0.00742208527224814));
#7742=CARTESIAN_POINT('',(0.0105996254901712,0.0147447112887195,-0.00696991082923809));
#7743=CARTESIAN_POINT('',(0.0103522295349189,0.0144005687586297,-0.00680723265261558));
#7744=CARTESIAN_POINT('',(0.0136378414275982,0.0193109417684171,-0.00914451223608187));
#7745=CARTESIAN_POINT('',(0.0136145367335377,0.0192779427346389,-0.00912888585846739));
#7746=CARTESIAN_POINT('',(0.0131563607085473,0.0186291736031566,-0.00882166742591357));
#7747=CARTESIAN_POINT('',(0.0122633133526269,0.0173646343739704,-0.00822285693842039));
#7748=CARTESIAN_POINT('',(0.0111492011309661,0.01578707121266,-0.00747581695431203));
#7749=CARTESIAN_POINT('',(0.0104699602402353,0.0148252781490534,-0.00702036902514303));
#7750=CARTESIAN_POINT('',(0.0102255906804345,0.0144792551831508,-0.00685651315091339));
#7751=CARTESIAN_POINT('',(0.0134734825678312,0.0193816424283909,-0.00925839825326182));
#7752=CARTESIAN_POINT('',(0.013450458734416,0.0193485225795071,-0.00924257726429318));
#7753=CARTESIAN_POINT('',(0.0129978044988847,0.0186973781932954,-0.0089315327245852));
#7754=CARTESIAN_POINT('',(0.0121155198612373,0.0174282092697557,-0.00832526463413785));
#7755=CARTESIAN_POINT('',(0.0110148345602059,0.0158448703799493,-0.00756892099268092));
#7756=CARTESIAN_POINT('',(0.0103437796612906,0.0148795560274709,-0.00710780090196335));
#7757=CARTESIAN_POINT('',(0.0101023551644915,0.0145322662123204,-0.00694190436198514));
#7758=CARTESIAN_POINT('',(0.0132857843698836,0.0194021438966403,-0.0094841683789785));
#7759=CARTESIAN_POINT('',(0.0132630812799748,0.0193689890143205,-0.00946796158821449));
#7760=CARTESIAN_POINT('',(0.0128167329407754,0.0187171558621278,-0.00914933209018948));
#7761=CARTESIAN_POINT('',(0.0119467393522854,0.0174466444400623,-0.00852827988490346));
#7762=CARTESIAN_POINT('',(0.0108613876256637,0.0158616307297603,-0.00775349247009118));
#7763=CARTESIAN_POINT('',(0.0101996811483325,0.0148952952893311,-0.00728112776253991));
#7764=CARTESIAN_POINT('',(0.00996161992029195,0.0145476381187749,-0.00711118576224964));
#7765=CARTESIAN_POINT('',(0.013125513292363,0.0194021438966403,-0.00970476259245225));
#7766=CARTESIAN_POINT('',(0.013103084077792,0.0193689890143205,-0.00968817884462478));
#7767=CARTESIAN_POINT('',(0.0126621201951878,0.0187171558621278,-0.00936213827789055));
#7768=CARTESIAN_POINT('',(0.0118026216445505,0.0174466444400623,-0.00872664089224958));
#7769=CARTESIAN_POINT('',(0.0107303628965495,0.0158616307297603,-0.00793383253837862));
#7770=CARTESIAN_POINT('',(0.0100766388165817,0.0148952952893311,-0.00745048100341441));
#7771=CARTESIAN_POINT('',(0.00984144940464706,0.0145476381187749,-0.00727658628735696));
#7772=CARTESIAN_POINT('',(0.0129687950760948,0.0193816424283909,-0.00995304099237581));
#7773=CARTESIAN_POINT('',(0.012946633665641,0.0193485225795071,-0.00993603298003531));
#7774=CARTESIAN_POINT('',(0.0125109348779387,0.0186973781932954,-0.00960165126848195));
#7775=CARTESIAN_POINT('',(0.0116616987129879,0.0174282092697557,-0.00894989585771573));
#7776=CARTESIAN_POINT('',(0.0106022427007445,0.0158448703799493,-0.00813680496857717));
#7777=CARTESIAN_POINT('',(0.00995632406574955,0.0148795560274709,-0.00764108777865147));
#7778=CARTESIAN_POINT('',(0.0097239428080031,0.0145322662123204,-0.00746274428793862));
#7779=CARTESIAN_POINT('',(0.012911272718185,0.0193109417684171,-0.0101445482716983));
#7780=CARTESIAN_POINT('',(0.0128892096034152,0.0192779427346389,-0.0101272130067952));
#7781=CARTESIAN_POINT('',(0.0124554433330717,0.0186291736031566,-0.00978639742926223));
#7782=CARTESIAN_POINT('',(0.0116099739071544,0.0173646343739704,-0.0091221015390993));
#7783=CARTESIAN_POINT('',(0.0105552170522011,0.01578707121266,-0.00829336590137183));
#7784=CARTESIAN_POINT('',(0.00991216335282165,0.0148252781490534,-0.0077881105762743));
#7785=CARTESIAN_POINT('',(0.00968081280901594,0.0144792551831508,-0.0076063355638067));
#7786=CARTESIAN_POINT('',(0.0129009565960601,0.0192059979061347,-0.0103254899264552));
#7787=CARTESIAN_POINT('',(0.0128789111097451,0.0191731782031264,-0.0103078454638005));
#7788=CARTESIAN_POINT('',(0.012445491419163,0.0185279347587496,-0.0099609509823169));
#7789=CARTESIAN_POINT('',(0.0116006975243139,0.0172702675730045,-0.00928480648200446));
#7790=CARTESIAN_POINT('',(0.0105467834213313,0.0157012775601777,-0.00844128923018927));
#7791=CARTESIAN_POINT('',(0.00990424352261583,0.0147447112887195,-0.00792702199720295));
#7792=CARTESIAN_POINT('',(0.00967307782816739,0.0144005687586297,-0.00774200478304549));
#7793=CARTESIAN_POINT('',(0.0129248291399468,0.0190911410314829,-0.0104751254618304));
#7794=CARTESIAN_POINT('',(0.0129027428596151,0.019058517598855,-0.0104572252981257));
#7795=CARTESIAN_POINT('',(0.0124685211486163,0.0184171328784962,-0.0101053036710223));
#7796=CARTESIAN_POINT('',(0.0116221640069506,0.0171669868704068,-0.0094193605805204));
#7797=CARTESIAN_POINT('',(0.0105662996911688,0.0156073798269063,-0.00856361919634223));
#7798=CARTESIAN_POINT('',(0.00992257080605392,0.0146565340711366,-0.0080418992755627));
#7799=CARTESIAN_POINT('',(0.00969097735160608,0.0143144496030977,-0.00785420081818179));
#7800=CARTESIAN_POINT('',(0.0129704000870391,0.0189706075701758,-0.0106039150967428));
#7801=CARTESIAN_POINT('',(0.0129482359339013,0.0189381901082255,-0.0105857948539988));
#7802=CARTESIAN_POINT('',(0.0125124832243568,0.0183008548221173,-0.0102295464187787));
#7803=CARTESIAN_POINT('',(0.0116631419584054,0.0170586017118512,-0.00953516979108255));
#7804=CARTESIAN_POINT('',(0.0106035548284687,0.0155088413734231,-0.00866890723263785));
#7805=CARTESIAN_POINT('',(0.00995755625493884,0.0145639988591529,-0.00814077286666923));
#7806=CARTESIAN_POINT('',(0.00972514623781576,0.0142240741690406,-0.00795076669317668));
#7807=CARTESIAN_POINT('',(0.0130335816364094,0.0188425519205775,-0.0107204176376905));
#7808=CARTESIAN_POINT('',(0.0130113095170156,0.0188103532834135,-0.0107020983124093));
#7809=CARTESIAN_POINT('',(0.0125734341642876,0.0181773201464997,-0.0103419358654743));
#7810=CARTESIAN_POINT('',(0.0117199555782253,0.016943452509836,-0.00963993029688573));
#7811=CARTESIAN_POINT('',(0.010655206976313,0.0154041533844252,-0.0087641503301757));
#7812=CARTESIAN_POINT('',(0.0100060616077349,0.0144656887587643,-0.00823021348511932));
#7813=CARTESIAN_POINT('',(0.00977251947249118,0.0141280586328532,-0.00803811976171661));
#7814=CARTESIAN_POINT('',(0.0130993067290922,0.018729651368649,-0.0108093397283484));
#7815=CARTESIAN_POINT('',(0.0130769222969702,0.0186976456588509,-0.0107908684507124));
#7816=CARTESIAN_POINT('',(0.0126368388483447,0.0180684055214653,-0.0104277185830593));
#7817=CARTESIAN_POINT('',(0.0117790563832155,0.0168419309564924,-0.00971989012538917));
#7818=CARTESIAN_POINT('',(0.0107089385203819,0.0153118549831034,-0.0088368458721347));
#7819=CARTESIAN_POINT('',(0.010056519674052,0.0143790134373018,-0.00829848020889734));
#7820=CARTESIAN_POINT('',(0.00982179984422568,0.0140434063190875,-0.00810479313567706));
#7821=CARTESIAN_POINT('',(0.0131553852399583,0.0186408231763174,-0.0108732912176246));
#7822=CARTESIAN_POINT('',(0.0131329049794352,0.018608969258418,-0.0108547106580396));
#7823=CARTESIAN_POINT('',(0.0126909375208413,0.0179827133871486,-0.0104894122803525));
#7824=CARTESIAN_POINT('',(0.0118294828641766,0.0167620555625091,-0.00977739608456352));
#7825=CARTESIAN_POINT('',(0.0107547837958304,0.0152392362048558,-0.00888912746085612));
#7826=CARTESIAN_POINT('',(0.010099571925555,0.0143108188005726,-0.00834757665525072));
#7827=CARTESIAN_POINT('',(0.00986384725335046,0.0139768033496595,-0.00815274366774731));
#7828=CARTESIAN_POINT('',(0.0131917856561071,0.018586633902162,-0.010909290352553));
#7829=CARTESIAN_POINT('',(0.0131692431936171,0.0185548725842876,-0.0108906482767206));
#7830=CARTESIAN_POINT('',(0.0127260528290328,0.017930437252314,-0.0105241404744606));
#7831=CARTESIAN_POINT('',(0.011862214562354,0.0167133279062414,-0.009809766945773));
#7832=CARTESIAN_POINT('',(0.0107845418453758,0.0151949354172344,-0.00891855745518386));
#7833=CARTESIAN_POINT('',(0.0101275170304919,0.0142692169423265,-0.00837521369102236));
#7834=CARTESIAN_POINT('',(0.00989114011770233,0.0139361724815178,-0.0081797356532885));
#7835=CARTESIAN_POINT('',(0.0132205458804502,0.0185413863907068,-0.0109415979617458));
#7836=CARTESIAN_POINT('',(0.0131979542717493,0.0185097023929433,-0.0109229006778403));
#7837=CARTESIAN_POINT('',(0.0127537976805567,0.0178867871933931,-0.0105553074712635));
#7838=CARTESIAN_POINT('',(0.0118880761068721,0.0166726407920564,-0.00983881834201557));
#7839=CARTESIAN_POINT('',(0.0108080538892336,0.0151579446948706,-0.00894496955528521));
#7840=CARTESIAN_POINT('',(0.010149596654087,0.0142344797994714,-0.00840001669122605));
#7841=CARTESIAN_POINT('',(0.0099127044014323,0.0139022461058589,-0.00820395974983807));
#7842=CARTESIAN_POINT('',(0.0132487193652383,0.0184950414607136,-0.0109764568100731));
#7843=CARTESIAN_POINT('',(0.0132260796129624,0.0184634366583579,-0.0109576999584712));
#7844=CARTESIAN_POINT('',(0.0127809765072249,0.0178420784600323,-0.0105889356363153));
#7845=CARTESIAN_POINT('',(0.011913410048026,0.0166309668657368,-0.00987016384360524));
#7846=CARTESIAN_POINT('',(0.0108310862620715,0.0151200568114663,-0.00897346734309551));
#7847=CARTESIAN_POINT('',(0.0101712258295784,0.0141989001531659,-0.00842677831313991));
#7848=CARTESIAN_POINT('',(0.00993382875054683,0.0138674968908354,-0.00823009675373843));
#7849=CARTESIAN_POINT('',(0.0132831962734482,0.0184357429129587,-0.0110232214261548));
#7850=CARTESIAN_POINT('',(0.0132604976061451,0.018404239441486,-0.0110043846619747));
#7851=CARTESIAN_POINT('',(0.0128142362164635,0.0177848734332765,-0.010634049238848));
#7852=CARTESIAN_POINT('',(0.0119444121044036,0.0165776448883303,-0.00991221515677456));
#7853=CARTESIAN_POINT('',(0.0108592718063928,0.0150715790931116,-0.00901169832805566));
#7854=CARTESIAN_POINT('',(0.0101976942307605,0.0141533758346295,-0.00846268015828342));
#7855=CARTESIAN_POINT('',(0.00995967937750657,0.0138230351128843,-0.00826516064745783));
#7856=CARTESIAN_POINT('',(0.0133231037306667,0.0183636985897636,-0.0110827629829811));
#7857=CARTESIAN_POINT('',(0.0133003368684747,0.0183323182294826,-0.0110638244726579));
#7858=CARTESIAN_POINT('',(0.0128527347504812,0.017715372617624,-0.0106914886952982));
#7859=CARTESIAN_POINT('',(0.0119802973766863,0.0165128617541878,-0.00996575565090195));
#7860=CARTESIAN_POINT('',(0.0108918969303553,0.0150126814549545,-0.00906037471106187));
#7861=CARTESIAN_POINT('',(0.0102283317398257,0.0140980664072988,-0.00850839103825831));
#7862=CARTESIAN_POINT('',(0.00998960180509752,0.0137690166112209,-0.00830980463249126));
#7863=CARTESIAN_POINT('',(0.0133675939999638,0.0182791444337082,-0.0111558734069534));
#7864=CARTESIAN_POINT('',(0.0133447511116558,0.018247908561743,-0.0111368099636581));
#7865=CARTESIAN_POINT('',(0.0128956543014967,0.0176338036257584,-0.0107620179732958));
#7866=CARTESIAN_POINT('',(0.0120203035694867,0.0164368296257546,-0.0100314974358666));
#7867=CARTESIAN_POINT('',(0.0109282685924982,0.014943556784652,-0.00912014390737969));
#7868=CARTESIAN_POINT('',(0.0102624875373608,0.0140331530075687,-0.00856451892595964));
#7869=CARTESIAN_POINT('',(0.0100229604040744,0.0137056182945047,-0.00836462249160649));
#7870=CARTESIAN_POINT('',(0.0134157866838235,0.0181823537215443,-0.0112433302585621));
#7871=CARTESIAN_POINT('',(0.0133928614426182,0.0181512832480365,-0.0112241173667502));
#7872=CARTESIAN_POINT('',(0.0129421455542171,0.0175404300864615,-0.0108463871817447));
#7873=CARTESIAN_POINT('',(0.0120636390186201,0.0163497942368192,-0.0101101397035456));
#7874=CARTESIAN_POINT('',(0.010967667050696,0.014864428491274,-0.00919164158786257));
#7875=CARTESIAN_POINT('',(0.0102994857299678,0.0139588454337961,-0.00863166076537321));
#7876=CARTESIAN_POINT('',(0.0100590950564354,0.0136330450643854,-0.00843019723607745));
#7877=CARTESIAN_POINT('',(0.0134667925170339,0.0180736300988038,-0.0113458750514236));
#7878=CARTESIAN_POINT('',(0.0134437801157495,0.0180427454150179,-0.0113264869284333));
#7879=CARTESIAN_POINT('',(0.0129913506387254,0.0174355449251324,-0.010945311655301));
#7880=CARTESIAN_POINT('',(0.0121095040859617,0.0162520286291475,-0.0102023492320268));
#7881=CARTESIAN_POINT('',(0.0110093653133084,0.0147755448109602,-0.00927547395434194));
#7882=CARTESIAN_POINT('',(0.0103386436163949,0.0138753767988724,-0.00871038582679899));
#7883=CARTESIAN_POINT('',(0.010097338995221,0.013551524592884,-0.00850708484939795));
#7884=CARTESIAN_POINT('',(0.0135197113630875,0.017953304957425,-0.0114642201766239));
#7885=CARTESIAN_POINT('',(0.0134966085327184,0.0179226258883342,-0.0114446298224409));
#7886=CARTESIAN_POINT('',(0.0130424011976175,0.0173194678339967,-0.0110594786342542));
#7887=CARTESIAN_POINT('',(0.0121570893577849,0.0161438307944124,-0.0103087666120639));
#7888=CARTESIAN_POINT('',(0.0110526275011996,0.014677176663078,-0.00937222340041313));
#7889=CARTESIAN_POINT('',(0.010379270149346,0.0137830015169904,-0.00880124102276605));
#7890=CARTESIAN_POINT('',(0.0101370173022241,0.0134613053561495,-0.00859581947912267));
#7891=CARTESIAN_POINT('',(0.0135736358539662,0.0178217339670244,-0.0115990494043614));
#7892=CARTESIAN_POINT('',(0.0135504408760407,0.0177912797298247,-0.0115792286505276));
#7893=CARTESIAN_POINT('',(0.0130944218972856,0.0171925419258403,-0.0111895477484602));
#7894=CARTESIAN_POINT('',(0.0122055789177008,0.0160255205550711,-0.0104300066981593));
#7895=CARTESIAN_POINT('',(0.0110967118233325,0.0145696148144699,-0.00948244892153822));
#7896=CARTESIAN_POINT('',(0.0104206687297938,0.0136819926406534,-0.00890475129315068));
#7897=CARTESIAN_POINT('',(0.0101774496370848,0.0133626540336217,-0.00869691381299671));
#7898=CARTESIAN_POINT('',(0.0136276538046939,0.0176792943389215,-0.0117510189077248));
#7899=CARTESIAN_POINT('',(0.0136043665195054,0.0176490835062204,-0.0117309384644966));
#7900=CARTESIAN_POINT('',(0.0131465327572251,0.0170551310946275,-0.0113361520049742));
#7901=CARTESIAN_POINT('',(0.0122541525178528,0.0158974371041429,-0.0105666595291578));
#7902=CARTESIAN_POINT('',(0.0111408725507132,0.0144531676427404,-0.00960668695200421));
#7903=CARTESIAN_POINT('',(0.0104621390606655,0.0135726397602296,-0.00902142039114474));
#7904=CARTESIAN_POINT('',(0.0102179520477097,0.0132558534566106,-0.00881085984657934));
#7905=CARTESIAN_POINT('',(0.0136808486539733,0.0175263819768523,-0.0119207611833696));
#7906=CARTESIAN_POINT('',(0.0136574704680587,0.0174964324447269,-0.0119003906801766));
#7907=CARTESIAN_POINT('',(0.0131978495751153,0.0169076172668082,-0.0114999015703088));
#7908=CARTESIAN_POINT('',(0.0123019859751431,0.0157599364430962,-0.0107192938537663));
#7909=CARTESIAN_POINT('',(0.01118436037662,0.0143281588069087,-0.00974545457015243));
#7910=CARTESIAN_POINT('',(0.0105029774851257,0.0134552468165146,-0.00915173389321339));
#7911=CARTESIAN_POINT('',(0.0102578373006602,0.0131412004719136,-0.00893813182294915));
#7912=CARTESIAN_POINT('',(0.013732304997156,0.0173634068559882,-0.0121088847782018));
#7913=CARTESIAN_POINT('',(0.0137088388813192,0.0173337358199394,-0.0120881928045733));
#7914=CARTESIAN_POINT('',(0.0132474892644494,0.0167503959434785,-0.0116813835067678));
#7915=CARTESIAN_POINT('',(0.0123482561465466,0.0156133872266055,-0.0108884568847853));
#7916=CARTESIAN_POINT('',(0.011226426939914,0.0141949234696668,-0.00989924927493761));
#7917=CARTESIAN_POINT('',(0.0105424812343143,0.0133301285531403,-0.00929615898926689));
#7918=CARTESIAN_POINT('',(0.0102964190297476,0.0130190024770258,-0.00907918602777317));
#7919=CARTESIAN_POINT('',(0.0137811071756283,0.0171907904640905,-0.0123159802966082));
#7920=CARTESIAN_POINT('',(0.0137575576653742,0.0171614143993702,-0.0122949344328334));
#7921=CARTESIAN_POINT('',(0.0132945684937214,0.0165838737318756,-0.0118811675675917));
#7922=CARTESIAN_POINT('',(0.0123921396606697,0.0154581684616067,-0.0110746797008831));
#7923=CARTESIAN_POINT('',(0.0112663236718349,0.0140538062054733,-0.0100685538969551));
#7924=CARTESIAN_POINT('',(0.0105799473443988,0.013197608552114,-0.0094551490944941));
#7925=CARTESIAN_POINT('',(0.0103330106783616,0.012889575501529,-0.00923446529349999));
#7926=CARTESIAN_POINT('',(0.0138263414936698,0.0170089628433864,-0.0125426220493045));
#7927=CARTESIAN_POINT('',(0.0138027146858501,0.0169798974903791,-0.0125211888942758));
#7928=CARTESIAN_POINT('',(0.0133382058250189,0.0164084654916889,-0.0120998077875943));
#7929=CARTESIAN_POINT('',(0.0124328149111763,0.0152946668473158,-0.0112784787292601));
#7930=CARTESIAN_POINT('',(0.0113033036083259,0.0139051585822289,-0.0102538379464069));
#7931=CARTESIAN_POINT('',(0.0106146743584871,0.0130580169628251,-0.00962914511520643));
#7932=CARTESIAN_POINT('',(0.0103669271616597,0.0127532419891042,-0.00940440023565872));
#7933=CARTESIAN_POINT('',(0.013867095354085,0.0168183602295396,-0.0127893729944165));
#7934=CARTESIAN_POINT('',(0.0138433989050209,0.0167896205831793,-0.0127675181850288));
#7935=CARTESIAN_POINT('',(0.0133775208801715,0.0162245920573868,-0.0123378472497997));
#7936=CARTESIAN_POINT('',(0.012469461279537,0.0151232746521622,-0.0115003601887293));
#7937=CARTESIAN_POINT('',(0.0113366206833956,0.0137493372310901,-0.0104555616525311));
#7938=CARTESIAN_POINT('',(0.0106459616630395,0.0129116886894502,-0.00981857924217428));
#7939=CARTESIAN_POINT('',(0.0103974842184686,0.0126103290272425,-0.00958941295765882));
#7940=CARTESIAN_POINT('',(0.0139157394656194,0.0165446999395586,-0.0131572322465395));
#7941=CARTESIAN_POINT('',(0.0138919598922468,0.0165164279309376,-0.0131347488298041));
#7942=CARTESIAN_POINT('',(0.0134244476230209,0.0159605932782757,-0.0126927193192984));
#7943=CARTESIAN_POINT('',(0.0125132026579415,0.014877195981573,-0.0118311437150224));
#7944=CARTESIAN_POINT('',(0.0113763881925145,0.0135256146111466,-0.0107562937597036));
#7945=CARTESIAN_POINT('',(0.0106833064229409,0.0127015958847609,-0.0101009898981551));
#7946=CARTESIAN_POINT('',(0.0104339573492206,0.012405139802416,-0.00986523213037688));
#7947=CARTESIAN_POINT('',(0.0139401461588904,0.0163403959658174,-0.0134482528918975));
#7948=CARTESIAN_POINT('',(0.0139163248787329,0.0163124730770794,-0.0134252721716012));
#7949=CARTESIAN_POINT('',(0.0134479926438426,0.0157635022073025,-0.0129734655506057));
#7950=CARTESIAN_POINT('',(0.0125351494542196,0.0146934833564867,-0.012092833028911));
#7951=CARTESIAN_POINT('',(0.0113963411398827,0.0133585921312923,-0.0109942088084733));
#7952=CARTESIAN_POINT('',(0.0107020437802785,0.0125447488871368,-0.0103244104887348));
#7953=CARTESIAN_POINT('',(0.0104522573754071,0.0122519536240201,-0.0100834380696955));
#7954=CARTESIAN_POINT('',(0.0139515079295544,0.0162032924436954,-0.0136504551822834));
#7955=CARTESIAN_POINT('',(0.0139276672341111,0.0161756038409809,-0.0136271289335146));
#7956=CARTESIAN_POINT('',(0.0134589532899197,0.0156312390921295,-0.0131685291376501));
#7957=CARTESIAN_POINT('',(0.0125453660969804,0.0145701981971411,-0.0122746557946899));
#7958=CARTESIAN_POINT('',(0.0114056296088101,0.0132465073301882,-0.0111595131212285));
#7959=CARTESIAN_POINT('',(0.0107107663693878,0.0124394926093721,-0.0104796439948628));
#7960=CARTESIAN_POINT('',(0.0104607763787136,0.0121491540346929,-0.0102350484155929));
#7961=CARTESIAN_POINT('',(0.0163353214017831,0.0162601991330675,-0.00898476918402059));
#7962=CARTESIAN_POINT('',(0.0159874920200763,0.0164276359685168,-0.00901539966296456));
#7963=CARTESIAN_POINT('',(0.0154684553059285,0.0166824897374237,-0.00903351047109804));
#7964=CARTESIAN_POINT('',(0.0147866263241748,0.0170343674512689,-0.00898558052274277));
#7965=CARTESIAN_POINT('',(0.0142792464537762,0.0173083120200937,-0.00890441780917645));
#7966=CARTESIAN_POINT('',(0.0137901396063505,0.0175905396550812,-0.00876334659911982));
#7967=CARTESIAN_POINT('',(0.0133482418989892,0.0178821288355162,-0.0085169692024124));
#7968=CARTESIAN_POINT('',(0.012891238598048,0.0181052514119115,-0.00851390935460421));
#7969=CARTESIAN_POINT('',(0.0125708341141093,0.0181871667347259,-0.00873281150175453));
#7970=CARTESIAN_POINT('',(0.0123469775960778,0.0181886705285505,-0.00904460063301537));
#7971=CARTESIAN_POINT('',(0.0120515874569488,0.0181804520476,-0.00945853779733761));
#7972=CARTESIAN_POINT('',(0.0121940676035346,0.0179108469211993,-0.010022468265072));
#7973=CARTESIAN_POINT('',(0.0125625523727805,0.0176170186504247,-0.0103753858053573));
#7974=CARTESIAN_POINT('',(0.01286202657305,0.0173300980892837,-0.0107928014739103));
#7975=CARTESIAN_POINT('',(0.0130994888527788,0.0170539831457787,-0.0112522998162187));
#7976=CARTESIAN_POINT('',(0.0133668709213688,0.0166910610810707,-0.011902709672993));
#7977=CARTESIAN_POINT('',(0.013513019351,0.0164309310674724,-0.012412400347638));
#7978=CARTESIAN_POINT('',(0.0135929152015946,0.0162601991330757,-0.0127593674965262));
#7979=CARTESIAN_POINT('',(0.,0.0191902019685288,0.));
#7980=CARTESIAN_POINT('',(0.,0.0162601991330675,0.));
#7981=CARTESIAN_POINT('',(0.0184966674442257,0.0162601991330757,-0.00233283005100554));
#7982=CARTESIAN_POINT('',(0.0183122602333403,0.0162601991330675,-0.00349713135814273));
#7983=CARTESIAN_POINT('',(0.0184966674442342,0.0162601991330639,-0.00233283005101615));
#7984=CARTESIAN_POINT('',(0.0174041665492717,0.0153282330917327,-0.00218107107286442));
#7985=CARTESIAN_POINT('',(0.0163116464103045,0.0143962737752811,-0.00202940932595521));
#7986=CARTESIAN_POINT('',(0.0152190917430066,0.0134643259709999,-0.00187792571251583));
#7987=CARTESIAN_POINT('',(0.0150545273336213,0.0134643259709999,-0.00291694450153409));
#7988=CARTESIAN_POINT('',(0.0161404195801928,0.0143962737752014,-0.00311049298332277));
#7989=CARTESIAN_POINT('',(0.0172263340355054,0.015328233092316,-0.00330386138042735));
#7990=CARTESIAN_POINT('',(0.0183122602333402,0.0162601991330675,-0.0034971313581429));
#7991=CARTESIAN_POINT('',(0.0192439408316544,0.0162032924436954,-0.00326347076894084));
#7992=CARTESIAN_POINT('',(0.0192110562907994,0.0161756038409809,-0.00325789406618702));
#7993=CARTESIAN_POINT('',(0.0185645381183887,0.0156312390921295,-0.00314825471654919));
#7994=CARTESIAN_POINT('',(0.0173043863144221,0.0145701981971411,-0.00293455272002733));
#7995=CARTESIAN_POINT('',(0.0157322966411931,0.0132465073301882,-0.00266795094965098));
#7996=CARTESIAN_POINT('',(0.0147738405995199,0.0124394926093722,-0.00250541182615866));
#7997=CARTESIAN_POINT('',(0.0144290181894025,0.012149154034693,-0.00244693534955035));
#7998=CARTESIAN_POINT('',(0.0190736774611944,0.0163403959658174,-0.00337313042765603));
#7999=CARTESIAN_POINT('',(0.0190410838707644,0.0163124730770793,-0.00336736633565805));
#8000=CARTESIAN_POINT('',(0.0184002858553663,0.0157635022073025,-0.00325404286732748));
#8001=CARTESIAN_POINT('',(0.017151283415,0.0146934833564867,-0.00303316002266433));
#8002=CARTESIAN_POINT('',(0.0155931030178787,0.0133585921312924,-0.00275759985761487));
#8003=CARTESIAN_POINT('',(0.0146431270457256,0.0125447488871368,-0.002589599068898));
#8004=CARTESIAN_POINT('',(0.0143013554985406,0.0122519536240202,-0.00252915765651372));
#8005=CARTESIAN_POINT('',(0.0188238909190239,0.0165446999395586,-0.00352444264147737));
#8006=CARTESIAN_POINT('',(0.0187917241702591,0.0165164279309376,-0.00351841998327817));
#8007=CARTESIAN_POINT('',(0.018159317967128,0.0159605932782757,-0.00340001303974889));
#8008=CARTESIAN_POINT('',(0.0169266723096305,0.014877195981573,-0.00316922181088953));
#8009=CARTESIAN_POINT('',(0.0153888976520037,0.0135256146111466,-0.00288130054107141));
#8010=CARTESIAN_POINT('',(0.0144513624487433,0.012701595884761,-0.00270576355658338));
#8011=CARTESIAN_POINT('',(0.0141140666998493,0.0124051398024161,-0.00264261085742544));
#8012=CARTESIAN_POINT('',(0.0184976942411476,0.0168183602295396,-0.00370131097188702));
#8013=CARTESIAN_POINT('',(0.0184660849056525,0.0167896205831793,-0.00369498607653753));
#8014=CARTESIAN_POINT('',(0.0178446375846896,0.0162245920573868,-0.00357063707619494));
#8015=CARTESIAN_POINT('',(0.0166333522782589,0.0151232746521622,-0.00332826397085923));
#8016=CARTESIAN_POINT('',(0.0151222255111665,0.0137493372310902,-0.00302589384785711));
#8017=CARTESIAN_POINT('',(0.0142009367295419,0.0129116886894503,-0.0028415478298481));
#8018=CARTESIAN_POINT('',(0.013869485933385,0.0126103290272426,-0.0027752259168322));
#8019=CARTESIAN_POINT('',(0.0182741140150479,0.0170089628433864,-0.00381337697275081));
#8020=CARTESIAN_POINT('',(0.0182428867391914,0.0169798974903791,-0.00380686057613783));
#8021=CARTESIAN_POINT('',(0.0176289508048218,0.0164084654916889,-0.0036787466137897));
#8022=CARTESIAN_POINT('',(0.0164323062119392,0.0152946668473158,-0.00342903508570643));
#8023=CARTESIAN_POINT('',(0.0149394443193682,0.013905158582229,-0.00311750998742044));
#8024=CARTESIAN_POINT('',(0.0140292910853104,0.0130580169628252,-0.0029275824548696));
#8025=CARTESIAN_POINT('',(0.0137018465097656,0.0127532419891043,-0.0028592524880539));
#8026=CARTESIAN_POINT('',(0.0180641689204393,0.0171907904640905,-0.00390999832051485));
#8027=CARTESIAN_POINT('',(0.0180333004041582,0.0171614143993702,-0.00390331681485867));
#8028=CARTESIAN_POINT('',(0.0174264177713997,0.0165838737318756,-0.00377195676805629));
#8029=CARTESIAN_POINT('',(0.016243521022164,0.0154581684616067,-0.00351591818010771));
#8030=CARTESIAN_POINT('',(0.014767810113275,0.0140538062054733,-0.00319649982210105));
#8031=CARTESIAN_POINT('',(0.0138681133208633,0.0131976085521141,-0.00300176000524061));
#8032=CARTESIAN_POINT('',(0.0135444306449288,0.0128895755015291,-0.00293169872952637));
#8033=CARTESIAN_POINT('',(0.0178679399258039,0.0173634068559882,-0.00399224422030338));
#8034=CARTESIAN_POINT('',(0.0178374067306738,0.0173337358199394,-0.0039854221707391));
#8035=CARTESIAN_POINT('',(0.0172371165943326,0.0167503959434785,-0.0038512989960886));
#8036=CARTESIAN_POINT('',(0.0160670695167803,0.0156133872266055,-0.00358987469635187));
#8037=CARTESIAN_POINT('',(0.0146073890861988,0.0141949234696669,-0.00326373744792385));
#8038=CARTESIAN_POINT('',(0.0137174655968285,0.0133301285531403,-0.00306490132458207));
#8039=CARTESIAN_POINT('',(0.0133972990486694,0.0130190024770259,-0.00299336632632652));
#8040=CARTESIAN_POINT('',(0.017685499460882,0.0175263819768523,-0.00406119143885084));
#8041=CARTESIAN_POINT('',(0.017655278024709,0.0174964324447269,-0.00405425157050688));
#8042=CARTESIAN_POINT('',(0.0170611171462463,0.0169076172668082,-0.00391781204962989));
#8043=CARTESIAN_POINT('',(0.0159030168254938,0.0157599364430962,-0.00365187287621987));
#8044=CARTESIAN_POINT('',(0.0144582404508639,0.0143281588069088,-0.00332010314267748));
#8045=CARTESIAN_POINT('',(0.0135774035185237,0.0134552468165146,-0.00311783306166811));
#8046=CARTESIAN_POINT('',(0.0132605060284732,0.0131412004719138,-0.00304506263319178));
#8047=CARTESIAN_POINT('',(0.0175169079273173,0.0176792943389215,-0.00411792790808514));
#8048=CARTESIAN_POINT('',(0.0174869745846913,0.0176490835062204,-0.00411089108700385));
#8049=CARTESIAN_POINT('',(0.0168984776963186,0.0170551310946275,-0.00397254545143241));
#8050=CARTESIAN_POINT('',(0.0157514172621992,0.0158974371041429,-0.00370289100137081));
#8051=CARTESIAN_POINT('',(0.0143204135867908,0.0144531676427404,-0.00336648631191377));
#8052=CARTESIAN_POINT('',(0.0134479734571291,0.0135726397602297,-0.0031613904369469));
#8053=CARTESIAN_POINT('',(0.0131340968732141,0.0132558534566107,-0.00308760337647018));
#8054=CARTESIAN_POINT('',(0.0173622110616727,0.0178217339670244,-0.00416355190082038));
#8055=CARTESIAN_POINT('',(0.0173325420690279,0.0177912797298247,-0.00415643711628732));
#8056=CARTESIAN_POINT('',(0.0167492423663943,0.0171925419258403,-0.00401655870005212));
#8057=CARTESIAN_POINT('',(0.0156123119537719,0.0160255205550711,-0.00374391665211478));
#8058=CARTESIAN_POINT('',(0.0141939458845112,0.0145696148144699,-0.00340378481506058));
#8059=CARTESIAN_POINT('',(0.0133292105252394,0.0136819926406535,-0.00319641660970853));
#8060=CARTESIAN_POINT('',(0.0130181058759565,0.0133626540336219,-0.00312181203605862));
#8061=CARTESIAN_POINT('',(0.0172214359046186,0.017953304957425,-0.00419917670292851));
#8062=CARTESIAN_POINT('',(0.0171920074721816,0.0179226258883342,-0.0041920010418177));
#8063=CARTESIAN_POINT('',(0.0166134372424796,0.0173194678339967,-0.00405092577707039));
#8064=CARTESIAN_POINT('',(0.0154857252155125,0.0161438307944124,-0.00377595090868659));
#8065=CARTESIAN_POINT('',(0.0140788594503001,0.0146771766630781,-0.00343290878501309));
#8066=CARTESIAN_POINT('',(0.0132211354823528,0.0137830015169905,-0.00322376626497608));
#8067=CARTESIAN_POINT('',(0.0129125533116706,0.0134613053561496,-0.00314852334857557));
#8068=CARTESIAN_POINT('',(0.0170945877698516,0.0180736300988038,-0.00422592597642187));
#8069=CARTESIAN_POINT('',(0.0170653760987686,0.0180427454150178,-0.00421870460546478));
#8070=CARTESIAN_POINT('',(0.0164910674506719,0.0174355449251324,-0.00407673067388185));
#8071=CARTESIAN_POINT('',(0.0153716618255616,0.0162520286291475,-0.00380000418167306));
#8072=CARTESIAN_POINT('',(0.0139751586282079,0.0147755448109603,-0.00345477683736345));
#8073=CARTESIAN_POINT('',(0.0131237524078678,0.0138753767988725,-0.0032443020536797));
#8074=CARTESIAN_POINT('',(0.0128174431645413,0.0135515245928841,-0.0031685798306218));
#8075=CARTESIAN_POINT('',(0.0169816468132001,0.0181823537215443,-0.00424493570748578));
#8076=CARTESIAN_POINT('',(0.0169526281385274,0.0181512832480365,-0.00423768185221151));
#8077=CARTESIAN_POINT('',(0.0163821138473935,0.0175404300864615,-0.00409506927095213));
#8078=CARTESIAN_POINT('',(0.0152701039397982,0.0163497942368192,-0.00381709796370765));
#8079=CARTESIAN_POINT('',(0.0138828271952376,0.0148644284912741,-0.00347031766295541));
#8080=CARTESIAN_POINT('',(0.0130370460671383,0.0139588454337962,-0.00325889608818827));
#8081=CARTESIAN_POINT('',(0.0127327605555004,0.0136330450643855,-0.00318283323940622));
#8082=CARTESIAN_POINT('',(0.0168825657851329,0.0182791444337082,-0.0042573528548263));
#8083=CARTESIAN_POINT('',(0.0168537164226685,0.018247908561743,-0.00425007778081141));
#8084=CARTESIAN_POINT('',(0.0162865308512467,0.0176338036257584,-0.00410704803388543));
#8085=CARTESIAN_POINT('',(0.0151810090708676,0.0164368296257546,-0.00382826361404837));
#8086=CARTESIAN_POINT('',(0.0138018265239768,0.014943556784652,-0.00348046892288223));
#8087=CARTESIAN_POINT('',(0.0129609801860433,0.0140331530075687,-0.00326842890462719));
#8088=CARTESIAN_POINT('',(0.012658470057067,0.0137056182945048,-0.00319214355928323));
#8089=CARTESIAN_POINT('',(0.0167972674855101,0.0183636985897636,-0.00426433269988042));
#8090=CARTESIAN_POINT('',(0.016768563882973,0.0183323182294826,-0.00425704569852685));
#8091=CARTESIAN_POINT('',(0.0162042439876237,0.017715372617624,-0.00411378145718481));
#8092=CARTESIAN_POINT('',(0.0151043077994623,0.0165128617541878,-0.00383453997585429));
#8093=CARTESIAN_POINT('',(0.0137320935018066,0.0150126814549545,-0.0034861750822319));
#8094=CARTESIAN_POINT('',(0.0128954954969631,0.0140980664072989,-0.00327378742859798));
#8095=CARTESIAN_POINT('',(0.0125945137849318,0.013769016611221,-0.00319737701495253));
#8096=CARTESIAN_POINT('',(0.0167256403393564,0.0184357429129587,-0.00426704453778935));
#8097=CARTESIAN_POINT('',(0.0166970591351283,0.018404239441486,-0.00425975290237745));
#8098=CARTESIAN_POINT('',(0.0161351456206774,0.0177848734332765,-0.0041163975543071));
#8099=CARTESIAN_POINT('',(0.0150398997960037,0.0165776448883303,-0.00383697849357833));
#8100=CARTESIAN_POINT('',(0.0136735369140105,0.0150715790931116,-0.00348839206256869));
#8101=CARTESIAN_POINT('',(0.0128405063422401,0.0141533758346296,-0.00327586934421749));
#8102=CARTESIAN_POINT('',(0.0125408080806924,0.0138230351128844,-0.00319941033852472));
#8103=CARTESIAN_POINT('',(0.0166675419520205,0.0184950414607136,-0.00426663968479603));
#8104=CARTESIAN_POINT('',(0.0166390600278103,0.0184634366583579,-0.00425934874120733));
#8105=CARTESIAN_POINT('',(0.0160790983829649,0.0178420784600323,-0.00411600699455156));
#8106=CARTESIAN_POINT('',(0.0149876570174844,0.0166309668657368,-0.00383661444482873));
#8107=CARTESIAN_POINT('',(0.0136260403501861,0.0151200568114663,-0.00348806108735719));
#8108=CARTESIAN_POINT('',(0.012795903403523,0.0141989001531659,-0.00327555853295269));
#8109=CARTESIAN_POINT('',(0.012497246177495,0.0138674968908355,-0.00319910678161526));
#8110=CARTESIAN_POINT('',(0.0166227805924553,0.0185413863907068,-0.00426433637377029));
#8111=CARTESIAN_POINT('',(0.0165943751576071,0.0185097023929432,-0.00425704936613868));
#8112=CARTESIAN_POINT('',(0.0160359173124582,0.0178867871933931,-0.00411378500136888));
#8113=CARTESIAN_POINT('',(0.0149474070570085,0.0166726407920564,-0.00383454327946087));
#8114=CARTESIAN_POINT('',(0.0135894470664661,0.0151579446948706,-0.00348617808570846));
#8115=CARTESIAN_POINT('',(0.0127615394862246,0.0142344797994715,-0.00327379024909425));
#8116=CARTESIAN_POINT('',(0.0124636843162837,0.013902246105859,-0.00319737976961823));
#8117=CARTESIAN_POINT('',(0.0165797383518492,0.018586633902162,-0.00426005879973516));
#8118=CARTESIAN_POINT('',(0.0165514064686884,0.0185548725842876,-0.00425277910173204));
#8119=CARTESIAN_POINT('',(0.0159943946678282,0.017930437252314,-0.00410965844605861));
#8120=CARTESIAN_POINT('',(0.0149087029492687,0.0167133279062414,-0.00383069683271486));
#8121=CARTESIAN_POINT('',(0.0135542591959961,0.0151949354172344,-0.00348268108557663));
#8122=CARTESIAN_POINT('',(0.0127284953604229,0.0142692169423266,-0.00327050629610871));
#8123=CARTESIAN_POINT('',(0.012431411442549,0.0139361724815179,-0.00319417246431111));
#8124=CARTESIAN_POINT('',(0.0165292188121197,0.0186408231763174,-0.00425177000507456));
#8125=CARTESIAN_POINT('',(0.0165009732580473,0.018608969258418,-0.00424450447117687));
#8126=CARTESIAN_POINT('',(0.0159456587083262,0.0179827133871486,-0.00410166228530452));
#8127=CARTESIAN_POINT('',(0.0148632751629565,0.0167620555625091,-0.00382324344745752));
#8128=CARTESIAN_POINT('',(0.0135129584877808,0.0152392362048559,-0.00347590483441585));
#8129=CARTESIAN_POINT('',(0.0126897108082538,0.0143108188005727,-0.00326414287334884));
#8130=CARTESIAN_POINT('',(0.0123935321243754,0.0139768033496596,-0.00318795756425648));
#8131=CARTESIAN_POINT('',(0.016444518848822,0.018729651368649,-0.00424399127902336));
#8132=CARTESIAN_POINT('',(0.0164164180322245,0.0186976456588509,-0.00423673903761273));
#8133=CARTESIAN_POINT('',(0.015863949056908,0.0180684055214653,-0.00409415818530996));
#8134=CARTESIAN_POINT('',(0.0147871119228727,0.0168419309564924,-0.00381624872211505));
#8135=CARTESIAN_POINT('',(0.0134437146172164,0.0153118549831034,-0.00346954557428308));
#8136=CARTESIAN_POINT('',(0.012624685470279,0.0143790134373018,-0.00325817103734325));
#8137=CARTESIAN_POINT('',(0.0123300244820606,0.0140434063190876,-0.00318212511129556));
#8138=CARTESIAN_POINT('',(0.01633394712612,0.0188425519205775,-0.00424308565557779));
#8139=CARTESIAN_POINT('',(0.016306035257325,0.0188103532834135,-0.00423583496171978));
#8140=CARTESIAN_POINT('',(0.0157572810423431,0.0181773201464997,-0.00409328453468282));
#8141=CARTESIAN_POINT('',(0.0146876844811742,0.016943452509836,-0.00381543437446689));
#8142=CARTESIAN_POINT('',(0.0133533200791696,0.0154041533844252,-0.00346880520946822));
#8143=CARTESIAN_POINT('',(0.012539798023352,0.0144656887587644,-0.00325747577764852));
#8144=CARTESIAN_POINT('',(0.0122471183137213,0.0141280586328533,-0.00318144607900778));
#8145=CARTESIAN_POINT('',(0.0162025574076686,0.0189706075701758,-0.00426044918382997));
#8146=CARTESIAN_POINT('',(0.0161748700610026,0.0189381901082255,-0.00425316881872847));
#8147=CARTESIAN_POINT('',(0.0156305300063732,0.0183008548221173,-0.00411003504773663));
#8148=CARTESIAN_POINT('',(0.0145695372437806,0.0170586017118512,-0.00383104787085444));
#8149=CARTESIAN_POINT('',(0.0132459064239125,0.0155088413734232,-0.00348300023218164));
#8150=CARTESIAN_POINT('',(0.0124389283120077,0.014563998859153,-0.00327080599939921));
#8151=CARTESIAN_POINT('',(0.0121486029080661,0.0142240741690407,-0.00319446517250712));
#8152=CARTESIAN_POINT('',(0.0160715784736912,0.0190911410314829,-0.00429928216123224));
#8153=CARTESIAN_POINT('',(0.016044114947195,0.019058517598855,-0.00429193543734056));
#8154=CARTESIAN_POINT('',(0.0155041752522301,0.0184171328784962,-0.00414749703619011));
#8155=CARTESIAN_POINT('',(0.0144517593887964,0.0171669868704068,-0.00386596695778088));
#8156=CARTESIAN_POINT('',(0.0131388285929679,0.0156073798269063,-0.00351474694795559));
#8157=CARTESIAN_POINT('',(0.0123383739656082,0.0146565340711367,-0.00330061861538907));
#8158=CARTESIAN_POINT('',(0.0120503955067172,0.0143144496030979,-0.00322358196008133));
#8159=CARTESIAN_POINT('',(0.015936488853379,0.0192059979061347,-0.00436792242844133));
#8160=CARTESIAN_POINT('',(0.0159092561714992,0.0191731782031264,-0.0043604584102963));
#8161=CARTESIAN_POINT('',(0.0153738549385468,0.0185279347587496,-0.00421371397523637));
#8162=CARTESIAN_POINT('',(0.0143302851545218,0.0172702675730045,-0.00392768912326154));
#8163=CARTESIAN_POINT('',(0.0130283901958387,0.0157012775601778,-0.00357086170400846));
#8164=CARTESIAN_POINT('',(0.0122346637882281,0.0147447112887196,-0.00335331470167029));
#8165=CARTESIAN_POINT('',(0.0119491059316901,0.0144005687586298,-0.00327504811624702));
#8166=CARTESIAN_POINT('',(0.0157961676441362,0.0193109417684171,-0.00448262318274789));
#8167=CARTESIAN_POINT('',(0.0157691747467463,0.0192779427346388,-0.00447496316100495));
#8168=CARTESIAN_POINT('',(0.0152384877359246,0.0186291736031566,-0.00432436524693585));
#8169=CARTESIAN_POINT('',(0.014204106611671,0.0173646343739704,-0.00403082944054061));
#8170=CARTESIAN_POINT('',(0.0129136748728094,0.01578707121266,-0.00366463180585534));
#8171=CARTESIAN_POINT('',(0.0121269372473797,0.0148252781490535,-0.00344137206349623));
#8172=CARTESIAN_POINT('',(0.0118438937353819,0.014479255183151,-0.00336105021346327));
#8173=CARTESIAN_POINT('',(0.0156750457942743,0.0193816424283909,-0.00464172490234587));
#8174=CARTESIAN_POINT('',(0.0156482598730155,0.0193485225795071,-0.00463379300349398));
#8175=CARTESIAN_POINT('',(0.0151216420639076,0.0186973781932954,-0.00447784991850164));
#8176=CARTESIAN_POINT('',(0.0140951923669504,0.0174282092697557,-0.00417389564736887));
#8177=CARTESIAN_POINT('',(0.0128146554002166,0.0158448703799494,-0.00379470056208026));
#8178=CARTESIAN_POINT('',(0.012033950321332,0.014879556027471,-0.0035635166629321));
#8179=CARTESIAN_POINT('',(0.0117530771302967,0.0145322662123205,-0.00348034394992437));
#8180=CARTESIAN_POINT('',(0.015566301005688,0.0194021438966403,-0.00491444698457285));
#8181=CARTESIAN_POINT('',(0.0155397009103198,0.0193689890143205,-0.00490604905121516));
#8182=CARTESIAN_POINT('',(0.0150167364839878,0.0187171558621278,-0.00474094361305827));
#8183=CARTESIAN_POINT('',(0.013997407726692,0.0174466444400623,-0.00441913067010218));
#8184=CARTESIAN_POINT('',(0.0127257544164114,0.0158616307297603,-0.0040176561789018));
#8185=CARTESIAN_POINT('',(0.0119504654370946,0.0148952952893312,-0.00377288919250063));
#8186=CARTESIAN_POINT('',(0.0116715407887417,0.014547638118775,-0.00368482971089865));
#8187=CARTESIAN_POINT('',(0.0154820415138625,0.0194021438966403,-0.00517377103541472));
#8188=CARTESIAN_POINT('',(0.0154555854032803,0.0193689890143205,-0.00516492996245172));
#8189=CARTESIAN_POINT('',(0.0149354517533022,0.0187171558621278,-0.00499111229051282));
#8190=CARTESIAN_POINT('',(0.0139216405639284,0.0174466444400623,-0.00465231801959803));
#8191=CARTESIAN_POINT('',(0.0126568706398591,0.0158616307297603,-0.00422965864397534));
#8192=CARTESIAN_POINT('',(0.0118857782551855,0.0148952952893312,-0.00397197586732856));
#8193=CARTESIAN_POINT('',(0.0116083634099077,0.014547638118775,-0.00387926968965768));
#8194=CARTESIAN_POINT('',(0.015409715877971,0.0193816424283909,-0.00545832641767236));
#8195=CARTESIAN_POINT('',(0.0153833833592949,0.0193485225795071,-0.00544899908915625));
#8196=CARTESIAN_POINT('',(0.0148656795566306,0.0186973781932954,-0.00526562151328207));
#8197=CARTESIAN_POINT('',(0.0138566044699781,0.0174282092697557,-0.00490819369004983));
#8198=CARTESIAN_POINT('',(0.0125977430230907,0.0158448703799494,-0.00446228821417032));
#8199=CARTESIAN_POINT('',(0.0118302528601915,0.014879556027471,-0.00419043298564888));
#8200=CARTESIAN_POINT('',(0.0115541339812804,0.0145322662123205,-0.00409262800448549));
#8201=CARTESIAN_POINT('',(0.0154141878685054,0.0193109417684171,-0.00565823604974063));
#8202=CARTESIAN_POINT('',(0.0153878477079769,0.0192779427346388,-0.00564856711050555));
#8203=CARTESIAN_POINT('',(0.0148699936646122,0.0186291736031566,-0.00545847338376068));
#8204=CARTESIAN_POINT('',(0.0138606257384115,0.0173646343739704,-0.00508795486950601));
#8205=CARTESIAN_POINT('',(0.0126013989624993,0.01578707121266,-0.00462571823407333));
#8206=CARTESIAN_POINT('',(0.0118336860694231,0.0148252781490535,-0.00434390638615045));
#8207=CARTESIAN_POINT('',(0.0115574870591831,0.014479255183151,-0.00424251932573737));
#8208=CARTESIAN_POINT('',(0.0154602906996459,0.0192059979061347,-0.00583350964661904));
#8209=CARTESIAN_POINT('',(0.0154338717574142,0.0191731782031264,-0.00582354119535534));
#8210=CARTESIAN_POINT('',(0.0149144688463622,0.0185279347587496,-0.00562755898836014));
#8211=CARTESIAN_POINT('',(0.0139020819664898,0.0172702675730045,-0.00524556302563345));
#8212=CARTESIAN_POINT('',(0.0126390889253736,0.0157012775601778,-0.00476900781512029));
#8213=CARTESIAN_POINT('',(0.0118690798530777,0.0147447112887196,-0.00447846636033864));
#8214=CARTESIAN_POINT('',(0.0115920547496021,0.0144005687586298,-0.00437393866128847));
#8215=CARTESIAN_POINT('',(0.0155292347614632,0.0190911410314829,-0.00596844447584695));
#8216=CARTESIAN_POINT('',(0.0155026980058461,0.019058517598855,-0.00595824544447789));
#8217=CARTESIAN_POINT('',(0.0149809788546209,0.0184171328784962,-0.00575772997582126));
#8218=CARTESIAN_POINT('',(0.0139640773077876,0.0171669868704068,-0.00536689806987706));
#8219=CARTESIAN_POINT('',(0.0126954520394388,0.0156073798269063,-0.00487931966752166));
#8220=CARTESIAN_POINT('',(0.0119220091666981,0.0146565340711367,-0.00458205770245383));
#8221=CARTESIAN_POINT('',(0.0116437486895656,0.0143144496030979,-0.00447511217467357));
#8222=CARTESIAN_POINT('',(0.0156123734935364,0.0189706075701758,-0.00607684850026045));
#8223=CARTESIAN_POINT('',(0.0155856946683164,0.0189381901082255,-0.0060664642253074));
#8224=CARTESIAN_POINT('',(0.0150611823937083,0.0183008548221173,-0.00586230682216558));
#8225=CARTESIAN_POINT('',(0.014038836669712,0.0170586017118512,-0.00546437629083499));
#8226=CARTESIAN_POINT('',(0.0127634195730531,0.0155088413734232,-0.00496794206997507));
#8227=CARTESIAN_POINT('',(0.0119858359257825,0.014563998859153,-0.00466528097730392));
#8228=CARTESIAN_POINT('',(0.0117060857279,0.0142240741690407,-0.00455639301282154));
#8229=CARTESIAN_POINT('',(0.0157084639828153,0.0188425519205775,-0.00616812482850735));
#8230=CARTESIAN_POINT('',(0.0156816209556967,0.0188103532834135,-0.00615758457821788));
#8231=CARTESIAN_POINT('',(0.0151538804313212,0.0181773201464997,-0.00595036066154648));
#8232=CARTESIAN_POINT('',(0.0141252424096885,0.016943452509836,-0.00554645307849317));
#8233=CARTESIAN_POINT('',(0.0128419754205772,0.0154041533844252,-0.00504256224704072));
#8234=CARTESIAN_POINT('',(0.0120596059287229,0.0144656887587644,-0.0047353550819702));
#8235=CARTESIAN_POINT('',(0.0117781339341256,0.0141280586328533,-0.0046248315832816));
#8236=CARTESIAN_POINT('',(0.015798450697684,0.018729651368649,-0.00623238459167422));
#8237=CARTESIAN_POINT('',(0.0157714538989535,0.0186976456588509,-0.00622173453264933));
#8238=CARTESIAN_POINT('',(0.0152406901868148,0.0180684055214653,-0.00601235174919459));
#8239=CARTESIAN_POINT('',(0.0142061595612676,0.0168419309564924,-0.00560423624130999));
#8240=CARTESIAN_POINT('',(0.0129155413135751,0.0153118549831034,-0.00509509585567514));
#8241=CARTESIAN_POINT('',(0.012128689979291,0.0143790134373018,-0.00478468819447014));
#8242=CARTESIAN_POINT('',(0.0118456055584153,0.0140434063190876,-0.00467301325769499));
#8243=CARTESIAN_POINT('',(0.0158715466278693,0.0186408231763174,-0.0062758768594003));
#8244=CARTESIAN_POINT('',(0.015844424920934,0.018608969258418,-0.00626515247967014));
#8245=CARTESIAN_POINT('',(0.015311205482725,0.0179827133871486,-0.00605430853284505));
#8246=CARTESIAN_POINT('',(0.0142718883132422,0.0167620555625091,-0.00564334501892505));
#8247=CARTESIAN_POINT('',(0.0129752986609396,0.0152392362048559,-0.00513065163208552));
#8248=CARTESIAN_POINT('',(0.0121848067399108,0.0143108188005727,-0.00481807781234092));
#8249=CARTESIAN_POINT('',(0.0119004125501558,0.0139768033496596,-0.00470562355969123));
#8250=CARTESIAN_POINT('',(0.0159172898253192,0.018586633902162,-0.00629886572406256));
#8251=CARTESIAN_POINT('',(0.0158900899512321,0.0185548725842876,-0.00628810206036941));
#8252=CARTESIAN_POINT('',(0.0153553337275655,0.017930437252314,-0.00607648578115684));
#8253=CARTESIAN_POINT('',(0.0143130211543196,0.0167133279062414,-0.00566401688642483));
#8254=CARTESIAN_POINT('',(0.0130126946162636,0.0151949354172344,-0.00514944547693646));
#8255=CARTESIAN_POINT('',(0.0122199244277872,0.0142692169423266,-0.00483572668296753));
#8256=CARTESIAN_POINT('',(0.0119347105888901,0.0139361724815179,-0.00472286050451803));
#8257=CARTESIAN_POINT('',(0.0159546260243789,0.0185413863907068,-0.00632070468822734));
#8258=CARTESIAN_POINT('',(0.0159273623492349,0.0185097023929432,-0.00630990370555075));
#8259=CARTESIAN_POINT('',(0.0153913517810767,0.0178867871933931,-0.00609755372593228));
#8260=CARTESIAN_POINT('',(0.0143465943199042,0.0166726407920564,-0.00568365474937194));
#8261=CARTESIAN_POINT('',(0.0130432176865745,0.0151579446948706,-0.00516729925572233));
#8262=CARTESIAN_POINT('',(0.0122485879462591,0.0142344797994715,-0.00485249275901462));
#8263=CARTESIAN_POINT('',(0.011962705098958,0.013902246105859,-0.00473923525924878));
#8264=CARTESIAN_POINT('',(0.0159921925772109,0.0184950414607136,-0.00634515133748919));
#8265=CARTESIAN_POINT('',(0.0159648647073756,0.0184634366583579,-0.00633430857974982));
#8266=CARTESIAN_POINT('',(0.0154275920557755,0.0178420784600323,-0.00612113729210818));
#8267=CARTESIAN_POINT('',(0.0143803746224105,0.0166309668657368,-0.00570563747456429));
#8268=CARTESIAN_POINT('',(0.0130739290755831,0.0151200568114663,-0.00518728486789164));
#8269=CARTESIAN_POINT('',(0.0122774283105207,0.0141989001531659,-0.00487126079112127));
#8270=CARTESIAN_POINT('',(0.0119908723272231,0.0138674968908355,-0.00475756524425315));
#8271=CARTESIAN_POINT('',(0.0160394331265303,0.0184357429129587,-0.00637897317979541));
#8272=CARTESIAN_POINT('',(0.0160120245308297,0.018404239441486,-0.00636807262642234));
#8273=CARTESIAN_POINT('',(0.015473164788837,0.0177848734332765,-0.0061537650623877));
#8274=CARTESIAN_POINT('',(0.014422853900552,0.0165776448883303,-0.00573605048769149));
#8275=CARTESIAN_POINT('',(0.0131125491452397,0.0150715790931116,-0.00521493488307137));
#8276=CARTESIAN_POINT('',(0.0123136955362196,0.0141533758346296,-0.00489722628911283));
#8277=CARTESIAN_POINT('',(0.0120262930734917,0.0138230351128844,-0.00478292470581586));
#8278=CARTESIAN_POINT('',(0.0160957867266976,0.0183636985897636,-0.00642326848292262));
#8279=CARTESIAN_POINT('',(0.0160682818325163,0.0183323182294826,-0.00641229223659674));
#8280=CARTESIAN_POINT('',(0.0155275288386731,0.017715372617624,-0.00619649653046715));
#8281=CARTESIAN_POINT('',(0.0144735277451681,0.0165128617541878,-0.00577588136453388));
#8282=CARTESIAN_POINT('',(0.0131586193115527,0.0150126814549545,-0.00525114715657112));
#8283=CARTESIAN_POINT('',(0.0123569589775991,0.0140980664072989,-0.00493123240841207));
#8284=CARTESIAN_POINT('',(0.0120685467433074,0.013769016611221,-0.00481613712005673));
#8285=CARTESIAN_POINT('',(0.0161606918506977,0.0182791444337082,-0.00647905237875347));
#8286=CARTESIAN_POINT('',(0.0161330760449718,0.018247908561743,-0.00646798080747218));
#8287=CARTESIAN_POINT('',(0.0155901425028451,0.0176338036257584,-0.00625031098924165));
#8288=CARTESIAN_POINT('',(0.0145318912243177,0.0164368296257546,-0.00582604292406188));
#8289=CARTESIAN_POINT('',(0.0132116805152446,0.014943556784652,-0.00529675157848707));
#8290=CARTESIAN_POINT('',(0.0124067875425723,0.0140331530075687,-0.00497405847986151));
#8291=CARTESIAN_POINT('',(0.0121172123063007,0.0137056182945048,-0.0048579636281852));
#8292=CARTESIAN_POINT('',(0.0162335514701418,0.0181823537215443,-0.00654733642905342));
#8293=CARTESIAN_POINT('',(0.016205811160025,0.0181512832480365,-0.00653614817223141));
#8294=CARTESIAN_POINT('',(0.0156604298309082,0.0175404300864615,-0.00631618428753128));
#8295=CARTESIAN_POINT('',(0.0145974074827916,0.0163497942368192,-0.00588744477495306));
#8296=CARTESIAN_POINT('',(0.0132712446739731,0.0148644284912741,-0.00535257512027504));
#8297=CARTESIAN_POINT('',(0.0124627228841546,0.0139588454337962,-0.00502648109347513));
#8298=CARTESIAN_POINT('',(0.012171842113336,0.0136330450643855,-0.00490916269455332));
#8299=CARTESIAN_POINT('',(0.0163137489838645,0.0180736300988038,-0.00662910065324221));
#8300=CARTESIAN_POINT('',(0.0162858716301743,0.0180427454150178,-0.00661777267561174));
#8301=CARTESIAN_POINT('',(0.0157377959906532,0.0174355449251324,-0.00639506184540531));
#8302=CARTESIAN_POINT('',(0.0146695220653011,0.0162520286291475,-0.00596096816262293));
#8303=CARTESIAN_POINT('',(0.0133368077042697,0.0147755448109603,-0.00541941896690852));
#8304=CARTESIAN_POINT('',(0.0125242916290693,0.0138753767988725,-0.00508925262377008));
#8305=CARTESIAN_POINT('',(0.0122319738396998,0.0135515245928842,-0.0049704691332076));
#8306=CARTESIAN_POINT('',(0.0164006484521269,0.017953304957425,-0.00672530073298239));
#8307=CARTESIAN_POINT('',(0.0163726226023911,0.0179226258883342,-0.00671380836618235));
#8308=CARTESIAN_POINT('',(0.015821627494041,0.0173194678339967,-0.00648786560441453));
#8309=CARTESIAN_POINT('',(0.0147476631270766,0.0161438307944124,-0.00604747244767894));
#8310=CARTESIAN_POINT('',(0.0134078497130051,0.0146771766630781,-0.00549806440677028));
#8311=CARTESIAN_POINT('',(0.012591005557548,0.0137830015169905,-0.00516310676082941));
#8312=CARTESIAN_POINT('',(0.0122971306607052,0.0134613053561496,-0.00504259950985633));
#8313=CARTESIAN_POINT('',(0.0164935982132744,0.0178217339670244,-0.00683686736451463));
#8314=CARTESIAN_POINT('',(0.0164654135285971,0.0177912797298247,-0.00682518434978625));
#8315=CARTESIAN_POINT('',(0.0159112956861756,0.0171925419258403,-0.00659549340279217));
#8316=CARTESIAN_POINT('',(0.0148312446860099,0.0160255205550711,-0.00614779452353238));
#8317=CARTESIAN_POINT('',(0.0134838379540776,0.0145696148144699,-0.00558927230217373));
#8318=CARTESIAN_POINT('',(0.0126623643798895,0.0136819926406535,-0.00524875801308079));
#8319=CARTESIAN_POINT('',(0.0123668239634456,0.0133626540336219,-0.00512625165625355));
#8320=CARTESIAN_POINT('',(0.0165919334964769,0.0176792943389215,-0.00696470648619043));
#8321=CARTESIAN_POINT('',(0.0165635807739394,0.0176490835062204,-0.00695280501668419));
#8322=CARTESIAN_POINT('',(0.0160061592658012,0.0170551310946275,-0.00671881919495361));
#8323=CARTESIAN_POINT('',(0.0149196689720623,0.0158974371041429,-0.00626274902099871));
#8324=CARTESIAN_POINT('',(0.013564228964379,0.0144531676427404,-0.00569378327537549));
#8325=CARTESIAN_POINT('',(0.0127378577422965,0.0135726397602297,-0.00534690188197662));
#8326=CARTESIAN_POINT('',(0.0124405553058147,0.0132558534566107,-0.00522210484080207));
#8327=CARTESIAN_POINT('',(0.0166949780523555,0.0175263819768523,-0.00710970287109257));
#8328=CARTESIAN_POINT('',(0.0166664492446317,0.0174964324447269,-0.00709755362803595));
#8329=CARTESIAN_POINT('',(0.0161055658583612,0.0169076172668082,-0.00685869651728026));
#8330=CARTESIAN_POINT('',(0.0150123278935441,0.0157599364430962,-0.00639313153882552));
#8331=CARTESIAN_POINT('',(0.0136484698968639,0.0143281588069088,-0.00581232064561251));
#8332=CARTESIAN_POINT('',(0.0128169664787303,0.0134552468165146,-0.00545821762009857));
#8333=CARTESIAN_POINT('',(0.0125178176391433,0.0131412004719138,-0.00533082246228369));
#8334=CARTESIAN_POINT('',(0.0168020493306901,0.0173634068559882,-0.00727271815731477));
#8335=CARTESIAN_POINT('',(0.0167733375568131,0.0173337358199394,-0.00726029034954593));
#8336=CARTESIAN_POINT('',(0.0162088570109072,0.0167503959434785,-0.00701595658793971));
#8337=CARTESIAN_POINT('',(0.0151086076929724,0.0156133872266055,-0.00653971687249611));
#8338=CARTESIAN_POINT('',(0.0137360027534263,0.0141949234696669,-0.00594558881881735));
#8339=CARTESIAN_POINT('',(0.012899166585909,0.0133301285531403,-0.00558336671897599));
#8340=CARTESIAN_POINT('',(0.0125980991904205,0.0130190024770259,-0.00545305057297201));
#8341=CARTESIAN_POINT('',(0.0169124589951821,0.0171907904640905,-0.00745459699708023));
#8342=CARTESIAN_POINT('',(0.0168835585504317,0.0171614143993702,-0.0074418583900739));
#8343=CARTESIAN_POINT('',(0.0163153686886882,0.0165838737318756,-0.00719141423891109));
#8344=CARTESIAN_POINT('',(0.0152078894099517,0.0154581684616067,-0.0067032645435918));
#8345=CARTESIAN_POINT('',(0.0138262648057282,0.0140538062054733,-0.00609427831464243));
#8346=CARTESIAN_POINT('',(0.0129839296184978,0.0131976085521141,-0.00572299762984954));
#8347=CARTESIAN_POINT('',(0.0126808838482604,0.0128895755015291,-0.00558942248921312));
#8348=CARTESIAN_POINT('',(0.0170255155413338,0.0170089628433864,-0.00765616793984282));
#8349=CARTESIAN_POINT('',(0.0169964219026506,0.0169798974903791,-0.00764308488322711));
#8350=CARTESIAN_POINT('',(0.0164244338006072,0.0164084654916889,-0.00738586876790862));
#8351=CARTESIAN_POINT('',(0.0153095512352035,0.0152946668473158,-0.00688451959388736));
#8352=CARTESIAN_POINT('',(0.0139186907353674,0.013905158582229,-0.00625906648841242));
#8353=CARTESIAN_POINT('',(0.0130707246988916,0.0130580169628252,-0.00587774644164026));
#8354=CARTESIAN_POINT('',(0.0127656531257761,0.0127532419891043,-0.00574055945357087));
#8355=CARTESIAN_POINT('',(0.0171405250012635,0.0168183602295396,-0.00787824839863891));
#8356=CARTESIAN_POINT('',(0.0171112348314584,0.0167896205831793,-0.00786478584522551));
#8357=CARTESIAN_POINT('',(0.0165353828791519,0.0162245920573868,-0.00760010872939756));
#8358=CARTESIAN_POINT('',(0.0154129691443442,0.0151232746521622,-0.00708421705115506));
#8359=CARTESIAN_POINT('',(0.014012713210077,0.0137493372310902,-0.00644062159121366));
#8360=CARTESIAN_POINT('',(0.0131590190583111,0.0129116886894503,-0.00604824069368684));
#8361=CARTESIAN_POINT('',(0.0128518866890466,0.0126103290272426,-0.00590707435857456));
#8362=CARTESIAN_POINT('',(0.0173004630609617,0.0165446999395586,-0.00821307148030953));
#8363=CARTESIAN_POINT('',(0.0172708995848881,0.0165164279309376,-0.00819903677260587));
#8364=CARTESIAN_POINT('',(0.0166896743640314,0.0159605932782757,-0.00792311096251429));
#8365=CARTESIAN_POINT('',(0.0155567873983914,0.014877195981573,-0.00738529405003479));
#8366=CARTESIAN_POINT('',(0.0141434656906318,0.0135256146111466,-0.00671434598525754));
#8367=CARTESIAN_POINT('',(0.0132818057276554,0.012701595884761,-0.00630528902286821));
#8368=CARTESIAN_POINT('',(0.0129718075094623,0.0124051398024161,-0.00615812316286679));
#8369=CARTESIAN_POINT('',(0.0174136055307679,0.0163403959658174,-0.00848230647845647));
#8370=CARTESIAN_POINT('',(0.0173838487139331,0.0163124730770793,-0.00846781169506594));
#8371=CARTESIAN_POINT('',(0.0167988223660909,0.0157635022073025,-0.00818284068365756));
#8372=CARTESIAN_POINT('',(0.0156585264872414,0.0146934833564867,-0.00762739344423133));
#8373=CARTESIAN_POINT('',(0.014235961864533,0.0133585921312924,-0.00693445084289));
#8374=CARTESIAN_POINT('',(0.013368666772832,0.0125447488871368,-0.00651198446956653));
#8375=CARTESIAN_POINT('',(0.0130566412121383,0.0122519536240202,-0.00635999432426092));
#8376=CARTESIAN_POINT('',(0.0174868951608254,0.0162032924436954,-0.00867110130411638));
#8377=CARTESIAN_POINT('',(0.0174570131047864,0.0161756038409809,-0.00865628390327385));
#8378=CARTESIAN_POINT('',(0.0168695245233458,0.0156312390921295,-0.00836497015330095));
#8379=CARTESIAN_POINT('',(0.0157244294165036,0.0145701981971411,-0.00779716005419768));
#8380=CARTESIAN_POINT('',(0.0142958775653176,0.0132465073301882,-0.00708879429195727));
#8381=CARTESIAN_POINT('',(0.0134249322395333,0.0124394926093722,-0.00665692487884724));
#8382=CARTESIAN_POINT('',(0.0131115934391507,0.012149154034693,-0.00650155181486757));
#8383=CARTESIAN_POINT('',(0.0183122602333403,0.0162601991330675,-0.00349713135814279));
#8384=CARTESIAN_POINT('',(0.0179909201718473,0.0164276359685175,-0.00363374786483062));
#8385=CARTESIAN_POINT('',(0.0175028834701536,0.0166824897374254,-0.0038113634322983));
#8386=CARTESIAN_POINT('',(0.0168396144054737,0.0170343674512723,-0.0039764760852086));
#8387=CARTESIAN_POINT('',(0.0163319868156901,0.0173083120200984,-0.00405607476014813));
#8388=CARTESIAN_POINT('',(0.0158232251599551,0.0175905396550872,-0.00407305039447887));
#8389=CARTESIAN_POINT('',(0.0153268206632191,0.017882128835523,-0.00397528546722388));
#8390=CARTESIAN_POINT('',(0.0148912391509146,0.0181052514119187,-0.00411359716551112));
#8391=CARTESIAN_POINT('',(0.014654160862198,0.0181871667347266,-0.00442079590960923));
#8392=CARTESIAN_POINT('',(0.0145376088022296,0.018188670528551,-0.00478650046297913));
#8393=CARTESIAN_POINT('',(0.0143845897039509,0.0181804520475937,-0.00527145867341052));
#8394=CARTESIAN_POINT('',(0.014694360473987,0.0179108469211919,-0.00576375963281608));
#8395=CARTESIAN_POINT('',(0.0151538678324933,0.0176170186504188,-0.0059855361033511));
#8396=CARTESIAN_POINT('',(0.0155676732574194,0.0173300980892796,-0.00628997937767311));
#8397=CARTESIAN_POINT('',(0.0159355061025896,0.0170539831457749,-0.00665360839039286));
#8398=CARTESIAN_POINT('',(0.0163907892603127,0.0166910610810683,-0.00718955931975421));
#8399=CARTESIAN_POINT('',(0.0166872877569975,0.0164309310674716,-0.00762914160871022));
#8400=CARTESIAN_POINT('',(0.0168704919718259,0.0162601991330757,-0.00793443780098553));
#8401=CARTESIAN_POINT('',(0.,0.0191902019685288,0.));
#8402=CARTESIAN_POINT('',(0.,0.0162601991330675,0.));
#8403=CARTESIAN_POINT('',(0.0183122602333245,0.0162601991330757,0.00349713135814958));
#8404=CARTESIAN_POINT('',(0.0184966674442385,0.0162601991330675,0.00233283005101692));
#8405=CARTESIAN_POINT('',(0.018312260233336,0.0162601991330639,0.00349713135814215));
#8406=CARTESIAN_POINT('',(0.0172263340348256,0.0153282330917327,0.00330386138030638));
#8407=CARTESIAN_POINT('',(0.0161404195802857,0.0143962737752811,0.00311049298333933));
#8408=CARTESIAN_POINT('',(0.0150545273336213,0.0134643259709999,0.00291694450153409));
#8409=CARTESIAN_POINT('',(0.0152190917429981,0.0134643259709927,0.00187792571251465));
#8410=CARTESIAN_POINT('',(0.0163116464102053,0.0143962737751965,0.00202940932594146));
#8411=CARTESIAN_POINT('',(0.0174041665499527,0.0153282330923136,0.00218107107295902));
#8412=CARTESIAN_POINT('',(0.0184966674442385,0.0162601991330675,0.00233283005101675));
#8413=CARTESIAN_POINT('',(0.0193105432553919,0.0162032924436954,0.00284295961518723));
#8414=CARTESIAN_POINT('',(0.0192775449026029,0.0161756038409809,0.00283810149270429));
#8415=CARTESIAN_POINT('',(0.0186287891595381,0.0156312390921295,0.00274258960817256));
#8416=CARTESIAN_POINT('',(0.0173642760261975,0.0145701981971411,0.00255642396159204));
#8417=CARTESIAN_POINT('',(0.0157867454204959,0.0132465073301881,0.00232417488685513));
#8418=CARTESIAN_POINT('',(0.01482497220507,0.012439492609372,0.00218257957416703));
#8419=CARTESIAN_POINT('',(0.01447895637992,0.0121491540346927,0.00213163802352772));
#8420=CARTESIAN_POINT('',(0.01918249986557,0.0163403959658174,0.00268605280719977));
#8421=CARTESIAN_POINT('',(0.0191497203166175,0.0163124730770794,0.00268146281110439));
#8422=CARTESIAN_POINT('',(0.0185052663108684,0.0157635022073025,0.00259122235738957));
#8423=CARTESIAN_POINT('',(0.0172491378483227,0.0146934833564867,0.00241533144605532));
#8424=CARTESIAN_POINT('',(0.015682067454104,0.0133585921312923,0.00219590051364458));
#8425=CARTESIAN_POINT('',(0.0147266715166819,0.0125447488871366,0.00206212003885329));
#8426=CARTESIAN_POINT('',(0.0143829500360565,0.0122519536240199,0.00201399002168144));
#8427=CARTESIAN_POINT('',(0.0189916967924831,0.0165446999395586,0.00246495805375308));
#8428=CARTESIAN_POINT('',(0.0189592432927275,0.0165164279309376,0.00246074587005675));
#8429=CARTESIAN_POINT('',(0.0183211994944916,0.0159605932782757,0.0023779333011592));
#8430=CARTESIAN_POINT('',(0.0170775653977754,0.014877195981573,0.00221652034706045));
#8431=CARTESIAN_POINT('',(0.01552608222363,0.0135256146111465,0.00201515124417514));
#8432=CARTESIAN_POINT('',(0.0145801893479649,0.0127015958847608,0.00189238252649103));
#8433=CARTESIAN_POINT('',(0.01423988677078,0.0124051398024158,0.00184821419400814));
#8434=CARTESIAN_POINT('',(0.0187361206362583,0.0168183602295397,0.0021959459586183));
#8435=CARTESIAN_POINT('',(0.0187041038716093,0.0167896205831793,0.00219219346970644));
#8436=CARTESIAN_POINT('',(0.018074646393134,0.0162245920573868,0.00211841861349074));
#8437=CARTESIAN_POINT('',(0.0168477482008323,0.0151232746521622,0.00197462138997121));
#8438=CARTESIAN_POINT('',(0.015317143735442,0.01374933723109,0.00179522861409889));
#8439=CARTESIAN_POINT('',(0.014383979983878,0.0129116886894501,0.0016858582055304));
#8440=CARTESIAN_POINT('',(0.0140482569461404,0.0126103290272423,0.00164651016426575));
#8441=CARTESIAN_POINT('',(0.01855811350407,0.0170089628433864,0.00202027476877065));
#8442=CARTESIAN_POINT('',(0.018526400922585,0.0169798974903791,0.0020168224713045));
#8443=CARTESIAN_POINT('',(0.0179029237600328,0.0164084654916889,0.00194894945284642));
#8444=CARTESIAN_POINT('',(0.0166876820164133,0.0152946668473158,0.0018166557133964));
#8445=CARTESIAN_POINT('',(0.0151716194360102,0.0139051585822289,0.0016516139930516));
#8446=CARTESIAN_POINT('',(0.0142473214366743,0.013058016962825,0.00155099299369873));
#8447=CARTESIAN_POINT('',(0.0139147880184058,0.012753241989104,0.00151479271533781));
#8448=CARTESIAN_POINT('',(0.0183883014922568,0.0171907904640906,0.00186350580424674));
#8449=CARTESIAN_POINT('',(0.0183568790899035,0.0171614143993702,0.0018603213976177));
#8450=CARTESIAN_POINT('',(0.0177391069205484,0.0165838737318756,0.00179771517899658));
#8451=CARTESIAN_POINT('',(0.0165349849841916,0.0154581684616067,0.00167568714838337));
#8452=CARTESIAN_POINT('',(0.0150327948071853,0.0140538062054732,0.00152345230955868));
#8453=CARTESIAN_POINT('',(0.0141169543971808,0.0131976085521139,0.00143063928272606));
#8454=CARTESIAN_POINT('',(0.0137874637541781,0.0128895755015288,0.00139724806788553));
#8455=CARTESIAN_POINT('',(0.018227092008975,0.0173634068559882,0.00172464721118284));
#8456=CARTESIAN_POINT('',(0.0181959450855315,0.0173337358199394,0.00172170008968768));
#8457=CARTESIAN_POINT('',(0.0175835888993899,0.0167503959434785,0.00166375895524015));
#8458=CARTESIAN_POINT('',(0.0163900234505504,0.0156133872266055,0.00155082380784024));
#8459=CARTESIAN_POINT('',(0.0149010029130743,0.0141949234696667,0.00140993270375806));
#8460=CARTESIAN_POINT('',(0.0139931916382963,0.0133301285531401,0.00132403561262825));
#8461=CARTESIAN_POINT('',(0.0136665896262162,0.0130190024770256,0.00129313253445081));
#8462=CARTESIAN_POINT('',(0.0180748866782213,0.0175263819768523,0.00160269730558034));
#8463=CARTESIAN_POINT('',(0.0180439998471601,0.0174964324447269,0.00159995857521921));
#8464=CARTESIAN_POINT('',(0.0174367571413151,0.0169076172668082,0.00154611446179172));
#8465=CARTESIAN_POINT('',(0.0162531585606862,0.0157599364430962,0.00144116496529788));
#8466=CARTESIAN_POINT('',(0.0147765720891212,0.0143281588069087,0.00131023627946079));
#8467=CARTESIAN_POINT('',(0.01387634149234,0.0134552468165144,0.00123041297669007));
#8468=CARTESIAN_POINT('',(0.0135524667703426,0.0131412004719134,0.0012016950569857));
#8469=CARTESIAN_POINT('',(0.0179320791348265,0.0176792943389215,0.00149664006782423));
#8470=CARTESIAN_POINT('',(0.0179014363369671,0.0176490835062204,0.0014940825707977));
#8471=CARTESIAN_POINT('',(0.0172989913839716,0.0170551310946275,0.00144380154936498));
#8472=CARTESIAN_POINT('',(0.0161247442758402,0.0158974371041429,0.00134579700352606));
#8473=CARTESIAN_POINT('',(0.0146598241394709,0.0144531676427403,0.00122353242083221));
#8474=CARTESIAN_POINT('',(0.0137667061582377,0.0135726397602295,0.00114899136254455));
#8475=CARTESIAN_POINT('',(0.0134453903321405,0.0132558534566104,0.0011221738286631));
#8476=CARTESIAN_POINT('',(0.0177990522618112,0.0178217339670245,0.00140544511177326));
#8477=CARTESIAN_POINT('',(0.0177686367836925,0.0177912797298247,0.00140304345103226));
#8478=CARTESIAN_POINT('',(0.0171706609927869,0.0171925419258403,0.00135582620935416));
#8479=CARTESIAN_POINT('',(0.0160051248890943,0.0160255205550711,0.00126379338673895));
#8480=CARTESIAN_POINT('',(0.0145510720784542,0.0145696148144698,0.00114897876712244));
#8481=CARTESIAN_POINT('',(0.013664579580601,0.0136819926406533,0.00107897972844302));
#8482=CARTESIAN_POINT('',(0.0133456473955347,0.0133626540336215,0.00105379627070071));
#8483=CARTESIAN_POINT('',(0.0176761758006352,0.0179533049574251,0.0013280619956711));
#8484=CARTESIAN_POINT('',(0.0176459702969725,0.0179226258883342,0.00132579256918841));
#8485=CARTESIAN_POINT('',(0.0170521226555871,0.0173194678339967,0.00128117508559705));
#8486=CARTESIAN_POINT('',(0.015894632876479,0.0161438307944124,0.00119420954489701));
#8487=CARTESIAN_POINT('',(0.0144506181769195,0.014677176663078,0.00108571656172548));
#8488=CARTESIAN_POINT('',(0.0135702456150828,0.0137830015169902,0.00101957163566263));
#8489=CARTESIAN_POINT('',(0.0132535151909687,0.0134613053561493,0.00099577476670845));
#8490=CARTESIAN_POINT('',(0.0175638020355818,0.0180736300988038,0.0012634236954613));
#8491=CARTESIAN_POINT('',(0.0175337885590979,0.0180427454150178,0.00126126472456786));
#8492=CARTESIAN_POINT('',(0.0169437162193435,0.0174355449251324,0.00121881882506549));
#8493=CARTESIAN_POINT('',(0.0157935850163187,0.0162520286291475,0.00113608599695416));
#8494=CARTESIAN_POINT('',(0.0143587504341337,0.0147755448109601,0.00103287349168183));
#8495=CARTESIAN_POINT('',(0.0134839747152192,0.0138753767988722,0.000969947915018431));
#8496=CARTESIAN_POINT('',(0.0131692578595753,0.0135515245928838,0.000947309266963978));
#8497=CARTESIAN_POINT('',(0.0174622631327589,0.0181823537215443,0.00121044369189366));
#8498=CARTESIAN_POINT('',(0.0174324231685628,0.0181512832480365,0.00120837525459244));
#8499=CARTESIAN_POINT('',(0.0168457621231195,0.0175404300864615,0.00116770926781066));
#8500=CARTESIAN_POINT('',(0.015702279996429,0.0163497942368192,0.00108844573154835));
#8501=CARTESIAN_POINT('',(0.0142757404023629,0.014864428491274,0.000989561306331173));
#8502=CARTESIAN_POINT('',(0.013406021889544,0.0139588454337959,0.000929274430594553));
#8503=CARTESIAN_POINT('',(0.0130931244579722,0.0136330450643851,0.00090758510433848));
#8504=CARTESIAN_POINT('',(0.0173718685849244,0.0182791444337082,0.00116801656150878));
#8505=CARTESIAN_POINT('',(0.0173421830892556,0.018247908561743,0.00116602062477876));
#8506=CARTESIAN_POINT('',(0.0167585589331051,0.0176338036257585,0.00112678001708317));
#8507=CARTESIAN_POINT('',(0.0156209961164727,0.0164368296257546,0.001050294738422));
#8508=CARTESIAN_POINT('',(0.0142018410979678,0.0149435567846519,0.000954876300453817));
#8509=CARTESIAN_POINT('',(0.0133366247399447,0.0140331530075685,0.000896702533451212));
#8510=CARTESIAN_POINT('',(0.0130253470424034,0.0137056182945045,0.000875773437414181));
#8511=CARTESIAN_POINT('',(0.0172929019719789,0.0183636985897636,0.00113501971021257));
#8512=CARTESIAN_POINT('',(0.0172633514164886,0.0183323182294826,0.0011330801593504));
#8513=CARTESIAN_POINT('',(0.0166823802174808,0.017715372617624,0.00109494811170401));
#8514=CARTESIAN_POINT('',(0.0155499883749554,0.0165128617541878,0.00102062356727342));
#8515=CARTESIAN_POINT('',(0.0141372843530435,0.0150126814549544,0.00092790073150157));
#8516=CARTESIAN_POINT('',(0.0132760009746492,0.0140980664072987,0.000871370392513927));
#8517=CARTESIAN_POINT('',(0.0129661382397724,0.0137690166112206,0.000851032550310494));
#8518=CARTESIAN_POINT('',(0.0172256185118858,0.0184357429129587,0.0011103065936781));
#8519=CARTESIAN_POINT('',(0.0171961829321019,0.018404239441486,0.00110840927322483));
#8520=CARTESIAN_POINT('',(0.0166174721838008,0.0177848734332765,0.00107110748581861));
#8521=CARTESIAN_POINT('',(0.0154894862669823,0.0165776448883303,0.000998401231459415));
#8522=CARTESIAN_POINT('',(0.0140822788132483,0.0150715790931115,0.000907697277144175));
#8523=CARTESIAN_POINT('',(0.0132243465280316,0.0141533758346294,0.000852397789781897));
#8524=CARTESIAN_POINT('',(0.0129156894113321,0.0138230351128841,0.00083250276937258));
#8525=CARTESIAN_POINT('',(0.0171702385555685,0.0184950414607137,0.00109273824272296));
#8526=CARTESIAN_POINT('',(0.0171408976104778,0.018463436658358,0.00109087094351948));
#8527=CARTESIAN_POINT('',(0.0165640474035523,0.0178420784600323,0.00105415938127821));
#8528=CARTESIAN_POINT('',(0.0154396879347918,0.0166309668657368,0.000982603555999147));
#8529=CARTESIAN_POINT('',(0.0140370046197564,0.0151200568114662,0.000893334807879654));
#8530=CARTESIAN_POINT('',(0.0131818305665559,0.0141989001531657,0.000838910322797964));
#8531=CARTESIAN_POINT('',(0.0128741657751902,0.0138674968908351,0.000819330100754072));
#8532=CARTESIAN_POINT('',(0.0171269562106255,0.0185413863907069,0.00108109680088606));
#8533=CARTESIAN_POINT('',(0.0170976892275186,0.0185097023929433,0.0010792493948777));
#8534=CARTESIAN_POINT('',(0.0165222931314114,0.0178867871933931,0.00104292893775188));
#8535=CARTESIAN_POINT('',(0.0154007679223037,0.0166726407920564,0.00097213542950859));
#8536=CARTESIAN_POINT('',(0.014001620459312,0.0151579446948705,0.000883817702318409));
#8537=CARTESIAN_POINT('',(0.0131486021093207,0.0142344797994713,0.000829973026245692));
#8538=CARTESIAN_POINT('',(0.0128417128723297,0.0139022461058586,0.00081060140129044));
#8539=CARTESIAN_POINT('',(0.0170846987641495,0.0185866339021621,0.00107186423172284));
#8540=CARTESIAN_POINT('',(0.0170555039916537,0.0185548725842876,0.00107003260256603));
#8541=CARTESIAN_POINT('',(0.0164815275739431,0.017930437252314,0.00103402232222751));
#8542=CARTESIAN_POINT('',(0.015362769511018,0.0167133279062414,0.000963833390707254));
#8543=CARTESIAN_POINT('',(0.0139670741733369,0.0151949354172343,0.000876269897110172));
#8544=CARTESIAN_POINT('',(0.0131161604808705,0.0142692169423264,0.000822885054694817));
#8545=CARTESIAN_POINT('',(0.0128100284336187,0.0139361724815176,0.000803678863461186));
#8546=CARTESIAN_POINT('',(0.0170340904482766,0.0186408231763174,0.00106413594757263));
#8547=CARTESIAN_POINT('',(0.0170049821565721,0.0186089692584181,0.00106231752470648));
#8548=CARTESIAN_POINT('',(0.0164327059725181,0.0179827133871486,0.00102656688329474));
#8549=CARTESIAN_POINT('',(0.0153172618961147,0.0167620555625091,0.000956884023337409));
#8550=CARTESIAN_POINT('',(0.0139257008888943,0.0152392362048558,0.000869951874214444));
#8551=CARTESIAN_POINT('',(0.0130773077740233,0.0143108188005725,0.000816951943637071));
#8552=CARTESIAN_POINT('',(0.0127720825515017,0.0139768033496593,0.000797884231605286));
#8553=CARTESIAN_POINT('',(0.016951132237708,0.0187296513686491,0.00104536022759019));
#8554=CARTESIAN_POINT('',(0.0169221657071265,0.0186976456588509,0.00104357388915707));
#8555=CARTESIAN_POINT('',(0.0163526765816669,0.0180684055214653,0.00100845403560083));
#8556=CARTESIAN_POINT('',(0.015242664861329,0.0168419309564924,0.000940000666921488));
#8557=CARTESIAN_POINT('',(0.0138578809351278,0.0153118549831033,0.000854602357241813));
#8558=CARTESIAN_POINT('',(0.0130136196038047,0.0143790134373016,0.000802537562685245));
#8559=CARTESIAN_POINT('',(0.0127098808673598,0.0140434063190873,0.000783806283251787));
#8560=CARTESIAN_POINT('',(0.016845692427279,0.0188425519205776,0.00101205298525716));
#8561=CARTESIAN_POINT('',(0.0168169060749565,0.0188103532834136,0.00101032356309607));
#8562=CARTESIAN_POINT('',(0.0162509592984436,0.0181773201464997,0.000976322697465931));
#8563=CARTESIAN_POINT('',(0.0151478520977405,0.016943452509836,0.00091005038836676));
#8564=CARTESIAN_POINT('',(0.0137716818353711,0.0154041533844251,0.000827373037568298));
#8565=CARTESIAN_POINT('',(0.0129326719971919,0.0144656887587641,0.000776967130238876));
#8566=CARTESIAN_POINT('',(0.012630822583203,0.014128058632853,0.000758832666378492));
#8567=CARTESIAN_POINT('',(0.0167260990046839,0.0189706075701759,0.000954937632679434));
#8568=CARTESIAN_POINT('',(0.0166975170166766,0.0189381901082255,0.000953305810701259));
#8569=CARTESIAN_POINT('',(0.0161355880929355,0.0183008548221173,0.000921223788705502));
#8570=CARTESIAN_POINT('',(0.0150403122334605,0.0170586017118512,0.000858691566692166));
#8571=CARTESIAN_POINT('',(0.0136739118818537,0.0155088413734231,0.00078068012381536));
#8572=CARTESIAN_POINT('',(0.0128408584659808,0.0145639988591528,0.000733118880956136));
#8573=CARTESIAN_POINT('',(0.0125411519858418,0.0142240741690404,0.000716007838114495));
#8574=CARTESIAN_POINT('',(0.0166135306859868,0.0190911410314829,0.000877530559969744));
#8575=CARTESIAN_POINT('',(0.0165851410576167,0.019058517598855,0.000876031013187552));
#8576=CARTESIAN_POINT('',(0.016026993971718,0.0184171328784963,0.000846549554123149));
#8577=CARTESIAN_POINT('',(0.0149390894282908,0.0171669868704068,0.00078908618277653));
#8578=CARTESIAN_POINT('',(0.0135818850876729,0.0156073798269062,0.000717398333424892));
#8579=CARTESIAN_POINT('',(0.0127544382045835,0.0146565340711365,0.000673692396355471));
#8580=CARTESIAN_POINT('',(0.0124567487790226,0.0143144496030975,0.000657968371568261));
#8581=CARTESIAN_POINT('',(0.0165062638313711,0.0192059979061347,0.000770504798120163));
#8582=CARTESIAN_POINT('',(0.0164780575033599,0.0191731782031264,0.000769188139711452));
#8583=CARTESIAN_POINT('',(0.0159235141476646,0.0185279347587496,0.000743302311113653));
#8584=CARTESIAN_POINT('',(0.0148426337642851,0.0172702675730045,0.00069284731232677));
#8585=CARTESIAN_POINT('',(0.0134941923436895,0.0157012775601776,0.000629902687476035));
#8586=CARTESIAN_POINT('',(0.012672087950778,0.0147447112887193,0.000591527232814388));
#8587=CARTESIAN_POINT('',(0.0123763205855507,0.0144005687586294,0.000577720948341829));
#8588=CARTESIAN_POINT('',(0.0164082549132946,0.0193109417684172,0.000618056259985654));
#8589=CARTESIAN_POINT('',(0.0163802160654425,0.0192779427346389,0.000617000109558361));
#8590=CARTESIAN_POINT('',(0.0158289654109225,0.0186291736031566,0.000596235932036277));
#8591=CARTESIAN_POINT('',(0.0147545029497347,0.0173646343739704,0.000555763727419398));
#8592=CARTESIAN_POINT('',(0.0134140681432385,0.0157870712126599,0.000505273036749648));
#8593=CARTESIAN_POINT('',(0.0125968451434102,0.0148252781490533,0.000474490373174686));
#8594=CARTESIAN_POINT('',(0.0123028339502497,0.0144792551831506,0.000463415736694516));
#8595=CARTESIAN_POINT('',(0.0163422263239078,0.0193816424283909,0.000429312822810769));
#8596=CARTESIAN_POINT('',(0.0163143003074067,0.0193485225795071,0.000428579202021515));
#8597=CARTESIAN_POINT('',(0.0157652679450396,0.0186973781932954,0.000414156036619781));
#8598=CARTESIAN_POINT('',(0.0146951292368065,0.0174282092697557,0.000386043326605567));
#8599=CARTESIAN_POINT('',(0.0133600884846997,0.0158448703799492,0.000350971598770306));
#8600=CARTESIAN_POINT('',(0.0125461540784591,0.0148795560274707,0.000329589415547524));
#8601=CARTESIAN_POINT('',(0.0122533260180846,0.0145322662123202,0.000321896776937221));
#8602=CARTESIAN_POINT('',(0.0163230796422591,0.0194021438966403,0.000136334721648333));
#8603=CARTESIAN_POINT('',(0.0162951863440999,0.0193689890143205,0.000136101749370814));
#8604=CARTESIAN_POINT('',(0.0157467972323921,0.0187171558621278,0.000131521457015559));
#8605=CARTESIAN_POINT('',(0.0146779123071356,0.0174466444400623,0.000122593844582568));
#8606=CARTESIAN_POINT('',(0.0133444356993359,0.0158616307297602,0.000111456291735109));
#8607=CARTESIAN_POINT('',(0.0125314549050849,0.014895295289331,0.000104666058965387));
#8608=CARTESIAN_POINT('',(0.0122389699243825,0.0145476381187747,0.0001022231462734));
#8609=CARTESIAN_POINT('',(0.0163230796422591,0.0194021438966403,-0.000136334721648331));
#8610=CARTESIAN_POINT('',(0.0162951863440999,0.0193689890143205,-0.000136101749370812));
#8611=CARTESIAN_POINT('',(0.0157467972323921,0.0187171558621278,-0.000131521457015557));
#8612=CARTESIAN_POINT('',(0.0146779123071356,0.0174466444400623,-0.000122593844582567));
#8613=CARTESIAN_POINT('',(0.0133444356993359,0.0158616307297602,-0.000111456291735106));
#8614=CARTESIAN_POINT('',(0.0125314549050849,0.014895295289331,-0.000104666058965385));
#8615=CARTESIAN_POINT('',(0.0122389699243825,0.0145476381187747,-0.000102223146273399));
#8616=CARTESIAN_POINT('',(0.0163422263239078,0.0193816424283909,-0.000429312822810767));
#8617=CARTESIAN_POINT('',(0.0163143003074067,0.0193485225795071,-0.000428579202021513));
#8618=CARTESIAN_POINT('',(0.0157652679450396,0.0186973781932954,-0.000414156036619779));
#8619=CARTESIAN_POINT('',(0.0146951292368065,0.0174282092697557,-0.000386043326605566));
#8620=CARTESIAN_POINT('',(0.0133600884846997,0.0158448703799492,-0.000350971598770305));
#8621=CARTESIAN_POINT('',(0.0125461540784591,0.0148795560274707,-0.000329589415547523));
#8622=CARTESIAN_POINT('',(0.0122533260180846,0.0145322662123202,-0.00032189677693722));
#8623=CARTESIAN_POINT('',(0.0164082549132946,0.0193109417684172,-0.000618056259985653));
#8624=CARTESIAN_POINT('',(0.0163802160654425,0.0192779427346389,-0.000617000109558359));
#8625=CARTESIAN_POINT('',(0.0158289654109225,0.0186291736031566,-0.000596235932036275));
#8626=CARTESIAN_POINT('',(0.0147545029497347,0.0173646343739704,-0.000555763727419395));
#8627=CARTESIAN_POINT('',(0.0134140681432385,0.0157870712126599,-0.000505273036749646));
#8628=CARTESIAN_POINT('',(0.0125968451434102,0.0148252781490533,-0.000474490373174685));
#8629=CARTESIAN_POINT('',(0.0123028339502497,0.0144792551831506,-0.000463415736694515));
#8630=CARTESIAN_POINT('',(0.0165062638313711,0.0192059979061347,-0.00077050479812016));
#8631=CARTESIAN_POINT('',(0.0164780575033599,0.0191731782031264,-0.000769188139711449));
#8632=CARTESIAN_POINT('',(0.0159235141476646,0.0185279347587496,-0.00074330231111365));
#8633=CARTESIAN_POINT('',(0.0148426337642851,0.0172702675730045,-0.000692847312326768));
#8634=CARTESIAN_POINT('',(0.0134941923436895,0.0157012775601776,-0.000629902687476033));
#8635=CARTESIAN_POINT('',(0.012672087950778,0.0147447112887193,-0.000591527232814386));
#8636=CARTESIAN_POINT('',(0.0123763205855507,0.0144005687586294,-0.000577720948341828));
#8637=CARTESIAN_POINT('',(0.0166135306859868,0.0190911410314829,-0.000877530559969742));
#8638=CARTESIAN_POINT('',(0.0165851410576167,0.019058517598855,-0.00087603101318755));
#8639=CARTESIAN_POINT('',(0.016026993971718,0.0184171328784963,-0.000846549554123147));
#8640=CARTESIAN_POINT('',(0.0149390894282908,0.0171669868704068,-0.000789086182776529));
#8641=CARTESIAN_POINT('',(0.0135818850876729,0.0156073798269062,-0.000717398333424891));
#8642=CARTESIAN_POINT('',(0.0127544382045835,0.0146565340711365,-0.00067369239635547));
#8643=CARTESIAN_POINT('',(0.0124567487790226,0.0143144496030975,-0.00065796837156826));
#8644=CARTESIAN_POINT('',(0.0167260990046839,0.0189706075701759,-0.000954937632679432));
#8645=CARTESIAN_POINT('',(0.0166975170166766,0.0189381901082255,-0.000953305810701257));
#8646=CARTESIAN_POINT('',(0.0161355880929355,0.0183008548221173,-0.0009212237887055));
#8647=CARTESIAN_POINT('',(0.0150403122334605,0.0170586017118512,-0.000858691566692164));
#8648=CARTESIAN_POINT('',(0.0136739118818537,0.0155088413734231,-0.000780680123815358));
#8649=CARTESIAN_POINT('',(0.0128408584659808,0.0145639988591528,-0.000733118880956135));
#8650=CARTESIAN_POINT('',(0.0125411519858418,0.0142240741690404,-0.000716007838114494));
#8651=CARTESIAN_POINT('',(0.016845692427279,0.0188425519205776,-0.00101205298525716));
#8652=CARTESIAN_POINT('',(0.0168169060749565,0.0188103532834136,-0.00101032356309606));
#8653=CARTESIAN_POINT('',(0.0162509592984436,0.0181773201464997,-0.000976322697465929));
#8654=CARTESIAN_POINT('',(0.0151478520977405,0.016943452509836,-0.000910050388366758));
#8655=CARTESIAN_POINT('',(0.0137716818353711,0.0154041533844251,-0.000827373037568297));
#8656=CARTESIAN_POINT('',(0.0129326719971919,0.0144656887587641,-0.000776967130238876));
#8657=CARTESIAN_POINT('',(0.012630822583203,0.014128058632853,-0.000758832666378492));
#8658=CARTESIAN_POINT('',(0.016951132237708,0.0187296513686491,-0.00104536022759019));
#8659=CARTESIAN_POINT('',(0.0169221657071265,0.0186976456588509,-0.00104357388915706));
#8660=CARTESIAN_POINT('',(0.0163526765816669,0.0180684055214653,-0.00100845403560083));
#8661=CARTESIAN_POINT('',(0.015242664861329,0.0168419309564924,-0.000940000666921487));
#8662=CARTESIAN_POINT('',(0.0138578809351278,0.0153118549831033,-0.000854602357241811));
#8663=CARTESIAN_POINT('',(0.0130136196038047,0.0143790134373016,-0.000802537562685243));
#8664=CARTESIAN_POINT('',(0.0127098808673598,0.0140434063190873,-0.000783806283251785));
#8665=CARTESIAN_POINT('',(0.0170340904482766,0.0186408231763174,-0.00106413594757263));
#8666=CARTESIAN_POINT('',(0.0170049821565721,0.0186089692584181,-0.00106231752470648));
#8667=CARTESIAN_POINT('',(0.0164327059725181,0.0179827133871486,-0.00102656688329474));
#8668=CARTESIAN_POINT('',(0.0153172618961147,0.0167620555625091,-0.000956884023337406));
#8669=CARTESIAN_POINT('',(0.0139257008888943,0.0152392362048558,-0.000869951874214443));
#8670=CARTESIAN_POINT('',(0.0130773077740233,0.0143108188005725,-0.000816951943637069));
#8671=CARTESIAN_POINT('',(0.0127720825515017,0.0139768033496593,-0.000797884231605285));
#8672=CARTESIAN_POINT('',(0.0170846987641495,0.0185866339021621,-0.00107186423172283));
#8673=CARTESIAN_POINT('',(0.0170555039916537,0.0185548725842876,-0.00107003260256603));
#8674=CARTESIAN_POINT('',(0.0164815275739431,0.017930437252314,-0.0010340223222275));
#8675=CARTESIAN_POINT('',(0.015362769511018,0.0167133279062414,-0.000963833390707252));
#8676=CARTESIAN_POINT('',(0.0139670741733369,0.0151949354172343,-0.00087626989711017));
#8677=CARTESIAN_POINT('',(0.0131161604808705,0.0142692169423264,-0.000822885054694815));
#8678=CARTESIAN_POINT('',(0.0128100284336187,0.0139361724815176,-0.000803678863461184));
#8679=CARTESIAN_POINT('',(0.0171269562106255,0.0185413863907069,-0.00108109680088606));
#8680=CARTESIAN_POINT('',(0.0170976892275186,0.0185097023929433,-0.0010792493948777));
#8681=CARTESIAN_POINT('',(0.0165222931314114,0.0178867871933931,-0.00104292893775188));
#8682=CARTESIAN_POINT('',(0.0154007679223037,0.0166726407920564,-0.000972135429508588));
#8683=CARTESIAN_POINT('',(0.014001620459312,0.0151579446948705,-0.000883817702318407));
#8684=CARTESIAN_POINT('',(0.0131486021093207,0.0142344797994713,-0.00082997302624569));
#8685=CARTESIAN_POINT('',(0.0128417128723297,0.0139022461058586,-0.000810601401290438));
#8686=CARTESIAN_POINT('',(0.0171702385555685,0.0184950414607137,-0.00109273824272295));
#8687=CARTESIAN_POINT('',(0.0171408976104778,0.018463436658358,-0.00109087094351948));
#8688=CARTESIAN_POINT('',(0.0165640474035523,0.0178420784600323,-0.00105415938127821));
#8689=CARTESIAN_POINT('',(0.0154396879347918,0.0166309668657368,-0.000982603555999145));
#8690=CARTESIAN_POINT('',(0.0140370046197564,0.0151200568114662,-0.000893334807879652));
#8691=CARTESIAN_POINT('',(0.0131818305665559,0.0141989001531657,-0.000838910322797962));
#8692=CARTESIAN_POINT('',(0.0128741657751902,0.0138674968908351,-0.00081933010075407));
#8693=CARTESIAN_POINT('',(0.0172256185118858,0.0184357429129587,-0.0011103065936781));
#8694=CARTESIAN_POINT('',(0.0171961829321019,0.018404239441486,-0.00110840927322483));
#8695=CARTESIAN_POINT('',(0.0166174721838008,0.0177848734332765,-0.0010711074858186));
#8696=CARTESIAN_POINT('',(0.0154894862669823,0.0165776448883303,-0.000998401231459413));
#8697=CARTESIAN_POINT('',(0.0140822788132483,0.0150715790931115,-0.000907697277144173));
#8698=CARTESIAN_POINT('',(0.0132243465280316,0.0141533758346294,-0.000852397789781894));
#8699=CARTESIAN_POINT('',(0.0129156894113321,0.0138230351128841,-0.000832502769372577));
#8700=CARTESIAN_POINT('',(0.0172929019719789,0.0183636985897636,-0.00113501971021257));
#8701=CARTESIAN_POINT('',(0.0172633514164886,0.0183323182294826,-0.00113308015935039));
#8702=CARTESIAN_POINT('',(0.0166823802174808,0.017715372617624,-0.00109494811170401));
#8703=CARTESIAN_POINT('',(0.0155499883749554,0.0165128617541878,-0.00102062356727342));
#8704=CARTESIAN_POINT('',(0.0141372843530435,0.0150126814549544,-0.000927900731501568));
#8705=CARTESIAN_POINT('',(0.0132760009746492,0.0140980664072987,-0.000871370392513926));
#8706=CARTESIAN_POINT('',(0.0129661382397724,0.0137690166112206,-0.000851032550310493));
#8707=CARTESIAN_POINT('',(0.0173718685849244,0.0182791444337082,-0.00116801656150878));
#8708=CARTESIAN_POINT('',(0.0173421830892556,0.018247908561743,-0.00116602062477876));
#8709=CARTESIAN_POINT('',(0.0167585589331051,0.0176338036257585,-0.00112678001708317));
#8710=CARTESIAN_POINT('',(0.0156209961164727,0.0164368296257546,-0.001050294738422));
#8711=CARTESIAN_POINT('',(0.0142018410979678,0.0149435567846519,-0.000954876300453815));
#8712=CARTESIAN_POINT('',(0.0133366247399447,0.0140331530075685,-0.00089670253345121));
#8713=CARTESIAN_POINT('',(0.0130253470424034,0.0137056182945045,-0.000875773437414179));
#8714=CARTESIAN_POINT('',(0.0174622631327589,0.0181823537215443,-0.00121044369189366));
#8715=CARTESIAN_POINT('',(0.0174324231685628,0.0181512832480365,-0.00120837525459243));
#8716=CARTESIAN_POINT('',(0.0168457621231195,0.0175404300864615,-0.00116770926781066));
#8717=CARTESIAN_POINT('',(0.015702279996429,0.0163497942368192,-0.00108844573154835));
#8718=CARTESIAN_POINT('',(0.0142757404023629,0.014864428491274,-0.000989561306331172));
#8719=CARTESIAN_POINT('',(0.013406021889544,0.0139588454337959,-0.000929274430594551));
#8720=CARTESIAN_POINT('',(0.0130931244579722,0.0136330450643851,-0.000907585104338478));
#8721=CARTESIAN_POINT('',(0.0175638020355818,0.0180736300988038,-0.0012634236954613));
#8722=CARTESIAN_POINT('',(0.0175337885590979,0.0180427454150179,-0.00126126472456786));
#8723=CARTESIAN_POINT('',(0.0169437162193435,0.0174355449251324,-0.00121881882506548));
#8724=CARTESIAN_POINT('',(0.0157935850163187,0.0162520286291475,-0.00113608599695416));
#8725=CARTESIAN_POINT('',(0.0143587504341337,0.0147755448109601,-0.00103287349168183));
#8726=CARTESIAN_POINT('',(0.0134839747152192,0.0138753767988723,-0.00096994791501843));
#8727=CARTESIAN_POINT('',(0.0131692578595753,0.0135515245928838,-0.000947309266963976));
#8728=CARTESIAN_POINT('',(0.0176761758006352,0.0179533049574251,-0.00132806199567109));
#8729=CARTESIAN_POINT('',(0.0176459702969725,0.0179226258883342,-0.00132579256918841));
#8730=CARTESIAN_POINT('',(0.0170521226555871,0.0173194678339967,-0.00128117508559705));
#8731=CARTESIAN_POINT('',(0.015894632876479,0.0161438307944124,-0.00119420954489701));
#8732=CARTESIAN_POINT('',(0.0144506181769195,0.014677176663078,-0.00108571656172548));
#8733=CARTESIAN_POINT('',(0.0135702456150828,0.0137830015169902,-0.00101957163566262));
#8734=CARTESIAN_POINT('',(0.0132535151909687,0.0134613053561493,-0.000995774766708449));
#8735=CARTESIAN_POINT('',(0.0177990522618112,0.0178217339670245,-0.00140544511177325));
#8736=CARTESIAN_POINT('',(0.0177686367836925,0.0177912797298247,-0.00140304345103225));
#8737=CARTESIAN_POINT('',(0.0171706609927869,0.0171925419258403,-0.00135582620935415));
#8738=CARTESIAN_POINT('',(0.0160051248890943,0.0160255205550711,-0.00126379338673895));
#8739=CARTESIAN_POINT('',(0.0145510720784542,0.0145696148144698,-0.00114897876712243));
#8740=CARTESIAN_POINT('',(0.013664579580601,0.0136819926406533,-0.00107897972844302));
#8741=CARTESIAN_POINT('',(0.0133456473955347,0.0133626540336215,-0.00105379627070071));
#8742=CARTESIAN_POINT('',(0.0179320791348265,0.0176792943389215,-0.00149664006782422));
#8743=CARTESIAN_POINT('',(0.0179014363369671,0.0176490835062204,-0.0014940825707977));
#8744=CARTESIAN_POINT('',(0.0172989913839716,0.0170551310946275,-0.00144380154936498));
#8745=CARTESIAN_POINT('',(0.0161247442758402,0.0158974371041429,-0.00134579700352606));
#8746=CARTESIAN_POINT('',(0.0146598241394709,0.0144531676427403,-0.00122353242083221));
#8747=CARTESIAN_POINT('',(0.0137667061582377,0.0135726397602295,-0.00114899136254455));
#8748=CARTESIAN_POINT('',(0.0134453903321405,0.0132558534566104,-0.0011221738286631));
#8749=CARTESIAN_POINT('',(0.0180748866782213,0.0175263819768523,-0.00160269730558034));
#8750=CARTESIAN_POINT('',(0.0180439998471601,0.0174964324447269,-0.00159995857521921));
#8751=CARTESIAN_POINT('',(0.0174367571413151,0.0169076172668082,-0.00154611446179172));
#8752=CARTESIAN_POINT('',(0.0162531585606862,0.0157599364430962,-0.00144116496529787));
#8753=CARTESIAN_POINT('',(0.0147765720891212,0.0143281588069087,-0.00131023627946079));
#8754=CARTESIAN_POINT('',(0.01387634149234,0.0134552468165144,-0.00123041297669007));
#8755=CARTESIAN_POINT('',(0.0135524667703426,0.0131412004719134,-0.0012016950569857));
#8756=CARTESIAN_POINT('',(0.018227092008975,0.0173634068559882,-0.00172464721118284));
#8757=CARTESIAN_POINT('',(0.0181959450855315,0.0173337358199394,-0.00172170008968768));
#8758=CARTESIAN_POINT('',(0.0175835888993899,0.0167503959434785,-0.00166375895524014));
#8759=CARTESIAN_POINT('',(0.0163900234505504,0.0156133872266055,-0.00155082380784024));
#8760=CARTESIAN_POINT('',(0.0149010029130743,0.0141949234696667,-0.00140993270375805));
#8761=CARTESIAN_POINT('',(0.0139931916382963,0.0133301285531401,-0.00132403561262825));
#8762=CARTESIAN_POINT('',(0.0136665896262162,0.0130190024770256,-0.00129313253445081));
#8763=CARTESIAN_POINT('',(0.0183883014922568,0.0171907904640906,-0.00186350580424673));
#8764=CARTESIAN_POINT('',(0.0183568790899035,0.0171614143993702,-0.00186032139761769));
#8765=CARTESIAN_POINT('',(0.0177391069205484,0.0165838737318756,-0.00179771517899657));
#8766=CARTESIAN_POINT('',(0.0165349849841916,0.0154581684616067,-0.00167568714838337));
#8767=CARTESIAN_POINT('',(0.0150327948071853,0.0140538062054732,-0.00152345230955867));
#8768=CARTESIAN_POINT('',(0.0141169543971808,0.0131976085521139,-0.00143063928272606));
#8769=CARTESIAN_POINT('',(0.0137874637541781,0.0128895755015288,-0.00139724806788552));
#8770=CARTESIAN_POINT('',(0.01855811350407,0.0170089628433864,-0.00202027476877065));
#8771=CARTESIAN_POINT('',(0.018526400922585,0.0169798974903791,-0.0020168224713045));
#8772=CARTESIAN_POINT('',(0.0179029237600328,0.0164084654916889,-0.00194894945284641));
#8773=CARTESIAN_POINT('',(0.0166876820164133,0.0152946668473158,-0.00181665571339639));
#8774=CARTESIAN_POINT('',(0.0151716194360102,0.0139051585822289,-0.0016516139930516));
#8775=CARTESIAN_POINT('',(0.0142473214366743,0.013058016962825,-0.00155099299369873));
#8776=CARTESIAN_POINT('',(0.0139147880184058,0.012753241989104,-0.00151479271533781));
#8777=CARTESIAN_POINT('',(0.0187361206362583,0.0168183602295397,-0.0021959459586183));
#8778=CARTESIAN_POINT('',(0.0187041038716093,0.0167896205831793,-0.00219219346970643));
#8779=CARTESIAN_POINT('',(0.018074646393134,0.0162245920573868,-0.00211841861349073));
#8780=CARTESIAN_POINT('',(0.0168477482008323,0.0151232746521622,-0.00197462138997121));
#8781=CARTESIAN_POINT('',(0.015317143735442,0.01374933723109,-0.00179522861409889));
#8782=CARTESIAN_POINT('',(0.014383979983878,0.0129116886894501,-0.0016858582055304));
#8783=CARTESIAN_POINT('',(0.0140482569461404,0.0126103290272423,-0.00164651016426574));
#8784=CARTESIAN_POINT('',(0.0189916967924831,0.0165446999395586,-0.00246495805375308));
#8785=CARTESIAN_POINT('',(0.0189592432927275,0.0165164279309376,-0.00246074587005674));
#8786=CARTESIAN_POINT('',(0.0183211994944916,0.0159605932782757,-0.0023779333011592));
#8787=CARTESIAN_POINT('',(0.0170775653977754,0.014877195981573,-0.00221652034706045));
#8788=CARTESIAN_POINT('',(0.01552608222363,0.0135256146111465,-0.00201515124417514));
#8789=CARTESIAN_POINT('',(0.0145801893479649,0.0127015958847608,-0.00189238252649103));
#8790=CARTESIAN_POINT('',(0.01423988677078,0.0124051398024158,-0.00184821419400814));
#8791=CARTESIAN_POINT('',(0.01918249986557,0.0163403959658174,-0.00268605280719977));
#8792=CARTESIAN_POINT('',(0.0191497203166175,0.0163124730770794,-0.00268146281110439));
#8793=CARTESIAN_POINT('',(0.0185052663108684,0.0157635022073025,-0.00259122235738957));
#8794=CARTESIAN_POINT('',(0.0172491378483227,0.0146934833564867,-0.00241533144605531));
#8795=CARTESIAN_POINT('',(0.015682067454104,0.0133585921312923,-0.00219590051364457));
#8796=CARTESIAN_POINT('',(0.0147266715166819,0.0125447488871366,-0.00206212003885329));
#8797=CARTESIAN_POINT('',(0.0143829500360565,0.0122519536240199,-0.00201399002168144));
#8798=CARTESIAN_POINT('',(0.0193105432553919,0.0162032924436954,-0.00284295961518723));
#8799=CARTESIAN_POINT('',(0.0192775449026029,0.0161756038409809,-0.00283810149270429));
#8800=CARTESIAN_POINT('',(0.0186287891595381,0.0156312390921295,-0.00274258960817256));
#8801=CARTESIAN_POINT('',(0.0173642760261975,0.0145701981971411,-0.00255642396159204));
#8802=CARTESIAN_POINT('',(0.0157867454204959,0.0132465073301881,-0.00232417488685513));
#8803=CARTESIAN_POINT('',(0.01482497220507,0.012439492609372,-0.00218257957416703));
#8804=CARTESIAN_POINT('',(0.01447895637992,0.0121491540346927,-0.00213163802352772));
#8805=CARTESIAN_POINT('',(0.0184966674442385,0.0162601991330675,0.00233283005101686));
#8806=CARTESIAN_POINT('',(0.0182332717070875,0.0164276359685176,0.00210360049212296));
#8807=CARTESIAN_POINT('',(0.0178240074505633,0.0166824897374257,0.00178386641458507));
#8808=CARTESIAN_POINT('',(0.0172442237002776,0.0170343674512729,0.00142187353728253));
#8809=CARTESIAN_POINT('',(0.0167860385164483,0.0173083120200992,0.00118930514673595));
#8810=CARTESIAN_POINT('',(0.0163074231880184,0.0175905396550883,0.0010159443613794));
#8811=CARTESIAN_POINT('',(0.0158051034327036,0.0178821288355242,0.00095552690693448));
#8812=CARTESIAN_POINT('',(0.0154335814623403,0.01810525141192,0.000689382575259449));
#8813=CARTESIAN_POINT('',(0.0153030362435631,0.0181871667347268,0.000323957987675489));
#8814=CARTESIAN_POINT('',(0.0153051975693541,0.0181886705285511,-5.9864278105594E-5));
#8815=CARTESIAN_POINT('',(0.0153095280874055,0.0181804520475926,-0.000568372446099444));
#8816=CARTESIAN_POINT('',(0.01575626695961,0.0179108469211906,-0.000940854049215823));
#8817=CARTESIAN_POINT('',(0.0162618171255504,0.0176170186504177,-0.0010097804238599));
#8818=CARTESIAN_POINT('',(0.0167494476169927,0.0173300980892788,-0.00117145027507978));
#8819=CARTESIAN_POINT('',(0.0172116449858773,0.0170539831457743,-0.00140361541689398));
#8820=CARTESIAN_POINT('',(0.0178102629451126,0.0166910610810678,-0.00177264480768832));
#8821=CARTESIAN_POINT('',(0.0182280881701695,0.0164309310674715,-0.0020990893337653));
#8822=CARTESIAN_POINT('',(0.0184966674442256,0.0162601991330757,-0.00233283005100555));
#8823=CARTESIAN_POINT('',(0.,0.0191902019685288,0.));
#8824=CARTESIAN_POINT('',(0.,0.0162601991330675,0.));
#8825=CARTESIAN_POINT('',(0.0163353214017661,0.0162601991330757,0.00898476918402208));
#8826=CARTESIAN_POINT('',(0.0168704919718346,0.0162601991330675,0.00793443780100031));
#8827=CARTESIAN_POINT('',(0.0163353214017793,0.0162601991330639,0.00898476918401856));
#8828=CARTESIAN_POINT('',(0.0153622679221242,0.0153282330917327,0.00846538886221695));
#8829=CARTESIAN_POINT('',(0.0143892560248327,0.0143962737752811,0.00794591856734566));
#8830=CARTESIAN_POINT('',(0.0134163208977614,0.0134643259709999,0.00742628386422645));
#8831=CARTESIAN_POINT('',(0.0138939054149391,0.0134643259709999,0.00648897147354688));
#8832=CARTESIAN_POINT('',(0.0148861756396744,0.0143962737752014,0.00697065891065782));
#8833=CARTESIAN_POINT('',(0.0158783579805373,0.015328233092316,0.00745250509330916));
#8834=CARTESIAN_POINT('',(0.0168704919718347,0.0162601991330675,0.00793443780100016));
#8835=CARTESIAN_POINT('',(0.0174868951608254,0.0162032924436954,0.0086711013041164));
#8836=CARTESIAN_POINT('',(0.0174570131047864,0.0161756038409809,0.00865628390327387));
#8837=CARTESIAN_POINT('',(0.0168695245233458,0.0156312390921295,0.00836497015330096));
#8838=CARTESIAN_POINT('',(0.0157244294165036,0.0145701981971411,0.00779716005419768));
#8839=CARTESIAN_POINT('',(0.0142958775653175,0.0132465073301881,0.00708879429195721));
#8840=CARTESIAN_POINT('',(0.0134249322395331,0.0124394926093719,0.00665692487884712));
#8841=CARTESIAN_POINT('',(0.0131115934391503,0.0121491540346927,0.00650155181486739));
#8842=CARTESIAN_POINT('',(0.017413605530768,0.0163403959658174,0.00848230647845649));
#8843=CARTESIAN_POINT('',(0.0173838487139331,0.0163124730770794,0.00846781169506596));
#8844=CARTESIAN_POINT('',(0.0167988223660909,0.0157635022073025,0.00818284068365757));
#8845=CARTESIAN_POINT('',(0.0156585264872414,0.0146934833564867,0.00762739344423133));
#8846=CARTESIAN_POINT('',(0.0142359618645329,0.0133585921312922,0.00693445084288994));
#8847=CARTESIAN_POINT('',(0.0133686667728317,0.0125447488871366,0.00651198446956641));
#8848=CARTESIAN_POINT('',(0.0130566412121379,0.0122519536240198,0.00635999432426074));
#8849=CARTESIAN_POINT('',(0.0173004630609617,0.0165446999395586,0.00821307148030955));
#8850=CARTESIAN_POINT('',(0.0172708995848882,0.0165164279309376,0.00819903677260589));
#8851=CARTESIAN_POINT('',(0.0166896743640314,0.0159605932782757,0.0079231109625143));
#8852=CARTESIAN_POINT('',(0.0155567873983914,0.014877195981573,0.0073852940500348));
#8853=CARTESIAN_POINT('',(0.0141434656906317,0.0135256146111465,0.00671434598525748));
#8854=CARTESIAN_POINT('',(0.0132818057276552,0.0127015958847607,0.00630528902286809));
#8855=CARTESIAN_POINT('',(0.0129718075094619,0.0124051398024158,0.00615812316286662));
#8856=CARTESIAN_POINT('',(0.0171405250012636,0.0168183602295397,0.00787824839863893));
#8857=CARTESIAN_POINT('',(0.0171112348314584,0.0167896205831793,0.00786478584522552));
#8858=CARTESIAN_POINT('',(0.016535382879152,0.0162245920573868,0.00760010872939757));
#8859=CARTESIAN_POINT('',(0.0154129691443442,0.0151232746521622,0.00708421705115506));
#8860=CARTESIAN_POINT('',(0.0140127132100769,0.01374933723109,0.00644062159121362));
#8861=CARTESIAN_POINT('',(0.0131590190583109,0.0129116886894501,0.00604824069368673));
#8862=CARTESIAN_POINT('',(0.0128518866890462,0.0126103290272422,0.0059070743585744));
#8863=CARTESIAN_POINT('',(0.0170255155413338,0.0170089628433864,0.00765616793984284));
#8864=CARTESIAN_POINT('',(0.0169964219026507,0.0169798974903791,0.00764308488322712));
#8865=CARTESIAN_POINT('',(0.0164244338006072,0.0164084654916889,0.00738586876790862));
#8866=CARTESIAN_POINT('',(0.0153095512352035,0.0152946668473158,0.00688451959388736));
#8867=CARTESIAN_POINT('',(0.0139186907353672,0.0139051585822289,0.00625906648841237));
#8868=CARTESIAN_POINT('',(0.0130707246988913,0.0130580169628249,0.00587774644164016));
#8869=CARTESIAN_POINT('',(0.0127656531257757,0.0127532419891039,0.00574055945357071));
#8870=CARTESIAN_POINT('',(0.0169124589951821,0.0171907904640906,0.00745459699708025));
#8871=CARTESIAN_POINT('',(0.0168835585504318,0.0171614143993702,0.00744185839007391));
#8872=CARTESIAN_POINT('',(0.0163153686886883,0.0165838737318756,0.0071914142389111));
#8873=CARTESIAN_POINT('',(0.0152078894099517,0.0154581684616067,0.00670326454359181));
#8874=CARTESIAN_POINT('',(0.0138262648057281,0.0140538062054732,0.00609427831464239));
#8875=CARTESIAN_POINT('',(0.0129839296184975,0.0131976085521139,0.00572299762984944));
#8876=CARTESIAN_POINT('',(0.0126808838482601,0.0128895755015288,0.00558942248921297));
#8877=CARTESIAN_POINT('',(0.0168020493306902,0.0173634068559882,0.00727271815731479));
#8878=CARTESIAN_POINT('',(0.0167733375568131,0.0173337358199394,0.00726029034954595));
#8879=CARTESIAN_POINT('',(0.0162088570109072,0.0167503959434785,0.00701595658793972));
#8880=CARTESIAN_POINT('',(0.0151086076929724,0.0156133872266055,0.00653971687249611));
#8881=CARTESIAN_POINT('',(0.0137360027534261,0.0141949234696667,0.00594558881881731));
#8882=CARTESIAN_POINT('',(0.0128991665859087,0.0133301285531401,0.00558336671897589));
#8883=CARTESIAN_POINT('',(0.0125980991904202,0.0130190024770255,0.00545305057297186));
#8884=CARTESIAN_POINT('',(0.0166949780523555,0.0175263819768523,0.00710970287109258));
#8885=CARTESIAN_POINT('',(0.0166664492446317,0.0174964324447269,0.00709755362803596));
#8886=CARTESIAN_POINT('',(0.0161055658583612,0.0169076172668082,0.00685869651728027));
#8887=CARTESIAN_POINT('',(0.0150123278935441,0.0157599364430962,0.00639313153882552));
#8888=CARTESIAN_POINT('',(0.0136484698968638,0.0143281588069087,0.00581232064561246));
#8889=CARTESIAN_POINT('',(0.01281696647873,0.0134552468165144,0.00545821762009847));
#8890=CARTESIAN_POINT('',(0.0125178176391429,0.0131412004719134,0.00533082246228355));
#8891=CARTESIAN_POINT('',(0.016591933496477,0.0176792943389215,0.00696470648619045));
#8892=CARTESIAN_POINT('',(0.0165635807739395,0.0176490835062204,0.0069528050166842));
#8893=CARTESIAN_POINT('',(0.0160061592658013,0.0170551310946275,0.00671881919495362));
#8894=CARTESIAN_POINT('',(0.0149196689720623,0.0158974371041429,0.00626274902099871));
#8895=CARTESIAN_POINT('',(0.0135642289643789,0.0144531676427403,0.00569378327537545));
#8896=CARTESIAN_POINT('',(0.0127378577422963,0.0135726397602294,0.00534690188197652));
#8897=CARTESIAN_POINT('',(0.0124405553058143,0.0132558534566103,0.00522210484080193));
#8898=CARTESIAN_POINT('',(0.0164935982132744,0.0178217339670245,0.00683686736451464));
#8899=CARTESIAN_POINT('',(0.0164654135285971,0.0177912797298247,0.00682518434978626));
#8900=CARTESIAN_POINT('',(0.0159112956861756,0.0171925419258403,0.00659549340279218));
#8901=CARTESIAN_POINT('',(0.0148312446860099,0.0160255205550711,0.00614779452353239));
#8902=CARTESIAN_POINT('',(0.0134838379540775,0.0145696148144698,0.00558927230217369));
#8903=CARTESIAN_POINT('',(0.0126623643798893,0.0136819926406533,0.0052487580130807));
#8904=CARTESIAN_POINT('',(0.0123668239634452,0.0133626540336215,0.00512625165625341));
#8905=CARTESIAN_POINT('',(0.0164006484521269,0.0179533049574251,0.00672530073298241));
#8906=CARTESIAN_POINT('',(0.0163726226023912,0.0179226258883342,0.00671380836618237));
#8907=CARTESIAN_POINT('',(0.0158216274940411,0.0173194678339967,0.00648786560441455));
#8908=CARTESIAN_POINT('',(0.0147476631270766,0.0161438307944124,0.00604747244767894));
#8909=CARTESIAN_POINT('',(0.013407849713005,0.0146771766630779,0.00549806440677024));
#8910=CARTESIAN_POINT('',(0.0125910055575478,0.0137830015169902,0.00516310676082932));
#8911=CARTESIAN_POINT('',(0.0122971306607049,0.0134613053561492,0.00504259950985619));
#8912=CARTESIAN_POINT('',(0.0163137489838646,0.0180736300988038,0.00662910065324223));
#8913=CARTESIAN_POINT('',(0.0162858716301744,0.0180427454150178,0.00661777267561175));
#8914=CARTESIAN_POINT('',(0.0157377959906532,0.0174355449251324,0.00639506184540532));
#8915=CARTESIAN_POINT('',(0.0146695220653011,0.0162520286291475,0.00596096816262293));
#8916=CARTESIAN_POINT('',(0.0133368077042696,0.0147755448109601,0.00541941896690848));
#8917=CARTESIAN_POINT('',(0.0125242916290691,0.0138753767988722,0.00508925262376999));
#8918=CARTESIAN_POINT('',(0.0122319738396994,0.0135515245928838,0.00497046913320746));
#8919=CARTESIAN_POINT('',(0.0162335514701419,0.0181823537215443,0.00654733642905344));
#8920=CARTESIAN_POINT('',(0.016205811160025,0.0181512832480365,0.00653614817223142));
#8921=CARTESIAN_POINT('',(0.0156604298309082,0.0175404300864615,0.00631618428753129));
#8922=CARTESIAN_POINT('',(0.0145974074827916,0.0163497942368192,0.00588744477495306));
#8923=CARTESIAN_POINT('',(0.013271244673973,0.0148644284912739,0.00535257512027499));
#8924=CARTESIAN_POINT('',(0.0124627228841544,0.0139588454337959,0.00502648109347504));
#8925=CARTESIAN_POINT('',(0.0121718421133357,0.0136330450643851,0.00490916269455319));
#8926=CARTESIAN_POINT('',(0.0161606918506978,0.0182791444337082,0.00647905237875348));
#8927=CARTESIAN_POINT('',(0.0161330760449718,0.018247908561743,0.00646798080747219));
#8928=CARTESIAN_POINT('',(0.0155901425028451,0.0176338036257585,0.00625031098924166));
#8929=CARTESIAN_POINT('',(0.0145318912243177,0.0164368296257546,0.00582604292406188));
#8930=CARTESIAN_POINT('',(0.0132116805152445,0.0149435567846519,0.00529675157848703));
#8931=CARTESIAN_POINT('',(0.0124067875425721,0.0140331530075685,0.00497405847986142));
#8932=CARTESIAN_POINT('',(0.0121172123063004,0.0137056182945044,0.00485796362818507));
#8933=CARTESIAN_POINT('',(0.0160957867266976,0.0183636985897636,0.00642326848292263));
#8934=CARTESIAN_POINT('',(0.0160682818325163,0.0183323182294826,0.00641229223659675));
#8935=CARTESIAN_POINT('',(0.0155275288386731,0.017715372617624,0.00619649653046716));
#8936=CARTESIAN_POINT('',(0.0144735277451681,0.0165128617541878,0.00577588136453388));
#8937=CARTESIAN_POINT('',(0.0131586193115526,0.0150126814549544,0.00525114715657108));
#8938=CARTESIAN_POINT('',(0.0123569589775989,0.0140980664072987,0.00493123240841198));
#8939=CARTESIAN_POINT('',(0.0120685467433071,0.0137690166112206,0.00481613712005659));
#8940=CARTESIAN_POINT('',(0.0160394331265303,0.0184357429129587,0.00637897317979543));
#8941=CARTESIAN_POINT('',(0.0160120245308298,0.018404239441486,0.00636807262642236));
#8942=CARTESIAN_POINT('',(0.015473164788837,0.0177848734332765,0.00615376506238772));
#8943=CARTESIAN_POINT('',(0.014422853900552,0.0165776448883303,0.0057360504876915));
#8944=CARTESIAN_POINT('',(0.0131125491452396,0.0150715790931115,0.00521493488307133));
#8945=CARTESIAN_POINT('',(0.0123136955362194,0.0141533758346294,0.00489722628911274));
#8946=CARTESIAN_POINT('',(0.0120262930734914,0.013823035112884,0.00478292470581573));
#8947=CARTESIAN_POINT('',(0.0159921925772109,0.0184950414607137,0.00634515133748921));
#8948=CARTESIAN_POINT('',(0.0159648647073756,0.018463436658358,0.00633430857974983));
#8949=CARTESIAN_POINT('',(0.0154275920557755,0.0178420784600323,0.00612113729210819));
#8950=CARTESIAN_POINT('',(0.0143803746224105,0.0166309668657368,0.00570563747456429));
#8951=CARTESIAN_POINT('',(0.013073929075583,0.0151200568114662,0.0051872848678916));
#8952=CARTESIAN_POINT('',(0.0122774283105205,0.0141989001531657,0.00487126079112118));
#8953=CARTESIAN_POINT('',(0.0119908723272227,0.0138674968908351,0.00475756524425301));
#8954=CARTESIAN_POINT('',(0.0159546260243789,0.0185413863907069,0.00632070468822736));
#8955=CARTESIAN_POINT('',(0.015927362349235,0.0185097023929433,0.00630990370555076));
#8956=CARTESIAN_POINT('',(0.0153913517810767,0.0178867871933931,0.00609755372593229));
#8957=CARTESIAN_POINT('',(0.0143465943199042,0.0166726407920564,0.00568365474937194));
#8958=CARTESIAN_POINT('',(0.0130432176865744,0.0151579446948705,0.0051672992557223));
#8959=CARTESIAN_POINT('',(0.0122485879462589,0.0142344797994713,0.00485249275901454));
#8960=CARTESIAN_POINT('',(0.0119627050989576,0.0139022461058586,0.00473923525924865));
#8961=CARTESIAN_POINT('',(0.0159172898253192,0.0185866339021621,0.00629886572406258));
#8962=CARTESIAN_POINT('',(0.0158900899512321,0.0185548725842876,0.00628810206036943));
#8963=CARTESIAN_POINT('',(0.0153553337275655,0.017930437252314,0.00607648578115684));
#8964=CARTESIAN_POINT('',(0.0143130211543196,0.0167133279062414,0.00566401688642484));
#8965=CARTESIAN_POINT('',(0.0130126946162635,0.0151949354172343,0.00514944547693643));
#8966=CARTESIAN_POINT('',(0.012219924427787,0.0142692169423264,0.00483572668296745));
#8967=CARTESIAN_POINT('',(0.0119347105888898,0.0139361724815175,0.0047228605045179));
#8968=CARTESIAN_POINT('',(0.0158715466278693,0.0186408231763174,0.00627587685940032));
#8969=CARTESIAN_POINT('',(0.0158444249209341,0.0186089692584181,0.00626515247967015));
#8970=CARTESIAN_POINT('',(0.015311205482725,0.0179827133871486,0.00605430853284506));
#8971=CARTESIAN_POINT('',(0.0142718883132422,0.0167620555625091,0.00564334501892505));
#8972=CARTESIAN_POINT('',(0.0129752986609395,0.0152392362048558,0.00513065163208548));
#8973=CARTESIAN_POINT('',(0.0121848067399106,0.0143108188005725,0.00481807781234083));
#8974=CARTESIAN_POINT('',(0.0119004125501554,0.0139768033496592,0.0047056235596911));
#8975=CARTESIAN_POINT('',(0.015798450697684,0.0187296513686491,0.00623238459167424));
#8976=CARTESIAN_POINT('',(0.0157714538989536,0.0186976456588509,0.00622173453264934));
#8977=CARTESIAN_POINT('',(0.0152406901868148,0.0180684055214653,0.0060123517491946));
#8978=CARTESIAN_POINT('',(0.0142061595612676,0.0168419309564924,0.00560423624131));
#8979=CARTESIAN_POINT('',(0.012915541313575,0.0153118549831033,0.00509509585567509));
#8980=CARTESIAN_POINT('',(0.0121286899792908,0.0143790134373016,0.00478468819447005));
#8981=CARTESIAN_POINT('',(0.011845605558415,0.0140434063190872,0.00467301325769486));
#8982=CARTESIAN_POINT('',(0.0157084639828153,0.0188425519205776,0.00616812482850737));
#8983=CARTESIAN_POINT('',(0.0156816209556968,0.0188103532834136,0.00615758457821789));
#8984=CARTESIAN_POINT('',(0.0151538804313212,0.0181773201464997,0.00595036066154649));
#8985=CARTESIAN_POINT('',(0.0141252424096885,0.016943452509836,0.00554645307849317));
#8986=CARTESIAN_POINT('',(0.012841975420577,0.0154041533844251,0.00504256224704068));
#8987=CARTESIAN_POINT('',(0.0120596059287227,0.0144656887587641,0.00473535508197011));
#8988=CARTESIAN_POINT('',(0.0117781339341253,0.0141280586328529,0.00462483158328147));
#8989=CARTESIAN_POINT('',(0.0156123734935364,0.0189706075701759,0.00607684850026047));
#8990=CARTESIAN_POINT('',(0.0155856946683164,0.0189381901082255,0.00606646422530742));
#8991=CARTESIAN_POINT('',(0.0150611823937083,0.0183008548221173,0.00586230682216559));
#8992=CARTESIAN_POINT('',(0.014038836669712,0.0170586017118512,0.00546437629083499));
#8993=CARTESIAN_POINT('',(0.012763419573053,0.0155088413734231,0.00496794206997502));
#8994=CARTESIAN_POINT('',(0.0119858359257822,0.0145639988591527,0.00466528097730383));
#8995=CARTESIAN_POINT('',(0.0117060857278996,0.0142240741690403,0.00455639301282141));
#8996=CARTESIAN_POINT('',(0.0155292347614633,0.0190911410314829,0.00596844447584697));
#8997=CARTESIAN_POINT('',(0.0155026980058462,0.019058517598855,0.0059582454444779));
#8998=CARTESIAN_POINT('',(0.0149809788546209,0.0184171328784963,0.00575772997582127));
#8999=CARTESIAN_POINT('',(0.0139640773077876,0.0171669868704068,0.00536689806987706));
#9000=CARTESIAN_POINT('',(0.0126954520394387,0.0156073798269062,0.00487931966752162));
#9001=CARTESIAN_POINT('',(0.0119220091666979,0.0146565340711364,0.00458205770245375));
#9002=CARTESIAN_POINT('',(0.0116437486895653,0.0143144496030975,0.00447511217467345));
#9003=CARTESIAN_POINT('',(0.0154602906996459,0.0192059979061347,0.00583350964661907));
#9004=CARTESIAN_POINT('',(0.0154338717574142,0.0191731782031264,0.00582354119535536));
#9005=CARTESIAN_POINT('',(0.0149144688463622,0.0185279347587496,0.00562755898836015));
#9006=CARTESIAN_POINT('',(0.0139020819664898,0.0172702675730045,0.00524556302563345));
#9007=CARTESIAN_POINT('',(0.0126390889253735,0.0157012775601776,0.00476900781512025));
#9008=CARTESIAN_POINT('',(0.0118690798530775,0.0147447112887193,0.00447846636033856));
#9009=CARTESIAN_POINT('',(0.0115920547496017,0.0144005687586294,0.00437393866128835));
#9010=CARTESIAN_POINT('',(0.0154141878685054,0.0193109417684172,0.00565823604974064));
#9011=CARTESIAN_POINT('',(0.0153878477079769,0.0192779427346389,0.00564856711050556));
#9012=CARTESIAN_POINT('',(0.0148699936646122,0.0186291736031566,0.00545847338376069));
#9013=CARTESIAN_POINT('',(0.0138606257384115,0.0173646343739704,0.00508795486950601));
#9014=CARTESIAN_POINT('',(0.0126013989624992,0.0157870712126599,0.0046257182340733));
#9015=CARTESIAN_POINT('',(0.0118336860694229,0.0148252781490533,0.00434390638615038));
#9016=CARTESIAN_POINT('',(0.0115574870591828,0.0144792551831506,0.00424251932573725));
#9017=CARTESIAN_POINT('',(0.0154097158779711,0.0193816424283909,0.00545832641767238));
#9018=CARTESIAN_POINT('',(0.0153833833592949,0.0193485225795071,0.00544899908915626));
#9019=CARTESIAN_POINT('',(0.0148656795566306,0.0186973781932954,0.00526562151328208));
#9020=CARTESIAN_POINT('',(0.0138566044699781,0.0174282092697557,0.00490819369004983));
#9021=CARTESIAN_POINT('',(0.0125977430230906,0.0158448703799492,0.00446228821417028));
#9022=CARTESIAN_POINT('',(0.0118302528601912,0.0148795560274707,0.0041904329856488));
#9023=CARTESIAN_POINT('',(0.0115541339812801,0.0145322662123201,0.00409262800448538));
#9024=CARTESIAN_POINT('',(0.0154820415138626,0.0194021438966403,0.00517377103541474));
#9025=CARTESIAN_POINT('',(0.0154555854032803,0.0193689890143205,0.00516492996245174));
#9026=CARTESIAN_POINT('',(0.0149354517533023,0.0187171558621278,0.00499111229051284));
#9027=CARTESIAN_POINT('',(0.0139216405639284,0.0174466444400623,0.00465231801959803));
#9028=CARTESIAN_POINT('',(0.0126568706398589,0.0158616307297602,0.00422965864397531));
#9029=CARTESIAN_POINT('',(0.0118857782551853,0.014895295289331,0.00397197586732849));
#9030=CARTESIAN_POINT('',(0.0116083634099074,0.0145476381187746,0.00387926968965757));
#9031=CARTESIAN_POINT('',(0.015566301005688,0.0194021438966403,0.00491444698457287));
#9032=CARTESIAN_POINT('',(0.0155397009103198,0.0193689890143205,0.00490604905121517));
#9033=CARTESIAN_POINT('',(0.0150167364839878,0.0187171558621278,0.00474094361305827));
#9034=CARTESIAN_POINT('',(0.013997407726692,0.0174466444400623,0.00441913067010218));
#9035=CARTESIAN_POINT('',(0.0127257544164113,0.0158616307297602,0.00401765617890177));
#9036=CARTESIAN_POINT('',(0.0119504654370944,0.014895295289331,0.00377288919250056));
#9037=CARTESIAN_POINT('',(0.0116715407887413,0.0145476381187746,0.00368482971089855));
#9038=CARTESIAN_POINT('',(0.0156750457942743,0.0193816424283909,0.00464172490234589));
#9039=CARTESIAN_POINT('',(0.0156482598730155,0.0193485225795071,0.00463379300349398));
#9040=CARTESIAN_POINT('',(0.0151216420639076,0.0186973781932954,0.00447784991850165));
#9041=CARTESIAN_POINT('',(0.0140951923669504,0.0174282092697557,0.00417389564736887));
#9042=CARTESIAN_POINT('',(0.0128146554002165,0.0158448703799492,0.00379470056208023));
#9043=CARTESIAN_POINT('',(0.0120339503213318,0.0148795560274707,0.00356351666293204));
#9044=CARTESIAN_POINT('',(0.0117530771302964,0.0145322662123201,0.00348034394992428));
#9045=CARTESIAN_POINT('',(0.0157961676441362,0.0193109417684172,0.0044826231827479));
#9046=CARTESIAN_POINT('',(0.0157691747467464,0.0192779427346389,0.00447496316100496));
#9047=CARTESIAN_POINT('',(0.0152384877359246,0.0186291736031566,0.00432436524693586));
#9048=CARTESIAN_POINT('',(0.014204106611671,0.0173646343739704,0.00403082944054061));
#9049=CARTESIAN_POINT('',(0.0129136748728093,0.0157870712126599,0.00366463180585531));
#9050=CARTESIAN_POINT('',(0.0121269372473795,0.0148252781490533,0.00344137206349617));
#9051=CARTESIAN_POINT('',(0.0118438937353816,0.0144792551831506,0.00336105021346318));
#9052=CARTESIAN_POINT('',(0.0159364888533791,0.0192059979061347,0.00436792242844134));
#9053=CARTESIAN_POINT('',(0.0159092561714992,0.0191731782031264,0.00436045841029631));
#9054=CARTESIAN_POINT('',(0.0153738549385468,0.0185279347587496,0.00421371397523638));
#9055=CARTESIAN_POINT('',(0.0143302851545218,0.0172702675730045,0.00392768912326154));
#9056=CARTESIAN_POINT('',(0.0130283901958386,0.0157012775601776,0.00357086170400843));
#9057=CARTESIAN_POINT('',(0.0122346637882279,0.0147447112887193,0.00335331470167023));
#9058=CARTESIAN_POINT('',(0.0119491059316898,0.0144005687586294,0.00327504811624693));
#9059=CARTESIAN_POINT('',(0.0160715784736913,0.0190911410314829,0.00429928216123225));
#9060=CARTESIAN_POINT('',(0.0160441149471951,0.019058517598855,0.00429193543734057));
#9061=CARTESIAN_POINT('',(0.0155041752522301,0.0184171328784963,0.00414749703619011));
#9062=CARTESIAN_POINT('',(0.0144517593887964,0.0171669868704068,0.00386596695778089));
#9063=CARTESIAN_POINT('',(0.0131388285929678,0.0156073798269062,0.00351474694795557));
#9064=CARTESIAN_POINT('',(0.012338373965608,0.0146565340711364,0.00330061861538902));
#9065=CARTESIAN_POINT('',(0.0120503955067169,0.0143144496030975,0.00322358196008124));
#9066=CARTESIAN_POINT('',(0.0162025574076687,0.0189706075701759,0.00426044918382999));
#9067=CARTESIAN_POINT('',(0.0161748700610026,0.0189381901082255,0.00425316881872848));
#9068=CARTESIAN_POINT('',(0.0156305300063732,0.0183008548221173,0.00411003504773664));
#9069=CARTESIAN_POINT('',(0.0145695372437806,0.0170586017118512,0.00383104787085444));
#9070=CARTESIAN_POINT('',(0.0132459064239124,0.0155088413734231,0.00348300023218161));
#9071=CARTESIAN_POINT('',(0.0124389283120074,0.0145639988591527,0.00327080599939915));
#9072=CARTESIAN_POINT('',(0.0121486029080657,0.0142240741690403,0.00319446517250703));
#9073=CARTESIAN_POINT('',(0.01633394712612,0.0188425519205776,0.0042430856555778));
#9074=CARTESIAN_POINT('',(0.016306035257325,0.0188103532834136,0.00423583496171979));
#9075=CARTESIAN_POINT('',(0.0157572810423431,0.0181773201464997,0.00409328453468282));
#9076=CARTESIAN_POINT('',(0.0146876844811742,0.016943452509836,0.00381543437446689));
#9077=CARTESIAN_POINT('',(0.0133533200791695,0.0154041533844251,0.00346880520946819));
#9078=CARTESIAN_POINT('',(0.0125397980233517,0.0144656887587641,0.00325747577764846));
#9079=CARTESIAN_POINT('',(0.0122471183137209,0.0141280586328529,0.00318144607900769));
#9080=CARTESIAN_POINT('',(0.0164445188488221,0.0187296513686491,0.00424399127902337));
#9081=CARTESIAN_POINT('',(0.0164164180322245,0.0186976456588509,0.00423673903761274));
#9082=CARTESIAN_POINT('',(0.0158639490569081,0.0180684055214653,0.00409415818530996));
#9083=CARTESIAN_POINT('',(0.0147871119228727,0.0168419309564924,0.00381624872211506));
#9084=CARTESIAN_POINT('',(0.0134437146172163,0.0153118549831033,0.00346954557428305));
#9085=CARTESIAN_POINT('',(0.0126246854702788,0.0143790134373016,0.0032581710373432));
#9086=CARTESIAN_POINT('',(0.0123300244820603,0.0140434063190872,0.00318212511129548));
#9087=CARTESIAN_POINT('',(0.0165292188121198,0.0186408231763174,0.00425177000507458));
#9088=CARTESIAN_POINT('',(0.0165009732580473,0.0186089692584181,0.00424450447117688));
#9089=CARTESIAN_POINT('',(0.0159456587083262,0.0179827133871486,0.00410166228530453));
#9090=CARTESIAN_POINT('',(0.0148632751629565,0.0167620555625091,0.00382324344745752));
#9091=CARTESIAN_POINT('',(0.0135129584877807,0.0152392362048558,0.00347590483441582));
#9092=CARTESIAN_POINT('',(0.0126897108082536,0.0143108188005725,0.00326414287334878));
#9093=CARTESIAN_POINT('',(0.0123935321243751,0.0139768033496592,0.00318795756425639));
#9094=CARTESIAN_POINT('',(0.0165797383518492,0.0185866339021621,0.00426005879973518));
#9095=CARTESIAN_POINT('',(0.0165514064686884,0.0185548725842876,0.00425277910173205));
#9096=CARTESIAN_POINT('',(0.0159943946678282,0.017930437252314,0.00410965844605862));
#9097=CARTESIAN_POINT('',(0.0149087029492687,0.0167133279062414,0.00383069683271486));
#9098=CARTESIAN_POINT('',(0.013554259195996,0.0151949354172343,0.0034826810855766));
#9099=CARTESIAN_POINT('',(0.0127284953604227,0.0142692169423264,0.00327050629610866));
#9100=CARTESIAN_POINT('',(0.0124314114425487,0.0139361724815175,0.00319417246431102));
#9101=CARTESIAN_POINT('',(0.0166227805924553,0.0185413863907069,0.0042643363737703));
#9102=CARTESIAN_POINT('',(0.0165943751576071,0.0185097023929433,0.00425704936613869));
#9103=CARTESIAN_POINT('',(0.0160359173124582,0.0178867871933931,0.00411378500136888));
#9104=CARTESIAN_POINT('',(0.0149474070570085,0.0166726407920564,0.00383454327946087));
#9105=CARTESIAN_POINT('',(0.013589447066466,0.0151579446948705,0.00348617808570843));
#9106=CARTESIAN_POINT('',(0.0127615394862243,0.0142344797994713,0.00327379024909419));
#9107=CARTESIAN_POINT('',(0.0124636843162834,0.0139022461058586,0.00319737976961814));
#9108=CARTESIAN_POINT('',(0.0166675419520205,0.0184950414607137,0.00426663968479605));
#9109=CARTESIAN_POINT('',(0.0166390600278103,0.018463436658358,0.00425934874120734));
#9110=CARTESIAN_POINT('',(0.016079098382965,0.0178420784600323,0.00411600699455157));
#9111=CARTESIAN_POINT('',(0.0149876570174844,0.0166309668657368,0.00383661444482874));
#9112=CARTESIAN_POINT('',(0.013626040350186,0.0151200568114662,0.00348806108735716));
#9113=CARTESIAN_POINT('',(0.0127959034035227,0.0141989001531657,0.00327555853295264));
#9114=CARTESIAN_POINT('',(0.0124972461774946,0.0138674968908351,0.00319910678161517));
#9115=CARTESIAN_POINT('',(0.0167256403393565,0.0184357429129587,0.00426704453778937));
#9116=CARTESIAN_POINT('',(0.0166970591351283,0.018404239441486,0.00425975290237745));
#9117=CARTESIAN_POINT('',(0.0161351456206774,0.0177848734332765,0.00411639755430711));
#9118=CARTESIAN_POINT('',(0.0150398997960037,0.0165776448883303,0.00383697849357834));
#9119=CARTESIAN_POINT('',(0.0136735369140104,0.0150715790931115,0.00348839206256867));
#9120=CARTESIAN_POINT('',(0.0128405063422399,0.0141533758346294,0.00327586934421743));
#9121=CARTESIAN_POINT('',(0.012540808080692,0.013823035112884,0.00319941033852463));
#9122=CARTESIAN_POINT('',(0.0167972674855101,0.0183636985897636,0.00426433269988043));
#9123=CARTESIAN_POINT('',(0.016768563882973,0.0183323182294826,0.00425704569852686));
#9124=CARTESIAN_POINT('',(0.0162042439876237,0.017715372617624,0.00411378145718481));
#9125=CARTESIAN_POINT('',(0.0151043077994623,0.0165128617541878,0.00383453997585429));
#9126=CARTESIAN_POINT('',(0.0137320935018065,0.0150126814549544,0.00348617508223187));
#9127=CARTESIAN_POINT('',(0.0128954954969629,0.0140980664072987,0.00327378742859792));
#9128=CARTESIAN_POINT('',(0.0125945137849315,0.0137690166112206,0.00319737701495244));
#9129=CARTESIAN_POINT('',(0.016882565785133,0.0182791444337082,0.00425735285482631));
#9130=CARTESIAN_POINT('',(0.0168537164226685,0.018247908561743,0.00425007778081142));
#9131=CARTESIAN_POINT('',(0.0162865308512467,0.0176338036257585,0.00410704803388544));
#9132=CARTESIAN_POINT('',(0.0151810090708676,0.0164368296257546,0.00382826361404837));
#9133=CARTESIAN_POINT('',(0.0138018265239767,0.0149435567846519,0.00348046892288221));
#9134=CARTESIAN_POINT('',(0.0129609801860431,0.0140331530075685,0.00326842890462713));
#9135=CARTESIAN_POINT('',(0.0126584700570667,0.0137056182945044,0.00319214355928315));
#9136=CARTESIAN_POINT('',(0.0169816468132001,0.0181823537215443,0.00424493570748579));
#9137=CARTESIAN_POINT('',(0.0169526281385275,0.0181512832480365,0.00423768185221151));
#9138=CARTESIAN_POINT('',(0.0163821138473935,0.0175404300864615,0.00409506927095214));
#9139=CARTESIAN_POINT('',(0.0152701039397982,0.0163497942368192,0.00381709796370766));
#9140=CARTESIAN_POINT('',(0.0138828271952374,0.0148644284912739,0.00347031766295538));
#9141=CARTESIAN_POINT('',(0.0130370460671381,0.0139588454337959,0.00325889608818821));
#9142=CARTESIAN_POINT('',(0.0127327605555,0.0136330450643851,0.00318283323940614));
#9143=CARTESIAN_POINT('',(0.0170945877698516,0.0180736300988038,0.00422592597642188));
#9144=CARTESIAN_POINT('',(0.0170653760987686,0.0180427454150179,0.00421870460546479));
#9145=CARTESIAN_POINT('',(0.0164910674506719,0.0174355449251324,0.00407673067388185));
#9146=CARTESIAN_POINT('',(0.0153716618255616,0.0162520286291475,0.00380000418167306));
#9147=CARTESIAN_POINT('',(0.0139751586282078,0.0147755448109601,0.00345477683736342));
#9148=CARTESIAN_POINT('',(0.0131237524078675,0.0138753767988722,0.00324430205367965));
#9149=CARTESIAN_POINT('',(0.0128174431645409,0.0135515245928838,0.00316857983062172));
#9150=CARTESIAN_POINT('',(0.0172214359046187,0.0179533049574251,0.00419917670292853));
#9151=CARTESIAN_POINT('',(0.0171920074721817,0.0179226258883342,0.0041920010418177));
#9152=CARTESIAN_POINT('',(0.0166134372424796,0.0173194678339967,0.00405092577707039));
#9153=CARTESIAN_POINT('',(0.0154857252155125,0.0161438307944124,0.00377595090868659));
#9154=CARTESIAN_POINT('',(0.0140788594503,0.0146771766630779,0.00343290878501306));
#9155=CARTESIAN_POINT('',(0.0132211354823526,0.0137830015169902,0.00322376626497603));
#9156=CARTESIAN_POINT('',(0.0129125533116702,0.0134613053561492,0.00314852334857548));
#9157=CARTESIAN_POINT('',(0.0173622110616727,0.0178217339670245,0.0041635519008204));
#9158=CARTESIAN_POINT('',(0.017332542069028,0.0177912797298247,0.00415643711628733));
#9159=CARTESIAN_POINT('',(0.0167492423663944,0.0171925419258403,0.00401655870005213));
#9160=CARTESIAN_POINT('',(0.0156123119537719,0.0160255205550711,0.00374391665211478));
#9161=CARTESIAN_POINT('',(0.0141939458845111,0.0145696148144698,0.00340378481506056));
#9162=CARTESIAN_POINT('',(0.0133292105252392,0.0136819926406533,0.00319641660970848));
#9163=CARTESIAN_POINT('',(0.0130181058759561,0.0133626540336215,0.00312181203605853));
#9164=CARTESIAN_POINT('',(0.0175169079273173,0.0176792943389215,0.00411792790808515));
#9165=CARTESIAN_POINT('',(0.0174869745846913,0.0176490835062204,0.00411089108700386));
#9166=CARTESIAN_POINT('',(0.0168984776963186,0.0170551310946275,0.00397254545143242));
#9167=CARTESIAN_POINT('',(0.0157514172621992,0.0158974371041429,0.00370289100137081));
#9168=CARTESIAN_POINT('',(0.0143204135867907,0.0144531676427403,0.00336648631191375));
#9169=CARTESIAN_POINT('',(0.0134479734571288,0.0135726397602294,0.00316139043694684));
#9170=CARTESIAN_POINT('',(0.0131340968732137,0.0132558534566103,0.0030876033764701));
#9171=CARTESIAN_POINT('',(0.0176854994608821,0.0175263819768523,0.00406119143885085));
#9172=CARTESIAN_POINT('',(0.017655278024709,0.0174964324447269,0.00405425157050689));
#9173=CARTESIAN_POINT('',(0.0170611171462463,0.0169076172668082,0.0039178120496299));
#9174=CARTESIAN_POINT('',(0.0159030168254938,0.0157599364430962,0.00365187287621987));
#9175=CARTESIAN_POINT('',(0.0144582404508637,0.0143281588069087,0.00332010314267745));
#9176=CARTESIAN_POINT('',(0.0135774035185234,0.0134552468165144,0.00311783306166806));
#9177=CARTESIAN_POINT('',(0.0132605060284728,0.0131412004719134,0.0030450626331917));
#9178=CARTESIAN_POINT('',(0.0178679399258039,0.0173634068559882,0.00399224422030339));
#9179=CARTESIAN_POINT('',(0.0178374067306738,0.0173337358199394,0.00398542217073911));
#9180=CARTESIAN_POINT('',(0.0172371165943326,0.0167503959434785,0.0038512989960886));
#9181=CARTESIAN_POINT('',(0.0160670695167803,0.0156133872266055,0.00358987469635187));
#9182=CARTESIAN_POINT('',(0.0146073890861987,0.0141949234696667,0.00326373744792382));
#9183=CARTESIAN_POINT('',(0.0137174655968283,0.0133301285531401,0.00306490132458202));
#9184=CARTESIAN_POINT('',(0.0133972990486691,0.0130190024770255,0.00299336632632644));
#9185=CARTESIAN_POINT('',(0.0180641689204393,0.0171907904640906,0.00390999832051486));
#9186=CARTESIAN_POINT('',(0.0180333004041582,0.0171614143993702,0.00390331681485868));
#9187=CARTESIAN_POINT('',(0.0174264177713997,0.0165838737318756,0.0037719567680563));
#9188=CARTESIAN_POINT('',(0.016243521022164,0.0154581684616067,0.00351591818010771));
#9189=CARTESIAN_POINT('',(0.0147678101132749,0.0140538062054732,0.00319649982210103));
#9190=CARTESIAN_POINT('',(0.013868113320863,0.0131976085521139,0.00300176000524055));
#9191=CARTESIAN_POINT('',(0.0135444306449285,0.0128895755015288,0.00293169872952629));
#9192=CARTESIAN_POINT('',(0.0182741140150479,0.0170089628433864,0.00381337697275082));
#9193=CARTESIAN_POINT('',(0.0182428867391914,0.0169798974903791,0.00380686057613784));
#9194=CARTESIAN_POINT('',(0.0176289508048218,0.0164084654916889,0.00367874661378971));
#9195=CARTESIAN_POINT('',(0.0164323062119392,0.0152946668473158,0.00342903508570643));
#9196=CARTESIAN_POINT('',(0.0149394443193681,0.0139051585822289,0.00311750998742041));
#9197=CARTESIAN_POINT('',(0.0140292910853101,0.0130580169628249,0.00292758245486954));
#9198=CARTESIAN_POINT('',(0.0137018465097652,0.0127532419891039,0.00285925248805382));
#9199=CARTESIAN_POINT('',(0.0184976942411476,0.0168183602295397,0.00370131097188703));
#9200=CARTESIAN_POINT('',(0.0184660849056525,0.0167896205831793,0.00369498607653755));
#9201=CARTESIAN_POINT('',(0.0178446375846896,0.0162245920573868,0.00357063707619495));
#9202=CARTESIAN_POINT('',(0.0166333522782589,0.0151232746521622,0.00332826397085923));
#9203=CARTESIAN_POINT('',(0.0151222255111664,0.01374933723109,0.00302589384785709));
#9204=CARTESIAN_POINT('',(0.0142009367295416,0.0129116886894501,0.00284154782984805));
#9205=CARTESIAN_POINT('',(0.0138694859333846,0.0126103290272422,0.00277522591683213));
#9206=CARTESIAN_POINT('',(0.018823890919024,0.0165446999395586,0.00352444264147738));
#9207=CARTESIAN_POINT('',(0.0187917241702592,0.0165164279309376,0.00351841998327818));
#9208=CARTESIAN_POINT('',(0.018159317967128,0.0159605932782757,0.0034000130397489));
#9209=CARTESIAN_POINT('',(0.0169266723096305,0.014877195981573,0.00316922181088953));
#9210=CARTESIAN_POINT('',(0.0153888976520036,0.0135256146111465,0.00288130054107139));
#9211=CARTESIAN_POINT('',(0.0144513624487431,0.0127015958847607,0.00270576355658333));
#9212=CARTESIAN_POINT('',(0.0141140666998489,0.0124051398024158,0.00264261085742536));
#9213=CARTESIAN_POINT('',(0.0190736774611945,0.0163403959658174,0.00337313042765604));
#9214=CARTESIAN_POINT('',(0.0190410838707644,0.0163124730770794,0.00336736633565806));
#9215=CARTESIAN_POINT('',(0.0184002858553663,0.0157635022073025,0.00325404286732749));
#9216=CARTESIAN_POINT('',(0.017151283415,0.0146934833564867,0.00303316002266433));
#9217=CARTESIAN_POINT('',(0.0155931030178786,0.0133585921312922,0.00275759985761485));
#9218=CARTESIAN_POINT('',(0.0146431270457253,0.0125447488871366,0.00258959906889796));
#9219=CARTESIAN_POINT('',(0.0143013554985402,0.0122519536240198,0.00252915765651365));
#9220=CARTESIAN_POINT('',(0.0192439408316544,0.0162032924436954,0.00326347076894085));
#9221=CARTESIAN_POINT('',(0.0192110562907995,0.0161756038409809,0.00325789406618703));
#9222=CARTESIAN_POINT('',(0.0185645381183887,0.0156312390921295,0.00314825471654919));
#9223=CARTESIAN_POINT('',(0.0173043863144221,0.0145701981971411,0.00293455272002733));
#9224=CARTESIAN_POINT('',(0.0157322966411929,0.0132465073301881,0.00266795094965096));
#9225=CARTESIAN_POINT('',(0.0147738405995196,0.0124394926093719,0.00250541182615862));
#9226=CARTESIAN_POINT('',(0.0144290181894021,0.0121491540346927,0.00244693534955029));
#9227=CARTESIAN_POINT('',(0.0168704919718347,0.0162601991330675,0.00793443780100026));
#9228=CARTESIAN_POINT('',(0.0166908235689652,0.0164276359685166,0.0076350337762629));
#9229=CARTESIAN_POINT('',(0.0164003933945529,0.0166824897374232,0.00720447898788517));
#9230=CARTESIAN_POINT('',(0.0159608482317341,0.0170343674512682,0.00668104027117585));
#9231=CARTESIAN_POINT('',(0.0155969558120194,0.0173083120200926,0.00631826757949023));
#9232=CARTESIAN_POINT('',(0.0151953370139552,0.0175905396550798,0.00600549140465169));
#9233=CARTESIAN_POINT('',(0.0147362725575802,0.0178821288355147,0.00579280564990433));
#9234=CARTESIAN_POINT('',(0.0144651772881605,0.0181052514119098,0.00542488074637522));
#9235=CARTESIAN_POINT('',(0.0144539438148799,0.0181871667347258,0.00503700062000517));
#9236=CARTESIAN_POINT('',(0.0145746069608029,0.0181886705285504,0.00467263183943615));
#9237=CARTESIAN_POINT('',(0.0147358631938878,0.0181804520476015,0.00419035003634509));
#9238=CARTESIAN_POINT('',(0.0152758402548389,0.017910846921201,0.00397414888403767));
#9239=CARTESIAN_POINT('',(0.0157779464556005,0.0176170186504261,0.00406481959907059));
#9240=CARTESIAN_POINT('',(0.0162916693435393,0.0173300980892847,0.004061748542415));
#9241=CARTESIAN_POINT('',(0.0168029881373544,0.0170539831457796,0.00398377321317692));
#9242=CARTESIAN_POINT('',(0.0174863440014391,0.0166910610810713,0.0038177885288998));
#9243=CARTESIAN_POINT('',(0.0179845963106849,0.0164309310674726,0.00363643643038506));
#9244=CARTESIAN_POINT('',(0.0183122602333245,0.0162601991330757,0.00349713135814957));
#9245=CARTESIAN_POINT('',(0.,0.0191902019685288,0.));
#9246=CARTESIAN_POINT('',(0.,0.0162601991330675,0.));
#9247=CARTESIAN_POINT('',(0.0127593674965262,0.0162601991330758,0.0135929152015946));
#9248=CARTESIAN_POINT('',(0.0135929152015983,0.0162601991330675,0.012759367496543));
#9249=CARTESIAN_POINT('',(0.0127593674965398,0.0162601991330639,0.0135929152015953));
#9250=CARTESIAN_POINT('',(0.0119944359899908,0.0153282330917327,0.0127982651004613));
#9251=CARTESIAN_POINT('',(0.0112295718338272,0.0143962737752811,0.0120035422795101));
#9252=CARTESIAN_POINT('',(0.0104648314954244,0.0134643259709999,0.0112086868203262));
#9253=CARTESIAN_POINT('',(0.01120868682032,0.0134643259709927,0.0104648314954185));
#9254=CARTESIAN_POINT('',(0.012003542279438,0.0143962737751965,0.0112295718337578));
#9255=CARTESIAN_POINT('',(0.0127982651009567,0.0153282330923136,0.0119944359904676));
#9256=CARTESIAN_POINT('',(0.0135929152015985,0.0162601991330675,0.0127593674965428));
#9257=CARTESIAN_POINT('',(0.0139515079295544,0.0162032924436954,0.0136504551822834));
#9258=CARTESIAN_POINT('',(0.0139276672341111,0.0161756038409809,0.0136271289335146));
#9259=CARTESIAN_POINT('',(0.0134589532899197,0.0156312390921295,0.0131685291376501));
#9260=CARTESIAN_POINT('',(0.0125453660969804,0.0145701981971411,0.0122746557946899));
#9261=CARTESIAN_POINT('',(0.0114056296088101,0.0132465073301882,0.0111595131212285));
#9262=CARTESIAN_POINT('',(0.0107107663693879,0.0124394926093722,0.0104796439948629));
#9263=CARTESIAN_POINT('',(0.0104607763787136,0.012149154034693,0.010235048415593));
#9264=CARTESIAN_POINT('',(0.0139401461588904,0.0163403959658174,0.0134482528918975));
#9265=CARTESIAN_POINT('',(0.0139163248787329,0.0163124730770793,0.0134252721716012));
#9266=CARTESIAN_POINT('',(0.0134479926438426,0.0157635022073025,0.0129734655506057));
#9267=CARTESIAN_POINT('',(0.0125351494542196,0.0146934833564867,0.012092833028911));
#9268=CARTESIAN_POINT('',(0.0113963411398827,0.0133585921312924,0.0109942088084733));
#9269=CARTESIAN_POINT('',(0.0107020437802786,0.0125447488871368,0.0103244104887349));
#9270=CARTESIAN_POINT('',(0.0104522573754072,0.0122519536240202,0.0100834380696956));
#9271=CARTESIAN_POINT('',(0.0139157394656194,0.0165446999395586,0.0131572322465395));
#9272=CARTESIAN_POINT('',(0.0138919598922468,0.0165164279309376,0.0131347488298041));
#9273=CARTESIAN_POINT('',(0.0134244476230209,0.0159605932782757,0.0126927193192984));
#9274=CARTESIAN_POINT('',(0.0125132026579415,0.014877195981573,0.0118311437150224));
#9275=CARTESIAN_POINT('',(0.0113763881925145,0.0135256146111466,0.0107562937597036));
#9276=CARTESIAN_POINT('',(0.0106833064229409,0.012701595884761,0.0101009898981552));
#9277=CARTESIAN_POINT('',(0.0104339573492206,0.0124051398024161,0.00986523213037698));
#9278=CARTESIAN_POINT('',(0.013867095354085,0.0168183602295396,0.0127893729944165));
#9279=CARTESIAN_POINT('',(0.0138433989050209,0.0167896205831793,0.0127675181850288));
#9280=CARTESIAN_POINT('',(0.0133775208801715,0.0162245920573868,0.0123378472497997));
#9281=CARTESIAN_POINT('',(0.012469461279537,0.0151232746521622,0.0115003601887293));
#9282=CARTESIAN_POINT('',(0.0113366206833957,0.0137493372310902,0.0104555616525311));
#9283=CARTESIAN_POINT('',(0.0106459616630396,0.0129116886894503,0.00981857924217434));
#9284=CARTESIAN_POINT('',(0.0103974842184687,0.0126103290272426,0.00958941295765891));
#9285=CARTESIAN_POINT('',(0.0138263414936698,0.0170089628433864,0.0125426220493045));
#9286=CARTESIAN_POINT('',(0.0138027146858501,0.0169798974903791,0.0125211888942757));
#9287=CARTESIAN_POINT('',(0.0133382058250189,0.0164084654916889,0.0120998077875943));
#9288=CARTESIAN_POINT('',(0.0124328149111763,0.0152946668473158,0.0112784787292601));
#9289=CARTESIAN_POINT('',(0.011303303608326,0.013905158582229,0.0102538379464069));
#9290=CARTESIAN_POINT('',(0.0106146743584871,0.0130580169628252,0.00962914511520649));
#9291=CARTESIAN_POINT('',(0.0103669271616598,0.0127532419891043,0.00940440023565881));
#9292=CARTESIAN_POINT('',(0.0137811071756283,0.0171907904640905,0.0123159802966082));
#9293=CARTESIAN_POINT('',(0.0137575576653742,0.0171614143993702,0.0122949344328334));
#9294=CARTESIAN_POINT('',(0.0132945684937214,0.0165838737318756,0.0118811675675917));
#9295=CARTESIAN_POINT('',(0.0123921396606697,0.0154581684616067,0.0110746797008831));
#9296=CARTESIAN_POINT('',(0.0112663236718349,0.0140538062054733,0.0100685538969552));
#9297=CARTESIAN_POINT('',(0.0105799473443989,0.0131976085521141,0.00945514909449416));
#9298=CARTESIAN_POINT('',(0.0103330106783617,0.0128895755015292,0.00923446529350007));
#9299=CARTESIAN_POINT('',(0.0137323049971559,0.0173634068559882,0.0121088847782018));
#9300=CARTESIAN_POINT('',(0.0137088388813192,0.0173337358199394,0.0120881928045733));
#9301=CARTESIAN_POINT('',(0.0132474892644494,0.0167503959434785,0.0116813835067678));
#9302=CARTESIAN_POINT('',(0.0123482561465466,0.0156133872266055,0.0108884568847853));
#9303=CARTESIAN_POINT('',(0.011226426939914,0.0141949234696669,0.00989924927493764));
#9304=CARTESIAN_POINT('',(0.0105424812343144,0.0133301285531403,0.00929615898926695));
#9305=CARTESIAN_POINT('',(0.0102964190297477,0.0130190024770259,0.00907918602777326));
#9306=CARTESIAN_POINT('',(0.0136808486539733,0.0175263819768523,0.0119207611833696));
#9307=CARTESIAN_POINT('',(0.0136574704680587,0.0174964324447269,0.0119003906801766));
#9308=CARTESIAN_POINT('',(0.0131978495751153,0.0169076172668082,0.0114999015703088));
#9309=CARTESIAN_POINT('',(0.0123019859751431,0.0157599364430962,0.0107192938537663));
#9310=CARTESIAN_POINT('',(0.01118436037662,0.0143281588069088,0.00974545457015246));
#9311=CARTESIAN_POINT('',(0.0105029774851257,0.0134552468165146,0.00915173389321345));
#9312=CARTESIAN_POINT('',(0.0102578373006603,0.0131412004719138,0.00893813182294924));
#9313=CARTESIAN_POINT('',(0.0136276538046939,0.0176792943389215,0.0117510189077248));
#9314=CARTESIAN_POINT('',(0.0136043665195054,0.0176490835062204,0.0117309384644966));
#9315=CARTESIAN_POINT('',(0.0131465327572251,0.0170551310946275,0.0113361520049742));
#9316=CARTESIAN_POINT('',(0.0122541525178528,0.0158974371041429,0.0105666595291578));
#9317=CARTESIAN_POINT('',(0.0111408725507133,0.0144531676427404,0.00960668695200424));
#9318=CARTESIAN_POINT('',(0.0104621390606656,0.0135726397602297,0.00902142039114479));
#9319=CARTESIAN_POINT('',(0.0102179520477098,0.0132558534566107,0.00881085984657943));
#9320=CARTESIAN_POINT('',(0.0135736358539662,0.0178217339670244,0.0115990494043614));
#9321=CARTESIAN_POINT('',(0.0135504408760407,0.0177912797298247,0.0115792286505276));
#9322=CARTESIAN_POINT('',(0.0130944218972856,0.0171925419258403,0.0111895477484602));
#9323=CARTESIAN_POINT('',(0.0122055789177008,0.0160255205550711,0.0104300066981593));
#9324=CARTESIAN_POINT('',(0.0110967118233325,0.0145696148144699,0.00948244892153825));
#9325=CARTESIAN_POINT('',(0.0104206687297939,0.0136819926406535,0.00890475129315074));
#9326=CARTESIAN_POINT('',(0.0101774496370849,0.0133626540336219,0.00869691381299679));
#9327=CARTESIAN_POINT('',(0.0135197113630875,0.017953304957425,0.0114642201766239));
#9328=CARTESIAN_POINT('',(0.0134966085327184,0.0179226258883342,0.0114446298224409));
#9329=CARTESIAN_POINT('',(0.0130424011976175,0.0173194678339967,0.0110594786342542));
#9330=CARTESIAN_POINT('',(0.0121570893577849,0.0161438307944124,0.0103087666120639));
#9331=CARTESIAN_POINT('',(0.0110526275011996,0.0146771766630781,0.00937222340041315));
#9332=CARTESIAN_POINT('',(0.010379270149346,0.0137830015169905,0.00880124102276611));
#9333=CARTESIAN_POINT('',(0.0101370173022242,0.0134613053561496,0.00859581947912275));
#9334=CARTESIAN_POINT('',(0.0134667925170339,0.0180736300988038,0.0113458750514236));
#9335=CARTESIAN_POINT('',(0.0134437801157495,0.0180427454150178,0.0113264869284332));
#9336=CARTESIAN_POINT('',(0.0129913506387254,0.0174355449251324,0.010945311655301));
#9337=CARTESIAN_POINT('',(0.0121095040859617,0.0162520286291475,0.0102023492320268));
#9338=CARTESIAN_POINT('',(0.0110093653133085,0.0147755448109603,0.00927547395434197));
#9339=CARTESIAN_POINT('',(0.0103386436163949,0.0138753767988725,0.00871038582679905));
#9340=CARTESIAN_POINT('',(0.0100973389952211,0.0135515245928842,0.00850708484939803));
#9341=CARTESIAN_POINT('',(0.0134157866838235,0.0181823537215443,0.0112433302585621));
#9342=CARTESIAN_POINT('',(0.0133928614426182,0.0181512832480365,0.0112241173667502));
#9343=CARTESIAN_POINT('',(0.0129421455542171,0.0175404300864615,0.0108463871817447));
#9344=CARTESIAN_POINT('',(0.0120636390186201,0.0163497942368192,0.0101101397035456));
#9345=CARTESIAN_POINT('',(0.010967667050696,0.0148644284912741,0.0091916415878626));
#9346=CARTESIAN_POINT('',(0.0102994857299678,0.0139588454337962,0.00863166076537326));
#9347=CARTESIAN_POINT('',(0.0100590950564355,0.0136330450643855,0.00843019723607753));
#9348=CARTESIAN_POINT('',(0.0133675939999638,0.0182791444337082,0.0111558734069534));
#9349=CARTESIAN_POINT('',(0.0133447511116558,0.018247908561743,0.0111368099636581));
#9350=CARTESIAN_POINT('',(0.0128956543014967,0.0176338036257584,0.0107620179732958));
#9351=CARTESIAN_POINT('',(0.0120203035694867,0.0164368296257546,0.0100314974358666));
#9352=CARTESIAN_POINT('',(0.0109282685924983,0.014943556784652,0.00912014390737972));
#9353=CARTESIAN_POINT('',(0.0102624875373609,0.0140331530075687,0.00856451892595969));
#9354=CARTESIAN_POINT('',(0.0100229604040745,0.0137056182945048,0.00836462249160656));
#9355=CARTESIAN_POINT('',(0.0133231037306667,0.0183636985897636,0.0110827629829811));
#9356=CARTESIAN_POINT('',(0.0133003368684747,0.0183323182294826,0.0110638244726579));
#9357=CARTESIAN_POINT('',(0.0128527347504812,0.017715372617624,0.0106914886952982));
#9358=CARTESIAN_POINT('',(0.0119802973766863,0.0165128617541878,0.00996575565090195));
#9359=CARTESIAN_POINT('',(0.0108918969303553,0.0150126814549545,0.00906037471106189));
#9360=CARTESIAN_POINT('',(0.0102283317398257,0.0140980664072989,0.00850839103825836));
#9361=CARTESIAN_POINT('',(0.00998960180509761,0.013769016611221,0.00830980463249134));
#9362=CARTESIAN_POINT('',(0.0132831962734482,0.0184357429129587,0.0110232214261548));
#9363=CARTESIAN_POINT('',(0.0132604976061451,0.018404239441486,0.0110043846619747));
#9364=CARTESIAN_POINT('',(0.0128142362164635,0.0177848734332765,0.010634049238848));
#9365=CARTESIAN_POINT('',(0.0119444121044036,0.0165776448883303,0.00991221515677456));
#9366=CARTESIAN_POINT('',(0.0108592718063929,0.0150715790931116,0.00901169832805569));
#9367=CARTESIAN_POINT('',(0.0101976942307606,0.0141533758346296,0.00846268015828348));
#9368=CARTESIAN_POINT('',(0.00995967937750666,0.0138230351128844,0.00826516064745792));
#9369=CARTESIAN_POINT('',(0.0132487193652383,0.0184950414607136,0.0109764568100731));
#9370=CARTESIAN_POINT('',(0.0132260796129624,0.0184634366583579,0.0109576999584712));
#9371=CARTESIAN_POINT('',(0.0127809765072249,0.0178420784600323,0.0105889356363153));
#9372=CARTESIAN_POINT('',(0.011913410048026,0.0166309668657368,0.00987016384360524));
#9373=CARTESIAN_POINT('',(0.0108310862620715,0.0151200568114663,0.00897346734309552));
#9374=CARTESIAN_POINT('',(0.0101712258295785,0.0141989001531659,0.00842677831313995));
#9375=CARTESIAN_POINT('',(0.00993382875054693,0.0138674968908355,0.00823009675373851));
#9376=CARTESIAN_POINT('',(0.0132205458804501,0.0185413863907068,0.0109415979617458));
#9377=CARTESIAN_POINT('',(0.0131979542717493,0.0185097023929432,0.0109229006778403));
#9378=CARTESIAN_POINT('',(0.0127537976805566,0.0178867871933931,0.0105553074712635));
#9379=CARTESIAN_POINT('',(0.0118880761068721,0.0166726407920564,0.00983881834201557));
#9380=CARTESIAN_POINT('',(0.0108080538892337,0.0151579446948706,0.00894496955528523));
#9381=CARTESIAN_POINT('',(0.0101495966540871,0.0142344797994715,0.0084000166912261));
#9382=CARTESIAN_POINT('',(0.00991270440143239,0.013902246105859,0.00820395974983815));
#9383=CARTESIAN_POINT('',(0.0131917856561071,0.018586633902162,0.0109092903525529));
#9384=CARTESIAN_POINT('',(0.0131692431936171,0.0185548725842876,0.0108906482767206));
#9385=CARTESIAN_POINT('',(0.0127260528290327,0.017930437252314,0.0105241404744606));
#9386=CARTESIAN_POINT('',(0.011862214562354,0.0167133279062414,0.009809766945773));
#9387=CARTESIAN_POINT('',(0.0107845418453758,0.0151949354172344,0.00891855745518388));
#9388=CARTESIAN_POINT('',(0.010127517030492,0.0142692169423266,0.00837521369102242));
#9389=CARTESIAN_POINT('',(0.00989114011770242,0.0139361724815179,0.00817973565328858));
#9390=CARTESIAN_POINT('',(0.0131553852399583,0.0186408231763174,0.0108732912176246));
#9391=CARTESIAN_POINT('',(0.0131329049794352,0.018608969258418,0.0108547106580396));
#9392=CARTESIAN_POINT('',(0.0126909375208413,0.0179827133871486,0.0104894122803525));
#9393=CARTESIAN_POINT('',(0.0118294828641766,0.0167620555625091,0.00977739608456352));
#9394=CARTESIAN_POINT('',(0.0107547837958304,0.0152392362048559,0.00888912746085615));
#9395=CARTESIAN_POINT('',(0.0100995719255551,0.0143108188005727,0.00834757665525077));
#9396=CARTESIAN_POINT('',(0.00986384725335054,0.0139768033496596,0.00815274366774738));
#9397=CARTESIAN_POINT('',(0.0130993067290922,0.018729651368649,0.0108093397283484));
#9398=CARTESIAN_POINT('',(0.0130769222969702,0.0186976456588509,0.0107908684507124));
#9399=CARTESIAN_POINT('',(0.0126368388483447,0.0180684055214653,0.0104277185830593));
#9400=CARTESIAN_POINT('',(0.0117790563832155,0.0168419309564924,0.00971989012538917));
#9401=CARTESIAN_POINT('',(0.0107089385203819,0.0153118549831034,0.00883684587213473));
#9402=CARTESIAN_POINT('',(0.010056519674052,0.0143790134373018,0.00829848020889739));
#9403=CARTESIAN_POINT('',(0.00982179984422577,0.0140434063190876,0.00810479313567714));
#9404=CARTESIAN_POINT('',(0.0130335816364093,0.0188425519205775,0.0107204176376905));
#9405=CARTESIAN_POINT('',(0.0130113095170156,0.0188103532834135,0.0107020983124093));
#9406=CARTESIAN_POINT('',(0.0125734341642876,0.0181773201464997,0.0103419358654743));
#9407=CARTESIAN_POINT('',(0.0117199555782253,0.016943452509836,0.00963993029688573));
#9408=CARTESIAN_POINT('',(0.010655206976313,0.0154041533844252,0.00876415033017572));
#9409=CARTESIAN_POINT('',(0.010006061607735,0.0144656887587644,0.00823021348511937));
#9410=CARTESIAN_POINT('',(0.00977251947249127,0.0141280586328533,0.00803811976171668));
#9411=CARTESIAN_POINT('',(0.0129704000870391,0.0189706075701758,0.0106039150967428));
#9412=CARTESIAN_POINT('',(0.0129482359339013,0.0189381901082255,0.0105857948539988));
#9413=CARTESIAN_POINT('',(0.0125124832243567,0.0183008548221173,0.0102295464187787));
#9414=CARTESIAN_POINT('',(0.0116631419584054,0.0170586017118512,0.00953516979108255));
#9415=CARTESIAN_POINT('',(0.0106035548284687,0.0155088413734232,0.00866890723263787));
#9416=CARTESIAN_POINT('',(0.0099575562549389,0.014563998859153,0.00814077286666928));
#9417=CARTESIAN_POINT('',(0.00972514623781585,0.0142240741690407,0.00795076669317676));
#9418=CARTESIAN_POINT('',(0.0129248291399468,0.0190911410314829,0.0104751254618304));
#9419=CARTESIAN_POINT('',(0.0129027428596151,0.019058517598855,0.0104572252981257));
#9420=CARTESIAN_POINT('',(0.0124685211486163,0.0184171328784962,0.0101053036710223));
#9421=CARTESIAN_POINT('',(0.0116221640069506,0.0171669868704068,0.00941936058052039));
#9422=CARTESIAN_POINT('',(0.0105662996911688,0.0156073798269063,0.00856361919634225));
#9423=CARTESIAN_POINT('',(0.00992257080605398,0.0146565340711367,0.00804189927556275));
#9424=CARTESIAN_POINT('',(0.00969097735160617,0.0143144496030979,0.00785420081818187));
#9425=CARTESIAN_POINT('',(0.0129009565960601,0.0192059979061347,0.0103254899264552));
#9426=CARTESIAN_POINT('',(0.0128789111097451,0.0191731782031264,0.0103078454638005));
#9427=CARTESIAN_POINT('',(0.012445491419163,0.0185279347587496,0.0099609509823169));
#9428=CARTESIAN_POINT('',(0.0116006975243139,0.0172702675730045,0.00928480648200446));
#9429=CARTESIAN_POINT('',(0.0105467834213314,0.0157012775601778,0.0084412892301893));
#9430=CARTESIAN_POINT('',(0.00990424352261589,0.0147447112887196,0.007927021997203));
#9431=CARTESIAN_POINT('',(0.00967307782816748,0.0144005687586298,0.00774200478304557));
#9432=CARTESIAN_POINT('',(0.012911272718185,0.0193109417684171,0.0101445482716983));
#9433=CARTESIAN_POINT('',(0.0128892096034152,0.0192779427346388,0.0101272130067952));
#9434=CARTESIAN_POINT('',(0.0124554433330717,0.0186291736031566,0.00978639742926223));
#9435=CARTESIAN_POINT('',(0.0116099739071544,0.0173646343739704,0.0091221015390993));
#9436=CARTESIAN_POINT('',(0.0105552170522012,0.01578707121266,0.00829336590137185));
#9437=CARTESIAN_POINT('',(0.00991216335282171,0.0148252781490535,0.00778811057627435));
#9438=CARTESIAN_POINT('',(0.00968081280901603,0.014479255183151,0.00760633556380677));
#9439=CARTESIAN_POINT('',(0.0129687950760948,0.0193816424283909,0.00995304099237581));
#9440=CARTESIAN_POINT('',(0.012946633665641,0.0193485225795071,0.00993603298003531));
#9441=CARTESIAN_POINT('',(0.0125109348779387,0.0186973781932954,0.00960165126848195));
#9442=CARTESIAN_POINT('',(0.0116616987129879,0.0174282092697557,0.00894989585771573));
#9443=CARTESIAN_POINT('',(0.0106022427007445,0.0158448703799494,0.00813680496857719));
#9444=CARTESIAN_POINT('',(0.00995632406574961,0.014879556027471,0.00764108777865151));
#9445=CARTESIAN_POINT('',(0.00972394280800319,0.0145322662123205,0.00746274428793869));
#9446=CARTESIAN_POINT('',(0.013125513292363,0.0194021438966403,0.00970476259245225));
#9447=CARTESIAN_POINT('',(0.013103084077792,0.0193689890143205,0.00968817884462477));
#9448=CARTESIAN_POINT('',(0.0126621201951878,0.0187171558621278,0.00936213827789055));
#9449=CARTESIAN_POINT('',(0.0118026216445505,0.0174466444400623,0.00872664089224958));
#9450=CARTESIAN_POINT('',(0.0107303628965495,0.0158616307297603,0.00793383253837864));
#9451=CARTESIAN_POINT('',(0.0100766388165817,0.0148952952893312,0.00745048100341446));
#9452=CARTESIAN_POINT('',(0.00984144940464715,0.014547638118775,0.00727658628735703));
#9453=CARTESIAN_POINT('',(0.0132857843698836,0.0194021438966403,0.0094841683789785));
#9454=CARTESIAN_POINT('',(0.0132630812799748,0.0193689890143205,0.00946796158821449));
#9455=CARTESIAN_POINT('',(0.0128167329407754,0.0187171558621278,0.00914933209018947));
#9456=CARTESIAN_POINT('',(0.0119467393522854,0.0174466444400623,0.00852827988490346));
#9457=CARTESIAN_POINT('',(0.0108613876256637,0.0158616307297603,0.00775349247009121));
#9458=CARTESIAN_POINT('',(0.0101996811483326,0.0148952952893312,0.00728112776253996));
#9459=CARTESIAN_POINT('',(0.00996161992029203,0.014547638118775,0.0071111857622497));
#9460=CARTESIAN_POINT('',(0.0134734825678312,0.0193816424283909,0.00925839825326182));
#9461=CARTESIAN_POINT('',(0.013450458734416,0.0193485225795071,0.00924257726429318));
#9462=CARTESIAN_POINT('',(0.0129978044988847,0.0186973781932954,0.00893153272458519));
#9463=CARTESIAN_POINT('',(0.0121155198612373,0.0174282092697557,0.00832526463413785));
#9464=CARTESIAN_POINT('',(0.0110148345602059,0.0158448703799494,0.00756892099268094));
#9465=CARTESIAN_POINT('',(0.0103437796612907,0.014879556027471,0.0071078009019634));
#9466=CARTESIAN_POINT('',(0.0101023551644915,0.0145322662123205,0.00694190436198521));
#9467=CARTESIAN_POINT('',(0.0136378414275982,0.0193109417684171,0.00914451223608186));
#9468=CARTESIAN_POINT('',(0.0136145367335377,0.0192779427346388,0.00912888585846739));
#9469=CARTESIAN_POINT('',(0.0131563607085473,0.0186291736031566,0.00882166742591356));
#9470=CARTESIAN_POINT('',(0.0122633133526269,0.0173646343739704,0.00822285693842039));
#9471=CARTESIAN_POINT('',(0.0111492011309661,0.01578707121266,0.00747581695431205));
#9472=CARTESIAN_POINT('',(0.0104699602402354,0.0148252781490535,0.00702036902514307));
#9473=CARTESIAN_POINT('',(0.0102255906804346,0.014479255183151,0.00685651315091345));
#9474=CARTESIAN_POINT('',(0.0138067393103713,0.0192059979061347,0.00907878697460192));
#9475=CARTESIAN_POINT('',(0.0137831459992664,0.0191731782031264,0.00906327291000406));
#9476=CARTESIAN_POINT('',(0.0133192956920981,0.0185279347587496,0.00875826257901867));
#9477=CARTESIAN_POINT('',(0.0124151883888662,0.0172702675730045,0.00816375598164574));
#9478=CARTESIAN_POINT('',(0.011287278441487,0.0157012775601778,0.00742208527224816));
#9479=CARTESIAN_POINT('',(0.0105996254901712,0.0147447112887196,0.00696991082923814));
#9480=CARTESIAN_POINT('',(0.010352229534919,0.0144005687586298,0.00680723265261564));
#9481=CARTESIAN_POINT('',(0.0139564281831192,0.0190911410314829,0.0090552511896326));
#9482=CARTESIAN_POINT('',(0.01393257907982,0.019058517598855,0.0090397773435892));
#9483=CARTESIAN_POINT('',(0.013463699835113,0.0184171328784962,0.00873555771929002));
#9484=CARTESIAN_POINT('',(0.0125497904489982,0.0171669868704068,0.00814259231673506));
#9485=CARTESIAN_POINT('',(0.0114096520119815,0.0156073798269063,0.00740284430938824));
#9486=CARTESIAN_POINT('',(0.0107145437163726,0.0146565340711367,0.00695184208029721));
#9487=CARTESIAN_POINT('',(0.0104644655621716,0.0143144496030979,0.00678958562946198));
#9488=CARTESIAN_POINT('',(0.0140929966017352,0.0189706075701758,0.00905879354993116));
#9489=CARTESIAN_POINT('',(0.0140689141268111,0.0189381901082255,0.00904331365061141));
#9490=CARTESIAN_POINT('',(0.0135954467384809,0.0183008548221173,0.00873897501740827));
#9491=CARTESIAN_POINT('',(0.0126725944367445,0.0170586017118512,0.00814577765032173));
#9492=CARTESIAN_POINT('',(0.0115212993555418,0.0155088413734232,0.00740574025796313));
#9493=CARTESIAN_POINT('',(0.0108193891877453,0.014563998859153,0.00695456159948794));
#9494=CARTESIAN_POINT('',(0.0105668639333549,0.0142240741690407,0.00679224167489614));
#9495=CARTESIAN_POINT('',(0.0142233212749548,0.0188425519205775,0.00908288150912866));
#9496=CARTESIAN_POINT('',(0.0141990160978785,0.0188103532834135,0.00906736044768493));
#9497=CARTESIAN_POINT('',(0.0137211703303853,0.0181773201464997,0.00876221255698647));
#9498=CARTESIAN_POINT('',(0.0127897839724753,0.016943452509836,0.00816743783703327));
#9499=CARTESIAN_POINT('',(0.0116278423155671,0.0154041533844252,0.00742543263401495));
#9500=CARTESIAN_POINT('',(0.0109194412490758,0.0144656887587644,0.00697305426025138));
#9501=CARTESIAN_POINT('',(0.0106645807730014,0.0141280586328533,0.00681030271574254));
#9502=CARTESIAN_POINT('',(0.0143282013793134,0.018729651368649,0.00911791134962013));
#9503=CARTESIAN_POINT('',(0.0143037169804183,0.0186976456588509,0.00910233042828435));
#9504=CARTESIAN_POINT('',(0.0138223476678267,0.0180684055214653,0.00879600567736519));
#9505=CARTESIAN_POINT('',(0.0128840934415386,0.0168419309564924,0.00819893709686263));
#9506=CARTESIAN_POINT('',(0.0117135838447042,0.0153118549831034,0.00745407021125169));
#9507=CARTESIAN_POINT('',(0.0109999591615663,0.0143790134373018,0.00699994715522414));
#9508=CARTESIAN_POINT('',(0.0107432193921249,0.0140434063190876,0.00683656792877999));
#9509=CARTESIAN_POINT('',(0.0144063520727932,0.0186408231763174,0.00915148308580152));
#9510=CARTESIAN_POINT('',(0.0143817341279838,0.018608969258418,0.00913584479621983));
#9511=CARTESIAN_POINT('',(0.0138977392698263,0.0179827133871486,0.00882839217145661));
#9512=CARTESIAN_POINT('',(0.0129543674983207,0.0167620555625091,0.00822912521151184));
#9513=CARTESIAN_POINT('',(0.0117774735595654,0.0152392362048559,0.0074815157598005));
#9514=CARTESIAN_POINT('',(0.0110599565341582,0.0143108188005727,0.00702572064327069));
#9515=CARTESIAN_POINT('',(0.0108018164220992,0.0139768033496596,0.00686173986192241));
#9516=CARTESIAN_POINT('',(0.0144518376318401,0.018586633902162,0.0091749775943001));
#9517=CARTESIAN_POINT('',(0.014427141960138,0.0185548725842876,0.00915929915669825));
#9518=CARTESIAN_POINT('',(0.0139416189721258,0.017930437252314,0.00885105721197041));
#9519=CARTESIAN_POINT('',(0.0129952686678036,0.0167133279062414,0.0082502517601166));
#9520=CARTESIAN_POINT('',(0.0118146588904742,0.0151949354172344,0.00750072297834125));
#9521=CARTESIAN_POINT('',(0.011094876429455,0.0142692169423266,0.00704375770369187));
#9522=CARTESIAN_POINT('',(0.0108359212847458,0.0139361724815179,0.00687935593616847));
#9523=CARTESIAN_POINT('',(0.0144914513921729,0.0185413863907068,0.00919234659278341));
#9524=CARTESIAN_POINT('',(0.0144666880274587,0.0185097023929432,0.00917663847459039));
#9525=CARTESIAN_POINT('',(0.0139798341781559,0.0178867871933931,0.00886781300213015));
#9526=CARTESIAN_POINT('',(0.0130308898442644,0.0166726407920564,0.00826587017540269));
#9527=CARTESIAN_POINT('',(0.0118470439115092,0.0151579446948706,0.0075149224730752));
#9528=CARTESIAN_POINT('',(0.0111252884633427,0.0142344797994715,0.00705709212501494));
#9529=CARTESIAN_POINT('',(0.0108656234997647,0.013902246105859,0.0068923791312219));
#9530=CARTESIAN_POINT('',(0.0145333102126154,0.0184950414607136,0.00920836919254049));
#9531=CARTESIAN_POINT('',(0.0145084753184726,0.0184634366583579,0.00919263369451706));
#9532=CARTESIAN_POINT('',(0.0140202151829871,0.0178420784600323,0.0088832699278476));
#9533=CARTESIAN_POINT('',(0.0130685298061589,0.0166309668657368,0.00828027789253211));
#9534=CARTESIAN_POINT('',(0.0118812643129339,0.0151200568114663,0.00752802126061288));
#9535=CARTESIAN_POINT('',(0.0111574240610516,0.0141989001531659,0.00706939289733969));
#9536=CARTESIAN_POINT('',(0.010897009050512,0.0138674968908355,0.00690439280271252));
#9537=CARTESIAN_POINT('',(0.0145884399560223,0.0184357429129587,0.0092267076196505));
#9538=CARTESIAN_POINT('',(0.0145635108547566,0.018404239441486,0.00921094078445135));
#9539=CARTESIAN_POINT('',(0.014073398584032,0.0177848734332765,0.00890096092118901));
#9540=CARTESIAN_POINT('',(0.0131181031438486,0.0165776448883303,0.00829676802986348));
#9541=CARTESIAN_POINT('',(0.0119263339524956,0.0150715790931116,0.00754301328214067));
#9542=CARTESIAN_POINT('',(0.0111997479306016,0.0141533758346296,0.00708347156248106));
#9543=CARTESIAN_POINT('',(0.0109383450781664,0.0138230351128844,0.00691814287088464));
#9544=CARTESIAN_POINT('',(0.0146573994241152,0.0183636985897636,0.00924626251395612));
#9545=CARTESIAN_POINT('',(0.0146323524831374,0.0183323182294826,0.00923046226285082));
#9546=CARTESIAN_POINT('',(0.0141399234546515,0.017715372617624,0.00891982543464358));
#9547=CARTESIAN_POINT('',(0.0131801123386572,0.0165128617541878,0.00831435202933439));
#9548=CARTESIAN_POINT('',(0.0119827096614913,0.0150126814549545,0.00755899978930646));
#9549=CARTESIAN_POINT('',(0.0112526890718337,0.0140980664072989,0.00709848412638047));
#9550=CARTESIAN_POINT('',(0.0109900505696844,0.013769016611221,0.00693280504055642));
#9551=CARTESIAN_POINT('',(0.0147406798185403,0.0182791444337082,0.00926598291100944));
#9552=CARTESIAN_POINT('',(0.0147154905658834,0.018247908561743,0.00925014896118264));
#9553=CARTESIAN_POINT('',(0.0142202636547354,0.0176338036257584,0.00893884960781105));
#9554=CARTESIAN_POINT('',(0.0132549990850963,0.0164368296257546,0.00833208485089468));
#9555=CARTESIAN_POINT('',(0.012050793006839,0.014943556784652,0.00757512159819368));
#9556=CARTESIAN_POINT('',(0.0113166245870728,0.0140331530075687,0.00711362374903747));
#9557=CARTESIAN_POINT('',(0.0110524938257976,0.0137056182945048,0.00694759130342606));
#9558=CARTESIAN_POINT('',(0.0148387485854746,0.0181823537215443,0.0092847912236103));
#9559=CARTESIAN_POINT('',(0.0148133917503874,0.0181512832480365,0.00926892513365537));
#9560=CARTESIAN_POINT('',(0.0143148701273858,0.0175404300864615,0.00895699389744881));
#9561=CARTESIAN_POINT('',(0.0133431837164697,0.0163497942368192,0.00834899751499061));
#9562=CARTESIAN_POINT('',(0.0121309661348975,0.0148644284912741,0.00759049776026701));
#9563=CARTESIAN_POINT('',(0.0113919133412398,0.0139588454337962,0.00712806315179504));
#9564=CARTESIAN_POINT('',(0.0111260253354965,0.0136330450643855,0.00696169368957471));
#9565=CARTESIAN_POINT('',(0.0149520361482119,0.0180736300988038,0.00930161256997525));
#9566=CARTESIAN_POINT('',(0.0149264857244249,0.0180427454150178,0.00928571773527118));
#9567=CARTESIAN_POINT('',(0.0144241580999053,0.0174355449251324,0.00897322137021681));
#9568=CARTESIAN_POINT('',(0.013445053274653,0.0162520286291475,0.00836412347481215));
#9569=CARTESIAN_POINT('',(0.0122235809250973,0.0147755448109603,0.00760424953872198));
#9570=CARTESIAN_POINT('',(0.0114788857762743,0.0138753767988725,0.00714097713298211));
#9571=CARTESIAN_POINT('',(0.0112109678281839,0.0135515245928842,0.00697430625759253));
#9572=CARTESIAN_POINT('',(0.0150809418734586,0.017953304957425,0.00931537072846102));
#9573=CARTESIAN_POINT('',(0.0150551711722542,0.0179226258883342,0.009299452383462));
#9574=CARTESIAN_POINT('',(0.0145485128394545,0.0173194678339967,0.00898649380021866));
#9575=CARTESIAN_POINT('',(0.0135609668750596,0.0161438307944124,0.00837649497873099));
#9576=CARTESIAN_POINT('',(0.0123289638675034,0.0146771766630781,0.00761549710139265));
#9577=CARTESIAN_POINT('',(0.0115778484915425,0.0137830015169905,0.00715153946229864));
#9578=CARTESIAN_POINT('',(0.0113076207471767,0.0134613053561496,0.00698462206144894));
#9579=CARTESIAN_POINT('',(0.01522583567318,0.0178217339670244,0.00932499144418985));
#9580=CARTESIAN_POINT('',(0.0151998173737253,0.0177912797298247,0.00930905665906444));
#9581=CARTESIAN_POINT('',(0.0146882911983456,0.0171925419258403,0.00899577485888728));
#9582=CARTESIAN_POINT('',(0.0136912571470406,0.0160255205550711,0.00838514604365835));
#9583=CARTESIAN_POINT('',(0.0124474173723561,0.0145696148144699,0.00762336222398218));
#9584=CARTESIAN_POINT('',(0.0116890854735966,0.0136819926406535,0.00715892541935777));
#9585=CARTESIAN_POINT('',(0.0114162614507623,0.0133626540336219,0.00699183562978512));
#9586=CARTESIAN_POINT('',(0.0153870597244081,0.0176792943389215,0.0093294044090603));
#9587=CARTESIAN_POINT('',(0.0153607659211496,0.0176490835062204,0.00931346208294707));
#9588=CARTESIAN_POINT('',(0.0148438232731326,0.0170551310946275,0.00900003202509192));
#9589=CARTESIAN_POINT('',(0.0138362317803569,0.0158974371041429,0.00838911423549485));
#9590=CARTESIAN_POINT('',(0.012579221176047,0.0144531676427404,0.00762696990876028));
#9591=CARTESIAN_POINT('',(0.0118128594164958,0.0135726397602297,0.00716231331376763));
#9592=CARTESIAN_POINT('',(0.0115371465017033,0.0132558534566107,0.00699514445051689));
#9593=CARTESIAN_POINT('',(0.0155649323341913,0.0175263819768523,0.0093275424692627));
#9594=CARTESIAN_POINT('',(0.0155383345776442,0.0174964324447269,0.00931160332488006));
#9595=CARTESIAN_POINT('',(0.0150154161331099,0.0169076172668082,0.00899823582063208));
#9596=CARTESIAN_POINT('',(0.0139961770005885,0.0157599364430962,0.00838743995651874));
#9597=CARTESIAN_POINT('',(0.0127246355007913,0.0143281588069088,0.00762544773669168));
#9598=CARTESIAN_POINT('',(0.0119494146889812,0.0134552468165146,0.00716088387672995));
#9599=CARTESIAN_POINT('',(0.0116705145651582,0.0131412004719138,0.00699374837663358));
#9600=CARTESIAN_POINT('',(0.0157597493894372,0.0173634068559882,0.00931834697190521));
#9601=CARTESIAN_POINT('',(0.0157328187244973,0.0173337358199394,0.00930242354102488));
#9602=CARTESIAN_POINT('',(0.0152033552189688,0.0167503959434785,0.00898936496810224));
#9603=CARTESIAN_POINT('',(0.0141713588728517,0.0156133872266055,0.00837917125313729));
#9604=CARTESIAN_POINT('',(0.0128839022399017,0.0141949234696669,0.00761793023840705));
#9605=CARTESIAN_POINT('',(0.0120989784475402,0.0133301285531403,0.00715382436571912));
#9606=CARTESIAN_POINT('',(0.0118165874957673,0.0130190024770259,0.00698685363507349));
#9607=CARTESIAN_POINT('',(0.0159717896342236,0.0171907904640905,0.00930076456710423));
#9608=CARTESIAN_POINT('',(0.0159444966294618,0.0171614143993702,0.00928487118148926));
#9609=CARTESIAN_POINT('',(0.0154079094337944,0.0165838737318756,0.00897240330588366));
#9610=CARTESIAN_POINT('',(0.0143620280472213,0.0154581684616067,0.00836336094028743));
#9611=CARTESIAN_POINT('',(0.0130572492720939,0.0140538062054733,0.00760355627984969));
#9612=CARTESIAN_POINT('',(0.0122617646878723,0.0131976085521141,0.00714032610940259));
#9613=CARTESIAN_POINT('',(0.0119755742945562,0.0128895755015292,0.00697367042894612));
#9614=CARTESIAN_POINT('',(0.0162013169229938,0.0170089628433864,0.00927374880681973));
#9615=CARTESIAN_POINT('',(0.0161736316960998,0.0169798974903791,0.00925790158643051));
#9616=CARTESIAN_POINT('',(0.0156293333167121,0.0164084654916889,0.00894634133053327));
#9617=CARTESIAN_POINT('',(0.0145684217848308,0.0152946668473158,0.00833906803912802));
#9618=CARTESIAN_POINT('',(0.0132448923035172,0.013905158582229,0.00758147036935447));
#9619=CARTESIAN_POINT('',(0.0124379759746973,0.0130580169628252,0.00711958573508895));
#9620=CARTESIAN_POINT('',(0.0121476727983711,0.0127532419891043,0.00695341413633144));
#9621=CARTESIAN_POINT('',(0.0164485846526992,0.0168183602295396,0.0092362577959141));
#9622=CARTESIAN_POINT('',(0.0164204768883515,0.0167896205831793,0.00922047464112821));
#9623=CARTESIAN_POINT('',(0.015867871318555,0.0162245920573868,0.00891017393077128));
#9624=CARTESIAN_POINT('',(0.0147907679433097,0.0151232746521622,0.00830535566484332));
#9625=CARTESIAN_POINT('',(0.0134470384911173,0.0137493372310902,0.00755082073734275));
#9626=CARTESIAN_POINT('',(0.0126278068443737,0.0129116886894503,0.00709080336541321));
#9627=CARTESIAN_POINT('',(0.0123330730030788,0.0126103290272426,0.00692530354905471));
#9628=CARTESIAN_POINT('',(0.0168134714486506,0.0165446999395586,0.00916884633472418));
#9629=CARTESIAN_POINT('',(0.0167847401563647,0.0165164279309376,0.00915317837437632));
#9630=CARTESIAN_POINT('',(0.0162198758737339,0.0159605932782757,0.00884514241504255));
#9631=CARTESIAN_POINT('',(0.0151188786007582,0.014877195981573,0.00824473845672288));
#9632=CARTESIAN_POINT('',(0.0137453405574445,0.0135256146111466,0.00749571055415659));
#9633=CARTESIAN_POINT('',(0.0129079355044758,0.012701595884761,0.00703905065057622));
#9634=CARTESIAN_POINT('',(0.0126066634418519,0.0124051398024161,0.00687475874598176));
#9635=CARTESIAN_POINT('',(0.017097790612792,0.0163403959658174,0.00910212815427121));
#9636=CARTESIAN_POINT('',(0.0170685734686086,0.0163124730770793,0.00908657420366544));
#9637=CARTESIAN_POINT('',(0.0164941572180109,0.0157635022073025,0.00878077970394071));
#9638=CARTESIAN_POINT('',(0.0153745418609987,0.0146934833564867,0.00818474465509704));
#9639=CARTESIAN_POINT('',(0.0139777770147262,0.0133585921312924,0.00744116714148301));
#9640=CARTESIAN_POINT('',(0.0131262112748681,0.0125447488871368,0.00698783017698794));
#9641=CARTESIAN_POINT('',(0.0128198446414243,0.0122519536240202,0.0068247337616118));
#9642=CARTESIAN_POINT('',(0.0172936073988947,0.0162032924436954,0.0090504498962671));
#9643=CARTESIAN_POINT('',(0.0172640556379527,0.0161756038409809,0.00903498425479725));
#9644=CARTESIAN_POINT('',(0.0166830607394685,0.0156312390921295,0.00873092593443467));
#9645=CARTESIAN_POINT('',(0.0155506227034422,0.0145701981971411,0.00813827493517935));
#9646=CARTESIAN_POINT('',(0.0141378610532941,0.0132465073301882,0.00739891915849798));
#9647=CARTESIAN_POINT('',(0.0132765425406883,0.0124394926093722,0.00694815606070934));
#9648=CARTESIAN_POINT('',(0.0129666671656247,0.012149154034693,0.00678598564181342));
#9649=CARTESIAN_POINT('',(0.0135929152015984,0.0162601991330675,0.0127593674965429));
#9650=CARTESIAN_POINT('',(0.0135145613281047,0.0164276359685174,0.0124190967579709));
#9651=CARTESIAN_POINT('',(0.0133713945648186,0.0166824897374253,0.0119198669612872));
#9652=CARTESIAN_POINT('',(0.0131151137324889,0.017034367451272,0.0112862202337705));
#9653=CARTESIAN_POINT('',(0.0128811344023132,0.0173083120200981,0.0108287539595906));
#9654=CARTESIAN_POINT('',(0.0125958253808043,0.0175905396550868,0.0104071791065067));
#9655=CARTESIAN_POINT('',(0.0122249526508481,0.0178821288355225,0.0100630442149952));
#9656=CARTESIAN_POINT('',(0.0120808207761792,0.0181052514119182,0.0096293537926331));
#9657=CARTESIAN_POINT('',(0.012189998659058,0.0181871667347266,0.0092569865367602));
#9658=CARTESIAN_POINT('',(0.0124173522756808,0.018188670528551,0.00894773819634942));
#9659=CARTESIAN_POINT('',(0.0127197493401934,0.0181804520475941,0.00853889186130787));
#9660=CARTESIAN_POINT('',(0.0133001078729187,0.0179108469211924,0.00850013443499869));
#9661=CARTESIAN_POINT('',(0.0137496204551841,0.0176170186504192,0.00874152675838468));
#9662=CARTESIAN_POINT('',(0.0142391489640241,0.0173300980892799,0.00889735511270859));
#9663=CARTESIAN_POINT('',(0.014749537736662,0.0170539831457752,0.00898120236455822));
#9664=CARTESIAN_POINT('',(0.0154507398723933,0.0166910610810684,0.00903451012417795));
#9665=CARTESIAN_POINT('',(0.0159806468582634,0.0164309310674717,0.00901600246018527));
#9666=CARTESIAN_POINT('',(0.0163353214017661,0.0162601991330757,0.00898476918402207));
#9667=CARTESIAN_POINT('',(0.,0.0191902019685288,0.));
#9668=CARTESIAN_POINT('',(0.,0.0162601991330675,0.));
#9669=CARTESIAN_POINT('',(0.00793443780098552,0.0162601991330757,0.0168704919718259));
#9670=CARTESIAN_POINT('',(0.00898476918402059,0.0162601991330675,0.0163353214017831));
#9671=CARTESIAN_POINT('',(0.00793443780099826,0.0162601991330639,0.0168704919718308));
#9672=CARTESIAN_POINT('',(0.00745250509300749,0.0153282330917327,0.0158783579799162));
#9673=CARTESIAN_POINT('',(0.00697065891069905,0.0143962737752811,0.0148861756397593));
#9674=CARTESIAN_POINT('',(0.00648897147354689,0.0134643259709999,0.0138939054149391));
#9675=CARTESIAN_POINT('',(0.00742628386422242,0.0134643259709927,0.0134163208977539));
#9676=CARTESIAN_POINT('',(0.0079459185672985,0.0143962737751965,0.0143892560247444));
#9677=CARTESIAN_POINT('',(0.00846538886254072,0.0153282330923136,0.0153622679227308));
#9678=CARTESIAN_POINT('',(0.00898476918402058,0.0162601991330675,0.0163353214017831));
#9679=CARTESIAN_POINT('',(0.00905044989626712,0.0162032924436954,0.0172936073988947));
#9680=CARTESIAN_POINT('',(0.00903498425479726,0.0161756038409809,0.0172640556379527));
#9681=CARTESIAN_POINT('',(0.00873092593443468,0.0156312390921295,0.0166830607394686));
#9682=CARTESIAN_POINT('',(0.00813827493517935,0.0145701981971411,0.0155506227034422));
#9683=CARTESIAN_POINT('',(0.00739891915849792,0.0132465073301881,0.014137861053294));
#9684=CARTESIAN_POINT('',(0.0069481560607092,0.0124394926093719,0.013276542540688));
#9685=CARTESIAN_POINT('',(0.00678598564181322,0.0121491540346927,0.0129666671656243));
#9686=CARTESIAN_POINT('',(0.00910212815427123,0.0163403959658174,0.017097790612792));
#9687=CARTESIAN_POINT('',(0.00908657420366545,0.0163124730770794,0.0170685734686086));
#9688=CARTESIAN_POINT('',(0.00878077970394072,0.0157635022073025,0.0164941572180108));
#9689=CARTESIAN_POINT('',(0.00818474465509705,0.0146934833564867,0.0153745418609987));
#9690=CARTESIAN_POINT('',(0.00744116714148295,0.0133585921312922,0.0139777770147261));
#9691=CARTESIAN_POINT('',(0.00698783017698781,0.0125447488871366,0.0131262112748679));
#9692=CARTESIAN_POINT('',(0.0068247337616116,0.0122519536240198,0.0128198446414239));
#9693=CARTESIAN_POINT('',(0.0091688463347242,0.0165446999395586,0.0168134714486506));
#9694=CARTESIAN_POINT('',(0.00915317837437633,0.0165164279309376,0.0167847401563647));
#9695=CARTESIAN_POINT('',(0.00884514241504256,0.0159605932782757,0.0162198758737339));
#9696=CARTESIAN_POINT('',(0.00824473845672288,0.014877195981573,0.0151188786007582));
#9697=CARTESIAN_POINT('',(0.00749571055415652,0.0135256146111465,0.0137453405574444));
#9698=CARTESIAN_POINT('',(0.00703905065057608,0.0127015958847607,0.0129079355044755));
#9699=CARTESIAN_POINT('',(0.00687475874598154,0.0124051398024158,0.0126066634418515));
#9700=CARTESIAN_POINT('',(0.00923625779591411,0.0168183602295397,0.0164485846526992));
#9701=CARTESIAN_POINT('',(0.00922047464112821,0.0167896205831793,0.0164204768883515));
#9702=CARTESIAN_POINT('',(0.00891017393077129,0.0162245920573868,0.015867871318555));
#9703=CARTESIAN_POINT('',(0.00830535566484333,0.0151232746521622,0.0147907679433097));
#9704=CARTESIAN_POINT('',(0.00755082073734268,0.01374933723109,0.0134470384911171));
#9705=CARTESIAN_POINT('',(0.00709080336541307,0.0129116886894501,0.0126278068443734));
#9706=CARTESIAN_POINT('',(0.0069253035490545,0.0126103290272422,0.0123330730030785));
#9707=CARTESIAN_POINT('',(0.00927374880681975,0.0170089628433864,0.0162013169229938));
#9708=CARTESIAN_POINT('',(0.00925790158643052,0.0169798974903791,0.0161736316960998));
#9709=CARTESIAN_POINT('',(0.00894634133053328,0.0164084654916889,0.0156293333167122));
#9710=CARTESIAN_POINT('',(0.00833906803912802,0.0152946668473158,0.0145684217848308));
#9711=CARTESIAN_POINT('',(0.0075814703693544,0.0139051585822289,0.0132448923035171));
#9712=CARTESIAN_POINT('',(0.00711958573508881,0.0130580169628249,0.012437975974697));
#9713=CARTESIAN_POINT('',(0.00695341413633123,0.0127532419891039,0.0121476727983707));
#9714=CARTESIAN_POINT('',(0.00930076456710425,0.0171907904640906,0.0159717896342236));
#9715=CARTESIAN_POINT('',(0.00928487118148928,0.0171614143993702,0.0159444966294618));
#9716=CARTESIAN_POINT('',(0.00897240330588367,0.0165838737318756,0.0154079094337944));
#9717=CARTESIAN_POINT('',(0.00836336094028743,0.0154581684616067,0.0143620280472213));
#9718=CARTESIAN_POINT('',(0.00760355627984962,0.0140538062054732,0.0130572492720938));
#9719=CARTESIAN_POINT('',(0.00714032610940245,0.0131976085521139,0.012261764687872));
#9720=CARTESIAN_POINT('',(0.00697367042894591,0.0128895755015288,0.0119755742945559));
#9721=CARTESIAN_POINT('',(0.00931834697190523,0.0173634068559882,0.0157597493894372));
#9722=CARTESIAN_POINT('',(0.00930242354102489,0.0173337358199394,0.0157328187244973));
#9723=CARTESIAN_POINT('',(0.00898936496810224,0.0167503959434785,0.0152033552189688));
#9724=CARTESIAN_POINT('',(0.00837917125313729,0.0156133872266055,0.0141713588728517));
#9725=CARTESIAN_POINT('',(0.00761793023840698,0.0141949234696667,0.0128839022399016));
#9726=CARTESIAN_POINT('',(0.00715382436571898,0.0133301285531401,0.01209897844754));
#9727=CARTESIAN_POINT('',(0.00698685363507328,0.0130190024770255,0.011816587495767));
#9728=CARTESIAN_POINT('',(0.00932754246926271,0.0175263819768523,0.0155649323341913));
#9729=CARTESIAN_POINT('',(0.00931160332488007,0.0174964324447269,0.0155383345776442));
#9730=CARTESIAN_POINT('',(0.00899823582063208,0.0169076172668082,0.0150154161331099));
#9731=CARTESIAN_POINT('',(0.00838743995651874,0.0157599364430962,0.0139961770005885));
#9732=CARTESIAN_POINT('',(0.0076254477366916,0.0143281588069087,0.0127246355007911));
#9733=CARTESIAN_POINT('',(0.00716088387672981,0.0134552468165144,0.0119494146889809));
#9734=CARTESIAN_POINT('',(0.00699374837663337,0.0131412004719134,0.0116705145651579));
#9735=CARTESIAN_POINT('',(0.00932940440906032,0.0176792943389215,0.0153870597244081));
#9736=CARTESIAN_POINT('',(0.00931346208294708,0.0176490835062204,0.0153607659211497));
#9737=CARTESIAN_POINT('',(0.00900003202509192,0.0170551310946275,0.0148438232731326));
#9738=CARTESIAN_POINT('',(0.00838911423549485,0.0158974371041429,0.0138362317803569));
#9739=CARTESIAN_POINT('',(0.00762696990876021,0.0144531676427403,0.0125792211760469));
#9740=CARTESIAN_POINT('',(0.00716231331376749,0.0135726397602294,0.0118128594164956));
#9741=CARTESIAN_POINT('',(0.00699514445051668,0.0132558534566103,0.011537146501703));
#9742=CARTESIAN_POINT('',(0.00932499144418986,0.0178217339670244,0.01522583567318));
#9743=CARTESIAN_POINT('',(0.00930905665906445,0.0177912797298247,0.0151998173737253));
#9744=CARTESIAN_POINT('',(0.00899577485888728,0.0171925419258403,0.0146882911983456));
#9745=CARTESIAN_POINT('',(0.00838514604365835,0.0160255205550711,0.0136912571470406));
#9746=CARTESIAN_POINT('',(0.00762336222398211,0.0145696148144698,0.0124474173723559));
#9747=CARTESIAN_POINT('',(0.00715892541935763,0.0136819926406533,0.0116890854735964));
#9748=CARTESIAN_POINT('',(0.00699183562978491,0.0133626540336215,0.011416261450762));
#9749=CARTESIAN_POINT('',(0.00931537072846104,0.0179533049574251,0.0150809418734586));
#9750=CARTESIAN_POINT('',(0.00929945238346201,0.0179226258883342,0.0150551711722542));
#9751=CARTESIAN_POINT('',(0.00898649380021866,0.0173194678339967,0.0145485128394545));
#9752=CARTESIAN_POINT('',(0.00837649497873099,0.0161438307944124,0.0135609668750596));
#9753=CARTESIAN_POINT('',(0.00761549710139258,0.0146771766630779,0.0123289638675033));
#9754=CARTESIAN_POINT('',(0.0071515394622985,0.0137830015169902,0.0115778484915422));
#9755=CARTESIAN_POINT('',(0.00698462206144873,0.0134613053561492,0.0113076207471763));
#9756=CARTESIAN_POINT('',(0.00930161256997527,0.0180736300988038,0.0149520361482119));
#9757=CARTESIAN_POINT('',(0.00928571773527119,0.0180427454150178,0.0149264857244249));
#9758=CARTESIAN_POINT('',(0.00897322137021682,0.0174355449251324,0.0144241580999053));
#9759=CARTESIAN_POINT('',(0.00836412347481216,0.0162520286291475,0.013445053274653));
#9760=CARTESIAN_POINT('',(0.00760424953872191,0.0147755448109601,0.0122235809250972));
#9761=CARTESIAN_POINT('',(0.00714097713298197,0.0138753767988722,0.0114788857762741));
#9762=CARTESIAN_POINT('',(0.00697430625759232,0.0135515245928837,0.0112109678281836));
#9763=CARTESIAN_POINT('',(0.00928479122361032,0.0181823537215443,0.0148387485854746));
#9764=CARTESIAN_POINT('',(0.00926892513365538,0.0181512832480365,0.0148133917503874));
#9765=CARTESIAN_POINT('',(0.00895699389744882,0.0175404300864615,0.0143148701273858));
#9766=CARTESIAN_POINT('',(0.00834899751499061,0.0163497942368192,0.0133431837164697));
#9767=CARTESIAN_POINT('',(0.00759049776026694,0.0148644284912739,0.0121309661348974));
#9768=CARTESIAN_POINT('',(0.0071280631517949,0.0139588454337959,0.0113919133412395));
#9769=CARTESIAN_POINT('',(0.0069616936895745,0.0136330450643851,0.0111260253354962));
#9770=CARTESIAN_POINT('',(0.00926598291100945,0.0182791444337082,0.0147406798185403));
#9771=CARTESIAN_POINT('',(0.00925014896118265,0.018247908561743,0.0147154905658834));
#9772=CARTESIAN_POINT('',(0.00893884960781105,0.0176338036257585,0.0142202636547354));
#9773=CARTESIAN_POINT('',(0.00833208485089467,0.0164368296257546,0.0132549990850963));
#9774=CARTESIAN_POINT('',(0.00757512159819361,0.0149435567846519,0.0120507930068389));
#9775=CARTESIAN_POINT('',(0.00711362374903733,0.0140331530075685,0.0113166245870725));
#9776=CARTESIAN_POINT('',(0.00694759130342585,0.0137056182945044,0.0110524938257973));
#9777=CARTESIAN_POINT('',(0.00924626251395614,0.0183636985897636,0.0146573994241152));
#9778=CARTESIAN_POINT('',(0.00923046226285083,0.0183323182294826,0.0146323524831375));
#9779=CARTESIAN_POINT('',(0.00891982543464358,0.017715372617624,0.0141399234546515));
#9780=CARTESIAN_POINT('',(0.00831435202933439,0.0165128617541878,0.0131801123386572));
#9781=CARTESIAN_POINT('',(0.00755899978930639,0.0150126814549544,0.0119827096614912));
#9782=CARTESIAN_POINT('',(0.00709848412638033,0.0140980664072986,0.0112526890718335));
#9783=CARTESIAN_POINT('',(0.00693280504055621,0.0137690166112206,0.010990050569684));
#9784=CARTESIAN_POINT('',(0.00922670761965052,0.0184357429129587,0.0145884399560224));
#9785=CARTESIAN_POINT('',(0.00921094078445136,0.018404239441486,0.0145635108547566));
#9786=CARTESIAN_POINT('',(0.00890096092118901,0.0177848734332765,0.014073398584032));
#9787=CARTESIAN_POINT('',(0.00829676802986348,0.0165776448883303,0.0131181031438486));
#9788=CARTESIAN_POINT('',(0.0075430132821406,0.0150715790931115,0.0119263339524955));
#9789=CARTESIAN_POINT('',(0.00708347156248092,0.0141533758346294,0.0111997479306014));
#9790=CARTESIAN_POINT('',(0.00691814287088443,0.013823035112884,0.010938345078166));
#9791=CARTESIAN_POINT('',(0.00920836919254051,0.0184950414607136,0.0145333102126154));
#9792=CARTESIAN_POINT('',(0.00919263369451707,0.018463436658358,0.0145084753184726));
#9793=CARTESIAN_POINT('',(0.00888326992784761,0.0178420784600323,0.0140202151829871));
#9794=CARTESIAN_POINT('',(0.00828027789253211,0.0166309668657368,0.0130685298061589));
#9795=CARTESIAN_POINT('',(0.00752802126061281,0.0151200568114662,0.0118812643129338));
#9796=CARTESIAN_POINT('',(0.00706939289733955,0.0141989001531657,0.0111574240610514));
#9797=CARTESIAN_POINT('',(0.00690439280271231,0.0138674968908351,0.0108970090505117));
#9798=CARTESIAN_POINT('',(0.00919234659278343,0.0185413863907069,0.014491451392173));
#9799=CARTESIAN_POINT('',(0.0091766384745904,0.0185097023929433,0.0144666880274587));
#9800=CARTESIAN_POINT('',(0.00886781300213015,0.0178867871933931,0.0139798341781559));
#9801=CARTESIAN_POINT('',(0.00826587017540269,0.0166726407920564,0.0130308898442644));
#9802=CARTESIAN_POINT('',(0.00751492247307513,0.0151579446948705,0.0118470439115091));
#9803=CARTESIAN_POINT('',(0.0070570921250148,0.0142344797994712,0.0111252884633424));
#9804=CARTESIAN_POINT('',(0.00689237913122169,0.0139022461058586,0.0108656234997644));
#9805=CARTESIAN_POINT('',(0.00917497759430012,0.0185866339021621,0.0144518376318401));
#9806=CARTESIAN_POINT('',(0.00915929915669826,0.0185548725842876,0.014427141960138));
#9807=CARTESIAN_POINT('',(0.00885105721197042,0.017930437252314,0.0139416189721258));
#9808=CARTESIAN_POINT('',(0.0082502517601166,0.0167133279062414,0.0129952686678036));
#9809=CARTESIAN_POINT('',(0.00750072297834118,0.0151949354172343,0.0118146588904741));
#9810=CARTESIAN_POINT('',(0.00704375770369173,0.0142692169423263,0.0110948764294548));
#9811=CARTESIAN_POINT('',(0.00687935593616826,0.0139361724815175,0.0108359212847454));
#9812=CARTESIAN_POINT('',(0.00915148308580154,0.0186408231763174,0.0144063520727932));
#9813=CARTESIAN_POINT('',(0.00913584479621984,0.0186089692584181,0.0143817341279839));
#9814=CARTESIAN_POINT('',(0.00882839217145661,0.0179827133871486,0.0138977392698263));
#9815=CARTESIAN_POINT('',(0.00822912521151184,0.0167620555625091,0.0129543674983207));
#9816=CARTESIAN_POINT('',(0.00748151575980043,0.0152392362048558,0.0117774735595652));
#9817=CARTESIAN_POINT('',(0.00702572064327055,0.0143108188005724,0.011059956534158));
#9818=CARTESIAN_POINT('',(0.0068617398619222,0.0139768033496592,0.0108018164220988));
#9819=CARTESIAN_POINT('',(0.00911791134962014,0.0187296513686491,0.0143282013793134));
#9820=CARTESIAN_POINT('',(0.00910233042828436,0.0186976456588509,0.0143037169804183));
#9821=CARTESIAN_POINT('',(0.00879600567736519,0.0180684055214653,0.0138223476678267));
#9822=CARTESIAN_POINT('',(0.00819893709686263,0.0168419309564924,0.0128840934415386));
#9823=CARTESIAN_POINT('',(0.00745407021125162,0.0153118549831033,0.0117135838447041));
#9824=CARTESIAN_POINT('',(0.00699994715522401,0.0143790134373016,0.0109999591615661));
#9825=CARTESIAN_POINT('',(0.00683656792877978,0.0140434063190872,0.0107432193921246));
#9826=CARTESIAN_POINT('',(0.00908288150912867,0.0188425519205775,0.0142233212749548));
#9827=CARTESIAN_POINT('',(0.00906736044768494,0.0188103532834135,0.0141990160978785));
#9828=CARTESIAN_POINT('',(0.00876221255698648,0.0181773201464997,0.0137211703303853));
#9829=CARTESIAN_POINT('',(0.00816743783703327,0.016943452509836,0.0127897839724753));
#9830=CARTESIAN_POINT('',(0.00742543263401489,0.0154041533844251,0.011627842315567));
#9831=CARTESIAN_POINT('',(0.00697305426025124,0.0144656887587641,0.0109194412490756));
#9832=CARTESIAN_POINT('',(0.00681030271574233,0.0141280586328529,0.0106645807730011));
#9833=CARTESIAN_POINT('',(0.00905879354993118,0.0189706075701759,0.0140929966017352));
#9834=CARTESIAN_POINT('',(0.00904331365061142,0.0189381901082255,0.0140689141268112));
#9835=CARTESIAN_POINT('',(0.00873897501740828,0.0183008548221173,0.0135954467384809));
#9836=CARTESIAN_POINT('',(0.00814577765032173,0.0170586017118512,0.0126725944367445));
#9837=CARTESIAN_POINT('',(0.00740574025796307,0.015508841373423,0.0115212993555417));
#9838=CARTESIAN_POINT('',(0.0069545615994878,0.0145639988591527,0.0108193891877451));
#9839=CARTESIAN_POINT('',(0.00679224167489594,0.0142240741690403,0.0105668639333546));
#9840=CARTESIAN_POINT('',(0.00905525118963262,0.0190911410314829,0.0139564281831192));
#9841=CARTESIAN_POINT('',(0.00903977734358922,0.019058517598855,0.01393257907982));
#9842=CARTESIAN_POINT('',(0.00873555771929004,0.0184171328784963,0.013463699835113));
#9843=CARTESIAN_POINT('',(0.00814259231673506,0.0171669868704068,0.0125497904489982));
#9844=CARTESIAN_POINT('',(0.00740284430938818,0.0156073798269062,0.0114096520119814));
#9845=CARTESIAN_POINT('',(0.00695184208029708,0.0146565340711364,0.0107145437163724));
#9846=CARTESIAN_POINT('',(0.00678958562946178,0.0143144496030974,0.0104644655621713));
#9847=CARTESIAN_POINT('',(0.00907878697460194,0.0192059979061347,0.0138067393103714));
#9848=CARTESIAN_POINT('',(0.00906327291000407,0.0191731782031264,0.0137831459992665));
#9849=CARTESIAN_POINT('',(0.00875826257901868,0.0185279347587496,0.0133192956920981));
#9850=CARTESIAN_POINT('',(0.00816375598164574,0.0172702675730045,0.0124151883888662));
#9851=CARTESIAN_POINT('',(0.0074220852722481,0.0157012775601776,0.0112872784414869));
#9852=CARTESIAN_POINT('',(0.006969910829238,0.0147447112887193,0.010599625490171));
#9853=CARTESIAN_POINT('',(0.00680723265261544,0.0144005687586294,0.0103522295349187));
#9854=CARTESIAN_POINT('',(0.00914451223608188,0.0193109417684172,0.0136378414275982));
#9855=CARTESIAN_POINT('',(0.0091288858584674,0.0192779427346389,0.0136145367335377));
#9856=CARTESIAN_POINT('',(0.00882166742591357,0.0186291736031566,0.0131563607085473));
#9857=CARTESIAN_POINT('',(0.00822285693842039,0.0173646343739704,0.0122633133526269));
#9858=CARTESIAN_POINT('',(0.00747581695431198,0.0157870712126599,0.011149201130966));
#9859=CARTESIAN_POINT('',(0.00702036902514293,0.0148252781490532,0.0104699602402352));
#9860=CARTESIAN_POINT('',(0.00685651315091325,0.0144792551831505,0.0102255906804343));
#9861=CARTESIAN_POINT('',(0.00925839825326184,0.0193816424283909,0.0134734825678312));
#9862=CARTESIAN_POINT('',(0.00924257726429319,0.0193485225795071,0.013450458734416));
#9863=CARTESIAN_POINT('',(0.0089315327245852,0.0186973781932954,0.0129978044988847));
#9864=CARTESIAN_POINT('',(0.00832526463413785,0.0174282092697557,0.0121155198612373));
#9865=CARTESIAN_POINT('',(0.00756892099268087,0.0158448703799492,0.0110148345602058));
#9866=CARTESIAN_POINT('',(0.00710780090196326,0.0148795560274707,0.0103437796612905));
#9867=CARTESIAN_POINT('',(0.006941904361985,0.0145322662123201,0.0101023551644912));
#9868=CARTESIAN_POINT('',(0.00948416837897852,0.0194021438966403,0.0132857843698836));
#9869=CARTESIAN_POINT('',(0.0094679615882145,0.0193689890143205,0.0132630812799748));
#9870=CARTESIAN_POINT('',(0.00914933209018948,0.0187171558621278,0.0128167329407754));
#9871=CARTESIAN_POINT('',(0.00852827988490346,0.0174466444400623,0.0119467393522854));
#9872=CARTESIAN_POINT('',(0.00775349247009114,0.0158616307297602,0.0108613876256636));
#9873=CARTESIAN_POINT('',(0.00728112776253982,0.0148952952893309,0.0101996811483324));
#9874=CARTESIAN_POINT('',(0.00711118576224949,0.0145476381187746,0.00996161992029173));
#9875=CARTESIAN_POINT('',(0.00970476259245227,0.0194021438966403,0.013125513292363));
#9876=CARTESIAN_POINT('',(0.00968817884462479,0.0193689890143205,0.013103084077792));
#9877=CARTESIAN_POINT('',(0.00936213827789056,0.0187171558621278,0.0126621201951878));
#9878=CARTESIAN_POINT('',(0.00872664089224958,0.0174466444400623,0.0118026216445505));
#9879=CARTESIAN_POINT('',(0.00793383253837857,0.0158616307297602,0.0107303628965494));
#9880=CARTESIAN_POINT('',(0.00745048100341431,0.0148952952893309,0.0100766388165815));
#9881=CARTESIAN_POINT('',(0.0072765862873568,0.0145476381187746,0.00984144940464686));
#9882=CARTESIAN_POINT('',(0.00995304099237582,0.0193816424283909,0.0129687950760948));
#9883=CARTESIAN_POINT('',(0.00993603298003531,0.0193485225795071,0.012946633665641));
#9884=CARTESIAN_POINT('',(0.00960165126848195,0.0186973781932954,0.0125109348779387));
#9885=CARTESIAN_POINT('',(0.00894989585771573,0.0174282092697557,0.0116616987129879));
#9886=CARTESIAN_POINT('',(0.00813680496857712,0.0158448703799492,0.0106022427007444));
#9887=CARTESIAN_POINT('',(0.00764108777865137,0.0148795560274707,0.00995632406574942));
#9888=CARTESIAN_POINT('',(0.00746274428793847,0.0145322662123201,0.0097239428080029));
#9889=CARTESIAN_POINT('',(0.0101445482716983,0.0193109417684172,0.012911272718185));
#9890=CARTESIAN_POINT('',(0.0101272130067952,0.0192779427346389,0.0128892096034153));
#9891=CARTESIAN_POINT('',(0.00978639742926224,0.0186291736031566,0.0124554433330717));
#9892=CARTESIAN_POINT('',(0.0091221015390993,0.0173646343739704,0.0116099739071544));
#9893=CARTESIAN_POINT('',(0.00829336590137178,0.0157870712126599,0.0105552170522011));
#9894=CARTESIAN_POINT('',(0.0077881105762742,0.0148252781490532,0.00991216335282151));
#9895=CARTESIAN_POINT('',(0.00760633556380654,0.0144792551831505,0.00968081280901574));
#9896=CARTESIAN_POINT('',(0.0103254899264552,0.0192059979061347,0.0129009565960601));
#9897=CARTESIAN_POINT('',(0.0103078454638005,0.0191731782031264,0.0128789111097451));
#9898=CARTESIAN_POINT('',(0.00996095098231691,0.0185279347587496,0.012445491419163));
#9899=CARTESIAN_POINT('',(0.00928480648200446,0.0172702675730045,0.0116006975243139));
#9900=CARTESIAN_POINT('',(0.00844128923018922,0.0157012775601776,0.0105467834213313));
#9901=CARTESIAN_POINT('',(0.00792702199720285,0.0147447112887193,0.0099042435226157));
#9902=CARTESIAN_POINT('',(0.00774200478304533,0.0144005687586294,0.00967307782816719));
#9903=CARTESIAN_POINT('',(0.0104751254618304,0.0190911410314829,0.0129248291399468));
#9904=CARTESIAN_POINT('',(0.0104572252981257,0.019058517598855,0.0129027428596151));
#9905=CARTESIAN_POINT('',(0.0101053036710223,0.0184171328784963,0.0124685211486163));
#9906=CARTESIAN_POINT('',(0.0094193605805204,0.0171669868704068,0.0116221640069506));
#9907=CARTESIAN_POINT('',(0.00856361919634218,0.0156073798269062,0.0105662996911687));
#9908=CARTESIAN_POINT('',(0.00804189927556259,0.0146565340711364,0.00992257080605378));
#9909=CARTESIAN_POINT('',(0.00785420081818163,0.0143144496030974,0.00969097735160588));
#9910=CARTESIAN_POINT('',(0.0106039150967429,0.0189706075701759,0.0129704000870391));
#9911=CARTESIAN_POINT('',(0.0105857948539988,0.0189381901082255,0.0129482359339013));
#9912=CARTESIAN_POINT('',(0.0102295464187787,0.0183008548221173,0.0125124832243568));
#9913=CARTESIAN_POINT('',(0.00953516979108255,0.0170586017118512,0.0116631419584054));
#9914=CARTESIAN_POINT('',(0.00866890723263779,0.015508841373423,0.0106035548284686));
#9915=CARTESIAN_POINT('',(0.00814077286666912,0.0145639988591527,0.00995755625493871));
#9916=CARTESIAN_POINT('',(0.00795076669317652,0.0142240741690403,0.00972514623781556));
#9917=CARTESIAN_POINT('',(0.0107204176376905,0.0188425519205775,0.0130335816364094));
#9918=CARTESIAN_POINT('',(0.0107020983124093,0.0188103532834135,0.0130113095170156));
#9919=CARTESIAN_POINT('',(0.0103419358654743,0.0181773201464997,0.0125734341642876));
#9920=CARTESIAN_POINT('',(0.00963993029688573,0.016943452509836,0.0117199555782253));
#9921=CARTESIAN_POINT('',(0.00876415033017564,0.0154041533844251,0.0106552069763129));
#9922=CARTESIAN_POINT('',(0.00823021348511921,0.0144656887587641,0.0100060616077348));
#9923=CARTESIAN_POINT('',(0.00803811976171644,0.0141280586328529,0.00977251947249098));
#9924=CARTESIAN_POINT('',(0.0108093397283484,0.0187296513686491,0.0130993067290922));
#9925=CARTESIAN_POINT('',(0.0107908684507124,0.0186976456588509,0.0130769222969703));
#9926=CARTESIAN_POINT('',(0.0104277185830593,0.0180684055214653,0.0126368388483447));
#9927=CARTESIAN_POINT('',(0.00971989012538917,0.0168419309564924,0.0117790563832155));
#9928=CARTESIAN_POINT('',(0.00883684587213465,0.0153118549831033,0.0107089385203818));
#9929=CARTESIAN_POINT('',(0.00829848020889723,0.0143790134373016,0.0100565196740518));
#9930=CARTESIAN_POINT('',(0.00810479313567689,0.0140434063190872,0.00982179984422548));
#9931=CARTESIAN_POINT('',(0.0108732912176246,0.0186408231763174,0.0131553852399583));
#9932=CARTESIAN_POINT('',(0.0108547106580396,0.0186089692584181,0.0131329049794352));
#9933=CARTESIAN_POINT('',(0.0104894122803525,0.0179827133871486,0.0126909375208413));
#9934=CARTESIAN_POINT('',(0.00977739608456352,0.0167620555625091,0.0118294828641766));
#9935=CARTESIAN_POINT('',(0.00888912746085607,0.0152392362048558,0.0107547837958303));
#9936=CARTESIAN_POINT('',(0.00834757665525061,0.0143108188005724,0.0100995719255549));
#9937=CARTESIAN_POINT('',(0.00815274366774714,0.0139768033496592,0.00986384725335025));
#9938=CARTESIAN_POINT('',(0.010909290352553,0.0185866339021621,0.0131917856561072));
#9939=CARTESIAN_POINT('',(0.0108906482767206,0.0185548725842876,0.0131692431936171));
#9940=CARTESIAN_POINT('',(0.0105241404744606,0.017930437252314,0.0127260528290327));
#9941=CARTESIAN_POINT('',(0.009809766945773,0.0167133279062414,0.011862214562354));
#9942=CARTESIAN_POINT('',(0.0089185574551838,0.0151949354172343,0.0107845418453757));
#9943=CARTESIAN_POINT('',(0.00837521369102225,0.0142692169423263,0.0101275170304918));
#9944=CARTESIAN_POINT('',(0.00817973565328834,0.0139361724815175,0.00989114011770213));
#9945=CARTESIAN_POINT('',(0.0109415979617458,0.0185413863907069,0.0132205458804502));
#9946=CARTESIAN_POINT('',(0.0109229006778403,0.0185097023929433,0.0131979542717493));
#9947=CARTESIAN_POINT('',(0.0105553074712635,0.0178867871933931,0.0127537976805567));
#9948=CARTESIAN_POINT('',(0.00983881834201557,0.0166726407920564,0.0118880761068721));
#9949=CARTESIAN_POINT('',(0.00894496955528515,0.0151579446948705,0.0108080538892336));
#9950=CARTESIAN_POINT('',(0.00840001669122593,0.0142344797994712,0.0101495966540869));
#9951=CARTESIAN_POINT('',(0.0082039597498379,0.0139022461058586,0.00991270440143209));
#9952=CARTESIAN_POINT('',(0.0109764568100731,0.0184950414607136,0.0132487193652383));
#9953=CARTESIAN_POINT('',(0.0109576999584713,0.018463436658358,0.0132260796129624));
#9954=CARTESIAN_POINT('',(0.0105889356363153,0.0178420784600323,0.0127809765072249));
#9955=CARTESIAN_POINT('',(0.00987016384360524,0.0166309668657368,0.011913410048026));
#9956=CARTESIAN_POINT('',(0.00897346734309544,0.0151200568114662,0.0108310862620714));
#9957=CARTESIAN_POINT('',(0.00842677831313979,0.0141989001531657,0.0101712258295783));
#9958=CARTESIAN_POINT('',(0.00823009675373826,0.0138674968908351,0.00993382875054663));
#9959=CARTESIAN_POINT('',(0.0110232214261548,0.0184357429129587,0.0132831962734482));
#9960=CARTESIAN_POINT('',(0.0110043846619747,0.018404239441486,0.0132604976061451));
#9961=CARTESIAN_POINT('',(0.010634049238848,0.0177848734332765,0.0128142362164635));
#9962=CARTESIAN_POINT('',(0.00991221515677456,0.0165776448883303,0.0119444121044036));
#9963=CARTESIAN_POINT('',(0.00901169832805561,0.0150715790931115,0.0108592718063928));
#9964=CARTESIAN_POINT('',(0.00846268015828331,0.0141533758346294,0.0101976942307604));
#9965=CARTESIAN_POINT('',(0.00826516064745767,0.013823035112884,0.00995967937750636));
#9966=CARTESIAN_POINT('',(0.0110827629829811,0.0183636985897636,0.0133231037306668));
#9967=CARTESIAN_POINT('',(0.0110638244726579,0.0183323182294826,0.0133003368684747));
#9968=CARTESIAN_POINT('',(0.0106914886952982,0.017715372617624,0.0128527347504812));
#9969=CARTESIAN_POINT('',(0.00996575565090195,0.0165128617541878,0.0119802973766863));
#9970=CARTESIAN_POINT('',(0.00906037471106181,0.0150126814549544,0.0108918969303552));
#9971=CARTESIAN_POINT('',(0.0085083910382582,0.0140980664072986,0.0102283317398255));
#9972=CARTESIAN_POINT('',(0.00830980463249109,0.0137690166112206,0.00998960180509731));
#9973=CARTESIAN_POINT('',(0.0111558734069534,0.0182791444337082,0.0133675939999638));
#9974=CARTESIAN_POINT('',(0.0111368099636581,0.018247908561743,0.0133447511116558));
#9975=CARTESIAN_POINT('',(0.0107620179732958,0.0176338036257585,0.0128956543014967));
#9976=CARTESIAN_POINT('',(0.0100314974358666,0.0164368296257546,0.0120203035694867));
#9977=CARTESIAN_POINT('',(0.00912014390737964,0.0149435567846519,0.0109282685924982));
#9978=CARTESIAN_POINT('',(0.00856451892595953,0.0140331530075685,0.0102624875373607));
#9979=CARTESIAN_POINT('',(0.00836462249160631,0.0137056182945044,0.0100229604040742));
#9980=CARTESIAN_POINT('',(0.0112433302585622,0.0181823537215443,0.0134157866838235));
#9981=CARTESIAN_POINT('',(0.0112241173667502,0.0181512832480365,0.0133928614426183));
#9982=CARTESIAN_POINT('',(0.0108463871817447,0.0175404300864615,0.0129421455542171));
#9983=CARTESIAN_POINT('',(0.0101101397035456,0.0163497942368192,0.0120636390186201));
#9984=CARTESIAN_POINT('',(0.00919164158786252,0.0148644284912739,0.0109676670506959));
#9985=CARTESIAN_POINT('',(0.00863166076537309,0.0139588454337959,0.0102994857299676));
#9986=CARTESIAN_POINT('',(0.00843019723607728,0.0136330450643851,0.0100590950564352));
#9987=CARTESIAN_POINT('',(0.0113458750514236,0.0180736300988038,0.0134667925170339));
#9988=CARTESIAN_POINT('',(0.0113264869284333,0.0180427454150179,0.0134437801157495));
#9989=CARTESIAN_POINT('',(0.010945311655301,0.0174355449251324,0.0129913506387254));
#9990=CARTESIAN_POINT('',(0.0102023492320268,0.0162520286291475,0.0121095040859617));
#9991=CARTESIAN_POINT('',(0.00927547395434189,0.0147755448109601,0.0110093653133084));
#9992=CARTESIAN_POINT('',(0.00871038582679888,0.0138753767988722,0.0103386436163947));
#9993=CARTESIAN_POINT('',(0.00850708484939777,0.0135515245928838,0.0100973389952208));
#9994=CARTESIAN_POINT('',(0.0114642201766239,0.0179533049574251,0.0135197113630875));
#9995=CARTESIAN_POINT('',(0.0114446298224409,0.0179226258883342,0.0134966085327184));
#9996=CARTESIAN_POINT('',(0.0110594786342542,0.0173194678339967,0.0130424011976175));
#9997=CARTESIAN_POINT('',(0.0103087666120639,0.0161438307944124,0.0121570893577849));
#9998=CARTESIAN_POINT('',(0.00937222340041307,0.0146771766630779,0.0110526275011995));
#9999=CARTESIAN_POINT('',(0.00880124102276594,0.0137830015169902,0.0103792701493458));
#10000=CARTESIAN_POINT('',(0.00859581947912249,0.0134613053561492,0.0101370173022239));
#10001=CARTESIAN_POINT('',(0.0115990494043614,0.0178217339670244,0.0135736358539663));
#10002=CARTESIAN_POINT('',(0.0115792286505276,0.0177912797298247,0.0135504408760408));
#10003=CARTESIAN_POINT('',(0.0111895477484602,0.0171925419258403,0.0130944218972856));
#10004=CARTESIAN_POINT('',(0.0104300066981593,0.0160255205550711,0.0122055789177008));
#10005=CARTESIAN_POINT('',(0.00948244892153816,0.0145696148144698,0.0110967118233324));
#10006=CARTESIAN_POINT('',(0.00890475129315056,0.0136819926406533,0.0104206687297937));
#10007=CARTESIAN_POINT('',(0.00869691381299653,0.0133626540336215,0.0101774496370846));
#10008=CARTESIAN_POINT('',(0.0117510189077249,0.0176792943389215,0.013627653804694));
#10009=CARTESIAN_POINT('',(0.0117309384644966,0.0176490835062204,0.0136043665195054));
#10010=CARTESIAN_POINT('',(0.0113361520049742,0.0170551310946275,0.0131465327572251));
#10011=CARTESIAN_POINT('',(0.0105666595291578,0.0158974371041429,0.0122541525178528));
#10012=CARTESIAN_POINT('',(0.00960668695200415,0.0144531676427403,0.0111408725507132));
#10013=CARTESIAN_POINT('',(0.00902142039114462,0.0135726397602294,0.0104621390606654));
#10014=CARTESIAN_POINT('',(0.00881085984657916,0.0132558534566103,0.0102179520477095));
#10015=CARTESIAN_POINT('',(0.0119207611833696,0.0175263819768523,0.0136808486539733));
#10016=CARTESIAN_POINT('',(0.0119003906801766,0.0174964324447269,0.0136574704680587));
#10017=CARTESIAN_POINT('',(0.0114999015703088,0.0169076172668082,0.0131978495751153));
#10018=CARTESIAN_POINT('',(0.0107192938537663,0.0157599364430962,0.0123019859751431));
#10019=CARTESIAN_POINT('',(0.00974545457015237,0.0143281588069087,0.0111843603766199));
#10020=CARTESIAN_POINT('',(0.00915173389321327,0.0134552468165144,0.0105029774851255));
#10021=CARTESIAN_POINT('',(0.00893813182294897,0.0131412004719134,0.0102578373006599));
#10022=CARTESIAN_POINT('',(0.0121088847782018,0.0173634068559882,0.013732304997156));
#10023=CARTESIAN_POINT('',(0.0120881928045733,0.0173337358199394,0.0137088388813192));
#10024=CARTESIAN_POINT('',(0.0116813835067678,0.0167503959434785,0.0132474892644494));
#10025=CARTESIAN_POINT('',(0.0108884568847853,0.0156133872266055,0.0123482561465466));
#10026=CARTESIAN_POINT('',(0.00989924927493755,0.0141949234696667,0.0112264269399139));
#10027=CARTESIAN_POINT('',(0.00929615898926677,0.0133301285531401,0.0105424812343142));
#10028=CARTESIAN_POINT('',(0.00907918602777299,0.0130190024770255,0.0102964190297474));
#10029=CARTESIAN_POINT('',(0.0123159802966082,0.0171907904640906,0.0137811071756283));
#10030=CARTESIAN_POINT('',(0.0122949344328334,0.0171614143993702,0.0137575576653742));
#10031=CARTESIAN_POINT('',(0.0118811675675917,0.0165838737318756,0.0132945684937214));
#10032=CARTESIAN_POINT('',(0.0110746797008831,0.0154581684616067,0.0123921396606697));
#10033=CARTESIAN_POINT('',(0.0100685538969551,0.0140538062054732,0.0112663236718348));
#10034=CARTESIAN_POINT('',(0.00945514909449398,0.0131976085521139,0.0105799473443987));
#10035=CARTESIAN_POINT('',(0.0092344652934998,0.0128895755015288,0.0103330106783614));
#10036=CARTESIAN_POINT('',(0.0125426220493045,0.0170089628433864,0.0138263414936698));
#10037=CARTESIAN_POINT('',(0.0125211888942758,0.0169798974903791,0.0138027146858501));
#10038=CARTESIAN_POINT('',(0.0120998077875943,0.0164084654916889,0.013338205825019));
#10039=CARTESIAN_POINT('',(0.0112784787292601,0.0152946668473158,0.0124328149111763));
#10040=CARTESIAN_POINT('',(0.0102538379464068,0.0139051585822289,0.0113033036083259));
#10041=CARTESIAN_POINT('',(0.0096291451152063,0.0130580169628249,0.0106146743584869));
#10042=CARTESIAN_POINT('',(0.00940440023565853,0.0127532419891039,0.0103669271616595));
#10043=CARTESIAN_POINT('',(0.0127893729944165,0.0168183602295397,0.013867095354085));
#10044=CARTESIAN_POINT('',(0.0127675181850288,0.0167896205831793,0.0138433989050209));
#10045=CARTESIAN_POINT('',(0.0123378472497997,0.0162245920573868,0.0133775208801715));
#10046=CARTESIAN_POINT('',(0.0115003601887293,0.0151232746521622,0.012469461279537));
#10047=CARTESIAN_POINT('',(0.010455561652531,0.01374933723109,0.0113366206833956));
#10048=CARTESIAN_POINT('',(0.00981857924217415,0.0129116886894501,0.0106459616630394));
#10049=CARTESIAN_POINT('',(0.00958941295765862,0.0126103290272422,0.0103974842184683));
#10050=CARTESIAN_POINT('',(0.0131572322465395,0.0165446999395586,0.0139157394656194));
#10051=CARTESIAN_POINT('',(0.0131347488298041,0.0165164279309376,0.0138919598922468));
#10052=CARTESIAN_POINT('',(0.0126927193192984,0.0159605932782757,0.0134244476230209));
#10053=CARTESIAN_POINT('',(0.0118311437150224,0.014877195981573,0.0125132026579415));
#10054=CARTESIAN_POINT('',(0.0107562937597035,0.0135256146111465,0.0113763881925144));
#10055=CARTESIAN_POINT('',(0.010100989898155,0.0127015958847607,0.0106833064229407));
#10056=CARTESIAN_POINT('',(0.00986523213037668,0.0124051398024158,0.0104339573492203));
#10057=CARTESIAN_POINT('',(0.0134482528918975,0.0163403959658174,0.0139401461588904));
#10058=CARTESIAN_POINT('',(0.0134252721716012,0.0163124730770794,0.0139163248787329));
#10059=CARTESIAN_POINT('',(0.0129734655506057,0.0157635022073025,0.0134479926438426));
#10060=CARTESIAN_POINT('',(0.012092833028911,0.0146934833564867,0.0125351494542196));
#10061=CARTESIAN_POINT('',(0.0109942088084732,0.0133585921312922,0.0113963411398826));
#10062=CARTESIAN_POINT('',(0.0103244104887347,0.0125447488871366,0.0107020437802784));
#10063=CARTESIAN_POINT('',(0.0100834380696953,0.0122519536240198,0.0104522573754068));
#10064=CARTESIAN_POINT('',(0.0136504551822834,0.0162032924436954,0.0139515079295544));
#10065=CARTESIAN_POINT('',(0.0136271289335146,0.0161756038409809,0.0139276672341111));
#10066=CARTESIAN_POINT('',(0.0131685291376501,0.0156312390921295,0.0134589532899197));
#10067=CARTESIAN_POINT('',(0.0122746557946899,0.0145701981971411,0.0125453660969804));
#10068=CARTESIAN_POINT('',(0.0111595131212284,0.0132465073301881,0.01140562960881));
#10069=CARTESIAN_POINT('',(0.0104796439948627,0.0124394926093719,0.0107107663693877));
#10070=CARTESIAN_POINT('',(0.0102350484155927,0.0121491540346927,0.0104607763787133));
#10071=CARTESIAN_POINT('',(0.00898476918402059,0.0162601991330675,0.0163353214017831));
#10072=CARTESIAN_POINT('',(0.00901539966296467,0.0164276359685172,0.0159874920200755));
#10073=CARTESIAN_POINT('',(0.00903351047109811,0.0166824897374247,0.0154684553059265));
#10074=CARTESIAN_POINT('',(0.00898558052274237,0.0170343674512708,0.0147866263241713));
#10075=CARTESIAN_POINT('',(0.00890441780917565,0.0173083120200963,0.0142792464537714));
#10076=CARTESIAN_POINT('',(0.00876334659911713,0.0175905396550846,0.0137901396063453));
#10077=CARTESIAN_POINT('',(0.0085169692024102,0.01788212883552,0.0133482418989828));
#10078=CARTESIAN_POINT('',(0.00851390935460569,0.0181052514119156,0.0128912385980386));
#10079=CARTESIAN_POINT('',(0.00873281150176221,0.0181871667347263,0.0125708341141031));
#10080=CARTESIAN_POINT('',(0.00904460063302347,0.0181886705285508,0.0123469775960713));
#10081=CARTESIAN_POINT('',(0.00945853779734979,0.0181804520475965,0.012051587456947));
#10082=CARTESIAN_POINT('',(0.0100224682650777,0.0179108469211952,0.0121940676035392));
#10083=CARTESIAN_POINT('',(0.0103753858053612,0.0176170186504214,0.0125625523727847));
#10084=CARTESIAN_POINT('',(0.0107928014739141,0.0173300980892814,0.012862026573052));
#10085=CARTESIAN_POINT('',(0.0112522998162222,0.0170539831457766,0.0130994888527805));
#10086=CARTESIAN_POINT('',(0.0119027096729957,0.0166910610810693,0.0133668709213696));
#10087=CARTESIAN_POINT('',(0.0124124003476389,0.016430931067472,0.0135130193510002));
#10088=CARTESIAN_POINT('',(0.0127593674965262,0.0162601991330757,0.0135929152015946));
#10089=CARTESIAN_POINT('',(0.,0.0191902019685288,0.));
#10090=CARTESIAN_POINT('',(0.,0.0162601991330675,0.));
#10091=CARTESIAN_POINT('',(0.00233283005100555,0.0162601991330757,0.0184966674442257));
#10092=CARTESIAN_POINT('',(0.00349713135814273,0.0162601991330675,0.0183122602333403));
#10093=CARTESIAN_POINT('',(0.00233283005100617,0.0162601991330698,0.0184966674442306));
#10094=CARTESIAN_POINT('',(0.00218107107286183,0.0153282330917837,0.0174041665493209));
#10095=CARTESIAN_POINT('',(0.00202940932598655,0.0143962737754739,0.0163116464105305));
#10096=CARTESIAN_POINT('',(0.00187792571251583,0.0134643259709999,0.0152190917430066));
#10097=CARTESIAN_POINT('',(0.0029169445015341,0.0134643259709999,0.0150545273336213));
#10098=CARTESIAN_POINT('',(0.00311049298332278,0.0143962737752014,0.0161404195801927));
#10099=CARTESIAN_POINT('',(0.00330386138042735,0.015328233092316,0.0172263340355054));
#10100=CARTESIAN_POINT('',(0.0034971313581429,0.0162601991330675,0.0183122602333402));
#10101=CARTESIAN_POINT('',(0.00326347076894084,0.0162032924436954,0.0192439408316544));
#10102=CARTESIAN_POINT('',(0.00325789406618702,0.0161756038409809,0.0192110562907995));
#10103=CARTESIAN_POINT('',(0.00314825471654919,0.0156312390921295,0.0185645381183887));
#10104=CARTESIAN_POINT('',(0.00293455272002733,0.0145701981971411,0.0173043863144221));
#10105=CARTESIAN_POINT('',(0.00266795094965097,0.0132465073301881,0.015732296641193));
#10106=CARTESIAN_POINT('',(0.00250541182615862,0.012439492609372,0.0147738405995196));
#10107=CARTESIAN_POINT('',(0.0024469353495503,0.0121491540346928,0.0144290181894021));
#10108=CARTESIAN_POINT('',(0.00337313042765604,0.0163403959658174,0.0190736774611945));
#10109=CARTESIAN_POINT('',(0.00336736633565806,0.0163124730770794,0.0190410838707644));
#10110=CARTESIAN_POINT('',(0.00325404286732749,0.0157635022073025,0.0184002858553663));
#10111=CARTESIAN_POINT('',(0.00303316002266433,0.0146934833564867,0.017151283415));
#10112=CARTESIAN_POINT('',(0.00275759985761486,0.0133585921312923,0.0155931030178786));
#10113=CARTESIAN_POINT('',(0.00258959906889797,0.0125447488871367,0.0146431270457254));
#10114=CARTESIAN_POINT('',(0.00252915765651367,0.0122519536240199,0.0143013554985403));
#10115=CARTESIAN_POINT('',(0.00352444264147737,0.0165446999395586,0.0188238909190239));
#10116=CARTESIAN_POINT('',(0.00351841998327818,0.0165164279309376,0.0187917241702592));
#10117=CARTESIAN_POINT('',(0.0034000130397489,0.0159605932782757,0.018159317967128));
#10118=CARTESIAN_POINT('',(0.00316922181088953,0.014877195981573,0.0169266723096305));
#10119=CARTESIAN_POINT('',(0.00288130054107139,0.0135256146111465,0.0153888976520036));
#10120=CARTESIAN_POINT('',(0.00270576355658334,0.0127015958847608,0.0144513624487431));
#10121=CARTESIAN_POINT('',(0.00264261085742538,0.0124051398024159,0.014114066699849));
#10122=CARTESIAN_POINT('',(0.00370131097188703,0.0168183602295397,0.0184976942411476));
#10123=CARTESIAN_POINT('',(0.00369498607653754,0.0167896205831793,0.0184660849056525));
#10124=CARTESIAN_POINT('',(0.00357063707619494,0.0162245920573868,0.0178446375846896));
#10125=CARTESIAN_POINT('',(0.00332826397085924,0.0151232746521622,0.0166333522782589));
#10126=CARTESIAN_POINT('',(0.00302589384785709,0.0137493372310901,0.0151222255111664));
#10127=CARTESIAN_POINT('',(0.00284154782984806,0.0129116886894501,0.0142009367295416));
#10128=CARTESIAN_POINT('',(0.00277522591683214,0.0126103290272423,0.0138694859333847));
#10129=CARTESIAN_POINT('',(0.00381337697275082,0.0170089628433864,0.0182741140150479));
#10130=CARTESIAN_POINT('',(0.00380686057613784,0.0169798974903791,0.0182428867391914));
#10131=CARTESIAN_POINT('',(0.00367874661378971,0.0164084654916889,0.0176289508048218));
#10132=CARTESIAN_POINT('',(0.00342903508570643,0.0152946668473158,0.0164323062119392));
#10133=CARTESIAN_POINT('',(0.00311750998742042,0.0139051585822289,0.0149394443193681));
#10134=CARTESIAN_POINT('',(0.00292758245486956,0.013058016962825,0.0140292910853102));
#10135=CARTESIAN_POINT('',(0.00285925248805384,0.012753241989104,0.0137018465097653));
#10136=CARTESIAN_POINT('',(0.00390999832051486,0.0171907904640906,0.0180641689204393));
#10137=CARTESIAN_POINT('',(0.00390331681485868,0.0171614143993702,0.0180333004041582));
#10138=CARTESIAN_POINT('',(0.0037719567680563,0.0165838737318756,0.0174264177713998));
#10139=CARTESIAN_POINT('',(0.00351591818010771,0.0154581684616067,0.016243521022164));
#10140=CARTESIAN_POINT('',(0.00319649982210103,0.0140538062054732,0.0147678101132749));
#10141=CARTESIAN_POINT('',(0.00300176000524056,0.0131976085521139,0.0138681133208631));
#10142=CARTESIAN_POINT('',(0.00293169872952631,0.0128895755015289,0.0135444306449285));
#10143=CARTESIAN_POINT('',(0.00399224422030338,0.0173634068559882,0.0178679399258039));
#10144=CARTESIAN_POINT('',(0.00398542217073911,0.0173337358199394,0.0178374067306738));
#10145=CARTESIAN_POINT('',(0.0038512989960886,0.0167503959434785,0.0172371165943326));
#10146=CARTESIAN_POINT('',(0.00358987469635187,0.0156133872266055,0.0160670695167803));
#10147=CARTESIAN_POINT('',(0.00326373744792383,0.0141949234696668,0.0146073890861987));
#10148=CARTESIAN_POINT('',(0.00306490132458203,0.0133301285531401,0.0137174655968283));
#10149=CARTESIAN_POINT('',(0.00299336632632646,0.0130190024770256,0.0133972990486691));
#10150=CARTESIAN_POINT('',(0.00406119143885085,0.0175263819768523,0.0176854994608821));
#10151=CARTESIAN_POINT('',(0.00405425157050689,0.0174964324447269,0.017655278024709));
#10152=CARTESIAN_POINT('',(0.0039178120496299,0.0169076172668082,0.0170611171462463));
#10153=CARTESIAN_POINT('',(0.00365187287621987,0.0157599364430962,0.0159030168254938));
#10154=CARTESIAN_POINT('',(0.00332010314267745,0.0143281588069087,0.0144582404508638));
#10155=CARTESIAN_POINT('',(0.00311783306166807,0.0134552468165144,0.0135774035185235));
#10156=CARTESIAN_POINT('',(0.00304506263319171,0.0131412004719135,0.0132605060284729));
#10157=CARTESIAN_POINT('',(0.00411792790808514,0.0176792943389215,0.0175169079273173));
#10158=CARTESIAN_POINT('',(0.00411089108700386,0.0176490835062204,0.0174869745846913));
#10159=CARTESIAN_POINT('',(0.00397254545143241,0.0170551310946275,0.0168984776963186));
#10160=CARTESIAN_POINT('',(0.00370289100137081,0.0158974371041429,0.0157514172621992));
#10161=CARTESIAN_POINT('',(0.00336648631191375,0.0144531676427403,0.0143204135867907));
#10162=CARTESIAN_POINT('',(0.00316139043694685,0.0135726397602295,0.0134479734571289));
#10163=CARTESIAN_POINT('',(0.00308760337647011,0.0132558534566104,0.0131340968732138));
#10164=CARTESIAN_POINT('',(0.00416355190082039,0.0178217339670244,0.0173622110616727));
#10165=CARTESIAN_POINT('',(0.00415643711628733,0.0177912797298247,0.017332542069028));
#10166=CARTESIAN_POINT('',(0.00401655870005212,0.0171925419258403,0.0167492423663944));
#10167=CARTESIAN_POINT('',(0.00374391665211478,0.0160255205550711,0.0156123119537719));
#10168=CARTESIAN_POINT('',(0.00340378481506057,0.0145696148144698,0.0141939458845111));
#10169=CARTESIAN_POINT('',(0.00319641660970849,0.0136819926406533,0.0133292105252392));
#10170=CARTESIAN_POINT('',(0.00312181203605855,0.0133626540336216,0.0130181058759562));
#10171=CARTESIAN_POINT('',(0.00419917670292852,0.0179533049574251,0.0172214359046187));
#10172=CARTESIAN_POINT('',(0.0041920010418177,0.0179226258883342,0.0171920074721817));
#10173=CARTESIAN_POINT('',(0.00405092577707039,0.0173194678339967,0.0166134372424796));
#10174=CARTESIAN_POINT('',(0.00377595090868659,0.0161438307944124,0.0154857252155125));
#10175=CARTESIAN_POINT('',(0.00343290878501307,0.014677176663078,0.0140788594503));
#10176=CARTESIAN_POINT('',(0.00322376626497604,0.0137830015169903,0.0132211354823526));
#10177=CARTESIAN_POINT('',(0.0031485233485755,0.0134613053561493,0.0129125533116703));
#10178=CARTESIAN_POINT('',(0.00422592597642188,0.0180736300988038,0.0170945877698516));
#10179=CARTESIAN_POINT('',(0.00421870460546479,0.0180427454150178,0.0170653760987686));
#10180=CARTESIAN_POINT('',(0.00407673067388185,0.0174355449251324,0.0164910674506719));
#10181=CARTESIAN_POINT('',(0.00380000418167306,0.0162520286291475,0.0153716618255616));
#10182=CARTESIAN_POINT('',(0.00345477683736343,0.0147755448109602,0.0139751586282078));
#10183=CARTESIAN_POINT('',(0.00324430205367966,0.0138753767988723,0.0131237524078676));
#10184=CARTESIAN_POINT('',(0.00316857983062174,0.0135515245928838,0.012817443164541));
#10185=CARTESIAN_POINT('',(0.00424493570748579,0.0181823537215443,0.0169816468132001));
#10186=CARTESIAN_POINT('',(0.00423768185221151,0.0181512832480365,0.0169526281385275));
#10187=CARTESIAN_POINT('',(0.00409506927095214,0.0175404300864615,0.0163821138473935));
#10188=CARTESIAN_POINT('',(0.00381709796370766,0.0163497942368192,0.0152701039397982));
#10189=CARTESIAN_POINT('',(0.00347031766295539,0.014864428491274,0.0138828271952375));
#10190=CARTESIAN_POINT('',(0.00325889608818822,0.0139588454337959,0.0130370460671381));
#10191=CARTESIAN_POINT('',(0.00318283323940615,0.0136330450643852,0.0127327605555001));
#10192=CARTESIAN_POINT('',(0.00425735285482631,0.0182791444337082,0.016882565785133));
#10193=CARTESIAN_POINT('',(0.00425007778081142,0.018247908561743,0.0168537164226685));
#10194=CARTESIAN_POINT('',(0.00410704803388543,0.0176338036257585,0.0162865308512467));
#10195=CARTESIAN_POINT('',(0.00382826361404837,0.0164368296257546,0.0151810090708676));
#10196=CARTESIAN_POINT('',(0.00348046892288221,0.0149435567846519,0.0138018265239767));
#10197=CARTESIAN_POINT('',(0.00326842890462714,0.0140331530075685,0.0129609801860431));
#10198=CARTESIAN_POINT('',(0.00319214355928316,0.0137056182945045,0.0126584700570668));
#10199=CARTESIAN_POINT('',(0.00426433269988043,0.0183636985897636,0.0167972674855101));
#10200=CARTESIAN_POINT('',(0.00425704569852686,0.0183323182294826,0.016768563882973));
#10201=CARTESIAN_POINT('',(0.00411378145718481,0.017715372617624,0.0162042439876237));
#10202=CARTESIAN_POINT('',(0.00383453997585429,0.0165128617541878,0.0151043077994623));
#10203=CARTESIAN_POINT('',(0.00348617508223187,0.0150126814549544,0.0137320935018065));
#10204=CARTESIAN_POINT('',(0.00327378742859793,0.0140980664072987,0.0128954954969629));
#10205=CARTESIAN_POINT('',(0.00319737701495246,0.0137690166112207,0.0125945137849315));
#10206=CARTESIAN_POINT('',(0.00426704453778936,0.0184357429129587,0.0167256403393565));
#10207=CARTESIAN_POINT('',(0.00425975290237745,0.018404239441486,0.0166970591351283));
#10208=CARTESIAN_POINT('',(0.00411639755430711,0.0177848734332765,0.0161351456206774));
#10209=CARTESIAN_POINT('',(0.00383697849357833,0.0165776448883303,0.0150398997960037));
#10210=CARTESIAN_POINT('',(0.00348839206256867,0.0150715790931115,0.0136735369140104));
#10211=CARTESIAN_POINT('',(0.00327586934421744,0.0141533758346294,0.0128405063422399));
#10212=CARTESIAN_POINT('',(0.00319941033852465,0.0138230351128841,0.0125408080806921));
#10213=CARTESIAN_POINT('',(0.00426663968479604,0.0184950414607136,0.0166675419520205));
#10214=CARTESIAN_POINT('',(0.00425934874120733,0.018463436658358,0.0166390600278103));
#10215=CARTESIAN_POINT('',(0.00411600699455156,0.0178420784600323,0.016079098382965));
#10216=CARTESIAN_POINT('',(0.00383661444482874,0.0166309668657368,0.0149876570174844));
#10217=CARTESIAN_POINT('',(0.00348806108735716,0.0151200568114662,0.013626040350186));
#10218=CARTESIAN_POINT('',(0.00327555853295265,0.0141989001531657,0.0127959034035228));
#10219=CARTESIAN_POINT('',(0.00319910678161519,0.0138674968908352,0.0124972461774947));
#10220=CARTESIAN_POINT('',(0.00426433637377029,0.0185413863907068,0.0166227805924553));
#10221=CARTESIAN_POINT('',(0.00425704936613869,0.0185097023929433,0.0165943751576071));
#10222=CARTESIAN_POINT('',(0.00411378500136888,0.0178867871933931,0.0160359173124582));
#10223=CARTESIAN_POINT('',(0.00383454327946087,0.0166726407920564,0.0149474070570085));
#10224=CARTESIAN_POINT('',(0.00348617808570844,0.0151579446948705,0.013589447066466));
#10225=CARTESIAN_POINT('',(0.0032737902490942,0.0142344797994713,0.0127615394862244));
#10226=CARTESIAN_POINT('',(0.00319737976961816,0.0139022461058587,0.0124636843162835));
#10227=CARTESIAN_POINT('',(0.00426005879973517,0.0185866339021621,0.0165797383518492));
#10228=CARTESIAN_POINT('',(0.00425277910173205,0.0185548725842876,0.0165514064686884));
#10229=CARTESIAN_POINT('',(0.00410965844605861,0.017930437252314,0.0159943946678282));
#10230=CARTESIAN_POINT('',(0.00383069683271486,0.0167133279062414,0.0149087029492687));
#10231=CARTESIAN_POINT('',(0.00348268108557661,0.0151949354172343,0.013554259195996));
#10232=CARTESIAN_POINT('',(0.00327050629610867,0.0142692169423264,0.0127284953604227));
#10233=CARTESIAN_POINT('',(0.00319417246431104,0.0139361724815176,0.0124314114425488));
#10234=CARTESIAN_POINT('',(0.00425177000507457,0.0186408231763174,0.0165292188121198));
#10235=CARTESIAN_POINT('',(0.00424450447117687,0.0186089692584181,0.0165009732580473));
#10236=CARTESIAN_POINT('',(0.00410166228530452,0.0179827133871486,0.0159456587083262));
#10237=CARTESIAN_POINT('',(0.00382324344745752,0.0167620555625091,0.0148632751629565));
#10238=CARTESIAN_POINT('',(0.00347590483441583,0.0152392362048558,0.0135129584877807));
#10239=CARTESIAN_POINT('',(0.00326414287334879,0.0143108188005725,0.0126897108082536));
#10240=CARTESIAN_POINT('',(0.00318795756425641,0.0139768033496593,0.0123935321243752));
#10241=CARTESIAN_POINT('',(0.00424399127902337,0.0187296513686491,0.0164445188488221));
#10242=CARTESIAN_POINT('',(0.00423673903761274,0.0186976456588509,0.0164164180322245));
#10243=CARTESIAN_POINT('',(0.00409415818530996,0.0180684055214653,0.0158639490569081));
#10244=CARTESIAN_POINT('',(0.00381624872211506,0.0168419309564924,0.0147871119228727));
#10245=CARTESIAN_POINT('',(0.00346954557428305,0.0153118549831033,0.0134437146172163));
#10246=CARTESIAN_POINT('',(0.00325817103734321,0.0143790134373016,0.0126246854702789));
#10247=CARTESIAN_POINT('',(0.00318212511129549,0.0140434063190873,0.0123300244820604));
#10248=CARTESIAN_POINT('',(0.00424308565557779,0.0188425519205775,0.01633394712612));
#10249=CARTESIAN_POINT('',(0.00423583496171979,0.0188103532834135,0.016306035257325));
#10250=CARTESIAN_POINT('',(0.00409328453468282,0.0181773201464997,0.0157572810423431));
#10251=CARTESIAN_POINT('',(0.00381543437446689,0.016943452509836,0.0146876844811742));
#10252=CARTESIAN_POINT('',(0.0034688052094682,0.0154041533844251,0.0133533200791695));
#10253=CARTESIAN_POINT('',(0.00325747577764847,0.0144656887587641,0.0125397980233518));
#10254=CARTESIAN_POINT('',(0.00318144607900771,0.014128058632853,0.012247118313721));
#10255=CARTESIAN_POINT('',(0.00426044918382998,0.0189706075701759,0.0162025574076686));
#10256=CARTESIAN_POINT('',(0.00425316881872848,0.0189381901082255,0.0161748700610026));
#10257=CARTESIAN_POINT('',(0.00411003504773663,0.0183008548221173,0.0156305300063732));
#10258=CARTESIAN_POINT('',(0.00383104787085444,0.0170586017118512,0.0145695372437806));
#10259=CARTESIAN_POINT('',(0.00348300023218162,0.0155088413734231,0.0132459064239124));
#10260=CARTESIAN_POINT('',(0.00327080599939916,0.0145639988591528,0.0124389283120075));
#10261=CARTESIAN_POINT('',(0.00319446517250704,0.0142240741690404,0.0121486029080658));
#10262=CARTESIAN_POINT('',(0.00429928216123225,0.0190911410314829,0.0160715784736913));
#10263=CARTESIAN_POINT('',(0.00429193543734056,0.019058517598855,0.0160441149471951));
#10264=CARTESIAN_POINT('',(0.00414749703619011,0.0184171328784963,0.0155041752522301));
#10265=CARTESIAN_POINT('',(0.00386596695778089,0.0171669868704068,0.0144517593887964));
#10266=CARTESIAN_POINT('',(0.00351474694795557,0.0156073798269062,0.0131388285929678));
#10267=CARTESIAN_POINT('',(0.00330061861538903,0.0146565340711365,0.012338373965608));
#10268=CARTESIAN_POINT('',(0.00322358196008126,0.0143144496030976,0.012050395506717));
#10269=CARTESIAN_POINT('',(0.00436792242844134,0.0192059979061347,0.0159364888533791));
#10270=CARTESIAN_POINT('',(0.00436045841029631,0.0191731782031264,0.0159092561714992));
#10271=CARTESIAN_POINT('',(0.00421371397523637,0.0185279347587496,0.0153738549385468));
#10272=CARTESIAN_POINT('',(0.00392768912326154,0.0172702675730045,0.0143302851545218));
#10273=CARTESIAN_POINT('',(0.00357086170400844,0.0157012775601776,0.0130283901958386));
#10274=CARTESIAN_POINT('',(0.00335331470167024,0.0147447112887193,0.012234663788228));
#10275=CARTESIAN_POINT('',(0.00327504811624695,0.0144005687586295,0.0119491059316899));
#10276=CARTESIAN_POINT('',(0.0044826231827479,0.0193109417684172,0.0157961676441362));
#10277=CARTESIAN_POINT('',(0.00447496316100496,0.0192779427346389,0.0157691747467464));
#10278=CARTESIAN_POINT('',(0.00432436524693586,0.0186291736031566,0.0152384877359246));
#10279=CARTESIAN_POINT('',(0.00403082944054061,0.0173646343739704,0.014204106611671));
#10280=CARTESIAN_POINT('',(0.00366463180585532,0.0157870712126599,0.0129136748728093));
#10281=CARTESIAN_POINT('',(0.00344137206349618,0.0148252781490533,0.0121269372473795));
#10282=CARTESIAN_POINT('',(0.0033610502134632,0.0144792551831506,0.0118438937353816));
#10283=CARTESIAN_POINT('',(0.00464172490234588,0.0193816424283909,0.0156750457942743));
#10284=CARTESIAN_POINT('',(0.00463379300349398,0.0193485225795071,0.0156482598730155));
#10285=CARTESIAN_POINT('',(0.00447784991850164,0.0186973781932954,0.0151216420639076));
#10286=CARTESIAN_POINT('',(0.00417389564736887,0.0174282092697557,0.0140951923669504));
#10287=CARTESIAN_POINT('',(0.00379470056208024,0.0158448703799493,0.0128146554002165));
#10288=CARTESIAN_POINT('',(0.00356351666293205,0.0148795560274707,0.0120339503213319));
#10289=CARTESIAN_POINT('',(0.00348034394992429,0.0145322662123202,0.0117530771302964));
#10290=CARTESIAN_POINT('',(0.00491444698457286,0.0194021438966403,0.015566301005688));
#10291=CARTESIAN_POINT('',(0.00490604905121516,0.0193689890143205,0.0155397009103198));
#10292=CARTESIAN_POINT('',(0.00474094361305827,0.0187171558621278,0.0150167364839878));
#10293=CARTESIAN_POINT('',(0.00441913067010218,0.0174466444400623,0.013997407726692));
#10294=CARTESIAN_POINT('',(0.00401765617890178,0.0158616307297602,0.0127257544164113));
#10295=CARTESIAN_POINT('',(0.00377288919250058,0.014895295289331,0.0119504654370944));
#10296=CARTESIAN_POINT('',(0.00368482971089857,0.0145476381187747,0.0116715407887414));
#10297=CARTESIAN_POINT('',(0.00517377103541472,0.0194021438966403,0.0154820415138626));
#10298=CARTESIAN_POINT('',(0.00516492996245173,0.0193689890143205,0.0154555854032803));
#10299=CARTESIAN_POINT('',(0.00499111229051283,0.0187171558621278,0.0149354517533023));
#10300=CARTESIAN_POINT('',(0.00465231801959803,0.0174466444400623,0.0139216405639284));
#10301=CARTESIAN_POINT('',(0.00422965864397531,0.0158616307297602,0.012656870639859));
#10302=CARTESIAN_POINT('',(0.0039719758673285,0.014895295289331,0.0118857782551853));
#10303=CARTESIAN_POINT('',(0.00387926968965759,0.0145476381187747,0.0116083634099075));
#10304=CARTESIAN_POINT('',(0.00545832641767238,0.0193816424283909,0.0154097158779711));
#10305=CARTESIAN_POINT('',(0.00544899908915626,0.0193485225795071,0.0153833833592949));
#10306=CARTESIAN_POINT('',(0.00526562151328208,0.0186973781932954,0.0148656795566306));
#10307=CARTESIAN_POINT('',(0.00490819369004983,0.0174282092697557,0.0138566044699781));
#10308=CARTESIAN_POINT('',(0.00446228821417029,0.0158448703799493,0.0125977430230906));
#10309=CARTESIAN_POINT('',(0.00419043298564882,0.0148795560274707,0.0118302528601913));
#10310=CARTESIAN_POINT('',(0.0040926280044854,0.0145322662123202,0.0115541339812802));
#10311=CARTESIAN_POINT('',(0.00565823604974064,0.0193109417684172,0.0154141878685054));
#10312=CARTESIAN_POINT('',(0.00564856711050556,0.0192779427346389,0.0153878477079769));
#10313=CARTESIAN_POINT('',(0.00545847338376069,0.0186291736031566,0.0148699936646122));
#10314=CARTESIAN_POINT('',(0.00508795486950601,0.0173646343739704,0.0138606257384115));
#10315=CARTESIAN_POINT('',(0.0046257182340733,0.0157870712126599,0.0126013989624992));
#10316=CARTESIAN_POINT('',(0.00434390638615039,0.0148252781490533,0.011833686069423));
#10317=CARTESIAN_POINT('',(0.00424251932573728,0.0144792551831506,0.0115574870591829));
#10318=CARTESIAN_POINT('',(0.00583350964661906,0.0192059979061347,0.0154602906996459));
#10319=CARTESIAN_POINT('',(0.00582354119535535,0.0191731782031264,0.0154338717574142));
#10320=CARTESIAN_POINT('',(0.00562755898836015,0.0185279347587496,0.0149144688463622));
#10321=CARTESIAN_POINT('',(0.00524556302563345,0.0172702675730045,0.0139020819664898));
#10322=CARTESIAN_POINT('',(0.00476900781512026,0.0157012775601776,0.0126390889253735));
#10323=CARTESIAN_POINT('',(0.00447846636033857,0.0147447112887193,0.0118690798530775));
#10324=CARTESIAN_POINT('',(0.00437393866128838,0.0144005687586295,0.0115920547496018));
#10325=CARTESIAN_POINT('',(0.00596844447584697,0.0190911410314829,0.0155292347614632));
#10326=CARTESIAN_POINT('',(0.0059582454444779,0.019058517598855,0.0155026980058461));
#10327=CARTESIAN_POINT('',(0.00575772997582127,0.0184171328784963,0.0149809788546209));
#10328=CARTESIAN_POINT('',(0.00536689806987706,0.0171669868704068,0.0139640773077876));
#10329=CARTESIAN_POINT('',(0.00487931966752163,0.0156073798269062,0.0126954520394387));
#10330=CARTESIAN_POINT('',(0.00458205770245377,0.0146565340711365,0.011922009166698));
#10331=CARTESIAN_POINT('',(0.00447511217467347,0.0143144496030976,0.0116437486895653));
#10332=CARTESIAN_POINT('',(0.00607684850026046,0.0189706075701759,0.0156123734935364));
#10333=CARTESIAN_POINT('',(0.00606646422530741,0.0189381901082255,0.0155856946683164));
#10334=CARTESIAN_POINT('',(0.00586230682216558,0.0183008548221173,0.0150611823937083));
#10335=CARTESIAN_POINT('',(0.00546437629083499,0.0170586017118512,0.014038836669712));
#10336=CARTESIAN_POINT('',(0.00496794206997503,0.0155088413734231,0.012763419573053));
#10337=CARTESIAN_POINT('',(0.00466528097730385,0.0145639988591528,0.0119858359257823));
#10338=CARTESIAN_POINT('',(0.00455639301282144,0.0142240741690404,0.0117060857278997));
#10339=CARTESIAN_POINT('',(0.00616812482850737,0.0188425519205775,0.0157084639828153));
#10340=CARTESIAN_POINT('',(0.00615758457821789,0.0188103532834135,0.0156816209556968));
#10341=CARTESIAN_POINT('',(0.00595036066154649,0.0181773201464997,0.0151538804313212));
#10342=CARTESIAN_POINT('',(0.00554645307849317,0.016943452509836,0.0141252424096885));
#10343=CARTESIAN_POINT('',(0.00504256224704069,0.0154041533844251,0.0128419754205771));
#10344=CARTESIAN_POINT('',(0.00473535508197013,0.0144656887587641,0.0120596059287227));
#10345=CARTESIAN_POINT('',(0.00462483158328149,0.014128058632853,0.0117781339341254));
#10346=CARTESIAN_POINT('',(0.00623238459167424,0.0187296513686491,0.015798450697684));
#10347=CARTESIAN_POINT('',(0.00622173453264934,0.0186976456588509,0.0157714538989536));
#10348=CARTESIAN_POINT('',(0.00601235174919459,0.0180684055214653,0.0152406901868148));
#10349=CARTESIAN_POINT('',(0.00560423624131,0.0168419309564924,0.0142061595612676));
#10350=CARTESIAN_POINT('',(0.0050950958556751,0.0153118549831033,0.0129155413135751));
#10351=CARTESIAN_POINT('',(0.00478468819447007,0.0143790134373016,0.0121286899792909));
#10352=CARTESIAN_POINT('',(0.00467301325769489,0.0140434063190873,0.011845605558415));
#10353=CARTESIAN_POINT('',(0.00627587685940032,0.0186408231763174,0.0158715466278693));
#10354=CARTESIAN_POINT('',(0.00626515247967014,0.0186089692584181,0.0158444249209341));
#10355=CARTESIAN_POINT('',(0.00605430853284505,0.0179827133871486,0.015311205482725));
#10356=CARTESIAN_POINT('',(0.00564334501892505,0.0167620555625091,0.0142718883132422));
#10357=CARTESIAN_POINT('',(0.00513065163208549,0.0152392362048558,0.0129752986609396));
#10358=CARTESIAN_POINT('',(0.00481807781234085,0.0143108188005725,0.0121848067399106));
#10359=CARTESIAN_POINT('',(0.00470562355969113,0.0139768033496593,0.0119004125501555));
#10360=CARTESIAN_POINT('',(0.00629886572406257,0.0185866339021621,0.0159172898253192));
#10361=CARTESIAN_POINT('',(0.00628810206036942,0.0185548725842876,0.0158900899512321));
#10362=CARTESIAN_POINT('',(0.00607648578115684,0.017930437252314,0.0153553337275655));
#10363=CARTESIAN_POINT('',(0.00566401688642483,0.0167133279062414,0.0143130211543196));
#10364=CARTESIAN_POINT('',(0.00514944547693643,0.0151949354172343,0.0130126946162636));
#10365=CARTESIAN_POINT('',(0.00483572668296747,0.0142692169423264,0.012219924427787));
#10366=CARTESIAN_POINT('',(0.00472286050451793,0.0139361724815176,0.0119347105888899));
#10367=CARTESIAN_POINT('',(0.00632070468822735,0.0185413863907068,0.0159546260243789));
#10368=CARTESIAN_POINT('',(0.00630990370555076,0.0185097023929433,0.015927362349235));
#10369=CARTESIAN_POINT('',(0.00609755372593229,0.0178867871933931,0.0153913517810767));
#10370=CARTESIAN_POINT('',(0.00568365474937194,0.0166726407920564,0.0143465943199042));
#10371=CARTESIAN_POINT('',(0.0051672992557223,0.0151579446948705,0.0130432176865744));
#10372=CARTESIAN_POINT('',(0.00485249275901455,0.0142344797994713,0.0122485879462589));
#10373=CARTESIAN_POINT('',(0.00473923525924867,0.0139022461058587,0.0119627050989577));
#10374=CARTESIAN_POINT('',(0.0063451513374892,0.0184950414607136,0.0159921925772109));
#10375=CARTESIAN_POINT('',(0.00633430857974982,0.018463436658358,0.0159648647073756));
#10376=CARTESIAN_POINT('',(0.00612113729210819,0.0178420784600323,0.0154275920557755));
#10377=CARTESIAN_POINT('',(0.00570563747456429,0.0166309668657368,0.0143803746224105));
#10378=CARTESIAN_POINT('',(0.00518728486789161,0.0151200568114662,0.013073929075583));
#10379=CARTESIAN_POINT('',(0.0048712607911212,0.0141989001531657,0.0122774283105205));
#10380=CARTESIAN_POINT('',(0.00475756524425304,0.0138674968908352,0.0119908723272228));
#10381=CARTESIAN_POINT('',(0.00637897317979543,0.0184357429129587,0.0160394331265303));
#10382=CARTESIAN_POINT('',(0.00636807262642236,0.018404239441486,0.0160120245308298));
#10383=CARTESIAN_POINT('',(0.00615376506238772,0.0177848734332765,0.015473164788837));
#10384=CARTESIAN_POINT('',(0.0057360504876915,0.0165776448883303,0.014422853900552));
#10385=CARTESIAN_POINT('',(0.00521493488307134,0.0150715790931115,0.0131125491452396));
#10386=CARTESIAN_POINT('',(0.00489722628911276,0.0141533758346294,0.0123136955362194));
#10387=CARTESIAN_POINT('',(0.00478292470581576,0.0138230351128841,0.0120262930734914));
#10388=CARTESIAN_POINT('',(0.00642326848292263,0.0183636985897636,0.0160957867266976));
#10389=CARTESIAN_POINT('',(0.00641229223659674,0.0183323182294826,0.0160682818325163));
#10390=CARTESIAN_POINT('',(0.00619649653046716,0.017715372617624,0.0155275288386731));
#10391=CARTESIAN_POINT('',(0.00577588136453388,0.0165128617541878,0.0144735277451681));
#10392=CARTESIAN_POINT('',(0.00525114715657109,0.0150126814549544,0.0131586193115526));
#10393=CARTESIAN_POINT('',(0.004931232408412,0.0140980664072987,0.012356958977599));
#10394=CARTESIAN_POINT('',(0.00481613712005662,0.0137690166112207,0.0120685467433071));
#10395=CARTESIAN_POINT('',(0.00647905237875348,0.0182791444337082,0.0161606918506978));
#10396=CARTESIAN_POINT('',(0.00646798080747219,0.018247908561743,0.0161330760449718));
#10397=CARTESIAN_POINT('',(0.00625031098924166,0.0176338036257585,0.0155901425028451));
#10398=CARTESIAN_POINT('',(0.00582604292406188,0.0164368296257546,0.0145318912243177));
#10399=CARTESIAN_POINT('',(0.00529675157848704,0.0149435567846519,0.0132116805152445));
#10400=CARTESIAN_POINT('',(0.00497405847986144,0.0140331530075685,0.0124067875425721));
#10401=CARTESIAN_POINT('',(0.00485796362818509,0.0137056182945045,0.0121172123063005));
#10402=CARTESIAN_POINT('',(0.00654733642905344,0.0181823537215443,0.0162335514701419));
#10403=CARTESIAN_POINT('',(0.00653614817223141,0.0181512832480365,0.016205811160025));
#10404=CARTESIAN_POINT('',(0.00631618428753129,0.0175404300864615,0.0156604298309082));
#10405=CARTESIAN_POINT('',(0.00588744477495306,0.0163497942368192,0.0145974074827916));
#10406=CARTESIAN_POINT('',(0.005352575120275,0.014864428491274,0.0132712446739731));
#10407=CARTESIAN_POINT('',(0.00502648109347506,0.0139588454337959,0.0124627228841545));
#10408=CARTESIAN_POINT('',(0.00490916269455321,0.0136330450643852,0.0121718421133358));
#10409=CARTESIAN_POINT('',(0.00662910065324222,0.0180736300988038,0.0163137489838646));
#10410=CARTESIAN_POINT('',(0.00661777267561175,0.0180427454150179,0.0162858716301744));
#10411=CARTESIAN_POINT('',(0.00639506184540532,0.0174355449251324,0.0157377959906532));
#10412=CARTESIAN_POINT('',(0.00596096816262293,0.0162520286291475,0.0146695220653011));
#10413=CARTESIAN_POINT('',(0.00541941896690849,0.0147755448109602,0.0133368077042696));
#10414=CARTESIAN_POINT('',(0.00508925262377001,0.0138753767988723,0.0125242916290691));
#10415=CARTESIAN_POINT('',(0.00497046913320749,0.0135515245928839,0.0122319738396995));
#10416=CARTESIAN_POINT('',(0.00672530073298241,0.0179533049574251,0.0164006484521269));
#10417=CARTESIAN_POINT('',(0.00671380836618237,0.0179226258883342,0.0163726226023912));
#10418=CARTESIAN_POINT('',(0.00648786560441455,0.0173194678339967,0.015821627494041));
#10419=CARTESIAN_POINT('',(0.00604747244767894,0.0161438307944124,0.0147476631270766));
#10420=CARTESIAN_POINT('',(0.00549806440677025,0.014677176663078,0.013407849713005));
#10421=CARTESIAN_POINT('',(0.00516310676082934,0.0137830015169903,0.0125910055575478));
#10422=CARTESIAN_POINT('',(0.00504259950985622,0.0134613053561493,0.0122971306607049));
#10423=CARTESIAN_POINT('',(0.00683686736451464,0.0178217339670244,0.0164935982132744));
#10424=CARTESIAN_POINT('',(0.00682518434978626,0.0177912797298247,0.0164654135285971));
#10425=CARTESIAN_POINT('',(0.00659549340279218,0.0171925419258403,0.0159112956861756));
#10426=CARTESIAN_POINT('',(0.00614779452353239,0.0160255205550711,0.0148312446860099));
#10427=CARTESIAN_POINT('',(0.0055892723021737,0.0145696148144698,0.0134838379540775));
#10428=CARTESIAN_POINT('',(0.00524875801308071,0.0136819926406533,0.0126623643798893));
#10429=CARTESIAN_POINT('',(0.00512625165625343,0.0133626540336216,0.0123668239634453));
#10430=CARTESIAN_POINT('',(0.00696470648619044,0.0176792943389215,0.0165919334964769));
#10431=CARTESIAN_POINT('',(0.0069528050166842,0.0176490835062204,0.0165635807739395));
#10432=CARTESIAN_POINT('',(0.00671881919495362,0.0170551310946275,0.0160061592658012));
#10433=CARTESIAN_POINT('',(0.00626274902099871,0.0158974371041429,0.0149196689720623));
#10434=CARTESIAN_POINT('',(0.00569378327537546,0.0144531676427403,0.0135642289643789));
#10435=CARTESIAN_POINT('',(0.00534690188197654,0.0135726397602295,0.0127378577422963));
#10436=CARTESIAN_POINT('',(0.00522210484080196,0.0132558534566104,0.0124405553058144));
#10437=CARTESIAN_POINT('',(0.00710970287109258,0.0175263819768523,0.0166949780523555));
#10438=CARTESIAN_POINT('',(0.00709755362803596,0.0174964324447269,0.0166664492446317));
#10439=CARTESIAN_POINT('',(0.00685869651728027,0.0169076172668082,0.0161055658583612));
#10440=CARTESIAN_POINT('',(0.00639313153882552,0.0157599364430962,0.0150123278935441));
#10441=CARTESIAN_POINT('',(0.00581232064561247,0.0143281588069087,0.0136484698968638));
#10442=CARTESIAN_POINT('',(0.00545821762009849,0.0134552468165144,0.0128169664787301));
#10443=CARTESIAN_POINT('',(0.00533082246228357,0.0131412004719135,0.012517817639143));
#10444=CARTESIAN_POINT('',(0.00727271815731478,0.0173634068559882,0.0168020493306902));
#10445=CARTESIAN_POINT('',(0.00726029034954594,0.0173337358199394,0.0167733375568131));
#10446=CARTESIAN_POINT('',(0.00701595658793971,0.0167503959434785,0.0162088570109072));
#10447=CARTESIAN_POINT('',(0.00653971687249611,0.0156133872266055,0.0151086076929724));
#10448=CARTESIAN_POINT('',(0.00594558881881732,0.0141949234696668,0.0137360027534262));
#10449=CARTESIAN_POINT('',(0.00558336671897592,0.0133301285531401,0.0128991665859088));
#10450=CARTESIAN_POINT('',(0.00545305057297189,0.0130190024770256,0.0125980991904202));
#10451=CARTESIAN_POINT('',(0.00745459699708025,0.0171907904640906,0.0169124589951821));
#10452=CARTESIAN_POINT('',(0.00744185839007391,0.0171614143993702,0.0168835585504317));
#10453=CARTESIAN_POINT('',(0.0071914142389111,0.0165838737318756,0.0163153686886883));
#10454=CARTESIAN_POINT('',(0.00670326454359181,0.0154581684616067,0.0152078894099517));
#10455=CARTESIAN_POINT('',(0.00609427831464239,0.0140538062054732,0.0138262648057281));
#10456=CARTESIAN_POINT('',(0.00572299762984945,0.0131976085521139,0.0129839296184976));
#10457=CARTESIAN_POINT('',(0.00558942248921299,0.0128895755015289,0.0126808838482602));
#10458=CARTESIAN_POINT('',(0.00765616793984284,0.0170089628433864,0.0170255155413338));
#10459=CARTESIAN_POINT('',(0.00764308488322712,0.0169798974903791,0.0169964219026507));
#10460=CARTESIAN_POINT('',(0.00738586876790862,0.0164084654916889,0.0164244338006072));
#10461=CARTESIAN_POINT('',(0.00688451959388736,0.0152946668473158,0.0153095512352035));
#10462=CARTESIAN_POINT('',(0.00625906648841238,0.0139051585822289,0.0139186907353673));
#10463=CARTESIAN_POINT('',(0.00587774644164018,0.013058016962825,0.0130707246988914));
#10464=CARTESIAN_POINT('',(0.00574055945357075,0.012753241989104,0.0127656531257758));
#10465=CARTESIAN_POINT('',(0.00787824839863892,0.0168183602295397,0.0171405250012635));
#10466=CARTESIAN_POINT('',(0.00786478584522552,0.0167896205831793,0.0171112348314584));
#10467=CARTESIAN_POINT('',(0.00760010872939756,0.0162245920573868,0.0165353828791519));
#10468=CARTESIAN_POINT('',(0.00708421705115506,0.0151232746521622,0.0154129691443442));
#10469=CARTESIAN_POINT('',(0.00644062159121363,0.0137493372310901,0.0140127132100769));
#10470=CARTESIAN_POINT('',(0.00604824069368675,0.0129116886894501,0.013159019058311));
#10471=CARTESIAN_POINT('',(0.00590707435857443,0.0126103290272423,0.0128518866890463));
#10472=CARTESIAN_POINT('',(0.00821307148030955,0.0165446999395586,0.0173004630609617));
#10473=CARTESIAN_POINT('',(0.00819903677260588,0.0165164279309376,0.0172708995848882));
#10474=CARTESIAN_POINT('',(0.0079231109625143,0.0159605932782757,0.0166896743640314));
#10475=CARTESIAN_POINT('',(0.0073852940500348,0.014877195981573,0.0155567873983914));
#10476=CARTESIAN_POINT('',(0.0067143459852575,0.0135256146111465,0.0141434656906317));
#10477=CARTESIAN_POINT('',(0.00630528902286812,0.0127015958847608,0.0132818057276552));
#10478=CARTESIAN_POINT('',(0.00615812316286665,0.0124051398024159,0.012971807509462));
#10479=CARTESIAN_POINT('',(0.00848230647845649,0.0163403959658174,0.017413605530768));
#10480=CARTESIAN_POINT('',(0.00846781169506595,0.0163124730770794,0.0173838487139331));
#10481=CARTESIAN_POINT('',(0.00818284068365757,0.0157635022073025,0.0167988223660909));
#10482=CARTESIAN_POINT('',(0.00762739344423133,0.0146934833564867,0.0156585264872414));
#10483=CARTESIAN_POINT('',(0.00693445084288995,0.0133585921312923,0.0142359618645329));
#10484=CARTESIAN_POINT('',(0.00651198446956644,0.0125447488871367,0.0133686667728318));
#10485=CARTESIAN_POINT('',(0.00635999432426078,0.0122519536240199,0.013056641212138));
#10486=CARTESIAN_POINT('',(0.00867110130411639,0.0162032924436954,0.0174868951608254));
#10487=CARTESIAN_POINT('',(0.00865628390327386,0.0161756038409809,0.0174570131047864));
#10488=CARTESIAN_POINT('',(0.00836497015330095,0.0156312390921295,0.0168695245233458));
#10489=CARTESIAN_POINT('',(0.00779716005419768,0.0145701981971411,0.0157244294165036));
#10490=CARTESIAN_POINT('',(0.00708879429195723,0.0132465073301881,0.0142958775653175));
#10491=CARTESIAN_POINT('',(0.00665692487884714,0.012439492609372,0.0134249322395332));
#10492=CARTESIAN_POINT('',(0.00650155181486742,0.0121491540346928,0.0131115934391504));
#10493=CARTESIAN_POINT('',(0.00349713135814279,0.0162601991330675,0.0183122602333403));
#10494=CARTESIAN_POINT('',(0.00363374786483035,0.0164276359685171,0.017990920171848));
#10495=CARTESIAN_POINT('',(0.00381136343229769,0.0166824897374245,0.0175028834701553));
#10496=CARTESIAN_POINT('',(0.00397647608520799,0.0170343674512707,0.0168396144054768));
#10497=CARTESIAN_POINT('',(0.0040560747601475,0.0173083120200961,0.0163319868156943));
#10498=CARTESIAN_POINT('',(0.00407305039447966,0.0175905396550844,0.0158232251599601));
#10499=CARTESIAN_POINT('',(0.00397528546722397,0.0178821288355197,0.0153268206632248));
#10500=CARTESIAN_POINT('',(0.00411359716550747,0.0181052514119152,0.0148912391509218));
#10501=CARTESIAN_POINT('',(0.00442079590960137,0.0181871667347263,0.014654160862201));
#10502=CARTESIAN_POINT('',(0.0047865004629708,0.0181886705285508,0.0145376088022328));
#10503=CARTESIAN_POINT('',(0.00527145867340013,0.0181804520475967,0.0143845897039491));
#10504=CARTESIAN_POINT('',(0.00576375963281265,0.0179108469211955,0.0146943604739817));
#10505=CARTESIAN_POINT('',(0.00598553610334905,0.0176170186504216,0.0151538678324889));
#10506=CARTESIAN_POINT('',(0.00628997937767052,0.0173300980892816,0.0155676732574168));
#10507=CARTESIAN_POINT('',(0.00665360839039038,0.0170539831457767,0.0159355061025872));
#10508=CARTESIAN_POINT('',(0.00718955931975224,0.0166910610810694,0.0163907892603114));
#10509=CARTESIAN_POINT('',(0.00762914160870956,0.016430931067472,0.0166872877569971));
#10510=CARTESIAN_POINT('',(0.00793443780098554,0.0162601991330757,0.0168704919718259));
#10511=CARTESIAN_POINT('',(-0.00284295961518723,0.0162032924436954,0.0193105432553919));
#10512=CARTESIAN_POINT('',(-0.00283810149270429,0.0161756038409809,0.0192775449026029));
#10513=CARTESIAN_POINT('',(-0.00274258960817256,0.0156312390921295,0.0186287891595381));
#10514=CARTESIAN_POINT('',(-0.00255642396159204,0.0145701981971411,0.0173642760261975));
#10515=CARTESIAN_POINT('',(-0.00232417488685515,0.0132465073301882,0.015786745420496));
#10516=CARTESIAN_POINT('',(-0.00218257957416706,0.0124394926093721,0.0148249722050702));
#10517=CARTESIAN_POINT('',(-0.00213163802352776,0.012149154034693,0.0144789563799203));
#10518=CARTESIAN_POINT('',(-0.00268605280719976,0.0163403959658174,0.0191824998655699));
#10519=CARTESIAN_POINT('',(-0.00268146281110439,0.0163124730770794,0.0191497203166175));
#10520=CARTESIAN_POINT('',(-0.00259122235738957,0.0157635022073025,0.0185052663108684));
#10521=CARTESIAN_POINT('',(-0.00241533144605531,0.0146934833564867,0.0172491378483227));
#10522=CARTESIAN_POINT('',(-0.00219590051364459,0.0133585921312923,0.0156820674541041));
#10523=CARTESIAN_POINT('',(-0.00206212003885331,0.0125447488871368,0.0147266715166821));
#10524=CARTESIAN_POINT('',(-0.00201399002168148,0.0122519536240201,0.0143829500360568));
#10525=CARTESIAN_POINT('',(-0.00246495805375308,0.0165446999395586,0.0189916967924831));
#10526=CARTESIAN_POINT('',(-0.00246074587005674,0.0165164279309376,0.0189592432927275));
#10527=CARTESIAN_POINT('',(-0.0023779333011592,0.0159605932782757,0.0183211994944916));
#10528=CARTESIAN_POINT('',(-0.00221652034706045,0.014877195981573,0.0170775653977754));
#10529=CARTESIAN_POINT('',(-0.00201515124417515,0.0135256146111466,0.0155260822236301));
#10530=CARTESIAN_POINT('',(-0.00189238252649106,0.0127015958847609,0.0145801893479651));
#10531=CARTESIAN_POINT('',(-0.00184821419400817,0.0124051398024161,0.0142398867707803));
#10532=CARTESIAN_POINT('',(-0.0021959459586183,0.0168183602295397,0.0187361206362583));
#10533=CARTESIAN_POINT('',(-0.00219219346970643,0.0167896205831793,0.0187041038716093));
#10534=CARTESIAN_POINT('',(-0.00211841861349074,0.0162245920573868,0.018074646393134));
#10535=CARTESIAN_POINT('',(-0.00197462138997121,0.0151232746521622,0.0168477482008323));
#10536=CARTESIAN_POINT('',(-0.0017952286140989,0.0137493372310901,0.0153171437354421));
#10537=CARTESIAN_POINT('',(-0.00168585820553042,0.0129116886894503,0.0143839799838782));
#10538=CARTESIAN_POINT('',(-0.00164651016426578,0.0126103290272425,0.0140482569461407));
#10539=CARTESIAN_POINT('',(-0.00202027476877065,0.0170089628433864,0.01855811350407));
#10540=CARTESIAN_POINT('',(-0.0020168224713045,0.0169798974903791,0.018526400922585));
#10541=CARTESIAN_POINT('',(-0.00194894945284641,0.0164084654916889,0.0179029237600328));
#10542=CARTESIAN_POINT('',(-0.0018166557133964,0.0152946668473158,0.0166876820164133));
#10543=CARTESIAN_POINT('',(-0.00165161399305161,0.013905158582229,0.0151716194360103));
#10544=CARTESIAN_POINT('',(-0.00155099299369875,0.0130580169628251,0.0142473214366745));
#10545=CARTESIAN_POINT('',(-0.00151479271533784,0.0127532419891042,0.0139147880184061));
#10546=CARTESIAN_POINT('',(-0.00186350580424673,0.0171907904640905,0.0183883014922568));
#10547=CARTESIAN_POINT('',(-0.00186032139761769,0.0171614143993702,0.0183568790899035));
#10548=CARTESIAN_POINT('',(-0.00179771517899657,0.0165838737318756,0.0177391069205484));
#10549=CARTESIAN_POINT('',(-0.00167568714838337,0.0154581684616067,0.0165349849841916));
#10550=CARTESIAN_POINT('',(-0.00152345230955868,0.0140538062054733,0.0150327948071854));
#10551=CARTESIAN_POINT('',(-0.00143063928272608,0.0131976085521141,0.014116954397181));
#10552=CARTESIAN_POINT('',(-0.00139724806788555,0.0128895755015291,0.0137874637541784));
#10553=CARTESIAN_POINT('',(-0.00172464721118283,0.0173634068559882,0.018227092008975));
#10554=CARTESIAN_POINT('',(-0.00172170008968768,0.0173337358199394,0.0181959450855314));
#10555=CARTESIAN_POINT('',(-0.00166375895524014,0.0167503959434785,0.0175835888993899));
#10556=CARTESIAN_POINT('',(-0.00155082380784024,0.0156133872266055,0.0163900234505504));
#10557=CARTESIAN_POINT('',(-0.00140993270375806,0.0141949234696668,0.0149010029130744));
#10558=CARTESIAN_POINT('',(-0.00132403561262826,0.0133301285531403,0.0139931916382965));
#10559=CARTESIAN_POINT('',(-0.00129313253445084,0.0130190024770259,0.0136665896262165));
#10560=CARTESIAN_POINT('',(-0.00160269730558034,0.0175263819768523,0.0180748866782213));
#10561=CARTESIAN_POINT('',(-0.0015999585752192,0.0174964324447269,0.0180439998471601));
#10562=CARTESIAN_POINT('',(-0.00154611446179172,0.0169076172668082,0.0174367571413151));
#10563=CARTESIAN_POINT('',(-0.00144116496529788,0.0157599364430962,0.0162531585606862));
#10564=CARTESIAN_POINT('',(-0.0013102362794608,0.0143281588069088,0.0147765720891213));
#10565=CARTESIAN_POINT('',(-0.00123041297669009,0.0134552468165146,0.0138763414923402));
#10566=CARTESIAN_POINT('',(-0.00120169505698573,0.0131412004719137,0.0135524667703429));
#10567=CARTESIAN_POINT('',(-0.00149664006782422,0.0176792943389215,0.0179320791348265));
#10568=CARTESIAN_POINT('',(-0.0014940825707977,0.0176490835062204,0.017901436336967));
#10569=CARTESIAN_POINT('',(-0.00144380154936498,0.0170551310946275,0.0172989913839716));
#10570=CARTESIAN_POINT('',(-0.00134579700352606,0.0158974371041429,0.0161247442758402));
#10571=CARTESIAN_POINT('',(-0.00122353242083221,0.0144531676427404,0.014659824139471));
#10572=CARTESIAN_POINT('',(-0.00114899136254457,0.0135726397602296,0.0137667061582379));
#10573=CARTESIAN_POINT('',(-0.00112217382866312,0.0132558534566107,0.0134453903321408));
#10574=CARTESIAN_POINT('',(-0.00140544511177325,0.0178217339670244,0.0177990522618112));
#10575=CARTESIAN_POINT('',(-0.00140304345103225,0.0177912797298247,0.0177686367836925));
#10576=CARTESIAN_POINT('',(-0.00135582620935415,0.0171925419258403,0.0171706609927869));
#10577=CARTESIAN_POINT('',(-0.00126379338673895,0.0160255205550711,0.0160051248890943));
#10578=CARTESIAN_POINT('',(-0.00114897876712244,0.0145696148144699,0.0145510720784543));
#10579=CARTESIAN_POINT('',(-0.00107897972844304,0.0136819926406535,0.0136645795806012));
#10580=CARTESIAN_POINT('',(-0.00105379627070073,0.0133626540336218,0.013345647395535));
#10581=CARTESIAN_POINT('',(-0.00132806199567109,0.017953304957425,0.0176761758006352));
#10582=CARTESIAN_POINT('',(-0.00132579256918841,0.0179226258883342,0.0176459702969725));
#10583=CARTESIAN_POINT('',(-0.00128117508559705,0.0173194678339967,0.0170521226555871));
#10584=CARTESIAN_POINT('',(-0.00119420954489701,0.0161438307944124,0.015894632876479));
#10585=CARTESIAN_POINT('',(-0.00108571656172549,0.0146771766630781,0.0144506181769196));
#10586=CARTESIAN_POINT('',(-0.00101957163566264,0.0137830015169904,0.0135702456150829));
#10587=CARTESIAN_POINT('',(-0.000995774766708471,0.0134613053561495,0.013253515190969));
#10588=CARTESIAN_POINT('',(-0.0012634236954613,0.0180736300988038,0.0175638020355817));
#10589=CARTESIAN_POINT('',(-0.00126126472456786,0.0180427454150178,0.0175337885590979));
#10590=CARTESIAN_POINT('',(-0.00121881882506548,0.0174355449251324,0.0169437162193435));
#10591=CARTESIAN_POINT('',(-0.00113608599695416,0.0162520286291475,0.0157935850163187));
#10592=CARTESIAN_POINT('',(-0.00103287349168183,0.0147755448109602,0.0143587504341338));
#10593=CARTESIAN_POINT('',(-0.000969947915018443,0.0138753767988724,0.0134839747152194));
#10594=CARTESIAN_POINT('',(-0.000947309266963996,0.0135515245928841,0.0131692578595755));
#10595=CARTESIAN_POINT('',(-0.00121044369189365,0.0181823537215443,0.0174622631327589));
#10596=CARTESIAN_POINT('',(-0.00120837525459243,0.0181512832480365,0.0174324231685628));
#10597=CARTESIAN_POINT('',(-0.00116770926781066,0.0175404300864615,0.0168457621231195));
#10598=CARTESIAN_POINT('',(-0.00108844573154835,0.0163497942368192,0.015702279996429));
#10599=CARTESIAN_POINT('',(-0.00098956130633118,0.014864428491274,0.014275740402363));
#10600=CARTESIAN_POINT('',(-0.000929274430594565,0.0139588454337961,0.0134060218895442));
#10601=CARTESIAN_POINT('',(-0.000907585104338498,0.0136330450643854,0.0130931244579725));
#10602=CARTESIAN_POINT('',(-0.00116801656150878,0.0182791444337082,0.0173718685849243));
#10603=CARTESIAN_POINT('',(-0.00116602062477876,0.018247908561743,0.0173421830892556));
#10604=CARTESIAN_POINT('',(-0.00112678001708317,0.0176338036257584,0.0167585589331051));
#10605=CARTESIAN_POINT('',(-0.001050294738422,0.0164368296257546,0.0156209961164727));
#10606=CARTESIAN_POINT('',(-0.000954876300453822,0.014943556784652,0.0142018410979679));
#10607=CARTESIAN_POINT('',(-0.000896702533451223,0.0140331530075687,0.0133366247399449));
#10608=CARTESIAN_POINT('',(-0.000875773437414198,0.0137056182945047,0.0130253470424037));
#10609=CARTESIAN_POINT('',(-0.00113501971021257,0.0183636985897636,0.0172929019719789));
#10610=CARTESIAN_POINT('',(-0.00113308015935039,0.0183323182294826,0.0172633514164886));
#10611=CARTESIAN_POINT('',(-0.00109494811170401,0.017715372617624,0.0166823802174807));
#10612=CARTESIAN_POINT('',(-0.00102062356727342,0.0165128617541878,0.0155499883749554));
#10613=CARTESIAN_POINT('',(-0.000927900731501575,0.0150126814549545,0.0141372843530436));
#10614=CARTESIAN_POINT('',(-0.000871370392513938,0.0140980664072989,0.0132760009746494));
#10615=CARTESIAN_POINT('',(-0.000851032550310511,0.0137690166112209,0.0129661382397727));
#10616=CARTESIAN_POINT('',(-0.0011103065936781,0.0184357429129587,0.0172256185118858));
#10617=CARTESIAN_POINT('',(-0.00110840927322483,0.018404239441486,0.0171961829321019));
#10618=CARTESIAN_POINT('',(-0.0010711074858186,0.0177848734332765,0.0166174721838008));
#10619=CARTESIAN_POINT('',(-0.000998401231459414,0.0165776448883303,0.0154894862669823));
#10620=CARTESIAN_POINT('',(-0.00090769727714418,0.0150715790931116,0.0140822788132484));
#10621=CARTESIAN_POINT('',(-0.000852397789781907,0.0141533758346296,0.0132243465280318));
#10622=CARTESIAN_POINT('',(-0.000832502769372596,0.0138230351128844,0.0129156894113324));
#10623=CARTESIAN_POINT('',(-0.00109273824272295,0.0184950414607136,0.0171702385555685));
#10624=CARTESIAN_POINT('',(-0.00109087094351948,0.018463436658358,0.0171408976104778));
#10625=CARTESIAN_POINT('',(-0.00105415938127821,0.0178420784600323,0.0165640474035523));
#10626=CARTESIAN_POINT('',(-0.000982603555999146,0.0166309668657368,0.0154396879347918));
#10627=CARTESIAN_POINT('',(-0.000893334807879659,0.0151200568114663,0.0140370046197565));
#10628=CARTESIAN_POINT('',(-0.000838910322797974,0.0141989001531659,0.0131818305665561));
#10629=CARTESIAN_POINT('',(-0.000819330100754088,0.0138674968908354,0.0128741657751905));
#10630=CARTESIAN_POINT('',(-0.00108109680088606,0.0185413863907068,0.0171269562106255));
#10631=CARTESIAN_POINT('',(-0.0010792493948777,0.0185097023929433,0.0170976892275186));
#10632=CARTESIAN_POINT('',(-0.00104292893775188,0.0178867871933931,0.0165222931314114));
#10633=CARTESIAN_POINT('',(-0.000972135429508589,0.0166726407920564,0.0154007679223037));
#10634=CARTESIAN_POINT('',(-0.000883817702318413,0.0151579446948706,0.0140016204593121));
#10635=CARTESIAN_POINT('',(-0.000829973026245702,0.0142344797994715,0.0131486021093208));
#10636=CARTESIAN_POINT('',(-0.000810601401290456,0.0139022461058589,0.01284171287233));
#10637=CARTESIAN_POINT('',(-0.00107186423172283,0.0185866339021621,0.0170846987641495));
#10638=CARTESIAN_POINT('',(-0.00107003260256603,0.0185548725842876,0.0170555039916536));
#10639=CARTESIAN_POINT('',(-0.0010340223222275,0.017930437252314,0.0164815275739431));
#10640=CARTESIAN_POINT('',(-0.000963833390707253,0.0167133279062414,0.015362769511018));
#10641=CARTESIAN_POINT('',(-0.000876269897110177,0.0151949354172344,0.013967074173337));
#10642=CARTESIAN_POINT('',(-0.000822885054694827,0.0142692169423266,0.0131161604808707));
#10643=CARTESIAN_POINT('',(-0.000803678863461202,0.0139361724815178,0.012810028433619));
#10644=CARTESIAN_POINT('',(-0.00106413594757263,0.0186408231763174,0.0170340904482766));
#10645=CARTESIAN_POINT('',(-0.00106231752470648,0.0186089692584181,0.017004982156572));
#10646=CARTESIAN_POINT('',(-0.00102656688329474,0.0179827133871486,0.0164327059725181));
#10647=CARTESIAN_POINT('',(-0.000956884023337408,0.0167620555625091,0.0153172618961147));
#10648=CARTESIAN_POINT('',(-0.000869951874214449,0.0152392362048559,0.0139257008888944));
#10649=CARTESIAN_POINT('',(-0.000816951943637081,0.0143108188005727,0.0130773077740235));
#10650=CARTESIAN_POINT('',(-0.000797884231605302,0.0139768033496596,0.0127720825515019));
#10651=CARTESIAN_POINT('',(-0.00104536022759019,0.018729651368649,0.016951132237708));
#10652=CARTESIAN_POINT('',(-0.00104357388915706,0.0186976456588509,0.0169221657071265));
#10653=CARTESIAN_POINT('',(-0.00100845403560083,0.0180684055214653,0.0163526765816668));
#10654=CARTESIAN_POINT('',(-0.000940000666921488,0.0168419309564924,0.015242664861329));
#10655=CARTESIAN_POINT('',(-0.000854602357241817,0.0153118549831034,0.0138578809351279));
#10656=CARTESIAN_POINT('',(-0.000802537562685255,0.0143790134373018,0.0130136196038049));
#10657=CARTESIAN_POINT('',(-0.000783806283251802,0.0140434063190876,0.0127098808673601));
#10658=CARTESIAN_POINT('',(-0.00101205298525716,0.0188425519205775,0.016845692427279));
#10659=CARTESIAN_POINT('',(-0.00101032356309606,0.0188103532834135,0.0168169060749564));
#10660=CARTESIAN_POINT('',(-0.000976322697465931,0.0181773201464997,0.0162509592984436));
#10661=CARTESIAN_POINT('',(-0.000910050388366759,0.016943452509836,0.0151478520977405));
#10662=CARTESIAN_POINT('',(-0.000827373037568302,0.0154041533844252,0.0137716818353712));
#10663=CARTESIAN_POINT('',(-0.000776967130238886,0.0144656887587643,0.0129326719971921));
#10664=CARTESIAN_POINT('',(-0.000758832666378508,0.0141280586328533,0.0126308225832032));
#10665=CARTESIAN_POINT('',(-0.000954937632679431,0.0189706075701758,0.0167260990046839));
#10666=CARTESIAN_POINT('',(-0.000953305810701257,0.0189381901082255,0.0166975170166766));
#10667=CARTESIAN_POINT('',(-0.0009212237887055,0.0183008548221173,0.0161355880929355));
#10668=CARTESIAN_POINT('',(-0.000858691566692165,0.0170586017118512,0.0150403122334605));
#10669=CARTESIAN_POINT('',(-0.000780680123815364,0.0155088413734232,0.0136739118818538));
#10670=CARTESIAN_POINT('',(-0.000733118880956146,0.014563998859153,0.012840858465981));
#10671=CARTESIAN_POINT('',(-0.000716007838114509,0.0142240741690407,0.012541151985842));
#10672=CARTESIAN_POINT('',(-0.000877530559969742,0.0190911410314829,0.0166135306859868));
#10673=CARTESIAN_POINT('',(-0.00087603101318755,0.019058517598855,0.0165851410576166));
#10674=CARTESIAN_POINT('',(-0.000846549554123147,0.0184171328784963,0.016026993971718));
#10675=CARTESIAN_POINT('',(-0.000789086182776529,0.0171669868704068,0.0149390894282908));
#10676=CARTESIAN_POINT('',(-0.000717398333424896,0.0156073798269063,0.013581885087673));
#10677=CARTESIAN_POINT('',(-0.000673692396355479,0.0146565340711367,0.0127544382045837));
#10678=CARTESIAN_POINT('',(-0.000657968371568274,0.0143144496030978,0.0124567487790228));
#10679=CARTESIAN_POINT('',(-0.00077050479812016,0.0192059979061347,0.0165062638313711));
#10680=CARTESIAN_POINT('',(-0.00076918813971145,0.0191731782031264,0.0164780575033599));
#10681=CARTESIAN_POINT('',(-0.000743302311113652,0.0185279347587496,0.0159235141476646));
#10682=CARTESIAN_POINT('',(-0.000692847312326769,0.0172702675730045,0.0148426337642851));
#10683=CARTESIAN_POINT('',(-0.000629902687476038,0.0157012775601777,0.0134941923436895));
#10684=CARTESIAN_POINT('',(-0.000591527232814395,0.0147447112887195,0.0126720879507782));
#10685=CARTESIAN_POINT('',(-0.00057772094834184,0.0144005687586297,0.0123763205855509));
#10686=CARTESIAN_POINT('',(-0.000618056259985652,0.0193109417684171,0.0164082549132946));
#10687=CARTESIAN_POINT('',(-0.000617000109558359,0.0192779427346389,0.0163802160654425));
#10688=CARTESIAN_POINT('',(-0.000596235932036275,0.0186291736031566,0.0158289654109225));
#10689=CARTESIAN_POINT('',(-0.000555763727419397,0.0173646343739704,0.0147545029497347));
#10690=CARTESIAN_POINT('',(-0.00050527303674965,0.01578707121266,0.0134140681432386));
#10691=CARTESIAN_POINT('',(-0.000474490373174692,0.0148252781490535,0.0125968451434104));
#10692=CARTESIAN_POINT('',(-0.000463415736694525,0.0144792551831509,0.01230283395025));
#10693=CARTESIAN_POINT('',(-0.000429312822810767,0.0193816424283909,0.0163422263239077));
#10694=CARTESIAN_POINT('',(-0.000428579202021513,0.0193485225795071,0.0163143003074067));
#10695=CARTESIAN_POINT('',(-0.000414156036619779,0.0186973781932954,0.0157652679450396));
#10696=CARTESIAN_POINT('',(-0.000386043326605566,0.0174282092697557,0.0146951292368065));
#10697=CARTESIAN_POINT('',(-0.000350971598770307,0.0158448703799493,0.0133600884846998));
#10698=CARTESIAN_POINT('',(-0.000329589415547528,0.0148795560274709,0.0125461540784593));
#10699=CARTESIAN_POINT('',(-0.000321896776937227,0.0145322662123205,0.0122533260180848));
#10700=CARTESIAN_POINT('',(-0.000136334721648332,0.0194021438966403,0.0163230796422591));
#10701=CARTESIAN_POINT('',(-0.000136101749370812,0.0193689890143205,0.0162951863440999));
#10702=CARTESIAN_POINT('',(-0.000131521457015558,0.0187171558621278,0.0157467972323921));
#10703=CARTESIAN_POINT('',(-0.000122593844582568,0.0174466444400623,0.0146779123071356));
#10704=CARTESIAN_POINT('',(-0.000111456291735109,0.0158616307297603,0.013344435699336));
#10705=CARTESIAN_POINT('',(-0.000104666058965387,0.0148952952893312,0.0125314549050851));
#10706=CARTESIAN_POINT('',(-0.000102223146273402,0.014547638118775,0.0122389699243828));
#10707=CARTESIAN_POINT('',(0.000136334721648332,0.0194021438966403,0.0163230796422591));
#10708=CARTESIAN_POINT('',(0.000136101749370813,0.0193689890143205,0.0162951863440999));
#10709=CARTESIAN_POINT('',(0.000131521457015558,0.0187171558621278,0.0157467972323921));
#10710=CARTESIAN_POINT('',(0.000122593844582568,0.0174466444400623,0.0146779123071356));
#10711=CARTESIAN_POINT('',(0.000111456291735108,0.0158616307297603,0.013344435699336));
#10712=CARTESIAN_POINT('',(0.000104666058965387,0.0148952952893312,0.0125314549050851));
#10713=CARTESIAN_POINT('',(0.000102223146273402,0.014547638118775,0.0122389699243828));
#10714=CARTESIAN_POINT('',(0.000429312822810767,0.0193816424283909,0.0163422263239077));
#10715=CARTESIAN_POINT('',(0.000428579202021513,0.0193485225795071,0.0163143003074067));
#10716=CARTESIAN_POINT('',(0.00041415603661978,0.0186973781932954,0.0157652679450396));
#10717=CARTESIAN_POINT('',(0.000386043326605567,0.0174282092697557,0.0146951292368065));
#10718=CARTESIAN_POINT('',(0.000350971598770308,0.0158448703799493,0.0133600884846998));
#10719=CARTESIAN_POINT('',(0.000329589415547528,0.0148795560274709,0.0125461540784593));
#10720=CARTESIAN_POINT('',(0.000321896776937227,0.0145322662123205,0.0122533260180848));
#10721=CARTESIAN_POINT('',(0.000618056259985653,0.0193109417684171,0.0164082549132946));
#10722=CARTESIAN_POINT('',(0.00061700010955836,0.0192779427346389,0.0163802160654425));
#10723=CARTESIAN_POINT('',(0.000596235932036276,0.0186291736031566,0.0158289654109225));
#10724=CARTESIAN_POINT('',(0.000555763727419396,0.0173646343739704,0.0147545029497347));
#10725=CARTESIAN_POINT('',(0.00050527303674965,0.01578707121266,0.0134140681432386));
#10726=CARTESIAN_POINT('',(0.000474490373174692,0.0148252781490535,0.0125968451434104));
#10727=CARTESIAN_POINT('',(0.000463415736694525,0.0144792551831509,0.01230283395025));
#10728=CARTESIAN_POINT('',(0.00077050479812016,0.0192059979061347,0.0165062638313711));
#10729=CARTESIAN_POINT('',(0.00076918813971145,0.0191731782031264,0.0164780575033599));
#10730=CARTESIAN_POINT('',(0.000743302311113651,0.0185279347587496,0.0159235141476646));
#10731=CARTESIAN_POINT('',(0.000692847312326769,0.0172702675730045,0.0148426337642851));
#10732=CARTESIAN_POINT('',(0.000629902687476038,0.0157012775601777,0.0134941923436895));
#10733=CARTESIAN_POINT('',(0.000591527232814395,0.0147447112887195,0.0126720879507782));
#10734=CARTESIAN_POINT('',(0.00057772094834184,0.0144005687586297,0.0123763205855509));
#10735=CARTESIAN_POINT('',(0.000877530559969742,0.0190911410314829,0.0166135306859868));
#10736=CARTESIAN_POINT('',(0.00087603101318755,0.019058517598855,0.0165851410576166));
#10737=CARTESIAN_POINT('',(0.000846549554123148,0.0184171328784963,0.016026993971718));
#10738=CARTESIAN_POINT('',(0.00078908618277653,0.0171669868704068,0.0149390894282908));
#10739=CARTESIAN_POINT('',(0.000717398333424897,0.0156073798269063,0.013581885087673));
#10740=CARTESIAN_POINT('',(0.00067369239635548,0.0146565340711367,0.0127544382045837));
#10741=CARTESIAN_POINT('',(0.000657968371568275,0.0143144496030978,0.0124567487790228));
#10742=CARTESIAN_POINT('',(0.000954937632679431,0.0189706075701758,0.0167260990046839));
#10743=CARTESIAN_POINT('',(0.000953305810701257,0.0189381901082255,0.0166975170166766));
#10744=CARTESIAN_POINT('',(0.0009212237887055,0.0183008548221173,0.0161355880929355));
#10745=CARTESIAN_POINT('',(0.000858691566692164,0.0170586017118512,0.0150403122334605));
#10746=CARTESIAN_POINT('',(0.000780680123815364,0.0155088413734232,0.0136739118818538));
#10747=CARTESIAN_POINT('',(0.000733118880956146,0.014563998859153,0.012840858465981));
#10748=CARTESIAN_POINT('',(0.000716007838114509,0.0142240741690407,0.012541151985842));
#10749=CARTESIAN_POINT('',(0.00101205298525716,0.0188425519205775,0.016845692427279));
#10750=CARTESIAN_POINT('',(0.00101032356309606,0.0188103532834135,0.0168169060749564));
#10751=CARTESIAN_POINT('',(0.000976322697465931,0.0181773201464997,0.0162509592984436));
#10752=CARTESIAN_POINT('',(0.000910050388366759,0.016943452509836,0.0151478520977405));
#10753=CARTESIAN_POINT('',(0.000827373037568302,0.0154041533844252,0.0137716818353712));
#10754=CARTESIAN_POINT('',(0.000776967130238886,0.0144656887587643,0.0129326719971921));
#10755=CARTESIAN_POINT('',(0.000758832666378508,0.0141280586328533,0.0126308225832032));
#10756=CARTESIAN_POINT('',(0.00104536022759019,0.018729651368649,0.016951132237708));
#10757=CARTESIAN_POINT('',(0.00104357388915706,0.0186976456588509,0.0169221657071265));
#10758=CARTESIAN_POINT('',(0.00100845403560083,0.0180684055214653,0.0163526765816668));
#10759=CARTESIAN_POINT('',(0.000940000666921488,0.0168419309564924,0.015242664861329));
#10760=CARTESIAN_POINT('',(0.000854602357241816,0.0153118549831034,0.0138578809351279));
#10761=CARTESIAN_POINT('',(0.000802537562685254,0.0143790134373018,0.0130136196038049));
#10762=CARTESIAN_POINT('',(0.000783806283251801,0.0140434063190876,0.0127098808673601));
#10763=CARTESIAN_POINT('',(0.00106413594757263,0.0186408231763174,0.0170340904482766));
#10764=CARTESIAN_POINT('',(0.00106231752470648,0.0186089692584181,0.017004982156572));
#10765=CARTESIAN_POINT('',(0.00102656688329474,0.0179827133871486,0.0164327059725181));
#10766=CARTESIAN_POINT('',(0.000956884023337407,0.0167620555625091,0.0153172618961147));
#10767=CARTESIAN_POINT('',(0.000869951874214449,0.0152392362048559,0.0139257008888944));
#10768=CARTESIAN_POINT('',(0.000816951943637081,0.0143108188005727,0.0130773077740235));
#10769=CARTESIAN_POINT('',(0.000797884231605302,0.0139768033496596,0.0127720825515019));
#10770=CARTESIAN_POINT('',(0.00107186423172283,0.0185866339021621,0.0170846987641495));
#10771=CARTESIAN_POINT('',(0.00107003260256603,0.0185548725842876,0.0170555039916536));
#10772=CARTESIAN_POINT('',(0.0010340223222275,0.017930437252314,0.0164815275739431));
#10773=CARTESIAN_POINT('',(0.000963833390707253,0.0167133279062414,0.015362769511018));
#10774=CARTESIAN_POINT('',(0.000876269897110177,0.0151949354172344,0.013967074173337));
#10775=CARTESIAN_POINT('',(0.000822885054694827,0.0142692169423266,0.0131161604808707));
#10776=CARTESIAN_POINT('',(0.000803678863461201,0.0139361724815178,0.012810028433619));
#10777=CARTESIAN_POINT('',(0.00108109680088606,0.0185413863907068,0.0171269562106255));
#10778=CARTESIAN_POINT('',(0.0010792493948777,0.0185097023929433,0.0170976892275186));
#10779=CARTESIAN_POINT('',(0.00104292893775188,0.0178867871933931,0.0165222931314114));
#10780=CARTESIAN_POINT('',(0.000972135429508589,0.0166726407920564,0.0154007679223037));
#10781=CARTESIAN_POINT('',(0.000883817702318413,0.0151579446948706,0.0140016204593121));
#10782=CARTESIAN_POINT('',(0.000829973026245702,0.0142344797994715,0.0131486021093208));
#10783=CARTESIAN_POINT('',(0.000810601401290456,0.0139022461058589,0.01284171287233));
#10784=CARTESIAN_POINT('',(0.00109273824272295,0.0184950414607136,0.0171702385555685));
#10785=CARTESIAN_POINT('',(0.00109087094351948,0.018463436658358,0.0171408976104778));
#10786=CARTESIAN_POINT('',(0.00105415938127821,0.0178420784600323,0.0165640474035523));
#10787=CARTESIAN_POINT('',(0.000982603555999146,0.0166309668657368,0.0154396879347918));
#10788=CARTESIAN_POINT('',(0.000893334807879659,0.0151200568114663,0.0140370046197565));
#10789=CARTESIAN_POINT('',(0.000838910322797974,0.0141989001531659,0.0131818305665561));
#10790=CARTESIAN_POINT('',(0.000819330100754088,0.0138674968908354,0.0128741657751905));
#10791=CARTESIAN_POINT('',(0.0011103065936781,0.0184357429129587,0.0172256185118858));
#10792=CARTESIAN_POINT('',(0.00110840927322483,0.018404239441486,0.0171961829321019));
#10793=CARTESIAN_POINT('',(0.0010711074858186,0.0177848734332765,0.0166174721838008));
#10794=CARTESIAN_POINT('',(0.000998401231459414,0.0165776448883303,0.0154894862669823));
#10795=CARTESIAN_POINT('',(0.000907697277144179,0.0150715790931116,0.0140822788132484));
#10796=CARTESIAN_POINT('',(0.000852397789781907,0.0141533758346296,0.0132243465280318));
#10797=CARTESIAN_POINT('',(0.000832502769372595,0.0138230351128843,0.0129156894113324));
#10798=CARTESIAN_POINT('',(0.00113501971021257,0.0183636985897636,0.0172929019719789));
#10799=CARTESIAN_POINT('',(0.00113308015935039,0.0183323182294826,0.0172633514164886));
#10800=CARTESIAN_POINT('',(0.00109494811170401,0.017715372617624,0.0166823802174807));
#10801=CARTESIAN_POINT('',(0.00102062356727342,0.0165128617541878,0.0155499883749554));
#10802=CARTESIAN_POINT('',(0.000927900731501575,0.0150126814549545,0.0141372843530436));
#10803=CARTESIAN_POINT('',(0.000871370392513938,0.0140980664072989,0.0132760009746494));
#10804=CARTESIAN_POINT('',(0.000851032550310511,0.0137690166112209,0.0129661382397727));
#10805=CARTESIAN_POINT('',(0.00116801656150878,0.0182791444337082,0.0173718685849243));
#10806=CARTESIAN_POINT('',(0.00116602062477876,0.018247908561743,0.0173421830892556));
#10807=CARTESIAN_POINT('',(0.00112678001708317,0.0176338036257584,0.0167585589331051));
#10808=CARTESIAN_POINT('',(0.001050294738422,0.0164368296257546,0.0156209961164727));
#10809=CARTESIAN_POINT('',(0.000954876300453823,0.014943556784652,0.0142018410979679));
#10810=CARTESIAN_POINT('',(0.000896702533451223,0.0140331530075687,0.0133366247399449));
#10811=CARTESIAN_POINT('',(0.000875773437414199,0.0137056182945047,0.0130253470424037));
#10812=CARTESIAN_POINT('',(0.00121044369189366,0.0181823537215443,0.0174622631327589));
#10813=CARTESIAN_POINT('',(0.00120837525459243,0.0181512832480365,0.0174324231685628));
#10814=CARTESIAN_POINT('',(0.00116770926781066,0.0175404300864615,0.0168457621231195));
#10815=CARTESIAN_POINT('',(0.00108844573154835,0.0163497942368192,0.015702279996429));
#10816=CARTESIAN_POINT('',(0.000989561306331179,0.014864428491274,0.014275740402363));
#10817=CARTESIAN_POINT('',(0.000929274430594565,0.0139588454337961,0.0134060218895442));
#10818=CARTESIAN_POINT('',(0.000907585104338498,0.0136330450643854,0.0130931244579725));
#10819=CARTESIAN_POINT('',(0.0012634236954613,0.0180736300988038,0.0175638020355817));
#10820=CARTESIAN_POINT('',(0.00126126472456786,0.0180427454150179,0.0175337885590979));
#10821=CARTESIAN_POINT('',(0.00121881882506548,0.0174355449251324,0.0169437162193435));
#10822=CARTESIAN_POINT('',(0.00113608599695416,0.0162520286291475,0.0157935850163187));
#10823=CARTESIAN_POINT('',(0.00103287349168183,0.0147755448109602,0.0143587504341338));
#10824=CARTESIAN_POINT('',(0.000969947915018443,0.0138753767988724,0.0134839747152194));
#10825=CARTESIAN_POINT('',(0.000947309266963996,0.0135515245928841,0.0131692578595755));
#10826=CARTESIAN_POINT('',(0.00132806199567109,0.017953304957425,0.0176761758006352));
#10827=CARTESIAN_POINT('',(0.00132579256918841,0.0179226258883342,0.0176459702969725));
#10828=CARTESIAN_POINT('',(0.00128117508559705,0.0173194678339967,0.0170521226555871));
#10829=CARTESIAN_POINT('',(0.00119420954489701,0.0161438307944124,0.015894632876479));
#10830=CARTESIAN_POINT('',(0.00108571656172549,0.0146771766630781,0.0144506181769196));
#10831=CARTESIAN_POINT('',(0.00101957163566264,0.0137830015169904,0.0135702456150829));
#10832=CARTESIAN_POINT('',(0.00099577476670847,0.0134613053561495,0.013253515190969));
#10833=CARTESIAN_POINT('',(0.00140544511177325,0.0178217339670244,0.0177990522618112));
#10834=CARTESIAN_POINT('',(0.00140304345103225,0.0177912797298247,0.0177686367836925));
#10835=CARTESIAN_POINT('',(0.00135582620935415,0.0171925419258403,0.0171706609927869));
#10836=CARTESIAN_POINT('',(0.00126379338673895,0.0160255205550711,0.0160051248890943));
#10837=CARTESIAN_POINT('',(0.00114897876712244,0.0145696148144699,0.0145510720784543));
#10838=CARTESIAN_POINT('',(0.00107897972844304,0.0136819926406535,0.0136645795806012));
#10839=CARTESIAN_POINT('',(0.00105379627070073,0.0133626540336218,0.013345647395535));
#10840=CARTESIAN_POINT('',(0.00149664006782422,0.0176792943389215,0.0179320791348265));
#10841=CARTESIAN_POINT('',(0.0014940825707977,0.0176490835062204,0.017901436336967));
#10842=CARTESIAN_POINT('',(0.00144380154936498,0.0170551310946275,0.0172989913839716));
#10843=CARTESIAN_POINT('',(0.00134579700352606,0.0158974371041429,0.0161247442758402));
#10844=CARTESIAN_POINT('',(0.00122353242083221,0.0144531676427404,0.014659824139471));
#10845=CARTESIAN_POINT('',(0.00114899136254457,0.0135726397602296,0.0137667061582379));
#10846=CARTESIAN_POINT('',(0.00112217382866312,0.0132558534566107,0.0134453903321408));
#10847=CARTESIAN_POINT('',(0.00160269730558034,0.0175263819768523,0.0180748866782213));
#10848=CARTESIAN_POINT('',(0.0015999585752192,0.0174964324447269,0.0180439998471601));
#10849=CARTESIAN_POINT('',(0.00154611446179172,0.0169076172668082,0.0174367571413151));
#10850=CARTESIAN_POINT('',(0.00144116496529787,0.0157599364430962,0.0162531585606862));
#10851=CARTESIAN_POINT('',(0.0013102362794608,0.0143281588069088,0.0147765720891213));
#10852=CARTESIAN_POINT('',(0.00123041297669009,0.0134552468165146,0.0138763414923402));
#10853=CARTESIAN_POINT('',(0.00120169505698573,0.0131412004719137,0.0135524667703429));
#10854=CARTESIAN_POINT('',(0.00172464721118283,0.0173634068559882,0.018227092008975));
#10855=CARTESIAN_POINT('',(0.00172170008968768,0.0173337358199394,0.0181959450855314));
#10856=CARTESIAN_POINT('',(0.00166375895524014,0.0167503959434785,0.0175835888993899));
#10857=CARTESIAN_POINT('',(0.00155082380784024,0.0156133872266055,0.0163900234505504));
#10858=CARTESIAN_POINT('',(0.00140993270375806,0.0141949234696668,0.0149010029130744));
#10859=CARTESIAN_POINT('',(0.00132403561262826,0.0133301285531403,0.0139931916382965));
#10860=CARTESIAN_POINT('',(0.00129313253445084,0.0130190024770259,0.0136665896262165));
#10861=CARTESIAN_POINT('',(0.00186350580424673,0.0171907904640905,0.0183883014922568));
#10862=CARTESIAN_POINT('',(0.00186032139761769,0.0171614143993702,0.0183568790899035));
#10863=CARTESIAN_POINT('',(0.00179771517899657,0.0165838737318756,0.0177391069205484));
#10864=CARTESIAN_POINT('',(0.00167568714838337,0.0154581684616067,0.0165349849841916));
#10865=CARTESIAN_POINT('',(0.00152345230955868,0.0140538062054733,0.0150327948071854));
#10866=CARTESIAN_POINT('',(0.00143063928272608,0.0131976085521141,0.014116954397181));
#10867=CARTESIAN_POINT('',(0.00139724806788555,0.0128895755015291,0.0137874637541784));
#10868=CARTESIAN_POINT('',(0.00202027476877065,0.0170089628433864,0.01855811350407));
#10869=CARTESIAN_POINT('',(0.0020168224713045,0.0169798974903791,0.018526400922585));
#10870=CARTESIAN_POINT('',(0.00194894945284642,0.0164084654916889,0.0179029237600328));
#10871=CARTESIAN_POINT('',(0.0018166557133964,0.0152946668473158,0.0166876820164133));
#10872=CARTESIAN_POINT('',(0.00165161399305161,0.013905158582229,0.0151716194360103));
#10873=CARTESIAN_POINT('',(0.00155099299369875,0.0130580169628251,0.0142473214366745));
#10874=CARTESIAN_POINT('',(0.00151479271533784,0.0127532419891042,0.0139147880184061));
#10875=CARTESIAN_POINT('',(0.0021959459586183,0.0168183602295397,0.0187361206362583));
#10876=CARTESIAN_POINT('',(0.00219219346970643,0.0167896205831793,0.0187041038716093));
#10877=CARTESIAN_POINT('',(0.00211841861349074,0.0162245920573868,0.018074646393134));
#10878=CARTESIAN_POINT('',(0.00197462138997121,0.0151232746521622,0.0168477482008323));
#10879=CARTESIAN_POINT('',(0.0017952286140989,0.0137493372310901,0.0153171437354421));
#10880=CARTESIAN_POINT('',(0.00168585820553042,0.0129116886894503,0.0143839799838782));
#10881=CARTESIAN_POINT('',(0.00164651016426578,0.0126103290272426,0.0140482569461407));
#10882=CARTESIAN_POINT('',(0.00246495805375308,0.0165446999395586,0.0189916967924831));
#10883=CARTESIAN_POINT('',(0.00246074587005674,0.0165164279309376,0.0189592432927275));
#10884=CARTESIAN_POINT('',(0.0023779333011592,0.0159605932782757,0.0183211994944916));
#10885=CARTESIAN_POINT('',(0.00221652034706045,0.014877195981573,0.0170775653977754));
#10886=CARTESIAN_POINT('',(0.00201515124417515,0.0135256146111466,0.0155260822236301));
#10887=CARTESIAN_POINT('',(0.00189238252649106,0.0127015958847609,0.0145801893479651));
#10888=CARTESIAN_POINT('',(0.00184821419400817,0.0124051398024161,0.0142398867707803));
#10889=CARTESIAN_POINT('',(0.00268605280719976,0.0163403959658174,0.01918249986557));
#10890=CARTESIAN_POINT('',(0.00268146281110439,0.0163124730770794,0.0191497203166175));
#10891=CARTESIAN_POINT('',(0.00259122235738957,0.0157635022073025,0.0185052663108684));
#10892=CARTESIAN_POINT('',(0.00241533144605531,0.0146934833564867,0.0172491378483227));
#10893=CARTESIAN_POINT('',(0.00219590051364459,0.0133585921312923,0.0156820674541041));
#10894=CARTESIAN_POINT('',(0.00206212003885331,0.0125447488871368,0.0147266715166821));
#10895=CARTESIAN_POINT('',(0.00201399002168148,0.0122519536240201,0.0143829500360568));
#10896=CARTESIAN_POINT('',(0.00284295961518723,0.0162032924436954,0.0193105432553919));
#10897=CARTESIAN_POINT('',(0.00283810149270429,0.0161756038409809,0.0192775449026029));
#10898=CARTESIAN_POINT('',(0.00274258960817256,0.0156312390921295,0.0186287891595381));
#10899=CARTESIAN_POINT('',(0.00255642396159204,0.0145701981971411,0.0173642760261975));
#10900=CARTESIAN_POINT('',(0.00232417488685515,0.0132465073301882,0.015786745420496));
#10901=CARTESIAN_POINT('',(0.00218257957416706,0.0124394926093721,0.0148249722050702));
#10902=CARTESIAN_POINT('',(0.00213163802352776,0.012149154034693,0.0144789563799203));
#10903=CARTESIAN_POINT('',(-0.00233283005101685,0.0162601991330675,0.0184966674442385));
#10904=CARTESIAN_POINT('',(-0.00210360049212245,0.0164276359685179,0.0182332717070869));
#10905=CARTESIAN_POINT('',(-0.0017838664145839,0.0166824897374267,0.0178240074505618));
#10906=CARTESIAN_POINT('',(-0.00142187353728088,0.0170343674512746,0.0172442237002747));
#10907=CARTESIAN_POINT('',(-0.00118930514673389,0.0173083120201017,0.0167860385164442));
#10908=CARTESIAN_POINT('',(-0.00101594436137853,0.0175905396550915,0.0163074231880129));
#10909=CARTESIAN_POINT('',(-0.000955526906932639,0.0178821288355277,0.0158051034326976));
#10910=CARTESIAN_POINT('',(-0.000689382575253235,0.0181052514119238,0.0154335814623341));
#10911=CARTESIAN_POINT('',(-0.000323957987666342,0.0181871667347271,0.0153030362435627));
#10912=CARTESIAN_POINT('',(5.98642781152346E-5,0.0181886705285514,0.0153051975693536));
#10913=CARTESIAN_POINT('',(0.000568372446109564,0.0181804520475893,0.0153095280874108));
#10914=CARTESIAN_POINT('',(0.000940854049217595,0.0179108469211867,0.0157562669596165));
#10915=CARTESIAN_POINT('',(0.00100978042386054,0.0176170186504147,0.0162618171255557));
#10916=CARTESIAN_POINT('',(0.00117145027508158,0.0173300980892767,0.0167494476169964));
#10917=CARTESIAN_POINT('',(0.00140361541689576,0.0170539831457723,0.0172116449858805));
#10918=CARTESIAN_POINT('',(0.00177264480768989,0.0166910610810666,0.0178102629451146));
#10919=CARTESIAN_POINT('',(0.00209908933376586,0.0164309310674711,0.0182280881701702));
#10920=CARTESIAN_POINT('',(0.00233283005100555,0.0162601991330757,0.0184966674442256));
#10921=CARTESIAN_POINT('',(0.,0.0151621538593971,0.));
#10922=MECHANICAL_DESIGN_GEOMETRIC_PRESENTATION_REPRESENTATION('',(#1305),
#10923);
#10923=(
GEOMETRIC_REPRESENTATION_CONTEXT(3)
GLOBAL_UNCERTAINTY_ASSIGNED_CONTEXT((#10924))
GLOBAL_UNIT_ASSIGNED_CONTEXT((#10927,#10926,#10925))
REPRESENTATION_CONTEXT('KP0088-01_InnerFrontDifferentialGear',
'TOP_LEVEL_ASSEMBLY_PART')
);
#10924=UNCERTAINTY_MEASURE_WITH_UNIT(LENGTH_MEASURE(2.E-5),#10927,
'DISTANCE_ACCURACY_VALUE','Maximum Tolerance applied to model');
#10925=(
NAMED_UNIT(*)
SI_UNIT($,.STERADIAN.)
SOLID_ANGLE_UNIT()
);
#10926=(
NAMED_UNIT(*)
PLANE_ANGLE_UNIT()
SI_UNIT($,.RADIAN.)
);
#10927=(
LENGTH_UNIT()
NAMED_UNIT(*)
SI_UNIT($,.METRE.)
);
#10928=PRODUCT_DEFINITION_SHAPE('','',#10929);
#10929=PRODUCT_DEFINITION('','',#10931,#10930);
#10930=PRODUCT_DEFINITION_CONTEXT('',#10937,'design');
#10931=PRODUCT_DEFINITION_FORMATION_WITH_SPECIFIED_SOURCE('','',#10933,
 .NOT_KNOWN.);
#10932=PRODUCT_RELATED_PRODUCT_CATEGORY('','',(#10933));
#10933=PRODUCT('KP0088-01_InnerFrontDifferentialGear',
'KP0088-01_InnerFrontDifferentialGear',
'KP0088-01_InnerFrontDifferentialGear',(#10935));
#10934=PRODUCT_CATEGORY('','');
#10935=PRODUCT_CONTEXT('',#10937,'mechanical');
#10936=APPLICATION_PROTOCOL_DEFINITION('international standard',
'automotive_design',2010,#10937);
#10937=APPLICATION_CONTEXT(
'core data for automotive mechanical design processes');
ENDSEC;
END-ISO-10303-21;
