ISO-10303-21;
HEADER;
/* Generated by software containing ST-Developer
 * from STEP Tools, Inc. (www.steptools.com) 
 */
/* OPTION: using custom renumber hook */

FILE_DESCRIPTION(
/* description */ ('STEP AP214',
'CAx-IF Rec.Pracs.---User Defined Attributes---1.5---2016-08-15'),
/* implementation_level */ '2;1');

FILE_NAME(
/* name */ '6a65b5a78ce625604a8754a0',
/* time_stamp */ '2026-07-26T07:22:16Z',
/* author */ (''),
/* organization */ (''),
/* preprocessor_version */ 'ST-DEVELOPER v20',
/* originating_system */ 'ONSHAPE BY PTC INC, 1.218',
/* authorisation */ '  ');

FILE_SCHEMA (('AUTOMOTIVE_DESIGN {1 0 10303 214 3 1 1}'));
ENDSEC;

DATA;
#10=PROPERTY_DEFINITION_REPRESENTATION(#14,#12);
#11=PROPERTY_DEFINITION_REPRESENTATION(#15,#13);
#12=REPRESENTATION('',(#16),#2513);
#13=REPRESENTATION('',(#17),#2513);
#14=PROPERTY_DEFINITION('pmi validation property','',#2518);
#15=PROPERTY_DEFINITION('pmi validation property','',#2518);
#16=VALUE_REPRESENTATION_ITEM('number of annotations',COUNT_MEASURE(0.));
#17=VALUE_REPRESENTATION_ITEM('number of views',COUNT_MEASURE(0.));
#18=SHAPE_REPRESENTATION_RELATIONSHIP('','',#1495,#19);
#19=ADVANCED_BREP_SHAPE_REPRESENTATION('',(#1493),#2513);
#20=TOROIDAL_SURFACE('',#1560,0.00460653026169267,0.0005715);
#21=TOROIDAL_SURFACE('',#1584,0.001143,0.0005715);
#22=TOROIDAL_SURFACE('',#1586,0.001143,0.0005715);
#23=TOROIDAL_SURFACE('',#1598,0.001143,0.0005715);
#24=TOROIDAL_SURFACE('',#1600,0.001143,0.0005715);
#25=TOROIDAL_SURFACE('',#1606,0.00460653026169267,0.0005715);
#26=SPHERICAL_SURFACE('',#1557,0.0005715);
#27=SPHERICAL_SURFACE('',#1563,0.0005715);
#28=SPHERICAL_SURFACE('',#1582,0.0005715);
#29=SPHERICAL_SURFACE('',#1588,0.0005715);
#30=CIRCLE('',#1503,0.00517803026169267);
#31=CIRCLE('',#1504,0.00517803026169267);
#32=CIRCLE('',#1509,0.0005715);
#33=CIRCLE('',#1510,0.0005715);
#34=CIRCLE('',#1515,0.0005715);
#35=CIRCLE('',#1516,0.0005715);
#36=CIRCLE('',#1519,0.001143);
#37=CIRCLE('',#1520,0.001143);
#38=CIRCLE('',#1521,0.00460653026169267);
#39=CIRCLE('',#1522,0.001143);
#40=CIRCLE('',#1523,0.001143);
#41=CIRCLE('',#1524,0.00238125);
#42=CIRCLE('',#1526,0.001143);
#43=CIRCLE('',#1527,0.001143);
#44=CIRCLE('',#1528,0.00460653026169267);
#45=CIRCLE('',#1529,0.001143);
#46=CIRCLE('',#1530,0.001143);
#47=CIRCLE('',#1531,0.00238125);
#48=CIRCLE('',#1535,0.00398677026169267);
#49=CIRCLE('',#1536,0.00398677026169267);
#50=CIRCLE('',#1540,0.001143);
#51=CIRCLE('',#1541,0.00238125);
#52=CIRCLE('',#1542,0.001143);
#53=CIRCLE('',#1544,0.001143);
#54=CIRCLE('',#1545,0.00238125);
#55=CIRCLE('',#1546,0.001143);
#56=CIRCLE('',#1554,0.0005715);
#57=CIRCLE('',#1556,0.0005715);
#58=CIRCLE('',#1558,0.0005715);
#59=CIRCLE('',#1559,0.0005715);
#60=CIRCLE('',#1561,0.0005715);
#61=CIRCLE('',#1562,0.0005715);
#62=CIRCLE('',#1564,0.0005715);
#63=CIRCLE('',#1565,0.0005715);
#64=CIRCLE('',#1567,0.0005715);
#65=CIRCLE('',#1569,0.0005715);
#66=CIRCLE('',#1571,0.0005715);
#67=CIRCLE('',#1573,0.0005715);
#68=CIRCLE('',#1575,0.0005715);
#69=CIRCLE('',#1577,0.0005715);
#70=CIRCLE('',#1579,0.0005715);
#71=CIRCLE('',#1581,0.0005715);
#72=CIRCLE('',#1583,0.0005715);
#73=CIRCLE('',#1585,0.0005715);
#74=CIRCLE('',#1587,0.0005715);
#75=CIRCLE('',#1589,0.0005715);
#76=CIRCLE('',#1591,0.0005715);
#77=CIRCLE('',#1593,0.0005715);
#78=CIRCLE('',#1595,0.0005715);
#79=CIRCLE('',#1597,0.0005715);
#80=CIRCLE('',#1599,0.0005715);
#81=CIRCLE('',#1601,0.0005715);
#82=CIRCLE('',#1603,0.0005715);
#83=CIRCLE('',#1605,0.0005715);
#84=CIRCLE('',#1615,0.000381);
#85=CIRCLE('',#1617,0.000381);
#86=CIRCLE('',#1622,0.000381);
#87=CIRCLE('',#1624,0.000381);
#88=CIRCLE('',#1629,0.000381);
#89=CIRCLE('',#1631,0.000381);
#90=CIRCLE('',#1636,0.000381);
#91=CIRCLE('',#1638,0.000381);
#92=CYLINDRICAL_SURFACE('',#1502,0.00517803026169267);
#93=CYLINDRICAL_SURFACE('',#1534,0.00398677026169267);
#94=CYLINDRICAL_SURFACE('',#1549,0.00238125);
#95=CYLINDRICAL_SURFACE('',#1550,0.00238125);
#96=CYLINDRICAL_SURFACE('',#1553,0.0005715);
#97=CYLINDRICAL_SURFACE('',#1555,0.0005715);
#98=CYLINDRICAL_SURFACE('',#1566,0.0005715);
#99=CYLINDRICAL_SURFACE('',#1568,0.0005715);
#100=CYLINDRICAL_SURFACE('',#1570,0.0005715);
#101=CYLINDRICAL_SURFACE('',#1572,0.0005715);
#102=CYLINDRICAL_SURFACE('',#1574,0.0005715);
#103=CYLINDRICAL_SURFACE('',#1576,0.0005715);
#104=CYLINDRICAL_SURFACE('',#1578,0.0005715);
#105=CYLINDRICAL_SURFACE('',#1580,0.0005715);
#106=CYLINDRICAL_SURFACE('',#1590,0.0005715);
#107=CYLINDRICAL_SURFACE('',#1592,0.0005715);
#108=CYLINDRICAL_SURFACE('',#1594,0.0005715);
#109=CYLINDRICAL_SURFACE('',#1596,0.0005715);
#110=CYLINDRICAL_SURFACE('',#1602,0.0005715);
#111=CYLINDRICAL_SURFACE('',#1604,0.0005715);
#112=CYLINDRICAL_SURFACE('',#1607,0.001143);
#113=CYLINDRICAL_SURFACE('',#1608,0.001143);
#114=CYLINDRICAL_SURFACE('',#1609,0.001143);
#115=CYLINDRICAL_SURFACE('',#1610,0.001143);
#116=CYLINDRICAL_SURFACE('',#1639,0.000381);
#117=CYLINDRICAL_SURFACE('',#1640,0.000381);
#118=CYLINDRICAL_SURFACE('',#1641,0.000381);
#119=CYLINDRICAL_SURFACE('',#1642,0.000381);
#120=ORIENTED_EDGE('',*,*,#540,.F.);
#121=ORIENTED_EDGE('',*,*,#541,.T.);
#122=ORIENTED_EDGE('',*,*,#542,.T.);
#123=ORIENTED_EDGE('',*,*,#543,.F.);
#124=ORIENTED_EDGE('',*,*,#544,.T.);
#125=ORIENTED_EDGE('',*,*,#545,.T.);
#126=ORIENTED_EDGE('',*,*,#546,.T.);
#127=ORIENTED_EDGE('',*,*,#547,.T.);
#128=ORIENTED_EDGE('',*,*,#548,.F.);
#129=ORIENTED_EDGE('',*,*,#549,.F.);
#130=ORIENTED_EDGE('',*,*,#550,.T.);
#131=ORIENTED_EDGE('',*,*,#551,.T.);
#132=ORIENTED_EDGE('',*,*,#552,.F.);
#133=ORIENTED_EDGE('',*,*,#553,.T.);
#134=ORIENTED_EDGE('',*,*,#554,.T.);
#135=ORIENTED_EDGE('',*,*,#555,.T.);
#136=ORIENTED_EDGE('',*,*,#556,.F.);
#137=ORIENTED_EDGE('',*,*,#557,.T.);
#138=ORIENTED_EDGE('',*,*,#558,.T.);
#139=ORIENTED_EDGE('',*,*,#559,.T.);
#140=ORIENTED_EDGE('',*,*,#560,.T.);
#141=ORIENTED_EDGE('',*,*,#561,.T.);
#142=ORIENTED_EDGE('',*,*,#562,.F.);
#143=ORIENTED_EDGE('',*,*,#563,.F.);
#144=ORIENTED_EDGE('',*,*,#564,.F.);
#145=ORIENTED_EDGE('',*,*,#565,.T.);
#146=ORIENTED_EDGE('',*,*,#566,.T.);
#147=ORIENTED_EDGE('',*,*,#567,.T.);
#148=ORIENTED_EDGE('',*,*,#568,.F.);
#149=ORIENTED_EDGE('',*,*,#569,.T.);
#150=ORIENTED_EDGE('',*,*,#564,.T.);
#151=ORIENTED_EDGE('',*,*,#570,.T.);
#152=ORIENTED_EDGE('',*,*,#571,.T.);
#153=ORIENTED_EDGE('',*,*,#572,.T.);
#154=ORIENTED_EDGE('',*,*,#568,.T.);
#155=ORIENTED_EDGE('',*,*,#573,.T.);
#156=ORIENTED_EDGE('',*,*,#574,.F.);
#157=ORIENTED_EDGE('',*,*,#575,.T.);
#158=ORIENTED_EDGE('',*,*,#576,.T.);
#159=ORIENTED_EDGE('',*,*,#577,.F.);
#160=ORIENTED_EDGE('',*,*,#578,.T.);
#161=ORIENTED_EDGE('',*,*,#579,.T.);
#162=ORIENTED_EDGE('',*,*,#580,.F.);
#163=ORIENTED_EDGE('',*,*,#581,.F.);
#164=ORIENTED_EDGE('',*,*,#582,.T.);
#165=ORIENTED_EDGE('',*,*,#583,.T.);
#166=ORIENTED_EDGE('',*,*,#584,.T.);
#167=ORIENTED_EDGE('',*,*,#585,.T.);
#168=ORIENTED_EDGE('',*,*,#586,.T.);
#169=ORIENTED_EDGE('',*,*,#587,.T.);
#170=ORIENTED_EDGE('',*,*,#588,.F.);
#171=ORIENTED_EDGE('',*,*,#589,.T.);
#172=ORIENTED_EDGE('',*,*,#588,.T.);
#173=ORIENTED_EDGE('',*,*,#590,.T.);
#174=ORIENTED_EDGE('',*,*,#591,.F.);
#175=ORIENTED_EDGE('',*,*,#592,.F.);
#176=ORIENTED_EDGE('',*,*,#593,.T.);
#177=ORIENTED_EDGE('',*,*,#594,.T.);
#178=ORIENTED_EDGE('',*,*,#592,.T.);
#179=ORIENTED_EDGE('',*,*,#595,.F.);
#180=ORIENTED_EDGE('',*,*,#555,.F.);
#181=ORIENTED_EDGE('',*,*,#596,.T.);
#182=ORIENTED_EDGE('',*,*,#597,.F.);
#183=ORIENTED_EDGE('',*,*,#598,.F.);
#184=ORIENTED_EDGE('',*,*,#559,.F.);
#185=ORIENTED_EDGE('',*,*,#599,.T.);
#186=ORIENTED_EDGE('',*,*,#600,.T.);
#187=ORIENTED_EDGE('',*,*,#601,.T.);
#188=ORIENTED_EDGE('',*,*,#602,.F.);
#189=ORIENTED_EDGE('',*,*,#603,.F.);
#190=ORIENTED_EDGE('',*,*,#603,.T.);
#191=ORIENTED_EDGE('',*,*,#604,.F.);
#192=ORIENTED_EDGE('',*,*,#605,.T.);
#193=ORIENTED_EDGE('',*,*,#606,.T.);
#194=ORIENTED_EDGE('',*,*,#563,.T.);
#195=ORIENTED_EDGE('',*,*,#607,.F.);
#196=ORIENTED_EDGE('',*,*,#608,.F.);
#197=ORIENTED_EDGE('',*,*,#609,.T.);
#198=ORIENTED_EDGE('',*,*,#610,.F.);
#199=ORIENTED_EDGE('',*,*,#611,.T.);
#200=ORIENTED_EDGE('',*,*,#612,.F.);
#201=ORIENTED_EDGE('',*,*,#613,.T.);
#202=ORIENTED_EDGE('',*,*,#614,.T.);
#203=ORIENTED_EDGE('',*,*,#608,.T.);
#204=ORIENTED_EDGE('',*,*,#612,.T.);
#205=ORIENTED_EDGE('',*,*,#615,.T.);
#206=ORIENTED_EDGE('',*,*,#616,.T.);
#207=ORIENTED_EDGE('',*,*,#617,.T.);
#208=ORIENTED_EDGE('',*,*,#618,.F.);
#209=ORIENTED_EDGE('',*,*,#619,.T.);
#210=ORIENTED_EDGE('',*,*,#600,.F.);
#211=ORIENTED_EDGE('',*,*,#609,.F.);
#212=ORIENTED_EDGE('',*,*,#614,.F.);
#213=ORIENTED_EDGE('',*,*,#620,.T.);
#214=ORIENTED_EDGE('',*,*,#621,.T.);
#215=ORIENTED_EDGE('',*,*,#622,.F.);
#216=ORIENTED_EDGE('',*,*,#623,.T.);
#217=ORIENTED_EDGE('',*,*,#624,.T.);
#218=ORIENTED_EDGE('',*,*,#625,.T.);
#219=ORIENTED_EDGE('',*,*,#626,.F.);
#220=ORIENTED_EDGE('',*,*,#627,.T.);
#221=ORIENTED_EDGE('',*,*,#628,.T.);
#222=ORIENTED_EDGE('',*,*,#593,.F.);
#223=ORIENTED_EDGE('',*,*,#599,.F.);
#224=ORIENTED_EDGE('',*,*,#558,.F.);
#225=ORIENTED_EDGE('',*,*,#629,.T.);
#226=ORIENTED_EDGE('',*,*,#630,.F.);
#227=ORIENTED_EDGE('',*,*,#631,.F.);
#228=ORIENTED_EDGE('',*,*,#632,.T.);
#229=ORIENTED_EDGE('',*,*,#633,.T.);
#230=ORIENTED_EDGE('',*,*,#552,.T.);
#231=ORIENTED_EDGE('',*,*,#595,.T.);
#232=ORIENTED_EDGE('',*,*,#591,.T.);
#233=ORIENTED_EDGE('',*,*,#634,.T.);
#234=ORIENTED_EDGE('',*,*,#635,.T.);
#235=ORIENTED_EDGE('',*,*,#636,.F.);
#236=ORIENTED_EDGE('',*,*,#637,.T.);
#237=ORIENTED_EDGE('',*,*,#638,.T.);
#238=ORIENTED_EDGE('',*,*,#639,.T.);
#239=ORIENTED_EDGE('',*,*,#640,.F.);
#240=ORIENTED_EDGE('',*,*,#641,.T.);
#241=ORIENTED_EDGE('',*,*,#642,.T.);
#242=ORIENTED_EDGE('',*,*,#610,.T.);
#243=ORIENTED_EDGE('',*,*,#607,.T.);
#244=ORIENTED_EDGE('',*,*,#562,.T.);
#245=ORIENTED_EDGE('',*,*,#643,.T.);
#246=ORIENTED_EDGE('',*,*,#644,.T.);
#247=ORIENTED_EDGE('',*,*,#645,.T.);
#248=ORIENTED_EDGE('',*,*,#605,.F.);
#249=ORIENTED_EDGE('',*,*,#646,.F.);
#250=ORIENTED_EDGE('',*,*,#647,.T.);
#251=ORIENTED_EDGE('',*,*,#648,.T.);
#252=ORIENTED_EDGE('',*,*,#647,.F.);
#253=ORIENTED_EDGE('',*,*,#649,.F.);
#254=ORIENTED_EDGE('',*,*,#650,.T.);
#255=ORIENTED_EDGE('',*,*,#651,.T.);
#256=ORIENTED_EDGE('',*,*,#650,.F.);
#257=ORIENTED_EDGE('',*,*,#652,.F.);
#258=ORIENTED_EDGE('',*,*,#653,.T.);
#259=ORIENTED_EDGE('',*,*,#654,.T.);
#260=ORIENTED_EDGE('',*,*,#653,.F.);
#261=ORIENTED_EDGE('',*,*,#655,.F.);
#262=ORIENTED_EDGE('',*,*,#656,.T.);
#263=ORIENTED_EDGE('',*,*,#657,.T.);
#264=ORIENTED_EDGE('',*,*,#656,.F.);
#265=ORIENTED_EDGE('',*,*,#658,.F.);
#266=ORIENTED_EDGE('',*,*,#597,.T.);
#267=ORIENTED_EDGE('',*,*,#659,.T.);
#268=ORIENTED_EDGE('',*,*,#602,.T.);
#269=ORIENTED_EDGE('',*,*,#660,.T.);
#270=ORIENTED_EDGE('',*,*,#661,.T.);
#271=ORIENTED_EDGE('',*,*,#662,.T.);
#272=ORIENTED_EDGE('',*,*,#663,.T.);
#273=ORIENTED_EDGE('',*,*,#664,.T.);
#274=ORIENTED_EDGE('',*,*,#556,.T.);
#275=ORIENTED_EDGE('',*,*,#598,.T.);
#276=ORIENTED_EDGE('',*,*,#658,.T.);
#277=ORIENTED_EDGE('',*,*,#655,.T.);
#278=ORIENTED_EDGE('',*,*,#652,.T.);
#279=ORIENTED_EDGE('',*,*,#649,.T.);
#280=ORIENTED_EDGE('',*,*,#646,.T.);
#281=ORIENTED_EDGE('',*,*,#604,.T.);
#282=ORIENTED_EDGE('',*,*,#554,.F.);
#283=ORIENTED_EDGE('',*,*,#665,.T.);
#284=ORIENTED_EDGE('',*,*,#666,.F.);
#285=ORIENTED_EDGE('',*,*,#667,.F.);
#286=ORIENTED_EDGE('',*,*,#668,.F.);
#287=ORIENTED_EDGE('',*,*,#669,.T.);
#288=ORIENTED_EDGE('',*,*,#560,.F.);
#289=ORIENTED_EDGE('',*,*,#606,.F.);
#290=ORIENTED_EDGE('',*,*,#648,.F.);
#291=ORIENTED_EDGE('',*,*,#651,.F.);
#292=ORIENTED_EDGE('',*,*,#654,.F.);
#293=ORIENTED_EDGE('',*,*,#657,.F.);
#294=ORIENTED_EDGE('',*,*,#659,.F.);
#295=ORIENTED_EDGE('',*,*,#596,.F.);
#296=ORIENTED_EDGE('',*,*,#666,.T.);
#297=ORIENTED_EDGE('',*,*,#670,.T.);
#298=ORIENTED_EDGE('',*,*,#632,.F.);
#299=ORIENTED_EDGE('',*,*,#671,.F.);
#300=ORIENTED_EDGE('',*,*,#644,.F.);
#301=ORIENTED_EDGE('',*,*,#672,.T.);
#302=ORIENTED_EDGE('',*,*,#668,.T.);
#303=ORIENTED_EDGE('',*,*,#673,.T.);
#304=ORIENTED_EDGE('',*,*,#673,.F.);
#305=ORIENTED_EDGE('',*,*,#667,.T.);
#306=ORIENTED_EDGE('',*,*,#671,.T.);
#307=ORIENTED_EDGE('',*,*,#645,.F.);
#308=ORIENTED_EDGE('',*,*,#631,.T.);
#309=ORIENTED_EDGE('',*,*,#674,.T.);
#310=ORIENTED_EDGE('',*,*,#662,.F.);
#311=ORIENTED_EDGE('',*,*,#675,.F.);
#312=ORIENTED_EDGE('',*,*,#630,.T.);
#313=ORIENTED_EDGE('',*,*,#676,.T.);
#314=ORIENTED_EDGE('',*,*,#663,.F.);
#315=ORIENTED_EDGE('',*,*,#674,.F.);
#316=ORIENTED_EDGE('',*,*,#661,.F.);
#317=ORIENTED_EDGE('',*,*,#677,.T.);
#318=ORIENTED_EDGE('',*,*,#618,.T.);
#319=ORIENTED_EDGE('',*,*,#675,.T.);
#320=ORIENTED_EDGE('',*,*,#590,.F.);
#321=ORIENTED_EDGE('',*,*,#587,.F.);
#322=ORIENTED_EDGE('',*,*,#678,.F.);
#323=ORIENTED_EDGE('',*,*,#634,.F.);
#324=ORIENTED_EDGE('',*,*,#611,.F.);
#325=ORIENTED_EDGE('',*,*,#642,.F.);
#326=ORIENTED_EDGE('',*,*,#679,.F.);
#327=ORIENTED_EDGE('',*,*,#615,.F.);
#328=ORIENTED_EDGE('',*,*,#680,.F.);
#329=ORIENTED_EDGE('',*,*,#678,.T.);
#330=ORIENTED_EDGE('',*,*,#681,.F.);
#331=ORIENTED_EDGE('',*,*,#682,.F.);
#332=ORIENTED_EDGE('',*,*,#638,.F.);
#333=ORIENTED_EDGE('',*,*,#683,.F.);
#334=ORIENTED_EDGE('',*,*,#570,.F.);
#335=ORIENTED_EDGE('',*,*,#684,.F.);
#336=ORIENTED_EDGE('',*,*,#679,.T.);
#337=ORIENTED_EDGE('',*,*,#685,.F.);
#338=ORIENTED_EDGE('',*,*,#594,.F.);
#339=ORIENTED_EDGE('',*,*,#628,.F.);
#340=ORIENTED_EDGE('',*,*,#686,.F.);
#341=ORIENTED_EDGE('',*,*,#589,.F.);
#342=ORIENTED_EDGE('',*,*,#681,.T.);
#343=ORIENTED_EDGE('',*,*,#586,.F.);
#344=ORIENTED_EDGE('',*,*,#687,.F.);
#345=ORIENTED_EDGE('',*,*,#582,.F.);
#346=ORIENTED_EDGE('',*,*,#680,.T.);
#347=ORIENTED_EDGE('',*,*,#585,.F.);
#348=ORIENTED_EDGE('',*,*,#688,.F.);
#349=ORIENTED_EDGE('',*,*,#635,.F.);
#350=ORIENTED_EDGE('',*,*,#683,.T.);
#351=ORIENTED_EDGE('',*,*,#637,.F.);
#352=ORIENTED_EDGE('',*,*,#689,.F.);
#353=ORIENTED_EDGE('',*,*,#573,.F.);
#354=ORIENTED_EDGE('',*,*,#682,.T.);
#355=ORIENTED_EDGE('',*,*,#567,.F.);
#356=ORIENTED_EDGE('',*,*,#690,.F.);
#357=ORIENTED_EDGE('',*,*,#639,.F.);
#358=ORIENTED_EDGE('',*,*,#685,.T.);
#359=ORIENTED_EDGE('',*,*,#641,.F.);
#360=ORIENTED_EDGE('',*,*,#691,.F.);
#361=ORIENTED_EDGE('',*,*,#547,.F.);
#362=ORIENTED_EDGE('',*,*,#684,.T.);
#363=ORIENTED_EDGE('',*,*,#546,.F.);
#364=ORIENTED_EDGE('',*,*,#692,.F.);
#365=ORIENTED_EDGE('',*,*,#616,.F.);
#366=ORIENTED_EDGE('',*,*,#613,.F.);
#367=ORIENTED_EDGE('',*,*,#617,.F.);
#368=ORIENTED_EDGE('',*,*,#693,.F.);
#369=ORIENTED_EDGE('',*,*,#620,.F.);
#370=ORIENTED_EDGE('',*,*,#687,.T.);
#371=ORIENTED_EDGE('',*,*,#686,.T.);
#372=ORIENTED_EDGE('',*,*,#694,.F.);
#373=ORIENTED_EDGE('',*,*,#636,.T.);
#374=ORIENTED_EDGE('',*,*,#688,.T.);
#375=ORIENTED_EDGE('',*,*,#695,.F.);
#376=ORIENTED_EDGE('',*,*,#689,.T.);
#377=ORIENTED_EDGE('',*,*,#640,.T.);
#378=ORIENTED_EDGE('',*,*,#690,.T.);
#379=ORIENTED_EDGE('',*,*,#696,.F.);
#380=ORIENTED_EDGE('',*,*,#691,.T.);
#381=ORIENTED_EDGE('',*,*,#693,.T.);
#382=ORIENTED_EDGE('',*,*,#692,.T.);
#383=ORIENTED_EDGE('',*,*,#697,.F.);
#384=ORIENTED_EDGE('',*,*,#694,.T.);
#385=ORIENTED_EDGE('',*,*,#627,.F.);
#386=ORIENTED_EDGE('',*,*,#698,.F.);
#387=ORIENTED_EDGE('',*,*,#583,.F.);
#388=ORIENTED_EDGE('',*,*,#695,.T.);
#389=ORIENTED_EDGE('',*,*,#584,.F.);
#390=ORIENTED_EDGE('',*,*,#699,.F.);
#391=ORIENTED_EDGE('',*,*,#571,.F.);
#392=ORIENTED_EDGE('',*,*,#696,.T.);
#393=ORIENTED_EDGE('',*,*,#566,.F.);
#394=ORIENTED_EDGE('',*,*,#700,.F.);
#395=ORIENTED_EDGE('',*,*,#544,.F.);
#396=ORIENTED_EDGE('',*,*,#697,.T.);
#397=ORIENTED_EDGE('',*,*,#545,.F.);
#398=ORIENTED_EDGE('',*,*,#701,.F.);
#399=ORIENTED_EDGE('',*,*,#621,.F.);
#400=ORIENTED_EDGE('',*,*,#698,.T.);
#401=ORIENTED_EDGE('',*,*,#626,.T.);
#402=ORIENTED_EDGE('',*,*,#702,.F.);
#403=ORIENTED_EDGE('',*,*,#699,.T.);
#404=ORIENTED_EDGE('',*,*,#701,.T.);
#405=ORIENTED_EDGE('',*,*,#700,.T.);
#406=ORIENTED_EDGE('',*,*,#703,.F.);
#407=ORIENTED_EDGE('',*,*,#622,.T.);
#408=ORIENTED_EDGE('',*,*,#702,.T.);
#409=ORIENTED_EDGE('',*,*,#625,.F.);
#410=ORIENTED_EDGE('',*,*,#704,.F.);
#411=ORIENTED_EDGE('',*,*,#572,.F.);
#412=ORIENTED_EDGE('',*,*,#703,.T.);
#413=ORIENTED_EDGE('',*,*,#565,.F.);
#414=ORIENTED_EDGE('',*,*,#705,.F.);
#415=ORIENTED_EDGE('',*,*,#623,.F.);
#416=ORIENTED_EDGE('',*,*,#704,.T.);
#417=ORIENTED_EDGE('',*,*,#624,.F.);
#418=ORIENTED_EDGE('',*,*,#705,.T.);
#419=ORIENTED_EDGE('',*,*,#569,.F.);
#420=ORIENTED_EDGE('',*,*,#619,.F.);
#421=ORIENTED_EDGE('',*,*,#677,.F.);
#422=ORIENTED_EDGE('',*,*,#660,.F.);
#423=ORIENTED_EDGE('',*,*,#601,.F.);
#424=ORIENTED_EDGE('',*,*,#629,.F.);
#425=ORIENTED_EDGE('',*,*,#557,.F.);
#426=ORIENTED_EDGE('',*,*,#664,.F.);
#427=ORIENTED_EDGE('',*,*,#676,.F.);
#428=ORIENTED_EDGE('',*,*,#665,.F.);
#429=ORIENTED_EDGE('',*,*,#553,.F.);
#430=ORIENTED_EDGE('',*,*,#633,.F.);
#431=ORIENTED_EDGE('',*,*,#670,.F.);
#432=ORIENTED_EDGE('',*,*,#669,.F.);
#433=ORIENTED_EDGE('',*,*,#672,.F.);
#434=ORIENTED_EDGE('',*,*,#643,.F.);
#435=ORIENTED_EDGE('',*,*,#561,.F.);
#436=ORIENTED_EDGE('',*,*,#706,.F.);
#437=ORIENTED_EDGE('',*,*,#707,.T.);
#438=ORIENTED_EDGE('',*,*,#708,.T.);
#439=ORIENTED_EDGE('',*,*,#581,.T.);
#440=ORIENTED_EDGE('',*,*,#709,.T.);
#441=ORIENTED_EDGE('',*,*,#710,.T.);
#442=ORIENTED_EDGE('',*,*,#711,.F.);
#443=ORIENTED_EDGE('',*,*,#712,.F.);
#444=ORIENTED_EDGE('',*,*,#713,.F.);
#445=ORIENTED_EDGE('',*,*,#579,.F.);
#446=ORIENTED_EDGE('',*,*,#714,.T.);
#447=ORIENTED_EDGE('',*,*,#712,.T.);
#448=ORIENTED_EDGE('',*,*,#708,.F.);
#449=ORIENTED_EDGE('',*,*,#715,.T.);
#450=ORIENTED_EDGE('',*,*,#709,.F.);
#451=ORIENTED_EDGE('',*,*,#714,.F.);
#452=ORIENTED_EDGE('',*,*,#578,.F.);
#453=ORIENTED_EDGE('',*,*,#711,.T.);
#454=ORIENTED_EDGE('',*,*,#716,.T.);
#455=ORIENTED_EDGE('',*,*,#706,.T.);
#456=ORIENTED_EDGE('',*,*,#580,.T.);
#457=ORIENTED_EDGE('',*,*,#713,.T.);
#458=ORIENTED_EDGE('',*,*,#717,.F.);
#459=ORIENTED_EDGE('',*,*,#718,.F.);
#460=ORIENTED_EDGE('',*,*,#719,.T.);
#461=ORIENTED_EDGE('',*,*,#540,.T.);
#462=ORIENTED_EDGE('',*,*,#720,.F.);
#463=ORIENTED_EDGE('',*,*,#721,.T.);
#464=ORIENTED_EDGE('',*,*,#722,.T.);
#465=ORIENTED_EDGE('',*,*,#718,.T.);
#466=ORIENTED_EDGE('',*,*,#723,.T.);
#467=ORIENTED_EDGE('',*,*,#724,.T.);
#468=ORIENTED_EDGE('',*,*,#725,.F.);
#469=ORIENTED_EDGE('',*,*,#542,.F.);
#470=ORIENTED_EDGE('',*,*,#722,.F.);
#471=ORIENTED_EDGE('',*,*,#726,.T.);
#472=ORIENTED_EDGE('',*,*,#723,.F.);
#473=ORIENTED_EDGE('',*,*,#541,.F.);
#474=ORIENTED_EDGE('',*,*,#719,.F.);
#475=ORIENTED_EDGE('',*,*,#725,.T.);
#476=ORIENTED_EDGE('',*,*,#727,.T.);
#477=ORIENTED_EDGE('',*,*,#720,.T.);
#478=ORIENTED_EDGE('',*,*,#717,.T.);
#479=ORIENTED_EDGE('',*,*,#543,.T.);
#480=ORIENTED_EDGE('',*,*,#728,.T.);
#481=ORIENTED_EDGE('',*,*,#729,.F.);
#482=ORIENTED_EDGE('',*,*,#730,.F.);
#483=ORIENTED_EDGE('',*,*,#577,.T.);
#484=ORIENTED_EDGE('',*,*,#731,.T.);
#485=ORIENTED_EDGE('',*,*,#732,.T.);
#486=ORIENTED_EDGE('',*,*,#733,.F.);
#487=ORIENTED_EDGE('',*,*,#729,.T.);
#488=ORIENTED_EDGE('',*,*,#734,.F.);
#489=ORIENTED_EDGE('',*,*,#735,.T.);
#490=ORIENTED_EDGE('',*,*,#736,.T.);
#491=ORIENTED_EDGE('',*,*,#575,.F.);
#492=ORIENTED_EDGE('',*,*,#733,.T.);
#493=ORIENTED_EDGE('',*,*,#737,.T.);
#494=ORIENTED_EDGE('',*,*,#734,.T.);
#495=ORIENTED_EDGE('',*,*,#574,.T.);
#496=ORIENTED_EDGE('',*,*,#730,.T.);
#497=ORIENTED_EDGE('',*,*,#736,.F.);
#498=ORIENTED_EDGE('',*,*,#738,.T.);
#499=ORIENTED_EDGE('',*,*,#731,.F.);
#500=ORIENTED_EDGE('',*,*,#728,.F.);
#501=ORIENTED_EDGE('',*,*,#576,.F.);
#502=ORIENTED_EDGE('',*,*,#739,.T.);
#503=ORIENTED_EDGE('',*,*,#740,.T.);
#504=ORIENTED_EDGE('',*,*,#741,.F.);
#505=ORIENTED_EDGE('',*,*,#548,.T.);
#506=ORIENTED_EDGE('',*,*,#742,.F.);
#507=ORIENTED_EDGE('',*,*,#743,.T.);
#508=ORIENTED_EDGE('',*,*,#744,.T.);
#509=ORIENTED_EDGE('',*,*,#745,.F.);
#510=ORIENTED_EDGE('',*,*,#746,.T.);
#511=ORIENTED_EDGE('',*,*,#550,.F.);
#512=ORIENTED_EDGE('',*,*,#747,.F.);
#513=ORIENTED_EDGE('',*,*,#745,.T.);
#514=ORIENTED_EDGE('',*,*,#741,.T.);
#515=ORIENTED_EDGE('',*,*,#748,.T.);
#516=ORIENTED_EDGE('',*,*,#742,.T.);
#517=ORIENTED_EDGE('',*,*,#747,.T.);
#518=ORIENTED_EDGE('',*,*,#549,.T.);
#519=ORIENTED_EDGE('',*,*,#744,.F.);
#520=ORIENTED_EDGE('',*,*,#749,.T.);
#521=ORIENTED_EDGE('',*,*,#739,.F.);
#522=ORIENTED_EDGE('',*,*,#551,.F.);
#523=ORIENTED_EDGE('',*,*,#746,.F.);
#524=ORIENTED_EDGE('',*,*,#748,.F.);
#525=ORIENTED_EDGE('',*,*,#740,.F.);
#526=ORIENTED_EDGE('',*,*,#749,.F.);
#527=ORIENTED_EDGE('',*,*,#743,.F.);
#528=ORIENTED_EDGE('',*,*,#726,.F.);
#529=ORIENTED_EDGE('',*,*,#721,.F.);
#530=ORIENTED_EDGE('',*,*,#727,.F.);
#531=ORIENTED_EDGE('',*,*,#724,.F.);
#532=ORIENTED_EDGE('',*,*,#737,.F.);
#533=ORIENTED_EDGE('',*,*,#732,.F.);
#534=ORIENTED_EDGE('',*,*,#738,.F.);
#535=ORIENTED_EDGE('',*,*,#735,.F.);
#536=ORIENTED_EDGE('',*,*,#715,.F.);
#537=ORIENTED_EDGE('',*,*,#707,.F.);
#538=ORIENTED_EDGE('',*,*,#716,.F.);
#539=ORIENTED_EDGE('',*,*,#710,.F.);
#540=EDGE_CURVE('',#750,#751,#882,.T.);
#541=EDGE_CURVE('',#750,#752,#883,.T.);
#542=EDGE_CURVE('',#752,#753,#884,.T.);
#543=EDGE_CURVE('',#751,#753,#885,.T.);
#544=EDGE_CURVE('',#754,#755,#886,.F.);
#545=EDGE_CURVE('',#755,#756,#887,.T.);
#546=EDGE_CURVE('',#756,#757,#888,.T.);
#547=EDGE_CURVE('',#757,#754,#889,.F.);
#548=EDGE_CURVE('',#758,#759,#890,.T.);
#549=EDGE_CURVE('',#760,#758,#891,.T.);
#550=EDGE_CURVE('',#760,#761,#892,.T.);
#551=EDGE_CURVE('',#761,#759,#893,.T.);
#552=EDGE_CURVE('',#762,#763,#894,.T.);
#553=EDGE_CURVE('',#762,#764,#895,.F.);
#554=EDGE_CURVE('',#764,#765,#896,.T.);
#555=EDGE_CURVE('',#765,#763,#897,.T.);
#556=EDGE_CURVE('',#766,#767,#898,.T.);
#557=EDGE_CURVE('',#766,#768,#899,.F.);
#558=EDGE_CURVE('',#768,#769,#900,.T.);
#559=EDGE_CURVE('',#769,#767,#901,.T.);
#560=EDGE_CURVE('',#770,#771,#902,.T.);
#561=EDGE_CURVE('',#771,#772,#903,.T.);
#562=EDGE_CURVE('',#773,#772,#904,.T.);
#563=EDGE_CURVE('',#770,#773,#905,.T.);
#564=EDGE_CURVE('',#774,#775,#906,.T.);
#565=EDGE_CURVE('',#774,#776,#907,.T.);
#566=EDGE_CURVE('',#776,#777,#908,.T.);
#567=EDGE_CURVE('',#777,#775,#909,.F.);
#568=EDGE_CURVE('',#778,#779,#910,.T.);
#569=EDGE_CURVE('',#778,#774,#30,.F.);
#570=EDGE_CURVE('',#775,#779,#31,.T.);
#571=EDGE_CURVE('',#780,#781,#911,.F.);
#572=EDGE_CURVE('',#781,#778,#912,.T.);
#573=EDGE_CURVE('',#779,#780,#913,.F.);
#574=EDGE_CURVE('',#782,#783,#914,.T.);
#575=EDGE_CURVE('',#782,#784,#915,.T.);
#576=EDGE_CURVE('',#784,#785,#916,.T.);
#577=EDGE_CURVE('',#783,#785,#917,.T.);
#578=EDGE_CURVE('',#786,#787,#918,.T.);
#579=EDGE_CURVE('',#787,#788,#919,.T.);
#580=EDGE_CURVE('',#789,#788,#920,.T.);
#581=EDGE_CURVE('',#786,#789,#921,.T.);
#582=EDGE_CURVE('',#790,#791,#922,.F.);
#583=EDGE_CURVE('',#791,#792,#923,.T.);
#584=EDGE_CURVE('',#792,#793,#924,.T.);
#585=EDGE_CURVE('',#793,#790,#925,.F.);
#586=EDGE_CURVE('',#794,#795,#926,.T.);
#587=EDGE_CURVE('',#795,#796,#927,.F.);
#588=EDGE_CURVE('',#797,#796,#928,.T.);
#589=EDGE_CURVE('',#797,#794,#929,.T.);
#590=EDGE_CURVE('',#796,#798,#32,.T.);
#591=EDGE_CURVE('',#799,#798,#930,.T.);
#592=EDGE_CURVE('',#800,#799,#931,.T.);
#593=EDGE_CURVE('',#800,#801,#932,.T.);
#594=EDGE_CURVE('',#801,#797,#33,.T.);
#595=EDGE_CURVE('',#763,#799,#933,.T.);
#596=EDGE_CURVE('',#765,#802,#934,.T.);
#597=EDGE_CURVE('',#803,#802,#935,.T.);
#598=EDGE_CURVE('',#767,#803,#936,.T.);
#599=EDGE_CURVE('',#769,#800,#937,.T.);
#600=EDGE_CURVE('',#804,#805,#938,.T.);
#601=EDGE_CURVE('',#805,#806,#939,.T.);
#602=EDGE_CURVE('',#807,#806,#940,.T.);
#603=EDGE_CURVE('',#804,#807,#941,.T.);
#604=EDGE_CURVE('',#808,#807,#942,.T.);
#605=EDGE_CURVE('',#808,#809,#943,.T.);
#606=EDGE_CURVE('',#809,#770,#944,.T.);
#607=EDGE_CURVE('',#810,#773,#945,.T.);
#608=EDGE_CURVE('',#811,#810,#946,.T.);
#609=EDGE_CURVE('',#811,#804,#947,.T.);
#610=EDGE_CURVE('',#812,#810,#948,.T.);
#611=EDGE_CURVE('',#812,#813,#34,.T.);
#612=EDGE_CURVE('',#814,#813,#949,.T.);
#613=EDGE_CURVE('',#814,#815,#35,.T.);
#614=EDGE_CURVE('',#815,#811,#950,.T.);
#615=EDGE_CURVE('',#813,#816,#951,.F.);
#616=EDGE_CURVE('',#816,#817,#952,.F.);
#617=EDGE_CURVE('',#817,#814,#953,.T.);
#618=EDGE_CURVE('',#818,#819,#954,.T.);
#619=EDGE_CURVE('',#818,#805,#36,.T.);
#620=EDGE_CURVE('',#815,#820,#955,.F.);
#621=EDGE_CURVE('',#820,#821,#956,.F.);
#622=EDGE_CURVE('',#822,#821,#37,.T.);
#623=EDGE_CURVE('',#822,#823,#957,.F.);
#624=EDGE_CURVE('',#823,#824,#38,.T.);
#625=EDGE_CURVE('',#824,#825,#958,.F.);
#626=EDGE_CURVE('',#826,#825,#39,.T.);
#627=EDGE_CURVE('',#826,#827,#959,.F.);
#628=EDGE_CURVE('',#827,#801,#960,.F.);
#629=EDGE_CURVE('',#768,#828,#40,.T.);
#630=EDGE_CURVE('',#829,#828,#961,.T.);
#631=EDGE_CURVE('',#819,#829,#41,.T.);
#632=EDGE_CURVE('',#830,#831,#962,.T.);
#633=EDGE_CURVE('',#831,#762,#42,.F.);
#634=EDGE_CURVE('',#798,#832,#963,.T.);
#635=EDGE_CURVE('',#832,#833,#964,.T.);
#636=EDGE_CURVE('',#834,#833,#43,.F.);
#637=EDGE_CURVE('',#834,#835,#965,.T.);
#638=EDGE_CURVE('',#835,#836,#44,.F.);
#639=EDGE_CURVE('',#836,#837,#966,.T.);
#640=EDGE_CURVE('',#838,#837,#45,.F.);
#641=EDGE_CURVE('',#838,#839,#967,.T.);
#642=EDGE_CURVE('',#839,#812,#968,.T.);
#643=EDGE_CURVE('',#772,#840,#46,.F.);
#644=EDGE_CURVE('',#840,#841,#969,.T.);
#645=EDGE_CURVE('',#841,#830,#47,.T.);
#646=EDGE_CURVE('',#842,#808,#970,.T.);
#647=EDGE_CURVE('',#842,#843,#971,.T.);
#648=EDGE_CURVE('',#843,#809,#972,.T.);
#649=EDGE_CURVE('',#844,#842,#973,.T.);
#650=EDGE_CURVE('',#844,#845,#974,.T.);
#651=EDGE_CURVE('',#845,#843,#975,.T.);
#652=EDGE_CURVE('',#846,#844,#48,.F.);
#653=EDGE_CURVE('',#846,#847,#976,.F.);
#654=EDGE_CURVE('',#847,#845,#49,.F.);
#655=EDGE_CURVE('',#848,#846,#977,.T.);
#656=EDGE_CURVE('',#848,#849,#978,.T.);
#657=EDGE_CURVE('',#849,#847,#979,.T.);
#658=EDGE_CURVE('',#803,#848,#980,.T.);
#659=EDGE_CURVE('',#802,#849,#981,.T.);
#660=EDGE_CURVE('',#806,#850,#50,.F.);
#661=EDGE_CURVE('',#850,#851,#982,.T.);
#662=EDGE_CURVE('',#851,#852,#51,.T.);
#663=EDGE_CURVE('',#852,#853,#983,.T.);
#664=EDGE_CURVE('',#853,#766,#52,.F.);
#665=EDGE_CURVE('',#764,#854,#53,.T.);
#666=EDGE_CURVE('',#855,#854,#984,.T.);
#667=EDGE_CURVE('',#856,#855,#54,.T.);
#668=EDGE_CURVE('',#857,#856,#985,.T.);
#669=EDGE_CURVE('',#857,#771,#55,.T.);
#670=EDGE_CURVE('',#854,#831,#986,.T.);
#671=EDGE_CURVE('',#855,#830,#987,.T.);
#672=EDGE_CURVE('',#840,#857,#988,.F.);
#673=EDGE_CURVE('',#856,#841,#989,.T.);
#674=EDGE_CURVE('',#829,#852,#990,.T.);
#675=EDGE_CURVE('',#819,#851,#991,.T.);
#676=EDGE_CURVE('',#828,#853,#992,.T.);
#677=EDGE_CURVE('',#850,#818,#993,.F.);
#678=EDGE_CURVE('',#832,#795,#56,.T.);
#679=EDGE_CURVE('',#816,#839,#57,.T.);
#680=EDGE_CURVE('',#832,#790,#58,.F.);
#681=EDGE_CURVE('',#790,#795,#59,.F.);
#682=EDGE_CURVE('',#836,#775,#60,.T.);
#683=EDGE_CURVE('',#779,#835,#61,.T.);
#684=EDGE_CURVE('',#816,#757,#62,.F.);
#685=EDGE_CURVE('',#757,#839,#63,.F.);
#686=EDGE_CURVE('',#794,#827,#64,.T.);
#687=EDGE_CURVE('',#791,#794,#65,.T.);
#688=EDGE_CURVE('',#833,#793,#66,.T.);
#689=EDGE_CURVE('',#780,#834,#67,.T.);
#690=EDGE_CURVE('',#837,#777,#68,.T.);
#691=EDGE_CURVE('',#754,#838,#69,.T.);
#692=EDGE_CURVE('',#817,#756,#70,.T.);
#693=EDGE_CURVE('',#820,#817,#71,.T.);
#694=EDGE_CURVE('',#791,#827,#72,.F.);
#695=EDGE_CURVE('',#780,#793,#73,.F.);
#696=EDGE_CURVE('',#754,#777,#74,.F.);
#697=EDGE_CURVE('',#820,#756,#75,.F.);
#698=EDGE_CURVE('',#792,#826,#76,.T.);
#699=EDGE_CURVE('',#781,#792,#77,.F.);
#700=EDGE_CURVE('',#755,#776,#78,.F.);
#701=EDGE_CURVE('',#821,#755,#79,.T.);
#702=EDGE_CURVE('',#781,#825,#80,.F.);
#703=EDGE_CURVE('',#822,#776,#81,.F.);
#704=EDGE_CURVE('',#778,#824,#82,.T.);
#705=EDGE_CURVE('',#823,#774,#83,.T.);
#706=EDGE_CURVE('',#858,#789,#994,.T.);
#707=EDGE_CURVE('',#858,#859,#995,.F.);
#708=EDGE_CURVE('',#859,#786,#996,.T.);
#709=EDGE_CURVE('',#860,#861,#997,.T.);
#710=EDGE_CURVE('',#861,#862,#998,.T.);
#711=EDGE_CURVE('',#863,#862,#999,.T.);
#712=EDGE_CURVE('',#860,#863,#1000,.T.);
#713=EDGE_CURVE('',#788,#863,#1001,.T.);
#714=EDGE_CURVE('',#787,#860,#1002,.T.);
#715=EDGE_CURVE('',#859,#861,#84,.T.);
#716=EDGE_CURVE('',#862,#858,#85,.F.);
#717=EDGE_CURVE('',#864,#751,#1003,.T.);
#718=EDGE_CURVE('',#865,#864,#1004,.T.);
#719=EDGE_CURVE('',#865,#750,#1005,.T.);
#720=EDGE_CURVE('',#866,#864,#1006,.T.);
#721=EDGE_CURVE('',#866,#867,#1007,.F.);
#722=EDGE_CURVE('',#867,#865,#1008,.T.);
#723=EDGE_CURVE('',#752,#868,#1009,.T.);
#724=EDGE_CURVE('',#868,#869,#1010,.T.);
#725=EDGE_CURVE('',#753,#869,#1011,.T.);
#726=EDGE_CURVE('',#867,#868,#86,.F.);
#727=EDGE_CURVE('',#869,#866,#87,.T.);
#728=EDGE_CURVE('',#785,#870,#1012,.T.);
#729=EDGE_CURVE('',#871,#870,#1013,.T.);
#730=EDGE_CURVE('',#783,#871,#1014,.T.);
#731=EDGE_CURVE('',#870,#872,#1015,.T.);
#732=EDGE_CURVE('',#872,#873,#1016,.F.);
#733=EDGE_CURVE('',#871,#873,#1017,.T.);
#734=EDGE_CURVE('',#874,#782,#1018,.T.);
#735=EDGE_CURVE('',#874,#875,#1019,.T.);
#736=EDGE_CURVE('',#875,#784,#1020,.T.);
#737=EDGE_CURVE('',#873,#874,#88,.T.);
#738=EDGE_CURVE('',#875,#872,#89,.F.);
#739=EDGE_CURVE('',#759,#876,#1021,.T.);
#740=EDGE_CURVE('',#876,#877,#1022,.F.);
#741=EDGE_CURVE('',#758,#877,#1023,.T.);
#742=EDGE_CURVE('',#878,#879,#1024,.T.);
#743=EDGE_CURVE('',#878,#880,#1025,.T.);
#744=EDGE_CURVE('',#880,#881,#1026,.T.);
#745=EDGE_CURVE('',#879,#881,#1027,.T.);
#746=EDGE_CURVE('',#881,#761,#1028,.T.);
#747=EDGE_CURVE('',#879,#760,#1029,.T.);
#748=EDGE_CURVE('',#877,#878,#90,.F.);
#749=EDGE_CURVE('',#880,#876,#91,.T.);
#750=VERTEX_POINT('',#2088);
#751=VERTEX_POINT('',#2089);
#752=VERTEX_POINT('',#2091);
#753=VERTEX_POINT('',#2093);
#754=VERTEX_POINT('',#2096);
#755=VERTEX_POINT('',#2097);
#756=VERTEX_POINT('',#2099);
#757=VERTEX_POINT('',#2101);
#758=VERTEX_POINT('',#2104);
#759=VERTEX_POINT('',#2105);
#760=VERTEX_POINT('',#2107);
#761=VERTEX_POINT('',#2109);
#762=VERTEX_POINT('',#2113);
#763=VERTEX_POINT('',#2114);
#764=VERTEX_POINT('',#2116);
#765=VERTEX_POINT('',#2118);
#766=VERTEX_POINT('',#2122);
#767=VERTEX_POINT('',#2123);
#768=VERTEX_POINT('',#2125);
#769=VERTEX_POINT('',#2127);
#770=VERTEX_POINT('',#2131);
#771=VERTEX_POINT('',#2132);
#772=VERTEX_POINT('',#2134);
#773=VERTEX_POINT('',#2136);
#774=VERTEX_POINT('',#2140);
#775=VERTEX_POINT('',#2141);
#776=VERTEX_POINT('',#2143);
#777=VERTEX_POINT('',#2145);
#778=VERTEX_POINT('',#2149);
#779=VERTEX_POINT('',#2150);
#780=VERTEX_POINT('',#2155);
#781=VERTEX_POINT('',#2156);
#782=VERTEX_POINT('',#2161);
#783=VERTEX_POINT('',#2162);
#784=VERTEX_POINT('',#2164);
#785=VERTEX_POINT('',#2166);
#786=VERTEX_POINT('',#2169);
#787=VERTEX_POINT('',#2170);
#788=VERTEX_POINT('',#2172);
#789=VERTEX_POINT('',#2174);
#790=VERTEX_POINT('',#2177);
#791=VERTEX_POINT('',#2178);
#792=VERTEX_POINT('',#2180);
#793=VERTEX_POINT('',#2182);
#794=VERTEX_POINT('',#2186);
#795=VERTEX_POINT('',#2187);
#796=VERTEX_POINT('',#2189);
#797=VERTEX_POINT('',#2191);
#798=VERTEX_POINT('',#2195);
#799=VERTEX_POINT('',#2197);
#800=VERTEX_POINT('',#2199);
#801=VERTEX_POINT('',#2201);
#802=VERTEX_POINT('',#2206);
#803=VERTEX_POINT('',#2208);
#804=VERTEX_POINT('',#2213);
#805=VERTEX_POINT('',#2214);
#806=VERTEX_POINT('',#2216);
#807=VERTEX_POINT('',#2218);
#808=VERTEX_POINT('',#2222);
#809=VERTEX_POINT('',#2224);
#810=VERTEX_POINT('',#2227);
#811=VERTEX_POINT('',#2229);
#812=VERTEX_POINT('',#2233);
#813=VERTEX_POINT('',#2235);
#814=VERTEX_POINT('',#2237);
#815=VERTEX_POINT('',#2239);
#816=VERTEX_POINT('',#2243);
#817=VERTEX_POINT('',#2245);
#818=VERTEX_POINT('',#2249);
#819=VERTEX_POINT('',#2250);
#820=VERTEX_POINT('',#2253);
#821=VERTEX_POINT('',#2255);
#822=VERTEX_POINT('',#2257);
#823=VERTEX_POINT('',#2259);
#824=VERTEX_POINT('',#2261);
#825=VERTEX_POINT('',#2263);
#826=VERTEX_POINT('',#2265);
#827=VERTEX_POINT('',#2267);
#828=VERTEX_POINT('',#2270);
#829=VERTEX_POINT('',#2272);
#830=VERTEX_POINT('',#2276);
#831=VERTEX_POINT('',#2277);
#832=VERTEX_POINT('',#2280);
#833=VERTEX_POINT('',#2282);
#834=VERTEX_POINT('',#2284);
#835=VERTEX_POINT('',#2286);
#836=VERTEX_POINT('',#2288);
#837=VERTEX_POINT('',#2290);
#838=VERTEX_POINT('',#2292);
#839=VERTEX_POINT('',#2294);
#840=VERTEX_POINT('',#2297);
#841=VERTEX_POINT('',#2299);
#842=VERTEX_POINT('',#2303);
#843=VERTEX_POINT('',#2305);
#844=VERTEX_POINT('',#2309);
#845=VERTEX_POINT('',#2311);
#846=VERTEX_POINT('',#2315);
#847=VERTEX_POINT('',#2317);
#848=VERTEX_POINT('',#2321);
#849=VERTEX_POINT('',#2323);
#850=VERTEX_POINT('',#2330);
#851=VERTEX_POINT('',#2332);
#852=VERTEX_POINT('',#2334);
#853=VERTEX_POINT('',#2336);
#854=VERTEX_POINT('',#2340);
#855=VERTEX_POINT('',#2342);
#856=VERTEX_POINT('',#2344);
#857=VERTEX_POINT('',#2346);
#858=VERTEX_POINT('',#2422);
#859=VERTEX_POINT('',#2424);
#860=VERTEX_POINT('',#2428);
#861=VERTEX_POINT('',#2429);
#862=VERTEX_POINT('',#2431);
#863=VERTEX_POINT('',#2433);
#864=VERTEX_POINT('',#2444);
#865=VERTEX_POINT('',#2446);
#866=VERTEX_POINT('',#2450);
#867=VERTEX_POINT('',#2452);
#868=VERTEX_POINT('',#2456);
#869=VERTEX_POINT('',#2458);
#870=VERTEX_POINT('',#2466);
#871=VERTEX_POINT('',#2468);
#872=VERTEX_POINT('',#2472);
#873=VERTEX_POINT('',#2474);
#874=VERTEX_POINT('',#2478);
#875=VERTEX_POINT('',#2480);
#876=VERTEX_POINT('',#2488);
#877=VERTEX_POINT('',#2490);
#878=VERTEX_POINT('',#2494);
#879=VERTEX_POINT('',#2495);
#880=VERTEX_POINT('',#2497);
#881=VERTEX_POINT('',#2499);
#882=LINE('',#2087,#1030);
#883=LINE('',#2090,#1031);
#884=LINE('',#2092,#1032);
#885=LINE('',#2094,#1033);
#886=LINE('',#2095,#1034);
#887=LINE('',#2098,#1035);
#888=LINE('',#2100,#1036);
#889=LINE('',#2102,#1037);
#890=LINE('',#2103,#1038);
#891=LINE('',#2106,#1039);
#892=LINE('',#2108,#1040);
#893=LINE('',#2110,#1041);
#894=LINE('',#2112,#1042);
#895=LINE('',#2115,#1043);
#896=LINE('',#2117,#1044);
#897=LINE('',#2119,#1045);
#898=LINE('',#2121,#1046);
#899=LINE('',#2124,#1047);
#900=LINE('',#2126,#1048);
#901=LINE('',#2128,#1049);
#902=LINE('',#2130,#1050);
#903=LINE('',#2133,#1051);
#904=LINE('',#2135,#1052);
#905=LINE('',#2137,#1053);
#906=LINE('',#2139,#1054);
#907=LINE('',#2142,#1055);
#908=LINE('',#2144,#1056);
#909=LINE('',#2146,#1057);
#910=LINE('',#2148,#1058);
#911=LINE('',#2154,#1059);
#912=LINE('',#2157,#1060);
#913=LINE('',#2158,#1061);
#914=LINE('',#2160,#1062);
#915=LINE('',#2163,#1063);
#916=LINE('',#2165,#1064);
#917=LINE('',#2167,#1065);
#918=LINE('',#2168,#1066);
#919=LINE('',#2171,#1067);
#920=LINE('',#2173,#1068);
#921=LINE('',#2175,#1069);
#922=LINE('',#2176,#1070);
#923=LINE('',#2179,#1071);
#924=LINE('',#2181,#1072);
#925=LINE('',#2183,#1073);
#926=LINE('',#2185,#1074);
#927=LINE('',#2188,#1075);
#928=LINE('',#2190,#1076);
#929=LINE('',#2192,#1077);
#930=LINE('',#2196,#1078);
#931=LINE('',#2198,#1079);
#932=LINE('',#2200,#1080);
#933=LINE('',#2204,#1081);
#934=LINE('',#2205,#1082);
#935=LINE('',#2207,#1083);
#936=LINE('',#2209,#1084);
#937=LINE('',#2210,#1085);
#938=LINE('',#2212,#1086);
#939=LINE('',#2215,#1087);
#940=LINE('',#2217,#1088);
#941=LINE('',#2219,#1089);
#942=LINE('',#2221,#1090);
#943=LINE('',#2223,#1091);
#944=LINE('',#2225,#1092);
#945=LINE('',#2226,#1093);
#946=LINE('',#2228,#1094);
#947=LINE('',#2230,#1095);
#948=LINE('',#2232,#1096);
#949=LINE('',#2236,#1097);
#950=LINE('',#2240,#1098);
#951=LINE('',#2242,#1099);
#952=LINE('',#2244,#1100);
#953=LINE('',#2246,#1101);
#954=LINE('',#2248,#1102);
#955=LINE('',#2252,#1103);
#956=LINE('',#2254,#1104);
#957=LINE('',#2258,#1105);
#958=LINE('',#2262,#1106);
#959=LINE('',#2266,#1107);
#960=LINE('',#2268,#1108);
#961=LINE('',#2271,#1109);
#962=LINE('',#2275,#1110);
#963=LINE('',#2279,#1111);
#964=LINE('',#2281,#1112);
#965=LINE('',#2285,#1113);
#966=LINE('',#2289,#1114);
#967=LINE('',#2293,#1115);
#968=LINE('',#2295,#1116);
#969=LINE('',#2298,#1117);
#970=LINE('',#2302,#1118);
#971=LINE('',#2304,#1119);
#972=LINE('',#2306,#1120);
#973=LINE('',#2308,#1121);
#974=LINE('',#2310,#1122);
#975=LINE('',#2312,#1123);
#976=LINE('',#2316,#1124);
#977=LINE('',#2320,#1125);
#978=LINE('',#2322,#1126);
#979=LINE('',#2324,#1127);
#980=LINE('',#2326,#1128);
#981=LINE('',#2327,#1129);
#982=LINE('',#2331,#1130);
#983=LINE('',#2335,#1131);
#984=LINE('',#2341,#1132);
#985=LINE('',#2345,#1133);
#986=LINE('',#2349,#1134);
#987=LINE('',#2350,#1135);
#988=LINE('',#2352,#1136);
#989=LINE('',#2353,#1137);
#990=LINE('',#2356,#1138);
#991=LINE('',#2357,#1139);
#992=LINE('',#2359,#1140);
#993=LINE('',#2361,#1141);
#994=LINE('',#2421,#1142);
#995=LINE('',#2423,#1143);
#996=LINE('',#2425,#1144);
#997=LINE('',#2427,#1145);
#998=LINE('',#2430,#1146);
#999=LINE('',#2432,#1147);
#1000=LINE('',#2434,#1148);
#1001=LINE('',#2436,#1149);
#1002=LINE('',#2437,#1150);
#1003=LINE('',#2443,#1151);
#1004=LINE('',#2445,#1152);
#1005=LINE('',#2447,#1153);
#1006=LINE('',#2449,#1154);
#1007=LINE('',#2451,#1155);
#1008=LINE('',#2453,#1156);
#1009=LINE('',#2455,#1157);
#1010=LINE('',#2457,#1158);
#1011=LINE('',#2459,#1159);
#1012=LINE('',#2465,#1160);
#1013=LINE('',#2467,#1161);
#1014=LINE('',#2469,#1162);
#1015=LINE('',#2471,#1163);
#1016=LINE('',#2473,#1164);
#1017=LINE('',#2475,#1165);
#1018=LINE('',#2477,#1166);
#1019=LINE('',#2479,#1167);
#1020=LINE('',#2481,#1168);
#1021=LINE('',#2487,#1169);
#1022=LINE('',#2489,#1170);
#1023=LINE('',#2491,#1171);
#1024=LINE('',#2493,#1172);
#1025=LINE('',#2496,#1173);
#1026=LINE('',#2498,#1174);
#1027=LINE('',#2500,#1175);
#1028=LINE('',#2502,#1176);
#1029=LINE('',#2503,#1177);
#1030=VECTOR('',#1647,1.);
#1031=VECTOR('',#1648,1.);
#1032=VECTOR('',#1649,1.);
#1033=VECTOR('',#1650,1.);
#1034=VECTOR('',#1651,1.);
#1035=VECTOR('',#1652,1.);
#1036=VECTOR('',#1653,1.);
#1037=VECTOR('',#1654,1.);
#1038=VECTOR('',#1655,1.);
#1039=VECTOR('',#1656,1.);
#1040=VECTOR('',#1657,1.);
#1041=VECTOR('',#1658,1.);
#1042=VECTOR('',#1661,1.);
#1043=VECTOR('',#1662,1.);
#1044=VECTOR('',#1663,1.);
#1045=VECTOR('',#1664,1.);
#1046=VECTOR('',#1667,1.);
#1047=VECTOR('',#1668,1.);
#1048=VECTOR('',#1669,1.);
#1049=VECTOR('',#1670,1.);
#1050=VECTOR('',#1673,1.);
#1051=VECTOR('',#1674,1.);
#1052=VECTOR('',#1675,1.);
#1053=VECTOR('',#1676,1.);
#1054=VECTOR('',#1679,1.);
#1055=VECTOR('',#1680,1.);
#1056=VECTOR('',#1681,1.);
#1057=VECTOR('',#1682,1.);
#1058=VECTOR('',#1685,1.);
#1059=VECTOR('',#1692,1.);
#1060=VECTOR('',#1693,1.);
#1061=VECTOR('',#1694,1.);
#1062=VECTOR('',#1697,1.);
#1063=VECTOR('',#1698,1.);
#1064=VECTOR('',#1699,1.);
#1065=VECTOR('',#1700,1.);
#1066=VECTOR('',#1701,1.);
#1067=VECTOR('',#1702,1.);
#1068=VECTOR('',#1703,1.);
#1069=VECTOR('',#1704,1.);
#1070=VECTOR('',#1705,1.);
#1071=VECTOR('',#1706,1.);
#1072=VECTOR('',#1707,1.);
#1073=VECTOR('',#1708,1.);
#1074=VECTOR('',#1711,1.);
#1075=VECTOR('',#1712,1.);
#1076=VECTOR('',#1713,1.);
#1077=VECTOR('',#1714,1.);
#1078=VECTOR('',#1719,1.);
#1079=VECTOR('',#1720,1.);
#1080=VECTOR('',#1721,1.);
#1081=VECTOR('',#1726,1.);
#1082=VECTOR('',#1727,1.);
#1083=VECTOR('',#1728,1.);
#1084=VECTOR('',#1729,1.);
#1085=VECTOR('',#1730,1.);
#1086=VECTOR('',#1733,1.);
#1087=VECTOR('',#1734,1.);
#1088=VECTOR('',#1735,1.);
#1089=VECTOR('',#1736,1.);
#1090=VECTOR('',#1739,1.);
#1091=VECTOR('',#1740,1.);
#1092=VECTOR('',#1741,1.);
#1093=VECTOR('',#1742,1.);
#1094=VECTOR('',#1743,1.);
#1095=VECTOR('',#1744,1.);
#1096=VECTOR('',#1747,1.);
#1097=VECTOR('',#1750,1.);
#1098=VECTOR('',#1753,1.);
#1099=VECTOR('',#1756,1.);
#1100=VECTOR('',#1757,1.);
#1101=VECTOR('',#1758,1.);
#1102=VECTOR('',#1761,1.);
#1103=VECTOR('',#1764,1.);
#1104=VECTOR('',#1765,1.);
#1105=VECTOR('',#1768,1.);
#1106=VECTOR('',#1771,1.);
#1107=VECTOR('',#1774,1.);
#1108=VECTOR('',#1775,1.);
#1109=VECTOR('',#1778,1.);
#1110=VECTOR('',#1783,1.);
#1111=VECTOR('',#1786,1.);
#1112=VECTOR('',#1787,1.);
#1113=VECTOR('',#1790,1.);
#1114=VECTOR('',#1793,1.);
#1115=VECTOR('',#1796,1.);
#1116=VECTOR('',#1797,1.);
#1117=VECTOR('',#1800,1.);
#1118=VECTOR('',#1805,1.);
#1119=VECTOR('',#1806,1.);
#1120=VECTOR('',#1807,1.);
#1121=VECTOR('',#1810,1.);
#1122=VECTOR('',#1811,1.);
#1123=VECTOR('',#1812,1.);
#1124=VECTOR('',#1817,1.);
#1125=VECTOR('',#1822,1.);
#1126=VECTOR('',#1823,1.);
#1127=VECTOR('',#1824,1.);
#1128=VECTOR('',#1827,1.);
#1129=VECTOR('',#1828,1.);
#1130=VECTOR('',#1833,1.);
#1131=VECTOR('',#1836,1.);
#1132=VECTOR('',#1843,1.);
#1133=VECTOR('',#1846,1.);
#1134=VECTOR('',#1851,1.);
#1135=VECTOR('',#1852,1.);
#1136=VECTOR('',#1855,1.);
#1137=VECTOR('',#1856,1.);
#1138=VECTOR('',#1861,1.);
#1139=VECTOR('',#1862,1.);
#1140=VECTOR('',#1865,1.);
#1141=VECTOR('',#1868,1.);
#1142=VECTOR('',#1987,1.);
#1143=VECTOR('',#1988,1.);
#1144=VECTOR('',#1989,1.);
#1145=VECTOR('',#1992,1.);
#1146=VECTOR('',#1993,1.);
#1147=VECTOR('',#1994,1.);
#1148=VECTOR('',#1995,1.);
#1149=VECTOR('',#1998,1.);
#1150=VECTOR('',#1999,1.);
#1151=VECTOR('',#2010,1.);
#1152=VECTOR('',#2011,1.);
#1153=VECTOR('',#2012,1.);
#1154=VECTOR('',#2015,1.);
#1155=VECTOR('',#2016,1.);
#1156=VECTOR('',#2017,1.);
#1157=VECTOR('',#2020,1.);
#1158=VECTOR('',#2021,1.);
#1159=VECTOR('',#2022,1.);
#1160=VECTOR('',#2033,1.);
#1161=VECTOR('',#2034,1.);
#1162=VECTOR('',#2035,1.);
#1163=VECTOR('',#2038,1.);
#1164=VECTOR('',#2039,1.);
#1165=VECTOR('',#2040,1.);
#1166=VECTOR('',#2043,1.);
#1167=VECTOR('',#2044,1.);
#1168=VECTOR('',#2045,1.);
#1169=VECTOR('',#2056,1.);
#1170=VECTOR('',#2057,1.);
#1171=VECTOR('',#2058,1.);
#1172=VECTOR('',#2061,1.);
#1173=VECTOR('',#2062,1.);
#1174=VECTOR('',#2063,1.);
#1175=VECTOR('',#2064,1.);
#1176=VECTOR('',#2067,1.);
#1177=VECTOR('',#2068,1.);
#1178=EDGE_LOOP('',(#120,#121,#122,#123));
#1179=EDGE_LOOP('',(#124,#125,#126,#127));
#1180=EDGE_LOOP('',(#128,#129,#130,#131));
#1181=EDGE_LOOP('',(#132,#133,#134,#135));
#1182=EDGE_LOOP('',(#136,#137,#138,#139));
#1183=EDGE_LOOP('',(#140,#141,#142,#143));
#1184=EDGE_LOOP('',(#144,#145,#146,#147));
#1185=EDGE_LOOP('',(#148,#149,#150,#151));
#1186=EDGE_LOOP('',(#152,#153,#154,#155));
#1187=EDGE_LOOP('',(#156,#157,#158,#159));
#1188=EDGE_LOOP('',(#160,#161,#162,#163));
#1189=EDGE_LOOP('',(#164,#165,#166,#167));
#1190=EDGE_LOOP('',(#168,#169,#170,#171));
#1191=EDGE_LOOP('',(#172,#173,#174,#175,#176,#177));
#1192=EDGE_LOOP('',(#178,#179,#180,#181,#182,#183,#184,#185));
#1193=EDGE_LOOP('',(#186,#187,#188,#189));
#1194=EDGE_LOOP('',(#190,#191,#192,#193,#194,#195,#196,#197));
#1195=EDGE_LOOP('',(#198,#199,#200,#201,#202,#203));
#1196=EDGE_LOOP('',(#204,#205,#206,#207));
#1197=EDGE_LOOP('',(#208,#209,#210,#211,#212,#213,#214,#215,#216,#217,#218,
#219,#220,#221,#222,#223,#224,#225,#226,#227));
#1198=EDGE_LOOP('',(#228,#229,#230,#231,#232,#233,#234,#235,#236,#237,#238,
#239,#240,#241,#242,#243,#244,#245,#246,#247));
#1199=EDGE_LOOP('',(#248,#249,#250,#251));
#1200=EDGE_LOOP('',(#252,#253,#254,#255));
#1201=EDGE_LOOP('',(#256,#257,#258,#259));
#1202=EDGE_LOOP('',(#260,#261,#262,#263));
#1203=EDGE_LOOP('',(#264,#265,#266,#267));
#1204=EDGE_LOOP('',(#268,#269,#270,#271,#272,#273,#274,#275,#276,#277,#278,
#279,#280,#281));
#1205=EDGE_LOOP('',(#282,#283,#284,#285,#286,#287,#288,#289,#290,#291,#292,
#293,#294,#295));
#1206=EDGE_LOOP('',(#296,#297,#298,#299));
#1207=EDGE_LOOP('',(#300,#301,#302,#303));
#1208=EDGE_LOOP('',(#304,#305,#306,#307));
#1209=EDGE_LOOP('',(#308,#309,#310,#311));
#1210=EDGE_LOOP('',(#312,#313,#314,#315));
#1211=EDGE_LOOP('',(#316,#317,#318,#319));
#1212=EDGE_LOOP('',(#320,#321,#322,#323));
#1213=EDGE_LOOP('',(#324,#325,#326,#327));
#1214=EDGE_LOOP('',(#328,#329,#330));
#1215=EDGE_LOOP('',(#331,#332,#333,#334));
#1216=EDGE_LOOP('',(#335,#336,#337));
#1217=EDGE_LOOP('',(#338,#339,#340,#341));
#1218=EDGE_LOOP('',(#342,#343,#344,#345));
#1219=EDGE_LOOP('',(#346,#347,#348,#349));
#1220=EDGE_LOOP('',(#350,#351,#352,#353));
#1221=EDGE_LOOP('',(#354,#355,#356,#357));
#1222=EDGE_LOOP('',(#358,#359,#360,#361));
#1223=EDGE_LOOP('',(#362,#363,#364,#365));
#1224=EDGE_LOOP('',(#366,#367,#368,#369));
#1225=EDGE_LOOP('',(#370,#371,#372));
#1226=EDGE_LOOP('',(#373,#374,#375,#376));
#1227=EDGE_LOOP('',(#377,#378,#379,#380));
#1228=EDGE_LOOP('',(#381,#382,#383));
#1229=EDGE_LOOP('',(#384,#385,#386,#387));
#1230=EDGE_LOOP('',(#388,#389,#390,#391));
#1231=EDGE_LOOP('',(#392,#393,#394,#395));
#1232=EDGE_LOOP('',(#396,#397,#398,#399));
#1233=EDGE_LOOP('',(#400,#401,#402,#403));
#1234=EDGE_LOOP('',(#404,#405,#406,#407));
#1235=EDGE_LOOP('',(#408,#409,#410,#411));
#1236=EDGE_LOOP('',(#412,#413,#414,#415));
#1237=EDGE_LOOP('',(#416,#417,#418,#419));
#1238=EDGE_LOOP('',(#420,#421,#422,#423));
#1239=EDGE_LOOP('',(#424,#425,#426,#427));
#1240=EDGE_LOOP('',(#428,#429,#430,#431));
#1241=EDGE_LOOP('',(#432,#433,#434,#435));
#1242=EDGE_LOOP('',(#436,#437,#438,#439));
#1243=EDGE_LOOP('',(#440,#441,#442,#443));
#1244=EDGE_LOOP('',(#444,#445,#446,#447));
#1245=EDGE_LOOP('',(#448,#449,#450,#451,#452));
#1246=EDGE_LOOP('',(#453,#454,#455,#456,#457));
#1247=EDGE_LOOP('',(#458,#459,#460,#461));
#1248=EDGE_LOOP('',(#462,#463,#464,#465));
#1249=EDGE_LOOP('',(#466,#467,#468,#469));
#1250=EDGE_LOOP('',(#470,#471,#472,#473,#474));
#1251=EDGE_LOOP('',(#475,#476,#477,#478,#479));
#1252=EDGE_LOOP('',(#480,#481,#482,#483));
#1253=EDGE_LOOP('',(#484,#485,#486,#487));
#1254=EDGE_LOOP('',(#488,#489,#490,#491));
#1255=EDGE_LOOP('',(#492,#493,#494,#495,#496));
#1256=EDGE_LOOP('',(#497,#498,#499,#500,#501));
#1257=EDGE_LOOP('',(#502,#503,#504,#505));
#1258=EDGE_LOOP('',(#506,#507,#508,#509));
#1259=EDGE_LOOP('',(#510,#511,#512,#513));
#1260=EDGE_LOOP('',(#514,#515,#516,#517,#518));
#1261=EDGE_LOOP('',(#519,#520,#521,#522,#523));
#1262=EDGE_LOOP('',(#524,#525,#526,#527));
#1263=EDGE_LOOP('',(#528,#529,#530,#531));
#1264=EDGE_LOOP('',(#532,#533,#534,#535));
#1265=EDGE_LOOP('',(#536,#537,#538,#539));
#1266=FACE_BOUND('',#1178,.T.);
#1267=FACE_BOUND('',#1179,.T.);
#1268=FACE_BOUND('',#1180,.T.);
#1269=FACE_BOUND('',#1181,.T.);
#1270=FACE_BOUND('',#1182,.T.);
#1271=FACE_BOUND('',#1183,.T.);
#1272=FACE_BOUND('',#1184,.T.);
#1273=FACE_BOUND('',#1185,.T.);
#1274=FACE_BOUND('',#1186,.T.);
#1275=FACE_BOUND('',#1187,.T.);
#1276=FACE_BOUND('',#1188,.T.);
#1277=FACE_BOUND('',#1189,.T.);
#1278=FACE_BOUND('',#1190,.T.);
#1279=FACE_BOUND('',#1191,.T.);
#1280=FACE_BOUND('',#1192,.T.);
#1281=FACE_BOUND('',#1193,.T.);
#1282=FACE_BOUND('',#1194,.T.);
#1283=FACE_BOUND('',#1195,.T.);
#1284=FACE_BOUND('',#1196,.T.);
#1285=FACE_BOUND('',#1197,.T.);
#1286=FACE_BOUND('',#1198,.T.);
#1287=FACE_BOUND('',#1199,.T.);
#1288=FACE_BOUND('',#1200,.T.);
#1289=FACE_BOUND('',#1201,.T.);
#1290=FACE_BOUND('',#1202,.T.);
#1291=FACE_BOUND('',#1203,.T.);
#1292=FACE_BOUND('',#1204,.T.);
#1293=FACE_BOUND('',#1205,.T.);
#1294=FACE_BOUND('',#1206,.T.);
#1295=FACE_BOUND('',#1207,.T.);
#1296=FACE_BOUND('',#1208,.T.);
#1297=FACE_BOUND('',#1209,.T.);
#1298=FACE_BOUND('',#1210,.T.);
#1299=FACE_BOUND('',#1211,.T.);
#1300=FACE_BOUND('',#1212,.T.);
#1301=FACE_BOUND('',#1213,.T.);
#1302=FACE_BOUND('',#1214,.T.);
#1303=FACE_BOUND('',#1215,.T.);
#1304=FACE_BOUND('',#1216,.T.);
#1305=FACE_BOUND('',#1217,.T.);
#1306=FACE_BOUND('',#1218,.T.);
#1307=FACE_BOUND('',#1219,.T.);
#1308=FACE_BOUND('',#1220,.T.);
#1309=FACE_BOUND('',#1221,.T.);
#1310=FACE_BOUND('',#1222,.T.);
#1311=FACE_BOUND('',#1223,.T.);
#1312=FACE_BOUND('',#1224,.T.);
#1313=FACE_BOUND('',#1225,.T.);
#1314=FACE_BOUND('',#1226,.T.);
#1315=FACE_BOUND('',#1227,.T.);
#1316=FACE_BOUND('',#1228,.T.);
#1317=FACE_BOUND('',#1229,.T.);
#1318=FACE_BOUND('',#1230,.T.);
#1319=FACE_BOUND('',#1231,.T.);
#1320=FACE_BOUND('',#1232,.T.);
#1321=FACE_BOUND('',#1233,.T.);
#1322=FACE_BOUND('',#1234,.T.);
#1323=FACE_BOUND('',#1235,.T.);
#1324=FACE_BOUND('',#1236,.T.);
#1325=FACE_BOUND('',#1237,.T.);
#1326=FACE_BOUND('',#1238,.T.);
#1327=FACE_BOUND('',#1239,.T.);
#1328=FACE_BOUND('',#1240,.T.);
#1329=FACE_BOUND('',#1241,.T.);
#1330=FACE_BOUND('',#1242,.T.);
#1331=FACE_BOUND('',#1243,.T.);
#1332=FACE_BOUND('',#1244,.T.);
#1333=FACE_BOUND('',#1245,.T.);
#1334=FACE_BOUND('',#1246,.T.);
#1335=FACE_BOUND('',#1247,.T.);
#1336=FACE_BOUND('',#1248,.T.);
#1337=FACE_BOUND('',#1249,.T.);
#1338=FACE_BOUND('',#1250,.T.);
#1339=FACE_BOUND('',#1251,.T.);
#1340=FACE_BOUND('',#1252,.T.);
#1341=FACE_BOUND('',#1253,.T.);
#1342=FACE_BOUND('',#1254,.T.);
#1343=FACE_BOUND('',#1255,.T.);
#1344=FACE_BOUND('',#1256,.T.);
#1345=FACE_BOUND('',#1257,.T.);
#1346=FACE_BOUND('',#1258,.T.);
#1347=FACE_BOUND('',#1259,.T.);
#1348=FACE_BOUND('',#1260,.T.);
#1349=FACE_BOUND('',#1261,.T.);
#1350=FACE_BOUND('',#1262,.T.);
#1351=FACE_BOUND('',#1263,.T.);
#1352=FACE_BOUND('',#1264,.T.);
#1353=FACE_BOUND('',#1265,.T.);
#1354=PLANE('',#1497);
#1355=PLANE('',#1498);
#1356=PLANE('',#1499);
#1357=PLANE('',#1500);
#1358=PLANE('',#1501);
#1359=PLANE('',#1505);
#1360=PLANE('',#1506);
#1361=PLANE('',#1507);
#1362=PLANE('',#1508);
#1363=PLANE('',#1511);
#1364=PLANE('',#1512);
#1365=PLANE('',#1513);
#1366=PLANE('',#1514);
#1367=PLANE('',#1517);
#1368=PLANE('',#1518);
#1369=PLANE('',#1525);
#1370=PLANE('',#1532);
#1371=PLANE('',#1533);
#1372=PLANE('',#1537);
#1373=PLANE('',#1538);
#1374=PLANE('',#1539);
#1375=PLANE('',#1543);
#1376=PLANE('',#1547);
#1377=PLANE('',#1548);
#1378=PLANE('',#1551);
#1379=PLANE('',#1552);
#1380=PLANE('',#1611);
#1381=PLANE('',#1612);
#1382=PLANE('',#1613);
#1383=PLANE('',#1614);
#1384=PLANE('',#1616);
#1385=PLANE('',#1618);
#1386=PLANE('',#1619);
#1387=PLANE('',#1620);
#1388=PLANE('',#1621);
#1389=PLANE('',#1623);
#1390=PLANE('',#1625);
#1391=PLANE('',#1626);
#1392=PLANE('',#1627);
#1393=PLANE('',#1628);
#1394=PLANE('',#1630);
#1395=PLANE('',#1632);
#1396=PLANE('',#1633);
#1397=PLANE('',#1634);
#1398=PLANE('',#1635);
#1399=PLANE('',#1637);
#1400=ADVANCED_FACE('',(#1266,#1267,#1268),#1354,.T.);
#1401=ADVANCED_FACE('',(#1269),#1355,.T.);
#1402=ADVANCED_FACE('',(#1270),#1356,.T.);
#1403=ADVANCED_FACE('',(#1271),#1357,.T.);
#1404=ADVANCED_FACE('',(#1272),#1358,.T.);
#1405=ADVANCED_FACE('',(#1273),#92,.T.);
#1406=ADVANCED_FACE('',(#1274),#1359,.T.);
#1407=ADVANCED_FACE('',(#1275,#1276,#1277),#1360,.T.);
#1408=ADVANCED_FACE('',(#1278),#1361,.T.);
#1409=ADVANCED_FACE('',(#1279),#1362,.T.);
#1410=ADVANCED_FACE('',(#1280),#1363,.T.);
#1411=ADVANCED_FACE('',(#1281),#1364,.T.);
#1412=ADVANCED_FACE('',(#1282),#1365,.T.);
#1413=ADVANCED_FACE('',(#1283),#1366,.T.);
#1414=ADVANCED_FACE('',(#1284),#1367,.T.);
#1415=ADVANCED_FACE('',(#1285),#1368,.T.);
#1416=ADVANCED_FACE('',(#1286),#1369,.F.);
#1417=ADVANCED_FACE('',(#1287),#1370,.F.);
#1418=ADVANCED_FACE('',(#1288),#1371,.F.);
#1419=ADVANCED_FACE('',(#1289),#93,.F.);
#1420=ADVANCED_FACE('',(#1290),#1372,.F.);
#1421=ADVANCED_FACE('',(#1291),#1373,.F.);
#1422=ADVANCED_FACE('',(#1292),#1374,.F.);
#1423=ADVANCED_FACE('',(#1293),#1375,.T.);
#1424=ADVANCED_FACE('',(#1294),#1376,.F.);
#1425=ADVANCED_FACE('',(#1295),#1377,.F.);
#1426=ADVANCED_FACE('',(#1296),#94,.F.);
#1427=ADVANCED_FACE('',(#1297),#95,.F.);
#1428=ADVANCED_FACE('',(#1298),#1378,.F.);
#1429=ADVANCED_FACE('',(#1299),#1379,.F.);
#1430=ADVANCED_FACE('',(#1300),#96,.T.);
#1431=ADVANCED_FACE('',(#1301),#97,.T.);
#1432=ADVANCED_FACE('',(#1302),#26,.T.);
#1433=ADVANCED_FACE('',(#1303),#20,.T.);
#1434=ADVANCED_FACE('',(#1304),#27,.T.);
#1435=ADVANCED_FACE('',(#1305),#98,.T.);
#1436=ADVANCED_FACE('',(#1306),#99,.T.);
#1437=ADVANCED_FACE('',(#1307),#100,.T.);
#1438=ADVANCED_FACE('',(#1308),#101,.T.);
#1439=ADVANCED_FACE('',(#1309),#102,.T.);
#1440=ADVANCED_FACE('',(#1310),#103,.T.);
#1441=ADVANCED_FACE('',(#1311),#104,.T.);
#1442=ADVANCED_FACE('',(#1312),#105,.T.);
#1443=ADVANCED_FACE('',(#1313),#28,.T.);
#1444=ADVANCED_FACE('',(#1314),#21,.T.);
#1445=ADVANCED_FACE('',(#1315),#22,.T.);
#1446=ADVANCED_FACE('',(#1316),#29,.T.);
#1447=ADVANCED_FACE('',(#1317),#106,.T.);
#1448=ADVANCED_FACE('',(#1318),#107,.F.);
#1449=ADVANCED_FACE('',(#1319),#108,.F.);
#1450=ADVANCED_FACE('',(#1320),#109,.T.);
#1451=ADVANCED_FACE('',(#1321),#23,.T.);
#1452=ADVANCED_FACE('',(#1322),#24,.T.);
#1453=ADVANCED_FACE('',(#1323),#110,.T.);
#1454=ADVANCED_FACE('',(#1324),#111,.T.);
#1455=ADVANCED_FACE('',(#1325),#25,.T.);
#1456=ADVANCED_FACE('',(#1326),#112,.T.);
#1457=ADVANCED_FACE('',(#1327),#113,.T.);
#1458=ADVANCED_FACE('',(#1328),#114,.T.);
#1459=ADVANCED_FACE('',(#1329),#115,.T.);
#1460=ADVANCED_FACE('',(#1330),#1380,.T.);
#1461=ADVANCED_FACE('',(#1331),#1381,.T.);
#1462=ADVANCED_FACE('',(#1332),#1382,.T.);
#1463=ADVANCED_FACE('',(#1333),#1383,.T.);
#1464=ADVANCED_FACE('',(#1334),#1384,.F.);
#1465=ADVANCED_FACE('',(#1335),#1385,.T.);
#1466=ADVANCED_FACE('',(#1336),#1386,.T.);
#1467=ADVANCED_FACE('',(#1337),#1387,.T.);
#1468=ADVANCED_FACE('',(#1338),#1388,.F.);
#1469=ADVANCED_FACE('',(#1339),#1389,.T.);
#1470=ADVANCED_FACE('',(#1340),#1390,.F.);
#1471=ADVANCED_FACE('',(#1341),#1391,.F.);
#1472=ADVANCED_FACE('',(#1342),#1392,.F.);
#1473=ADVANCED_FACE('',(#1343),#1393,.T.);
#1474=ADVANCED_FACE('',(#1344),#1394,.F.);
#1475=ADVANCED_FACE('',(#1345),#1395,.F.);
#1476=ADVANCED_FACE('',(#1346),#1396,.F.);
#1477=ADVANCED_FACE('',(#1347),#1397,.F.);
#1478=ADVANCED_FACE('',(#1348),#1398,.F.);
#1479=ADVANCED_FACE('',(#1349),#1399,.T.);
#1480=ADVANCED_FACE('',(#1350),#116,.T.);
#1481=ADVANCED_FACE('',(#1351),#117,.T.);
#1482=ADVANCED_FACE('',(#1352),#118,.T.);
#1483=ADVANCED_FACE('',(#1353),#119,.T.);
#1484=CLOSED_SHELL('',(#1400,#1401,#1402,#1403,#1404,#1405,#1406,#1407,
#1408,#1409,#1410,#1411,#1412,#1413,#1414,#1415,#1416,#1417,#1418,#1419,
#1420,#1421,#1422,#1423,#1424,#1425,#1426,#1427,#1428,#1429,#1430,#1431,
#1432,#1433,#1434,#1435,#1436,#1437,#1438,#1439,#1440,#1441,#1442,#1443,
#1444,#1445,#1446,#1447,#1448,#1449,#1450,#1451,#1452,#1453,#1454,#1455,
#1456,#1457,#1458,#1459,#1460,#1461,#1462,#1463,#1464,#1465,#1466,#1467,
#1468,#1469,#1470,#1471,#1472,#1473,#1474,#1475,#1476,#1477,#1478,#1479,
#1480,#1481,#1482,#1483));
#1485=STYLED_ITEM('',(#1486),#1493);
#1486=PRESENTATION_STYLE_ASSIGNMENT((#1487));
#1487=SURFACE_STYLE_USAGE(.BOTH.,#1488);
#1488=SURFACE_SIDE_STYLE('',(#1489));
#1489=SURFACE_STYLE_FILL_AREA(#1490);
#1490=FILL_AREA_STYLE('',(#1491));
#1491=FILL_AREA_STYLE_COLOUR('',#1492);
#1492=COLOUR_RGB('',0.752941176470588,0.752941176470588,0.752941176470588);
#1493=MANIFOLD_SOLID_BREP('Part 127',#1484);
#1494=SHAPE_DEFINITION_REPRESENTATION(#2518,#1495);
#1495=SHAPE_REPRESENTATION('Part 127',(#1496),#2513);
#1496=AXIS2_PLACEMENT_3D('',#2085,#1643,#1644);
#1497=AXIS2_PLACEMENT_3D('',#2086,#1645,#1646);
#1498=AXIS2_PLACEMENT_3D('',#2111,#1659,#1660);
#1499=AXIS2_PLACEMENT_3D('',#2120,#1665,#1666);
#1500=AXIS2_PLACEMENT_3D('',#2129,#1671,#1672);
#1501=AXIS2_PLACEMENT_3D('',#2138,#1677,#1678);
#1502=AXIS2_PLACEMENT_3D('',#2147,#1683,#1684);
#1503=AXIS2_PLACEMENT_3D('',#2151,#1686,#1687);
#1504=AXIS2_PLACEMENT_3D('',#2152,#1688,#1689);
#1505=AXIS2_PLACEMENT_3D('',#2153,#1690,#1691);
#1506=AXIS2_PLACEMENT_3D('',#2159,#1695,#1696);
#1507=AXIS2_PLACEMENT_3D('',#2184,#1709,#1710);
#1508=AXIS2_PLACEMENT_3D('',#2193,#1715,#1716);
#1509=AXIS2_PLACEMENT_3D('',#2194,#1717,#1718);
#1510=AXIS2_PLACEMENT_3D('',#2202,#1722,#1723);
#1511=AXIS2_PLACEMENT_3D('',#2203,#1724,#1725);
#1512=AXIS2_PLACEMENT_3D('',#2211,#1731,#1732);
#1513=AXIS2_PLACEMENT_3D('',#2220,#1737,#1738);
#1514=AXIS2_PLACEMENT_3D('',#2231,#1745,#1746);
#1515=AXIS2_PLACEMENT_3D('',#2234,#1748,#1749);
#1516=AXIS2_PLACEMENT_3D('',#2238,#1751,#1752);
#1517=AXIS2_PLACEMENT_3D('',#2241,#1754,#1755);
#1518=AXIS2_PLACEMENT_3D('',#2247,#1759,#1760);
#1519=AXIS2_PLACEMENT_3D('',#2251,#1762,#1763);
#1520=AXIS2_PLACEMENT_3D('',#2256,#1766,#1767);
#1521=AXIS2_PLACEMENT_3D('',#2260,#1769,#1770);
#1522=AXIS2_PLACEMENT_3D('',#2264,#1772,#1773);
#1523=AXIS2_PLACEMENT_3D('',#2269,#1776,#1777);
#1524=AXIS2_PLACEMENT_3D('',#2273,#1779,#1780);
#1525=AXIS2_PLACEMENT_3D('',#2274,#1781,#1782);
#1526=AXIS2_PLACEMENT_3D('',#2278,#1784,#1785);
#1527=AXIS2_PLACEMENT_3D('',#2283,#1788,#1789);
#1528=AXIS2_PLACEMENT_3D('',#2287,#1791,#1792);
#1529=AXIS2_PLACEMENT_3D('',#2291,#1794,#1795);
#1530=AXIS2_PLACEMENT_3D('',#2296,#1798,#1799);
#1531=AXIS2_PLACEMENT_3D('',#2300,#1801,#1802);
#1532=AXIS2_PLACEMENT_3D('',#2301,#1803,#1804);
#1533=AXIS2_PLACEMENT_3D('',#2307,#1808,#1809);
#1534=AXIS2_PLACEMENT_3D('',#2313,#1813,#1814);
#1535=AXIS2_PLACEMENT_3D('',#2314,#1815,#1816);
#1536=AXIS2_PLACEMENT_3D('',#2318,#1818,#1819);
#1537=AXIS2_PLACEMENT_3D('',#2319,#1820,#1821);
#1538=AXIS2_PLACEMENT_3D('',#2325,#1825,#1826);
#1539=AXIS2_PLACEMENT_3D('',#2328,#1829,#1830);
#1540=AXIS2_PLACEMENT_3D('',#2329,#1831,#1832);
#1541=AXIS2_PLACEMENT_3D('',#2333,#1834,#1835);
#1542=AXIS2_PLACEMENT_3D('',#2337,#1837,#1838);
#1543=AXIS2_PLACEMENT_3D('',#2338,#1839,#1840);
#1544=AXIS2_PLACEMENT_3D('',#2339,#1841,#1842);
#1545=AXIS2_PLACEMENT_3D('',#2343,#1844,#1845);
#1546=AXIS2_PLACEMENT_3D('',#2347,#1847,#1848);
#1547=AXIS2_PLACEMENT_3D('',#2348,#1849,#1850);
#1548=AXIS2_PLACEMENT_3D('',#2351,#1853,#1854);
#1549=AXIS2_PLACEMENT_3D('',#2354,#1857,#1858);
#1550=AXIS2_PLACEMENT_3D('',#2355,#1859,#1860);
#1551=AXIS2_PLACEMENT_3D('',#2358,#1863,#1864);
#1552=AXIS2_PLACEMENT_3D('',#2360,#1866,#1867);
#1553=AXIS2_PLACEMENT_3D('',#2362,#1869,#1870);
#1554=AXIS2_PLACEMENT_3D('',#2363,#1871,#1872);
#1555=AXIS2_PLACEMENT_3D('',#2364,#1873,#1874);
#1556=AXIS2_PLACEMENT_3D('',#2365,#1875,#1876);
#1557=AXIS2_PLACEMENT_3D('',#2366,#1877,#1878);
#1558=AXIS2_PLACEMENT_3D('',#2367,#1879,#1880);
#1559=AXIS2_PLACEMENT_3D('',#2368,#1881,#1882);
#1560=AXIS2_PLACEMENT_3D('',#2369,#1883,#1884);
#1561=AXIS2_PLACEMENT_3D('',#2370,#1885,#1886);
#1562=AXIS2_PLACEMENT_3D('',#2371,#1887,#1888);
#1563=AXIS2_PLACEMENT_3D('',#2372,#1889,#1890);
#1564=AXIS2_PLACEMENT_3D('',#2373,#1891,#1892);
#1565=AXIS2_PLACEMENT_3D('',#2374,#1893,#1894);
#1566=AXIS2_PLACEMENT_3D('',#2375,#1895,#1896);
#1567=AXIS2_PLACEMENT_3D('',#2376,#1897,#1898);
#1568=AXIS2_PLACEMENT_3D('',#2377,#1899,#1900);
#1569=AXIS2_PLACEMENT_3D('',#2378,#1901,#1902);
#1570=AXIS2_PLACEMENT_3D('',#2379,#1903,#1904);
#1571=AXIS2_PLACEMENT_3D('',#2380,#1905,#1906);
#1572=AXIS2_PLACEMENT_3D('',#2381,#1907,#1908);
#1573=AXIS2_PLACEMENT_3D('',#2382,#1909,#1910);
#1574=AXIS2_PLACEMENT_3D('',#2383,#1911,#1912);
#1575=AXIS2_PLACEMENT_3D('',#2384,#1913,#1914);
#1576=AXIS2_PLACEMENT_3D('',#2385,#1915,#1916);
#1577=AXIS2_PLACEMENT_3D('',#2386,#1917,#1918);
#1578=AXIS2_PLACEMENT_3D('',#2387,#1919,#1920);
#1579=AXIS2_PLACEMENT_3D('',#2388,#1921,#1922);
#1580=AXIS2_PLACEMENT_3D('',#2389,#1923,#1924);
#1581=AXIS2_PLACEMENT_3D('',#2390,#1925,#1926);
#1582=AXIS2_PLACEMENT_3D('',#2391,#1927,#1928);
#1583=AXIS2_PLACEMENT_3D('',#2392,#1929,#1930);
#1584=AXIS2_PLACEMENT_3D('',#2393,#1931,#1932);
#1585=AXIS2_PLACEMENT_3D('',#2394,#1933,#1934);
#1586=AXIS2_PLACEMENT_3D('',#2395,#1935,#1936);
#1587=AXIS2_PLACEMENT_3D('',#2396,#1937,#1938);
#1588=AXIS2_PLACEMENT_3D('',#2397,#1939,#1940);
#1589=AXIS2_PLACEMENT_3D('',#2398,#1941,#1942);
#1590=AXIS2_PLACEMENT_3D('',#2399,#1943,#1944);
#1591=AXIS2_PLACEMENT_3D('',#2400,#1945,#1946);
#1592=AXIS2_PLACEMENT_3D('',#2401,#1947,#1948);
#1593=AXIS2_PLACEMENT_3D('',#2402,#1949,#1950);
#1594=AXIS2_PLACEMENT_3D('',#2403,#1951,#1952);
#1595=AXIS2_PLACEMENT_3D('',#2404,#1953,#1954);
#1596=AXIS2_PLACEMENT_3D('',#2405,#1955,#1956);
#1597=AXIS2_PLACEMENT_3D('',#2406,#1957,#1958);
#1598=AXIS2_PLACEMENT_3D('',#2407,#1959,#1960);
#1599=AXIS2_PLACEMENT_3D('',#2408,#1961,#1962);
#1600=AXIS2_PLACEMENT_3D('',#2409,#1963,#1964);
#1601=AXIS2_PLACEMENT_3D('',#2410,#1965,#1966);
#1602=AXIS2_PLACEMENT_3D('',#2411,#1967,#1968);
#1603=AXIS2_PLACEMENT_3D('',#2412,#1969,#1970);
#1604=AXIS2_PLACEMENT_3D('',#2413,#1971,#1972);
#1605=AXIS2_PLACEMENT_3D('',#2414,#1973,#1974);
#1606=AXIS2_PLACEMENT_3D('',#2415,#1975,#1976);
#1607=AXIS2_PLACEMENT_3D('',#2416,#1977,#1978);
#1608=AXIS2_PLACEMENT_3D('',#2417,#1979,#1980);
#1609=AXIS2_PLACEMENT_3D('',#2418,#1981,#1982);
#1610=AXIS2_PLACEMENT_3D('',#2419,#1983,#1984);
#1611=AXIS2_PLACEMENT_3D('',#2420,#1985,#1986);
#1612=AXIS2_PLACEMENT_3D('',#2426,#1990,#1991);
#1613=AXIS2_PLACEMENT_3D('',#2435,#1996,#1997);
#1614=AXIS2_PLACEMENT_3D('',#2438,#2000,#2001);
#1615=AXIS2_PLACEMENT_3D('',#2439,#2002,#2003);
#1616=AXIS2_PLACEMENT_3D('',#2440,#2004,#2005);
#1617=AXIS2_PLACEMENT_3D('',#2441,#2006,#2007);
#1618=AXIS2_PLACEMENT_3D('',#2442,#2008,#2009);
#1619=AXIS2_PLACEMENT_3D('',#2448,#2013,#2014);
#1620=AXIS2_PLACEMENT_3D('',#2454,#2018,#2019);
#1621=AXIS2_PLACEMENT_3D('',#2460,#2023,#2024);
#1622=AXIS2_PLACEMENT_3D('',#2461,#2025,#2026);
#1623=AXIS2_PLACEMENT_3D('',#2462,#2027,#2028);
#1624=AXIS2_PLACEMENT_3D('',#2463,#2029,#2030);
#1625=AXIS2_PLACEMENT_3D('',#2464,#2031,#2032);
#1626=AXIS2_PLACEMENT_3D('',#2470,#2036,#2037);
#1627=AXIS2_PLACEMENT_3D('',#2476,#2041,#2042);
#1628=AXIS2_PLACEMENT_3D('',#2482,#2046,#2047);
#1629=AXIS2_PLACEMENT_3D('',#2483,#2048,#2049);
#1630=AXIS2_PLACEMENT_3D('',#2484,#2050,#2051);
#1631=AXIS2_PLACEMENT_3D('',#2485,#2052,#2053);
#1632=AXIS2_PLACEMENT_3D('',#2486,#2054,#2055);
#1633=AXIS2_PLACEMENT_3D('',#2492,#2059,#2060);
#1634=AXIS2_PLACEMENT_3D('',#2501,#2065,#2066);
#1635=AXIS2_PLACEMENT_3D('',#2504,#2069,#2070);
#1636=AXIS2_PLACEMENT_3D('',#2505,#2071,#2072);
#1637=AXIS2_PLACEMENT_3D('',#2506,#2073,#2074);
#1638=AXIS2_PLACEMENT_3D('',#2507,#2075,#2076);
#1639=AXIS2_PLACEMENT_3D('',#2508,#2077,#2078);
#1640=AXIS2_PLACEMENT_3D('',#2509,#2079,#2080);
#1641=AXIS2_PLACEMENT_3D('',#2510,#2081,#2082);
#1642=AXIS2_PLACEMENT_3D('',#2511,#2083,#2084);
#1643=DIRECTION('',(0.,0.,1.));
#1644=DIRECTION('',(1.,0.,0.));
#1645=DIRECTION('',(0.,0.,1.));
#1646=DIRECTION('',(0.,-1.,0.));
#1647=DIRECTION('',(-1.,0.,0.));
#1648=DIRECTION('',(0.,-1.,0.));
#1649=DIRECTION('',(-1.,0.,0.));
#1650=DIRECTION('',(0.,-1.,0.));
#1651=DIRECTION('',(1.,0.,0.));
#1652=DIRECTION('',(0.,-1.,0.));
#1653=DIRECTION('',(1.,0.,0.));
#1654=DIRECTION('',(0.,-1.,0.));
#1655=DIRECTION('',(1.,0.,0.));
#1656=DIRECTION('',(0.,-1.,0.));
#1657=DIRECTION('',(1.,0.,0.));
#1658=DIRECTION('',(0.,-1.,0.));
#1659=DIRECTION('',(0.,0.,-1.));
#1660=DIRECTION('',(0.,1.,0.));
#1661=DIRECTION('',(0.,1.,0.));
#1662=DIRECTION('',(1.,0.,0.));
#1663=DIRECTION('',(0.,1.,0.));
#1664=DIRECTION('',(1.,0.,0.));
#1665=DIRECTION('',(0.,0.,-1.));
#1666=DIRECTION('',(0.,1.,0.));
#1667=DIRECTION('',(0.,1.,0.));
#1668=DIRECTION('',(1.,0.,0.));
#1669=DIRECTION('',(0.,1.,0.));
#1670=DIRECTION('',(1.,0.,0.));
#1671=DIRECTION('',(0.,0.,-1.));
#1672=DIRECTION('',(0.,1.,0.));
#1673=DIRECTION('',(0.,1.,0.));
#1674=DIRECTION('',(1.,0.,0.));
#1675=DIRECTION('',(0.,1.,0.));
#1676=DIRECTION('',(1.,0.,0.));
#1677=DIRECTION('',(0.,-1.,0.));
#1678=DIRECTION('',(1.,0.,0.));
#1679=DIRECTION('',(1.,0.,0.));
#1680=DIRECTION('',(0.,0.,-1.));
#1681=DIRECTION('',(1.,0.,0.));
#1682=DIRECTION('',(0.,0.,-1.));
#1683=DIRECTION('',(1.,0.,0.));
#1684=DIRECTION('',(0.,1.,0.));
#1685=DIRECTION('',(1.,0.,0.));
#1686=DIRECTION('',(-1.,0.,0.));
#1687=DIRECTION('',(0.,-1.,0.));
#1688=DIRECTION('',(-1.,0.,0.));
#1689=DIRECTION('',(0.,-1.,0.));
#1690=DIRECTION('',(0.,1.,0.));
#1691=DIRECTION('',(-1.,0.,0.));
#1692=DIRECTION('',(1.,0.,0.));
#1693=DIRECTION('',(0.,0.,1.));
#1694=DIRECTION('',(0.,0.,1.));
#1695=DIRECTION('',(0.,0.,1.));
#1696=DIRECTION('',(0.,-1.,0.));
#1697=DIRECTION('',(0.,-1.,0.));
#1698=DIRECTION('',(1.,0.,0.));
#1699=DIRECTION('',(0.,-1.,0.));
#1700=DIRECTION('',(1.,0.,0.));
#1701=DIRECTION('',(0.,-1.,0.));
#1702=DIRECTION('',(-1.,0.,0.));
#1703=DIRECTION('',(0.,-1.,0.));
#1704=DIRECTION('',(-1.,0.,0.));
#1705=DIRECTION('',(1.,0.,0.));
#1706=DIRECTION('',(0.,-1.,0.));
#1707=DIRECTION('',(1.,0.,0.));
#1708=DIRECTION('',(0.,-1.,0.));
#1709=DIRECTION('',(0.,1.,0.));
#1710=DIRECTION('',(-1.,0.,0.));
#1711=DIRECTION('',(1.,0.,0.));
#1712=DIRECTION('',(0.,0.,1.));
#1713=DIRECTION('',(1.,0.,0.));
#1714=DIRECTION('',(0.,0.,1.));
#1715=DIRECTION('',(0.,0.,-1.));
#1716=DIRECTION('',(0.,1.,0.));
#1717=DIRECTION('',(0.,0.,-1.));
#1718=DIRECTION('',(0.,1.,0.));
#1719=DIRECTION('',(0.,1.,0.));
#1720=DIRECTION('',(1.,0.,0.));
#1721=DIRECTION('',(0.,1.,0.));
#1722=DIRECTION('',(0.,0.,-1.));
#1723=DIRECTION('',(0.,1.,0.));
#1724=DIRECTION('',(0.,-1.,0.));
#1725=DIRECTION('',(1.,0.,0.));
#1726=DIRECTION('',(0.,0.,-1.));
#1727=DIRECTION('',(0.,0.,1.));
#1728=DIRECTION('',(1.,0.,0.));
#1729=DIRECTION('',(0.,0.,1.));
#1730=DIRECTION('',(0.,0.,-1.));
#1731=DIRECTION('',(0.,0.,-1.));
#1732=DIRECTION('',(0.,1.,0.));
#1733=DIRECTION('',(0.,1.,0.));
#1734=DIRECTION('',(1.,0.,0.));
#1735=DIRECTION('',(0.,1.,0.));
#1736=DIRECTION('',(1.,0.,0.));
#1737=DIRECTION('',(0.,1.,0.));
#1738=DIRECTION('',(-1.,0.,0.));
#1739=DIRECTION('',(0.,-1.45620895184662E-15,-1.));
#1740=DIRECTION('',(1.,0.,0.));
#1741=DIRECTION('',(0.,-1.45620895184662E-15,-1.));
#1742=DIRECTION('',(0.,0.,1.));
#1743=DIRECTION('',(1.,0.,0.));
#1744=DIRECTION('',(0.,0.,1.));
#1745=DIRECTION('',(0.,0.,-1.));
#1746=DIRECTION('',(0.,1.,0.));
#1747=DIRECTION('',(0.,1.,0.));
#1748=DIRECTION('',(0.,0.,-1.));
#1749=DIRECTION('',(0.,1.,0.));
#1750=DIRECTION('',(1.,0.,0.));
#1751=DIRECTION('',(0.,0.,-1.));
#1752=DIRECTION('',(0.,1.,0.));
#1753=DIRECTION('',(0.,1.,0.));
#1754=DIRECTION('',(0.,-1.,1.45620895184662E-15));
#1755=DIRECTION('',(0.,-1.45620895184662E-15,-1.));
#1756=DIRECTION('',(0.,-1.45620895184662E-15,-1.));
#1757=DIRECTION('',(1.,0.,0.));
#1758=DIRECTION('',(0.,-1.45620895184662E-15,-1.));
#1759=DIRECTION('',(-1.,0.,0.));
#1760=DIRECTION('',(0.,-1.,0.));
#1761=DIRECTION('',(0.,-1.14176730003295E-16,1.));
#1762=DIRECTION('',(-1.,0.,0.));
#1763=DIRECTION('',(0.,-1.,0.));
#1764=DIRECTION('',(0.,-1.45620895184662E-15,-1.));
#1765=DIRECTION('',(0.,-1.,0.));
#1766=DIRECTION('',(-1.,0.,0.));
#1767=DIRECTION('',(0.,-1.,0.));
#1768=DIRECTION('',(0.,0.,-1.));
#1769=DIRECTION('',(-1.,0.,0.));
#1770=DIRECTION('',(0.,-1.,0.));
#1771=DIRECTION('',(0.,0.,1.));
#1772=DIRECTION('',(-1.,0.,0.));
#1773=DIRECTION('',(0.,-1.,0.));
#1774=DIRECTION('',(0.,-1.,0.));
#1775=DIRECTION('',(0.,0.,1.));
#1776=DIRECTION('',(-1.,0.,0.));
#1777=DIRECTION('',(0.,-1.,0.));
#1778=DIRECTION('',(0.,-1.14176730003295E-16,-1.));
#1779=DIRECTION('',(-1.,0.,0.));
#1780=DIRECTION('',(0.,-1.,0.));
#1781=DIRECTION('',(-1.,0.,0.));
#1782=DIRECTION('',(0.,-1.,0.));
#1783=DIRECTION('',(0.,-1.14176730003295E-16,-1.));
#1784=DIRECTION('',(-1.,0.,0.));
#1785=DIRECTION('',(0.,-1.,0.));
#1786=DIRECTION('',(0.,0.,1.));
#1787=DIRECTION('',(0.,-1.,0.));
#1788=DIRECTION('',(-1.,0.,0.));
#1789=DIRECTION('',(0.,-1.,0.));
#1790=DIRECTION('',(0.,0.,1.));
#1791=DIRECTION('',(-1.,0.,0.));
#1792=DIRECTION('',(0.,-1.,0.));
#1793=DIRECTION('',(0.,0.,-1.));
#1794=DIRECTION('',(-1.,0.,0.));
#1795=DIRECTION('',(0.,-1.,0.));
#1796=DIRECTION('',(0.,-1.,0.));
#1797=DIRECTION('',(0.,-1.45620895184662E-15,-1.));
#1798=DIRECTION('',(-1.,0.,0.));
#1799=DIRECTION('',(0.,-1.,0.));
#1800=DIRECTION('',(0.,-1.14176730003295E-16,1.));
#1801=DIRECTION('',(-1.,0.,0.));
#1802=DIRECTION('',(0.,-1.,0.));
#1803=DIRECTION('',(0.,0.,1.));
#1804=DIRECTION('',(0.,-1.,0.));
#1805=DIRECTION('',(0.,-1.,0.));
#1806=DIRECTION('',(1.,0.,0.));
#1807=DIRECTION('',(0.,-1.,0.));
#1808=DIRECTION('',(0.,-1.,0.));
#1809=DIRECTION('',(1.,0.,0.));
#1810=DIRECTION('',(0.,0.,-1.));
#1811=DIRECTION('',(1.,0.,0.));
#1812=DIRECTION('',(0.,0.,-1.));
#1813=DIRECTION('',(1.,0.,0.));
#1814=DIRECTION('',(0.,1.,0.));
#1815=DIRECTION('',(-1.,0.,0.));
#1816=DIRECTION('',(0.,-1.,0.));
#1817=DIRECTION('',(-1.,0.,0.));
#1818=DIRECTION('',(-1.,0.,0.));
#1819=DIRECTION('',(0.,-1.,0.));
#1820=DIRECTION('',(0.,1.,0.));
#1821=DIRECTION('',(-1.,0.,0.));
#1822=DIRECTION('',(0.,0.,1.));
#1823=DIRECTION('',(1.,0.,0.));
#1824=DIRECTION('',(0.,0.,1.));
#1825=DIRECTION('',(0.,0.,1.));
#1826=DIRECTION('',(0.,-1.,0.));
#1827=DIRECTION('',(0.,-1.,0.));
#1828=DIRECTION('',(0.,-1.,0.));
#1829=DIRECTION('',(-1.,0.,0.));
#1830=DIRECTION('',(0.,-1.,0.));
#1831=DIRECTION('',(-1.,0.,0.));
#1832=DIRECTION('',(0.,-1.,0.));
#1833=DIRECTION('',(0.,-1.14176730003295E-16,1.));
#1834=DIRECTION('',(-1.,0.,0.));
#1835=DIRECTION('',(0.,-1.,0.));
#1836=DIRECTION('',(0.,-1.14176730003295E-16,-1.));
#1837=DIRECTION('',(-1.,0.,0.));
#1838=DIRECTION('',(0.,-1.,0.));
#1839=DIRECTION('',(-1.,0.,0.));
#1840=DIRECTION('',(0.,-1.,0.));
#1841=DIRECTION('',(-1.,0.,0.));
#1842=DIRECTION('',(0.,-1.,0.));
#1843=DIRECTION('',(0.,-1.14176730003295E-16,-1.));
#1844=DIRECTION('',(-1.,0.,0.));
#1845=DIRECTION('',(0.,-1.,0.));
#1846=DIRECTION('',(0.,-1.14176730003295E-16,1.));
#1847=DIRECTION('',(-1.,0.,0.));
#1848=DIRECTION('',(0.,-1.,0.));
#1849=DIRECTION('',(0.,1.,-1.14176730003295E-16));
#1850=DIRECTION('',(0.,1.14176730003295E-16,1.));
#1851=DIRECTION('',(1.,0.,0.));
#1852=DIRECTION('',(1.,0.,0.));
#1853=DIRECTION('',(0.,-1.,-1.14176730003295E-16));
#1854=DIRECTION('',(0.,1.14176730003295E-16,-1.));
#1855=DIRECTION('',(1.,0.,0.));
#1856=DIRECTION('',(1.,0.,0.));
#1857=DIRECTION('',(1.,0.,0.));
#1858=DIRECTION('',(0.,1.,0.));
#1859=DIRECTION('',(1.,0.,0.));
#1860=DIRECTION('',(0.,1.,0.));
#1861=DIRECTION('',(1.,0.,0.));
#1862=DIRECTION('',(1.,0.,0.));
#1863=DIRECTION('',(0.,1.,-1.14176730003295E-16));
#1864=DIRECTION('',(0.,1.14176730003295E-16,1.));
#1865=DIRECTION('',(1.,0.,0.));
#1866=DIRECTION('',(0.,-1.,-1.14176730003295E-16));
#1867=DIRECTION('',(0.,1.14176730003295E-16,-1.));
#1868=DIRECTION('',(1.,0.,0.));
#1869=DIRECTION('',(0.,0.,-1.));
#1870=DIRECTION('',(0.,1.,0.));
#1871=DIRECTION('',(0.,0.,1.));
#1872=DIRECTION('',(0.,-1.,0.));
#1873=DIRECTION('',(0.,1.45620895184662E-15,1.));
#1874=DIRECTION('',(0.,-1.,1.45620895184662E-15));
#1875=DIRECTION('',(0.,0.,1.));
#1876=DIRECTION('',(0.,-1.,0.));
#1877=DIRECTION('',(0.,-1.,0.));
#1878=DIRECTION('',(1.,0.,0.));
#1879=DIRECTION('',(0.,1.,0.));
#1880=DIRECTION('',(-1.,0.,0.));
#1881=DIRECTION('',(1.,0.,0.));
#1882=DIRECTION('',(0.,1.,0.));
#1883=DIRECTION('',(-1.,0.,0.));
#1884=DIRECTION('',(0.,-1.,0.));
#1885=DIRECTION('',(0.,0.,-1.));
#1886=DIRECTION('',(0.,1.,0.));
#1887=DIRECTION('',(0.,0.,-1.));
#1888=DIRECTION('',(0.,1.,0.));
#1889=DIRECTION('',(0.,-1.,0.));
#1890=DIRECTION('',(1.,0.,0.));
#1891=DIRECTION('',(1.,0.,0.));
#1892=DIRECTION('',(0.,1.,0.));
#1893=DIRECTION('',(0.,-1.,0.));
#1894=DIRECTION('',(1.,0.,0.));
#1895=DIRECTION('',(0.,0.,1.));
#1896=DIRECTION('',(0.,-1.,0.));
#1897=DIRECTION('',(0.,0.,1.));
#1898=DIRECTION('',(0.,-1.,0.));
#1899=DIRECTION('',(1.,0.,0.));
#1900=DIRECTION('',(0.,1.,0.));
#1901=DIRECTION('',(-1.,0.,0.));
#1902=DIRECTION('',(0.,-1.,0.));
#1903=DIRECTION('',(0.,1.,0.));
#1904=DIRECTION('',(-1.,0.,0.));
#1905=DIRECTION('',(0.,-1.,0.));
#1906=DIRECTION('',(1.,0.,0.));
#1907=DIRECTION('',(0.,0.,-1.));
#1908=DIRECTION('',(0.,1.,0.));
#1909=DIRECTION('',(0.,0.,-1.));
#1910=DIRECTION('',(0.,1.,0.));
#1911=DIRECTION('',(0.,0.,1.));
#1912=DIRECTION('',(0.,-1.,0.));
#1913=DIRECTION('',(0.,0.,-1.));
#1914=DIRECTION('',(0.,1.,0.));
#1915=DIRECTION('',(0.,1.,0.));
#1916=DIRECTION('',(-1.,0.,0.));
#1917=DIRECTION('',(0.,1.,0.));
#1918=DIRECTION('',(-1.,0.,0.));
#1919=DIRECTION('',(1.,0.,0.));
#1920=DIRECTION('',(0.,1.,0.));
#1921=DIRECTION('',(-1.,0.,0.));
#1922=DIRECTION('',(0.,-1.,0.));
#1923=DIRECTION('',(0.,-1.45620895184662E-15,-1.));
#1924=DIRECTION('',(0.,1.,-1.45620895184662E-15));
#1925=DIRECTION('',(0.,0.,1.));
#1926=DIRECTION('',(0.,-1.,0.));
#1927=DIRECTION('',(0.,-1.,0.));
#1928=DIRECTION('',(1.,0.,0.));
#1929=DIRECTION('',(0.,1.,0.));
#1930=DIRECTION('',(-1.,0.,0.));
#1931=DIRECTION('',(-1.,0.,0.));
#1932=DIRECTION('',(0.,-1.,0.));
#1933=DIRECTION('',(-1.,0.,0.));
#1934=DIRECTION('',(0.,-1.,0.));
#1935=DIRECTION('',(-1.,0.,0.));
#1936=DIRECTION('',(0.,-1.,0.));
#1937=DIRECTION('',(-1.,0.,0.));
#1938=DIRECTION('',(0.,-1.,0.));
#1939=DIRECTION('',(0.,-1.,0.));
#1940=DIRECTION('',(1.,0.,0.));
#1941=DIRECTION('',(-3.03538665962696E-15,-1.,0.));
#1942=DIRECTION('',(1.,-3.03538665962696E-15,0.));
#1943=DIRECTION('',(0.,-1.,0.));
#1944=DIRECTION('',(1.,0.,0.));
#1945=DIRECTION('',(0.,-1.,0.));
#1946=DIRECTION('',(1.,0.,0.));
#1947=DIRECTION('',(-1.,0.,0.));
#1948=DIRECTION('',(0.,-1.,0.));
#1949=DIRECTION('',(-1.,0.,0.));
#1950=DIRECTION('',(0.,-1.,0.));
#1951=DIRECTION('',(-1.,0.,0.));
#1952=DIRECTION('',(0.,-1.,0.));
#1953=DIRECTION('',(-1.,0.,0.));
#1954=DIRECTION('',(0.,-1.,0.));
#1955=DIRECTION('',(0.,-1.,0.));
#1956=DIRECTION('',(1.,0.,0.));
#1957=DIRECTION('',(0.,1.,0.));
#1958=DIRECTION('',(-1.,0.,0.));
#1959=DIRECTION('',(-1.,0.,0.));
#1960=DIRECTION('',(0.,-1.,0.));
#1961=DIRECTION('',(0.,0.,-1.));
#1962=DIRECTION('',(0.,1.,0.));
#1963=DIRECTION('',(-1.,0.,0.));
#1964=DIRECTION('',(0.,-1.,0.));
#1965=DIRECTION('',(0.,0.,-1.));
#1966=DIRECTION('',(0.,1.,0.));
#1967=DIRECTION('',(0.,0.,1.));
#1968=DIRECTION('',(0.,-1.,0.));
#1969=DIRECTION('',(0.,0.,1.));
#1970=DIRECTION('',(0.,-1.,0.));
#1971=DIRECTION('',(0.,0.,-1.));
#1972=DIRECTION('',(0.,1.,0.));
#1973=DIRECTION('',(0.,0.,1.));
#1974=DIRECTION('',(0.,-1.,0.));
#1975=DIRECTION('',(-1.,0.,0.));
#1976=DIRECTION('',(0.,-1.,0.));
#1977=DIRECTION('',(-1.,0.,0.));
#1978=DIRECTION('',(0.,-1.,0.));
#1979=DIRECTION('',(-1.,0.,0.));
#1980=DIRECTION('',(0.,-1.,0.));
#1981=DIRECTION('',(-1.,0.,0.));
#1982=DIRECTION('',(0.,-1.,0.));
#1983=DIRECTION('',(-1.,0.,0.));
#1984=DIRECTION('',(0.,-1.,0.));
#1985=DIRECTION('',(0.,1.,0.));
#1986=DIRECTION('',(-1.,0.,0.));
#1987=DIRECTION('',(0.,0.,-1.));
#1988=DIRECTION('',(-1.,0.,0.));
#1989=DIRECTION('',(0.,0.,-1.));
#1990=DIRECTION('',(0.,0.,1.));
#1991=DIRECTION('',(0.,-1.,0.));
#1992=DIRECTION('',(0.,1.,0.));
#1993=DIRECTION('',(-1.,0.,0.));
#1994=DIRECTION('',(0.,1.,0.));
#1995=DIRECTION('',(-1.,0.,0.));
#1996=DIRECTION('',(0.,-1.,0.));
#1997=DIRECTION('',(1.,0.,0.));
#1998=DIRECTION('',(0.,0.,1.));
#1999=DIRECTION('',(0.,0.,1.));
#2000=DIRECTION('',(1.,0.,0.));
#2001=DIRECTION('',(0.,1.,0.));
#2002=DIRECTION('',(1.,0.,0.));
#2003=DIRECTION('',(0.,1.,0.));
#2004=DIRECTION('',(1.,0.,0.));
#2005=DIRECTION('',(0.,1.,0.));
#2006=DIRECTION('',(1.,0.,0.));
#2007=DIRECTION('',(0.,1.,0.));
#2008=DIRECTION('',(0.,1.,-2.18547839493142E-15));
#2009=DIRECTION('',(0.,2.18547839493142E-15,1.));
#2010=DIRECTION('',(0.,-2.18547839493142E-15,-1.));
#2011=DIRECTION('',(-1.,0.,0.));
#2012=DIRECTION('',(0.,-2.18547839493142E-15,-1.));
#2013=DIRECTION('',(0.,0.,1.));
#2014=DIRECTION('',(0.,-1.,0.));
#2015=DIRECTION('',(0.,1.,0.));
#2016=DIRECTION('',(-1.,0.,0.));
#2017=DIRECTION('',(0.,1.,0.));
#2018=DIRECTION('',(0.,-1.,2.18547839493142E-15));
#2019=DIRECTION('',(0.,-2.18547839493142E-15,-1.));
#2020=DIRECTION('',(0.,2.18547839493142E-15,1.));
#2021=DIRECTION('',(-1.,0.,0.));
#2022=DIRECTION('',(0.,2.18547839493142E-15,1.));
#2023=DIRECTION('',(-1.,0.,0.));
#2024=DIRECTION('',(0.,-1.,0.));
#2025=DIRECTION('',(-1.,0.,0.));
#2026=DIRECTION('',(0.,-1.,0.));
#2027=DIRECTION('',(-1.,0.,0.));
#2028=DIRECTION('',(0.,-1.,0.));
#2029=DIRECTION('',(-1.,0.,0.));
#2030=DIRECTION('',(0.,-1.,0.));
#2031=DIRECTION('',(0.,1.,0.));
#2032=DIRECTION('',(-1.,0.,0.));
#2033=DIRECTION('',(0.,0.,1.));
#2034=DIRECTION('',(1.,0.,0.));
#2035=DIRECTION('',(0.,0.,1.));
#2036=DIRECTION('',(0.,0.,-1.));
#2037=DIRECTION('',(0.,1.,0.));
#2038=DIRECTION('',(0.,1.,0.));
#2039=DIRECTION('',(1.,0.,0.));
#2040=DIRECTION('',(0.,1.,0.));
#2041=DIRECTION('',(0.,-1.,0.));
#2042=DIRECTION('',(1.,0.,0.));
#2043=DIRECTION('',(0.,0.,-1.));
#2044=DIRECTION('',(1.,0.,0.));
#2045=DIRECTION('',(0.,0.,-1.));
#2046=DIRECTION('',(-1.,0.,0.));
#2047=DIRECTION('',(0.,1.,0.));
#2048=DIRECTION('',(-1.,0.,0.));
#2049=DIRECTION('',(0.,-1.,0.));
#2050=DIRECTION('',(-1.,0.,0.));
#2051=DIRECTION('',(0.,1.,0.));
#2052=DIRECTION('',(-1.,0.,0.));
#2053=DIRECTION('',(0.,-1.,0.));
#2054=DIRECTION('',(0.,1.,-2.18547839493142E-15));
#2055=DIRECTION('',(0.,2.18547839493142E-15,1.));
#2056=DIRECTION('',(0.,2.18547839493142E-15,1.));
#2057=DIRECTION('',(1.,0.,0.));
#2058=DIRECTION('',(0.,2.18547839493142E-15,1.));
#2059=DIRECTION('',(0.,0.,-1.));
#2060=DIRECTION('',(0.,1.,0.));
#2061=DIRECTION('',(0.,1.,0.));
#2062=DIRECTION('',(1.,0.,0.));
#2063=DIRECTION('',(0.,1.,0.));
#2064=DIRECTION('',(1.,0.,0.));
#2065=DIRECTION('',(0.,-1.,2.18547839493142E-15));
#2066=DIRECTION('',(0.,-2.18547839493142E-15,-1.));
#2067=DIRECTION('',(0.,-2.18547839493142E-15,-1.));
#2068=DIRECTION('',(0.,-2.18547839493142E-15,-1.));
#2069=DIRECTION('',(1.,0.,0.));
#2070=DIRECTION('',(0.,-1.,0.));
#2071=DIRECTION('',(1.,0.,0.));
#2072=DIRECTION('',(0.,1.,0.));
#2073=DIRECTION('',(1.,0.,0.));
#2074=DIRECTION('',(0.,-1.,0.));
#2075=DIRECTION('',(1.,0.,0.));
#2076=DIRECTION('',(0.,1.,0.));
#2077=DIRECTION('',(1.,0.,0.));
#2078=DIRECTION('',(0.,1.,0.));
#2079=DIRECTION('',(-1.,0.,0.));
#2080=DIRECTION('',(0.,-1.,0.));
#2081=DIRECTION('',(1.,0.,0.));
#2082=DIRECTION('',(0.,1.,0.));
#2083=DIRECTION('',(-1.,0.,0.));
#2084=DIRECTION('',(0.,-1.,0.));
#2085=CARTESIAN_POINT('',(0.,0.,0.));
#2086=CARTESIAN_POINT('',(-0.009525,-0.008509,0.04066794));
#2087=CARTESIAN_POINT('',(-0.00320675,-0.0059853521046771,0.04066794));
#2088=CARTESIAN_POINT('',(-0.00320675,-0.0059853521046771,0.04066794));
#2089=CARTESIAN_POINT('',(-0.00714375,-0.0059853521046771,0.04066794));
#2090=CARTESIAN_POINT('',(-0.00320675,-0.00635,0.04066794));
#2091=CARTESIAN_POINT('',(-0.00320675,-0.00731774,0.04066794));
#2092=CARTESIAN_POINT('',(-0.00320675,-0.00731774,0.04066794));
#2093=CARTESIAN_POINT('',(-0.00714375,-0.00731774,0.04066794));
#2094=CARTESIAN_POINT('',(-0.00714375,-0.00635,0.04066794));
#2095=CARTESIAN_POINT('',(-0.009525,-0.00574953026169267,0.04066794));
#2096=CARTESIAN_POINT('',(0.0089535,-0.00574953026169267,0.04066794));
#2097=CARTESIAN_POINT('',(-0.0089535,-0.00574953026169267,0.04066794));
#2098=CARTESIAN_POINT('',(-0.0089535,-0.008509,0.04066794));
#2099=CARTESIAN_POINT('',(-0.0089535,-0.0079375,0.04066794));
#2100=CARTESIAN_POINT('',(-0.009525,-0.0079375,0.04066794));
#2101=CARTESIAN_POINT('',(0.0089535,-0.0079375,0.04066794));
#2102=CARTESIAN_POINT('',(0.0089535,-0.00517803026169267,0.04066794));
#2103=CARTESIAN_POINT('',(0.00320675,-0.00731774,0.04066794));
#2104=CARTESIAN_POINT('',(0.00320675,-0.00731774,0.04066794));
#2105=CARTESIAN_POINT('',(0.00714375,-0.00731774,0.04066794));
#2106=CARTESIAN_POINT('',(0.00320675,-0.00635,0.04066794));
#2107=CARTESIAN_POINT('',(0.00320675,-0.0059853521046771,0.04066794));
#2108=CARTESIAN_POINT('',(0.00320675,-0.0059853521046771,0.04066794));
#2109=CARTESIAN_POINT('',(0.00714375,-0.0059853521046771,0.04066794));
#2110=CARTESIAN_POINT('',(0.00714375,-0.00635,0.04066794));
#2111=CARTESIAN_POINT('',(-0.009525,-0.00731774,0.0386842));
#2112=CARTESIAN_POINT('',(0.009525,-0.00731774,0.0386842));
#2113=CARTESIAN_POINT('',(0.009525,0.00352425,0.0386842));
#2114=CARTESIAN_POINT('',(0.009525,0.00731774,0.0386842));
#2115=CARTESIAN_POINT('',(0.00833374,0.00352425,0.0386842));
#2116=CARTESIAN_POINT('',(0.00833374,0.00352425,0.0386842));
#2117=CARTESIAN_POINT('',(0.00833374,-0.00731774,0.0386842));
#2118=CARTESIAN_POINT('',(0.00833374,0.00731774,0.0386842));
#2119=CARTESIAN_POINT('',(-0.009525,0.00731774,0.0386842));
#2120=CARTESIAN_POINT('',(-0.009525,-0.00731774,0.0386842));
#2121=CARTESIAN_POINT('',(-0.00833374,-0.00731774,0.0386842));
#2122=CARTESIAN_POINT('',(-0.00833374,0.00352425,0.0386842));
#2123=CARTESIAN_POINT('',(-0.00833374,0.00731774,0.0386842));
#2124=CARTESIAN_POINT('',(-0.009525,0.00352425,0.0386842));
#2125=CARTESIAN_POINT('',(-0.009525,0.00352425,0.0386842));
#2126=CARTESIAN_POINT('',(-0.009525,-0.00731774,0.0386842));
#2127=CARTESIAN_POINT('',(-0.009525,0.00731774,0.0386842));
#2128=CARTESIAN_POINT('',(-0.009525,0.00731774,0.0386842));
#2129=CARTESIAN_POINT('',(-0.009525,-0.00731774,0.0386842));
#2130=CARTESIAN_POINT('',(0.00833374,-0.00731774,0.0386842));
#2131=CARTESIAN_POINT('',(0.00833374,-0.00731774,0.0386842));
#2132=CARTESIAN_POINT('',(0.00833374,-0.00352425,0.0386842));
#2133=CARTESIAN_POINT('',(0.009525,-0.00352425,0.0386842));
#2134=CARTESIAN_POINT('',(0.009525,-0.00352425,0.0386842));
#2135=CARTESIAN_POINT('',(0.009525,-0.00731774,0.0386842));
#2136=CARTESIAN_POINT('',(0.009525,-0.00731774,0.0386842));
#2137=CARTESIAN_POINT('',(-0.009525,-0.00731774,0.0386842));
#2138=CARTESIAN_POINT('',(-0.009525,-0.00517803026169267,0.04066794));
#2139=CARTESIAN_POINT('',(-0.009525,-0.00517803026169267,0.0424825297383074));
#2140=CARTESIAN_POINT('',(-0.0089535,-0.00517803026169267,0.0424825297383074));
#2141=CARTESIAN_POINT('',(0.0089535,-0.00517803026169267,0.0424825297383074));
#2142=CARTESIAN_POINT('',(-0.0089535,-0.00517803026169267,0.04066794));
#2143=CARTESIAN_POINT('',(-0.0089535,-0.00517803026169267,0.04123944));
#2144=CARTESIAN_POINT('',(0.009525,-0.00517803026169267,0.04123944));
#2145=CARTESIAN_POINT('',(0.0089535,-0.00517803026169267,0.04123944));
#2146=CARTESIAN_POINT('',(0.0089535,-0.00517803026169267,0.0424825297383074));
#2147=CARTESIAN_POINT('',(-0.009525,0.,0.0424825297383074));
#2148=CARTESIAN_POINT('',(-0.009525,0.00517803026169267,0.0424825297383074));
#2149=CARTESIAN_POINT('',(-0.0089535,0.00517803026169267,0.0424825297383074));
#2150=CARTESIAN_POINT('',(0.0089535,0.00517803026169267,0.0424825297383074));
#2151=CARTESIAN_POINT('',(-0.0089535,0.,0.0424825297383074));
#2152=CARTESIAN_POINT('',(0.0089535,0.,0.0424825297383074));
#2153=CARTESIAN_POINT('',(-0.009525,0.00517803026169267,0.0424825297383074));
#2154=CARTESIAN_POINT('',(-0.009525,0.00517803026169267,0.04123944));
#2155=CARTESIAN_POINT('',(0.0089535,0.00517803026169267,0.04123944));
#2156=CARTESIAN_POINT('',(-0.0089535,0.00517803026169267,0.04123944));
#2157=CARTESIAN_POINT('',(-0.0089535,0.00517803026169267,0.0424825297383074));
#2158=CARTESIAN_POINT('',(0.0089535,0.00517803026169267,0.04066794));
#2159=CARTESIAN_POINT('',(-0.009525,0.00517803026169267,0.04066794));
#2160=CARTESIAN_POINT('',(0.00320675,0.00635,0.04066794));
#2161=CARTESIAN_POINT('',(0.00320675,0.00731774,0.04066794));
#2162=CARTESIAN_POINT('',(0.00320675,0.00598535210467707,0.04066794));
#2163=CARTESIAN_POINT('',(0.00320675,0.00731774,0.04066794));
#2164=CARTESIAN_POINT('',(0.00714375,0.00731774,0.04066794));
#2165=CARTESIAN_POINT('',(0.00714375,0.00635,0.04066794));
#2166=CARTESIAN_POINT('',(0.00714375,0.00598535210467707,0.04066794));
#2167=CARTESIAN_POINT('',(0.00320675,0.00598535210467707,0.04066794));
#2168=CARTESIAN_POINT('',(-0.00320675,0.00635,0.04066794));
#2169=CARTESIAN_POINT('',(-0.00320675,0.00731774,0.04066794));
#2170=CARTESIAN_POINT('',(-0.00320675,0.00598535210467707,0.04066794));
#2171=CARTESIAN_POINT('',(-0.00320675,0.00598535210467707,0.04066794));
#2172=CARTESIAN_POINT('',(-0.00714375,0.00598535210467707,0.04066794));
#2173=CARTESIAN_POINT('',(-0.00714375,0.00635,0.04066794));
#2174=CARTESIAN_POINT('',(-0.00714375,0.00731774,0.04066794));
#2175=CARTESIAN_POINT('',(-0.00320675,0.00731774,0.04066794));
#2176=CARTESIAN_POINT('',(-0.009525,0.0079375,0.04066794));
#2177=CARTESIAN_POINT('',(0.0089535,0.0079375,0.04066794));
#2178=CARTESIAN_POINT('',(-0.0089535,0.0079375,0.04066794));
#2179=CARTESIAN_POINT('',(-0.0089535,0.00517803026169267,0.04066794));
#2180=CARTESIAN_POINT('',(-0.0089535,0.00574953026169267,0.04066794));
#2181=CARTESIAN_POINT('',(0.009525,0.00574953026169267,0.04066794));
#2182=CARTESIAN_POINT('',(0.0089535,0.00574953026169267,0.04066794));
#2183=CARTESIAN_POINT('',(0.0089535,0.008509,0.04066794));
#2184=CARTESIAN_POINT('',(-0.009525,0.008509,0.04066794));
#2185=CARTESIAN_POINT('',(-0.009525,0.008509,0.04009644));
#2186=CARTESIAN_POINT('',(-0.0089535,0.008509,0.04009644));
#2187=CARTESIAN_POINT('',(0.0089535,0.008509,0.04009644));
#2188=CARTESIAN_POINT('',(0.0089535,0.008509,0.03749294));
#2189=CARTESIAN_POINT('',(0.0089535,0.008509,0.03749294));
#2190=CARTESIAN_POINT('',(-0.009525,0.008509,0.03749294));
#2191=CARTESIAN_POINT('',(-0.0089535,0.008509,0.03749294));
#2192=CARTESIAN_POINT('',(-0.0089535,0.008509,0.04066794));
#2193=CARTESIAN_POINT('',(-0.009525,0.00731774,0.03749294));
#2194=CARTESIAN_POINT('',(0.0089535,0.0079375,0.03749294));
#2195=CARTESIAN_POINT('',(0.009525,0.0079375,0.03749294));
#2196=CARTESIAN_POINT('',(0.009525,0.00731774,0.03749294));
#2197=CARTESIAN_POINT('',(0.009525,0.00731774,0.03749294));
#2198=CARTESIAN_POINT('',(-0.009525,0.00731774,0.03749294));
#2199=CARTESIAN_POINT('',(-0.009525,0.00731774,0.03749294));
#2200=CARTESIAN_POINT('',(-0.009525,0.00731774,0.03749294));
#2201=CARTESIAN_POINT('',(-0.009525,0.0079375,0.03749294));
#2202=CARTESIAN_POINT('',(-0.0089535,0.0079375,0.03749294));
#2203=CARTESIAN_POINT('',(-0.009525,0.00731774,0.0386842));
#2204=CARTESIAN_POINT('',(0.009525,0.00731774,0.0386842));
#2205=CARTESIAN_POINT('',(0.00833374,0.00731774,0.04066794));
#2206=CARTESIAN_POINT('',(0.00833374,0.00731774,0.03947668));
#2207=CARTESIAN_POINT('',(-0.009525,0.00731774,0.03947668));
#2208=CARTESIAN_POINT('',(-0.00833374,0.00731774,0.03947668));
#2209=CARTESIAN_POINT('',(-0.00833374,0.00731774,0.04066794));
#2210=CARTESIAN_POINT('',(-0.009525,0.00731774,0.0386842));
#2211=CARTESIAN_POINT('',(-0.009525,-0.00731774,0.0386842));
#2212=CARTESIAN_POINT('',(-0.009525,-0.00731774,0.0386842));
#2213=CARTESIAN_POINT('',(-0.009525,-0.00731774,0.0386842));
#2214=CARTESIAN_POINT('',(-0.009525,-0.00352425,0.0386842));
#2215=CARTESIAN_POINT('',(-0.00833374,-0.00352425,0.0386842));
#2216=CARTESIAN_POINT('',(-0.00833374,-0.00352425,0.0386842));
#2217=CARTESIAN_POINT('',(-0.00833374,-0.00731774,0.0386842));
#2218=CARTESIAN_POINT('',(-0.00833374,-0.00731774,0.0386842));
#2219=CARTESIAN_POINT('',(-0.009525,-0.00731774,0.0386842));
#2220=CARTESIAN_POINT('',(-0.009525,-0.00731774,0.03749294));
#2221=CARTESIAN_POINT('',(-0.00833374,-0.00731774,0.0386842));
#2222=CARTESIAN_POINT('',(-0.00833374,-0.00731774,0.03947668));
#2223=CARTESIAN_POINT('',(-0.009525,-0.00731774,0.03947668));
#2224=CARTESIAN_POINT('',(0.00833374,-0.00731774,0.03947668));
#2225=CARTESIAN_POINT('',(0.00833374,-0.00731774,0.0386842));
#2226=CARTESIAN_POINT('',(0.009525,-0.00731774,0.03749294));
#2227=CARTESIAN_POINT('',(0.009525,-0.00731774,0.03749294));
#2228=CARTESIAN_POINT('',(-0.009525,-0.00731774,0.03749294));
#2229=CARTESIAN_POINT('',(-0.009525,-0.00731774,0.03749294));
#2230=CARTESIAN_POINT('',(-0.009525,-0.00731774,0.03749294));
#2231=CARTESIAN_POINT('',(-0.009525,-0.008509,0.03749294));
#2232=CARTESIAN_POINT('',(0.009525,-0.008509,0.03749294));
#2233=CARTESIAN_POINT('',(0.009525,-0.0079375,0.03749294));
#2234=CARTESIAN_POINT('',(0.0089535,-0.0079375,0.03749294));
#2235=CARTESIAN_POINT('',(0.0089535,-0.008509,0.03749294));
#2236=CARTESIAN_POINT('',(-0.009525,-0.008509,0.03749294));
#2237=CARTESIAN_POINT('',(-0.0089535,-0.008509,0.03749294));
#2238=CARTESIAN_POINT('',(-0.0089535,-0.0079375,0.03749294));
#2239=CARTESIAN_POINT('',(-0.009525,-0.0079375,0.03749294));
#2240=CARTESIAN_POINT('',(-0.009525,-0.008509,0.03749294));
#2241=CARTESIAN_POINT('',(-0.009525,-0.008509,0.0386842));
#2242=CARTESIAN_POINT('',(0.0089535,-0.008509,0.04066794));
#2243=CARTESIAN_POINT('',(0.0089535,-0.008509,0.04009644));
#2244=CARTESIAN_POINT('',(-0.009525,-0.008509,0.04009644));
#2245=CARTESIAN_POINT('',(-0.0089535,-0.008509,0.04009644));
#2246=CARTESIAN_POINT('',(-0.0089535,-0.008509,0.0386842));
#2247=CARTESIAN_POINT('',(-0.009525,0.,0.0424825297383074));
#2248=CARTESIAN_POINT('',(-0.009525,-0.00238125,0.0424825297383074));
#2249=CARTESIAN_POINT('',(-0.009525,-0.00238125,0.0398272));
#2250=CARTESIAN_POINT('',(-0.009525,-0.00238125,0.0424825297383074));
#2251=CARTESIAN_POINT('',(-0.009525,-0.00352425,0.0398272));
#2252=CARTESIAN_POINT('',(-0.009525,-0.0079375,0.0424825297383074));
#2253=CARTESIAN_POINT('',(-0.009525,-0.0079375,0.04009644));
#2254=CARTESIAN_POINT('',(-0.009525,0.,0.04009644));
#2255=CARTESIAN_POINT('',(-0.009525,-0.00574953026169267,0.04009644));
#2256=CARTESIAN_POINT('',(-0.009525,-0.00574953026169267,0.04123944));
#2257=CARTESIAN_POINT('',(-0.009525,-0.00460653026169267,0.04123944));
#2258=CARTESIAN_POINT('',(-0.009525,-0.00460653026169267,0.0424825297383074));
#2259=CARTESIAN_POINT('',(-0.009525,-0.00460653026169267,0.0424825297383074));
#2260=CARTESIAN_POINT('',(-0.009525,0.,0.0424825297383074));
#2261=CARTESIAN_POINT('',(-0.009525,0.00460653026169267,0.0424825297383074));
#2262=CARTESIAN_POINT('',(-0.009525,0.00460653026169267,0.0424825297383074));
#2263=CARTESIAN_POINT('',(-0.009525,0.00460653026169267,0.04123944));
#2264=CARTESIAN_POINT('',(-0.009525,0.00574953026169267,0.04123944));
#2265=CARTESIAN_POINT('',(-0.009525,0.00574953026169267,0.04009644));
#2266=CARTESIAN_POINT('',(-0.009525,0.,0.04009644));
#2267=CARTESIAN_POINT('',(-0.009525,0.0079375,0.04009644));
#2268=CARTESIAN_POINT('',(-0.009525,0.0079375,0.0424825297383074));
#2269=CARTESIAN_POINT('',(-0.009525,0.00352425,0.0398272));
#2270=CARTESIAN_POINT('',(-0.009525,0.00238125,0.0398272));
#2271=CARTESIAN_POINT('',(-0.009525,0.00238125,0.0424825297383074));
#2272=CARTESIAN_POINT('',(-0.009525,0.00238125,0.0424825297383074));
#2273=CARTESIAN_POINT('',(-0.009525,0.,0.0424825297383074));
#2274=CARTESIAN_POINT('',(0.009525,0.,0.0424825297383074));
#2275=CARTESIAN_POINT('',(0.009525,0.00238125,0.0424825297383074));
#2276=CARTESIAN_POINT('',(0.009525,0.00238125,0.0424825297383074));
#2277=CARTESIAN_POINT('',(0.009525,0.00238125,0.0398272));
#2278=CARTESIAN_POINT('',(0.009525,0.00352425,0.0398272));
#2279=CARTESIAN_POINT('',(0.009525,0.0079375,0.04066794));
#2280=CARTESIAN_POINT('',(0.009525,0.0079375,0.04009644));
#2281=CARTESIAN_POINT('',(0.009525,0.00517803026169267,0.04009644));
#2282=CARTESIAN_POINT('',(0.009525,0.00574953026169267,0.04009644));
#2283=CARTESIAN_POINT('',(0.009525,0.00574953026169267,0.04123944));
#2284=CARTESIAN_POINT('',(0.009525,0.00460653026169267,0.04123944));
#2285=CARTESIAN_POINT('',(0.009525,0.00460653026169267,0.0424825297383074));
#2286=CARTESIAN_POINT('',(0.009525,0.00460653026169267,0.0424825297383074));
#2287=CARTESIAN_POINT('',(0.009525,0.,0.0424825297383074));
#2288=CARTESIAN_POINT('',(0.009525,-0.00460653026169267,0.0424825297383074));
#2289=CARTESIAN_POINT('',(0.009525,-0.00460653026169267,0.04066794));
#2290=CARTESIAN_POINT('',(0.009525,-0.00460653026169267,0.04123944));
#2291=CARTESIAN_POINT('',(0.009525,-0.00574953026169267,0.04123944));
#2292=CARTESIAN_POINT('',(0.009525,-0.00574953026169267,0.04009644));
#2293=CARTESIAN_POINT('',(0.009525,-0.008509,0.04009644));
#2294=CARTESIAN_POINT('',(0.009525,-0.0079375,0.04009644));
#2295=CARTESIAN_POINT('',(0.009525,-0.0079375,0.03749294));
#2296=CARTESIAN_POINT('',(0.009525,-0.00352425,0.0398272));
#2297=CARTESIAN_POINT('',(0.009525,-0.00238125,0.0398272));
#2298=CARTESIAN_POINT('',(0.009525,-0.00238125,0.0424825297383074));
#2299=CARTESIAN_POINT('',(0.009525,-0.00238125,0.0424825297383074));
#2300=CARTESIAN_POINT('',(0.009525,0.,0.0424825297383074));
#2301=CARTESIAN_POINT('',(-0.009525,-0.008509,0.03947668));
#2302=CARTESIAN_POINT('',(-0.00833374,-0.008509,0.03947668));
#2303=CARTESIAN_POINT('',(-0.00833374,-0.00398677026169267,0.03947668));
#2304=CARTESIAN_POINT('',(-0.009525,-0.00398677026169267,0.03947668));
#2305=CARTESIAN_POINT('',(0.00833374,-0.00398677026169267,0.03947668));
#2306=CARTESIAN_POINT('',(0.00833374,-0.008509,0.03947668));
#2307=CARTESIAN_POINT('',(-0.009525,-0.00398677026169267,0.04066794));
#2308=CARTESIAN_POINT('',(-0.00833374,-0.00398677026169267,0.04066794));
#2309=CARTESIAN_POINT('',(-0.00833374,-0.00398677026169267,0.0424825297383074));
#2310=CARTESIAN_POINT('',(-0.009525,-0.00398677026169267,0.0424825297383074));
#2311=CARTESIAN_POINT('',(0.00833374,-0.00398677026169267,0.0424825297383074));
#2312=CARTESIAN_POINT('',(0.00833374,-0.00398677026169267,0.04066794));
#2313=CARTESIAN_POINT('',(-0.009525,0.,0.0424825297383074));
#2314=CARTESIAN_POINT('',(-0.00833374,0.,0.0424825297383074));
#2315=CARTESIAN_POINT('',(-0.00833374,0.00398677026169267,0.0424825297383074));
#2316=CARTESIAN_POINT('',(-0.009525,0.00398677026169267,0.0424825297383074));
#2317=CARTESIAN_POINT('',(0.00833374,0.00398677026169267,0.0424825297383074));
#2318=CARTESIAN_POINT('',(0.00833374,0.,0.0424825297383074));
#2319=CARTESIAN_POINT('',(-0.009525,0.00398677026169267,0.0424825297383074));
#2320=CARTESIAN_POINT('',(-0.00833374,0.00398677026169267,0.0424825297383074));
#2321=CARTESIAN_POINT('',(-0.00833374,0.00398677026169267,0.03947668));
#2322=CARTESIAN_POINT('',(-0.009525,0.00398677026169267,0.03947668));
#2323=CARTESIAN_POINT('',(0.00833374,0.00398677026169267,0.03947668));
#2324=CARTESIAN_POINT('',(0.00833374,0.00398677026169267,0.0424825297383074));
#2325=CARTESIAN_POINT('',(-0.009525,0.00517803026169267,0.03947668));
#2326=CARTESIAN_POINT('',(-0.00833374,0.00517803026169267,0.03947668));
#2327=CARTESIAN_POINT('',(0.00833374,0.00517803026169267,0.03947668));
#2328=CARTESIAN_POINT('',(-0.00833374,0.,0.0424825297383074));
#2329=CARTESIAN_POINT('',(-0.00833374,-0.00352425,0.0398272));
#2330=CARTESIAN_POINT('',(-0.00833374,-0.00238125,0.0398272));
#2331=CARTESIAN_POINT('',(-0.00833374,-0.00238125,0.0424825297383074));
#2332=CARTESIAN_POINT('',(-0.00833374,-0.00238125,0.0424825297383074));
#2333=CARTESIAN_POINT('',(-0.00833374,0.,0.0424825297383074));
#2334=CARTESIAN_POINT('',(-0.00833374,0.00238125,0.0424825297383074));
#2335=CARTESIAN_POINT('',(-0.00833374,0.00238125,0.0424825297383074));
#2336=CARTESIAN_POINT('',(-0.00833374,0.00238125,0.0398272));
#2337=CARTESIAN_POINT('',(-0.00833374,0.00352425,0.0398272));
#2338=CARTESIAN_POINT('',(0.00833374,0.,0.0424825297383074));
#2339=CARTESIAN_POINT('',(0.00833374,0.00352425,0.0398272));
#2340=CARTESIAN_POINT('',(0.00833374,0.00238125,0.0398272));
#2341=CARTESIAN_POINT('',(0.00833374,0.00238125,0.0424825297383074));
#2342=CARTESIAN_POINT('',(0.00833374,0.00238125,0.0424825297383074));
#2343=CARTESIAN_POINT('',(0.00833374,0.,0.0424825297383074));
#2344=CARTESIAN_POINT('',(0.00833374,-0.00238125,0.0424825297383074));
#2345=CARTESIAN_POINT('',(0.00833374,-0.00238125,0.0424825297383074));
#2346=CARTESIAN_POINT('',(0.00833374,-0.00238125,0.0398272));
#2347=CARTESIAN_POINT('',(0.00833374,-0.00352425,0.0398272));
#2348=CARTESIAN_POINT('',(-0.0386842,0.00238125,0.0424825297383074));
#2349=CARTESIAN_POINT('',(0.009525,0.00238125,0.0398272));
#2350=CARTESIAN_POINT('',(-0.0386842,0.00238125,0.0424825297383074));
#2351=CARTESIAN_POINT('',(-0.0386842,-0.00238125,0.0424825297383074));
#2352=CARTESIAN_POINT('',(0.00833374,-0.00238125,0.0398272));
#2353=CARTESIAN_POINT('',(-0.0386842,-0.00238125,0.0424825297383074));
#2354=CARTESIAN_POINT('',(-0.0386842,0.,0.0424825297383074));
#2355=CARTESIAN_POINT('',(-0.0386842,0.,0.0424825297383074));
#2356=CARTESIAN_POINT('',(-0.0386842,0.00238125,0.0424825297383074));
#2357=CARTESIAN_POINT('',(-0.0386842,-0.00238125,0.0424825297383074));
#2358=CARTESIAN_POINT('',(-0.0386842,0.00238125,0.0424825297383074));
#2359=CARTESIAN_POINT('',(-0.00833374,0.00238125,0.0398272));
#2360=CARTESIAN_POINT('',(-0.0386842,-0.00238125,0.0424825297383074));
#2361=CARTESIAN_POINT('',(-0.009525,-0.00238125,0.0398272));
#2362=CARTESIAN_POINT('',(0.0089535,0.0079375,0.0424825297383074));
#2363=CARTESIAN_POINT('',(0.0089535,0.0079375,0.04009644));
#2364=CARTESIAN_POINT('',(0.0089535,-0.0079375,0.0424825297383074));
#2365=CARTESIAN_POINT('',(0.0089535,-0.0079375,0.04009644));
#2366=CARTESIAN_POINT('',(0.0089535,0.0079375,0.04009644));
#2367=CARTESIAN_POINT('',(0.0089535,0.0079375,0.04009644));
#2368=CARTESIAN_POINT('',(0.0089535,0.0079375,0.04009644));
#2369=CARTESIAN_POINT('',(0.0089535,0.,0.0424825297383074));
#2370=CARTESIAN_POINT('',(0.0089535,-0.00460653026169267,0.0424825297383074));
#2371=CARTESIAN_POINT('',(0.0089535,0.00460653026169267,0.0424825297383074));
#2372=CARTESIAN_POINT('',(0.0089535,-0.0079375,0.04009644));
#2373=CARTESIAN_POINT('',(0.0089535,-0.0079375,0.04009644));
#2374=CARTESIAN_POINT('',(0.0089535,-0.0079375,0.04009644));
#2375=CARTESIAN_POINT('',(-0.0089535,0.0079375,0.04066794));
#2376=CARTESIAN_POINT('',(-0.0089535,0.0079375,0.04009644));
#2377=CARTESIAN_POINT('',(-0.009525,0.0079375,0.04009644));
#2378=CARTESIAN_POINT('',(-0.0089535,0.0079375,0.04009644));
#2379=CARTESIAN_POINT('',(0.0089535,0.,0.04009644));
#2380=CARTESIAN_POINT('',(0.0089535,0.00574953026169267,0.04009644));
#2381=CARTESIAN_POINT('',(0.0089535,0.00460653026169267,0.0424825297383074));
#2382=CARTESIAN_POINT('',(0.0089535,0.00460653026169267,0.04123944));
#2383=CARTESIAN_POINT('',(0.0089535,-0.00460653026169267,0.0424825297383074));
#2384=CARTESIAN_POINT('',(0.0089535,-0.00460653026169267,0.04123944));
#2385=CARTESIAN_POINT('',(0.0089535,0.,0.04009644));
#2386=CARTESIAN_POINT('',(0.0089535,-0.00574953026169267,0.04009644));
#2387=CARTESIAN_POINT('',(-0.009525,-0.0079375,0.04009644));
#2388=CARTESIAN_POINT('',(-0.0089535,-0.0079375,0.04009644));
#2389=CARTESIAN_POINT('',(-0.0089535,-0.0079375,0.0386842));
#2390=CARTESIAN_POINT('',(-0.0089535,-0.0079375,0.04009644));
#2391=CARTESIAN_POINT('',(-0.0089535,0.0079375,0.04009644));
#2392=CARTESIAN_POINT('',(-0.0089535,0.0079375,0.04009644));
#2393=CARTESIAN_POINT('',(0.0089535,0.00574953026169267,0.04123944));
#2394=CARTESIAN_POINT('',(0.0089535,0.00574953026169267,0.04123944));
#2395=CARTESIAN_POINT('',(0.0089535,-0.00574953026169267,0.04123944));
#2396=CARTESIAN_POINT('',(0.0089535,-0.00574953026169267,0.04123944));
#2397=CARTESIAN_POINT('',(-0.0089535,-0.0079375,0.04009644));
#2398=CARTESIAN_POINT('',(-0.0089535,-0.0079375,0.04009644));
#2399=CARTESIAN_POINT('',(-0.0089535,0.00517803026169267,0.04009644));
#2400=CARTESIAN_POINT('',(-0.0089535,0.00574953026169267,0.04009644));
#2401=CARTESIAN_POINT('',(-0.009525,0.00574953026169267,0.04123944));
#2402=CARTESIAN_POINT('',(-0.0089535,0.00574953026169267,0.04123944));
#2403=CARTESIAN_POINT('',(-0.009525,-0.00574953026169267,0.04123944));
#2404=CARTESIAN_POINT('',(-0.0089535,-0.00574953026169267,0.04123944));
#2405=CARTESIAN_POINT('',(-0.0089535,-0.008509,0.04009644));
#2406=CARTESIAN_POINT('',(-0.0089535,-0.00574953026169267,0.04009644));
#2407=CARTESIAN_POINT('',(-0.0089535,0.00574953026169267,0.04123944));
#2408=CARTESIAN_POINT('',(-0.0089535,0.00460653026169267,0.04123944));
#2409=CARTESIAN_POINT('',(-0.0089535,-0.00574953026169267,0.04123944));
#2410=CARTESIAN_POINT('',(-0.0089535,-0.00460653026169267,0.04123944));
#2411=CARTESIAN_POINT('',(-0.0089535,0.00460653026169267,0.0424825297383074));
#2412=CARTESIAN_POINT('',(-0.0089535,0.00460653026169267,0.0424825297383074));
#2413=CARTESIAN_POINT('',(-0.0089535,-0.00460653026169267,0.04066794));
#2414=CARTESIAN_POINT('',(-0.0089535,-0.00460653026169267,0.0424825297383074));
#2415=CARTESIAN_POINT('',(-0.0089535,0.,0.0424825297383074));
#2416=CARTESIAN_POINT('',(-0.009525,-0.00352425,0.0398272));
#2417=CARTESIAN_POINT('',(-0.0386842,0.00352425,0.0398272));
#2418=CARTESIAN_POINT('',(-0.0386842,0.00352425,0.0398272));
#2419=CARTESIAN_POINT('',(-0.009525,-0.00352425,0.0398272));
#2420=CARTESIAN_POINT('',(-0.00320675,0.00731774,0.04066794));
#2421=CARTESIAN_POINT('',(-0.00714375,0.00731774,0.04066794));
#2422=CARTESIAN_POINT('',(-0.00714375,0.00731774,0.04108069));
#2423=CARTESIAN_POINT('',(-0.00320675,0.00731774,0.04108069));
#2424=CARTESIAN_POINT('',(-0.00320675,0.00731774,0.04108069));
#2425=CARTESIAN_POINT('',(-0.00320675,0.00731774,0.04066794));
#2426=CARTESIAN_POINT('',(-0.00320675,0.00731774,0.04146169));
#2427=CARTESIAN_POINT('',(-0.00320675,0.00731774,0.04146169));
#2428=CARTESIAN_POINT('',(-0.00320675,0.00598535210467707,0.04146169));
#2429=CARTESIAN_POINT('',(-0.00320675,0.00693674,0.04146169));
#2430=CARTESIAN_POINT('',(-0.00320675,0.00693674,0.04146169));
#2431=CARTESIAN_POINT('',(-0.00714375,0.00693674,0.04146169));
#2432=CARTESIAN_POINT('',(-0.00714375,0.00731774,0.04146169));
#2433=CARTESIAN_POINT('',(-0.00714375,0.00598535210467707,0.04146169));
#2434=CARTESIAN_POINT('',(-0.00320675,0.00598535210467707,0.04146169));
#2435=CARTESIAN_POINT('',(-0.00320675,0.00598535210467707,0.04146169));
#2436=CARTESIAN_POINT('',(-0.00714375,0.00598535210467707,0.04146169));
#2437=CARTESIAN_POINT('',(-0.00320675,0.00598535210467707,0.04146169));
#2438=CARTESIAN_POINT('',(-0.00320675,0.00731774,0.04066794));
#2439=CARTESIAN_POINT('',(-0.00320675,0.00693674,0.04108069));
#2440=CARTESIAN_POINT('',(-0.00714375,0.00731774,0.04066794));
#2441=CARTESIAN_POINT('',(-0.00714375,0.00693674,0.04108069));
#2442=CARTESIAN_POINT('',(-0.00320675,-0.0059853521046771,0.04146169));
#2443=CARTESIAN_POINT('',(-0.00714375,-0.0059853521046771,0.04146169));
#2444=CARTESIAN_POINT('',(-0.00714375,-0.0059853521046771,0.04146169));
#2445=CARTESIAN_POINT('',(-0.00320675,-0.0059853521046771,0.04146169));
#2446=CARTESIAN_POINT('',(-0.00320675,-0.0059853521046771,0.04146169));
#2447=CARTESIAN_POINT('',(-0.00320675,-0.0059853521046771,0.04146169));
#2448=CARTESIAN_POINT('',(-0.00320675,-0.00731774,0.04146169));
#2449=CARTESIAN_POINT('',(-0.00714375,-0.00731774,0.04146169));
#2450=CARTESIAN_POINT('',(-0.00714375,-0.00693674,0.04146169));
#2451=CARTESIAN_POINT('',(-0.00320675,-0.00693674,0.04146169));
#2452=CARTESIAN_POINT('',(-0.00320675,-0.00693674,0.04146169));
#2453=CARTESIAN_POINT('',(-0.00320675,-0.00731774,0.04146169));
#2454=CARTESIAN_POINT('',(-0.00320675,-0.00731774,0.04066794));
#2455=CARTESIAN_POINT('',(-0.00320675,-0.00731774,0.04066794));
#2456=CARTESIAN_POINT('',(-0.00320675,-0.00731774,0.04108069));
#2457=CARTESIAN_POINT('',(-0.00320675,-0.00731774,0.04108069));
#2458=CARTESIAN_POINT('',(-0.00714375,-0.00731774,0.04108069));
#2459=CARTESIAN_POINT('',(-0.00714375,-0.00731774,0.04066794));
#2460=CARTESIAN_POINT('',(-0.00320675,-0.00731774,0.04066794));
#2461=CARTESIAN_POINT('',(-0.00320675,-0.00693674,0.04108069));
#2462=CARTESIAN_POINT('',(-0.00714375,-0.00731774,0.04066794));
#2463=CARTESIAN_POINT('',(-0.00714375,-0.00693674,0.04108069));
#2464=CARTESIAN_POINT('',(0.00320675,0.00598535210467707,0.04146169));
#2465=CARTESIAN_POINT('',(0.00714375,0.00598535210467707,0.04146169));
#2466=CARTESIAN_POINT('',(0.00714375,0.00598535210467707,0.04146169));
#2467=CARTESIAN_POINT('',(0.00320675,0.00598535210467707,0.04146169));
#2468=CARTESIAN_POINT('',(0.00320675,0.00598535210467707,0.04146169));
#2469=CARTESIAN_POINT('',(0.00320675,0.00598535210467707,0.04146169));
#2470=CARTESIAN_POINT('',(0.00320675,0.00731774,0.04146169));
#2471=CARTESIAN_POINT('',(0.00714375,0.00731774,0.04146169));
#2472=CARTESIAN_POINT('',(0.00714375,0.00693674,0.04146169));
#2473=CARTESIAN_POINT('',(0.00320675,0.00693674,0.04146169));
#2474=CARTESIAN_POINT('',(0.00320675,0.00693674,0.04146169));
#2475=CARTESIAN_POINT('',(0.00320675,0.00731774,0.04146169));
#2476=CARTESIAN_POINT('',(0.00320675,0.00731774,0.04066794));
#2477=CARTESIAN_POINT('',(0.00320675,0.00731774,0.04066794));
#2478=CARTESIAN_POINT('',(0.00320675,0.00731774,0.04108069));
#2479=CARTESIAN_POINT('',(0.00320675,0.00731774,0.04108069));
#2480=CARTESIAN_POINT('',(0.00714375,0.00731774,0.04108069));
#2481=CARTESIAN_POINT('',(0.00714375,0.00731774,0.04066794));
#2482=CARTESIAN_POINT('',(0.00320675,0.00731774,0.04066794));
#2483=CARTESIAN_POINT('',(0.00320675,0.00693674,0.04108069));
#2484=CARTESIAN_POINT('',(0.00714375,0.00731774,0.04066794));
#2485=CARTESIAN_POINT('',(0.00714375,0.00693674,0.04108069));
#2486=CARTESIAN_POINT('',(0.00320675,-0.00731774,0.04066794));
#2487=CARTESIAN_POINT('',(0.00714375,-0.00731774,0.04066794));
#2488=CARTESIAN_POINT('',(0.00714375,-0.00731774,0.04108069));
#2489=CARTESIAN_POINT('',(0.00320675,-0.00731774,0.04108069));
#2490=CARTESIAN_POINT('',(0.00320675,-0.00731774,0.04108069));
#2491=CARTESIAN_POINT('',(0.00320675,-0.00731774,0.04066794));
#2492=CARTESIAN_POINT('',(0.00320675,-0.00731774,0.04146169));
#2493=CARTESIAN_POINT('',(0.00320675,-0.00731774,0.04146169));
#2494=CARTESIAN_POINT('',(0.00320675,-0.00693674,0.04146169));
#2495=CARTESIAN_POINT('',(0.00320675,-0.0059853521046771,0.04146169));
#2496=CARTESIAN_POINT('',(0.00320675,-0.00693674,0.04146169));
#2497=CARTESIAN_POINT('',(0.00714375,-0.00693674,0.04146169));
#2498=CARTESIAN_POINT('',(0.00714375,-0.00731774,0.04146169));
#2499=CARTESIAN_POINT('',(0.00714375,-0.0059853521046771,0.04146169));
#2500=CARTESIAN_POINT('',(0.00320675,-0.0059853521046771,0.04146169));
#2501=CARTESIAN_POINT('',(0.00320675,-0.0059853521046771,0.04146169));
#2502=CARTESIAN_POINT('',(0.00714375,-0.0059853521046771,0.04146169));
#2503=CARTESIAN_POINT('',(0.00320675,-0.0059853521046771,0.04146169));
#2504=CARTESIAN_POINT('',(0.00320675,-0.00731774,0.04066794));
#2505=CARTESIAN_POINT('',(0.00320675,-0.00693674,0.04108069));
#2506=CARTESIAN_POINT('',(0.00714375,-0.00731774,0.04066794));
#2507=CARTESIAN_POINT('',(0.00714375,-0.00693674,0.04108069));
#2508=CARTESIAN_POINT('',(0.00320675,-0.00693674,0.04108069));
#2509=CARTESIAN_POINT('',(-0.00320675,-0.00693674,0.04108069));
#2510=CARTESIAN_POINT('',(0.00320675,0.00693674,0.04108069));
#2511=CARTESIAN_POINT('',(-0.00320675,0.00693674,0.04108069));
#2512=MECHANICAL_DESIGN_GEOMETRIC_PRESENTATION_REPRESENTATION('',(#1485),
#2513);
#2513=(
GEOMETRIC_REPRESENTATION_CONTEXT(3)
GLOBAL_UNCERTAINTY_ASSIGNED_CONTEXT((#2514))
GLOBAL_UNIT_ASSIGNED_CONTEXT((#2517,#2516,#2515))
REPRESENTATION_CONTEXT('Part 127','TOP_LEVEL_ASSEMBLY_PART')
);
#2514=UNCERTAINTY_MEASURE_WITH_UNIT(LENGTH_MEASURE(1.E-8),#2517,
'DISTANCE_ACCURACY_VALUE','Maximum Tolerance applied to model');
#2515=(
NAMED_UNIT(*)
SI_UNIT($,.STERADIAN.)
SOLID_ANGLE_UNIT()
);
#2516=(
NAMED_UNIT(*)
PLANE_ANGLE_UNIT()
SI_UNIT($,.RADIAN.)
);
#2517=(
LENGTH_UNIT()
NAMED_UNIT(*)
SI_UNIT($,.METRE.)
);
#2518=PRODUCT_DEFINITION_SHAPE('','',#2519);
#2519=PRODUCT_DEFINITION('','',#2521,#2520);
#2520=PRODUCT_DEFINITION_CONTEXT('',#2527,'design');
#2521=PRODUCT_DEFINITION_FORMATION_WITH_SPECIFIED_SOURCE('','',#2523,
 .NOT_KNOWN.);
#2522=PRODUCT_RELATED_PRODUCT_CATEGORY('','',(#2523));
#2523=PRODUCT('Part 127','Part 127','Part 127',(#2525));
#2524=PRODUCT_CATEGORY('','');
#2525=PRODUCT_CONTEXT('',#2527,'mechanical');
#2526=APPLICATION_PROTOCOL_DEFINITION('international standard',
'automotive_design',2010,#2527);
#2527=APPLICATION_CONTEXT(
'core data for automotive mechanical design processes');
ENDSEC;
END-ISO-10303-21;
